0.17968750
-2.50390625
0.14453125
-0.09765625
0.92968750
0.71093750
0.07031250
-0.03515625
0.07421875
-2.52343750
0.04687500
0.01562500
0.98046875
0.54687500
0.10937500
0.06640625
0.03125000
-2.54296875
0.07421875
0.05859375
0.99218750
0.72656250
0.16015625
-0.02343750
0.01562500
-2.86718750
-0.25781250
0.13281250
0.49218750
-0.21875000
0.22656250
0.13281250
0.17578125
-2.21484375
-0.12890625
-0.05078125
0.69140625
0.52734375
0.11328125
-0.05859375
-0.17578125
-2.73828125
-0.05859375
0.04687500
1.07421875
0.52343750
0.00390625
-0.02343750
-0.10156250
-2.53906250
-0.00781250
0.10937500
0.98828125
0.70312500
0.22656250
0.06640625
-0.19531250
-2.59765625
0.01953125
-0.09375000
0.84765625
0.89062500
0.19140625
0.07421875
0.05078125
-2.65625000
0.19531250
-0.02343750
0.98046875
0.39062500
-0.02343750
-0.05859375
-0.02343750
-2.71093750
0.10546875
0.10546875
0.82031250
0.65625000
0.21484375
-0.04687500
0.09765625
-2.66796875
0.01953125
0.14843750
1.10937500
0.48828125
0.23046875
-0.17187500
-0.31250000
-2.55859375
-0.08593750
-0.35156250
0.00781250
0.66796875
0.65234375
-0.22656250
0.10937500
-2.28515625
-0.32812500
0.45703125
0.14843750
0.41015625
0.49218750
-0.05468750
0.01562500
-2.63281250
0.05859375
0.04687500
0.88281250
0.77734375
0.03906250
-0.08203125
-0.18359375
-2.61718750
0.08593750
0.13671875
1.00000000
0.65234375
0.21484375
-0.21093750
-0.04687500
-2.55468750
0.25000000
0.05859375
0.92968750
0.59765625
0.14843750
0.04296875
-0.15625000
-2.55078125
0.06250000
-0.07421875
0.85546875
0.75781250
0.33593750
-0.26171875
-0.22265625
-2.51953125
0.08203125
-0.03515625
0.88281250
0.64453125
0.22656250
-0.17968750
-0.02343750
-2.48828125
0.02734375
-0.03906250
0.74609375
0.56250000
0.54296875
-0.19921875
-0.48437500
-2.83984375
-0.08984375
-0.41015625
-0.02734375
0.41796875
0.56640625
-0.01562500
0.37500000
-2.54687500
-0.14453125
0.33203125
0.44140625
-0.25390625
0.07812500
0.21875000
-0.11718750
-2.61718750
0.08984375
0.03125000
0.74609375
0.95312500
0.48046875
-0.01171875
-0.12890625
-2.58593750
0.11328125
-0.00781250
0.89453125
0.76562500
0.23046875
-0.01953125
-0.23828125
-2.51171875
0.08593750
-0.14453125
0.53515625
0.93359375
0.21875000
-0.11718750
-0.13281250
-2.69531250
0.18750000
-0.08203125
0.93359375
0.54687500
0.09375000
-0.08593750
-0.32421875
-2.71875000
0.06250000
-0.10937500
1.06250000
0.57812500
0.08593750
-0.18750000
-0.22656250
-2.80859375
-0.04296875
0.12890625
0.87109375
0.60937500
0.32421875
-0.05468750
-0.17578125
-2.83203125
0.07812500
-0.40234375
0.17968750
0.19140625
0.39453125
-0.05468750
0.01953125
-2.76171875
-0.37500000
0.08593750
0.66406250
0.12500000
-0.13671875
0.01953125
-0.19140625
-2.58593750
0.02343750
0.14453125
0.97265625
0.50390625
0.09765625
-0.04687500
-0.16015625
-2.48828125
-0.00390625
-0.10937500
0.88281250
0.58984375
0.07421875
-0.13671875
-0.28515625
-2.61718750
0.09375000
-0.07031250
0.82031250
0.87109375
0.21484375
-0.11328125
-0.20703125
-2.60937500
0.03906250
-0.11328125
1.03125000
0.85156250
0.18359375
-0.18750000
-0.17968750
-2.73828125
0.12890625
-0.07421875
0.91406250
0.77343750
0.18359375
-0.07812500
-0.21093750
-2.91406250
-0.19140625
-0.02343750
0.92578125
0.46484375
0.20703125
-0.23828125
0.06640625
-2.62109375
-0.15234375
0.25390625
0.17968750
0.52343750
0.62109375
-0.11328125
-0.27343750
-2.79296875
-0.26953125
0.06250000
1.02734375
0.16796875
-0.25781250
-0.04296875
-0.06250000
-2.56640625
-0.05859375
0.09375000
0.90234375
0.96875000
0.10546875
-0.07812500
-0.35937500
-2.67968750
-0.13281250
-0.01953125
0.91015625
0.79687500
0.29296875
-0.12500000
-0.22265625
-2.41796875
-0.00390625
-0.01953125
0.75000000
0.92578125
0.27343750
-0.12890625
-0.11718750
-2.41796875
0.10546875
-0.01171875
0.79296875
1.00781250
0.28515625
-0.17187500
-0.20703125
-2.66015625
-0.01171875
-0.25390625
0.71093750
1.10546875
0.42578125
-0.05078125
-0.05078125
-2.50000000
0.02343750
-0.19531250
0.91796875
0.78125000
0.23046875
-0.04687500
-0.58984375
-2.78515625
-0.42578125
0.28515625
0.54296875
0.88671875
0.55078125
0.21093750
-0.23046875
-2.50781250
-0.02734375
-0.27734375
0.48828125
0.42578125
-0.01562500
-0.03906250
-0.07421875
-2.44140625
-0.03906250
0.10937500
0.85156250
0.83593750
0.19531250
-0.07421875
-0.00781250
-2.48828125
0.06640625
-0.01953125
0.76953125
0.70703125
0.12890625
-0.14062500
-0.25000000
-2.42968750
0.12109375
0.00000000
0.82031250
0.85937500
0.18359375
0.00781250
-0.11328125
-2.30859375
-0.02343750
-0.14843750
0.75000000
1.04296875
0.23828125
-0.06250000
-0.18750000
-2.51562500
0.06250000
-0.41015625
0.75781250
1.01562500
0.18359375
-0.07031250
-0.01171875
-2.60937500
0.03515625
-0.23046875
0.76953125
0.73828125
0.18750000
-0.18359375
-0.08593750
-2.61328125
-0.35156250
-0.01953125
0.80468750
0.29296875
-0.05468750
-0.09765625
-0.43359375
-2.54687500
-0.38671875
-0.22265625
0.82812500
0.42968750
0.00000000
0.08593750
-0.16796875
-2.41796875
0.03515625
-0.26953125
0.74218750
0.91796875
0.14453125
-0.13671875
-0.26562500
-2.47265625
-0.03515625
0.08203125
0.62109375
0.92578125
0.46093750
-0.14453125
-0.14453125
-2.42578125
0.17187500
-0.14062500
0.76171875
0.84375000
0.10546875
0.07812500
-0.25000000
-2.53515625
-0.10937500
-0.07421875
0.90625000
0.82812500
0.21484375
-0.00390625
-0.13671875
-2.57421875
-0.09375000
-0.14453125
1.01953125
0.67187500
-0.03906250
-0.02734375
0.09375000
-2.39843750
0.05078125
-0.05468750
0.96484375
0.53515625
0.13281250
-0.01171875
-0.21484375
-2.48828125
-0.25390625
-0.11328125
0.55859375
0.90625000
0.56250000
0.03906250
-0.04296875
-2.60156250
-0.13281250
-0.14062500
1.06640625
0.66796875
0.03515625
0.51171875
-0.20703125
-2.40625000
-0.14843750
0.10156250
0.71484375
0.76562500
0.16796875
0.01171875
-0.13671875
-2.47265625
-0.11718750
0.01953125
0.75390625
0.60937500
0.16796875
-0.00390625
-0.29687500
-2.51562500
0.00000000
-0.31640625
0.62109375
0.87500000
0.25390625
-0.18750000
-0.08203125
-2.17578125
0.25781250
-0.43359375
0.29687500
0.69140625
-0.09765625
0.24218750
-0.17578125
-2.26171875
0.11718750
-0.35546875
0.38281250
0.60937500
-0.01562500
0.19140625
-0.21875000
-2.24218750
0.12890625
-0.40625000
0.33203125
0.65625000
-0.04296875
0.17968750
-0.18750000
-2.23437500
0.19140625
-0.43359375
0.30859375
0.71484375
-0.06640625
0.18750000
-0.16015625
-2.24609375
0.18359375
-0.39062500
0.30859375
0.69921875
-0.04296875
0.17968750
-0.12109375
-2.23437500
0.11718750
-0.33984375
0.28906250
0.64453125
-0.02734375
0.21875000
-0.15625000
-2.23046875
0.00781250
-0.31250000
0.28125000
0.58593750
-0.04296875
0.26562500
-0.22656250
-2.21093750
-0.01171875
-0.33593750
0.22265625
0.60937500
-0.05468750
0.29687500
-0.23046875
-2.19921875
0.03125000
-0.38281250
0.17968750
0.67968750
-0.08203125
0.33203125
-0.25000000
-2.20312500
0.08984375
-0.42968750
0.13281250
0.71484375
-0.10937500
0.30468750
-0.21484375
-2.23437500
0.14453125
-0.41796875
0.18750000
0.73437500
-0.08984375
0.24609375
-0.17578125
-2.28515625
0.14843750
-0.35546875
0.28515625
0.66015625
-0.05078125
0.18359375
-0.17578125
-2.29296875
0.09765625
-0.28906250
0.33984375
0.61328125
-0.01171875
0.20312500
-0.21875000
-2.28515625
0.05859375
-0.30468750
0.33203125
0.56640625
-0.02343750
0.21875000
-0.25390625
-2.25000000
0.07812500
-0.39843750
0.32812500
0.59375000
-0.10937500
0.22656250
-0.19921875
-2.13281250
0.17968750
-0.51562500
0.24609375
0.64062500
-0.17968750
0.27734375
-0.05468750
-2.32421875
0.25781250
-0.28515625
0.33984375
0.64062500
0.01562500
0.19531250
-0.12500000
-2.38671875
0.12890625
-0.21875000
0.39062500
0.54296875
0.08203125
0.15625000
-0.17578125
-2.36328125
0.14062500
-0.26171875
0.35546875
0.63671875
0.06250000
0.16406250
-0.13671875
-2.35156250
0.20703125
-0.29296875
0.32031250
0.71484375
0.03515625
0.16015625
-0.07421875
-2.39453125
0.19921875
-0.23437500
0.35156250
0.69140625
0.07421875
0.14843750
-0.06250000
-2.38671875
0.10546875
-0.19140625
0.32812500
0.59375000
0.08984375
0.16796875
-0.10156250
-2.35937500
0.01953125
-0.17578125
0.28125000
0.54296875
0.07421875
0.23828125
-0.17968750
-2.33203125
-0.00781250
-0.21093750
0.23437500
0.57421875
0.04296875
0.28125000
-0.21875000
-2.30859375
0.02734375
-0.25390625
0.19140625
0.67187500
0.00390625
0.30078125
-0.19921875
-2.29687500
0.10937500
-0.29687500
0.14062500
0.73828125
-0.01562500
0.28906250
-0.14843750
-2.35546875
0.18359375
-0.26953125
0.20703125
0.74609375
0.01953125
0.22265625
-0.11328125
-2.44140625
0.14843750
-0.18359375
0.32812500
0.65625000
0.07812500
0.15234375
-0.12890625
-2.46093750
0.07812500
-0.12500000
0.38281250
0.54687500
0.10156250
0.15234375
-0.17968750
-2.42968750
0.02734375
-0.15625000
0.37109375
0.49609375
0.07031250
0.17187500
-0.21875000
-2.35546875
0.08984375
-0.24609375
0.33593750
0.57031250
0.00781250
0.19921875
-0.15234375
-2.22265625
0.23828125
-0.36718750
0.25781250
0.64843750
-0.08593750
0.24609375
-0.26562500
-2.34765625
-0.20703125
0.42968750
0.11328125
0.35937500
0.45703125
-0.31640625
-0.31250000
-2.37500000
-0.21875000
0.45312500
0.12890625
0.34765625
0.47656250
-0.33593750
-0.31640625
-2.37500000
-0.22656250
0.43359375
0.10937500
0.32812500
0.46875000
-0.35546875
-0.34375000
-2.39453125
-0.21875000
0.43750000
0.14843750
0.35156250
0.47656250
-0.36328125
-0.29296875
-2.39843750
-0.22656250
0.46484375
0.16406250
0.38281250
0.46093750
-0.37109375
-0.30078125
-2.35546875
-0.26562500
0.44921875
0.15234375
0.36328125
0.43750000
-0.34765625
-0.27734375
-2.36328125
-0.26171875
0.46484375
0.11328125
0.32812500
0.47656250
-0.30859375
-0.33593750
-2.35156250
-0.27343750
0.48437500
0.13671875
0.34765625
0.44531250
-0.30859375
-0.37890625
-2.37109375
-0.28906250
0.44921875
0.10937500
0.42187500
0.47265625
-0.31640625
-0.36718750
-2.33593750
-0.27734375
0.41406250
0.08593750
0.45703125
0.45312500
-0.31640625
-0.38281250
-2.34375000
-0.30468750
0.39843750
0.09765625
0.48046875
0.45312500
-0.33984375
-0.36718750
-2.35937500
-0.31640625
0.44140625
0.10937500
0.40234375
0.45312500
-0.34765625
-0.42187500
-2.38281250
-0.32812500
0.44921875
0.14843750
0.35937500
0.42968750
-0.34375000
-0.40625000
-2.36718750
-0.31250000
0.42968750
0.15234375
0.41015625
0.44140625
-0.33203125
-0.44140625
-2.37890625
-0.31640625
0.45312500
0.17187500
0.39843750
0.40234375
-0.30859375
-0.41796875
-2.28906250
-0.28906250
0.40625000
0.16406250
0.42968750
0.39062500
-0.30859375
-0.18359375
-2.39453125
0.12109375
-0.02343750
0.82812500
0.94531250
0.30468750
-0.11718750
0.05078125
-2.52734375
0.05859375
0.09375000
0.91406250
0.66406250
0.11328125
-0.02343750
-0.28515625
-2.48046875
-0.04687500
-0.01953125
0.83593750
0.85546875
0.23046875
-0.18359375
-0.22656250
-2.45312500
0.10546875
-0.00390625
0.76562500
0.96093750
0.30859375
-0.08593750
-0.23437500
-2.48828125
-0.01171875
0.03515625
0.81250000
0.97265625
0.41015625
-0.15234375
-0.13671875
-2.53515625
0.07812500
0.11328125
0.69140625
0.71875000
0.33203125
-0.15234375
-0.04296875
-2.50000000
-0.02343750
0.14843750
0.75000000
0.60937500
0.26953125
-0.05468750
-0.13281250
-2.54687500
-0.07421875
0.06250000
0.73828125
0.82421875
0.24609375
-0.02343750
-0.06640625
-2.35546875
-0.06250000
0.08984375
0.71875000
0.71875000
0.05859375
0.00781250
-0.35156250
-2.67187500
-0.05859375
-0.00390625
0.82031250
0.88281250
0.22656250
-0.08984375
-0.12890625
-2.57031250
0.09765625
0.01562500
0.83203125
0.79296875
0.01171875
0.09375000
-0.15234375
-2.54687500
0.05859375
0.01953125
0.84765625
0.74609375
0.29296875
-0.08593750
-0.09375000
-2.52343750
0.01953125
0.07812500
0.83203125
0.72265625
0.42578125
-0.02343750
-0.22265625
-2.57421875
-0.08984375
0.15234375
0.84375000
0.83984375
0.28515625
-0.05468750
-0.20703125
-2.57421875
-0.00390625
-0.07812500
1.00781250
0.58984375
0.01171875
0.00000000
-0.29687500
-2.46484375
-0.05468750
-0.03515625
0.65625000
0.74609375
0.26171875
-0.02734375
-0.05078125
-2.50000000
0.10937500
-0.06640625
0.90234375
0.78125000
0.14843750
-0.08593750
-0.16796875
-2.48437500
-0.06250000
0.01953125
0.92968750
0.91406250
0.17187500
-0.08593750
-0.15234375
-2.31640625
0.03125000
0.07421875
0.77343750
0.77343750
0.31640625
-0.07421875
-0.25000000
-2.49609375
0.01562500
-0.08203125
0.82812500
0.89062500
0.29687500
-0.21484375
0.23437500
-2.43750000
0.03125000
0.13671875
0.96484375
0.51171875
0.18359375
-0.05859375
0.00390625
-2.51171875
0.13281250
-0.02734375
0.66015625
0.56250000
0.04687500
-0.16406250
-0.17187500
-2.62890625
-0.07031250
0.02343750
0.91796875
0.62109375
0.23437500
-0.00390625
-0.12109375
-2.40234375
-0.14453125
0.15625000
0.84765625
0.55859375
0.12109375
0.05078125
-0.20703125
-2.60546875
-0.07421875
-0.08984375
0.70312500
0.77343750
0.12890625
0.00000000
-0.18359375
-2.51562500
-0.12109375
0.01562500
0.88281250
0.83984375
0.12500000
0.00781250
-0.32421875
-2.60156250
-0.04687500
-0.12109375
0.69921875
0.95703125
0.24218750
-0.01953125
-0.12890625
-2.49218750
0.10156250
0.07421875
0.90625000
0.82812500
0.27343750
0.00781250
-0.22656250
-2.66796875
0.05859375
-0.06250000
0.86328125
0.74609375
0.32421875
-0.15234375
-0.11718750
-2.51562500
-0.09765625
0.10937500
1.01171875
0.69140625
0.20312500
0.13281250
-0.26171875
-2.55078125
0.08593750
0.02734375
0.88281250
0.57031250
0.05078125
0.02734375
-0.16796875
-2.35937500
0.14843750
-0.20312500
0.86328125
0.74218750
0.14843750
0.10546875
-0.25390625
-2.58593750
0.03515625
-0.03515625
0.97656250
0.73828125
0.19140625
-0.09375000
-0.15625000
-2.53515625
0.01953125
-0.11718750
0.85156250
0.69140625
0.13281250
-0.10156250
0.00390625
-2.36718750
0.18359375
-0.07812500
0.76953125
0.69921875
0.22656250
0.07031250
-0.18359375
-2.53125000
0.06640625
-0.14453125
0.71484375
0.65234375
0.21875000
-0.14453125
-0.04296875
-2.70312500
0.15234375
-0.13671875
0.70312500
0.74218750
0.36328125
-0.08984375
0.02734375
-2.42578125
0.12890625
-0.10937500
0.75390625
0.80859375
0.25000000
0.04296875
0.00000000
-2.54687500
0.08593750
-0.05078125
0.64843750
0.64453125
0.30468750
-0.01562500
-0.42578125
-2.85937500
-0.44531250
-0.02343750
0.52343750
-0.16015625
0.10156250
0.23437500
0.21875000
-2.31250000
0.09375000
-0.14453125
0.56250000
0.57031250
0.18359375
-0.09375000
-0.17968750
-2.61718750
0.10546875
-0.15625000
0.76171875
0.82421875
0.10937500
0.06250000
-0.24218750
-2.46093750
-0.00781250
-0.19531250
0.80078125
0.73046875
0.02343750
-0.19921875
-0.15234375
-2.48437500
0.14062500
0.13671875
0.92578125
0.61328125
0.19531250
0.01953125
-0.14062500
-2.53906250
0.07031250
0.03515625
0.91015625
0.65234375
0.11718750
-0.20312500
-0.26953125
-2.48046875
0.01171875
0.09765625
0.78125000
0.80078125
0.38671875
-0.07812500
-0.19531250
-2.40625000
0.04687500
-0.08593750
0.79687500
0.68359375
0.12500000
-0.07812500
-0.21875000
-2.28515625
0.17968750
-0.02734375
0.69921875
0.82031250
0.27343750
-0.05078125
-0.07031250
-2.48828125
0.20703125
-0.09375000
0.84765625
0.75781250
0.10546875
-0.07421875
-0.18359375
-2.43359375
0.07031250
-0.03125000
0.81640625
0.71093750
0.30468750
-0.15625000
-0.25390625
-2.47265625
0.07421875
-0.06640625
0.82031250
0.67578125
0.20312500
-0.09375000
-0.26953125
-2.64062500
0.14453125
-0.11328125
0.77734375
0.91796875
0.23437500
-0.00390625
-0.24218750
-2.58984375
0.08593750
0.05859375
0.93750000
0.74609375
0.16015625
-0.14062500
0.10546875
-2.62890625
0.11718750
-0.02343750
1.01562500
0.42187500
-0.05468750
-0.10937500
-0.33984375
-2.63281250
-0.10937500
0.05468750
1.03125000
0.54296875
0.21875000
-0.12500000
-0.20312500
-2.67968750
0.11328125
-0.20312500
0.30078125
-0.27734375
0.36328125
-0.46875000
0.15625000
-2.41796875
-0.27343750
0.63671875
-0.15234375
0.33593750
0.30468750
0.22265625
-0.20312500
-2.61718750
0.12109375
-0.06250000
0.64843750
0.80468750
0.13281250
-0.13671875
-0.31640625
-2.56250000
0.02343750
-0.02343750
0.58203125
0.81640625
0.25781250
-0.32812500
-0.15625000
-2.69921875
0.26171875
-0.08203125
0.81640625
0.64453125
0.31640625
-0.08203125
-0.14843750
-2.53515625
0.02734375
0.03125000
0.97656250
0.71093750
0.16015625
-0.17968750
-0.25390625
-2.44531250
0.01953125
0.07031250
0.73046875
0.87500000
0.35156250
-0.01171875
-0.20703125
-2.41796875
0.17968750
-0.11718750
0.66406250
0.79296875
0.21875000
-0.02734375
-0.33984375
-2.33593750
0.07031250
-0.10937500
0.64843750
0.89453125
0.28906250
-0.00390625
-0.06640625
-2.43359375
0.21484375
-0.15625000
0.79296875
0.84375000
0.25390625
-0.14453125
-0.23437500
-2.56640625
-0.03515625
-0.07812500
1.01171875
0.69921875
0.19921875
-0.10546875
-0.19921875
-2.51953125
0.10546875
-0.12500000
0.71484375
0.86718750
0.24609375
-0.14843750
-0.27734375
-2.49609375
0.00781250
-0.02343750
0.81640625
0.91406250
0.27343750
-0.12500000
-0.14453125
-2.67968750
0.23046875
0.01953125
0.93359375
0.64062500
0.21875000
-0.12109375
-0.18750000
-2.74218750
-0.03906250
0.09375000
0.93359375
0.56250000
0.25390625
-0.19921875
-0.08203125
-2.65625000
0.01171875
0.02734375
0.89843750
0.39062500
0.19921875
0.02734375
-0.08593750
-2.86328125
-0.06250000
-0.41796875
0.07421875
0.09375000
0.27343750
0.04296875
0.19921875
-2.59375000
-0.42187500
0.55078125
0.58203125
-0.06640625
-0.00390625
0.25000000
-0.25000000
-2.43750000
-0.03125000
-0.18359375
0.56250000
1.02734375
0.32812500
-0.08593750
-0.23046875
-2.66015625
0.03125000
-0.08203125
0.68750000
0.81640625
0.35937500
-0.09765625
-0.19921875
-2.65625000
0.08203125
-0.05859375
0.83984375
0.99218750
0.21875000
-0.09375000
-0.20703125
-2.59765625
-0.01171875
0.12109375
0.82031250
0.71484375
0.37500000
-0.25781250
-0.25000000
-2.74609375
0.02343750
0.12890625
0.92578125
0.70703125
0.10156250
-0.03125000
-0.22265625
-2.42187500
0.01171875
0.09375000
0.83984375
0.76953125
0.23046875
0.03125000
-0.25781250
-2.39453125
0.10546875
-0.11718750
0.80468750
0.88281250
0.07812500
0.00390625
-0.05468750
-2.47656250
0.14843750
-0.01562500
0.75781250
0.83203125
0.25000000
-0.01953125
-0.01953125
-2.42968750
0.16015625
-0.08984375
0.75390625
0.77734375
0.30859375
-0.12890625
-0.24218750
-2.53906250
0.03125000
-0.03515625
0.87890625
0.81640625
0.28125000
-0.14453125
-0.16015625
-2.58203125
0.13281250
-0.12500000
0.76953125
0.79687500
0.24609375
-0.10937500
-0.14843750
-2.47265625
0.17968750
0.03515625
0.78125000
0.80859375
0.33593750
-0.14062500
-0.18750000
-2.76562500
-0.02343750
-0.07421875
0.95312500
0.76953125
0.31250000
-0.17578125
-0.40234375
-2.76171875
-0.32812500
0.02734375
0.85937500
0.61718750
0.29687500
-0.23828125
0.03125000
-2.58203125
-0.08203125
0.22656250
0.36328125
0.76953125
0.71875000
-0.05078125
-0.18359375
-2.91796875
0.00781250
0.03125000
0.92578125
0.41015625
-0.11718750
-0.07421875
-0.23828125
-2.61718750
0.01171875
-0.05468750
0.72656250
0.95312500
0.19531250
-0.08593750
0.03515625
-2.60546875
0.14843750
-0.13671875
0.82031250
0.83593750
0.14843750
-0.08593750
-0.14062500
-2.57812500
0.05078125
0.10937500
0.83593750
0.77343750
0.22265625
-0.13281250
-0.18750000
-2.76171875
0.03125000
0.16796875
0.96093750
0.55078125
0.23046875
-0.15234375
-0.33593750
-2.44531250
-0.11718750
-0.04296875
0.86718750
0.82031250
0.17968750
-0.16796875
-0.13671875
-2.45703125
0.09765625
0.07812500
0.60937500
0.98437500
0.32031250
-0.08593750
-0.23046875
-2.56640625
0.19140625
-0.06640625
0.63671875
0.61718750
0.27734375
0.00390625
-0.12500000
-2.32421875
0.05078125
-0.06640625
0.81250000
0.98437500
0.26171875
-0.09375000
-0.17968750
-2.45703125
0.08203125
0.06250000
0.74218750
0.91406250
0.45312500
-0.12890625
-0.14453125
-2.48046875
0.14062500
-0.10937500
0.84765625
0.75781250
0.19140625
-0.05078125
-0.25781250
-2.58593750
0.02734375
-0.07031250
0.85546875
0.93359375
0.23828125
-0.03125000
-0.17187500
-2.53906250
0.03125000
0.01171875
0.74218750
0.92968750
0.36718750
-0.09375000
-0.08203125
-2.47656250
-0.09765625
0.00000000
0.82421875
0.82421875
0.29296875
-0.20312500
-0.32031250
-2.64453125
-0.07421875
-0.07812500
0.76953125
0.94140625
0.42968750
-0.21484375
-0.25390625
-2.80078125
0.09375000
0.17968750
0.54296875
0.82421875
0.33203125
0.13671875
-0.25390625
-2.89062500
-0.07812500
-0.07421875
0.38671875
0.91015625
0.28125000
0.33984375
-0.13281250
-2.64843750
0.07031250
0.06250000
0.75390625
0.74609375
0.11718750
0.01171875
-0.19531250
-2.47265625
0.01171875
0.14062500
0.85156250
1.07031250
0.12500000
0.05468750
-0.08984375
-2.60156250
0.11718750
-0.08203125
0.63671875
0.79687500
0.25781250
-0.16015625
-0.02343750
-2.55468750
-0.01562500
0.17968750
0.65234375
0.86328125
0.31640625
-0.07421875
-0.22265625
-2.60156250
-0.09765625
0.10546875
0.64453125
0.86718750
0.44921875
-0.07812500
-0.30468750
-2.58203125
0.00390625
-0.05468750
0.87890625
0.86718750
0.29687500
-0.10937500
-0.13671875
-2.46093750
0.10546875
-0.14062500
0.71484375
0.82812500
0.21484375
-0.11718750
-0.08984375
-2.53125000
0.07812500
0.05078125
0.84375000
0.84765625
0.55859375
-0.07421875
0.00390625
-2.43750000
0.15625000
0.03906250
0.87500000
0.71484375
0.25390625
-0.00390625
-0.14062500
-2.48437500
0.05468750
-0.06640625
0.71093750
1.01562500
0.37109375
0.00781250
-0.03906250
-2.41406250
0.06640625
-0.04687500
0.83203125
0.83984375
0.30078125
-0.00390625
-0.17578125
-2.44921875
0.00781250
0.02734375
0.85156250
0.91796875
0.16406250
-0.13671875
-0.10937500
-2.53906250
0.00781250
-0.18750000
0.78515625
0.95312500
0.25781250
-0.01953125
-0.04687500
-2.50390625
-0.03906250
-0.10937500
0.64843750
0.85546875
0.37109375
-0.14062500
-0.31640625
-2.78906250
-0.09375000
-0.02343750
0.72656250
0.98046875
0.41796875
-0.03515625
-0.04687500
-2.75390625
0.01171875
-0.04296875
0.06250000
0.89843750
0.27343750
0.33593750
-0.23437500
-2.44531250
-0.01171875
-0.02734375
0.64062500
1.08203125
0.30859375
-0.04687500
-0.23437500
-2.55078125
-0.05468750
0.06250000
0.62109375
1.05859375
0.30468750
-0.03125000
0.13281250
-2.46093750
0.02734375
0.14062500
0.62109375
0.70703125
0.31640625
-0.06640625
-0.25000000
-2.58984375
-0.09765625
0.21484375
0.72265625
0.98828125
0.37109375
-0.07421875
-0.05468750
-2.53515625
-0.03125000
0.04296875
0.87500000
0.83203125
0.21093750
-0.09765625
-0.21093750
-2.44140625
0.05859375
0.04687500
0.55859375
0.92187500
0.45703125
-0.09765625
-0.25000000
-2.57812500
0.06640625
-0.05468750
0.91406250
0.85156250
0.15234375
-0.17187500
-0.03515625
-2.37109375
0.11718750
-0.06640625
0.60546875
1.00781250
0.37109375
0.01171875
-0.05859375
-2.45312500
0.16796875
-0.11328125
0.76562500
0.70312500
0.16015625
0.00000000
-0.09765625
-2.30859375
0.02734375
-0.07812500
0.85546875
0.85156250
0.22265625
0.03515625
-0.13281250
-2.38671875
0.01953125
-0.14453125
0.64062500
1.06250000
0.27343750
-0.02343750
-0.05468750
-2.41015625
0.06250000
0.02343750
0.81250000
0.97265625
0.34765625
-0.01953125
-0.14062500
-2.63671875
-0.07421875
-0.16406250
0.86328125
0.86328125
0.37500000
-0.22265625
-0.21093750
-2.38671875
-0.15234375
-0.00781250
0.66406250
0.88671875
0.37500000
-0.11718750
0.07421875
-2.44531250
0.16406250
-0.11328125
0.58203125
0.59375000
0.01562500
-0.01171875
-0.37500000
-2.44531250
-0.26171875
-0.03125000
0.75390625
0.79296875
0.07031250
0.00000000
-0.20312500
-2.36718750
-0.00781250
-0.07421875
0.48437500
1.08203125
0.35546875
-0.08203125
0.00000000
-2.30859375
0.04687500
-0.09375000
0.71093750
0.92968750
0.13281250
-0.03906250
-0.19531250
-2.43750000
-0.17968750
0.14062500
0.64062500
1.01953125
0.44921875
-0.06250000
-0.02343750
-2.39453125
-0.13671875
0.05078125
0.82812500
0.81250000
0.20703125
0.03515625
-0.23437500
-2.32812500
-0.13671875
-0.00781250
0.72656250
0.94531250
0.27343750
-0.15625000
-0.12500000
-2.32812500
0.08203125
-0.04296875
0.66406250
1.02734375
0.30859375
0.00000000
-0.21093750
-2.36328125
0.12890625
-0.19921875
0.73828125
0.91015625
-0.00781250
-0.07812500
0.04296875
-2.26562500
0.25000000
-0.16796875
0.87500000
0.79296875
0.11718750
0.07421875
-0.11328125
-2.30078125
0.06250000
-0.11718750
0.68359375
0.99218750
0.29296875
-0.02734375
-0.18359375
-2.36328125
0.03125000
-0.09765625
0.66015625
1.06640625
0.35546875
0.00000000
-0.03906250
-2.24609375
0.17187500
-0.29296875
0.63671875
0.96093750
0.17578125
0.06640625
-0.02343750
-2.37109375
0.11328125
-0.23828125
0.84375000
0.78515625
0.17968750
-0.14843750
-0.11328125
-2.27343750
-0.08984375
-0.05859375
0.73046875
0.76562500
0.26171875
-0.11718750
-0.09375000
-2.37109375
0.00000000
-0.10156250
0.79296875
0.78515625
0.16796875
-0.05078125
-0.25390625
-2.39062500
-0.06640625
-0.01562500
0.75781250
0.88281250
0.25781250
-0.01562500
-0.08593750
-2.30859375
-0.01171875
0.06640625
0.71875000
1.02343750
0.18359375
0.18359375
-0.17968750
-2.32812500
-0.03906250
-0.14453125
0.53906250
1.05468750
0.28125000
-0.03125000
-0.24609375
-2.28515625
-0.05078125
-0.03515625
0.66796875
1.12109375
0.27734375
-0.02734375
0.07031250
-2.49609375
0.01953125
-0.22265625
0.85937500
0.75000000
0.03515625
-0.00390625
-0.23437500
-2.49218750
-0.15234375
-0.10156250
0.74218750
1.05859375
0.42968750
-0.03515625
-0.23828125
-2.37500000
-0.08984375
-0.05078125
0.80859375
0.85546875
0.17968750
-0.00781250
-0.16406250
-2.33203125
-0.12890625
-0.14843750
0.85546875
0.69531250
0.07421875
-0.01953125
-0.17968750
-2.32421875
0.04296875
-0.17187500
0.73437500
0.78125000
0.03515625
0.00781250
-0.09375000
-2.34765625
0.12500000
-0.16406250
0.76953125
0.74218750
0.26953125
-0.10937500
-0.13281250
-2.45703125
-0.09375000
-0.22265625
0.85546875
0.67578125
0.23828125
-0.07421875
-0.12109375
-2.36328125
-0.03125000
-0.35156250
0.65625000
0.80859375
0.25000000
-0.06250000
-0.15625000
-2.33203125
0.11718750
-0.16796875
0.52734375
1.05859375
0.31250000
-0.05859375
-0.12109375
-2.34375000
0.02734375
0.04296875
0.69140625
0.98046875
0.37890625
0.00000000
-0.07421875
-2.21484375
-0.06640625
-0.02734375
0.64453125
0.90625000
0.22656250
-0.07421875
-0.07421875
-2.36328125
-0.02734375
0.02343750
0.62500000
0.89843750
0.20312500
0.01953125
-0.05078125
-2.26171875
-0.01953125
-0.08593750
0.55468750
0.85937500
0.15625000
0.05468750
-0.34375000
-2.37500000
-0.17578125
-0.10937500
0.49218750
0.85156250
0.14843750
0.07812500
-0.20312500
-2.28906250
-0.02343750
-0.19921875
0.66406250
0.90625000
0.09375000
-0.01953125
-0.23437500
-2.35546875
-0.00390625
-0.16015625
0.61718750
1.02734375
0.21484375
0.06640625
-0.14843750
-2.32421875
0.10156250
-0.08984375
0.49218750
1.06250000
0.37109375
0.02343750
-0.27343750
-2.40625000
0.00390625
-0.08203125
0.84375000
0.87500000
0.32421875
-0.02734375
-0.20703125
-2.26171875
0.02343750
0.01953125
0.74609375
0.87109375
0.31640625
-0.00390625
-0.31250000
-2.41406250
-0.08593750
-0.14062500
0.72265625
0.82812500
0.16796875
-0.03515625
-0.11718750
-2.25781250
0.11718750
-0.12109375
0.48828125
0.92968750
0.27343750
0.18359375
-0.18750000
-2.51953125
0.01562500
-0.03906250
0.68359375
0.83593750
0.34375000
0.12500000
-0.16796875
-2.39453125
0.03125000
-0.18359375
0.80078125
0.71484375
0.13671875
-0.20312500
-0.30078125
-2.50781250
-0.07812500
-0.12500000
0.70703125
0.92968750
0.34375000
0.01562500
-0.22265625
-2.41015625
0.10937500
-0.16015625
0.55078125
1.02734375
0.34375000
0.05859375
-0.21875000
-2.29296875
0.08203125
-0.03906250
0.61718750
0.96875000
0.33203125
-0.07031250
-0.11718750
-2.42578125
0.08203125
-0.01953125
0.66406250
0.95703125
0.22656250
0.02343750
0.11718750
-2.32421875
0.01171875
-0.01953125
0.63281250
0.76562500
0.16015625
0.07031250
-0.00781250
-2.30468750
-0.10546875
-0.00781250
0.59765625
0.83203125
0.11718750
0.16406250
-0.13671875
-2.39453125
-0.05078125
-0.15234375
0.73828125
0.92968750
0.18750000
0.02343750
-0.31640625
-2.33593750
-0.05078125
-0.02343750
0.57031250
0.97265625
0.30859375
0.13671875
-0.21484375
-2.38281250
0.03515625
-0.14843750
0.83593750
0.92187500
0.10546875
0.05859375
-0.07812500
-2.35156250
0.04296875
-0.07031250
0.70312500
0.86328125
0.28125000
0.05078125
-0.13671875
-2.50390625
0.10156250
-0.03515625
0.81640625
0.75390625
0.21484375
-0.04296875
-0.20312500
-2.50781250
-0.01562500
-0.01171875
0.78125000
0.62500000
0.22265625
0.08593750
-0.24218750
-2.43359375
-0.05859375
-0.08984375
0.81640625
0.76562500
0.04687500
0.08203125
-0.20703125
-2.25390625
0.11718750
-0.14453125
0.57812500
0.97265625
0.17187500
0.06640625
-0.06250000
-2.46875000
0.00781250
-0.04687500
0.83984375
0.87500000
0.17578125
-0.10546875
-0.14843750
-2.53515625
-0.11328125
0.11328125
0.87500000
0.77734375
0.25390625
0.07421875
-0.25000000
-2.31250000
-0.14453125
-0.06250000
0.65625000
0.86718750
0.16796875
-0.07031250
-0.00390625
-2.42968750
0.01953125
-0.04296875
0.75781250
0.89453125
0.21484375
0.01562500
-0.04296875
-2.45703125
-0.12500000
0.05468750
0.90234375
0.89453125
0.23046875
0.06640625
0.01562500
-2.37890625
-0.14453125
0.07812500
0.75781250
0.69921875
0.26171875
0.03906250
-0.01953125
-2.47656250
-0.18359375
0.07031250
0.74609375
0.68359375
0.19921875
0.12890625
-0.08984375
-2.45703125
-0.17187500
0.02343750
0.51562500
0.75390625
0.27343750
0.17578125
-0.07812500
-2.37500000
-0.12890625
0.14453125
0.63671875
0.89062500
0.25390625
0.16015625
-0.10156250
-2.44921875
-0.18750000
-0.10156250
0.55468750
0.55859375
0.18750000
0.07812500
-0.02343750
-2.36328125
-0.10156250
-0.01562500
0.55468750
0.99609375
0.32812500
0.15234375
-0.03906250
-2.53515625
-0.06250000
-0.09765625
0.89062500
0.67968750
0.00781250
0.14453125
-0.12500000
-2.62500000
-0.10156250
0.09765625
0.94921875
0.68750000
0.12109375
0.14843750
-0.18750000
-2.41015625
-0.02343750
-0.00390625
0.68750000
0.76171875
0.39453125
0.03515625
-0.10937500
-2.53515625
0.05468750
0.03515625
0.67578125
0.58203125
0.18359375
0.08203125
-0.10156250
-2.33984375
0.00781250
-0.13671875
0.62500000
0.67968750
0.26953125
0.01953125
0.15625000
-0.19140625
-0.15234375
-0.31640625
0.52734375
-0.63281250
-0.50000000
0.10937500
0.24609375
-0.05078125
-0.10156250
-0.45703125
0.50000000
-0.62500000
-0.33593750
0.09375000
0.18750000
-0.01171875
-0.38671875
-0.18359375
0.23046875
-0.53906250
-0.48437500
0.07812500
-0.01953125
-0.22656250
-0.60937500
0.27734375
-0.05078125
-0.03125000
-0.07812500
-0.13671875
0.15625000
-0.00781250
0.22656250
-0.21484375
0.76171875
-0.22656250
-0.32421875
0.08984375
0.00390625
-0.05859375
-0.37890625
-0.12500000
-0.00781250
-0.33203125
-0.42187500
0.19140625
0.16406250
0.05859375
-0.41015625
-0.17578125
0.09375000
-0.39062500
-0.39062500
0.01171875
0.25000000
-0.03515625
-0.21875000
-0.19140625
0.26171875
-0.56250000
-0.85937500
0.06250000
0.23828125
0.05078125
-0.18359375
-0.46484375
0.38671875
-0.57031250
-0.35156250
-0.12109375
0.25781250
0.03906250
-0.45312500
-0.07421875
-0.06640625
-0.59375000
-0.67187500
0.01171875
0.23046875
-0.02343750
-0.64843750
-0.04296875
0.00781250
-0.35937500
-0.48046875
-0.12500000
0.10937500
0.29687500
0.07812500
0.05468750
-0.50000000
0.07812500
-0.76562500
0.08203125
0.31640625
0.13671875
-0.37109375
0.06640625
0.16015625
-0.33203125
-0.16015625
0.24609375
0.05468750
-0.08203125
-0.44921875
-0.13281250
0.08984375
-0.42578125
-0.51562500
-0.01953125
0.15234375
0.16796875
-0.28515625
-0.14062500
0.11718750
-0.51562500
-0.70312500
0.03515625
0.17968750
0.11718750
-0.52343750
-0.10937500
0.26562500
-0.58984375
-0.48437500
0.01562500
0.17187500
-0.01171875
-0.24218750
-0.17968750
0.00000000
-0.68359375
-0.66406250
0.02343750
0.27734375
0.02734375
-0.24609375
-0.26171875
0.05468750
-0.76953125
-0.50000000
-0.02734375
0.45703125
0.16015625
-0.21484375
0.12109375
0.22656250
-0.60937500
-0.87500000
0.03125000
-0.37109375
0.18359375
0.58593750
-0.00390625
-0.55859375
0.10546875
-0.57421875
-0.10937500
0.28906250
0.09765625
0.45312500
0.00390625
1.05859375
-0.34765625
-0.25781250
0.41406250
0.05078125
0.04296875
-0.18359375
0.00000000
-0.22656250
-0.73046875
-0.52343750
0.17968750
0.16015625
0.14843750
-0.52734375
-0.12890625
-0.08984375
-0.71484375
-0.55468750
-0.03906250
0.21093750
-0.11328125
-0.18750000
-0.39453125
0.22656250
-0.72265625
-0.70703125
-0.02343750
0.19140625
0.17578125
-0.21875000
-0.39062500
0.07421875
-0.60937500
-0.68359375
-0.06250000
0.16796875
0.30078125
-0.26171875
-0.22656250
-0.30859375
-0.60156250
-0.44140625
0.02734375
0.11718750
0.19531250
-0.50781250
-0.06640625
-0.57421875
-0.41796875
-0.55468750
-0.15625000
-0.17187500
0.17968750
0.75781250
-0.58984375
-0.24218750
0.19531250
-0.01562500
-0.22656250
0.24609375
0.26171875
0.66796875
-0.48828125
0.70312500
-0.04687500
0.04296875
0.81250000
0.07812500
0.03906250
-0.47265625
-0.25781250
0.14453125
-0.66796875
-0.50781250
0.14843750
0.08593750
0.04687500
-0.41015625
-0.07812500
-0.00390625
-0.49609375
-0.50390625
-0.07812500
0.28906250
0.12890625
-0.27343750
-0.37109375
0.08203125
-0.67968750
-0.55078125
-0.11328125
0.21093750
0.23828125
-0.30468750
-0.33984375
-0.25000000
-0.62500000
-0.46875000
0.07031250
0.19921875
0.09765625
-0.29296875
-0.32812500
-0.18359375
-0.57421875
-0.50000000
-0.18359375
0.07031250
0.25000000
0.27734375
-0.06250000
-0.31250000
-0.30468750
-0.82812500
0.21875000
0.44921875
-0.07031250
0.25390625
-0.44531250
0.23437500
-0.58984375
-0.49218750
0.13281250
-0.21093750
0.06640625
-0.53906250
0.11718750
-0.49218750
-0.20703125
-0.38281250
0.39062500
0.15625000
0.00781250
-0.51171875
-0.12500000
-0.17968750
-0.42187500
-0.50781250
0.00781250
0.18359375
0.14453125
-0.16796875
-0.42578125
-0.32812500
-0.44140625
-0.42968750
-0.01171875
0.28906250
0.01562500
-0.44140625
-0.41015625
0.11718750
-0.66015625
-0.38671875
-0.03906250
0.24218750
0.07031250
-0.27734375
-0.33593750
0.07031250
-0.71484375
-0.57421875
0.02343750
0.25781250
-0.15234375
0.04687500
-0.37890625
-0.07031250
-0.71093750
-0.56640625
0.18359375
0.14062500
0.08984375
-0.12500000
-0.26171875
-0.19921875
-0.66796875
-0.41796875
0.04296875
0.26171875
0.39843750
0.36718750
-0.12109375
-0.54296875
-0.37890625
-0.99609375
0.06250000
-0.31640625
0.14453125
0.03906250
-0.07421875
0.08593750
0.21093750
-0.54687500
0.10156250
0.15625000
-0.06640625
-0.38671875
-0.29296875
-0.00390625
-0.62890625
-0.40234375
0.06250000
0.22656250
-0.03515625
-0.14843750
-0.31640625
0.13281250
-0.72265625
-0.57812500
-0.14843750
0.25390625
0.16015625
-0.23828125
-0.33593750
0.10937500
-0.76953125
-0.50390625
0.00781250
0.16406250
0.01953125
-0.00390625
-0.32812500
0.03125000
-0.92578125
-0.69921875
0.16796875
0.15625000
-0.01171875
0.05859375
-0.52343750
-0.00781250
-0.70703125
-0.50781250
0.15625000
0.08984375
-0.05468750
-0.04296875
-0.16015625
-0.08984375
-0.75390625
-0.80078125
-0.03515625
0.06250000
0.10937500
0.22265625
-0.13281250
0.10937500
-0.64843750
-0.81640625
0.12890625
-0.15234375
0.16796875
-0.14062500
-0.06250000
-0.05859375
0.19140625
-0.24609375
0.44921875
0.12890625
-0.01562500
-0.15234375
-0.34765625
0.06250000
-0.53125000
-0.52343750
0.17578125
0.26953125
-0.00781250
0.02734375
-0.44140625
0.08203125
-0.68359375
-0.64843750
0.14062500
0.20703125
0.01953125
-0.15625000
-0.39062500
0.25390625
-0.66015625
-0.56250000
-0.04687500
0.10937500
0.26171875
-0.33984375
-0.24218750
-0.09375000
-0.72265625
-0.69921875
0.12109375
0.04296875
0.09375000
-0.28515625
-0.28125000
-0.03125000
-0.68359375
-0.73828125
0.11718750
0.10546875
0.10546875
-0.38671875
-0.25000000
0.12890625
-0.70703125
-0.41015625
-0.02343750
0.06250000
0.09375000
0.29687500
-0.03515625
0.06250000
-0.53906250
-1.03515625
0.26562500
0.16406250
0.42968750
-0.15625000
-0.14062500
-0.10546875
-0.58984375
-0.66015625
0.08984375
0.05859375
0.02343750
-0.37109375
-0.29296875
0.01562500
-0.64453125
-0.56640625
0.09375000
0.18359375
0.00781250
-0.21093750
-0.23828125
0.26953125
-0.57812500
-0.57812500
0.03906250
0.13671875
0.07031250
-0.25781250
-0.26562500
-0.16015625
-0.83203125
-0.73046875
0.12890625
-0.20312500
0.15234375
0.57421875
-0.43359375
-0.04687500
0.01953125
-0.58984375
-0.14843750
-0.13671875
0.18359375
0.58203125
-0.39062500
-0.19921875
0.05468750
-0.55078125
-0.11718750
-0.16796875
0.14062500
0.53906250
-0.38671875
-0.22656250
0.03906250
-0.52343750
-0.08203125
-0.21875000
0.13281250
0.47656250
-0.37890625
-0.22265625
0.06640625
-0.49218750
-0.06640625
-0.22656250
0.16406250
0.46093750
-0.36328125
-0.21484375
0.11718750
-0.50390625
-0.09765625
-0.20312500
0.20312500
0.50390625
-0.30468750
-0.18359375
0.15625000
-0.56640625
-0.14062500
-0.19531250
0.21875000
0.53906250
-0.27343750
-0.16015625
0.12890625
-0.61718750
-0.15625000
-0.19921875
0.21093750
0.59765625
-0.28906250
-0.14062500
0.10546875
-0.65625000
-0.15625000
-0.22265625
0.14062500
0.55468750
-0.28906250
-0.13671875
0.08984375
-0.66015625
-0.12500000
-0.26953125
0.13671875
0.52343750
-0.29296875
-0.14062500
0.12109375
-0.61718750
-0.08984375
-0.30078125
0.16015625
0.47265625
-0.30468750
-0.19531250
0.18750000
-0.53515625
-0.05859375
-0.27734375
0.18750000
0.42187500
-0.30078125
-0.21484375
0.21093750
-0.49609375
-0.07421875
-0.19531250
0.20703125
0.46484375
-0.30468750
-0.21093750
0.21093750
-0.54687500
-0.11328125
-0.17578125
0.20312500
0.51171875
-0.30859375
-0.21875000
0.17578125
-0.57031250
-0.11718750
-0.18750000
0.11718750
0.50000000
-0.33203125
-0.16796875
0.07421875
-0.59375000
-0.10937500
-0.19140625
0.05468750
0.51953125
-0.33203125
0.03125000
0.00390625
-0.65625000
-0.13671875
-0.17187500
0.28515625
0.49218750
-0.37890625
-0.20703125
0.11328125
-0.48437500
-0.19921875
-0.09765625
0.26562500
0.49218750
-0.35937500
-0.30468750
0.10937500
-0.44140625
-0.16406250
-0.11718750
0.24218750
0.46484375
-0.34765625
-0.34375000
0.13281250
-0.42578125
-0.14062500
-0.16796875
0.23046875
0.38671875
-0.31250000
-0.34375000
0.19531250
-0.39843750
-0.12890625
-0.17578125
0.26562500
0.36328125
-0.26562500
-0.34375000
0.25390625
-0.37500000
-0.15234375
-0.17968750
0.30078125
0.40625000
-0.23046875
-0.31250000
0.25000000
-0.43750000
-0.17968750
-0.16406250
0.31640625
0.46875000
-0.22265625
-0.25390625
0.22656250
-0.51562500
-0.19140625
-0.19140625
0.31250000
0.52343750
-0.24609375
-0.22265625
0.19921875
-0.58593750
-0.18359375
-0.21484375
0.27734375
0.49218750
-0.26171875
-0.21484375
0.19921875
-0.57812500
-0.17187500
-0.26171875
0.25000000
0.42187500
-0.23437500
-0.25781250
0.23828125
-0.52343750
-0.14062500
-0.25390625
0.26562500
0.35156250
-0.22656250
-0.30468750
0.30859375
-0.42578125
-0.12500000
-0.22265625
0.29296875
0.33984375
-0.22265625
-0.35546875
0.34765625
-0.37109375
-0.12109375
-0.17968750
0.32421875
0.36718750
-0.21875000
-0.35937500
0.32812500
-0.40625000
-0.14453125
-0.15234375
0.30859375
0.41796875
-0.25390625
-0.34375000
0.25390625
-0.44140625
-0.16406250
-0.16796875
0.26562500
0.42968750
-0.28906250
-0.27343750
0.21093750
-0.49218750
-0.15234375
-0.19921875
0.19921875
0.43359375
-0.30859375
-0.05859375
0.13671875
-0.60546875
-0.20703125
0.25390625
0.25000000
0.60546875
-0.56640625
0.19921875
-0.51953125
-0.10156250
0.60546875
0.28125000
0.27343750
0.50000000
-0.57421875
0.12890625
-0.50781250
-0.07421875
0.57031250
0.28906250
0.25781250
0.53125000
-0.55078125
0.12109375
-0.52734375
-0.07812500
0.58203125
0.25390625
0.31640625
0.50781250
-0.50000000
0.02343750
-0.49218750
-0.05468750
0.60937500
0.26562500
0.30078125
0.46484375
-0.55859375
0.06250000
-0.45703125
-0.05078125
0.55468750
0.25390625
0.31640625
0.49218750
-0.54687500
0.05078125
-0.46484375
-0.06640625
0.57031250
0.28515625
0.29687500
0.55859375
-0.57812500
0.19921875
-0.48046875
-0.10546875
0.54296875
0.25781250
0.31250000
0.55078125
-0.54296875
0.14843750
-0.50390625
-0.10937500
0.57812500
0.27343750
0.33593750
0.52734375
-0.56640625
0.04296875
-0.51953125
-0.08203125
0.56250000
0.23828125
0.29296875
0.50781250
-0.56640625
0.01562500
-0.50000000
-0.05468750
0.54687500
0.24609375
0.30078125
0.47265625
-0.62500000
-0.03906250
-0.48437500
-0.04296875
0.54687500
0.24609375
0.30078125
0.48046875
-0.60156250
-0.01953125
-0.47656250
0.00390625
0.55859375
0.21093750
0.38671875
0.44140625
-0.61328125
-0.11718750
-0.43359375
0.01953125
0.52343750
0.26171875
0.32421875
0.48437500
-0.67187500
-0.04296875
-0.48437500
-0.01562500
0.51953125
0.25781250
0.36328125
0.41406250
-0.66015625
-0.09765625
-0.48828125
-0.02734375
0.50390625
0.24609375
0.38671875
0.44140625
-0.63281250
-0.03125000
-0.48437500
-0.06250000
0.47656250
0.14843750
0.09375000
-0.55859375
-0.31250000
0.11718750
-0.54296875
-0.48046875
0.01171875
0.32421875
-0.09375000
-0.48437500
-0.23828125
0.19140625
-0.72656250
-0.53125000
-0.01562500
0.20703125
0.08984375
-0.43750000
-0.28906250
-0.01953125
-0.60156250
-0.60546875
-0.00390625
0.19921875
0.10546875
-0.45312500
-0.34375000
-0.02343750
-0.63671875
-0.39843750
0.01562500
0.20312500
0.11718750
-0.62109375
-0.30468750
-0.07421875
-0.57031250
-0.57421875
0.16406250
0.26171875
0.11718750
-0.48828125
-0.27734375
0.26171875
-0.48437500
-0.59375000
-0.05468750
0.22656250
-0.00781250
-0.43750000
-0.07812500
0.11328125
-0.50390625
-0.53906250
-0.04296875
0.19921875
0.03515625
-0.32031250
-0.11328125
0.35156250
-0.47265625
-0.88281250
0.04296875
0.15625000
-0.05078125
-0.35156250
-0.25781250
0.46875000
-0.66015625
-0.48437500
0.10546875
0.17578125
0.10546875
-0.39062500
-0.12500000
-0.02343750
-0.31250000
-0.64453125
0.01953125
0.12109375
0.07812500
-0.34375000
-0.22265625
0.27343750
-0.55078125
-0.53906250
0.01171875
0.23046875
0.23828125
-0.52343750
0.06640625
-0.02734375
-0.34765625
-0.62890625
0.07421875
0.30859375
0.05859375
-0.47265625
-0.17187500
0.24218750
-0.41796875
-0.48437500
-0.00390625
0.33593750
0.08984375
-0.37890625
-0.17578125
-0.05859375
-0.48828125
-0.54296875
-0.03515625
0.29687500
0.17187500
-0.62500000
-0.26171875
-0.11718750
-0.49609375
-0.35546875
-0.10937500
0.25390625
-0.03515625
-0.50000000
-0.06250000
0.13281250
-0.58984375
-0.71093750
-0.01171875
0.11328125
-0.01953125
-0.48046875
-0.21484375
0.06640625
-0.66406250
-0.57421875
0.01562500
0.26953125
-0.01562500
-0.30468750
-0.35156250
0.06250000
-0.71875000
-0.66406250
0.07031250
0.34765625
-0.00781250
-0.23437500
-0.18750000
0.23828125
-0.76953125
-0.56640625
0.05468750
0.21093750
0.14843750
-0.44531250
-0.19140625
-0.17968750
-0.66406250
-0.61718750
-0.08203125
0.38671875
-0.03906250
-0.20703125
-0.33593750
0.55468750
-0.80859375
-0.57421875
-0.03125000
0.17187500
0.00000000
-0.25390625
-0.07421875
0.26953125
-0.58593750
-0.62109375
-0.03906250
0.17578125
0.14062500
-0.48437500
-0.17578125
-0.03125000
-0.65625000
-0.64453125
0.03515625
0.27343750
0.14453125
-0.28125000
-0.21093750
0.40625000
-0.71484375
-0.58984375
0.05859375
0.10937500
-0.05859375
-0.31640625
-0.15234375
-0.00390625
-0.58984375
-0.73437500
0.07421875
0.19531250
0.08984375
-0.47265625
-0.04296875
0.05859375
-0.59375000
-0.78515625
0.06250000
0.16015625
0.07812500
-0.49609375
-0.15234375
-0.08984375
-0.50390625
-0.70312500
0.01562500
0.19921875
0.08593750
-0.35546875
-0.25000000
0.28125000
-0.51171875
-0.52734375
0.03515625
0.07031250
0.12500000
-0.30468750
-0.04687500
-0.05859375
-0.31250000
-0.66406250
0.08203125
0.33203125
0.14453125
-0.45703125
-0.37109375
0.23046875
-0.69921875
-0.54296875
0.03515625
0.28515625
0.14062500
-0.48437500
-0.29296875
0.12109375
-0.59375000
-0.47656250
-0.05859375
0.29296875
0.33593750
-0.24609375
-0.21484375
0.33984375
-0.61328125
-0.75000000
-0.11328125
0.16796875
0.22656250
-0.26562500
-0.26562500
0.05859375
-0.58984375
-0.78906250
0.06640625
0.24609375
0.05859375
-0.28515625
-0.26171875
-0.00781250
-0.80078125
-0.75781250
-0.12500000
0.37109375
0.10156250
-0.12890625
-0.28906250
0.48046875
-0.72265625
-0.53515625
-0.05468750
0.12109375
0.08593750
-0.53515625
0.03906250
-0.18750000
-0.51171875
-0.66406250
-0.12890625
0.16796875
-0.09765625
-0.47656250
0.00390625
-0.02343750
-0.27734375
-0.83203125
-0.17187500
0.13671875
-0.04687500
-0.19531250
-0.11718750
0.32421875
-0.64453125
-0.77734375
-0.00781250
0.26562500
0.07421875
-0.14453125
-0.11718750
0.29296875
-0.57812500
-1.05468750
-0.16406250
-0.12500000
0.38281250
-0.51562500
0.51953125
-1.01953125
0.30468750
-0.17578125
-0.16796875
0.13281250
-0.19140625
-0.04687500
-0.23437500
0.71093750
-0.21484375
-0.42187500
-0.08203125
0.23437500
0.10546875
-0.35546875
-0.05859375
0.10156250
-0.51562500
-0.74218750
-0.05468750
0.04296875
0.01171875
-0.28125000
-0.12109375
0.09765625
-0.66015625
-0.75390625
0.06640625
0.14453125
0.21875000
-0.52343750
-0.12109375
0.25000000
-0.58203125
-0.61718750
0.05468750
0.09375000
0.05078125
-0.46875000
-0.14843750
-0.09765625
-0.57031250
-0.53906250
-0.08203125
0.24218750
0.16015625
-0.42578125
-0.14453125
0.01562500
-0.71484375
-0.62890625
-0.06640625
0.30078125
0.16015625
-0.33203125
-0.14453125
0.16796875
-0.70312500
-0.55078125
0.05468750
0.23828125
0.07031250
-0.45312500
-0.20312500
0.20703125
-0.65234375
-0.47656250
0.00000000
0.12109375
0.07421875
-0.34375000
-0.28515625
0.13671875
-0.60937500
-0.60937500
-0.03125000
0.31640625
0.17578125
-0.16406250
-0.25000000
0.12109375
-0.68750000
-0.59765625
-0.05468750
0.25781250
0.19921875
-0.33203125
-0.19531250
0.06250000
-0.67578125
-0.53515625
-0.03125000
0.17187500
0.07812500
0.10156250
-0.39843750
-0.00390625
-0.70703125
-0.48437500
0.18359375
0.14062500
0.21093750
-0.45312500
-0.18750000
-0.15234375
-0.57812500
-0.63281250
-0.11718750
0.12890625
0.14843750
-0.08593750
-0.31250000
-0.03125000
-0.61718750
-0.51171875
-0.24218750
0.13671875
0.34375000
-0.35937500
-0.05859375
-0.17578125
-0.51171875
-0.71093750
-0.03906250
-0.27343750
0.10546875
0.28906250
0.02734375
-0.39843750
-0.10546875
0.04296875
-0.04296875
0.46875000
0.15625000
-0.38671875
0.21093750
0.03125000
-0.74609375
-0.52734375
0.12890625
0.11718750
0.07421875
-0.28515625
-0.15625000
0.13281250
-0.55859375
-0.79687500
-0.11718750
0.10156250
0.08203125
-0.41796875
-0.02343750
-0.20312500
-0.38281250
-0.64843750
0.05078125
0.09765625
0.08203125
-0.39843750
-0.05859375
-0.02734375
-0.43750000
-0.60156250
0.01953125
0.10156250
0.12109375
-0.31640625
-0.21093750
0.01171875
-0.57421875
-0.65625000
0.07031250
0.21093750
0.03906250
-0.41406250
-0.20703125
0.13281250
-0.35937500
-0.48437500
0.03906250
0.27734375
0.04296875
-0.23437500
-0.23046875
0.20703125
-0.69531250
-0.63281250
-0.03125000
0.28515625
0.15625000
-0.35937500
-0.28125000
0.23046875
-0.69921875
-0.56640625
-0.00781250
0.23828125
0.15234375
-0.29296875
-0.40234375
0.15234375
-0.71875000
-0.56640625
-0.08593750
0.26953125
0.14062500
-0.19921875
-0.40625000
0.01171875
-0.73828125
-0.56250000
-0.04296875
0.25781250
-0.01953125
-0.33203125
-0.32421875
0.06640625
-0.70312500
-0.57421875
-0.00390625
0.15625000
0.15625000
-0.42968750
-0.31640625
-0.25390625
-0.75000000
-0.46093750
0.04687500
0.19921875
0.19531250
-0.30078125
-0.35937500
-0.03906250
-0.69921875
-0.46093750
-0.06250000
0.14453125
0.24218750
-0.32031250
0.07031250
-0.34375000
-0.52734375
-0.69531250
-0.06640625
0.08203125
0.05468750
-0.41796875
-0.12890625
-0.17578125
-0.43750000
-0.41406250
-0.20312500
-0.09765625
0.21875000
0.74218750
-0.37890625
-0.50000000
-0.24218750
-0.34375000
-0.42578125
0.28906250
0.16406250
0.42578125
0.12500000
0.69921875
-0.37890625
-0.58203125
0.62109375
0.15625000
-0.11718750
-0.29296875
-0.26171875
0.18750000
-0.63281250
-0.55078125
0.11718750
0.05468750
0.04296875
-0.25781250
0.08203125
-0.11718750
-0.44140625
-0.74218750
0.15234375
0.12890625
0.07812500
-0.25000000
-0.41015625
-0.05468750
-0.55468750
-0.55078125
0.02343750
0.15234375
0.10156250
-0.51171875
-0.07812500
-0.30078125
-0.50390625
-0.59375000
-0.08984375
0.19531250
0.01562500
-0.35156250
-0.37109375
-0.07031250
-0.69921875
-0.60546875
-0.02734375
0.21875000
0.07031250
-0.33984375
-0.21875000
0.20312500
-0.67578125
-0.54296875
0.12500000
0.21484375
0.14843750
-0.32812500
-0.28125000
0.16796875
-0.64062500
-0.63281250
0.00781250
0.20312500
-0.04687500
-0.46093750
-0.39843750
0.17968750
-0.58203125
-0.34375000
0.00781250
0.33984375
-0.02343750
-0.28906250
-0.34375000
0.26562500
-0.63281250
-0.47656250
-0.03125000
0.16406250
0.05859375
-0.42187500
-0.27343750
-0.08593750
-0.49218750
-0.50781250
-0.03125000
0.26562500
0.03515625
-0.31250000
-0.41015625
0.03515625
-0.60937500
-0.34375000
-0.11328125
0.24218750
0.16796875
-0.49609375
-0.16406250
-0.03125000
-0.56640625
-0.33984375
0.12890625
0.14453125
0.03515625
-0.32812500
-0.20312500
-0.37109375
-0.60546875
-0.52734375
0.00390625
0.20312500
0.30078125
-0.01171875
-0.05859375
-0.48437500
-0.31250000
-0.96484375
0.14453125
0.30468750
-0.13281250
0.13281250
-0.40234375
0.14453125
-0.58984375
-0.50390625
0.10546875
-0.08203125
-0.11328125
0.10937500
-0.31640625
-0.05078125
-0.26953125
-0.30468750
0.46484375
0.23437500
0.01171875
-0.35937500
-0.39843750
-0.03125000
-0.59765625
-0.46484375
-0.07031250
0.16406250
0.03906250
-0.03906250
-0.50390625
0.41015625
-0.53515625
-0.28515625
0.06250000
0.09375000
0.08593750
-0.44140625
-0.10156250
-0.10156250
-0.45703125
-0.54687500
-0.00390625
0.24218750
0.05468750
-0.55078125
-0.31640625
-0.15234375
-0.70312500
-0.43750000
-0.02343750
0.18750000
0.18359375
-0.12109375
-0.30078125
0.02343750
-0.50781250
-0.51562500
0.18750000
0.30859375
-0.05859375
-0.39062500
-0.33203125
0.15625000
-0.64453125
-0.56250000
0.02734375
0.23437500
0.04296875
-0.54687500
-0.18359375
0.08593750
-0.63671875
-0.51562500
-0.03515625
0.25390625
0.10937500
-0.30078125
-0.25781250
0.13281250
-0.69140625
-0.50781250
0.17187500
0.33593750
0.05468750
-0.33984375
-0.35937500
0.05859375
-0.61328125
-0.60156250
0.02734375
0.32812500
0.09375000
-0.41796875
-0.27343750
-0.00781250
-0.62890625
-0.37109375
-0.05859375
0.28906250
0.16796875
-0.27734375
-0.28515625
-0.01953125
-0.64453125
-0.54296875
0.03906250
0.30468750
0.10156250
-0.31640625
-0.35546875
-0.18359375
-0.65234375
-0.44531250
-0.07031250
0.18359375
0.07421875
-0.38281250
-0.20703125
-0.18750000
-0.64062500
-0.44531250
0.12500000
0.22265625
0.14843750
-0.24218750
-0.23046875
-0.19531250
-0.48046875
-0.68359375
-0.07812500
0.19531250
0.28515625
0.39062500
-0.43359375
0.20312500
-0.12500000
-0.63671875
-0.25781250
-0.01171875
0.03125000
0.23046875
-0.46875000
0.16406250
-0.13671875
-0.75000000
0.18750000
0.25390625
0.04296875
-0.44921875
-0.25390625
0.05859375
-0.64062500
-0.52734375
-0.02734375
0.19921875
0.08984375
-0.14453125
-0.42968750
0.14843750
-0.54687500
-0.55859375
0.16015625
0.10546875
-0.01562500
-0.42968750
-0.09375000
-0.02734375
-0.46875000
-0.67187500
0.00000000
0.28906250
-0.10937500
-0.21093750
-0.27734375
0.13671875
-0.55468750
-0.43359375
0.12109375
0.28906250
-0.01171875
-0.43750000
-0.12500000
-0.10937500
-0.44531250
-0.64843750
0.02343750
0.32421875
0.12109375
-0.28125000
-0.37109375
0.01171875
-0.58593750
-0.48046875
0.03906250
0.03906250
-0.12109375
-0.43750000
-0.25000000
0.10156250
-0.63281250
-0.60546875
0.03125000
0.38671875
0.22265625
-0.33984375
-0.42968750
0.09375000
-0.68359375
-0.44531250
-0.05468750
0.36718750
0.11328125
-0.20703125
-0.56250000
0.20703125
-0.70703125
-0.30078125
-0.07031250
0.33984375
0.00781250
-0.31640625
-0.27734375
0.04687500
-0.69531250
-0.54296875
0.00781250
0.39062500
0.07031250
-0.26953125
-0.39062500
0.12890625
-0.67578125
-0.40234375
-0.02734375
0.15625000
0.05468750
-0.62109375
-0.23437500
-0.15234375
-0.67968750
-0.47656250
0.07812500
0.19140625
0.07812500
-0.07031250
-0.25000000
0.02734375
-0.57421875
-0.46875000
0.08593750
0.19531250
-0.03125000
0.13671875
-0.13671875
0.02343750
-0.61328125
-0.85546875
-0.02734375
0.19921875
0.03515625
0.21875000
-0.62500000
-0.01562500
-0.71093750
-0.78515625
0.20312500
0.10546875
0.01171875
0.35156250
-0.44531250
0.07421875
-0.30468750
-0.66406250
-0.16796875
0.23437500
-0.00390625
-0.27734375
-0.23828125
0.00781250
-0.60937500
-0.48437500
0.06640625
0.19531250
-0.07812500
-0.45703125
-0.25390625
-0.07421875
-0.56640625
-0.52734375
-0.00781250
0.26562500
-0.14062500
0.00000000
-0.63281250
0.48437500
-0.62109375
-0.23437500
0.10937500
0.19921875
-0.03515625
-0.35937500
-0.33203125
-0.03515625
-0.71093750
-0.42187500
0.23437500
0.28906250
-0.00781250
-0.26171875
-0.46875000
0.14453125
-0.62500000
-0.35546875
0.01953125
0.27734375
-0.02734375
-0.26171875
-0.33984375
0.16406250
-0.67187500
-0.46484375
0.17578125
0.11328125
0.00781250
-0.62500000
-0.18750000
-0.25781250
-0.51953125
-0.46875000
0.03125000
0.32031250
-0.01953125
-0.28515625
-0.34375000
0.25000000
-0.71484375
-0.66015625
0.02734375
0.35156250
0.03906250
-0.32421875
-0.28125000
0.18750000
-0.75781250
-0.52343750
-0.02343750
0.29296875
0.07812500
-0.22265625
-0.28515625
0.24609375
-0.81640625
-0.51953125
0.07031250
0.22656250
-0.16406250
-0.33203125
-0.34765625
0.04687500
-0.73046875
-0.48046875
0.12890625
0.17968750
-0.04296875
-0.53906250
-0.15625000
0.05859375
-0.57031250
-0.51562500
-0.03515625
0.17968750
0.01171875
-0.11328125
-0.14453125
-0.12500000
-0.46875000
-0.76953125
0.06250000
0.41796875
0.10156250
0.08203125
-0.46875000
0.22656250
-0.78125000
-0.52343750
0.06250000
0.18750000
-0.16796875
-0.22656250
-0.21093750
0.24218750
-0.74609375
-0.58593750
-0.03906250
0.20703125
0.16406250
-0.11328125
-0.12109375
-0.21093750
-0.66796875
-0.45703125
0.30468750
0.19140625
-0.02734375
-0.16406250
-0.43359375
0.16796875
-0.77734375
-0.58203125
0.15625000
0.22265625
-0.00781250
-0.25000000
-0.46875000
0.17187500
-0.69921875
-0.24609375
0.17968750
0.37890625
0.11718750
-0.37890625
-0.36718750
-0.18359375
-0.65234375
-0.36718750
0.08984375
0.19921875
0.03515625
-0.22265625
-0.35156250
0.08203125
-0.70703125
-0.58593750
0.14453125
0.31250000
0.04296875
-0.09765625
-0.35546875
0.20703125
-0.69531250
-0.52734375
0.06640625
0.29296875
-0.01562500
-0.20312500
-0.34375000
0.28515625
-0.65625000
-0.46875000
0.07812500
0.19140625
0.00390625
-0.31250000
-0.30859375
0.17187500
-0.68359375
-0.53906250
0.01171875
0.15625000
0.06640625
-0.24218750
-0.29687500
0.42187500
-0.73046875
-0.55859375
0.15625000
0.26171875
0.02734375
-0.17968750
-0.23046875
0.23828125
-0.71093750
-0.75781250
0.08984375
0.28906250
-0.02343750
-0.33984375
-0.37109375
0.08203125
-0.73046875
-0.57031250
0.05859375
0.18750000
-0.00781250
-0.37890625
-0.22265625
0.19531250
-0.69140625
-0.45703125
-0.04296875
0.16796875
0.06640625
-0.18359375
-0.12500000
0.01171875
-0.69140625
-0.56640625
0.03125000
0.26562500
0.03515625
-0.30859375
-0.19921875
0.18359375
-0.82812500
-0.64843750
0.10156250
0.27343750
0.14843750
-0.14453125
-0.31250000
0.30468750
-0.75390625
-0.61328125
-0.01171875
0.21093750
0.10156250
-0.12890625
-0.28906250
0.06640625
-0.83984375
-0.56640625
0.12890625
0.22265625
0.02734375
-0.23437500
-0.30468750
0.17578125
-0.81640625
-0.57421875
0.19531250
0.21484375
-0.02734375
-0.28125000
-0.29296875
0.01562500
-0.77343750
-0.58203125
0.03906250
0.12500000
-0.02343750
-0.36328125
-0.25000000
0.01171875
-0.67968750
-0.60156250
0.17968750
0.30078125
-0.08593750
-0.18359375
-0.43359375
0.24218750
-0.64453125
-0.32421875
0.11718750
0.24609375
0.05078125
-0.11328125
-0.24609375
-0.06640625
-0.67578125
-0.86718750
0.16406250
0.16796875
0.00781250
-0.35937500
-0.31250000
-0.02343750
-0.67968750
-0.61718750
0.07421875
0.37500000
-0.02734375
-0.15625000
-0.48437500
0.27734375
-0.70312500
-0.43359375
0.05078125
0.14453125
-0.12109375
-0.40625000
-0.22265625
0.25000000
-0.72656250
-0.57812500
0.16406250
0.19921875
0.25000000
-0.38281250
-0.21093750
0.07421875
-0.76171875
-0.88281250
-0.02343750
0.16015625
0.02734375
-0.37500000
-0.23437500
0.05468750
-0.67187500
-0.70312500
0.14062500
0.25000000
-0.04296875
0.08593750
-0.17187500
0.15234375
-0.80078125
-0.80859375
0.04296875
0.21875000
-0.05468750
-0.04687500
-0.37500000
0.16796875
-0.93359375
-0.71093750
0.17968750
0.22656250
-0.01953125
-0.34765625
-0.26171875
0.01953125
-0.64843750
-0.63281250
0.16015625
0.21484375
0.04296875
-0.17187500
-0.33203125
0.23046875
-0.79687500
-0.55468750
0.05468750
0.08593750
-0.06250000
-0.12500000
-0.26171875
0.23828125
-0.66796875
-0.79296875
0.13671875
0.17968750
-0.04296875
-0.16015625
-0.40625000
0.39453125
-0.92968750
-0.70312500
0.14453125
0.14453125
0.06250000
-0.24609375
-0.22265625
0.03906250
-0.74218750
-0.74609375
0.32812500
0.07421875
-0.03515625
-0.30468750
-0.31640625
0.08984375
-0.74609375
-0.46093750
0.23046875
0.08984375
-0.00781250
-0.22656250
-0.38281250
0.12890625
-0.71093750
-0.61718750
0.25000000
0.17187500
0.04296875
0.01953125
-0.33203125
0.37109375
-0.69921875
-0.71093750
0.26953125
0.13281250
0.24609375
-0.21484375
-0.25000000
-0.00781250
-0.78125000
-0.78125000
0.17187500
0.23828125
0.13281250
-0.25390625
-0.27343750
0.30859375
-0.65234375
-0.68359375
0.04296875
0.10156250
0.02343750
-0.32421875
-0.15625000
-0.05468750
-0.73828125
-0.67968750
0.16406250
0.28515625
0.00390625
-0.17968750
-0.32031250
0.45312500
-0.78125000
-0.86328125
-0.05468750
0.13281250
0.05078125
-0.34765625
-0.21484375
-0.01171875
-0.57031250
-0.77343750
0.08984375
0.19140625
0.09375000
-0.18750000
-0.24609375
0.16796875
-0.66406250
-0.68750000
0.05078125
0.21875000
-0.01953125
-0.05468750
-0.17968750
0.02734375
-0.84375000
-0.78125000
0.21875000
0.26171875
-0.00781250
-0.49609375
-0.44531250
-0.17187500
-0.81250000
-0.40625000
0.12109375
0.16796875
0.15234375
-0.28906250
-0.35937500
0.25781250
-0.79296875
-0.58203125
0.12500000
0.14843750
0.03125000
-0.36328125
-0.33593750
0.20703125
-0.55468750
-0.69921875
0.10546875
0.17187500
-0.09765625
-0.27734375
-0.26953125
0.32812500
-0.72656250
-0.64453125
0.04296875
0.09765625
-0.10937500
-0.21093750
-0.29687500
0.29296875
-0.75000000
-0.55078125
0.18750000
0.17578125
0.01171875
-0.08593750
-0.27343750
0.32421875
-0.75390625
-0.63671875
0.21484375
0.16796875
0.16015625
-0.43750000
-0.27343750
0.13671875
-0.73437500
-0.55468750
0.18750000
0.10937500
0.19921875
-0.26562500
-0.17968750
0.12109375
-0.62500000
-0.64843750
0.23046875
0.05859375
-0.03125000
-0.31250000
-0.23828125
0.31640625
-0.50390625
-0.48828125
0.20312500
0.15234375
0.12890625
-0.26953125
-0.35546875
0.25390625
-0.64062500
-0.81250000
0.02734375
0.15625000
0.14453125
-0.31250000
-0.01171875
0.18359375
-0.38281250
-0.78906250
0.15234375
0.13281250
0.05468750
-0.31250000
-0.18750000
0.18359375
-0.57421875
-0.75000000
0.20312500
0.18750000
0.00000000
-0.14843750
-0.36328125
0.39062500
-0.70312500
-0.59765625
0.14062500
0.03125000
0.02734375
-0.18359375
-0.27734375
0.21484375
-0.61328125
-0.67187500
0.09765625
0.14062500
0.00390625
-0.51562500
-0.33593750
-0.06250000
-0.53125000
-0.43359375
0.14843750
0.16015625
0.00000000
-0.32421875
-0.39062500
0.09765625
-0.60937500
-0.53125000
0.12500000
0.16015625
-0.06640625
-0.47265625
-0.23828125
0.23437500
-0.53125000
-0.53906250
0.07812500
0.08203125
0.05468750
-0.46875000
-0.18359375
0.10546875
-0.51953125
-0.62500000
0.13671875
0.10937500
-0.03906250
-0.41406250
-0.29687500
0.23828125
-0.46484375
-0.55078125
0.15625000
0.11718750
0.01562500
-0.36718750
-0.32031250
0.32031250
-0.59375000
-0.67968750
0.12109375
0.13671875
-0.09375000
-0.35937500
-0.22265625
0.18750000
-0.58203125
-0.73437500
0.19921875
0.08984375
-0.05078125
-0.37890625
-0.20703125
0.19531250
-0.48828125
-0.61328125
0.10546875
0.05078125
-0.11718750
-0.48828125
-0.06640625
0.13671875
-0.55468750
-0.57031250
0.10546875
0.05859375
-0.16015625
-0.44140625
-0.20703125
0.26953125
-0.60937500
-0.59375000
0.23046875
0.05859375
0.00000000
-0.23437500
-0.26562500
0.30078125
-0.41406250
-0.51562500
0.17578125
0.06640625
0.15234375
-0.35546875
-0.11718750
0.18750000
-0.40625000
-0.74609375
0.16406250
0.21484375
0.12109375
-0.10937500
-0.17187500
0.39843750
-0.55468750
-0.75000000
0.16015625
0.22656250
0.11328125
-0.17578125
-0.06250000
0.29296875
-0.63671875
-0.84765625
0.08984375
0.24218750
0.04687500
-0.38281250
-0.05468750
0.30468750
-0.58984375
-0.73828125
-0.02343750
-0.23437500
0.78515625
-0.40234375
0.01171875
0.21875000
0.10546875
0.44140625
0.19140625
-0.23046875
1.01562500
-0.49609375
0.05859375
0.34375000
0.18359375
0.44921875
0.18750000
-0.30078125
0.87109375
-0.44140625
0.16015625
0.36718750
0.11328125
0.29296875
0.20703125
0.11718750
0.78906250
-0.07812500
0.27734375
-0.15625000
0.30078125
0.28906250
-0.03906250
0.06640625
0.22656250
-0.43359375
0.00000000
0.38281250
0.05859375
0.32421875
-0.37109375
-0.27734375
0.90625000
-0.28906250
0.05468750
0.03515625
0.25781250
0.17578125
0.37890625
-0.24609375
0.80078125
-0.37109375
0.08203125
0.13671875
0.28906250
0.29296875
0.33984375
0.12890625
0.75000000
-0.05078125
0.01562500
0.13281250
0.32812500
0.30078125
0.22656250
-0.03515625
0.99218750
-0.34765625
-0.03515625
0.14062500
0.07421875
0.56250000
0.08984375
-0.11718750
0.94531250
-0.24609375
0.06250000
0.17578125
0.19921875
0.37109375
0.48046875
-0.09375000
0.85156250
-0.45703125
0.16796875
0.38281250
0.05859375
0.30078125
0.27734375
0.70703125
-0.13281250
-0.01171875
-0.07031250
-0.46093750
0.23437500
0.30468750
0.07031250
-0.03125000
0.08593750
-0.26171875
0.21875000
0.61328125
0.27734375
-0.12890625
0.16406250
-0.07031250
0.77734375
-0.38671875
-0.01171875
0.02734375
0.21484375
0.38281250
0.26562500
-0.03515625
0.83984375
-0.22265625
0.15625000
0.17968750
0.19140625
0.37109375
0.26562500
-0.16015625
0.79687500
-0.14453125
0.09375000
0.26562500
0.41406250
0.33984375
0.21093750
-0.03125000
0.78125000
-0.26953125
-0.09765625
-0.01171875
0.07812500
0.38671875
0.40625000
-0.04687500
0.83203125
-0.28125000
-0.05078125
0.23046875
0.23437500
0.35156250
0.37890625
0.12890625
0.56640625
-0.09765625
0.21875000
0.48046875
0.29687500
0.32031250
0.04296875
0.75781250
-0.14843750
0.12890625
-0.03515625
-0.37890625
0.23437500
0.04296875
-0.14453125
0.03906250
0.48437500
0.18359375
0.67187500
0.37890625
0.03125000
0.45312500
-0.07421875
-0.08593750
0.73046875
-0.28906250
0.08984375
-0.21875000
0.26953125
0.34765625
0.30468750
-0.21875000
0.81640625
-0.32031250
-0.09765625
0.03125000
0.12890625
0.28125000
0.25000000
0.10546875
0.74609375
-0.09765625
-0.21875000
0.09765625
0.22656250
0.38281250
0.35937500
0.13671875
0.84375000
-0.07031250
-0.05078125
-0.03906250
0.19921875
0.44921875
0.17968750
0.12109375
0.88671875
-0.26562500
-0.07031250
-0.13671875
0.21875000
0.35156250
0.27343750
0.25781250
0.87109375
-0.36328125
0.12500000
0.11718750
0.25000000
0.18359375
0.34375000
0.17578125
0.64843750
-0.25781250
-0.15625000
-0.03125000
-0.36718750
0.32812500
0.28125000
0.04687500
0.63671875
0.07421875
0.21875000
-0.28515625
-0.07031250
0.44531250
0.13671875
-0.26953125
0.96484375
-0.23437500
0.10156250
0.35546875
0.39843750
0.19921875
0.36328125
-0.08593750
0.67968750
-0.43359375
-0.07031250
0.19140625
0.25390625
0.15234375
0.08984375
0.19921875
0.85937500
-0.14453125
-0.21484375
0.01171875
0.21484375
0.40625000
0.21093750
-0.05859375
0.68359375
-0.37500000
-0.15625000
-0.04687500
0.13671875
0.32812500
0.23437500
-0.02343750
0.86718750
-0.23828125
-0.17578125
0.04687500
0.18359375
0.42578125
0.27343750
0.58593750
0.62890625
0.01171875
0.42187500
-0.26953125
0.12500000
0.42968750
0.31250000
-0.09765625
0.60156250
-0.08593750
0.43750000
0.89843750
-0.26171875
0.33984375
0.50390625
-0.21484375
0.47265625
-0.18359375
0.12500000
-0.23046875
0.59375000
0.03125000
0.29296875
-0.14062500
0.71484375
-0.37890625
0.01171875
0.22265625
0.05859375
0.20703125
0.45703125
-0.12500000
0.95312500
-0.38671875
-0.03906250
0.21875000
0.06640625
0.12109375
0.50781250
0.03515625
0.72265625
-0.41796875
-0.26171875
0.28906250
0.29687500
0.33984375
0.25390625
-0.05859375
0.66015625
-0.37500000
-0.02734375
0.23437500
0.10546875
0.42187500
0.33593750
-0.07421875
0.79687500
-0.08593750
-0.19531250
-0.02734375
0.14843750
0.38281250
0.54296875
-0.27343750
0.69140625
-0.46875000
-0.06250000
0.11718750
0.06640625
0.14062500
0.34375000
0.45312500
0.47656250
-0.07421875
0.30859375
0.39843750
0.36718750
0.16796875
0.53515625
0.21093750
-0.03906250
-0.00781250
-0.09375000
-0.35937500
0.41406250
-0.11718750
-0.12500000
-0.22265625
0.67578125
-0.35156250
0.07812500
0.36718750
0.16406250
0.12109375
0.50781250
-0.07812500
0.61328125
-0.37890625
-0.07421875
0.35156250
-0.01562500
0.37109375
0.16015625
0.04296875
0.75000000
-0.32031250
-0.04296875
0.22265625
0.34375000
0.28515625
0.23437500
-0.02343750
0.50781250
-0.39843750
-0.04687500
0.16796875
0.10546875
0.37109375
0.33593750
-0.14062500
0.72656250
-0.29687500
-0.26953125
0.03515625
0.16406250
0.38671875
0.39062500
0.00390625
0.62500000
-0.29296875
-0.08593750
-0.08203125
0.10937500
0.26171875
0.26171875
0.49609375
0.47656250
-0.15234375
0.14843750
-0.22265625
0.04296875
0.36328125
-0.10546875
-0.16796875
-0.01171875
-0.00390625
-0.37890625
-0.09375000
0.75781250
-0.25390625
-0.03515625
-0.30078125
0.60546875
-0.27734375
-0.22265625
0.19921875
0.17968750
0.15234375
0.39843750
0.11718750
0.79296875
-0.30468750
0.09765625
0.30468750
0.04687500
0.26171875
0.57421875
-0.03125000
0.83593750
-0.23828125
-0.08203125
0.18359375
0.26562500
0.28125000
0.25390625
-0.01562500
0.71093750
-0.44921875
-0.04296875
0.08593750
0.25390625
0.24609375
0.10546875
-0.07421875
0.70703125
-0.36328125
0.03515625
0.12890625
0.23437500
0.25781250
0.14843750
-0.18750000
0.60546875
-0.59765625
-0.02734375
0.35546875
0.20703125
0.23828125
-0.00390625
0.04296875
0.35937500
-0.11718750
-0.00781250
-0.05859375
0.23437500
0.11328125
0.13671875
-0.12890625
0.42187500
-0.45703125
-0.09375000
0.22265625
0.28906250
0.05078125
-0.21484375
-0.11718750
0.59375000
-0.37890625
0.03906250
0.24218750
0.23828125
-0.03515625
0.31250000
-0.16406250
0.76953125
-0.42578125
-0.02734375
0.35937500
0.16015625
0.17578125
0.08203125
-0.18750000
0.72656250
-0.30468750
-0.16406250
0.07421875
0.15625000
0.16796875
0.37500000
0.08984375
-0.00781250
-0.47265625
-0.32812500
0.06250000
-0.30859375
0.13671875
0.82812500
0.07031250
0.08593750
-0.51171875
-0.25781250
0.05078125
-0.31640625
0.13671875
0.83984375
0.02343750
0.08203125
-0.48437500
-0.29296875
0.05468750
-0.26953125
0.08593750
0.90625000
0.00000000
0.05468750
-0.45703125
-0.29296875
0.07421875
-0.25781250
0.02734375
0.96093750
0.05468750
0.03906250
-0.48437500
-0.25781250
0.08203125
-0.29687500
0.03906250
0.90234375
0.14062500
-0.03515625
-0.51562500
-0.21093750
0.08984375
-0.34765625
0.05078125
0.76562500
0.19531250
-0.03515625
-0.51562500
-0.20312500
0.06250000
-0.33593750
0.04296875
0.67578125
0.23046875
-0.04687500
-0.48046875
-0.23046875
0.03125000
-0.27734375
0.04296875
0.67187500
0.16406250
-0.04296875
-0.42187500
-0.26953125
0.03125000
-0.23828125
-0.01953125
0.75000000
0.11328125
-0.01562500
-0.37890625
-0.27343750
0.04296875
-0.21093750
-0.05468750
0.85156250
0.03906250
0.02734375
-0.39843750
-0.23828125
0.07812500
-0.25390625
-0.06640625
0.96093750
0.03125000
0.08593750
-0.46093750
-0.19921875
0.08984375
-0.30468750
-0.02734375
0.91015625
0.07031250
0.10156250
-0.49218750
-0.17578125
0.08984375
-0.31640625
0.03515625
0.83203125
0.07421875
0.11718750
-0.47656250
-0.19531250
0.06250000
-0.28515625
0.04687500
0.82812500
0.02734375
0.09765625
-0.41406250
-0.26562500
0.07812500
-0.19921875
0.04296875
0.89062500
0.16406250
-0.04296875
-0.32812500
-0.33203125
0.13281250
-0.08593750
0.02343750
0.79687500
0.07421875
0.09375000
-0.46484375
-0.23437500
-0.01953125
-0.43750000
0.17968750
0.86718750
0.04296875
0.18359375
-0.48046875
-0.17578125
-0.00390625
-0.42968750
0.18359375
0.86328125
0.02343750
0.16796875
-0.46875000
-0.21875000
-0.00390625
-0.37500000
0.13281250
0.94140625
-0.00390625
0.14062500
-0.46093750
-0.22265625
0.01953125
-0.36328125
0.07031250
0.98828125
0.04296875
0.13281250
-0.47265625
-0.15625000
0.01953125
-0.44140625
0.08203125
0.92187500
0.12109375
0.08984375
-0.49218750
-0.11328125
0.02343750
-0.48046875
0.07812500
0.80078125
0.17968750
0.06640625
-0.48437500
-0.10937500
0.01562500
-0.46093750
0.08593750
0.71484375
0.21093750
0.06640625
-0.45703125
-0.14062500
0.00000000
-0.39843750
0.05859375
0.72265625
0.17968750
0.07031250
-0.42968750
-0.18750000
0.00000000
-0.34765625
0.03906250
0.80078125
0.08984375
0.07031250
-0.40234375
-0.20312500
0.00000000
-0.33203125
-0.02734375
0.91406250
0.03125000
0.12109375
-0.41015625
-0.16796875
0.00781250
-0.37500000
-0.03125000
0.96093750
0.03906250
0.19140625
-0.44140625
-0.09765625
0.02734375
-0.43750000
0.01562500
0.92578125
0.06250000
0.23437500
-0.46875000
-0.05468750
0.02343750
-0.45703125
0.06640625
0.85546875
0.04687500
0.23828125
-0.46093750
-0.10156250
0.01562500
-0.40625000
0.08593750
0.86718750
0.04296875
0.19921875
-0.42578125
-0.18359375
0.02343750
-0.31250000
0.07421875
0.92968750
0.12890625
0.05468750
-0.36718750
-0.26953125
0.07031250
-0.21093750
0.07421875
0.86718750
0.08203125
0.16015625
0.10546875
0.13671875
-0.19531250
0.09375000
0.65234375
0.62500000
0.05468750
0.22656250
0.08203125
0.10937500
-0.20703125
0.09375000
0.64453125
0.61718750
0.09375000
0.18750000
0.12500000
0.13671875
-0.17578125
0.10937500
0.64062500
0.61718750
0.08984375
0.18359375
0.10937500
0.13281250
-0.25390625
0.12109375
0.58593750
0.64843750
0.08203125
0.19921875
0.06250000
0.07421875
-0.21875000
0.05468750
0.59375000
0.64453125
0.08984375
0.13671875
0.04296875
0.09375000
-0.22265625
0.05468750
0.58984375
0.64062500
0.10546875
0.17578125
0.09375000
0.10546875
-0.17968750
0.04687500
0.64843750
0.57031250
0.10156250
0.17187500
0.07812500
0.15234375
-0.21875000
0.10546875
0.64843750
0.57031250
0.14062500
0.15625000
0.07421875
0.08984375
-0.27343750
0.08984375
0.59375000
0.61718750
0.11328125
0.08984375
0.06640625
0.04687500
-0.28515625
0.08984375
0.55468750
0.64843750
0.08203125
0.08593750
0.06250000
-0.00781250
-0.28515625
0.06250000
0.51171875
0.70703125
0.10937500
0.08203125
0.06640625
0.04687500
-0.28906250
0.06250000
0.55078125
0.66406250
0.06640625
0.10937500
0.04687500
0.01562500
-0.33984375
0.04687500
0.51953125
0.65625000
0.03906250
0.14062500
0.04687500
0.01171875
-0.26171875
0.04687500
0.55468750
0.68750000
0.07421875
0.14843750
0.07031250
-0.01562500
-0.31640625
0.09765625
0.53125000
0.68750000
0.14453125
0.02734375
0.05078125
-0.05468750
-0.28515625
0.12109375
0.51953125
0.62500000
-0.13671875
0.63671875
-0.40234375
-0.19140625
0.11718750
0.30078125
0.28515625
0.21484375
-0.14843750
0.82421875
-0.37500000
0.00390625
0.23046875
0.20312500
0.49609375
0.26562500
-0.02343750
0.69921875
-0.34765625
-0.09765625
0.13671875
0.28906250
0.35156250
0.25000000
-0.09765625
0.78125000
-0.41796875
-0.10156250
0.15625000
0.22656250
0.30859375
0.30078125
-0.23046875
0.73046875
-0.33984375
-0.03515625
0.21484375
0.26562500
0.11328125
0.33203125
0.04687500
0.71093750
-0.12890625
0.03906250
0.20703125
0.21484375
0.39453125
0.18359375
-0.13671875
0.74218750
-0.37500000
0.14843750
0.27734375
0.16015625
0.23046875
0.18750000
0.17578125
0.77343750
-0.15234375
0.09375000
0.27343750
0.25390625
0.39062500
0.13281250
-0.12890625
0.69921875
-0.34375000
-0.03515625
0.22656250
0.28906250
0.30468750
0.13671875
0.12500000
0.80859375
-0.08984375
-0.09375000
-0.00781250
0.29296875
0.28906250
0.24218750
-0.04296875
0.74609375
-0.19531250
0.00000000
0.16796875
0.37890625
0.22656250
0.10546875
0.02734375
0.72265625
-0.21093750
0.17578125
0.19531250
0.33593750
0.16406250
0.25000000
-0.10546875
0.91406250
-0.31640625
0.04296875
0.20312500
0.30859375
0.24609375
0.19140625
0.05078125
0.75781250
-0.24609375
-0.15625000
-0.05468750
0.25390625
0.33984375
0.37890625
-0.14062500
0.72265625
-0.32031250
-0.31250000
-0.01562500
0.41406250
0.26171875
0.12890625
0.06640625
0.58593750
-0.07421875
-0.09375000
0.28906250
0.57031250
0.23828125
0.28125000
-0.16015625
0.74609375
-0.38281250
-0.11718750
0.06250000
0.19921875
0.28125000
0.25000000
-0.00390625
0.71875000
-0.38281250
-0.14062500
0.05468750
0.17578125
0.38281250
0.32031250
-0.01171875
0.64843750
-0.32031250
-0.01953125
0.21093750
0.33203125
0.35937500
0.28125000
0.08984375
0.58203125
-0.37109375
-0.12890625
0.05468750
0.29687500
0.26562500
0.15234375
-0.01953125
0.78125000
-0.33984375
0.16796875
0.50390625
0.07812500
0.44531250
0.12890625
0.08984375
0.62500000
-0.17968750
0.05468750
0.05078125
0.18359375
0.41796875
0.10156250
-0.08593750
0.88671875
-0.24218750
0.06640625
0.11718750
0.27734375
0.19531250
0.23828125
0.01562500
0.78515625
-0.38281250
0.05859375
0.31640625
0.29687500
0.27734375
-0.06250000
-0.01562500
0.78906250
-0.14453125
-0.00781250
0.00000000
0.24609375
0.14843750
0.26171875
0.14843750
0.67578125
-0.23437500
0.11328125
0.13671875
0.34375000
0.19531250
0.14453125
0.03125000
0.76953125
-0.22656250
-0.26171875
0.07812500
0.35156250
0.11718750
0.14843750
-0.08593750
0.91406250
-0.23046875
0.05859375
0.30859375
0.18750000
0.25781250
0.29296875
-0.03125000
0.94140625
-0.21484375
0.17187500
-0.04687500
0.23046875
0.17578125
0.35937500
-0.03515625
0.78125000
-0.24609375
-0.19531250
0.11718750
0.24218750
0.09765625
0.07031250
0.04687500
0.87500000
-0.14062500
-0.18359375
0.08593750
0.38281250
0.31250000
0.22656250
0.23437500
0.56640625
-0.13281250
-0.07812500
0.21875000
0.51171875
0.25781250
-0.14843750
0.17578125
0.80468750
-0.21484375
-0.04296875
-0.02734375
0.24218750
0.35937500
0.09375000
0.05468750
0.70312500
-0.28906250
-0.15234375
0.10156250
0.23437500
0.39453125
0.19140625
-0.08203125
0.78515625
-0.27343750
-0.02343750
0.38671875
0.26953125
0.44921875
0.09765625
0.07421875
0.61718750
-0.25390625
0.00390625
0.07031250
0.41406250
0.19921875
0.13671875
0.07031250
0.77343750
-0.10156250
-0.11718750
0.06250000
0.25000000
0.20703125
0.25000000
-0.02343750
0.62890625
-0.18750000
0.19921875
0.26562500
0.32031250
0.22656250
0.13671875
0.25390625
0.69921875
-0.04687500
0.15625000
0.32421875
0.23046875
0.35937500
0.08593750
0.41015625
0.32421875
-0.17968750
0.12109375
-0.28906250
0.41015625
-0.16015625
-0.08593750
0.05859375
0.33203125
-0.30859375
-0.12890625
0.15625000
0.07421875
0.19531250
-0.13671875
0.04296875
0.75000000
0.02734375
0.08203125
0.10156250
0.45703125
0.23437500
0.13671875
0.10546875
0.64843750
-0.21484375
-0.07812500
0.26562500
0.28515625
0.19531250
0.25781250
-0.06640625
0.80078125
-0.16015625
0.10546875
0.32812500
0.47265625
0.30078125
0.26953125
-0.04296875
0.73046875
-0.39843750
-0.07812500
0.01953125
0.14453125
0.23046875
0.23828125
0.05078125
0.74218750
-0.24218750
-0.08203125
0.16015625
0.28125000
0.27734375
0.25390625
-0.05468750
0.71484375
-0.21484375
-0.07421875
0.15625000
0.41015625
0.29296875
0.22656250
0.04296875
0.52734375
-0.18359375
-0.15234375
0.16406250
0.51171875
0.35156250
0.25781250
-0.00781250
0.64453125
-0.26171875
-0.10156250
-0.03125000
0.32421875
0.37890625
0.18750000
0.05468750
0.73046875
-0.32812500
-0.08203125
0.10546875
0.26171875
0.41015625
0.18359375
0.03515625
0.76953125
-0.22656250
-0.04296875
0.18359375
0.33984375
0.36328125
0.21484375
-0.01171875
0.91796875
-0.16796875
-0.07812500
-0.17968750
0.23828125
0.39453125
0.37500000
0.06250000
0.82031250
-0.33984375
0.02343750
0.06250000
0.25390625
0.23046875
0.26953125
0.22656250
0.68359375
-0.33984375
0.10156250
-0.00781250
0.05859375
0.39062500
0.16796875
0.19140625
0.84765625
-0.29296875
0.19921875
0.03515625
0.26953125
0.17578125
0.00000000
-0.04296875
0.25000000
-0.08203125
0.09375000
-0.59375000
0.25390625
0.30468750
0.00390625
0.35937500
-0.17968750
0.09375000
0.30859375
0.00390625
0.32812500
0.27734375
-0.09765625
0.30859375
0.75781250
-0.20312500
-0.00781250
0.15234375
0.33593750
0.44140625
0.10937500
0.16796875
0.61718750
-0.23046875
-0.01171875
0.14453125
0.30859375
0.19921875
0.39062500
-0.27734375
0.89453125
-0.07421875
0.07421875
0.12109375
0.26171875
0.16406250
0.42968750
-0.01953125
0.78906250
-0.24609375
0.10156250
0.01562500
0.16406250
0.20312500
0.34765625
-0.01953125
0.89453125
-0.21093750
-0.01171875
0.25390625
0.26562500
0.26953125
0.49609375
0.03125000
0.80078125
-0.11328125
0.01953125
0.22656250
0.26171875
0.28906250
0.29296875
0.10156250
0.65234375
-0.12500000
-0.11328125
0.19921875
0.52734375
0.29296875
0.18750000
-0.02734375
0.64062500
-0.39453125
-0.13671875
0.16015625
0.19921875
0.35546875
0.12890625
0.03906250
0.82031250
-0.35937500
-0.20312500
0.11718750
0.23046875
0.37890625
0.15234375
-0.06640625
0.75000000
-0.18750000
-0.15234375
0.15625000
0.27343750
0.35546875
0.36718750
-0.02343750
0.64843750
-0.28125000
-0.12109375
0.02343750
0.37109375
0.28125000
0.40234375
-0.07421875
0.96484375
-0.33593750
-0.08593750
0.05468750
0.18359375
0.39062500
0.21093750
0.21875000
0.71875000
-0.20703125
0.14062500
-0.10156250
0.15234375
0.23046875
0.17578125
-0.09375000
0.95703125
-0.47265625
-0.08203125
0.07421875
0.18750000
0.12500000
0.11718750
0.53515625
0.25390625
-0.22656250
-0.02734375
-0.10546875
-0.13281250
0.25781250
-0.08984375
0.18750000
0.37500000
0.16406250
0.74218750
0.15625000
0.16796875
0.43359375
0.05078125
-0.18750000
0.69921875
-0.20312500
-0.15625000
0.28906250
0.38281250
0.16015625
0.43750000
0.14062500
0.70312500
0.01953125
0.23437500
0.09765625
0.32812500
0.06640625
0.27343750
-0.01562500
0.95312500
-0.31250000
-0.05078125
0.14062500
0.16796875
0.33984375
0.43359375
0.04296875
0.67578125
-0.29687500
0.03906250
0.06250000
0.17968750
0.11718750
0.28515625
-0.06640625
0.96093750
-0.14843750
-0.16406250
0.01171875
0.15234375
0.30468750
0.33203125
-0.10156250
0.72265625
-0.25000000
-0.04296875
0.23828125
0.46093750
0.18750000
0.30859375
0.05859375
0.62109375
-0.16406250
-0.13671875
0.16406250
0.41796875
0.19531250
0.18359375
-0.24218750
0.80859375
-0.31250000
-0.21093750
0.22656250
0.11718750
0.35546875
0.39062500
-0.21875000
0.78125000
-0.32812500
-0.14062500
0.32031250
0.12109375
0.40625000
0.33984375
-0.04687500
0.76953125
-0.27343750
-0.07421875
0.19140625
0.25781250
0.23828125
0.34765625
-0.09375000
0.87890625
-0.28125000
-0.21875000
0.24609375
0.22265625
0.47265625
0.35156250
-0.11328125
0.83593750
-0.30859375
0.09375000
0.24218750
0.26953125
0.40625000
0.36328125
-0.09765625
0.82031250
-0.29296875
-0.14453125
-0.04296875
-0.01953125
0.16015625
0.37500000
0.58984375
0.48828125
-0.12500000
0.16406250
-0.07421875
0.25390625
0.35937500
0.22265625
-0.23437500
0.67187500
-0.25390625
0.33203125
0.73046875
-0.19921875
0.19921875
0.58593750
-0.07031250
0.57812500
0.03906250
0.07421875
-0.43750000
0.25000000
-0.01953125
0.18359375
-0.10546875
0.83984375
-0.24609375
-0.26953125
0.16406250
0.18359375
0.29296875
0.38281250
0.01171875
0.92968750
-0.38281250
-0.08984375
0.33984375
0.03125000
0.30078125
0.19531250
-0.00390625
0.72656250
-0.21875000
0.02343750
0.13281250
0.23828125
0.23828125
0.39843750
-0.31640625
0.91796875
-0.34765625
0.12109375
0.32421875
0.25390625
0.24609375
0.21875000
0.00390625
0.67578125
-0.28906250
-0.03906250
0.36328125
0.23437500
0.23437500
0.34765625
-0.13671875
0.81640625
-0.22265625
-0.00390625
0.38671875
0.21875000
0.25390625
0.53515625
-0.08593750
0.83593750
-0.11328125
0.06250000
0.25390625
0.47656250
0.21093750
0.26953125
-0.05078125
0.59765625
-0.38281250
-0.07812500
0.17187500
0.26953125
0.37109375
0.29687500
-0.12109375
0.80859375
-0.30078125
0.00000000
0.30859375
0.20703125
0.37500000
0.42968750
-0.23437500
0.68750000
-0.30078125
-0.19921875
0.25000000
0.29687500
0.31250000
0.21484375
-0.03515625
0.86328125
-0.26562500
-0.05078125
0.22265625
0.30468750
0.36328125
0.32421875
-0.05468750
0.71875000
-0.41015625
-0.13671875
0.30859375
0.18359375
0.28906250
0.39843750
-0.14453125
0.55468750
-0.43359375
-0.09375000
0.06250000
0.10156250
0.21093750
0.28906250
0.07421875
0.76562500
-0.34765625
-0.16796875
0.10546875
0.13671875
0.28515625
0.18750000
0.56250000
0.67578125
0.20703125
-0.01562500
-0.30468750
-0.03515625
0.69531250
0.15625000
0.48046875
0.49609375
0.41796875
-0.23046875
-0.17187500
0.12890625
0.03906250
0.33203125
-0.10937500
0.91796875
-0.23828125
0.05859375
0.40625000
0.23437500
0.23437500
0.28906250
-0.04296875
0.74218750
-0.24218750
0.02343750
0.28125000
0.21875000
0.25000000
0.48046875
-0.16796875
0.76562500
-0.20703125
-0.01953125
0.33593750
0.18359375
0.14062500
0.44140625
-0.20312500
0.75000000
-0.20312500
0.03515625
0.29687500
0.08593750
0.24218750
0.42968750
-0.10546875
0.87500000
-0.21093750
0.15625000
0.47265625
0.20703125
0.10546875
0.51562500
-0.15234375
0.89843750
-0.25781250
-0.11328125
0.23437500
0.13281250
0.27343750
0.28906250
-0.17578125
0.65234375
-0.23046875
-0.22656250
0.16796875
0.36718750
0.11718750
0.31250000
-0.00781250
0.79687500
-0.37109375
-0.12890625
0.28906250
0.08593750
0.37890625
0.10156250
-0.20703125
0.77343750
-0.43750000
-0.12109375
0.33984375
0.07812500
0.44531250
0.21093750
-0.12500000
0.70312500
-0.25390625
-0.08203125
0.23437500
0.28125000
0.30078125
0.35156250
-0.16796875
0.78125000
-0.44531250
-0.07812500
0.41015625
0.26171875
0.41796875
0.32031250
-0.18359375
0.57031250
-0.41796875
-0.00390625
0.27734375
0.35546875
0.30859375
0.33203125
-0.00390625
0.71484375
-0.40625000
0.02343750
0.23437500
0.12500000
0.35546875
0.20703125
0.20312500
0.50390625
-0.29296875
0.14453125
0.26562500
0.11328125
0.30859375
0.25000000
0.15234375
0.83984375
0.00000000
-0.09375000
-0.12890625
0.03125000
0.39843750
0.48046875
0.71093750
0.32812500
0.21093750
-0.08984375
-0.27734375
-0.16406250
0.23828125
0.18750000
-0.14843750
0.68359375
-0.26171875
-0.08203125
0.17968750
0.13671875
0.22265625
0.40234375
-0.08203125
0.73828125
-0.17968750
-0.11328125
0.27343750
0.17578125
0.18359375
0.50000000
-0.28906250
0.75000000
-0.33203125
-0.12109375
0.46875000
-0.08593750
0.30859375
0.32421875
-0.22656250
0.94921875
-0.33203125
0.08203125
0.19921875
0.14062500
0.29687500
0.47656250
-0.19140625
0.91015625
-0.46093750
-0.05859375
0.33593750
0.03906250
0.35546875
0.36328125
-0.27343750
0.89062500
-0.23437500
-0.05859375
0.35156250
0.14843750
0.27343750
0.46875000
-0.10156250
0.69140625
-0.32031250
-0.19921875
-0.02734375
0.32031250
0.21093750
0.40234375
-0.11718750
0.63281250
-0.29296875
-0.21093750
0.27734375
0.26171875
0.31640625
0.34375000
-0.22656250
0.76171875
-0.27734375
0.02343750
0.33593750
0.26171875
0.41406250
0.22265625
-0.08203125
0.64062500
-0.39453125
-0.04296875
0.30859375
0.33984375
0.34375000
0.14453125
-0.30859375
0.66015625
-0.30468750
-0.19140625
0.28906250
0.27734375
0.26953125
0.53515625
-0.14843750
0.61718750
-0.33593750
-0.05859375
0.24609375
0.27734375
0.22656250
0.32421875
0.08203125
0.59765625
-0.19921875
0.03515625
0.06250000
0.10546875
0.21093750
0.23828125
0.10546875
0.76171875
-0.42187500
-0.07421875
0.39843750
0.10156250
0.44921875
0.30078125
-0.26171875
0.68750000
-0.38671875
0.00000000
0.29687500
0.16406250
0.36718750
0.18750000
-0.07031250
0.39453125
-0.13281250
-0.01171875
-0.06640625
0.32031250
0.13281250
0.22656250
-0.17578125
0.67968750
-0.33203125
-0.09375000
0.23046875
0.15625000
0.21093750
0.39453125
-0.19531250
0.50781250
-0.41406250
-0.16796875
0.18359375
0.14453125
0.17578125
0.25390625
-0.02343750
0.66015625
-0.46093750
-0.03515625
0.31250000
0.19531250
0.16015625
0.39843750
-0.05468750
0.60546875
-0.39843750
0.07031250
0.28906250
0.06640625
0.16406250
0.16796875
-0.03515625
0.67187500
-0.41015625
-0.08984375
0.41796875
0.24609375
0.38281250
0.32421875
-0.09375000
0.78125000
-0.39843750
-0.07031250
0.30078125
0.18359375
0.31640625
0.31640625
-0.07031250
0.52734375
-0.27734375
-0.09375000
0.19140625
0.40234375
0.27343750
0.17187500
-0.25390625
0.55859375
-0.34375000
0.03906250
0.25781250
0.39453125
0.37890625
0.08593750
0.10156250
0.57031250
-0.29687500
-0.18359375
0.19921875
0.22265625
0.41015625
0.25781250
-0.12890625
0.69531250
-0.37109375
-0.17187500
0.30468750
0.30859375
0.36328125
0.38671875
-0.19140625
0.53125000
-0.39062500
-0.08984375
0.37890625
0.39843750
0.28906250
0.18750000
-0.06640625
0.49609375
-0.44531250
0.00781250
0.12500000
0.21093750
0.25781250
0.07421875
-0.02343750
0.48828125
-0.40625000
-0.05468750
0.45703125
0.34765625
0.26171875
0.19531250
-0.04296875
0.62109375
-0.39843750
-0.03906250
0.26171875
0.19531250
0.41796875
0.01953125
-0.07421875
0.62500000
-0.34375000
-0.10156250
-0.00781250
0.17578125
0.28906250
0.12890625
-0.15234375
0.66406250
-0.39453125
0.02343750
0.16796875
0.20312500
0.25000000
0.27343750
-0.06250000
0.49218750
-0.37890625
-0.18359375
0.07812500
0.23828125
0.17187500
0.23437500
-0.08593750
0.47656250
-0.39453125
-0.02343750
0.21093750
0.38281250
0.11328125
0.33984375
-0.29687500
0.76171875
-0.46875000
-0.18359375
0.15234375
0.28125000
0.35546875
0.23828125
0.07421875
0.57031250
-0.26171875
0.04296875
0.27734375
0.30468750
0.12500000
0.28125000
-0.11328125
0.65234375
-0.41796875
-0.14453125
0.25000000
0.22265625
0.17187500
0.28125000
-0.21875000
0.60156250
-0.36328125
-0.22265625
0.51953125
0.32031250
0.29687500
0.21875000
-0.23828125
0.51953125
-0.17187500
-0.16796875
0.21875000
0.51562500
0.25000000
0.27734375
0.06640625
0.45312500
-0.34375000
0.03906250
0.30468750
0.31250000
0.26171875
0.03515625
-0.06640625
0.77734375
-0.49609375
-0.05859375
0.24218750
0.26953125
0.14843750
0.20703125
0.12890625
0.58203125
-0.29687500
-0.06250000
0.18359375
0.23828125
0.31640625
0.17578125
-0.09375000
0.57421875
-0.22265625
-0.12500000
0.19140625
0.10546875
0.28125000
0.36328125
-0.20703125
0.62109375
-0.34375000
0.03125000
0.30078125
0.29687500
0.12890625
0.50781250
0.02343750
0.48046875
-0.46875000
-0.13281250
0.25390625
0.16015625
0.35156250
0.20703125
0.02734375
0.58593750
-0.30468750
0.06640625
0.12109375
0.15234375
0.26562500
0.29687500
-0.18359375
0.56250000
-0.40625000
-0.10156250
0.32031250
0.22656250
0.26171875
0.14843750
0.01953125
0.55468750
-0.24218750
0.10546875
0.06250000
0.41406250
0.12109375
0.15234375
-0.25390625
0.48437500
-0.39453125
-0.11718750
0.12890625
0.36328125
0.07421875
0.19531250
-0.13671875
0.60156250
-0.28515625
-0.10156250
0.08593750
0.36328125
0.08984375
0.27343750
-0.03906250
0.57421875
-0.15234375
-0.06640625
0.17187500
0.19921875
0.26562500
0.25781250
-0.05468750
0.62109375
-0.33203125
0.07812500
0.16406250
0.35546875
0.10937500
0.18359375
-0.00781250
0.66796875
-0.32031250
0.04296875
0.26953125
0.33203125
0.29296875
0.15234375
-0.04296875
0.59375000
-0.19140625
-0.04296875
0.06640625
0.44921875
0.18750000
0.37109375
0.12109375
0.41796875
-0.14062500
-0.06640625
0.41015625
0.49218750
0.22265625
0.06250000
-0.09375000
0.82031250
-0.31640625
0.08203125
0.16406250
0.26953125
0.10156250
0.30078125
-0.10937500
0.57031250
-0.35156250
-0.13281250
0.16406250
0.20312500
0.37500000
0.11718750
-0.06250000
0.65625000
-0.11328125
0.02734375
0.04296875
0.27734375
0.25781250
0.38671875
-0.34765625
0.59765625
-0.26953125
-0.30078125
0.18750000
0.31640625
0.12890625
0.48828125
-0.01171875
0.54296875
-0.33984375
-0.01953125
0.28515625
0.37500000
0.30859375
0.10937500
-0.13281250
0.72656250
-0.39453125
-0.00390625
0.27734375
0.19140625
0.25000000
0.28125000
-0.14843750
0.64453125
-0.46093750
0.05859375
0.39453125
0.08984375
0.31250000
0.21875000
-0.26171875
0.57812500
-0.37500000
-0.02343750
0.17578125
0.17578125
0.21484375
0.26953125
-0.07031250
0.69921875
-0.38281250
-0.03125000
0.02343750
0.19921875
0.25000000
0.07031250
-0.12500000
0.71093750
-0.27734375
-0.02734375
0.21875000
0.37890625
0.08984375
0.21484375
0.01953125
0.60546875
-0.26953125
0.00000000
0.16015625
0.29687500
0.13281250
0.16015625
-0.24609375
0.72656250
-0.35937500
0.00000000
0.28515625
0.32031250
0.13281250
0.39453125
-0.07031250
0.75390625
-0.32421875
0.08984375
0.34765625
0.16406250
0.25000000
0.08203125
-0.07812500
0.87500000
-0.25781250
0.25781250
0.15625000
0.34375000
0.12109375
0.06250000
-0.05078125
0.69531250
-0.25000000
-0.06640625
0.18750000
0.33984375
0.21484375
0.14062500
-0.13281250
0.59375000
-0.20703125
-0.05468750
0.22656250
0.33984375
0.30468750
0.26953125
0.01953125
0.52343750
-0.30859375
0.02734375
0.04296875
0.14453125
0.30078125
0.13281250
-0.31640625
0.79687500
-0.44921875
-0.10937500
0.09765625
0.22265625
0.12890625
0.39843750
-0.23046875
0.52734375
-0.41015625
-0.13671875
0.28906250
0.28906250
0.17578125
0.37109375
-0.30468750
0.67578125
-0.40234375
-0.08203125
0.21484375
0.21484375
0.20312500
0.26953125
-0.13671875
0.68750000
-0.53515625
0.01171875
0.20703125
0.19531250
0.08593750
0.20312500
-0.19531250
0.60156250
-0.41015625
-0.06640625
0.32812500
0.15625000
0.08203125
0.26562500
-0.10937500
0.71875000
-0.37500000
0.03906250
0.34765625
0.14453125
0.17578125
0.10937500
-0.24609375
0.74609375
-0.37500000
0.08593750
0.33593750
0.17578125
0.03906250
0.22265625
0.06250000
0.58984375
-0.39453125
0.05859375
0.10156250
0.21484375
0.15234375
0.15625000
-0.24609375
0.59375000
-0.26953125
0.04687500
0.28125000
0.38281250
-0.04296875
0.12890625
-0.21093750
0.66796875
-0.35937500
0.06640625
0.40234375
0.27343750
0.06640625
0.37890625
-0.28125000
0.79296875
-0.35937500
0.07812500
0.27343750
0.26562500
0.16796875
0.08593750
-0.06640625
0.69921875
-0.26562500
0.23046875
0.14062500
0.35546875
0.15625000
-0.01953125
-0.11328125
0.73046875
-0.22656250
0.18750000
0.36718750
0.28515625
0.27734375
0.11328125
-0.12500000
0.69531250
-0.07421875
0.32421875
0.37109375
0.35156250
0.22265625
0.07031250
0.00781250
0.56640625
-0.33203125
0.08593750
0.35546875
0.44140625
0.12500000
-0.03906250
0.06640625
2.41406250
-0.46875000
0.39062500
0.37890625
0.15234375
-0.44531250
-0.14453125
-0.07421875
2.48828125
-0.19531250
0.66015625
0.52343750
0.41406250
-0.20703125
-0.19921875
0.05078125
2.55859375
-0.39453125
0.36328125
0.41015625
0.06640625
-0.39062500
-0.21093750
0.17578125
2.78906250
0.28515625
-0.19140625
0.17968750
0.07031250
0.36328125
0.02734375
-0.31250000
2.33984375
-0.15625000
0.50000000
-0.07031250
-0.14062500
-0.08203125
-0.12109375
0.15625000
2.76562500
-0.44921875
0.27343750
0.59375000
-0.03125000
-0.36328125
-0.21093750
-0.00390625
2.53515625
-0.21093750
0.43359375
0.57031250
0.08593750
-0.31250000
-0.14453125
0.19531250
2.49218750
-0.44921875
0.25781250
0.35156250
0.12500000
-0.48046875
-0.14843750
-0.02343750
2.35156250
-0.28125000
0.53515625
0.45703125
0.26171875
-0.40234375
-0.06640625
0.13671875
2.55468750
-0.36718750
0.47656250
0.44921875
0.09375000
-0.66796875
-0.03515625
0.14062500
2.76562500
-0.32421875
0.22656250
0.58593750
-0.05078125
-0.41796875
-0.08203125
-0.15625000
2.94921875
0.05859375
-0.37500000
-0.28906250
-0.42968750
-0.30468750
0.32421875
-0.24609375
3.02343750
-0.23437500
0.12109375
0.05078125
-0.42187500
-0.24218750
-0.12890625
0.14062500
2.45312500
-0.24609375
0.22265625
0.30468750
0.01171875
-0.45312500
-0.10546875
-0.17187500
2.47656250
-0.29687500
0.46484375
0.44140625
0.03515625
-0.42968750
-0.08593750
0.00781250
2.55859375
-0.32421875
0.35937500
0.58203125
0.01171875
-0.49218750
-0.07421875
-0.09375000
2.73046875
-0.46875000
0.19140625
0.57031250
0.10546875
-0.55859375
0.31640625
-0.03906250
2.71875000
-0.45312500
0.40625000
0.59765625
0.10546875
-0.53906250
0.13671875
-0.23437500
2.66015625
-0.50390625
0.28515625
0.42578125
-0.26953125
-0.61718750
0.13671875
0.32421875
3.19531250
0.01171875
-0.50000000
0.08203125
0.08984375
-0.11718750
-0.08203125
-0.19140625
2.43359375
-0.08593750
0.59375000
-0.39453125
-0.33203125
0.06640625
-0.30468750
-0.18359375
2.78515625
0.00390625
0.24609375
0.31640625
0.14453125
-0.33984375
0.05859375
-0.01171875
2.72656250
-0.41015625
0.38671875
0.51562500
0.09375000
-0.58984375
0.07421875
0.08203125
2.47656250
-0.46484375
0.27734375
0.38281250
0.21875000
-0.56250000
0.21093750
0.08593750
2.57812500
-0.21484375
0.12109375
0.46484375
0.25390625
-0.54687500
0.07812500
-0.01562500
2.81640625
-0.33984375
0.20703125
0.55078125
0.13281250
-0.64062500
0.14843750
0.29687500
3.01562500
-0.03515625
0.19140625
0.50781250
0.20312500
-0.49218750
-0.09765625
0.07812500
3.01171875
0.10546875
0.30468750
0.39453125
0.33984375
-0.01953125
0.23046875
-0.20312500
2.59765625
-0.31250000
0.46875000
-0.12890625
0.23437500
-0.31250000
-0.26171875
0.02343750
2.61718750
-0.28125000
0.35937500
0.62890625
0.09375000
-0.30468750
-0.02734375
0.03906250
2.71875000
-0.51171875
0.28906250
0.54687500
-0.07812500
-0.47656250
0.00781250
-0.13281250
2.55859375
-0.29687500
0.45703125
0.53906250
0.32031250
-0.57812500
0.10546875
-0.02343750
2.71484375
-0.30859375
0.30859375
0.33984375
0.09375000
-0.67187500
0.01953125
0.16015625
2.50390625
-0.10937500
0.45703125
0.39843750
0.30468750
-0.50390625
0.02734375
0.19921875
2.67968750
-0.07031250
-0.08203125
-0.06640625
0.03125000
-0.47265625
-0.15625000
0.04296875
2.62890625
-0.12890625
0.79687500
-0.02734375
0.01562500
-0.28125000
-0.13671875
0.32421875
3.00781250
-0.00781250
-0.03125000
0.33593750
-0.19140625
-0.26953125
-0.31250000
0.24218750
2.65234375
-0.29296875
0.37500000
0.28515625
0.01171875
-0.53906250
-0.08203125
0.26171875
2.80468750
-0.33593750
0.41015625
0.51171875
0.34375000
-0.40234375
-0.02734375
-0.11328125
2.55859375
-0.24218750
0.52343750
0.45703125
0.32812500
-0.50000000
0.08593750
-0.04296875
2.53125000
-0.31640625
0.34765625
0.30468750
0.06640625
-0.59375000
0.12109375
0.08203125
2.52343750
-0.25781250
0.32421875
0.28515625
0.39453125
-0.44921875
0.16796875
0.32031250
2.78906250
-0.54296875
0.25781250
0.40625000
0.21875000
-0.59375000
0.02343750
0.23437500
2.84765625
0.10156250
0.53906250
0.01562500
-0.24609375
-0.43750000
-0.42578125
0.21484375
2.85937500
-0.26953125
-0.30859375
0.14062500
-0.39453125
-0.09765625
-0.23046875
0.28906250
2.71875000
-0.44531250
0.29296875
0.51562500
0.21484375
-0.49218750
-0.08593750
0.14453125
2.49218750
-0.48046875
0.55468750
0.35156250
0.10156250
-0.63671875
0.00390625
-0.07812500
2.56640625
-0.33593750
0.58203125
0.50000000
0.29296875
-0.53125000
-0.12109375
0.00781250
2.64453125
-0.17968750
0.43359375
0.19921875
0.29687500
-0.52734375
0.12500000
0.09375000
2.66796875
-0.23828125
0.34765625
0.41796875
0.32031250
-0.49218750
0.24218750
0.24218750
2.71093750
-0.53906250
0.11328125
0.40234375
0.07421875
-0.66015625
0.10156250
0.19531250
2.69140625
-0.39843750
-0.08203125
-0.09375000
0.03906250
-0.47656250
0.00781250
-0.12890625
3.02734375
-0.07031250
-0.20703125
0.51953125
-0.45703125
0.00000000
-0.12109375
0.03125000
2.70703125
-0.53515625
0.40234375
0.50390625
-0.05468750
-0.53515625
0.16796875
0.08203125
2.78125000
-0.59765625
0.38671875
0.50000000
0.23437500
-0.57812500
0.07421875
0.07421875
2.64062500
-0.20312500
0.50781250
0.51562500
0.31250000
-0.37109375
-0.01171875
0.00000000
2.74218750
-0.33203125
0.34765625
0.41015625
0.16406250
-0.58984375
-0.02734375
0.27734375
2.71875000
-0.24609375
0.22265625
0.33984375
0.11328125
-0.46875000
-0.08203125
0.03906250
2.74609375
-0.26171875
0.46875000
0.49218750
0.14843750
-0.48046875
-0.07421875
0.01562500
2.66406250
-0.47656250
0.23046875
0.09375000
-0.17578125
-0.42578125
0.07812500
0.39062500
2.94921875
-0.35937500
0.54687500
0.40234375
-0.04687500
-0.66796875
-0.41015625
0.23437500
2.89062500
-0.59375000
0.22265625
0.55859375
0.08984375
-0.48828125
-0.15625000
-0.03125000
2.66406250
-0.59375000
0.56640625
0.52734375
-0.03906250
-0.46093750
-0.05859375
0.11328125
2.80859375
-0.60156250
0.35937500
0.44140625
0.21875000
-0.67578125
0.18750000
0.73828125
2.76953125
-0.54296875
0.19531250
0.58593750
0.28125000
-0.53515625
0.24609375
0.67187500
2.83203125
-0.50781250
0.23828125
0.60546875
0.26171875
-0.48046875
0.23828125
0.70312500
2.84375000
-0.55859375
0.21484375
0.64453125
0.29687500
-0.49218750
0.25781250
0.76562500
2.84765625
-0.59375000
0.16406250
0.64843750
0.31250000
-0.51171875
0.22265625
0.76562500
2.83203125
-0.58203125
0.15625000
0.62500000
0.30078125
-0.51953125
0.19921875
0.75390625
2.81250000
-0.55078125
0.16015625
0.52343750
0.23437500
-0.50000000
0.16406250
0.74609375
2.82812500
-0.55468750
0.16015625
0.50000000
0.19531250
-0.47265625
0.17578125
0.74609375
2.83593750
-0.57421875
0.16796875
0.53125000
0.19140625
-0.48437500
0.19140625
0.81640625
2.85937500
-0.62109375
0.12890625
0.55468750
0.20312500
-0.48046875
0.18750000
0.83203125
2.86328125
-0.66406250
0.12109375
0.60546875
0.23437500
-0.49609375
0.19921875
0.82031250
2.86328125
-0.61328125
0.15234375
0.62500000
0.27734375
-0.48437500
0.16406250
0.76171875
2.84765625
-0.59765625
0.17187500
0.62890625
0.26953125
-0.48046875
0.15625000
0.71484375
2.83203125
-0.53125000
0.21093750
0.61718750
0.23828125
-0.45312500
0.15234375
0.69531250
2.85156250
-0.51953125
0.22656250
0.63671875
0.23437500
-0.42968750
0.18359375
0.75000000
2.87500000
-0.57812500
0.19140625
0.71093750
0.23046875
-0.45703125
0.23437500
0.81640625
2.81640625
-0.64453125
0.09765625
0.69531250
0.25000000
-0.49218750
0.25000000
0.64453125
2.79687500
-0.45703125
0.23828125
0.54687500
0.23437500
-0.53906250
0.23046875
0.59375000
2.83593750
-0.41406250
0.27734375
0.54687500
0.24609375
-0.45703125
0.22265625
0.63281250
2.84765625
-0.46093750
0.26171875
0.59375000
0.26171875
-0.49218750
0.22656250
0.68359375
2.83984375
-0.50000000
0.22265625
0.60156250
0.25000000
-0.52343750
0.19531250
0.67187500
2.83593750
-0.47265625
0.20703125
0.53125000
0.22656250
-0.51562500
0.14843750
0.65625000
2.82421875
-0.46484375
0.19531250
0.46093750
0.18750000
-0.48046875
0.14843750
0.66015625
2.82031250
-0.47265625
0.19921875
0.43359375
0.14843750
-0.46093750
0.16796875
0.69531250
2.83593750
-0.51562500
0.19531250
0.48046875
0.15234375
-0.46484375
0.19531250
0.73437500
2.83984375
-0.55859375
0.19140625
0.53515625
0.16796875
-0.50390625
0.20312500
0.76953125
2.85937500
-0.58984375
0.17578125
0.56250000
0.18750000
-0.51562500
0.19140625
0.72656250
2.85546875
-0.55859375
0.19531250
0.57421875
0.20703125
-0.51562500
0.13281250
0.65234375
2.85546875
-0.47656250
0.23046875
0.55078125
0.20703125
-0.47265625
0.09765625
0.60546875
2.85546875
-0.41406250
0.25781250
0.53906250
0.20312500
-0.41796875
0.12109375
0.60156250
2.87109375
-0.42187500
0.28515625
0.58593750
0.18750000
-0.41406250
0.17968750
0.64453125
2.86718750
-0.48828125
0.26562500
0.66406250
0.20312500
-0.45703125
0.22265625
0.74218750
2.79296875
-0.58203125
0.16015625
0.70312500
0.19921875
-0.52734375
0.25000000
-0.81250000
2.35546875
0.07812500
0.26171875
-0.17187500
-0.20312500
-0.27343750
0.45312500
-0.84375000
2.38671875
0.10546875
0.25390625
-0.12890625
-0.18359375
-0.24609375
0.47656250
-0.83203125
2.37500000
0.07031250
0.24218750
-0.15234375
-0.19921875
-0.28515625
0.46484375
-0.83203125
2.45703125
0.05468750
0.23046875
-0.14062500
-0.20312500
-0.30859375
0.43359375
-0.81250000
2.41796875
0.05078125
0.25781250
-0.12500000
-0.19921875
-0.32812500
0.44921875
-0.78125000
2.41015625
0.06640625
0.24218750
-0.16796875
-0.18750000
-0.31640625
0.44921875
-0.82812500
2.32421875
0.08984375
0.29296875
-0.18750000
-0.20312500
-0.25781250
0.48437500
-0.83984375
2.35546875
0.10937500
0.28906250
-0.17578125
-0.23828125
-0.26171875
0.44921875
-0.79296875
2.44921875
0.02734375
0.24218750
-0.14453125
-0.18750000
-0.34375000
0.45312500
-0.73828125
2.44921875
0.03125000
0.21484375
-0.16015625
-0.19531250
-0.32812500
0.45703125
-0.68359375
2.48046875
0.01953125
0.16406250
-0.12890625
-0.11718750
-0.33593750
0.47265625
-0.72265625
2.44921875
0.05859375
0.17578125
-0.16796875
-0.15234375
-0.31640625
0.46093750
-0.71484375
2.50000000
0.09375000
0.15625000
-0.11328125
-0.12890625
-0.29296875
0.49609375
-0.71484375
2.43750000
0.09375000
0.25000000
-0.08984375
-0.11328125
-0.29296875
0.47656250
-0.67968750
2.48046875
0.09375000
0.18750000
-0.06250000
-0.08984375
-0.31640625
0.48046875
-0.69921875
2.48437500
0.06640625
0.15625000
-0.07421875
-0.16406250
-0.35156250
0.51562500
-0.11718750
2.61718750
-0.30859375
0.21093750
0.52734375
0.09375000
-0.47265625
0.11718750
0.03906250
2.42578125
-0.19140625
0.47265625
0.30468750
0.08593750
-0.45312500
-0.01953125
-0.02734375
2.55078125
-0.26562500
0.27343750
0.37890625
0.03906250
-0.49218750
0.14453125
-0.06250000
2.61718750
-0.29687500
0.41015625
0.53125000
0.29296875
-0.52343750
0.08984375
0.05468750
2.72265625
-0.36718750
0.20312500
0.40234375
0.21484375
-0.46093750
-0.01171875
-0.07031250
2.35546875
-0.39843750
0.18359375
0.26953125
-0.10546875
-0.50781250
0.10156250
0.06250000
2.63281250
-0.54296875
0.26953125
0.41796875
-0.16406250
-0.48437500
-0.05078125
0.01562500
2.35156250
-0.30859375
0.29296875
0.18359375
-0.03125000
-0.43750000
0.02734375
-0.06640625
2.39453125
-0.47265625
0.36718750
0.39843750
0.08984375
-0.44140625
0.00390625
-0.06250000
2.61718750
-0.34375000
0.15625000
0.37500000
-0.15234375
-0.46875000
0.09375000
0.11328125
2.49218750
-0.46093750
0.32812500
0.44531250
0.06640625
-0.50390625
-0.27343750
0.04687500
2.66406250
-0.56640625
0.17968750
0.48046875
-0.03125000
-0.64453125
-0.07421875
-0.07812500
2.53906250
-0.39843750
0.34375000
0.54687500
0.20312500
-0.36718750
-0.04296875
-0.08203125
2.45312500
-0.33593750
0.33984375
0.35546875
-0.00781250
-0.56250000
0.08203125
0.02343750
2.64062500
-0.21875000
0.43750000
0.51953125
0.05859375
-0.53125000
-0.01562500
0.03906250
2.57812500
-0.38281250
0.25390625
0.43359375
-0.16015625
-0.48046875
0.08984375
0.10546875
2.69921875
-0.43359375
0.14062500
0.49218750
0.10156250
-0.54687500
0.08203125
0.05468750
2.60937500
-0.35546875
0.24609375
0.40234375
0.19921875
-0.57031250
0.05078125
-0.19921875
2.58593750
-0.42968750
0.34765625
0.49609375
-0.01562500
-0.49218750
0.14843750
0.00000000
2.74218750
-0.35937500
0.20312500
0.42187500
0.01953125
-0.62109375
0.10156250
-0.00390625
2.50781250
-0.30078125
0.46093750
0.35156250
0.16015625
-0.38671875
-0.06250000
-0.03515625
2.37890625
-0.50781250
0.30859375
0.18359375
-0.17578125
-0.61718750
0.01953125
0.21875000
2.68750000
-0.46484375
0.06250000
0.52343750
0.14843750
-0.55078125
0.05078125
-0.14453125
2.47656250
-0.45703125
0.46484375
0.35156250
-0.01953125
-0.43359375
-0.03125000
0.30859375
2.64453125
-0.46484375
0.16796875
0.29687500
0.16406250
-0.48828125
-0.03515625
0.18750000
2.69921875
-0.41015625
0.16796875
0.39453125
0.07031250
-0.59765625
-0.11328125
0.05859375
2.71875000
-0.43359375
0.24609375
0.48046875
0.12500000
-0.54687500
0.05859375
-0.07031250
2.58593750
-0.37109375
0.37109375
0.58984375
0.19531250
-0.40234375
0.01171875
0.03515625
2.79687500
-0.47656250
0.07421875
0.57031250
0.02734375
-0.44140625
-0.01953125
0.03125000
2.67187500
-0.46484375
0.34765625
0.49609375
0.36718750
-0.43750000
-0.13671875
-0.08203125
2.54296875
-0.26953125
0.41796875
0.53906250
0.19531250
-0.46875000
0.03906250
-0.00781250
2.52343750
-0.28515625
0.28906250
0.44140625
0.09765625
-0.50390625
0.00781250
-0.04687500
2.69531250
-0.26562500
0.10156250
0.42578125
0.13671875
-0.49218750
0.12500000
0.14062500
2.60937500
-0.34765625
0.29296875
0.41406250
0.16406250
-0.62500000
0.13281250
-0.14062500
2.39453125
-0.37500000
0.54687500
0.41796875
0.02734375
-0.48046875
0.10937500
0.12500000
2.83593750
-0.36718750
0.03125000
0.51562500
-0.08593750
-0.55859375
0.10156250
0.20312500
2.67578125
-0.30078125
0.13281250
0.37500000
-0.07812500
-0.40234375
0.06250000
0.17578125
2.48828125
-0.35546875
0.21484375
0.32812500
0.10156250
-0.35156250
-0.16406250
0.26562500
2.43359375
-0.34765625
0.19140625
0.17578125
0.03906250
-0.50390625
0.02343750
0.41015625
3.62890625
0.20703125
-0.42968750
0.25781250
-0.34765625
-0.04687500
-0.04296875
-0.24218750
2.56640625
-0.27343750
0.35937500
0.19140625
-0.31250000
-0.05078125
-0.07812500
0.25390625
2.63671875
-0.40234375
0.10156250
0.43359375
-0.03906250
-0.55859375
-0.08984375
0.07812500
2.67187500
-0.53125000
0.23828125
0.50781250
0.16796875
-0.56250000
0.10156250
-0.10546875
2.56640625
-0.21484375
0.33984375
0.58593750
-0.04687500
-0.41796875
0.04687500
0.00390625
2.75000000
-0.44140625
0.29296875
0.54296875
0.01562500
-0.52734375
0.05078125
-0.11718750
2.62500000
-0.42968750
0.31640625
0.53906250
0.07031250
-0.56250000
0.20312500
-0.13281250
2.60546875
-0.51953125
0.35546875
0.54687500
0.01562500
-0.62890625
0.13281250
-0.24609375
2.60156250
-0.18359375
0.27343750
0.50000000
-0.07421875
-0.44531250
0.23828125
0.04687500
2.58203125
-0.31640625
0.08984375
0.44531250
-0.01953125
-0.55078125
0.08203125
-0.29296875
2.58203125
-0.35546875
0.36718750
0.51171875
-0.01171875
-0.53125000
0.20312500
-0.09765625
2.59765625
-0.42187500
0.26562500
0.53125000
0.01562500
-0.61718750
0.21093750
0.00000000
2.58593750
-0.36328125
0.33203125
0.42968750
0.35546875
-0.51953125
0.06250000
0.04687500
2.75000000
-0.32812500
0.31250000
0.60937500
0.14062500
-0.55468750
-0.05859375
0.26171875
2.63281250
-0.12500000
0.35546875
0.39062500
0.24609375
-0.54296875
-0.14843750
-0.01562500
2.77343750
-0.30078125
0.21875000
0.48828125
0.03515625
-0.41015625
-0.01953125
-0.55859375
3.04296875
0.21875000
-0.07812500
0.28906250
-0.58593750
0.15625000
0.35937500
-0.12500000
2.77734375
-0.07812500
0.23437500
-0.51562500
-0.39453125
-0.58984375
-0.37109375
0.00781250
2.49609375
-0.32812500
0.28906250
0.54687500
0.07421875
-0.65234375
0.08203125
-0.07812500
2.83984375
-0.51171875
0.24218750
0.55078125
-0.17578125
-0.68750000
0.12890625
0.04296875
2.78906250
-0.45703125
0.33984375
0.62109375
-0.17968750
-0.44921875
0.00000000
0.08984375
2.69531250
-0.44921875
0.11328125
0.52734375
0.25000000
-0.51171875
-0.01953125
-0.05859375
2.67968750
-0.30078125
0.19140625
0.61718750
0.18750000
-0.35937500
0.21093750
-0.04687500
2.58593750
-0.41796875
0.38671875
0.51562500
0.26171875
-0.44531250
0.07031250
-0.11718750
2.62109375
-0.32812500
0.21093750
0.57421875
0.20312500
-0.47656250
0.18359375
-0.04296875
2.64843750
-0.42968750
0.34765625
0.48828125
0.15234375
-0.62500000
0.03515625
-0.03515625
2.58984375
-0.28906250
0.39062500
0.55468750
0.39062500
-0.52734375
0.09765625
0.03515625
2.50390625
-0.46093750
0.19921875
0.45312500
0.09375000
-0.58593750
0.19140625
-0.00781250
2.71484375
-0.12890625
0.15625000
0.44531250
0.21875000
-0.54296875
0.14453125
-0.03906250
2.59375000
-0.32031250
0.39843750
0.58984375
0.29687500
-0.58203125
0.04296875
0.06640625
2.82812500
-0.46093750
0.05468750
0.37109375
-0.10937500
-0.67968750
-0.01562500
0.15625000
2.83203125
-0.17968750
0.32031250
0.56640625
0.21875000
-0.23437500
-0.00390625
0.46093750
3.01171875
0.04296875
0.10546875
0.10546875
0.26171875
-0.30859375
-0.09375000
-0.08593750
2.55468750
0.05859375
0.57031250
-0.45703125
-0.23437500
-0.10937500
-0.48046875
0.08593750
2.57812500
-0.55859375
0.29687500
0.51562500
0.12109375
-0.49609375
0.12500000
0.17578125
2.77343750
-0.47265625
-0.01562500
0.24609375
-0.08203125
-0.44140625
-0.07812500
0.15234375
2.55468750
-0.17578125
0.44140625
0.43359375
0.40234375
-0.48828125
-0.01171875
0.10156250
2.83203125
-0.43359375
0.12500000
0.46093750
-0.03515625
-0.52734375
0.05859375
0.16015625
2.53906250
-0.37500000
0.32031250
0.45703125
0.19140625
-0.51953125
0.03515625
-0.05078125
2.64453125
-0.48437500
0.36328125
0.61328125
0.07812500
-0.50390625
-0.03906250
0.03906250
2.60156250
-0.42187500
0.34765625
0.55859375
0.13671875
-0.59765625
0.01562500
-0.01562500
2.57812500
-0.36718750
0.33203125
0.47265625
0.18750000
-0.46875000
0.15625000
-0.07421875
2.50000000
-0.49218750
0.41015625
0.47265625
0.07812500
-0.53906250
0.19140625
0.06250000
2.70312500
-0.32421875
0.14453125
0.56250000
0.18750000
-0.44921875
0.08984375
-0.02734375
2.45312500
-0.16796875
0.57031250
0.48828125
0.31250000
-0.51953125
0.17968750
-0.17968750
2.53125000
-0.19531250
0.30859375
0.37500000
0.21093750
-0.47656250
0.14843750
0.19140625
2.81640625
-0.49609375
0.19140625
0.39453125
0.26562500
-0.55078125
0.00000000
0.02734375
2.76562500
0.01171875
0.16406250
0.00781250
-0.13281250
-0.53125000
-0.02343750
0.08593750
2.88671875
-0.29296875
0.64843750
0.33984375
0.07421875
-0.29687500
-0.16015625
0.32421875
2.85546875
-0.55078125
-0.18359375
0.52734375
0.36718750
-0.35937500
-0.58593750
0.06640625
2.46875000
-0.32031250
0.57421875
0.41015625
0.24609375
-0.55078125
0.04296875
-0.00781250
2.49609375
-0.52343750
0.53125000
0.55468750
0.47656250
-0.58203125
-0.14453125
0.05078125
2.57812500
-0.32812500
0.21093750
0.42968750
-0.02734375
-0.55859375
0.05859375
0.10156250
2.70312500
-0.28515625
0.57421875
0.46484375
0.03906250
-0.40234375
-0.29296875
-0.15234375
2.49218750
-0.33984375
0.57812500
0.37890625
0.12500000
-0.47265625
0.05078125
0.09765625
2.58593750
-0.49218750
0.33984375
0.57031250
0.31250000
-0.57421875
-0.00390625
0.11718750
2.78906250
-0.46093750
0.17968750
0.64062500
0.10937500
-0.48046875
-0.05078125
-0.17187500
2.47656250
-0.30859375
0.38281250
0.24218750
0.11328125
-0.53515625
0.10546875
-0.05468750
2.55468750
-0.25000000
0.35156250
0.38281250
0.23437500
-0.41406250
0.08984375
0.02343750
2.50781250
-0.39843750
0.42578125
0.45312500
0.05468750
-0.60156250
0.08203125
0.05078125
2.49609375
-0.37890625
0.42187500
0.46093750
0.24609375
-0.63281250
0.01562500
0.09765625
2.64843750
-0.36328125
0.41796875
0.49218750
0.28906250
-0.69140625
0.00390625
0.03906250
2.74218750
-0.47656250
0.09765625
0.24609375
0.10156250
-0.59765625
0.06640625
-0.01562500
2.57421875
-0.32031250
0.40625000
0.32812500
0.14453125
-0.50781250
0.12109375
-0.12500000
2.18750000
0.18750000
0.45703125
-0.04687500
-0.08203125
-0.28515625
0.06640625
0.53125000
2.49609375
-0.22265625
-0.15234375
-0.00781250
0.59375000
-0.29296875
-0.29687500
0.28125000
2.56640625
-0.50781250
0.50781250
0.52343750
0.28515625
-0.66015625
-0.19140625
0.18750000
2.45703125
-0.36328125
0.42578125
0.41406250
0.29296875
-0.58593750
-0.16406250
0.13671875
2.53125000
-0.49609375
0.40234375
0.38281250
0.00781250
-0.51562500
0.00000000
-0.01562500
2.47265625
-0.46875000
0.48046875
0.23437500
-0.02734375
-0.48437500
-0.09765625
0.29296875
2.70312500
-0.47265625
0.29296875
0.37500000
0.03906250
-0.44921875
-0.00781250
-0.06250000
2.63671875
-0.43359375
0.51953125
0.46875000
0.24218750
-0.46875000
0.01562500
0.19921875
2.67187500
-0.44531250
0.10156250
0.50000000
0.22265625
-0.41406250
0.09765625
-0.21875000
2.56640625
-0.16406250
0.56250000
0.31250000
0.32421875
-0.43750000
0.07421875
-0.04687500
2.45312500
-0.18359375
0.62890625
0.37500000
0.30078125
-0.44921875
0.02343750
0.08593750
2.52343750
-0.42578125
0.39453125
0.36328125
0.14062500
-0.58984375
-0.01171875
-0.03125000
2.50390625
-0.17578125
0.58984375
0.46875000
0.32031250
-0.50000000
0.01562500
0.11718750
2.55078125
-0.16015625
0.31250000
0.30468750
0.07812500
-0.54296875
-0.03125000
0.08984375
2.45312500
-0.36328125
0.48437500
0.23437500
0.32421875
-0.52343750
-0.09375000
0.28906250
2.48437500
-0.46484375
0.30468750
0.15234375
0.15625000
-0.57812500
-0.07031250
0.17187500
2.51562500
-0.25000000
0.32421875
0.16406250
0.41796875
-0.48046875
0.03515625
0.62500000
2.61328125
-0.19140625
0.03515625
-0.33984375
0.39453125
-0.43750000
-0.28906250
0.08203125
2.59375000
-0.55859375
0.36328125
0.36328125
0.10156250
-0.58203125
0.08593750
0.20703125
2.58203125
-0.40234375
0.32031250
0.36718750
0.22265625
-0.51953125
0.02734375
-0.00390625
2.38671875
-0.42187500
0.56250000
0.26953125
0.26171875
-0.33593750
0.04687500
-0.02343750
2.49218750
-0.23437500
0.50781250
0.29296875
0.40625000
-0.34765625
-0.03906250
0.00781250
2.54296875
-0.30078125
0.60937500
0.45312500
0.36718750
-0.46875000
-0.05859375
-0.13281250
2.56250000
-0.42187500
0.55078125
0.37109375
0.23046875
-0.42578125
0.18750000
0.05859375
2.80859375
-0.28515625
0.22656250
0.52343750
0.01562500
-0.53906250
0.05078125
0.01953125
2.51171875
-0.43359375
0.41796875
0.34765625
0.05468750
-0.61718750
0.12890625
0.07031250
2.45312500
-0.40234375
0.45312500
0.34375000
0.04296875
-0.54296875
0.00390625
-0.08984375
2.44921875
-0.27343750
0.52343750
0.36718750
0.27343750
-0.45703125
-0.01171875
0.17578125
2.53515625
-0.37890625
0.26562500
0.39843750
0.25781250
-0.50390625
0.15234375
0.11328125
2.59375000
-0.27343750
0.21484375
0.39843750
0.05468750
-0.43750000
0.05468750
0.16015625
2.73828125
-0.43359375
0.12109375
0.21875000
-0.03515625
-0.53906250
-0.02343750
-0.18359375
2.41406250
-0.33593750
0.78125000
0.26562500
0.42187500
-0.54296875
0.08593750
0.13671875
2.51171875
-0.51562500
0.55468750
0.45312500
0.01562500
-0.58593750
-0.03515625
0.00781250
2.73437500
-0.53515625
0.22656250
0.16406250
-0.21875000
-0.66406250
-0.01953125
0.07421875
2.60546875
-0.57421875
0.41015625
0.37890625
0.28515625
-0.57031250
0.10156250
0.07421875
2.60546875
-0.51953125
0.28125000
0.24609375
0.19531250
-0.58984375
-0.05078125
0.06250000
2.73437500
-0.35937500
0.40625000
0.36328125
0.26171875
-0.61328125
-0.00390625
0.29687500
2.59375000
-0.28906250
0.27734375
0.08203125
0.32812500
-0.39843750
-0.08203125
-0.12890625
2.41015625
-0.33593750
0.60937500
0.36718750
0.22265625
-0.51953125
0.13281250
-0.05078125
2.53906250
-0.41015625
0.50781250
0.39843750
0.31640625
-0.47656250
0.04296875
0.08984375
2.65234375
-0.46875000
0.26953125
0.51171875
0.01171875
-0.61328125
-0.06640625
-0.08984375
2.50390625
-0.18359375
0.30468750
0.38281250
-0.01171875
-0.37109375
-0.00390625
-0.08203125
2.46875000
-0.35546875
0.31640625
0.25781250
0.12500000
-0.57812500
0.27343750
-0.00390625
2.57421875
-0.19531250
0.44921875
0.42578125
0.21875000
-0.49218750
0.19140625
0.10546875
2.56640625
-0.23046875
0.37890625
0.37500000
0.08984375
-0.44921875
0.07812500
0.04687500
2.69921875
-0.44140625
0.29296875
0.23828125
-0.06250000
-0.56250000
-0.01562500
-0.03906250
2.56250000
-0.46093750
0.37109375
0.32031250
-0.01562500
-0.58984375
0.13281250
-0.14843750
2.44140625
-0.39453125
0.53125000
0.32812500
-0.05078125
-0.55859375
0.07031250
-0.08984375
2.60937500
-0.48437500
0.33593750
0.33593750
0.07031250
-0.56640625
0.16015625
0.03906250
2.61328125
-0.27343750
0.45312500
0.19531250
0.10937500
-0.45312500
-0.05859375
0.10937500
2.74218750
-0.53515625
0.26171875
0.33984375
0.08203125
-0.61328125
0.09375000
0.12500000
2.75390625
-0.38671875
0.21875000
0.39453125
0.09375000
-0.48046875
-0.02734375
0.05859375
2.47656250
-0.29296875
0.69140625
0.32421875
0.25000000
-0.49218750
-0.19531250
0.28515625
2.70312500
-0.48437500
0.20703125
0.36328125
0.23437500
-0.61718750
-0.06640625
0.13671875
2.71875000
-0.34765625
0.33593750
0.40625000
0.16015625
-0.44140625
0.09765625
0.01171875
2.61718750
-0.28125000
0.66406250
0.45312500
0.00390625
-0.42578125
0.08203125
0.01562500
2.56250000
-0.32031250
0.26171875
0.42578125
-0.17968750
-0.42187500
0.15625000
0.09375000
2.77343750
-0.33984375
0.17187500
0.28515625
-0.08593750
-0.60546875
0.05859375
0.20312500
2.94140625
-0.55078125
0.07812500
0.58984375
0.32812500
-0.52734375
0.06640625
0.10546875
2.62890625
-0.46875000
0.25781250
0.23046875
0.11328125
-0.53515625
0.17968750
0.02734375
2.64062500
-0.53515625
0.39843750
0.26171875
0.19531250
-0.60937500
0.17578125
0.14453125
2.81250000
-0.42968750
0.21875000
0.41796875
-0.04296875
-0.50390625
0.01171875
-0.09375000
2.54296875
-0.37890625
0.35937500
0.29687500
0.12890625
-0.58203125
0.21875000
0.10937500
2.61328125
-0.41406250
0.16015625
0.27734375
0.00781250
-0.48437500
0.03515625
0.06640625
2.55078125
-0.47265625
0.42578125
0.27734375
0.12890625
-0.51562500
0.04687500
0.21875000
2.83203125
-0.57812500
0.01562500
0.27343750
0.07421875
-0.56640625
-0.03125000
0.08203125
2.82421875
-0.51171875
0.19140625
0.41796875
-0.05078125
-0.48046875
0.02343750
0.17578125
2.72265625
-0.48046875
0.18750000
0.46093750
0.30078125
-0.48437500
0.00390625
-0.17187500
2.48437500
-0.45703125
0.41015625
0.17187500
0.07812500
-0.47656250
0.09375000
0.01953125
2.80078125
-0.45703125
0.23828125
0.48828125
0.15625000
-0.53515625
-0.08203125
-0.09375000
2.54687500
-0.31250000
0.28515625
0.46093750
0.07421875
-0.39843750
0.16796875
0.11328125
2.75781250
-0.43750000
0.07812500
0.49218750
0.02343750
-0.55468750
0.16796875
0.14843750
2.62109375
-0.34765625
0.33984375
0.40234375
0.03125000
-0.49218750
-0.05078125
0.15625000
2.92578125
-0.37500000
0.17187500
0.52343750
0.11328125
-0.41406250
-0.11718750
-0.15625000
2.58203125
-0.49218750
0.31250000
0.38671875
-0.16406250
-0.57031250
0.19921875
0.09765625
2.69921875
-0.58593750
0.23828125
0.37109375
0.00390625
-0.61328125
0.08203125
0.15625000
2.75000000
-0.37500000
0.30859375
0.41796875
0.18359375
-0.57812500
0.12890625
-0.18359375
2.50000000
-0.28125000
0.42187500
0.32031250
0.13671875
-0.48437500
0.05078125
0.08984375
2.64843750
-0.47265625
0.33593750
0.45312500
0.03906250
-0.54687500
-0.03906250
0.19531250
2.57421875
-0.39843750
0.32421875
0.23437500
0.05468750
-0.46875000
0.02734375
0.16015625
2.59375000
-0.44140625
0.27734375
0.28125000
0.01562500
-0.45312500
0.05859375
-0.01953125
2.68359375
-0.61718750
0.29687500
0.36718750
0.12890625
-0.55468750
-0.02734375
0.01171875
2.78906250
-0.48046875
0.28906250
0.47656250
0.22265625
-0.51171875
0.03515625
0.07421875
2.71093750
-0.55859375
0.20703125
0.32031250
0.01562500
-0.61718750
-0.03906250
0.04687500
2.70312500
-0.50000000
0.30468750
0.58984375
0.21093750
-0.41796875
-0.03125000
0.12500000
2.63671875
-0.48046875
0.36328125
0.45703125
0.13671875
-0.49609375
-0.12890625
0.06250000
2.80078125
-0.57812500
0.07421875
0.51953125
-0.11328125
-0.40234375
-0.10156250
0.03906250
2.70703125
-0.48828125
0.23828125
0.51562500
0.05468750
-0.53125000
0.02734375
-0.00390625
2.60156250
-0.48046875
0.28906250
0.49218750
0.08203125
-0.51562500
0.10937500
0.05078125
2.62890625
-0.39062500
0.14843750
0.24218750
0.01953125
-0.49609375
-0.10156250
0.14453125
2.80859375
-0.39062500
0.22265625
0.56640625
0.14453125
-0.45703125
-0.05468750
0.03906250
2.63281250
-0.47265625
0.35156250
0.51953125
0.02343750
-0.50390625
0.08593750
0.09375000
2.65625000
-0.52343750
0.26171875
0.45703125
-0.05078125
-0.51171875
-0.04296875
0.14843750
2.80859375
-0.44140625
0.32031250
0.42578125
0.08984375
-0.46484375
-0.19531250
0.16796875
2.63671875
-0.43359375
0.19140625
0.30468750
-0.01953125
-0.36718750
0.05468750
0.19531250
2.55468750
-0.39843750
0.28906250
0.28906250
0.16015625
-0.38671875
-0.08984375
0.30078125
2.73828125
-0.60546875
0.23046875
0.37500000
0.16015625
-0.41015625
-0.12890625
0.15625000
2.70703125
-0.34375000
0.09765625
0.30468750
0.08203125
-0.35937500
-0.08203125
0.26562500
2.78906250
-0.59765625
0.12109375
0.47656250
-0.07421875
-0.38671875
-0.05468750
0.25000000
2.64843750
-0.39062500
0.27343750
0.33593750
0.27734375
-0.32812500
-0.09765625
0.21875000
2.54296875
-0.39062500
0.33593750
0.40234375
0.10156250
-0.32031250
-0.24218750
0.15234375
2.68750000
-0.38671875
0.24218750
0.35546875
-0.17968750
-0.40625000
-0.38281250
-0.16796875
2.48828125
-0.46875000
0.47656250
0.38281250
-0.07812500
-0.36718750
-0.01562500
0.12109375
2.57031250
-0.61328125
0.32031250
0.34375000
-0.26171875
-0.55468750
-0.23828125
0.06640625
2.75781250
-0.59765625
0.27343750
0.53125000
-0.05468750
-0.50781250
-0.10156250
