1.15234375
-3.18359375
-2.68750000
0.77343750
-3.90625000
0.62500000
0.25390625
-1.44140625
1.19921875
2.81640625
1.20703125
4.46875000
-1.37109375
-0.70703125
2.75390625
-0.97656250
2.53906250
-1.55078125
1.31250000
-1.52734375
-0.25000000
-0.33203125
-1.26171875
0.33593750
-0.21093750
-0.32421875
-0.23828125
-2.99609375
-3.06250000
-1.16015625
0.33984375
0.79296875
0.55468750
-1.19140625
0.53906250
1.75000000
-5.88671875
-1.38281250
-1.66015625
-1.44921875
2.25390625
0.84765625
3.53125000
0.96484375
-3.03515625
-2.76953125
2.33984375
-3.49609375
1.90234375
-1.83203125
2.21484375
-0.69921875
1.78515625
-0.12500000
-1.01171875
0.29296875
0.71875000
-0.94921875
-1.22656250
-2.79687500
-1.69531250
0.18750000
1.37109375
-1.44140625
1.06640625
-3.80859375
-1.00000000
0.24609375
-2.44921875
1.96484375
-0.59375000
-0.07031250
-2.50390625
2.22265625
0.77734375
2.92187500
-2.02343750
-0.83984375
0.92968750
-2.30468750
1.96875000
-1.25000000
0.80468750
-2.05859375
0.93359375
-0.84375000
-2.24218750
3.13281250
3.42578125
-0.26171875
0.96093750
-2.56640625
-0.68750000
1.00000000
1.08984375
-1.61328125
0.01171875
-2.30859375
2.10937500
0.30078125
-0.84765625
-0.42968750
0.85937500
-2.14843750
-1.01171875
0.79687500
0.92578125
2.28125000
-2.82812500
0.00000000
0.55468750
-0.05859375
-0.14843750
-0.81250000
1.80468750
-0.41796875
3.23828125
-0.26562500
0.14062500
0.84375000
-0.39062500
-0.23828125
-2.84765625
-0.53125000
0.89453125
-0.37500000
-4.56640625
2.30078125
0.45312500
-0.16406250
-3.72265625
-0.45312500
-0.31640625
1.95703125
2.25000000
-0.78906250
1.49609375
4.01171875
4.04687500
-3.71093750
-1.62109375
0.26562500
0.54296875
-0.44921875
-0.03125000
-1.02343750
2.37500000
1.08984375
-2.32031250
-0.20312500
-1.57421875
-1.78515625
-0.58984375
0.86328125
-0.96875000
-0.33203125
-0.86718750
0.15234375
0.91406250
-2.32421875
1.53906250
-4.06640625
-0.77343750
0.38281250
-4.22656250
-2.36718750
0.92578125
-0.05078125
0.40625000
0.41015625
-0.37890625
1.56640625
-0.25781250
-0.97265625
-1.25390625
-0.44921875
1.39062500
0.41796875
0.07812500
-0.68750000
3.01562500
-0.29296875
0.06250000
-0.82812500
-1.57421875
2.15625000
1.29687500
-1.34765625
-1.83593750
-1.30468750
-0.79296875
-0.73046875
1.02734375
-4.00390625
0.48046875
0.67968750
-1.34375000
-2.99218750
0.90625000
-0.46093750
3.17187500
-0.10546875
0.97265625
2.56640625
-3.21484375
-1.90234375
0.60546875
-4.95703125
0.56640625
-0.87109375
0.49218750
-0.87890625
2.18359375
-0.57031250
1.50781250
-3.00781250
0.40234375
1.25781250
-0.05468750
-1.69921875
-3.10156250
2.27734375
1.70703125
-0.80859375
1.26953125
-0.31250000
-2.28515625
-2.80078125
-3.92968750
-1.01953125
0.82031250
0.48437500
0.72656250
-0.04296875
-0.08203125
3.19140625
-2.81250000
-0.82812500
1.31640625
-4.56640625
2.37109375
-0.37890625
0.01562500
-0.44921875
-0.08593750
0.35156250
2.56250000
-0.92187500
0.71875000
2.21875000
-2.59375000
-2.67578125
-1.53906250
1.09375000
-2.07812500
1.75390625
0.35546875
-0.03906250
-0.19921875
0.74218750
-3.28906250
-1.01171875
0.26953125
-3.80859375
-1.16015625
-0.09375000
3.56250000
-0.12890625
-1.74609375
-0.75390625
4.34765625
-0.60156250
-0.33593750
-1.69531250
0.46484375
-0.13671875
1.90234375
-0.23828125
3.02734375
-1.79687500
0.62500000
-0.21875000
-0.74609375
-2.17968750
0.94921875
-0.37500000
0.47265625
-0.16796875
-0.12500000
-1.58203125
1.21875000
-1.16406250
-0.14062500
-0.65625000
-1.81250000
-0.49609375
1.95703125
0.46093750
-2.86718750
6.11718750
-0.80078125
1.60937500
1.16015625
1.66015625
-1.33203125
-1.90234375
-0.67187500
-3.12890625
2.29687500
-0.11328125
-0.25781250
4.22265625
1.91406250
0.55859375
0.41796875
0.82812500
0.41796875
-3.51171875
0.57031250
0.99609375
-0.19921875
1.24609375
1.60937500
0.61718750
-2.90234375
2.99218750
-1.35937500
-1.04687500
-1.03515625
1.66796875
-1.03906250
2.57812500
-2.55078125
0.03515625
-1.19531250
-1.71484375
-0.70703125
-2.25000000
1.56250000
-0.14843750
2.93750000
-0.85937500
1.49609375
1.17578125
-0.63281250
1.62109375
0.24609375
0.96484375
-0.68750000
2.18359375
0.18750000
0.01562500
0.06250000
1.35156250
0.61328125
-0.79296875
0.01953125
4.41796875
1.04687500
-0.25390625
0.26953125
-0.60156250
-0.65625000
-1.11328125
-0.14843750
-0.25390625
-0.00390625
-1.26171875
-0.22265625
-0.34765625
-3.07031250
1.74218750
-3.14453125
0.10937500
2.56250000
0.53906250
1.11718750
1.75000000
-1.44921875
2.04687500
2.76953125
0.53906250
-2.53906250
0.30078125
-0.94531250
-0.67968750
-1.69921875
-0.98437500
-0.23828125
1.70703125
-1.17968750
-0.03906250
-1.02343750
2.47656250
-0.11328125
-0.98437500
1.30859375
-1.18359375
-3.44531250
-0.53906250
-1.57812500
-0.88281250
2.06250000
1.46875000
0.39843750
0.13281250
-0.84765625
3.33593750
2.85937500
-0.45703125
-0.94531250
-0.43750000
-0.39062500
0.27343750
4.47656250
0.52343750
0.85546875
-2.77343750
-0.44140625
-1.14062500
-0.96875000
-0.19140625
0.66796875
-2.21875000
2.43750000
4.66406250
3.02734375
2.94921875
-4.01953125
0.21875000
1.41015625
-2.06250000
-0.88281250
-0.08203125
-1.80468750
-1.12890625
0.90234375
-0.36718750
-2.51562500
3.76953125
1.27343750
1.57031250
-0.03125000
0.87109375
-0.10546875
-1.01562500
-2.30468750
1.80078125
0.67968750
-4.55859375
-0.84765625
-2.01953125
-2.38281250
0.16015625
0.36328125
0.19921875
3.82812500
-0.12890625
1.82812500
-1.46093750
-0.48046875
0.98828125
1.44140625
-0.55468750
0.42187500
-1.32031250
-2.69921875
2.35156250
1.90625000
-0.39843750
-0.48437500
-0.68750000
1.25390625
0.46484375
-0.44140625
1.80859375
0.17187500
0.55078125
1.43750000
-1.17187500
0.32812500
-3.26562500
-2.19140625
-0.67968750
-1.24609375
-1.19531250
-1.62890625
-1.05468750
2.33593750
0.26562500
0.47656250
4.44531250
-3.95312500
2.75781250
-0.05468750
-0.88671875
-0.39453125
-0.80859375
0.16796875
-1.30859375
3.78125000
0.45703125
0.96875000
-1.96093750
3.22656250
-1.99218750
-0.21484375
-1.16015625
-0.21093750
1.19140625
0.79687500
-0.26953125
-0.16015625
-2.15625000
1.80078125
-0.73046875
-0.98046875
2.97656250
-0.50390625
-1.33203125
1.16406250
-1.26562500
0.47656250
2.83203125
0.43359375
1.63671875
0.40234375
-1.23437500
0.32031250
-1.56250000
-3.24218750
-0.43750000
0.80078125
0.74218750
-0.39453125
-0.42578125
-2.27734375
1.53906250
-1.00390625
0.48046875
-1.25781250
-1.14843750
0.26562500
0.56250000
-0.01171875
-2.31640625
1.87500000
-0.06250000
-1.78515625
1.26171875
-1.17968750
-1.11328125
-3.08984375
2.01953125
-0.71875000
-1.68750000
1.21093750
0.64453125
-0.72656250
-0.48046875
-0.28515625
-1.34375000
-0.60546875
0.37890625
3.26562500
0.85937500
-1.93750000
0.18359375
-1.79687500
-2.33593750
0.26171875
-1.08203125
-2.23828125
-1.43750000
1.13281250
1.61328125
-0.48828125
-0.27734375
-2.84375000
-0.32421875
0.89453125
3.82812500
-1.08203125
1.25781250
-1.10546875
-2.29296875
-3.24609375
3.11328125
0.89062500
0.20703125
0.29296875
0.01562500
-1.37109375
-2.01953125
-0.25000000
0.09765625
1.07031250
0.40234375
-0.30859375
1.22265625
2.84765625
-0.58203125
-1.07031250
0.02734375
-0.03125000
2.51953125
2.44531250
-1.97656250
0.33984375
2.82812500
-0.31250000
-1.17187500
0.94921875
1.23046875
1.69140625
-1.36328125
0.71484375
0.64062500
-1.98828125
0.75000000
2.37500000
-1.36328125
-0.57031250
1.01171875
1.33203125
1.55078125
-1.01171875
-0.03906250
-1.69921875
0.12500000
2.52343750
0.87500000
1.36718750
-3.14843750
-1.90234375
2.35546875
0.23828125
0.07031250
-4.69140625
-1.58203125
-0.80078125
-2.71093750
-3.18750000
-1.53906250
-1.47656250
-1.46875000
-1.23437500
-0.09375000
-2.72265625
2.63281250
1.21484375
-0.39843750
0.36328125
0.33984375
1.62109375
1.59765625
0.83593750
-2.37500000
3.24609375
0.66015625
2.26171875
-0.00781250
0.52734375
-0.17968750
-0.51562500
0.67578125
0.12890625
1.19140625
-1.83593750
-1.23046875
1.57812500
1.73828125
0.04296875
-4.32031250
1.98828125
0.08203125
-0.55078125
1.39843750
-1.48828125
-0.27343750
3.12500000
1.44921875
0.43750000
4.27734375
-3.74218750
-1.14453125
0.52343750
0.04687500
0.41406250
-0.24218750
-2.69921875
-1.12890625
0.33203125
0.33984375
-3.62109375
0.26171875
4.65234375
-1.09375000
0.69531250
1.44531250
-1.77343750
0.82812500
-1.46484375
-0.54687500
-0.60156250
-2.38671875
1.25390625
-0.64843750
-3.04687500
0.89453125
-1.17187500
-0.54296875
0.05078125
-2.00390625
0.28125000
5.97656250
-3.73046875
1.12109375
1.12890625
0.25781250
0.07421875
-0.92968750
-2.20312500
-2.35156250
1.55078125
0.27343750
-0.28125000
-1.50781250
5.83593750
0.95703125
1.60937500
-3.34375000
-0.31250000
-0.80859375
1.18750000
0.00000000
0.48437500
-0.01171875
-0.64843750
-2.77734375
-1.96484375
0.56250000
0.55078125
-1.87109375
-0.43750000
1.91015625
0.86328125
1.70703125
-0.82812500
-0.07031250
1.55859375
-0.64453125
0.47265625
0.25390625
-1.07421875
-0.18750000
-1.22656250
1.00390625
1.23046875
0.70312500
-2.35156250
-0.07421875
-3.68750000
-2.31250000
0.71484375
-2.11328125
-0.13281250
2.22265625
0.39453125
1.05078125
-0.02734375
-0.75390625
-0.93750000
0.61718750
-0.62890625
-3.40625000
-0.65625000
-0.16406250
1.47656250
4.92968750
-0.89843750
1.94140625
2.14843750
-1.53515625
0.32031250
-0.80078125
-2.56250000
-2.01953125
0.30468750
0.55468750
1.94531250
1.63281250
1.13671875
-1.28125000
0.46484375
-2.71484375
3.49218750
1.12109375
-2.34765625
-1.12500000
0.24218750
1.53906250
1.49218750
1.12109375
-3.41015625
0.07421875
-0.75781250
-1.30468750
-2.33203125
0.37500000
-0.85937500
1.04296875
-0.68750000
-0.28906250
0.51171875
0.22656250
-0.96875000
-0.53515625
-3.08203125
0.58984375
2.18359375
0.51953125
2.83593750
-0.58984375
0.58984375
-0.10546875
2.54296875
-0.96093750
-2.32812500
-0.43359375
-1.53906250
-0.42968750
-0.24218750
1.61328125
3.65625000
-0.80468750
-0.94531250
1.49218750
-1.00781250
-1.67187500
1.28906250
1.17187500
-2.88281250
2.21875000
-2.41015625
1.51171875
-1.94531250
-1.86718750
-1.79687500
0.30468750
-0.21875000
-0.38671875
1.31640625
-0.00781250
2.24609375
3.48828125
3.14062500
0.15234375
1.51171875
-0.65234375
-1.77343750
-0.31250000
-2.65625000
-1.23437500
-0.12890625
4.31250000
2.56250000
0.81250000
1.77734375
0.92578125
0.78515625
-3.47656250
-1.07031250
-1.42187500
-1.73046875
-2.92968750
2.16796875
-1.33984375
1.56250000
0.13671875
1.40234375
1.42187500
1.30078125
-1.07031250
-0.66406250
-0.20703125
1.33203125
-2.44531250
-2.15234375
-0.14453125
-0.95312500
0.97656250
-0.06640625
-1.54687500
-0.95312500
-4.53515625
-0.74609375
0.96093750
-2.49609375
0.92968750
-0.50390625
-3.70312500
-1.51562500
0.58984375
-3.61718750
2.73046875
5.91796875
1.83593750
2.57031250
2.05078125
0.54687500
0.87500000
1.11328125
-1.35546875
0.50390625
-2.09765625
0.37109375
0.00000000
1.43359375
-0.73046875
-3.40234375
-0.11328125
2.04687500
1.75390625
-0.59765625
-4.16406250
-0.07421875
0.67187500
0.26171875
-4.25781250
0.43750000
-0.58593750
-4.17187500
-0.81640625
-1.78515625
-0.87500000
0.03906250
3.20312500
-0.00390625
2.15625000
-1.45312500
-1.63281250
-1.23046875
0.46875000
-0.30078125
-0.45703125
-0.41015625
2.19921875
2.90234375
0.33593750
-1.57421875
5.49609375
-1.31250000
0.99609375
-0.65625000
-2.92968750
1.73437500
1.43359375
1.63281250
-2.21484375
0.74218750
-0.60156250
-1.55468750
2.07031250
-6.05078125
1.83203125
1.94140625
-0.73437500
0.40625000
3.46875000
-1.62890625
-0.14062500
0.43359375
-3.40625000
-0.86718750
2.59375000
-2.05859375
-0.58593750
-0.45312500
-0.17578125
1.14843750
0.17968750
-3.46875000
1.96484375
-0.17968750
2.28906250
1.95703125
-0.78515625
-1.48828125
-0.57812500
-0.66796875
-0.91796875
0.42187500
2.21093750
-0.15234375
-2.42187500
-1.84375000
1.04296875
-0.89062500
-2.25000000
-3.06640625
-0.67187500
2.85546875
3.02343750
-1.24609375
-3.12500000
1.33984375
-1.68750000
0.12109375
0.37109375
-1.78125000
0.69921875
0.61718750
0.94531250
2.94921875
-1.76562500
0.15234375
0.04687500
-0.73046875
-3.42578125
-0.94531250
-0.67578125
0.02343750
0.66406250
1.02734375
1.17578125
0.62890625
0.66015625
-1.07031250
0.64062500
0.23046875
-1.28515625
-0.09375000
2.23437500
0.48437500
2.70703125
-1.53515625
0.31640625
0.16406250
-0.64453125
-0.11328125
-0.35546875
-3.43750000
-0.60937500
-1.32421875
-0.03515625
1.16796875
-1.39843750
1.58984375
1.44531250
3.96484375
-3.37109375
-0.73828125
-0.89453125
0.20703125
-2.75000000
1.83593750
1.94140625
1.48828125
-0.72265625
-1.43359375
-1.09765625
-0.78125000
-2.55078125
0.87890625
0.82031250
0.46093750
3.49609375
-5.03515625
1.21875000
2.57421875
-2.93750000
-1.01171875
0.32031250
-1.56250000
0.41015625
0.83203125
-0.02343750
-0.34765625
-0.32812500
2.03906250
0.93359375
-0.16406250
-1.53515625
-1.53906250
0.12890625
-1.48437500
-1.51953125
0.63281250
0.44140625
0.38671875
-1.59375000
0.01953125
0.16015625
0.00781250
-0.28125000
0.35937500
0.91796875
0.55078125
1.12109375
0.98828125
0.79296875
1.70312500
-1.27734375
0.29296875
-0.27734375
-3.22265625
2.17968750
-0.77734375
-0.23437500
2.68750000
2.28906250
-0.27343750
-0.18750000
1.00000000
0.51953125
-0.21093750
1.80859375
-4.84765625
0.62500000
-0.44140625
0.91406250
0.21093750
-2.32812500
2.12109375
0.92578125
-1.41015625
0.15234375
-2.55078125
-2.08593750
-1.79296875
-1.15234375
1.00000000
-1.29296875
0.88671875
-1.05078125
0.92187500
-0.94921875
4.23437500
1.30859375
-1.16015625
-0.43750000
-0.82421875
-0.32031250
-0.09765625
-1.43750000
-0.79687500
0.68359375
1.62109375
-0.42187500
4.12109375
-1.40234375
0.74218750
-2.17187500
-0.30859375
0.60156250
-1.95312500
-2.89843750
0.35937500
-0.04687500
3.68750000
2.29687500
0.44531250
1.82421875
-2.36718750
2.29296875
-2.86328125
-1.25000000
0.17578125
0.09765625
-1.28125000
2.33203125
1.55078125
0.10937500
-0.59765625
1.35156250
-0.28515625
1.58203125
1.28125000
-0.17187500
0.36718750
-1.01562500
-4.39453125
0.40625000
0.98046875
-0.96484375
0.99218750
-0.73046875
-3.00390625
0.23828125
-0.76953125
0.24218750
1.10546875
0.92968750
1.04296875
0.92968750
-1.45312500
-0.20312500
-0.88671875
-2.89062500
-2.23828125
-0.19140625
-0.44921875
-0.40625000
-0.52343750
-0.56640625
-0.48437500
2.44140625
-2.64453125
5.30468750
3.76171875
1.13671875
0.58593750
-0.07421875
0.52734375
0.23828125
0.76562500
2.24609375
4.09375000
0.07812500
-1.11328125
-2.32812500
0.21093750
0.21093750
-4.83593750
1.80078125
-1.35546875
-3.49218750
0.65234375
-1.32812500
-0.54687500
0.82812500
-0.38281250
0.74609375
0.19531250
-2.25781250
1.00390625
-0.52343750
0.99218750
-0.62109375
0.28906250
0.64453125
0.21875000
-0.42578125
-0.64843750
0.07031250
0.73046875
-2.57812500
1.30468750
0.26171875
1.55468750
-0.89062500
-1.79687500
2.28906250
-0.65625000
-2.41406250
1.06250000
2.59765625
3.71875000
0.27734375
-4.18750000
-0.80468750
-0.86718750
-1.68750000
-0.68359375
-0.60156250
1.46484375
-1.29687500
-1.16015625
0.42187500
3.33984375
1.93359375
-1.51171875
-0.26953125
-3.02734375
-4.32421875
-0.97265625
-3.39453125
2.26953125
-0.94921875
0.50390625
-2.39843750
0.85156250
-1.05078125
-0.35156250
3.82812500
-0.41015625
-1.25390625
-0.47265625
4.62890625
0.24218750
2.41015625
-2.67578125
-0.04687500
1.67187500
-2.19921875
0.18750000
-1.13671875
-1.97265625
-1.00781250
-2.73437500
0.06640625
0.08984375
1.41406250
-0.09765625
-0.85546875
0.86328125
-0.94921875
0.48437500
-0.21875000
3.12109375
-0.98828125
1.67968750
-0.37500000
1.58203125
-0.17968750
-0.50390625
-0.12890625
-0.67968750
0.13671875
-0.65625000
-0.80468750
0.58203125
3.56250000
-2.38281250
-1.98828125
2.57812500
-1.14453125
1.46875000
0.46093750
-2.20312500
-0.30859375
-1.76562500
0.24218750
-0.68359375
-1.80859375
-0.80859375
0.29687500
-2.05859375
-2.23437500
-2.52343750
0.28515625
-0.51953125
0.08984375
0.84375000
-1.30468750
1.33593750
3.51953125
-2.15234375
-2.23437500
-0.12890625
-0.80468750
-1.08203125
2.48828125
-2.12890625
-0.16796875
2.77734375
0.29296875
0.37890625
0.51171875
-0.98437500
-0.75390625
-1.08593750
-3.01953125
-0.80859375
-0.30859375
-0.59765625
-0.80468750
1.21093750
1.51953125
3.80078125
0.01171875
-3.07812500
2.44921875
0.56250000
-0.13671875
-0.21875000
3.02343750
0.91796875
-3.40625000
2.00000000
-1.06640625
0.48437500
1.56250000
1.40625000
1.11328125
-5.96093750
-3.85156250
-2.46484375
-2.50000000
-0.96484375
-2.18359375
1.13281250
0.48046875
0.07421875
0.96875000
-0.13281250
-0.07421875
1.71875000
3.85546875
3.03515625
-0.64453125
0.60546875
-0.48046875
-2.78125000
-0.08593750
0.52734375
-1.20312500
0.45312500
0.73828125
-3.34375000
-1.36328125
-0.46093750
-0.34765625
2.33203125
-1.34375000
0.40625000
3.80468750
2.17968750
-0.17968750
1.08593750
0.85546875
-1.89453125
-1.14453125
0.89062500
1.02734375
-0.76171875
2.19921875
-1.34765625
0.22656250
1.50781250
-1.67968750
-1.05078125
2.60156250
-1.89843750
0.49609375
1.47656250
-0.08593750
-2.95703125
-0.64062500
1.37500000
-4.80078125
0.65234375
0.04687500
-2.07421875
-1.68359375
-1.01171875
-0.23437500
-0.26562500
-0.66015625
1.03515625
1.84765625
1.58593750
-1.09765625
-1.99218750
-1.98828125
-0.92187500
-0.24609375
2.30468750
-2.23828125
0.17968750
-0.38671875
0.66796875
-1.21484375
-1.72265625
0.25781250
1.76562500
0.73437500
0.09375000
1.57812500
2.81640625
0.92578125
0.90625000
-0.87890625
-1.10937500
-1.68750000
-0.70312500
0.91015625
1.25781250
-1.47656250
0.67187500
-1.42187500
-1.43359375
2.94921875
0.68359375
-0.10546875
2.34375000
1.83984375
-1.04687500
-1.16796875
2.29296875
-0.70703125
-2.62109375
-0.39453125
0.15234375
0.17187500
0.42187500
0.35156250
0.88671875
1.78125000
-1.91406250
-1.88281250
2.74218750
-2.03906250
0.98828125
-2.27343750
0.05468750
-0.81640625
-6.70312500
-0.33203125
-0.97656250
-0.73437500
0.68359375
-2.08593750
1.01171875
-0.97265625
-3.64843750
-1.13281250
0.91015625
-1.83593750
-0.46484375
-0.44921875
-0.32031250
1.08984375
0.30078125
0.69140625
3.56640625
1.23046875
4.19921875
-2.84765625
-0.19531250
-2.21875000
-2.39062500
1.46875000
2.29687500
-0.16796875
0.20703125
-3.75390625
1.03906250
-0.66796875
0.25390625
1.76953125
-0.69531250
-0.01953125
2.50781250
0.54296875
1.84375000
2.75781250
-2.61718750
-1.33984375
1.51562500
-0.79687500
1.91406250
-1.48828125
-0.62500000
0.14843750
-4.04296875
0.47656250
-0.39453125
-0.30859375
-0.64062500
-0.61328125
2.07031250
-1.99218750
-0.31250000
0.09375000
0.02734375
-1.44921875
0.64453125
1.37109375
0.77734375
2.16406250
-2.93750000
-0.00390625
-1.01953125
-0.73828125
0.34765625
1.35156250
1.18359375
2.26953125
-2.93750000
-0.66796875
1.92578125
-0.23828125
1.36718750
0.22265625
-1.46875000
-0.87890625
-2.71093750
0.73828125
-1.41406250
-3.51562500
-1.00000000
-0.35546875
0.96875000
-1.58984375
0.80468750
-0.62890625
-1.43750000
-1.69140625
0.24218750
-0.55468750
-0.83984375
0.74218750
-1.32421875
0.71875000
0.14843750
-1.72265625
1.12890625
1.07421875
-1.03906250
5.08203125
1.83593750
-0.67968750
1.51171875
0.34765625
-0.27734375
-0.56250000
-3.25390625
1.10156250
-1.91015625
0.53125000
-1.30078125
2.10546875
0.91796875
2.28906250
0.07812500
-0.53125000
-1.79687500
-0.09765625
-2.26562500
1.46875000
-0.34375000
0.92578125
-0.76953125
-0.31250000
-3.64453125
-0.23828125
1.48828125
-0.59765625
1.14062500
2.21093750
2.36328125
-0.50000000
0.62500000
-0.74218750
1.68359375
0.33203125
-0.19140625
-1.22265625
-1.76953125
0.46875000
-2.18359375
0.24609375
0.96875000
3.12109375
-1.18750000
-0.48046875
1.88281250
0.78906250
0.87109375
0.81640625
-4.37500000
2.08593750
0.36328125
1.93359375
-3.27734375
0.98046875
0.27343750
-1.58593750
1.16406250
0.35937500
-0.60937500
2.77734375
1.59375000
0.40234375
-1.96484375
-3.06250000
-4.03906250
1.08593750
1.23437500
0.67187500
-1.04687500
0.55078125
0.72656250
0.42578125
-0.07031250
0.10937500
-0.45312500
1.49609375
-1.55468750
0.45312500
1.50390625
-0.09765625
-0.89453125
-2.75781250
0.25390625
0.78125000
-2.24609375
1.49609375
-2.51562500
-0.66406250
0.27734375
1.01953125
0.75000000
0.91796875
-0.82812500
-1.17968750
0.44531250
-1.05859375
-1.61718750
2.73046875
-0.01562500
0.48828125
-0.94921875
-0.38671875
-2.42578125
0.54296875
-2.57812500
-2.94140625
-2.57421875
3.81250000
1.31640625
2.25000000
1.14062500
-0.89453125
1.78906250
-1.59765625
-0.47656250
-2.18359375
2.90625000
-0.93359375
-3.19921875
1.38281250
-0.23046875
0.32421875
-1.69921875
-1.58984375
-2.10546875
-0.73046875
2.46093750
-1.67187500
-0.31640625
-0.02734375
0.67968750
-0.30859375
0.67578125
-1.39843750
-1.59375000
0.34375000
4.66796875
-0.14453125
-3.78906250
-0.82421875
-1.86718750
2.08984375
0.07031250
-1.37500000
3.67187500
0.55468750
0.26171875
-2.21093750
0.37500000
-1.63281250
-0.64843750
-0.17578125
-1.37109375
-2.39062500
-2.96484375
2.28515625
2.50390625
1.71875000
-1.80078125
-0.97265625
0.67187500
-4.73046875
1.57421875
-0.28515625
1.91796875
-1.62890625
0.23437500
1.13281250
-0.32031250
-1.53906250
-0.25390625
2.43750000
-0.11328125
-2.78125000
-0.30078125
-0.27734375
-0.86718750
-1.06250000
-0.55859375
-0.49218750
0.37500000
0.83593750
-3.73046875
0.58593750
0.03906250
0.15625000
3.36718750
2.08984375
-0.58593750
4.92968750
-3.73046875
-1.33984375
0.45703125
-1.94140625
1.80078125
-0.55468750
-1.98046875
1.81250000
-2.39062500
0.12500000
3.56640625
1.50000000
2.30078125
0.50781250
2.43359375
-6.21093750
-1.21875000
0.73437500
-0.91406250
-2.49218750
0.03906250
-1.59375000
-0.02734375
0.52343750
-5.31250000
0.24609375
0.19140625
-0.67187500
1.33593750
1.39062500
1.74218750
4.73828125
-2.64843750
-0.14453125
0.94140625
-3.72265625
1.29296875
-0.62890625
-0.93359375
2.12109375
-2.22656250
0.33984375
-0.10937500
0.53125000
-0.85156250
1.36328125
2.64843750
-2.98437500
5.17187500
0.44140625
-3.91796875
-1.02343750
-1.27343750
-4.36328125
-0.73437500
3.63671875
0.08593750
2.32031250
-0.47265625
-2.38281250
-0.03515625
-0.05468750
2.67578125
2.84765625
-2.95312500
3.76171875
-1.05078125
1.46093750
-0.03125000
-1.80468750
2.11328125
1.05859375
-0.96484375
-0.25000000
0.15234375
2.27734375
2.38671875
-2.48046875
2.91015625
-0.69140625
-0.03125000
0.42968750
0.21484375
-2.51562500
-0.58203125
-0.38671875
-2.00781250
-0.50390625
0.41796875
-0.19921875
2.06640625
1.70312500
3.12500000
1.53515625
-2.49218750
1.27343750
-1.41015625
0.42578125
0.00781250
1.52343750
0.86328125
-0.10546875
-1.69140625
-0.26953125
-3.25781250
0.17578125
-0.67187500
0.31250000
0.84375000
1.61328125
-1.25000000
1.63281250
-1.41015625
2.07421875
-0.03125000
-0.85546875
-0.84765625
4.59765625
-1.92578125
1.80078125
-4.20703125
-2.51953125
-0.61718750
0.40234375
1.82812500
0.12109375
-2.08203125
4.02343750
-3.85546875
-2.74609375
-0.63671875
0.57421875
1.25390625
-0.63281250
1.23437500
0.87109375
-1.18359375
0.07031250
2.05859375
-2.14453125
5.63671875
0.85156250
3.19921875
-1.96484375
-2.19921875
1.38671875
-0.89843750
-1.48046875
-0.33984375
-2.18359375
-1.19140625
0.89062500
-3.85156250
-1.91796875
1.43359375
0.45312500
0.61328125
-0.81640625
0.46093750
-1.56250000
1.26562500
-2.52343750
-4.03515625
-0.66015625
-0.19140625
1.19921875
2.03515625
-0.53906250
-1.80468750
-0.00781250
1.37109375
0.01171875
1.31640625
0.51562500
0.16406250
1.12500000
0.36718750
0.79296875
2.45312500
0.50000000
-0.55078125
-2.75390625
-1.67968750
0.55468750
-3.68750000
0.16796875
2.33984375
0.57812500
0.25781250
-0.25000000
-1.83984375
0.13671875
-1.88281250
-1.76953125
0.23437500
0.80078125
0.75000000
-0.32031250
3.12890625
0.73828125
-0.80078125
-0.23828125
0.61718750
-0.27734375
0.86328125
1.90625000
-1.10156250
-0.69140625
-2.59765625
-2.35546875
3.33203125
-2.56250000
-0.79687500
-0.94921875
0.41406250
1.19921875
-1.45703125
0.49218750
-0.44140625
0.91406250
-1.43750000
0.44531250
-0.78125000
3.52343750
-0.91015625
2.82031250
0.23437500
2.20312500
1.54687500
-0.47265625
-1.41796875
-1.41015625
-2.48828125
0.82812500
-0.39453125
-2.27343750
0.62500000
-1.12500000
-0.29687500
-1.96484375
3.34765625
-4.07031250
-1.37109375
2.23046875
-0.69921875
5.77734375
0.73046875
0.81250000
2.04296875
-2.28125000
-0.19921875
-0.31640625
-4.35156250
-6.87109375
-0.36328125
-6.39453125
4.84765625
1.31640625
0.10937500
0.90625000
1.13671875
-0.78125000
0.52343750
1.92187500
0.09375000
-0.15625000
2.12109375
-1.88281250
-1.61718750
0.63281250
0.32812500
5.59765625
-5.66015625
2.12109375
-1.31640625
1.01171875
-0.64453125
5.56250000
1.63281250
0.84375000
1.73437500
-2.31250000
0.03906250
0.09765625
-4.30468750
-6.44921875
-0.72656250
-6.19140625
4.59765625
1.09765625
0.02343750
0.69531250
1.03906250
-1.03515625
0.47265625
1.75000000
0.48437500
-0.25000000
1.88281250
-1.93750000
-1.51171875
0.49609375
0.08984375
5.30078125
-5.45312500
1.86718750
-1.15625000
0.62500000
-0.46875000
5.50000000
1.46875000
0.87890625
1.74609375
-2.56640625
-0.02734375
0.23828125
-4.54687500
-6.55859375
-0.78125000
-6.31640625
4.65234375
1.00000000
-0.31250000
0.69531250
0.92968750
-0.76562500
0.46875000
1.71875000
0.50781250
-0.18750000
1.88281250
-2.05859375
-1.55468750
0.53906250
-0.02343750
5.35546875
-5.58203125
1.82031250
-1.22265625
0.86328125
-0.37109375
5.55468750
0.91406250
0.93750000
1.87890625
-2.61328125
-0.27343750
0.17187500
-4.57031250
-6.58203125
-0.59375000
-6.21484375
4.84765625
1.07421875
-0.63671875
0.80078125
0.80859375
-0.46875000
0.42578125
1.78906250
0.43359375
-0.20312500
2.04687500
-1.93750000
-1.53515625
0.66406250
0.07031250
5.59765625
-5.60937500
2.01171875
-1.23046875
1.09765625
-0.47265625
5.69531250
0.72656250
0.87890625
1.92187500
-2.39843750
-0.25390625
0.12890625
-4.44531250
-6.18359375
-0.37890625
-5.92187500
4.91796875
1.07421875
-0.61718750
1.11718750
0.76953125
-0.51953125
0.47265625
1.83984375
0.29296875
-0.36328125
2.50000000
-1.83984375
-1.48046875
0.62109375
0.21875000
5.91796875
-5.46484375
2.16796875
-1.25000000
1.08984375
-0.73437500
5.62500000
0.76953125
0.71875000
1.95312500
-2.26562500
0.13281250
0.10937500
-4.25000000
-5.94140625
-0.35546875
-5.70312500
4.95703125
1.13281250
-0.33203125
1.26562500
0.77343750
-0.79296875
0.71484375
1.94140625
0.00781250
-0.46484375
2.62500000
-1.69140625
-1.41015625
0.69531250
0.24218750
5.89062500
-5.21875000
2.20703125
-1.34375000
1.05859375
-0.94140625
5.44531250
0.92187500
0.45703125
1.89843750
-2.40625000
0.61718750
0.21875000
-4.21484375
-5.80859375
-0.42968750
-5.58984375
4.73828125
1.03515625
-0.14062500
1.14453125
0.83593750
-0.92187500
0.94921875
1.87890625
-0.14062500
-0.41796875
2.50000000
-1.72265625
-1.35546875
0.70703125
0.15234375
5.67578125
-5.03906250
2.06250000
-1.53125000
1.11718750
-0.98046875
5.27734375
0.93359375
0.28906250
1.83203125
-2.75390625
0.85156250
0.36718750
-4.29296875
-5.94140625
-0.51562500
-5.73046875
4.57031250
0.82812500
-0.17578125
0.94921875
0.88671875
-0.75000000
1.05468750
1.74218750
-0.10937500
-0.26953125
2.43750000
-1.92578125
-1.41015625
0.66406250
0.01562500
5.53125000
-5.17968750
1.91796875
-1.71484375
1.21093750
-0.89062500
5.27734375
0.74218750
0.22656250
1.84375000
-3.07031250
0.74218750
0.45703125
-4.44531250
-6.10937500
-0.55468750
-5.89453125
4.41796875
0.79296875
-0.39062500
0.91796875
0.86718750
-0.42578125
1.01953125
1.64062500
0.01562500
-0.14453125
2.30859375
-2.12109375
-1.44140625
0.66406250
-0.03125000
5.50390625
-5.25781250
1.76953125
-1.80078125
1.38281250
-0.71484375
5.29687500
0.39453125
0.28125000
1.96484375
-3.17968750
0.37109375
0.46093750
-4.44531250
-6.29296875
-0.46093750
-6.07421875
4.69531250
0.90234375
-0.74218750
0.81250000
0.79687500
-0.06640625
0.86328125
1.64062500
0.21484375
-0.12890625
2.16015625
-2.04687500
-1.37500000
0.92578125
-0.06250000
5.63671875
-5.27343750
1.86718750
-1.69921875
1.48828125
-0.57812500
5.38281250
0.31250000
0.44531250
2.03125000
-3.03906250
-0.06640625
0.35937500
-4.36328125
-6.24218750
-0.32421875
-6.10156250
4.90234375
1.02343750
-0.91015625
0.96484375
0.73437500
0.01953125
0.69921875
1.73046875
0.45312500
-0.25781250
2.32421875
-1.91796875
-1.39843750
1.01953125
0.00390625
5.86328125
-5.21875000
1.98828125
-1.44921875
1.25781250
-0.58984375
5.43750000
0.57812500
0.54296875
1.98828125
-2.72265625
-0.18750000
0.27734375
-4.32812500
-5.90625000
-0.30078125
-5.93359375
4.91796875
0.98828125
-0.78906250
1.25000000
0.73828125
-0.23828125
0.63281250
1.82031250
0.61328125
-0.41796875
2.57421875
-1.77734375
-1.41796875
0.91406250
0.06250000
5.91796875
-5.19531250
2.07421875
-1.27734375
0.84765625
-0.69140625
5.43750000
1.08593750
0.48828125
1.85546875
-2.63671875
0.03515625
0.29296875
-4.26171875
-5.86718750
-0.42187500
-5.87109375
4.80468750
0.93750000
-0.50000000
1.14453125
0.80078125
-0.60937500
0.69531250
1.76171875
0.71093750
-0.45312500
2.48437500
-1.86328125
-1.39843750
0.80859375
0.01171875
5.79687500
-5.21875000
2.05078125
-1.25781250
0.60937500
-0.71484375
5.33984375
1.43359375
0.41796875
1.75390625
-2.78515625
0.22265625
0.35156250
-4.26171875
-6.16015625
-0.67187500
-6.03515625
4.70703125
0.92578125
-0.32812500
0.78515625
0.84375000
-0.73046875
0.74609375
1.67187500
0.84375000
-0.32812500
2.07031250
-1.98046875
-1.41796875
0.83984375
-0.14062500
5.46093750
-5.21875000
1.87890625
-1.28906250
0.56250000
-0.57812500
5.44531250
1.17968750
0.32031250
1.68750000
-2.93750000
0.16406250
0.41406250
-4.55859375
-6.48437500
-0.78125000
-6.30468750
4.59765625
0.81640625
-0.48046875
0.64843750
0.87109375
-0.62500000
0.80468750
1.58984375
1.00390625
-0.08203125
1.92187500
-2.17578125
-1.56640625
0.67578125
-0.35156250
5.26171875
-5.46484375
1.78515625
-1.47265625
0.80078125
-0.42578125
5.62500000
-0.09765625
0.16406250
1.61328125
-2.65234375
0.07031250
0.18750000
-4.60546875
-6.72656250
-0.58593750
-6.14062500
4.59765625
0.79296875
-0.59375000
0.40625000
0.77734375
-0.65625000
1.18359375
1.55078125
0.80078125
0.26562500
2.05859375
-2.12109375
-1.72265625
0.63281250
-0.56640625
5.17968750
-5.64453125
1.85546875
-1.90234375
1.43750000
-1.01562500
5.88671875
1.25000000
0.58203125
2.13281250
-1.96484375
-0.78125000
-0.50390625
-3.97265625
-6.17187500
-0.33203125
-5.69140625
4.64062500
1.37890625
0.19531250
1.16015625
0.80859375
-0.75781250
-0.03906250
2.07031250
0.56640625
-0.38671875
2.12109375
-1.69140625
-1.04296875
0.70703125
0.58203125
5.50390625
-5.02734375
2.16796875
-0.63671875
1.02734375
-0.85937500
5.57031250
2.02343750
0.60546875
1.85546875
-2.10937500
-0.48828125
-0.17968750
-4.00781250
-5.92968750
-0.68750000
-5.61328125
4.41796875
1.16015625
0.15625000
0.90625000
0.73437500
-0.98437500
0.12890625
1.87890625
0.90625000
-0.43359375
1.83203125
-1.78515625
-1.12500000
0.50781250
0.24218750
5.20703125
-4.92187500
1.95312500
-0.55859375
0.73437500
-0.69140625
5.56250000
1.91796875
0.63281250
1.77734375
-2.41406250
-0.57031250
0.00390625
-4.16796875
-6.02734375
-0.71093750
-5.69140625
4.47265625
1.07421875
-0.17968750
0.85937500
0.59765625
-0.68359375
0.06250000
1.78125000
0.98046875
-0.36328125
1.82031250
-1.88281250
-1.21875000
0.52734375
0.16015625
5.23437500
-5.11718750
1.92968750
-0.62500000
0.93359375
-0.59375000
5.61718750
1.39843750
0.67578125
1.91015625
-2.44140625
-0.84375000
-0.02734375
-4.20312500
-6.02734375
-0.54687500
-5.62890625
4.72265625
1.13281250
-0.48437500
0.98046875
0.46875000
-0.35937500
-0.01953125
1.85937500
0.93359375
-0.39843750
1.99609375
-1.79687500
-1.18750000
0.68359375
0.24609375
5.53125000
-5.11718750
2.08593750
-0.60937500
1.11718750
-0.69140625
5.63281250
1.16406250
0.63281250
1.96484375
-2.15625000
-0.82031250
-0.12109375
-4.04296875
-5.56640625
-0.33203125
-5.24218750
4.70703125
1.14843750
-0.41015625
1.31250000
0.39843750
-0.42578125
0.05859375
1.92187500
0.73828125
-0.55859375
2.37109375
-1.58203125
-1.09375000
0.65234375
0.39453125
5.75781250
-4.84765625
2.26562500
-0.58984375
1.11328125
-0.94921875
5.56250000
1.23046875
0.46093750
1.95312500
-2.05468750
-0.41015625
-0.11328125
-3.87109375
-5.37500000
-0.33984375
-5.06640625
4.73828125
1.14843750
-0.17578125
1.41796875
0.40234375
-0.68750000
0.29296875
2.01171875
0.46484375
-0.65234375
2.56250000
-1.45312500
-1.00000000
0.72656250
0.38281250
5.67578125
-4.66406250
2.28906250
-0.71875000
1.08984375
-1.17187500
5.47265625
1.36718750
0.20312500
1.94140625
-2.21093750
0.06250000
-0.00390625
-3.82421875
-5.31250000
-0.46875000
-5.03906250
4.58203125
1.07421875
0.01953125
1.38671875
0.50000000
-0.82812500
0.53515625
1.94921875
0.32421875
-0.60546875
2.51171875
-1.55859375
-0.97656250
0.72656250
0.29296875
5.57031250
-4.53515625
2.16796875
-0.91406250
1.14843750
-1.26171875
5.46484375
1.38671875
0.02734375
1.91015625
-2.58984375
0.30859375
0.16015625
-3.98437500
-5.53125000
-0.53125000
-5.25781250
4.50000000
0.93750000
0.00000000
1.22265625
0.56640625
-0.65234375
0.62500000
1.85156250
0.33593750
-0.46484375
2.47265625
-1.73437500
-1.07421875
0.71484375
0.19531250
5.51562500
-4.75390625
2.06250000
-1.12500000
1.31250000
-1.17187500
5.50000000
1.23437500
-0.01171875
1.93359375
-2.96093750
0.20703125
0.27734375
-4.12109375
-5.78515625
-0.53125000
-5.48828125
4.36328125
0.82812500
-0.25390625
1.10156250
0.53515625
-0.30078125
0.58593750
1.74218750
0.49218750
-0.34765625
2.34765625
-1.91796875
-1.15625000
0.73828125
0.13671875
5.59765625
-4.97656250
1.91796875
-1.20312500
1.46875000
-0.97265625
5.43750000
0.89843750
0.08984375
2.04296875
-3.10937500
-0.21484375
0.28515625
-4.13281250
-5.97656250
-0.47656250
-5.66406250
4.64062500
0.98828125
-0.57421875
1.03906250
0.44140625
0.07031250
0.43359375
1.81250000
0.68750000
-0.32031250
2.23437500
-1.86328125
-1.11328125
0.98828125
0.16015625
5.66406250
-5.00000000
2.02343750
-1.05859375
1.53515625
-0.81640625
5.39453125
0.78125000
0.23828125
2.05468750
-2.85156250
-0.63281250
0.13671875
-3.98437500
-5.76171875
-0.29296875
-5.53906250
4.77734375
1.08593750
-0.71875000
1.14453125
0.39453125
0.12890625
0.26171875
1.87890625
0.88671875
-0.45312500
2.27343750
-1.66796875
-1.05078125
1.01953125
0.21093750
5.78515625
-4.84765625
2.13281250
-0.78515625
1.29687500
-0.79687500
5.37500000
1.04687500
0.29296875
1.95312500
-2.46484375
-0.75000000
0.02734375
-3.84765625
-5.32421875
-0.21484375
-5.23046875
4.67968750
1.06250000
-0.59375000
1.37109375
0.39062500
-0.12890625
0.19531250
1.92187500
1.03906250
-0.60937500
2.47265625
-1.48437500
-1.03125000
0.86328125
0.26171875
5.82421875
-4.62500000
2.20703125
-0.61718750
0.83984375
-0.90234375
5.35937500
1.52734375
0.20703125
1.83203125
-2.35156250
-0.50781250
0.03515625
-3.74218750
-5.25390625
-0.36328125
-5.19140625
4.54296875
1.02343750
-0.30859375
1.37109375
0.43750000
-0.51562500
0.27343750
1.90234375
1.12890625
-0.63671875
2.38671875
-1.55078125
-1.00000000
0.77734375
0.18750000
5.62500000
-4.57421875
2.10937500
-0.60156250
0.56250000
-0.94140625
5.32031250
1.85546875
0.16406250
1.76562500
-2.57421875
-0.30468750
0.11328125
-3.78906250
-5.55468750
-0.61718750
-5.43750000
4.50000000
0.97656250
-0.17187500
1.02343750
0.53515625
-0.62500000
0.34765625
1.76171875
1.27734375
-0.51171875
2.00781250
-1.76562500
-1.03125000
0.80078125
0.01562500
5.32812500
-4.71484375
1.92968750
-0.66406250
0.56250000
-0.83984375
5.53515625
1.62500000
0.13281250
1.72265625
-2.80078125
-0.42578125
0.18359375
-4.14453125
-6.03906250
-0.71875000
-5.76953125
4.58203125
0.91406250
-0.37890625
0.84375000
0.57812500
-0.46484375
0.35156250
1.69921875
1.46875000
-0.29296875
1.97265625
-1.96093750
-1.18750000
0.75781250
-0.13671875
5.31640625
-5.08984375
1.90234375
-0.81640625
0.81640625
-0.80078125
6.03515625
0.50000000
-0.06250000
1.82031250
-2.60546875
-0.57812500
0.02343750
-4.42187500
-6.47265625
-0.56250000
-5.79296875
4.82031250
1.01171875
-0.53906250
0.81250000
0.54296875
-0.48828125
0.46875000
1.75000000
1.34375000
0.00000000
2.21093750
-1.94921875
-1.30468750
0.72656250
-0.20312500
5.47656250
-5.37500000
2.06250000
-1.17578125
1.54296875
-0.30078125
-2.58593750
0.37890625
-0.60937500
1.14843750
0.19140625
0.26562500
-0.45312500
1.18750000
0.41015625
1.31640625
-1.85546875
0.76562500
0.55859375
0.44140625
0.12109375
-0.40625000
-1.32421875
-2.50390625
2.05078125
-1.11718750
0.20703125
1.62109375
1.35937500
-3.91406250
-3.00390625
0.73046875
2.01953125
0.19921875
-0.01171875
4.48046875
-1.02343750
-0.32421875
-2.30859375
0.87109375
-0.57812500
1.00390625
0.30078125
0.25390625
-0.48437500
0.92187500
0.39843750
1.49218750
-1.95703125
0.59765625
0.51171875
0.35546875
-0.11718750
-0.42187500
-1.37500000
-2.60546875
2.12109375
-0.92187500
0.18750000
1.38281250
1.25390625
-3.53906250
-2.92968750
0.50781250
1.67187500
0.45703125
-0.19140625
4.48437500
-1.17968750
-0.21875000
-2.46875000
0.57812500
-0.64843750
1.08203125
0.33203125
0.32031250
-0.37500000
0.72656250
0.13281250
1.28515625
-2.00781250
1.01562500
0.33984375
0.32812500
0.03125000
-0.61718750
-1.32031250
-2.55468750
2.12109375
-0.93359375
0.20312500
1.67187500
1.33984375
-3.71484375
-3.26562500
0.68750000
1.82031250
0.74218750
-0.08593750
4.45312500
-1.13281250
-0.26562500
-2.55078125
0.64062500
-0.54296875
1.20312500
0.16796875
0.10156250
-0.21875000
0.72656250
0.21875000
1.22265625
-2.17578125
1.30859375
0.79296875
-0.05078125
0.55859375
-0.60156250
-1.20703125
-2.87500000
1.94921875
-0.70703125
0.20312500
1.70703125
1.40234375
-3.27734375
-3.04687500
0.85546875
2.04687500
0.12109375
-0.13281250
4.23437500
-1.06250000
-0.35937500
-1.87109375
0.62890625
-0.72265625
1.22656250
0.31640625
0.16796875
-0.55468750
0.84375000
0.21875000
1.49218750
-1.80468750
1.07031250
0.68359375
-0.03125000
0.31640625
-0.68750000
-1.23046875
-2.62890625
2.08984375
-1.01171875
0.13671875
1.64453125
1.30859375
-3.64453125
-2.53515625
0.75390625
2.07421875
0.41796875
-0.24218750
4.65234375
-1.11718750
-0.37500000
-1.94140625
0.69531250
-0.59765625
1.41406250
0.13671875
0.29296875
-0.36328125
0.99218750
0.25390625
1.62500000
-2.07421875
1.16796875
0.91406250
0.03125000
0.25781250
-0.63671875
-1.38281250
-2.59375000
2.21093750
-1.20703125
0.09765625
1.79687500
1.25390625
-3.80078125
-2.78515625
0.90234375
1.82031250
0.31640625
0.01953125
4.38671875
-0.98046875
-0.46875000
-1.88671875
0.54296875
-0.78515625
1.20312500
0.12109375
0.41796875
-0.46484375
1.05078125
0.28906250
1.58593750
-1.97265625
0.68359375
0.50000000
0.51171875
0.34765625
-0.55859375
-1.48437500
-2.31640625
2.06250000
-1.22656250
0.12109375
1.71875000
1.12500000
-3.80078125
-2.81640625
0.49218750
2.10156250
0.67578125
0.01953125
4.59765625
-1.03125000
-0.44531250
-2.46093750
0.59375000
-0.76171875
1.17187500
-0.00390625
0.49218750
-0.27734375
1.16406250
0.59375000
1.57812500
-1.97265625
0.47265625
0.58593750
0.37890625
0.01562500
-0.52734375
-1.40234375
-2.48437500
2.26171875
-1.10937500
0.17578125
1.64453125
1.15625000
-3.61328125
-2.86718750
0.78125000
2.03515625
0.35546875
-0.17968750
4.33593750
-1.14843750
-0.48437500
-1.99609375
0.85156250
-0.71484375
1.24609375
0.03125000
0.37109375
-0.24609375
0.77343750
0.19140625
1.55468750
-1.97265625
1.07031250
0.60937500
0.05078125
0.03125000
-0.57031250
-1.21093750
-2.63281250
1.99218750
-1.25781250
0.20703125
1.82031250
1.10156250
-3.41406250
-3.01171875
0.79687500
1.79296875
0.30078125
-0.35156250
4.37500000
-0.81640625
-0.38671875
-2.05859375
0.82812500
-0.72265625
1.40234375
-0.05859375
0.50000000
-0.35156250
0.71484375
0.20703125
1.67187500
-2.04687500
0.94531250
0.74218750
-0.14062500
0.08984375
-0.64453125
-1.11718750
-2.56250000
2.26171875
-1.47265625
0.20312500
1.73437500
0.96093750
-3.74609375
-2.79296875
0.73828125
1.85937500
0.23828125
-0.15625000
4.30859375
-0.65625000
-0.37500000
-1.26953125
1.04296875
-0.67187500
1.64453125
-0.23046875
0.30859375
-0.36328125
0.53125000
0.25390625
1.98437500
-1.93359375
1.23828125
0.87890625
-0.41015625
-0.10156250
-0.51171875
-1.13671875
-2.58593750
2.13281250
-1.57421875
0.16406250
1.57031250
0.94921875
-4.07421875
-2.77343750
0.69531250
1.48437500
0.48437500
-0.07421875
4.27343750
-0.57031250
-0.36718750
-1.72656250
1.00390625
-0.67187500
1.67968750
-0.22265625
0.45703125
-0.43359375
0.45312500
0.36328125
1.95312500
-1.75390625
1.15234375
0.82812500
-0.32812500
0.28515625
-0.60156250
-1.25781250
-2.45312500
2.15234375
-1.43750000
0.11328125
1.95703125
0.96093750
-4.17968750
-3.08593750
0.85546875
1.72656250
0.50781250
-0.17968750
4.21484375
-0.59375000
-0.47656250
-1.10937500
1.39062500
-0.56640625
1.58984375
-0.52343750
0.39453125
-0.51953125
0.51953125
0.47265625
2.17968750
-1.89453125
1.12500000
1.10937500
-0.42578125
0.21093750
-0.57031250
-1.25390625
-2.71484375
2.35937500
-1.25390625
0.10937500
1.69531250
0.75781250
-4.07421875
-2.96093750
0.92578125
1.63281250
0.69140625
0.08203125
4.01171875
-0.98046875
-0.39453125
-1.21875000
1.34765625
-0.64062500
1.95312500
-0.51562500
0.46093750
-0.49218750
0.39453125
0.13281250
2.05468750
-1.85546875
0.96093750
0.82812500
-0.19140625
-0.14843750
-0.39843750
-1.33203125
-2.37500000
2.32031250
-1.38671875
0.11328125
1.59375000
0.42187500
-4.25000000
-3.01171875
0.78125000
1.59375000
0.80468750
-0.04687500
4.30859375
-1.10156250
-0.44921875
-1.01953125
1.50390625
-0.71484375
1.64453125
-0.63281250
0.33203125
-0.58984375
0.44140625
0.23046875
2.17968750
-1.53515625
0.93359375
1.01171875
-0.43750000
-0.25390625
-0.51953125
-1.33593750
-2.59765625
2.29296875
-1.20703125
0.19531250
1.65625000
0.81250000
-4.13671875
-2.94140625
0.86328125
1.35156250
0.87109375
-0.16796875
4.06640625
-0.91796875
-0.51562500
-0.88671875
0.98437500
-0.79687500
1.69921875
-0.12109375
0.40625000
-0.62500000
0.51953125
0.30078125
2.10156250
-1.94531250
0.80859375
0.96484375
-0.57812500
-0.10156250
-0.67578125
-1.37109375
-2.50000000
2.38281250
-1.35937500
0.28125000
1.88281250
0.81250000
-3.95703125
-2.84765625
0.85156250
1.51171875
0.66406250
0.17578125
4.16796875
-0.98828125
0.73828125
-0.65234375
-0.79687500
0.14062500
-2.39453125
2.56640625
0.78906250
-1.85937500
2.24218750
5.29296875
1.56250000
5.03125000
-4.89453125
1.29296875
-1.15625000
-1.41406250
0.78906250
-0.25000000
-1.79296875
-3.37109375
-1.08203125
0.26562500
2.00781250
-1.37500000
1.51562500
-0.99218750
-1.78515625
-4.75000000
0.07031250
1.05859375
1.72656250
-1.45703125
0.26171875
-3.23828125
1.56250000
-1.35156250
-3.66406250
1.64843750
-0.27343750
-1.88671875
-0.01562500
1.73828125
1.27734375
4.30468750
-3.93750000
0.42578125
2.71484375
-2.60546875
-0.12890625
-3.35546875
0.65625000
1.01171875
0.79296875
-0.03906250
0.14062500
2.14843750
-0.50781250
1.55859375
1.14062500
-4.81640625
-0.58593750
-0.92968750
0.55468750
0.91015625
0.74218750
-0.26953125
1.35546875
-1.43750000
-1.82031250
1.26171875
1.67578125
-0.67968750
0.73828125
7.44531250
0.40625000
3.94531250
-3.45312500
-0.04687500
0.10937500
-0.96093750
0.00390625
-1.81640625
-2.14453125
-0.36718750
-1.44531250
0.31250000
1.46875000
-0.09375000
-1.76562500
0.43359375
-0.17187500
-4.24218750
1.28515625
-2.36718750
-0.48046875
-0.73046875
1.03906250
-3.09375000
2.54296875
0.60546875
-3.88671875
1.05078125
-0.74609375
-1.58593750
0.18750000
2.66015625
0.92578125
5.19921875
-3.06250000
0.08593750
0.62500000
-2.34765625
-0.39453125
-0.30078125
-0.77734375
-0.56640625
-1.29687500
0.12109375
5.04687500
-1.34375000
0.37109375
-0.26953125
-1.24218750
-3.08984375
-1.50000000
-0.87109375
2.33984375
-1.79687500
0.46093750
-2.53125000
1.73828125
-0.74218750
-1.55468750
2.05078125
-1.41406250
-0.13281250
-0.31250000
5.89843750
2.95703125
4.48437500
-0.06250000
1.84375000
-2.67968750
-2.74218750
0.64843750
-0.66796875
-1.04687500
-1.25781250
-1.96484375
-0.15234375
-1.17578125
1.76953125
1.39843750
0.28906250
-1.98437500
-3.89453125
4.94921875
0.16406250
0.70312500
-0.31250000
0.36328125
-1.79687500
-1.21484375
-2.88281250
1.13671875
1.53125000
1.96093750
-1.98828125
-0.12890625
4.04687500
1.04296875
1.52734375
-0.39843750
0.62109375
1.29296875
-1.00781250
-0.98437500
-0.62500000
-1.23046875
-0.80859375
-0.77343750
-0.24218750
2.34765625
-1.41015625
-0.91406250
-1.49218750
-2.44531250
-2.32812500
5.76562500
0.38281250
2.55468750
1.34375000
0.03125000
-4.91796875
0.51562500
-0.30468750
-4.59375000
1.95703125
2.51562500
-0.68359375
1.50781250
1.69140625
-1.88671875
1.03125000
0.00000000
0.67187500
0.41796875
-1.65625000
-1.61718750
-1.03906250
1.33203125
0.04687500
0.68359375
-0.36328125
-1.10937500
-0.46875000
1.56640625
0.14062500
-0.40234375
-3.06250000
0.27734375
-0.01171875
2.64843750
-0.13671875
0.16015625
-1.95703125
-2.10546875
-4.16406250
-1.98437500
2.01953125
1.75781250
0.26562500
3.29687500
3.61328125
0.14062500
4.31640625
-3.68750000
-0.24218750
2.41015625
-1.86718750
0.21093750
-0.74609375
-0.14453125
-0.31640625
-1.05468750
-0.00781250
0.81640625
1.16796875
-1.31250000
2.63281250
-2.66796875
-2.84765625
2.92187500
-0.67578125
-0.44140625
0.08203125
0.23046875
-4.99609375
-2.40625000
-0.68359375
-3.99609375
-1.04296875
1.71875000
-0.71484375
3.29687500
2.12500000
4.09765625
2.88281250
-1.77343750
0.59765625
0.85546875
-1.17187500
-0.95703125
-1.01953125
0.83984375
-0.86718750
-0.50000000
0.24218750
-0.87109375
0.10937500
-0.60156250
-1.09375000
-1.59765625
-2.79687500
2.94921875
-1.07421875
2.18359375
0.77734375
0.62890625
0.73828125
-0.96484375
-1.80468750
-2.18359375
0.68750000
1.85156250
0.00390625
0.18750000
2.86328125
-0.00390625
0.50781250
-4.25781250
-1.43750000
-0.37109375
-2.71093750
-0.50781250
1.48437500
-2.92187500
-1.00000000
1.05859375
0.35156250
0.31640625
-0.73046875
-0.72656250
2.50781250
-0.55078125
-1.40234375
0.71484375
0.22656250
-0.96093750
-0.49218750
1.20703125
-0.73437500
-3.87890625
-1.36328125
-5.74218750
-1.19531250
-0.08984375
-0.76171875
0.70312500
1.17187500
1.46875000
3.19140625
-1.48046875
-1.89062500
0.36328125
-2.58984375
-0.07031250
1.21484375
-0.77343750
0.53906250
0.69921875
0.13671875
-0.10937500
3.53125000
3.15234375
-0.37500000
-0.31250000
-3.42578125
0.23828125
0.61328125
0.26562500
0.73437500
0.61718750
-1.92187500
-1.93750000
-0.76562500
-2.85937500
0.02343750
-0.47656250
0.93750000
3.32031250
-1.43359375
0.31250000
2.38671875
1.22265625
2.87890625
-0.86718750
-3.30078125
-2.03125000
-0.16015625
-2.28125000
-0.38671875
1.46093750
-0.01562500
2.58593750
-0.82812500
2.29296875
2.19531250
0.67187500
-1.92578125
-1.68359375
2.50781250
0.80859375
0.08984375
0.57421875
-4.03125000
0.76171875
-0.48046875
-3.19921875
1.31250000
0.51562500
-0.87109375
2.17578125
4.28906250
2.44140625
2.85937500
-2.17578125
2.58593750
0.00781250
-4.00781250
-0.99609375
-1.32031250
0.43750000
0.14062500
1.80468750
-0.13671875
-0.53515625
0.40234375
2.01953125
1.16406250
-4.34375000
-7.05468750
-3.56640625
1.83203125
1.15625000
0.19140625
0.23046875
-0.76953125
1.45312500
-2.44140625
0.09765625
-0.15234375
1.96093750
-0.50390625
0.17578125
0.00000000
0.93359375
0.48046875
-3.49218750
1.91406250
0.10156250
-4.29296875
-1.72656250
-0.96093750
-2.42968750
1.23828125
0.79687500
0.14453125
0.37890625
1.69531250
0.10937500
2.85156250
-0.23046875
-3.59765625
-4.27734375
1.61328125
1.28906250
0.91796875
0.53906250
1.56640625
0.36328125
0.78125000
-2.08593750
-1.91015625
0.94531250
-1.79687500
-0.69140625
0.28906250
2.07812500
0.45312500
-4.50781250
1.74609375
-1.12890625
-3.46484375
-1.61328125
-1.06250000
-0.44140625
-0.10937500
2.25390625
0.55078125
-0.74609375
-2.01171875
2.89843750
3.11328125
2.19531250
-7.01562500
-0.18359375
-0.62890625
-0.81250000
-0.64062500
0.57421875
-1.20703125
-1.80078125
-2.47656250
-0.72656250
0.05078125
1.12890625
0.49609375
2.20703125
1.01562500
-2.52343750
-1.06250000
-5.14453125
0.80468750
-1.65234375
-2.21484375
-0.64843750
-0.19140625
0.58203125
0.75000000
1.74218750
0.79687500
0.11328125
1.38281250
-0.49609375
1.89453125
-3.31640625
-2.79687500
-0.79296875
0.38281250
0.17968750
1.53515625
0.19921875
-3.27343750
0.53125000
-0.18750000
-3.80859375
2.04296875
-0.25781250
-2.80859375
1.56640625
3.16406250
1.48437500
5.08203125
-1.92578125
2.39062500
-0.21093750
-0.64453125
0.41406250
-1.13281250
-2.09765625
-0.69921875
0.00781250
0.61328125
-0.71093750
3.15234375
-0.40234375
2.00781250
0.83593750
-4.25390625
-1.15234375
-0.36328125
-1.06640625
0.48437500
0.52734375
0.38671875
1.93750000
-1.33203125
-3.80859375
1.13671875
0.73828125
-1.04296875
1.70312500
2.12500000
2.10156250
4.51953125
-2.48046875
0.21875000
0.45312500
-3.97656250
1.33593750
-2.16796875
-1.82031250
-1.62890625
-1.32031250
0.53125000
-0.76171875
1.86718750
-1.08203125
0.19531250
1.45312500
-3.90625000
-2.30078125
-0.77343750
-1.26953125
0.50781250
0.20312500
-3.68359375
0.21484375
-0.08593750
-2.69140625
2.21875000
0.09765625
-0.15625000
-0.60937500
0.14453125
-0.70312500
0.36718750
-2.56250000
-0.37500000
0.00390625
-2.09375000
-0.96093750
-2.26562500
-0.43750000
-1.03906250
1.21093750
0.82031250
-0.15625000
2.49609375
1.35937500
-0.81250000
-1.21875000
-0.55859375
-3.29687500
0.94921875
3.14453125
0.03125000
0.71093750
0.19921875
0.39453125
-0.41796875
-2.78125000
3.84375000
0.25000000
-1.05468750
0.92187500
3.26171875
0.18750000
3.88281250
-1.63281250
-0.82812500
-1.22265625
-1.73046875
-1.60546875
-0.47656250
-2.73828125
1.30078125
-1.32031250
0.66406250
0.16406250
0.14062500
1.90234375
0.58203125
0.26953125
-3.14453125
0.13281250
-1.24218750
-0.42187500
-0.13671875
-0.45703125
0.30859375
-0.54687500
-0.13671875
-4.19531250
2.21093750
-2.68750000
-1.36328125
-0.25390625
1.20703125
2.53515625
2.30859375
-1.42578125
-2.03515625
1.52343750
-2.69531250
-0.64062500
-3.04296875
2.33984375
0.66796875
0.36328125
0.07031250
-1.27343750
2.64453125
-0.42187500
-0.21875000
-0.75781250
-1.39062500
2.31640625
2.49609375
2.82421875
0.40234375
0.49609375
-4.88281250
-2.39062500
-1.94140625
-1.53125000
1.82421875
1.69531250
-2.01953125
-0.12890625
1.07421875
0.70703125
1.77343750
1.97265625
1.28125000
2.09765625
-0.17578125
-1.67187500
-1.24218750
-1.18359375
1.58203125
-0.12890625
0.13671875
1.04296875
0.72265625
-0.63281250
1.81250000
0.70703125
-1.77734375
2.13671875
-2.03906250
0.19140625
1.93750000
-0.52343750
-1.64453125
0.98437500
-0.31640625
-3.24609375
-1.87109375
0.90234375
-1.45312500
2.30078125
4.73828125
-1.76953125
6.15625000
-2.14843750
2.67187500
0.42187500
-0.71875000
-0.43359375
-1.17578125
-1.39843750
-0.82812500
1.09375000
0.32031250
1.92187500
0.85546875
0.78906250
-0.63671875
1.00000000
-7.46875000
-0.08203125
3.00390625
-1.64843750
0.98046875
-0.63281250
-3.01171875
-1.36328125
-1.00390625
-6.66796875
0.82812500
1.42968750
-0.32421875
0.54296875
3.32421875
0.97265625
1.31250000
-1.99609375
-1.95312500
1.11718750
0.04687500
-1.37890625
-1.76953125
0.98437500
0.85156250
-0.05078125
0.37890625
0.12890625
2.64453125
1.87109375
1.11328125
-0.11328125
-4.84375000
0.55859375
0.45312500
2.89453125
-1.66796875
0.44531250
-3.21875000
0.03515625
-2.45312500
-0.73828125
-1.05859375
1.76562500
-0.59765625
-0.51953125
3.29687500
0.84765625
4.45703125
-0.50781250
1.40234375
0.14453125
-0.97656250
0.62500000
0.26171875
0.06250000
-1.98046875
-1.20312500
0.55078125
-1.62500000
-0.25390625
0.95703125
2.21875000
-0.98828125
-3.26562500
1.52734375
-2.01562500
-4.13671875
1.70703125
0.21484375
-1.83203125
-1.84375000
-2.11718750
-2.03906250
0.34765625
0.52734375
0.78125000
1.44140625
1.75390625
1.81250000
7.00000000
-2.03515625
-0.15625000
-1.26953125
-3.42187500
-0.18750000
-0.76562500
-0.20703125
-1.93750000
-0.57421875
0.62890625
0.95703125
0.74609375
1.06250000
1.82031250
1.76953125
-3.77343750
-0.00390625
-0.51953125
-3.26171875
1.58203125
0.09375000
2.26562500
-1.72656250
-0.47265625
-2.64843750
0.79687500
0.64453125
0.32421875
-0.31250000
1.03906250
0.31250000
4.80078125
-3.52343750
0.91406250
-1.49609375
-0.11718750
-0.45703125
1.37500000
-2.01562500
-1.73828125
-1.11328125
0.60546875
1.57031250
3.22656250
1.98828125
2.07031250
-0.50781250
-3.17187500
-0.36718750
-1.50781250
-1.91406250
-1.48828125
0.44140625
-3.21093750
-0.48437500
-2.32421875
-2.55078125
0.17578125
-0.91796875
-0.57031250
-0.03515625
0.80859375
0.99609375
3.49609375
-1.68750000
-1.75390625
0.39062500
-1.89843750
0.41406250
0.38671875
0.45703125
-2.71875000
2.32031250
0.18750000
2.27343750
-1.55859375
0.02343750
1.89453125
-0.91406250
-3.97265625
-2.54687500
3.05078125
3.60546875
-3.38281250
0.53906250
-3.65625000
0.72265625
-0.81640625
-1.56640625
0.82812500
0.62500000
-0.82421875
1.05078125
3.57812500
-0.26953125
3.55078125
2.07031250
-0.36328125
-0.11718750
-2.98437500
0.52734375
0.60937500
-3.17578125
-1.30859375
2.05859375
0.28906250
0.45312500
-1.16015625
0.32812500
2.40625000
-0.75000000
-2.75390625
-2.01953125
-0.78515625
-1.68750000
-0.48437500
-0.21875000
2.73828125
-0.14843750
-1.07812500
-7.18750000
-0.91015625
-1.11328125
-0.76953125
-1.28906250
-1.50781250
5.52343750
2.32031250
-2.31250000
0.37890625
-1.96093750
-2.55859375
0.20312500
-1.32031250
0.22265625
0.41015625
-0.22656250
0.43359375
1.16796875
0.91796875
2.57421875
2.46875000
-0.71484375
-5.25781250
-0.21093750
4.69140625
0.71484375
1.08984375
0.28906250
-0.36718750
0.51562500
-2.27734375
-2.31640625
-0.60156250
-0.13281250
-2.12109375
-2.41406250
-1.76171875
1.50000000
-0.07812500
-2.42578125
0.75781250
-0.01562500
-3.10156250
-0.34765625
-0.70312500
-0.35546875
1.10937500
2.97656250
0.80859375
3.74218750
1.12500000
-0.46484375
2.30078125
-0.27734375
-7.50781250
-0.71484375
1.42187500
0.25781250
-0.64062500
0.10546875
2.75781250
-3.26953125
-1.17187500
-2.25000000
-0.01171875
-0.66015625
-0.93750000
0.88671875
1.91015625
0.72265625
2.69140625
-1.81250000
-0.05859375
0.68359375
-2.83203125
-0.43359375
-1.03515625
-0.30468750
0.46093750
-0.04296875
1.02734375
2.73828125
-1.35546875
3.02734375
1.39453125
-0.89453125
-4.99218750
-0.44140625
3.41406250
-0.78515625
-1.52734375
0.00000000
0.12890625
0.13671875
-0.92187500
-3.64453125
2.42187500
-0.39843750
-1.23437500
0.85546875
2.15234375
2.11718750
3.57421875
-2.92578125
1.46484375
0.70312500
-3.01171875
0.68750000
-0.83203125
-3.20703125
-0.09765625
-0.16406250
0.76171875
1.09375000
1.01562500
0.71875000
0.99609375
0.12890625
-2.54296875
0.62500000
1.41015625
-2.26953125
-1.66796875
0.24218750
-0.11718750
1.07812500
-1.07031250
-2.28515625
1.67968750
-0.03515625
-2.39843750
1.44140625
0.38671875
0.46093750
4.00781250
-1.87109375
2.21093750
1.85156250
-2.58984375
-0.68750000
-2.06640625
-1.83593750
0.78906250
-0.54687500
0.86328125
-0.15625000
2.19140625
0.93750000
0.25781250
-0.41015625
-3.97265625
0.78125000
-0.69921875
-1.59375000
0.50781250
0.20312500
-0.75390625
-1.41015625
-0.03125000
-3.32421875
0.43359375
-0.62890625
-1.01953125
1.40625000
0.89453125
-1.61328125
0.73437500
-3.70312500
-0.25390625
2.98828125
-3.10156250
-0.64453125
-1.58203125
1.08984375
0.48828125
0.62500000
0.67968750
0.32812500
-0.90234375
2.20703125
0.37109375
-1.37500000
-4.13671875
-2.78125000
1.86718750
3.39062500
-1.83593750
0.48437500
-1.73437500
-0.22265625
0.07812500
-1.74218750
1.97265625
0.39843750
-1.31640625
3.07031250
1.23437500
-1.19531250
3.61328125
-0.96484375
0.54687500
-1.10156250
-2.80078125
-2.20312500
-0.02343750
-1.83984375
-1.09765625
1.03515625
0.75000000
-0.87109375
-0.65234375
2.20703125
1.91406250
0.12890625
-1.71093750
2.38281250
-0.84375000
-2.37890625
0.25390625
0.54687500
1.00390625
-0.58593750
-2.42968750
-0.00781250
3.50390625
0.52734375
-1.75000000
-1.10546875
1.53515625
-2.91406250
4.54687500
-2.73046875
1.92968750
-0.29687500
-1.91015625
-0.34375000
0.54296875
-0.71093750
-1.78906250
0.36328125
0.38281250
-1.07421875
1.15625000
0.94921875
6.89843750
-1.88281250
-1.80468750
-1.08984375
-0.83203125
-2.75000000
0.09765625
1.16015625
-5.56250000
-2.56640625
-1.83203125
-2.19531250
1.62500000
0.07031250
-0.80468750
1.27734375
1.52343750
1.11328125
4.51953125
-0.58984375
-2.97656250
1.81640625
-3.76562500
0.59765625
-0.55468750
0.37500000
-0.21875000
-1.15234375
0.21093750
-0.01953125
1.57812500
2.56250000
2.06250000
-2.36328125
-3.65234375
1.16796875
4.14843750
-1.00781250
0.37109375
-0.10937500
0.74609375
-2.40625000
-3.11328125
-0.55078125
1.42968750
0.83203125
-1.32421875
1.93359375
2.21093750
-2.88281250
3.56250000
-1.89843750
3.30859375
3.07812500
-2.63671875
-0.80859375
-1.40625000
0.15234375
-1.36718750
-1.23046875
0.36328125
1.50781250
3.23828125
1.29296875
1.30078125
-1.93359375
-2.11328125
2.26562500
2.08593750
-1.66015625
0.61718750
-0.46875000
1.10156250
2.39843750
0.53906250
-0.79296875
0.07421875
0.81250000
-1.04296875
-1.60937500
0.65234375
-2.58593750
-0.19531250
-0.81250000
-0.00781250
-2.51562500
-0.37500000
-0.68750000
0.28515625
0.35546875
-0.87890625
2.57031250
0.11718750
1.34375000
1.78125000
2.29296875
1.03906250
0.71484375
-0.38671875
0.16015625
-0.32421875
-5.08984375
-0.13671875
0.02343750
-0.49218750
-2.49609375
-1.96093750
-1.12500000
3.81250000
1.70703125
-2.19140625
-1.43750000
1.18359375
3.52343750
-1.86718750
-1.08984375
-1.57421875
-0.30859375
-3.14843750
0.53125000
-0.33593750
2.67578125
2.93359375
-1.30859375
0.16015625
-1.97656250
-3.69921875
-0.77734375
4.73046875
-3.07031250
-0.74609375
0.70312500
0.11718750
1.35546875
-0.65625000
0.42578125
0.71093750
-2.62890625
-0.92187500
-1.42187500
-1.50000000
-0.66406250
-0.17968750
0.34765625
2.37890625
0.07031250
3.17968750
-1.78515625
-0.19140625
0.35546875
-4.98828125
-0.42187500
0.63671875
-1.45703125
-0.71875000
1.30078125
0.83593750
-2.25390625
-0.12500000
2.43750000
0.60156250
0.77734375
-2.84765625
0.46875000
1.62500000
-2.52734375
1.51171875
0.79687500
-1.71875000
-2.61328125
-0.51171875
-4.37109375
1.83203125
-0.59375000
0.25781250
0.85546875
-3.08984375
1.74218750
-0.57812500
1.71093750
-0.25390625
-0.71484375
-0.11718750
-0.70703125
0.14062500
-1.65234375
2.67968750
0.21484375
0.79296875
-0.24609375
3.43359375
-2.55078125
-0.60546875
-0.01562500
-1.01562500
1.38671875
0.83984375
-1.82031250
1.32031250
-0.28515625
-3.59375000
-1.19531250
-1.50781250
-1.91796875
-0.36718750
-1.70312500
-0.80078125
3.39062500
2.27343750
-0.69531250
2.44921875
-4.43750000
0.43750000
-0.58593750
-0.34375000
-0.38281250
-1.06640625
-0.92578125
0.55078125
3.39453125
0.53515625
1.46875000
0.98437500
1.30468750
0.38281250
-0.61718750
-0.66796875
0.01953125
1.74609375
2.27734375
-1.10937500
0.00781250
-3.30859375
1.14843750
-0.47265625
-5.19921875
2.13281250
0.36718750
-2.32421875
1.22265625
-0.20312500
2.39453125
0.35156250
1.52734375
1.50000000
-0.75781250
-1.62500000
-1.98046875
-0.54296875
-2.40234375
1.94140625
0.83593750
0.38671875
0.27734375
0.29296875
-0.58984375
3.76953125
1.07421875
-0.65234375
0.75390625
-0.04687500
0.29687500
-0.24609375
-0.46875000
-0.54687500
1.14062500
-2.20312500
-3.01171875
1.52343750
0.00781250
-0.40625000
1.81640625
-1.14453125
-1.15625000
2.79296875
-2.58984375
1.03515625
-0.37109375
-1.76171875
-1.52734375
-0.71093750
-1.72265625
1.50000000
1.09375000
0.79296875
1.25781250
0.62890625
1.33593750
-0.31250000
-2.05859375
-2.28515625
-2.27734375
1.91796875
2.58203125
-0.43750000
0.01562500
-1.06640625
-1.24609375
-0.33203125
-2.73828125
0.16015625
-0.50000000
-0.00781250
1.51953125
-0.80468750
0.31250000
0.27734375
-0.27343750
1.64843750
-0.13281250
-2.66406250
-1.63281250
-0.98828125
-1.67187500
1.81250000
1.66796875
1.01953125
-0.96093750
-0.02734375
1.26171875
0.67578125
0.50781250
-4.32421875
-1.85156250
0.14062500
1.53125000
-0.29296875
0.21093750
-3.14062500
-0.37500000
-1.47656250
-0.78125000
2.68359375
-0.15625000
-1.59765625
0.86718750
0.55468750
0.23437500
0.96484375
-4.38281250
0.80468750
-1.11328125
-2.71093750
-0.60546875
-0.60156250
-0.42187500
1.26953125
1.23437500
1.13671875
1.25781250
-0.67578125
-0.53906250
0.12109375
-1.40625000
-3.51953125
-0.68750000
1.23828125
1.78515625
-0.72265625
0.39453125
-1.82421875
-1.00000000
-0.39453125
-2.25000000
1.23828125
0.31250000
-3.13281250
2.46093750
2.16406250
1.17578125
3.71484375
-2.20312500
1.59765625
0.82031250
-2.75781250
-0.33984375
-0.45703125
-2.85937500
0.01953125
-0.23828125
0.73437500
0.89062500
0.58203125
1.16796875
1.38281250
0.31640625
-2.73046875
0.97265625
0.23828125
-0.65625000
-0.33593750
0.00781250
-0.92187500
0.41796875
-0.16406250
-2.40625000
3.03125000
0.07031250
-1.34375000
0.72656250
-0.16406250
0.03906250
0.33984375
-0.37109375
-1.35156250
1.29687500
-2.87890625
-1.29296875
-1.50000000
-2.63671875
0.89062500
0.66015625
0.71484375
-0.23437500
1.54296875
1.50390625
0.96484375
-0.28515625
-2.54296875
-1.30859375
0.44140625
2.52734375
-2.26171875
0.51171875
-1.66406250
0.20312500
-0.42187500
-2.14062500
0.60156250
0.01953125
-1.31640625
0.89843750
1.65625000
-2.20312500
2.08984375
-0.46484375
0.08593750
0.95703125
-0.19140625
-1.45703125
-1.03515625
-2.08593750
-0.95703125
1.66796875
0.81250000
1.98437500
0.03515625
0.19140625
-0.67968750
0.11328125
-3.92187500
-0.19921875
-0.43359375
1.94921875
-1.59765625
0.85937500
-2.27343750
0.87890625
0.60156250
-3.51953125
-1.87109375
-0.67578125
-1.22656250
0.16406250
0.96484375
0.75390625
2.37109375
-0.74609375
-0.55859375
2.40625000
-1.48828125
0.23046875
0.51562500
-3.08593750
-0.80859375
-0.12109375
0.62890625
1.58203125
0.17187500
0.82421875
-0.89843750
-0.44140625
-0.02343750
-2.01953125
-0.19140625
-0.40234375
-0.42968750
0.11718750
0.22656250
1.57421875
-1.15234375
-3.51171875
0.64062500
-1.70312500
-2.00781250
0.86718750
2.48828125
0.75390625
1.88671875
0.12500000
-0.81640625
-0.91406250
-4.68750000
-1.15625000
-0.30859375
-2.91796875
2.37109375
1.24609375
0.51171875
2.37109375
3.00000000
0.76953125
2.51953125
0.16406250
-1.16015625
-1.73437500
1.20312500
-0.50390625
0.23046875
-0.15625000
1.03125000
0.55859375
0.18359375
-0.28515625
-1.01171875
-0.93750000
-3.81640625
-0.58593750
-0.89062500
3.28906250
1.89843750
2.89062500
-0.00781250
1.91796875
-2.39453125
-1.98046875
-1.84375000
-0.46093750
2.73046875
0.39062500
0.13281250
1.39453125
-1.20312500
-0.50781250
0.18359375
4.28515625
0.28125000
0.31640625
1.49218750
-2.33984375
0.91015625
-0.51562500
-2.25390625
1.21875000
-0.01953125
-4.61328125
0.75000000
1.05468750
-0.33984375
-1.01171875
4.45703125
1.14453125
1.64453125
-0.42578125
-3.03906250
0.32812500
-0.96093750
-1.53125000
-1.17968750
-2.55859375
1.41015625
1.37890625
0.24218750
3.40234375
-2.18750000
2.14453125
2.05078125
1.48828125
-0.93359375
1.10156250
1.73437500
-2.15625000
-1.35937500
0.21484375
-3.64062500
1.21093750
1.07812500
0.97265625
2.09765625
1.92578125
-3.03515625
-0.49609375
2.21093750
-1.73046875
-2.37890625
2.26562500
-1.41406250
-0.47265625
2.18750000
-0.40625000
0.12500000
-2.00390625
2.56250000
1.25390625
0.32812500
-1.52343750
-2.28515625
-1.09375000
-0.07421875
-0.13671875
3.89453125
1.14062500
-0.91796875
-1.08593750
-2.60156250
-0.95703125
-3.05078125
-1.89843750
-2.23437500
-1.07812500
0.05859375
-0.48046875
-0.17578125
2.44921875
-0.91406250
0.41406250
2.37109375
0.11328125
0.53515625
-0.91015625
0.34765625
-1.80468750
-1.70312500
0.73046875
0.19921875
-1.16015625
0.13281250
0.28906250
4.38281250
6.03515625
-1.14843750
1.80859375
-0.69140625
2.76953125
-1.38671875
1.48046875
3.47656250
-0.40234375
0.39843750
-2.19921875
-2.06250000
-1.84375000
2.62109375
-0.12890625
-1.62109375
2.37890625
-0.07031250
0.14843750
7.00000000
-1.35546875
0.15625000
1.76953125
-2.65234375
-1.52343750
0.47265625
-1.22656250
0.85156250
-0.31250000
0.72656250
1.16796875
3.02343750
0.58203125
-1.86718750
-1.33203125
1.19140625
2.51171875
-2.00390625
-1.76562500
-0.99609375
0.19531250
-0.58203125
-1.26562500
-1.09765625
-1.97265625
2.60546875
-0.08203125
0.15234375
2.12890625
-1.01171875
-1.20312500
0.62109375
1.89062500
0.68359375
-2.40234375
-0.61328125
-2.19140625
1.18359375
-2.25781250
1.76953125
0.27343750
0.55078125
1.51953125
0.86328125
-1.27343750
1.42578125
-0.04687500
2.54296875
0.49609375
-2.74218750
0.80859375
-1.04687500
0.08984375
-2.97656250
-0.45703125
-1.01562500
-0.63671875
-0.19921875
-1.34375000
-0.53125000
-1.83984375
0.78515625
-3.94921875
3.00000000
0.30859375
-0.14453125
-1.10156250
1.26562500
0.56250000
0.73046875
-1.07812500
0.16015625
3.68359375
0.25000000
0.45312500
-3.35156250
1.39843750
3.57421875
-0.52734375
0.45312500
-1.26953125
-0.36328125
1.28906250
-0.75390625
0.24609375
-2.91406250
-0.07031250
-0.59765625
-2.63671875
-1.18750000
0.01953125
-0.87890625
3.03515625
0.77343750
4.04687500
0.03125000
2.33593750
1.16015625
0.07812500
-3.87109375
-0.51562500
-1.04687500
-3.19531250
0.07031250
1.06250000
0.41015625
-0.04296875
-1.38671875
-1.00000000
1.01953125
1.93359375
-1.98046875
-0.40234375
3.80078125
-0.72265625
0.71875000
0.36328125
-2.64843750
2.14453125
-1.03906250
-1.45703125
1.31250000
-0.48828125
-0.60937500
2.01171875
1.17187500
0.80859375
-1.56250000
-3.38281250
1.32812500
-0.46875000
-4.86718750
-0.75000000
0.23437500
-0.74609375
-3.06250000
2.40625000
0.58593750
0.00000000
1.82421875
-3.00390625
0.41406250
-2.75781250
-2.64843750
-0.88281250
2.14453125
1.82031250
-1.14843750
0.58593750
-2.57421875
0.47265625
-1.89453125
-3.76562500
0.53906250
-0.67187500
-0.64453125
-0.94531250
-3.56250000
1.91406250
-1.43359375
0.66796875
-1.30468750
1.91406250
-4.21875000
-0.58984375
-0.27734375
-0.56640625
1.16015625
1.32031250
0.94921875
0.69140625
-2.59765625
0.80078125
0.08984375
-1.92578125
-3.38671875
0.33984375
3.30468750
1.01171875
0.00781250
0.33203125
-0.99218750
-0.89843750
-0.92187500
-1.03515625
0.59375000
-0.78125000
-0.76953125
0.94531250
0.61718750
1.50000000
0.49218750
-2.10546875
-0.24218750
-0.28515625
-3.82812500
-0.45703125
-0.25781250
-1.00000000
0.14062500
0.94531250
1.26171875
1.46875000
0.43359375
0.94921875
-1.88671875
-2.58203125
-5.11328125
-0.03125000
1.61328125
0.53515625
0.06640625
0.39843750
0.47656250
-0.74609375
0.01562500
-3.60937500
2.66796875
-1.14453125
-3.00000000
1.27734375
0.26562500
1.59375000
3.39453125
-0.23046875
0.30468750
1.06640625
-2.33593750
-0.00781250
-0.66796875
-1.91015625
0.50781250
-1.90234375
0.57812500
2.33593750
-0.95703125
3.66406250
0.63281250
-0.73046875
-4.10937500
1.15625000
0.00781250
1.88281250
-1.17187500
0.64843750
1.89843750
1.90234375
0.79296875
-3.68750000
1.64062500
-0.56640625
-2.10546875
-0.24218750
-0.79296875
2.83203125
3.93359375
-1.87109375
0.33984375
1.46484375
-2.81640625
-0.61718750
-1.83203125
-1.94531250
0.64843750
0.05078125
0.48828125
0.28906250
3.75781250
-0.52734375
-3.44140625
-0.47656250
-4.18750000
0.52343750
1.74609375
-0.60937500
-1.96093750
1.35156250
-0.67968750
0.27343750
-1.12890625
-3.10156250
1.44531250
0.48437500
-1.81250000
-0.78125000
1.26953125
-1.21875000
3.46093750
-1.08984375
-1.36328125
1.41796875
-1.53515625
-0.47265625
-0.17578125
-2.32421875
-0.81640625
-0.37890625
0.63281250
-0.18359375
0.91796875
-0.64062500
-0.58203125
-2.26171875
-3.53125000
2.45703125
-0.76171875
1.66796875
0.91015625
0.61328125
-1.42187500
1.91015625
-0.25390625
0.01953125
0.79687500
-0.96093750
-1.81640625
2.54296875
2.44140625
1.07421875
3.05078125
-2.61718750
-1.16796875
-0.88281250
-2.34765625
-0.92578125
0.05468750
-3.21093750
0.03906250
-0.36718750
0.57031250
0.20312500
2.45312500
0.39062500
-1.04296875
1.07421875
-3.57421875
0.79296875
1.21484375
0.23437500
-1.13281250
0.23437500
-0.52734375
1.40625000
0.12500000
-2.55078125
0.70312500
-1.84765625
-3.00000000
-0.96484375
0.95312500
-0.08984375
4.35546875
0.19531250
2.90625000
1.47265625
-1.42968750
-0.69140625
-0.57031250
-2.51171875
1.83203125
1.22265625
0.23046875
2.02343750
2.92578125
2.13281250
-0.78125000
0.13671875
-2.58203125
-2.78125000
0.57421875
0.89062500
-2.38671875
0.12500000
-0.63671875
0.42968750
-0.88281250
-1.56640625
1.32031250
0.62890625
-0.83203125
1.91015625
0.08593750
-1.20312500
2.08984375
1.25000000
1.03515625
-0.29296875
-0.61328125
-2.16015625
-0.29687500
-3.77343750
0.16015625
1.35156250
0.14453125
0.30078125
2.09375000
2.71093750
0.03906250
2.15234375
0.07812500
-1.38671875
0.79296875
-1.35546875
0.01562500
-0.49218750
-0.89453125
3.05078125
1.41406250
0.36328125
0.20703125
0.29687500
-2.57812500
-4.51171875
2.18750000
-0.49218750
-1.67578125
-1.67578125
0.92578125
0.08203125
2.03515625
-1.43750000
-0.69531250
1.03515625
-1.87109375
2.17578125
-0.16015625
1.10546875
3.08984375
3.41406250
4.26171875
-0.32031250
-2.84765625
-3.99218750
0.45312500
-1.80859375
-2.18359375
-0.10156250
4.93750000
1.37109375
0.25000000
0.96093750
0.46875000
1.16406250
-3.40625000
-0.03515625
-0.45703125
-2.85156250
0.05859375
3.86328125
-4.13671875
1.83593750
-0.32812500
0.00781250
0.82031250
0.82421875
0.98828125
-2.33203125
-0.17578125
1.73437500
0.32421875
1.82812500
-1.19921875
0.72265625
0.05078125
0.76562500
-1.37500000
-2.76171875
-2.11328125
-0.79296875
-3.14062500
-2.73437500
-2.01953125
-1.48828125
-2.61328125
-1.54296875
1.31640625
-0.26562500
2.40625000
1.89843750
1.93750000
-0.10546875
1.35546875
0.68359375
0.60156250
0.86718750
-2.70312500
1.92968750
-0.06640625
1.42578125
-0.03515625
0.41406250
2.52734375
-0.34765625
1.18359375
1.99609375
1.87500000
-1.78515625
-1.80078125
0.05859375
1.96875000
0.90234375
-1.24218750
-2.08203125
-0.23828125
0.18750000
-1.50781250
-0.00781250
1.18359375
1.19921875
3.91406250
-0.89062500
0.09765625
-2.80078125
-1.54687500
-1.21093750
-0.55468750
0.27734375
1.43750000
0.26171875
-1.77734375
-0.37500000
0.62890625
-2.46484375
-0.32031250
-1.54296875
-0.13671875
-4.30468750
-1.21484375
-1.06250000
-0.94140625
1.92187500
1.89062500
1.09765625
-3.14843750
-1.55078125
-1.68750000
-3.00390625
1.34375000
0.62500000
0.57421875
-0.19921875
1.91015625
-2.39843750
1.80859375
-0.30078125
-1.01171875
-0.62109375
0.15234375
-0.86718750
1.85937500
-2.00781250
-0.36718750
-0.00390625
0.26953125
1.40625000
1.03906250
0.27734375
1.33984375
-0.98828125
-0.11718750
1.34765625
1.97656250
-1.66406250
0.44531250
0.65625000
-0.60156250
2.39453125
-1.25781250
0.46484375
-0.87890625
-2.26171875
-2.17187500
0.77343750
4.66406250
4.40234375
2.51171875
-2.74218750
0.76953125
1.83593750
-4.88281250
0.05468750
1.09375000
-1.48828125
-0.29687500
-0.43359375
-0.05859375
-0.15625000
-1.67968750
-0.57812500
0.65234375
-1.54687500
0.10546875
0.96093750
-0.68750000
-1.08593750
-0.13671875
-0.02343750
-1.63671875
2.11328125
-0.58593750
-2.00781250
2.20312500
0.05078125
-1.24609375
0.19921875
1.39062500
0.29687500
1.33593750
2.19531250
3.08984375
-2.64843750
-1.29296875
-3.07812500
-0.26171875
-2.53906250
1.71875000
0.15234375
0.11328125
1.00390625
1.64062500
-0.16015625
1.02734375
-0.47656250
2.23437500
1.68359375
1.13281250
0.32421875
-0.74609375
0.50781250
0.40625000
2.12109375
-2.81640625
-5.95312500
-1.61328125
0.54296875
-2.19531250
-2.42578125
0.72656250
-0.61718750
4.22656250
-1.66015625
0.41406250
1.29296875
-1.30859375
-0.28906250
-0.05468750
-1.88281250
1.23828125
0.69140625
0.23046875
0.20312500
3.98437500
-2.10156250
2.00781250
0.16015625
-0.93359375
-0.39062500
1.08203125
0.53515625
-0.35156250
0.73437500
-2.92578125
-1.19531250
-0.87109375
-3.98437500
-1.36718750
-0.53515625
0.07031250
2.67968750
0.68750000
-0.59375000
0.73437500
-2.13281250
0.51171875
-1.86718750
-1.03515625
-0.43359375
-0.42968750
-0.30468750
-0.48828125
1.57812500
0.73437500
1.41796875
1.86718750
2.40625000
0.96484375
-1.73437500
-2.39453125
-3.33593750
0.26171875
2.85156250
-0.75390625
0.62500000
0.57421875
-2.83203125
-1.69531250
-2.15234375
-1.22656250
-0.35156250
-0.62109375
0.77343750
0.62890625
0.96484375
3.70312500
-0.56250000
-0.44921875
-1.02343750
-1.76171875
-0.37890625
-0.05078125
-0.53515625
0.60937500
-0.31640625
1.11718750
3.10156250
-1.87500000
0.05468750
1.95703125
-0.28515625
-3.76171875
-0.92187500
0.81640625
0.47656250
-0.87890625
1.05859375
-1.59375000
1.35156250
-0.49218750
-4.27343750
1.72265625
-0.32031250
-2.67578125
3.07031250
0.21875000
-0.04296875
1.64453125
-4.49218750
1.21875000
0.60937500
-2.44140625
0.54687500
0.41796875
-0.05078125
-1.07031250
-0.02734375
0.12890625
0.58984375
-0.33984375
-2.04687500
1.55078125
-1.76171875
-6.22265625
-0.49609375
1.23828125
3.44140625
-1.53515625
0.95703125
-1.60156250
0.44531250
0.17578125
-1.82031250
1.36718750
-0.21484375
-1.72265625
0.91015625
0.54296875
-1.03906250
0.31250000
-1.58984375
1.36718750
2.27734375
-1.57812500
-0.59765625
-1.59765625
-0.30859375
-1.75781250
0.23046875
0.18359375
0.22656250
-0.93359375
0.57031250
1.82031250
-2.93750000
-3.51953125
-1.02343750
-0.30078125
4.67968750
-1.33593750
1.74218750
0.06640625
1.66796875
-0.68359375
-4.09375000
1.30468750
0.61718750
-1.41796875
3.29687500
1.72656250
-0.54687500
2.42578125
-0.41015625
-0.09375000
-0.99218750
-2.72656250
-0.96484375
0.48046875
-1.82031250
-1.67968750
0.37890625
0.28515625
-0.39453125
-0.05859375
-0.89453125
-0.18750000
-0.95312500
-3.49218750
0.52343750
1.45703125
0.73046875
-3.05859375
1.52343750
0.67578125
1.69531250
0.48046875
1.13671875
0.47656250
-1.37890625
-2.99609375
1.54296875
1.19531250
0.64453125
2.20703125
-4.93750000
0.36328125
2.58593750
-4.25000000
-1.49218750
0.16406250
0.37109375
0.01953125
0.91015625
0.22656250
-0.03125000
-1.08593750
-2.08984375
-1.25000000
-1.93359375
-3.49218750
-0.12109375
-2.34375000
1.58593750
-1.75781250
0.77734375
-4.39062500
0.69531250
1.35156250
-1.53125000
1.46093750
-1.49609375
-0.69921875
1.57812500
0.44531250
1.37890625
0.69921875
-2.55078125
2.41796875
1.51171875
-1.14453125
-1.96484375
-0.74609375
-2.26171875
-1.26953125
1.21484375
-0.04296875
2.16015625
1.02734375
1.15625000
-2.50390625
-0.23046875
-1.73828125
1.83984375
1.44531250
1.67187500
-0.98828125
1.20703125
1.81640625
2.31640625
0.34375000
-2.90234375
0.62500000
0.18750000
-0.69921875
-2.29687500
-2.20703125
-0.15234375
1.05468750
-0.50781250
0.63281250
0.19531250
2.47265625
-0.46093750
0.59375000
-3.21093750
-1.16015625
-0.36718750
-0.44921875
0.64062500
1.79296875
2.66015625
1.72656250
-0.90625000
-1.16015625
-0.54687500
0.42968750
-1.23437500
0.02343750
0.14453125
0.89843750
1.08984375
-1.55859375
0.92578125
1.35937500
1.16015625
0.85937500
1.69140625
-1.21484375
-0.05078125
-0.25781250
-0.87109375
-0.15625000
-0.33203125
-1.27734375
-1.05468750
-0.67578125
-2.89453125
0.67968750
-1.89843750
-0.07031250
2.39843750
2.21484375
0.90625000
1.00781250
1.04296875
3.29296875
3.75000000
1.00000000
-3.77734375
-1.29687500
-0.55468750
-0.04687500
1.23437500
-1.73828125
0.89453125
1.30468750
-1.10546875
-0.01562500
-0.44921875
-2.36328125
-2.66406250
0.04687500
0.21093750
-1.71875000
-0.31250000
-2.25781250
1.75000000
0.00390625
3.91406250
0.42968750
-0.85156250
-0.28906250
-1.47656250
-1.85156250
0.71875000
-0.88671875
-1.42187500
-0.08984375
-0.89453125
0.30859375
4.42578125
-1.66015625
0.85156250
0.35937500
-1.82031250
0.77343750
-2.71484375
-3.26171875
0.19921875
-0.60156250
-2.51562500
1.11328125
4.12890625
4.92968750
3.76562500
1.55078125
-1.83203125
-2.03125000
1.32421875
0.80468750
-1.37109375
1.10156250
0.00781250
0.09375000
-0.42187500
0.55078125
0.90625000
-2.36718750
-0.54296875
2.30078125
-0.98437500
0.12890625
-3.65625000
-0.01953125
0.85156250
2.91796875
1.17968750
-2.20312500
-0.03125000
-2.61328125
-0.53515625
-1.57421875
-3.83593750
3.84375000
3.32812500
0.99218750
-2.42578125
-1.43750000
-0.52734375
-1.50390625
-1.55859375
1.39453125
-0.23437500
-0.71875000
-1.37890625
0.19531250
-3.34375000
3.50781250
-1.87890625
3.41796875
0.09765625
-2.67578125
2.49609375
-1.69140625
0.80859375
0.45312500
0.95703125
1.51562500
-2.14453125
0.37500000
-1.96484375
-1.89453125
-1.66406250
-2.18750000
-0.41406250
1.55859375
4.24609375
2.79296875
2.69531250
-2.70703125
1.46484375
1.68750000
-0.48437500
1.23437500
1.72265625
-0.54687500
-0.30078125
-0.16796875
1.78515625
-3.21093750
2.71093750
-4.19140625
-0.87109375
-1.62890625
-2.48437500
-0.65234375
1.71093750
-1.13281250
0.74218750
-2.09375000
-0.15234375
-1.76953125
-0.28515625
0.16015625
0.73046875
-1.59375000
3.09375000
2.24609375
-1.44140625
3.90625000
-0.75781250
-0.42578125
-0.84765625
0.34765625
-2.34375000
0.59375000
-2.35546875
-0.49609375
0.96484375
-0.07421875
1.35546875
1.65234375
-3.20312500
1.13281250
0.96875000
0.66796875
0.40625000
2.06250000
1.37500000
-1.08593750
0.56640625
-1.91406250
1.97656250
-0.41015625
-6.02734375
-0.33203125
-1.64843750
-0.78906250
-3.30859375
0.66406250
-1.11718750
1.33593750
-2.07812500
0.75781250
-0.90234375
-2.78515625
-0.18359375
-0.08593750
0.62500000
4.34375000
1.81640625
-0.56250000
-0.91015625
3.19531250
3.33984375
0.76953125
-0.06640625
-2.36718750
1.14062500
1.72265625
2.18359375
-1.52734375
1.32421875
-0.55468750
-1.03906250
-0.87109375
-3.46484375
-0.39062500
0.89062500
1.50000000
1.66796875
-1.25390625
0.42187500
-4.31250000
0.05859375
-2.53906250
-0.03125000
1.80859375
-0.99218750
0.05859375
-1.08984375
2.57031250
-1.05468750
-0.04687500
2.32421875
-1.20312500
-2.05859375
1.53906250
0.87109375
-0.64062500
0.22656250
0.04296875
2.83984375
-3.21875000
0.69921875
-0.89453125
0.90234375
-2.37109375
-0.72656250
0.00781250
-2.23437500
-0.37890625
1.18750000
-1.07031250
0.19531250
2.51171875
2.62500000
0.50000000
-0.00390625
-4.76171875
-0.16796875
0.21093750
0.03906250
-3.41015625
0.20703125
0.33593750
-1.00000000
3.91015625
0.17187500
-1.54296875
-2.62500000
-1.65625000
-0.46875000
-1.00390625
4.06640625
0.42968750
0.64843750
-2.33593750
0.32421875
-0.84765625
-3.01171875
0.54687500
-1.41796875
-1.77343750
-1.43750000
1.00390625
-2.42187500
1.92578125
-0.02343750
-0.02343750
-1.19140625
-4.51953125
0.80468750
0.39062500
0.53515625
0.76953125
2.63671875
0.79296875
0.98046875
1.76953125
1.48437500
-1.88671875
-2.08984375
-5.28515625
-0.67578125
0.04296875
-0.14062500
2.00781250
0.98828125
-4.13281250
-0.42578125
0.22656250
-2.63671875
2.10937500
-0.26562500
-0.20703125
2.48437500
0.62890625
2.19531250
-0.05468750
-3.42578125
0.53515625
1.06640625
-1.38281250
-0.49609375
-1.08203125
-2.45312500
1.12890625
-1.70312500
0.23046875
2.10937500
0.53906250
0.73828125
1.00781250
0.12109375
-4.16015625
-0.71484375
0.57421875
2.34375000
-0.59375000
1.11328125
-1.93359375
2.86328125
-0.93359375
-2.27343750
2.50781250
-1.05468750
-0.60937500
2.82812500
1.80078125
0.90234375
-0.97265625
-2.30078125
1.08593750
0.91015625
-4.58203125
0.04296875
-1.37109375
-1.53515625
-1.08984375
-0.60937500
0.03906250
-0.48437500
2.68750000
1.19140625
-0.56250000
-3.22656250
-2.96875000
1.29687500
1.00000000
2.45312500
-1.41015625
1.77734375
-0.06250000
-0.69531250
1.81250000
-3.15625000
-0.54687500
0.20703125
-1.20703125
-1.28906250
0.98046875
-2.06640625
3.15234375
-3.81250000
2.08593750
0.70312500
-1.64062500
-1.83984375
-0.81250000
-0.37500000
-1.82812500
0.37500000
0.09375000
1.43359375
-1.28906250
2.35546875
0.07812500
0.62109375
-3.48046875
-0.63671875
1.04687500
2.63671875
-1.86718750
1.51953125
0.44140625
0.23046875
0.00390625
-4.12890625
-1.41406250
-1.33203125
0.13281250
1.99218750
1.63281250
-1.19531250
3.95703125
-1.66015625
-1.48828125
2.07812500
-3.90234375
-0.61718750
-0.03125000
-2.03906250
0.50781250
0.26953125
0.13281250
2.10937500
0.90625000
0.67578125
-0.64453125
0.17968750
-4.76562500
-2.33984375
0.23828125
1.44140625
-0.73046875
1.12109375
1.21875000
1.73046875
0.14453125
0.00000000
0.72656250
-0.94140625
-1.34765625
2.08203125
0.12109375
-2.71875000
3.21484375
-0.75781250
0.73046875
-0.12890625
-2.41015625
-1.36718750
0.08593750
-0.36328125
-1.52734375
-1.16796875
-0.26562500
2.53515625
3.78906250
1.90234375
-0.60546875
-0.19531250
-3.89453125
-3.01171875
-0.66406250
3.13671875
-2.67968750
0.89843750
-0.92187500
0.26562500
1.73437500
-2.63671875
1.38281250
-0.04687500
-0.34765625
2.56250000
1.52343750
1.57812500
-0.46093750
0.12500000
1.09765625
-0.60937500
-1.68750000
-1.61718750
-0.47265625
-2.94921875
-0.24609375
-1.74218750
-0.31640625
-1.52343750
3.62890625
0.93750000
-0.06250000
1.92187500
-2.43359375
0.57421875
1.21484375
1.29687500
-0.13671875
0.52734375
3.59765625
1.09765625
0.03906250
-1.91796875
1.94921875
1.37500000
0.76562500
-0.21875000
4.07031250
-2.07421875
0.72265625
-3.25781250
0.57421875
1.39062500
-0.62890625
-0.57031250
-0.00390625
-2.08203125
2.06250000
-2.17968750
-0.44921875
1.32031250
-0.01562500
0.15234375
1.08203125
-1.82031250
-1.16015625
-3.87890625
-0.77343750
0.03906250
-1.43359375
-0.11328125
2.35546875
0.35937500
-4.53515625
0.49609375
-0.83984375
1.80078125
-1.97265625
0.89843750
0.10937500
1.23046875
0.37890625
-4.20312500
-0.62109375
3.31640625
-2.01562500
0.39453125
0.58203125
-1.32031250
0.17968750
-0.95312500
-0.00781250
1.87109375
-3.02734375
-1.38671875
0.90234375
-0.51562500
2.79687500
0.74218750
2.99218750
-0.45312500
-1.10937500
0.44531250
4.42968750
-1.76953125
-3.58203125
0.50781250
-2.12500000
0.31250000
-1.01171875
-0.25390625
0.12109375
1.88281250
3.98437500
-0.09375000
0.42578125
0.28125000
-0.70703125
2.46875000
1.39843750
-0.37890625
-0.11718750
-1.70703125
0.01953125
2.42187500
2.19140625
-1.15625000
-0.53125000
-2.79687500
-3.54687500
0.52343750
1.03515625
-2.62890625
0.56250000
0.73046875
-1.48437500
-1.21484375
-1.23437500
-2.89062500
-1.39062500
-1.42968750
-0.50000000
-1.43750000
-1.33593750
-0.05859375
6.42578125
-2.16015625
4.57812500
0.26953125
-2.53125000
-1.64453125
0.84765625
2.89453125
-1.73828125
1.10546875
-0.17578125
1.70703125
2.58984375
3.59375000
-3.05468750
0.53906250
-3.53125000
-0.36718750
-0.66406250
0.30859375
-0.16015625
1.03125000
-1.67187500
-1.55859375
-2.27343750
-1.74218750
-3.20312500
-0.37890625
0.07031250
1.54296875
1.35156250
1.46093750
2.73046875
-0.12109375
1.24609375
0.38671875
-3.72265625
-0.29296875
0.97265625
-0.44531250
-2.35937500
-1.52734375
-0.13671875
2.78515625
2.39843750
-0.85156250
-0.04296875
0.65625000
0.40234375
-1.01171875
1.98828125
3.19921875
-2.36328125
1.12109375
-1.72656250
-0.79687500
-1.20312500
-3.10156250
0.05859375
-0.53906250
-0.24218750
1.02734375
0.19140625
-2.59375000
0.78906250
-0.68750000
-0.25390625
0.35937500
2.77343750
-1.17578125
0.48437500
-1.44531250
2.66015625
-0.36328125
-0.45703125
1.62109375
2.46093750
0.99218750
4.71875000
-3.05468750
-0.18359375
0.57421875
-0.65234375
2.42187500
0.20703125
1.15625000
-3.36328125
-0.60156250
-1.16015625
-2.76953125
-0.54687500
0.79687500
-0.34765625
0.07421875
0.10937500
-0.79687500
0.63281250
-0.10546875
-2.21875000
0.31250000
-0.08593750
-0.99609375
0.37890625
0.32812500
-2.07812500
-1.02734375
-0.42578125
-0.35937500
0.06640625
0.40234375
1.85156250
-0.58203125
1.24609375
2.16015625
-0.02343750
4.57421875
-0.35937500
0.75781250
-0.82421875
2.33593750
-1.02343750
-3.12500000
-0.32421875
-0.36718750
1.55468750
-0.69140625
3.45703125
-4.07812500
-0.15625000
-1.96484375
-0.83984375
-0.71093750
-0.97656250
-1.02734375
0.25000000
1.43359375
-1.50781250
0.59375000
-0.39843750
-0.32031250
0.72265625
-0.37890625
2.37500000
-3.04296875
-1.04296875
0.63671875
-0.25390625
2.44531250
0.46875000
1.49609375
1.18359375
1.59375000
-1.20312500
-6.31640625
0.72656250
-0.82421875
0.89062500
-2.33203125
0.13281250
0.59765625
0.64843750
-0.31250000
-0.42578125
0.53125000
-3.58593750
0.61718750
0.56250000
-0.51171875
-0.15625000
0.46093750
0.03906250
-1.71484375
-1.24609375
-0.74609375
1.33203125
-0.51953125
-6.00781250
-0.53125000
1.55468750
2.35546875
-3.46875000
1.10546875
-0.55468750
-1.80468750
-0.85156250
-2.92578125
0.23828125
-0.11718750
-1.57421875
2.47265625
4.00000000
0.29687500
1.66796875
-2.49218750
2.29296875
-1.81640625
0.73828125
-0.22656250
0.87109375
-0.94531250
-0.86718750
-0.53906250
0.76171875
-1.98828125
4.11328125
-0.65234375
1.33984375
-3.14453125
-2.31250000
-0.60937500
0.50390625
-1.12890625
0.70312500
0.04687500
2.48828125
2.20703125
-0.23046875
-3.32421875
4.17578125
-1.48046875
-1.94140625
0.32812500
1.19531250
2.18750000
1.83593750
-3.70312500
0.67187500
1.08593750
-3.81250000
0.13281250
-1.06250000
0.25000000
2.67968750
-1.81640625
-0.08203125
-0.52343750
-1.21484375
0.66406250
-2.88671875
-1.37500000
-4.83203125
0.01953125
3.93359375
2.90234375
-2.09765625
0.75781250
0.84375000
1.82421875
0.55078125
-1.85156250
-0.78515625
-0.77734375
-2.84375000
0.42968750
1.44921875
0.87109375
0.60937500
-3.20312500
0.92578125
2.26171875
-3.69140625
0.06250000
-1.83593750
1.75781250
0.11718750
-0.95703125
-0.17578125
1.49609375
-1.80859375
0.72656250
-0.44921875
-0.27734375
-3.27734375
-2.08203125
1.79687500
3.90625000
-2.79296875
1.83593750
-1.17187500
0.16796875
-1.35156250
-2.30468750
-0.20703125
0.01953125
0.02343750
2.49609375
1.33984375
-2.28906250
3.30468750
-2.49218750
-1.75390625
0.98046875
-2.69531250
0.05859375
-0.08593750
-0.18359375
-2.08984375
-1.33593750
0.14843750
-0.34765625
-1.32421875
3.17187500
0.96484375
-1.12500000
-5.59375000
-2.12109375
-0.50781250
2.69531250
0.07421875
1.03906250
0.56640625
1.37500000
1.16015625
-1.28906250
0.98828125
-2.13281250
-1.07421875
1.71484375
0.60546875
-0.42968750
2.69140625
-3.43750000
0.05859375
1.55859375
-6.78515625
-0.55468750
-1.38281250
1.07421875
0.25000000
0.08203125
-0.01562500
-0.05859375
2.05078125
0.64453125
-0.48046875
0.90234375
-6.50390625
-3.95312500
1.58984375
2.76953125
-2.72656250
1.32421875
-4.05859375
0.74609375
-0.57812500
-0.83593750
1.46875000
-0.84375000
-0.80078125
1.53125000
3.83203125
1.20703125
5.33984375
-3.28515625
2.19531250
-0.94531250
-3.66015625
-1.10156250
-0.94140625
-0.73828125
1.94140625
-1.53515625
-0.31250000
1.25781250
3.87500000
-0.11718750
-0.59375000
1.84765625
-3.97265625
3.48046875
-1.58203125
0.50000000
-0.95703125
1.67968750
-1.78125000
-0.51953125
1.08984375
-3.39843750
-0.32421875
0.00390625
-0.06250000
2.55468750
-0.72265625
1.16796875
1.59375000
-1.56250000
-1.69531250
3.29687500
-0.85546875
-0.19921875
-0.03125000
-0.47656250
0.21875000
-2.12890625
-0.60156250
3.11328125
-0.75000000
2.67968750
-0.51171875
-0.69140625
-2.52734375
-0.10546875
-0.79687500
-0.18750000
-0.55468750
0.94531250
-0.12500000
-1.17968750
-0.48046875
-1.53125000
0.59375000
1.48437500
0.27343750
3.00000000
-0.04296875
-2.30468750
0.96484375
0.59765625
0.29296875
2.44921875
-0.87109375
-1.02343750
-0.75000000
-0.05078125
-1.00781250
-3.37500000
-0.44140625
2.23437500
2.10546875
-0.14062500
-1.66796875
-0.96875000
2.78515625
-1.52734375
2.27734375
-0.61328125
1.48828125
0.05468750
1.75390625
1.86718750
-2.74609375
0.29687500
-1.80859375
0.46484375
-0.73046875
-0.94531250
1.66796875
0.73046875
4.04687500
-1.32812500
-0.65625000
1.85156250
0.78515625
2.62500000
0.09375000
-2.09765625
-0.53906250
-3.14843750
0.04687500
3.00000000
-0.58984375
-1.50390625
-0.61328125
-1.47265625
-0.59765625
1.33593750
-0.35156250
-1.02734375
-0.09765625
-0.23046875
3.27343750
-0.29687500
-3.81250000
0.76171875
-0.63281250
0.87109375
-2.36718750
-1.52734375
-0.27343750
1.50000000
1.98828125
-0.00781250
0.71875000
1.57812500
-2.25781250
1.20312500
1.12109375
0.93750000
-0.81640625
-3.50390625
-0.03906250
2.67578125
1.57812500
0.27734375
0.07031250
-0.55859375
-1.18750000
0.98828125
0.18750000
-2.69921875
2.38671875
1.12890625
-2.16406250
-0.10546875
-0.51562500
-4.03906250
-0.75781250
0.82031250
1.17968750
-0.28906250
0.48437500
-0.56250000
1.55468750
-2.71484375
0.44921875
0.15625000
-3.25390625
-1.05468750
1.15234375
-0.36328125
-1.57812500
-2.05468750
0.01171875
-0.01953125
-1.76562500
-0.41015625
1.39453125
-0.32031250
-0.23828125
-1.41015625
1.71093750
3.09765625
0.53906250
1.51171875
-0.85937500
1.19531250
-2.73437500
-1.68750000
-0.89453125
0.52734375
-0.11328125
1.80859375
-0.39453125
-0.14453125
2.67968750
-2.03515625
-0.90234375
-0.88281250
-2.27343750
-1.04296875
1.80859375
0.19921875
-2.78906250
-1.36328125
-0.17968750
-0.59765625
0.55078125
-1.46093750
0.97656250
-2.27734375
-0.74609375
2.55078125
-0.37500000
2.18359375
0.64843750
0.41015625
0.33593750
-0.32031250
-0.30078125
-3.32421875
-0.08984375
-0.16015625
-1.95312500
0.24609375
1.64453125
1.02734375
0.21093750
-1.43750000
-0.41406250
0.89843750
-0.08593750
-0.39062500
0.06640625
2.35156250
0.23046875
-2.00000000
-0.35546875
-0.38281250
0.05468750
-1.77734375
-0.01953125
-2.52734375
0.62890625
0.03125000
0.42968750
5.43750000
-1.44140625
0.80468750
-3.99609375
2.99609375
-1.27734375
-3.44531250
-1.43750000
-1.00000000
0.35156250
0.06250000
3.98828125
2.50390625
2.55078125
-3.25781250
-1.05859375
0.70312500
-1.92578125
0.73046875
-0.08593750
-0.68359375
0.60937500
-1.08203125
-0.48046875
0.39062500
2.94921875
-1.05078125
-0.05078125
-1.40625000
-0.93359375
-1.44921875
-0.01171875
1.62890625
0.48437500
1.03125000
-1.88671875
2.48437500
-0.42968750
-1.01171875
-0.33203125
-0.76171875
-1.65625000
1.31250000
1.73828125
4.12890625
1.46484375
0.91796875
-1.57421875
1.25390625
-2.55859375
0.33593750
-0.84765625
2.04687500
-1.16015625
-0.69531250
-0.42187500
-3.60937500
-2.51171875
-0.44140625
-1.34375000
-0.23828125
-4.12109375
1.42578125
-2.25781250
3.25390625
-1.74218750
0.65625000
-4.74609375
1.57812500
-0.91015625
-2.01953125
-0.01953125
-0.73828125
0.15625000
0.30468750
0.64062500
-0.70312500
0.64843750
-2.06250000
2.42968750
0.94531250
1.25000000
-0.24218750
0.14843750
0.73046875
-3.19140625
-0.25390625
0.18750000
-0.01953125
-0.29687500
-0.52734375
-0.01171875
-3.21875000
-1.58984375
0.70312500
-1.50781250
4.47656250
-1.75000000
1.04687500
-2.10937500
1.41015625
-1.26562500
-2.08593750
2.12500000
-0.08984375
-1.32421875
-0.54296875
0.91796875
0.62109375
3.88281250
-2.55078125
1.95312500
-2.94531250
-3.60156250
-0.41406250
0.35937500
-1.56250000
0.87890625
0.77343750
0.60546875
0.33984375
-0.36328125
-0.65234375
3.39453125
1.48046875
-2.75390625
-0.55859375
-2.22265625
-1.15234375
-0.51562500
0.30859375
-0.95703125
-0.70312500
-1.29687500
-0.94531250
1.35156250
-0.42578125
-1.14843750
2.27734375
1.72656250
-2.57031250
3.60156250
-3.27343750
0.59765625
0.54296875
-2.06250000
0.18359375
-0.75390625
0.13281250
-2.21093750
-2.35546875
0.48828125
0.74218750
1.64062500
1.32421875
3.06250000
-1.80859375
-3.51953125
-1.41015625
-0.66406250
4.08984375
-0.42968750
0.98046875
-3.03906250
-0.01953125
0.33984375
-4.31640625
-0.43750000
-0.12890625
-0.84375000
0.56640625
0.39843750
-1.87890625
1.10546875
-2.56250000
0.96484375
3.46093750
-3.69140625
-0.79687500
-1.92968750
0.10937500
0.48046875
0.30078125
0.28125000
0.20312500
-0.17968750
2.73046875
-0.39453125
-0.07421875
-5.75390625
1.37500000
0.90234375
2.50390625
-0.80859375
1.25000000
-2.47656250
-0.39062500
0.71875000
-5.00000000
0.56250000
-0.42578125
-0.00390625
3.04687500
0.21875000
1.50000000
2.85937500
-3.73046875
-1.60937500
2.00000000
-2.45312500
-0.16406250
-2.11718750
0.32031250
1.78906250
-1.60156250
0.38281250
0.11328125
-0.10156250
1.36718750
-2.28515625
0.44140625
-5.01953125
-2.63671875
2.44921875
1.82812500
-1.23437500
1.78515625
-3.18359375
0.82812500
0.33984375
-1.41015625
0.50781250
-0.81250000
-0.16015625
1.34765625
0.69921875
-0.00390625
3.38281250
-2.61718750
1.32812500
0.42187500
-3.82812500
-0.31640625
-0.09765625
-0.67968750
-1.76953125
-1.82421875
0.41406250
-3.01953125
4.35156250
-1.04296875
-0.29296875
-1.10156250
-4.85937500
-0.03125000
-0.13281250
1.59765625
-0.66015625
1.42968750
-2.30859375
0.05078125
-1.30078125
-1.35546875
1.78515625
-0.23046875
-0.88671875
1.92187500
6.25781250
-1.78515625
5.51953125
-5.17578125
-0.66796875
-1.08593750
-1.85156250
-0.30859375
-0.46875000
0.64062500
-3.00000000
-0.82812500
-0.00781250
0.20312500
0.55078125
0.19140625
2.56250000
-0.53515625
-3.96093750
-4.30468750
2.87109375
1.62500000
-0.07421875
1.09765625
1.24609375
-1.18750000
-1.05078125
0.36328125
2.17968750
2.05859375
0.30468750
-0.63281250
2.07812500
-2.22656250
3.32031250
0.61328125
-0.31640625
-0.46484375
-0.16406250
0.53906250
0.39843750
-1.71093750
-2.73046875
-2.89062500
-0.05859375
0.07812500
-2.10156250
-0.12890625
1.75781250
1.23046875
-1.32421875
0.32812500
0.83984375
-1.55859375
-0.92578125
0.07812500
-1.69921875
1.57812500
-0.29296875
0.42968750
1.14453125
-0.19921875
0.12890625
0.83203125
0.05859375
2.56640625
-2.75000000
-0.17578125
-1.40234375
2.76953125
-2.10937500
-0.26171875
-1.48828125
1.23046875
2.03906250
-2.48437500
-0.17968750
1.85937500
1.54296875
-2.50000000
-2.55468750
-1.66015625
-4.28125000
-2.59765625
-0.76171875
3.98437500
-0.82421875
0.33593750
-5.28515625
-1.20312500
1.41406250
-4.44921875
-0.71093750
0.49218750
-1.14453125
2.09375000
-1.85546875
-2.14453125
4.68750000
1.25000000
-0.63281250
2.64062500
-1.25000000
-0.55468750
-1.78125000
2.59375000
-0.69921875
-0.98046875
0.07812500
-1.43750000
-0.73046875
1.33593750
-0.05078125
0.93750000
1.80859375
2.58593750
-2.65625000
1.03515625
0.21484375
0.45703125
-2.28125000
-1.25000000
0.51171875
-1.01171875
-1.53906250
2.07031250
1.53125000
0.22265625
0.05859375
0.11718750
-1.05078125
-0.17578125
-0.03515625
-1.24609375
1.12890625
-1.17578125
-0.11718750
-1.98828125
-0.69921875
-1.26171875
0.39843750
-0.04296875
-1.47265625
0.57031250
-0.31250000
3.64453125
-1.02734375
0.98828125
-0.08593750
0.35156250
-0.71484375
0.07421875
-1.60156250
0.07421875
-0.59375000
-2.64843750
-0.98046875
-0.26953125
0.46093750
2.14062500
2.45312500
0.24218750
2.91015625
0.87500000
0.51171875
0.48046875
-0.35937500
0.25390625
0.52343750
0.12890625
-1.66796875
-3.89843750
0.41015625
0.60546875
-0.90234375
-0.52734375
-1.57421875
-2.81640625
-1.05468750
1.58203125
-1.96875000
3.39453125
0.35546875
0.98437500
-1.69921875
-1.71484375
1.88671875
-1.71093750
-0.28515625
0.17578125
-1.56640625
-1.59765625
1.82421875
3.23437500
0.30078125
0.39062500
1.50000000
-0.77343750
-0.58593750
-1.12500000
0.31640625
0.19531250
-1.96093750
-3.73046875
0.04296875
0.86718750
1.35156250
0.60156250
-0.44921875
1.47265625
-2.51562500
1.89062500
-0.36328125
2.30078125
-0.08203125
0.09375000
-0.51171875
2.77343750
0.52343750
-0.69140625
0.88671875
-0.95703125
-0.23828125
-0.16406250
0.76171875
0.74609375
1.78515625
-0.63281250
-0.82812500
-1.57421875
-3.37500000
-2.37500000
-0.14843750
0.94531250
-0.91796875
-2.56250000
-0.18750000
2.23437500
1.58593750
1.67187500
-0.14453125
-0.23046875
-2.55468750
0.83203125
-0.41015625
3.69531250
-0.80078125
0.43750000
-2.01171875
1.36718750
-1.10937500
-3.01171875
0.57812500
0.51953125
-0.78515625
-1.01171875
3.46875000
3.26562500
3.28125000
-0.93750000
2.47656250
0.05078125
-0.07031250
-0.11718750
-1.51562500
1.69140625
-0.45703125
-4.31640625
-0.36328125
1.30468750
1.68359375
-0.41015625
0.52734375
0.87109375
-3.48046875
1.67187500
2.20703125
-0.81640625
-0.61718750
0.60156250
-2.67578125
-0.06640625
0.03125000
-0.91406250
0.91796875
0.19140625
1.12109375
3.49218750
3.72265625
2.17968750
-1.06250000
-1.39843750
-0.08203125
0.96484375
-2.22656250
-1.61718750
-1.19531250
0.45703125
1.01953125
-1.69140625
0.19921875
-3.38281250
2.62500000
-3.45312500
-2.26171875
-1.06250000
-2.63671875
-0.76562500
-0.82031250
3.76562500
-2.06250000
1.10937500
-3.05078125
0.59375000
-0.33203125
-3.23437500
1.01171875
-0.71875000
-0.22265625
-0.24218750
2.23437500
1.44531250
1.79687500
-4.08984375
0.54687500
1.77734375
-2.87890625
0.54687500
-0.56640625
1.96093750
-5.61328125
-1.32421875
0.33203125
0.51562500
-0.69531250
1.57812500
-1.14843750
-2.05078125
-2.96875000
-2.36718750
-0.56640625
2.89453125
-0.25390625
1.25000000
-0.47656250
-3.31250000
-0.64843750
-2.21875000
0.26953125
0.40234375
-0.35546875
0.31640625
1.28125000
1.51562500
2.00000000
-0.91015625
-0.10546875
-0.98437500
-3.60156250
0.20312500
0.19531250
0.00781250
-1.29687500
-0.66796875
1.02343750
-1.31250000
-1.67968750
2.51171875
-1.09375000
1.03515625
-2.89062500
0.26171875
-1.83593750
-0.68359375
-0.37500000
0.36328125
-4.72265625
-2.33203125
1.21093750
-2.73828125
1.37500000
-0.91015625
-1.14062500
2.08203125
2.51171875
1.37109375
4.11328125
-3.78515625
-0.52343750
1.35937500
-3.08984375
1.47656250
-1.65625000
-0.50781250
0.01953125
-0.82031250
0.60937500
-0.03125000
-1.19140625
1.92578125
0.07812500
1.13281250
-3.10546875
1.45312500
2.80859375
0.71484375
-2.71093750
0.42578125
-1.63671875
-0.78125000
-1.02343750
-1.86328125
3.07812500
0.20703125
-0.33593750
2.59765625
-0.66015625
-0.10546875
2.35937500
-4.33984375
2.39062500
1.94531250
-1.88281250
-0.13671875
-1.58984375
-1.33984375
-0.69921875
-2.56250000
0.72265625
1.68359375
1.72656250
-0.10546875
1.18359375
-1.25781250
-2.37890625
-1.78515625
1.12109375
1.10546875
-0.92578125
0.36328125
-2.57421875
2.26953125
-0.17578125
-0.28515625
2.78515625
-1.07812500
-0.30859375
2.20703125
1.31640625
0.72265625
4.55859375
-5.42578125
1.35546875
0.55468750
-4.46093750
0.25390625
-1.20703125
0.75390625
-0.78906250
-2.33984375
0.75000000
-1.22265625
0.09765625
-0.40234375
-0.61328125
-1.85937500
-3.59765625
0.33984375
-1.50781250
1.54687500
-2.13671875
1.14062500
-3.96093750
-1.50000000
1.60156250
-1.76562500
1.88671875
-1.51562500
-0.75390625
1.78515625
1.83593750
0.95703125
2.98828125
-5.63281250
0.51171875
0.91406250
-3.90234375
-0.91406250
-0.54687500
1.60937500
-1.18750000
-1.33203125
0.69531250
-1.09765625
-0.55468750
2.79296875
0.49609375
-0.44531250
-4.84375000
1.86328125
0.76953125
-0.01171875
-1.51171875
0.80468750
-4.64062500
-1.69531250
2.01171875
-3.83984375
3.40234375
0.43359375
-0.66796875
0.25781250
3.37109375
0.30468750
-0.12890625
-0.35546875
1.62109375
0.57421875
-2.24218750
-0.75781250
-1.20703125
-1.22656250
1.12109375
-2.08203125
0.35156250
-1.66406250
-0.17968750
1.41015625
1.75000000
2.73828125
-1.88671875
-0.72656250
0.85546875
-0.65234375
-0.26171875
0.11328125
-2.61328125
-1.60156250
1.34765625
-3.39843750
3.10937500
0.39843750
0.53906250
1.72656250
0.77343750
-1.83203125
0.09765625
-2.75781250
-1.47656250
-0.12890625
0.98046875
-1.60937500
-1.85937500
0.48828125
1.82031250
-1.83593750
0.31250000
0.58984375
4.09375000
-1.00000000
-1.56250000
-0.13671875
-2.92968750
0.79296875
0.75781250
3.25390625
0.19140625
-0.22656250
-1.47656250
-1.91796875
0.04687500
-2.55859375
1.12109375
1.32031250
-0.31640625
1.19921875
0.50781250
1.39843750
1.63281250
-2.73046875
-2.70703125
3.04687500
-1.21875000
-0.48046875
-1.71093750
-0.42968750
0.98828125
-2.54296875
0.29687500
0.19140625
-2.06640625
2.50000000
0.57031250
0.09765625
-1.65625000
2.36718750
-0.58984375
3.01562500
-2.19140625
-0.48437500
-2.90625000
-0.32421875
0.85546875
-3.01171875
-0.20703125
2.12890625
0.17968750
-1.65625000
2.46484375
-0.10546875
2.66796875
-3.46484375
0.40234375
0.92968750
0.03125000
0.11328125
-0.92578125
-1.25781250
-0.38671875
-2.62500000
0.62500000
1.16796875
-0.46093750
-0.09765625
-1.04296875
1.70312500
-1.21484375
-2.82031250
1.58984375
1.32812500
-0.69140625
-0.44140625
-5.38281250
0.88281250
-1.28125000
-3.07812500
0.28515625
-0.01171875
0.17968750
-0.91015625
1.78906250
1.25390625
3.29296875
-4.82812500
-0.66796875
0.76953125
-3.02734375
1.26953125
-0.85546875
1.14453125
-1.62890625
-2.92187500
0.45312500
0.65234375
1.17578125
2.62500000
1.90625000
2.14453125
-3.10546875
-0.90625000
1.01171875
1.39062500
-0.83984375
0.09375000
-2.00390625
-0.53906250
-0.03906250
-2.03906250
1.11328125
1.08984375
-0.25000000
0.29296875
0.46093750
0.63671875
2.61718750
-0.77343750
-0.03515625
-1.00390625
-2.25781250
-0.51953125
0.41796875
-0.18750000
-0.92968750
-4.16406250
0.79296875
-0.59765625
-0.05859375
1.57812500
1.66406250
0.11328125
-2.91796875
-0.50781250
-0.77343750
0.84375000
0.67187500
0.74609375
-2.66406250
-0.76171875
0.00781250
-3.96484375
0.91015625
0.20703125
1.09765625
2.35937500
3.17968750
0.39843750
2.69140625
-3.08984375
-0.54687500
-2.63671875
-4.07031250
0.32421875
0.51562500
0.31640625
-0.58984375
-3.30468750
0.53125000
0.40234375
0.99218750
0.22265625
0.51562500
-0.26953125
-1.00000000
-1.52734375
1.44531250
0.33593750
0.13671875
0.94140625
-3.64062500
-0.98437500
2.53515625
-2.94531250
-0.46093750
-0.67968750
-1.73828125
-0.26562500
1.94531250
4.27734375
2.11718750
-0.35546875
1.55078125
0.94140625
-3.28515625
-0.07421875
-1.39062500
1.13281250
3.10156250
-1.17578125
0.18359375
-3.07031250
1.80468750
-1.14453125
1.23828125
2.12109375
-7.67187500
-0.51953125
-3.05468750
0.03125000
0.14453125
0.33203125
1.86328125
-1.32421875
-0.62890625
-0.29687500
-0.58593750
0.74218750
1.82421875
2.95312500
1.43750000
-1.58203125
5.76171875
0.58593750
0.95312500
-1.10937500
-2.36328125
0.29296875
-0.18359375
-0.44921875
-1.48828125
-3.83593750
0.33593750
0.92968750
-0.41796875
1.93359375
-0.86718750
-0.44140625
-1.95312500
-1.16406250
2.09765625
-0.58593750
-2.00781250
0.06250000
-2.96875000
2.48046875
-0.07031250
-4.30468750
1.46875000
1.49609375
0.21093750
-0.07031250
-0.25000000
0.87890625
1.91406250
-3.58984375
1.56250000
-0.86718750
-1.64062500
-0.04687500
-1.30859375
1.15234375
-0.44921875
-2.59375000
0.58203125
1.16796875
0.53125000
-0.92578125
2.59375000
-0.14062500
-4.04296875
0.97265625
0.61328125
-0.10156250
-3.42187500
0.33593750
-0.42187500
-0.41015625
1.03515625
-2.46093750
0.38671875
-0.04296875
0.10546875
-1.58593750
0.89453125
0.58203125
-1.07421875
-3.66015625
-0.93750000
-0.99218750
-2.25781250
-0.02734375
-1.67968750
3.98046875
0.64843750
-0.60546875
0.65234375
-2.89453125
-1.65625000
-3.12890625
0.89453125
0.02343750
-3.66796875
3.23437500
-0.85546875
2.91015625
-2.67187500
0.81640625
-4.60546875
-2.33203125
-0.41015625
-0.63671875
0.00781250
0.56640625
-0.17578125
-0.60937500
2.67187500
-0.21484375
3.32031250
-4.16015625
-1.71875000
-1.20312500
-0.10156250
0.62109375
-0.87500000
0.52734375
-0.14843750
-0.01562500
1.01562500
-1.71484375
-0.84765625
-2.08984375
2.33203125
0.16015625
-2.52734375
2.40625000
-1.35156250
0.33593750
-0.05078125
-0.85546875
-0.25000000
-1.40234375
-0.30078125
-2.23828125
3.85937500
-1.10937500
-0.91406250
2.51953125
3.60156250
-1.23437500
1.18359375
-2.16015625
2.07421875
-0.35937500
-2.57421875
0.07812500
-2.01562500
-0.96484375
1.50000000
-2.28125000
0.75781250
1.14453125
1.89062500
3.16015625
0.60156250
0.53906250
-3.67968750
3.66015625
2.33984375
-0.25000000
-1.22656250
-0.32812500
1.16406250
0.69921875
1.62109375
-4.78125000
2.55859375
-1.03515625
0.06250000
2.78125000
3.08203125
-0.76562500
1.54296875
-0.00781250
1.98828125
-1.32812500
-1.71484375
1.94140625
-1.55859375
0.64843750
-0.92968750
-0.60156250
0.68750000
-0.98437500
2.25781250
0.67578125
0.00000000
0.20312500
-7.81640625
-2.92187500
-0.09765625
-3.08984375
-0.41406250
0.56640625
-1.54687500
-0.61718750
0.44921875
-0.78125000
2.31250000
0.83593750
-0.07031250
-0.66796875
1.51171875
-2.97656250
-0.44921875
-1.10546875
-1.95312500
2.86328125
-1.55078125
0.75000000
-1.62890625
-0.09375000
-0.86718750
-2.16015625
0.78125000
1.10546875
1.89062500
-0.37109375
2.09375000
-0.60156250
-4.41796875
-3.33593750
0.01953125
-1.21484375
0.33984375
0.33984375
-2.69921875
-0.57421875
-1.00781250
-3.28906250
1.41406250
-0.45312500
0.21484375
0.37109375
-1.32421875
-0.75000000
1.74609375
-1.46484375
0.00000000
0.94140625
-0.53906250
1.22265625
-0.20703125
-0.28125000
-0.64843750
-3.83203125
0.80078125
0.10156250
-0.57812500
0.12109375
0.00781250
-0.82812500
0.10546875
0.85937500
0.29687500
2.20312500
0.07421875
0.05468750
-3.71875000
1.00000000
0.14062500
-2.61718750
2.16406250
-0.68359375
0.11328125
1.08203125
2.82812500
-3.12890625
0.13671875
-2.57812500
0.31640625
-1.97265625
-5.03515625
0.09765625
-0.29296875
0.21093750
-0.01562500
-1.25390625
0.47656250
-0.84765625
3.22656250
0.00390625
2.80078125
0.07031250
-3.58593750
-1.39843750
1.73437500
3.26562500
-0.70703125
-0.52343750
-2.32421875
-0.35937500
0.38281250
-0.38281250
2.42187500
0.66796875
-1.11718750
2.81640625
1.19531250
2.20312500
0.89062500
-0.67578125
-0.53515625
0.71093750
-0.37500000
-1.32031250
-1.51953125
-0.51953125
-1.01953125
-3.75390625
0.45703125
0.79296875
2.44140625
-0.57812500
-0.54296875
0.50781250
-1.68359375
0.52343750
-0.20703125
3.04296875
-0.99609375
-0.60937500
-3.86328125
-0.61328125
-2.03515625
-1.63281250
1.26953125
1.94921875
-1.05078125
3.36718750
2.77734375
-0.46093750
3.42187500
-0.10546875
-0.98828125
0.45703125
-2.07812500
1.35156250
-0.21484375
-0.35156250
-1.45703125
-3.47265625
0.48046875
1.15625000
1.66406250
-1.96484375
1.55078125
0.34375000
-1.56250000
0.96093750
0.15234375
0.17968750
-0.29296875
-0.77734375
-2.52343750
-1.35937500
-0.57812500
-3.65234375
0.24609375
0.35156250
-0.25390625
2.32421875
3.01953125
0.70703125
3.11328125
-1.98046875
-0.38671875
0.75781250
-0.16406250
1.38671875
-1.37890625
1.81640625
0.26953125
-3.82031250
0.62890625
-2.45312500
1.40234375
1.93359375
-1.07421875
-0.64843750
-3.17187500
2.41796875
-0.97656250
1.62500000
-0.46093750
-0.24609375
-2.89843750
-0.93359375
0.73046875
-3.62109375
-0.39843750
1.05468750
0.96484375
1.10546875
1.72656250
0.66796875
2.17968750
-1.27343750
1.45312500
-0.56250000
-3.31250000
0.67187500
-0.06640625
-0.48437500
-0.84765625
-2.88671875
0.76953125
1.35546875
1.46875000
1.25390625
-2.06640625
0.32031250
-3.18359375
3.15625000
-0.91796875
-2.32421875
1.15625000
0.22265625
-3.08593750
-2.01953125
1.83984375
-3.75390625
0.41015625
0.92578125
0.05078125
-0.08203125
2.70703125
0.83984375
1.40234375
-1.62109375
-0.24218750
-2.11718750
-0.46484375
0.14843750
0.51953125
0.18750000
0.62890625
-2.80859375
0.84375000
-1.23828125
-0.33984375
-0.32812500
0.26562500
1.12500000
-2.47265625
1.78906250
-1.25390625
0.17968750
-0.74609375
0.18359375
-2.94921875
-1.39843750
0.46093750
-2.42578125
-0.94921875
0.40625000
-0.04296875
1.47265625
1.18359375
2.38671875
4.66015625
-0.34375000
1.30468750
-1.00390625
-2.01562500
1.04296875
0.77734375
-0.25000000
-0.11718750
-3.49218750
0.80078125
1.16796875
-0.56640625
0.50781250
-0.19921875
-1.21093750
-3.27734375
0.37890625
-0.27734375
-0.77343750
-0.84765625
0.21484375
-3.31640625
-2.28125000
-1.32031250
-1.75390625
1.36718750
0.53906250
0.26562500
1.77343750
0.07421875
0.37500000
0.25000000
-1.70312500
0.23046875
1.12500000
-0.35937500
0.72265625
0.63281250
-1.07421875
0.16015625
-3.24609375
0.46484375
0.78125000
0.20703125
0.80078125
1.00781250
-1.92578125
-1.68359375
0.75390625
0.73437500
2.83984375
-1.60546875
-0.10546875
-2.09375000
-0.69531250
0.15234375
-3.63281250
0.85156250
-0.68750000
1.12890625
3.03515625
1.25781250
-0.78906250
1.27343750
0.07031250
-1.00000000
-0.87109375
-3.25390625
0.94140625
-0.51171875
-2.03125000
1.10156250
-1.88281250
0.64843750
0.62890625
1.82421875
4.39062500
0.28906250
0.19531250
-3.82812500
-0.88281250
3.72656250
0.70312500
-2.63281250
-0.55859375
-3.23828125
-0.20703125
-0.60546875
-1.98437500
1.56250000
0.43750000
-0.24609375
0.41796875
6.11328125
0.32031250
3.11328125
-3.13281250
-1.00000000
0.53125000
-4.00781250
0.01953125
-1.94140625
0.10937500
-1.43750000
-1.27343750
0.88281250
1.93359375
0.07812500
-0.74609375
-0.26953125
-1.66015625
-2.46093750
0.16015625
3.42578125
1.99218750
-2.15234375
0.40625000
-2.52343750
-0.25781250
-0.41015625
-2.95703125
-0.39062500
0.74218750
0.23046875
3.68750000
0.44531250
-1.39453125
2.83203125
-1.67578125
-0.86328125
-0.96484375
-3.30078125
0.01562500
-0.09375000
-1.64062500
1.12109375
-0.50390625
1.04296875
0.17578125
-0.38281250
-1.76562500
0.38281250
0.66406250
-4.01562500
-0.09375000
0.98828125
-0.61328125
0.41406250
-0.14453125
0.55859375
-3.14843750
-1.90625000
-0.62500000
0.51562500
-0.33984375
-0.93359375
1.53125000
1.41406250
-1.12500000
2.92187500
-3.13281250
-0.54687500
-0.22656250
-3.07421875
0.96875000
-0.53515625
2.48437500
-0.60937500
-1.79296875
1.06640625
0.82812500
0.59375000
2.60546875
-0.85546875
-2.25390625
-2.66015625
0.69140625
0.67187500
0.67578125
-0.50781250
-0.73046875
-3.18359375
1.74609375
-0.10546875
-1.76562500
2.55078125
0.41796875
-0.68750000
0.85546875
1.24609375
-2.54687500
1.63281250
-2.91015625
-1.42578125
-0.94531250
-4.77734375
2.79687500
0.32031250
0.13281250
-1.83984375
-1.00390625
0.48437500
1.95703125
3.53125000
2.98437500
1.91406250
-0.90625000
-6.49218750
-0.58593750
1.32421875
-1.01953125
-2.10546875
-0.02343750
-1.10156250
-2.10546875
1.50390625
-3.89843750
2.55078125
1.62890625
0.04687500
2.11718750
0.78515625
-0.24609375
-1.49609375
-1.53515625
0.64453125
1.23828125
-1.68750000
-0.19140625
-1.31250000
-2.45312500
1.01953125
-1.51953125
0.53125000
-2.81640625
0.10937500
-0.66406250
0.30859375
0.80468750
-0.76171875
2.61328125
0.18750000
1.33593750
-1.32031250
0.29687500
-3.55078125
-0.77734375
-0.69921875
-1.62109375
-0.63281250
0.81250000
1.48437500
-0.55468750
0.13281250
-3.86328125
3.60156250
-2.08984375
-0.75390625
0.55468750
-1.48828125
2.23437500
-0.29687500
-0.80468750
-1.35937500
-1.03515625
0.69921875
1.92187500
-0.22265625
-0.85156250
-0.15625000
-0.01562500
-2.58203125
-2.97265625
0.79296875
0.20703125
1.46875000
0.39843750
-1.14453125
1.57812500
2.05859375
-1.54296875
-0.33203125
-0.52343750
-1.14453125
-2.97656250
-0.66015625
-2.65625000
3.48437500
-5.58984375
0.60937500
-1.25000000
-1.33984375
0.47265625
0.59765625
0.30078125
-1.89062500
-2.48437500
0.43359375
2.34765625
0.03515625
1.94531250
-0.57421875
-0.11328125
-4.62890625
2.17578125
0.79296875
2.62500000
0.15234375
-0.25390625
-4.60546875
-1.69921875
-0.11718750
-1.57812500
1.98046875
0.07421875
-0.58203125
1.30078125
4.84375000
2.33203125
1.33593750
-4.06250000
-1.47656250
0.05078125
-1.25000000
0.58593750
-0.34375000
-0.39453125
2.39062500
-3.08593750
0.44531250
2.77343750
1.35156250
1.15625000
-4.02343750
-0.99609375
-2.76953125
2.18750000
1.02343750
2.39453125
-0.80859375
-0.30078125
-1.45703125
-0.93359375
-0.59765625
-5.17968750
1.67187500
0.48437500
-0.34765625
2.47265625
2.52734375
-1.64453125
5.07031250
-1.88281250
-0.04687500
-0.05468750
-4.39843750
1.66406250
0.42578125
0.71875000
-1.58984375
-3.41406250
0.08984375
2.64843750
0.78906250
0.39062500
2.88281250
-0.07421875
-2.99609375
0.91015625
-0.82031250
2.06250000
-2.29296875
-1.26953125
-4.80078125
0.29296875
0.47656250
-2.72656250
2.76953125
0.53515625
-1.71484375
1.18750000
3.08203125
-0.28515625
2.19531250
-2.23046875
1.24609375
1.60546875
-1.56640625
0.71484375
-1.50781250
2.18359375
0.71093750
-3.16406250
-0.02734375
0.25390625
4.58984375
-1.72265625
0.07031250
0.46875000
-3.33203125
1.14062500
-0.12109375
1.05078125
0.49218750
-0.83203125
-5.05078125
-0.64843750
0.02734375
-1.42187500
-1.20312500
1.90234375
-0.41796875
2.57421875
2.71875000
0.23437500
4.46875000
-2.74218750
-0.36328125
0.52343750
-1.23437500
0.96875000
-0.62109375
1.88671875
-1.02734375
-3.25781250
0.35546875
-1.19921875
-0.19921875
-0.97656250
0.57031250
1.00390625
-3.37109375
0.79296875
-0.41015625
1.25390625
0.05078125
-0.53515625
-2.39843750
-2.21093750
0.81250000
-4.42578125
1.02734375
1.07421875
0.65234375
-0.01562500
3.29687500
2.14843750
3.32031250
-1.67578125
0.79296875
0.62500000
-2.09375000
2.00000000
-0.22656250
0.18750000
-0.96875000
-2.47656250
0.68750000
-2.30468750
-1.90625000
1.56640625
-0.96093750
0.62500000
-4.51171875
-1.86328125
-0.58984375
-0.91015625
0.63281250
-0.75000000
-4.00390625
-0.95312500
-0.14843750
-1.71875000
-1.09765625
-0.17187500
0.90234375
1.49609375
2.07812500
0.64453125
2.58984375
-3.28515625
1.17187500
-1.42578125
-2.44140625
0.97265625
0.83203125
0.76562500
-1.80859375
-1.50390625
0.84765625
2.30859375
-0.12500000
3.02734375
-1.42968750
-1.07812500
-6.02343750
1.00000000
0.00000000
1.26953125
-0.91796875
0.09375000
-1.76953125
-3.19921875
0.07031250
-4.41406250
0.03125000
0.36328125
0.79687500
1.21093750
1.88671875
-0.33984375
-0.05468750
-1.57812500
0.96484375
-0.62109375
-0.31250000
0.73437500
0.66015625
-1.39453125
-0.55859375
-1.60546875
0.58593750
3.55078125
-0.80468750
0.76953125
1.36328125
2.55859375
-3.65234375
-1.94140625
2.78515625
-0.33593750
-0.60156250
0.51562500
-5.82812500
-1.76953125
0.62500000
-2.15234375
-0.80078125
-0.42968750
0.00000000
5.80078125
1.51171875
-0.01953125
1.40234375
-1.41015625
1.73437500
-1.47656250
-1.48828125
1.42968750
0.76562500
1.13281250
-2.32812500
-0.16015625
0.32812500
0.94140625
0.66015625
-0.19140625
1.18359375
-1.93359375
-4.79296875
-3.24609375
-0.08593750
2.14843750
-1.16406250
-0.25000000
1.25390625
-1.89062500
-1.28906250
-6.95703125
1.09765625
-0.13671875
-0.26562500
2.12890625
3.51562500
-1.91796875
4.63671875
0.44531250
0.18359375
1.24609375
-3.49609375
2.56640625
-0.61718750
1.13671875
1.46093750
-2.73828125
0.05468750
2.24609375
1.48046875
0.17187500
-0.18750000
-1.03515625
-3.77343750
0.39453125
2.42187500
0.78515625
-3.28125000
-0.31640625
-4.01562500
-1.05468750
0.37500000
-5.95312500
0.50781250
1.23437500
0.82812500
1.65625000
3.64843750
-1.74609375
1.37500000
0.40234375
0.70703125
0.26171875
-5.19921875
0.71484375
-0.49609375
-0.98828125
-2.37109375
0.97656250
0.47265625
-0.28125000
1.17578125
2.81640625
3.17578125
0.46875000
-3.86718750
-1.48828125
1.33593750
-0.81250000
-1.81250000
0.16406250
-1.10937500
-2.24609375
0.01562500
-5.01171875
0.12890625
1.35546875
0.73828125
3.42578125
-2.54687500
-0.25390625
2.82031250
-2.85546875
1.80468750
-0.35937500
-3.63281250
0.65625000
-0.16406250
-0.74609375
-0.63671875
-1.10156250
0.81250000
1.17968750
0.53906250
-0.04296875
1.57031250
0.96875000
-3.23828125
0.89453125
1.27734375
-0.83984375
-2.59375000
0.25390625
-2.83593750
-2.09375000
-0.50000000
-1.76562500
-0.64843750
0.54687500
-0.12500000
2.73828125
0.55468750
-0.10546875
1.35156250
-2.46484375
1.69531250
0.57812500
-3.46484375
1.12500000
-0.01171875
0.48828125
-2.12890625
-1.28515625
1.10546875
0.73046875
-2.67187500
-0.09765625
-1.49218750
-1.16015625
-3.12890625
0.69140625
0.44140625
1.39843750
-1.06250000
0.18750000
-3.28906250
-2.98046875
-0.94140625
-1.10156250
1.58593750
1.62890625
-1.22265625
3.21875000
2.94921875
3.31250000
2.11718750
-1.89843750
0.51171875
0.12500000
-2.80078125
1.76562500
0.64453125
-1.54687500
0.00781250
-2.78515625
0.03515625
0.02734375
0.14062500
-0.02343750
0.12109375
0.36718750
-2.32812500
1.47656250
1.37109375
-0.92187500
-0.03515625
-0.37500000
-2.32421875
2.24218750
1.64062500
-2.37109375
-0.92578125
1.34765625
-0.64453125
1.79687500
2.75390625
-0.75000000
2.91015625
-4.07812500
2.42968750
-2.81640625
-4.97265625
1.55859375
-0.25000000
0.29687500
-0.97656250
-0.85546875
-0.23828125
0.06250000
2.05078125
1.07421875
0.88281250
2.00000000
-5.31250000
-3.28515625
0.42968750
1.19921875
-1.41796875
0.04687500
-3.00390625
-0.34375000
1.34765625
-1.52343750
-0.82421875
2.04296875
0.78906250
3.20703125
-1.44531250
1.44531250
-0.76953125
0.55859375
-0.58203125
-1.86718750
-1.89843750
-0.12500000
-0.40625000
0.30859375
1.32031250
-3.06250000
0.09765625
-0.18359375
-1.25781250
-2.44531250
-0.20703125
-0.35156250
-1.60546875
4.01953125
-1.07421875
3.29296875
-0.93359375
0.30859375
-2.78906250
-2.03906250
0.07031250
-3.62109375
1.73828125
0.79687500
-0.19531250
1.95703125
2.74218750
-0.98437500
5.23828125
-2.38281250
0.12109375
-0.99218750
-5.15625000
1.02734375
0.32031250
0.89453125
-1.64843750
-1.91406250
-0.06250000
-2.16406250
1.42578125
0.12109375
3.67578125
0.73046875
-5.53906250
-0.35156250
-0.83203125
2.66406250
-0.40625000
-0.20312500
-2.12890625
-0.42968750
0.31250000
-4.82421875
0.79687500
-0.02734375
0.33203125
3.04687500
3.26171875
0.59765625
4.35546875
-2.88281250
-1.53515625
-2.21484375
-1.76171875
1.41015625
-0.15625000
1.36718750
-1.94921875
-2.53906250
-0.46484375
2.83593750
1.27343750
2.29296875
5.05468750
0.53906250
-3.17187500
-0.81640625
-0.85546875
0.79296875
-0.56250000
-0.89453125
-2.94921875
-0.35937500
0.31250000
-0.79296875
0.81250000
2.22265625
-0.72656250
1.86328125
3.72265625
0.60546875
1.33593750
-3.00781250
1.18359375
-2.05468750
0.89062500
0.12109375
-0.76953125
2.06250000
-0.03906250
-2.65625000
-0.44531250
1.16796875
0.57421875
-2.85546875
2.78125000
-1.21875000
-2.50000000
2.16015625
1.54296875
2.27343750
-0.60937500
-1.16796875
-1.34375000
-0.67578125
-1.08984375
-2.06250000
0.87890625
1.55078125
-0.75390625
2.51953125
3.08203125
1.74218750
4.41796875
-3.16015625
0.92578125
-0.03515625
-0.76562500
1.45703125
-0.66796875
2.48828125
0.53906250
-3.12500000
-0.50390625
1.98437500
2.88281250
-0.49609375
0.14062500
-1.69531250
-6.05078125
3.62109375
0.48046875
0.29296875
-1.04687500
-0.82421875
-2.59375000
0.01171875
0.57031250
-5.12109375
0.05078125
1.65625000
0.83203125
2.28906250
0.82031250
-1.14062500
3.93359375
-1.25781250
1.34375000
-0.14062500
-2.39453125
1.30859375
0.01171875
2.58203125
-0.68750000
-3.19921875
-0.22656250
-0.35937500
2.51562500
1.27343750
0.03906250
-1.91015625
-4.48437500
1.94140625
-0.23046875
0.36718750
-0.40625000
-0.53515625
-3.43359375
0.40234375
-0.99609375
-2.78125000
0.91796875
2.55078125
-1.11718750
3.50390625
2.66015625
2.09375000
4.23828125
-2.68750000
-0.25390625
-1.05468750
-3.97656250
0.54296875
0.14453125
1.18750000
-1.87109375
-3.42968750
0.08593750
2.09765625
0.77734375
0.01562500
1.27734375
-1.05468750
-2.32812500
1.07812500
0.69531250
-0.82812500
0.16796875
-0.45312500
-5.02343750
-2.38281250
1.24609375
-2.03906250
-0.82421875
2.27343750
0.31250000
2.51953125
1.03906250
-1.33203125
2.26953125
0.18359375
0.26562500
-2.32812500
-0.41796875
-0.45312500
0.46093750
2.71093750
1.30859375
-1.05859375
0.12890625
-1.58984375
0.73437500
-0.48437500
1.05078125
-0.83984375
-4.25390625
2.93750000
-0.08593750
-0.38281250
0.73437500
-0.03125000
-5.23828125
-0.25781250
-0.78515625
-2.33984375
0.69531250
-0.33984375
0.63281250
3.24218750
0.82031250
2.17968750
4.58593750
-3.41015625
-0.23046875
-1.25390625
-2.24218750
1.41015625
0.49218750
2.99218750
-0.72656250
-2.73437500
-0.16796875
0.11328125
1.35156250
0.81250000
0.58203125
-3.19921875
-3.43750000
1.29687500
0.08203125
0.35546875
1.28125000
0.66015625
-2.07421875
-3.45703125
2.13281250
-4.35156250
-1.69921875
1.05078125
0.29687500
0.25781250
2.51171875
1.92968750
3.66406250
-3.23046875
1.32812500
0.83593750
-4.14453125
1.04687500
0.63671875
1.65625000
-0.19921875
-1.21093750
-0.37500000
0.11328125
1.60937500
0.03515625
0.66406250
0.50781250
-3.78515625
1.28515625
0.67187500
-1.44531250
-2.55468750
-0.05468750
-1.23437500
-3.27734375
-0.34375000
-5.55468750
-1.62890625
1.45703125
0.59765625
3.97656250
4.16796875
-0.17578125
4.46875000
-3.03515625
-1.12109375
-0.62109375
-2.98437500
1.56640625
0.58984375
0.04687500
0.03906250
-0.98046875
-0.23046875
1.33203125
-1.09765625
2.60546875
1.82031250
1.46093750
-2.21875000
0.57421875
1.66406250
-1.30859375
-0.89453125
-0.05859375
-3.70312500
-2.07812500
-0.12500000
-3.77343750
0.66406250
1.62109375
1.68750000
2.66796875
0.75000000
-1.76171875
0.48046875
-2.74218750
-1.13281250
1.70312500
-3.91796875
1.06250000
-0.28515625
0.59765625
1.69140625
-0.94531250
-0.04296875
0.71484375
-1.21484375
0.78906250
0.10937500
-2.51171875
-2.03125000
-0.77734375
2.02343750
3.02343750
-2.33984375
0.12890625
-3.25390625
-3.66796875
-1.28906250
-3.98437500
-0.83203125
0.89843750
1.05859375
2.40234375
0.75000000
-3.79296875
0.90234375
0.86328125
-0.26562500
1.44921875
-3.49609375
0.29296875
-0.14453125
0.01171875
0.82812500
0.17578125
0.21484375
-0.43359375
1.56640625
2.66015625
0.25781250
0.65625000
-3.46484375
1.11718750
1.71093750
1.78515625
-0.87890625
-0.33593750
-0.99218750
-3.20703125
0.03125000
-4.11718750
2.41406250
0.29687500
0.76953125
0.82031250
0.41015625
-1.33984375
2.42578125
-0.75781250
1.52343750
-1.34765625
-6.37500000
-0.19921875
-0.55859375
2.29296875
1.66015625
-0.46093750
0.75781250
0.52734375
1.04687500
2.67968750
1.14453125
-1.05078125
-5.03125000
-3.34765625
1.91796875
-0.23828125
-0.26171875
