[train: Epoch 1, 50 / 1875] FPS: 28.5 (9.5)  ,  DataTime: 0.701 (0.005)  ,  ForwardTime: 0.416  ,  TotalTime: 1.122  ,  Loss/total: 6.75775  ,  Loss/ce: 6.73267  ,  IoU: 0.01299  ,  pro_loss: 0.12542
[train: Epoch 1, 100 / 1875] FPS: 35.2 (9.5)  ,  DataTime: 0.673 (0.005)  ,  ForwardTime: 0.230  ,  TotalTime: 0.908  ,  Loss/total: 6.53717  ,  Loss/ce: 6.51132  ,  IoU: 0.01604  ,  pro_loss: 0.12927
[train: Epoch 1, 150 / 1875] FPS: 38.4 (589.4)  ,  DataTime: 0.660 (0.005)  ,  ForwardTime: 0.168  ,  TotalTime: 0.833  ,  Loss/total: 6.34481  ,  Loss/ce: 6.31838  ,  IoU: 0.01677  ,  pro_loss: 0.13215
[train: Epoch 1, 200 / 1875] FPS: 41.1 (584.4)  ,  DataTime: 0.637 (0.005)  ,  ForwardTime: 0.137  ,  TotalTime: 0.779  ,  Loss/total: 6.15459  ,  Loss/ce: 6.12692  ,  IoU: 0.01618  ,  pro_loss: 0.13833
[train: Epoch 1, 250 / 1875] FPS: 42.2 (612.7)  ,  DataTime: 0.634 (0.005)  ,  ForwardTime: 0.119  ,  TotalTime: 0.758  ,  Loss/total: 6.01413  ,  Loss/ce: 5.98417  ,  IoU: 0.01538  ,  pro_loss: 0.14983
[train: Epoch 1, 300 / 1875] FPS: 43.2 (19.1)  ,  DataTime: 0.629 (0.005)  ,  ForwardTime: 0.107  ,  TotalTime: 0.741  ,  Loss/total: 5.91013  ,  Loss/ce: 5.87614  ,  IoU: 0.01516  ,  pro_loss: 0.16993
[train: Epoch 1, 350 / 1875] FPS: 43.3 (571.4)  ,  DataTime: 0.635 (0.005)  ,  ForwardTime: 0.098  ,  TotalTime: 0.738  ,  Loss/total: 5.82659  ,  Loss/ce: 5.78914  ,  IoU: 0.01541  ,  pro_loss: 0.18723
[train: Epoch 1, 400 / 1875] FPS: 44.6 (602.1)  ,  DataTime: 0.622 (0.005)  ,  ForwardTime: 0.091  ,  TotalTime: 0.718  ,  Loss/total: 5.75729  ,  Loss/ce: 5.71718  ,  IoU: 0.01575  ,  pro_loss: 0.20057
[train: Epoch 1, 450 / 1875] FPS: 44.7 (607.7)  ,  DataTime: 0.624 (0.005)  ,  ForwardTime: 0.086  ,  TotalTime: 0.715  ,  Loss/total: 5.69958  ,  Loss/ce: 5.65745  ,  IoU: 0.01608  ,  pro_loss: 0.21063
[train: Epoch 1, 500 / 1875] FPS: 45.7 (618.3)  ,  DataTime: 0.613 (0.005)  ,  ForwardTime: 0.082  ,  TotalTime: 0.700  ,  Loss/total: 5.65074  ,  Loss/ce: 5.60709  ,  IoU: 0.01637  ,  pro_loss: 0.21825
[train: Epoch 1, 550 / 1875] FPS: 46.4 (579.9)  ,  DataTime: 0.607 (0.005)  ,  ForwardTime: 0.078  ,  TotalTime: 0.690  ,  Loss/total: 5.60817  ,  Loss/ce: 5.56351  ,  IoU: 0.01657  ,  pro_loss: 0.22326
[train: Epoch 1, 600 / 1875] FPS: 46.5 (609.1)  ,  DataTime: 0.607 (0.005)  ,  ForwardTime: 0.076  ,  TotalTime: 0.688  ,  Loss/total: 5.57075  ,  Loss/ce: 5.52519  ,  IoU: 0.01669  ,  pro_loss: 0.22778
[train: Epoch 1, 650 / 1875] FPS: 46.5 (7.3)  ,  DataTime: 0.610 (0.005)  ,  ForwardTime: 0.073  ,  TotalTime: 0.689  ,  Loss/total: 5.53668  ,  Loss/ce: 5.49048  ,  IoU: 0.01766  ,  pro_loss: 0.23099
[train: Epoch 1, 700 / 1875] FPS: 47.1 (585.7)  ,  DataTime: 0.603 (0.005)  ,  ForwardTime: 0.071  ,  TotalTime: 0.679  ,  Loss/total: 5.50666  ,  Loss/ce: 5.45993  ,  IoU: 0.01873  ,  pro_loss: 0.23363
[train: Epoch 1, 750 / 1875] FPS: 47.8 (581.5)  ,  DataTime: 0.596 (0.005)  ,  ForwardTime: 0.069  ,  TotalTime: 0.670  ,  Loss/total: 5.47920  ,  Loss/ce: 5.43207  ,  IoU: 0.02024  ,  pro_loss: 0.23561
[train: Epoch 1, 800 / 1875] FPS: 48.1 (617.1)  ,  DataTime: 0.592 (0.005)  ,  ForwardTime: 0.068  ,  TotalTime: 0.665  ,  Loss/total: 5.45444  ,  Loss/ce: 5.40687  ,  IoU: 0.02181  ,  pro_loss: 0.23785
[train: Epoch 1, 850 / 1875] FPS: 48.8 (613.1)  ,  DataTime: 0.584 (0.005)  ,  ForwardTime: 0.067  ,  TotalTime: 0.656  ,  Loss/total: 5.43072  ,  Loss/ce: 5.38283  ,  IoU: 0.02297  ,  pro_loss: 0.23946
[train: Epoch 1, 900 / 1875] FPS: 49.0 (9.0)  ,  DataTime: 0.583 (0.005)  ,  ForwardTime: 0.065  ,  TotalTime: 0.654  ,  Loss/total: 5.40891  ,  Loss/ce: 5.36067  ,  IoU: 0.02481  ,  pro_loss: 0.24121
[train: Epoch 1, 950 / 1875] FPS: 49.5 (463.9)  ,  DataTime: 0.577 (0.005)  ,  ForwardTime: 0.064  ,  TotalTime: 0.646  ,  Loss/total: 5.38820  ,  Loss/ce: 5.33963  ,  IoU: 0.02640  ,  pro_loss: 0.24284
[train: Epoch 1, 1000 / 1875] FPS: 50.0 (626.1)  ,  DataTime: 0.571 (0.005)  ,  ForwardTime: 0.063  ,  TotalTime: 0.640  ,  Loss/total: 5.36833  ,  Loss/ce: 5.31939  ,  IoU: 0.02792  ,  pro_loss: 0.24470
[train: Epoch 1, 1050 / 1875] FPS: 50.3 (11.5)  ,  DataTime: 0.569 (0.005)  ,  ForwardTime: 0.062  ,  TotalTime: 0.637  ,  Loss/total: 5.34938  ,  Loss/ce: 5.30007  ,  IoU: 0.03038  ,  pro_loss: 0.24656
[train: Epoch 1, 1100 / 1875] FPS: 50.7 (574.0)  ,  DataTime: 0.564 (0.005)  ,  ForwardTime: 0.062  ,  TotalTime: 0.631  ,  Loss/total: 5.33170  ,  Loss/ce: 5.28206  ,  IoU: 0.03302  ,  pro_loss: 0.24818
[train: Epoch 1, 1150 / 1875] FPS: 51.2 (595.6)  ,  DataTime: 0.559 (0.005)  ,  ForwardTime: 0.061  ,  TotalTime: 0.625  ,  Loss/total: 5.31379  ,  Loss/ce: 5.26388  ,  IoU: 0.03616  ,  pro_loss: 0.24955
[train: Epoch 1, 1200 / 1875] FPS: 51.6 (602.3)  ,  DataTime: 0.555 (0.005)  ,  ForwardTime: 0.060  ,  TotalTime: 0.620  ,  Loss/total: 5.29671  ,  Loss/ce: 5.24651  ,  IoU: 0.03937  ,  pro_loss: 0.25101
[train: Epoch 1, 1250 / 1875] FPS: 51.9 (37.7)  ,  DataTime: 0.552 (0.005)  ,  ForwardTime: 0.060  ,  TotalTime: 0.616  ,  Loss/total: 5.28098  ,  Loss/ce: 5.23049  ,  IoU: 0.04229  ,  pro_loss: 0.25247
[train: Epoch 1, 1300 / 1875] FPS: 52.0 (588.8)  ,  DataTime: 0.551 (0.005)  ,  ForwardTime: 0.059  ,  TotalTime: 0.615  ,  Loss/total: 5.26487  ,  Loss/ce: 5.21415  ,  IoU: 0.04518  ,  pro_loss: 0.25356
[train: Epoch 1, 1350 / 1875] FPS: 52.3 (585.3)  ,  DataTime: 0.548 (0.005)  ,  ForwardTime: 0.058  ,  TotalTime: 0.612  ,  Loss/total: 5.24904  ,  Loss/ce: 5.19811  ,  IoU: 0.04858  ,  pro_loss: 0.25467
[train: Epoch 1, 1400 / 1875] FPS: 52.4 (37.6)  ,  DataTime: 0.548 (0.005)  ,  ForwardTime: 0.058  ,  TotalTime: 0.611  ,  Loss/total: 5.23446  ,  Loss/ce: 5.18333  ,  IoU: 0.05226  ,  pro_loss: 0.25568
[train: Epoch 1, 1450 / 1875] FPS: 52.4 (578.7)  ,  DataTime: 0.548 (0.005)  ,  ForwardTime: 0.058  ,  TotalTime: 0.610  ,  Loss/total: 5.21961  ,  Loss/ce: 5.16826  ,  IoU: 0.05546  ,  pro_loss: 0.25677
[train: Epoch 1, 1500 / 1875] FPS: 52.7 (579.6)  ,  DataTime: 0.546 (0.005)  ,  ForwardTime: 0.057  ,  TotalTime: 0.608  ,  Loss/total: 5.20471  ,  Loss/ce: 5.15317  ,  IoU: 0.05878  ,  pro_loss: 0.25770
[train: Epoch 1, 1550 / 1875] FPS: 52.6 (580.2)  ,  DataTime: 0.547 (0.005)  ,  ForwardTime: 0.057  ,  TotalTime: 0.609  ,  Loss/total: 5.19050  ,  Loss/ce: 5.13881  ,  IoU: 0.06251  ,  pro_loss: 0.25849
[train: Epoch 1, 1600 / 1875] FPS: 52.8 (571.7)  ,  DataTime: 0.544 (0.005)  ,  ForwardTime: 0.056  ,  TotalTime: 0.606  ,  Loss/total: 5.17646  ,  Loss/ce: 5.12465  ,  IoU: 0.06603  ,  pro_loss: 0.25906
[train: Epoch 1, 1650 / 1875] FPS: 53.1 (596.0)  ,  DataTime: 0.542 (0.005)  ,  ForwardTime: 0.056  ,  TotalTime: 0.603  ,  Loss/total: 5.16283  ,  Loss/ce: 5.11090  ,  IoU: 0.06918  ,  pro_loss: 0.25963
[train: Epoch 1, 1700 / 1875] FPS: 53.2 (606.1)  ,  DataTime: 0.540 (0.005)  ,  ForwardTime: 0.056  ,  TotalTime: 0.601  ,  Loss/total: 5.14946  ,  Loss/ce: 5.09739  ,  IoU: 0.07249  ,  pro_loss: 0.26032
[train: Epoch 1, 1750 / 1875] FPS: 53.3 (628.2)  ,  DataTime: 0.540 (0.005)  ,  ForwardTime: 0.055  ,  TotalTime: 0.601  ,  Loss/total: 5.13645  ,  Loss/ce: 5.08427  ,  IoU: 0.07540  ,  pro_loss: 0.26087
[train: Epoch 1, 1800 / 1875] FPS: 53.5 (12.2)  ,  DataTime: 0.538 (0.005)  ,  ForwardTime: 0.055  ,  TotalTime: 0.598  ,  Loss/total: 5.12354  ,  Loss/ce: 5.07125  ,  IoU: 0.07803  ,  pro_loss: 0.26141
[train: Epoch 1, 1850 / 1875] FPS: 53.6 (609.4)  ,  DataTime: 0.537 (0.005)  ,  ForwardTime: 0.055  ,  TotalTime: 0.597  ,  Loss/total: 5.11121  ,  Loss/ce: 5.05885  ,  IoU: 0.08118  ,  pro_loss: 0.26178
[train: Epoch 1, 1875 / 1875] FPS: 53.9 (609.3)  ,  DataTime: 0.534 (0.005)  ,  ForwardTime: 0.055  ,  TotalTime: 0.594  ,  Loss/total: 5.10503  ,  Loss/ce: 5.05264  ,  IoU: 0.08275  ,  pro_loss: 0.26194
[train: Epoch 2, 50 / 1875] FPS: 53.1 (45.6)  ,  DataTime: 0.553 (0.005)  ,  ForwardTime: 0.045  ,  TotalTime: 0.603  ,  Loss/total: 4.63768  ,  Loss/ce: 4.58089  ,  IoU: 0.22397  ,  pro_loss: 0.28396
[train: Epoch 2, 100 / 1875] FPS: 56.7 (633.1)  ,  DataTime: 0.515 (0.005)  ,  ForwardTime: 0.045  ,  TotalTime: 0.564  ,  Loss/total: 4.63093  ,  Loss/ce: 4.57485  ,  IoU: 0.22299  ,  pro_loss: 0.28042
[train: Epoch 2, 150 / 1875] FPS: 59.0 (579.0)  ,  DataTime: 0.492 (0.005)  ,  ForwardTime: 0.045  ,  TotalTime: 0.542  ,  Loss/total: 4.62234  ,  Loss/ce: 4.56623  ,  IoU: 0.22241  ,  pro_loss: 0.28056
[train: Epoch 2, 200 / 1875] FPS: 60.0 (178.5)  ,  DataTime: 0.483 (0.005)  ,  ForwardTime: 0.045  ,  TotalTime: 0.533  ,  Loss/total: 4.61528  ,  Loss/ce: 4.55925  ,  IoU: 0.22380  ,  pro_loss: 0.28016
[train: Epoch 2, 250 / 1875] FPS: 50.5 (603.5)  ,  DataTime: 0.576 (0.011)  ,  ForwardTime: 0.046  ,  TotalTime: 0.634  ,  Loss/total: 4.61266  ,  Loss/ce: 4.55655  ,  IoU: 0.22703  ,  pro_loss: 0.28054
[train: Epoch 2, 300 / 1875] FPS: 48.5 (627.1)  ,  DataTime: 0.603 (0.010)  ,  ForwardTime: 0.046  ,  TotalTime: 0.660  ,  Loss/total: 4.60601  ,  Loss/ce: 4.54987  ,  IoU: 0.23043  ,  pro_loss: 0.28073
[train: Epoch 2, 350 / 1875] FPS: 46.6 (623.2)  ,  DataTime: 0.631 (0.009)  ,  ForwardTime: 0.046  ,  TotalTime: 0.687  ,  Loss/total: 4.60122  ,  Loss/ce: 4.54517  ,  IoU: 0.23334  ,  pro_loss: 0.28027
[train: Epoch 2, 400 / 1875] FPS: 44.3 (5.8)  ,  DataTime: 0.668 (0.009)  ,  ForwardTime: 0.046  ,  TotalTime: 0.722  ,  Loss/total: 4.59358  ,  Loss/ce: 4.53742  ,  IoU: 0.23658  ,  pro_loss: 0.28076
[train: Epoch 2, 450 / 1875] FPS: 44.2 (608.7)  ,  DataTime: 0.671 (0.008)  ,  ForwardTime: 0.046  ,  TotalTime: 0.725  ,  Loss/total: 4.58803  ,  Loss/ce: 4.53193  ,  IoU: 0.24027  ,  pro_loss: 0.28051
[train: Epoch 2, 500 / 1875] FPS: 43.9 (598.6)  ,  DataTime: 0.676 (0.008)  ,  ForwardTime: 0.045  ,  TotalTime: 0.730  ,  Loss/total: 4.58017  ,  Loss/ce: 4.52417  ,  IoU: 0.24318  ,  pro_loss: 0.28000
[train: Epoch 2, 550 / 1875] FPS: 44.0 (614.6)  ,  DataTime: 0.673 (0.008)  ,  ForwardTime: 0.045  ,  TotalTime: 0.727  ,  Loss/total: 4.57622  ,  Loss/ce: 4.52033  ,  IoU: 0.24510  ,  pro_loss: 0.27947
[train: Epoch 2, 600 / 1875] FPS: 43.4 (8.1)  ,  DataTime: 0.684 (0.008)  ,  ForwardTime: 0.045  ,  TotalTime: 0.737  ,  Loss/total: 4.57024  ,  Loss/ce: 4.51458  ,  IoU: 0.24823  ,  pro_loss: 0.27826
[train: Epoch 2, 650 / 1875] FPS: 43.4 (610.3)  ,  DataTime: 0.684 (0.007)  ,  ForwardTime: 0.045  ,  TotalTime: 0.737  ,  Loss/total: 4.56491  ,  Loss/ce: 4.50935  ,  IoU: 0.24951  ,  pro_loss: 0.27784
[train: Epoch 2, 700 / 1875] FPS: 43.2 (613.6)  ,  DataTime: 0.689 (0.007)  ,  ForwardTime: 0.045  ,  TotalTime: 0.741  ,  Loss/total: 4.55902  ,  Loss/ce: 4.50345  ,  IoU: 0.25260  ,  pro_loss: 0.27781
[train: Epoch 2, 750 / 1875] FPS: 43.9 (627.3)  ,  DataTime: 0.677 (0.007)  ,  ForwardTime: 0.045  ,  TotalTime: 0.729  ,  Loss/total: 4.55400  ,  Loss/ce: 4.49850  ,  IoU: 0.25484  ,  pro_loss: 0.27747
[train: Epoch 2, 800 / 1875] FPS: 44.0 (9.9)  ,  DataTime: 0.675 (0.007)  ,  ForwardTime: 0.045  ,  TotalTime: 0.727  ,  Loss/total: 4.54859  ,  Loss/ce: 4.49325  ,  IoU: 0.25767  ,  pro_loss: 0.27672
[train: Epoch 2, 850 / 1875] FPS: 44.7 (612.4)  ,  DataTime: 0.665 (0.007)  ,  ForwardTime: 0.045  ,  TotalTime: 0.717  ,  Loss/total: 4.54415  ,  Loss/ce: 4.48890  ,  IoU: 0.25999  ,  pro_loss: 0.27623
[train: Epoch 2, 900 / 1875] FPS: 45.3 (608.8)  ,  DataTime: 0.655 (0.007)  ,  ForwardTime: 0.045  ,  TotalTime: 0.706  ,  Loss/total: 4.53924  ,  Loss/ce: 4.48413  ,  IoU: 0.26221  ,  pro_loss: 0.27559
[train: Epoch 2, 950 / 1875] FPS: 45.9 (617.8)  ,  DataTime: 0.645 (0.006)  ,  ForwardTime: 0.045  ,  TotalTime: 0.697  ,  Loss/total: 4.53456  ,  Loss/ce: 4.47948  ,  IoU: 0.26476  ,  pro_loss: 0.27541
[train: Epoch 2, 1000 / 1875] FPS: 46.3 (11.6)  ,  DataTime: 0.640 (0.006)  ,  ForwardTime: 0.045  ,  TotalTime: 0.692  ,  Loss/total: 4.52991  ,  Loss/ce: 4.47490  ,  IoU: 0.26731  ,  pro_loss: 0.27504
[train: Epoch 2, 1050 / 1875] FPS: 47.1 (613.5)  ,  DataTime: 0.629 (0.006)  ,  ForwardTime: 0.045  ,  TotalTime: 0.680  ,  Loss/total: 4.52506  ,  Loss/ce: 4.47011  ,  IoU: 0.27029  ,  pro_loss: 0.27473
[train: Epoch 2, 1100 / 1875] FPS: 47.5 (147.0)  ,  DataTime: 0.623 (0.006)  ,  ForwardTime: 0.045  ,  TotalTime: 0.674  ,  Loss/total: 4.51937  ,  Loss/ce: 4.46452  ,  IoU: 0.27355  ,  pro_loss: 0.27426
[train: Epoch 2, 1150 / 1875] FPS: 47.8 (592.8)  ,  DataTime: 0.618 (0.006)  ,  ForwardTime: 0.045  ,  TotalTime: 0.670  ,  Loss/total: 4.51426  ,  Loss/ce: 4.45951  ,  IoU: 0.27671  ,  pro_loss: 0.27378
[train: Epoch 2, 1200 / 1875] FPS: 48.4 (608.5)  ,  DataTime: 0.610 (0.006)  ,  ForwardTime: 0.045  ,  TotalTime: 0.661  ,  Loss/total: 4.50923  ,  Loss/ce: 4.45456  ,  IoU: 0.27990  ,  pro_loss: 0.27335
[train: Epoch 2, 1250 / 1875] FPS: 48.9 (619.2)  ,  DataTime: 0.604 (0.006)  ,  ForwardTime: 0.045  ,  TotalTime: 0.655  ,  Loss/total: 4.50514  ,  Loss/ce: 4.45057  ,  IoU: 0.28263  ,  pro_loss: 0.27283
[train: Epoch 2, 1300 / 1875] FPS: 49.2 (604.5)  ,  DataTime: 0.600 (0.006)  ,  ForwardTime: 0.045  ,  TotalTime: 0.651  ,  Loss/total: 4.50025  ,  Loss/ce: 4.44580  ,  IoU: 0.28478  ,  pro_loss: 0.27224
[train: Epoch 2, 1350 / 1875] FPS: 49.7 (621.1)  ,  DataTime: 0.593 (0.006)  ,  ForwardTime: 0.045  ,  TotalTime: 0.644  ,  Loss/total: 4.49531  ,  Loss/ce: 4.44093  ,  IoU: 0.28701  ,  pro_loss: 0.27193
[train: Epoch 2, 1400 / 1875] FPS: 50.0 (604.6)  ,  DataTime: 0.589 (0.006)  ,  ForwardTime: 0.045  ,  TotalTime: 0.640  ,  Loss/total: 4.48994  ,  Loss/ce: 4.43562  ,  IoU: 0.28905  ,  pro_loss: 0.27159
[train: Epoch 2, 1450 / 1875] FPS: 50.4 (606.0)  ,  DataTime: 0.584 (0.006)  ,  ForwardTime: 0.045  ,  TotalTime: 0.635  ,  Loss/total: 4.48577  ,  Loss/ce: 4.43158  ,  IoU: 0.29054  ,  pro_loss: 0.27096
[train: Epoch 2, 1500 / 1875] FPS: 50.8 (622.5)  ,  DataTime: 0.579 (0.006)  ,  ForwardTime: 0.045  ,  TotalTime: 0.629  ,  Loss/total: 4.48101  ,  Loss/ce: 4.42687  ,  IoU: 0.29240  ,  pro_loss: 0.27067
[train: Epoch 2, 1550 / 1875] FPS: 51.3 (611.0)  ,  DataTime: 0.573 (0.006)  ,  ForwardTime: 0.045  ,  TotalTime: 0.624  ,  Loss/total: 4.47718  ,  Loss/ce: 4.42317  ,  IoU: 0.29436  ,  pro_loss: 0.27009
[train: Epoch 2, 1600 / 1875] FPS: 51.7 (575.7)  ,  DataTime: 0.568 (0.006)  ,  ForwardTime: 0.045  ,  TotalTime: 0.618  ,  Loss/total: 4.47279  ,  Loss/ce: 4.41884  ,  IoU: 0.29668  ,  pro_loss: 0.26976
[train: Epoch 2, 1650 / 1875] FPS: 52.2 (586.5)  ,  DataTime: 0.563 (0.006)  ,  ForwardTime: 0.045  ,  TotalTime: 0.614  ,  Loss/total: 4.46839  ,  Loss/ce: 4.41452  ,  IoU: 0.29899  ,  pro_loss: 0.26937
[train: Epoch 2, 1700 / 1875] FPS: 52.5 (581.7)  ,  DataTime: 0.559 (0.006)  ,  ForwardTime: 0.045  ,  TotalTime: 0.610  ,  Loss/total: 4.46391  ,  Loss/ce: 4.41014  ,  IoU: 0.30159  ,  pro_loss: 0.26883
[train: Epoch 2, 1750 / 1875] FPS: 52.9 (596.6)  ,  DataTime: 0.554 (0.006)  ,  ForwardTime: 0.045  ,  TotalTime: 0.605  ,  Loss/total: 4.45926  ,  Loss/ce: 4.40559  ,  IoU: 0.30431  ,  pro_loss: 0.26836
[train: Epoch 2, 1800 / 1875] FPS: 53.3 (631.5)  ,  DataTime: 0.549 (0.006)  ,  ForwardTime: 0.045  ,  TotalTime: 0.600  ,  Loss/total: 4.45434  ,  Loss/ce: 4.40075  ,  IoU: 0.30700  ,  pro_loss: 0.26798
[train: Epoch 2, 1850 / 1875] FPS: 53.6 (623.4)  ,  DataTime: 0.547 (0.006)  ,  ForwardTime: 0.045  ,  TotalTime: 0.598  ,  Loss/total: 4.45032  ,  Loss/ce: 4.39678  ,  IoU: 0.30931  ,  pro_loss: 0.26769
[train: Epoch 2, 1875 / 1875] FPS: 53.7 (414.9)  ,  DataTime: 0.545 (0.006)  ,  ForwardTime: 0.045  ,  TotalTime: 0.596  ,  Loss/total: 4.44865  ,  Loss/ce: 4.39517  ,  IoU: 0.31051  ,  pro_loss: 0.26738
[train: Epoch 3, 50 / 1875] FPS: 47.6 (574.0)  ,  DataTime: 0.621 (0.005)  ,  ForwardTime: 0.045  ,  TotalTime: 0.672  ,  Loss/total: 4.27675  ,  Loss/ce: 4.22608  ,  IoU: 0.41428  ,  pro_loss: 0.25333
[train: Epoch 3, 100 / 1875] FPS: 53.9 (464.2)  ,  DataTime: 0.543 (0.005)  ,  ForwardTime: 0.045  ,  TotalTime: 0.594  ,  Loss/total: 4.27710  ,  Loss/ce: 4.22695  ,  IoU: 0.40452  ,  pro_loss: 0.25073
[train: Epoch 3, 150 / 1875] FPS: 56.1 (41.0)  ,  DataTime: 0.520 (0.005)  ,  ForwardTime: 0.045  ,  TotalTime: 0.571  ,  Loss/total: 4.27900  ,  Loss/ce: 4.22916  ,  IoU: 0.40563  ,  pro_loss: 0.24924
[train: Epoch 3, 200 / 1875] FPS: 57.9 (205.1)  ,  DataTime: 0.502 (0.005)  ,  ForwardTime: 0.045  ,  TotalTime: 0.552  ,  Loss/total: 4.27328  ,  Loss/ce: 4.22374  ,  IoU: 0.41136  ,  pro_loss: 0.24771
[train: Epoch 3, 250 / 1875] FPS: 57.9 (609.4)  ,  DataTime: 0.503 (0.005)  ,  ForwardTime: 0.045  ,  TotalTime: 0.553  ,  Loss/total: 4.27224  ,  Loss/ce: 4.22291  ,  IoU: 0.41255  ,  pro_loss: 0.24667
[train: Epoch 3, 300 / 1875] FPS: 58.7 (624.9)  ,  DataTime: 0.495 (0.005)  ,  ForwardTime: 0.045  ,  TotalTime: 0.545  ,  Loss/total: 4.27044  ,  Loss/ce: 4.22117  ,  IoU: 0.41360  ,  pro_loss: 0.24639
[train: Epoch 3, 350 / 1875] FPS: 59.8 (610.3)  ,  DataTime: 0.485 (0.005)  ,  ForwardTime: 0.045  ,  TotalTime: 0.535  ,  Loss/total: 4.26727  ,  Loss/ce: 4.21794  ,  IoU: 0.41318  ,  pro_loss: 0.24667
[train: Epoch 3, 400 / 1875] FPS: 60.4 (63.3)  ,  DataTime: 0.480 (0.005)  ,  ForwardTime: 0.045  ,  TotalTime: 0.530  ,  Loss/total: 4.26635  ,  Loss/ce: 4.21728  ,  IoU: 0.41420  ,  pro_loss: 0.24537
[train: Epoch 3, 450 / 1875] FPS: 60.2 (598.6)  ,  DataTime: 0.482 (0.005)  ,  ForwardTime: 0.045  ,  TotalTime: 0.532  ,  Loss/total: 4.25909  ,  Loss/ce: 4.21027  ,  IoU: 0.41621  ,  pro_loss: 0.24410
[train: Epoch 3, 500 / 1875] FPS: 60.7 (586.2)  ,  DataTime: 0.477 (0.005)  ,  ForwardTime: 0.045  ,  TotalTime: 0.527  ,  Loss/total: 4.25712  ,  Loss/ce: 4.20833  ,  IoU: 0.41835  ,  pro_loss: 0.24396
[train: Epoch 3, 550 / 1875] FPS: 61.0 (609.9)  ,  DataTime: 0.474 (0.005)  ,  ForwardTime: 0.045  ,  TotalTime: 0.524  ,  Loss/total: 4.25413  ,  Loss/ce: 4.20552  ,  IoU: 0.41901  ,  pro_loss: 0.24303
[train: Epoch 3, 600 / 1875] FPS: 61.3 (617.7)  ,  DataTime: 0.472 (0.005)  ,  ForwardTime: 0.045  ,  TotalTime: 0.522  ,  Loss/total: 4.25124  ,  Loss/ce: 4.20268  ,  IoU: 0.42170  ,  pro_loss: 0.24281
[train: Epoch 3, 650 / 1875] FPS: 62.0 (616.8)  ,  DataTime: 0.467 (0.005)  ,  ForwardTime: 0.045  ,  TotalTime: 0.516  ,  Loss/total: 4.24789  ,  Loss/ce: 4.19948  ,  IoU: 0.42382  ,  pro_loss: 0.24207
[train: Epoch 3, 700 / 1875] FPS: 61.7 (619.1)  ,  DataTime: 0.469 (0.005)  ,  ForwardTime: 0.045  ,  TotalTime: 0.518  ,  Loss/total: 4.24526  ,  Loss/ce: 4.19700  ,  IoU: 0.42550  ,  pro_loss: 0.24130
[train: Epoch 3, 750 / 1875] FPS: 62.4 (601.1)  ,  DataTime: 0.463 (0.005)  ,  ForwardTime: 0.045  ,  TotalTime: 0.512  ,  Loss/total: 4.24243  ,  Loss/ce: 4.19426  ,  IoU: 0.42655  ,  pro_loss: 0.24086
[train: Epoch 3, 800 / 1875] FPS: 62.9 (626.7)  ,  DataTime: 0.459 (0.005)  ,  ForwardTime: 0.045  ,  TotalTime: 0.509  ,  Loss/total: 4.23867  ,  Loss/ce: 4.19060  ,  IoU: 0.42827  ,  pro_loss: 0.24038
[train: Epoch 3, 850 / 1875] FPS: 63.2 (646.9)  ,  DataTime: 0.456 (0.005)  ,  ForwardTime: 0.045  ,  TotalTime: 0.506  ,  Loss/total: 4.23577  ,  Loss/ce: 4.18777  ,  IoU: 0.43005  ,  pro_loss: 0.23998
[train: Epoch 3, 900 / 1875] FPS: 63.2 (587.9)  ,  DataTime: 0.457 (0.005)  ,  ForwardTime: 0.045  ,  TotalTime: 0.507  ,  Loss/total: 4.23214  ,  Loss/ce: 4.18431  ,  IoU: 0.43174  ,  pro_loss: 0.23914
[train: Epoch 3, 950 / 1875] FPS: 63.8 (599.5)  ,  DataTime: 0.452 (0.005)  ,  ForwardTime: 0.045  ,  TotalTime: 0.502  ,  Loss/total: 4.22951  ,  Loss/ce: 4.18182  ,  IoU: 0.43357  ,  pro_loss: 0.23848
[train: Epoch 3, 1000 / 1875] FPS: 63.9 (614.2)  ,  DataTime: 0.451 (0.005)  ,  ForwardTime: 0.045  ,  TotalTime: 0.501  ,  Loss/total: 4.22721  ,  Loss/ce: 4.17965  ,  IoU: 0.43532  ,  pro_loss: 0.23777
[train: Epoch 3, 1050 / 1875] FPS: 64.2 (595.2)  ,  DataTime: 0.448 (0.005)  ,  ForwardTime: 0.045  ,  TotalTime: 0.498  ,  Loss/total: 4.22418  ,  Loss/ce: 4.17672  ,  IoU: 0.43733  ,  pro_loss: 0.23733
[train: Epoch 3, 1100 / 1875] FPS: 64.8 (623.0)  ,  DataTime: 0.444 (0.005)  ,  ForwardTime: 0.045  ,  TotalTime: 0.494  ,  Loss/total: 4.22062  ,  Loss/ce: 4.17326  ,  IoU: 0.43890  ,  pro_loss: 0.23682
[train: Epoch 3, 1150 / 1875] FPS: 65.0 (609.9)  ,  DataTime: 0.443 (0.005)  ,  ForwardTime: 0.045  ,  TotalTime: 0.492  ,  Loss/total: 4.21776  ,  Loss/ce: 4.17055  ,  IoU: 0.44055  ,  pro_loss: 0.23606
[train: Epoch 3, 1200 / 1875] FPS: 65.2 (574.1)  ,  DataTime: 0.441 (0.005)  ,  ForwardTime: 0.045  ,  TotalTime: 0.491  ,  Loss/total: 4.21501  ,  Loss/ce: 4.16787  ,  IoU: 0.44199  ,  pro_loss: 0.23575
[train: Epoch 3, 1250 / 1875] FPS: 65.6 (593.2)  ,  DataTime: 0.438 (0.005)  ,  ForwardTime: 0.045  ,  TotalTime: 0.488  ,  Loss/total: 4.21276  ,  Loss/ce: 4.16567  ,  IoU: 0.44299  ,  pro_loss: 0.23546
[train: Epoch 3, 1300 / 1875] FPS: 65.6 (609.0)  ,  DataTime: 0.438 (0.005)  ,  ForwardTime: 0.045  ,  TotalTime: 0.488  ,  Loss/total: 4.20979  ,  Loss/ce: 4.16272  ,  IoU: 0.44424  ,  pro_loss: 0.23535
[train: Epoch 3, 1350 / 1875] FPS: 66.0 (630.2)  ,  DataTime: 0.435 (0.005)  ,  ForwardTime: 0.045  ,  TotalTime: 0.485  ,  Loss/total: 4.20759  ,  Loss/ce: 4.16060  ,  IoU: 0.44512  ,  pro_loss: 0.23495
[train: Epoch 3, 1400 / 1875] FPS: 66.4 (614.9)  ,  DataTime: 0.432 (0.005)  ,  ForwardTime: 0.045  ,  TotalTime: 0.482  ,  Loss/total: 4.20462  ,  Loss/ce: 4.15772  ,  IoU: 0.44656  ,  pro_loss: 0.23448
[train: Epoch 3, 1450 / 1875] FPS: 66.5 (615.6)  ,  DataTime: 0.431 (0.005)  ,  ForwardTime: 0.045  ,  TotalTime: 0.481  ,  Loss/total: 4.20207  ,  Loss/ce: 4.15524  ,  IoU: 0.44800  ,  pro_loss: 0.23416
[train: Epoch 3, 1500 / 1875] FPS: 66.7 (14.6)  ,  DataTime: 0.430 (0.005)  ,  ForwardTime: 0.045  ,  TotalTime: 0.480  ,  Loss/total: 4.19966  ,  Loss/ce: 4.15291  ,  IoU: 0.44939  ,  pro_loss: 0.23376
[train: Epoch 3, 1550 / 1875] FPS: 67.0 (615.4)  ,  DataTime: 0.428 (0.005)  ,  ForwardTime: 0.045  ,  TotalTime: 0.477  ,  Loss/total: 4.19706  ,  Loss/ce: 4.15040  ,  IoU: 0.45065  ,  pro_loss: 0.23328
[train: Epoch 3, 1600 / 1875] FPS: 67.1 (618.5)  ,  DataTime: 0.427 (0.005)  ,  ForwardTime: 0.045  ,  TotalTime: 0.477  ,  Loss/total: 4.19393  ,  Loss/ce: 4.14731  ,  IoU: 0.45242  ,  pro_loss: 0.23309
[train: Epoch 3, 1650 / 1875] FPS: 67.5 (609.5)  ,  DataTime: 0.424 (0.005)  ,  ForwardTime: 0.045  ,  TotalTime: 0.474  ,  Loss/total: 4.19154  ,  Loss/ce: 4.14496  ,  IoU: 0.45344  ,  pro_loss: 0.23289
[train: Epoch 3, 1700 / 1875] FPS: 67.8 (605.8)  ,  DataTime: 0.423 (0.005)  ,  ForwardTime: 0.045  ,  TotalTime: 0.472  ,  Loss/total: 4.18858  ,  Loss/ce: 4.14209  ,  IoU: 0.45472  ,  pro_loss: 0.23244
[train: Epoch 3, 1750 / 1875] FPS: 68.0 (20.1)  ,  DataTime: 0.421 (0.005)  ,  ForwardTime: 0.045  ,  TotalTime: 0.471  ,  Loss/total: 4.18589  ,  Loss/ce: 4.13948  ,  IoU: 0.45534  ,  pro_loss: 0.23202
[train: Epoch 3, 1800 / 1875] FPS: 68.3 (75.3)  ,  DataTime: 0.419 (0.005)  ,  ForwardTime: 0.045  ,  TotalTime: 0.469  ,  Loss/total: 4.18313  ,  Loss/ce: 4.13678  ,  IoU: 0.45637  ,  pro_loss: 0.23175
[train: Epoch 3, 1850 / 1875] FPS: 68.5 (570.7)  ,  DataTime: 0.417 (0.005)  ,  ForwardTime: 0.045  ,  TotalTime: 0.467  ,  Loss/total: 4.18083  ,  Loss/ce: 4.13457  ,  IoU: 0.45779  ,  pro_loss: 0.23126
[train: Epoch 3, 1875 / 1875] FPS: 68.9 (54.9)  ,  DataTime: 0.415 (0.005)  ,  ForwardTime: 0.045  ,  TotalTime: 0.465  ,  Loss/total: 4.17962  ,  Loss/ce: 4.13340  ,  IoU: 0.45841  ,  pro_loss: 0.23108
[train: Epoch 4, 50 / 1875] FPS: 67.3 (17.7)  ,  DataTime: 0.426 (0.005)  ,  ForwardTime: 0.044  ,  TotalTime: 0.476  ,  Loss/total: 4.09689  ,  Loss/ce: 4.05298  ,  IoU: 0.50869  ,  pro_loss: 0.21958
[train: Epoch 4, 100 / 1875] FPS: 72.6 (64.6)  ,  DataTime: 0.391 (0.005)  ,  ForwardTime: 0.044  ,  TotalTime: 0.441  ,  Loss/total: 4.09064  ,  Loss/ce: 4.04760  ,  IoU: 0.50829  ,  pro_loss: 0.21521
[train: Epoch 4, 150 / 1875] FPS: 74.4 (612.0)  ,  DataTime: 0.380 (0.005)  ,  ForwardTime: 0.045  ,  TotalTime: 0.430  ,  Loss/total: 4.07804  ,  Loss/ce: 4.03483  ,  IoU: 0.50893  ,  pro_loss: 0.21604
[train: Epoch 4, 200 / 1875] FPS: 75.1 (622.5)  ,  DataTime: 0.376 (0.005)  ,  ForwardTime: 0.045  ,  TotalTime: 0.426  ,  Loss/total: 4.07312  ,  Loss/ce: 4.03003  ,  IoU: 0.51176  ,  pro_loss: 0.21548
[train: Epoch 4, 250 / 1875] FPS: 74.5 (618.4)  ,  DataTime: 0.380 (0.005)  ,  ForwardTime: 0.045  ,  TotalTime: 0.429  ,  Loss/total: 4.07130  ,  Loss/ce: 4.02820  ,  IoU: 0.51175  ,  pro_loss: 0.21547
[train: Epoch 4, 300 / 1875] FPS: 74.4 (7.9)  ,  DataTime: 0.380 (0.005)  ,  ForwardTime: 0.045  ,  TotalTime: 0.430  ,  Loss/total: 4.07115  ,  Loss/ce: 4.02790  ,  IoU: 0.51075  ,  pro_loss: 0.21626
[train: Epoch 4, 350 / 1875] FPS: 75.7 (591.4)  ,  DataTime: 0.373 (0.005)  ,  ForwardTime: 0.045  ,  TotalTime: 0.423  ,  Loss/total: 4.06960  ,  Loss/ce: 4.02639  ,  IoU: 0.51097  ,  pro_loss: 0.21608
[train: Epoch 4, 400 / 1875] FPS: 76.7 (610.7)  ,  DataTime: 0.367 (0.005)  ,  ForwardTime: 0.045  ,  TotalTime: 0.417  ,  Loss/total: 4.06832  ,  Loss/ce: 4.02540  ,  IoU: 0.51113  ,  pro_loss: 0.21459
[train: Epoch 4, 450 / 1875] FPS: 77.7 (613.6)  ,  DataTime: 0.362 (0.005)  ,  ForwardTime: 0.045  ,  TotalTime: 0.412  ,  Loss/total: 4.06506  ,  Loss/ce: 4.02215  ,  IoU: 0.51364  ,  pro_loss: 0.21452
[train: Epoch 4, 500 / 1875] FPS: 77.8 (623.1)  ,  DataTime: 0.361 (0.005)  ,  ForwardTime: 0.045  ,  TotalTime: 0.411  ,  Loss/total: 4.06224  ,  Loss/ce: 4.01933  ,  IoU: 0.51511  ,  pro_loss: 0.21452
[train: Epoch 4, 550 / 1875] FPS: 78.7 (575.3)  ,  DataTime: 0.357 (0.005)  ,  ForwardTime: 0.045  ,  TotalTime: 0.406  ,  Loss/total: 4.06035  ,  Loss/ce: 4.01746  ,  IoU: 0.51664  ,  pro_loss: 0.21445
[train: Epoch 4, 600 / 1875] FPS: 78.6 (631.5)  ,  DataTime: 0.358 (0.005)  ,  ForwardTime: 0.045  ,  TotalTime: 0.407  ,  Loss/total: 4.05816  ,  Loss/ce: 4.01524  ,  IoU: 0.51726  ,  pro_loss: 0.21459
[train: Epoch 4, 650 / 1875] FPS: 79.6 (614.1)  ,  DataTime: 0.352 (0.005)  ,  ForwardTime: 0.045  ,  TotalTime: 0.402  ,  Loss/total: 4.05709  ,  Loss/ce: 4.01433  ,  IoU: 0.51759  ,  pro_loss: 0.21380
[train: Epoch 4, 700 / 1875] FPS: 79.6 (578.0)  ,  DataTime: 0.352 (0.005)  ,  ForwardTime: 0.045  ,  TotalTime: 0.402  ,  Loss/total: 4.05505  ,  Loss/ce: 4.01226  ,  IoU: 0.51868  ,  pro_loss: 0.21398
[train: Epoch 4, 750 / 1875] FPS: 79.7 (604.5)  ,  DataTime: 0.352 (0.005)  ,  ForwardTime: 0.045  ,  TotalTime: 0.401  ,  Loss/total: 4.05334  ,  Loss/ce: 4.01052  ,  IoU: 0.51903  ,  pro_loss: 0.21409
[train: Epoch 4, 800 / 1875] FPS: 79.8 (11.9)  ,  DataTime: 0.351 (0.005)  ,  ForwardTime: 0.045  ,  TotalTime: 0.401  ,  Loss/total: 4.05167  ,  Loss/ce: 4.00891  ,  IoU: 0.51953  ,  pro_loss: 0.21377
[train: Epoch 4, 850 / 1875] FPS: 80.1 (602.2)  ,  DataTime: 0.349 (0.005)  ,  ForwardTime: 0.045  ,  TotalTime: 0.399  ,  Loss/total: 4.05004  ,  Loss/ce: 4.00732  ,  IoU: 0.52011  ,  pro_loss: 0.21357
[train: Epoch 4, 900 / 1875] FPS: 80.6 (634.1)  ,  DataTime: 0.347 (0.005)  ,  ForwardTime: 0.045  ,  TotalTime: 0.397  ,  Loss/total: 4.04932  ,  Loss/ce: 4.00668  ,  IoU: 0.52059  ,  pro_loss: 0.21321
[train: Epoch 4, 950 / 1875] FPS: 80.6 (14.8)  ,  DataTime: 0.347 (0.005)  ,  ForwardTime: 0.045  ,  TotalTime: 0.397  ,  Loss/total: 4.04839  ,  Loss/ce: 4.00574  ,  IoU: 0.52051  ,  pro_loss: 0.21325
[train: Epoch 4, 1000 / 1875] FPS: 81.2 (127.0)  ,  DataTime: 0.344 (0.005)  ,  ForwardTime: 0.045  ,  TotalTime: 0.394  ,  Loss/total: 4.04757  ,  Loss/ce: 4.00508  ,  IoU: 0.52060  ,  pro_loss: 0.21249
[train: Epoch 4, 1050 / 1875] FPS: 80.9 (599.0)  ,  DataTime: 0.346 (0.005)  ,  ForwardTime: 0.045  ,  TotalTime: 0.396  ,  Loss/total: 4.04697  ,  Loss/ce: 4.00449  ,  IoU: 0.52133  ,  pro_loss: 0.21236
[train: Epoch 4, 1100 / 1875] FPS: 81.6 (600.5)  ,  DataTime: 0.342 (0.005)  ,  ForwardTime: 0.045  ,  TotalTime: 0.392  ,  Loss/total: 4.04510  ,  Loss/ce: 4.00260  ,  IoU: 0.52213  ,  pro_loss: 0.21251
[train: Epoch 4, 1150 / 1875] FPS: 82.0 (595.9)  ,  DataTime: 0.340 (0.005)  ,  ForwardTime: 0.045  ,  TotalTime: 0.390  ,  Loss/total: 4.04338  ,  Loss/ce: 4.00098  ,  IoU: 0.52310  ,  pro_loss: 0.21201
[train: Epoch 4, 1200 / 1875] FPS: 82.1 (592.0)  ,  DataTime: 0.340 (0.005)  ,  ForwardTime: 0.045  ,  TotalTime: 0.390  ,  Loss/total: 4.04140  ,  Loss/ce: 3.99908  ,  IoU: 0.52393  ,  pro_loss: 0.21160
[train: Epoch 4, 1250 / 1875] FPS: 82.2 (621.5)  ,  DataTime: 0.339 (0.005)  ,  ForwardTime: 0.045  ,  TotalTime: 0.389  ,  Loss/total: 4.03946  ,  Loss/ce: 3.99726  ,  IoU: 0.52492  ,  pro_loss: 0.21103
[train: Epoch 4, 1300 / 1875] FPS: 82.5 (612.9)  ,  DataTime: 0.338 (0.005)  ,  ForwardTime: 0.045  ,  TotalTime: 0.388  ,  Loss/total: 4.03771  ,  Loss/ce: 3.99562  ,  IoU: 0.52550  ,  pro_loss: 0.21044
[train: Epoch 4, 1350 / 1875] FPS: 82.7 (42.8)  ,  DataTime: 0.337 (0.005)  ,  ForwardTime: 0.045  ,  TotalTime: 0.387  ,  Loss/total: 4.03680  ,  Loss/ce: 3.99480  ,  IoU: 0.52600  ,  pro_loss: 0.20999
[train: Epoch 4, 1400 / 1875] FPS: 82.1 (574.9)  ,  DataTime: 0.340 (0.005)  ,  ForwardTime: 0.045  ,  TotalTime: 0.390  ,  Loss/total: 4.03533  ,  Loss/ce: 3.99346  ,  IoU: 0.52655  ,  pro_loss: 0.20935
[train: Epoch 4, 1450 / 1875] FPS: 82.0 (591.9)  ,  DataTime: 0.341 (0.005)  ,  ForwardTime: 0.045  ,  TotalTime: 0.390  ,  Loss/total: 4.03406  ,  Loss/ce: 3.99230  ,  IoU: 0.52742  ,  pro_loss: 0.20882
[train: Epoch 4, 1500 / 1875] FPS: 82.0 (616.0)  ,  DataTime: 0.340 (0.005)  ,  ForwardTime: 0.045  ,  TotalTime: 0.390  ,  Loss/total: 4.03245  ,  Loss/ce: 3.99072  ,  IoU: 0.52798  ,  pro_loss: 0.20862
[train: Epoch 4, 1550 / 1875] FPS: 81.8 (20.9)  ,  DataTime: 0.341 (0.005)  ,  ForwardTime: 0.045  ,  TotalTime: 0.391  ,  Loss/total: 4.03117  ,  Loss/ce: 3.98950  ,  IoU: 0.52829  ,  pro_loss: 0.20831
[train: Epoch 4, 1600 / 1875] FPS: 81.6 (591.5)  ,  DataTime: 0.342 (0.005)  ,  ForwardTime: 0.045  ,  TotalTime: 0.392  ,  Loss/total: 4.02966  ,  Loss/ce: 3.98812  ,  IoU: 0.52890  ,  pro_loss: 0.20771
[train: Epoch 4, 1650 / 1875] FPS: 81.6 (537.9)  ,  DataTime: 0.342 (0.005)  ,  ForwardTime: 0.045  ,  TotalTime: 0.392  ,  Loss/total: 4.02840  ,  Loss/ce: 3.98696  ,  IoU: 0.52937  ,  pro_loss: 0.20720
[train: Epoch 4, 1700 / 1875] FPS: 81.4 (610.3)  ,  DataTime: 0.343 (0.005)  ,  ForwardTime: 0.045  ,  TotalTime: 0.393  ,  Loss/total: 4.02686  ,  Loss/ce: 3.98553  ,  IoU: 0.52960  ,  pro_loss: 0.20666
[train: Epoch 4, 1750 / 1875] FPS: 81.3 (612.6)  ,  DataTime: 0.344 (0.005)  ,  ForwardTime: 0.045  ,  TotalTime: 0.394  ,  Loss/total: 4.02631  ,  Loss/ce: 3.98507  ,  IoU: 0.52982  ,  pro_loss: 0.20622
[train: Epoch 4, 1800 / 1875] FPS: 81.3 (625.5)  ,  DataTime: 0.344 (0.005)  ,  ForwardTime: 0.045  ,  TotalTime: 0.394  ,  Loss/total: 4.02521  ,  Loss/ce: 3.98409  ,  IoU: 0.53016  ,  pro_loss: 0.20561
[train: Epoch 4, 1850 / 1875] FPS: 81.1 (14.6)  ,  DataTime: 0.345 (0.005)  ,  ForwardTime: 0.045  ,  TotalTime: 0.394  ,  Loss/total: 4.02357  ,  Loss/ce: 3.98252  ,  IoU: 0.53045  ,  pro_loss: 0.20524
[train: Epoch 4, 1875 / 1875] FPS: 81.4 (62.2)  ,  DataTime: 0.343 (0.005)  ,  ForwardTime: 0.045  ,  TotalTime: 0.393  ,  Loss/total: 4.02296  ,  Loss/ce: 3.98194  ,  IoU: 0.53078  ,  pro_loss: 0.20511
[train: Epoch 5, 50 / 1875] FPS: 75.9 (39.8)  ,  DataTime: 0.372 (0.005)  ,  ForwardTime: 0.044  ,  TotalTime: 0.421  ,  Loss/total: 3.96774  ,  Loss/ce: 3.92978  ,  IoU: 0.55387  ,  pro_loss: 0.18979
[train: Epoch 5, 100 / 1875] FPS: 76.7 (583.2)  ,  DataTime: 0.367 (0.005)  ,  ForwardTime: 0.044  ,  TotalTime: 0.417  ,  Loss/total: 3.96760  ,  Loss/ce: 3.92894  ,  IoU: 0.54755  ,  pro_loss: 0.19333
[train: Epoch 5, 150 / 1875] FPS: 77.3 (563.4)  ,  DataTime: 0.364 (0.005)  ,  ForwardTime: 0.045  ,  TotalTime: 0.414  ,  Loss/total: 3.97119  ,  Loss/ce: 3.93288  ,  IoU: 0.54809  ,  pro_loss: 0.19153
[train: Epoch 5, 200 / 1875] FPS: 79.9 (615.7)  ,  DataTime: 0.351 (0.005)  ,  ForwardTime: 0.045  ,  TotalTime: 0.401  ,  Loss/total: 3.97292  ,  Loss/ce: 3.93466  ,  IoU: 0.54968  ,  pro_loss: 0.19130
[train: Epoch 5, 250 / 1875] FPS: 80.2 (619.4)  ,  DataTime: 0.349 (0.005)  ,  ForwardTime: 0.045  ,  TotalTime: 0.399  ,  Loss/total: 3.96942  ,  Loss/ce: 3.93128  ,  IoU: 0.55084  ,  pro_loss: 0.19071
[train: Epoch 5, 300 / 1875] FPS: 81.3 (630.9)  ,  DataTime: 0.344 (0.005)  ,  ForwardTime: 0.045  ,  TotalTime: 0.394  ,  Loss/total: 3.96334  ,  Loss/ce: 3.92524  ,  IoU: 0.55185  ,  pro_loss: 0.19049
[train: Epoch 5, 350 / 1875] FPS: 78.8 (55.9)  ,  DataTime: 0.356 (0.005)  ,  ForwardTime: 0.045  ,  TotalTime: 0.406  ,  Loss/total: 3.96422  ,  Loss/ce: 3.92590  ,  IoU: 0.55274  ,  pro_loss: 0.19161
[train: Epoch 5, 400 / 1875] FPS: 77.5 (578.8)  ,  DataTime: 0.363 (0.005)  ,  ForwardTime: 0.045  ,  TotalTime: 0.413  ,  Loss/total: 3.96496  ,  Loss/ce: 3.92669  ,  IoU: 0.55333  ,  pro_loss: 0.19135
[train: Epoch 5, 450 / 1875] FPS: 73.9 (7.8)  ,  DataTime: 0.383 (0.005)  ,  ForwardTime: 0.045  ,  TotalTime: 0.433  ,  Loss/total: 3.96632  ,  Loss/ce: 3.92813  ,  IoU: 0.55355  ,  pro_loss: 0.19095
[train: Epoch 5, 500 / 1875] FPS: 73.3 (590.8)  ,  DataTime: 0.387 (0.005)  ,  ForwardTime: 0.045  ,  TotalTime: 0.437  ,  Loss/total: 3.96418  ,  Loss/ce: 3.92608  ,  IoU: 0.55506  ,  pro_loss: 0.19048
[train: Epoch 5, 550 / 1875] FPS: 73.0 (621.9)  ,  DataTime: 0.389 (0.005)  ,  ForwardTime: 0.045  ,  TotalTime: 0.439  ,  Loss/total: 3.96279  ,  Loss/ce: 3.92459  ,  IoU: 0.55618  ,  pro_loss: 0.19104
[train: Epoch 5, 600 / 1875] FPS: 72.3 (17.7)  ,  DataTime: 0.392 (0.005)  ,  ForwardTime: 0.045  ,  TotalTime: 0.442  ,  Loss/total: 3.96364  ,  Loss/ce: 3.92550  ,  IoU: 0.55704  ,  pro_loss: 0.19068
[train: Epoch 5, 650 / 1875] FPS: 71.5 (597.2)  ,  DataTime: 0.397 (0.005)  ,  ForwardTime: 0.045  ,  TotalTime: 0.447  ,  Loss/total: 3.96139  ,  Loss/ce: 3.92329  ,  IoU: 0.55754  ,  pro_loss: 0.19051
[train: Epoch 5, 700 / 1875] FPS: 71.2 (565.0)  ,  DataTime: 0.400 (0.005)  ,  ForwardTime: 0.045  ,  TotalTime: 0.450  ,  Loss/total: 3.95998  ,  Loss/ce: 3.92197  ,  IoU: 0.55847  ,  pro_loss: 0.19006
[train: Epoch 5, 750 / 1875] FPS: 71.0 (595.4)  ,  DataTime: 0.401 (0.005)  ,  ForwardTime: 0.045  ,  TotalTime: 0.451  ,  Loss/total: 3.95804  ,  Loss/ce: 3.92003  ,  IoU: 0.55890  ,  pro_loss: 0.19003
[train: Epoch 5, 800 / 1875] FPS: 70.8 (622.2)  ,  DataTime: 0.402 (0.005)  ,  ForwardTime: 0.045  ,  TotalTime: 0.452  ,  Loss/total: 3.95637  ,  Loss/ce: 3.91832  ,  IoU: 0.55979  ,  pro_loss: 0.19022
[train: Epoch 5, 850 / 1875] FPS: 70.5 (34.4)  ,  DataTime: 0.404 (0.005)  ,  ForwardTime: 0.045  ,  TotalTime: 0.454  ,  Loss/total: 3.95512  ,  Loss/ce: 3.91708  ,  IoU: 0.55986  ,  pro_loss: 0.19020
[train: Epoch 5, 900 / 1875] FPS: 70.3 (89.8)  ,  DataTime: 0.405 (0.005)  ,  ForwardTime: 0.045  ,  TotalTime: 0.455  ,  Loss/total: 3.95487  ,  Loss/ce: 3.91683  ,  IoU: 0.55986  ,  pro_loss: 0.19022
[train: Epoch 5, 950 / 1875] FPS: 70.3 (619.5)  ,  DataTime: 0.405 (0.005)  ,  ForwardTime: 0.045  ,  TotalTime: 0.455  ,  Loss/total: 3.95372  ,  Loss/ce: 3.91570  ,  IoU: 0.56018  ,  pro_loss: 0.19008
[train: Epoch 5, 1000 / 1875] FPS: 70.0 (624.2)  ,  DataTime: 0.407 (0.005)  ,  ForwardTime: 0.045  ,  TotalTime: 0.457  ,  Loss/total: 3.95340  ,  Loss/ce: 3.91542  ,  IoU: 0.56074  ,  pro_loss: 0.18990
[train: Epoch 5, 1050 / 1875] FPS: 70.2 (617.6)  ,  DataTime: 0.406 (0.005)  ,  ForwardTime: 0.045  ,  TotalTime: 0.456  ,  Loss/total: 3.95315  ,  Loss/ce: 3.91519  ,  IoU: 0.56066  ,  pro_loss: 0.18980
[train: Epoch 5, 1100 / 1875] FPS: 69.8 (616.6)  ,  DataTime: 0.409 (0.005)  ,  ForwardTime: 0.045  ,  TotalTime: 0.459  ,  Loss/total: 3.95286  ,  Loss/ce: 3.91491  ,  IoU: 0.56078  ,  pro_loss: 0.18972
[train: Epoch 5, 1150 / 1875] FPS: 70.1 (38.1)  ,  DataTime: 0.406 (0.005)  ,  ForwardTime: 0.045  ,  TotalTime: 0.456  ,  Loss/total: 3.95112  ,  Loss/ce: 3.91322  ,  IoU: 0.56100  ,  pro_loss: 0.18951
[train: Epoch 5, 1200 / 1875] FPS: 70.1 (16.1)  ,  DataTime: 0.407 (0.005)  ,  ForwardTime: 0.045  ,  TotalTime: 0.456  ,  Loss/total: 3.95014  ,  Loss/ce: 3.91222  ,  IoU: 0.56120  ,  pro_loss: 0.18957
[train: Epoch 5, 1250 / 1875] FPS: 70.0 (597.8)  ,  DataTime: 0.407 (0.005)  ,  ForwardTime: 0.045  ,  TotalTime: 0.457  ,  Loss/total: 3.94923  ,  Loss/ce: 3.91126  ,  IoU: 0.56167  ,  pro_loss: 0.18988
[train: Epoch 5, 1300 / 1875] FPS: 70.1 (587.0)  ,  DataTime: 0.407 (0.005)  ,  ForwardTime: 0.045  ,  TotalTime: 0.457  ,  Loss/total: 3.94877  ,  Loss/ce: 3.91076  ,  IoU: 0.56194  ,  pro_loss: 0.19006
[train: Epoch 5, 1350 / 1875] FPS: 70.4 (64.9)  ,  DataTime: 0.405 (0.005)  ,  ForwardTime: 0.045  ,  TotalTime: 0.454  ,  Loss/total: 3.94755  ,  Loss/ce: 3.90961  ,  IoU: 0.56254  ,  pro_loss: 0.18974
[train: Epoch 5, 1400 / 1875] FPS: 70.5 (616.2)  ,  DataTime: 0.404 (0.005)  ,  ForwardTime: 0.045  ,  TotalTime: 0.454  ,  Loss/total: 3.94618  ,  Loss/ce: 3.90825  ,  IoU: 0.56306  ,  pro_loss: 0.18966
[train: Epoch 5, 1450 / 1875] FPS: 70.4 (613.4)  ,  DataTime: 0.404 (0.005)  ,  ForwardTime: 0.045  ,  TotalTime: 0.454  ,  Loss/total: 3.94519  ,  Loss/ce: 3.90725  ,  IoU: 0.56346  ,  pro_loss: 0.18971
[train: Epoch 5, 1500 / 1875] FPS: 70.6 (602.8)  ,  DataTime: 0.404 (0.005)  ,  ForwardTime: 0.045  ,  TotalTime: 0.453  ,  Loss/total: 3.94299  ,  Loss/ce: 3.90509  ,  IoU: 0.56425  ,  pro_loss: 0.18949
[train: Epoch 5, 1550 / 1875] FPS: 70.7 (605.3)  ,  DataTime: 0.403 (0.005)  ,  ForwardTime: 0.045  ,  TotalTime: 0.452  ,  Loss/total: 3.94143  ,  Loss/ce: 3.90353  ,  IoU: 0.56496  ,  pro_loss: 0.18953
[train: Epoch 5, 1600 / 1875] FPS: 70.7 (12.4)  ,  DataTime: 0.403 (0.005)  ,  ForwardTime: 0.045  ,  TotalTime: 0.453  ,  Loss/total: 3.93971  ,  Loss/ce: 3.90182  ,  IoU: 0.56567  ,  pro_loss: 0.18945
[train: Epoch 5, 1650 / 1875] FPS: 71.0 (610.6)  ,  DataTime: 0.401 (0.005)  ,  ForwardTime: 0.045  ,  TotalTime: 0.451  ,  Loss/total: 3.93922  ,  Loss/ce: 3.90133  ,  IoU: 0.56644  ,  pro_loss: 0.18943
[train: Epoch 5, 1700 / 1875] FPS: 70.9 (584.3)  ,  DataTime: 0.401 (0.005)  ,  ForwardTime: 0.045  ,  TotalTime: 0.451  ,  Loss/total: 3.93787  ,  Loss/ce: 3.89999  ,  IoU: 0.56720  ,  pro_loss: 0.18937
[train: Epoch 5, 1750 / 1875] FPS: 71.0 (600.8)  ,  DataTime: 0.401 (0.005)  ,  ForwardTime: 0.045  ,  TotalTime: 0.450  ,  Loss/total: 3.93643  ,  Loss/ce: 3.89859  ,  IoU: 0.56770  ,  pro_loss: 0.18918
[train: Epoch 5, 1800 / 1875] FPS: 71.4 (622.4)  ,  DataTime: 0.399 (0.005)  ,  ForwardTime: 0.045  ,  TotalTime: 0.448  ,  Loss/total: 3.93553  ,  Loss/ce: 3.89772  ,  IoU: 0.56789  ,  pro_loss: 0.18902
[train: Epoch 5, 1850 / 1875] FPS: 71.7 (633.9)  ,  DataTime: 0.396 (0.005)  ,  ForwardTime: 0.045  ,  TotalTime: 0.446  ,  Loss/total: 3.93540  ,  Loss/ce: 3.89765  ,  IoU: 0.56803  ,  pro_loss: 0.18873
[train: Epoch 5, 1875 / 1875] FPS: 71.8 (43.7)  ,  DataTime: 0.396 (0.005)  ,  ForwardTime: 0.045  ,  TotalTime: 0.446  ,  Loss/total: 3.93506  ,  Loss/ce: 3.89732  ,  IoU: 0.56827  ,  pro_loss: 0.18869
[train: Epoch 1, 50 / 1875] FPS: 54.1 (605.9)  ,  DataTime: 0.290 (0.005)  ,  ForwardTime: 0.296  ,  TotalTime: 0.591  ,  Loss/total: 6.75775  ,  Loss/ce: 6.73267  ,  IoU: 0.01299  ,  pro_loss: 0.12542
[train: Epoch 1, 100 / 1875] FPS: 67.4 (18.2)  ,  DataTime: 0.299 (0.005)  ,  ForwardTime: 0.170  ,  TotalTime: 0.475  ,  Loss/total: 6.53717  ,  Loss/ce: 6.51132  ,  IoU: 0.01604  ,  pro_loss: 0.12927
[train: Epoch 1, 150 / 1875] FPS: 75.2 (606.6)  ,  DataTime: 0.292 (0.005)  ,  ForwardTime: 0.128  ,  TotalTime: 0.425  ,  Loss/total: 6.34481  ,  Loss/ce: 6.31838  ,  IoU: 0.01677  ,  pro_loss: 0.13215
[train: Epoch 1, 200 / 1875] FPS: 79.4 (14.7)  ,  DataTime: 0.290 (0.005)  ,  ForwardTime: 0.108  ,  TotalTime: 0.403  ,  Loss/total: 6.15459  ,  Loss/ce: 6.12692  ,  IoU: 0.01618  ,  pro_loss: 0.13833
[train: Epoch 1, 250 / 1875] FPS: 81.0 (571.2)  ,  DataTime: 0.295 (0.005)  ,  ForwardTime: 0.095  ,  TotalTime: 0.395  ,  Loss/total: 6.01413  ,  Loss/ce: 5.98417  ,  IoU: 0.01538  ,  pro_loss: 0.14983
[train: Epoch 1, 300 / 1875] FPS: 84.4 (575.6)  ,  DataTime: 0.287 (0.005)  ,  ForwardTime: 0.087  ,  TotalTime: 0.379  ,  Loss/total: 5.91013  ,  Loss/ce: 5.87614  ,  IoU: 0.01516  ,  pro_loss: 0.16993
[train: Epoch 1, 350 / 1875] FPS: 85.6 (545.6)  ,  DataTime: 0.288 (0.005)  ,  ForwardTime: 0.081  ,  TotalTime: 0.374  ,  Loss/total: 5.82659  ,  Loss/ce: 5.78914  ,  IoU: 0.01541  ,  pro_loss: 0.18723
[train: Epoch 1, 400 / 1875] FPS: 86.7 (601.0)  ,  DataTime: 0.287 (0.005)  ,  ForwardTime: 0.076  ,  TotalTime: 0.369  ,  Loss/total: 5.75729  ,  Loss/ce: 5.71718  ,  IoU: 0.01575  ,  pro_loss: 0.20057
[train: Epoch 1, 450 / 1875] FPS: 87.9 (44.9)  ,  DataTime: 0.286 (0.005)  ,  ForwardTime: 0.073  ,  TotalTime: 0.364  ,  Loss/total: 5.69958  ,  Loss/ce: 5.65745  ,  IoU: 0.01608  ,  pro_loss: 0.21063
[train: Epoch 1, 500 / 1875] FPS: 88.7 (19.0)  ,  DataTime: 0.286 (0.005)  ,  ForwardTime: 0.070  ,  TotalTime: 0.361  ,  Loss/total: 5.65074  ,  Loss/ce: 5.60709  ,  IoU: 0.01637  ,  pro_loss: 0.21825
[train: Epoch 1, 550 / 1875] FPS: 90.0 (603.3)  ,  DataTime: 0.283 (0.005)  ,  ForwardTime: 0.068  ,  TotalTime: 0.356  ,  Loss/total: 5.60817  ,  Loss/ce: 5.56351  ,  IoU: 0.01657  ,  pro_loss: 0.22326
[train: Epoch 1, 600 / 1875] FPS: 90.2 (604.1)  ,  DataTime: 0.284 (0.005)  ,  ForwardTime: 0.066  ,  TotalTime: 0.355  ,  Loss/total: 5.57075  ,  Loss/ce: 5.52519  ,  IoU: 0.01669  ,  pro_loss: 0.22778
[train: Epoch 1, 650 / 1875] FPS: 91.0 (222.3)  ,  DataTime: 0.282 (0.005)  ,  ForwardTime: 0.064  ,  TotalTime: 0.352  ,  Loss/total: 5.53668  ,  Loss/ce: 5.49048  ,  IoU: 0.01766  ,  pro_loss: 0.23099
[train: Epoch 1, 700 / 1875] FPS: 91.2 (193.6)  ,  DataTime: 0.283 (0.005)  ,  ForwardTime: 0.063  ,  TotalTime: 0.351  ,  Loss/total: 5.50666  ,  Loss/ce: 5.45993  ,  IoU: 0.01873  ,  pro_loss: 0.23363
[train: Epoch 1, 750 / 1875] FPS: 91.6 (607.5)  ,  DataTime: 0.283 (0.005)  ,  ForwardTime: 0.062  ,  TotalTime: 0.349  ,  Loss/total: 5.47920  ,  Loss/ce: 5.43207  ,  IoU: 0.02024  ,  pro_loss: 0.23561
[train: Epoch 1, 800 / 1875] FPS: 92.3 (553.9)  ,  DataTime: 0.281 (0.005)  ,  ForwardTime: 0.061  ,  TotalTime: 0.347  ,  Loss/total: 5.45444  ,  Loss/ce: 5.40687  ,  IoU: 0.02181  ,  pro_loss: 0.23785
[train: Epoch 1, 850 / 1875] FPS: 92.4 (612.5)  ,  DataTime: 0.282 (0.005)  ,  ForwardTime: 0.060  ,  TotalTime: 0.346  ,  Loss/total: 5.43072  ,  Loss/ce: 5.38283  ,  IoU: 0.02297  ,  pro_loss: 0.23946
[train: Epoch 1, 900 / 1875] FPS: 93.1 (39.2)  ,  DataTime: 0.280 (0.005)  ,  ForwardTime: 0.059  ,  TotalTime: 0.344  ,  Loss/total: 5.40891  ,  Loss/ce: 5.36067  ,  IoU: 0.02481  ,  pro_loss: 0.24121
[train: Epoch 1, 950 / 1875] FPS: 92.7 (602.7)  ,  DataTime: 0.282 (0.005)  ,  ForwardTime: 0.058  ,  TotalTime: 0.345  ,  Loss/total: 5.38820  ,  Loss/ce: 5.33963  ,  IoU: 0.02640  ,  pro_loss: 0.24284
[train: Epoch 1, 1000 / 1875] FPS: 93.4 (587.0)  ,  DataTime: 0.280 (0.005)  ,  ForwardTime: 0.057  ,  TotalTime: 0.343  ,  Loss/total: 5.36833  ,  Loss/ce: 5.31939  ,  IoU: 0.02792  ,  pro_loss: 0.24470
[train: Epoch 1, 1050 / 1875] FPS: 94.0 (592.3)  ,  DataTime: 0.278 (0.005)  ,  ForwardTime: 0.057  ,  TotalTime: 0.340  ,  Loss/total: 5.34938  ,  Loss/ce: 5.30007  ,  IoU: 0.03038  ,  pro_loss: 0.24656
[train: Epoch 1, 1100 / 1875] FPS: 94.4 (590.3)  ,  DataTime: 0.277 (0.005)  ,  ForwardTime: 0.056  ,  TotalTime: 0.339  ,  Loss/total: 5.33170  ,  Loss/ce: 5.28206  ,  IoU: 0.03302  ,  pro_loss: 0.24818
[train: Epoch 1, 1150 / 1875] FPS: 94.4 (8.3)  ,  DataTime: 0.278 (0.005)  ,  ForwardTime: 0.056  ,  TotalTime: 0.339  ,  Loss/total: 5.31379  ,  Loss/ce: 5.26388  ,  IoU: 0.03616  ,  pro_loss: 0.24955
[train: Epoch 1, 1200 / 1875] FPS: 95.2 (591.1)  ,  DataTime: 0.276 (0.005)  ,  ForwardTime: 0.055  ,  TotalTime: 0.336  ,  Loss/total: 5.29671  ,  Loss/ce: 5.24651  ,  IoU: 0.03937  ,  pro_loss: 0.25101
[train: Epoch 1, 1250 / 1875] FPS: 95.5 (567.8)  ,  DataTime: 0.275 (0.005)  ,  ForwardTime: 0.055  ,  TotalTime: 0.335  ,  Loss/total: 5.28098  ,  Loss/ce: 5.23049  ,  IoU: 0.04229  ,  pro_loss: 0.25247
[train: Epoch 1, 1300 / 1875] FPS: 95.6 (615.6)  ,  DataTime: 0.275 (0.005)  ,  ForwardTime: 0.055  ,  TotalTime: 0.335  ,  Loss/total: 5.26487  ,  Loss/ce: 5.21415  ,  IoU: 0.04518  ,  pro_loss: 0.25356
[train: Epoch 1, 1350 / 1875] FPS: 95.8 (30.7)  ,  DataTime: 0.274 (0.005)  ,  ForwardTime: 0.054  ,  TotalTime: 0.334  ,  Loss/total: 5.24904  ,  Loss/ce: 5.19811  ,  IoU: 0.04858  ,  pro_loss: 0.25467
[train: Epoch 1, 1400 / 1875] FPS: 96.1 (29.0)  ,  DataTime: 0.274 (0.005)  ,  ForwardTime: 0.054  ,  TotalTime: 0.333  ,  Loss/total: 5.23446  ,  Loss/ce: 5.18333  ,  IoU: 0.05226  ,  pro_loss: 0.25568
[train: Epoch 1, 1450 / 1875] FPS: 96.3 (37.0)  ,  DataTime: 0.273 (0.005)  ,  ForwardTime: 0.054  ,  TotalTime: 0.332  ,  Loss/total: 5.21961  ,  Loss/ce: 5.16826  ,  IoU: 0.05546  ,  pro_loss: 0.25677
[train: Epoch 1, 1500 / 1875] FPS: 96.6 (602.5)  ,  DataTime: 0.273 (0.005)  ,  ForwardTime: 0.053  ,  TotalTime: 0.331  ,  Loss/total: 5.20471  ,  Loss/ce: 5.15317  ,  IoU: 0.05878  ,  pro_loss: 0.25770
[train: Epoch 1, 1550 / 1875] FPS: 96.7 (576.4)  ,  DataTime: 0.273 (0.005)  ,  ForwardTime: 0.053  ,  TotalTime: 0.331  ,  Loss/total: 5.19050  ,  Loss/ce: 5.13881  ,  IoU: 0.06251  ,  pro_loss: 0.25849
[train: Epoch 1, 1600 / 1875] FPS: 96.8 (26.7)  ,  DataTime: 0.273 (0.005)  ,  ForwardTime: 0.053  ,  TotalTime: 0.331  ,  Loss/total: 5.17646  ,  Loss/ce: 5.12465  ,  IoU: 0.06603  ,  pro_loss: 0.25906
[train: Epoch 1, 1650 / 1875] FPS: 96.9 (24.6)  ,  DataTime: 0.273 (0.005)  ,  ForwardTime: 0.053  ,  TotalTime: 0.330  ,  Loss/total: 5.16283  ,  Loss/ce: 5.11090  ,  IoU: 0.06918  ,  pro_loss: 0.25963
[train: Epoch 1, 1700 / 1875] FPS: 97.4 (607.7)  ,  DataTime: 0.271 (0.005)  ,  ForwardTime: 0.052  ,  TotalTime: 0.329  ,  Loss/total: 5.14946  ,  Loss/ce: 5.09739  ,  IoU: 0.07249  ,  pro_loss: 0.26032
[train: Epoch 1, 1750 / 1875] FPS: 97.4 (607.6)  ,  DataTime: 0.271 (0.005)  ,  ForwardTime: 0.052  ,  TotalTime: 0.329  ,  Loss/total: 5.13645  ,  Loss/ce: 5.08427  ,  IoU: 0.07540  ,  pro_loss: 0.26087
[train: Epoch 1, 1800 / 1875] FPS: 97.5 (43.8)  ,  DataTime: 0.271 (0.005)  ,  ForwardTime: 0.052  ,  TotalTime: 0.328  ,  Loss/total: 5.12354  ,  Loss/ce: 5.07125  ,  IoU: 0.07803  ,  pro_loss: 0.26141
[train: Epoch 1, 1850 / 1875] FPS: 97.7 (622.6)  ,  DataTime: 0.270 (0.005)  ,  ForwardTime: 0.052  ,  TotalTime: 0.327  ,  Loss/total: 5.11121  ,  Loss/ce: 5.05885  ,  IoU: 0.08118  ,  pro_loss: 0.26178
[train: Epoch 1, 1875 / 1875] FPS: 98.2 (611.1)  ,  DataTime: 0.269 (0.005)  ,  ForwardTime: 0.052  ,  TotalTime: 0.326  ,  Loss/total: 5.10503  ,  Loss/ce: 5.05264  ,  IoU: 0.08275  ,  pro_loss: 0.26194
[train: Epoch 2, 50 / 1875] FPS: 86.8 (42.6)  ,  DataTime: 0.319 (0.005)  ,  ForwardTime: 0.045  ,  TotalTime: 0.369  ,  Loss/total: 4.63768  ,  Loss/ce: 4.58089  ,  IoU: 0.22397  ,  pro_loss: 0.28396
[train: Epoch 2, 100 / 1875] FPS: 97.0 (643.9)  ,  DataTime: 0.280 (0.005)  ,  ForwardTime: 0.045  ,  TotalTime: 0.330  ,  Loss/total: 4.63093  ,  Loss/ce: 4.57485  ,  IoU: 0.22299  ,  pro_loss: 0.28042
[train: Epoch 2, 150 / 1875] FPS: 98.2 (594.9)  ,  DataTime: 0.276 (0.005)  ,  ForwardTime: 0.045  ,  TotalTime: 0.326  ,  Loss/total: 4.62234  ,  Loss/ce: 4.56623  ,  IoU: 0.22241  ,  pro_loss: 0.28056
[train: Epoch 2, 200 / 1875] FPS: 101.6 (613.9)  ,  DataTime: 0.265 (0.005)  ,  ForwardTime: 0.045  ,  TotalTime: 0.315  ,  Loss/total: 4.61528  ,  Loss/ce: 4.55925  ,  IoU: 0.22380  ,  pro_loss: 0.28016
[train: Epoch 2, 250 / 1875] FPS: 75.4 (583.4)  ,  DataTime: 0.367 (0.011)  ,  ForwardTime: 0.046  ,  TotalTime: 0.425  ,  Loss/total: 4.61266  ,  Loss/ce: 4.55655  ,  IoU: 0.22703  ,  pro_loss: 0.28054
[train: Epoch 2, 300 / 1875] FPS: 66.8 (569.2)  ,  DataTime: 0.423 (0.010)  ,  ForwardTime: 0.046  ,  TotalTime: 0.479  ,  Loss/total: 4.60601  ,  Loss/ce: 4.54987  ,  IoU: 0.23043  ,  pro_loss: 0.28073
[train: Epoch 2, 350 / 1875] FPS: 62.4 (579.4)  ,  DataTime: 0.458 (0.009)  ,  ForwardTime: 0.046  ,  TotalTime: 0.513  ,  Loss/total: 4.60122  ,  Loss/ce: 4.54517  ,  IoU: 0.23334  ,  pro_loss: 0.28027
[train: Epoch 2, 400 / 1875] FPS: 59.0 (9.0)  ,  DataTime: 0.488 (0.009)  ,  ForwardTime: 0.046  ,  TotalTime: 0.542  ,  Loss/total: 4.59358  ,  Loss/ce: 4.53742  ,  IoU: 0.23658  ,  pro_loss: 0.28076
[train: Epoch 2, 450 / 1875] FPS: 58.6 (574.4)  ,  DataTime: 0.492 (0.008)  ,  ForwardTime: 0.046  ,  TotalTime: 0.546  ,  Loss/total: 4.58803  ,  Loss/ce: 4.53193  ,  IoU: 0.24027  ,  pro_loss: 0.28051
[train: Epoch 2, 500 / 1875] FPS: 58.1 (617.6)  ,  DataTime: 0.498 (0.008)  ,  ForwardTime: 0.046  ,  TotalTime: 0.551  ,  Loss/total: 4.58017  ,  Loss/ce: 4.52417  ,  IoU: 0.24318  ,  pro_loss: 0.28000
[train: Epoch 2, 550 / 1875] FPS: 57.4 (615.0)  ,  DataTime: 0.504 (0.008)  ,  ForwardTime: 0.046  ,  TotalTime: 0.557  ,  Loss/total: 4.57622  ,  Loss/ce: 4.52033  ,  IoU: 0.24510  ,  pro_loss: 0.27947
[train: Epoch 2, 600 / 1875] FPS: 57.3 (617.7)  ,  DataTime: 0.505 (0.008)  ,  ForwardTime: 0.045  ,  TotalTime: 0.558  ,  Loss/total: 4.57024  ,  Loss/ce: 4.51458  ,  IoU: 0.24823  ,  pro_loss: 0.27826
[train: Epoch 2, 650 / 1875] FPS: 57.3 (587.3)  ,  DataTime: 0.505 (0.007)  ,  ForwardTime: 0.045  ,  TotalTime: 0.558  ,  Loss/total: 4.56491  ,  Loss/ce: 4.50935  ,  IoU: 0.24951  ,  pro_loss: 0.27784
[train: Epoch 2, 700 / 1875] FPS: 57.7 (619.4)  ,  DataTime: 0.502 (0.007)  ,  ForwardTime: 0.045  ,  TotalTime: 0.555  ,  Loss/total: 4.55902  ,  Loss/ce: 4.50345  ,  IoU: 0.25260  ,  pro_loss: 0.27781
[train: Epoch 2, 750 / 1875] FPS: 57.5 (7.8)  ,  DataTime: 0.504 (0.007)  ,  ForwardTime: 0.045  ,  TotalTime: 0.556  ,  Loss/total: 4.55400  ,  Loss/ce: 4.49850  ,  IoU: 0.25484  ,  pro_loss: 0.27747
[train: Epoch 2, 800 / 1875] FPS: 57.9 (622.1)  ,  DataTime: 0.500 (0.007)  ,  ForwardTime: 0.045  ,  TotalTime: 0.552  ,  Loss/total: 4.54859  ,  Loss/ce: 4.49325  ,  IoU: 0.25767  ,  pro_loss: 0.27672
[train: Epoch 2, 850 / 1875] FPS: 58.3 (619.1)  ,  DataTime: 0.497 (0.007)  ,  ForwardTime: 0.045  ,  TotalTime: 0.549  ,  Loss/total: 4.54415  ,  Loss/ce: 4.48890  ,  IoU: 0.25999  ,  pro_loss: 0.27623
[train: Epoch 2, 900 / 1875] FPS: 58.8 (606.8)  ,  DataTime: 0.492 (0.007)  ,  ForwardTime: 0.045  ,  TotalTime: 0.544  ,  Loss/total: 4.53924  ,  Loss/ce: 4.48413  ,  IoU: 0.26221  ,  pro_loss: 0.27559
[train: Epoch 2, 950 / 1875] FPS: 59.3 (614.1)  ,  DataTime: 0.488 (0.007)  ,  ForwardTime: 0.045  ,  TotalTime: 0.540  ,  Loss/total: 4.53456  ,  Loss/ce: 4.47948  ,  IoU: 0.26476  ,  pro_loss: 0.27541
[train: Epoch 2, 1000 / 1875] FPS: 59.8 (622.8)  ,  DataTime: 0.484 (0.007)  ,  ForwardTime: 0.045  ,  TotalTime: 0.535  ,  Loss/total: 4.52991  ,  Loss/ce: 4.47490  ,  IoU: 0.26731  ,  pro_loss: 0.27504
[train: Epoch 2, 1050 / 1875] FPS: 60.3 (623.6)  ,  DataTime: 0.479 (0.006)  ,  ForwardTime: 0.045  ,  TotalTime: 0.531  ,  Loss/total: 4.52506  ,  Loss/ce: 4.47011  ,  IoU: 0.27029  ,  pro_loss: 0.27473
[train: Epoch 2, 1100 / 1875] FPS: 60.6 (597.4)  ,  DataTime: 0.477 (0.006)  ,  ForwardTime: 0.045  ,  TotalTime: 0.528  ,  Loss/total: 4.51937  ,  Loss/ce: 4.46452  ,  IoU: 0.27355  ,  pro_loss: 0.27426
[train: Epoch 2, 1150 / 1875] FPS: 61.2 (611.6)  ,  DataTime: 0.472 (0.006)  ,  ForwardTime: 0.045  ,  TotalTime: 0.523  ,  Loss/total: 4.51426  ,  Loss/ce: 4.45951  ,  IoU: 0.27671  ,  pro_loss: 0.27378
[train: Epoch 2, 1200 / 1875] FPS: 61.6 (616.2)  ,  DataTime: 0.468 (0.006)  ,  ForwardTime: 0.045  ,  TotalTime: 0.520  ,  Loss/total: 4.50923  ,  Loss/ce: 4.45456  ,  IoU: 0.27990  ,  pro_loss: 0.27335
[train: Epoch 2, 1250 / 1875] FPS: 62.2 (580.1)  ,  DataTime: 0.463 (0.006)  ,  ForwardTime: 0.045  ,  TotalTime: 0.514  ,  Loss/total: 4.50514  ,  Loss/ce: 4.45057  ,  IoU: 0.28263  ,  pro_loss: 0.27283
[train: Epoch 2, 1300 / 1875] FPS: 62.6 (594.7)  ,  DataTime: 0.460 (0.006)  ,  ForwardTime: 0.045  ,  TotalTime: 0.511  ,  Loss/total: 4.50025  ,  Loss/ce: 4.44580  ,  IoU: 0.28478  ,  pro_loss: 0.27224
[train: Epoch 2, 1350 / 1875] FPS: 62.9 (606.8)  ,  DataTime: 0.457 (0.006)  ,  ForwardTime: 0.045  ,  TotalTime: 0.508  ,  Loss/total: 4.49531  ,  Loss/ce: 4.44093  ,  IoU: 0.28701  ,  pro_loss: 0.27193
[train: Epoch 2, 1400 / 1875] FPS: 63.5 (617.5)  ,  DataTime: 0.452 (0.006)  ,  ForwardTime: 0.045  ,  TotalTime: 0.504  ,  Loss/total: 4.48994  ,  Loss/ce: 4.43562  ,  IoU: 0.28905  ,  pro_loss: 0.27159
[train: Epoch 2, 1450 / 1875] FPS: 63.6 (10.7)  ,  DataTime: 0.452 (0.006)  ,  ForwardTime: 0.045  ,  TotalTime: 0.503  ,  Loss/total: 4.48577  ,  Loss/ce: 4.43158  ,  IoU: 0.29054  ,  pro_loss: 0.27096
[train: Epoch 2, 1500 / 1875] FPS: 64.2 (580.1)  ,  DataTime: 0.448 (0.006)  ,  ForwardTime: 0.045  ,  TotalTime: 0.499  ,  Loss/total: 4.48101  ,  Loss/ce: 4.42687  ,  IoU: 0.29240  ,  pro_loss: 0.27067
[train: Epoch 2, 1550 / 1875] FPS: 64.7 (613.7)  ,  DataTime: 0.444 (0.006)  ,  ForwardTime: 0.045  ,  TotalTime: 0.495  ,  Loss/total: 4.47718  ,  Loss/ce: 4.42317  ,  IoU: 0.29436  ,  pro_loss: 0.27009
[train: Epoch 2, 1600 / 1875] FPS: 65.2 (596.0)  ,  DataTime: 0.440 (0.006)  ,  ForwardTime: 0.045  ,  TotalTime: 0.491  ,  Loss/total: 4.47279  ,  Loss/ce: 4.41884  ,  IoU: 0.29668  ,  pro_loss: 0.26976
[train: Epoch 2, 1650 / 1875] FPS: 65.7 (625.9)  ,  DataTime: 0.436 (0.006)  ,  ForwardTime: 0.045  ,  TotalTime: 0.487  ,  Loss/total: 4.46839  ,  Loss/ce: 4.41452  ,  IoU: 0.29899  ,  pro_loss: 0.26937
[train: Epoch 2, 1700 / 1875] FPS: 65.8 (11.1)  ,  DataTime: 0.435 (0.006)  ,  ForwardTime: 0.045  ,  TotalTime: 0.486  ,  Loss/total: 4.46391  ,  Loss/ce: 4.41014  ,  IoU: 0.30159  ,  pro_loss: 0.26883
[train: Epoch 2, 1750 / 1875] FPS: 66.3 (17.0)  ,  DataTime: 0.432 (0.006)  ,  ForwardTime: 0.045  ,  TotalTime: 0.483  ,  Loss/total: 4.45926  ,  Loss/ce: 4.40559  ,  IoU: 0.30431  ,  pro_loss: 0.26836
[train: Epoch 2, 1800 / 1875] FPS: 66.9 (599.8)  ,  DataTime: 0.428 (0.006)  ,  ForwardTime: 0.045  ,  TotalTime: 0.479  ,  Loss/total: 4.45434  ,  Loss/ce: 4.40075  ,  IoU: 0.30700  ,  pro_loss: 0.26798
[train: Epoch 2, 1850 / 1875] FPS: 67.1 (575.7)  ,  DataTime: 0.426 (0.006)  ,  ForwardTime: 0.045  ,  TotalTime: 0.477  ,  Loss/total: 4.45032  ,  Loss/ce: 4.39678  ,  IoU: 0.30931  ,  pro_loss: 0.26769
[train: Epoch 2, 1875 / 1875] FPS: 67.4 (636.0)  ,  DataTime: 0.424 (0.006)  ,  ForwardTime: 0.045  ,  TotalTime: 0.475  ,  Loss/total: 4.44865  ,  Loss/ce: 4.39517  ,  IoU: 0.31051  ,  pro_loss: 0.26738
[train: Epoch 3, 50 / 1875] FPS: 67.7 (613.0)  ,  DataTime: 0.423 (0.005)  ,  ForwardTime: 0.045  ,  TotalTime: 0.473  ,  Loss/total: 4.27675  ,  Loss/ce: 4.22608  ,  IoU: 0.41428  ,  pro_loss: 0.25333
[train: Epoch 3, 100 / 1875] FPS: 72.7 (534.2)  ,  DataTime: 0.390 (0.005)  ,  ForwardTime: 0.045  ,  TotalTime: 0.440  ,  Loss/total: 4.27710  ,  Loss/ce: 4.22695  ,  IoU: 0.40452  ,  pro_loss: 0.25073
[train: Epoch 3, 150 / 1875] FPS: 75.3 (618.0)  ,  DataTime: 0.374 (0.005)  ,  ForwardTime: 0.045  ,  TotalTime: 0.425  ,  Loss/total: 4.27900  ,  Loss/ce: 4.22916  ,  IoU: 0.40563  ,  pro_loss: 0.24924
[train: Epoch 3, 200 / 1875] FPS: 77.9 (577.7)  ,  DataTime: 0.360 (0.005)  ,  ForwardTime: 0.045  ,  TotalTime: 0.411  ,  Loss/total: 4.27328  ,  Loss/ce: 4.22374  ,  IoU: 0.41136  ,  pro_loss: 0.24771
[train: Epoch 3, 250 / 1875] FPS: 78.6 (572.9)  ,  DataTime: 0.357 (0.005)  ,  ForwardTime: 0.045  ,  TotalTime: 0.407  ,  Loss/total: 4.27224  ,  Loss/ce: 4.22291  ,  IoU: 0.41255  ,  pro_loss: 0.24667
[train: Epoch 3, 300 / 1875] FPS: 79.2 (547.0)  ,  DataTime: 0.354 (0.005)  ,  ForwardTime: 0.045  ,  TotalTime: 0.404  ,  Loss/total: 4.27044  ,  Loss/ce: 4.22117  ,  IoU: 0.41360  ,  pro_loss: 0.24639
[train: Epoch 3, 350 / 1875] FPS: 79.6 (609.8)  ,  DataTime: 0.352 (0.005)  ,  ForwardTime: 0.045  ,  TotalTime: 0.402  ,  Loss/total: 4.26727  ,  Loss/ce: 4.21794  ,  IoU: 0.41318  ,  pro_loss: 0.24667
[train: Epoch 3, 400 / 1875] FPS: 80.3 (608.1)  ,  DataTime: 0.348 (0.005)  ,  ForwardTime: 0.045  ,  TotalTime: 0.399  ,  Loss/total: 4.26635  ,  Loss/ce: 4.21728  ,  IoU: 0.41420  ,  pro_loss: 0.24537
[train: Epoch 3, 450 / 1875] FPS: 79.5 (10.4)  ,  DataTime: 0.352 (0.005)  ,  ForwardTime: 0.045  ,  TotalTime: 0.402  ,  Loss/total: 4.25909  ,  Loss/ce: 4.21027  ,  IoU: 0.41621  ,  pro_loss: 0.24410
[train: Epoch 3, 500 / 1875] FPS: 80.9 (589.9)  ,  DataTime: 0.345 (0.005)  ,  ForwardTime: 0.045  ,  TotalTime: 0.396  ,  Loss/total: 4.25712  ,  Loss/ce: 4.20833  ,  IoU: 0.41835  ,  pro_loss: 0.24396
[train: Epoch 3, 550 / 1875] FPS: 80.7 (12.6)  ,  DataTime: 0.346 (0.005)  ,  ForwardTime: 0.045  ,  TotalTime: 0.396  ,  Loss/total: 4.25413  ,  Loss/ce: 4.20552  ,  IoU: 0.41901  ,  pro_loss: 0.24303
[train: Epoch 3, 600 / 1875] FPS: 81.4 (581.5)  ,  DataTime: 0.343 (0.005)  ,  ForwardTime: 0.045  ,  TotalTime: 0.393  ,  Loss/total: 4.25124  ,  Loss/ce: 4.20268  ,  IoU: 0.42170  ,  pro_loss: 0.24281
[train: Epoch 3, 650 / 1875] FPS: 82.0 (595.5)  ,  DataTime: 0.340 (0.005)  ,  ForwardTime: 0.045  ,  TotalTime: 0.390  ,  Loss/total: 4.24789  ,  Loss/ce: 4.19948  ,  IoU: 0.42382  ,  pro_loss: 0.24207
[train: Epoch 3, 700 / 1875] FPS: 82.0 (16.4)  ,  DataTime: 0.340 (0.005)  ,  ForwardTime: 0.045  ,  TotalTime: 0.390  ,  Loss/total: 4.24526  ,  Loss/ce: 4.19700  ,  IoU: 0.42550  ,  pro_loss: 0.24130
[train: Epoch 3, 750 / 1875] FPS: 82.5 (586.3)  ,  DataTime: 0.338 (0.005)  ,  ForwardTime: 0.045  ,  TotalTime: 0.388  ,  Loss/total: 4.24243  ,  Loss/ce: 4.19426  ,  IoU: 0.42655  ,  pro_loss: 0.24086
[train: Epoch 3, 800 / 1875] FPS: 83.4 (612.3)  ,  DataTime: 0.333 (0.005)  ,  ForwardTime: 0.045  ,  TotalTime: 0.384  ,  Loss/total: 4.23867  ,  Loss/ce: 4.19060  ,  IoU: 0.42827  ,  pro_loss: 0.24038
[train: Epoch 3, 850 / 1875] FPS: 83.8 (591.4)  ,  DataTime: 0.332 (0.005)  ,  ForwardTime: 0.045  ,  TotalTime: 0.382  ,  Loss/total: 4.23577  ,  Loss/ce: 4.18777  ,  IoU: 0.43005  ,  pro_loss: 0.23998
[train: Epoch 3, 900 / 1875] FPS: 83.8 (573.4)  ,  DataTime: 0.332 (0.005)  ,  ForwardTime: 0.045  ,  TotalTime: 0.382  ,  Loss/total: 4.23214  ,  Loss/ce: 4.18431  ,  IoU: 0.43174  ,  pro_loss: 0.23914
[train: Epoch 3, 950 / 1875] FPS: 84.3 (587.8)  ,  DataTime: 0.329 (0.005)  ,  ForwardTime: 0.045  ,  TotalTime: 0.380  ,  Loss/total: 4.22951  ,  Loss/ce: 4.18182  ,  IoU: 0.43357  ,  pro_loss: 0.23848
[train: Epoch 3, 1000 / 1875] FPS: 84.7 (561.4)  ,  DataTime: 0.328 (0.005)  ,  ForwardTime: 0.045  ,  TotalTime: 0.378  ,  Loss/total: 4.22721  ,  Loss/ce: 4.17965  ,  IoU: 0.43532  ,  pro_loss: 0.23777
[train: Epoch 3, 1050 / 1875] FPS: 84.8 (585.7)  ,  DataTime: 0.327 (0.005)  ,  ForwardTime: 0.045  ,  TotalTime: 0.377  ,  Loss/total: 4.22418  ,  Loss/ce: 4.17672  ,  IoU: 0.43733  ,  pro_loss: 0.23733
[train: Epoch 3, 1100 / 1875] FPS: 85.5 (613.1)  ,  DataTime: 0.324 (0.005)  ,  ForwardTime: 0.045  ,  TotalTime: 0.374  ,  Loss/total: 4.22062  ,  Loss/ce: 4.17326  ,  IoU: 0.43890  ,  pro_loss: 0.23682
[train: Epoch 3, 1150 / 1875] FPS: 85.6 (616.4)  ,  DataTime: 0.324 (0.005)  ,  ForwardTime: 0.045  ,  TotalTime: 0.374  ,  Loss/total: 4.21776  ,  Loss/ce: 4.17055  ,  IoU: 0.44055  ,  pro_loss: 0.23606
[train: Epoch 3, 1200 / 1875] FPS: 85.7 (636.0)  ,  DataTime: 0.323 (0.005)  ,  ForwardTime: 0.045  ,  TotalTime: 0.373  ,  Loss/total: 4.21501  ,  Loss/ce: 4.16787  ,  IoU: 0.44199  ,  pro_loss: 0.23575
[train: Epoch 3, 1250 / 1875] FPS: 86.3 (110.4)  ,  DataTime: 0.321 (0.005)  ,  ForwardTime: 0.045  ,  TotalTime: 0.371  ,  Loss/total: 4.21276  ,  Loss/ce: 4.16567  ,  IoU: 0.44299  ,  pro_loss: 0.23546
[train: Epoch 3, 1300 / 1875] FPS: 86.1 (15.1)  ,  DataTime: 0.322 (0.005)  ,  ForwardTime: 0.045  ,  TotalTime: 0.372  ,  Loss/total: 4.20979  ,  Loss/ce: 4.16272  ,  IoU: 0.44424  ,  pro_loss: 0.23535
[train: Epoch 3, 1350 / 1875] FPS: 86.5 (609.5)  ,  DataTime: 0.320 (0.005)  ,  ForwardTime: 0.045  ,  TotalTime: 0.370  ,  Loss/total: 4.20759  ,  Loss/ce: 4.16060  ,  IoU: 0.44512  ,  pro_loss: 0.23495
[train: Epoch 3, 1400 / 1875] FPS: 86.7 (633.3)  ,  DataTime: 0.319 (0.005)  ,  ForwardTime: 0.045  ,  TotalTime: 0.369  ,  Loss/total: 4.20462  ,  Loss/ce: 4.15772  ,  IoU: 0.44656  ,  pro_loss: 0.23448
[train: Epoch 3, 1450 / 1875] FPS: 86.8 (587.7)  ,  DataTime: 0.319 (0.005)  ,  ForwardTime: 0.045  ,  TotalTime: 0.369  ,  Loss/total: 4.20207  ,  Loss/ce: 4.15524  ,  IoU: 0.44800  ,  pro_loss: 0.23416
[train: Epoch 3, 1500 / 1875] FPS: 86.8 (20.6)  ,  DataTime: 0.319 (0.005)  ,  ForwardTime: 0.045  ,  TotalTime: 0.368  ,  Loss/total: 4.19966  ,  Loss/ce: 4.15291  ,  IoU: 0.44939  ,  pro_loss: 0.23376
[train: Epoch 3, 1550 / 1875] FPS: 87.2 (599.8)  ,  DataTime: 0.317 (0.005)  ,  ForwardTime: 0.045  ,  TotalTime: 0.367  ,  Loss/total: 4.19706  ,  Loss/ce: 4.15040  ,  IoU: 0.45065  ,  pro_loss: 0.23328
[train: Epoch 3, 1600 / 1875] FPS: 87.5 (624.1)  ,  DataTime: 0.316 (0.005)  ,  ForwardTime: 0.045  ,  TotalTime: 0.366  ,  Loss/total: 4.19393  ,  Loss/ce: 4.14731  ,  IoU: 0.45242  ,  pro_loss: 0.23309
[train: Epoch 3, 1650 / 1875] FPS: 88.0 (619.8)  ,  DataTime: 0.314 (0.005)  ,  ForwardTime: 0.045  ,  TotalTime: 0.364  ,  Loss/total: 4.19154  ,  Loss/ce: 4.14496  ,  IoU: 0.45344  ,  pro_loss: 0.23289
[train: Epoch 3, 1700 / 1875] FPS: 88.1 (22.6)  ,  DataTime: 0.313 (0.005)  ,  ForwardTime: 0.045  ,  TotalTime: 0.363  ,  Loss/total: 4.18858  ,  Loss/ce: 4.14209  ,  IoU: 0.45472  ,  pro_loss: 0.23244
[train: Epoch 3, 1750 / 1875] FPS: 88.3 (13.5)  ,  DataTime: 0.312 (0.005)  ,  ForwardTime: 0.045  ,  TotalTime: 0.362  ,  Loss/total: 4.18589  ,  Loss/ce: 4.13948  ,  IoU: 0.45534  ,  pro_loss: 0.23202
[train: Epoch 3, 1800 / 1875] FPS: 88.7 (588.6)  ,  DataTime: 0.311 (0.005)  ,  ForwardTime: 0.045  ,  TotalTime: 0.361  ,  Loss/total: 4.18313  ,  Loss/ce: 4.13678  ,  IoU: 0.45637  ,  pro_loss: 0.23175
[train: Epoch 3, 1850 / 1875] FPS: 89.1 (572.9)  ,  DataTime: 0.309 (0.005)  ,  ForwardTime: 0.045  ,  TotalTime: 0.359  ,  Loss/total: 4.18083  ,  Loss/ce: 4.13457  ,  IoU: 0.45779  ,  pro_loss: 0.23126
[train: Epoch 3, 1875 / 1875] FPS: 89.5 (615.0)  ,  DataTime: 0.308 (0.005)  ,  ForwardTime: 0.045  ,  TotalTime: 0.358  ,  Loss/total: 4.17962  ,  Loss/ce: 4.13340  ,  IoU: 0.45841  ,  pro_loss: 0.23108
[train: Epoch 4, 50 / 1875] FPS: 81.8 (580.9)  ,  DataTime: 0.340 (0.005)  ,  ForwardTime: 0.046  ,  TotalTime: 0.391  ,  Loss/total: 4.09689  ,  Loss/ce: 4.05298  ,  IoU: 0.50869  ,  pro_loss: 0.21958
[train: Epoch 4, 100 / 1875] FPS: 94.5 (605.9)  ,  DataTime: 0.288 (0.005)  ,  ForwardTime: 0.045  ,  TotalTime: 0.339  ,  Loss/total: 4.09064  ,  Loss/ce: 4.04760  ,  IoU: 0.50829  ,  pro_loss: 0.21521
[train: Epoch 4, 150 / 1875] FPS: 96.4 (573.2)  ,  DataTime: 0.281 (0.005)  ,  ForwardTime: 0.045  ,  TotalTime: 0.332  ,  Loss/total: 4.07804  ,  Loss/ce: 4.03483  ,  IoU: 0.50893  ,  pro_loss: 0.21604
[train: Epoch 4, 200 / 1875] FPS: 96.9 (599.0)  ,  DataTime: 0.280 (0.005)  ,  ForwardTime: 0.045  ,  TotalTime: 0.330  ,  Loss/total: 4.07312  ,  Loss/ce: 4.03003  ,  IoU: 0.51176  ,  pro_loss: 0.21548
[train: Epoch 4, 250 / 1875] FPS: 97.8 (599.5)  ,  DataTime: 0.277 (0.005)  ,  ForwardTime: 0.045  ,  TotalTime: 0.327  ,  Loss/total: 4.07130  ,  Loss/ce: 4.02820  ,  IoU: 0.51175  ,  pro_loss: 0.21547
[train: Epoch 4, 300 / 1875] FPS: 99.1 (627.1)  ,  DataTime: 0.273 (0.005)  ,  ForwardTime: 0.045  ,  TotalTime: 0.323  ,  Loss/total: 4.07115  ,  Loss/ce: 4.02790  ,  IoU: 0.51075  ,  pro_loss: 0.21626
[train: Epoch 4, 350 / 1875] FPS: 100.8 (618.9)  ,  DataTime: 0.267 (0.005)  ,  ForwardTime: 0.045  ,  TotalTime: 0.317  ,  Loss/total: 4.06960  ,  Loss/ce: 4.02639  ,  IoU: 0.51097  ,  pro_loss: 0.21608
[train: Epoch 4, 400 / 1875] FPS: 101.0 (572.4)  ,  DataTime: 0.267 (0.005)  ,  ForwardTime: 0.045  ,  TotalTime: 0.317  ,  Loss/total: 4.06832  ,  Loss/ce: 4.02540  ,  IoU: 0.51113  ,  pro_loss: 0.21459
[train: Epoch 4, 450 / 1875] FPS: 101.6 (583.5)  ,  DataTime: 0.265 (0.005)  ,  ForwardTime: 0.045  ,  TotalTime: 0.315  ,  Loss/total: 4.06506  ,  Loss/ce: 4.02215  ,  IoU: 0.51364  ,  pro_loss: 0.21452
[train: Epoch 4, 500 / 1875] FPS: 101.6 (26.7)  ,  DataTime: 0.265 (0.005)  ,  ForwardTime: 0.045  ,  TotalTime: 0.315  ,  Loss/total: 4.06224  ,  Loss/ce: 4.01933  ,  IoU: 0.51511  ,  pro_loss: 0.21452
[train: Epoch 4, 550 / 1875] FPS: 102.9 (585.2)  ,  DataTime: 0.261 (0.005)  ,  ForwardTime: 0.045  ,  TotalTime: 0.311  ,  Loss/total: 4.06035  ,  Loss/ce: 4.01746  ,  IoU: 0.51664  ,  pro_loss: 0.21445
[train: Epoch 4, 600 / 1875] FPS: 103.0 (623.9)  ,  DataTime: 0.261 (0.005)  ,  ForwardTime: 0.045  ,  TotalTime: 0.311  ,  Loss/total: 4.05816  ,  Loss/ce: 4.01524  ,  IoU: 0.51726  ,  pro_loss: 0.21459
[train: Epoch 4, 650 / 1875] FPS: 103.2 (629.8)  ,  DataTime: 0.260 (0.005)  ,  ForwardTime: 0.045  ,  TotalTime: 0.310  ,  Loss/total: 4.05709  ,  Loss/ce: 4.01433  ,  IoU: 0.51759  ,  pro_loss: 0.21380
[train: Epoch 4, 700 / 1875] FPS: 103.7 (585.7)  ,  DataTime: 0.258 (0.005)  ,  ForwardTime: 0.045  ,  TotalTime: 0.309  ,  Loss/total: 4.05505  ,  Loss/ce: 4.01226  ,  IoU: 0.51868  ,  pro_loss: 0.21398
[train: Epoch 4, 750 / 1875] FPS: 104.0 (569.0)  ,  DataTime: 0.257 (0.005)  ,  ForwardTime: 0.045  ,  TotalTime: 0.308  ,  Loss/total: 4.05334  ,  Loss/ce: 4.01052  ,  IoU: 0.51903  ,  pro_loss: 0.21409
[train: Epoch 4, 800 / 1875] FPS: 104.9 (613.8)  ,  DataTime: 0.255 (0.005)  ,  ForwardTime: 0.045  ,  TotalTime: 0.305  ,  Loss/total: 4.05167  ,  Loss/ce: 4.00891  ,  IoU: 0.51953  ,  pro_loss: 0.21377
[train: Epoch 4, 850 / 1875] FPS: 104.5 (618.6)  ,  DataTime: 0.256 (0.005)  ,  ForwardTime: 0.045  ,  TotalTime: 0.306  ,  Loss/total: 4.05004  ,  Loss/ce: 4.00732  ,  IoU: 0.52011  ,  pro_loss: 0.21357
[train: Epoch 4, 900 / 1875] FPS: 105.3 (570.9)  ,  DataTime: 0.254 (0.005)  ,  ForwardTime: 0.045  ,  TotalTime: 0.304  ,  Loss/total: 4.04932  ,  Loss/ce: 4.00668  ,  IoU: 0.52059  ,  pro_loss: 0.21321
[train: Epoch 4, 950 / 1875] FPS: 104.8 (618.6)  ,  DataTime: 0.255 (0.005)  ,  ForwardTime: 0.045  ,  TotalTime: 0.305  ,  Loss/total: 4.04839  ,  Loss/ce: 4.00574  ,  IoU: 0.52051  ,  pro_loss: 0.21325
[train: Epoch 4, 1000 / 1875] FPS: 105.4 (596.9)  ,  DataTime: 0.254 (0.005)  ,  ForwardTime: 0.045  ,  TotalTime: 0.304  ,  Loss/total: 4.04757  ,  Loss/ce: 4.00508  ,  IoU: 0.52060  ,  pro_loss: 0.21249
[train: Epoch 4, 1050 / 1875] FPS: 105.2 (591.5)  ,  DataTime: 0.254 (0.005)  ,  ForwardTime: 0.045  ,  TotalTime: 0.304  ,  Loss/total: 4.04697  ,  Loss/ce: 4.00449  ,  IoU: 0.52133  ,  pro_loss: 0.21236
[train: Epoch 4, 1100 / 1875] FPS: 105.9 (613.2)  ,  DataTime: 0.252 (0.005)  ,  ForwardTime: 0.045  ,  TotalTime: 0.302  ,  Loss/total: 4.04510  ,  Loss/ce: 4.00260  ,  IoU: 0.52213  ,  pro_loss: 0.21251
[train: Epoch 4, 1150 / 1875] FPS: 106.4 (565.6)  ,  DataTime: 0.251 (0.005)  ,  ForwardTime: 0.045  ,  TotalTime: 0.301  ,  Loss/total: 4.04338  ,  Loss/ce: 4.00098  ,  IoU: 0.52310  ,  pro_loss: 0.21201
[train: Epoch 4, 1200 / 1875] FPS: 106.4 (581.4)  ,  DataTime: 0.250 (0.005)  ,  ForwardTime: 0.045  ,  TotalTime: 0.301  ,  Loss/total: 4.04140  ,  Loss/ce: 3.99908  ,  IoU: 0.52393  ,  pro_loss: 0.21160
[train: Epoch 4, 1250 / 1875] FPS: 106.9 (575.1)  ,  DataTime: 0.249 (0.005)  ,  ForwardTime: 0.045  ,  TotalTime: 0.299  ,  Loss/total: 4.03946  ,  Loss/ce: 3.99726  ,  IoU: 0.52492  ,  pro_loss: 0.21103
[train: Epoch 4, 1300 / 1875] FPS: 107.0 (578.4)  ,  DataTime: 0.249 (0.005)  ,  ForwardTime: 0.045  ,  TotalTime: 0.299  ,  Loss/total: 4.03771  ,  Loss/ce: 3.99562  ,  IoU: 0.52550  ,  pro_loss: 0.21044
[train: Epoch 4, 1350 / 1875] FPS: 106.7 (14.4)  ,  DataTime: 0.250 (0.005)  ,  ForwardTime: 0.045  ,  TotalTime: 0.300  ,  Loss/total: 4.03680  ,  Loss/ce: 3.99480  ,  IoU: 0.52600  ,  pro_loss: 0.20999
[train: Epoch 4, 1400 / 1875] FPS: 106.1 (599.2)  ,  DataTime: 0.251 (0.005)  ,  ForwardTime: 0.045  ,  TotalTime: 0.302  ,  Loss/total: 4.03533  ,  Loss/ce: 3.99346  ,  IoU: 0.52655  ,  pro_loss: 0.20935
[train: Epoch 4, 1450 / 1875] FPS: 105.9 (580.9)  ,  DataTime: 0.252 (0.005)  ,  ForwardTime: 0.045  ,  TotalTime: 0.302  ,  Loss/total: 4.03406  ,  Loss/ce: 3.99230  ,  IoU: 0.52742  ,  pro_loss: 0.20882
[train: Epoch 4, 1500 / 1875] FPS: 105.6 (579.6)  ,  DataTime: 0.253 (0.005)  ,  ForwardTime: 0.045  ,  TotalTime: 0.303  ,  Loss/total: 4.03245  ,  Loss/ce: 3.99072  ,  IoU: 0.52798  ,  pro_loss: 0.20862
[train: Epoch 4, 1550 / 1875] FPS: 105.0 (21.9)  ,  DataTime: 0.254 (0.005)  ,  ForwardTime: 0.045  ,  TotalTime: 0.305  ,  Loss/total: 4.03117  ,  Loss/ce: 3.98950  ,  IoU: 0.52829  ,  pro_loss: 0.20831
[train: Epoch 4, 1600 / 1875] FPS: 105.0 (573.9)  ,  DataTime: 0.255 (0.005)  ,  ForwardTime: 0.045  ,  TotalTime: 0.305  ,  Loss/total: 4.02966  ,  Loss/ce: 3.98812  ,  IoU: 0.52890  ,  pro_loss: 0.20771
[train: Epoch 4, 1650 / 1875] FPS: 104.6 (614.6)  ,  DataTime: 0.256 (0.005)  ,  ForwardTime: 0.045  ,  TotalTime: 0.306  ,  Loss/total: 4.02840  ,  Loss/ce: 3.98696  ,  IoU: 0.52937  ,  pro_loss: 0.20720
[train: Epoch 4, 1700 / 1875] FPS: 104.6 (586.9)  ,  DataTime: 0.256 (0.005)  ,  ForwardTime: 0.045  ,  TotalTime: 0.306  ,  Loss/total: 4.02686  ,  Loss/ce: 3.98553  ,  IoU: 0.52960  ,  pro_loss: 0.20666
[train: Epoch 4, 1750 / 1875] FPS: 104.3 (53.7)  ,  DataTime: 0.256 (0.005)  ,  ForwardTime: 0.045  ,  TotalTime: 0.307  ,  Loss/total: 4.02631  ,  Loss/ce: 3.98507  ,  IoU: 0.52982  ,  pro_loss: 0.20622
[train: Epoch 4, 1800 / 1875] FPS: 104.1 (211.9)  ,  DataTime: 0.257 (0.005)  ,  ForwardTime: 0.045  ,  TotalTime: 0.307  ,  Loss/total: 4.02521  ,  Loss/ce: 3.98409  ,  IoU: 0.53016  ,  pro_loss: 0.20561
[train: Epoch 4, 1850 / 1875] FPS: 103.8 (21.6)  ,  DataTime: 0.258 (0.005)  ,  ForwardTime: 0.045  ,  TotalTime: 0.308  ,  Loss/total: 4.02357  ,  Loss/ce: 3.98252  ,  IoU: 0.53045  ,  pro_loss: 0.20524
[train: Epoch 4, 1875 / 1875] FPS: 104.1 (621.7)  ,  DataTime: 0.257 (0.005)  ,  ForwardTime: 0.045  ,  TotalTime: 0.308  ,  Loss/total: 4.02296  ,  Loss/ce: 3.98194  ,  IoU: 0.53078  ,  pro_loss: 0.20511
[train: Epoch 5, 50 / 1875] FPS: 89.9 (578.9)  ,  DataTime: 0.305 (0.005)  ,  ForwardTime: 0.045  ,  TotalTime: 0.356  ,  Loss/total: 3.96774  ,  Loss/ce: 3.92978  ,  IoU: 0.55387  ,  pro_loss: 0.18979
[train: Epoch 5, 100 / 1875] FPS: 96.5 (572.8)  ,  DataTime: 0.281 (0.005)  ,  ForwardTime: 0.045  ,  TotalTime: 0.332  ,  Loss/total: 3.96760  ,  Loss/ce: 3.92894  ,  IoU: 0.54755  ,  pro_loss: 0.19333
[train: Epoch 5, 150 / 1875] FPS: 96.3 (577.7)  ,  DataTime: 0.282 (0.005)  ,  ForwardTime: 0.045  ,  TotalTime: 0.332  ,  Loss/total: 3.97119  ,  Loss/ce: 3.93288  ,  IoU: 0.54809  ,  pro_loss: 0.19153
[train: Epoch 5, 200 / 1875] FPS: 97.6 (594.7)  ,  DataTime: 0.278 (0.005)  ,  ForwardTime: 0.045  ,  TotalTime: 0.328  ,  Loss/total: 3.97292  ,  Loss/ce: 3.93466  ,  IoU: 0.54968  ,  pro_loss: 0.19130
[train: Epoch 5, 250 / 1875] FPS: 99.7 (633.3)  ,  DataTime: 0.271 (0.005)  ,  ForwardTime: 0.045  ,  TotalTime: 0.321  ,  Loss/total: 3.96942  ,  Loss/ce: 3.93128  ,  IoU: 0.55084  ,  pro_loss: 0.19071
[train: Epoch 5, 300 / 1875] FPS: 100.1 (579.6)  ,  DataTime: 0.270 (0.005)  ,  ForwardTime: 0.045  ,  TotalTime: 0.320  ,  Loss/total: 3.96334  ,  Loss/ce: 3.92524  ,  IoU: 0.55185  ,  pro_loss: 0.19049
[train: Epoch 5, 350 / 1875] FPS: 96.9 (580.4)  ,  DataTime: 0.280 (0.005)  ,  ForwardTime: 0.045  ,  TotalTime: 0.330  ,  Loss/total: 3.96422  ,  Loss/ce: 3.92590  ,  IoU: 0.55274  ,  pro_loss: 0.19161
[train: Epoch 5, 400 / 1875] FPS: 94.5 (576.9)  ,  DataTime: 0.288 (0.005)  ,  ForwardTime: 0.045  ,  TotalTime: 0.339  ,  Loss/total: 3.96496  ,  Loss/ce: 3.92669  ,  IoU: 0.55333  ,  pro_loss: 0.19135
[train: Epoch 5, 450 / 1875] FPS: 91.9 (610.4)  ,  DataTime: 0.298 (0.005)  ,  ForwardTime: 0.045  ,  TotalTime: 0.348  ,  Loss/total: 3.96632  ,  Loss/ce: 3.92813  ,  IoU: 0.55355  ,  pro_loss: 0.19095
[train: Epoch 5, 500 / 1875] FPS: 90.2 (587.8)  ,  DataTime: 0.304 (0.005)  ,  ForwardTime: 0.045  ,  TotalTime: 0.355  ,  Loss/total: 3.96418  ,  Loss/ce: 3.92608  ,  IoU: 0.55506  ,  pro_loss: 0.19048
[train: Epoch 5, 550 / 1875] FPS: 89.5 (25.9)  ,  DataTime: 0.307 (0.005)  ,  ForwardTime: 0.045  ,  TotalTime: 0.357  ,  Loss/total: 3.96279  ,  Loss/ce: 3.92459  ,  IoU: 0.55618  ,  pro_loss: 0.19104
[train: Epoch 5, 600 / 1875] FPS: 87.6 (14.8)  ,  DataTime: 0.315 (0.005)  ,  ForwardTime: 0.045  ,  TotalTime: 0.365  ,  Loss/total: 3.96364  ,  Loss/ce: 3.92550  ,  IoU: 0.55704  ,  pro_loss: 0.19068
[train: Epoch 5, 650 / 1875] FPS: 86.5 (567.7)  ,  DataTime: 0.320 (0.005)  ,  ForwardTime: 0.045  ,  TotalTime: 0.370  ,  Loss/total: 3.96139  ,  Loss/ce: 3.92329  ,  IoU: 0.55754  ,  pro_loss: 0.19051
[train: Epoch 5, 700 / 1875] FPS: 85.9 (584.9)  ,  DataTime: 0.323 (0.005)  ,  ForwardTime: 0.045  ,  TotalTime: 0.373  ,  Loss/total: 3.95998  ,  Loss/ce: 3.92197  ,  IoU: 0.55847  ,  pro_loss: 0.19006
[train: Epoch 5, 750 / 1875] FPS: 85.7 (616.6)  ,  DataTime: 0.323 (0.005)  ,  ForwardTime: 0.045  ,  TotalTime: 0.373  ,  Loss/total: 3.95804  ,  Loss/ce: 3.92003  ,  IoU: 0.55890  ,  pro_loss: 0.19003
[train: Epoch 5, 800 / 1875] FPS: 84.8 (25.4)  ,  DataTime: 0.327 (0.005)  ,  ForwardTime: 0.045  ,  TotalTime: 0.377  ,  Loss/total: 3.95637  ,  Loss/ce: 3.91832  ,  IoU: 0.55979  ,  pro_loss: 0.19022
[train: Epoch 5, 850 / 1875] FPS: 83.9 (11.1)  ,  DataTime: 0.331 (0.005)  ,  ForwardTime: 0.045  ,  TotalTime: 0.381  ,  Loss/total: 3.95512  ,  Loss/ce: 3.91708  ,  IoU: 0.55986  ,  pro_loss: 0.19020
[train: Epoch 5, 900 / 1875] FPS: 83.9 (628.2)  ,  DataTime: 0.331 (0.005)  ,  ForwardTime: 0.045  ,  TotalTime: 0.382  ,  Loss/total: 3.95487  ,  Loss/ce: 3.91683  ,  IoU: 0.55986  ,  pro_loss: 0.19022
[train: Epoch 5, 950 / 1875] FPS: 84.2 (622.6)  ,  DataTime: 0.330 (0.005)  ,  ForwardTime: 0.045  ,  TotalTime: 0.380  ,  Loss/total: 3.95372  ,  Loss/ce: 3.91570  ,  IoU: 0.56018  ,  pro_loss: 0.19008
[train: Epoch 5, 1000 / 1875] FPS: 84.1 (618.5)  ,  DataTime: 0.331 (0.005)  ,  ForwardTime: 0.045  ,  TotalTime: 0.381  ,  Loss/total: 3.95340  ,  Loss/ce: 3.91542  ,  IoU: 0.56074  ,  pro_loss: 0.18990
[train: Epoch 5, 1050 / 1875] FPS: 83.9 (9.9)  ,  DataTime: 0.332 (0.005)  ,  ForwardTime: 0.045  ,  TotalTime: 0.382  ,  Loss/total: 3.95315  ,  Loss/ce: 3.91519  ,  IoU: 0.56066  ,  pro_loss: 0.18980
[train: Epoch 5, 1100 / 1875] FPS: 83.9 (599.1)  ,  DataTime: 0.331 (0.005)  ,  ForwardTime: 0.045  ,  TotalTime: 0.381  ,  Loss/total: 3.95286  ,  Loss/ce: 3.91491  ,  IoU: 0.56078  ,  pro_loss: 0.18972
[train: Epoch 5, 1150 / 1875] FPS: 84.2 (635.3)  ,  DataTime: 0.330 (0.005)  ,  ForwardTime: 0.045  ,  TotalTime: 0.380  ,  Loss/total: 3.95112  ,  Loss/ce: 3.91322  ,  IoU: 0.56100  ,  pro_loss: 0.18951
[train: Epoch 5, 1200 / 1875] FPS: 84.3 (647.7)  ,  DataTime: 0.329 (0.005)  ,  ForwardTime: 0.045  ,  TotalTime: 0.379  ,  Loss/total: 3.95014  ,  Loss/ce: 3.91222  ,  IoU: 0.56120  ,  pro_loss: 0.18957
[train: Epoch 5, 1250 / 1875] FPS: 84.2 (618.2)  ,  DataTime: 0.330 (0.005)  ,  ForwardTime: 0.045  ,  TotalTime: 0.380  ,  Loss/total: 3.94923  ,  Loss/ce: 3.91126  ,  IoU: 0.56167  ,  pro_loss: 0.18988
[train: Epoch 5, 1300 / 1875] FPS: 84.2 (606.1)  ,  DataTime: 0.330 (0.005)  ,  ForwardTime: 0.045  ,  TotalTime: 0.380  ,  Loss/total: 3.94877  ,  Loss/ce: 3.91076  ,  IoU: 0.56194  ,  pro_loss: 0.19006
[train: Epoch 5, 1350 / 1875] FPS: 84.3 (587.6)  ,  DataTime: 0.330 (0.005)  ,  ForwardTime: 0.045  ,  TotalTime: 0.380  ,  Loss/total: 3.94755  ,  Loss/ce: 3.90961  ,  IoU: 0.56254  ,  pro_loss: 0.18974
[train: Epoch 5, 1400 / 1875] FPS: 84.4 (12.4)  ,  DataTime: 0.329 (0.005)  ,  ForwardTime: 0.045  ,  TotalTime: 0.379  ,  Loss/total: 3.94618  ,  Loss/ce: 3.90825  ,  IoU: 0.56306  ,  pro_loss: 0.18966
[train: Epoch 5, 1450 / 1875] FPS: 84.1 (594.9)  ,  DataTime: 0.330 (0.005)  ,  ForwardTime: 0.045  ,  TotalTime: 0.380  ,  Loss/total: 3.94519  ,  Loss/ce: 3.90725  ,  IoU: 0.56346  ,  pro_loss: 0.18971
[train: Epoch 5, 1500 / 1875] FPS: 84.2 (575.8)  ,  DataTime: 0.330 (0.005)  ,  ForwardTime: 0.045  ,  TotalTime: 0.380  ,  Loss/total: 3.94299  ,  Loss/ce: 3.90509  ,  IoU: 0.56425  ,  pro_loss: 0.18949
[train: Epoch 5, 1550 / 1875] FPS: 84.6 (600.3)  ,  DataTime: 0.328 (0.005)  ,  ForwardTime: 0.045  ,  TotalTime: 0.378  ,  Loss/total: 3.94143  ,  Loss/ce: 3.90353  ,  IoU: 0.56496  ,  pro_loss: 0.18953
[train: Epoch 5, 1600 / 1875] FPS: 84.3 (15.4)  ,  DataTime: 0.330 (0.005)  ,  ForwardTime: 0.045  ,  TotalTime: 0.380  ,  Loss/total: 3.93971  ,  Loss/ce: 3.90182  ,  IoU: 0.56567  ,  pro_loss: 0.18945
[train: Epoch 5, 1650 / 1875] FPS: 84.3 (548.9)  ,  DataTime: 0.329 (0.005)  ,  ForwardTime: 0.045  ,  TotalTime: 0.379  ,  Loss/total: 3.93922  ,  Loss/ce: 3.90133  ,  IoU: 0.56644  ,  pro_loss: 0.18943
[train: Epoch 5, 1700 / 1875] FPS: 84.4 (588.3)  ,  DataTime: 0.329 (0.005)  ,  ForwardTime: 0.045  ,  TotalTime: 0.379  ,  Loss/total: 3.93787  ,  Loss/ce: 3.89999  ,  IoU: 0.56720  ,  pro_loss: 0.18937
[train: Epoch 5, 1750 / 1875] FPS: 84.6 (602.4)  ,  DataTime: 0.328 (0.005)  ,  ForwardTime: 0.045  ,  TotalTime: 0.378  ,  Loss/total: 3.93643  ,  Loss/ce: 3.89859  ,  IoU: 0.56770  ,  pro_loss: 0.18918
[train: Epoch 5, 1800 / 1875] FPS: 84.5 (18.9)  ,  DataTime: 0.329 (0.005)  ,  ForwardTime: 0.045  ,  TotalTime: 0.379  ,  Loss/total: 3.93553  ,  Loss/ce: 3.89772  ,  IoU: 0.56789  ,  pro_loss: 0.18902
[train: Epoch 5, 1850 / 1875] FPS: 84.7 (581.3)  ,  DataTime: 0.328 (0.005)  ,  ForwardTime: 0.045  ,  TotalTime: 0.378  ,  Loss/total: 3.93540  ,  Loss/ce: 3.89765  ,  IoU: 0.56803  ,  pro_loss: 0.18873
[train: Epoch 5, 1875 / 1875] FPS: 84.8 (616.0)  ,  DataTime: 0.327 (0.005)  ,  ForwardTime: 0.045  ,  TotalTime: 0.377  ,  Loss/total: 3.93506  ,  Loss/ce: 3.89732  ,  IoU: 0.56827  ,  pro_loss: 0.18869
[train: Epoch 1, 50 / 1875] FPS: 53.8 (572.4)  ,  DataTime: 0.312 (0.005)  ,  ForwardTime: 0.278  ,  TotalTime: 0.595  ,  Loss/total: 6.75775  ,  Loss/ce: 6.73267  ,  IoU: 0.01299  ,  pro_loss: 0.12542
[train: Epoch 1, 100 / 1875] FPS: 67.0 (44.6)  ,  DataTime: 0.311 (0.005)  ,  ForwardTime: 0.161  ,  TotalTime: 0.478  ,  Loss/total: 6.53717  ,  Loss/ce: 6.51132  ,  IoU: 0.01604  ,  pro_loss: 0.12927
[train: Epoch 1, 150 / 1875] FPS: 73.9 (634.6)  ,  DataTime: 0.306 (0.005)  ,  ForwardTime: 0.122  ,  TotalTime: 0.433  ,  Loss/total: 6.34481  ,  Loss/ce: 6.31838  ,  IoU: 0.01677  ,  pro_loss: 0.13215
[train: Epoch 1, 200 / 1875] FPS: 78.0 (629.5)  ,  DataTime: 0.302 (0.005)  ,  ForwardTime: 0.103  ,  TotalTime: 0.410  ,  Loss/total: 6.15459  ,  Loss/ce: 6.12692  ,  IoU: 0.01618  ,  pro_loss: 0.13833
[train: Epoch 1, 250 / 1875] FPS: 79.6 (542.2)  ,  DataTime: 0.306 (0.005)  ,  ForwardTime: 0.091  ,  TotalTime: 0.402  ,  Loss/total: 6.01413  ,  Loss/ce: 5.98417  ,  IoU: 0.01538  ,  pro_loss: 0.14983
[train: Epoch 1, 300 / 1875] FPS: 81.3 (109.5)  ,  DataTime: 0.305 (0.005)  ,  ForwardTime: 0.083  ,  TotalTime: 0.394  ,  Loss/total: 5.91013  ,  Loss/ce: 5.87614  ,  IoU: 0.01516  ,  pro_loss: 0.16993
[train: Epoch 1, 350 / 1875] FPS: 82.8 (27.4)  ,  DataTime: 0.304 (0.005)  ,  ForwardTime: 0.078  ,  TotalTime: 0.387  ,  Loss/total: 5.82659  ,  Loss/ce: 5.78914  ,  IoU: 0.01541  ,  pro_loss: 0.18723
[train: Epoch 1, 400 / 1875] FPS: 84.2 (606.9)  ,  DataTime: 0.301 (0.005)  ,  ForwardTime: 0.074  ,  TotalTime: 0.380  ,  Loss/total: 5.75729  ,  Loss/ce: 5.71718  ,  IoU: 0.01575  ,  pro_loss: 0.20057
[train: Epoch 1, 450 / 1875] FPS: 84.3 (608.7)  ,  DataTime: 0.304 (0.005)  ,  ForwardTime: 0.070  ,  TotalTime: 0.380  ,  Loss/total: 5.69958  ,  Loss/ce: 5.65745  ,  IoU: 0.01608  ,  pro_loss: 0.21063
[train: Epoch 1, 500 / 1875] FPS: 85.4 (571.3)  ,  DataTime: 0.302 (0.005)  ,  ForwardTime: 0.068  ,  TotalTime: 0.375  ,  Loss/total: 5.65074  ,  Loss/ce: 5.60709  ,  IoU: 0.01637  ,  pro_loss: 0.21825
[train: Epoch 1, 550 / 1875] FPS: 86.2 (625.7)  ,  DataTime: 0.300 (0.005)  ,  ForwardTime: 0.066  ,  TotalTime: 0.371  ,  Loss/total: 5.60817  ,  Loss/ce: 5.56351  ,  IoU: 0.01657  ,  pro_loss: 0.22326
[train: Epoch 1, 600 / 1875] FPS: 86.9 (60.7)  ,  DataTime: 0.299 (0.005)  ,  ForwardTime: 0.064  ,  TotalTime: 0.368  ,  Loss/total: 5.57075  ,  Loss/ce: 5.52519  ,  IoU: 0.01669  ,  pro_loss: 0.22778
[train: Epoch 1, 650 / 1875] FPS: 87.6 (43.2)  ,  DataTime: 0.298 (0.005)  ,  ForwardTime: 0.063  ,  TotalTime: 0.365  ,  Loss/total: 5.53668  ,  Loss/ce: 5.49048  ,  IoU: 0.01766  ,  pro_loss: 0.23099
[train: Epoch 1, 700 / 1875] FPS: 87.8 (606.6)  ,  DataTime: 0.298 (0.005)  ,  ForwardTime: 0.061  ,  TotalTime: 0.364  ,  Loss/total: 5.50666  ,  Loss/ce: 5.45993  ,  IoU: 0.01873  ,  pro_loss: 0.23363
[train: Epoch 1, 750 / 1875] FPS: 88.6 (551.5)  ,  DataTime: 0.296 (0.005)  ,  ForwardTime: 0.060  ,  TotalTime: 0.361  ,  Loss/total: 5.47920  ,  Loss/ce: 5.43207  ,  IoU: 0.02024  ,  pro_loss: 0.23561
[train: Epoch 1, 800 / 1875] FPS: 89.3 (576.8)  ,  DataTime: 0.294 (0.005)  ,  ForwardTime: 0.059  ,  TotalTime: 0.359  ,  Loss/total: 5.45444  ,  Loss/ce: 5.40687  ,  IoU: 0.02181  ,  pro_loss: 0.23785
[train: Epoch 1, 850 / 1875] FPS: 89.6 (624.5)  ,  DataTime: 0.294 (0.005)  ,  ForwardTime: 0.058  ,  TotalTime: 0.357  ,  Loss/total: 5.43072  ,  Loss/ce: 5.38283  ,  IoU: 0.02297  ,  pro_loss: 0.23946
[train: Epoch 1, 900 / 1875] FPS: 89.7 (200.7)  ,  DataTime: 0.294 (0.005)  ,  ForwardTime: 0.058  ,  TotalTime: 0.357  ,  Loss/total: 5.40891  ,  Loss/ce: 5.36067  ,  IoU: 0.02481  ,  pro_loss: 0.24121
[train: Epoch 1, 950 / 1875] FPS: 90.1 (611.8)  ,  DataTime: 0.293 (0.005)  ,  ForwardTime: 0.057  ,  TotalTime: 0.355  ,  Loss/total: 5.38820  ,  Loss/ce: 5.33963  ,  IoU: 0.02640  ,  pro_loss: 0.24284
[train: Epoch 1, 1000 / 1875] FPS: 90.6 (588.0)  ,  DataTime: 0.292 (0.005)  ,  ForwardTime: 0.056  ,  TotalTime: 0.353  ,  Loss/total: 5.36833  ,  Loss/ce: 5.31939  ,  IoU: 0.02792  ,  pro_loss: 0.24470
[train: Epoch 1, 1050 / 1875] FPS: 90.9 (620.3)  ,  DataTime: 0.291 (0.005)  ,  ForwardTime: 0.056  ,  TotalTime: 0.352  ,  Loss/total: 5.34938  ,  Loss/ce: 5.30007  ,  IoU: 0.03038  ,  pro_loss: 0.24656
[train: Epoch 1, 1100 / 1875] FPS: 91.6 (79.2)  ,  DataTime: 0.289 (0.005)  ,  ForwardTime: 0.055  ,  TotalTime: 0.349  ,  Loss/total: 5.33170  ,  Loss/ce: 5.28206  ,  IoU: 0.03302  ,  pro_loss: 0.24818
[train: Epoch 1, 1150 / 1875] FPS: 92.1 (587.6)  ,  DataTime: 0.288 (0.005)  ,  ForwardTime: 0.055  ,  TotalTime: 0.348  ,  Loss/total: 5.31379  ,  Loss/ce: 5.26388  ,  IoU: 0.03616  ,  pro_loss: 0.24955
[train: Epoch 1, 1200 / 1875] FPS: 92.0 (586.5)  ,  DataTime: 0.288 (0.005)  ,  ForwardTime: 0.054  ,  TotalTime: 0.348  ,  Loss/total: 5.29671  ,  Loss/ce: 5.24651  ,  IoU: 0.03937  ,  pro_loss: 0.25101
[train: Epoch 1, 1250 / 1875] FPS: 92.5 (622.2)  ,  DataTime: 0.287 (0.005)  ,  ForwardTime: 0.054  ,  TotalTime: 0.346  ,  Loss/total: 5.28098  ,  Loss/ce: 5.23049  ,  IoU: 0.04229  ,  pro_loss: 0.25247
[train: Epoch 1, 1300 / 1875] FPS: 92.1 (616.9)  ,  DataTime: 0.289 (0.005)  ,  ForwardTime: 0.054  ,  TotalTime: 0.347  ,  Loss/total: 5.26487  ,  Loss/ce: 5.21415  ,  IoU: 0.04518  ,  pro_loss: 0.25356
[train: Epoch 1, 1350 / 1875] FPS: 92.0 (615.0)  ,  DataTime: 0.289 (0.005)  ,  ForwardTime: 0.053  ,  TotalTime: 0.348  ,  Loss/total: 5.24904  ,  Loss/ce: 5.19811  ,  IoU: 0.04858  ,  pro_loss: 0.25467
[train: Epoch 1, 1400 / 1875] FPS: 91.5 (577.0)  ,  DataTime: 0.291 (0.005)  ,  ForwardTime: 0.053  ,  TotalTime: 0.350  ,  Loss/total: 5.23446  ,  Loss/ce: 5.18333  ,  IoU: 0.05226  ,  pro_loss: 0.25568
[train: Epoch 1, 1450 / 1875] FPS: 91.6 (554.4)  ,  DataTime: 0.291 (0.005)  ,  ForwardTime: 0.053  ,  TotalTime: 0.349  ,  Loss/total: 5.21961  ,  Loss/ce: 5.16826  ,  IoU: 0.05546  ,  pro_loss: 0.25677
[train: Epoch 1, 1500 / 1875] FPS: 91.4 (550.0)  ,  DataTime: 0.292 (0.005)  ,  ForwardTime: 0.053  ,  TotalTime: 0.350  ,  Loss/total: 5.20471  ,  Loss/ce: 5.15317  ,  IoU: 0.05878  ,  pro_loss: 0.25770
[train: Epoch 1, 1550 / 1875] FPS: 91.2 (12.1)  ,  DataTime: 0.294 (0.005)  ,  ForwardTime: 0.052  ,  TotalTime: 0.351  ,  Loss/total: 5.19050  ,  Loss/ce: 5.13881  ,  IoU: 0.06251  ,  pro_loss: 0.25849
[train: Epoch 1, 1600 / 1875] FPS: 91.4 (632.0)  ,  DataTime: 0.293 (0.005)  ,  ForwardTime: 0.052  ,  TotalTime: 0.350  ,  Loss/total: 5.17646  ,  Loss/ce: 5.12465  ,  IoU: 0.06603  ,  pro_loss: 0.25906
[train: Epoch 1, 1650 / 1875] FPS: 91.1 (599.3)  ,  DataTime: 0.294 (0.005)  ,  ForwardTime: 0.052  ,  TotalTime: 0.351  ,  Loss/total: 5.16283  ,  Loss/ce: 5.11090  ,  IoU: 0.06918  ,  pro_loss: 0.25963
[train: Epoch 1, 1700 / 1875] FPS: 91.2 (595.0)  ,  DataTime: 0.294 (0.005)  ,  ForwardTime: 0.052  ,  TotalTime: 0.351  ,  Loss/total: 5.14946  ,  Loss/ce: 5.09739  ,  IoU: 0.07249  ,  pro_loss: 0.26032
[train: Epoch 1, 1750 / 1875] FPS: 91.0 (14.8)  ,  DataTime: 0.295 (0.005)  ,  ForwardTime: 0.051  ,  TotalTime: 0.352  ,  Loss/total: 5.13645  ,  Loss/ce: 5.08427  ,  IoU: 0.07540  ,  pro_loss: 0.26087
[train: Epoch 1, 1800 / 1875] FPS: 91.1 (16.2)  ,  DataTime: 0.295 (0.005)  ,  ForwardTime: 0.051  ,  TotalTime: 0.351  ,  Loss/total: 5.12354  ,  Loss/ce: 5.07125  ,  IoU: 0.07803  ,  pro_loss: 0.26141
[train: Epoch 1, 1850 / 1875] FPS: 91.2 (605.7)  ,  DataTime: 0.295 (0.005)  ,  ForwardTime: 0.051  ,  TotalTime: 0.351  ,  Loss/total: 5.11121  ,  Loss/ce: 5.05885  ,  IoU: 0.08118  ,  pro_loss: 0.26178
[train: Epoch 1, 1875 / 1875] FPS: 91.3 (53.6)  ,  DataTime: 0.294 (0.005)  ,  ForwardTime: 0.051  ,  TotalTime: 0.350  ,  Loss/total: 5.10503  ,  Loss/ce: 5.05264  ,  IoU: 0.08275  ,  pro_loss: 0.26194
[train: Epoch 2, 50 / 1875] FPS: 77.3 (127.7)  ,  DataTime: 0.365 (0.005)  ,  ForwardTime: 0.045  ,  TotalTime: 0.414  ,  Loss/total: 4.63768  ,  Loss/ce: 4.58089  ,  IoU: 0.22397  ,  pro_loss: 0.28396
[train: Epoch 2, 100 / 1875] FPS: 85.3 (617.9)  ,  DataTime: 0.326 (0.005)  ,  ForwardTime: 0.045  ,  TotalTime: 0.375  ,  Loss/total: 4.63093  ,  Loss/ce: 4.57485  ,  IoU: 0.22299  ,  pro_loss: 0.28042
[train: Epoch 2, 150 / 1875] FPS: 88.2 (614.4)  ,  DataTime: 0.313 (0.005)  ,  ForwardTime: 0.044  ,  TotalTime: 0.363  ,  Loss/total: 4.62234  ,  Loss/ce: 4.56623  ,  IoU: 0.22241  ,  pro_loss: 0.28056
[train: Epoch 2, 200 / 1875] FPS: 90.4 (634.5)  ,  DataTime: 0.305 (0.005)  ,  ForwardTime: 0.044  ,  TotalTime: 0.354  ,  Loss/total: 4.61528  ,  Loss/ce: 4.55925  ,  IoU: 0.22380  ,  pro_loss: 0.28016
[train: Epoch 2, 250 / 1875] FPS: 70.1 (600.9)  ,  DataTime: 0.398 (0.013)  ,  ForwardTime: 0.046  ,  TotalTime: 0.457  ,  Loss/total: 4.61266  ,  Loss/ce: 4.55655  ,  IoU: 0.22703  ,  pro_loss: 0.28054
[train: Epoch 2, 300 / 1875] FPS: 63.6 (586.4)  ,  DataTime: 0.446 (0.012)  ,  ForwardTime: 0.046  ,  TotalTime: 0.503  ,  Loss/total: 4.60601  ,  Loss/ce: 4.54987  ,  IoU: 0.23043  ,  pro_loss: 0.28073
[train: Epoch 2, 350 / 1875] FPS: 59.8 (611.7)  ,  DataTime: 0.479 (0.011)  ,  ForwardTime: 0.046  ,  TotalTime: 0.535  ,  Loss/total: 4.60122  ,  Loss/ce: 4.54517  ,  IoU: 0.23334  ,  pro_loss: 0.28027
[train: Epoch 2, 400 / 1875] FPS: 57.4 (8.5)  ,  DataTime: 0.502 (0.010)  ,  ForwardTime: 0.046  ,  TotalTime: 0.558  ,  Loss/total: 4.59358  ,  Loss/ce: 4.53742  ,  IoU: 0.23658  ,  pro_loss: 0.28076
[train: Epoch 2, 450 / 1875] FPS: 56.5 (614.0)  ,  DataTime: 0.511 (0.009)  ,  ForwardTime: 0.045  ,  TotalTime: 0.566  ,  Loss/total: 4.58803  ,  Loss/ce: 4.53193  ,  IoU: 0.24027  ,  pro_loss: 0.28051
[train: Epoch 2, 500 / 1875] FPS: 56.4 (588.9)  ,  DataTime: 0.513 (0.009)  ,  ForwardTime: 0.045  ,  TotalTime: 0.567  ,  Loss/total: 4.58017  ,  Loss/ce: 4.52417  ,  IoU: 0.24318  ,  pro_loss: 0.28000
[train: Epoch 2, 550 / 1875] FPS: 55.9 (606.7)  ,  DataTime: 0.518 (0.009)  ,  ForwardTime: 0.045  ,  TotalTime: 0.572  ,  Loss/total: 4.57622  ,  Loss/ce: 4.52033  ,  IoU: 0.24510  ,  pro_loss: 0.27947
[train: Epoch 2, 600 / 1875] FPS: 56.1 (577.4)  ,  DataTime: 0.516 (0.008)  ,  ForwardTime: 0.045  ,  TotalTime: 0.570  ,  Loss/total: 4.57024  ,  Loss/ce: 4.51458  ,  IoU: 0.24823  ,  pro_loss: 0.27826
[train: Epoch 2, 650 / 1875] FPS: 56.4 (621.3)  ,  DataTime: 0.514 (0.008)  ,  ForwardTime: 0.045  ,  TotalTime: 0.568  ,  Loss/total: 4.56491  ,  Loss/ce: 4.50935  ,  IoU: 0.24951  ,  pro_loss: 0.27784
[train: Epoch 2, 700 / 1875] FPS: 56.5 (577.0)  ,  DataTime: 0.513 (0.008)  ,  ForwardTime: 0.045  ,  TotalTime: 0.566  ,  Loss/total: 4.55902  ,  Loss/ce: 4.50345  ,  IoU: 0.25260  ,  pro_loss: 0.27781
[train: Epoch 2, 750 / 1875] FPS: 57.1 (35.5)  ,  DataTime: 0.508 (0.008)  ,  ForwardTime: 0.045  ,  TotalTime: 0.561  ,  Loss/total: 4.55400  ,  Loss/ce: 4.49850  ,  IoU: 0.25484  ,  pro_loss: 0.27747
[train: Epoch 2, 800 / 1875] FPS: 57.1 (15.5)  ,  DataTime: 0.508 (0.008)  ,  ForwardTime: 0.045  ,  TotalTime: 0.560  ,  Loss/total: 4.54859  ,  Loss/ce: 4.49325  ,  IoU: 0.25767  ,  pro_loss: 0.27672
[train: Epoch 2, 850 / 1875] FPS: 57.8 (88.5)  ,  DataTime: 0.501 (0.007)  ,  ForwardTime: 0.045  ,  TotalTime: 0.554  ,  Loss/total: 4.54415  ,  Loss/ce: 4.48890  ,  IoU: 0.25999  ,  pro_loss: 0.27623
[train: Epoch 2, 900 / 1875] FPS: 57.9 (15.6)  ,  DataTime: 0.500 (0.007)  ,  ForwardTime: 0.045  ,  TotalTime: 0.552  ,  Loss/total: 4.53924  ,  Loss/ce: 4.48413  ,  IoU: 0.26221  ,  pro_loss: 0.27559
[train: Epoch 2, 950 / 1875] FPS: 58.6 (607.2)  ,  DataTime: 0.494 (0.007)  ,  ForwardTime: 0.045  ,  TotalTime: 0.546  ,  Loss/total: 4.53456  ,  Loss/ce: 4.47948  ,  IoU: 0.26476  ,  pro_loss: 0.27541
[train: Epoch 2, 1000 / 1875] FPS: 59.1 (599.8)  ,  DataTime: 0.490 (0.007)  ,  ForwardTime: 0.045  ,  TotalTime: 0.542  ,  Loss/total: 4.52991  ,  Loss/ce: 4.47490  ,  IoU: 0.26731  ,  pro_loss: 0.27504
[train: Epoch 2, 1050 / 1875] FPS: 59.7 (566.6)  ,  DataTime: 0.484 (0.007)  ,  ForwardTime: 0.045  ,  TotalTime: 0.536  ,  Loss/total: 4.52506  ,  Loss/ce: 4.47011  ,  IoU: 0.27029  ,  pro_loss: 0.27473
[train: Epoch 2, 1100 / 1875] FPS: 60.0 (601.5)  ,  DataTime: 0.481 (0.007)  ,  ForwardTime: 0.045  ,  TotalTime: 0.533  ,  Loss/total: 4.51937  ,  Loss/ce: 4.46452  ,  IoU: 0.27355  ,  pro_loss: 0.27426
[train: Epoch 2, 1150 / 1875] FPS: 60.5 (589.2)  ,  DataTime: 0.477 (0.007)  ,  ForwardTime: 0.045  ,  TotalTime: 0.529  ,  Loss/total: 4.51426  ,  Loss/ce: 4.45951  ,  IoU: 0.27671  ,  pro_loss: 0.27378
[train: Epoch 2, 1200 / 1875] FPS: 61.1 (612.2)  ,  DataTime: 0.472 (0.007)  ,  ForwardTime: 0.045  ,  TotalTime: 0.524  ,  Loss/total: 4.50923  ,  Loss/ce: 4.45456  ,  IoU: 0.27990  ,  pro_loss: 0.27335
[train: Epoch 2, 1250 / 1875] FPS: 61.7 (122.2)  ,  DataTime: 0.467 (0.007)  ,  ForwardTime: 0.045  ,  TotalTime: 0.519  ,  Loss/total: 4.50514  ,  Loss/ce: 4.45057  ,  IoU: 0.28263  ,  pro_loss: 0.27283
[train: Epoch 2, 1300 / 1875] FPS: 61.9 (593.4)  ,  DataTime: 0.465 (0.007)  ,  ForwardTime: 0.045  ,  TotalTime: 0.517  ,  Loss/total: 4.50025  ,  Loss/ce: 4.44580  ,  IoU: 0.28478  ,  pro_loss: 0.27224
[train: Epoch 2, 1350 / 1875] FPS: 62.5 (588.8)  ,  DataTime: 0.460 (0.006)  ,  ForwardTime: 0.045  ,  TotalTime: 0.512  ,  Loss/total: 4.49531  ,  Loss/ce: 4.44093  ,  IoU: 0.28701  ,  pro_loss: 0.27193
[train: Epoch 2, 1400 / 1875] FPS: 62.9 (29.1)  ,  DataTime: 0.458 (0.006)  ,  ForwardTime: 0.045  ,  TotalTime: 0.509  ,  Loss/total: 4.48994  ,  Loss/ce: 4.43562  ,  IoU: 0.28905  ,  pro_loss: 0.27159
[train: Epoch 2, 1450 / 1875] FPS: 63.1 (10.0)  ,  DataTime: 0.456 (0.006)  ,  ForwardTime: 0.045  ,  TotalTime: 0.507  ,  Loss/total: 4.48577  ,  Loss/ce: 4.43158  ,  IoU: 0.29054  ,  pro_loss: 0.27096
[train: Epoch 2, 1500 / 1875] FPS: 63.7 (604.6)  ,  DataTime: 0.451 (0.006)  ,  ForwardTime: 0.045  ,  TotalTime: 0.502  ,  Loss/total: 4.48101  ,  Loss/ce: 4.42687  ,  IoU: 0.29240  ,  pro_loss: 0.27067
[train: Epoch 2, 1550 / 1875] FPS: 64.2 (579.1)  ,  DataTime: 0.447 (0.006)  ,  ForwardTime: 0.045  ,  TotalTime: 0.499  ,  Loss/total: 4.47718  ,  Loss/ce: 4.42317  ,  IoU: 0.29436  ,  pro_loss: 0.27009
[train: Epoch 2, 1600 / 1875] FPS: 64.7 (616.2)  ,  DataTime: 0.443 (0.006)  ,  ForwardTime: 0.045  ,  TotalTime: 0.495  ,  Loss/total: 4.47279  ,  Loss/ce: 4.41884  ,  IoU: 0.29668  ,  pro_loss: 0.26976
[train: Epoch 2, 1650 / 1875] FPS: 65.2 (603.2)  ,  DataTime: 0.439 (0.006)  ,  ForwardTime: 0.045  ,  TotalTime: 0.491  ,  Loss/total: 4.46839  ,  Loss/ce: 4.41452  ,  IoU: 0.29899  ,  pro_loss: 0.26937
[train: Epoch 2, 1700 / 1875] FPS: 65.5 (12.7)  ,  DataTime: 0.438 (0.006)  ,  ForwardTime: 0.045  ,  TotalTime: 0.489  ,  Loss/total: 4.46391  ,  Loss/ce: 4.41014  ,  IoU: 0.30159  ,  pro_loss: 0.26883
[train: Epoch 2, 1750 / 1875] FPS: 66.0 (582.9)  ,  DataTime: 0.434 (0.006)  ,  ForwardTime: 0.045  ,  TotalTime: 0.485  ,  Loss/total: 4.45926  ,  Loss/ce: 4.40559  ,  IoU: 0.30431  ,  pro_loss: 0.26836
[train: Epoch 2, 1800 / 1875] FPS: 66.5 (615.6)  ,  DataTime: 0.430 (0.006)  ,  ForwardTime: 0.045  ,  TotalTime: 0.481  ,  Loss/total: 4.45434  ,  Loss/ce: 4.40075  ,  IoU: 0.30700  ,  pro_loss: 0.26798
[train: Epoch 2, 1850 / 1875] FPS: 67.0 (625.4)  ,  DataTime: 0.427 (0.006)  ,  ForwardTime: 0.045  ,  TotalTime: 0.478  ,  Loss/total: 4.45032  ,  Loss/ce: 4.39678  ,  IoU: 0.30931  ,  pro_loss: 0.26769
[train: Epoch 2, 1875 / 1875] FPS: 67.2 (614.6)  ,  DataTime: 0.425 (0.006)  ,  ForwardTime: 0.045  ,  TotalTime: 0.476  ,  Loss/total: 4.44865  ,  Loss/ce: 4.39517  ,  IoU: 0.31051  ,  pro_loss: 0.26738
[train: Epoch 3, 50 / 1875] FPS: 67.7 (614.6)  ,  DataTime: 0.423 (0.005)  ,  ForwardTime: 0.045  ,  TotalTime: 0.473  ,  Loss/total: 4.27675  ,  Loss/ce: 4.22608  ,  IoU: 0.41428  ,  pro_loss: 0.25333
[train: Epoch 3, 100 / 1875] FPS: 74.3 (610.8)  ,  DataTime: 0.381 (0.005)  ,  ForwardTime: 0.045  ,  TotalTime: 0.431  ,  Loss/total: 4.27710  ,  Loss/ce: 4.22695  ,  IoU: 0.40452  ,  pro_loss: 0.25073
[train: Epoch 3, 150 / 1875] FPS: 79.3 (30.5)  ,  DataTime: 0.353 (0.005)  ,  ForwardTime: 0.045  ,  TotalTime: 0.403  ,  Loss/total: 4.27900  ,  Loss/ce: 4.22916  ,  IoU: 0.40563  ,  pro_loss: 0.24924
[train: Epoch 3, 200 / 1875] FPS: 79.5 (17.0)  ,  DataTime: 0.352 (0.005)  ,  ForwardTime: 0.045  ,  TotalTime: 0.403  ,  Loss/total: 4.27328  ,  Loss/ce: 4.22374  ,  IoU: 0.41136  ,  pro_loss: 0.24771
[train: Epoch 3, 250 / 1875] FPS: 81.3 (585.8)  ,  DataTime: 0.344 (0.005)  ,  ForwardTime: 0.045  ,  TotalTime: 0.394  ,  Loss/total: 4.27224  ,  Loss/ce: 4.22291  ,  IoU: 0.41255  ,  pro_loss: 0.24667
[train: Epoch 3, 300 / 1875] FPS: 81.9 (607.2)  ,  DataTime: 0.341 (0.005)  ,  ForwardTime: 0.045  ,  TotalTime: 0.391  ,  Loss/total: 4.27044  ,  Loss/ce: 4.22117  ,  IoU: 0.41360  ,  pro_loss: 0.24639
[train: Epoch 3, 350 / 1875] FPS: 82.8 (610.7)  ,  DataTime: 0.336 (0.005)  ,  ForwardTime: 0.045  ,  TotalTime: 0.386  ,  Loss/total: 4.26727  ,  Loss/ce: 4.21794  ,  IoU: 0.41318  ,  pro_loss: 0.24667
[train: Epoch 3, 400 / 1875] FPS: 82.4 (9.2)  ,  DataTime: 0.338 (0.005)  ,  ForwardTime: 0.045  ,  TotalTime: 0.388  ,  Loss/total: 4.26635  ,  Loss/ce: 4.21728  ,  IoU: 0.41420  ,  pro_loss: 0.24537
[train: Epoch 3, 450 / 1875] FPS: 83.5 (19.2)  ,  DataTime: 0.333 (0.005)  ,  ForwardTime: 0.045  ,  TotalTime: 0.383  ,  Loss/total: 4.25909  ,  Loss/ce: 4.21027  ,  IoU: 0.41621  ,  pro_loss: 0.24410
[train: Epoch 3, 500 / 1875] FPS: 84.4 (574.6)  ,  DataTime: 0.329 (0.005)  ,  ForwardTime: 0.045  ,  TotalTime: 0.379  ,  Loss/total: 4.25712  ,  Loss/ce: 4.20833  ,  IoU: 0.41835  ,  pro_loss: 0.24396
[train: Epoch 3, 550 / 1875] FPS: 84.8 (590.9)  ,  DataTime: 0.327 (0.005)  ,  ForwardTime: 0.045  ,  TotalTime: 0.377  ,  Loss/total: 4.25413  ,  Loss/ce: 4.20552  ,  IoU: 0.41901  ,  pro_loss: 0.24303
[train: Epoch 3, 600 / 1875] FPS: 85.6 (582.8)  ,  DataTime: 0.324 (0.005)  ,  ForwardTime: 0.045  ,  TotalTime: 0.374  ,  Loss/total: 4.25124  ,  Loss/ce: 4.20268  ,  IoU: 0.42170  ,  pro_loss: 0.24281
[train: Epoch 3, 650 / 1875] FPS: 85.9 (598.5)  ,  DataTime: 0.322 (0.005)  ,  ForwardTime: 0.045  ,  TotalTime: 0.372  ,  Loss/total: 4.24789  ,  Loss/ce: 4.19948  ,  IoU: 0.42382  ,  pro_loss: 0.24207
[train: Epoch 3, 700 / 1875] FPS: 86.5 (587.0)  ,  DataTime: 0.320 (0.005)  ,  ForwardTime: 0.045  ,  TotalTime: 0.370  ,  Loss/total: 4.24526  ,  Loss/ce: 4.19700  ,  IoU: 0.42550  ,  pro_loss: 0.24130
[train: Epoch 3, 750 / 1875] FPS: 86.4 (611.3)  ,  DataTime: 0.320 (0.005)  ,  ForwardTime: 0.045  ,  TotalTime: 0.370  ,  Loss/total: 4.24243  ,  Loss/ce: 4.19426  ,  IoU: 0.42655  ,  pro_loss: 0.24086
[train: Epoch 3, 800 / 1875] FPS: 87.1 (584.5)  ,  DataTime: 0.317 (0.005)  ,  ForwardTime: 0.045  ,  TotalTime: 0.367  ,  Loss/total: 4.23867  ,  Loss/ce: 4.19060  ,  IoU: 0.42827  ,  pro_loss: 0.24038
[train: Epoch 3, 850 / 1875] FPS: 87.7 (598.1)  ,  DataTime: 0.315 (0.005)  ,  ForwardTime: 0.045  ,  TotalTime: 0.365  ,  Loss/total: 4.23577  ,  Loss/ce: 4.18777  ,  IoU: 0.43005  ,  pro_loss: 0.23998
[train: Epoch 3, 900 / 1875] FPS: 88.1 (613.5)  ,  DataTime: 0.313 (0.005)  ,  ForwardTime: 0.045  ,  TotalTime: 0.363  ,  Loss/total: 4.23214  ,  Loss/ce: 4.18431  ,  IoU: 0.43174  ,  pro_loss: 0.23914
[train: Epoch 3, 950 / 1875] FPS: 88.3 (618.0)  ,  DataTime: 0.312 (0.005)  ,  ForwardTime: 0.045  ,  TotalTime: 0.362  ,  Loss/total: 4.22951  ,  Loss/ce: 4.18182  ,  IoU: 0.43357  ,  pro_loss: 0.23848
[train: Epoch 3, 1000 / 1875] FPS: 88.8 (578.8)  ,  DataTime: 0.310 (0.005)  ,  ForwardTime: 0.045  ,  TotalTime: 0.360  ,  Loss/total: 4.22721  ,  Loss/ce: 4.17965  ,  IoU: 0.43532  ,  pro_loss: 0.23777
[train: Epoch 3, 1050 / 1875] FPS: 89.4 (578.8)  ,  DataTime: 0.308 (0.005)  ,  ForwardTime: 0.045  ,  TotalTime: 0.358  ,  Loss/total: 4.22418  ,  Loss/ce: 4.17672  ,  IoU: 0.43733  ,  pro_loss: 0.23733
[train: Epoch 3, 1100 / 1875] FPS: 89.9 (606.6)  ,  DataTime: 0.306 (0.005)  ,  ForwardTime: 0.045  ,  TotalTime: 0.356  ,  Loss/total: 4.22062  ,  Loss/ce: 4.17326  ,  IoU: 0.43890  ,  pro_loss: 0.23682
[train: Epoch 3, 1150 / 1875] FPS: 89.9 (611.9)  ,  DataTime: 0.306 (0.005)  ,  ForwardTime: 0.045  ,  TotalTime: 0.356  ,  Loss/total: 4.21776  ,  Loss/ce: 4.17055  ,  IoU: 0.44055  ,  pro_loss: 0.23606
[train: Epoch 3, 1200 / 1875] FPS: 90.2 (607.4)  ,  DataTime: 0.305 (0.005)  ,  ForwardTime: 0.045  ,  TotalTime: 0.355  ,  Loss/total: 4.21501  ,  Loss/ce: 4.16787  ,  IoU: 0.44199  ,  pro_loss: 0.23575
[train: Epoch 3, 1250 / 1875] FPS: 90.8 (80.8)  ,  DataTime: 0.303 (0.005)  ,  ForwardTime: 0.045  ,  TotalTime: 0.352  ,  Loss/total: 4.21276  ,  Loss/ce: 4.16567  ,  IoU: 0.44299  ,  pro_loss: 0.23546
[train: Epoch 3, 1300 / 1875] FPS: 91.3 (620.5)  ,  DataTime: 0.301 (0.005)  ,  ForwardTime: 0.045  ,  TotalTime: 0.351  ,  Loss/total: 4.20979  ,  Loss/ce: 4.16272  ,  IoU: 0.44424  ,  pro_loss: 0.23535
[train: Epoch 3, 1350 / 1875] FPS: 91.5 (623.1)  ,  DataTime: 0.300 (0.005)  ,  ForwardTime: 0.045  ,  TotalTime: 0.350  ,  Loss/total: 4.20759  ,  Loss/ce: 4.16060  ,  IoU: 0.44512  ,  pro_loss: 0.23495
[train: Epoch 3, 1400 / 1875] FPS: 91.7 (615.9)  ,  DataTime: 0.299 (0.005)  ,  ForwardTime: 0.045  ,  TotalTime: 0.349  ,  Loss/total: 4.20462  ,  Loss/ce: 4.15772  ,  IoU: 0.44656  ,  pro_loss: 0.23448
[train: Epoch 3, 1450 / 1875] FPS: 92.2 (621.1)  ,  DataTime: 0.297 (0.005)  ,  ForwardTime: 0.045  ,  TotalTime: 0.347  ,  Loss/total: 4.20207  ,  Loss/ce: 4.15524  ,  IoU: 0.44800  ,  pro_loss: 0.23416
[train: Epoch 3, 1500 / 1875] FPS: 92.5 (135.3)  ,  DataTime: 0.296 (0.005)  ,  ForwardTime: 0.045  ,  TotalTime: 0.346  ,  Loss/total: 4.19966  ,  Loss/ce: 4.15291  ,  IoU: 0.44939  ,  pro_loss: 0.23376
[train: Epoch 3, 1550 / 1875] FPS: 92.8 (613.2)  ,  DataTime: 0.295 (0.005)  ,  ForwardTime: 0.045  ,  TotalTime: 0.345  ,  Loss/total: 4.19706  ,  Loss/ce: 4.15040  ,  IoU: 0.45065  ,  pro_loss: 0.23328
[train: Epoch 3, 1600 / 1875] FPS: 93.0 (623.6)  ,  DataTime: 0.294 (0.005)  ,  ForwardTime: 0.045  ,  TotalTime: 0.344  ,  Loss/total: 4.19393  ,  Loss/ce: 4.14731  ,  IoU: 0.45242  ,  pro_loss: 0.23309
[train: Epoch 3, 1650 / 1875] FPS: 93.5 (25.1)  ,  DataTime: 0.292 (0.005)  ,  ForwardTime: 0.045  ,  TotalTime: 0.342  ,  Loss/total: 4.19154  ,  Loss/ce: 4.14496  ,  IoU: 0.45344  ,  pro_loss: 0.23289
[train: Epoch 3, 1700 / 1875] FPS: 93.7 (594.2)  ,  DataTime: 0.292 (0.005)  ,  ForwardTime: 0.045  ,  TotalTime: 0.342  ,  Loss/total: 4.18858  ,  Loss/ce: 4.14209  ,  IoU: 0.45472  ,  pro_loss: 0.23244
[train: Epoch 3, 1750 / 1875] FPS: 94.0 (41.2)  ,  DataTime: 0.291 (0.005)  ,  ForwardTime: 0.045  ,  TotalTime: 0.341  ,  Loss/total: 4.18589  ,  Loss/ce: 4.13948  ,  IoU: 0.45534  ,  pro_loss: 0.23202
[train: Epoch 3, 1800 / 1875] FPS: 94.0 (588.0)  ,  DataTime: 0.290 (0.005)  ,  ForwardTime: 0.045  ,  TotalTime: 0.340  ,  Loss/total: 4.18313  ,  Loss/ce: 4.13678  ,  IoU: 0.45637  ,  pro_loss: 0.23175
[train: Epoch 3, 1850 / 1875] FPS: 94.5 (587.6)  ,  DataTime: 0.289 (0.005)  ,  ForwardTime: 0.045  ,  TotalTime: 0.339  ,  Loss/total: 4.18083  ,  Loss/ce: 4.13457  ,  IoU: 0.45779  ,  pro_loss: 0.23126
[train: Epoch 3, 1875 / 1875] FPS: 94.9 (613.2)  ,  DataTime: 0.287 (0.005)  ,  ForwardTime: 0.045  ,  TotalTime: 0.337  ,  Loss/total: 4.17962  ,  Loss/ce: 4.13340  ,  IoU: 0.45841  ,  pro_loss: 0.23108
[train: Epoch 4, 50 / 1875] FPS: 84.0 (14.6)  ,  DataTime: 0.330 (0.005)  ,  ForwardTime: 0.046  ,  TotalTime: 0.381  ,  Loss/total: 4.09689  ,  Loss/ce: 4.05298  ,  IoU: 0.50869  ,  pro_loss: 0.21958
[train: Epoch 4, 100 / 1875] FPS: 96.7 (617.6)  ,  DataTime: 0.281 (0.005)  ,  ForwardTime: 0.045  ,  TotalTime: 0.331  ,  Loss/total: 4.09064  ,  Loss/ce: 4.04760  ,  IoU: 0.50829  ,  pro_loss: 0.21521
[train: Epoch 4, 150 / 1875] FPS: 98.2 (612.2)  ,  DataTime: 0.275 (0.005)  ,  ForwardTime: 0.045  ,  TotalTime: 0.326  ,  Loss/total: 4.07804  ,  Loss/ce: 4.03483  ,  IoU: 0.50893  ,  pro_loss: 0.21604
[train: Epoch 4, 200 / 1875] FPS: 101.4 (637.5)  ,  DataTime: 0.265 (0.005)  ,  ForwardTime: 0.045  ,  TotalTime: 0.316  ,  Loss/total: 4.07312  ,  Loss/ce: 4.03003  ,  IoU: 0.51176  ,  pro_loss: 0.21548
[train: Epoch 4, 250 / 1875] FPS: 103.0 (128.5)  ,  DataTime: 0.260 (0.005)  ,  ForwardTime: 0.045  ,  TotalTime: 0.311  ,  Loss/total: 4.07130  ,  Loss/ce: 4.02820  ,  IoU: 0.51175  ,  pro_loss: 0.21547
[train: Epoch 4, 300 / 1875] FPS: 102.6 (34.4)  ,  DataTime: 0.262 (0.005)  ,  ForwardTime: 0.045  ,  TotalTime: 0.312  ,  Loss/total: 4.07115  ,  Loss/ce: 4.02790  ,  IoU: 0.51075  ,  pro_loss: 0.21626
[train: Epoch 4, 350 / 1875] FPS: 103.3 (582.6)  ,  DataTime: 0.260 (0.005)  ,  ForwardTime: 0.045  ,  TotalTime: 0.310  ,  Loss/total: 4.06960  ,  Loss/ce: 4.02639  ,  IoU: 0.51097  ,  pro_loss: 0.21608
[train: Epoch 4, 400 / 1875] FPS: 105.4 (67.2)  ,  DataTime: 0.253 (0.005)  ,  ForwardTime: 0.045  ,  TotalTime: 0.304  ,  Loss/total: 4.06832  ,  Loss/ce: 4.02540  ,  IoU: 0.51113  ,  pro_loss: 0.21459
[train: Epoch 4, 450 / 1875] FPS: 106.1 (591.9)  ,  DataTime: 0.251 (0.005)  ,  ForwardTime: 0.045  ,  TotalTime: 0.302  ,  Loss/total: 4.06506  ,  Loss/ce: 4.02215  ,  IoU: 0.51364  ,  pro_loss: 0.21452
[train: Epoch 4, 500 / 1875] FPS: 106.3 (28.4)  ,  DataTime: 0.251 (0.005)  ,  ForwardTime: 0.045  ,  TotalTime: 0.301  ,  Loss/total: 4.06224  ,  Loss/ce: 4.01933  ,  IoU: 0.51511  ,  pro_loss: 0.21452
[train: Epoch 4, 550 / 1875] FPS: 107.7 (578.8)  ,  DataTime: 0.247 (0.005)  ,  ForwardTime: 0.045  ,  TotalTime: 0.297  ,  Loss/total: 4.06035  ,  Loss/ce: 4.01746  ,  IoU: 0.51664  ,  pro_loss: 0.21445
[train: Epoch 4, 600 / 1875] FPS: 107.5 (592.0)  ,  DataTime: 0.247 (0.005)  ,  ForwardTime: 0.045  ,  TotalTime: 0.298  ,  Loss/total: 4.05816  ,  Loss/ce: 4.01524  ,  IoU: 0.51726  ,  pro_loss: 0.21459
[train: Epoch 4, 650 / 1875] FPS: 108.7 (614.7)  ,  DataTime: 0.244 (0.005)  ,  ForwardTime: 0.045  ,  TotalTime: 0.294  ,  Loss/total: 4.05709  ,  Loss/ce: 4.01433  ,  IoU: 0.51759  ,  pro_loss: 0.21380
[train: Epoch 4, 700 / 1875] FPS: 108.5 (602.1)  ,  DataTime: 0.245 (0.005)  ,  ForwardTime: 0.045  ,  TotalTime: 0.295  ,  Loss/total: 4.05505  ,  Loss/ce: 4.01226  ,  IoU: 0.51868  ,  pro_loss: 0.21398
[train: Epoch 4, 750 / 1875] FPS: 106.2 (615.0)  ,  DataTime: 0.251 (0.005)  ,  ForwardTime: 0.045  ,  TotalTime: 0.301  ,  Loss/total: 4.05334  ,  Loss/ce: 4.01052  ,  IoU: 0.51903  ,  pro_loss: 0.21409
[train: Epoch 4, 800 / 1875] FPS: 104.8 (599.4)  ,  DataTime: 0.255 (0.005)  ,  ForwardTime: 0.045  ,  TotalTime: 0.305  ,  Loss/total: 4.05167  ,  Loss/ce: 4.00891  ,  IoU: 0.51953  ,  pro_loss: 0.21377
[train: Epoch 4, 850 / 1875] FPS: 104.5 (612.2)  ,  DataTime: 0.256 (0.005)  ,  ForwardTime: 0.045  ,  TotalTime: 0.306  ,  Loss/total: 4.05004  ,  Loss/ce: 4.00732  ,  IoU: 0.52011  ,  pro_loss: 0.21357
[train: Epoch 4, 900 / 1875] FPS: 104.4 (619.1)  ,  DataTime: 0.256 (0.005)  ,  ForwardTime: 0.045  ,  TotalTime: 0.306  ,  Loss/total: 4.04932  ,  Loss/ce: 4.00668  ,  IoU: 0.52059  ,  pro_loss: 0.21321
[train: Epoch 4, 950 / 1875] FPS: 104.8 (626.0)  ,  DataTime: 0.255 (0.005)  ,  ForwardTime: 0.045  ,  TotalTime: 0.305  ,  Loss/total: 4.04839  ,  Loss/ce: 4.00574  ,  IoU: 0.52051  ,  pro_loss: 0.21325
[train: Epoch 4, 1000 / 1875] FPS: 104.9 (646.0)  ,  DataTime: 0.255 (0.005)  ,  ForwardTime: 0.045  ,  TotalTime: 0.305  ,  Loss/total: 4.04757  ,  Loss/ce: 4.00508  ,  IoU: 0.52060  ,  pro_loss: 0.21249
[train: Epoch 4, 1050 / 1875] FPS: 104.9 (610.9)  ,  DataTime: 0.255 (0.005)  ,  ForwardTime: 0.045  ,  TotalTime: 0.305  ,  Loss/total: 4.04697  ,  Loss/ce: 4.00449  ,  IoU: 0.52133  ,  pro_loss: 0.21236
[train: Epoch 4, 1100 / 1875] FPS: 105.6 (638.9)  ,  DataTime: 0.253 (0.005)  ,  ForwardTime: 0.045  ,  TotalTime: 0.303  ,  Loss/total: 4.04510  ,  Loss/ce: 4.00260  ,  IoU: 0.52213  ,  pro_loss: 0.21251
[train: Epoch 4, 1150 / 1875] FPS: 105.2 (12.1)  ,  DataTime: 0.254 (0.005)  ,  ForwardTime: 0.045  ,  TotalTime: 0.304  ,  Loss/total: 4.04338  ,  Loss/ce: 4.00098  ,  IoU: 0.52310  ,  pro_loss: 0.21201
[train: Epoch 4, 1200 / 1875] FPS: 105.9 (572.9)  ,  DataTime: 0.252 (0.005)  ,  ForwardTime: 0.045  ,  TotalTime: 0.302  ,  Loss/total: 4.04140  ,  Loss/ce: 3.99908  ,  IoU: 0.52393  ,  pro_loss: 0.21160
[train: Epoch 4, 1250 / 1875] FPS: 106.3 (609.5)  ,  DataTime: 0.251 (0.005)  ,  ForwardTime: 0.045  ,  TotalTime: 0.301  ,  Loss/total: 4.03946  ,  Loss/ce: 3.99726  ,  IoU: 0.52492  ,  pro_loss: 0.21103
[train: Epoch 4, 1300 / 1875] FPS: 106.6 (47.4)  ,  DataTime: 0.250 (0.005)  ,  ForwardTime: 0.045  ,  TotalTime: 0.300  ,  Loss/total: 4.03771  ,  Loss/ce: 3.99562  ,  IoU: 0.52550  ,  pro_loss: 0.21044
[train: Epoch 4, 1350 / 1875] FPS: 106.8 (592.2)  ,  DataTime: 0.250 (0.005)  ,  ForwardTime: 0.045  ,  TotalTime: 0.300  ,  Loss/total: 4.03680  ,  Loss/ce: 3.99480  ,  IoU: 0.52600  ,  pro_loss: 0.20999
[train: Epoch 4, 1400 / 1875] FPS: 106.1 (600.8)  ,  DataTime: 0.251 (0.005)  ,  ForwardTime: 0.045  ,  TotalTime: 0.302  ,  Loss/total: 4.03533  ,  Loss/ce: 3.99346  ,  IoU: 0.52655  ,  pro_loss: 0.20935
[train: Epoch 4, 1450 / 1875] FPS: 105.5 (13.9)  ,  DataTime: 0.253 (0.005)  ,  ForwardTime: 0.045  ,  TotalTime: 0.303  ,  Loss/total: 4.03406  ,  Loss/ce: 3.99230  ,  IoU: 0.52742  ,  pro_loss: 0.20882
[train: Epoch 4, 1500 / 1875] FPS: 105.4 (601.2)  ,  DataTime: 0.253 (0.005)  ,  ForwardTime: 0.045  ,  TotalTime: 0.304  ,  Loss/total: 4.03245  ,  Loss/ce: 3.99072  ,  IoU: 0.52798  ,  pro_loss: 0.20862
[train: Epoch 4, 1550 / 1875] FPS: 105.3 (575.2)  ,  DataTime: 0.254 (0.005)  ,  ForwardTime: 0.045  ,  TotalTime: 0.304  ,  Loss/total: 4.03117  ,  Loss/ce: 3.98950  ,  IoU: 0.52829  ,  pro_loss: 0.20831
[train: Epoch 4, 1600 / 1875] FPS: 105.2 (580.8)  ,  DataTime: 0.254 (0.005)  ,  ForwardTime: 0.045  ,  TotalTime: 0.304  ,  Loss/total: 4.02966  ,  Loss/ce: 3.98812  ,  IoU: 0.52890  ,  pro_loss: 0.20771
[train: Epoch 4, 1650 / 1875] FPS: 105.2 (612.9)  ,  DataTime: 0.254 (0.005)  ,  ForwardTime: 0.045  ,  TotalTime: 0.304  ,  Loss/total: 4.02840  ,  Loss/ce: 3.98696  ,  IoU: 0.52937  ,  pro_loss: 0.20720
[train: Epoch 4, 1700 / 1875] FPS: 105.1 (20.1)  ,  DataTime: 0.254 (0.005)  ,  ForwardTime: 0.045  ,  TotalTime: 0.304  ,  Loss/total: 4.02686  ,  Loss/ce: 3.98553  ,  IoU: 0.52960  ,  pro_loss: 0.20666
[train: Epoch 4, 1750 / 1875] FPS: 105.3 (609.5)  ,  DataTime: 0.254 (0.005)  ,  ForwardTime: 0.045  ,  TotalTime: 0.304  ,  Loss/total: 4.02631  ,  Loss/ce: 3.98507  ,  IoU: 0.52982  ,  pro_loss: 0.20622
[train: Epoch 4, 1800 / 1875] FPS: 105.1 (612.9)  ,  DataTime: 0.254 (0.005)  ,  ForwardTime: 0.045  ,  TotalTime: 0.304  ,  Loss/total: 4.02521  ,  Loss/ce: 3.98409  ,  IoU: 0.53016  ,  pro_loss: 0.20561
[train: Epoch 4, 1850 / 1875] FPS: 105.0 (85.9)  ,  DataTime: 0.254 (0.005)  ,  ForwardTime: 0.045  ,  TotalTime: 0.305  ,  Loss/total: 4.02357  ,  Loss/ce: 3.98252  ,  IoU: 0.53045  ,  pro_loss: 0.20524
[train: Epoch 4, 1875 / 1875] FPS: 105.3 (616.3)  ,  DataTime: 0.254 (0.005)  ,  ForwardTime: 0.045  ,  TotalTime: 0.304  ,  Loss/total: 4.02296  ,  Loss/ce: 3.98194  ,  IoU: 0.53078  ,  pro_loss: 0.20511
[train: Epoch 5, 50 / 1875] FPS: 97.3 (589.8)  ,  DataTime: 0.278 (0.005)  ,  ForwardTime: 0.045  ,  TotalTime: 0.329  ,  Loss/total: 3.96774  ,  Loss/ce: 3.92978  ,  IoU: 0.55387  ,  pro_loss: 0.18979
[train: Epoch 5, 100 / 1875] FPS: 98.4 (602.2)  ,  DataTime: 0.275 (0.005)  ,  ForwardTime: 0.045  ,  TotalTime: 0.325  ,  Loss/total: 3.96760  ,  Loss/ce: 3.92894  ,  IoU: 0.54755  ,  pro_loss: 0.19333
[train: Epoch 5, 150 / 1875] FPS: 105.0 (598.6)  ,  DataTime: 0.254 (0.005)  ,  ForwardTime: 0.045  ,  TotalTime: 0.305  ,  Loss/total: 3.97119  ,  Loss/ce: 3.93288  ,  IoU: 0.54809  ,  pro_loss: 0.19153
[train: Epoch 5, 200 / 1875] FPS: 107.0 (575.7)  ,  DataTime: 0.249 (0.005)  ,  ForwardTime: 0.045  ,  TotalTime: 0.299  ,  Loss/total: 3.97292  ,  Loss/ce: 3.93466  ,  IoU: 0.54968  ,  pro_loss: 0.19130
[train: Epoch 5, 250 / 1875] FPS: 108.0 (610.8)  ,  DataTime: 0.246 (0.005)  ,  ForwardTime: 0.045  ,  TotalTime: 0.296  ,  Loss/total: 3.96942  ,  Loss/ce: 3.93128  ,  IoU: 0.55084  ,  pro_loss: 0.19071
[train: Epoch 5, 300 / 1875] FPS: 106.7 (614.2)  ,  DataTime: 0.250 (0.005)  ,  ForwardTime: 0.045  ,  TotalTime: 0.300  ,  Loss/total: 3.96334  ,  Loss/ce: 3.92524  ,  IoU: 0.55185  ,  pro_loss: 0.19049
[train: Epoch 5, 350 / 1875] FPS: 104.3 (581.1)  ,  DataTime: 0.257 (0.005)  ,  ForwardTime: 0.045  ,  TotalTime: 0.307  ,  Loss/total: 3.96422  ,  Loss/ce: 3.92590  ,  IoU: 0.55274  ,  pro_loss: 0.19161
[train: Epoch 5, 400 / 1875] FPS: 100.6 (577.7)  ,  DataTime: 0.268 (0.005)  ,  ForwardTime: 0.045  ,  TotalTime: 0.318  ,  Loss/total: 3.96496  ,  Loss/ce: 3.92669  ,  IoU: 0.55333  ,  pro_loss: 0.19135
[train: Epoch 5, 450 / 1875] FPS: 95.1 (10.2)  ,  DataTime: 0.286 (0.005)  ,  ForwardTime: 0.045  ,  TotalTime: 0.337  ,  Loss/total: 3.96632  ,  Loss/ce: 3.92813  ,  IoU: 0.55355  ,  pro_loss: 0.19095
[train: Epoch 5, 500 / 1875] FPS: 94.4 (555.2)  ,  DataTime: 0.289 (0.005)  ,  ForwardTime: 0.045  ,  TotalTime: 0.339  ,  Loss/total: 3.96418  ,  Loss/ce: 3.92608  ,  IoU: 0.55506  ,  pro_loss: 0.19048
[train: Epoch 5, 550 / 1875] FPS: 92.1 (612.2)  ,  DataTime: 0.297 (0.005)  ,  ForwardTime: 0.045  ,  TotalTime: 0.347  ,  Loss/total: 3.96279  ,  Loss/ce: 3.92459  ,  IoU: 0.55618  ,  pro_loss: 0.19104
[train: Epoch 5, 600 / 1875] FPS: 91.3 (632.4)  ,  DataTime: 0.300 (0.005)  ,  ForwardTime: 0.045  ,  TotalTime: 0.351  ,  Loss/total: 3.96364  ,  Loss/ce: 3.92550  ,  IoU: 0.55704  ,  pro_loss: 0.19068
[train: Epoch 5, 650 / 1875] FPS: 90.3 (602.5)  ,  DataTime: 0.304 (0.005)  ,  ForwardTime: 0.045  ,  TotalTime: 0.354  ,  Loss/total: 3.96139  ,  Loss/ce: 3.92329  ,  IoU: 0.55754  ,  pro_loss: 0.19051
[train: Epoch 5, 700 / 1875] FPS: 89.1 (585.3)  ,  DataTime: 0.309 (0.005)  ,  ForwardTime: 0.045  ,  TotalTime: 0.359  ,  Loss/total: 3.95998  ,  Loss/ce: 3.92197  ,  IoU: 0.55847  ,  pro_loss: 0.19006
[train: Epoch 5, 750 / 1875] FPS: 88.6 (581.3)  ,  DataTime: 0.311 (0.005)  ,  ForwardTime: 0.045  ,  TotalTime: 0.361  ,  Loss/total: 3.95804  ,  Loss/ce: 3.92003  ,  IoU: 0.55890  ,  pro_loss: 0.19003
[train: Epoch 5, 800 / 1875] FPS: 88.0 (596.2)  ,  DataTime: 0.313 (0.005)  ,  ForwardTime: 0.045  ,  TotalTime: 0.363  ,  Loss/total: 3.95637  ,  Loss/ce: 3.91832  ,  IoU: 0.55979  ,  pro_loss: 0.19022
[train: Epoch 5, 850 / 1875] FPS: 87.4 (25.6)  ,  DataTime: 0.316 (0.005)  ,  ForwardTime: 0.045  ,  TotalTime: 0.366  ,  Loss/total: 3.95512  ,  Loss/ce: 3.91708  ,  IoU: 0.55986  ,  pro_loss: 0.19020
[train: Epoch 5, 900 / 1875] FPS: 86.6 (12.7)  ,  DataTime: 0.320 (0.005)  ,  ForwardTime: 0.045  ,  TotalTime: 0.370  ,  Loss/total: 3.95487  ,  Loss/ce: 3.91683  ,  IoU: 0.55986  ,  pro_loss: 0.19022
[train: Epoch 5, 950 / 1875] FPS: 86.7 (603.6)  ,  DataTime: 0.319 (0.005)  ,  ForwardTime: 0.045  ,  TotalTime: 0.369  ,  Loss/total: 3.95372  ,  Loss/ce: 3.91570  ,  IoU: 0.56018  ,  pro_loss: 0.19008
[train: Epoch 5, 1000 / 1875] FPS: 86.5 (611.1)  ,  DataTime: 0.320 (0.005)  ,  ForwardTime: 0.045  ,  TotalTime: 0.370  ,  Loss/total: 3.95340  ,  Loss/ce: 3.91542  ,  IoU: 0.56074  ,  pro_loss: 0.18990
[train: Epoch 5, 1050 / 1875] FPS: 86.3 (578.1)  ,  DataTime: 0.321 (0.005)  ,  ForwardTime: 0.045  ,  TotalTime: 0.371  ,  Loss/total: 3.95315  ,  Loss/ce: 3.91519  ,  IoU: 0.56066  ,  pro_loss: 0.18980
[train: Epoch 5, 1100 / 1875] FPS: 85.9 (601.4)  ,  DataTime: 0.322 (0.005)  ,  ForwardTime: 0.045  ,  TotalTime: 0.372  ,  Loss/total: 3.95286  ,  Loss/ce: 3.91491  ,  IoU: 0.56078  ,  pro_loss: 0.18972
[train: Epoch 5, 1150 / 1875] FPS: 86.1 (622.5)  ,  DataTime: 0.321 (0.005)  ,  ForwardTime: 0.045  ,  TotalTime: 0.371  ,  Loss/total: 3.95112  ,  Loss/ce: 3.91322  ,  IoU: 0.56100  ,  pro_loss: 0.18951
[train: Epoch 5, 1200 / 1875] FPS: 86.0 (34.7)  ,  DataTime: 0.322 (0.005)  ,  ForwardTime: 0.045  ,  TotalTime: 0.372  ,  Loss/total: 3.95014  ,  Loss/ce: 3.91222  ,  IoU: 0.56120  ,  pro_loss: 0.18957
[train: Epoch 5, 1250 / 1875] FPS: 85.8 (571.1)  ,  DataTime: 0.323 (0.005)  ,  ForwardTime: 0.045  ,  TotalTime: 0.373  ,  Loss/total: 3.94923  ,  Loss/ce: 3.91126  ,  IoU: 0.56167  ,  pro_loss: 0.18988
[train: Epoch 5, 1300 / 1875] FPS: 85.9 (591.5)  ,  DataTime: 0.323 (0.005)  ,  ForwardTime: 0.045  ,  TotalTime: 0.373  ,  Loss/total: 3.94877  ,  Loss/ce: 3.91076  ,  IoU: 0.56194  ,  pro_loss: 0.19006
[train: Epoch 5, 1350 / 1875] FPS: 86.1 (585.4)  ,  DataTime: 0.322 (0.005)  ,  ForwardTime: 0.045  ,  TotalTime: 0.372  ,  Loss/total: 3.94755  ,  Loss/ce: 3.90961  ,  IoU: 0.56254  ,  pro_loss: 0.18974
[train: Epoch 5, 1400 / 1875] FPS: 85.6 (8.8)  ,  DataTime: 0.324 (0.005)  ,  ForwardTime: 0.045  ,  TotalTime: 0.374  ,  Loss/total: 3.94618  ,  Loss/ce: 3.90825  ,  IoU: 0.56306  ,  pro_loss: 0.18966
[train: Epoch 5, 1450 / 1875] FPS: 85.6 (618.5)  ,  DataTime: 0.324 (0.005)  ,  ForwardTime: 0.045  ,  TotalTime: 0.374  ,  Loss/total: 3.94519  ,  Loss/ce: 3.90725  ,  IoU: 0.56346  ,  pro_loss: 0.18971
[train: Epoch 5, 1500 / 1875] FPS: 86.0 (617.3)  ,  DataTime: 0.322 (0.005)  ,  ForwardTime: 0.045  ,  TotalTime: 0.372  ,  Loss/total: 3.94299  ,  Loss/ce: 3.90509  ,  IoU: 0.56425  ,  pro_loss: 0.18949
[train: Epoch 5, 1550 / 1875] FPS: 85.9 (572.4)  ,  DataTime: 0.323 (0.005)  ,  ForwardTime: 0.045  ,  TotalTime: 0.373  ,  Loss/total: 3.94143  ,  Loss/ce: 3.90353  ,  IoU: 0.56496  ,  pro_loss: 0.18953
[train: Epoch 5, 1600 / 1875] FPS: 86.1 (617.2)  ,  DataTime: 0.322 (0.005)  ,  ForwardTime: 0.045  ,  TotalTime: 0.371  ,  Loss/total: 3.93971  ,  Loss/ce: 3.90182  ,  IoU: 0.56567  ,  pro_loss: 0.18945
[train: Epoch 5, 1650 / 1875] FPS: 86.4 (633.5)  ,  DataTime: 0.320 (0.005)  ,  ForwardTime: 0.045  ,  TotalTime: 0.370  ,  Loss/total: 3.93922  ,  Loss/ce: 3.90133  ,  IoU: 0.56644  ,  pro_loss: 0.18943
[train: Epoch 5, 1700 / 1875] FPS: 86.2 (600.8)  ,  DataTime: 0.321 (0.005)  ,  ForwardTime: 0.045  ,  TotalTime: 0.371  ,  Loss/total: 3.93787  ,  Loss/ce: 3.89999  ,  IoU: 0.56720  ,  pro_loss: 0.18937
[train: Epoch 5, 1750 / 1875] FPS: 86.4 (614.2)  ,  DataTime: 0.320 (0.005)  ,  ForwardTime: 0.045  ,  TotalTime: 0.370  ,  Loss/total: 3.93643  ,  Loss/ce: 3.89859  ,  IoU: 0.56770  ,  pro_loss: 0.18918
[train: Epoch 5, 1800 / 1875] FPS: 86.6 (587.0)  ,  DataTime: 0.319 (0.005)  ,  ForwardTime: 0.045  ,  TotalTime: 0.369  ,  Loss/total: 3.93553  ,  Loss/ce: 3.89772  ,  IoU: 0.56789  ,  pro_loss: 0.18902
[train: Epoch 5, 1850 / 1875] FPS: 86.8 (597.2)  ,  DataTime: 0.319 (0.005)  ,  ForwardTime: 0.045  ,  TotalTime: 0.369  ,  Loss/total: 3.93540  ,  Loss/ce: 3.89765  ,  IoU: 0.56803  ,  pro_loss: 0.18873
[train: Epoch 5, 1875 / 1875] FPS: 87.1 (235.2)  ,  DataTime: 0.317 (0.005)  ,  ForwardTime: 0.045  ,  TotalTime: 0.367  ,  Loss/total: 3.93506  ,  Loss/ce: 3.89732  ,  IoU: 0.56827  ,  pro_loss: 0.18869
[val: Epoch 5, 50 / 312] FPS: 73.5 (966.1)  ,  DataTime: 0.352 (0.006)  ,  ForwardTime: 0.078  ,  TotalTime: 0.435  ,  Loss/total: nan  ,  Loss/giou: 0.45335  ,  Loss/l1: 0.03490  ,  Loss/location: nan  ,  pro_loss: 0.11521  ,  IoU: 0.59041
[val: Epoch 5, 100 / 312] FPS: 73.7 (18.7)  ,  DataTime: 0.377 (0.006)  ,  ForwardTime: 0.052  ,  TotalTime: 0.434  ,  Loss/total: nan  ,  Loss/giou: 0.44700  ,  Loss/l1: 0.03326  ,  Loss/location: nan  ,  pro_loss: 0.11417  ,  IoU: 0.59363
[val: Epoch 5, 150 / 312] FPS: 73.9 (734.8)  ,  DataTime: 0.384 (0.006)  ,  ForwardTime: 0.043  ,  TotalTime: 0.433  ,  Loss/total: nan  ,  Loss/giou: 0.44726  ,  Loss/l1: 0.03276  ,  Loss/location: nan  ,  pro_loss: 0.11618  ,  IoU: 0.59306
[val: Epoch 5, 200 / 312] FPS: 75.8 (932.4)  ,  DataTime: 0.378 (0.006)  ,  ForwardTime: 0.038  ,  TotalTime: 0.422  ,  Loss/total: nan  ,  Loss/giou: 0.44987  ,  Loss/l1: 0.03270  ,  Loss/location: nan  ,  pro_loss: 0.11547  ,  IoU: 0.59030
[val: Epoch 5, 250 / 312] FPS: 76.3 (25.6)  ,  DataTime: 0.378 (0.006)  ,  ForwardTime: 0.036  ,  TotalTime: 0.420  ,  Loss/total: nan  ,  Loss/giou: 0.44962  ,  Loss/l1: 0.03262  ,  Loss/location: nan  ,  pro_loss: 0.11504  ,  IoU: 0.59087
[val: Epoch 5, 300 / 312] FPS: 76.3 (936.4)  ,  DataTime: 0.379 (0.006)  ,  ForwardTime: 0.034  ,  TotalTime: 0.419  ,  Loss/total: nan  ,  Loss/giou: 0.44811  ,  Loss/l1: 0.03259  ,  Loss/location: nan  ,  pro_loss: 0.11590  ,  IoU: 0.59214
[val: Epoch 5, 312 / 312] FPS: 78.0 (1007.5)  ,  DataTime: 0.371 (0.006)  ,  ForwardTime: 0.034  ,  TotalTime: 0.410  ,  Loss/total: nan  ,  Loss/giou: 0.44893  ,  Loss/l1: 0.03285  ,  Loss/location: nan  ,  pro_loss: 0.11612  ,  IoU: 0.59174
[train: Epoch 6, 50 / 1875] FPS: 69.6 (583.9)  ,  DataTime: 0.410 (0.005)  ,  ForwardTime: 0.045  ,  TotalTime: 0.460  ,  Loss/total: 3.87531  ,  Loss/ce: 3.84123  ,  IoU: 0.58241  ,  pro_loss: 0.17042
[train: Epoch 6, 100 / 1875] FPS: 74.3 (607.9)  ,  DataTime: 0.381 (0.005)  ,  ForwardTime: 0.045  ,  TotalTime: 0.431  ,  Loss/total: 3.88245  ,  Loss/ce: 3.84730  ,  IoU: 0.58382  ,  pro_loss: 0.17574
[train: Epoch 6, 150 / 1875] FPS: 77.3 (612.2)  ,  DataTime: 0.364 (0.005)  ,  ForwardTime: 0.045  ,  TotalTime: 0.414  ,  Loss/total: 3.89074  ,  Loss/ce: 3.85505  ,  IoU: 0.58096  ,  pro_loss: 0.17841
[train: Epoch 6, 200 / 1875] FPS: 78.3 (17.6)  ,  DataTime: 0.359 (0.005)  ,  ForwardTime: 0.045  ,  TotalTime: 0.409  ,  Loss/total: 3.89698  ,  Loss/ce: 3.86070  ,  IoU: 0.58101  ,  pro_loss: 0.18141
[train: Epoch 6, 250 / 1875] FPS: 78.8 (610.8)  ,  DataTime: 0.356 (0.005)  ,  ForwardTime: 0.045  ,  TotalTime: 0.406  ,  Loss/total: 3.89801  ,  Loss/ce: 3.86173  ,  IoU: 0.58221  ,  pro_loss: 0.18138
[train: Epoch 6, 300 / 1875] FPS: 79.4 (610.5)  ,  DataTime: 0.353 (0.005)  ,  ForwardTime: 0.045  ,  TotalTime: 0.403  ,  Loss/total: 3.89510  ,  Loss/ce: 3.85867  ,  IoU: 0.58420  ,  pro_loss: 0.18216
[train: Epoch 6, 350 / 1875] FPS: 79.3 (618.0)  ,  DataTime: 0.354 (0.005)  ,  ForwardTime: 0.045  ,  TotalTime: 0.404  ,  Loss/total: 3.89421  ,  Loss/ce: 3.85790  ,  IoU: 0.58545  ,  pro_loss: 0.18155
[train: Epoch 6, 400 / 1875] FPS: 79.7 (571.9)  ,  DataTime: 0.352 (0.005)  ,  ForwardTime: 0.045  ,  TotalTime: 0.401  ,  Loss/total: 3.89160  ,  Loss/ce: 3.85518  ,  IoU: 0.58605  ,  pro_loss: 0.18206
[train: Epoch 6, 450 / 1875] FPS: 79.9 (573.1)  ,  DataTime: 0.351 (0.005)  ,  ForwardTime: 0.045  ,  TotalTime: 0.401  ,  Loss/total: 3.88933  ,  Loss/ce: 3.85309  ,  IoU: 0.58622  ,  pro_loss: 0.18121
[train: Epoch 6, 500 / 1875] FPS: 79.8 (598.5)  ,  DataTime: 0.351 (0.005)  ,  ForwardTime: 0.045  ,  TotalTime: 0.401  ,  Loss/total: 3.88939  ,  Loss/ce: 3.85303  ,  IoU: 0.58629  ,  pro_loss: 0.18177
[train: Epoch 6, 550 / 1875] FPS: 81.2 (613.6)  ,  DataTime: 0.344 (0.005)  ,  ForwardTime: 0.045  ,  TotalTime: 0.394  ,  Loss/total: 3.89144  ,  Loss/ce: 3.85518  ,  IoU: 0.58683  ,  pro_loss: 0.18131
[train: Epoch 6, 600 / 1875] FPS: 80.9 (608.5)  ,  DataTime: 0.346 (0.005)  ,  ForwardTime: 0.045  ,  TotalTime: 0.395  ,  Loss/total: 3.89058  ,  Loss/ce: 3.85434  ,  IoU: 0.58716  ,  pro_loss: 0.18122
[train: Epoch 6, 650 / 1875] FPS: 81.1 (575.4)  ,  DataTime: 0.345 (0.005)  ,  ForwardTime: 0.045  ,  TotalTime: 0.395  ,  Loss/total: 3.88874  ,  Loss/ce: 3.85246  ,  IoU: 0.58772  ,  pro_loss: 0.18141
[train: Epoch 6, 700 / 1875] FPS: 81.4 (15.3)  ,  DataTime: 0.343 (0.005)  ,  ForwardTime: 0.045  ,  TotalTime: 0.393  ,  Loss/total: 3.88895  ,  Loss/ce: 3.85259  ,  IoU: 0.58801  ,  pro_loss: 0.18177
[train: Epoch 6, 750 / 1875] FPS: 81.6 (593.4)  ,  DataTime: 0.342 (0.005)  ,  ForwardTime: 0.045  ,  TotalTime: 0.392  ,  Loss/total: 3.88883  ,  Loss/ce: 3.85240  ,  IoU: 0.58815  ,  pro_loss: 0.18213
[train: Epoch 6, 800 / 1875] FPS: 81.6 (583.9)  ,  DataTime: 0.342 (0.005)  ,  ForwardTime: 0.045  ,  TotalTime: 0.392  ,  Loss/total: 3.88776  ,  Loss/ce: 3.85134  ,  IoU: 0.58829  ,  pro_loss: 0.18206
[train: Epoch 6, 850 / 1875] FPS: 81.8 (134.5)  ,  DataTime: 0.341 (0.005)  ,  ForwardTime: 0.045  ,  TotalTime: 0.391  ,  Loss/total: 3.88723  ,  Loss/ce: 3.85085  ,  IoU: 0.58801  ,  pro_loss: 0.18190
[train: Epoch 6, 900 / 1875] FPS: 81.8 (595.5)  ,  DataTime: 0.341 (0.005)  ,  ForwardTime: 0.045  ,  TotalTime: 0.391  ,  Loss/total: 3.88684  ,  Loss/ce: 3.85049  ,  IoU: 0.58799  ,  pro_loss: 0.18171
[train: Epoch 6, 950 / 1875] FPS: 82.1 (364.0)  ,  DataTime: 0.340 (0.005)  ,  ForwardTime: 0.045  ,  TotalTime: 0.390  ,  Loss/total: 3.88567  ,  Loss/ce: 3.84932  ,  IoU: 0.58800  ,  pro_loss: 0.18177
[train: Epoch 6, 1000 / 1875] FPS: 82.4 (605.9)  ,  DataTime: 0.339 (0.005)  ,  ForwardTime: 0.045  ,  TotalTime: 0.389  ,  Loss/total: 3.88427  ,  Loss/ce: 3.84790  ,  IoU: 0.58879  ,  pro_loss: 0.18190
[train: Epoch 6, 1050 / 1875] FPS: 82.4 (580.7)  ,  DataTime: 0.339 (0.005)  ,  ForwardTime: 0.045  ,  TotalTime: 0.388  ,  Loss/total: 3.88434  ,  Loss/ce: 3.84790  ,  IoU: 0.58884  ,  pro_loss: 0.18217
[train: Epoch 6, 1100 / 1875] FPS: 82.6 (584.9)  ,  DataTime: 0.338 (0.005)  ,  ForwardTime: 0.045  ,  TotalTime: 0.388  ,  Loss/total: 3.88366  ,  Loss/ce: 3.84724  ,  IoU: 0.58876  ,  pro_loss: 0.18213
[train: Epoch 6, 1150 / 1875] FPS: 82.6 (14.2)  ,  DataTime: 0.338 (0.005)  ,  ForwardTime: 0.045  ,  TotalTime: 0.388  ,  Loss/total: 3.88282  ,  Loss/ce: 3.84639  ,  IoU: 0.58886  ,  pro_loss: 0.18218
[train: Epoch 6, 1200 / 1875] FPS: 82.9 (619.2)  ,  DataTime: 0.336 (0.005)  ,  ForwardTime: 0.045  ,  TotalTime: 0.386  ,  Loss/total: 3.88179  ,  Loss/ce: 3.84539  ,  IoU: 0.58893  ,  pro_loss: 0.18198
[train: Epoch 6, 1250 / 1875] FPS: 82.7 (13.5)  ,  DataTime: 0.337 (0.005)  ,  ForwardTime: 0.045  ,  TotalTime: 0.387  ,  Loss/total: 3.88068  ,  Loss/ce: 3.84432  ,  IoU: 0.58971  ,  pro_loss: 0.18184
[train: Epoch 6, 1300 / 1875] FPS: 82.7 (574.6)  ,  DataTime: 0.337 (0.005)  ,  ForwardTime: 0.045  ,  TotalTime: 0.387  ,  Loss/total: 3.87978  ,  Loss/ce: 3.84343  ,  IoU: 0.59034  ,  pro_loss: 0.18174
[train: Epoch 6, 1350 / 1875] FPS: 83.0 (622.4)  ,  DataTime: 0.336 (0.005)  ,  ForwardTime: 0.045  ,  TotalTime: 0.385  ,  Loss/total: 3.87903  ,  Loss/ce: 3.84271  ,  IoU: 0.59036  ,  pro_loss: 0.18161
[train: Epoch 6, 1400 / 1875] FPS: 83.5 (621.0)  ,  DataTime: 0.334 (0.005)  ,  ForwardTime: 0.045  ,  TotalTime: 0.383  ,  Loss/total: 3.87908  ,  Loss/ce: 3.84278  ,  IoU: 0.59075  ,  pro_loss: 0.18148
[train: Epoch 6, 1450 / 1875] FPS: 83.6 (652.5)  ,  DataTime: 0.333 (0.005)  ,  ForwardTime: 0.045  ,  TotalTime: 0.383  ,  Loss/total: 3.87801  ,  Loss/ce: 3.84173  ,  IoU: 0.59141  ,  pro_loss: 0.18144
[train: Epoch 6, 1500 / 1875] FPS: 83.5 (16.0)  ,  DataTime: 0.334 (0.005)  ,  ForwardTime: 0.045  ,  TotalTime: 0.383  ,  Loss/total: 3.87717  ,  Loss/ce: 3.84091  ,  IoU: 0.59194  ,  pro_loss: 0.18131
[train: Epoch 6, 1550 / 1875] FPS: 83.8 (590.2)  ,  DataTime: 0.332 (0.005)  ,  ForwardTime: 0.045  ,  TotalTime: 0.382  ,  Loss/total: 3.87580  ,  Loss/ce: 3.83958  ,  IoU: 0.59265  ,  pro_loss: 0.18108
[train: Epoch 6, 1600 / 1875] FPS: 83.8 (611.4)  ,  DataTime: 0.332 (0.005)  ,  ForwardTime: 0.045  ,  TotalTime: 0.382  ,  Loss/total: 3.87568  ,  Loss/ce: 3.83950  ,  IoU: 0.59278  ,  pro_loss: 0.18093
[train: Epoch 6, 1650 / 1875] FPS: 84.0 (624.3)  ,  DataTime: 0.331 (0.005)  ,  ForwardTime: 0.045  ,  TotalTime: 0.381  ,  Loss/total: 3.87477  ,  Loss/ce: 3.83860  ,  IoU: 0.59305  ,  pro_loss: 0.18087
[train: Epoch 6, 1700 / 1875] FPS: 84.3 (586.7)  ,  DataTime: 0.330 (0.005)  ,  ForwardTime: 0.045  ,  TotalTime: 0.380  ,  Loss/total: 3.87383  ,  Loss/ce: 3.83767  ,  IoU: 0.59351  ,  pro_loss: 0.18079
[train: Epoch 6, 1750 / 1875] FPS: 84.3 (596.1)  ,  DataTime: 0.330 (0.005)  ,  ForwardTime: 0.045  ,  TotalTime: 0.379  ,  Loss/total: 3.87298  ,  Loss/ce: 3.83683  ,  IoU: 0.59412  ,  pro_loss: 0.18077
[train: Epoch 6, 1800 / 1875] FPS: 84.6 (621.8)  ,  DataTime: 0.329 (0.005)  ,  ForwardTime: 0.045  ,  TotalTime: 0.378  ,  Loss/total: 3.87207  ,  Loss/ce: 3.83591  ,  IoU: 0.59467  ,  pro_loss: 0.18076
[train: Epoch 6, 1850 / 1875] FPS: 84.7 (608.1)  ,  DataTime: 0.328 (0.005)  ,  ForwardTime: 0.045  ,  TotalTime: 0.378  ,  Loss/total: 3.87161  ,  Loss/ce: 3.83541  ,  IoU: 0.59497  ,  pro_loss: 0.18097
[train: Epoch 6, 1875 / 1875] FPS: 85.0 (617.5)  ,  DataTime: 0.327 (0.005)  ,  ForwardTime: 0.045  ,  TotalTime: 0.376  ,  Loss/total: 3.87121  ,  Loss/ce: 3.83503  ,  IoU: 0.59507  ,  pro_loss: 0.18092
[train: Epoch 7, 50 / 1875] FPS: 80.4 (619.8)  ,  DataTime: 0.349 (0.005)  ,  ForwardTime: 0.044  ,  TotalTime: 0.398  ,  Loss/total: 3.85489  ,  Loss/ce: 3.81851  ,  IoU: 0.61275  ,  pro_loss: 0.18188
[train: Epoch 7, 100 / 1875] FPS: 87.0 (579.3)  ,  DataTime: 0.318 (0.005)  ,  ForwardTime: 0.045  ,  TotalTime: 0.368  ,  Loss/total: 3.84758  ,  Loss/ce: 3.81131  ,  IoU: 0.60989  ,  pro_loss: 0.18135
[train: Epoch 7, 150 / 1875] FPS: 86.6 (77.2)  ,  DataTime: 0.320 (0.005)  ,  ForwardTime: 0.045  ,  TotalTime: 0.370  ,  Loss/total: 3.84792  ,  Loss/ce: 3.81132  ,  IoU: 0.61090  ,  pro_loss: 0.18299
[train: Epoch 7, 200 / 1875] FPS: 91.1 (578.9)  ,  DataTime: 0.302 (0.005)  ,  ForwardTime: 0.045  ,  TotalTime: 0.351  ,  Loss/total: 3.84775  ,  Loss/ce: 3.81113  ,  IoU: 0.61052  ,  pro_loss: 0.18313
[train: Epoch 7, 250 / 1875] FPS: 87.9 (12.0)  ,  DataTime: 0.314 (0.005)  ,  ForwardTime: 0.045  ,  TotalTime: 0.364  ,  Loss/total: 3.84712  ,  Loss/ce: 3.81082  ,  IoU: 0.60835  ,  pro_loss: 0.18154
[train: Epoch 7, 300 / 1875] FPS: 89.2 (584.9)  ,  DataTime: 0.309 (0.005)  ,  ForwardTime: 0.045  ,  TotalTime: 0.359  ,  Loss/total: 3.84462  ,  Loss/ce: 3.80833  ,  IoU: 0.60885  ,  pro_loss: 0.18149
[train: Epoch 7, 350 / 1875] FPS: 90.8 (620.3)  ,  DataTime: 0.303 (0.005)  ,  ForwardTime: 0.045  ,  TotalTime: 0.352  ,  Loss/total: 3.84047  ,  Loss/ce: 3.80415  ,  IoU: 0.61047  ,  pro_loss: 0.18158
[train: Epoch 7, 400 / 1875] FPS: 87.2 (576.5)  ,  DataTime: 0.317 (0.005)  ,  ForwardTime: 0.045  ,  TotalTime: 0.367  ,  Loss/total: 3.83890  ,  Loss/ce: 3.80256  ,  IoU: 0.61015  ,  pro_loss: 0.18169
[train: Epoch 7, 450 / 1875] FPS: 84.4 (143.2)  ,  DataTime: 0.329 (0.005)  ,  ForwardTime: 0.045  ,  TotalTime: 0.379  ,  Loss/total: 3.83818  ,  Loss/ce: 3.80198  ,  IoU: 0.61062  ,  pro_loss: 0.18100
[train: Epoch 7, 500 / 1875] FPS: 82.1 (572.8)  ,  DataTime: 0.340 (0.005)  ,  ForwardTime: 0.045  ,  TotalTime: 0.390  ,  Loss/total: 3.83601  ,  Loss/ce: 3.79991  ,  IoU: 0.61097  ,  pro_loss: 0.18050
[train: Epoch 7, 550 / 1875] FPS: 80.2 (597.6)  ,  DataTime: 0.349 (0.005)  ,  ForwardTime: 0.045  ,  TotalTime: 0.399  ,  Loss/total: 3.83618  ,  Loss/ce: 3.79999  ,  IoU: 0.61165  ,  pro_loss: 0.18097
[train: Epoch 7, 600 / 1875] FPS: 78.6 (611.9)  ,  DataTime: 0.357 (0.005)  ,  ForwardTime: 0.045  ,  TotalTime: 0.407  ,  Loss/total: 3.83430  ,  Loss/ce: 3.79814  ,  IoU: 0.61214  ,  pro_loss: 0.18078
[train: Epoch 7, 650 / 1875] FPS: 77.2 (581.4)  ,  DataTime: 0.365 (0.005)  ,  ForwardTime: 0.045  ,  TotalTime: 0.415  ,  Loss/total: 3.83402  ,  Loss/ce: 3.79774  ,  IoU: 0.61273  ,  pro_loss: 0.18139
[train: Epoch 7, 700 / 1875] FPS: 76.7 (569.9)  ,  DataTime: 0.367 (0.005)  ,  ForwardTime: 0.045  ,  TotalTime: 0.417  ,  Loss/total: 3.83238  ,  Loss/ce: 3.79605  ,  IoU: 0.61349  ,  pro_loss: 0.18162
[train: Epoch 7, 750 / 1875] FPS: 76.1 (591.5)  ,  DataTime: 0.370 (0.005)  ,  ForwardTime: 0.045  ,  TotalTime: 0.420  ,  Loss/total: 3.83176  ,  Loss/ce: 3.79536  ,  IoU: 0.61321  ,  pro_loss: 0.18199
[train: Epoch 7, 800 / 1875] FPS: 76.2 (593.8)  ,  DataTime: 0.370 (0.005)  ,  ForwardTime: 0.045  ,  TotalTime: 0.420  ,  Loss/total: 3.83157  ,  Loss/ce: 3.79514  ,  IoU: 0.61311  ,  pro_loss: 0.18214
[train: Epoch 7, 850 / 1875] FPS: 75.4 (614.8)  ,  DataTime: 0.374 (0.005)  ,  ForwardTime: 0.045  ,  TotalTime: 0.424  ,  Loss/total: 3.83330  ,  Loss/ce: 3.79698  ,  IoU: 0.61227  ,  pro_loss: 0.18159
[train: Epoch 7, 900 / 1875] FPS: 75.1 (25.7)  ,  DataTime: 0.376 (0.005)  ,  ForwardTime: 0.045  ,  TotalTime: 0.426  ,  Loss/total: 3.83301  ,  Loss/ce: 3.79675  ,  IoU: 0.61233  ,  pro_loss: 0.18127
[train: Epoch 7, 950 / 1875] FPS: 74.7 (620.6)  ,  DataTime: 0.378 (0.005)  ,  ForwardTime: 0.045  ,  TotalTime: 0.428  ,  Loss/total: 3.83218  ,  Loss/ce: 3.79593  ,  IoU: 0.61240  ,  pro_loss: 0.18128
[train: Epoch 7, 1000 / 1875] FPS: 74.6 (618.0)  ,  DataTime: 0.379 (0.005)  ,  ForwardTime: 0.045  ,  TotalTime: 0.429  ,  Loss/total: 3.83166  ,  Loss/ce: 3.79542  ,  IoU: 0.61220  ,  pro_loss: 0.18123
[train: Epoch 7, 1050 / 1875] FPS: 74.9 (600.5)  ,  DataTime: 0.377 (0.005)  ,  ForwardTime: 0.045  ,  TotalTime: 0.427  ,  Loss/total: 3.83083  ,  Loss/ce: 3.79462  ,  IoU: 0.61236  ,  pro_loss: 0.18105
[train: Epoch 7, 1100 / 1875] FPS: 74.5 (93.0)  ,  DataTime: 0.380 (0.005)  ,  ForwardTime: 0.045  ,  TotalTime: 0.430  ,  Loss/total: 3.82935  ,  Loss/ce: 3.79313  ,  IoU: 0.61306  ,  pro_loss: 0.18113
[train: Epoch 7, 1150 / 1875] FPS: 74.4 (596.5)  ,  DataTime: 0.380 (0.005)  ,  ForwardTime: 0.045  ,  TotalTime: 0.430  ,  Loss/total: 3.82784  ,  Loss/ce: 3.79166  ,  IoU: 0.61353  ,  pro_loss: 0.18093
[train: Epoch 7, 1200 / 1875] FPS: 74.4 (612.2)  ,  DataTime: 0.380 (0.005)  ,  ForwardTime: 0.045  ,  TotalTime: 0.430  ,  Loss/total: 3.82819  ,  Loss/ce: 3.79197  ,  IoU: 0.61323  ,  pro_loss: 0.18110
[train: Epoch 7, 1250 / 1875] FPS: 74.1 (614.2)  ,  DataTime: 0.382 (0.005)  ,  ForwardTime: 0.045  ,  TotalTime: 0.432  ,  Loss/total: 3.82787  ,  Loss/ce: 3.79165  ,  IoU: 0.61367  ,  pro_loss: 0.18111
[train: Epoch 7, 1300 / 1875] FPS: 74.3 (95.4)  ,  DataTime: 0.381 (0.005)  ,  ForwardTime: 0.045  ,  TotalTime: 0.430  ,  Loss/total: 3.82710  ,  Loss/ce: 3.79085  ,  IoU: 0.61392  ,  pro_loss: 0.18123
[train: Epoch 7, 1350 / 1875] FPS: 73.8 (10.0)  ,  DataTime: 0.384 (0.005)  ,  ForwardTime: 0.045  ,  TotalTime: 0.434  ,  Loss/total: 3.82625  ,  Loss/ce: 3.79002  ,  IoU: 0.61398  ,  pro_loss: 0.18114
[train: Epoch 7, 1400 / 1875] FPS: 73.9 (586.7)  ,  DataTime: 0.383 (0.005)  ,  ForwardTime: 0.045  ,  TotalTime: 0.433  ,  Loss/total: 3.82545  ,  Loss/ce: 3.78923  ,  IoU: 0.61433  ,  pro_loss: 0.18110
[train: Epoch 7, 1450 / 1875] FPS: 74.1 (612.4)  ,  DataTime: 0.382 (0.005)  ,  ForwardTime: 0.045  ,  TotalTime: 0.432  ,  Loss/total: 3.82542  ,  Loss/ce: 3.78921  ,  IoU: 0.61415  ,  pro_loss: 0.18105
[train: Epoch 7, 1500 / 1875] FPS: 74.2 (590.6)  ,  DataTime: 0.381 (0.005)  ,  ForwardTime: 0.045  ,  TotalTime: 0.431  ,  Loss/total: 3.82571  ,  Loss/ce: 3.78950  ,  IoU: 0.61395  ,  pro_loss: 0.18106
[train: Epoch 7, 1550 / 1875] FPS: 74.2 (15.8)  ,  DataTime: 0.381 (0.005)  ,  ForwardTime: 0.045  ,  TotalTime: 0.431  ,  Loss/total: 3.82514  ,  Loss/ce: 3.78896  ,  IoU: 0.61418  ,  pro_loss: 0.18091
[train: Epoch 7, 1600 / 1875] FPS: 74.5 (620.9)  ,  DataTime: 0.379 (0.005)  ,  ForwardTime: 0.045  ,  TotalTime: 0.429  ,  Loss/total: 3.82522  ,  Loss/ce: 3.78906  ,  IoU: 0.61411  ,  pro_loss: 0.18076
[train: Epoch 7, 1650 / 1875] FPS: 74.5 (615.4)  ,  DataTime: 0.380 (0.005)  ,  ForwardTime: 0.045  ,  TotalTime: 0.429  ,  Loss/total: 3.82464  ,  Loss/ce: 3.78854  ,  IoU: 0.61411  ,  pro_loss: 0.18051
[train: Epoch 7, 1700 / 1875] FPS: 74.7 (590.9)  ,  DataTime: 0.379 (0.005)  ,  ForwardTime: 0.045  ,  TotalTime: 0.428  ,  Loss/total: 3.82442  ,  Loss/ce: 3.78838  ,  IoU: 0.61396  ,  pro_loss: 0.18021
[train: Epoch 7, 1750 / 1875] FPS: 75.0 (651.6)  ,  DataTime: 0.377 (0.005)  ,  ForwardTime: 0.045  ,  TotalTime: 0.427  ,  Loss/total: 3.82337  ,  Loss/ce: 3.78737  ,  IoU: 0.61432  ,  pro_loss: 0.18001
[train: Epoch 7, 1800 / 1875] FPS: 75.1 (609.6)  ,  DataTime: 0.376 (0.005)  ,  ForwardTime: 0.045  ,  TotalTime: 0.426  ,  Loss/total: 3.82298  ,  Loss/ce: 3.78693  ,  IoU: 0.61458  ,  pro_loss: 0.18028
[train: Epoch 7, 1850 / 1875] FPS: 75.0 (11.0)  ,  DataTime: 0.377 (0.005)  ,  ForwardTime: 0.045  ,  TotalTime: 0.427  ,  Loss/total: 3.82260  ,  Loss/ce: 3.78651  ,  IoU: 0.61484  ,  pro_loss: 0.18046
[train: Epoch 7, 1875 / 1875] FPS: 75.3 (615.6)  ,  DataTime: 0.375 (0.005)  ,  ForwardTime: 0.045  ,  TotalTime: 0.425  ,  Loss/total: 3.82216  ,  Loss/ce: 3.78606  ,  IoU: 0.61496  ,  pro_loss: 0.18047
[train: Epoch 8, 50 / 1875] FPS: 65.0 (579.3)  ,  DataTime: 0.442 (0.005)  ,  ForwardTime: 0.045  ,  TotalTime: 0.493  ,  Loss/total: 3.80782  ,  Loss/ce: 3.77120  ,  IoU: 0.62027  ,  pro_loss: 0.18313
[train: Epoch 8, 100 / 1875] FPS: 76.2 (572.1)  ,  DataTime: 0.370 (0.005)  ,  ForwardTime: 0.045  ,  TotalTime: 0.420  ,  Loss/total: 3.80461  ,  Loss/ce: 3.76781  ,  IoU: 0.62120  ,  pro_loss: 0.18396
[train: Epoch 8, 150 / 1875] FPS: 76.2 (12.7)  ,  DataTime: 0.370 (0.005)  ,  ForwardTime: 0.045  ,  TotalTime: 0.420  ,  Loss/total: 3.79782  ,  Loss/ce: 3.76135  ,  IoU: 0.62285  ,  pro_loss: 0.18236
[train: Epoch 8, 200 / 1875] FPS: 77.5 (40.4)  ,  DataTime: 0.363 (0.005)  ,  ForwardTime: 0.045  ,  TotalTime: 0.413  ,  Loss/total: 3.80303  ,  Loss/ce: 3.76685  ,  IoU: 0.62156  ,  pro_loss: 0.18089
[train: Epoch 8, 250 / 1875] FPS: 78.2 (611.0)  ,  DataTime: 0.359 (0.005)  ,  ForwardTime: 0.045  ,  TotalTime: 0.409  ,  Loss/total: 3.80304  ,  Loss/ce: 3.76664  ,  IoU: 0.62179  ,  pro_loss: 0.18196
[train: Epoch 8, 300 / 1875] FPS: 79.7 (603.4)  ,  DataTime: 0.351 (0.005)  ,  ForwardTime: 0.045  ,  TotalTime: 0.401  ,  Loss/total: 3.79981  ,  Loss/ce: 3.76356  ,  IoU: 0.62268  ,  pro_loss: 0.18122
[train: Epoch 8, 350 / 1875] FPS: 80.5 (59.4)  ,  DataTime: 0.347 (0.005)  ,  ForwardTime: 0.045  ,  TotalTime: 0.398  ,  Loss/total: 3.79904  ,  Loss/ce: 3.76270  ,  IoU: 0.62338  ,  pro_loss: 0.18167
[train: Epoch 8, 400 / 1875] FPS: 81.3 (602.1)  ,  DataTime: 0.343 (0.005)  ,  ForwardTime: 0.045  ,  TotalTime: 0.393  ,  Loss/total: 3.79754  ,  Loss/ce: 3.76135  ,  IoU: 0.62388  ,  pro_loss: 0.18094
[train: Epoch 8, 450 / 1875] FPS: 80.6 (580.4)  ,  DataTime: 0.347 (0.005)  ,  ForwardTime: 0.045  ,  TotalTime: 0.397  ,  Loss/total: 3.79757  ,  Loss/ce: 3.76122  ,  IoU: 0.62474  ,  pro_loss: 0.18174
[train: Epoch 8, 500 / 1875] FPS: 81.1 (15.9)  ,  DataTime: 0.345 (0.005)  ,  ForwardTime: 0.045  ,  TotalTime: 0.395  ,  Loss/total: 3.79712  ,  Loss/ce: 3.76052  ,  IoU: 0.62456  ,  pro_loss: 0.18298
[train: Epoch 8, 550 / 1875] FPS: 81.7 (39.0)  ,  DataTime: 0.342 (0.005)  ,  ForwardTime: 0.045  ,  TotalTime: 0.392  ,  Loss/total: 3.79681  ,  Loss/ce: 3.76038  ,  IoU: 0.62467  ,  pro_loss: 0.18216
[train: Epoch 8, 600 / 1875] FPS: 81.8 (604.3)  ,  DataTime: 0.341 (0.005)  ,  ForwardTime: 0.045  ,  TotalTime: 0.391  ,  Loss/total: 3.79582  ,  Loss/ce: 3.75934  ,  IoU: 0.62480  ,  pro_loss: 0.18240
[train: Epoch 8, 650 / 1875] FPS: 82.3 (45.2)  ,  DataTime: 0.339 (0.005)  ,  ForwardTime: 0.045  ,  TotalTime: 0.389  ,  Loss/total: 3.79556  ,  Loss/ce: 3.75902  ,  IoU: 0.62562  ,  pro_loss: 0.18269
[train: Epoch 8, 700 / 1875] FPS: 83.2 (200.3)  ,  DataTime: 0.335 (0.005)  ,  ForwardTime: 0.045  ,  TotalTime: 0.385  ,  Loss/total: 3.79575  ,  Loss/ce: 3.75915  ,  IoU: 0.62566  ,  pro_loss: 0.18299
[train: Epoch 8, 750 / 1875] FPS: 83.2 (641.6)  ,  DataTime: 0.334 (0.005)  ,  ForwardTime: 0.045  ,  TotalTime: 0.384  ,  Loss/total: 3.79733  ,  Loss/ce: 3.76067  ,  IoU: 0.62461  ,  pro_loss: 0.18328
[train: Epoch 8, 800 / 1875] FPS: 83.6 (590.5)  ,  DataTime: 0.333 (0.005)  ,  ForwardTime: 0.045  ,  TotalTime: 0.383  ,  Loss/total: 3.79633  ,  Loss/ce: 3.75968  ,  IoU: 0.62489  ,  pro_loss: 0.18324
[train: Epoch 8, 850 / 1875] FPS: 82.8 (8.8)  ,  DataTime: 0.337 (0.005)  ,  ForwardTime: 0.045  ,  TotalTime: 0.387  ,  Loss/total: 3.79704  ,  Loss/ce: 3.76038  ,  IoU: 0.62496  ,  pro_loss: 0.18331
[train: Epoch 8, 900 / 1875] FPS: 83.0 (605.9)  ,  DataTime: 0.336 (0.005)  ,  ForwardTime: 0.045  ,  TotalTime: 0.386  ,  Loss/total: 3.79529  ,  Loss/ce: 3.75866  ,  IoU: 0.62573  ,  pro_loss: 0.18315
[train: Epoch 8, 950 / 1875] FPS: 83.2 (609.1)  ,  DataTime: 0.335 (0.005)  ,  ForwardTime: 0.045  ,  TotalTime: 0.385  ,  Loss/total: 3.79599  ,  Loss/ce: 3.75933  ,  IoU: 0.62587  ,  pro_loss: 0.18327
[train: Epoch 8, 1000 / 1875] FPS: 83.8 (613.7)  ,  DataTime: 0.332 (0.005)  ,  ForwardTime: 0.045  ,  TotalTime: 0.382  ,  Loss/total: 3.79672  ,  Loss/ce: 3.76006  ,  IoU: 0.62573  ,  pro_loss: 0.18333
[train: Epoch 8, 1050 / 1875] FPS: 84.1 (48.4)  ,  DataTime: 0.331 (0.005)  ,  ForwardTime: 0.045  ,  TotalTime: 0.381  ,  Loss/total: 3.79697  ,  Loss/ce: 3.76032  ,  IoU: 0.62588  ,  pro_loss: 0.18325
[train: Epoch 8, 1100 / 1875] FPS: 84.2 (629.2)  ,  DataTime: 0.330 (0.005)  ,  ForwardTime: 0.045  ,  TotalTime: 0.380  ,  Loss/total: 3.79670  ,  Loss/ce: 3.76002  ,  IoU: 0.62592  ,  pro_loss: 0.18339
[train: Epoch 8, 1150 / 1875] FPS: 84.8 (616.4)  ,  DataTime: 0.328 (0.005)  ,  ForwardTime: 0.045  ,  TotalTime: 0.378  ,  Loss/total: 3.79577  ,  Loss/ce: 3.75905  ,  IoU: 0.62636  ,  pro_loss: 0.18360
[train: Epoch 8, 1200 / 1875] FPS: 84.8 (604.1)  ,  DataTime: 0.328 (0.005)  ,  ForwardTime: 0.045  ,  TotalTime: 0.377  ,  Loss/total: 3.79482  ,  Loss/ce: 3.75812  ,  IoU: 0.62675  ,  pro_loss: 0.18352
[train: Epoch 8, 1250 / 1875] FPS: 85.0 (618.5)  ,  DataTime: 0.327 (0.005)  ,  ForwardTime: 0.045  ,  TotalTime: 0.377  ,  Loss/total: 3.79447  ,  Loss/ce: 3.75774  ,  IoU: 0.62708  ,  pro_loss: 0.18363
[train: Epoch 8, 1300 / 1875] FPS: 85.1 (603.5)  ,  DataTime: 0.326 (0.005)  ,  ForwardTime: 0.045  ,  TotalTime: 0.376  ,  Loss/total: 3.79384  ,  Loss/ce: 3.75713  ,  IoU: 0.62719  ,  pro_loss: 0.18356
[train: Epoch 8, 1350 / 1875] FPS: 84.9 (11.0)  ,  DataTime: 0.327 (0.005)  ,  ForwardTime: 0.045  ,  TotalTime: 0.377  ,  Loss/total: 3.79323  ,  Loss/ce: 3.75654  ,  IoU: 0.62736  ,  pro_loss: 0.18348
[train: Epoch 8, 1400 / 1875] FPS: 85.5 (585.0)  ,  DataTime: 0.324 (0.005)  ,  ForwardTime: 0.045  ,  TotalTime: 0.374  ,  Loss/total: 3.79244  ,  Loss/ce: 3.75574  ,  IoU: 0.62779  ,  pro_loss: 0.18347
[train: Epoch 8, 1450 / 1875] FPS: 85.7 (589.8)  ,  DataTime: 0.323 (0.005)  ,  ForwardTime: 0.045  ,  TotalTime: 0.373  ,  Loss/total: 3.79197  ,  Loss/ce: 3.75530  ,  IoU: 0.62772  ,  pro_loss: 0.18331
[train: Epoch 8, 1500 / 1875] FPS: 85.9 (587.5)  ,  DataTime: 0.323 (0.005)  ,  ForwardTime: 0.045  ,  TotalTime: 0.373  ,  Loss/total: 3.79175  ,  Loss/ce: 3.75517  ,  IoU: 0.62754  ,  pro_loss: 0.18293
[train: Epoch 8, 1550 / 1875] FPS: 86.1 (600.5)  ,  DataTime: 0.322 (0.005)  ,  ForwardTime: 0.045  ,  TotalTime: 0.372  ,  Loss/total: 3.79107  ,  Loss/ce: 3.75448  ,  IoU: 0.62779  ,  pro_loss: 0.18295
[train: Epoch 8, 1600 / 1875] FPS: 86.3 (605.8)  ,  DataTime: 0.321 (0.005)  ,  ForwardTime: 0.045  ,  TotalTime: 0.371  ,  Loss/total: 3.79110  ,  Loss/ce: 3.75451  ,  IoU: 0.62802  ,  pro_loss: 0.18293
[train: Epoch 8, 1650 / 1875] FPS: 86.5 (623.4)  ,  DataTime: 0.320 (0.005)  ,  ForwardTime: 0.045  ,  TotalTime: 0.370  ,  Loss/total: 3.79020  ,  Loss/ce: 3.75363  ,  IoU: 0.62832  ,  pro_loss: 0.18283
[train: Epoch 8, 1700 / 1875] FPS: 86.9 (610.5)  ,  DataTime: 0.318 (0.005)  ,  ForwardTime: 0.045  ,  TotalTime: 0.368  ,  Loss/total: 3.78908  ,  Loss/ce: 3.75252  ,  IoU: 0.62876  ,  pro_loss: 0.18280
[train: Epoch 8, 1750 / 1875] FPS: 87.0 (560.4)  ,  DataTime: 0.318 (0.005)  ,  ForwardTime: 0.045  ,  TotalTime: 0.368  ,  Loss/total: 3.78753  ,  Loss/ce: 3.75099  ,  IoU: 0.62931  ,  pro_loss: 0.18271
[train: Epoch 8, 1800 / 1875] FPS: 86.2 (603.3)  ,  DataTime: 0.321 (0.005)  ,  ForwardTime: 0.045  ,  TotalTime: 0.371  ,  Loss/total: 3.78722  ,  Loss/ce: 3.75064  ,  IoU: 0.62943  ,  pro_loss: 0.18290
[train: Epoch 8, 1850 / 1875] FPS: 85.3 (609.0)  ,  DataTime: 0.325 (0.005)  ,  ForwardTime: 0.045  ,  TotalTime: 0.375  ,  Loss/total: 3.78676  ,  Loss/ce: 3.75019  ,  IoU: 0.62954  ,  pro_loss: 0.18284
[train: Epoch 8, 1875 / 1875] FPS: 85.4 (614.5)  ,  DataTime: 0.325 (0.005)  ,  ForwardTime: 0.045  ,  TotalTime: 0.375  ,  Loss/total: 3.78629  ,  Loss/ce: 3.74974  ,  IoU: 0.62961  ,  pro_loss: 0.18277
[train: Epoch 9, 50 / 1875] FPS: 59.2 (23.3)  ,  DataTime: 0.491 (0.005)  ,  ForwardTime: 0.045  ,  TotalTime: 0.541  ,  Loss/total: 3.79932  ,  Loss/ce: 3.76236  ,  IoU: 0.62640  ,  pro_loss: 0.18479
[train: Epoch 9, 100 / 1875] FPS: 61.3 (568.9)  ,  DataTime: 0.472 (0.005)  ,  ForwardTime: 0.045  ,  TotalTime: 0.522  ,  Loss/total: 3.79076  ,  Loss/ce: 3.75383  ,  IoU: 0.62868  ,  pro_loss: 0.18469
[train: Epoch 9, 150 / 1875] FPS: 64.7 (587.0)  ,  DataTime: 0.445 (0.005)  ,  ForwardTime: 0.045  ,  TotalTime: 0.495  ,  Loss/total: 3.78140  ,  Loss/ce: 3.74481  ,  IoU: 0.63047  ,  pro_loss: 0.18299
[train: Epoch 9, 200 / 1875] FPS: 66.5 (607.5)  ,  DataTime: 0.432 (0.005)  ,  ForwardTime: 0.045  ,  TotalTime: 0.481  ,  Loss/total: 3.77484  ,  Loss/ce: 3.73883  ,  IoU: 0.62895  ,  pro_loss: 0.18005
[train: Epoch 9, 250 / 1875] FPS: 67.3 (23.5)  ,  DataTime: 0.426 (0.005)  ,  ForwardTime: 0.045  ,  TotalTime: 0.476  ,  Loss/total: 3.77190  ,  Loss/ce: 3.73570  ,  IoU: 0.63123  ,  pro_loss: 0.18100
[train: Epoch 9, 300 / 1875] FPS: 66.9 (603.0)  ,  DataTime: 0.428 (0.005)  ,  ForwardTime: 0.045  ,  TotalTime: 0.478  ,  Loss/total: 3.77082  ,  Loss/ce: 3.73455  ,  IoU: 0.63277  ,  pro_loss: 0.18135
[train: Epoch 9, 350 / 1875] FPS: 67.6 (609.2)  ,  DataTime: 0.424 (0.005)  ,  ForwardTime: 0.045  ,  TotalTime: 0.474  ,  Loss/total: 3.77050  ,  Loss/ce: 3.73408  ,  IoU: 0.63293  ,  pro_loss: 0.18208
[train: Epoch 9, 400 / 1875] FPS: 69.2 (119.3)  ,  DataTime: 0.413 (0.005)  ,  ForwardTime: 0.045  ,  TotalTime: 0.463  ,  Loss/total: 3.77121  ,  Loss/ce: 3.73456  ,  IoU: 0.63287  ,  pro_loss: 0.18328
[train: Epoch 9, 450 / 1875] FPS: 68.9 (42.3)  ,  DataTime: 0.414 (0.005)  ,  ForwardTime: 0.045  ,  TotalTime: 0.464  ,  Loss/total: 3.76967  ,  Loss/ce: 3.73308  ,  IoU: 0.63432  ,  pro_loss: 0.18299
[train: Epoch 9, 500 / 1875] FPS: 69.3 (594.1)  ,  DataTime: 0.412 (0.005)  ,  ForwardTime: 0.045  ,  TotalTime: 0.462  ,  Loss/total: 3.76724  ,  Loss/ce: 3.73059  ,  IoU: 0.63506  ,  pro_loss: 0.18325
[train: Epoch 9, 550 / 1875] FPS: 68.9 (597.4)  ,  DataTime: 0.414 (0.005)  ,  ForwardTime: 0.045  ,  TotalTime: 0.464  ,  Loss/total: 3.76558  ,  Loss/ce: 3.72894  ,  IoU: 0.63579  ,  pro_loss: 0.18320
[train: Epoch 9, 600 / 1875] FPS: 69.9 (15.2)  ,  DataTime: 0.408 (0.005)  ,  ForwardTime: 0.045  ,  TotalTime: 0.458  ,  Loss/total: 3.76518  ,  Loss/ce: 3.72854  ,  IoU: 0.63612  ,  pro_loss: 0.18319
[train: Epoch 9, 650 / 1875] FPS: 70.1 (602.2)  ,  DataTime: 0.407 (0.005)  ,  ForwardTime: 0.045  ,  TotalTime: 0.457  ,  Loss/total: 3.76459  ,  Loss/ce: 3.72799  ,  IoU: 0.63586  ,  pro_loss: 0.18303
[train: Epoch 9, 700 / 1875] FPS: 70.5 (10.3)  ,  DataTime: 0.404 (0.005)  ,  ForwardTime: 0.045  ,  TotalTime: 0.454  ,  Loss/total: 3.76479  ,  Loss/ce: 3.72832  ,  IoU: 0.63540  ,  pro_loss: 0.18237
[train: Epoch 9, 750 / 1875] FPS: 71.1 (614.3)  ,  DataTime: 0.400 (0.005)  ,  ForwardTime: 0.045  ,  TotalTime: 0.450  ,  Loss/total: 3.76550  ,  Loss/ce: 3.72896  ,  IoU: 0.63531  ,  pro_loss: 0.18272
[train: Epoch 9, 800 / 1875] FPS: 70.8 (16.6)  ,  DataTime: 0.402 (0.005)  ,  ForwardTime: 0.045  ,  TotalTime: 0.452  ,  Loss/total: 3.76425  ,  Loss/ce: 3.72768  ,  IoU: 0.63623  ,  pro_loss: 0.18289
[train: Epoch 9, 850 / 1875] FPS: 71.6 (229.6)  ,  DataTime: 0.397 (0.005)  ,  ForwardTime: 0.045  ,  TotalTime: 0.447  ,  Loss/total: 3.76388  ,  Loss/ce: 3.72733  ,  IoU: 0.63675  ,  pro_loss: 0.18277
[train: Epoch 9, 900 / 1875] FPS: 71.6 (577.4)  ,  DataTime: 0.397 (0.005)  ,  ForwardTime: 0.045  ,  TotalTime: 0.447  ,  Loss/total: 3.76468  ,  Loss/ce: 3.72812  ,  IoU: 0.63618  ,  pro_loss: 0.18277
[train: Epoch 9, 950 / 1875] FPS: 72.0 (603.1)  ,  DataTime: 0.394 (0.005)  ,  ForwardTime: 0.045  ,  TotalTime: 0.444  ,  Loss/total: 3.76369  ,  Loss/ce: 3.72721  ,  IoU: 0.63661  ,  pro_loss: 0.18238
[train: Epoch 9, 1000 / 1875] FPS: 72.0 (568.4)  ,  DataTime: 0.394 (0.005)  ,  ForwardTime: 0.045  ,  TotalTime: 0.444  ,  Loss/total: 3.76288  ,  Loss/ce: 3.72644  ,  IoU: 0.63678  ,  pro_loss: 0.18219
[train: Epoch 9, 1050 / 1875] FPS: 71.9 (6.5)  ,  DataTime: 0.395 (0.005)  ,  ForwardTime: 0.045  ,  TotalTime: 0.445  ,  Loss/total: 3.76244  ,  Loss/ce: 3.72606  ,  IoU: 0.63675  ,  pro_loss: 0.18191
[train: Epoch 9, 1100 / 1875] FPS: 72.5 (623.9)  ,  DataTime: 0.392 (0.005)  ,  ForwardTime: 0.045  ,  TotalTime: 0.442  ,  Loss/total: 3.76151  ,  Loss/ce: 3.72506  ,  IoU: 0.63731  ,  pro_loss: 0.18225
[train: Epoch 9, 1150 / 1875] FPS: 72.6 (598.4)  ,  DataTime: 0.391 (0.005)  ,  ForwardTime: 0.045  ,  TotalTime: 0.441  ,  Loss/total: 3.76189  ,  Loss/ce: 3.72551  ,  IoU: 0.63750  ,  pro_loss: 0.18188
[train: Epoch 9, 1200 / 1875] FPS: 73.3 (578.8)  ,  DataTime: 0.387 (0.005)  ,  ForwardTime: 0.045  ,  TotalTime: 0.437  ,  Loss/total: 3.76173  ,  Loss/ce: 3.72540  ,  IoU: 0.63793  ,  pro_loss: 0.18166
[train: Epoch 9, 1250 / 1875] FPS: 73.4 (618.1)  ,  DataTime: 0.386 (0.005)  ,  ForwardTime: 0.045  ,  TotalTime: 0.436  ,  Loss/total: 3.76097  ,  Loss/ce: 3.72466  ,  IoU: 0.63811  ,  pro_loss: 0.18157
[train: Epoch 9, 1300 / 1875] FPS: 73.6 (583.3)  ,  DataTime: 0.385 (0.005)  ,  ForwardTime: 0.045  ,  TotalTime: 0.435  ,  Loss/total: 3.75991  ,  Loss/ce: 3.72359  ,  IoU: 0.63816  ,  pro_loss: 0.18159
[train: Epoch 9, 1350 / 1875] FPS: 73.7 (600.1)  ,  DataTime: 0.384 (0.005)  ,  ForwardTime: 0.045  ,  TotalTime: 0.434  ,  Loss/total: 3.75944  ,  Loss/ce: 3.72313  ,  IoU: 0.63809  ,  pro_loss: 0.18154
[train: Epoch 9, 1400 / 1875] FPS: 74.0 (599.7)  ,  DataTime: 0.383 (0.005)  ,  ForwardTime: 0.045  ,  TotalTime: 0.433  ,  Loss/total: 3.75868  ,  Loss/ce: 3.72237  ,  IoU: 0.63831  ,  pro_loss: 0.18154
[train: Epoch 9, 1450 / 1875] FPS: 74.3 (618.2)  ,  DataTime: 0.381 (0.005)  ,  ForwardTime: 0.045  ,  TotalTime: 0.431  ,  Loss/total: 3.75750  ,  Loss/ce: 3.72120  ,  IoU: 0.63852  ,  pro_loss: 0.18149
[train: Epoch 9, 1500 / 1875] FPS: 73.9 (559.4)  ,  DataTime: 0.383 (0.005)  ,  ForwardTime: 0.045  ,  TotalTime: 0.433  ,  Loss/total: 3.75640  ,  Loss/ce: 3.72009  ,  IoU: 0.63898  ,  pro_loss: 0.18154
[train: Epoch 9, 1550 / 1875] FPS: 74.4 (16.2)  ,  DataTime: 0.380 (0.005)  ,  ForwardTime: 0.045  ,  TotalTime: 0.430  ,  Loss/total: 3.75548  ,  Loss/ce: 3.71919  ,  IoU: 0.63924  ,  pro_loss: 0.18144
[train: Epoch 9, 1600 / 1875] FPS: 74.7 (612.0)  ,  DataTime: 0.378 (0.005)  ,  ForwardTime: 0.045  ,  TotalTime: 0.428  ,  Loss/total: 3.75551  ,  Loss/ce: 3.71923  ,  IoU: 0.63918  ,  pro_loss: 0.18143
[train: Epoch 9, 1650 / 1875] FPS: 75.1 (613.1)  ,  DataTime: 0.377 (0.005)  ,  ForwardTime: 0.045  ,  TotalTime: 0.426  ,  Loss/total: 3.75523  ,  Loss/ce: 3.71893  ,  IoU: 0.63937  ,  pro_loss: 0.18151
[train: Epoch 9, 1700 / 1875] FPS: 75.4 (619.2)  ,  DataTime: 0.375 (0.005)  ,  ForwardTime: 0.045  ,  TotalTime: 0.425  ,  Loss/total: 3.75471  ,  Loss/ce: 3.71843  ,  IoU: 0.63958  ,  pro_loss: 0.18143
[train: Epoch 9, 1750 / 1875] FPS: 75.6 (26.4)  ,  DataTime: 0.374 (0.005)  ,  ForwardTime: 0.045  ,  TotalTime: 0.424  ,  Loss/total: 3.75446  ,  Loss/ce: 3.71818  ,  IoU: 0.63959  ,  pro_loss: 0.18142
[train: Epoch 9, 1800 / 1875] FPS: 75.3 (8.8)  ,  DataTime: 0.375 (0.005)  ,  ForwardTime: 0.045  ,  TotalTime: 0.425  ,  Loss/total: 3.75398  ,  Loss/ce: 3.71772  ,  IoU: 0.63983  ,  pro_loss: 0.18128
[train: Epoch 9, 1850 / 1875] FPS: 75.7 (580.2)  ,  DataTime: 0.373 (0.005)  ,  ForwardTime: 0.045  ,  TotalTime: 0.423  ,  Loss/total: 3.75407  ,  Loss/ce: 3.71781  ,  IoU: 0.63984  ,  pro_loss: 0.18127
[train: Epoch 9, 1875 / 1875] FPS: 76.0 (615.8)  ,  DataTime: 0.371 (0.005)  ,  ForwardTime: 0.045  ,  TotalTime: 0.421  ,  Loss/total: 3.75398  ,  Loss/ce: 3.71774  ,  IoU: 0.63984  ,  pro_loss: 0.18117
[train: Epoch 10, 50 / 1875] FPS: 73.8 (597.8)  ,  DataTime: 0.384 (0.005)  ,  ForwardTime: 0.045  ,  TotalTime: 0.434  ,  Loss/total: 3.73726  ,  Loss/ce: 3.70263  ,  IoU: 0.64681  ,  pro_loss: 0.17313
[train: Epoch 10, 100 / 1875] FPS: 81.0 (605.5)  ,  DataTime: 0.345 (0.005)  ,  ForwardTime: 0.045  ,  TotalTime: 0.395  ,  Loss/total: 3.72912  ,  Loss/ce: 3.69445  ,  IoU: 0.64934  ,  pro_loss: 0.17333
[train: Epoch 10, 150 / 1875] FPS: 86.7 (599.1)  ,  DataTime: 0.319 (0.005)  ,  ForwardTime: 0.045  ,  TotalTime: 0.369  ,  Loss/total: 3.73040  ,  Loss/ce: 3.69550  ,  IoU: 0.64965  ,  pro_loss: 0.17451
[train: Epoch 10, 200 / 1875] FPS: 84.7 (589.0)  ,  DataTime: 0.328 (0.005)  ,  ForwardTime: 0.045  ,  TotalTime: 0.378  ,  Loss/total: 3.72696  ,  Loss/ce: 3.69186  ,  IoU: 0.65159  ,  pro_loss: 0.17547
[train: Epoch 10, 250 / 1875] FPS: 85.4 (610.6)  ,  DataTime: 0.325 (0.005)  ,  ForwardTime: 0.045  ,  TotalTime: 0.375  ,  Loss/total: 3.73164  ,  Loss/ce: 3.69610  ,  IoU: 0.64925  ,  pro_loss: 0.17771
[train: Epoch 10, 300 / 1875] FPS: 85.6 (613.7)  ,  DataTime: 0.324 (0.005)  ,  ForwardTime: 0.045  ,  TotalTime: 0.374  ,  Loss/total: 3.73733  ,  Loss/ce: 3.70183  ,  IoU: 0.64828  ,  pro_loss: 0.17754
[train: Epoch 10, 350 / 1875] FPS: 86.7 (27.5)  ,  DataTime: 0.319 (0.005)  ,  ForwardTime: 0.045  ,  TotalTime: 0.369  ,  Loss/total: 3.73997  ,  Loss/ce: 3.70458  ,  IoU: 0.64700  ,  pro_loss: 0.17693
[train: Epoch 10, 400 / 1875] FPS: 85.6 (610.1)  ,  DataTime: 0.324 (0.005)  ,  ForwardTime: 0.045  ,  TotalTime: 0.374  ,  Loss/total: 3.74143  ,  Loss/ce: 3.70611  ,  IoU: 0.64621  ,  pro_loss: 0.17659
[train: Epoch 10, 450 / 1875] FPS: 86.4 (606.9)  ,  DataTime: 0.321 (0.005)  ,  ForwardTime: 0.045  ,  TotalTime: 0.371  ,  Loss/total: 3.74059  ,  Loss/ce: 3.70521  ,  IoU: 0.64632  ,  pro_loss: 0.17690
[train: Epoch 10, 500 / 1875] FPS: 86.2 (604.5)  ,  DataTime: 0.321 (0.005)  ,  ForwardTime: 0.045  ,  TotalTime: 0.371  ,  Loss/total: 3.74274  ,  Loss/ce: 3.70741  ,  IoU: 0.64555  ,  pro_loss: 0.17669
[train: Epoch 10, 550 / 1875] FPS: 87.6 (595.5)  ,  DataTime: 0.316 (0.005)  ,  ForwardTime: 0.045  ,  TotalTime: 0.365  ,  Loss/total: 3.74243  ,  Loss/ce: 3.70705  ,  IoU: 0.64579  ,  pro_loss: 0.17693
[train: Epoch 10, 600 / 1875] FPS: 86.2 (16.8)  ,  DataTime: 0.321 (0.005)  ,  ForwardTime: 0.045  ,  TotalTime: 0.371  ,  Loss/total: 3.74191  ,  Loss/ce: 3.70636  ,  IoU: 0.64608  ,  pro_loss: 0.17778
[train: Epoch 10, 650 / 1875] FPS: 87.2 (614.7)  ,  DataTime: 0.317 (0.005)  ,  ForwardTime: 0.045  ,  TotalTime: 0.367  ,  Loss/total: 3.74123  ,  Loss/ce: 3.70568  ,  IoU: 0.64629  ,  pro_loss: 0.17774
[train: Epoch 10, 700 / 1875] FPS: 85.9 (571.6)  ,  DataTime: 0.323 (0.005)  ,  ForwardTime: 0.045  ,  TotalTime: 0.372  ,  Loss/total: 3.74077  ,  Loss/ce: 3.70522  ,  IoU: 0.64653  ,  pro_loss: 0.17775
[train: Epoch 10, 750 / 1875] FPS: 86.5 (589.3)  ,  DataTime: 0.320 (0.005)  ,  ForwardTime: 0.045  ,  TotalTime: 0.370  ,  Loss/total: 3.74056  ,  Loss/ce: 3.70499  ,  IoU: 0.64653  ,  pro_loss: 0.17783
[train: Epoch 10, 800 / 1875] FPS: 86.5 (581.2)  ,  DataTime: 0.320 (0.005)  ,  ForwardTime: 0.045  ,  TotalTime: 0.370  ,  Loss/total: 3.73840  ,  Loss/ce: 3.70286  ,  IoU: 0.64696  ,  pro_loss: 0.17767
[train: Epoch 10, 850 / 1875] FPS: 87.2 (605.7)  ,  DataTime: 0.317 (0.005)  ,  ForwardTime: 0.045  ,  TotalTime: 0.367  ,  Loss/total: 3.73702  ,  Loss/ce: 3.70151  ,  IoU: 0.64670  ,  pro_loss: 0.17754
[train: Epoch 10, 900 / 1875] FPS: 86.9 (620.9)  ,  DataTime: 0.319 (0.005)  ,  ForwardTime: 0.045  ,  TotalTime: 0.368  ,  Loss/total: 3.73780  ,  Loss/ce: 3.70228  ,  IoU: 0.64638  ,  pro_loss: 0.17759
[train: Epoch 10, 950 / 1875] FPS: 86.9 (10.6)  ,  DataTime: 0.319 (0.005)  ,  ForwardTime: 0.045  ,  TotalTime: 0.368  ,  Loss/total: 3.73750  ,  Loss/ce: 3.70194  ,  IoU: 0.64649  ,  pro_loss: 0.17778
[train: Epoch 10, 1000 / 1875] FPS: 86.9 (616.6)  ,  DataTime: 0.318 (0.005)  ,  ForwardTime: 0.045  ,  TotalTime: 0.368  ,  Loss/total: 3.73766  ,  Loss/ce: 3.70212  ,  IoU: 0.64633  ,  pro_loss: 0.17773
[train: Epoch 10, 1050 / 1875] FPS: 87.8 (610.2)  ,  DataTime: 0.314 (0.005)  ,  ForwardTime: 0.045  ,  TotalTime: 0.364  ,  Loss/total: 3.73647  ,  Loss/ce: 3.70085  ,  IoU: 0.64654  ,  pro_loss: 0.17807
[train: Epoch 10, 1100 / 1875] FPS: 87.4 (610.5)  ,  DataTime: 0.316 (0.005)  ,  ForwardTime: 0.045  ,  TotalTime: 0.366  ,  Loss/total: 3.73644  ,  Loss/ce: 3.70076  ,  IoU: 0.64673  ,  pro_loss: 0.17839
[train: Epoch 10, 1150 / 1875] FPS: 88.1 (588.3)  ,  DataTime: 0.314 (0.005)  ,  ForwardTime: 0.045  ,  TotalTime: 0.363  ,  Loss/total: 3.73587  ,  Loss/ce: 3.70016  ,  IoU: 0.64691  ,  pro_loss: 0.17856
[train: Epoch 10, 1200 / 1875] FPS: 88.0 (621.2)  ,  DataTime: 0.314 (0.005)  ,  ForwardTime: 0.045  ,  TotalTime: 0.364  ,  Loss/total: 3.73517  ,  Loss/ce: 3.69939  ,  IoU: 0.64742  ,  pro_loss: 0.17888
[train: Epoch 10, 1250 / 1875] FPS: 88.5 (619.4)  ,  DataTime: 0.312 (0.005)  ,  ForwardTime: 0.045  ,  TotalTime: 0.362  ,  Loss/total: 3.73465  ,  Loss/ce: 3.69888  ,  IoU: 0.64750  ,  pro_loss: 0.17884
[train: Epoch 10, 1300 / 1875] FPS: 88.7 (592.9)  ,  DataTime: 0.311 (0.005)  ,  ForwardTime: 0.045  ,  TotalTime: 0.361  ,  Loss/total: 3.73353  ,  Loss/ce: 3.69777  ,  IoU: 0.64794  ,  pro_loss: 0.17879
[train: Epoch 10, 1350 / 1875] FPS: 88.3 (583.9)  ,  DataTime: 0.312 (0.005)  ,  ForwardTime: 0.045  ,  TotalTime: 0.362  ,  Loss/total: 3.73358  ,  Loss/ce: 3.69780  ,  IoU: 0.64799  ,  pro_loss: 0.17889
[train: Epoch 10, 1400 / 1875] FPS: 88.9 (618.4)  ,  DataTime: 0.310 (0.005)  ,  ForwardTime: 0.045  ,  TotalTime: 0.360  ,  Loss/total: 3.73279  ,  Loss/ce: 3.69699  ,  IoU: 0.64817  ,  pro_loss: 0.17900
[train: Epoch 10, 1450 / 1875] FPS: 89.0 (543.0)  ,  DataTime: 0.310 (0.005)  ,  ForwardTime: 0.045  ,  TotalTime: 0.359  ,  Loss/total: 3.73168  ,  Loss/ce: 3.69594  ,  IoU: 0.64840  ,  pro_loss: 0.17869
[train: Epoch 10, 1500 / 1875] FPS: 89.0 (586.7)  ,  DataTime: 0.310 (0.005)  ,  ForwardTime: 0.045  ,  TotalTime: 0.360  ,  Loss/total: 3.73112  ,  Loss/ce: 3.69548  ,  IoU: 0.64847  ,  pro_loss: 0.17819
[train: Epoch 10, 1550 / 1875] FPS: 88.1 (603.7)  ,  DataTime: 0.313 (0.005)  ,  ForwardTime: 0.045  ,  TotalTime: 0.363  ,  Loss/total: 3.73047  ,  Loss/ce: 3.69483  ,  IoU: 0.64852  ,  pro_loss: 0.17820
[train: Epoch 10, 1600 / 1875] FPS: 87.7 (594.7)  ,  DataTime: 0.315 (0.005)  ,  ForwardTime: 0.045  ,  TotalTime: 0.365  ,  Loss/total: 3.73056  ,  Loss/ce: 3.69495  ,  IoU: 0.64861  ,  pro_loss: 0.17807
[train: Epoch 10, 1650 / 1875] FPS: 87.8 (614.0)  ,  DataTime: 0.315 (0.005)  ,  ForwardTime: 0.045  ,  TotalTime: 0.364  ,  Loss/total: 3.73022  ,  Loss/ce: 3.69462  ,  IoU: 0.64882  ,  pro_loss: 0.17802
[train: Epoch 10, 1700 / 1875] FPS: 87.4 (40.0)  ,  DataTime: 0.316 (0.005)  ,  ForwardTime: 0.045  ,  TotalTime: 0.366  ,  Loss/total: 3.72979  ,  Loss/ce: 3.69418  ,  IoU: 0.64894  ,  pro_loss: 0.17803
[train: Epoch 10, 1750 / 1875] FPS: 87.2 (570.8)  ,  DataTime: 0.317 (0.005)  ,  ForwardTime: 0.045  ,  TotalTime: 0.367  ,  Loss/total: 3.72921  ,  Loss/ce: 3.69361  ,  IoU: 0.64914  ,  pro_loss: 0.17801
[train: Epoch 10, 1800 / 1875] FPS: 87.3 (597.0)  ,  DataTime: 0.317 (0.005)  ,  ForwardTime: 0.045  ,  TotalTime: 0.367  ,  Loss/total: 3.72939  ,  Loss/ce: 3.69382  ,  IoU: 0.64937  ,  pro_loss: 0.17788
[train: Epoch 10, 1850 / 1875] FPS: 86.9 (623.1)  ,  DataTime: 0.318 (0.005)  ,  ForwardTime: 0.045  ,  TotalTime: 0.368  ,  Loss/total: 3.72916  ,  Loss/ce: 3.69357  ,  IoU: 0.64934  ,  pro_loss: 0.17792
[train: Epoch 10, 1875 / 1875] FPS: 87.1 (617.8)  ,  DataTime: 0.317 (0.005)  ,  ForwardTime: 0.045  ,  TotalTime: 0.367  ,  Loss/total: 3.72847  ,  Loss/ce: 3.69289  ,  IoU: 0.64949  ,  pro_loss: 0.17789
[val: Epoch 10, 50 / 312] FPS: 63.3 (833.1)  ,  DataTime: 0.454 (0.007)  ,  ForwardTime: 0.045  ,  TotalTime: 0.505  ,  Loss/total: nan  ,  Loss/giou: 0.38403  ,  Loss/l1: 0.02825  ,  Loss/location: nan  ,  pro_loss: 0.09813  ,  IoU: 0.64949
[val: Epoch 10, 100 / 312] FPS: 72.1 (901.5)  ,  DataTime: 0.402 (0.006)  ,  ForwardTime: 0.035  ,  TotalTime: 0.444  ,  Loss/total: nan  ,  Loss/giou: 0.37745  ,  Loss/l1: 0.02728  ,  Loss/location: nan  ,  pro_loss: 0.09771  ,  IoU: 0.65515
[val: Epoch 10, 150 / 312] FPS: 75.2 (974.3)  ,  DataTime: 0.387 (0.006)  ,  ForwardTime: 0.032  ,  TotalTime: 0.425  ,  Loss/total: nan  ,  Loss/giou: 0.37626  ,  Loss/l1: 0.02716  ,  Loss/location: nan  ,  pro_loss: 0.09785  ,  IoU: 0.65608
[val: Epoch 10, 200 / 312] FPS: 78.4 (872.6)  ,  DataTime: 0.372 (0.006)  ,  ForwardTime: 0.030  ,  TotalTime: 0.408  ,  Loss/total: nan  ,  Loss/giou: 0.37051  ,  Loss/l1: 0.02648  ,  Loss/location: nan  ,  pro_loss: 0.09807  ,  IoU: 0.66024
[val: Epoch 10, 250 / 312] FPS: 79.4 (90.8)  ,  DataTime: 0.367 (0.006)  ,  ForwardTime: 0.030  ,  TotalTime: 0.403  ,  Loss/total: nan  ,  Loss/giou: 0.37162  ,  Loss/l1: 0.02669  ,  Loss/location: nan  ,  pro_loss: 0.09996  ,  IoU: 0.65947
[val: Epoch 10, 300 / 312] FPS: 80.6 (911.3)  ,  DataTime: 0.362 (0.006)  ,  ForwardTime: 0.029  ,  TotalTime: 0.397  ,  Loss/total: nan  ,  Loss/giou: 0.37145  ,  Loss/l1: 0.02677  ,  Loss/location: nan  ,  pro_loss: 0.10073  ,  IoU: 0.65969
[val: Epoch 10, 312 / 312] FPS: 82.0 (978.9)  ,  DataTime: 0.355 (0.006)  ,  ForwardTime: 0.029  ,  TotalTime: 0.390  ,  Loss/total: nan  ,  Loss/giou: 0.37166  ,  Loss/l1: 0.02676  ,  Loss/location: nan  ,  pro_loss: 0.10110  ,  IoU: 0.65945
[train: Epoch 11, 50 / 1875] FPS: 74.2 (47.1)  ,  DataTime: 0.381 (0.005)  ,  ForwardTime: 0.045  ,  TotalTime: 0.431  ,  Loss/total: 3.73094  ,  Loss/ce: 3.69419  ,  IoU: 0.64927  ,  pro_loss: 0.18375
[train: Epoch 11, 100 / 1875] FPS: 79.1 (205.7)  ,  DataTime: 0.355 (0.005)  ,  ForwardTime: 0.045  ,  TotalTime: 0.405  ,  Loss/total: 3.72665  ,  Loss/ce: 3.69065  ,  IoU: 0.64908  ,  pro_loss: 0.18000
[train: Epoch 11, 150 / 1875] FPS: 76.5 (569.5)  ,  DataTime: 0.368 (0.005)  ,  ForwardTime: 0.045  ,  TotalTime: 0.418  ,  Loss/total: 3.71506  ,  Loss/ce: 3.67934  ,  IoU: 0.65042  ,  pro_loss: 0.17861
[train: Epoch 11, 200 / 1875] FPS: 79.6 (617.4)  ,  DataTime: 0.352 (0.005)  ,  ForwardTime: 0.045  ,  TotalTime: 0.402  ,  Loss/total: 3.71271  ,  Loss/ce: 3.67692  ,  IoU: 0.65099  ,  pro_loss: 0.17896
[train: Epoch 11, 250 / 1875] FPS: 81.5 (585.0)  ,  DataTime: 0.343 (0.005)  ,  ForwardTime: 0.045  ,  TotalTime: 0.393  ,  Loss/total: 3.71061  ,  Loss/ce: 3.67466  ,  IoU: 0.65249  ,  pro_loss: 0.17975
[train: Epoch 11, 300 / 1875] FPS: 80.9 (22.7)  ,  DataTime: 0.346 (0.005)  ,  ForwardTime: 0.045  ,  TotalTime: 0.396  ,  Loss/total: 3.71330  ,  Loss/ce: 3.67731  ,  IoU: 0.65311  ,  pro_loss: 0.17997
[train: Epoch 11, 350 / 1875] FPS: 80.7 (608.6)  ,  DataTime: 0.347 (0.005)  ,  ForwardTime: 0.045  ,  TotalTime: 0.396  ,  Loss/total: 3.71475  ,  Loss/ce: 3.67877  ,  IoU: 0.65246  ,  pro_loss: 0.17991
[train: Epoch 11, 400 / 1875] FPS: 81.8 (576.1)  ,  DataTime: 0.341 (0.005)  ,  ForwardTime: 0.045  ,  TotalTime: 0.391  ,  Loss/total: 3.71647  ,  Loss/ce: 3.68054  ,  IoU: 0.65272  ,  pro_loss: 0.17964
[train: Epoch 11, 450 / 1875] FPS: 82.6 (605.8)  ,  DataTime: 0.338 (0.005)  ,  ForwardTime: 0.045  ,  TotalTime: 0.387  ,  Loss/total: 3.71683  ,  Loss/ce: 3.68092  ,  IoU: 0.65359  ,  pro_loss: 0.17951
[train: Epoch 11, 500 / 1875] FPS: 83.4 (43.0)  ,  DataTime: 0.334 (0.005)  ,  ForwardTime: 0.045  ,  TotalTime: 0.384  ,  Loss/total: 3.71312  ,  Loss/ce: 3.67735  ,  IoU: 0.65487  ,  pro_loss: 0.17883
[train: Epoch 11, 550 / 1875] FPS: 83.7 (577.3)  ,  DataTime: 0.333 (0.005)  ,  ForwardTime: 0.045  ,  TotalTime: 0.382  ,  Loss/total: 3.71319  ,  Loss/ce: 3.67737  ,  IoU: 0.65468  ,  pro_loss: 0.17909
[train: Epoch 11, 600 / 1875] FPS: 83.8 (328.6)  ,  DataTime: 0.332 (0.005)  ,  ForwardTime: 0.045  ,  TotalTime: 0.382  ,  Loss/total: 3.71271  ,  Loss/ce: 3.67690  ,  IoU: 0.65467  ,  pro_loss: 0.17905
[train: Epoch 11, 650 / 1875] FPS: 83.7 (560.4)  ,  DataTime: 0.332 (0.005)  ,  ForwardTime: 0.045  ,  TotalTime: 0.382  ,  Loss/total: 3.71201  ,  Loss/ce: 3.67626  ,  IoU: 0.65497  ,  pro_loss: 0.17875
[train: Epoch 11, 700 / 1875] FPS: 84.6 (604.8)  ,  DataTime: 0.328 (0.005)  ,  ForwardTime: 0.045  ,  TotalTime: 0.378  ,  Loss/total: 3.71304  ,  Loss/ce: 3.67729  ,  IoU: 0.65475  ,  pro_loss: 0.17871
[train: Epoch 11, 750 / 1875] FPS: 84.8 (625.1)  ,  DataTime: 0.327 (0.005)  ,  ForwardTime: 0.045  ,  TotalTime: 0.377  ,  Loss/total: 3.71076  ,  Loss/ce: 3.67510  ,  IoU: 0.65544  ,  pro_loss: 0.17832
[train: Epoch 11, 800 / 1875] FPS: 85.3 (580.9)  ,  DataTime: 0.325 (0.005)  ,  ForwardTime: 0.045  ,  TotalTime: 0.375  ,  Loss/total: 3.71077  ,  Loss/ce: 3.67511  ,  IoU: 0.65516  ,  pro_loss: 0.17829
[train: Epoch 11, 850 / 1875] FPS: 84.9 (14.1)  ,  DataTime: 0.327 (0.005)  ,  ForwardTime: 0.045  ,  TotalTime: 0.377  ,  Loss/total: 3.71098  ,  Loss/ce: 3.67537  ,  IoU: 0.65546  ,  pro_loss: 0.17804
[train: Epoch 11, 900 / 1875] FPS: 85.4 (612.7)  ,  DataTime: 0.325 (0.005)  ,  ForwardTime: 0.045  ,  TotalTime: 0.375  ,  Loss/total: 3.71109  ,  Loss/ce: 3.67557  ,  IoU: 0.65526  ,  pro_loss: 0.17762
[train: Epoch 11, 950 / 1875] FPS: 85.5 (596.9)  ,  DataTime: 0.324 (0.005)  ,  ForwardTime: 0.045  ,  TotalTime: 0.374  ,  Loss/total: 3.71003  ,  Loss/ce: 3.67453  ,  IoU: 0.65545  ,  pro_loss: 0.17751
[train: Epoch 11, 1000 / 1875] FPS: 86.0 (578.2)  ,  DataTime: 0.322 (0.005)  ,  ForwardTime: 0.045  ,  TotalTime: 0.372  ,  Loss/total: 3.70951  ,  Loss/ce: 3.67399  ,  IoU: 0.65546  ,  pro_loss: 0.17759
[train: Epoch 11, 1050 / 1875] FPS: 86.0 (597.6)  ,  DataTime: 0.322 (0.005)  ,  ForwardTime: 0.045  ,  TotalTime: 0.372  ,  Loss/total: 3.70841  ,  Loss/ce: 3.67288  ,  IoU: 0.65602  ,  pro_loss: 0.17763
[train: Epoch 11, 1100 / 1875] FPS: 86.5 (629.7)  ,  DataTime: 0.320 (0.005)  ,  ForwardTime: 0.045  ,  TotalTime: 0.370  ,  Loss/total: 3.70863  ,  Loss/ce: 3.67304  ,  IoU: 0.65588  ,  pro_loss: 0.17794
[train: Epoch 11, 1150 / 1875] FPS: 86.2 (16.1)  ,  DataTime: 0.321 (0.005)  ,  ForwardTime: 0.045  ,  TotalTime: 0.371  ,  Loss/total: 3.70808  ,  Loss/ce: 3.67249  ,  IoU: 0.65609  ,  pro_loss: 0.17794
[train: Epoch 11, 1200 / 1875] FPS: 86.8 (584.7)  ,  DataTime: 0.319 (0.005)  ,  ForwardTime: 0.045  ,  TotalTime: 0.369  ,  Loss/total: 3.70854  ,  Loss/ce: 3.67300  ,  IoU: 0.65627  ,  pro_loss: 0.17767
[train: Epoch 11, 1250 / 1875] FPS: 86.9 (604.7)  ,  DataTime: 0.318 (0.005)  ,  ForwardTime: 0.045  ,  TotalTime: 0.368  ,  Loss/total: 3.70747  ,  Loss/ce: 3.67203  ,  IoU: 0.65662  ,  pro_loss: 0.17717
[train: Epoch 11, 1300 / 1875] FPS: 87.5 (614.7)  ,  DataTime: 0.316 (0.005)  ,  ForwardTime: 0.045  ,  TotalTime: 0.366  ,  Loss/total: 3.70661  ,  Loss/ce: 3.67119  ,  IoU: 0.65709  ,  pro_loss: 0.17710
[train: Epoch 11, 1350 / 1875] FPS: 87.4 (618.1)  ,  DataTime: 0.317 (0.005)  ,  ForwardTime: 0.045  ,  TotalTime: 0.366  ,  Loss/total: 3.70551  ,  Loss/ce: 3.67013  ,  IoU: 0.65751  ,  pro_loss: 0.17690
[train: Epoch 11, 1400 / 1875] FPS: 87.3 (617.5)  ,  DataTime: 0.317 (0.005)  ,  ForwardTime: 0.045  ,  TotalTime: 0.367  ,  Loss/total: 3.70514  ,  Loss/ce: 3.66979  ,  IoU: 0.65746  ,  pro_loss: 0.17674
[train: Epoch 11, 1450 / 1875] FPS: 88.0 (579.5)  ,  DataTime: 0.314 (0.005)  ,  ForwardTime: 0.045  ,  TotalTime: 0.364  ,  Loss/total: 3.70479  ,  Loss/ce: 3.66943  ,  IoU: 0.65751  ,  pro_loss: 0.17682
[train: Epoch 11, 1500 / 1875] FPS: 88.1 (579.2)  ,  DataTime: 0.313 (0.005)  ,  ForwardTime: 0.045  ,  TotalTime: 0.363  ,  Loss/total: 3.70368  ,  Loss/ce: 3.66833  ,  IoU: 0.65776  ,  pro_loss: 0.17677
[train: Epoch 11, 1550 / 1875] FPS: 88.6 (619.5)  ,  DataTime: 0.311 (0.005)  ,  ForwardTime: 0.045  ,  TotalTime: 0.361  ,  Loss/total: 3.70373  ,  Loss/ce: 3.66835  ,  IoU: 0.65786  ,  pro_loss: 0.17690
[train: Epoch 11, 1600 / 1875] FPS: 88.8 (614.1)  ,  DataTime: 0.311 (0.005)  ,  ForwardTime: 0.045  ,  TotalTime: 0.360  ,  Loss/total: 3.70331  ,  Loss/ce: 3.66789  ,  IoU: 0.65809  ,  pro_loss: 0.17708
[train: Epoch 11, 1650 / 1875] FPS: 89.1 (621.1)  ,  DataTime: 0.309 (0.005)  ,  ForwardTime: 0.045  ,  TotalTime: 0.359  ,  Loss/total: 3.70273  ,  Loss/ce: 3.66731  ,  IoU: 0.65827  ,  pro_loss: 0.17713
[train: Epoch 11, 1700 / 1875] FPS: 89.5 (570.4)  ,  DataTime: 0.308 (0.005)  ,  ForwardTime: 0.045  ,  TotalTime: 0.358  ,  Loss/total: 3.70249  ,  Loss/ce: 3.66707  ,  IoU: 0.65832  ,  pro_loss: 0.17710
[train: Epoch 11, 1750 / 1875] FPS: 89.5 (26.2)  ,  DataTime: 0.308 (0.005)  ,  ForwardTime: 0.045  ,  TotalTime: 0.357  ,  Loss/total: 3.70212  ,  Loss/ce: 3.66674  ,  IoU: 0.65834  ,  pro_loss: 0.17694
[train: Epoch 11, 1800 / 1875] FPS: 89.4 (616.5)  ,  DataTime: 0.308 (0.005)  ,  ForwardTime: 0.045  ,  TotalTime: 0.358  ,  Loss/total: 3.70215  ,  Loss/ce: 3.66673  ,  IoU: 0.65828  ,  pro_loss: 0.17708
[train: Epoch 11, 1850 / 1875] FPS: 89.6 (255.5)  ,  DataTime: 0.307 (0.005)  ,  ForwardTime: 0.045  ,  TotalTime: 0.357  ,  Loss/total: 3.70159  ,  Loss/ce: 3.66620  ,  IoU: 0.65859  ,  pro_loss: 0.17696
[train: Epoch 11, 1875 / 1875] FPS: 89.6 (614.5)  ,  DataTime: 0.307 (0.005)  ,  ForwardTime: 0.045  ,  TotalTime: 0.357  ,  Loss/total: 3.70185  ,  Loss/ce: 3.66645  ,  IoU: 0.65859  ,  pro_loss: 0.17697
[train: Epoch 12, 50 / 1875] FPS: 73.4 (20.4)  ,  DataTime: 0.385 (0.006)  ,  ForwardTime: 0.045  ,  TotalTime: 0.436  ,  Loss/total: 3.73011  ,  Loss/ce: 3.69482  ,  IoU: 0.65467  ,  pro_loss: 0.17646
[train: Epoch 12, 100 / 1875] FPS: 81.7 (604.3)  ,  DataTime: 0.341 (0.005)  ,  ForwardTime: 0.045  ,  TotalTime: 0.391  ,  Loss/total: 3.70159  ,  Loss/ce: 3.66599  ,  IoU: 0.65971  ,  pro_loss: 0.17802
[train: Epoch 12, 150 / 1875] FPS: 81.6 (608.9)  ,  DataTime: 0.342 (0.005)  ,  ForwardTime: 0.045  ,  TotalTime: 0.392  ,  Loss/total: 3.70125  ,  Loss/ce: 3.66611  ,  IoU: 0.66198  ,  pro_loss: 0.17569
[train: Epoch 12, 200 / 1875] FPS: 83.9 (594.6)  ,  DataTime: 0.331 (0.005)  ,  ForwardTime: 0.045  ,  TotalTime: 0.382  ,  Loss/total: 3.68929  ,  Loss/ce: 3.65399  ,  IoU: 0.66549  ,  pro_loss: 0.17646
[train: Epoch 12, 250 / 1875] FPS: 87.0 (591.0)  ,  DataTime: 0.318 (0.005)  ,  ForwardTime: 0.045  ,  TotalTime: 0.368  ,  Loss/total: 3.68903  ,  Loss/ce: 3.65360  ,  IoU: 0.66571  ,  pro_loss: 0.17712
[train: Epoch 12, 300 / 1875] FPS: 87.3 (629.6)  ,  DataTime: 0.316 (0.005)  ,  ForwardTime: 0.045  ,  TotalTime: 0.366  ,  Loss/total: 3.68922  ,  Loss/ce: 3.65375  ,  IoU: 0.66404  ,  pro_loss: 0.17736
[train: Epoch 12, 350 / 1875] FPS: 88.0 (612.0)  ,  DataTime: 0.314 (0.005)  ,  ForwardTime: 0.045  ,  TotalTime: 0.364  ,  Loss/total: 3.69084  ,  Loss/ce: 3.65537  ,  IoU: 0.66474  ,  pro_loss: 0.17732
[train: Epoch 12, 400 / 1875] FPS: 88.1 (574.0)  ,  DataTime: 0.313 (0.005)  ,  ForwardTime: 0.045  ,  TotalTime: 0.363  ,  Loss/total: 3.68801  ,  Loss/ce: 3.65240  ,  IoU: 0.66564  ,  pro_loss: 0.17805
[train: Epoch 12, 450 / 1875] FPS: 87.1 (617.1)  ,  DataTime: 0.317 (0.005)  ,  ForwardTime: 0.045  ,  TotalTime: 0.367  ,  Loss/total: 3.68728  ,  Loss/ce: 3.65157  ,  IoU: 0.66514  ,  pro_loss: 0.17854
[train: Epoch 12, 500 / 1875] FPS: 87.9 (648.3)  ,  DataTime: 0.314 (0.005)  ,  ForwardTime: 0.045  ,  TotalTime: 0.364  ,  Loss/total: 3.68615  ,  Loss/ce: 3.65039  ,  IoU: 0.66524  ,  pro_loss: 0.17881
[train: Epoch 12, 550 / 1875] FPS: 88.1 (623.4)  ,  DataTime: 0.313 (0.005)  ,  ForwardTime: 0.045  ,  TotalTime: 0.363  ,  Loss/total: 3.68575  ,  Loss/ce: 3.65011  ,  IoU: 0.66518  ,  pro_loss: 0.17818
[train: Epoch 12, 600 / 1875] FPS: 87.3 (609.3)  ,  DataTime: 0.316 (0.005)  ,  ForwardTime: 0.045  ,  TotalTime: 0.366  ,  Loss/total: 3.68619  ,  Loss/ce: 3.65045  ,  IoU: 0.66492  ,  pro_loss: 0.17872
[train: Epoch 12, 650 / 1875] FPS: 88.3 (615.7)  ,  DataTime: 0.313 (0.005)  ,  ForwardTime: 0.045  ,  TotalTime: 0.362  ,  Loss/total: 3.68634  ,  Loss/ce: 3.65070  ,  IoU: 0.66516  ,  pro_loss: 0.17819
[train: Epoch 12, 700 / 1875] FPS: 88.5 (596.0)  ,  DataTime: 0.312 (0.005)  ,  ForwardTime: 0.045  ,  TotalTime: 0.362  ,  Loss/total: 3.68563  ,  Loss/ce: 3.65001  ,  IoU: 0.66555  ,  pro_loss: 0.17807
[train: Epoch 12, 750 / 1875] FPS: 89.0 (626.8)  ,  DataTime: 0.310 (0.005)  ,  ForwardTime: 0.045  ,  TotalTime: 0.360  ,  Loss/total: 3.68496  ,  Loss/ce: 3.64934  ,  IoU: 0.66597  ,  pro_loss: 0.17806
[train: Epoch 12, 800 / 1875] FPS: 89.0 (9.1)  ,  DataTime: 0.310 (0.005)  ,  ForwardTime: 0.045  ,  TotalTime: 0.359  ,  Loss/total: 3.68446  ,  Loss/ce: 3.64879  ,  IoU: 0.66600  ,  pro_loss: 0.17839
[train: Epoch 12, 850 / 1875] FPS: 89.5 (613.9)  ,  DataTime: 0.308 (0.005)  ,  ForwardTime: 0.045  ,  TotalTime: 0.358  ,  Loss/total: 3.68505  ,  Loss/ce: 3.64941  ,  IoU: 0.66541  ,  pro_loss: 0.17817
[train: Epoch 12, 900 / 1875] FPS: 90.2 (617.7)  ,  DataTime: 0.305 (0.005)  ,  ForwardTime: 0.045  ,  TotalTime: 0.355  ,  Loss/total: 3.68458  ,  Loss/ce: 3.64889  ,  IoU: 0.66559  ,  pro_loss: 0.17842
[train: Epoch 12, 950 / 1875] FPS: 90.5 (105.2)  ,  DataTime: 0.304 (0.005)  ,  ForwardTime: 0.045  ,  TotalTime: 0.353  ,  Loss/total: 3.68395  ,  Loss/ce: 3.64831  ,  IoU: 0.66574  ,  pro_loss: 0.17818
[train: Epoch 12, 1000 / 1875] FPS: 91.1 (575.7)  ,  DataTime: 0.301 (0.005)  ,  ForwardTime: 0.045  ,  TotalTime: 0.351  ,  Loss/total: 3.68400  ,  Loss/ce: 3.64839  ,  IoU: 0.66556  ,  pro_loss: 0.17807
[train: Epoch 12, 1050 / 1875] FPS: 90.8 (17.3)  ,  DataTime: 0.303 (0.005)  ,  ForwardTime: 0.045  ,  TotalTime: 0.353  ,  Loss/total: 3.68271  ,  Loss/ce: 3.64701  ,  IoU: 0.66591  ,  pro_loss: 0.17849
[train: Epoch 12, 1100 / 1875] FPS: 91.4 (563.3)  ,  DataTime: 0.300 (0.005)  ,  ForwardTime: 0.045  ,  TotalTime: 0.350  ,  Loss/total: 3.68164  ,  Loss/ce: 3.64591  ,  IoU: 0.66623  ,  pro_loss: 0.17866
[train: Epoch 12, 1150 / 1875] FPS: 91.3 (8.1)  ,  DataTime: 0.301 (0.005)  ,  ForwardTime: 0.045  ,  TotalTime: 0.351  ,  Loss/total: 3.68135  ,  Loss/ce: 3.64561  ,  IoU: 0.66641  ,  pro_loss: 0.17868
[train: Epoch 12, 1200 / 1875] FPS: 91.5 (238.8)  ,  DataTime: 0.300 (0.005)  ,  ForwardTime: 0.045  ,  TotalTime: 0.350  ,  Loss/total: 3.68077  ,  Loss/ce: 3.64513  ,  IoU: 0.66633  ,  pro_loss: 0.17820
[train: Epoch 12, 1250 / 1875] FPS: 89.6 (15.3)  ,  DataTime: 0.307 (0.005)  ,  ForwardTime: 0.045  ,  TotalTime: 0.357  ,  Loss/total: 3.68035  ,  Loss/ce: 3.64467  ,  IoU: 0.66621  ,  pro_loss: 0.17841
[train: Epoch 12, 1300 / 1875] FPS: 88.6 (562.9)  ,  DataTime: 0.311 (0.005)  ,  ForwardTime: 0.045  ,  TotalTime: 0.361  ,  Loss/total: 3.68055  ,  Loss/ce: 3.64484  ,  IoU: 0.66635  ,  pro_loss: 0.17855
[train: Epoch 12, 1350 / 1875] FPS: 87.8 (599.9)  ,  DataTime: 0.314 (0.005)  ,  ForwardTime: 0.045  ,  TotalTime: 0.364  ,  Loss/total: 3.68015  ,  Loss/ce: 3.64442  ,  IoU: 0.66647  ,  pro_loss: 0.17864
[train: Epoch 12, 1400 / 1875] FPS: 86.9 (44.1)  ,  DataTime: 0.318 (0.005)  ,  ForwardTime: 0.045  ,  TotalTime: 0.368  ,  Loss/total: 3.68093  ,  Loss/ce: 3.64525  ,  IoU: 0.66644  ,  pro_loss: 0.17839
[train: Epoch 12, 1450 / 1875] FPS: 86.4 (15.7)  ,  DataTime: 0.321 (0.005)  ,  ForwardTime: 0.045  ,  TotalTime: 0.371  ,  Loss/total: 3.68056  ,  Loss/ce: 3.64493  ,  IoU: 0.66628  ,  pro_loss: 0.17815
[train: Epoch 12, 1500 / 1875] FPS: 85.7 (618.0)  ,  DataTime: 0.323 (0.005)  ,  ForwardTime: 0.045  ,  TotalTime: 0.373  ,  Loss/total: 3.67952  ,  Loss/ce: 3.64395  ,  IoU: 0.66652  ,  pro_loss: 0.17788
[train: Epoch 12, 1550 / 1875] FPS: 85.2 (617.7)  ,  DataTime: 0.326 (0.005)  ,  ForwardTime: 0.045  ,  TotalTime: 0.376  ,  Loss/total: 3.67846  ,  Loss/ce: 3.64293  ,  IoU: 0.66690  ,  pro_loss: 0.17764
[train: Epoch 12, 1600 / 1875] FPS: 84.5 (609.5)  ,  DataTime: 0.329 (0.005)  ,  ForwardTime: 0.045  ,  TotalTime: 0.379  ,  Loss/total: 3.67853  ,  Loss/ce: 3.64300  ,  IoU: 0.66707  ,  pro_loss: 0.17764
[train: Epoch 12, 1650 / 1875] FPS: 84.2 (603.8)  ,  DataTime: 0.330 (0.005)  ,  ForwardTime: 0.045  ,  TotalTime: 0.380  ,  Loss/total: 3.67840  ,  Loss/ce: 3.64290  ,  IoU: 0.66723  ,  pro_loss: 0.17751
[train: Epoch 12, 1700 / 1875] FPS: 83.9 (569.5)  ,  DataTime: 0.331 (0.005)  ,  ForwardTime: 0.045  ,  TotalTime: 0.381  ,  Loss/total: 3.67854  ,  Loss/ce: 3.64307  ,  IoU: 0.66744  ,  pro_loss: 0.17734
[train: Epoch 12, 1750 / 1875] FPS: 82.8 (580.0)  ,  DataTime: 0.336 (0.005)  ,  ForwardTime: 0.045  ,  TotalTime: 0.386  ,  Loss/total: 3.67745  ,  Loss/ce: 3.64197  ,  IoU: 0.66766  ,  pro_loss: 0.17739
[train: Epoch 12, 1800 / 1875] FPS: 82.4 (576.7)  ,  DataTime: 0.338 (0.005)  ,  ForwardTime: 0.045  ,  TotalTime: 0.388  ,  Loss/total: 3.67728  ,  Loss/ce: 3.64177  ,  IoU: 0.66770  ,  pro_loss: 0.17756
[train: Epoch 12, 1850 / 1875] FPS: 81.6 (585.0)  ,  DataTime: 0.342 (0.005)  ,  ForwardTime: 0.045  ,  TotalTime: 0.392  ,  Loss/total: 3.67830  ,  Loss/ce: 3.64278  ,  IoU: 0.66731  ,  pro_loss: 0.17760
[train: Epoch 12, 1875 / 1875] FPS: 81.7 (602.9)  ,  DataTime: 0.342 (0.005)  ,  ForwardTime: 0.045  ,  TotalTime: 0.392  ,  Loss/total: 3.67785  ,  Loss/ce: 3.64234  ,  IoU: 0.66740  ,  pro_loss: 0.17752
[train: Epoch 13, 50 / 1875] FPS: 47.9 (567.3)  ,  DataTime: 0.618 (0.005)  ,  ForwardTime: 0.045  ,  TotalTime: 0.668  ,  Loss/total: 3.66768  ,  Loss/ce: 3.63252  ,  IoU: 0.66976  ,  pro_loss: 0.17583
[train: Epoch 13, 100 / 1875] FPS: 49.4 (612.5)  ,  DataTime: 0.598 (0.005)  ,  ForwardTime: 0.045  ,  TotalTime: 0.647  ,  Loss/total: 3.65979  ,  Loss/ce: 3.62473  ,  IoU: 0.67417  ,  pro_loss: 0.17531
[train: Epoch 13, 150 / 1875] FPS: 48.9 (574.7)  ,  DataTime: 0.605 (0.005)  ,  ForwardTime: 0.045  ,  TotalTime: 0.655  ,  Loss/total: 3.66995  ,  Loss/ce: 3.63468  ,  IoU: 0.67368  ,  pro_loss: 0.17632
[train: Epoch 13, 200 / 1875] FPS: 50.3 (614.0)  ,  DataTime: 0.586 (0.005)  ,  ForwardTime: 0.045  ,  TotalTime: 0.636  ,  Loss/total: 3.66921  ,  Loss/ce: 3.63378  ,  IoU: 0.67466  ,  pro_loss: 0.17714
[train: Epoch 13, 250 / 1875] FPS: 51.2 (13.6)  ,  DataTime: 0.576 (0.005)  ,  ForwardTime: 0.045  ,  TotalTime: 0.625  ,  Loss/total: 3.66919  ,  Loss/ce: 3.63354  ,  IoU: 0.67375  ,  pro_loss: 0.17821
[train: Epoch 13, 300 / 1875] FPS: 51.9 (602.4)  ,  DataTime: 0.567 (0.005)  ,  ForwardTime: 0.045  ,  TotalTime: 0.617  ,  Loss/total: 3.66762  ,  Loss/ce: 3.63215  ,  IoU: 0.67209  ,  pro_loss: 0.17733
[train: Epoch 13, 350 / 1875] FPS: 53.0 (617.9)  ,  DataTime: 0.554 (0.005)  ,  ForwardTime: 0.045  ,  TotalTime: 0.603  ,  Loss/total: 3.66442  ,  Loss/ce: 3.62908  ,  IoU: 0.67237  ,  pro_loss: 0.17670
[train: Epoch 13, 400 / 1875] FPS: 53.6 (612.8)  ,  DataTime: 0.547 (0.005)  ,  ForwardTime: 0.045  ,  TotalTime: 0.597  ,  Loss/total: 3.66492  ,  Loss/ce: 3.62962  ,  IoU: 0.67197  ,  pro_loss: 0.17651
[train: Epoch 13, 450 / 1875] FPS: 54.8 (612.3)  ,  DataTime: 0.534 (0.005)  ,  ForwardTime: 0.045  ,  TotalTime: 0.583  ,  Loss/total: 3.66595  ,  Loss/ce: 3.63059  ,  IoU: 0.67197  ,  pro_loss: 0.17681
[train: Epoch 13, 500 / 1875] FPS: 55.6 (34.5)  ,  DataTime: 0.526 (0.005)  ,  ForwardTime: 0.045  ,  TotalTime: 0.575  ,  Loss/total: 3.66387  ,  Loss/ce: 3.62837  ,  IoU: 0.67228  ,  pro_loss: 0.17752
[train: Epoch 13, 550 / 1875] FPS: 56.9 (611.0)  ,  DataTime: 0.513 (0.005)  ,  ForwardTime: 0.045  ,  TotalTime: 0.562  ,  Loss/total: 3.66404  ,  Loss/ce: 3.62848  ,  IoU: 0.67204  ,  pro_loss: 0.17778
[train: Epoch 13, 600 / 1875] FPS: 58.0 (578.3)  ,  DataTime: 0.502 (0.005)  ,  ForwardTime: 0.045  ,  TotalTime: 0.551  ,  Loss/total: 3.66408  ,  Loss/ce: 3.62854  ,  IoU: 0.67155  ,  pro_loss: 0.17769
[train: Epoch 13, 650 / 1875] FPS: 59.1 (618.5)  ,  DataTime: 0.491 (0.005)  ,  ForwardTime: 0.045  ,  TotalTime: 0.541  ,  Loss/total: 3.66282  ,  Loss/ce: 3.62719  ,  IoU: 0.67185  ,  pro_loss: 0.17813
[train: Epoch 13, 700 / 1875] FPS: 59.9 (12.4)  ,  DataTime: 0.484 (0.005)  ,  ForwardTime: 0.045  ,  TotalTime: 0.534  ,  Loss/total: 3.66181  ,  Loss/ce: 3.62622  ,  IoU: 0.67208  ,  pro_loss: 0.17795
[train: Epoch 13, 750 / 1875] FPS: 61.0 (611.5)  ,  DataTime: 0.475 (0.005)  ,  ForwardTime: 0.045  ,  TotalTime: 0.525  ,  Loss/total: 3.66031  ,  Loss/ce: 3.62462  ,  IoU: 0.67250  ,  pro_loss: 0.17846
[train: Epoch 13, 800 / 1875] FPS: 61.5 (563.9)  ,  DataTime: 0.471 (0.005)  ,  ForwardTime: 0.045  ,  TotalTime: 0.521  ,  Loss/total: 3.66217  ,  Loss/ce: 3.62656  ,  IoU: 0.67184  ,  pro_loss: 0.17807
[train: Epoch 13, 850 / 1875] FPS: 62.1 (592.5)  ,  DataTime: 0.465 (0.005)  ,  ForwardTime: 0.045  ,  TotalTime: 0.515  ,  Loss/total: 3.66217  ,  Loss/ce: 3.62649  ,  IoU: 0.67211  ,  pro_loss: 0.17837
[train: Epoch 13, 900 / 1875] FPS: 62.6 (543.5)  ,  DataTime: 0.462 (0.005)  ,  ForwardTime: 0.045  ,  TotalTime: 0.512  ,  Loss/total: 3.66081  ,  Loss/ce: 3.62517  ,  IoU: 0.67245  ,  pro_loss: 0.17824
[train: Epoch 13, 950 / 1875] FPS: 63.0 (618.3)  ,  DataTime: 0.458 (0.005)  ,  ForwardTime: 0.045  ,  TotalTime: 0.508  ,  Loss/total: 3.65944  ,  Loss/ce: 3.62383  ,  IoU: 0.67271  ,  pro_loss: 0.17808
[train: Epoch 13, 1000 / 1875] FPS: 63.5 (614.9)  ,  DataTime: 0.454 (0.005)  ,  ForwardTime: 0.045  ,  TotalTime: 0.504  ,  Loss/total: 3.66025  ,  Loss/ce: 3.62463  ,  IoU: 0.67255  ,  pro_loss: 0.17808
[train: Epoch 13, 1050 / 1875] FPS: 63.9 (584.3)  ,  DataTime: 0.451 (0.005)  ,  ForwardTime: 0.045  ,  TotalTime: 0.501  ,  Loss/total: 3.65928  ,  Loss/ce: 3.62367  ,  IoU: 0.67281  ,  pro_loss: 0.17802
[train: Epoch 13, 1100 / 1875] FPS: 64.2 (620.6)  ,  DataTime: 0.448 (0.005)  ,  ForwardTime: 0.045  ,  TotalTime: 0.498  ,  Loss/total: 3.65863  ,  Loss/ce: 3.62290  ,  IoU: 0.67265  ,  pro_loss: 0.17865
[train: Epoch 13, 1150 / 1875] FPS: 64.5 (95.1)  ,  DataTime: 0.446 (0.005)  ,  ForwardTime: 0.045  ,  TotalTime: 0.496  ,  Loss/total: 3.65791  ,  Loss/ce: 3.62211  ,  IoU: 0.67307  ,  pro_loss: 0.17900
[train: Epoch 13, 1200 / 1875] FPS: 64.8 (611.9)  ,  DataTime: 0.444 (0.005)  ,  ForwardTime: 0.045  ,  TotalTime: 0.494  ,  Loss/total: 3.65878  ,  Loss/ce: 3.62298  ,  IoU: 0.67268  ,  pro_loss: 0.17902
[train: Epoch 13, 1250 / 1875] FPS: 65.2 (578.4)  ,  DataTime: 0.441 (0.005)  ,  ForwardTime: 0.045  ,  TotalTime: 0.490  ,  Loss/total: 3.65848  ,  Loss/ce: 3.62265  ,  IoU: 0.67281  ,  pro_loss: 0.17917
[train: Epoch 13, 1300 / 1875] FPS: 65.5 (615.1)  ,  DataTime: 0.439 (0.005)  ,  ForwardTime: 0.045  ,  TotalTime: 0.489  ,  Loss/total: 3.65824  ,  Loss/ce: 3.62239  ,  IoU: 0.67300  ,  pro_loss: 0.17922
[train: Epoch 13, 1350 / 1875] FPS: 65.7 (17.4)  ,  DataTime: 0.437 (0.005)  ,  ForwardTime: 0.045  ,  TotalTime: 0.487  ,  Loss/total: 3.65792  ,  Loss/ce: 3.62206  ,  IoU: 0.67314  ,  pro_loss: 0.17931
[train: Epoch 13, 1400 / 1875] FPS: 66.1 (572.0)  ,  DataTime: 0.434 (0.005)  ,  ForwardTime: 0.045  ,  TotalTime: 0.484  ,  Loss/total: 3.65824  ,  Loss/ce: 3.62238  ,  IoU: 0.67324  ,  pro_loss: 0.17926
[train: Epoch 13, 1450 / 1875] FPS: 66.2 (578.4)  ,  DataTime: 0.433 (0.005)  ,  ForwardTime: 0.045  ,  TotalTime: 0.483  ,  Loss/total: 3.65813  ,  Loss/ce: 3.62227  ,  IoU: 0.67332  ,  pro_loss: 0.17929
[train: Epoch 13, 1500 / 1875] FPS: 66.6 (619.5)  ,  DataTime: 0.431 (0.005)  ,  ForwardTime: 0.045  ,  TotalTime: 0.481  ,  Loss/total: 3.65818  ,  Loss/ce: 3.62233  ,  IoU: 0.67335  ,  pro_loss: 0.17928
[train: Epoch 13, 1550 / 1875] FPS: 67.1 (596.8)  ,  DataTime: 0.427 (0.005)  ,  ForwardTime: 0.045  ,  TotalTime: 0.477  ,  Loss/total: 3.65817  ,  Loss/ce: 3.62236  ,  IoU: 0.67338  ,  pro_loss: 0.17906
[train: Epoch 13, 1600 / 1875] FPS: 67.1 (37.7)  ,  DataTime: 0.427 (0.005)  ,  ForwardTime: 0.045  ,  TotalTime: 0.477  ,  Loss/total: 3.65855  ,  Loss/ce: 3.62279  ,  IoU: 0.67347  ,  pro_loss: 0.17882
[train: Epoch 13, 1650 / 1875] FPS: 67.4 (29.4)  ,  DataTime: 0.425 (0.005)  ,  ForwardTime: 0.045  ,  TotalTime: 0.475  ,  Loss/total: 3.65816  ,  Loss/ce: 3.62235  ,  IoU: 0.67364  ,  pro_loss: 0.17905
[train: Epoch 13, 1700 / 1875] FPS: 67.5 (612.2)  ,  DataTime: 0.424 (0.005)  ,  ForwardTime: 0.045  ,  TotalTime: 0.474  ,  Loss/total: 3.65791  ,  Loss/ce: 3.62212  ,  IoU: 0.67378  ,  pro_loss: 0.17895
[train: Epoch 13, 1750 / 1875] FPS: 67.6 (15.6)  ,  DataTime: 0.424 (0.005)  ,  ForwardTime: 0.045  ,  TotalTime: 0.473  ,  Loss/total: 3.65779  ,  Loss/ce: 3.62198  ,  IoU: 0.67359  ,  pro_loss: 0.17904
[train: Epoch 13, 1800 / 1875] FPS: 67.9 (592.9)  ,  DataTime: 0.421 (0.005)  ,  ForwardTime: 0.045  ,  TotalTime: 0.471  ,  Loss/total: 3.65714  ,  Loss/ce: 3.62131  ,  IoU: 0.67391  ,  pro_loss: 0.17917
[train: Epoch 13, 1850 / 1875] FPS: 68.1 (583.9)  ,  DataTime: 0.420 (0.005)  ,  ForwardTime: 0.045  ,  TotalTime: 0.470  ,  Loss/total: 3.65598  ,  Loss/ce: 3.62019  ,  IoU: 0.67410  ,  pro_loss: 0.17894
[train: Epoch 13, 1875 / 1875] FPS: 68.1 (35.9)  ,  DataTime: 0.420 (0.005)  ,  ForwardTime: 0.045  ,  TotalTime: 0.470  ,  Loss/total: 3.65620  ,  Loss/ce: 3.62041  ,  IoU: 0.67405  ,  pro_loss: 0.17894
[train: Epoch 14, 50 / 1875] FPS: 54.9 (6.6)  ,  DataTime: 0.533 (0.005)  ,  ForwardTime: 0.045  ,  TotalTime: 0.583  ,  Loss/total: 3.66125  ,  Loss/ce: 3.62570  ,  IoU: 0.67820  ,  pro_loss: 0.17771
[train: Epoch 14, 100 / 1875] FPS: 63.6 (575.0)  ,  DataTime: 0.452 (0.005)  ,  ForwardTime: 0.045  ,  TotalTime: 0.503  ,  Loss/total: 3.65818  ,  Loss/ce: 3.62237  ,  IoU: 0.67873  ,  pro_loss: 0.17906
[train: Epoch 14, 150 / 1875] FPS: 67.6 (567.2)  ,  DataTime: 0.423 (0.005)  ,  ForwardTime: 0.045  ,  TotalTime: 0.473  ,  Loss/total: 3.64521  ,  Loss/ce: 3.60953  ,  IoU: 0.67965  ,  pro_loss: 0.17840
[train: Epoch 14, 200 / 1875] FPS: 69.4 (598.9)  ,  DataTime: 0.411 (0.005)  ,  ForwardTime: 0.045  ,  TotalTime: 0.461  ,  Loss/total: 3.64934  ,  Loss/ce: 3.61405  ,  IoU: 0.67643  ,  pro_loss: 0.17641
[train: Epoch 14, 250 / 1875] FPS: 69.2 (569.2)  ,  DataTime: 0.412 (0.005)  ,  ForwardTime: 0.045  ,  TotalTime: 0.463  ,  Loss/total: 3.65233  ,  Loss/ce: 3.61711  ,  IoU: 0.67527  ,  pro_loss: 0.17613
[train: Epoch 14, 300 / 1875] FPS: 69.6 (583.3)  ,  DataTime: 0.409 (0.005)  ,  ForwardTime: 0.045  ,  TotalTime: 0.460  ,  Loss/total: 3.65497  ,  Loss/ce: 3.61977  ,  IoU: 0.67487  ,  pro_loss: 0.17601
[train: Epoch 14, 350 / 1875] FPS: 70.7 (610.6)  ,  DataTime: 0.402 (0.005)  ,  ForwardTime: 0.045  ,  TotalTime: 0.453  ,  Loss/total: 3.65215  ,  Loss/ce: 3.61689  ,  IoU: 0.67630  ,  pro_loss: 0.17631
[train: Epoch 14, 400 / 1875] FPS: 71.2 (593.3)  ,  DataTime: 0.399 (0.005)  ,  ForwardTime: 0.045  ,  TotalTime: 0.449  ,  Loss/total: 3.65153  ,  Loss/ce: 3.61608  ,  IoU: 0.67668  ,  pro_loss: 0.17724
[train: Epoch 14, 450 / 1875] FPS: 71.2 (558.5)  ,  DataTime: 0.399 (0.005)  ,  ForwardTime: 0.045  ,  TotalTime: 0.450  ,  Loss/total: 3.65330  ,  Loss/ce: 3.61780  ,  IoU: 0.67548  ,  pro_loss: 0.17748
[train: Epoch 14, 500 / 1875] FPS: 70.1 (8.3)  ,  DataTime: 0.406 (0.005)  ,  ForwardTime: 0.045  ,  TotalTime: 0.456  ,  Loss/total: 3.64995  ,  Loss/ce: 3.61447  ,  IoU: 0.67662  ,  pro_loss: 0.17744
[train: Epoch 14, 550 / 1875] FPS: 70.8 (561.0)  ,  DataTime: 0.402 (0.005)  ,  ForwardTime: 0.045  ,  TotalTime: 0.452  ,  Loss/total: 3.64798  ,  Loss/ce: 3.61242  ,  IoU: 0.67758  ,  pro_loss: 0.17780
[train: Epoch 14, 600 / 1875] FPS: 71.6 (608.8)  ,  DataTime: 0.397 (0.005)  ,  ForwardTime: 0.045  ,  TotalTime: 0.447  ,  Loss/total: 3.64720  ,  Loss/ce: 3.61165  ,  IoU: 0.67817  ,  pro_loss: 0.17780
[train: Epoch 14, 650 / 1875] FPS: 71.6 (599.5)  ,  DataTime: 0.397 (0.005)  ,  ForwardTime: 0.045  ,  TotalTime: 0.447  ,  Loss/total: 3.64710  ,  Loss/ce: 3.61152  ,  IoU: 0.67845  ,  pro_loss: 0.17787
[train: Epoch 14, 700 / 1875] FPS: 72.1 (361.8)  ,  DataTime: 0.394 (0.005)  ,  ForwardTime: 0.045  ,  TotalTime: 0.444  ,  Loss/total: 3.64593  ,  Loss/ce: 3.61016  ,  IoU: 0.67892  ,  pro_loss: 0.17885
[train: Epoch 14, 750 / 1875] FPS: 72.0 (588.0)  ,  DataTime: 0.394 (0.005)  ,  ForwardTime: 0.045  ,  TotalTime: 0.444  ,  Loss/total: 3.64623  ,  Loss/ce: 3.61043  ,  IoU: 0.67911  ,  pro_loss: 0.17897
[train: Epoch 14, 800 / 1875] FPS: 72.3 (609.5)  ,  DataTime: 0.392 (0.005)  ,  ForwardTime: 0.045  ,  TotalTime: 0.442  ,  Loss/total: 3.64503  ,  Loss/ce: 3.60932  ,  IoU: 0.67939  ,  pro_loss: 0.17855
[train: Epoch 14, 850 / 1875] FPS: 72.3 (618.6)  ,  DataTime: 0.392 (0.005)  ,  ForwardTime: 0.045  ,  TotalTime: 0.443  ,  Loss/total: 3.64487  ,  Loss/ce: 3.60902  ,  IoU: 0.67956  ,  pro_loss: 0.17925
[train: Epoch 14, 900 / 1875] FPS: 72.4 (610.6)  ,  DataTime: 0.392 (0.005)  ,  ForwardTime: 0.045  ,  TotalTime: 0.442  ,  Loss/total: 3.64442  ,  Loss/ce: 3.60851  ,  IoU: 0.67960  ,  pro_loss: 0.17956
[train: Epoch 14, 950 / 1875] FPS: 72.8 (576.6)  ,  DataTime: 0.390 (0.005)  ,  ForwardTime: 0.045  ,  TotalTime: 0.440  ,  Loss/total: 3.64329  ,  Loss/ce: 3.60742  ,  IoU: 0.67972  ,  pro_loss: 0.17938
[train: Epoch 14, 1000 / 1875] FPS: 73.0 (587.8)  ,  DataTime: 0.388 (0.005)  ,  ForwardTime: 0.045  ,  TotalTime: 0.438  ,  Loss/total: 3.64430  ,  Loss/ce: 3.60838  ,  IoU: 0.67983  ,  pro_loss: 0.17958
[train: Epoch 14, 1050 / 1875] FPS: 73.3 (587.5)  ,  DataTime: 0.387 (0.005)  ,  ForwardTime: 0.045  ,  TotalTime: 0.437  ,  Loss/total: 3.64387  ,  Loss/ce: 3.60800  ,  IoU: 0.67988  ,  pro_loss: 0.17934
[train: Epoch 14, 1100 / 1875] FPS: 73.0 (577.6)  ,  DataTime: 0.388 (0.005)  ,  ForwardTime: 0.045  ,  TotalTime: 0.439  ,  Loss/total: 3.64365  ,  Loss/ce: 3.60776  ,  IoU: 0.67990  ,  pro_loss: 0.17948
[train: Epoch 14, 1150 / 1875] FPS: 73.1 (595.0)  ,  DataTime: 0.388 (0.005)  ,  ForwardTime: 0.045  ,  TotalTime: 0.438  ,  Loss/total: 3.64326  ,  Loss/ce: 3.60741  ,  IoU: 0.67947  ,  pro_loss: 0.17928
[train: Epoch 14, 1200 / 1875] FPS: 73.0 (47.7)  ,  DataTime: 0.388 (0.005)  ,  ForwardTime: 0.045  ,  TotalTime: 0.438  ,  Loss/total: 3.64378  ,  Loss/ce: 3.60798  ,  IoU: 0.67923  ,  pro_loss: 0.17900
[train: Epoch 14, 1250 / 1875] FPS: 73.2 (607.3)  ,  DataTime: 0.387 (0.005)  ,  ForwardTime: 0.045  ,  TotalTime: 0.437  ,  Loss/total: 3.64383  ,  Loss/ce: 3.60803  ,  IoU: 0.67929  ,  pro_loss: 0.17899
[train: Epoch 14, 1300 / 1875] FPS: 73.1 (38.2)  ,  DataTime: 0.388 (0.005)  ,  ForwardTime: 0.045  ,  TotalTime: 0.438  ,  Loss/total: 3.64310  ,  Loss/ce: 3.60730  ,  IoU: 0.67940  ,  pro_loss: 0.17897
[train: Epoch 14, 1350 / 1875] FPS: 73.1 (586.9)  ,  DataTime: 0.388 (0.005)  ,  ForwardTime: 0.045  ,  TotalTime: 0.438  ,  Loss/total: 3.64227  ,  Loss/ce: 3.60651  ,  IoU: 0.67944  ,  pro_loss: 0.17881
[train: Epoch 14, 1400 / 1875] FPS: 72.9 (12.1)  ,  DataTime: 0.389 (0.005)  ,  ForwardTime: 0.045  ,  TotalTime: 0.439  ,  Loss/total: 3.64182  ,  Loss/ce: 3.60607  ,  IoU: 0.67933  ,  pro_loss: 0.17877
[train: Epoch 14, 1450 / 1875] FPS: 72.9 (596.4)  ,  DataTime: 0.389 (0.005)  ,  ForwardTime: 0.045  ,  TotalTime: 0.439  ,  Loss/total: 3.64165  ,  Loss/ce: 3.60590  ,  IoU: 0.67937  ,  pro_loss: 0.17874
[train: Epoch 14, 1500 / 1875] FPS: 72.8 (10.9)  ,  DataTime: 0.390 (0.005)  ,  ForwardTime: 0.045  ,  TotalTime: 0.440  ,  Loss/total: 3.64201  ,  Loss/ce: 3.60627  ,  IoU: 0.67914  ,  pro_loss: 0.17870
[train: Epoch 14, 1550 / 1875] FPS: 73.1 (571.6)  ,  DataTime: 0.387 (0.005)  ,  ForwardTime: 0.045  ,  TotalTime: 0.438  ,  Loss/total: 3.64204  ,  Loss/ce: 3.60633  ,  IoU: 0.67910  ,  pro_loss: 0.17858
[train: Epoch 14, 1600 / 1875] FPS: 73.1 (610.4)  ,  DataTime: 0.388 (0.005)  ,  ForwardTime: 0.045  ,  TotalTime: 0.438  ,  Loss/total: 3.64376  ,  Loss/ce: 3.60810  ,  IoU: 0.67891  ,  pro_loss: 0.17830
[train: Epoch 14, 1650 / 1875] FPS: 73.2 (618.4)  ,  DataTime: 0.387 (0.005)  ,  ForwardTime: 0.045  ,  TotalTime: 0.437  ,  Loss/total: 3.64333  ,  Loss/ce: 3.60769  ,  IoU: 0.67929  ,  pro_loss: 0.17823
[train: Epoch 14, 1700 / 1875] FPS: 73.1 (10.7)  ,  DataTime: 0.388 (0.005)  ,  ForwardTime: 0.045  ,  TotalTime: 0.438  ,  Loss/total: 3.64378  ,  Loss/ce: 3.60814  ,  IoU: 0.67918  ,  pro_loss: 0.17818
[train: Epoch 14, 1750 / 1875] FPS: 73.2 (610.6)  ,  DataTime: 0.387 (0.005)  ,  ForwardTime: 0.045  ,  TotalTime: 0.437  ,  Loss/total: 3.64389  ,  Loss/ce: 3.60826  ,  IoU: 0.67903  ,  pro_loss: 0.17814
[train: Epoch 14, 1800 / 1875] FPS: 73.3 (620.1)  ,  DataTime: 0.387 (0.005)  ,  ForwardTime: 0.045  ,  TotalTime: 0.437  ,  Loss/total: 3.64268  ,  Loss/ce: 3.60707  ,  IoU: 0.67937  ,  pro_loss: 0.17803
[train: Epoch 14, 1850 / 1875] FPS: 73.5 (573.7)  ,  DataTime: 0.385 (0.005)  ,  ForwardTime: 0.045  ,  TotalTime: 0.435  ,  Loss/total: 3.64245  ,  Loss/ce: 3.60685  ,  IoU: 0.67947  ,  pro_loss: 0.17798
[train: Epoch 14, 1875 / 1875] FPS: 73.8 (656.0)  ,  DataTime: 0.384 (0.005)  ,  ForwardTime: 0.045  ,  TotalTime: 0.434  ,  Loss/total: 3.64155  ,  Loss/ce: 3.60596  ,  IoU: 0.67970  ,  pro_loss: 0.17792
[train: Epoch 15, 50 / 1875] FPS: 69.8 (228.2)  ,  DataTime: 0.409 (0.005)  ,  ForwardTime: 0.045  ,  TotalTime: 0.459  ,  Loss/total: 3.61370  ,  Loss/ce: 3.57849  ,  IoU: 0.68510  ,  pro_loss: 0.17604
[train: Epoch 15, 100 / 1875] FPS: 72.7 (45.5)  ,  DataTime: 0.390 (0.005)  ,  ForwardTime: 0.045  ,  TotalTime: 0.440  ,  Loss/total: 3.62623  ,  Loss/ce: 3.59066  ,  IoU: 0.68426  ,  pro_loss: 0.17781
[train: Epoch 15, 150 / 1875] FPS: 74.2 (603.7)  ,  DataTime: 0.381 (0.005)  ,  ForwardTime: 0.045  ,  TotalTime: 0.431  ,  Loss/total: 3.61776  ,  Loss/ce: 3.58175  ,  IoU: 0.68476  ,  pro_loss: 0.18007
[train: Epoch 15, 200 / 1875] FPS: 75.9 (627.1)  ,  DataTime: 0.372 (0.005)  ,  ForwardTime: 0.045  ,  TotalTime: 0.422  ,  Loss/total: 3.61862  ,  Loss/ce: 3.58300  ,  IoU: 0.68291  ,  pro_loss: 0.17812
[train: Epoch 15, 250 / 1875] FPS: 78.7 (623.9)  ,  DataTime: 0.357 (0.005)  ,  ForwardTime: 0.045  ,  TotalTime: 0.407  ,  Loss/total: 3.61959  ,  Loss/ce: 3.58395  ,  IoU: 0.68422  ,  pro_loss: 0.17821
[train: Epoch 15, 300 / 1875] FPS: 78.5 (35.6)  ,  DataTime: 0.358 (0.005)  ,  ForwardTime: 0.045  ,  TotalTime: 0.408  ,  Loss/total: 3.61956  ,  Loss/ce: 3.58408  ,  IoU: 0.68410  ,  pro_loss: 0.17740
[train: Epoch 15, 350 / 1875] FPS: 77.9 (628.0)  ,  DataTime: 0.361 (0.005)  ,  ForwardTime: 0.045  ,  TotalTime: 0.411  ,  Loss/total: 3.62375  ,  Loss/ce: 3.58826  ,  IoU: 0.68458  ,  pro_loss: 0.17747
[train: Epoch 15, 400 / 1875] FPS: 78.0 (635.8)  ,  DataTime: 0.360 (0.005)  ,  ForwardTime: 0.045  ,  TotalTime: 0.410  ,  Loss/total: 3.62634  ,  Loss/ce: 3.59081  ,  IoU: 0.68402  ,  pro_loss: 0.17768
[train: Epoch 15, 450 / 1875] FPS: 79.2 (626.1)  ,  DataTime: 0.354 (0.005)  ,  ForwardTime: 0.045  ,  TotalTime: 0.404  ,  Loss/total: 3.62339  ,  Loss/ce: 3.58784  ,  IoU: 0.68449  ,  pro_loss: 0.17775
[train: Epoch 15, 500 / 1875] FPS: 79.3 (600.8)  ,  DataTime: 0.354 (0.005)  ,  ForwardTime: 0.045  ,  TotalTime: 0.403  ,  Loss/total: 3.62640  ,  Loss/ce: 3.59075  ,  IoU: 0.68429  ,  pro_loss: 0.17825
[train: Epoch 15, 550 / 1875] FPS: 78.9 (12.7)  ,  DataTime: 0.356 (0.005)  ,  ForwardTime: 0.045  ,  TotalTime: 0.406  ,  Loss/total: 3.62825  ,  Loss/ce: 3.59254  ,  IoU: 0.68380  ,  pro_loss: 0.17856
[train: Epoch 15, 600 / 1875] FPS: 79.5 (598.2)  ,  DataTime: 0.353 (0.005)  ,  ForwardTime: 0.045  ,  TotalTime: 0.402  ,  Loss/total: 3.62862  ,  Loss/ce: 3.59278  ,  IoU: 0.68394  ,  pro_loss: 0.17922
[train: Epoch 15, 650 / 1875] FPS: 80.0 (595.2)  ,  DataTime: 0.350 (0.005)  ,  ForwardTime: 0.045  ,  TotalTime: 0.400  ,  Loss/total: 3.62933  ,  Loss/ce: 3.59349  ,  IoU: 0.68388  ,  pro_loss: 0.17918
[train: Epoch 15, 700 / 1875] FPS: 80.3 (602.3)  ,  DataTime: 0.349 (0.005)  ,  ForwardTime: 0.045  ,  TotalTime: 0.398  ,  Loss/total: 3.63008  ,  Loss/ce: 3.59429  ,  IoU: 0.68368  ,  pro_loss: 0.17891
[train: Epoch 15, 750 / 1875] FPS: 80.6 (619.6)  ,  DataTime: 0.347 (0.005)  ,  ForwardTime: 0.045  ,  TotalTime: 0.397  ,  Loss/total: 3.62901  ,  Loss/ce: 3.59324  ,  IoU: 0.68377  ,  pro_loss: 0.17885
[train: Epoch 15, 800 / 1875] FPS: 81.2 (642.2)  ,  DataTime: 0.344 (0.005)  ,  ForwardTime: 0.045  ,  TotalTime: 0.394  ,  Loss/total: 3.62829  ,  Loss/ce: 3.59257  ,  IoU: 0.68367  ,  pro_loss: 0.17857
[train: Epoch 15, 850 / 1875] FPS: 81.1 (610.4)  ,  DataTime: 0.345 (0.005)  ,  ForwardTime: 0.045  ,  TotalTime: 0.395  ,  Loss/total: 3.62758  ,  Loss/ce: 3.59194  ,  IoU: 0.68377  ,  pro_loss: 0.17819
[train: Epoch 15, 900 / 1875] FPS: 81.6 (609.2)  ,  DataTime: 0.342 (0.005)  ,  ForwardTime: 0.045  ,  TotalTime: 0.392  ,  Loss/total: 3.62835  ,  Loss/ce: 3.59273  ,  IoU: 0.68383  ,  pro_loss: 0.17810
[train: Epoch 15, 950 / 1875] FPS: 81.7 (186.5)  ,  DataTime: 0.342 (0.005)  ,  ForwardTime: 0.045  ,  TotalTime: 0.391  ,  Loss/total: 3.62939  ,  Loss/ce: 3.59368  ,  IoU: 0.68361  ,  pro_loss: 0.17853
[train: Epoch 15, 1000 / 1875] FPS: 82.0 (623.2)  ,  DataTime: 0.340 (0.005)  ,  ForwardTime: 0.045  ,  TotalTime: 0.390  ,  Loss/total: 3.62814  ,  Loss/ce: 3.59249  ,  IoU: 0.68391  ,  pro_loss: 0.17826
[train: Epoch 15, 1050 / 1875] FPS: 82.2 (166.2)  ,  DataTime: 0.340 (0.005)  ,  ForwardTime: 0.045  ,  TotalTime: 0.389  ,  Loss/total: 3.62743  ,  Loss/ce: 3.59180  ,  IoU: 0.68393  ,  pro_loss: 0.17816
[train: Epoch 15, 1100 / 1875] FPS: 82.4 (617.3)  ,  DataTime: 0.338 (0.005)  ,  ForwardTime: 0.045  ,  TotalTime: 0.388  ,  Loss/total: 3.62835  ,  Loss/ce: 3.59276  ,  IoU: 0.68378  ,  pro_loss: 0.17795
[train: Epoch 15, 1150 / 1875] FPS: 82.3 (164.2)  ,  DataTime: 0.339 (0.005)  ,  ForwardTime: 0.045  ,  TotalTime: 0.389  ,  Loss/total: 3.62817  ,  Loss/ce: 3.59255  ,  IoU: 0.68378  ,  pro_loss: 0.17812
[train: Epoch 15, 1200 / 1875] FPS: 81.8 (11.3)  ,  DataTime: 0.341 (0.005)  ,  ForwardTime: 0.045  ,  TotalTime: 0.391  ,  Loss/total: 3.62708  ,  Loss/ce: 3.59141  ,  IoU: 0.68409  ,  pro_loss: 0.17832
[train: Epoch 15, 1250 / 1875] FPS: 82.0 (613.7)  ,  DataTime: 0.340 (0.005)  ,  ForwardTime: 0.045  ,  TotalTime: 0.390  ,  Loss/total: 3.62718  ,  Loss/ce: 3.59153  ,  IoU: 0.68390  ,  pro_loss: 0.17829
[train: Epoch 15, 1300 / 1875] FPS: 82.1 (623.3)  ,  DataTime: 0.340 (0.005)  ,  ForwardTime: 0.045  ,  TotalTime: 0.390  ,  Loss/total: 3.62612  ,  Loss/ce: 3.59044  ,  IoU: 0.68427  ,  pro_loss: 0.17843
[train: Epoch 15, 1350 / 1875] FPS: 81.8 (597.4)  ,  DataTime: 0.341 (0.005)  ,  ForwardTime: 0.045  ,  TotalTime: 0.391  ,  Loss/total: 3.62632  ,  Loss/ce: 3.59063  ,  IoU: 0.68429  ,  pro_loss: 0.17846
[train: Epoch 15, 1400 / 1875] FPS: 81.6 (578.7)  ,  DataTime: 0.342 (0.005)  ,  ForwardTime: 0.045  ,  TotalTime: 0.392  ,  Loss/total: 3.62630  ,  Loss/ce: 3.59062  ,  IoU: 0.68437  ,  pro_loss: 0.17839
[train: Epoch 15, 1450 / 1875] FPS: 81.5 (11.1)  ,  DataTime: 0.343 (0.005)  ,  ForwardTime: 0.045  ,  TotalTime: 0.393  ,  Loss/total: 3.62677  ,  Loss/ce: 3.59110  ,  IoU: 0.68427  ,  pro_loss: 0.17836
[train: Epoch 15, 1500 / 1875] FPS: 81.7 (576.2)  ,  DataTime: 0.342 (0.005)  ,  ForwardTime: 0.045  ,  TotalTime: 0.392  ,  Loss/total: 3.62567  ,  Loss/ce: 3.58999  ,  IoU: 0.68440  ,  pro_loss: 0.17839
[train: Epoch 15, 1550 / 1875] FPS: 81.5 (50.5)  ,  DataTime: 0.343 (0.005)  ,  ForwardTime: 0.045  ,  TotalTime: 0.393  ,  Loss/total: 3.62523  ,  Loss/ce: 3.58949  ,  IoU: 0.68432  ,  pro_loss: 0.17868
[train: Epoch 15, 1600 / 1875] FPS: 81.6 (558.3)  ,  DataTime: 0.342 (0.005)  ,  ForwardTime: 0.045  ,  TotalTime: 0.392  ,  Loss/total: 3.62523  ,  Loss/ce: 3.58951  ,  IoU: 0.68442  ,  pro_loss: 0.17862
[train: Epoch 15, 1650 / 1875] FPS: 81.3 (605.7)  ,  DataTime: 0.344 (0.005)  ,  ForwardTime: 0.045  ,  TotalTime: 0.394  ,  Loss/total: 3.62492  ,  Loss/ce: 3.58921  ,  IoU: 0.68450  ,  pro_loss: 0.17852
[train: Epoch 15, 1700 / 1875] FPS: 81.3 (619.6)  ,  DataTime: 0.343 (0.005)  ,  ForwardTime: 0.045  ,  TotalTime: 0.393  ,  Loss/total: 3.62402  ,  Loss/ce: 3.58831  ,  IoU: 0.68477  ,  pro_loss: 0.17852
[train: Epoch 15, 1750 / 1875] FPS: 81.1 (24.7)  ,  DataTime: 0.345 (0.005)  ,  ForwardTime: 0.045  ,  TotalTime: 0.394  ,  Loss/total: 3.62424  ,  Loss/ce: 3.58857  ,  IoU: 0.68454  ,  pro_loss: 0.17834
[train: Epoch 15, 1800 / 1875] FPS: 81.2 (588.7)  ,  DataTime: 0.344 (0.005)  ,  ForwardTime: 0.045  ,  TotalTime: 0.394  ,  Loss/total: 3.62371  ,  Loss/ce: 3.58805  ,  IoU: 0.68444  ,  pro_loss: 0.17830
[train: Epoch 15, 1850 / 1875] FPS: 81.2 (57.2)  ,  DataTime: 0.344 (0.005)  ,  ForwardTime: 0.045  ,  TotalTime: 0.394  ,  Loss/total: 3.62415  ,  Loss/ce: 3.58844  ,  IoU: 0.68452  ,  pro_loss: 0.17856
[train: Epoch 15, 1875 / 1875] FPS: 81.4 (634.2)  ,  DataTime: 0.343 (0.005)  ,  ForwardTime: 0.045  ,  TotalTime: 0.393  ,  Loss/total: 3.62446  ,  Loss/ce: 3.58874  ,  IoU: 0.68443  ,  pro_loss: 0.17860
[val: Epoch 15, 50 / 312] FPS: 63.8 (960.7)  ,  DataTime: 0.468 (0.006)  ,  ForwardTime: 0.027  ,  TotalTime: 0.501  ,  Loss/total: nan  ,  Loss/giou: 0.35673  ,  Loss/l1: 0.02625  ,  Loss/location: nan  ,  pro_loss: 0.09667  ,  IoU: 0.67473
[val: Epoch 15, 100 / 312] FPS: 70.4 (946.4)  ,  DataTime: 0.422 (0.006)  ,  ForwardTime: 0.026  ,  TotalTime: 0.454  ,  Loss/total: nan  ,  Loss/giou: 0.35378  ,  Loss/l1: 0.02576  ,  Loss/location: nan  ,  pro_loss: 0.10375  ,  IoU: 0.67691
[val: Epoch 15, 150 / 312] FPS: 73.4 (599.3)  ,  DataTime: 0.404 (0.006)  ,  ForwardTime: 0.026  ,  TotalTime: 0.436  ,  Loss/total: nan  ,  Loss/giou: 0.34669  ,  Loss/l1: 0.02489  ,  Loss/location: nan  ,  pro_loss: 0.10493  ,  IoU: 0.68238
[val: Epoch 15, 200 / 312] FPS: 75.1 (965.5)  ,  DataTime: 0.394 (0.006)  ,  ForwardTime: 0.026  ,  TotalTime: 0.426  ,  Loss/total: nan  ,  Loss/giou: 0.34612  ,  Loss/l1: 0.02488  ,  Loss/location: nan  ,  pro_loss: 0.10490  ,  IoU: 0.68282
[val: Epoch 15, 250 / 312] FPS: 76.0 (727.5)  ,  DataTime: 0.389 (0.006)  ,  ForwardTime: 0.026  ,  TotalTime: 0.421  ,  Loss/total: nan  ,  Loss/giou: 0.34469  ,  Loss/l1: 0.02474  ,  Loss/location: nan  ,  pro_loss: 0.10408  ,  IoU: 0.68396
[val: Epoch 15, 300 / 312] FPS: 76.4 (18.9)  ,  DataTime: 0.387 (0.006)  ,  ForwardTime: 0.026  ,  TotalTime: 0.419  ,  Loss/total: nan  ,  Loss/giou: 0.34625  ,  Loss/l1: 0.02497  ,  Loss/location: nan  ,  pro_loss: 0.10316  ,  IoU: 0.68256
[val: Epoch 15, 312 / 312] FPS: 77.8 (219.6)  ,  DataTime: 0.379 (0.006)  ,  ForwardTime: 0.026  ,  TotalTime: 0.411  ,  Loss/total: nan  ,  Loss/giou: 0.34684  ,  Loss/l1: 0.02510  ,  Loss/location: nan  ,  pro_loss: 0.10350  ,  IoU: 0.68228
[train: Epoch 16, 50 / 1875] FPS: 68.7 (635.2)  ,  DataTime: 0.417 (0.005)  ,  ForwardTime: 0.044  ,  TotalTime: 0.466  ,  Loss/total: 3.59738  ,  Loss/ce: 3.56079  ,  IoU: 0.69658  ,  pro_loss: 0.18292
[train: Epoch 16, 100 / 1875] FPS: 74.5 (613.3)  ,  DataTime: 0.380 (0.005)  ,  ForwardTime: 0.045  ,  TotalTime: 0.430  ,  Loss/total: 3.60498  ,  Loss/ce: 3.56844  ,  IoU: 0.69244  ,  pro_loss: 0.18271
[train: Epoch 16, 150 / 1875] FPS: 75.3 (612.8)  ,  DataTime: 0.375 (0.005)  ,  ForwardTime: 0.045  ,  TotalTime: 0.425  ,  Loss/total: 3.59959  ,  Loss/ce: 3.56350  ,  IoU: 0.69371  ,  pro_loss: 0.18049
[train: Epoch 16, 200 / 1875] FPS: 74.7 (593.4)  ,  DataTime: 0.378 (0.005)  ,  ForwardTime: 0.045  ,  TotalTime: 0.428  ,  Loss/total: 3.60568  ,  Loss/ce: 3.56908  ,  IoU: 0.69251  ,  pro_loss: 0.18297
[train: Epoch 16, 250 / 1875] FPS: 75.9 (594.4)  ,  DataTime: 0.372 (0.005)  ,  ForwardTime: 0.045  ,  TotalTime: 0.422  ,  Loss/total: 3.60441  ,  Loss/ce: 3.56756  ,  IoU: 0.69177  ,  pro_loss: 0.18425
[train: Epoch 16, 300 / 1875] FPS: 77.3 (608.4)  ,  DataTime: 0.364 (0.005)  ,  ForwardTime: 0.045  ,  TotalTime: 0.414  ,  Loss/total: 3.60578  ,  Loss/ce: 3.56883  ,  IoU: 0.69114  ,  pro_loss: 0.18476
[train: Epoch 16, 350 / 1875] FPS: 77.1 (28.7)  ,  DataTime: 0.365 (0.005)  ,  ForwardTime: 0.045  ,  TotalTime: 0.415  ,  Loss/total: 3.60863  ,  Loss/ce: 3.57177  ,  IoU: 0.69052  ,  pro_loss: 0.18426
[train: Epoch 16, 400 / 1875] FPS: 76.5 (591.3)  ,  DataTime: 0.369 (0.005)  ,  ForwardTime: 0.045  ,  TotalTime: 0.418  ,  Loss/total: 3.60620  ,  Loss/ce: 3.56942  ,  IoU: 0.69113  ,  pro_loss: 0.18385
[train: Epoch 16, 450 / 1875] FPS: 76.0 (611.0)  ,  DataTime: 0.371 (0.005)  ,  ForwardTime: 0.045  ,  TotalTime: 0.421  ,  Loss/total: 3.60883  ,  Loss/ce: 3.57196  ,  IoU: 0.69028  ,  pro_loss: 0.18435
[train: Epoch 16, 500 / 1875] FPS: 74.8 (577.3)  ,  DataTime: 0.378 (0.005)  ,  ForwardTime: 0.045  ,  TotalTime: 0.428  ,  Loss/total: 3.61030  ,  Loss/ce: 3.57358  ,  IoU: 0.68994  ,  pro_loss: 0.18360
[train: Epoch 16, 550 / 1875] FPS: 74.9 (598.3)  ,  DataTime: 0.377 (0.005)  ,  ForwardTime: 0.045  ,  TotalTime: 0.427  ,  Loss/total: 3.61002  ,  Loss/ce: 3.57321  ,  IoU: 0.68952  ,  pro_loss: 0.18403
[train: Epoch 16, 600 / 1875] FPS: 74.3 (553.8)  ,  DataTime: 0.381 (0.005)  ,  ForwardTime: 0.045  ,  TotalTime: 0.431  ,  Loss/total: 3.61085  ,  Loss/ce: 3.57409  ,  IoU: 0.68883  ,  pro_loss: 0.18382
[train: Epoch 16, 650 / 1875] FPS: 74.5 (583.5)  ,  DataTime: 0.379 (0.005)  ,  ForwardTime: 0.045  ,  TotalTime: 0.430  ,  Loss/total: 3.60944  ,  Loss/ce: 3.57274  ,  IoU: 0.68882  ,  pro_loss: 0.18353
[train: Epoch 16, 700 / 1875] FPS: 74.2 (17.4)  ,  DataTime: 0.381 (0.005)  ,  ForwardTime: 0.045  ,  TotalTime: 0.431  ,  Loss/total: 3.60774  ,  Loss/ce: 3.57113  ,  IoU: 0.68910  ,  pro_loss: 0.18305
[train: Epoch 16, 750 / 1875] FPS: 73.3 (10.0)  ,  DataTime: 0.386 (0.005)  ,  ForwardTime: 0.045  ,  TotalTime: 0.437  ,  Loss/total: 3.60744  ,  Loss/ce: 3.57079  ,  IoU: 0.68964  ,  pro_loss: 0.18328
[train: Epoch 16, 800 / 1875] FPS: 73.8 (22.5)  ,  DataTime: 0.384 (0.005)  ,  ForwardTime: 0.045  ,  TotalTime: 0.434  ,  Loss/total: 3.60801  ,  Loss/ce: 3.57141  ,  IoU: 0.68969  ,  pro_loss: 0.18298
[train: Epoch 16, 850 / 1875] FPS: 73.9 (626.7)  ,  DataTime: 0.383 (0.005)  ,  ForwardTime: 0.045  ,  TotalTime: 0.433  ,  Loss/total: 3.60593  ,  Loss/ce: 3.56930  ,  IoU: 0.69005  ,  pro_loss: 0.18316
[train: Epoch 16, 900 / 1875] FPS: 73.8 (611.9)  ,  DataTime: 0.384 (0.005)  ,  ForwardTime: 0.045  ,  TotalTime: 0.434  ,  Loss/total: 3.60839  ,  Loss/ce: 3.57169  ,  IoU: 0.68996  ,  pro_loss: 0.18349
[train: Epoch 16, 950 / 1875] FPS: 73.8 (611.4)  ,  DataTime: 0.383 (0.005)  ,  ForwardTime: 0.045  ,  TotalTime: 0.434  ,  Loss/total: 3.60869  ,  Loss/ce: 3.57202  ,  IoU: 0.69027  ,  pro_loss: 0.18332
[train: Epoch 16, 1000 / 1875] FPS: 73.9 (14.4)  ,  DataTime: 0.383 (0.005)  ,  ForwardTime: 0.045  ,  TotalTime: 0.433  ,  Loss/total: 3.60962  ,  Loss/ce: 3.57290  ,  IoU: 0.69010  ,  pro_loss: 0.18357
[train: Epoch 16, 1050 / 1875] FPS: 73.9 (12.5)  ,  DataTime: 0.383 (0.005)  ,  ForwardTime: 0.045  ,  TotalTime: 0.433  ,  Loss/total: 3.60969  ,  Loss/ce: 3.57307  ,  IoU: 0.69012  ,  pro_loss: 0.18311
[train: Epoch 16, 1100 / 1875] FPS: 74.1 (19.0)  ,  DataTime: 0.382 (0.005)  ,  ForwardTime: 0.045  ,  TotalTime: 0.432  ,  Loss/total: 3.60941  ,  Loss/ce: 3.57279  ,  IoU: 0.69025  ,  pro_loss: 0.18312
[train: Epoch 16, 1150 / 1875] FPS: 74.2 (620.2)  ,  DataTime: 0.381 (0.005)  ,  ForwardTime: 0.045  ,  TotalTime: 0.431  ,  Loss/total: 3.60928  ,  Loss/ce: 3.57270  ,  IoU: 0.69031  ,  pro_loss: 0.18290
[train: Epoch 16, 1200 / 1875] FPS: 74.3 (65.1)  ,  DataTime: 0.381 (0.005)  ,  ForwardTime: 0.045  ,  TotalTime: 0.431  ,  Loss/total: 3.60846  ,  Loss/ce: 3.57194  ,  IoU: 0.69043  ,  pro_loss: 0.18261
[train: Epoch 16, 1250 / 1875] FPS: 74.4 (614.9)  ,  DataTime: 0.380 (0.005)  ,  ForwardTime: 0.045  ,  TotalTime: 0.430  ,  Loss/total: 3.60821  ,  Loss/ce: 3.57174  ,  IoU: 0.69064  ,  pro_loss: 0.18237
[train: Epoch 16, 1300 / 1875] FPS: 74.6 (604.0)  ,  DataTime: 0.379 (0.005)  ,  ForwardTime: 0.045  ,  TotalTime: 0.429  ,  Loss/total: 3.60824  ,  Loss/ce: 3.57181  ,  IoU: 0.69054  ,  pro_loss: 0.18214
[train: Epoch 16, 1350 / 1875] FPS: 74.4 (592.1)  ,  DataTime: 0.380 (0.005)  ,  ForwardTime: 0.045  ,  TotalTime: 0.430  ,  Loss/total: 3.60795  ,  Loss/ce: 3.57157  ,  IoU: 0.69050  ,  pro_loss: 0.18191
[train: Epoch 16, 1400 / 1875] FPS: 74.8 (587.7)  ,  DataTime: 0.378 (0.005)  ,  ForwardTime: 0.045  ,  TotalTime: 0.428  ,  Loss/total: 3.60783  ,  Loss/ce: 3.57149  ,  IoU: 0.69069  ,  pro_loss: 0.18170
[train: Epoch 16, 1450 / 1875] FPS: 74.8 (600.9)  ,  DataTime: 0.378 (0.005)  ,  ForwardTime: 0.045  ,  TotalTime: 0.428  ,  Loss/total: 3.60772  ,  Loss/ce: 3.57143  ,  IoU: 0.69085  ,  pro_loss: 0.18145
[train: Epoch 16, 1500 / 1875] FPS: 74.9 (620.3)  ,  DataTime: 0.377 (0.005)  ,  ForwardTime: 0.045  ,  TotalTime: 0.427  ,  Loss/total: 3.60800  ,  Loss/ce: 3.57173  ,  IoU: 0.69087  ,  pro_loss: 0.18137
[train: Epoch 16, 1550 / 1875] FPS: 75.1 (612.3)  ,  DataTime: 0.376 (0.005)  ,  ForwardTime: 0.045  ,  TotalTime: 0.426  ,  Loss/total: 3.60772  ,  Loss/ce: 3.57146  ,  IoU: 0.69092  ,  pro_loss: 0.18132
[train: Epoch 16, 1600 / 1875] FPS: 75.1 (622.6)  ,  DataTime: 0.376 (0.005)  ,  ForwardTime: 0.045  ,  TotalTime: 0.426  ,  Loss/total: 3.60743  ,  Loss/ce: 3.57116  ,  IoU: 0.69078  ,  pro_loss: 0.18135
[train: Epoch 16, 1650 / 1875] FPS: 75.4 (617.3)  ,  DataTime: 0.375 (0.005)  ,  ForwardTime: 0.045  ,  TotalTime: 0.424  ,  Loss/total: 3.60711  ,  Loss/ce: 3.57086  ,  IoU: 0.69085  ,  pro_loss: 0.18124
[train: Epoch 16, 1700 / 1875] FPS: 75.6 (599.5)  ,  DataTime: 0.374 (0.005)  ,  ForwardTime: 0.045  ,  TotalTime: 0.424  ,  Loss/total: 3.60685  ,  Loss/ce: 3.57058  ,  IoU: 0.69110  ,  pro_loss: 0.18134
[train: Epoch 16, 1750 / 1875] FPS: 75.6 (16.8)  ,  DataTime: 0.373 (0.005)  ,  ForwardTime: 0.045  ,  TotalTime: 0.423  ,  Loss/total: 3.60674  ,  Loss/ce: 3.57051  ,  IoU: 0.69111  ,  pro_loss: 0.18115
[train: Epoch 16, 1800 / 1875] FPS: 75.8 (610.0)  ,  DataTime: 0.372 (0.005)  ,  ForwardTime: 0.045  ,  TotalTime: 0.422  ,  Loss/total: 3.60621  ,  Loss/ce: 3.56999  ,  IoU: 0.69135  ,  pro_loss: 0.18113
[train: Epoch 16, 1850 / 1875] FPS: 76.2 (191.9)  ,  DataTime: 0.370 (0.005)  ,  ForwardTime: 0.045  ,  TotalTime: 0.420  ,  Loss/total: 3.60580  ,  Loss/ce: 3.56963  ,  IoU: 0.69132  ,  pro_loss: 0.18086
[train: Epoch 16, 1875 / 1875] FPS: 76.4 (49.5)  ,  DataTime: 0.369 (0.005)  ,  ForwardTime: 0.045  ,  TotalTime: 0.419  ,  Loss/total: 3.60590  ,  Loss/ce: 3.56974  ,  IoU: 0.69128  ,  pro_loss: 0.18076
[train: Epoch 17, 50 / 1875] FPS: 70.9 (21.8)  ,  DataTime: 0.401 (0.005)  ,  ForwardTime: 0.046  ,  TotalTime: 0.451  ,  Loss/total: 3.57883  ,  Loss/ce: 3.54429  ,  IoU: 0.69996  ,  pro_loss: 0.17271
[train: Epoch 17, 100 / 1875] FPS: 74.9 (21.7)  ,  DataTime: 0.377 (0.005)  ,  ForwardTime: 0.045  ,  TotalTime: 0.427  ,  Loss/total: 3.58872  ,  Loss/ce: 3.55366  ,  IoU: 0.69934  ,  pro_loss: 0.17531
[train: Epoch 17, 150 / 1875] FPS: 78.9 (580.0)  ,  DataTime: 0.355 (0.005)  ,  ForwardTime: 0.045  ,  TotalTime: 0.406  ,  Loss/total: 3.59559  ,  Loss/ce: 3.56037  ,  IoU: 0.69684  ,  pro_loss: 0.17611
[train: Epoch 17, 200 / 1875] FPS: 80.3 (618.7)  ,  DataTime: 0.348 (0.005)  ,  ForwardTime: 0.045  ,  TotalTime: 0.399  ,  Loss/total: 3.59533  ,  Loss/ce: 3.56010  ,  IoU: 0.69764  ,  pro_loss: 0.17615
[train: Epoch 17, 250 / 1875] FPS: 82.3 (603.0)  ,  DataTime: 0.338 (0.005)  ,  ForwardTime: 0.045  ,  TotalTime: 0.389  ,  Loss/total: 3.59262  ,  Loss/ce: 3.55721  ,  IoU: 0.69636  ,  pro_loss: 0.17708
[train: Epoch 17, 300 / 1875] FPS: 81.7 (15.4)  ,  DataTime: 0.342 (0.005)  ,  ForwardTime: 0.045  ,  TotalTime: 0.392  ,  Loss/total: 3.59800  ,  Loss/ce: 3.56257  ,  IoU: 0.69579  ,  pro_loss: 0.17712
[train: Epoch 17, 350 / 1875] FPS: 82.5 (589.6)  ,  DataTime: 0.338 (0.005)  ,  ForwardTime: 0.045  ,  TotalTime: 0.388  ,  Loss/total: 3.59585  ,  Loss/ce: 3.56042  ,  IoU: 0.69638  ,  pro_loss: 0.17714
[train: Epoch 17, 400 / 1875] FPS: 83.1 (617.5)  ,  DataTime: 0.335 (0.005)  ,  ForwardTime: 0.045  ,  TotalTime: 0.385  ,  Loss/total: 3.59588  ,  Loss/ce: 3.56046  ,  IoU: 0.69609  ,  pro_loss: 0.17708
[train: Epoch 17, 450 / 1875] FPS: 82.8 (581.0)  ,  DataTime: 0.336 (0.005)  ,  ForwardTime: 0.045  ,  TotalTime: 0.386  ,  Loss/total: 3.59411  ,  Loss/ce: 3.55844  ,  IoU: 0.69566  ,  pro_loss: 0.17833
[train: Epoch 17, 500 / 1875] FPS: 81.8 (18.9)  ,  DataTime: 0.341 (0.005)  ,  ForwardTime: 0.045  ,  TotalTime: 0.391  ,  Loss/total: 3.59388  ,  Loss/ce: 3.55828  ,  IoU: 0.69579  ,  pro_loss: 0.17798
[train: Epoch 17, 550 / 1875] FPS: 82.3 (612.6)  ,  DataTime: 0.339 (0.005)  ,  ForwardTime: 0.045  ,  TotalTime: 0.389  ,  Loss/total: 3.59631  ,  Loss/ce: 3.56078  ,  IoU: 0.69536  ,  pro_loss: 0.17765
[train: Epoch 17, 600 / 1875] FPS: 82.2 (15.4)  ,  DataTime: 0.339 (0.005)  ,  ForwardTime: 0.045  ,  TotalTime: 0.389  ,  Loss/total: 3.59615  ,  Loss/ce: 3.56065  ,  IoU: 0.69565  ,  pro_loss: 0.17748
[train: Epoch 17, 650 / 1875] FPS: 82.3 (598.0)  ,  DataTime: 0.339 (0.005)  ,  ForwardTime: 0.045  ,  TotalTime: 0.389  ,  Loss/total: 3.59487  ,  Loss/ce: 3.55933  ,  IoU: 0.69572  ,  pro_loss: 0.17771
[train: Epoch 17, 700 / 1875] FPS: 82.8 (600.9)  ,  DataTime: 0.336 (0.005)  ,  ForwardTime: 0.045  ,  TotalTime: 0.387  ,  Loss/total: 3.59485  ,  Loss/ce: 3.55933  ,  IoU: 0.69601  ,  pro_loss: 0.17762
[train: Epoch 17, 750 / 1875] FPS: 81.7 (555.7)  ,  DataTime: 0.341 (0.005)  ,  ForwardTime: 0.045  ,  TotalTime: 0.392  ,  Loss/total: 3.59507  ,  Loss/ce: 3.55950  ,  IoU: 0.69595  ,  pro_loss: 0.17782
[train: Epoch 17, 800 / 1875] FPS: 81.6 (579.4)  ,  DataTime: 0.342 (0.005)  ,  ForwardTime: 0.045  ,  TotalTime: 0.392  ,  Loss/total: 3.59491  ,  Loss/ce: 3.55937  ,  IoU: 0.69602  ,  pro_loss: 0.17772
[train: Epoch 17, 850 / 1875] FPS: 80.9 (617.0)  ,  DataTime: 0.345 (0.005)  ,  ForwardTime: 0.045  ,  TotalTime: 0.396  ,  Loss/total: 3.59597  ,  Loss/ce: 3.56036  ,  IoU: 0.69546  ,  pro_loss: 0.17804
[train: Epoch 17, 900 / 1875] FPS: 80.9 (620.5)  ,  DataTime: 0.345 (0.005)  ,  ForwardTime: 0.045  ,  TotalTime: 0.396  ,  Loss/total: 3.59518  ,  Loss/ce: 3.55963  ,  IoU: 0.69567  ,  pro_loss: 0.17776
[train: Epoch 17, 950 / 1875] FPS: 80.9 (635.4)  ,  DataTime: 0.345 (0.005)  ,  ForwardTime: 0.045  ,  TotalTime: 0.395  ,  Loss/total: 3.59445  ,  Loss/ce: 3.55884  ,  IoU: 0.69555  ,  pro_loss: 0.17804
[train: Epoch 17, 1000 / 1875] FPS: 80.7 (579.9)  ,  DataTime: 0.347 (0.005)  ,  ForwardTime: 0.045  ,  TotalTime: 0.397  ,  Loss/total: 3.59493  ,  Loss/ce: 3.55936  ,  IoU: 0.69523  ,  pro_loss: 0.17785
[train: Epoch 17, 1050 / 1875] FPS: 80.8 (614.8)  ,  DataTime: 0.346 (0.005)  ,  ForwardTime: 0.045  ,  TotalTime: 0.396  ,  Loss/total: 3.59512  ,  Loss/ce: 3.55958  ,  IoU: 0.69495  ,  pro_loss: 0.17768
[train: Epoch 17, 1100 / 1875] FPS: 80.5 (576.8)  ,  DataTime: 0.347 (0.005)  ,  ForwardTime: 0.045  ,  TotalTime: 0.397  ,  Loss/total: 3.59433  ,  Loss/ce: 3.55883  ,  IoU: 0.69511  ,  pro_loss: 0.17751
[train: Epoch 17, 1150 / 1875] FPS: 80.2 (636.3)  ,  DataTime: 0.349 (0.005)  ,  ForwardTime: 0.045  ,  TotalTime: 0.399  ,  Loss/total: 3.59422  ,  Loss/ce: 3.55867  ,  IoU: 0.69535  ,  pro_loss: 0.17773
[train: Epoch 17, 1200 / 1875] FPS: 79.9 (10.7)  ,  DataTime: 0.350 (0.005)  ,  ForwardTime: 0.045  ,  TotalTime: 0.400  ,  Loss/total: 3.59423  ,  Loss/ce: 3.55866  ,  IoU: 0.69540  ,  pro_loss: 0.17785
[train: Epoch 17, 1250 / 1875] FPS: 80.0 (612.6)  ,  DataTime: 0.350 (0.005)  ,  ForwardTime: 0.045  ,  TotalTime: 0.400  ,  Loss/total: 3.59499  ,  Loss/ce: 3.55940  ,  IoU: 0.69513  ,  pro_loss: 0.17793
[train: Epoch 17, 1300 / 1875] FPS: 80.1 (610.9)  ,  DataTime: 0.350 (0.005)  ,  ForwardTime: 0.045  ,  TotalTime: 0.400  ,  Loss/total: 3.59514  ,  Loss/ce: 3.55951  ,  IoU: 0.69527  ,  pro_loss: 0.17812
[train: Epoch 17, 1350 / 1875] FPS: 79.7 (621.3)  ,  DataTime: 0.351 (0.005)  ,  ForwardTime: 0.045  ,  TotalTime: 0.401  ,  Loss/total: 3.59477  ,  Loss/ce: 3.55915  ,  IoU: 0.69543  ,  pro_loss: 0.17810
[train: Epoch 17, 1400 / 1875] FPS: 79.9 (577.4)  ,  DataTime: 0.350 (0.005)  ,  ForwardTime: 0.045  ,  TotalTime: 0.400  ,  Loss/total: 3.59398  ,  Loss/ce: 3.55838  ,  IoU: 0.69542  ,  pro_loss: 0.17802
[train: Epoch 17, 1450 / 1875] FPS: 80.2 (611.6)  ,  DataTime: 0.349 (0.005)  ,  ForwardTime: 0.045  ,  TotalTime: 0.399  ,  Loss/total: 3.59374  ,  Loss/ce: 3.55818  ,  IoU: 0.69533  ,  pro_loss: 0.17780
[train: Epoch 17, 1500 / 1875] FPS: 79.9 (597.8)  ,  DataTime: 0.350 (0.005)  ,  ForwardTime: 0.045  ,  TotalTime: 0.400  ,  Loss/total: 3.59319  ,  Loss/ce: 3.55758  ,  IoU: 0.69557  ,  pro_loss: 0.17802
[train: Epoch 17, 1550 / 1875] FPS: 79.9 (630.2)  ,  DataTime: 0.350 (0.005)  ,  ForwardTime: 0.045  ,  TotalTime: 0.400  ,  Loss/total: 3.59341  ,  Loss/ce: 3.55780  ,  IoU: 0.69567  ,  pro_loss: 0.17804
[train: Epoch 17, 1600 / 1875] FPS: 80.1 (572.8)  ,  DataTime: 0.350 (0.005)  ,  ForwardTime: 0.045  ,  TotalTime: 0.400  ,  Loss/total: 3.59333  ,  Loss/ce: 3.55770  ,  IoU: 0.69567  ,  pro_loss: 0.17818
[train: Epoch 17, 1650 / 1875] FPS: 80.2 (606.6)  ,  DataTime: 0.349 (0.005)  ,  ForwardTime: 0.045  ,  TotalTime: 0.399  ,  Loss/total: 3.59307  ,  Loss/ce: 3.55742  ,  IoU: 0.69583  ,  pro_loss: 0.17825
[train: Epoch 17, 1700 / 1875] FPS: 80.2 (95.7)  ,  DataTime: 0.349 (0.005)  ,  ForwardTime: 0.045  ,  TotalTime: 0.399  ,  Loss/total: 3.59244  ,  Loss/ce: 3.55677  ,  IoU: 0.69592  ,  pro_loss: 0.17833
[train: Epoch 17, 1750 / 1875] FPS: 80.3 (611.5)  ,  DataTime: 0.349 (0.005)  ,  ForwardTime: 0.045  ,  TotalTime: 0.399  ,  Loss/total: 3.59251  ,  Loss/ce: 3.55683  ,  IoU: 0.69587  ,  pro_loss: 0.17838
[train: Epoch 17, 1800 / 1875] FPS: 80.2 (33.4)  ,  DataTime: 0.349 (0.005)  ,  ForwardTime: 0.045  ,  TotalTime: 0.399  ,  Loss/total: 3.59289  ,  Loss/ce: 3.55723  ,  IoU: 0.69568  ,  pro_loss: 0.17831
[train: Epoch 17, 1850 / 1875] FPS: 80.4 (614.8)  ,  DataTime: 0.348 (0.005)  ,  ForwardTime: 0.045  ,  TotalTime: 0.398  ,  Loss/total: 3.59250  ,  Loss/ce: 3.55681  ,  IoU: 0.69594  ,  pro_loss: 0.17844
[train: Epoch 17, 1875 / 1875] FPS: 80.7 (614.6)  ,  DataTime: 0.347 (0.005)  ,  ForwardTime: 0.045  ,  TotalTime: 0.397  ,  Loss/total: 3.59251  ,  Loss/ce: 3.55681  ,  IoU: 0.69596  ,  pro_loss: 0.17847
[train: Epoch 18, 50 / 1875] FPS: 75.7 (169.7)  ,  DataTime: 0.373 (0.005)  ,  ForwardTime: 0.045  ,  TotalTime: 0.423  ,  Loss/total: 3.57324  ,  Loss/ce: 3.53653  ,  IoU: 0.69819  ,  pro_loss: 0.18354
[train: Epoch 18, 100 / 1875] FPS: 80.4 (634.5)  ,  DataTime: 0.348 (0.005)  ,  ForwardTime: 0.045  ,  TotalTime: 0.398  ,  Loss/total: 3.59675  ,  Loss/ce: 3.56071  ,  IoU: 0.69453  ,  pro_loss: 0.18021
[train: Epoch 18, 150 / 1875] FPS: 78.3 (572.8)  ,  DataTime: 0.359 (0.005)  ,  ForwardTime: 0.045  ,  TotalTime: 0.409  ,  Loss/total: 3.59137  ,  Loss/ce: 3.55566  ,  IoU: 0.69532  ,  pro_loss: 0.17854
[train: Epoch 18, 200 / 1875] FPS: 81.8 (590.6)  ,  DataTime: 0.341 (0.005)  ,  ForwardTime: 0.045  ,  TotalTime: 0.391  ,  Loss/total: 3.59104  ,  Loss/ce: 3.55561  ,  IoU: 0.69705  ,  pro_loss: 0.17714
[train: Epoch 18, 250 / 1875] FPS: 81.9 (579.8)  ,  DataTime: 0.341 (0.005)  ,  ForwardTime: 0.045  ,  TotalTime: 0.391  ,  Loss/total: 3.59199  ,  Loss/ce: 3.55641  ,  IoU: 0.69553  ,  pro_loss: 0.17788
[train: Epoch 18, 300 / 1875] FPS: 82.2 (617.5)  ,  DataTime: 0.339 (0.005)  ,  ForwardTime: 0.045  ,  TotalTime: 0.389  ,  Loss/total: 3.59333  ,  Loss/ce: 3.55780  ,  IoU: 0.69512  ,  pro_loss: 0.17764
[train: Epoch 18, 350 / 1875] FPS: 82.5 (593.9)  ,  DataTime: 0.338 (0.005)  ,  ForwardTime: 0.045  ,  TotalTime: 0.388  ,  Loss/total: 3.59398  ,  Loss/ce: 3.55863  ,  IoU: 0.69573  ,  pro_loss: 0.17676
[train: Epoch 18, 400 / 1875] FPS: 82.8 (62.9)  ,  DataTime: 0.336 (0.005)  ,  ForwardTime: 0.045  ,  TotalTime: 0.386  ,  Loss/total: 3.59125  ,  Loss/ce: 3.55599  ,  IoU: 0.69554  ,  pro_loss: 0.17630
[train: Epoch 18, 450 / 1875] FPS: 83.8 (574.5)  ,  DataTime: 0.332 (0.005)  ,  ForwardTime: 0.045  ,  TotalTime: 0.382  ,  Loss/total: 3.59134  ,  Loss/ce: 3.55594  ,  IoU: 0.69572  ,  pro_loss: 0.17699
[train: Epoch 18, 500 / 1875] FPS: 84.0 (597.5)  ,  DataTime: 0.331 (0.005)  ,  ForwardTime: 0.045  ,  TotalTime: 0.381  ,  Loss/total: 3.59036  ,  Loss/ce: 3.55490  ,  IoU: 0.69634  ,  pro_loss: 0.17729
[train: Epoch 18, 550 / 1875] FPS: 82.8 (582.8)  ,  DataTime: 0.336 (0.005)  ,  ForwardTime: 0.045  ,  TotalTime: 0.386  ,  Loss/total: 3.59210  ,  Loss/ce: 3.55667  ,  IoU: 0.69681  ,  pro_loss: 0.17716
[train: Epoch 18, 600 / 1875] FPS: 82.8 (606.2)  ,  DataTime: 0.336 (0.005)  ,  ForwardTime: 0.045  ,  TotalTime: 0.386  ,  Loss/total: 3.59110  ,  Loss/ce: 3.55583  ,  IoU: 0.69670  ,  pro_loss: 0.17639
[train: Epoch 18, 650 / 1875] FPS: 82.1 (614.2)  ,  DataTime: 0.339 (0.005)  ,  ForwardTime: 0.045  ,  TotalTime: 0.390  ,  Loss/total: 3.58796  ,  Loss/ce: 3.55270  ,  IoU: 0.69775  ,  pro_loss: 0.17633
[train: Epoch 18, 700 / 1875] FPS: 80.8 (11.7)  ,  DataTime: 0.346 (0.005)  ,  ForwardTime: 0.045  ,  TotalTime: 0.396  ,  Loss/total: 3.58609  ,  Loss/ce: 3.55091  ,  IoU: 0.69816  ,  pro_loss: 0.17592
[train: Epoch 18, 750 / 1875] FPS: 80.3 (605.8)  ,  DataTime: 0.348 (0.005)  ,  ForwardTime: 0.045  ,  TotalTime: 0.398  ,  Loss/total: 3.58708  ,  Loss/ce: 3.55179  ,  IoU: 0.69750  ,  pro_loss: 0.17643
[train: Epoch 18, 800 / 1875] FPS: 80.2 (621.4)  ,  DataTime: 0.349 (0.005)  ,  ForwardTime: 0.045  ,  TotalTime: 0.399  ,  Loss/total: 3.58692  ,  Loss/ce: 3.55149  ,  IoU: 0.69772  ,  pro_loss: 0.17716
[train: Epoch 18, 850 / 1875] FPS: 80.1 (610.8)  ,  DataTime: 0.350 (0.005)  ,  ForwardTime: 0.045  ,  TotalTime: 0.400  ,  Loss/total: 3.58697  ,  Loss/ce: 3.55157  ,  IoU: 0.69779  ,  pro_loss: 0.17700
[train: Epoch 18, 900 / 1875] FPS: 79.2 (605.2)  ,  DataTime: 0.354 (0.005)  ,  ForwardTime: 0.045  ,  TotalTime: 0.404  ,  Loss/total: 3.58582  ,  Loss/ce: 3.55039  ,  IoU: 0.69824  ,  pro_loss: 0.17714
[train: Epoch 18, 950 / 1875] FPS: 78.8 (12.5)  ,  DataTime: 0.356 (0.005)  ,  ForwardTime: 0.045  ,  TotalTime: 0.406  ,  Loss/total: 3.58464  ,  Loss/ce: 3.54917  ,  IoU: 0.69841  ,  pro_loss: 0.17736
[train: Epoch 18, 1000 / 1875] FPS: 78.5 (577.1)  ,  DataTime: 0.357 (0.005)  ,  ForwardTime: 0.045  ,  TotalTime: 0.407  ,  Loss/total: 3.58411  ,  Loss/ce: 3.54861  ,  IoU: 0.69846  ,  pro_loss: 0.17750
[train: Epoch 18, 1050 / 1875] FPS: 78.5 (577.9)  ,  DataTime: 0.357 (0.005)  ,  ForwardTime: 0.045  ,  TotalTime: 0.408  ,  Loss/total: 3.58312  ,  Loss/ce: 3.54756  ,  IoU: 0.69881  ,  pro_loss: 0.17784
[train: Epoch 18, 1100 / 1875] FPS: 78.2 (619.6)  ,  DataTime: 0.359 (0.005)  ,  ForwardTime: 0.045  ,  TotalTime: 0.409  ,  Loss/total: 3.58429  ,  Loss/ce: 3.54867  ,  IoU: 0.69872  ,  pro_loss: 0.17806
[train: Epoch 18, 1150 / 1875] FPS: 77.9 (14.3)  ,  DataTime: 0.361 (0.005)  ,  ForwardTime: 0.045  ,  TotalTime: 0.411  ,  Loss/total: 3.58525  ,  Loss/ce: 3.54966  ,  IoU: 0.69829  ,  pro_loss: 0.17797
[train: Epoch 18, 1200 / 1875] FPS: 77.8 (580.3)  ,  DataTime: 0.361 (0.005)  ,  ForwardTime: 0.045  ,  TotalTime: 0.411  ,  Loss/total: 3.58428  ,  Loss/ce: 3.54866  ,  IoU: 0.69847  ,  pro_loss: 0.17813
[train: Epoch 18, 1250 / 1875] FPS: 77.8 (615.0)  ,  DataTime: 0.361 (0.005)  ,  ForwardTime: 0.045  ,  TotalTime: 0.411  ,  Loss/total: 3.58338  ,  Loss/ce: 3.54771  ,  IoU: 0.69869  ,  pro_loss: 0.17838
[train: Epoch 18, 1300 / 1875] FPS: 77.9 (606.0)  ,  DataTime: 0.360 (0.005)  ,  ForwardTime: 0.045  ,  TotalTime: 0.411  ,  Loss/total: 3.58325  ,  Loss/ce: 3.54754  ,  IoU: 0.69851  ,  pro_loss: 0.17858
[train: Epoch 18, 1350 / 1875] FPS: 77.4 (21.4)  ,  DataTime: 0.364 (0.005)  ,  ForwardTime: 0.045  ,  TotalTime: 0.414  ,  Loss/total: 3.58291  ,  Loss/ce: 3.54719  ,  IoU: 0.69873  ,  pro_loss: 0.17856
[train: Epoch 18, 1400 / 1875] FPS: 77.4 (604.0)  ,  DataTime: 0.363 (0.005)  ,  ForwardTime: 0.045  ,  TotalTime: 0.413  ,  Loss/total: 3.58286  ,  Loss/ce: 3.54714  ,  IoU: 0.69872  ,  pro_loss: 0.17856
[train: Epoch 18, 1450 / 1875] FPS: 77.6 (625.3)  ,  DataTime: 0.362 (0.005)  ,  ForwardTime: 0.045  ,  TotalTime: 0.412  ,  Loss/total: 3.58330  ,  Loss/ce: 3.54759  ,  IoU: 0.69863  ,  pro_loss: 0.17856
[train: Epoch 18, 1500 / 1875] FPS: 77.7 (576.7)  ,  DataTime: 0.362 (0.005)  ,  ForwardTime: 0.045  ,  TotalTime: 0.412  ,  Loss/total: 3.58314  ,  Loss/ce: 3.54743  ,  IoU: 0.69858  ,  pro_loss: 0.17856
[train: Epoch 18, 1550 / 1875] FPS: 77.5 (584.7)  ,  DataTime: 0.363 (0.005)  ,  ForwardTime: 0.045  ,  TotalTime: 0.413  ,  Loss/total: 3.58287  ,  Loss/ce: 3.54714  ,  IoU: 0.69888  ,  pro_loss: 0.17862
[train: Epoch 18, 1600 / 1875] FPS: 77.5 (538.1)  ,  DataTime: 0.363 (0.005)  ,  ForwardTime: 0.045  ,  TotalTime: 0.413  ,  Loss/total: 3.58222  ,  Loss/ce: 3.54645  ,  IoU: 0.69902  ,  pro_loss: 0.17882
[train: Epoch 18, 1650 / 1875] FPS: 77.7 (600.5)  ,  DataTime: 0.362 (0.005)  ,  ForwardTime: 0.045  ,  TotalTime: 0.412  ,  Loss/total: 3.58165  ,  Loss/ce: 3.54583  ,  IoU: 0.69912  ,  pro_loss: 0.17910
[train: Epoch 18, 1700 / 1875] FPS: 77.7 (463.1)  ,  DataTime: 0.362 (0.005)  ,  ForwardTime: 0.045  ,  TotalTime: 0.412  ,  Loss/total: 3.58162  ,  Loss/ce: 3.54577  ,  IoU: 0.69907  ,  pro_loss: 0.17924
[train: Epoch 18, 1750 / 1875] FPS: 77.8 (186.8)  ,  DataTime: 0.361 (0.005)  ,  ForwardTime: 0.045  ,  TotalTime: 0.411  ,  Loss/total: 3.58132  ,  Loss/ce: 3.54540  ,  IoU: 0.69921  ,  pro_loss: 0.17955
[train: Epoch 18, 1800 / 1875] FPS: 77.9 (617.5)  ,  DataTime: 0.361 (0.005)  ,  ForwardTime: 0.045  ,  TotalTime: 0.411  ,  Loss/total: 3.58127  ,  Loss/ce: 3.54530  ,  IoU: 0.69905  ,  pro_loss: 0.17982
[train: Epoch 18, 1850 / 1875] FPS: 78.1 (60.2)  ,  DataTime: 0.360 (0.005)  ,  ForwardTime: 0.045  ,  TotalTime: 0.410  ,  Loss/total: 3.58132  ,  Loss/ce: 3.54533  ,  IoU: 0.69899  ,  pro_loss: 0.17995
[train: Epoch 18, 1875 / 1875] FPS: 77.8 (604.4)  ,  DataTime: 0.361 (0.005)  ,  ForwardTime: 0.045  ,  TotalTime: 0.411  ,  Loss/total: 3.58084  ,  Loss/ce: 3.54483  ,  IoU: 0.69902  ,  pro_loss: 0.18006
[train: Epoch 19, 50 / 1875] FPS: 60.4 (36.3)  ,  DataTime: 0.480 (0.005)  ,  ForwardTime: 0.045  ,  TotalTime: 0.530  ,  Loss/total: 3.58181  ,  Loss/ce: 3.54677  ,  IoU: 0.69866  ,  pro_loss: 0.17521
[train: Epoch 19, 100 / 1875] FPS: 69.0 (590.1)  ,  DataTime: 0.414 (0.005)  ,  ForwardTime: 0.045  ,  TotalTime: 0.464  ,  Loss/total: 3.57579  ,  Loss/ce: 3.54070  ,  IoU: 0.69984  ,  pro_loss: 0.17541
[train: Epoch 19, 150 / 1875] FPS: 72.1 (627.1)  ,  DataTime: 0.394 (0.005)  ,  ForwardTime: 0.045  ,  TotalTime: 0.444  ,  Loss/total: 3.57945  ,  Loss/ce: 3.54397  ,  IoU: 0.70294  ,  pro_loss: 0.17743
[train: Epoch 19, 200 / 1875] FPS: 73.9 (573.8)  ,  DataTime: 0.383 (0.005)  ,  ForwardTime: 0.045  ,  TotalTime: 0.433  ,  Loss/total: 3.57590  ,  Loss/ce: 3.54007  ,  IoU: 0.70283  ,  pro_loss: 0.17911
[train: Epoch 19, 250 / 1875] FPS: 72.4 (604.3)  ,  DataTime: 0.392 (0.005)  ,  ForwardTime: 0.045  ,  TotalTime: 0.442  ,  Loss/total: 3.57045  ,  Loss/ce: 3.53477  ,  IoU: 0.70458  ,  pro_loss: 0.17842
[train: Epoch 19, 300 / 1875] FPS: 73.2 (567.7)  ,  DataTime: 0.387 (0.005)  ,  ForwardTime: 0.045  ,  TotalTime: 0.437  ,  Loss/total: 3.57192  ,  Loss/ce: 3.53636  ,  IoU: 0.70369  ,  pro_loss: 0.17781
[train: Epoch 19, 350 / 1875] FPS: 73.0 (597.5)  ,  DataTime: 0.388 (0.005)  ,  ForwardTime: 0.045  ,  TotalTime: 0.439  ,  Loss/total: 3.57295  ,  Loss/ce: 3.53760  ,  IoU: 0.70368  ,  pro_loss: 0.17679
[train: Epoch 19, 400 / 1875] FPS: 73.2 (27.8)  ,  DataTime: 0.387 (0.005)  ,  ForwardTime: 0.045  ,  TotalTime: 0.437  ,  Loss/total: 3.57499  ,  Loss/ce: 3.53966  ,  IoU: 0.70228  ,  pro_loss: 0.17661
[train: Epoch 19, 450 / 1875] FPS: 72.9 (611.4)  ,  DataTime: 0.389 (0.005)  ,  ForwardTime: 0.045  ,  TotalTime: 0.439  ,  Loss/total: 3.57555  ,  Loss/ce: 3.54024  ,  IoU: 0.70168  ,  pro_loss: 0.17657
[train: Epoch 19, 500 / 1875] FPS: 73.0 (629.1)  ,  DataTime: 0.388 (0.005)  ,  ForwardTime: 0.045  ,  TotalTime: 0.438  ,  Loss/total: 3.57491  ,  Loss/ce: 3.53950  ,  IoU: 0.70172  ,  pro_loss: 0.17704
[train: Epoch 19, 550 / 1875] FPS: 74.0 (616.5)  ,  DataTime: 0.383 (0.005)  ,  ForwardTime: 0.045  ,  TotalTime: 0.433  ,  Loss/total: 3.57648  ,  Loss/ce: 3.54113  ,  IoU: 0.70167  ,  pro_loss: 0.17676
[train: Epoch 19, 600 / 1875] FPS: 73.6 (16.5)  ,  DataTime: 0.385 (0.005)  ,  ForwardTime: 0.045  ,  TotalTime: 0.435  ,  Loss/total: 3.57460  ,  Loss/ce: 3.53917  ,  IoU: 0.70183  ,  pro_loss: 0.17715
[train: Epoch 19, 650 / 1875] FPS: 73.7 (11.8)  ,  DataTime: 0.384 (0.005)  ,  ForwardTime: 0.045  ,  TotalTime: 0.434  ,  Loss/total: 3.57728  ,  Loss/ce: 3.54178  ,  IoU: 0.70100  ,  pro_loss: 0.17748
[train: Epoch 19, 700 / 1875] FPS: 74.0 (605.1)  ,  DataTime: 0.382 (0.005)  ,  ForwardTime: 0.045  ,  TotalTime: 0.432  ,  Loss/total: 3.57699  ,  Loss/ce: 3.54153  ,  IoU: 0.70099  ,  pro_loss: 0.17734
[train: Epoch 19, 750 / 1875] FPS: 74.1 (589.2)  ,  DataTime: 0.382 (0.005)  ,  ForwardTime: 0.045  ,  TotalTime: 0.432  ,  Loss/total: 3.57732  ,  Loss/ce: 3.54187  ,  IoU: 0.70071  ,  pro_loss: 0.17722
[train: Epoch 19, 800 / 1875] FPS: 74.6 (613.6)  ,  DataTime: 0.379 (0.005)  ,  ForwardTime: 0.045  ,  TotalTime: 0.429  ,  Loss/total: 3.57664  ,  Loss/ce: 3.54118  ,  IoU: 0.70109  ,  pro_loss: 0.17730
[train: Epoch 19, 850 / 1875] FPS: 74.7 (619.7)  ,  DataTime: 0.378 (0.005)  ,  ForwardTime: 0.045  ,  TotalTime: 0.428  ,  Loss/total: 3.57628  ,  Loss/ce: 3.54083  ,  IoU: 0.70087  ,  pro_loss: 0.17724
[train: Epoch 19, 900 / 1875] FPS: 74.5 (618.5)  ,  DataTime: 0.380 (0.005)  ,  ForwardTime: 0.045  ,  TotalTime: 0.430  ,  Loss/total: 3.57480  ,  Loss/ce: 3.53929  ,  IoU: 0.70103  ,  pro_loss: 0.17755
[train: Epoch 19, 950 / 1875] FPS: 74.8 (574.5)  ,  DataTime: 0.378 (0.005)  ,  ForwardTime: 0.045  ,  TotalTime: 0.428  ,  Loss/total: 3.57435  ,  Loss/ce: 3.53881  ,  IoU: 0.70127  ,  pro_loss: 0.17768
[train: Epoch 19, 1000 / 1875] FPS: 74.4 (16.2)  ,  DataTime: 0.380 (0.005)  ,  ForwardTime: 0.045  ,  TotalTime: 0.430  ,  Loss/total: 3.57402  ,  Loss/ce: 3.53839  ,  IoU: 0.70118  ,  pro_loss: 0.17817
[train: Epoch 19, 1050 / 1875] FPS: 74.8 (627.9)  ,  DataTime: 0.378 (0.005)  ,  ForwardTime: 0.045  ,  TotalTime: 0.428  ,  Loss/total: 3.57365  ,  Loss/ce: 3.53794  ,  IoU: 0.70131  ,  pro_loss: 0.17854
[train: Epoch 19, 1100 / 1875] FPS: 74.4 (11.8)  ,  DataTime: 0.380 (0.005)  ,  ForwardTime: 0.045  ,  TotalTime: 0.430  ,  Loss/total: 3.57371  ,  Loss/ce: 3.53793  ,  IoU: 0.70135  ,  pro_loss: 0.17889
[train: Epoch 19, 1150 / 1875] FPS: 75.0 (616.4)  ,  DataTime: 0.377 (0.005)  ,  ForwardTime: 0.045  ,  TotalTime: 0.427  ,  Loss/total: 3.57450  ,  Loss/ce: 3.53873  ,  IoU: 0.70133  ,  pro_loss: 0.17884
[train: Epoch 19, 1200 / 1875] FPS: 75.2 (615.0)  ,  DataTime: 0.375 (0.005)  ,  ForwardTime: 0.045  ,  TotalTime: 0.425  ,  Loss/total: 3.57517  ,  Loss/ce: 3.53938  ,  IoU: 0.70126  ,  pro_loss: 0.17894
[train: Epoch 19, 1250 / 1875] FPS: 75.4 (597.4)  ,  DataTime: 0.374 (0.005)  ,  ForwardTime: 0.045  ,  TotalTime: 0.424  ,  Loss/total: 3.57503  ,  Loss/ce: 3.53918  ,  IoU: 0.70116  ,  pro_loss: 0.17924
[train: Epoch 19, 1300 / 1875] FPS: 74.9 (15.3)  ,  DataTime: 0.377 (0.005)  ,  ForwardTime: 0.045  ,  TotalTime: 0.427  ,  Loss/total: 3.57452  ,  Loss/ce: 3.53865  ,  IoU: 0.70130  ,  pro_loss: 0.17934
[train: Epoch 19, 1350 / 1875] FPS: 75.3 (583.3)  ,  DataTime: 0.375 (0.005)  ,  ForwardTime: 0.045  ,  TotalTime: 0.425  ,  Loss/total: 3.57364  ,  Loss/ce: 3.53769  ,  IoU: 0.70155  ,  pro_loss: 0.17973
[train: Epoch 19, 1400 / 1875] FPS: 75.2 (566.9)  ,  DataTime: 0.376 (0.005)  ,  ForwardTime: 0.045  ,  TotalTime: 0.426  ,  Loss/total: 3.57350  ,  Loss/ce: 3.53759  ,  IoU: 0.70176  ,  pro_loss: 0.17955
[train: Epoch 19, 1450 / 1875] FPS: 75.3 (611.5)  ,  DataTime: 0.375 (0.005)  ,  ForwardTime: 0.045  ,  TotalTime: 0.425  ,  Loss/total: 3.57273  ,  Loss/ce: 3.53686  ,  IoU: 0.70186  ,  pro_loss: 0.17937
[train: Epoch 19, 1500 / 1875] FPS: 75.5 (39.5)  ,  DataTime: 0.374 (0.005)  ,  ForwardTime: 0.045  ,  TotalTime: 0.424  ,  Loss/total: 3.57216  ,  Loss/ce: 3.53623  ,  IoU: 0.70202  ,  pro_loss: 0.17961
[train: Epoch 19, 1550 / 1875] FPS: 75.5 (608.8)  ,  DataTime: 0.374 (0.005)  ,  ForwardTime: 0.045  ,  TotalTime: 0.424  ,  Loss/total: 3.57148  ,  Loss/ce: 3.53555  ,  IoU: 0.70233  ,  pro_loss: 0.17965
[train: Epoch 19, 1600 / 1875] FPS: 75.6 (37.3)  ,  DataTime: 0.373 (0.005)  ,  ForwardTime: 0.045  ,  TotalTime: 0.423  ,  Loss/total: 3.57143  ,  Loss/ce: 3.53546  ,  IoU: 0.70248  ,  pro_loss: 0.17986
[train: Epoch 19, 1650 / 1875] FPS: 75.4 (575.7)  ,  DataTime: 0.374 (0.005)  ,  ForwardTime: 0.045  ,  TotalTime: 0.424  ,  Loss/total: 3.57077  ,  Loss/ce: 3.53472  ,  IoU: 0.70273  ,  pro_loss: 0.18026
[train: Epoch 19, 1700 / 1875] FPS: 75.5 (566.5)  ,  DataTime: 0.374 (0.005)  ,  ForwardTime: 0.045  ,  TotalTime: 0.424  ,  Loss/total: 3.57002  ,  Loss/ce: 3.53392  ,  IoU: 0.70315  ,  pro_loss: 0.18050
[train: Epoch 19, 1750 / 1875] FPS: 75.5 (576.7)  ,  DataTime: 0.374 (0.005)  ,  ForwardTime: 0.045  ,  TotalTime: 0.424  ,  Loss/total: 3.56853  ,  Loss/ce: 3.53240  ,  IoU: 0.70344  ,  pro_loss: 0.18066
[train: Epoch 19, 1800 / 1875] FPS: 75.3 (11.3)  ,  DataTime: 0.375 (0.005)  ,  ForwardTime: 0.045  ,  TotalTime: 0.425  ,  Loss/total: 3.56804  ,  Loss/ce: 3.53192  ,  IoU: 0.70349  ,  pro_loss: 0.18063
[train: Epoch 19, 1850 / 1875] FPS: 75.3 (578.9)  ,  DataTime: 0.375 (0.005)  ,  ForwardTime: 0.045  ,  TotalTime: 0.425  ,  Loss/total: 3.56749  ,  Loss/ce: 3.53134  ,  IoU: 0.70365  ,  pro_loss: 0.18077
[train: Epoch 19, 1875 / 1875] FPS: 75.6 (617.5)  ,  DataTime: 0.373 (0.005)  ,  ForwardTime: 0.045  ,  TotalTime: 0.423  ,  Loss/total: 3.56690  ,  Loss/ce: 3.53072  ,  IoU: 0.70361  ,  pro_loss: 0.18089
[train: Epoch 20, 50 / 1875] FPS: 65.6 (607.7)  ,  DataTime: 0.438 (0.005)  ,  ForwardTime: 0.044  ,  TotalTime: 0.488  ,  Loss/total: 3.51190  ,  Loss/ce: 3.47373  ,  IoU: 0.71422  ,  pro_loss: 0.19083
[train: Epoch 20, 100 / 1875] FPS: 70.6 (617.8)  ,  DataTime: 0.403 (0.005)  ,  ForwardTime: 0.045  ,  TotalTime: 0.453  ,  Loss/total: 3.53436  ,  Loss/ce: 3.49665  ,  IoU: 0.71290  ,  pro_loss: 0.18854
[train: Epoch 20, 150 / 1875] FPS: 71.2 (615.6)  ,  DataTime: 0.399 (0.005)  ,  ForwardTime: 0.045  ,  TotalTime: 0.449  ,  Loss/total: 3.55213  ,  Loss/ce: 3.51470  ,  IoU: 0.70694  ,  pro_loss: 0.18715
[train: Epoch 20, 200 / 1875] FPS: 73.8 (613.0)  ,  DataTime: 0.384 (0.005)  ,  ForwardTime: 0.045  ,  TotalTime: 0.434  ,  Loss/total: 3.55949  ,  Loss/ce: 3.52237  ,  IoU: 0.70310  ,  pro_loss: 0.18557
[train: Epoch 20, 250 / 1875] FPS: 74.7 (629.5)  ,  DataTime: 0.379 (0.005)  ,  ForwardTime: 0.045  ,  TotalTime: 0.428  ,  Loss/total: 3.56483  ,  Loss/ce: 3.52763  ,  IoU: 0.70275  ,  pro_loss: 0.18600
[train: Epoch 20, 300 / 1875] FPS: 74.9 (611.0)  ,  DataTime: 0.378 (0.005)  ,  ForwardTime: 0.045  ,  TotalTime: 0.427  ,  Loss/total: 3.56080  ,  Loss/ce: 3.52376  ,  IoU: 0.70358  ,  pro_loss: 0.18521
[train: Epoch 20, 350 / 1875] FPS: 75.9 (583.0)  ,  DataTime: 0.372 (0.005)  ,  ForwardTime: 0.045  ,  TotalTime: 0.422  ,  Loss/total: 3.56205  ,  Loss/ce: 3.52533  ,  IoU: 0.70305  ,  pro_loss: 0.18357
[train: Epoch 20, 400 / 1875] FPS: 75.9 (19.8)  ,  DataTime: 0.372 (0.005)  ,  ForwardTime: 0.045  ,  TotalTime: 0.422  ,  Loss/total: 3.56335  ,  Loss/ce: 3.52679  ,  IoU: 0.70322  ,  pro_loss: 0.18279
[train: Epoch 20, 450 / 1875] FPS: 76.7 (624.6)  ,  DataTime: 0.368 (0.005)  ,  ForwardTime: 0.045  ,  TotalTime: 0.417  ,  Loss/total: 3.56174  ,  Loss/ce: 3.52521  ,  IoU: 0.70378  ,  pro_loss: 0.18264
[train: Epoch 20, 500 / 1875] FPS: 76.7 (592.8)  ,  DataTime: 0.367 (0.005)  ,  ForwardTime: 0.045  ,  TotalTime: 0.417  ,  Loss/total: 3.56180  ,  Loss/ce: 3.52517  ,  IoU: 0.70378  ,  pro_loss: 0.18319
[train: Epoch 20, 550 / 1875] FPS: 77.1 (599.9)  ,  DataTime: 0.365 (0.005)  ,  ForwardTime: 0.045  ,  TotalTime: 0.415  ,  Loss/total: 3.56263  ,  Loss/ce: 3.52601  ,  IoU: 0.70373  ,  pro_loss: 0.18314
[train: Epoch 20, 600 / 1875] FPS: 78.0 (604.0)  ,  DataTime: 0.361 (0.005)  ,  ForwardTime: 0.045  ,  TotalTime: 0.410  ,  Loss/total: 3.56438  ,  Loss/ce: 3.52775  ,  IoU: 0.70344  ,  pro_loss: 0.18314
[train: Epoch 20, 650 / 1875] FPS: 77.6 (610.3)  ,  DataTime: 0.363 (0.005)  ,  ForwardTime: 0.045  ,  TotalTime: 0.413  ,  Loss/total: 3.56455  ,  Loss/ce: 3.52798  ,  IoU: 0.70328  ,  pro_loss: 0.18285
[train: Epoch 20, 700 / 1875] FPS: 77.7 (631.2)  ,  DataTime: 0.362 (0.005)  ,  ForwardTime: 0.045  ,  TotalTime: 0.412  ,  Loss/total: 3.56691  ,  Loss/ce: 3.53041  ,  IoU: 0.70312  ,  pro_loss: 0.18250
[train: Epoch 20, 750 / 1875] FPS: 78.0 (612.5)  ,  DataTime: 0.360 (0.005)  ,  ForwardTime: 0.045  ,  TotalTime: 0.410  ,  Loss/total: 3.56583  ,  Loss/ce: 3.52933  ,  IoU: 0.70308  ,  pro_loss: 0.18249
[train: Epoch 20, 800 / 1875] FPS: 77.8 (588.3)  ,  DataTime: 0.362 (0.005)  ,  ForwardTime: 0.045  ,  TotalTime: 0.412  ,  Loss/total: 3.56537  ,  Loss/ce: 3.52889  ,  IoU: 0.70357  ,  pro_loss: 0.18238
[train: Epoch 20, 850 / 1875] FPS: 77.4 (24.5)  ,  DataTime: 0.364 (0.005)  ,  ForwardTime: 0.045  ,  TotalTime: 0.414  ,  Loss/total: 3.56553  ,  Loss/ce: 3.52905  ,  IoU: 0.70377  ,  pro_loss: 0.18239
[train: Epoch 20, 900 / 1875] FPS: 77.2 (580.1)  ,  DataTime: 0.364 (0.005)  ,  ForwardTime: 0.045  ,  TotalTime: 0.414  ,  Loss/total: 3.56399  ,  Loss/ce: 3.52755  ,  IoU: 0.70421  ,  pro_loss: 0.18220
[train: Epoch 20, 950 / 1875] FPS: 77.5 (604.9)  ,  DataTime: 0.363 (0.005)  ,  ForwardTime: 0.045  ,  TotalTime: 0.413  ,  Loss/total: 3.56233  ,  Loss/ce: 3.52583  ,  IoU: 0.70463  ,  pro_loss: 0.18251
[train: Epoch 20, 1000 / 1875] FPS: 77.2 (588.4)  ,  DataTime: 0.365 (0.005)  ,  ForwardTime: 0.045  ,  TotalTime: 0.415  ,  Loss/total: 3.56283  ,  Loss/ce: 3.52637  ,  IoU: 0.70452  ,  pro_loss: 0.18227
[train: Epoch 20, 1050 / 1875] FPS: 76.9 (610.3)  ,  DataTime: 0.366 (0.005)  ,  ForwardTime: 0.045  ,  TotalTime: 0.416  ,  Loss/total: 3.56238  ,  Loss/ce: 3.52599  ,  IoU: 0.70477  ,  pro_loss: 0.18196
[train: Epoch 20, 1100 / 1875] FPS: 76.9 (588.1)  ,  DataTime: 0.366 (0.005)  ,  ForwardTime: 0.045  ,  TotalTime: 0.416  ,  Loss/total: 3.56240  ,  Loss/ce: 3.52604  ,  IoU: 0.70457  ,  pro_loss: 0.18180
[train: Epoch 20, 1150 / 1875] FPS: 77.0 (112.8)  ,  DataTime: 0.365 (0.005)  ,  ForwardTime: 0.045  ,  TotalTime: 0.415  ,  Loss/total: 3.56307  ,  Loss/ce: 3.52666  ,  IoU: 0.70432  ,  pro_loss: 0.18206
[train: Epoch 20, 1200 / 1875] FPS: 76.8 (628.6)  ,  DataTime: 0.367 (0.005)  ,  ForwardTime: 0.045  ,  TotalTime: 0.417  ,  Loss/total: 3.56256  ,  Loss/ce: 3.52616  ,  IoU: 0.70449  ,  pro_loss: 0.18200
[train: Epoch 20, 1250 / 1875] FPS: 77.0 (80.6)  ,  DataTime: 0.365 (0.005)  ,  ForwardTime: 0.045  ,  TotalTime: 0.415  ,  Loss/total: 3.56142  ,  Loss/ce: 3.52501  ,  IoU: 0.70462  ,  pro_loss: 0.18204
[train: Epoch 20, 1300 / 1875] FPS: 77.1 (610.4)  ,  DataTime: 0.365 (0.005)  ,  ForwardTime: 0.045  ,  TotalTime: 0.415  ,  Loss/total: 3.56145  ,  Loss/ce: 3.52507  ,  IoU: 0.70451  ,  pro_loss: 0.18193
[train: Epoch 20, 1350 / 1875] FPS: 77.0 (608.7)  ,  DataTime: 0.366 (0.005)  ,  ForwardTime: 0.045  ,  TotalTime: 0.416  ,  Loss/total: 3.56062  ,  Loss/ce: 3.52420  ,  IoU: 0.70483  ,  pro_loss: 0.18207
[train: Epoch 20, 1400 / 1875] FPS: 77.0 (574.4)  ,  DataTime: 0.365 (0.005)  ,  ForwardTime: 0.045  ,  TotalTime: 0.415  ,  Loss/total: 3.55991  ,  Loss/ce: 3.52347  ,  IoU: 0.70490  ,  pro_loss: 0.18224
[train: Epoch 20, 1450 / 1875] FPS: 76.8 (11.7)  ,  DataTime: 0.367 (0.005)  ,  ForwardTime: 0.045  ,  TotalTime: 0.416  ,  Loss/total: 3.55971  ,  Loss/ce: 3.52324  ,  IoU: 0.70503  ,  pro_loss: 0.18235
[train: Epoch 20, 1500 / 1875] FPS: 76.8 (619.0)  ,  DataTime: 0.367 (0.005)  ,  ForwardTime: 0.045  ,  TotalTime: 0.417  ,  Loss/total: 3.55954  ,  Loss/ce: 3.52309  ,  IoU: 0.70507  ,  pro_loss: 0.18221
[train: Epoch 20, 1550 / 1875] FPS: 77.0 (606.1)  ,  DataTime: 0.365 (0.005)  ,  ForwardTime: 0.045  ,  TotalTime: 0.415  ,  Loss/total: 3.55872  ,  Loss/ce: 3.52229  ,  IoU: 0.70530  ,  pro_loss: 0.18215
[train: Epoch 20, 1600 / 1875] FPS: 77.2 (614.8)  ,  DataTime: 0.365 (0.005)  ,  ForwardTime: 0.045  ,  TotalTime: 0.415  ,  Loss/total: 3.55838  ,  Loss/ce: 3.52199  ,  IoU: 0.70536  ,  pro_loss: 0.18192
[train: Epoch 20, 1650 / 1875] FPS: 77.1 (594.8)  ,  DataTime: 0.365 (0.005)  ,  ForwardTime: 0.045  ,  TotalTime: 0.415  ,  Loss/total: 3.55764  ,  Loss/ce: 3.52127  ,  IoU: 0.70559  ,  pro_loss: 0.18184
[train: Epoch 20, 1700 / 1875] FPS: 77.3 (576.7)  ,  DataTime: 0.364 (0.005)  ,  ForwardTime: 0.045  ,  TotalTime: 0.414  ,  Loss/total: 3.55761  ,  Loss/ce: 3.52120  ,  IoU: 0.70553  ,  pro_loss: 0.18205
[train: Epoch 20, 1750 / 1875] FPS: 77.3 (584.8)  ,  DataTime: 0.364 (0.005)  ,  ForwardTime: 0.045  ,  TotalTime: 0.414  ,  Loss/total: 3.55747  ,  Loss/ce: 3.52103  ,  IoU: 0.70558  ,  pro_loss: 0.18218
[train: Epoch 20, 1800 / 1875] FPS: 77.5 (583.2)  ,  DataTime: 0.363 (0.005)  ,  ForwardTime: 0.045  ,  TotalTime: 0.413  ,  Loss/total: 3.55695  ,  Loss/ce: 3.52051  ,  IoU: 0.70576  ,  pro_loss: 0.18219
[train: Epoch 20, 1850 / 1875] FPS: 77.6 (597.0)  ,  DataTime: 0.362 (0.005)  ,  ForwardTime: 0.045  ,  TotalTime: 0.412  ,  Loss/total: 3.55756  ,  Loss/ce: 3.52114  ,  IoU: 0.70583  ,  pro_loss: 0.18212
[train: Epoch 20, 1875 / 1875] FPS: 77.4 (617.8)  ,  DataTime: 0.364 (0.005)  ,  ForwardTime: 0.045  ,  TotalTime: 0.413  ,  Loss/total: 3.55741  ,  Loss/ce: 3.52098  ,  IoU: 0.70597  ,  pro_loss: 0.18213
[val: Epoch 20, 50 / 312] FPS: 66.2 (12.4)  ,  DataTime: 0.451 (0.006)  ,  ForwardTime: 0.027  ,  TotalTime: 0.484  ,  Loss/total: nan  ,  Loss/giou: 0.33461  ,  Loss/l1: 0.02384  ,  Loss/location: nan  ,  pro_loss: 0.11938  ,  IoU: 0.69240
[val: Epoch 20, 100 / 312] FPS: 71.9 (25.6)  ,  DataTime: 0.413 (0.006)  ,  ForwardTime: 0.026  ,  TotalTime: 0.445  ,  Loss/total: nan  ,  Loss/giou: 0.33559  ,  Loss/l1: 0.02384  ,  Loss/location: nan  ,  pro_loss: 0.11760  ,  IoU: 0.69225
[val: Epoch 20, 150 / 312] FPS: 75.5 (825.8)  ,  DataTime: 0.392 (0.006)  ,  ForwardTime: 0.026  ,  TotalTime: 0.424  ,  Loss/total: nan  ,  Loss/giou: 0.33460  ,  Loss/l1: 0.02419  ,  Loss/location: nan  ,  pro_loss: 0.11569  ,  IoU: 0.69406
[val: Epoch 20, 200 / 312] FPS: 71.9 (831.1)  ,  DataTime: 0.413 (0.006)  ,  ForwardTime: 0.026  ,  TotalTime: 0.445  ,  Loss/total: nan  ,  Loss/giou: 0.33368  ,  Loss/l1: 0.02421  ,  Loss/location: nan  ,  pro_loss: 0.11542  ,  IoU: 0.69461
[val: Epoch 20, 250 / 312] FPS: 72.7 (951.5)  ,  DataTime: 0.408 (0.006)  ,  ForwardTime: 0.026  ,  TotalTime: 0.440  ,  Loss/total: nan  ,  Loss/giou: 0.33348  ,  Loss/l1: 0.02430  ,  Loss/location: nan  ,  pro_loss: 0.11571  ,  IoU: 0.69484
[val: Epoch 20, 300 / 312] FPS: 72.8 (13.8)  ,  DataTime: 0.408 (0.006)  ,  ForwardTime: 0.026  ,  TotalTime: 0.440  ,  Loss/total: nan  ,  Loss/giou: 0.33403  ,  Loss/l1: 0.02455  ,  Loss/location: nan  ,  pro_loss: 0.11611  ,  IoU: 0.69459
[val: Epoch 20, 312 / 312] FPS: 74.2 (1015.8)  ,  DataTime: 0.399 (0.006)  ,  ForwardTime: 0.026  ,  TotalTime: 0.431  ,  Loss/total: nan  ,  Loss/giou: 0.33372  ,  Loss/l1: 0.02452  ,  Loss/location: nan  ,  pro_loss: 0.11612  ,  IoU: 0.69489
[train: Epoch 21, 50 / 1875] FPS: 61.1 (619.5)  ,  DataTime: 0.474 (0.005)  ,  ForwardTime: 0.045  ,  TotalTime: 0.524  ,  Loss/total: 3.56478  ,  Loss/ce: 3.52774  ,  IoU: 0.71485  ,  pro_loss: 0.18521
[train: Epoch 21, 100 / 1875] FPS: 64.8 (23.5)  ,  DataTime: 0.443 (0.005)  ,  ForwardTime: 0.045  ,  TotalTime: 0.493  ,  Loss/total: 3.55837  ,  Loss/ce: 3.52078  ,  IoU: 0.71362  ,  pro_loss: 0.18792
[train: Epoch 21, 150 / 1875] FPS: 66.7 (578.9)  ,  DataTime: 0.430 (0.005)  ,  ForwardTime: 0.045  ,  TotalTime: 0.480  ,  Loss/total: 3.55910  ,  Loss/ce: 3.52158  ,  IoU: 0.71276  ,  pro_loss: 0.18757
[train: Epoch 21, 200 / 1875] FPS: 68.6 (583.4)  ,  DataTime: 0.416 (0.005)  ,  ForwardTime: 0.045  ,  TotalTime: 0.466  ,  Loss/total: 3.56371  ,  Loss/ce: 3.52631  ,  IoU: 0.70991  ,  pro_loss: 0.18698
[train: Epoch 21, 250 / 1875] FPS: 69.8 (615.4)  ,  DataTime: 0.409 (0.005)  ,  ForwardTime: 0.045  ,  TotalTime: 0.459  ,  Loss/total: 3.56466  ,  Loss/ce: 3.52769  ,  IoU: 0.70794  ,  pro_loss: 0.18487
[train: Epoch 21, 300 / 1875] FPS: 69.6 (12.1)  ,  DataTime: 0.410 (0.005)  ,  ForwardTime: 0.045  ,  TotalTime: 0.460  ,  Loss/total: 3.56752  ,  Loss/ce: 3.53080  ,  IoU: 0.70533  ,  pro_loss: 0.18361
[train: Epoch 21, 350 / 1875] FPS: 70.3 (621.4)  ,  DataTime: 0.405 (0.005)  ,  ForwardTime: 0.045  ,  TotalTime: 0.455  ,  Loss/total: 3.56122  ,  Loss/ce: 3.52441  ,  IoU: 0.70747  ,  pro_loss: 0.18405
[train: Epoch 21, 400 / 1875] FPS: 71.5 (613.5)  ,  DataTime: 0.398 (0.005)  ,  ForwardTime: 0.045  ,  TotalTime: 0.448  ,  Loss/total: 3.55752  ,  Loss/ce: 3.52053  ,  IoU: 0.70816  ,  pro_loss: 0.18495
[train: Epoch 21, 450 / 1875] FPS: 71.7 (574.8)  ,  DataTime: 0.396 (0.005)  ,  ForwardTime: 0.045  ,  TotalTime: 0.446  ,  Loss/total: 3.55376  ,  Loss/ce: 3.51670  ,  IoU: 0.70905  ,  pro_loss: 0.18530
[train: Epoch 21, 500 / 1875] FPS: 71.4 (608.9)  ,  DataTime: 0.398 (0.005)  ,  ForwardTime: 0.045  ,  TotalTime: 0.448  ,  Loss/total: 3.55340  ,  Loss/ce: 3.51620  ,  IoU: 0.70885  ,  pro_loss: 0.18598
[train: Epoch 21, 550 / 1875] FPS: 72.5 (627.0)  ,  DataTime: 0.391 (0.005)  ,  ForwardTime: 0.045  ,  TotalTime: 0.441  ,  Loss/total: 3.55272  ,  Loss/ce: 3.51549  ,  IoU: 0.70894  ,  pro_loss: 0.18614
[train: Epoch 21, 600 / 1875] FPS: 72.3 (610.7)  ,  DataTime: 0.393 (0.005)  ,  ForwardTime: 0.045  ,  TotalTime: 0.443  ,  Loss/total: 3.55094  ,  Loss/ce: 3.51367  ,  IoU: 0.70925  ,  pro_loss: 0.18639
[train: Epoch 21, 650 / 1875] FPS: 72.7 (592.0)  ,  DataTime: 0.390 (0.005)  ,  ForwardTime: 0.045  ,  TotalTime: 0.440  ,  Loss/total: 3.55148  ,  Loss/ce: 3.51425  ,  IoU: 0.70925  ,  pro_loss: 0.18615
[train: Epoch 21, 700 / 1875] FPS: 72.8 (15.9)  ,  DataTime: 0.390 (0.005)  ,  ForwardTime: 0.045  ,  TotalTime: 0.440  ,  Loss/total: 3.54993  ,  Loss/ce: 3.51276  ,  IoU: 0.70943  ,  pro_loss: 0.18583
[train: Epoch 21, 750 / 1875] FPS: 73.2 (616.1)  ,  DataTime: 0.387 (0.005)  ,  ForwardTime: 0.045  ,  TotalTime: 0.437  ,  Loss/total: 3.55082  ,  Loss/ce: 3.51357  ,  IoU: 0.70923  ,  pro_loss: 0.18624
[train: Epoch 21, 800 / 1875] FPS: 73.9 (618.4)  ,  DataTime: 0.383 (0.005)  ,  ForwardTime: 0.045  ,  TotalTime: 0.433  ,  Loss/total: 3.55053  ,  Loss/ce: 3.51333  ,  IoU: 0.70921  ,  pro_loss: 0.18602
[train: Epoch 21, 850 / 1875] FPS: 73.6 (17.6)  ,  DataTime: 0.385 (0.005)  ,  ForwardTime: 0.045  ,  TotalTime: 0.435  ,  Loss/total: 3.55157  ,  Loss/ce: 3.51439  ,  IoU: 0.70930  ,  pro_loss: 0.18586
[train: Epoch 21, 900 / 1875] FPS: 73.3 (9.8)  ,  DataTime: 0.387 (0.005)  ,  ForwardTime: 0.045  ,  TotalTime: 0.437  ,  Loss/total: 3.55355  ,  Loss/ce: 3.51636  ,  IoU: 0.70856  ,  pro_loss: 0.18597
[train: Epoch 21, 950 / 1875] FPS: 73.4 (584.4)  ,  DataTime: 0.386 (0.005)  ,  ForwardTime: 0.045  ,  TotalTime: 0.436  ,  Loss/total: 3.55429  ,  Loss/ce: 3.51706  ,  IoU: 0.70844  ,  pro_loss: 0.18611
[train: Epoch 21, 1000 / 1875] FPS: 73.8 (611.0)  ,  DataTime: 0.383 (0.005)  ,  ForwardTime: 0.045  ,  TotalTime: 0.433  ,  Loss/total: 3.55621  ,  Loss/ce: 3.51903  ,  IoU: 0.70825  ,  pro_loss: 0.18590
[train: Epoch 21, 1050 / 1875] FPS: 74.0 (576.5)  ,  DataTime: 0.383 (0.005)  ,  ForwardTime: 0.045  ,  TotalTime: 0.432  ,  Loss/total: 3.55639  ,  Loss/ce: 3.51913  ,  IoU: 0.70802  ,  pro_loss: 0.18630
[train: Epoch 21, 1100 / 1875] FPS: 74.0 (614.8)  ,  DataTime: 0.383 (0.005)  ,  ForwardTime: 0.045  ,  TotalTime: 0.433  ,  Loss/total: 3.55611  ,  Loss/ce: 3.51888  ,  IoU: 0.70811  ,  pro_loss: 0.18617
[train: Epoch 21, 1150 / 1875] FPS: 74.1 (612.4)  ,  DataTime: 0.382 (0.005)  ,  ForwardTime: 0.045  ,  TotalTime: 0.432  ,  Loss/total: 3.55573  ,  Loss/ce: 3.51849  ,  IoU: 0.70806  ,  pro_loss: 0.18621
[train: Epoch 21, 1200 / 1875] FPS: 74.3 (29.6)  ,  DataTime: 0.381 (0.005)  ,  ForwardTime: 0.045  ,  TotalTime: 0.431  ,  Loss/total: 3.55532  ,  Loss/ce: 3.51809  ,  IoU: 0.70794  ,  pro_loss: 0.18617
[train: Epoch 21, 1250 / 1875] FPS: 74.3 (604.9)  ,  DataTime: 0.381 (0.005)  ,  ForwardTime: 0.045  ,  TotalTime: 0.431  ,  Loss/total: 3.55561  ,  Loss/ce: 3.51840  ,  IoU: 0.70769  ,  pro_loss: 0.18606
[train: Epoch 21, 1300 / 1875] FPS: 74.5 (569.8)  ,  DataTime: 0.379 (0.005)  ,  ForwardTime: 0.045  ,  TotalTime: 0.429  ,  Loss/total: 3.55572  ,  Loss/ce: 3.51852  ,  IoU: 0.70775  ,  pro_loss: 0.18602
[train: Epoch 21, 1350 / 1875] FPS: 74.5 (588.4)  ,  DataTime: 0.380 (0.005)  ,  ForwardTime: 0.045  ,  TotalTime: 0.430  ,  Loss/total: 3.55467  ,  Loss/ce: 3.51744  ,  IoU: 0.70802  ,  pro_loss: 0.18617
[train: Epoch 21, 1400 / 1875] FPS: 74.5 (14.0)  ,  DataTime: 0.379 (0.005)  ,  ForwardTime: 0.045  ,  TotalTime: 0.429  ,  Loss/total: 3.55445  ,  Loss/ce: 3.51722  ,  IoU: 0.70801  ,  pro_loss: 0.18615
[train: Epoch 21, 1450 / 1875] FPS: 74.9 (602.2)  ,  DataTime: 0.377 (0.005)  ,  ForwardTime: 0.045  ,  TotalTime: 0.427  ,  Loss/total: 3.55350  ,  Loss/ce: 3.51623  ,  IoU: 0.70816  ,  pro_loss: 0.18637
[train: Epoch 21, 1500 / 1875] FPS: 74.8 (579.3)  ,  DataTime: 0.378 (0.005)  ,  ForwardTime: 0.045  ,  TotalTime: 0.428  ,  Loss/total: 3.55321  ,  Loss/ce: 3.51591  ,  IoU: 0.70812  ,  pro_loss: 0.18654
[train: Epoch 21, 1550 / 1875] FPS: 75.2 (599.8)  ,  DataTime: 0.376 (0.005)  ,  ForwardTime: 0.045  ,  TotalTime: 0.426  ,  Loss/total: 3.55366  ,  Loss/ce: 3.51634  ,  IoU: 0.70802  ,  pro_loss: 0.18661
[train: Epoch 21, 1600 / 1875] FPS: 75.1 (617.3)  ,  DataTime: 0.376 (0.005)  ,  ForwardTime: 0.045  ,  TotalTime: 0.426  ,  Loss/total: 3.55397  ,  Loss/ce: 3.51665  ,  IoU: 0.70809  ,  pro_loss: 0.18658
[train: Epoch 21, 1650 / 1875] FPS: 75.1 (630.7)  ,  DataTime: 0.376 (0.005)  ,  ForwardTime: 0.045  ,  TotalTime: 0.426  ,  Loss/total: 3.55461  ,  Loss/ce: 3.51726  ,  IoU: 0.70791  ,  pro_loss: 0.18675
[train: Epoch 21, 1700 / 1875] FPS: 75.5 (617.7)  ,  DataTime: 0.374 (0.005)  ,  ForwardTime: 0.045  ,  TotalTime: 0.424  ,  Loss/total: 3.55477  ,  Loss/ce: 3.51744  ,  IoU: 0.70786  ,  pro_loss: 0.18662
[train: Epoch 21, 1750 / 1875] FPS: 75.6 (619.6)  ,  DataTime: 0.373 (0.005)  ,  ForwardTime: 0.045  ,  TotalTime: 0.423  ,  Loss/total: 3.55416  ,  Loss/ce: 3.51687  ,  IoU: 0.70809  ,  pro_loss: 0.18648
[train: Epoch 21, 1800 / 1875] FPS: 75.7 (594.9)  ,  DataTime: 0.373 (0.005)  ,  ForwardTime: 0.045  ,  TotalTime: 0.423  ,  Loss/total: 3.55329  ,  Loss/ce: 3.51599  ,  IoU: 0.70827  ,  pro_loss: 0.18649
[train: Epoch 21, 1850 / 1875] FPS: 76.0 (585.7)  ,  DataTime: 0.371 (0.005)  ,  ForwardTime: 0.045  ,  TotalTime: 0.421  ,  Loss/total: 3.55280  ,  Loss/ce: 3.51551  ,  IoU: 0.70820  ,  pro_loss: 0.18645
[train: Epoch 21, 1875 / 1875] FPS: 76.3 (653.6)  ,  DataTime: 0.370 (0.005)  ,  ForwardTime: 0.045  ,  TotalTime: 0.420  ,  Loss/total: 3.55267  ,  Loss/ce: 3.51538  ,  IoU: 0.70814  ,  pro_loss: 0.18644
[train: Epoch 22, 50 / 1875] FPS: 66.4 (593.0)  ,  DataTime: 0.431 (0.005)  ,  ForwardTime: 0.045  ,  TotalTime: 0.482  ,  Loss/total: 3.52973  ,  Loss/ce: 3.49290  ,  IoU: 0.70886  ,  pro_loss: 0.18417
[train: Epoch 22, 100 / 1875] FPS: 76.5 (560.4)  ,  DataTime: 0.369 (0.005)  ,  ForwardTime: 0.045  ,  TotalTime: 0.419  ,  Loss/total: 3.53358  ,  Loss/ce: 3.49742  ,  IoU: 0.70944  ,  pro_loss: 0.18083
[train: Epoch 22, 150 / 1875] FPS: 79.5 (614.5)  ,  DataTime: 0.353 (0.005)  ,  ForwardTime: 0.045  ,  TotalTime: 0.403  ,  Loss/total: 3.53375  ,  Loss/ce: 3.49784  ,  IoU: 0.70940  ,  pro_loss: 0.17958
[train: Epoch 22, 200 / 1875] FPS: 79.5 (623.3)  ,  DataTime: 0.352 (0.005)  ,  ForwardTime: 0.045  ,  TotalTime: 0.403  ,  Loss/total: 3.53942  ,  Loss/ce: 3.50356  ,  IoU: 0.70906  ,  pro_loss: 0.17932
[train: Epoch 22, 250 / 1875] FPS: 79.5 (611.0)  ,  DataTime: 0.352 (0.005)  ,  ForwardTime: 0.045  ,  TotalTime: 0.402  ,  Loss/total: 3.53902  ,  Loss/ce: 3.50279  ,  IoU: 0.70931  ,  pro_loss: 0.18117
[train: Epoch 22, 300 / 1875] FPS: 78.3 (15.5)  ,  DataTime: 0.359 (0.005)  ,  ForwardTime: 0.045  ,  TotalTime: 0.409  ,  Loss/total: 3.54145  ,  Loss/ce: 3.50513  ,  IoU: 0.70810  ,  pro_loss: 0.18160
[train: Epoch 22, 350 / 1875] FPS: 78.9 (616.0)  ,  DataTime: 0.356 (0.005)  ,  ForwardTime: 0.045  ,  TotalTime: 0.406  ,  Loss/total: 3.54075  ,  Loss/ce: 3.50454  ,  IoU: 0.70910  ,  pro_loss: 0.18107
[train: Epoch 22, 400 / 1875] FPS: 77.9 (13.2)  ,  DataTime: 0.361 (0.005)  ,  ForwardTime: 0.045  ,  TotalTime: 0.411  ,  Loss/total: 3.54085  ,  Loss/ce: 3.50440  ,  IoU: 0.70961  ,  pro_loss: 0.18224
[train: Epoch 22, 450 / 1875] FPS: 79.6 (611.0)  ,  DataTime: 0.352 (0.005)  ,  ForwardTime: 0.045  ,  TotalTime: 0.402  ,  Loss/total: 3.53554  ,  Loss/ce: 3.49904  ,  IoU: 0.71011  ,  pro_loss: 0.18252
[train: Epoch 22, 500 / 1875] FPS: 79.2 (563.4)  ,  DataTime: 0.354 (0.005)  ,  ForwardTime: 0.045  ,  TotalTime: 0.404  ,  Loss/total: 3.53540  ,  Loss/ce: 3.49883  ,  IoU: 0.71026  ,  pro_loss: 0.18281
[train: Epoch 22, 550 / 1875] FPS: 78.7 (13.1)  ,  DataTime: 0.357 (0.005)  ,  ForwardTime: 0.045  ,  TotalTime: 0.407  ,  Loss/total: 3.53778  ,  Loss/ce: 3.50108  ,  IoU: 0.71000  ,  pro_loss: 0.18354
[train: Epoch 22, 600 / 1875] FPS: 79.8 (595.6)  ,  DataTime: 0.351 (0.005)  ,  ForwardTime: 0.045  ,  TotalTime: 0.401  ,  Loss/total: 3.54025  ,  Loss/ce: 3.50355  ,  IoU: 0.71003  ,  pro_loss: 0.18352
[train: Epoch 22, 650 / 1875] FPS: 79.0 (15.5)  ,  DataTime: 0.355 (0.005)  ,  ForwardTime: 0.045  ,  TotalTime: 0.405  ,  Loss/total: 3.54081  ,  Loss/ce: 3.50413  ,  IoU: 0.70988  ,  pro_loss: 0.18340
[train: Epoch 22, 700 / 1875] FPS: 79.7 (607.0)  ,  DataTime: 0.351 (0.005)  ,  ForwardTime: 0.045  ,  TotalTime: 0.402  ,  Loss/total: 3.53983  ,  Loss/ce: 3.50317  ,  IoU: 0.71016  ,  pro_loss: 0.18330
[train: Epoch 22, 750 / 1875] FPS: 79.6 (61.1)  ,  DataTime: 0.352 (0.005)  ,  ForwardTime: 0.045  ,  TotalTime: 0.402  ,  Loss/total: 3.53820  ,  Loss/ce: 3.50147  ,  IoU: 0.71062  ,  pro_loss: 0.18365
[train: Epoch 22, 800 / 1875] FPS: 79.5 (36.6)  ,  DataTime: 0.353 (0.005)  ,  ForwardTime: 0.045  ,  TotalTime: 0.403  ,  Loss/total: 3.53830  ,  Loss/ce: 3.50151  ,  IoU: 0.71087  ,  pro_loss: 0.18397
[train: Epoch 22, 850 / 1875] FPS: 79.6 (16.7)  ,  DataTime: 0.352 (0.005)  ,  ForwardTime: 0.045  ,  TotalTime: 0.402  ,  Loss/total: 3.53830  ,  Loss/ce: 3.50152  ,  IoU: 0.71053  ,  pro_loss: 0.18391
[train: Epoch 22, 900 / 1875] FPS: 79.8 (612.2)  ,  DataTime: 0.351 (0.005)  ,  ForwardTime: 0.045  ,  TotalTime: 0.401  ,  Loss/total: 3.53799  ,  Loss/ce: 3.50127  ,  IoU: 0.71056  ,  pro_loss: 0.18358
[train: Epoch 22, 950 / 1875] FPS: 79.9 (610.4)  ,  DataTime: 0.350 (0.005)  ,  ForwardTime: 0.045  ,  TotalTime: 0.400  ,  Loss/total: 3.53800  ,  Loss/ce: 3.50124  ,  IoU: 0.71077  ,  pro_loss: 0.18378
[train: Epoch 22, 1000 / 1875] FPS: 80.5 (633.8)  ,  DataTime: 0.347 (0.005)  ,  ForwardTime: 0.045  ,  TotalTime: 0.397  ,  Loss/total: 3.53770  ,  Loss/ce: 3.50090  ,  IoU: 0.71084  ,  pro_loss: 0.18399
[train: Epoch 22, 1050 / 1875] FPS: 80.6 (579.0)  ,  DataTime: 0.347 (0.005)  ,  ForwardTime: 0.045  ,  TotalTime: 0.397  ,  Loss/total: 3.53640  ,  Loss/ce: 3.49961  ,  IoU: 0.71102  ,  pro_loss: 0.18398
[train: Epoch 22, 1100 / 1875] FPS: 80.8 (573.1)  ,  DataTime: 0.346 (0.005)  ,  ForwardTime: 0.045  ,  TotalTime: 0.396  ,  Loss/total: 3.53658  ,  Loss/ce: 3.49986  ,  IoU: 0.71095  ,  pro_loss: 0.18362
[train: Epoch 22, 1150 / 1875] FPS: 80.9 (81.9)  ,  DataTime: 0.346 (0.005)  ,  ForwardTime: 0.045  ,  TotalTime: 0.396  ,  Loss/total: 3.53810  ,  Loss/ce: 3.50142  ,  IoU: 0.71082  ,  pro_loss: 0.18339
[train: Epoch 22, 1200 / 1875] FPS: 80.4 (625.8)  ,  DataTime: 0.348 (0.005)  ,  ForwardTime: 0.045  ,  TotalTime: 0.398  ,  Loss/total: 3.53796  ,  Loss/ce: 3.50128  ,  IoU: 0.71053  ,  pro_loss: 0.18339
[train: Epoch 22, 1250 / 1875] FPS: 80.2 (593.2)  ,  DataTime: 0.349 (0.005)  ,  ForwardTime: 0.045  ,  TotalTime: 0.399  ,  Loss/total: 3.53826  ,  Loss/ce: 3.50157  ,  IoU: 0.71064  ,  pro_loss: 0.18341
[train: Epoch 22, 1300 / 1875] FPS: 80.0 (549.1)  ,  DataTime: 0.350 (0.005)  ,  ForwardTime: 0.045  ,  TotalTime: 0.400  ,  Loss/total: 3.53819  ,  Loss/ce: 3.50148  ,  IoU: 0.71055  ,  pro_loss: 0.18353
[train: Epoch 22, 1350 / 1875] FPS: 79.7 (578.4)  ,  DataTime: 0.351 (0.005)  ,  ForwardTime: 0.045  ,  TotalTime: 0.401  ,  Loss/total: 3.53825  ,  Loss/ce: 3.50154  ,  IoU: 0.71066  ,  pro_loss: 0.18360
[train: Epoch 22, 1400 / 1875] FPS: 79.6 (610.6)  ,  DataTime: 0.352 (0.005)  ,  ForwardTime: 0.045  ,  TotalTime: 0.402  ,  Loss/total: 3.53826  ,  Loss/ce: 3.50149  ,  IoU: 0.71080  ,  pro_loss: 0.18384
[train: Epoch 22, 1450 / 1875] FPS: 79.5 (595.7)  ,  DataTime: 0.352 (0.005)  ,  ForwardTime: 0.045  ,  TotalTime: 0.402  ,  Loss/total: 3.53872  ,  Loss/ce: 3.50195  ,  IoU: 0.71074  ,  pro_loss: 0.18381
[train: Epoch 22, 1500 / 1875] FPS: 79.1 (603.3)  ,  DataTime: 0.355 (0.005)  ,  ForwardTime: 0.045  ,  TotalTime: 0.405  ,  Loss/total: 3.53768  ,  Loss/ce: 3.50085  ,  IoU: 0.71107  ,  pro_loss: 0.18417
[train: Epoch 22, 1550 / 1875] FPS: 79.1 (579.4)  ,  DataTime: 0.354 (0.005)  ,  ForwardTime: 0.045  ,  TotalTime: 0.405  ,  Loss/total: 3.53678  ,  Loss/ce: 3.49995  ,  IoU: 0.71143  ,  pro_loss: 0.18415
[train: Epoch 22, 1600 / 1875] FPS: 79.1 (627.0)  ,  DataTime: 0.354 (0.005)  ,  ForwardTime: 0.045  ,  TotalTime: 0.404  ,  Loss/total: 3.53682  ,  Loss/ce: 3.49990  ,  IoU: 0.71136  ,  pro_loss: 0.18459
[train: Epoch 22, 1650 / 1875] FPS: 79.3 (602.4)  ,  DataTime: 0.353 (0.005)  ,  ForwardTime: 0.045  ,  TotalTime: 0.404  ,  Loss/total: 3.53622  ,  Loss/ce: 3.49927  ,  IoU: 0.71155  ,  pro_loss: 0.18471
[train: Epoch 22, 1700 / 1875] FPS: 79.2 (613.1)  ,  DataTime: 0.354 (0.005)  ,  ForwardTime: 0.045  ,  TotalTime: 0.404  ,  Loss/total: 3.53693  ,  Loss/ce: 3.49998  ,  IoU: 0.71144  ,  pro_loss: 0.18474
[train: Epoch 22, 1750 / 1875] FPS: 79.0 (613.9)  ,  DataTime: 0.355 (0.005)  ,  ForwardTime: 0.045  ,  TotalTime: 0.405  ,  Loss/total: 3.53693  ,  Loss/ce: 3.50000  ,  IoU: 0.71134  ,  pro_loss: 0.18466
[train: Epoch 22, 1800 / 1875] FPS: 79.3 (602.0)  ,  DataTime: 0.353 (0.005)  ,  ForwardTime: 0.045  ,  TotalTime: 0.403  ,  Loss/total: 3.53632  ,  Loss/ce: 3.49940  ,  IoU: 0.71159  ,  pro_loss: 0.18459
[train: Epoch 22, 1850 / 1875] FPS: 79.4 (589.5)  ,  DataTime: 0.353 (0.005)  ,  ForwardTime: 0.045  ,  TotalTime: 0.403  ,  Loss/total: 3.53601  ,  Loss/ce: 3.49910  ,  IoU: 0.71160  ,  pro_loss: 0.18453
[train: Epoch 22, 1875 / 1875] FPS: 79.6 (617.6)  ,  DataTime: 0.352 (0.005)  ,  ForwardTime: 0.045  ,  TotalTime: 0.402  ,  Loss/total: 3.53604  ,  Loss/ce: 3.49911  ,  IoU: 0.71172  ,  pro_loss: 0.18464
[train: Epoch 23, 50 / 1875] FPS: 67.4 (588.0)  ,  DataTime: 0.424 (0.005)  ,  ForwardTime: 0.045  ,  TotalTime: 0.475  ,  Loss/total: 3.50968  ,  Loss/ce: 3.47156  ,  IoU: 0.71649  ,  pro_loss: 0.19063
[train: Epoch 23, 100 / 1875] FPS: 72.6 (574.1)  ,  DataTime: 0.390 (0.005)  ,  ForwardTime: 0.045  ,  TotalTime: 0.441  ,  Loss/total: 3.53157  ,  Loss/ce: 3.49397  ,  IoU: 0.71293  ,  pro_loss: 0.18802
[train: Epoch 23, 150 / 1875] FPS: 74.3 (581.0)  ,  DataTime: 0.380 (0.005)  ,  ForwardTime: 0.045  ,  TotalTime: 0.431  ,  Loss/total: 3.52104  ,  Loss/ce: 3.48344  ,  IoU: 0.71523  ,  pro_loss: 0.18799
[train: Epoch 23, 200 / 1875] FPS: 76.1 (611.3)  ,  DataTime: 0.370 (0.005)  ,  ForwardTime: 0.045  ,  TotalTime: 0.421  ,  Loss/total: 3.52231  ,  Loss/ce: 3.48437  ,  IoU: 0.71602  ,  pro_loss: 0.18969
[train: Epoch 23, 250 / 1875] FPS: 75.4 (597.4)  ,  DataTime: 0.374 (0.005)  ,  ForwardTime: 0.045  ,  TotalTime: 0.424  ,  Loss/total: 3.52792  ,  Loss/ce: 3.48959  ,  IoU: 0.71520  ,  pro_loss: 0.19163
[train: Epoch 23, 300 / 1875] FPS: 76.2 (608.2)  ,  DataTime: 0.370 (0.005)  ,  ForwardTime: 0.045  ,  TotalTime: 0.420  ,  Loss/total: 3.52897  ,  Loss/ce: 3.49067  ,  IoU: 0.71537  ,  pro_loss: 0.19149
[train: Epoch 23, 350 / 1875] FPS: 76.2 (606.1)  ,  DataTime: 0.369 (0.005)  ,  ForwardTime: 0.045  ,  TotalTime: 0.420  ,  Loss/total: 3.52903  ,  Loss/ce: 3.49077  ,  IoU: 0.71505  ,  pro_loss: 0.19134
[train: Epoch 23, 400 / 1875] FPS: 75.4 (21.6)  ,  DataTime: 0.374 (0.005)  ,  ForwardTime: 0.045  ,  TotalTime: 0.424  ,  Loss/total: 3.52589  ,  Loss/ce: 3.48779  ,  IoU: 0.71463  ,  pro_loss: 0.19049
[train: Epoch 23, 450 / 1875] FPS: 75.8 (327.1)  ,  DataTime: 0.372 (0.005)  ,  ForwardTime: 0.045  ,  TotalTime: 0.422  ,  Loss/total: 3.52907  ,  Loss/ce: 3.49101  ,  IoU: 0.71402  ,  pro_loss: 0.19030
[train: Epoch 23, 500 / 1875] FPS: 75.6 (605.0)  ,  DataTime: 0.373 (0.005)  ,  ForwardTime: 0.045  ,  TotalTime: 0.423  ,  Loss/total: 3.52939  ,  Loss/ce: 3.49132  ,  IoU: 0.71409  ,  pro_loss: 0.19040
[train: Epoch 23, 550 / 1875] FPS: 75.3 (607.4)  ,  DataTime: 0.375 (0.005)  ,  ForwardTime: 0.045  ,  TotalTime: 0.425  ,  Loss/total: 3.52770  ,  Loss/ce: 3.48961  ,  IoU: 0.71474  ,  pro_loss: 0.19045
[train: Epoch 23, 600 / 1875] FPS: 75.3 (572.3)  ,  DataTime: 0.375 (0.005)  ,  ForwardTime: 0.045  ,  TotalTime: 0.425  ,  Loss/total: 3.52756  ,  Loss/ce: 3.48953  ,  IoU: 0.71457  ,  pro_loss: 0.19014
[train: Epoch 23, 650 / 1875] FPS: 75.6 (605.1)  ,  DataTime: 0.373 (0.005)  ,  ForwardTime: 0.045  ,  TotalTime: 0.423  ,  Loss/total: 3.52641  ,  Loss/ce: 3.48844  ,  IoU: 0.71492  ,  pro_loss: 0.18984
[train: Epoch 23, 700 / 1875] FPS: 74.8 (533.2)  ,  DataTime: 0.377 (0.005)  ,  ForwardTime: 0.045  ,  TotalTime: 0.428  ,  Loss/total: 3.52849  ,  Loss/ce: 3.49060  ,  IoU: 0.71499  ,  pro_loss: 0.18942
[train: Epoch 23, 750 / 1875] FPS: 74.6 (588.5)  ,  DataTime: 0.379 (0.005)  ,  ForwardTime: 0.045  ,  TotalTime: 0.429  ,  Loss/total: 3.52763  ,  Loss/ce: 3.48962  ,  IoU: 0.71496  ,  pro_loss: 0.19004
[train: Epoch 23, 800 / 1875] FPS: 74.0 (14.3)  ,  DataTime: 0.382 (0.005)  ,  ForwardTime: 0.045  ,  TotalTime: 0.432  ,  Loss/total: 3.52679  ,  Loss/ce: 3.48885  ,  IoU: 0.71491  ,  pro_loss: 0.18969
[train: Epoch 23, 850 / 1875] FPS: 74.0 (12.5)  ,  DataTime: 0.382 (0.005)  ,  ForwardTime: 0.045  ,  TotalTime: 0.432  ,  Loss/total: 3.52718  ,  Loss/ce: 3.48924  ,  IoU: 0.71494  ,  pro_loss: 0.18972
[train: Epoch 23, 900 / 1875] FPS: 73.9 (536.1)  ,  DataTime: 0.383 (0.005)  ,  ForwardTime: 0.045  ,  TotalTime: 0.433  ,  Loss/total: 3.52638  ,  Loss/ce: 3.48845  ,  IoU: 0.71517  ,  pro_loss: 0.18964
[train: Epoch 23, 950 / 1875] FPS: 73.5 (592.5)  ,  DataTime: 0.385 (0.005)  ,  ForwardTime: 0.045  ,  TotalTime: 0.436  ,  Loss/total: 3.52530  ,  Loss/ce: 3.48741  ,  IoU: 0.71522  ,  pro_loss: 0.18941
[train: Epoch 23, 1000 / 1875] FPS: 73.0 (616.1)  ,  DataTime: 0.388 (0.005)  ,  ForwardTime: 0.045  ,  TotalTime: 0.439  ,  Loss/total: 3.52465  ,  Loss/ce: 3.48683  ,  IoU: 0.71563  ,  pro_loss: 0.18912
[train: Epoch 23, 1050 / 1875] FPS: 72.6 (42.5)  ,  DataTime: 0.390 (0.005)  ,  ForwardTime: 0.045  ,  TotalTime: 0.441  ,  Loss/total: 3.52453  ,  Loss/ce: 3.48672  ,  IoU: 0.71586  ,  pro_loss: 0.18908
[train: Epoch 23, 1100 / 1875] FPS: 72.5 (587.9)  ,  DataTime: 0.391 (0.005)  ,  ForwardTime: 0.045  ,  TotalTime: 0.441  ,  Loss/total: 3.52501  ,  Loss/ce: 3.48716  ,  IoU: 0.71575  ,  pro_loss: 0.18928
[train: Epoch 23, 1150 / 1875] FPS: 71.8 (567.4)  ,  DataTime: 0.396 (0.005)  ,  ForwardTime: 0.045  ,  TotalTime: 0.446  ,  Loss/total: 3.52527  ,  Loss/ce: 3.48741  ,  IoU: 0.71546  ,  pro_loss: 0.18933
[train: Epoch 23, 1200 / 1875] FPS: 71.8 (574.9)  ,  DataTime: 0.395 (0.005)  ,  ForwardTime: 0.045  ,  TotalTime: 0.445  ,  Loss/total: 3.52505  ,  Loss/ce: 3.48724  ,  IoU: 0.71533  ,  pro_loss: 0.18907
[train: Epoch 23, 1250 / 1875] FPS: 71.6 (12.3)  ,  DataTime: 0.397 (0.005)  ,  ForwardTime: 0.045  ,  TotalTime: 0.447  ,  Loss/total: 3.52541  ,  Loss/ce: 3.48760  ,  IoU: 0.71506  ,  pro_loss: 0.18905
[train: Epoch 23, 1300 / 1875] FPS: 71.5 (16.1)  ,  DataTime: 0.397 (0.005)  ,  ForwardTime: 0.045  ,  TotalTime: 0.447  ,  Loss/total: 3.52487  ,  Loss/ce: 3.48715  ,  IoU: 0.71529  ,  pro_loss: 0.18857
[train: Epoch 23, 1350 / 1875] FPS: 71.3 (82.0)  ,  DataTime: 0.399 (0.005)  ,  ForwardTime: 0.045  ,  TotalTime: 0.449  ,  Loss/total: 3.52571  ,  Loss/ce: 3.48793  ,  IoU: 0.71488  ,  pro_loss: 0.18887
[train: Epoch 23, 1400 / 1875] FPS: 71.5 (579.6)  ,  DataTime: 0.397 (0.005)  ,  ForwardTime: 0.045  ,  TotalTime: 0.448  ,  Loss/total: 3.52669  ,  Loss/ce: 3.48891  ,  IoU: 0.71468  ,  pro_loss: 0.18888
[train: Epoch 23, 1450 / 1875] FPS: 71.5 (617.7)  ,  DataTime: 0.397 (0.005)  ,  ForwardTime: 0.045  ,  TotalTime: 0.448  ,  Loss/total: 3.52683  ,  Loss/ce: 3.48905  ,  IoU: 0.71468  ,  pro_loss: 0.18891
[train: Epoch 23, 1500 / 1875] FPS: 71.7 (616.9)  ,  DataTime: 0.396 (0.005)  ,  ForwardTime: 0.045  ,  TotalTime: 0.446  ,  Loss/total: 3.52627  ,  Loss/ce: 3.48855  ,  IoU: 0.71481  ,  pro_loss: 0.18861
[train: Epoch 23, 1550 / 1875] FPS: 71.6 (636.2)  ,  DataTime: 0.397 (0.005)  ,  ForwardTime: 0.045  ,  TotalTime: 0.447  ,  Loss/total: 3.52640  ,  Loss/ce: 3.48868  ,  IoU: 0.71465  ,  pro_loss: 0.18858
[train: Epoch 23, 1600 / 1875] FPS: 71.7 (13.2)  ,  DataTime: 0.396 (0.005)  ,  ForwardTime: 0.045  ,  TotalTime: 0.447  ,  Loss/total: 3.52635  ,  Loss/ce: 3.48864  ,  IoU: 0.71456  ,  pro_loss: 0.18854
[train: Epoch 23, 1650 / 1875] FPS: 71.6 (571.4)  ,  DataTime: 0.397 (0.005)  ,  ForwardTime: 0.045  ,  TotalTime: 0.447  ,  Loss/total: 3.52603  ,  Loss/ce: 3.48835  ,  IoU: 0.71473  ,  pro_loss: 0.18835
[train: Epoch 23, 1700 / 1875] FPS: 71.9 (558.7)  ,  DataTime: 0.395 (0.005)  ,  ForwardTime: 0.045  ,  TotalTime: 0.445  ,  Loss/total: 3.52534  ,  Loss/ce: 3.48764  ,  IoU: 0.71482  ,  pro_loss: 0.18852
[train: Epoch 23, 1750 / 1875] FPS: 71.8 (595.7)  ,  DataTime: 0.395 (0.005)  ,  ForwardTime: 0.045  ,  TotalTime: 0.445  ,  Loss/total: 3.52548  ,  Loss/ce: 3.48776  ,  IoU: 0.71469  ,  pro_loss: 0.18860
[train: Epoch 23, 1800 / 1875] FPS: 71.7 (577.9)  ,  DataTime: 0.396 (0.005)  ,  ForwardTime: 0.045  ,  TotalTime: 0.446  ,  Loss/total: 3.52506  ,  Loss/ce: 3.48732  ,  IoU: 0.71485  ,  pro_loss: 0.18869
[train: Epoch 23, 1850 / 1875] FPS: 71.7 (598.0)  ,  DataTime: 0.396 (0.005)  ,  ForwardTime: 0.045  ,  TotalTime: 0.446  ,  Loss/total: 3.52488  ,  Loss/ce: 3.48714  ,  IoU: 0.71498  ,  pro_loss: 0.18872
[train: Epoch 23, 1875 / 1875] FPS: 71.9 (615.1)  ,  DataTime: 0.395 (0.005)  ,  ForwardTime: 0.045  ,  TotalTime: 0.445  ,  Loss/total: 3.52502  ,  Loss/ce: 3.48729  ,  IoU: 0.71508  ,  pro_loss: 0.18866
[train: Epoch 24, 50 / 1875] FPS: 57.4 (575.6)  ,  DataTime: 0.507 (0.006)  ,  ForwardTime: 0.045  ,  TotalTime: 0.558  ,  Loss/total: 3.52569  ,  Loss/ce: 3.48715  ,  IoU: 0.71026  ,  pro_loss: 0.19271
[train: Epoch 24, 100 / 1875] FPS: 66.3 (605.6)  ,  DataTime: 0.432 (0.006)  ,  ForwardTime: 0.045  ,  TotalTime: 0.483  ,  Loss/total: 3.54732  ,  Loss/ce: 3.50814  ,  IoU: 0.71311  ,  pro_loss: 0.19594
[train: Epoch 24, 150 / 1875] FPS: 67.7 (577.7)  ,  DataTime: 0.422 (0.005)  ,  ForwardTime: 0.045  ,  TotalTime: 0.472  ,  Loss/total: 3.53808  ,  Loss/ce: 3.49983  ,  IoU: 0.71345  ,  pro_loss: 0.19125
[train: Epoch 24, 200 / 1875] FPS: 70.4 (615.8)  ,  DataTime: 0.404 (0.005)  ,  ForwardTime: 0.045  ,  TotalTime: 0.455  ,  Loss/total: 3.53833  ,  Loss/ce: 3.50072  ,  IoU: 0.71446  ,  pro_loss: 0.18802
[train: Epoch 24, 250 / 1875] FPS: 70.5 (581.4)  ,  DataTime: 0.403 (0.005)  ,  ForwardTime: 0.045  ,  TotalTime: 0.454  ,  Loss/total: 3.53932  ,  Loss/ce: 3.50203  ,  IoU: 0.71419  ,  pro_loss: 0.18646
[train: Epoch 24, 300 / 1875] FPS: 71.5 (17.2)  ,  DataTime: 0.398 (0.005)  ,  ForwardTime: 0.045  ,  TotalTime: 0.448  ,  Loss/total: 3.53791  ,  Loss/ce: 3.50079  ,  IoU: 0.71522  ,  pro_loss: 0.18559
[train: Epoch 24, 350 / 1875] FPS: 71.9 (33.4)  ,  DataTime: 0.395 (0.005)  ,  ForwardTime: 0.045  ,  TotalTime: 0.445  ,  Loss/total: 3.53170  ,  Loss/ce: 3.49452  ,  IoU: 0.71557  ,  pro_loss: 0.18590
[train: Epoch 24, 400 / 1875] FPS: 71.3 (13.3)  ,  DataTime: 0.399 (0.005)  ,  ForwardTime: 0.045  ,  TotalTime: 0.449  ,  Loss/total: 3.53036  ,  Loss/ce: 3.49301  ,  IoU: 0.71535  ,  pro_loss: 0.18675
[train: Epoch 24, 450 / 1875] FPS: 72.1 (616.1)  ,  DataTime: 0.393 (0.005)  ,  ForwardTime: 0.045  ,  TotalTime: 0.444  ,  Loss/total: 3.52735  ,  Loss/ce: 3.48976  ,  IoU: 0.71597  ,  pro_loss: 0.18799
[train: Epoch 24, 500 / 1875] FPS: 72.4 (634.9)  ,  DataTime: 0.392 (0.005)  ,  ForwardTime: 0.045  ,  TotalTime: 0.442  ,  Loss/total: 3.52844  ,  Loss/ce: 3.49082  ,  IoU: 0.71573  ,  pro_loss: 0.18813
[train: Epoch 24, 550 / 1875] FPS: 73.1 (602.0)  ,  DataTime: 0.388 (0.005)  ,  ForwardTime: 0.045  ,  TotalTime: 0.438  ,  Loss/total: 3.52867  ,  Loss/ce: 3.49104  ,  IoU: 0.71590  ,  pro_loss: 0.18818
[train: Epoch 24, 600 / 1875] FPS: 73.4 (16.1)  ,  DataTime: 0.386 (0.005)  ,  ForwardTime: 0.045  ,  TotalTime: 0.436  ,  Loss/total: 3.52662  ,  Loss/ce: 3.48900  ,  IoU: 0.71627  ,  pro_loss: 0.18814
[train: Epoch 24, 650 / 1875] FPS: 73.7 (54.1)  ,  DataTime: 0.384 (0.005)  ,  ForwardTime: 0.045  ,  TotalTime: 0.434  ,  Loss/total: 3.52665  ,  Loss/ce: 3.48893  ,  IoU: 0.71627  ,  pro_loss: 0.18864
[train: Epoch 24, 700 / 1875] FPS: 73.8 (617.5)  ,  DataTime: 0.383 (0.005)  ,  ForwardTime: 0.045  ,  TotalTime: 0.433  ,  Loss/total: 3.52522  ,  Loss/ce: 3.48743  ,  IoU: 0.71662  ,  pro_loss: 0.18893
[train: Epoch 24, 750 / 1875] FPS: 74.2 (595.4)  ,  DataTime: 0.381 (0.005)  ,  ForwardTime: 0.045  ,  TotalTime: 0.431  ,  Loss/total: 3.52444  ,  Loss/ce: 3.48658  ,  IoU: 0.71655  ,  pro_loss: 0.18927
[train: Epoch 24, 800 / 1875] FPS: 74.9 (638.7)  ,  DataTime: 0.377 (0.005)  ,  ForwardTime: 0.045  ,  TotalTime: 0.427  ,  Loss/total: 3.52532  ,  Loss/ce: 3.48758  ,  IoU: 0.71628  ,  pro_loss: 0.18869
[train: Epoch 24, 850 / 1875] FPS: 74.9 (13.9)  ,  DataTime: 0.377 (0.005)  ,  ForwardTime: 0.045  ,  TotalTime: 0.427  ,  Loss/total: 3.52373  ,  Loss/ce: 3.48605  ,  IoU: 0.71661  ,  pro_loss: 0.18837
[train: Epoch 24, 900 / 1875] FPS: 75.1 (602.0)  ,  DataTime: 0.376 (0.005)  ,  ForwardTime: 0.045  ,  TotalTime: 0.426  ,  Loss/total: 3.52345  ,  Loss/ce: 3.48574  ,  IoU: 0.71671  ,  pro_loss: 0.18856
[train: Epoch 24, 950 / 1875] FPS: 75.3 (580.4)  ,  DataTime: 0.375 (0.005)  ,  ForwardTime: 0.045  ,  TotalTime: 0.425  ,  Loss/total: 3.52299  ,  Loss/ce: 3.48526  ,  IoU: 0.71673  ,  pro_loss: 0.18864
[train: Epoch 24, 1000 / 1875] FPS: 75.9 (631.0)  ,  DataTime: 0.372 (0.005)  ,  ForwardTime: 0.045  ,  TotalTime: 0.422  ,  Loss/total: 3.52299  ,  Loss/ce: 3.48522  ,  IoU: 0.71661  ,  pro_loss: 0.18885
[train: Epoch 24, 1050 / 1875] FPS: 75.8 (10.4)  ,  DataTime: 0.372 (0.005)  ,  ForwardTime: 0.045  ,  TotalTime: 0.422  ,  Loss/total: 3.52324  ,  Loss/ce: 3.48544  ,  IoU: 0.71679  ,  pro_loss: 0.18904
[train: Epoch 24, 1100 / 1875] FPS: 76.3 (579.0)  ,  DataTime: 0.370 (0.005)  ,  ForwardTime: 0.045  ,  TotalTime: 0.420  ,  Loss/total: 3.52337  ,  Loss/ce: 3.48547  ,  IoU: 0.71662  ,  pro_loss: 0.18945
[train: Epoch 24, 1150 / 1875] FPS: 76.7 (67.3)  ,  DataTime: 0.367 (0.005)  ,  ForwardTime: 0.045  ,  TotalTime: 0.417  ,  Loss/total: 3.52473  ,  Loss/ce: 3.48682  ,  IoU: 0.71679  ,  pro_loss: 0.18951
[train: Epoch 24, 1200 / 1875] FPS: 77.0 (209.1)  ,  DataTime: 0.366 (0.005)  ,  ForwardTime: 0.045  ,  TotalTime: 0.416  ,  Loss/total: 3.52334  ,  Loss/ce: 3.48536  ,  IoU: 0.71685  ,  pro_loss: 0.18987
[train: Epoch 24, 1250 / 1875] FPS: 77.2 (604.8)  ,  DataTime: 0.364 (0.005)  ,  ForwardTime: 0.045  ,  TotalTime: 0.414  ,  Loss/total: 3.52276  ,  Loss/ce: 3.48475  ,  IoU: 0.71704  ,  pro_loss: 0.19002
[train: Epoch 24, 1300 / 1875] FPS: 77.6 (58.5)  ,  DataTime: 0.363 (0.005)  ,  ForwardTime: 0.045  ,  TotalTime: 0.413  ,  Loss/total: 3.52247  ,  Loss/ce: 3.48444  ,  IoU: 0.71730  ,  pro_loss: 0.19018
[train: Epoch 24, 1350 / 1875] FPS: 78.0 (574.7)  ,  DataTime: 0.361 (0.005)  ,  ForwardTime: 0.045  ,  TotalTime: 0.410  ,  Loss/total: 3.52230  ,  Loss/ce: 3.48428  ,  IoU: 0.71723  ,  pro_loss: 0.19008
[train: Epoch 24, 1400 / 1875] FPS: 78.3 (617.9)  ,  DataTime: 0.358 (0.005)  ,  ForwardTime: 0.045  ,  TotalTime: 0.408  ,  Loss/total: 3.52150  ,  Loss/ce: 3.48347  ,  IoU: 0.71732  ,  pro_loss: 0.19017
[train: Epoch 24, 1450 / 1875] FPS: 78.1 (10.1)  ,  DataTime: 0.360 (0.005)  ,  ForwardTime: 0.045  ,  TotalTime: 0.410  ,  Loss/total: 3.52172  ,  Loss/ce: 3.48369  ,  IoU: 0.71723  ,  pro_loss: 0.19017
[train: Epoch 24, 1500 / 1875] FPS: 78.5 (582.0)  ,  DataTime: 0.358 (0.005)  ,  ForwardTime: 0.045  ,  TotalTime: 0.408  ,  Loss/total: 3.52148  ,  Loss/ce: 3.48348  ,  IoU: 0.71731  ,  pro_loss: 0.18998
[train: Epoch 24, 1550 / 1875] FPS: 78.6 (630.2)  ,  DataTime: 0.357 (0.005)  ,  ForwardTime: 0.045  ,  TotalTime: 0.407  ,  Loss/total: 3.52079  ,  Loss/ce: 3.48278  ,  IoU: 0.71752  ,  pro_loss: 0.19006
[train: Epoch 24, 1600 / 1875] FPS: 78.5 (11.2)  ,  DataTime: 0.358 (0.005)  ,  ForwardTime: 0.045  ,  TotalTime: 0.408  ,  Loss/total: 3.51968  ,  Loss/ce: 3.48164  ,  IoU: 0.71772  ,  pro_loss: 0.19022
[train: Epoch 24, 1650 / 1875] FPS: 78.5 (573.9)  ,  DataTime: 0.358 (0.005)  ,  ForwardTime: 0.045  ,  TotalTime: 0.408  ,  Loss/total: 3.51845  ,  Loss/ce: 3.48040  ,  IoU: 0.71812  ,  pro_loss: 0.19026
[train: Epoch 24, 1700 / 1875] FPS: 78.6 (611.5)  ,  DataTime: 0.357 (0.005)  ,  ForwardTime: 0.045  ,  TotalTime: 0.407  ,  Loss/total: 3.51753  ,  Loss/ce: 3.47951  ,  IoU: 0.71841  ,  pro_loss: 0.19014
[train: Epoch 24, 1750 / 1875] FPS: 78.8 (576.2)  ,  DataTime: 0.356 (0.005)  ,  ForwardTime: 0.045  ,  TotalTime: 0.406  ,  Loss/total: 3.51794  ,  Loss/ce: 3.47993  ,  IoU: 0.71828  ,  pro_loss: 0.19005
[train: Epoch 24, 1800 / 1875] FPS: 78.8 (12.5)  ,  DataTime: 0.356 (0.005)  ,  ForwardTime: 0.045  ,  TotalTime: 0.406  ,  Loss/total: 3.51798  ,  Loss/ce: 3.47995  ,  IoU: 0.71818  ,  pro_loss: 0.19015
[train: Epoch 24, 1850 / 1875] FPS: 78.8 (613.3)  ,  DataTime: 0.356 (0.005)  ,  ForwardTime: 0.045  ,  TotalTime: 0.406  ,  Loss/total: 3.51844  ,  Loss/ce: 3.48039  ,  IoU: 0.71798  ,  pro_loss: 0.19024
[train: Epoch 24, 1875 / 1875] FPS: 79.2 (612.0)  ,  DataTime: 0.354 (0.005)  ,  ForwardTime: 0.045  ,  TotalTime: 0.404  ,  Loss/total: 3.51835  ,  Loss/ce: 3.48030  ,  IoU: 0.71801  ,  pro_loss: 0.19022
[train: Epoch 25, 50 / 1875] FPS: 68.4 (20.0)  ,  DataTime: 0.417 (0.005)  ,  ForwardTime: 0.046  ,  TotalTime: 0.468  ,  Loss/total: 3.53169  ,  Loss/ce: 3.49532  ,  IoU: 0.71448  ,  pro_loss: 0.18188
[train: Epoch 25, 100 / 1875] FPS: 79.0 (150.1)  ,  DataTime: 0.354 (0.005)  ,  ForwardTime: 0.045  ,  TotalTime: 0.405  ,  Loss/total: 3.52150  ,  Loss/ce: 3.48450  ,  IoU: 0.71425  ,  pro_loss: 0.18500
[train: Epoch 25, 150 / 1875] FPS: 81.6 (80.8)  ,  DataTime: 0.342 (0.005)  ,  ForwardTime: 0.045  ,  TotalTime: 0.392  ,  Loss/total: 3.52317  ,  Loss/ce: 3.48595  ,  IoU: 0.71434  ,  pro_loss: 0.18611
[train: Epoch 25, 200 / 1875] FPS: 81.1 (589.6)  ,  DataTime: 0.345 (0.005)  ,  ForwardTime: 0.045  ,  TotalTime: 0.395  ,  Loss/total: 3.51709  ,  Loss/ce: 3.47945  ,  IoU: 0.71736  ,  pro_loss: 0.18823
[train: Epoch 25, 250 / 1875] FPS: 81.4 (617.5)  ,  DataTime: 0.343 (0.005)  ,  ForwardTime: 0.045  ,  TotalTime: 0.393  ,  Loss/total: 3.51531  ,  Loss/ce: 3.47760  ,  IoU: 0.71739  ,  pro_loss: 0.18854
[train: Epoch 25, 300 / 1875] FPS: 83.7 (609.5)  ,  DataTime: 0.332 (0.005)  ,  ForwardTime: 0.045  ,  TotalTime: 0.382  ,  Loss/total: 3.51513  ,  Loss/ce: 3.47738  ,  IoU: 0.71794  ,  pro_loss: 0.18875
[train: Epoch 25, 350 / 1875] FPS: 83.5 (582.9)  ,  DataTime: 0.333 (0.005)  ,  ForwardTime: 0.045  ,  TotalTime: 0.383  ,  Loss/total: 3.51323  ,  Loss/ce: 3.47547  ,  IoU: 0.71885  ,  pro_loss: 0.18881
[train: Epoch 25, 400 / 1875] FPS: 83.3 (587.3)  ,  DataTime: 0.334 (0.005)  ,  ForwardTime: 0.045  ,  TotalTime: 0.384  ,  Loss/total: 3.51219  ,  Loss/ce: 3.47427  ,  IoU: 0.71900  ,  pro_loss: 0.18958
[train: Epoch 25, 450 / 1875] FPS: 83.8 (592.0)  ,  DataTime: 0.332 (0.005)  ,  ForwardTime: 0.045  ,  TotalTime: 0.382  ,  Loss/total: 3.51167  ,  Loss/ce: 3.47370  ,  IoU: 0.71920  ,  pro_loss: 0.18982
[train: Epoch 25, 500 / 1875] FPS: 84.1 (623.9)  ,  DataTime: 0.331 (0.005)  ,  ForwardTime: 0.045  ,  TotalTime: 0.381  ,  Loss/total: 3.51127  ,  Loss/ce: 3.47328  ,  IoU: 0.71972  ,  pro_loss: 0.18994
[train: Epoch 25, 550 / 1875] FPS: 83.1 (602.4)  ,  DataTime: 0.335 (0.005)  ,  ForwardTime: 0.045  ,  TotalTime: 0.385  ,  Loss/total: 3.51499  ,  Loss/ce: 3.47705  ,  IoU: 0.71930  ,  pro_loss: 0.18970
[train: Epoch 25, 600 / 1875] FPS: 83.0 (572.2)  ,  DataTime: 0.336 (0.005)  ,  ForwardTime: 0.045  ,  TotalTime: 0.386  ,  Loss/total: 3.51268  ,  Loss/ce: 3.47475  ,  IoU: 0.71961  ,  pro_loss: 0.18962
[train: Epoch 25, 650 / 1875] FPS: 82.4 (597.1)  ,  DataTime: 0.338 (0.005)  ,  ForwardTime: 0.045  ,  TotalTime: 0.389  ,  Loss/total: 3.51145  ,  Loss/ce: 3.47345  ,  IoU: 0.71970  ,  pro_loss: 0.19000
[train: Epoch 25, 700 / 1875] FPS: 82.5 (64.6)  ,  DataTime: 0.338 (0.005)  ,  ForwardTime: 0.045  ,  TotalTime: 0.388  ,  Loss/total: 3.51053  ,  Loss/ce: 3.47258  ,  IoU: 0.71998  ,  pro_loss: 0.18975
[train: Epoch 25, 750 / 1875] FPS: 82.2 (583.5)  ,  DataTime: 0.339 (0.005)  ,  ForwardTime: 0.045  ,  TotalTime: 0.389  ,  Loss/total: 3.51027  ,  Loss/ce: 3.47234  ,  IoU: 0.72025  ,  pro_loss: 0.18965
[train: Epoch 25, 800 / 1875] FPS: 81.9 (566.0)  ,  DataTime: 0.341 (0.005)  ,  ForwardTime: 0.045  ,  TotalTime: 0.391  ,  Loss/total: 3.50978  ,  Loss/ce: 3.47176  ,  IoU: 0.72060  ,  pro_loss: 0.19008
[train: Epoch 25, 850 / 1875] FPS: 81.9 (617.0)  ,  DataTime: 0.341 (0.005)  ,  ForwardTime: 0.045  ,  TotalTime: 0.391  ,  Loss/total: 3.50964  ,  Loss/ce: 3.47154  ,  IoU: 0.72100  ,  pro_loss: 0.19047
[train: Epoch 25, 900 / 1875] FPS: 81.9 (83.2)  ,  DataTime: 0.341 (0.005)  ,  ForwardTime: 0.045  ,  TotalTime: 0.391  ,  Loss/total: 3.51069  ,  Loss/ce: 3.47255  ,  IoU: 0.72057  ,  pro_loss: 0.19067
[train: Epoch 25, 950 / 1875] FPS: 81.2 (12.3)  ,  DataTime: 0.344 (0.005)  ,  ForwardTime: 0.045  ,  TotalTime: 0.394  ,  Loss/total: 3.50974  ,  Loss/ce: 3.47154  ,  IoU: 0.72112  ,  pro_loss: 0.19104
[train: Epoch 25, 1000 / 1875] FPS: 81.6 (598.5)  ,  DataTime: 0.342 (0.005)  ,  ForwardTime: 0.045  ,  TotalTime: 0.392  ,  Loss/total: 3.51003  ,  Loss/ce: 3.47181  ,  IoU: 0.72076  ,  pro_loss: 0.19110
[train: Epoch 25, 1050 / 1875] FPS: 82.0 (627.9)  ,  DataTime: 0.340 (0.005)  ,  ForwardTime: 0.045  ,  TotalTime: 0.390  ,  Loss/total: 3.51058  ,  Loss/ce: 3.47236  ,  IoU: 0.72071  ,  pro_loss: 0.19107
[train: Epoch 25, 1100 / 1875] FPS: 81.8 (11.1)  ,  DataTime: 0.341 (0.005)  ,  ForwardTime: 0.045  ,  TotalTime: 0.391  ,  Loss/total: 3.51091  ,  Loss/ce: 3.47269  ,  IoU: 0.72076  ,  pro_loss: 0.19108
[train: Epoch 25, 1150 / 1875] FPS: 81.8 (623.1)  ,  DataTime: 0.341 (0.005)  ,  ForwardTime: 0.045  ,  TotalTime: 0.391  ,  Loss/total: 3.51050  ,  Loss/ce: 3.47228  ,  IoU: 0.72084  ,  pro_loss: 0.19110
[train: Epoch 25, 1200 / 1875] FPS: 82.3 (608.6)  ,  DataTime: 0.339 (0.005)  ,  ForwardTime: 0.045  ,  TotalTime: 0.389  ,  Loss/total: 3.51094  ,  Loss/ce: 3.47271  ,  IoU: 0.72064  ,  pro_loss: 0.19112
[train: Epoch 25, 1250 / 1875] FPS: 82.2 (630.0)  ,  DataTime: 0.339 (0.005)  ,  ForwardTime: 0.045  ,  TotalTime: 0.389  ,  Loss/total: 3.51187  ,  Loss/ce: 3.47361  ,  IoU: 0.72046  ,  pro_loss: 0.19133
[train: Epoch 25, 1300 / 1875] FPS: 82.4 (623.3)  ,  DataTime: 0.338 (0.005)  ,  ForwardTime: 0.045  ,  TotalTime: 0.388  ,  Loss/total: 3.51213  ,  Loss/ce: 3.47389  ,  IoU: 0.72033  ,  pro_loss: 0.19119
[train: Epoch 25, 1350 / 1875] FPS: 82.1 (12.9)  ,  DataTime: 0.340 (0.005)  ,  ForwardTime: 0.045  ,  TotalTime: 0.390  ,  Loss/total: 3.51145  ,  Loss/ce: 3.47319  ,  IoU: 0.72049  ,  pro_loss: 0.19127
[train: Epoch 25, 1400 / 1875] FPS: 82.4 (609.8)  ,  DataTime: 0.338 (0.005)  ,  ForwardTime: 0.045  ,  TotalTime: 0.388  ,  Loss/total: 3.51122  ,  Loss/ce: 3.47298  ,  IoU: 0.72061  ,  pro_loss: 0.19124
[train: Epoch 25, 1450 / 1875] FPS: 82.3 (32.7)  ,  DataTime: 0.339 (0.005)  ,  ForwardTime: 0.045  ,  TotalTime: 0.389  ,  Loss/total: 3.51142  ,  Loss/ce: 3.47318  ,  IoU: 0.72046  ,  pro_loss: 0.19122
[train: Epoch 25, 1500 / 1875] FPS: 82.8 (582.9)  ,  DataTime: 0.337 (0.005)  ,  ForwardTime: 0.045  ,  TotalTime: 0.387  ,  Loss/total: 3.51077  ,  Loss/ce: 3.47255  ,  IoU: 0.72064  ,  pro_loss: 0.19107
[train: Epoch 25, 1550 / 1875] FPS: 82.6 (15.9)  ,  DataTime: 0.337 (0.005)  ,  ForwardTime: 0.045  ,  TotalTime: 0.387  ,  Loss/total: 3.50990  ,  Loss/ce: 3.47171  ,  IoU: 0.72086  ,  pro_loss: 0.19097
[train: Epoch 25, 1600 / 1875] FPS: 82.7 (550.9)  ,  DataTime: 0.337 (0.005)  ,  ForwardTime: 0.045  ,  TotalTime: 0.387  ,  Loss/total: 3.50982  ,  Loss/ce: 3.47162  ,  IoU: 0.72096  ,  pro_loss: 0.19098
[train: Epoch 25, 1650 / 1875] FPS: 82.8 (572.8)  ,  DataTime: 0.336 (0.005)  ,  ForwardTime: 0.045  ,  TotalTime: 0.386  ,  Loss/total: 3.50915  ,  Loss/ce: 3.47100  ,  IoU: 0.72093  ,  pro_loss: 0.19075
[train: Epoch 25, 1700 / 1875] FPS: 82.8 (572.5)  ,  DataTime: 0.337 (0.005)  ,  ForwardTime: 0.045  ,  TotalTime: 0.387  ,  Loss/total: 3.50849  ,  Loss/ce: 3.47034  ,  IoU: 0.72111  ,  pro_loss: 0.19075
[train: Epoch 25, 1750 / 1875] FPS: 83.0 (607.0)  ,  DataTime: 0.335 (0.005)  ,  ForwardTime: 0.045  ,  TotalTime: 0.385  ,  Loss/total: 3.50816  ,  Loss/ce: 3.47004  ,  IoU: 0.72126  ,  pro_loss: 0.19059
[train: Epoch 25, 1800 / 1875] FPS: 82.8 (17.3)  ,  DataTime: 0.336 (0.005)  ,  ForwardTime: 0.045  ,  TotalTime: 0.386  ,  Loss/total: 3.50807  ,  Loss/ce: 3.46991  ,  IoU: 0.72135  ,  pro_loss: 0.19080
[train: Epoch 25, 1850 / 1875] FPS: 82.9 (606.8)  ,  DataTime: 0.336 (0.005)  ,  ForwardTime: 0.045  ,  TotalTime: 0.386  ,  Loss/total: 3.50746  ,  Loss/ce: 3.46931  ,  IoU: 0.72162  ,  pro_loss: 0.19078
[train: Epoch 25, 1875 / 1875] FPS: 83.3 (640.2)  ,  DataTime: 0.334 (0.005)  ,  ForwardTime: 0.045  ,  TotalTime: 0.384  ,  Loss/total: 3.50770  ,  Loss/ce: 3.46955  ,  IoU: 0.72145  ,  pro_loss: 0.19076
[val: Epoch 25, 50 / 312] FPS: 68.9 (76.1)  ,  DataTime: 0.428 (0.006)  ,  ForwardTime: 0.031  ,  TotalTime: 0.465  ,  Loss/total: nan  ,  Loss/giou: 0.32471  ,  Loss/l1: 0.02469  ,  Loss/location: nan  ,  pro_loss: 0.13333  ,  IoU: 0.70472
[val: Epoch 25, 100 / 312] FPS: 72.5 (802.0)  ,  DataTime: 0.407 (0.006)  ,  ForwardTime: 0.029  ,  TotalTime: 0.441  ,  Loss/total: nan  ,  Loss/giou: 0.32068  ,  Loss/l1: 0.02370  ,  Loss/location: nan  ,  pro_loss: 0.13000  ,  IoU: 0.70589
[val: Epoch 25, 150 / 312] FPS: 74.3 (916.6)  ,  DataTime: 0.397 (0.006)  ,  ForwardTime: 0.028  ,  TotalTime: 0.431  ,  Loss/total: nan  ,  Loss/giou: 0.32188  ,  Loss/l1: 0.02379  ,  Loss/location: nan  ,  pro_loss: 0.13132  ,  IoU: 0.70530
[val: Epoch 25, 200 / 312] FPS: 78.0 (836.6)  ,  DataTime: 0.377 (0.006)  ,  ForwardTime: 0.027  ,  TotalTime: 0.410  ,  Loss/total: nan  ,  Loss/giou: 0.32329  ,  Loss/l1: 0.02358  ,  Loss/location: nan  ,  pro_loss: 0.13250  ,  IoU: 0.70385
[val: Epoch 25, 250 / 312] FPS: 77.1 (115.8)  ,  DataTime: 0.382 (0.006)  ,  ForwardTime: 0.027  ,  TotalTime: 0.415  ,  Loss/total: nan  ,  Loss/giou: 0.32132  ,  Loss/l1: 0.02339  ,  Loss/location: nan  ,  pro_loss: 0.13229  ,  IoU: 0.70506
[val: Epoch 25, 300 / 312] FPS: 78.9 (978.1)  ,  DataTime: 0.372 (0.006)  ,  ForwardTime: 0.027  ,  TotalTime: 0.406  ,  Loss/total: nan  ,  Loss/giou: 0.32263  ,  Loss/l1: 0.02354  ,  Loss/location: nan  ,  pro_loss: 0.13188  ,  IoU: 0.70424
[val: Epoch 25, 312 / 312] FPS: 80.4 (1032.1)  ,  DataTime: 0.365 (0.006)  ,  ForwardTime: 0.027  ,  TotalTime: 0.398  ,  Loss/total: nan  ,  Loss/giou: 0.32290  ,  Loss/l1: 0.02369  ,  Loss/location: nan  ,  pro_loss: 0.13188  ,  IoU: 0.70424
[train: Epoch 26, 50 / 1875] FPS: 68.0 (15.2)  ,  DataTime: 0.420 (0.005)  ,  ForwardTime: 0.045  ,  TotalTime: 0.471  ,  Loss/total: 3.49081  ,  Loss/ce: 3.45152  ,  IoU: 0.72604  ,  pro_loss: 0.19646
[train: Epoch 26, 100 / 1875] FPS: 73.8 (14.9)  ,  DataTime: 0.384 (0.005)  ,  ForwardTime: 0.045  ,  TotalTime: 0.434  ,  Loss/total: 3.49689  ,  Loss/ce: 3.45825  ,  IoU: 0.72118  ,  pro_loss: 0.19323
[train: Epoch 26, 150 / 1875] FPS: 78.4 (628.4)  ,  DataTime: 0.358 (0.005)  ,  ForwardTime: 0.045  ,  TotalTime: 0.408  ,  Loss/total: 3.49889  ,  Loss/ce: 3.46061  ,  IoU: 0.72186  ,  pro_loss: 0.19139
[train: Epoch 26, 200 / 1875] FPS: 81.2 (87.0)  ,  DataTime: 0.344 (0.005)  ,  ForwardTime: 0.045  ,  TotalTime: 0.394  ,  Loss/total: 3.50249  ,  Loss/ce: 3.46376  ,  IoU: 0.72157  ,  pro_loss: 0.19365
[train: Epoch 26, 250 / 1875] FPS: 81.1 (625.7)  ,  DataTime: 0.345 (0.005)  ,  ForwardTime: 0.045  ,  TotalTime: 0.395  ,  Loss/total: 3.49621  ,  Loss/ce: 3.45768  ,  IoU: 0.72361  ,  pro_loss: 0.19267
[train: Epoch 26, 300 / 1875] FPS: 83.4 (587.0)  ,  DataTime: 0.334 (0.005)  ,  ForwardTime: 0.045  ,  TotalTime: 0.384  ,  Loss/total: 3.50002  ,  Loss/ce: 3.46193  ,  IoU: 0.72249  ,  pro_loss: 0.19045
[train: Epoch 26, 350 / 1875] FPS: 83.2 (47.3)  ,  DataTime: 0.335 (0.005)  ,  ForwardTime: 0.045  ,  TotalTime: 0.385  ,  Loss/total: 3.50024  ,  Loss/ce: 3.46190  ,  IoU: 0.72221  ,  pro_loss: 0.19170
[train: Epoch 26, 400 / 1875] FPS: 84.0 (586.7)  ,  DataTime: 0.331 (0.005)  ,  ForwardTime: 0.045  ,  TotalTime: 0.381  ,  Loss/total: 3.49882  ,  Loss/ce: 3.46043  ,  IoU: 0.72312  ,  pro_loss: 0.19193
[train: Epoch 26, 450 / 1875] FPS: 83.9 (612.6)  ,  DataTime: 0.331 (0.005)  ,  ForwardTime: 0.045  ,  TotalTime: 0.381  ,  Loss/total: 3.50166  ,  Loss/ce: 3.46343  ,  IoU: 0.72232  ,  pro_loss: 0.19113
[train: Epoch 26, 500 / 1875] FPS: 83.4 (538.7)  ,  DataTime: 0.334 (0.005)  ,  ForwardTime: 0.045  ,  TotalTime: 0.384  ,  Loss/total: 3.50224  ,  Loss/ce: 3.46400  ,  IoU: 0.72240  ,  pro_loss: 0.19121
[train: Epoch 26, 550 / 1875] FPS: 83.6 (606.7)  ,  DataTime: 0.333 (0.005)  ,  ForwardTime: 0.045  ,  TotalTime: 0.383  ,  Loss/total: 3.50380  ,  Loss/ce: 3.46547  ,  IoU: 0.72219  ,  pro_loss: 0.19165
[train: Epoch 26, 600 / 1875] FPS: 84.2 (608.3)  ,  DataTime: 0.330 (0.005)  ,  ForwardTime: 0.045  ,  TotalTime: 0.380  ,  Loss/total: 3.50490  ,  Loss/ce: 3.46655  ,  IoU: 0.72199  ,  pro_loss: 0.19175
[train: Epoch 26, 650 / 1875] FPS: 84.7 (632.6)  ,  DataTime: 0.328 (0.005)  ,  ForwardTime: 0.045  ,  TotalTime: 0.378  ,  Loss/total: 3.50354  ,  Loss/ce: 3.46524  ,  IoU: 0.72245  ,  pro_loss: 0.19149
[train: Epoch 26, 700 / 1875] FPS: 84.7 (48.6)  ,  DataTime: 0.328 (0.005)  ,  ForwardTime: 0.045  ,  TotalTime: 0.378  ,  Loss/total: 3.50445  ,  Loss/ce: 3.46611  ,  IoU: 0.72247  ,  pro_loss: 0.19171
[train: Epoch 26, 750 / 1875] FPS: 85.2 (604.8)  ,  DataTime: 0.325 (0.005)  ,  ForwardTime: 0.045  ,  TotalTime: 0.375  ,  Loss/total: 3.50384  ,  Loss/ce: 3.46547  ,  IoU: 0.72246  ,  pro_loss: 0.19187
[train: Epoch 26, 800 / 1875] FPS: 85.4 (571.8)  ,  DataTime: 0.325 (0.005)  ,  ForwardTime: 0.045  ,  TotalTime: 0.375  ,  Loss/total: 3.50235  ,  Loss/ce: 3.46398  ,  IoU: 0.72249  ,  pro_loss: 0.19186
[train: Epoch 26, 850 / 1875] FPS: 85.8 (625.5)  ,  DataTime: 0.323 (0.005)  ,  ForwardTime: 0.045  ,  TotalTime: 0.373  ,  Loss/total: 3.50056  ,  Loss/ce: 3.46232  ,  IoU: 0.72289  ,  pro_loss: 0.19119
[train: Epoch 26, 900 / 1875] FPS: 85.7 (274.8)  ,  DataTime: 0.324 (0.005)  ,  ForwardTime: 0.045  ,  TotalTime: 0.374  ,  Loss/total: 3.49944  ,  Loss/ce: 3.46129  ,  IoU: 0.72309  ,  pro_loss: 0.19075
[train: Epoch 26, 950 / 1875] FPS: 86.1 (600.0)  ,  DataTime: 0.322 (0.005)  ,  ForwardTime: 0.045  ,  TotalTime: 0.372  ,  Loss/total: 3.50095  ,  Loss/ce: 3.46280  ,  IoU: 0.72279  ,  pro_loss: 0.19075
[train: Epoch 26, 1000 / 1875] FPS: 85.5 (629.5)  ,  DataTime: 0.324 (0.005)  ,  ForwardTime: 0.045  ,  TotalTime: 0.374  ,  Loss/total: 3.50227  ,  Loss/ce: 3.46415  ,  IoU: 0.72275  ,  pro_loss: 0.19061
[train: Epoch 26, 1050 / 1875] FPS: 84.6 (10.3)  ,  DataTime: 0.328 (0.005)  ,  ForwardTime: 0.045  ,  TotalTime: 0.378  ,  Loss/total: 3.50154  ,  Loss/ce: 3.46347  ,  IoU: 0.72268  ,  pro_loss: 0.19039
[train: Epoch 26, 1100 / 1875] FPS: 84.5 (31.4)  ,  DataTime: 0.329 (0.005)  ,  ForwardTime: 0.045  ,  TotalTime: 0.379  ,  Loss/total: 3.49985  ,  Loss/ce: 3.46175  ,  IoU: 0.72276  ,  pro_loss: 0.19049
[train: Epoch 26, 1150 / 1875] FPS: 84.3 (568.6)  ,  DataTime: 0.330 (0.005)  ,  ForwardTime: 0.045  ,  TotalTime: 0.380  ,  Loss/total: 3.49976  ,  Loss/ce: 3.46171  ,  IoU: 0.72283  ,  pro_loss: 0.19027
[train: Epoch 26, 1200 / 1875] FPS: 84.2 (576.6)  ,  DataTime: 0.330 (0.005)  ,  ForwardTime: 0.045  ,  TotalTime: 0.380  ,  Loss/total: 3.49999  ,  Loss/ce: 3.46199  ,  IoU: 0.72270  ,  pro_loss: 0.19001
[train: Epoch 26, 1250 / 1875] FPS: 83.8 (573.3)  ,  DataTime: 0.332 (0.005)  ,  ForwardTime: 0.045  ,  TotalTime: 0.382  ,  Loss/total: 3.49822  ,  Loss/ce: 3.46021  ,  IoU: 0.72307  ,  pro_loss: 0.19006
[train: Epoch 26, 1300 / 1875] FPS: 83.5 (574.5)  ,  DataTime: 0.333 (0.005)  ,  ForwardTime: 0.045  ,  TotalTime: 0.383  ,  Loss/total: 3.49840  ,  Loss/ce: 3.46034  ,  IoU: 0.72289  ,  pro_loss: 0.19028
[train: Epoch 26, 1350 / 1875] FPS: 83.5 (592.7)  ,  DataTime: 0.333 (0.005)  ,  ForwardTime: 0.045  ,  TotalTime: 0.383  ,  Loss/total: 3.49871  ,  Loss/ce: 3.46062  ,  IoU: 0.72265  ,  pro_loss: 0.19045
[train: Epoch 26, 1400 / 1875] FPS: 83.5 (630.7)  ,  DataTime: 0.333 (0.005)  ,  ForwardTime: 0.045  ,  TotalTime: 0.383  ,  Loss/total: 3.49843  ,  Loss/ce: 3.46022  ,  IoU: 0.72303  ,  pro_loss: 0.19103
[train: Epoch 26, 1450 / 1875] FPS: 83.2 (575.1)  ,  DataTime: 0.335 (0.005)  ,  ForwardTime: 0.045  ,  TotalTime: 0.385  ,  Loss/total: 3.49911  ,  Loss/ce: 3.46087  ,  IoU: 0.72322  ,  pro_loss: 0.19119
[train: Epoch 26, 1500 / 1875] FPS: 83.1 (570.6)  ,  DataTime: 0.335 (0.005)  ,  ForwardTime: 0.045  ,  TotalTime: 0.385  ,  Loss/total: 3.49897  ,  Loss/ce: 3.46077  ,  IoU: 0.72313  ,  pro_loss: 0.19097
[train: Epoch 26, 1550 / 1875] FPS: 83.1 (31.3)  ,  DataTime: 0.335 (0.005)  ,  ForwardTime: 0.045  ,  TotalTime: 0.385  ,  Loss/total: 3.49895  ,  Loss/ce: 3.46080  ,  IoU: 0.72310  ,  pro_loss: 0.19071
[train: Epoch 26, 1600 / 1875] FPS: 83.0 (606.4)  ,  DataTime: 0.335 (0.005)  ,  ForwardTime: 0.045  ,  TotalTime: 0.385  ,  Loss/total: 3.49838  ,  Loss/ce: 3.46032  ,  IoU: 0.72340  ,  pro_loss: 0.19030
[train: Epoch 26, 1650 / 1875] FPS: 82.7 (24.3)  ,  DataTime: 0.337 (0.005)  ,  ForwardTime: 0.045  ,  TotalTime: 0.387  ,  Loss/total: 3.49828  ,  Loss/ce: 3.46026  ,  IoU: 0.72341  ,  pro_loss: 0.19007
[train: Epoch 26, 1700 / 1875] FPS: 82.3 (12.6)  ,  DataTime: 0.339 (0.005)  ,  ForwardTime: 0.045  ,  TotalTime: 0.389  ,  Loss/total: 3.49805  ,  Loss/ce: 3.46001  ,  IoU: 0.72344  ,  pro_loss: 0.19017
[train: Epoch 26, 1750 / 1875] FPS: 82.2 (89.6)  ,  DataTime: 0.339 (0.005)  ,  ForwardTime: 0.045  ,  TotalTime: 0.389  ,  Loss/total: 3.49876  ,  Loss/ce: 3.46075  ,  IoU: 0.72311  ,  pro_loss: 0.19004
[train: Epoch 26, 1800 / 1875] FPS: 82.2 (588.2)  ,  DataTime: 0.339 (0.005)  ,  ForwardTime: 0.045  ,  TotalTime: 0.389  ,  Loss/total: 3.49882  ,  Loss/ce: 3.46082  ,  IoU: 0.72294  ,  pro_loss: 0.19000
[train: Epoch 26, 1850 / 1875] FPS: 82.0 (591.1)  ,  DataTime: 0.340 (0.005)  ,  ForwardTime: 0.045  ,  TotalTime: 0.390  ,  Loss/total: 3.49830  ,  Loss/ce: 3.46029  ,  IoU: 0.72297  ,  pro_loss: 0.19005
[train: Epoch 26, 1875 / 1875] FPS: 82.1 (613.9)  ,  DataTime: 0.340 (0.005)  ,  ForwardTime: 0.045  ,  TotalTime: 0.390  ,  Loss/total: 3.49832  ,  Loss/ce: 3.46029  ,  IoU: 0.72295  ,  pro_loss: 0.19016
[train: Epoch 27, 50 / 1875] FPS: 62.5 (10.8)  ,  DataTime: 0.462 (0.005)  ,  ForwardTime: 0.045  ,  TotalTime: 0.512  ,  Loss/total: 3.49244  ,  Loss/ce: 3.45456  ,  IoU: 0.72437  ,  pro_loss: 0.18938
[train: Epoch 27, 100 / 1875] FPS: 70.8 (611.8)  ,  DataTime: 0.401 (0.005)  ,  ForwardTime: 0.045  ,  TotalTime: 0.452  ,  Loss/total: 3.49093  ,  Loss/ce: 3.45237  ,  IoU: 0.72446  ,  pro_loss: 0.19281
[train: Epoch 27, 150 / 1875] FPS: 73.1 (614.7)  ,  DataTime: 0.388 (0.005)  ,  ForwardTime: 0.045  ,  TotalTime: 0.438  ,  Loss/total: 3.49593  ,  Loss/ce: 3.45774  ,  IoU: 0.72271  ,  pro_loss: 0.19097
[train: Epoch 27, 200 / 1875] FPS: 74.8 (572.8)  ,  DataTime: 0.378 (0.005)  ,  ForwardTime: 0.045  ,  TotalTime: 0.428  ,  Loss/total: 3.49638  ,  Loss/ce: 3.45810  ,  IoU: 0.72342  ,  pro_loss: 0.19141
[train: Epoch 27, 250 / 1875] FPS: 76.0 (546.8)  ,  DataTime: 0.371 (0.005)  ,  ForwardTime: 0.045  ,  TotalTime: 0.421  ,  Loss/total: 3.49133  ,  Loss/ce: 3.45297  ,  IoU: 0.72382  ,  pro_loss: 0.19179
[train: Epoch 27, 300 / 1875] FPS: 76.8 (611.5)  ,  DataTime: 0.366 (0.005)  ,  ForwardTime: 0.045  ,  TotalTime: 0.417  ,  Loss/total: 3.49301  ,  Loss/ce: 3.45480  ,  IoU: 0.72439  ,  pro_loss: 0.19104
[train: Epoch 27, 350 / 1875] FPS: 76.3 (18.5)  ,  DataTime: 0.369 (0.005)  ,  ForwardTime: 0.045  ,  TotalTime: 0.419  ,  Loss/total: 3.49508  ,  Loss/ce: 3.45695  ,  IoU: 0.72386  ,  pro_loss: 0.19065
[train: Epoch 27, 400 / 1875] FPS: 77.4 (620.7)  ,  DataTime: 0.363 (0.005)  ,  ForwardTime: 0.045  ,  TotalTime: 0.414  ,  Loss/total: 3.49641  ,  Loss/ce: 3.45806  ,  IoU: 0.72366  ,  pro_loss: 0.19174
[train: Epoch 27, 450 / 1875] FPS: 77.2 (602.7)  ,  DataTime: 0.364 (0.005)  ,  ForwardTime: 0.045  ,  TotalTime: 0.414  ,  Loss/total: 3.49762  ,  Loss/ce: 3.45918  ,  IoU: 0.72347  ,  pro_loss: 0.19218
[train: Epoch 27, 500 / 1875] FPS: 77.7 (598.5)  ,  DataTime: 0.362 (0.005)  ,  ForwardTime: 0.045  ,  TotalTime: 0.412  ,  Loss/total: 3.49607  ,  Loss/ce: 3.45780  ,  IoU: 0.72352  ,  pro_loss: 0.19140
[train: Epoch 27, 550 / 1875] FPS: 76.9 (12.5)  ,  DataTime: 0.366 (0.005)  ,  ForwardTime: 0.045  ,  TotalTime: 0.416  ,  Loss/total: 3.49760  ,  Loss/ce: 3.45928  ,  IoU: 0.72361  ,  pro_loss: 0.19157
[train: Epoch 27, 600 / 1875] FPS: 77.5 (599.9)  ,  DataTime: 0.363 (0.005)  ,  ForwardTime: 0.045  ,  TotalTime: 0.413  ,  Loss/total: 3.49592  ,  Loss/ce: 3.45766  ,  IoU: 0.72428  ,  pro_loss: 0.19128
[train: Epoch 27, 650 / 1875] FPS: 77.7 (612.4)  ,  DataTime: 0.362 (0.005)  ,  ForwardTime: 0.045  ,  TotalTime: 0.412  ,  Loss/total: 3.49431  ,  Loss/ce: 3.45600  ,  IoU: 0.72458  ,  pro_loss: 0.19152
[train: Epoch 27, 700 / 1875] FPS: 78.5 (622.5)  ,  DataTime: 0.358 (0.005)  ,  ForwardTime: 0.045  ,  TotalTime: 0.408  ,  Loss/total: 3.49438  ,  Loss/ce: 3.45601  ,  IoU: 0.72449  ,  pro_loss: 0.19186
[train: Epoch 27, 750 / 1875] FPS: 78.2 (31.8)  ,  DataTime: 0.359 (0.005)  ,  ForwardTime: 0.045  ,  TotalTime: 0.409  ,  Loss/total: 3.49393  ,  Loss/ce: 3.45557  ,  IoU: 0.72440  ,  pro_loss: 0.19181
[train: Epoch 27, 800 / 1875] FPS: 78.0 (570.7)  ,  DataTime: 0.360 (0.005)  ,  ForwardTime: 0.045  ,  TotalTime: 0.410  ,  Loss/total: 3.49509  ,  Loss/ce: 3.45676  ,  IoU: 0.72432  ,  pro_loss: 0.19167
[train: Epoch 27, 850 / 1875] FPS: 78.3 (21.7)  ,  DataTime: 0.359 (0.005)  ,  ForwardTime: 0.045  ,  TotalTime: 0.409  ,  Loss/total: 3.49559  ,  Loss/ce: 3.45731  ,  IoU: 0.72389  ,  pro_loss: 0.19138
[train: Epoch 27, 900 / 1875] FPS: 78.9 (580.0)  ,  DataTime: 0.356 (0.005)  ,  ForwardTime: 0.045  ,  TotalTime: 0.406  ,  Loss/total: 3.49599  ,  Loss/ce: 3.45778  ,  IoU: 0.72382  ,  pro_loss: 0.19108
[train: Epoch 27, 950 / 1875] FPS: 78.8 (24.8)  ,  DataTime: 0.356 (0.005)  ,  ForwardTime: 0.045  ,  TotalTime: 0.406  ,  Loss/total: 3.49623  ,  Loss/ce: 3.45801  ,  IoU: 0.72362  ,  pro_loss: 0.19111
[train: Epoch 27, 1000 / 1875] FPS: 79.5 (623.8)  ,  DataTime: 0.352 (0.005)  ,  ForwardTime: 0.045  ,  TotalTime: 0.402  ,  Loss/total: 3.49487  ,  Loss/ce: 3.45664  ,  IoU: 0.72343  ,  pro_loss: 0.19119
[train: Epoch 27, 1050 / 1875] FPS: 79.3 (616.0)  ,  DataTime: 0.353 (0.005)  ,  ForwardTime: 0.045  ,  TotalTime: 0.404  ,  Loss/total: 3.49551  ,  Loss/ce: 3.45724  ,  IoU: 0.72345  ,  pro_loss: 0.19139
[train: Epoch 27, 1100 / 1875] FPS: 79.4 (620.3)  ,  DataTime: 0.353 (0.005)  ,  ForwardTime: 0.045  ,  TotalTime: 0.403  ,  Loss/total: 3.49574  ,  Loss/ce: 3.45739  ,  IoU: 0.72366  ,  pro_loss: 0.19176
[train: Epoch 27, 1150 / 1875] FPS: 79.9 (581.7)  ,  DataTime: 0.351 (0.005)  ,  ForwardTime: 0.045  ,  TotalTime: 0.401  ,  Loss/total: 3.49516  ,  Loss/ce: 3.45679  ,  IoU: 0.72380  ,  pro_loss: 0.19187
[train: Epoch 27, 1200 / 1875] FPS: 80.1 (615.0)  ,  DataTime: 0.349 (0.005)  ,  ForwardTime: 0.045  ,  TotalTime: 0.399  ,  Loss/total: 3.49594  ,  Loss/ce: 3.45752  ,  IoU: 0.72359  ,  pro_loss: 0.19209
[train: Epoch 27, 1250 / 1875] FPS: 80.3 (17.0)  ,  DataTime: 0.348 (0.005)  ,  ForwardTime: 0.045  ,  TotalTime: 0.398  ,  Loss/total: 3.49508  ,  Loss/ce: 3.45662  ,  IoU: 0.72375  ,  pro_loss: 0.19230
[train: Epoch 27, 1300 / 1875] FPS: 80.6 (618.9)  ,  DataTime: 0.347 (0.005)  ,  ForwardTime: 0.045  ,  TotalTime: 0.397  ,  Loss/total: 3.49539  ,  Loss/ce: 3.45695  ,  IoU: 0.72372  ,  pro_loss: 0.19222
[train: Epoch 27, 1350 / 1875] FPS: 81.0 (599.6)  ,  DataTime: 0.345 (0.005)  ,  ForwardTime: 0.045  ,  TotalTime: 0.395  ,  Loss/total: 3.49561  ,  Loss/ce: 3.45714  ,  IoU: 0.72363  ,  pro_loss: 0.19231
[train: Epoch 27, 1400 / 1875] FPS: 81.2 (612.5)  ,  DataTime: 0.344 (0.005)  ,  ForwardTime: 0.045  ,  TotalTime: 0.394  ,  Loss/total: 3.49516  ,  Loss/ce: 3.45668  ,  IoU: 0.72360  ,  pro_loss: 0.19240
[train: Epoch 27, 1450 / 1875] FPS: 81.4 (582.1)  ,  DataTime: 0.343 (0.005)  ,  ForwardTime: 0.045  ,  TotalTime: 0.393  ,  Loss/total: 3.49467  ,  Loss/ce: 3.45614  ,  IoU: 0.72355  ,  pro_loss: 0.19261
[train: Epoch 27, 1500 / 1875] FPS: 81.7 (606.8)  ,  DataTime: 0.341 (0.005)  ,  ForwardTime: 0.045  ,  TotalTime: 0.391  ,  Loss/total: 3.49490  ,  Loss/ce: 3.45634  ,  IoU: 0.72373  ,  pro_loss: 0.19281
[train: Epoch 27, 1550 / 1875] FPS: 81.8 (632.1)  ,  DataTime: 0.341 (0.005)  ,  ForwardTime: 0.045  ,  TotalTime: 0.391  ,  Loss/total: 3.49458  ,  Loss/ce: 3.45600  ,  IoU: 0.72366  ,  pro_loss: 0.19291
[train: Epoch 27, 1600 / 1875] FPS: 81.7 (10.4)  ,  DataTime: 0.341 (0.005)  ,  ForwardTime: 0.045  ,  TotalTime: 0.391  ,  Loss/total: 3.49370  ,  Loss/ce: 3.45511  ,  IoU: 0.72380  ,  pro_loss: 0.19293
[train: Epoch 27, 1650 / 1875] FPS: 82.0 (567.2)  ,  DataTime: 0.340 (0.005)  ,  ForwardTime: 0.045  ,  TotalTime: 0.390  ,  Loss/total: 3.49347  ,  Loss/ce: 3.45487  ,  IoU: 0.72395  ,  pro_loss: 0.19301
[train: Epoch 27, 1700 / 1875] FPS: 82.1 (585.6)  ,  DataTime: 0.340 (0.005)  ,  ForwardTime: 0.045  ,  TotalTime: 0.390  ,  Loss/total: 3.49470  ,  Loss/ce: 3.45613  ,  IoU: 0.72370  ,  pro_loss: 0.19284
[train: Epoch 27, 1750 / 1875] FPS: 82.3 (617.3)  ,  DataTime: 0.339 (0.005)  ,  ForwardTime: 0.045  ,  TotalTime: 0.389  ,  Loss/total: 3.49428  ,  Loss/ce: 3.45572  ,  IoU: 0.72373  ,  pro_loss: 0.19281
[train: Epoch 27, 1800 / 1875] FPS: 82.0 (609.1)  ,  DataTime: 0.340 (0.005)  ,  ForwardTime: 0.045  ,  TotalTime: 0.390  ,  Loss/total: 3.49423  ,  Loss/ce: 3.45569  ,  IoU: 0.72373  ,  pro_loss: 0.19266
[train: Epoch 27, 1850 / 1875] FPS: 82.1 (568.6)  ,  DataTime: 0.340 (0.005)  ,  ForwardTime: 0.045  ,  TotalTime: 0.390  ,  Loss/total: 3.49374  ,  Loss/ce: 3.45524  ,  IoU: 0.72380  ,  pro_loss: 0.19249
[train: Epoch 27, 1875 / 1875] FPS: 82.2 (59.1)  ,  DataTime: 0.339 (0.005)  ,  ForwardTime: 0.045  ,  TotalTime: 0.389  ,  Loss/total: 3.49331  ,  Loss/ce: 3.45480  ,  IoU: 0.72392  ,  pro_loss: 0.19252
[train: Epoch 28, 50 / 1875] FPS: 77.0 (616.0)  ,  DataTime: 0.366 (0.005)  ,  ForwardTime: 0.045  ,  TotalTime: 0.416  ,  Loss/total: 3.50776  ,  Loss/ce: 3.47013  ,  IoU: 0.72052  ,  pro_loss: 0.18813
[train: Epoch 28, 100 / 1875] FPS: 78.4 (569.5)  ,  DataTime: 0.358 (0.005)  ,  ForwardTime: 0.045  ,  TotalTime: 0.408  ,  Loss/total: 3.51153  ,  Loss/ce: 3.47389  ,  IoU: 0.72116  ,  pro_loss: 0.18823
[train: Epoch 28, 150 / 1875] FPS: 79.2 (611.0)  ,  DataTime: 0.354 (0.005)  ,  ForwardTime: 0.045  ,  TotalTime: 0.404  ,  Loss/total: 3.49948  ,  Loss/ce: 3.46154  ,  IoU: 0.72246  ,  pro_loss: 0.18972
[train: Epoch 28, 200 / 1875] FPS: 79.7 (574.6)  ,  DataTime: 0.351 (0.005)  ,  ForwardTime: 0.045  ,  TotalTime: 0.401  ,  Loss/total: 3.50381  ,  Loss/ce: 3.46547  ,  IoU: 0.72285  ,  pro_loss: 0.19167
[train: Epoch 28, 250 / 1875] FPS: 80.0 (572.9)  ,  DataTime: 0.350 (0.005)  ,  ForwardTime: 0.045  ,  TotalTime: 0.400  ,  Loss/total: 3.50026  ,  Loss/ce: 3.46211  ,  IoU: 0.72273  ,  pro_loss: 0.19075
[train: Epoch 28, 300 / 1875] FPS: 81.7 (582.6)  ,  DataTime: 0.341 (0.005)  ,  ForwardTime: 0.045  ,  TotalTime: 0.392  ,  Loss/total: 3.49839  ,  Loss/ce: 3.46002  ,  IoU: 0.72404  ,  pro_loss: 0.19184
[train: Epoch 28, 350 / 1875] FPS: 81.6 (28.7)  ,  DataTime: 0.342 (0.005)  ,  ForwardTime: 0.045  ,  TotalTime: 0.392  ,  Loss/total: 3.49879  ,  Loss/ce: 3.46069  ,  IoU: 0.72400  ,  pro_loss: 0.19051
[train: Epoch 28, 400 / 1875] FPS: 81.3 (582.6)  ,  DataTime: 0.344 (0.005)  ,  ForwardTime: 0.045  ,  TotalTime: 0.394  ,  Loss/total: 3.50031  ,  Loss/ce: 3.46221  ,  IoU: 0.72327  ,  pro_loss: 0.19047
[train: Epoch 28, 450 / 1875] FPS: 82.1 (572.2)  ,  DataTime: 0.339 (0.005)  ,  ForwardTime: 0.045  ,  TotalTime: 0.390  ,  Loss/total: 3.49933  ,  Loss/ce: 3.46106  ,  IoU: 0.72321  ,  pro_loss: 0.19139
[train: Epoch 28, 500 / 1875] FPS: 83.0 (589.6)  ,  DataTime: 0.336 (0.005)  ,  ForwardTime: 0.045  ,  TotalTime: 0.386  ,  Loss/total: 3.49835  ,  Loss/ce: 3.46007  ,  IoU: 0.72438  ,  pro_loss: 0.19144
[train: Epoch 28, 550 / 1875] FPS: 81.6 (603.1)  ,  DataTime: 0.342 (0.005)  ,  ForwardTime: 0.045  ,  TotalTime: 0.392  ,  Loss/total: 3.49767  ,  Loss/ce: 3.45936  ,  IoU: 0.72459  ,  pro_loss: 0.19157
[train: Epoch 28, 600 / 1875] FPS: 82.1 (568.3)  ,  DataTime: 0.340 (0.005)  ,  ForwardTime: 0.045  ,  TotalTime: 0.390  ,  Loss/total: 3.49607  ,  Loss/ce: 3.45767  ,  IoU: 0.72450  ,  pro_loss: 0.19200
[train: Epoch 28, 650 / 1875] FPS: 82.2 (27.3)  ,  DataTime: 0.339 (0.005)  ,  ForwardTime: 0.045  ,  TotalTime: 0.389  ,  Loss/total: 3.49455  ,  Loss/ce: 3.45626  ,  IoU: 0.72476  ,  pro_loss: 0.19146
[train: Epoch 28, 700 / 1875] FPS: 82.4 (605.4)  ,  DataTime: 0.338 (0.005)  ,  ForwardTime: 0.045  ,  TotalTime: 0.388  ,  Loss/total: 3.49260  ,  Loss/ce: 3.45421  ,  IoU: 0.72565  ,  pro_loss: 0.19196
[train: Epoch 28, 750 / 1875] FPS: 82.9 (606.4)  ,  DataTime: 0.336 (0.005)  ,  ForwardTime: 0.045  ,  TotalTime: 0.386  ,  Loss/total: 3.49334  ,  Loss/ce: 3.45494  ,  IoU: 0.72583  ,  pro_loss: 0.19200
[train: Epoch 28, 800 / 1875] FPS: 83.4 (625.9)  ,  DataTime: 0.334 (0.005)  ,  ForwardTime: 0.045  ,  TotalTime: 0.384  ,  Loss/total: 3.49169  ,  Loss/ce: 3.45332  ,  IoU: 0.72622  ,  pro_loss: 0.19189
[train: Epoch 28, 850 / 1875] FPS: 83.2 (17.1)  ,  DataTime: 0.335 (0.005)  ,  ForwardTime: 0.045  ,  TotalTime: 0.385  ,  Loss/total: 3.49087  ,  Loss/ce: 3.45237  ,  IoU: 0.72659  ,  pro_loss: 0.19252
[train: Epoch 28, 900 / 1875] FPS: 83.6 (620.0)  ,  DataTime: 0.332 (0.005)  ,  ForwardTime: 0.045  ,  TotalTime: 0.383  ,  Loss/total: 3.49028  ,  Loss/ce: 3.45177  ,  IoU: 0.72678  ,  pro_loss: 0.19256
[train: Epoch 28, 950 / 1875] FPS: 83.7 (15.6)  ,  DataTime: 0.332 (0.005)  ,  ForwardTime: 0.045  ,  TotalTime: 0.382  ,  Loss/total: 3.49044  ,  Loss/ce: 3.45185  ,  IoU: 0.72696  ,  pro_loss: 0.19294
[train: Epoch 28, 1000 / 1875] FPS: 83.7 (15.3)  ,  DataTime: 0.332 (0.005)  ,  ForwardTime: 0.045  ,  TotalTime: 0.382  ,  Loss/total: 3.48902  ,  Loss/ce: 3.45036  ,  IoU: 0.72703  ,  pro_loss: 0.19330
[train: Epoch 28, 1050 / 1875] FPS: 83.9 (590.8)  ,  DataTime: 0.331 (0.005)  ,  ForwardTime: 0.045  ,  TotalTime: 0.381  ,  Loss/total: 3.48850  ,  Loss/ce: 3.44973  ,  IoU: 0.72698  ,  pro_loss: 0.19382
[train: Epoch 28, 1100 / 1875] FPS: 84.1 (597.8)  ,  DataTime: 0.330 (0.005)  ,  ForwardTime: 0.045  ,  TotalTime: 0.380  ,  Loss/total: 3.48909  ,  Loss/ce: 3.45031  ,  IoU: 0.72704  ,  pro_loss: 0.19387
[train: Epoch 28, 1150 / 1875] FPS: 84.1 (11.5)  ,  DataTime: 0.330 (0.005)  ,  ForwardTime: 0.045  ,  TotalTime: 0.380  ,  Loss/total: 3.48830  ,  Loss/ce: 3.44947  ,  IoU: 0.72741  ,  pro_loss: 0.19418
[train: Epoch 28, 1200 / 1875] FPS: 84.2 (18.7)  ,  DataTime: 0.330 (0.005)  ,  ForwardTime: 0.045  ,  TotalTime: 0.380  ,  Loss/total: 3.48879  ,  Loss/ce: 3.44987  ,  IoU: 0.72729  ,  pro_loss: 0.19457
[train: Epoch 28, 1250 / 1875] FPS: 84.4 (572.6)  ,  DataTime: 0.329 (0.005)  ,  ForwardTime: 0.045  ,  TotalTime: 0.379  ,  Loss/total: 3.48751  ,  Loss/ce: 3.44858  ,  IoU: 0.72751  ,  pro_loss: 0.19463
[train: Epoch 28, 1300 / 1875] FPS: 84.4 (615.9)  ,  DataTime: 0.329 (0.005)  ,  ForwardTime: 0.045  ,  TotalTime: 0.379  ,  Loss/total: 3.48793  ,  Loss/ce: 3.44898  ,  IoU: 0.72737  ,  pro_loss: 0.19478
[train: Epoch 28, 1350 / 1875] FPS: 84.3 (632.9)  ,  DataTime: 0.330 (0.005)  ,  ForwardTime: 0.045  ,  TotalTime: 0.380  ,  Loss/total: 3.48789  ,  Loss/ce: 3.44887  ,  IoU: 0.72745  ,  pro_loss: 0.19509
[train: Epoch 28, 1400 / 1875] FPS: 84.4 (617.7)  ,  DataTime: 0.329 (0.005)  ,  ForwardTime: 0.045  ,  TotalTime: 0.379  ,  Loss/total: 3.48761  ,  Loss/ce: 3.44858  ,  IoU: 0.72739  ,  pro_loss: 0.19514
[train: Epoch 28, 1450 / 1875] FPS: 84.1 (614.5)  ,  DataTime: 0.330 (0.005)  ,  ForwardTime: 0.045  ,  TotalTime: 0.380  ,  Loss/total: 3.48733  ,  Loss/ce: 3.44824  ,  IoU: 0.72744  ,  pro_loss: 0.19544
[train: Epoch 28, 1500 / 1875] FPS: 84.4 (601.0)  ,  DataTime: 0.329 (0.005)  ,  ForwardTime: 0.045  ,  TotalTime: 0.379  ,  Loss/total: 3.48737  ,  Loss/ce: 3.44823  ,  IoU: 0.72740  ,  pro_loss: 0.19571
[train: Epoch 28, 1550 / 1875] FPS: 84.3 (618.0)  ,  DataTime: 0.329 (0.005)  ,  ForwardTime: 0.045  ,  TotalTime: 0.379  ,  Loss/total: 3.48703  ,  Loss/ce: 3.44784  ,  IoU: 0.72744  ,  pro_loss: 0.19594
[train: Epoch 28, 1600 / 1875] FPS: 84.3 (639.2)  ,  DataTime: 0.329 (0.005)  ,  ForwardTime: 0.045  ,  TotalTime: 0.379  ,  Loss/total: 3.48644  ,  Loss/ce: 3.44721  ,  IoU: 0.72744  ,  pro_loss: 0.19612
[train: Epoch 28, 1650 / 1875] FPS: 84.6 (618.1)  ,  DataTime: 0.328 (0.005)  ,  ForwardTime: 0.045  ,  TotalTime: 0.378  ,  Loss/total: 3.48620  ,  Loss/ce: 3.44698  ,  IoU: 0.72761  ,  pro_loss: 0.19608
[train: Epoch 28, 1700 / 1875] FPS: 84.5 (603.7)  ,  DataTime: 0.329 (0.005)  ,  ForwardTime: 0.045  ,  TotalTime: 0.379  ,  Loss/total: 3.48496  ,  Loss/ce: 3.44570  ,  IoU: 0.72792  ,  pro_loss: 0.19627
[train: Epoch 28, 1750 / 1875] FPS: 84.6 (595.2)  ,  DataTime: 0.328 (0.005)  ,  ForwardTime: 0.045  ,  TotalTime: 0.378  ,  Loss/total: 3.48452  ,  Loss/ce: 3.44524  ,  IoU: 0.72812  ,  pro_loss: 0.19639
[train: Epoch 28, 1800 / 1875] FPS: 84.8 (624.3)  ,  DataTime: 0.327 (0.005)  ,  ForwardTime: 0.045  ,  TotalTime: 0.377  ,  Loss/total: 3.48502  ,  Loss/ce: 3.44573  ,  IoU: 0.72795  ,  pro_loss: 0.19641
[train: Epoch 28, 1850 / 1875] FPS: 84.6 (28.3)  ,  DataTime: 0.328 (0.005)  ,  ForwardTime: 0.045  ,  TotalTime: 0.378  ,  Loss/total: 3.48524  ,  Loss/ce: 3.44597  ,  IoU: 0.72797  ,  pro_loss: 0.19632
[train: Epoch 28, 1875 / 1875] FPS: 85.0 (656.5)  ,  DataTime: 0.327 (0.005)  ,  ForwardTime: 0.045  ,  TotalTime: 0.377  ,  Loss/total: 3.48584  ,  Loss/ce: 3.44659  ,  IoU: 0.72808  ,  pro_loss: 0.19626
[train: Epoch 29, 50 / 1875] FPS: 69.9 (13.7)  ,  DataTime: 0.406 (0.005)  ,  ForwardTime: 0.046  ,  TotalTime: 0.458  ,  Loss/total: 3.49476  ,  Loss/ce: 3.45580  ,  IoU: 0.72203  ,  pro_loss: 0.19479
[train: Epoch 29, 100 / 1875] FPS: 83.5 (623.3)  ,  DataTime: 0.333 (0.005)  ,  ForwardTime: 0.046  ,  TotalTime: 0.383  ,  Loss/total: 3.49911  ,  Loss/ce: 3.46082  ,  IoU: 0.72223  ,  pro_loss: 0.19146
[train: Epoch 29, 150 / 1875] FPS: 85.7 (595.5)  ,  DataTime: 0.323 (0.005)  ,  ForwardTime: 0.045  ,  TotalTime: 0.373  ,  Loss/total: 3.50150  ,  Loss/ce: 3.46306  ,  IoU: 0.72404  ,  pro_loss: 0.19222
[train: Epoch 29, 200 / 1875] FPS: 84.5 (584.7)  ,  DataTime: 0.329 (0.005)  ,  ForwardTime: 0.045  ,  TotalTime: 0.379  ,  Loss/total: 3.49056  ,  Loss/ce: 3.45262  ,  IoU: 0.72625  ,  pro_loss: 0.18969
[train: Epoch 29, 250 / 1875] FPS: 85.6 (600.3)  ,  DataTime: 0.324 (0.005)  ,  ForwardTime: 0.045  ,  TotalTime: 0.374  ,  Loss/total: 3.49151  ,  Loss/ce: 3.45367  ,  IoU: 0.72629  ,  pro_loss: 0.18921
[train: Epoch 29, 300 / 1875] FPS: 85.3 (610.2)  ,  DataTime: 0.325 (0.005)  ,  ForwardTime: 0.045  ,  TotalTime: 0.375  ,  Loss/total: 3.48630  ,  Loss/ce: 3.44861  ,  IoU: 0.72661  ,  pro_loss: 0.18844
[train: Epoch 29, 350 / 1875] FPS: 86.7 (611.5)  ,  DataTime: 0.319 (0.005)  ,  ForwardTime: 0.045  ,  TotalTime: 0.369  ,  Loss/total: 3.48524  ,  Loss/ce: 3.44731  ,  IoU: 0.72714  ,  pro_loss: 0.18965
[train: Epoch 29, 400 / 1875] FPS: 85.8 (14.8)  ,  DataTime: 0.323 (0.005)  ,  ForwardTime: 0.045  ,  TotalTime: 0.373  ,  Loss/total: 3.48503  ,  Loss/ce: 3.44703  ,  IoU: 0.72692  ,  pro_loss: 0.18998
[train: Epoch 29, 450 / 1875] FPS: 86.0 (601.7)  ,  DataTime: 0.322 (0.005)  ,  ForwardTime: 0.045  ,  TotalTime: 0.372  ,  Loss/total: 3.48525  ,  Loss/ce: 3.44717  ,  IoU: 0.72653  ,  pro_loss: 0.19037
[train: Epoch 29, 500 / 1875] FPS: 86.3 (609.1)  ,  DataTime: 0.320 (0.005)  ,  ForwardTime: 0.045  ,  TotalTime: 0.371  ,  Loss/total: 3.48482  ,  Loss/ce: 3.44664  ,  IoU: 0.72727  ,  pro_loss: 0.19090
[train: Epoch 29, 550 / 1875] FPS: 86.4 (575.4)  ,  DataTime: 0.320 (0.005)  ,  ForwardTime: 0.045  ,  TotalTime: 0.370  ,  Loss/total: 3.48479  ,  Loss/ce: 3.44638  ,  IoU: 0.72744  ,  pro_loss: 0.19203
[train: Epoch 29, 600 / 1875] FPS: 87.3 (627.6)  ,  DataTime: 0.316 (0.005)  ,  ForwardTime: 0.045  ,  TotalTime: 0.366  ,  Loss/total: 3.48465  ,  Loss/ce: 3.44618  ,  IoU: 0.72739  ,  pro_loss: 0.19236
[train: Epoch 29, 650 / 1875] FPS: 87.3 (29.0)  ,  DataTime: 0.316 (0.005)  ,  ForwardTime: 0.045  ,  TotalTime: 0.366  ,  Loss/total: 3.48514  ,  Loss/ce: 3.44659  ,  IoU: 0.72722  ,  pro_loss: 0.19277
[train: Epoch 29, 700 / 1875] FPS: 87.3 (600.9)  ,  DataTime: 0.316 (0.005)  ,  ForwardTime: 0.045  ,  TotalTime: 0.367  ,  Loss/total: 3.48419  ,  Loss/ce: 3.44562  ,  IoU: 0.72729  ,  pro_loss: 0.19284
[train: Epoch 29, 750 / 1875] FPS: 87.5 (592.2)  ,  DataTime: 0.315 (0.005)  ,  ForwardTime: 0.045  ,  TotalTime: 0.366  ,  Loss/total: 3.48245  ,  Loss/ce: 3.44390  ,  IoU: 0.72737  ,  pro_loss: 0.19278
[train: Epoch 29, 800 / 1875] FPS: 87.2 (600.6)  ,  DataTime: 0.317 (0.005)  ,  ForwardTime: 0.045  ,  TotalTime: 0.367  ,  Loss/total: 3.48158  ,  Loss/ce: 3.44287  ,  IoU: 0.72773  ,  pro_loss: 0.19356
[train: Epoch 29, 850 / 1875] FPS: 88.1 (621.6)  ,  DataTime: 0.313 (0.005)  ,  ForwardTime: 0.045  ,  TotalTime: 0.363  ,  Loss/total: 3.48241  ,  Loss/ce: 3.44369  ,  IoU: 0.72783  ,  pro_loss: 0.19357
[train: Epoch 29, 900 / 1875] FPS: 88.7 (43.0)  ,  DataTime: 0.311 (0.005)  ,  ForwardTime: 0.045  ,  TotalTime: 0.361  ,  Loss/total: 3.48226  ,  Loss/ce: 3.44355  ,  IoU: 0.72784  ,  pro_loss: 0.19352
[train: Epoch 29, 950 / 1875] FPS: 88.2 (610.3)  ,  DataTime: 0.313 (0.005)  ,  ForwardTime: 0.045  ,  TotalTime: 0.363  ,  Loss/total: 3.48123  ,  Loss/ce: 3.44250  ,  IoU: 0.72826  ,  pro_loss: 0.19370
[train: Epoch 29, 1000 / 1875] FPS: 88.6 (585.5)  ,  DataTime: 0.311 (0.005)  ,  ForwardTime: 0.045  ,  TotalTime: 0.361  ,  Loss/total: 3.48035  ,  Loss/ce: 3.44161  ,  IoU: 0.72856  ,  pro_loss: 0.19366
[train: Epoch 29, 1050 / 1875] FPS: 88.6 (557.7)  ,  DataTime: 0.311 (0.005)  ,  ForwardTime: 0.045  ,  TotalTime: 0.361  ,  Loss/total: 3.47952  ,  Loss/ce: 3.44084  ,  IoU: 0.72875  ,  pro_loss: 0.19336
[train: Epoch 29, 1100 / 1875] FPS: 88.6 (588.0)  ,  DataTime: 0.311 (0.005)  ,  ForwardTime: 0.045  ,  TotalTime: 0.361  ,  Loss/total: 3.47992  ,  Loss/ce: 3.44125  ,  IoU: 0.72868  ,  pro_loss: 0.19333
[train: Epoch 29, 1150 / 1875] FPS: 88.4 (565.6)  ,  DataTime: 0.312 (0.005)  ,  ForwardTime: 0.045  ,  TotalTime: 0.362  ,  Loss/total: 3.47958  ,  Loss/ce: 3.44094  ,  IoU: 0.72878  ,  pro_loss: 0.19320
[train: Epoch 29, 1200 / 1875] FPS: 88.6 (599.5)  ,  DataTime: 0.311 (0.005)  ,  ForwardTime: 0.045  ,  TotalTime: 0.361  ,  Loss/total: 3.47934  ,  Loss/ce: 3.44070  ,  IoU: 0.72902  ,  pro_loss: 0.19323
[train: Epoch 29, 1250 / 1875] FPS: 88.7 (76.8)  ,  DataTime: 0.311 (0.005)  ,  ForwardTime: 0.045  ,  TotalTime: 0.361  ,  Loss/total: 3.47935  ,  Loss/ce: 3.44069  ,  IoU: 0.72900  ,  pro_loss: 0.19328
[train: Epoch 29, 1300 / 1875] FPS: 88.7 (329.3)  ,  DataTime: 0.311 (0.005)  ,  ForwardTime: 0.045  ,  TotalTime: 0.361  ,  Loss/total: 3.47940  ,  Loss/ce: 3.44076  ,  IoU: 0.72916  ,  pro_loss: 0.19319
[train: Epoch 29, 1350 / 1875] FPS: 88.5 (634.9)  ,  DataTime: 0.312 (0.005)  ,  ForwardTime: 0.045  ,  TotalTime: 0.362  ,  Loss/total: 3.47974  ,  Loss/ce: 3.44108  ,  IoU: 0.72916  ,  pro_loss: 0.19329
[train: Epoch 29, 1400 / 1875] FPS: 88.5 (607.8)  ,  DataTime: 0.311 (0.005)  ,  ForwardTime: 0.045  ,  TotalTime: 0.362  ,  Loss/total: 3.47961  ,  Loss/ce: 3.44094  ,  IoU: 0.72917  ,  pro_loss: 0.19336
[train: Epoch 29, 1450 / 1875] FPS: 88.4 (602.3)  ,  DataTime: 0.312 (0.005)  ,  ForwardTime: 0.045  ,  TotalTime: 0.362  ,  Loss/total: 3.47940  ,  Loss/ce: 3.44073  ,  IoU: 0.72910  ,  pro_loss: 0.19333
[train: Epoch 29, 1500 / 1875] FPS: 88.5 (28.8)  ,  DataTime: 0.312 (0.005)  ,  ForwardTime: 0.045  ,  TotalTime: 0.362  ,  Loss/total: 3.47922  ,  Loss/ce: 3.44059  ,  IoU: 0.72897  ,  pro_loss: 0.19317
[train: Epoch 29, 1550 / 1875] FPS: 88.5 (584.2)  ,  DataTime: 0.311 (0.005)  ,  ForwardTime: 0.045  ,  TotalTime: 0.361  ,  Loss/total: 3.47892  ,  Loss/ce: 3.44029  ,  IoU: 0.72902  ,  pro_loss: 0.19315
[train: Epoch 29, 1600 / 1875] FPS: 88.6 (590.1)  ,  DataTime: 0.311 (0.005)  ,  ForwardTime: 0.045  ,  TotalTime: 0.361  ,  Loss/total: 3.47896  ,  Loss/ce: 3.44032  ,  IoU: 0.72885  ,  pro_loss: 0.19316
[train: Epoch 29, 1650 / 1875] FPS: 88.7 (600.1)  ,  DataTime: 0.311 (0.005)  ,  ForwardTime: 0.045  ,  TotalTime: 0.361  ,  Loss/total: 3.47838  ,  Loss/ce: 3.43978  ,  IoU: 0.72893  ,  pro_loss: 0.19303
[train: Epoch 29, 1700 / 1875] FPS: 88.8 (22.2)  ,  DataTime: 0.310 (0.005)  ,  ForwardTime: 0.045  ,  TotalTime: 0.360  ,  Loss/total: 3.47794  ,  Loss/ce: 3.43936  ,  IoU: 0.72887  ,  pro_loss: 0.19290
[train: Epoch 29, 1750 / 1875] FPS: 88.8 (567.3)  ,  DataTime: 0.310 (0.005)  ,  ForwardTime: 0.045  ,  TotalTime: 0.360  ,  Loss/total: 3.47769  ,  Loss/ce: 3.43914  ,  IoU: 0.72899  ,  pro_loss: 0.19277
[train: Epoch 29, 1800 / 1875] FPS: 89.1 (627.6)  ,  DataTime: 0.309 (0.005)  ,  ForwardTime: 0.045  ,  TotalTime: 0.359  ,  Loss/total: 3.47787  ,  Loss/ce: 3.43933  ,  IoU: 0.72908  ,  pro_loss: 0.19266
[train: Epoch 29, 1850 / 1875] FPS: 89.2 (609.9)  ,  DataTime: 0.309 (0.005)  ,  ForwardTime: 0.045  ,  TotalTime: 0.359  ,  Loss/total: 3.47776  ,  Loss/ce: 3.43926  ,  IoU: 0.72903  ,  pro_loss: 0.19250
[train: Epoch 29, 1875 / 1875] FPS: 89.5 (615.4)  ,  DataTime: 0.307 (0.005)  ,  ForwardTime: 0.045  ,  TotalTime: 0.357  ,  Loss/total: 3.47735  ,  Loss/ce: 3.43885  ,  IoU: 0.72903  ,  pro_loss: 0.19251
[train: Epoch 30, 50 / 1875] FPS: 86.0 (129.4)  ,  DataTime: 0.322 (0.005)  ,  ForwardTime: 0.045  ,  TotalTime: 0.372  ,  Loss/total: 3.47618  ,  Loss/ce: 3.43648  ,  IoU: 0.73273  ,  pro_loss: 0.19854
[train: Epoch 30, 100 / 1875] FPS: 89.1 (35.5)  ,  DataTime: 0.309 (0.005)  ,  ForwardTime: 0.045  ,  TotalTime: 0.359  ,  Loss/total: 3.48851  ,  Loss/ce: 3.44928  ,  IoU: 0.73049  ,  pro_loss: 0.19615
[train: Epoch 30, 150 / 1875] FPS: 92.6 (602.3)  ,  DataTime: 0.296 (0.005)  ,  ForwardTime: 0.045  ,  TotalTime: 0.346  ,  Loss/total: 3.48192  ,  Loss/ce: 3.44273  ,  IoU: 0.73107  ,  pro_loss: 0.19597
[train: Epoch 30, 200 / 1875] FPS: 90.0 (592.6)  ,  DataTime: 0.306 (0.005)  ,  ForwardTime: 0.045  ,  TotalTime: 0.356  ,  Loss/total: 3.48198  ,  Loss/ce: 3.44321  ,  IoU: 0.73159  ,  pro_loss: 0.19385
[train: Epoch 30, 250 / 1875] FPS: 93.0 (586.0)  ,  DataTime: 0.294 (0.005)  ,  ForwardTime: 0.045  ,  TotalTime: 0.344  ,  Loss/total: 3.47712  ,  Loss/ce: 3.43806  ,  IoU: 0.73223  ,  pro_loss: 0.19529
[train: Epoch 30, 300 / 1875] FPS: 92.9 (623.5)  ,  DataTime: 0.294 (0.005)  ,  ForwardTime: 0.045  ,  TotalTime: 0.344  ,  Loss/total: 3.47698  ,  Loss/ce: 3.43790  ,  IoU: 0.73141  ,  pro_loss: 0.19538
[train: Epoch 30, 350 / 1875] FPS: 94.6 (607.4)  ,  DataTime: 0.288 (0.005)  ,  ForwardTime: 0.045  ,  TotalTime: 0.338  ,  Loss/total: 3.47982  ,  Loss/ce: 3.44101  ,  IoU: 0.72993  ,  pro_loss: 0.19408
[train: Epoch 30, 400 / 1875] FPS: 93.9 (27.5)  ,  DataTime: 0.291 (0.005)  ,  ForwardTime: 0.045  ,  TotalTime: 0.341  ,  Loss/total: 3.47675  ,  Loss/ce: 3.43792  ,  IoU: 0.73031  ,  pro_loss: 0.19417
[train: Epoch 30, 450 / 1875] FPS: 93.6 (609.5)  ,  DataTime: 0.292 (0.005)  ,  ForwardTime: 0.045  ,  TotalTime: 0.342  ,  Loss/total: 3.47653  ,  Loss/ce: 3.43782  ,  IoU: 0.73041  ,  pro_loss: 0.19354
[train: Epoch 30, 500 / 1875] FPS: 95.2 (605.8)  ,  DataTime: 0.286 (0.005)  ,  ForwardTime: 0.045  ,  TotalTime: 0.336  ,  Loss/total: 3.47608  ,  Loss/ce: 3.43743  ,  IoU: 0.72994  ,  pro_loss: 0.19325
[train: Epoch 30, 550 / 1875] FPS: 95.3 (46.3)  ,  DataTime: 0.286 (0.005)  ,  ForwardTime: 0.045  ,  TotalTime: 0.336  ,  Loss/total: 3.47451  ,  Loss/ce: 3.43581  ,  IoU: 0.72999  ,  pro_loss: 0.19347
[train: Epoch 30, 600 / 1875] FPS: 95.6 (585.5)  ,  DataTime: 0.285 (0.005)  ,  ForwardTime: 0.045  ,  TotalTime: 0.335  ,  Loss/total: 3.47313  ,  Loss/ce: 3.43449  ,  IoU: 0.73052  ,  pro_loss: 0.19316
[train: Epoch 30, 650 / 1875] FPS: 95.8 (590.7)  ,  DataTime: 0.284 (0.005)  ,  ForwardTime: 0.045  ,  TotalTime: 0.334  ,  Loss/total: 3.47129  ,  Loss/ce: 3.43266  ,  IoU: 0.73041  ,  pro_loss: 0.19316
[train: Epoch 30, 700 / 1875] FPS: 96.3 (65.2)  ,  DataTime: 0.282 (0.005)  ,  ForwardTime: 0.045  ,  TotalTime: 0.332  ,  Loss/total: 3.47074  ,  Loss/ce: 3.43209  ,  IoU: 0.73013  ,  pro_loss: 0.19326
[train: Epoch 30, 750 / 1875] FPS: 97.0 (604.9)  ,  DataTime: 0.280 (0.005)  ,  ForwardTime: 0.045  ,  TotalTime: 0.330  ,  Loss/total: 3.47186  ,  Loss/ce: 3.43320  ,  IoU: 0.72991  ,  pro_loss: 0.19326
[train: Epoch 30, 800 / 1875] FPS: 96.8 (543.5)  ,  DataTime: 0.281 (0.005)  ,  ForwardTime: 0.045  ,  TotalTime: 0.331  ,  Loss/total: 3.47083  ,  Loss/ce: 3.43216  ,  IoU: 0.73047  ,  pro_loss: 0.19335
[train: Epoch 30, 850 / 1875] FPS: 96.7 (583.6)  ,  DataTime: 0.281 (0.005)  ,  ForwardTime: 0.045  ,  TotalTime: 0.331  ,  Loss/total: 3.47042  ,  Loss/ce: 3.43168  ,  IoU: 0.73065  ,  pro_loss: 0.19370
[train: Epoch 30, 900 / 1875] FPS: 96.9 (602.6)  ,  DataTime: 0.280 (0.005)  ,  ForwardTime: 0.045  ,  TotalTime: 0.330  ,  Loss/total: 3.46850  ,  Loss/ce: 3.42986  ,  IoU: 0.73098  ,  pro_loss: 0.19323
[train: Epoch 30, 950 / 1875] FPS: 96.5 (571.9)  ,  DataTime: 0.282 (0.005)  ,  ForwardTime: 0.045  ,  TotalTime: 0.332  ,  Loss/total: 3.46932  ,  Loss/ce: 3.43067  ,  IoU: 0.73091  ,  pro_loss: 0.19325
[train: Epoch 30, 1000 / 1875] FPS: 96.6 (581.8)  ,  DataTime: 0.281 (0.005)  ,  ForwardTime: 0.045  ,  TotalTime: 0.331  ,  Loss/total: 3.46993  ,  Loss/ce: 3.43125  ,  IoU: 0.73077  ,  pro_loss: 0.19340
[train: Epoch 30, 1050 / 1875] FPS: 97.1 (606.9)  ,  DataTime: 0.279 (0.005)  ,  ForwardTime: 0.045  ,  TotalTime: 0.329  ,  Loss/total: 3.47097  ,  Loss/ce: 3.43229  ,  IoU: 0.73102  ,  pro_loss: 0.19338
[train: Epoch 30, 1100 / 1875] FPS: 96.8 (613.3)  ,  DataTime: 0.280 (0.005)  ,  ForwardTime: 0.045  ,  TotalTime: 0.330  ,  Loss/total: 3.46943  ,  Loss/ce: 3.43075  ,  IoU: 0.73122  ,  pro_loss: 0.19342
[train: Epoch 30, 1150 / 1875] FPS: 96.9 (588.6)  ,  DataTime: 0.280 (0.005)  ,  ForwardTime: 0.045  ,  TotalTime: 0.330  ,  Loss/total: 3.46963  ,  Loss/ce: 3.43099  ,  IoU: 0.73127  ,  pro_loss: 0.19320
[train: Epoch 30, 1200 / 1875] FPS: 97.2 (542.5)  ,  DataTime: 0.279 (0.005)  ,  ForwardTime: 0.045  ,  TotalTime: 0.329  ,  Loss/total: 3.47007  ,  Loss/ce: 3.43141  ,  IoU: 0.73125  ,  pro_loss: 0.19329
[train: Epoch 30, 1250 / 1875] FPS: 97.5 (591.5)  ,  DataTime: 0.278 (0.005)  ,  ForwardTime: 0.045  ,  TotalTime: 0.328  ,  Loss/total: 3.47065  ,  Loss/ce: 3.43199  ,  IoU: 0.73133  ,  pro_loss: 0.19327
[train: Epoch 30, 1300 / 1875] FPS: 97.6 (632.8)  ,  DataTime: 0.278 (0.005)  ,  ForwardTime: 0.045  ,  TotalTime: 0.328  ,  Loss/total: 3.47051  ,  Loss/ce: 3.43189  ,  IoU: 0.73129  ,  pro_loss: 0.19308
[train: Epoch 30, 1350 / 1875] FPS: 97.4 (612.9)  ,  DataTime: 0.278 (0.005)  ,  ForwardTime: 0.045  ,  TotalTime: 0.329  ,  Loss/total: 3.47044  ,  Loss/ce: 3.43187  ,  IoU: 0.73099  ,  pro_loss: 0.19282
[train: Epoch 30, 1400 / 1875] FPS: 97.2 (600.4)  ,  DataTime: 0.279 (0.005)  ,  ForwardTime: 0.045  ,  TotalTime: 0.329  ,  Loss/total: 3.47006  ,  Loss/ce: 3.43155  ,  IoU: 0.73106  ,  pro_loss: 0.19254
[train: Epoch 30, 1450 / 1875] FPS: 97.1 (619.8)  ,  DataTime: 0.279 (0.005)  ,  ForwardTime: 0.045  ,  TotalTime: 0.329  ,  Loss/total: 3.47004  ,  Loss/ce: 3.43155  ,  IoU: 0.73096  ,  pro_loss: 0.19249
[train: Epoch 30, 1500 / 1875] FPS: 96.6 (611.0)  ,  DataTime: 0.281 (0.005)  ,  ForwardTime: 0.045  ,  TotalTime: 0.331  ,  Loss/total: 3.47018  ,  Loss/ce: 3.43172  ,  IoU: 0.73078  ,  pro_loss: 0.19226
[train: Epoch 30, 1550 / 1875] FPS: 96.2 (605.2)  ,  DataTime: 0.283 (0.005)  ,  ForwardTime: 0.045  ,  TotalTime: 0.333  ,  Loss/total: 3.47036  ,  Loss/ce: 3.43190  ,  IoU: 0.73099  ,  pro_loss: 0.19229
[train: Epoch 30, 1600 / 1875] FPS: 95.7 (57.9)  ,  DataTime: 0.284 (0.005)  ,  ForwardTime: 0.045  ,  TotalTime: 0.334  ,  Loss/total: 3.46964  ,  Loss/ce: 3.43115  ,  IoU: 0.73140  ,  pro_loss: 0.19244
[train: Epoch 30, 1650 / 1875] FPS: 94.7 (12.1)  ,  DataTime: 0.288 (0.005)  ,  ForwardTime: 0.045  ,  TotalTime: 0.338  ,  Loss/total: 3.46953  ,  Loss/ce: 3.43107  ,  IoU: 0.73143  ,  pro_loss: 0.19232
[train: Epoch 30, 1700 / 1875] FPS: 94.2 (613.2)  ,  DataTime: 0.289 (0.005)  ,  ForwardTime: 0.045  ,  TotalTime: 0.340  ,  Loss/total: 3.46996  ,  Loss/ce: 3.43149  ,  IoU: 0.73125  ,  pro_loss: 0.19235
[train: Epoch 30, 1750 / 1875] FPS: 94.2 (578.9)  ,  DataTime: 0.289 (0.005)  ,  ForwardTime: 0.045  ,  TotalTime: 0.340  ,  Loss/total: 3.46987  ,  Loss/ce: 3.43139  ,  IoU: 0.73124  ,  pro_loss: 0.19240
[train: Epoch 30, 1800 / 1875] FPS: 93.6 (603.5)  ,  DataTime: 0.292 (0.005)  ,  ForwardTime: 0.045  ,  TotalTime: 0.342  ,  Loss/total: 3.46953  ,  Loss/ce: 3.43109  ,  IoU: 0.73137  ,  pro_loss: 0.19219
[train: Epoch 30, 1850 / 1875] FPS: 93.1 (572.6)  ,  DataTime: 0.294 (0.005)  ,  ForwardTime: 0.045  ,  TotalTime: 0.344  ,  Loss/total: 3.46932  ,  Loss/ce: 3.43084  ,  IoU: 0.73156  ,  pro_loss: 0.19236
[train: Epoch 30, 1875 / 1875] FPS: 93.4 (613.3)  ,  DataTime: 0.293 (0.005)  ,  ForwardTime: 0.045  ,  TotalTime: 0.343  ,  Loss/total: 3.46950  ,  Loss/ce: 3.43105  ,  IoU: 0.73154  ,  pro_loss: 0.19227
[val: Epoch 30, 50 / 312] FPS: 61.3 (21.6)  ,  DataTime: 0.481 (0.006)  ,  ForwardTime: 0.035  ,  TotalTime: 0.522  ,  Loss/total: nan  ,  Loss/giou: 0.31525  ,  Loss/l1: 0.02345  ,  Loss/location: nan  ,  pro_loss: 0.13542  ,  IoU: 0.71176
[val: Epoch 30, 100 / 312] FPS: 63.8 (944.4)  ,  DataTime: 0.466 (0.006)  ,  ForwardTime: 0.030  ,  TotalTime: 0.502  ,  Loss/total: nan  ,  Loss/giou: 0.31893  ,  Loss/l1: 0.02365  ,  Loss/location: nan  ,  pro_loss: 0.13031  ,  IoU: 0.70912
[val: Epoch 30, 150 / 312] FPS: 68.3 (939.4)  ,  DataTime: 0.434 (0.006)  ,  ForwardTime: 0.028  ,  TotalTime: 0.468  ,  Loss/total: nan  ,  Loss/giou: 0.31747  ,  Loss/l1: 0.02346  ,  Loss/location: nan  ,  pro_loss: 0.13132  ,  IoU: 0.71011
[val: Epoch 30, 200 / 312] FPS: 70.5 (891.6)  ,  DataTime: 0.420 (0.006)  ,  ForwardTime: 0.028  ,  TotalTime: 0.454  ,  Loss/total: nan  ,  Loss/giou: 0.31953  ,  Loss/l1: 0.02362  ,  Loss/location: nan  ,  pro_loss: 0.13047  ,  IoU: 0.70833
[val: Epoch 30, 250 / 312] FPS: 71.5 (23.6)  ,  DataTime: 0.414 (0.006)  ,  ForwardTime: 0.027  ,  TotalTime: 0.448  ,  Loss/total: nan  ,  Loss/giou: 0.31677  ,  Loss/l1: 0.02321  ,  Loss/location: nan  ,  pro_loss: 0.13113  ,  IoU: 0.71016
[val: Epoch 30, 300 / 312] FPS: 72.5 (962.7)  ,  DataTime: 0.408 (0.006)  ,  ForwardTime: 0.027  ,  TotalTime: 0.441  ,  Loss/total: nan  ,  Loss/giou: 0.31607  ,  Loss/l1: 0.02314  ,  Loss/location: nan  ,  pro_loss: 0.13122  ,  IoU: 0.71066
[val: Epoch 30, 312 / 312] FPS: 74.4 (1015.1)  ,  DataTime: 0.397 (0.006)  ,  ForwardTime: 0.027  ,  TotalTime: 0.430  ,  Loss/total: nan  ,  Loss/giou: 0.31664  ,  Loss/l1: 0.02313  ,  Loss/location: nan  ,  pro_loss: 0.13121  ,  IoU: 0.71005
[train: Epoch 31, 50 / 1875] FPS: 64.3 (573.0)  ,  DataTime: 0.447 (0.005)  ,  ForwardTime: 0.046  ,  TotalTime: 0.498  ,  Loss/total: 3.46000  ,  Loss/ce: 3.41933  ,  IoU: 0.73459  ,  pro_loss: 0.20333
[train: Epoch 31, 100 / 1875] FPS: 66.9 (608.9)  ,  DataTime: 0.428 (0.005)  ,  ForwardTime: 0.045  ,  TotalTime: 0.478  ,  Loss/total: 3.46528  ,  Loss/ce: 3.42563  ,  IoU: 0.73527  ,  pro_loss: 0.19823
[train: Epoch 31, 150 / 1875] FPS: 68.7 (576.2)  ,  DataTime: 0.416 (0.005)  ,  ForwardTime: 0.045  ,  TotalTime: 0.466  ,  Loss/total: 3.46864  ,  Loss/ce: 3.42944  ,  IoU: 0.73222  ,  pro_loss: 0.19597
[train: Epoch 31, 200 / 1875] FPS: 71.1 (600.6)  ,  DataTime: 0.400 (0.005)  ,  ForwardTime: 0.045  ,  TotalTime: 0.450  ,  Loss/total: 3.46770  ,  Loss/ce: 3.42872  ,  IoU: 0.73065  ,  pro_loss: 0.19490
[train: Epoch 31, 250 / 1875] FPS: 70.8 (56.8)  ,  DataTime: 0.402 (0.005)  ,  ForwardTime: 0.045  ,  TotalTime: 0.452  ,  Loss/total: 3.47535  ,  Loss/ce: 3.43637  ,  IoU: 0.72907  ,  pro_loss: 0.19492
[train: Epoch 31, 300 / 1875] FPS: 71.6 (611.8)  ,  DataTime: 0.397 (0.005)  ,  ForwardTime: 0.045  ,  TotalTime: 0.447  ,  Loss/total: 3.47567  ,  Loss/ce: 3.43667  ,  IoU: 0.72960  ,  pro_loss: 0.19497
[train: Epoch 31, 350 / 1875] FPS: 71.8 (607.4)  ,  DataTime: 0.396 (0.005)  ,  ForwardTime: 0.045  ,  TotalTime: 0.446  ,  Loss/total: 3.47352  ,  Loss/ce: 3.43437  ,  IoU: 0.73030  ,  pro_loss: 0.19577
[train: Epoch 31, 400 / 1875] FPS: 72.4 (13.0)  ,  DataTime: 0.392 (0.005)  ,  ForwardTime: 0.045  ,  TotalTime: 0.442  ,  Loss/total: 3.47360  ,  Loss/ce: 3.43463  ,  IoU: 0.73010  ,  pro_loss: 0.19484
[train: Epoch 31, 450 / 1875] FPS: 73.1 (114.0)  ,  DataTime: 0.387 (0.005)  ,  ForwardTime: 0.045  ,  TotalTime: 0.438  ,  Loss/total: 3.47300  ,  Loss/ce: 3.43413  ,  IoU: 0.72965  ,  pro_loss: 0.19437
[train: Epoch 31, 500 / 1875] FPS: 73.9 (622.6)  ,  DataTime: 0.383 (0.005)  ,  ForwardTime: 0.045  ,  TotalTime: 0.433  ,  Loss/total: 3.46983  ,  Loss/ce: 3.43087  ,  IoU: 0.73050  ,  pro_loss: 0.19479
[train: Epoch 31, 550 / 1875] FPS: 73.3 (632.5)  ,  DataTime: 0.387 (0.005)  ,  ForwardTime: 0.045  ,  TotalTime: 0.437  ,  Loss/total: 3.46953  ,  Loss/ce: 3.43069  ,  IoU: 0.73081  ,  pro_loss: 0.19419
[train: Epoch 31, 600 / 1875] FPS: 73.9 (21.4)  ,  DataTime: 0.383 (0.005)  ,  ForwardTime: 0.045  ,  TotalTime: 0.433  ,  Loss/total: 3.46877  ,  Loss/ce: 3.42992  ,  IoU: 0.73117  ,  pro_loss: 0.19427
[train: Epoch 31, 650 / 1875] FPS: 74.8 (122.0)  ,  DataTime: 0.378 (0.005)  ,  ForwardTime: 0.045  ,  TotalTime: 0.428  ,  Loss/total: 3.46727  ,  Loss/ce: 3.42844  ,  IoU: 0.73157  ,  pro_loss: 0.19413
[train: Epoch 31, 700 / 1875] FPS: 75.4 (581.1)  ,  DataTime: 0.374 (0.005)  ,  ForwardTime: 0.045  ,  TotalTime: 0.424  ,  Loss/total: 3.46770  ,  Loss/ce: 3.42890  ,  IoU: 0.73157  ,  pro_loss: 0.19399
[train: Epoch 31, 750 / 1875] FPS: 75.6 (573.1)  ,  DataTime: 0.374 (0.005)  ,  ForwardTime: 0.045  ,  TotalTime: 0.423  ,  Loss/total: 3.46712  ,  Loss/ce: 3.42834  ,  IoU: 0.73151  ,  pro_loss: 0.19387
[train: Epoch 31, 800 / 1875] FPS: 75.4 (24.8)  ,  DataTime: 0.374 (0.005)  ,  ForwardTime: 0.045  ,  TotalTime: 0.424  ,  Loss/total: 3.46618  ,  Loss/ce: 3.42740  ,  IoU: 0.73156  ,  pro_loss: 0.19392
[train: Epoch 31, 850 / 1875] FPS: 75.8 (612.5)  ,  DataTime: 0.372 (0.005)  ,  ForwardTime: 0.045  ,  TotalTime: 0.422  ,  Loss/total: 3.46477  ,  Loss/ce: 3.42598  ,  IoU: 0.73202  ,  pro_loss: 0.19395
[train: Epoch 31, 900 / 1875] FPS: 76.1 (56.6)  ,  DataTime: 0.371 (0.005)  ,  ForwardTime: 0.045  ,  TotalTime: 0.420  ,  Loss/total: 3.46369  ,  Loss/ce: 3.42489  ,  IoU: 0.73210  ,  pro_loss: 0.19403
[train: Epoch 31, 950 / 1875] FPS: 76.0 (20.2)  ,  DataTime: 0.371 (0.005)  ,  ForwardTime: 0.045  ,  TotalTime: 0.421  ,  Loss/total: 3.46235  ,  Loss/ce: 3.42347  ,  IoU: 0.73232  ,  pro_loss: 0.19437
[train: Epoch 31, 1000 / 1875] FPS: 76.7 (52.6)  ,  DataTime: 0.367 (0.005)  ,  ForwardTime: 0.045  ,  TotalTime: 0.417  ,  Loss/total: 3.46344  ,  Loss/ce: 3.42454  ,  IoU: 0.73227  ,  pro_loss: 0.19449
[train: Epoch 31, 1050 / 1875] FPS: 76.8 (12.3)  ,  DataTime: 0.367 (0.005)  ,  ForwardTime: 0.045  ,  TotalTime: 0.417  ,  Loss/total: 3.46408  ,  Loss/ce: 3.42517  ,  IoU: 0.73158  ,  pro_loss: 0.19455
[train: Epoch 31, 1100 / 1875] FPS: 77.0 (15.4)  ,  DataTime: 0.365 (0.005)  ,  ForwardTime: 0.045  ,  TotalTime: 0.415  ,  Loss/total: 3.46376  ,  Loss/ce: 3.42483  ,  IoU: 0.73158  ,  pro_loss: 0.19461
[train: Epoch 31, 1150 / 1875] FPS: 77.7 (619.4)  ,  DataTime: 0.362 (0.005)  ,  ForwardTime: 0.045  ,  TotalTime: 0.412  ,  Loss/total: 3.46419  ,  Loss/ce: 3.42520  ,  IoU: 0.73182  ,  pro_loss: 0.19492
[train: Epoch 31, 1200 / 1875] FPS: 77.8 (74.8)  ,  DataTime: 0.362 (0.005)  ,  ForwardTime: 0.045  ,  TotalTime: 0.411  ,  Loss/total: 3.46318  ,  Loss/ce: 3.42415  ,  IoU: 0.73211  ,  pro_loss: 0.19516
[train: Epoch 31, 1250 / 1875] FPS: 77.7 (17.0)  ,  DataTime: 0.362 (0.005)  ,  ForwardTime: 0.045  ,  TotalTime: 0.412  ,  Loss/total: 3.46370  ,  Loss/ce: 3.42467  ,  IoU: 0.73203  ,  pro_loss: 0.19515
[train: Epoch 31, 1300 / 1875] FPS: 77.7 (12.7)  ,  DataTime: 0.362 (0.005)  ,  ForwardTime: 0.045  ,  TotalTime: 0.412  ,  Loss/total: 3.46404  ,  Loss/ce: 3.42499  ,  IoU: 0.73187  ,  pro_loss: 0.19524
[train: Epoch 31, 1350 / 1875] FPS: 78.0 (593.6)  ,  DataTime: 0.360 (0.005)  ,  ForwardTime: 0.045  ,  TotalTime: 0.410  ,  Loss/total: 3.46403  ,  Loss/ce: 3.42498  ,  IoU: 0.73164  ,  pro_loss: 0.19525
[train: Epoch 31, 1400 / 1875] FPS: 78.3 (629.5)  ,  DataTime: 0.359 (0.005)  ,  ForwardTime: 0.045  ,  TotalTime: 0.409  ,  Loss/total: 3.46370  ,  Loss/ce: 3.42465  ,  IoU: 0.73163  ,  pro_loss: 0.19524
[train: Epoch 31, 1450 / 1875] FPS: 78.1 (14.6)  ,  DataTime: 0.360 (0.005)  ,  ForwardTime: 0.045  ,  TotalTime: 0.409  ,  Loss/total: 3.46386  ,  Loss/ce: 3.42487  ,  IoU: 0.73170  ,  pro_loss: 0.19496
[train: Epoch 31, 1500 / 1875] FPS: 78.3 (550.4)  ,  DataTime: 0.359 (0.005)  ,  ForwardTime: 0.045  ,  TotalTime: 0.409  ,  Loss/total: 3.46464  ,  Loss/ce: 3.42564  ,  IoU: 0.73170  ,  pro_loss: 0.19503
[train: Epoch 31, 1550 / 1875] FPS: 78.5 (605.1)  ,  DataTime: 0.358 (0.005)  ,  ForwardTime: 0.045  ,  TotalTime: 0.408  ,  Loss/total: 3.46427  ,  Loss/ce: 3.42524  ,  IoU: 0.73172  ,  pro_loss: 0.19516
[train: Epoch 31, 1600 / 1875] FPS: 78.8 (39.9)  ,  DataTime: 0.356 (0.005)  ,  ForwardTime: 0.045  ,  TotalTime: 0.406  ,  Loss/total: 3.46436  ,  Loss/ce: 3.42531  ,  IoU: 0.73174  ,  pro_loss: 0.19522
[train: Epoch 31, 1650 / 1875] FPS: 78.6 (610.7)  ,  DataTime: 0.357 (0.005)  ,  ForwardTime: 0.045  ,  TotalTime: 0.407  ,  Loss/total: 3.46414  ,  Loss/ce: 3.42508  ,  IoU: 0.73161  ,  pro_loss: 0.19530
[train: Epoch 31, 1700 / 1875] FPS: 78.9 (576.1)  ,  DataTime: 0.355 (0.005)  ,  ForwardTime: 0.045  ,  TotalTime: 0.405  ,  Loss/total: 3.46448  ,  Loss/ce: 3.42541  ,  IoU: 0.73161  ,  pro_loss: 0.19534
[train: Epoch 31, 1750 / 1875] FPS: 78.8 (11.8)  ,  DataTime: 0.356 (0.005)  ,  ForwardTime: 0.045  ,  TotalTime: 0.406  ,  Loss/total: 3.46452  ,  Loss/ce: 3.42544  ,  IoU: 0.73155  ,  pro_loss: 0.19537
[train: Epoch 31, 1800 / 1875] FPS: 79.1 (614.6)  ,  DataTime: 0.355 (0.005)  ,  ForwardTime: 0.045  ,  TotalTime: 0.404  ,  Loss/total: 3.46492  ,  Loss/ce: 3.42587  ,  IoU: 0.73145  ,  pro_loss: 0.19524
[train: Epoch 31, 1850 / 1875] FPS: 79.5 (575.0)  ,  DataTime: 0.353 (0.005)  ,  ForwardTime: 0.045  ,  TotalTime: 0.403  ,  Loss/total: 3.46511  ,  Loss/ce: 3.42610  ,  IoU: 0.73129  ,  pro_loss: 0.19505
[train: Epoch 31, 1875 / 1875] FPS: 79.6 (620.0)  ,  DataTime: 0.352 (0.005)  ,  ForwardTime: 0.045  ,  TotalTime: 0.402  ,  Loss/total: 3.46509  ,  Loss/ce: 3.42606  ,  IoU: 0.73124  ,  pro_loss: 0.19516
[train: Epoch 32, 50 / 1875] FPS: 65.8 (10.8)  ,  DataTime: 0.437 (0.005)  ,  ForwardTime: 0.045  ,  TotalTime: 0.486  ,  Loss/total: 3.48408  ,  Loss/ce: 3.44500  ,  IoU: 0.72685  ,  pro_loss: 0.19541
[train: Epoch 32, 100 / 1875] FPS: 75.7 (589.2)  ,  DataTime: 0.373 (0.005)  ,  ForwardTime: 0.045  ,  TotalTime: 0.423  ,  Loss/total: 3.46956  ,  Loss/ce: 3.43100  ,  IoU: 0.73090  ,  pro_loss: 0.19281
[train: Epoch 32, 150 / 1875] FPS: 78.9 (614.2)  ,  DataTime: 0.356 (0.005)  ,  ForwardTime: 0.045  ,  TotalTime: 0.406  ,  Loss/total: 3.46659  ,  Loss/ce: 3.42820  ,  IoU: 0.73168  ,  pro_loss: 0.19194
[train: Epoch 32, 200 / 1875] FPS: 81.8 (602.5)  ,  DataTime: 0.341 (0.005)  ,  ForwardTime: 0.045  ,  TotalTime: 0.391  ,  Loss/total: 3.47113  ,  Loss/ce: 3.43279  ,  IoU: 0.72982  ,  pro_loss: 0.19172
[train: Epoch 32, 250 / 1875] FPS: 82.7 (616.3)  ,  DataTime: 0.337 (0.005)  ,  ForwardTime: 0.045  ,  TotalTime: 0.387  ,  Loss/total: 3.46850  ,  Loss/ce: 3.43039  ,  IoU: 0.73191  ,  pro_loss: 0.19054
[train: Epoch 32, 300 / 1875] FPS: 80.5 (11.9)  ,  DataTime: 0.348 (0.005)  ,  ForwardTime: 0.045  ,  TotalTime: 0.397  ,  Loss/total: 3.46716  ,  Loss/ce: 3.42898  ,  IoU: 0.73208  ,  pro_loss: 0.19087
[train: Epoch 32, 350 / 1875] FPS: 80.0 (563.5)  ,  DataTime: 0.350 (0.005)  ,  ForwardTime: 0.045  ,  TotalTime: 0.400  ,  Loss/total: 3.46635  ,  Loss/ce: 3.42812  ,  IoU: 0.73264  ,  pro_loss: 0.19116
[train: Epoch 32, 400 / 1875] FPS: 80.7 (578.5)  ,  DataTime: 0.347 (0.005)  ,  ForwardTime: 0.045  ,  TotalTime: 0.397  ,  Loss/total: 3.46843  ,  Loss/ce: 3.43029  ,  IoU: 0.73220  ,  pro_loss: 0.19073
[train: Epoch 32, 450 / 1875] FPS: 79.9 (580.5)  ,  DataTime: 0.351 (0.005)  ,  ForwardTime: 0.045  ,  TotalTime: 0.401  ,  Loss/total: 3.46749  ,  Loss/ce: 3.42932  ,  IoU: 0.73191  ,  pro_loss: 0.19086
[train: Epoch 32, 500 / 1875] FPS: 80.1 (565.4)  ,  DataTime: 0.350 (0.005)  ,  ForwardTime: 0.045  ,  TotalTime: 0.400  ,  Loss/total: 3.46651  ,  Loss/ce: 3.42828  ,  IoU: 0.73207  ,  pro_loss: 0.19119
[train: Epoch 32, 550 / 1875] FPS: 79.8 (581.5)  ,  DataTime: 0.351 (0.005)  ,  ForwardTime: 0.045  ,  TotalTime: 0.401  ,  Loss/total: 3.46665  ,  Loss/ce: 3.42828  ,  IoU: 0.73147  ,  pro_loss: 0.19184
[train: Epoch 32, 600 / 1875] FPS: 79.6 (577.2)  ,  DataTime: 0.352 (0.005)  ,  ForwardTime: 0.045  ,  TotalTime: 0.402  ,  Loss/total: 3.46557  ,  Loss/ce: 3.42717  ,  IoU: 0.73197  ,  pro_loss: 0.19200
[train: Epoch 32, 650 / 1875] FPS: 79.5 (587.3)  ,  DataTime: 0.353 (0.005)  ,  ForwardTime: 0.045  ,  TotalTime: 0.403  ,  Loss/total: 3.46619  ,  Loss/ce: 3.42783  ,  IoU: 0.73160  ,  pro_loss: 0.19176
[train: Epoch 32, 700 / 1875] FPS: 79.3 (577.4)  ,  DataTime: 0.353 (0.005)  ,  ForwardTime: 0.045  ,  TotalTime: 0.403  ,  Loss/total: 3.46591  ,  Loss/ce: 3.42749  ,  IoU: 0.73202  ,  pro_loss: 0.19205
[train: Epoch 32, 750 / 1875] FPS: 79.6 (628.7)  ,  DataTime: 0.352 (0.005)  ,  ForwardTime: 0.045  ,  TotalTime: 0.402  ,  Loss/total: 3.46449  ,  Loss/ce: 3.42596  ,  IoU: 0.73241  ,  pro_loss: 0.19265
[train: Epoch 32, 800 / 1875] FPS: 80.1 (578.3)  ,  DataTime: 0.349 (0.005)  ,  ForwardTime: 0.045  ,  TotalTime: 0.399  ,  Loss/total: 3.46358  ,  Loss/ce: 3.42496  ,  IoU: 0.73245  ,  pro_loss: 0.19311
[train: Epoch 32, 850 / 1875] FPS: 79.8 (605.8)  ,  DataTime: 0.351 (0.005)  ,  ForwardTime: 0.045  ,  TotalTime: 0.401  ,  Loss/total: 3.46431  ,  Loss/ce: 3.42557  ,  IoU: 0.73243  ,  pro_loss: 0.19371
[train: Epoch 32, 900 / 1875] FPS: 80.0 (48.8)  ,  DataTime: 0.350 (0.005)  ,  ForwardTime: 0.045  ,  TotalTime: 0.400  ,  Loss/total: 3.46304  ,  Loss/ce: 3.42426  ,  IoU: 0.73282  ,  pro_loss: 0.19392
[train: Epoch 32, 950 / 1875] FPS: 79.8 (571.8)  ,  DataTime: 0.351 (0.005)  ,  ForwardTime: 0.045  ,  TotalTime: 0.401  ,  Loss/total: 3.46431  ,  Loss/ce: 3.42549  ,  IoU: 0.73296  ,  pro_loss: 0.19410
[train: Epoch 32, 1000 / 1875] FPS: 80.4 (611.5)  ,  DataTime: 0.348 (0.005)  ,  ForwardTime: 0.045  ,  TotalTime: 0.398  ,  Loss/total: 3.46441  ,  Loss/ce: 3.42557  ,  IoU: 0.73301  ,  pro_loss: 0.19420
[train: Epoch 32, 1050 / 1875] FPS: 80.1 (575.9)  ,  DataTime: 0.349 (0.005)  ,  ForwardTime: 0.045  ,  TotalTime: 0.399  ,  Loss/total: 3.46290  ,  Loss/ce: 3.42403  ,  IoU: 0.73356  ,  pro_loss: 0.19434
[train: Epoch 32, 1100 / 1875] FPS: 80.6 (628.7)  ,  DataTime: 0.347 (0.005)  ,  ForwardTime: 0.045  ,  TotalTime: 0.397  ,  Loss/total: 3.46276  ,  Loss/ce: 3.42387  ,  IoU: 0.73329  ,  pro_loss: 0.19443
[train: Epoch 32, 1150 / 1875] FPS: 80.3 (637.1)  ,  DataTime: 0.348 (0.005)  ,  ForwardTime: 0.045  ,  TotalTime: 0.398  ,  Loss/total: 3.46260  ,  Loss/ce: 3.42368  ,  IoU: 0.73313  ,  pro_loss: 0.19462
[train: Epoch 32, 1200 / 1875] FPS: 80.7 (624.3)  ,  DataTime: 0.347 (0.005)  ,  ForwardTime: 0.045  ,  TotalTime: 0.397  ,  Loss/total: 3.46243  ,  Loss/ce: 3.42348  ,  IoU: 0.73302  ,  pro_loss: 0.19476
[train: Epoch 32, 1250 / 1875] FPS: 80.3 (11.7)  ,  DataTime: 0.348 (0.005)  ,  ForwardTime: 0.045  ,  TotalTime: 0.398  ,  Loss/total: 3.46272  ,  Loss/ce: 3.42374  ,  IoU: 0.73296  ,  pro_loss: 0.19492
[train: Epoch 32, 1300 / 1875] FPS: 80.7 (573.4)  ,  DataTime: 0.347 (0.005)  ,  ForwardTime: 0.045  ,  TotalTime: 0.396  ,  Loss/total: 3.46356  ,  Loss/ce: 3.42455  ,  IoU: 0.73282  ,  pro_loss: 0.19507
[train: Epoch 32, 1350 / 1875] FPS: 81.0 (630.3)  ,  DataTime: 0.345 (0.005)  ,  ForwardTime: 0.045  ,  TotalTime: 0.395  ,  Loss/total: 3.46322  ,  Loss/ce: 3.42417  ,  IoU: 0.73275  ,  pro_loss: 0.19524
[train: Epoch 32, 1400 / 1875] FPS: 81.2 (613.4)  ,  DataTime: 0.344 (0.005)  ,  ForwardTime: 0.045  ,  TotalTime: 0.394  ,  Loss/total: 3.46297  ,  Loss/ce: 3.42392  ,  IoU: 0.73266  ,  pro_loss: 0.19525
[train: Epoch 32, 1450 / 1875] FPS: 81.2 (615.2)  ,  DataTime: 0.344 (0.005)  ,  ForwardTime: 0.045  ,  TotalTime: 0.394  ,  Loss/total: 3.46333  ,  Loss/ce: 3.42421  ,  IoU: 0.73284  ,  pro_loss: 0.19561
[train: Epoch 32, 1500 / 1875] FPS: 81.4 (605.3)  ,  DataTime: 0.343 (0.005)  ,  ForwardTime: 0.045  ,  TotalTime: 0.393  ,  Loss/total: 3.46303  ,  Loss/ce: 3.42384  ,  IoU: 0.73295  ,  pro_loss: 0.19592
[train: Epoch 32, 1550 / 1875] FPS: 81.3 (579.5)  ,  DataTime: 0.344 (0.005)  ,  ForwardTime: 0.045  ,  TotalTime: 0.394  ,  Loss/total: 3.46309  ,  Loss/ce: 3.42388  ,  IoU: 0.73305  ,  pro_loss: 0.19610
[train: Epoch 32, 1600 / 1875] FPS: 81.2 (11.4)  ,  DataTime: 0.344 (0.005)  ,  ForwardTime: 0.045  ,  TotalTime: 0.394  ,  Loss/total: 3.46352  ,  Loss/ce: 3.42428  ,  IoU: 0.73295  ,  pro_loss: 0.19622
[train: Epoch 32, 1650 / 1875] FPS: 81.2 (23.1)  ,  DataTime: 0.344 (0.005)  ,  ForwardTime: 0.045  ,  TotalTime: 0.394  ,  Loss/total: 3.46360  ,  Loss/ce: 3.42438  ,  IoU: 0.73292  ,  pro_loss: 0.19612
[train: Epoch 32, 1700 / 1875] FPS: 81.0 (615.5)  ,  DataTime: 0.345 (0.005)  ,  ForwardTime: 0.045  ,  TotalTime: 0.395  ,  Loss/total: 3.46328  ,  Loss/ce: 3.42406  ,  IoU: 0.73298  ,  pro_loss: 0.19609
[train: Epoch 32, 1750 / 1875] FPS: 80.7 (565.3)  ,  DataTime: 0.346 (0.005)  ,  ForwardTime: 0.045  ,  TotalTime: 0.396  ,  Loss/total: 3.46267  ,  Loss/ce: 3.42343  ,  IoU: 0.73309  ,  pro_loss: 0.19617
[train: Epoch 32, 1800 / 1875] FPS: 80.1 (12.1)  ,  DataTime: 0.350 (0.005)  ,  ForwardTime: 0.045  ,  TotalTime: 0.400  ,  Loss/total: 3.46263  ,  Loss/ce: 3.42341  ,  IoU: 0.73295  ,  pro_loss: 0.19614
[train: Epoch 32, 1850 / 1875] FPS: 80.0 (572.1)  ,  DataTime: 0.350 (0.005)  ,  ForwardTime: 0.045  ,  TotalTime: 0.400  ,  Loss/total: 3.46207  ,  Loss/ce: 3.42281  ,  IoU: 0.73313  ,  pro_loss: 0.19632
[train: Epoch 32, 1875 / 1875] FPS: 80.2 (615.9)  ,  DataTime: 0.349 (0.005)  ,  ForwardTime: 0.045  ,  TotalTime: 0.399  ,  Loss/total: 3.46206  ,  Loss/ce: 3.42279  ,  IoU: 0.73323  ,  pro_loss: 0.19636
[train: Epoch 33, 50 / 1875] FPS: 61.1 (18.6)  ,  DataTime: 0.474 (0.005)  ,  ForwardTime: 0.045  ,  TotalTime: 0.524  ,  Loss/total: 3.42788  ,  Loss/ce: 3.38913  ,  IoU: 0.73855  ,  pro_loss: 0.19375
[train: Epoch 33, 100 / 1875] FPS: 71.1 (606.3)  ,  DataTime: 0.400 (0.005)  ,  ForwardTime: 0.045  ,  TotalTime: 0.450  ,  Loss/total: 3.44507  ,  Loss/ce: 3.40546  ,  IoU: 0.73459  ,  pro_loss: 0.19802
[train: Epoch 33, 150 / 1875] FPS: 72.3 (612.9)  ,  DataTime: 0.392 (0.005)  ,  ForwardTime: 0.045  ,  TotalTime: 0.442  ,  Loss/total: 3.45074  ,  Loss/ce: 3.41061  ,  IoU: 0.73311  ,  pro_loss: 0.20069
[train: Epoch 33, 200 / 1875] FPS: 73.2 (625.6)  ,  DataTime: 0.387 (0.005)  ,  ForwardTime: 0.045  ,  TotalTime: 0.437  ,  Loss/total: 3.44962  ,  Loss/ce: 3.40935  ,  IoU: 0.73423  ,  pro_loss: 0.20135
[train: Epoch 33, 250 / 1875] FPS: 74.2 (22.4)  ,  DataTime: 0.381 (0.005)  ,  ForwardTime: 0.045  ,  TotalTime: 0.431  ,  Loss/total: 3.45248  ,  Loss/ce: 3.41230  ,  IoU: 0.73251  ,  pro_loss: 0.20088
[train: Epoch 33, 300 / 1875] FPS: 73.2 (12.2)  ,  DataTime: 0.387 (0.005)  ,  ForwardTime: 0.045  ,  TotalTime: 0.437  ,  Loss/total: 3.45417  ,  Loss/ce: 3.41406  ,  IoU: 0.73221  ,  pro_loss: 0.20059
[train: Epoch 33, 350 / 1875] FPS: 74.2 (612.6)  ,  DataTime: 0.381 (0.005)  ,  ForwardTime: 0.045  ,  TotalTime: 0.431  ,  Loss/total: 3.45227  ,  Loss/ce: 3.41206  ,  IoU: 0.73372  ,  pro_loss: 0.20104
[train: Epoch 33, 400 / 1875] FPS: 75.1 (584.5)  ,  DataTime: 0.376 (0.005)  ,  ForwardTime: 0.045  ,  TotalTime: 0.426  ,  Loss/total: 3.45273  ,  Loss/ce: 3.41252  ,  IoU: 0.73327  ,  pro_loss: 0.20102
[train: Epoch 33, 450 / 1875] FPS: 75.4 (607.2)  ,  DataTime: 0.375 (0.005)  ,  ForwardTime: 0.045  ,  TotalTime: 0.425  ,  Loss/total: 3.45266  ,  Loss/ce: 3.41269  ,  IoU: 0.73290  ,  pro_loss: 0.19988
[train: Epoch 33, 500 / 1875] FPS: 76.0 (57.7)  ,  DataTime: 0.371 (0.005)  ,  ForwardTime: 0.045  ,  TotalTime: 0.421  ,  Loss/total: 3.45151  ,  Loss/ce: 3.41170  ,  IoU: 0.73336  ,  pro_loss: 0.19906
[train: Epoch 33, 550 / 1875] FPS: 76.2 (27.4)  ,  DataTime: 0.370 (0.005)  ,  ForwardTime: 0.045  ,  TotalTime: 0.420  ,  Loss/total: 3.45160  ,  Loss/ce: 3.41187  ,  IoU: 0.73333  ,  pro_loss: 0.19864
[train: Epoch 33, 600 / 1875] FPS: 76.2 (12.2)  ,  DataTime: 0.370 (0.005)  ,  ForwardTime: 0.045  ,  TotalTime: 0.420  ,  Loss/total: 3.45252  ,  Loss/ce: 3.41276  ,  IoU: 0.73302  ,  pro_loss: 0.19879
[train: Epoch 33, 650 / 1875] FPS: 76.4 (581.0)  ,  DataTime: 0.369 (0.005)  ,  ForwardTime: 0.045  ,  TotalTime: 0.419  ,  Loss/total: 3.45163  ,  Loss/ce: 3.41198  ,  IoU: 0.73310  ,  pro_loss: 0.19824
[train: Epoch 33, 700 / 1875] FPS: 76.7 (629.6)  ,  DataTime: 0.367 (0.005)  ,  ForwardTime: 0.045  ,  TotalTime: 0.417  ,  Loss/total: 3.45251  ,  Loss/ce: 3.41299  ,  IoU: 0.73273  ,  pro_loss: 0.19762
[train: Epoch 33, 750 / 1875] FPS: 77.0 (614.8)  ,  DataTime: 0.366 (0.005)  ,  ForwardTime: 0.045  ,  TotalTime: 0.416  ,  Loss/total: 3.45407  ,  Loss/ce: 3.41446  ,  IoU: 0.73296  ,  pro_loss: 0.19810
[train: Epoch 33, 800 / 1875] FPS: 76.9 (17.4)  ,  DataTime: 0.366 (0.005)  ,  ForwardTime: 0.045  ,  TotalTime: 0.416  ,  Loss/total: 3.45564  ,  Loss/ce: 3.41604  ,  IoU: 0.73272  ,  pro_loss: 0.19798
[train: Epoch 33, 850 / 1875] FPS: 77.7 (607.9)  ,  DataTime: 0.362 (0.005)  ,  ForwardTime: 0.045  ,  TotalTime: 0.412  ,  Loss/total: 3.45558  ,  Loss/ce: 3.41598  ,  IoU: 0.73308  ,  pro_loss: 0.19799
[train: Epoch 33, 900 / 1875] FPS: 77.5 (19.7)  ,  DataTime: 0.363 (0.005)  ,  ForwardTime: 0.045  ,  TotalTime: 0.413  ,  Loss/total: 3.45647  ,  Loss/ce: 3.41689  ,  IoU: 0.73288  ,  pro_loss: 0.19791
[train: Epoch 33, 950 / 1875] FPS: 78.1 (611.9)  ,  DataTime: 0.360 (0.005)  ,  ForwardTime: 0.045  ,  TotalTime: 0.410  ,  Loss/total: 3.45524  ,  Loss/ce: 3.41567  ,  IoU: 0.73309  ,  pro_loss: 0.19785
[train: Epoch 33, 1000 / 1875] FPS: 78.2 (625.3)  ,  DataTime: 0.359 (0.005)  ,  ForwardTime: 0.045  ,  TotalTime: 0.409  ,  Loss/total: 3.45439  ,  Loss/ce: 3.41480  ,  IoU: 0.73361  ,  pro_loss: 0.19794
[train: Epoch 33, 1050 / 1875] FPS: 78.9 (614.2)  ,  DataTime: 0.356 (0.005)  ,  ForwardTime: 0.045  ,  TotalTime: 0.406  ,  Loss/total: 3.45379  ,  Loss/ce: 3.41421  ,  IoU: 0.73380  ,  pro_loss: 0.19787
[train: Epoch 33, 1100 / 1875] FPS: 78.8 (610.7)  ,  DataTime: 0.356 (0.005)  ,  ForwardTime: 0.045  ,  TotalTime: 0.406  ,  Loss/total: 3.45377  ,  Loss/ce: 3.41419  ,  IoU: 0.73392  ,  pro_loss: 0.19789
[train: Epoch 33, 1150 / 1875] FPS: 79.2 (581.1)  ,  DataTime: 0.354 (0.005)  ,  ForwardTime: 0.045  ,  TotalTime: 0.404  ,  Loss/total: 3.45379  ,  Loss/ce: 3.41418  ,  IoU: 0.73429  ,  pro_loss: 0.19803
[train: Epoch 33, 1200 / 1875] FPS: 79.3 (631.7)  ,  DataTime: 0.354 (0.005)  ,  ForwardTime: 0.045  ,  TotalTime: 0.403  ,  Loss/total: 3.45281  ,  Loss/ce: 3.41324  ,  IoU: 0.73452  ,  pro_loss: 0.19780
[train: Epoch 33, 1250 / 1875] FPS: 79.7 (628.2)  ,  DataTime: 0.351 (0.005)  ,  ForwardTime: 0.045  ,  TotalTime: 0.401  ,  Loss/total: 3.45242  ,  Loss/ce: 3.41289  ,  IoU: 0.73470  ,  pro_loss: 0.19768
[train: Epoch 33, 1300 / 1875] FPS: 79.7 (16.2)  ,  DataTime: 0.352 (0.005)  ,  ForwardTime: 0.045  ,  TotalTime: 0.402  ,  Loss/total: 3.45129  ,  Loss/ce: 3.41174  ,  IoU: 0.73502  ,  pro_loss: 0.19773
[train: Epoch 33, 1350 / 1875] FPS: 80.1 (601.5)  ,  DataTime: 0.349 (0.005)  ,  ForwardTime: 0.045  ,  TotalTime: 0.399  ,  Loss/total: 3.45140  ,  Loss/ce: 3.41180  ,  IoU: 0.73505  ,  pro_loss: 0.19798
[train: Epoch 33, 1400 / 1875] FPS: 79.9 (8.8)  ,  DataTime: 0.351 (0.005)  ,  ForwardTime: 0.045  ,  TotalTime: 0.401  ,  Loss/total: 3.45068  ,  Loss/ce: 3.41109  ,  IoU: 0.73532  ,  pro_loss: 0.19798
[train: Epoch 33, 1450 / 1875] FPS: 80.2 (589.7)  ,  DataTime: 0.349 (0.005)  ,  ForwardTime: 0.045  ,  TotalTime: 0.399  ,  Loss/total: 3.45023  ,  Loss/ce: 3.41060  ,  IoU: 0.73526  ,  pro_loss: 0.19815
[train: Epoch 33, 1500 / 1875] FPS: 80.5 (611.3)  ,  DataTime: 0.347 (0.005)  ,  ForwardTime: 0.045  ,  TotalTime: 0.397  ,  Loss/total: 3.45074  ,  Loss/ce: 3.41107  ,  IoU: 0.73525  ,  pro_loss: 0.19835
[train: Epoch 33, 1550 / 1875] FPS: 80.3 (9.5)  ,  DataTime: 0.349 (0.005)  ,  ForwardTime: 0.045  ,  TotalTime: 0.399  ,  Loss/total: 3.45085  ,  Loss/ce: 3.41119  ,  IoU: 0.73544  ,  pro_loss: 0.19831
[train: Epoch 33, 1600 / 1875] FPS: 80.7 (367.4)  ,  DataTime: 0.347 (0.005)  ,  ForwardTime: 0.045  ,  TotalTime: 0.397  ,  Loss/total: 3.45005  ,  Loss/ce: 3.41034  ,  IoU: 0.73562  ,  pro_loss: 0.19856
[train: Epoch 33, 1650 / 1875] FPS: 80.8 (607.9)  ,  DataTime: 0.346 (0.005)  ,  ForwardTime: 0.045  ,  TotalTime: 0.396  ,  Loss/total: 3.44971  ,  Loss/ce: 3.40996  ,  IoU: 0.73584  ,  pro_loss: 0.19871
[train: Epoch 33, 1700 / 1875] FPS: 81.0 (607.9)  ,  DataTime: 0.345 (0.005)  ,  ForwardTime: 0.045  ,  TotalTime: 0.395  ,  Loss/total: 3.44999  ,  Loss/ce: 3.41024  ,  IoU: 0.73577  ,  pro_loss: 0.19874
[train: Epoch 33, 1750 / 1875] FPS: 81.4 (606.6)  ,  DataTime: 0.343 (0.005)  ,  ForwardTime: 0.045  ,  TotalTime: 0.393  ,  Loss/total: 3.45054  ,  Loss/ce: 3.41079  ,  IoU: 0.73578  ,  pro_loss: 0.19879
[train: Epoch 33, 1800 / 1875] FPS: 81.6 (612.3)  ,  DataTime: 0.342 (0.005)  ,  ForwardTime: 0.045  ,  TotalTime: 0.392  ,  Loss/total: 3.45066  ,  Loss/ce: 3.41090  ,  IoU: 0.73583  ,  pro_loss: 0.19883
[train: Epoch 33, 1850 / 1875] FPS: 81.7 (593.4)  ,  DataTime: 0.342 (0.005)  ,  ForwardTime: 0.045  ,  TotalTime: 0.392  ,  Loss/total: 3.45106  ,  Loss/ce: 3.41120  ,  IoU: 0.73582  ,  pro_loss: 0.19931
[train: Epoch 33, 1875 / 1875] FPS: 82.0 (621.7)  ,  DataTime: 0.340 (0.005)  ,  ForwardTime: 0.045  ,  TotalTime: 0.390  ,  Loss/total: 3.45121  ,  Loss/ce: 3.41132  ,  IoU: 0.73579  ,  pro_loss: 0.19944
[train: Epoch 34, 50 / 1875] FPS: 78.4 (24.4)  ,  DataTime: 0.358 (0.005)  ,  ForwardTime: 0.045  ,  TotalTime: 0.408  ,  Loss/total: 3.43972  ,  Loss/ce: 3.39997  ,  IoU: 0.73950  ,  pro_loss: 0.19875
[train: Epoch 34, 100 / 1875] FPS: 81.0 (614.9)  ,  DataTime: 0.345 (0.005)  ,  ForwardTime: 0.045  ,  TotalTime: 0.395  ,  Loss/total: 3.44330  ,  Loss/ce: 3.40287  ,  IoU: 0.73823  ,  pro_loss: 0.20219
[train: Epoch 34, 150 / 1875] FPS: 85.5 (586.4)  ,  DataTime: 0.325 (0.005)  ,  ForwardTime: 0.045  ,  TotalTime: 0.374  ,  Loss/total: 3.43490  ,  Loss/ce: 3.39434  ,  IoU: 0.74019  ,  pro_loss: 0.20285
[train: Epoch 34, 200 / 1875] FPS: 87.6 (43.1)  ,  DataTime: 0.315 (0.005)  ,  ForwardTime: 0.045  ,  TotalTime: 0.365  ,  Loss/total: 3.44196  ,  Loss/ce: 3.40162  ,  IoU: 0.73739  ,  pro_loss: 0.20172
[train: Epoch 34, 250 / 1875] FPS: 87.9 (617.7)  ,  DataTime: 0.314 (0.005)  ,  ForwardTime: 0.045  ,  TotalTime: 0.364  ,  Loss/total: 3.44561  ,  Loss/ce: 3.40527  ,  IoU: 0.73701  ,  pro_loss: 0.20167
[train: Epoch 34, 300 / 1875] FPS: 89.8 (623.9)  ,  DataTime: 0.307 (0.005)  ,  ForwardTime: 0.045  ,  TotalTime: 0.356  ,  Loss/total: 3.44621  ,  Loss/ce: 3.40590  ,  IoU: 0.73753  ,  pro_loss: 0.20156
[train: Epoch 34, 350 / 1875] FPS: 89.9 (587.8)  ,  DataTime: 0.306 (0.005)  ,  ForwardTime: 0.045  ,  TotalTime: 0.356  ,  Loss/total: 3.44704  ,  Loss/ce: 3.40674  ,  IoU: 0.73709  ,  pro_loss: 0.20149
[train: Epoch 34, 400 / 1875] FPS: 88.9 (12.2)  ,  DataTime: 0.310 (0.005)  ,  ForwardTime: 0.045  ,  TotalTime: 0.360  ,  Loss/total: 3.44865  ,  Loss/ce: 3.40827  ,  IoU: 0.73647  ,  pro_loss: 0.20190
[train: Epoch 34, 450 / 1875] FPS: 90.0 (595.3)  ,  DataTime: 0.306 (0.005)  ,  ForwardTime: 0.045  ,  TotalTime: 0.356  ,  Loss/total: 3.44735  ,  Loss/ce: 3.40680  ,  IoU: 0.73625  ,  pro_loss: 0.20275
[train: Epoch 34, 500 / 1875] FPS: 90.7 (36.9)  ,  DataTime: 0.303 (0.005)  ,  ForwardTime: 0.045  ,  TotalTime: 0.353  ,  Loss/total: 3.44913  ,  Loss/ce: 3.40854  ,  IoU: 0.73624  ,  pro_loss: 0.20294
[train: Epoch 34, 550 / 1875] FPS: 91.2 (577.5)  ,  DataTime: 0.301 (0.005)  ,  ForwardTime: 0.045  ,  TotalTime: 0.351  ,  Loss/total: 3.44818  ,  Loss/ce: 3.40767  ,  IoU: 0.73670  ,  pro_loss: 0.20258
[train: Epoch 34, 600 / 1875] FPS: 91.5 (612.0)  ,  DataTime: 0.300 (0.005)  ,  ForwardTime: 0.045  ,  TotalTime: 0.350  ,  Loss/total: 3.44786  ,  Loss/ce: 3.40739  ,  IoU: 0.73670  ,  pro_loss: 0.20233
[train: Epoch 34, 650 / 1875] FPS: 91.3 (633.3)  ,  DataTime: 0.300 (0.005)  ,  ForwardTime: 0.045  ,  TotalTime: 0.350  ,  Loss/total: 3.44683  ,  Loss/ce: 3.40645  ,  IoU: 0.73667  ,  pro_loss: 0.20192
[train: Epoch 34, 700 / 1875] FPS: 91.6 (593.0)  ,  DataTime: 0.299 (0.005)  ,  ForwardTime: 0.045  ,  TotalTime: 0.349  ,  Loss/total: 3.44559  ,  Loss/ce: 3.40515  ,  IoU: 0.73674  ,  pro_loss: 0.20219
[train: Epoch 34, 750 / 1875] FPS: 91.8 (621.7)  ,  DataTime: 0.299 (0.005)  ,  ForwardTime: 0.045  ,  TotalTime: 0.348  ,  Loss/total: 3.44481  ,  Loss/ce: 3.40424  ,  IoU: 0.73702  ,  pro_loss: 0.20283
[train: Epoch 34, 800 / 1875] FPS: 91.4 (590.5)  ,  DataTime: 0.300 (0.005)  ,  ForwardTime: 0.045  ,  TotalTime: 0.350  ,  Loss/total: 3.44451  ,  Loss/ce: 3.40397  ,  IoU: 0.73706  ,  pro_loss: 0.20270
[train: Epoch 34, 850 / 1875] FPS: 90.6 (570.0)  ,  DataTime: 0.303 (0.005)  ,  ForwardTime: 0.045  ,  TotalTime: 0.353  ,  Loss/total: 3.44551  ,  Loss/ce: 3.40495  ,  IoU: 0.73687  ,  pro_loss: 0.20282
[train: Epoch 34, 900 / 1875] FPS: 90.4 (577.5)  ,  DataTime: 0.304 (0.005)  ,  ForwardTime: 0.045  ,  TotalTime: 0.354  ,  Loss/total: 3.44665  ,  Loss/ce: 3.40606  ,  IoU: 0.73672  ,  pro_loss: 0.20295
[train: Epoch 34, 950 / 1875] FPS: 90.2 (602.6)  ,  DataTime: 0.305 (0.005)  ,  ForwardTime: 0.045  ,  TotalTime: 0.355  ,  Loss/total: 3.44690  ,  Loss/ce: 3.40637  ,  IoU: 0.73639  ,  pro_loss: 0.20265
[train: Epoch 34, 1000 / 1875] FPS: 89.3 (11.8)  ,  DataTime: 0.308 (0.005)  ,  ForwardTime: 0.045  ,  TotalTime: 0.358  ,  Loss/total: 3.44528  ,  Loss/ce: 3.40470  ,  IoU: 0.73656  ,  pro_loss: 0.20290
[train: Epoch 34, 1050 / 1875] FPS: 89.8 (600.0)  ,  DataTime: 0.306 (0.005)  ,  ForwardTime: 0.045  ,  TotalTime: 0.356  ,  Loss/total: 3.44600  ,  Loss/ce: 3.40540  ,  IoU: 0.73630  ,  pro_loss: 0.20299
[train: Epoch 34, 1100 / 1875] FPS: 89.3 (619.2)  ,  DataTime: 0.308 (0.005)  ,  ForwardTime: 0.045  ,  TotalTime: 0.358  ,  Loss/total: 3.44559  ,  Loss/ce: 3.40498  ,  IoU: 0.73645  ,  pro_loss: 0.20302
[train: Epoch 34, 1150 / 1875] FPS: 88.7 (567.1)  ,  DataTime: 0.311 (0.005)  ,  ForwardTime: 0.045  ,  TotalTime: 0.361  ,  Loss/total: 3.44684  ,  Loss/ce: 3.40632  ,  IoU: 0.73599  ,  pro_loss: 0.20260
[train: Epoch 34, 1200 / 1875] FPS: 88.6 (571.5)  ,  DataTime: 0.311 (0.005)  ,  ForwardTime: 0.045  ,  TotalTime: 0.361  ,  Loss/total: 3.44585  ,  Loss/ce: 3.40534  ,  IoU: 0.73613  ,  pro_loss: 0.20251
[train: Epoch 34, 1250 / 1875] FPS: 88.7 (591.2)  ,  DataTime: 0.311 (0.005)  ,  ForwardTime: 0.045  ,  TotalTime: 0.361  ,  Loss/total: 3.44571  ,  Loss/ce: 3.40516  ,  IoU: 0.73619  ,  pro_loss: 0.20274
[train: Epoch 34, 1300 / 1875] FPS: 88.3 (13.8)  ,  DataTime: 0.312 (0.005)  ,  ForwardTime: 0.045  ,  TotalTime: 0.363  ,  Loss/total: 3.44584  ,  Loss/ce: 3.40528  ,  IoU: 0.73643  ,  pro_loss: 0.20280
[train: Epoch 34, 1350 / 1875] FPS: 88.4 (616.2)  ,  DataTime: 0.312 (0.005)  ,  ForwardTime: 0.045  ,  TotalTime: 0.362  ,  Loss/total: 3.44584  ,  Loss/ce: 3.40532  ,  IoU: 0.73646  ,  pro_loss: 0.20260
[train: Epoch 34, 1400 / 1875] FPS: 88.4 (594.2)  ,  DataTime: 0.312 (0.005)  ,  ForwardTime: 0.045  ,  TotalTime: 0.362  ,  Loss/total: 3.44638  ,  Loss/ce: 3.40582  ,  IoU: 0.73639  ,  pro_loss: 0.20284
[train: Epoch 34, 1450 / 1875] FPS: 88.3 (135.7)  ,  DataTime: 0.312 (0.005)  ,  ForwardTime: 0.045  ,  TotalTime: 0.362  ,  Loss/total: 3.44682  ,  Loss/ce: 3.40619  ,  IoU: 0.73626  ,  pro_loss: 0.20318
[train: Epoch 34, 1500 / 1875] FPS: 88.0 (619.4)  ,  DataTime: 0.313 (0.005)  ,  ForwardTime: 0.045  ,  TotalTime: 0.364  ,  Loss/total: 3.44638  ,  Loss/ce: 3.40568  ,  IoU: 0.73644  ,  pro_loss: 0.20349
[train: Epoch 34, 1550 / 1875] FPS: 88.0 (572.0)  ,  DataTime: 0.314 (0.005)  ,  ForwardTime: 0.045  ,  TotalTime: 0.364  ,  Loss/total: 3.44604  ,  Loss/ce: 3.40533  ,  IoU: 0.73661  ,  pro_loss: 0.20354
[train: Epoch 34, 1600 / 1875] FPS: 87.4 (12.6)  ,  DataTime: 0.316 (0.005)  ,  ForwardTime: 0.045  ,  TotalTime: 0.366  ,  Loss/total: 3.44611  ,  Loss/ce: 3.40541  ,  IoU: 0.73665  ,  pro_loss: 0.20352
[train: Epoch 34, 1650 / 1875] FPS: 87.0 (10.2)  ,  DataTime: 0.318 (0.005)  ,  ForwardTime: 0.045  ,  TotalTime: 0.368  ,  Loss/total: 3.44612  ,  Loss/ce: 3.40542  ,  IoU: 0.73657  ,  pro_loss: 0.20352
[train: Epoch 34, 1700 / 1875] FPS: 86.9 (580.4)  ,  DataTime: 0.318 (0.005)  ,  ForwardTime: 0.045  ,  TotalTime: 0.368  ,  Loss/total: 3.44616  ,  Loss/ce: 3.40550  ,  IoU: 0.73656  ,  pro_loss: 0.20328
[train: Epoch 34, 1750 / 1875] FPS: 86.9 (539.7)  ,  DataTime: 0.318 (0.005)  ,  ForwardTime: 0.045  ,  TotalTime: 0.368  ,  Loss/total: 3.44565  ,  Loss/ce: 3.40500  ,  IoU: 0.73674  ,  pro_loss: 0.20324
[train: Epoch 34, 1800 / 1875] FPS: 86.7 (608.8)  ,  DataTime: 0.319 (0.005)  ,  ForwardTime: 0.045  ,  TotalTime: 0.369  ,  Loss/total: 3.44546  ,  Loss/ce: 3.40484  ,  IoU: 0.73668  ,  pro_loss: 0.20310
[train: Epoch 34, 1850 / 1875] FPS: 86.7 (28.5)  ,  DataTime: 0.319 (0.005)  ,  ForwardTime: 0.045  ,  TotalTime: 0.369  ,  Loss/total: 3.44565  ,  Loss/ce: 3.40506  ,  IoU: 0.73658  ,  pro_loss: 0.20297
[train: Epoch 34, 1875 / 1875] FPS: 86.9 (264.7)  ,  DataTime: 0.318 (0.005)  ,  ForwardTime: 0.045  ,  TotalTime: 0.368  ,  Loss/total: 3.44509  ,  Loss/ce: 3.40452  ,  IoU: 0.73667  ,  pro_loss: 0.20283
[train: Epoch 35, 50 / 1875] FPS: 69.0 (13.0)  ,  DataTime: 0.413 (0.006)  ,  ForwardTime: 0.045  ,  TotalTime: 0.463  ,  Loss/total: 3.44453  ,  Loss/ce: 3.40474  ,  IoU: 0.73505  ,  pro_loss: 0.19896
[train: Epoch 35, 100 / 1875] FPS: 74.0 (620.5)  ,  DataTime: 0.383 (0.005)  ,  ForwardTime: 0.045  ,  TotalTime: 0.432  ,  Loss/total: 3.44192  ,  Loss/ce: 3.40217  ,  IoU: 0.73692  ,  pro_loss: 0.19875
[train: Epoch 35, 150 / 1875] FPS: 77.9 (597.8)  ,  DataTime: 0.361 (0.005)  ,  ForwardTime: 0.045  ,  TotalTime: 0.411  ,  Loss/total: 3.43806  ,  Loss/ce: 3.39828  ,  IoU: 0.73807  ,  pro_loss: 0.19889
[train: Epoch 35, 200 / 1875] FPS: 80.7 (612.7)  ,  DataTime: 0.347 (0.005)  ,  ForwardTime: 0.045  ,  TotalTime: 0.397  ,  Loss/total: 3.44390  ,  Loss/ce: 3.40403  ,  IoU: 0.73697  ,  pro_loss: 0.19937
[train: Epoch 35, 250 / 1875] FPS: 80.9 (629.4)  ,  DataTime: 0.346 (0.005)  ,  ForwardTime: 0.045  ,  TotalTime: 0.396  ,  Loss/total: 3.44105  ,  Loss/ce: 3.40101  ,  IoU: 0.73862  ,  pro_loss: 0.20021
[train: Epoch 35, 300 / 1875] FPS: 81.3 (604.8)  ,  DataTime: 0.344 (0.005)  ,  ForwardTime: 0.045  ,  TotalTime: 0.394  ,  Loss/total: 3.43921  ,  Loss/ce: 3.39918  ,  IoU: 0.73879  ,  pro_loss: 0.20017
[train: Epoch 35, 350 / 1875] FPS: 80.1 (609.7)  ,  DataTime: 0.350 (0.005)  ,  ForwardTime: 0.045  ,  TotalTime: 0.399  ,  Loss/total: 3.44140  ,  Loss/ce: 3.40123  ,  IoU: 0.73850  ,  pro_loss: 0.20086
[train: Epoch 35, 400 / 1875] FPS: 79.4 (581.9)  ,  DataTime: 0.353 (0.005)  ,  ForwardTime: 0.045  ,  TotalTime: 0.403  ,  Loss/total: 3.44255  ,  Loss/ce: 3.40220  ,  IoU: 0.73832  ,  pro_loss: 0.20174
[train: Epoch 35, 450 / 1875] FPS: 79.7 (566.6)  ,  DataTime: 0.352 (0.005)  ,  ForwardTime: 0.045  ,  TotalTime: 0.402  ,  Loss/total: 3.44442  ,  Loss/ce: 3.40408  ,  IoU: 0.73775  ,  pro_loss: 0.20174
[train: Epoch 35, 500 / 1875] FPS: 79.3 (588.2)  ,  DataTime: 0.354 (0.005)  ,  ForwardTime: 0.045  ,  TotalTime: 0.404  ,  Loss/total: 3.44140  ,  Loss/ce: 3.40100  ,  IoU: 0.73839  ,  pro_loss: 0.20200
[train: Epoch 35, 550 / 1875] FPS: 79.0 (584.6)  ,  DataTime: 0.355 (0.005)  ,  ForwardTime: 0.045  ,  TotalTime: 0.405  ,  Loss/total: 3.44184  ,  Loss/ce: 3.40141  ,  IoU: 0.73861  ,  pro_loss: 0.20212
[train: Epoch 35, 600 / 1875] FPS: 78.1 (12.9)  ,  DataTime: 0.360 (0.005)  ,  ForwardTime: 0.045  ,  TotalTime: 0.410  ,  Loss/total: 3.44188  ,  Loss/ce: 3.40144  ,  IoU: 0.73825  ,  pro_loss: 0.20222
[train: Epoch 35, 650 / 1875] FPS: 77.6 (598.7)  ,  DataTime: 0.362 (0.005)  ,  ForwardTime: 0.045  ,  TotalTime: 0.412  ,  Loss/total: 3.44399  ,  Loss/ce: 3.40344  ,  IoU: 0.73827  ,  pro_loss: 0.20276
[train: Epoch 35, 700 / 1875] FPS: 77.2 (566.4)  ,  DataTime: 0.364 (0.005)  ,  ForwardTime: 0.045  ,  TotalTime: 0.415  ,  Loss/total: 3.44568  ,  Loss/ce: 3.40507  ,  IoU: 0.73784  ,  pro_loss: 0.20307
[train: Epoch 35, 750 / 1875] FPS: 77.3 (563.5)  ,  DataTime: 0.364 (0.005)  ,  ForwardTime: 0.045  ,  TotalTime: 0.414  ,  Loss/total: 3.44641  ,  Loss/ce: 3.40577  ,  IoU: 0.73750  ,  pro_loss: 0.20321
[train: Epoch 35, 800 / 1875] FPS: 76.9 (14.6)  ,  DataTime: 0.366 (0.005)  ,  ForwardTime: 0.045  ,  TotalTime: 0.416  ,  Loss/total: 3.44784  ,  Loss/ce: 3.40729  ,  IoU: 0.73691  ,  pro_loss: 0.20277
[train: Epoch 35, 850 / 1875] FPS: 77.0 (557.0)  ,  DataTime: 0.365 (0.005)  ,  ForwardTime: 0.045  ,  TotalTime: 0.415  ,  Loss/total: 3.44749  ,  Loss/ce: 3.40698  ,  IoU: 0.73709  ,  pro_loss: 0.20255
[train: Epoch 35, 900 / 1875] FPS: 77.0 (581.5)  ,  DataTime: 0.365 (0.005)  ,  ForwardTime: 0.045  ,  TotalTime: 0.415  ,  Loss/total: 3.44687  ,  Loss/ce: 3.40631  ,  IoU: 0.73716  ,  pro_loss: 0.20280
[train: Epoch 35, 950 / 1875] FPS: 77.1 (602.6)  ,  DataTime: 0.365 (0.005)  ,  ForwardTime: 0.045  ,  TotalTime: 0.415  ,  Loss/total: 3.44658  ,  Loss/ce: 3.40607  ,  IoU: 0.73705  ,  pro_loss: 0.20257
[train: Epoch 35, 1000 / 1875] FPS: 77.0 (582.2)  ,  DataTime: 0.365 (0.005)  ,  ForwardTime: 0.045  ,  TotalTime: 0.416  ,  Loss/total: 3.44561  ,  Loss/ce: 3.40505  ,  IoU: 0.73717  ,  pro_loss: 0.20277
[train: Epoch 35, 1050 / 1875] FPS: 76.4 (578.4)  ,  DataTime: 0.368 (0.005)  ,  ForwardTime: 0.045  ,  TotalTime: 0.419  ,  Loss/total: 3.44675  ,  Loss/ce: 3.40618  ,  IoU: 0.73710  ,  pro_loss: 0.20284
[train: Epoch 35, 1100 / 1875] FPS: 76.5 (567.3)  ,  DataTime: 0.368 (0.005)  ,  ForwardTime: 0.045  ,  TotalTime: 0.418  ,  Loss/total: 3.44631  ,  Loss/ce: 3.40576  ,  IoU: 0.73708  ,  pro_loss: 0.20276
[train: Epoch 35, 1150 / 1875] FPS: 76.8 (612.2)  ,  DataTime: 0.367 (0.005)  ,  ForwardTime: 0.045  ,  TotalTime: 0.417  ,  Loss/total: 3.44617  ,  Loss/ce: 3.40561  ,  IoU: 0.73719  ,  pro_loss: 0.20281
[train: Epoch 35, 1200 / 1875] FPS: 76.8 (602.6)  ,  DataTime: 0.366 (0.005)  ,  ForwardTime: 0.045  ,  TotalTime: 0.417  ,  Loss/total: 3.44611  ,  Loss/ce: 3.40549  ,  IoU: 0.73710  ,  pro_loss: 0.20307
[train: Epoch 35, 1250 / 1875] FPS: 76.9 (566.5)  ,  DataTime: 0.366 (0.005)  ,  ForwardTime: 0.045  ,  TotalTime: 0.416  ,  Loss/total: 3.44592  ,  Loss/ce: 3.40535  ,  IoU: 0.73717  ,  pro_loss: 0.20283
[train: Epoch 35, 1300 / 1875] FPS: 76.7 (11.2)  ,  DataTime: 0.367 (0.005)  ,  ForwardTime: 0.045  ,  TotalTime: 0.417  ,  Loss/total: 3.44569  ,  Loss/ce: 3.40511  ,  IoU: 0.73713  ,  pro_loss: 0.20292
[train: Epoch 35, 1350 / 1875] FPS: 77.1 (571.8)  ,  DataTime: 0.365 (0.005)  ,  ForwardTime: 0.045  ,  TotalTime: 0.415  ,  Loss/total: 3.44500  ,  Loss/ce: 3.40451  ,  IoU: 0.73742  ,  pro_loss: 0.20241
[train: Epoch 35, 1400 / 1875] FPS: 77.3 (585.2)  ,  DataTime: 0.364 (0.005)  ,  ForwardTime: 0.045  ,  TotalTime: 0.414  ,  Loss/total: 3.44438  ,  Loss/ce: 3.40390  ,  IoU: 0.73740  ,  pro_loss: 0.20240
[train: Epoch 35, 1450 / 1875] FPS: 77.4 (577.9)  ,  DataTime: 0.363 (0.005)  ,  ForwardTime: 0.045  ,  TotalTime: 0.413  ,  Loss/total: 3.44404  ,  Loss/ce: 3.40358  ,  IoU: 0.73743  ,  pro_loss: 0.20231
[train: Epoch 35, 1500 / 1875] FPS: 77.6 (614.5)  ,  DataTime: 0.362 (0.005)  ,  ForwardTime: 0.045  ,  TotalTime: 0.413  ,  Loss/total: 3.44301  ,  Loss/ce: 3.40256  ,  IoU: 0.73756  ,  pro_loss: 0.20226
[train: Epoch 35, 1550 / 1875] FPS: 77.8 (614.8)  ,  DataTime: 0.361 (0.005)  ,  ForwardTime: 0.045  ,  TotalTime: 0.411  ,  Loss/total: 3.44357  ,  Loss/ce: 3.40307  ,  IoU: 0.73745  ,  pro_loss: 0.20250
[train: Epoch 35, 1600 / 1875] FPS: 77.9 (20.0)  ,  DataTime: 0.360 (0.005)  ,  ForwardTime: 0.045  ,  TotalTime: 0.411  ,  Loss/total: 3.44384  ,  Loss/ce: 3.40327  ,  IoU: 0.73750  ,  pro_loss: 0.20282
[train: Epoch 35, 1650 / 1875] FPS: 77.6 (574.1)  ,  DataTime: 0.362 (0.005)  ,  ForwardTime: 0.045  ,  TotalTime: 0.412  ,  Loss/total: 3.44348  ,  Loss/ce: 3.40287  ,  IoU: 0.73756  ,  pro_loss: 0.20302
[train: Epoch 35, 1700 / 1875] FPS: 77.9 (575.9)  ,  DataTime: 0.361 (0.005)  ,  ForwardTime: 0.045  ,  TotalTime: 0.411  ,  Loss/total: 3.44302  ,  Loss/ce: 3.40239  ,  IoU: 0.73772  ,  pro_loss: 0.20311
[train: Epoch 35, 1750 / 1875] FPS: 77.9 (579.0)  ,  DataTime: 0.361 (0.005)  ,  ForwardTime: 0.045  ,  TotalTime: 0.411  ,  Loss/total: 3.44205  ,  Loss/ce: 3.40138  ,  IoU: 0.73790  ,  pro_loss: 0.20338
[train: Epoch 35, 1800 / 1875] FPS: 77.9 (197.4)  ,  DataTime: 0.361 (0.005)  ,  ForwardTime: 0.045  ,  TotalTime: 0.411  ,  Loss/total: 3.44163  ,  Loss/ce: 3.40097  ,  IoU: 0.73788  ,  pro_loss: 0.20329
[train: Epoch 35, 1850 / 1875] FPS: 77.9 (584.5)  ,  DataTime: 0.361 (0.005)  ,  ForwardTime: 0.045  ,  TotalTime: 0.411  ,  Loss/total: 3.44167  ,  Loss/ce: 3.40098  ,  IoU: 0.73791  ,  pro_loss: 0.20344
[train: Epoch 35, 1875 / 1875] FPS: 78.1 (613.9)  ,  DataTime: 0.359 (0.005)  ,  ForwardTime: 0.045  ,  TotalTime: 0.410  ,  Loss/total: 3.44180  ,  Loss/ce: 3.40111  ,  IoU: 0.73787  ,  pro_loss: 0.20346
[val: Epoch 35, 50 / 312] FPS: 68.2 (845.9)  ,  DataTime: 0.438 (0.006)  ,  ForwardTime: 0.026  ,  TotalTime: 0.469  ,  Loss/total: nan  ,  Loss/giou: 0.29501  ,  Loss/l1: 0.02159  ,  Loss/location: nan  ,  pro_loss: 0.16354  ,  IoU: 0.72975
[val: Epoch 35, 100 / 312] FPS: 73.0 (176.9)  ,  DataTime: 0.406 (0.006)  ,  ForwardTime: 0.026  ,  TotalTime: 0.438  ,  Loss/total: nan  ,  Loss/giou: 0.29845  ,  Loss/l1: 0.02185  ,  Loss/location: nan  ,  pro_loss: 0.15885  ,  IoU: 0.72667
[val: Epoch 35, 150 / 312] FPS: 75.8 (852.0)  ,  DataTime: 0.391 (0.006)  ,  ForwardTime: 0.026  ,  TotalTime: 0.422  ,  Loss/total: nan  ,  Loss/giou: 0.29549  ,  Loss/l1: 0.02146  ,  Loss/location: nan  ,  pro_loss: 0.15667  ,  IoU: 0.72795
[val: Epoch 35, 200 / 312] FPS: 78.0 (149.1)  ,  DataTime: 0.378 (0.006)  ,  ForwardTime: 0.026  ,  TotalTime: 0.410  ,  Loss/total: nan  ,  Loss/giou: 0.29820  ,  Loss/l1: 0.02178  ,  Loss/location: nan  ,  pro_loss: 0.15661  ,  IoU: 0.72609
[val: Epoch 35, 250 / 312] FPS: 78.3 (30.6)  ,  DataTime: 0.377 (0.006)  ,  ForwardTime: 0.026  ,  TotalTime: 0.409  ,  Loss/total: nan  ,  Loss/giou: 0.30105  ,  Loss/l1: 0.02249  ,  Loss/location: nan  ,  pro_loss: 0.15825  ,  IoU: 0.72459
[val: Epoch 35, 300 / 312] FPS: 79.9 (979.9)  ,  DataTime: 0.369 (0.006)  ,  ForwardTime: 0.026  ,  TotalTime: 0.400  ,  Loss/total: nan  ,  Loss/giou: 0.30202  ,  Loss/l1: 0.02258  ,  Loss/location: nan  ,  pro_loss: 0.15823  ,  IoU: 0.72385
[val: Epoch 35, 312 / 312] FPS: 80.9 (1001.1)  ,  DataTime: 0.364 (0.006)  ,  ForwardTime: 0.026  ,  TotalTime: 0.396  ,  Loss/total: nan  ,  Loss/giou: 0.30154  ,  Loss/l1: 0.02254  ,  Loss/location: nan  ,  pro_loss: 0.15842  ,  IoU: 0.72424
[train: Epoch 36, 50 / 1875] FPS: 68.4 (615.7)  ,  DataTime: 0.418 (0.005)  ,  ForwardTime: 0.045  ,  TotalTime: 0.468  ,  Loss/total: 3.44271  ,  Loss/ce: 3.40213  ,  IoU: 0.73521  ,  pro_loss: 0.20292
[train: Epoch 36, 100 / 1875] FPS: 76.0 (575.9)  ,  DataTime: 0.371 (0.005)  ,  ForwardTime: 0.045  ,  TotalTime: 0.421  ,  Loss/total: 3.43398  ,  Loss/ce: 3.39419  ,  IoU: 0.73908  ,  pro_loss: 0.19896
[train: Epoch 36, 150 / 1875] FPS: 77.9 (621.0)  ,  DataTime: 0.361 (0.005)  ,  ForwardTime: 0.045  ,  TotalTime: 0.411  ,  Loss/total: 3.42532  ,  Loss/ce: 3.38514  ,  IoU: 0.74233  ,  pro_loss: 0.20090
[train: Epoch 36, 200 / 1875] FPS: 77.5 (582.2)  ,  DataTime: 0.363 (0.005)  ,  ForwardTime: 0.045  ,  TotalTime: 0.413  ,  Loss/total: 3.43077  ,  Loss/ce: 3.39063  ,  IoU: 0.73993  ,  pro_loss: 0.20073
[train: Epoch 36, 250 / 1875] FPS: 77.8 (573.8)  ,  DataTime: 0.361 (0.005)  ,  ForwardTime: 0.045  ,  TotalTime: 0.411  ,  Loss/total: 3.42805  ,  Loss/ce: 3.38754  ,  IoU: 0.74164  ,  pro_loss: 0.20254
[train: Epoch 36, 300 / 1875] FPS: 79.2 (586.5)  ,  DataTime: 0.354 (0.005)  ,  ForwardTime: 0.045  ,  TotalTime: 0.404  ,  Loss/total: 3.42914  ,  Loss/ce: 3.38854  ,  IoU: 0.74161  ,  pro_loss: 0.20302
[train: Epoch 36, 350 / 1875] FPS: 80.0 (621.9)  ,  DataTime: 0.350 (0.005)  ,  ForwardTime: 0.045  ,  TotalTime: 0.400  ,  Loss/total: 3.43089  ,  Loss/ce: 3.39038  ,  IoU: 0.74112  ,  pro_loss: 0.20259
[train: Epoch 36, 400 / 1875] FPS: 80.8 (256.5)  ,  DataTime: 0.346 (0.005)  ,  ForwardTime: 0.045  ,  TotalTime: 0.396  ,  Loss/total: 3.43460  ,  Loss/ce: 3.39416  ,  IoU: 0.74012  ,  pro_loss: 0.20224
[train: Epoch 36, 450 / 1875] FPS: 80.2 (603.5)  ,  DataTime: 0.349 (0.005)  ,  ForwardTime: 0.045  ,  TotalTime: 0.399  ,  Loss/total: 3.43665  ,  Loss/ce: 3.39590  ,  IoU: 0.73978  ,  pro_loss: 0.20375
[train: Epoch 36, 500 / 1875] FPS: 81.2 (603.4)  ,  DataTime: 0.344 (0.005)  ,  ForwardTime: 0.045  ,  TotalTime: 0.394  ,  Loss/total: 3.43864  ,  Loss/ce: 3.39767  ,  IoU: 0.73907  ,  pro_loss: 0.20483
[train: Epoch 36, 550 / 1875] FPS: 81.4 (579.2)  ,  DataTime: 0.343 (0.005)  ,  ForwardTime: 0.045  ,  TotalTime: 0.393  ,  Loss/total: 3.43644  ,  Loss/ce: 3.39524  ,  IoU: 0.73956  ,  pro_loss: 0.20602
[train: Epoch 36, 600 / 1875] FPS: 81.4 (619.0)  ,  DataTime: 0.343 (0.005)  ,  ForwardTime: 0.045  ,  TotalTime: 0.393  ,  Loss/total: 3.43759  ,  Loss/ce: 3.39640  ,  IoU: 0.73912  ,  pro_loss: 0.20595
[train: Epoch 36, 650 / 1875] FPS: 81.4 (613.1)  ,  DataTime: 0.343 (0.005)  ,  ForwardTime: 0.045  ,  TotalTime: 0.393  ,  Loss/total: 3.43644  ,  Loss/ce: 3.39514  ,  IoU: 0.73929  ,  pro_loss: 0.20647
[train: Epoch 36, 700 / 1875] FPS: 81.9 (625.6)  ,  DataTime: 0.341 (0.005)  ,  ForwardTime: 0.045  ,  TotalTime: 0.391  ,  Loss/total: 3.43694  ,  Loss/ce: 3.39562  ,  IoU: 0.73937  ,  pro_loss: 0.20658
[train: Epoch 36, 750 / 1875] FPS: 81.4 (15.5)  ,  DataTime: 0.343 (0.005)  ,  ForwardTime: 0.045  ,  TotalTime: 0.393  ,  Loss/total: 3.43969  ,  Loss/ce: 3.39829  ,  IoU: 0.73856  ,  pro_loss: 0.20701
[train: Epoch 36, 800 / 1875] FPS: 81.7 (604.6)  ,  DataTime: 0.341 (0.005)  ,  ForwardTime: 0.045  ,  TotalTime: 0.391  ,  Loss/total: 3.43854  ,  Loss/ce: 3.39700  ,  IoU: 0.73890  ,  pro_loss: 0.20766
[train: Epoch 36, 850 / 1875] FPS: 81.9 (611.9)  ,  DataTime: 0.340 (0.005)  ,  ForwardTime: 0.045  ,  TotalTime: 0.391  ,  Loss/total: 3.43891  ,  Loss/ce: 3.39731  ,  IoU: 0.73872  ,  pro_loss: 0.20799
[train: Epoch 36, 900 / 1875] FPS: 82.1 (602.6)  ,  DataTime: 0.340 (0.005)  ,  ForwardTime: 0.045  ,  TotalTime: 0.390  ,  Loss/total: 3.44006  ,  Loss/ce: 3.39851  ,  IoU: 0.73857  ,  pro_loss: 0.20772
[train: Epoch 36, 950 / 1875] FPS: 82.6 (587.8)  ,  DataTime: 0.337 (0.005)  ,  ForwardTime: 0.045  ,  TotalTime: 0.387  ,  Loss/total: 3.44026  ,  Loss/ce: 3.39876  ,  IoU: 0.73863  ,  pro_loss: 0.20752
[train: Epoch 36, 1000 / 1875] FPS: 82.6 (580.4)  ,  DataTime: 0.337 (0.005)  ,  ForwardTime: 0.045  ,  TotalTime: 0.387  ,  Loss/total: 3.44010  ,  Loss/ce: 3.39855  ,  IoU: 0.73889  ,  pro_loss: 0.20774
[train: Epoch 36, 1050 / 1875] FPS: 83.0 (575.1)  ,  DataTime: 0.335 (0.005)  ,  ForwardTime: 0.045  ,  TotalTime: 0.385  ,  Loss/total: 3.43979  ,  Loss/ce: 3.39826  ,  IoU: 0.73905  ,  pro_loss: 0.20767
[train: Epoch 36, 1100 / 1875] FPS: 82.9 (577.8)  ,  DataTime: 0.336 (0.005)  ,  ForwardTime: 0.045  ,  TotalTime: 0.386  ,  Loss/total: 3.43881  ,  Loss/ce: 3.39727  ,  IoU: 0.73935  ,  pro_loss: 0.20771
[train: Epoch 36, 1150 / 1875] FPS: 82.6 (605.5)  ,  DataTime: 0.337 (0.005)  ,  ForwardTime: 0.045  ,  TotalTime: 0.387  ,  Loss/total: 3.43929  ,  Loss/ce: 3.39776  ,  IoU: 0.73924  ,  pro_loss: 0.20766
[train: Epoch 36, 1200 / 1875] FPS: 83.0 (601.0)  ,  DataTime: 0.336 (0.005)  ,  ForwardTime: 0.045  ,  TotalTime: 0.386  ,  Loss/total: 3.43915  ,  Loss/ce: 3.39766  ,  IoU: 0.73910  ,  pro_loss: 0.20744
[train: Epoch 36, 1250 / 1875] FPS: 82.7 (11.1)  ,  DataTime: 0.337 (0.005)  ,  ForwardTime: 0.045  ,  TotalTime: 0.387  ,  Loss/total: 3.43824  ,  Loss/ce: 3.39670  ,  IoU: 0.73927  ,  pro_loss: 0.20768
[train: Epoch 36, 1300 / 1875] FPS: 83.1 (611.3)  ,  DataTime: 0.335 (0.005)  ,  ForwardTime: 0.045  ,  TotalTime: 0.385  ,  Loss/total: 3.43816  ,  Loss/ce: 3.39657  ,  IoU: 0.73943  ,  pro_loss: 0.20791
[train: Epoch 36, 1350 / 1875] FPS: 83.0 (11.3)  ,  DataTime: 0.335 (0.005)  ,  ForwardTime: 0.045  ,  TotalTime: 0.386  ,  Loss/total: 3.43674  ,  Loss/ce: 3.39507  ,  IoU: 0.73979  ,  pro_loss: 0.20833
[train: Epoch 36, 1400 / 1875] FPS: 83.3 (604.6)  ,  DataTime: 0.334 (0.005)  ,  ForwardTime: 0.045  ,  TotalTime: 0.384  ,  Loss/total: 3.43688  ,  Loss/ce: 3.39521  ,  IoU: 0.73978  ,  pro_loss: 0.20833
[train: Epoch 36, 1450 / 1875] FPS: 83.4 (588.0)  ,  DataTime: 0.333 (0.005)  ,  ForwardTime: 0.045  ,  TotalTime: 0.383  ,  Loss/total: 3.43808  ,  Loss/ce: 3.39643  ,  IoU: 0.73965  ,  pro_loss: 0.20825
[train: Epoch 36, 1500 / 1875] FPS: 83.9 (607.4)  ,  DataTime: 0.331 (0.005)  ,  ForwardTime: 0.045  ,  TotalTime: 0.381  ,  Loss/total: 3.43739  ,  Loss/ce: 3.39572  ,  IoU: 0.73973  ,  pro_loss: 0.20833
[train: Epoch 36, 1550 / 1875] FPS: 84.1 (588.1)  ,  DataTime: 0.331 (0.005)  ,  ForwardTime: 0.045  ,  TotalTime: 0.381  ,  Loss/total: 3.43785  ,  Loss/ce: 3.39616  ,  IoU: 0.73953  ,  pro_loss: 0.20847
[train: Epoch 36, 1600 / 1875] FPS: 83.8 (10.7)  ,  DataTime: 0.332 (0.005)  ,  ForwardTime: 0.045  ,  TotalTime: 0.382  ,  Loss/total: 3.43732  ,  Loss/ce: 3.39561  ,  IoU: 0.73971  ,  pro_loss: 0.20857
[train: Epoch 36, 1650 / 1875] FPS: 83.9 (633.9)  ,  DataTime: 0.331 (0.005)  ,  ForwardTime: 0.045  ,  TotalTime: 0.381  ,  Loss/total: 3.43663  ,  Loss/ce: 3.39489  ,  IoU: 0.73999  ,  pro_loss: 0.20870
[train: Epoch 36, 1700 / 1875] FPS: 83.6 (11.3)  ,  DataTime: 0.333 (0.005)  ,  ForwardTime: 0.045  ,  TotalTime: 0.383  ,  Loss/total: 3.43668  ,  Loss/ce: 3.39484  ,  IoU: 0.74018  ,  pro_loss: 0.20921
[train: Epoch 36, 1750 / 1875] FPS: 83.4 (563.8)  ,  DataTime: 0.334 (0.005)  ,  ForwardTime: 0.045  ,  TotalTime: 0.384  ,  Loss/total: 3.43694  ,  Loss/ce: 3.39509  ,  IoU: 0.74001  ,  pro_loss: 0.20927
[train: Epoch 36, 1800 / 1875] FPS: 83.4 (79.1)  ,  DataTime: 0.334 (0.005)  ,  ForwardTime: 0.045  ,  TotalTime: 0.384  ,  Loss/total: 3.43760  ,  Loss/ce: 3.39574  ,  IoU: 0.74002  ,  pro_loss: 0.20928
[train: Epoch 36, 1850 / 1875] FPS: 83.3 (572.1)  ,  DataTime: 0.334 (0.005)  ,  ForwardTime: 0.045  ,  TotalTime: 0.384  ,  Loss/total: 3.43701  ,  Loss/ce: 3.39514  ,  IoU: 0.74023  ,  pro_loss: 0.20935
[train: Epoch 36, 1875 / 1875] FPS: 83.3 (615.6)  ,  DataTime: 0.334 (0.005)  ,  ForwardTime: 0.045  ,  TotalTime: 0.384  ,  Loss/total: 3.43690  ,  Loss/ce: 3.39503  ,  IoU: 0.74025  ,  pro_loss: 0.20936
[train: Epoch 37, 50 / 1875] FPS: 68.4 (604.2)  ,  DataTime: 0.418 (0.006)  ,  ForwardTime: 0.045  ,  TotalTime: 0.468  ,  Loss/total: 3.43556  ,  Loss/ce: 3.39327  ,  IoU: 0.73469  ,  pro_loss: 0.21146
[train: Epoch 37, 100 / 1875] FPS: 76.3 (583.0)  ,  DataTime: 0.369 (0.006)  ,  ForwardTime: 0.045  ,  TotalTime: 0.419  ,  Loss/total: 3.44908  ,  Loss/ce: 3.40767  ,  IoU: 0.73394  ,  pro_loss: 0.20708
[train: Epoch 37, 150 / 1875] FPS: 76.0 (21.4)  ,  DataTime: 0.371 (0.006)  ,  ForwardTime: 0.045  ,  TotalTime: 0.421  ,  Loss/total: 3.45133  ,  Loss/ce: 3.40979  ,  IoU: 0.73588  ,  pro_loss: 0.20771
[train: Epoch 37, 200 / 1875] FPS: 78.1 (574.0)  ,  DataTime: 0.359 (0.006)  ,  ForwardTime: 0.045  ,  TotalTime: 0.410  ,  Loss/total: 3.44562  ,  Loss/ce: 3.40397  ,  IoU: 0.73796  ,  pro_loss: 0.20823
[train: Epoch 37, 250 / 1875] FPS: 77.8 (613.7)  ,  DataTime: 0.361 (0.006)  ,  ForwardTime: 0.045  ,  TotalTime: 0.411  ,  Loss/total: 3.44395  ,  Loss/ce: 3.40246  ,  IoU: 0.73903  ,  pro_loss: 0.20742
[train: Epoch 37, 300 / 1875] FPS: 79.2 (638.1)  ,  DataTime: 0.354 (0.005)  ,  ForwardTime: 0.045  ,  TotalTime: 0.404  ,  Loss/total: 3.43751  ,  Loss/ce: 3.39602  ,  IoU: 0.74000  ,  pro_loss: 0.20743
[train: Epoch 37, 350 / 1875] FPS: 78.0 (576.1)  ,  DataTime: 0.360 (0.005)  ,  ForwardTime: 0.045  ,  TotalTime: 0.410  ,  Loss/total: 3.43695  ,  Loss/ce: 3.39560  ,  IoU: 0.74086  ,  pro_loss: 0.20679
[train: Epoch 37, 400 / 1875] FPS: 78.2 (579.6)  ,  DataTime: 0.359 (0.005)  ,  ForwardTime: 0.045  ,  TotalTime: 0.409  ,  Loss/total: 3.43881  ,  Loss/ce: 3.39748  ,  IoU: 0.74024  ,  pro_loss: 0.20667
[train: Epoch 37, 450 / 1875] FPS: 79.0 (548.1)  ,  DataTime: 0.355 (0.005)  ,  ForwardTime: 0.045  ,  TotalTime: 0.405  ,  Loss/total: 3.43867  ,  Loss/ce: 3.39730  ,  IoU: 0.74030  ,  pro_loss: 0.20688
[train: Epoch 37, 500 / 1875] FPS: 78.4 (572.7)  ,  DataTime: 0.358 (0.005)  ,  ForwardTime: 0.045  ,  TotalTime: 0.408  ,  Loss/total: 3.43947  ,  Loss/ce: 3.39811  ,  IoU: 0.74038  ,  pro_loss: 0.20683
[train: Epoch 37, 550 / 1875] FPS: 78.9 (603.4)  ,  DataTime: 0.355 (0.005)  ,  ForwardTime: 0.045  ,  TotalTime: 0.406  ,  Loss/total: 3.44095  ,  Loss/ce: 3.39954  ,  IoU: 0.74012  ,  pro_loss: 0.20701
[train: Epoch 37, 600 / 1875] FPS: 79.5 (574.3)  ,  DataTime: 0.353 (0.005)  ,  ForwardTime: 0.045  ,  TotalTime: 0.403  ,  Loss/total: 3.43874  ,  Loss/ce: 3.39746  ,  IoU: 0.74062  ,  pro_loss: 0.20637
[train: Epoch 37, 650 / 1875] FPS: 79.4 (579.2)  ,  DataTime: 0.353 (0.005)  ,  ForwardTime: 0.045  ,  TotalTime: 0.403  ,  Loss/total: 3.43874  ,  Loss/ce: 3.39753  ,  IoU: 0.74054  ,  pro_loss: 0.20607
[train: Epoch 37, 700 / 1875] FPS: 79.5 (72.6)  ,  DataTime: 0.352 (0.005)  ,  ForwardTime: 0.045  ,  TotalTime: 0.403  ,  Loss/total: 3.43792  ,  Loss/ce: 3.39682  ,  IoU: 0.74019  ,  pro_loss: 0.20549
[train: Epoch 37, 750 / 1875] FPS: 79.4 (29.9)  ,  DataTime: 0.353 (0.005)  ,  ForwardTime: 0.045  ,  TotalTime: 0.403  ,  Loss/total: 3.43690  ,  Loss/ce: 3.39584  ,  IoU: 0.74039  ,  pro_loss: 0.20532
[train: Epoch 37, 800 / 1875] FPS: 79.1 (618.2)  ,  DataTime: 0.354 (0.005)  ,  ForwardTime: 0.045  ,  TotalTime: 0.404  ,  Loss/total: 3.43642  ,  Loss/ce: 3.39527  ,  IoU: 0.74026  ,  pro_loss: 0.20573
[train: Epoch 37, 850 / 1875] FPS: 79.6 (567.8)  ,  DataTime: 0.352 (0.005)  ,  ForwardTime: 0.045  ,  TotalTime: 0.402  ,  Loss/total: 3.43522  ,  Loss/ce: 3.39400  ,  IoU: 0.74039  ,  pro_loss: 0.20608
[train: Epoch 37, 900 / 1875] FPS: 79.4 (564.9)  ,  DataTime: 0.353 (0.005)  ,  ForwardTime: 0.045  ,  TotalTime: 0.403  ,  Loss/total: 3.43467  ,  Loss/ce: 3.39339  ,  IoU: 0.74095  ,  pro_loss: 0.20640
[train: Epoch 37, 950 / 1875] FPS: 79.5 (615.3)  ,  DataTime: 0.352 (0.005)  ,  ForwardTime: 0.045  ,  TotalTime: 0.402  ,  Loss/total: 3.43355  ,  Loss/ce: 3.39225  ,  IoU: 0.74131  ,  pro_loss: 0.20649
[train: Epoch 37, 1000 / 1875] FPS: 79.8 (117.6)  ,  DataTime: 0.351 (0.005)  ,  ForwardTime: 0.045  ,  TotalTime: 0.401  ,  Loss/total: 3.43303  ,  Loss/ce: 3.39168  ,  IoU: 0.74132  ,  pro_loss: 0.20677
[train: Epoch 37, 1050 / 1875] FPS: 79.6 (605.4)  ,  DataTime: 0.352 (0.005)  ,  ForwardTime: 0.045  ,  TotalTime: 0.402  ,  Loss/total: 3.43293  ,  Loss/ce: 3.39153  ,  IoU: 0.74108  ,  pro_loss: 0.20700
[train: Epoch 37, 1100 / 1875] FPS: 79.6 (584.6)  ,  DataTime: 0.352 (0.005)  ,  ForwardTime: 0.045  ,  TotalTime: 0.402  ,  Loss/total: 3.43341  ,  Loss/ce: 3.39202  ,  IoU: 0.74103  ,  pro_loss: 0.20693
[train: Epoch 37, 1150 / 1875] FPS: 79.1 (583.0)  ,  DataTime: 0.354 (0.005)  ,  ForwardTime: 0.045  ,  TotalTime: 0.404  ,  Loss/total: 3.43264  ,  Loss/ce: 3.39125  ,  IoU: 0.74125  ,  pro_loss: 0.20697
[train: Epoch 37, 1200 / 1875] FPS: 79.0 (554.2)  ,  DataTime: 0.355 (0.005)  ,  ForwardTime: 0.045  ,  TotalTime: 0.405  ,  Loss/total: 3.43275  ,  Loss/ce: 3.39131  ,  IoU: 0.74135  ,  pro_loss: 0.20719
[train: Epoch 37, 1250 / 1875] FPS: 79.2 (617.6)  ,  DataTime: 0.354 (0.005)  ,  ForwardTime: 0.045  ,  TotalTime: 0.404  ,  Loss/total: 3.43297  ,  Loss/ce: 3.39154  ,  IoU: 0.74130  ,  pro_loss: 0.20714
[train: Epoch 37, 1300 / 1875] FPS: 78.8 (583.4)  ,  DataTime: 0.356 (0.005)  ,  ForwardTime: 0.045  ,  TotalTime: 0.406  ,  Loss/total: 3.43390  ,  Loss/ce: 3.39253  ,  IoU: 0.74094  ,  pro_loss: 0.20682
[train: Epoch 37, 1350 / 1875] FPS: 78.7 (29.9)  ,  DataTime: 0.357 (0.005)  ,  ForwardTime: 0.045  ,  TotalTime: 0.407  ,  Loss/total: 3.43320  ,  Loss/ce: 3.39185  ,  IoU: 0.74092  ,  pro_loss: 0.20673
[train: Epoch 37, 1400 / 1875] FPS: 78.8 (623.1)  ,  DataTime: 0.356 (0.005)  ,  ForwardTime: 0.045  ,  TotalTime: 0.406  ,  Loss/total: 3.43295  ,  Loss/ce: 3.39161  ,  IoU: 0.74106  ,  pro_loss: 0.20668
[train: Epoch 37, 1450 / 1875] FPS: 78.5 (596.2)  ,  DataTime: 0.357 (0.005)  ,  ForwardTime: 0.045  ,  TotalTime: 0.408  ,  Loss/total: 3.43222  ,  Loss/ce: 3.39088  ,  IoU: 0.74092  ,  pro_loss: 0.20670
[train: Epoch 37, 1500 / 1875] FPS: 78.5 (586.7)  ,  DataTime: 0.358 (0.005)  ,  ForwardTime: 0.045  ,  TotalTime: 0.408  ,  Loss/total: 3.43226  ,  Loss/ce: 3.39100  ,  IoU: 0.74080  ,  pro_loss: 0.20630
[train: Epoch 37, 1550 / 1875] FPS: 78.6 (613.2)  ,  DataTime: 0.357 (0.005)  ,  ForwardTime: 0.045  ,  TotalTime: 0.407  ,  Loss/total: 3.43195  ,  Loss/ce: 3.39074  ,  IoU: 0.74083  ,  pro_loss: 0.20606
[train: Epoch 37, 1600 / 1875] FPS: 78.6 (182.9)  ,  DataTime: 0.357 (0.005)  ,  ForwardTime: 0.045  ,  TotalTime: 0.407  ,  Loss/total: 3.43086  ,  Loss/ce: 3.38964  ,  IoU: 0.74113  ,  pro_loss: 0.20612
[train: Epoch 37, 1650 / 1875] FPS: 78.6 (628.8)  ,  DataTime: 0.357 (0.005)  ,  ForwardTime: 0.045  ,  TotalTime: 0.407  ,  Loss/total: 3.43086  ,  Loss/ce: 3.38965  ,  IoU: 0.74111  ,  pro_loss: 0.20607
[train: Epoch 37, 1700 / 1875] FPS: 78.5 (627.1)  ,  DataTime: 0.358 (0.005)  ,  ForwardTime: 0.045  ,  TotalTime: 0.408  ,  Loss/total: 3.43088  ,  Loss/ce: 3.38964  ,  IoU: 0.74113  ,  pro_loss: 0.20616
[train: Epoch 37, 1750 / 1875] FPS: 78.2 (12.9)  ,  DataTime: 0.359 (0.005)  ,  ForwardTime: 0.045  ,  TotalTime: 0.409  ,  Loss/total: 3.43008  ,  Loss/ce: 3.38882  ,  IoU: 0.74131  ,  pro_loss: 0.20629
[train: Epoch 37, 1800 / 1875] FPS: 78.2 (564.9)  ,  DataTime: 0.359 (0.005)  ,  ForwardTime: 0.045  ,  TotalTime: 0.409  ,  Loss/total: 3.42954  ,  Loss/ce: 3.38829  ,  IoU: 0.74153  ,  pro_loss: 0.20626
[train: Epoch 37, 1850 / 1875] FPS: 78.3 (630.4)  ,  DataTime: 0.358 (0.005)  ,  ForwardTime: 0.045  ,  TotalTime: 0.408  ,  Loss/total: 3.42937  ,  Loss/ce: 3.38809  ,  IoU: 0.74169  ,  pro_loss: 0.20639
[train: Epoch 37, 1875 / 1875] FPS: 78.6 (616.8)  ,  DataTime: 0.357 (0.005)  ,  ForwardTime: 0.045  ,  TotalTime: 0.407  ,  Loss/total: 3.42929  ,  Loss/ce: 3.38800  ,  IoU: 0.74174  ,  pro_loss: 0.20643
[train: Epoch 38, 50 / 1875] FPS: 66.6 (19.3)  ,  DataTime: 0.429 (0.005)  ,  ForwardTime: 0.046  ,  TotalTime: 0.480  ,  Loss/total: 3.43646  ,  Loss/ce: 3.39375  ,  IoU: 0.74157  ,  pro_loss: 0.21354
[train: Epoch 38, 100 / 1875] FPS: 73.7 (566.6)  ,  DataTime: 0.384 (0.005)  ,  ForwardTime: 0.045  ,  TotalTime: 0.434  ,  Loss/total: 3.43170  ,  Loss/ce: 3.38945  ,  IoU: 0.74403  ,  pro_loss: 0.21125
[train: Epoch 38, 150 / 1875] FPS: 75.0 (607.5)  ,  DataTime: 0.376 (0.005)  ,  ForwardTime: 0.045  ,  TotalTime: 0.426  ,  Loss/total: 3.43028  ,  Loss/ce: 3.38814  ,  IoU: 0.74254  ,  pro_loss: 0.21069
[train: Epoch 38, 200 / 1875] FPS: 76.8 (611.0)  ,  DataTime: 0.366 (0.005)  ,  ForwardTime: 0.045  ,  TotalTime: 0.417  ,  Loss/total: 3.43065  ,  Loss/ce: 3.38863  ,  IoU: 0.74210  ,  pro_loss: 0.21010
[train: Epoch 38, 250 / 1875] FPS: 77.2 (600.0)  ,  DataTime: 0.364 (0.005)  ,  ForwardTime: 0.045  ,  TotalTime: 0.414  ,  Loss/total: 3.43020  ,  Loss/ce: 3.38839  ,  IoU: 0.74193  ,  pro_loss: 0.20904
[train: Epoch 38, 300 / 1875] FPS: 76.9 (11.3)  ,  DataTime: 0.366 (0.005)  ,  ForwardTime: 0.045  ,  TotalTime: 0.416  ,  Loss/total: 3.43153  ,  Loss/ce: 3.38999  ,  IoU: 0.74080  ,  pro_loss: 0.20770
[train: Epoch 38, 350 / 1875] FPS: 78.2 (617.6)  ,  DataTime: 0.359 (0.005)  ,  ForwardTime: 0.045  ,  TotalTime: 0.409  ,  Loss/total: 3.43413  ,  Loss/ce: 3.39277  ,  IoU: 0.74008  ,  pro_loss: 0.20681
[train: Epoch 38, 400 / 1875] FPS: 78.1 (615.2)  ,  DataTime: 0.360 (0.005)  ,  ForwardTime: 0.045  ,  TotalTime: 0.410  ,  Loss/total: 3.43399  ,  Loss/ce: 3.39270  ,  IoU: 0.74003  ,  pro_loss: 0.20643
[train: Epoch 38, 450 / 1875] FPS: 78.9 (619.4)  ,  DataTime: 0.355 (0.005)  ,  ForwardTime: 0.045  ,  TotalTime: 0.406  ,  Loss/total: 3.43373  ,  Loss/ce: 3.39231  ,  IoU: 0.74133  ,  pro_loss: 0.20708
[train: Epoch 38, 500 / 1875] FPS: 79.1 (600.9)  ,  DataTime: 0.355 (0.005)  ,  ForwardTime: 0.045  ,  TotalTime: 0.405  ,  Loss/total: 3.43218  ,  Loss/ce: 3.39072  ,  IoU: 0.74166  ,  pro_loss: 0.20733
[train: Epoch 38, 550 / 1875] FPS: 78.9 (92.2)  ,  DataTime: 0.356 (0.005)  ,  ForwardTime: 0.045  ,  TotalTime: 0.406  ,  Loss/total: 3.43365  ,  Loss/ce: 3.39218  ,  IoU: 0.74134  ,  pro_loss: 0.20735
[train: Epoch 38, 600 / 1875] FPS: 79.7 (599.0)  ,  DataTime: 0.352 (0.005)  ,  ForwardTime: 0.045  ,  TotalTime: 0.402  ,  Loss/total: 3.43347  ,  Loss/ce: 3.39205  ,  IoU: 0.74143  ,  pro_loss: 0.20710
[train: Epoch 38, 650 / 1875] FPS: 79.9 (603.6)  ,  DataTime: 0.350 (0.005)  ,  ForwardTime: 0.045  ,  TotalTime: 0.400  ,  Loss/total: 3.43234  ,  Loss/ce: 3.39095  ,  IoU: 0.74172  ,  pro_loss: 0.20694
[train: Epoch 38, 700 / 1875] FPS: 80.1 (124.4)  ,  DataTime: 0.349 (0.005)  ,  ForwardTime: 0.045  ,  TotalTime: 0.399  ,  Loss/total: 3.42955  ,  Loss/ce: 3.38817  ,  IoU: 0.74201  ,  pro_loss: 0.20693
[train: Epoch 38, 750 / 1875] FPS: 80.2 (106.0)  ,  DataTime: 0.349 (0.005)  ,  ForwardTime: 0.045  ,  TotalTime: 0.399  ,  Loss/total: 3.43001  ,  Loss/ce: 3.38862  ,  IoU: 0.74176  ,  pro_loss: 0.20693
[train: Epoch 38, 800 / 1875] FPS: 80.2 (49.5)  ,  DataTime: 0.349 (0.005)  ,  ForwardTime: 0.045  ,  TotalTime: 0.399  ,  Loss/total: 3.43177  ,  Loss/ce: 3.39043  ,  IoU: 0.74148  ,  pro_loss: 0.20669
[train: Epoch 38, 850 / 1875] FPS: 80.2 (572.4)  ,  DataTime: 0.349 (0.005)  ,  ForwardTime: 0.045  ,  TotalTime: 0.399  ,  Loss/total: 3.43051  ,  Loss/ce: 3.38911  ,  IoU: 0.74151  ,  pro_loss: 0.20698
[train: Epoch 38, 900 / 1875] FPS: 80.0 (12.0)  ,  DataTime: 0.350 (0.005)  ,  ForwardTime: 0.045  ,  TotalTime: 0.400  ,  Loss/total: 3.43074  ,  Loss/ce: 3.38932  ,  IoU: 0.74161  ,  pro_loss: 0.20707
[train: Epoch 38, 950 / 1875] FPS: 80.4 (579.8)  ,  DataTime: 0.348 (0.005)  ,  ForwardTime: 0.045  ,  TotalTime: 0.398  ,  Loss/total: 3.43148  ,  Loss/ce: 3.39010  ,  IoU: 0.74138  ,  pro_loss: 0.20692
[train: Epoch 38, 1000 / 1875] FPS: 80.7 (579.5)  ,  DataTime: 0.346 (0.005)  ,  ForwardTime: 0.045  ,  TotalTime: 0.397  ,  Loss/total: 3.43170  ,  Loss/ce: 3.39034  ,  IoU: 0.74114  ,  pro_loss: 0.20680
[train: Epoch 38, 1050 / 1875] FPS: 81.1 (623.0)  ,  DataTime: 0.345 (0.005)  ,  ForwardTime: 0.045  ,  TotalTime: 0.395  ,  Loss/total: 3.43030  ,  Loss/ce: 3.38883  ,  IoU: 0.74154  ,  pro_loss: 0.20736
[train: Epoch 38, 1100 / 1875] FPS: 81.2 (216.7)  ,  DataTime: 0.344 (0.005)  ,  ForwardTime: 0.045  ,  TotalTime: 0.394  ,  Loss/total: 3.43081  ,  Loss/ce: 3.38927  ,  IoU: 0.74166  ,  pro_loss: 0.20771
[train: Epoch 38, 1150 / 1875] FPS: 81.4 (613.4)  ,  DataTime: 0.343 (0.005)  ,  ForwardTime: 0.045  ,  TotalTime: 0.393  ,  Loss/total: 3.42905  ,  Loss/ce: 3.38753  ,  IoU: 0.74214  ,  pro_loss: 0.20763
[train: Epoch 38, 1200 / 1875] FPS: 81.5 (42.2)  ,  DataTime: 0.343 (0.005)  ,  ForwardTime: 0.045  ,  TotalTime: 0.393  ,  Loss/total: 3.42911  ,  Loss/ce: 3.38755  ,  IoU: 0.74213  ,  pro_loss: 0.20784
[train: Epoch 38, 1250 / 1875] FPS: 81.5 (26.4)  ,  DataTime: 0.343 (0.005)  ,  ForwardTime: 0.045  ,  TotalTime: 0.393  ,  Loss/total: 3.42852  ,  Loss/ce: 3.38688  ,  IoU: 0.74219  ,  pro_loss: 0.20822
[train: Epoch 38, 1300 / 1875] FPS: 81.8 (602.0)  ,  DataTime: 0.341 (0.005)  ,  ForwardTime: 0.045  ,  TotalTime: 0.391  ,  Loss/total: 3.42764  ,  Loss/ce: 3.38595  ,  IoU: 0.74247  ,  pro_loss: 0.20843
[train: Epoch 38, 1350 / 1875] FPS: 82.1 (642.5)  ,  DataTime: 0.340 (0.005)  ,  ForwardTime: 0.045  ,  TotalTime: 0.390  ,  Loss/total: 3.42815  ,  Loss/ce: 3.38642  ,  IoU: 0.74231  ,  pro_loss: 0.20865
[train: Epoch 38, 1400 / 1875] FPS: 81.9 (589.9)  ,  DataTime: 0.341 (0.005)  ,  ForwardTime: 0.045  ,  TotalTime: 0.391  ,  Loss/total: 3.42760  ,  Loss/ce: 3.38582  ,  IoU: 0.74251  ,  pro_loss: 0.20891
[train: Epoch 38, 1450 / 1875] FPS: 81.8 (586.7)  ,  DataTime: 0.341 (0.005)  ,  ForwardTime: 0.045  ,  TotalTime: 0.391  ,  Loss/total: 3.42785  ,  Loss/ce: 3.38604  ,  IoU: 0.74233  ,  pro_loss: 0.20906
[train: Epoch 38, 1500 / 1875] FPS: 82.2 (597.2)  ,  DataTime: 0.339 (0.005)  ,  ForwardTime: 0.045  ,  TotalTime: 0.389  ,  Loss/total: 3.42763  ,  Loss/ce: 3.38580  ,  IoU: 0.74237  ,  pro_loss: 0.20916
[train: Epoch 38, 1550 / 1875] FPS: 82.3 (585.5)  ,  DataTime: 0.339 (0.005)  ,  ForwardTime: 0.045  ,  TotalTime: 0.389  ,  Loss/total: 3.42681  ,  Loss/ce: 3.38500  ,  IoU: 0.74258  ,  pro_loss: 0.20908
[train: Epoch 38, 1600 / 1875] FPS: 82.7 (95.6)  ,  DataTime: 0.337 (0.005)  ,  ForwardTime: 0.045  ,  TotalTime: 0.387  ,  Loss/total: 3.42712  ,  Loss/ce: 3.38526  ,  IoU: 0.74255  ,  pro_loss: 0.20928
[train: Epoch 38, 1650 / 1875] FPS: 82.7 (598.6)  ,  DataTime: 0.337 (0.005)  ,  ForwardTime: 0.045  ,  TotalTime: 0.387  ,  Loss/total: 3.42717  ,  Loss/ce: 3.38539  ,  IoU: 0.74249  ,  pro_loss: 0.20891
[train: Epoch 38, 1700 / 1875] FPS: 82.5 (613.2)  ,  DataTime: 0.338 (0.005)  ,  ForwardTime: 0.045  ,  TotalTime: 0.388  ,  Loss/total: 3.42686  ,  Loss/ce: 3.38509  ,  IoU: 0.74251  ,  pro_loss: 0.20883
[train: Epoch 38, 1750 / 1875] FPS: 82.4 (18.3)  ,  DataTime: 0.338 (0.005)  ,  ForwardTime: 0.045  ,  TotalTime: 0.388  ,  Loss/total: 3.42616  ,  Loss/ce: 3.38437  ,  IoU: 0.74266  ,  pro_loss: 0.20896
[train: Epoch 38, 1800 / 1875] FPS: 82.4 (610.0)  ,  DataTime: 0.338 (0.005)  ,  ForwardTime: 0.045  ,  TotalTime: 0.388  ,  Loss/total: 3.42615  ,  Loss/ce: 3.38437  ,  IoU: 0.74278  ,  pro_loss: 0.20889
[train: Epoch 38, 1850 / 1875] FPS: 82.1 (23.4)  ,  DataTime: 0.340 (0.005)  ,  ForwardTime: 0.045  ,  TotalTime: 0.390  ,  Loss/total: 3.42572  ,  Loss/ce: 3.38393  ,  IoU: 0.74284  ,  pro_loss: 0.20891
[train: Epoch 38, 1875 / 1875] FPS: 82.4 (632.4)  ,  DataTime: 0.338 (0.005)  ,  ForwardTime: 0.045  ,  TotalTime: 0.388  ,  Loss/total: 3.42506  ,  Loss/ce: 3.38326  ,  IoU: 0.74302  ,  pro_loss: 0.20898
[train: Epoch 39, 50 / 1875] FPS: 67.7 (38.6)  ,  DataTime: 0.423 (0.005)  ,  ForwardTime: 0.045  ,  TotalTime: 0.473  ,  Loss/total: 3.42237  ,  Loss/ce: 3.38058  ,  IoU: 0.73869  ,  pro_loss: 0.20896
[train: Epoch 39, 100 / 1875] FPS: 72.3 (606.6)  ,  DataTime: 0.393 (0.005)  ,  ForwardTime: 0.045  ,  TotalTime: 0.443  ,  Loss/total: 3.42278  ,  Loss/ce: 3.38093  ,  IoU: 0.74101  ,  pro_loss: 0.20927
[train: Epoch 39, 150 / 1875] FPS: 76.7 (618.2)  ,  DataTime: 0.367 (0.005)  ,  ForwardTime: 0.045  ,  TotalTime: 0.417  ,  Loss/total: 3.42122  ,  Loss/ce: 3.37936  ,  IoU: 0.74114  ,  pro_loss: 0.20931
[train: Epoch 39, 200 / 1875] FPS: 78.5 (572.0)  ,  DataTime: 0.357 (0.005)  ,  ForwardTime: 0.045  ,  TotalTime: 0.407  ,  Loss/total: 3.41863  ,  Loss/ce: 3.37650  ,  IoU: 0.74292  ,  pro_loss: 0.21063
[train: Epoch 39, 250 / 1875] FPS: 79.5 (609.1)  ,  DataTime: 0.352 (0.005)  ,  ForwardTime: 0.045  ,  TotalTime: 0.402  ,  Loss/total: 3.41709  ,  Loss/ce: 3.37472  ,  IoU: 0.74495  ,  pro_loss: 0.21188
[train: Epoch 39, 300 / 1875] FPS: 79.5 (643.0)  ,  DataTime: 0.352 (0.005)  ,  ForwardTime: 0.045  ,  TotalTime: 0.402  ,  Loss/total: 3.41072  ,  Loss/ce: 3.36813  ,  IoU: 0.74578  ,  pro_loss: 0.21292
[train: Epoch 39, 350 / 1875] FPS: 79.7 (599.1)  ,  DataTime: 0.352 (0.005)  ,  ForwardTime: 0.045  ,  TotalTime: 0.402  ,  Loss/total: 3.41284  ,  Loss/ce: 3.37028  ,  IoU: 0.74530  ,  pro_loss: 0.21280
[train: Epoch 39, 400 / 1875] FPS: 80.5 (610.5)  ,  DataTime: 0.348 (0.005)  ,  ForwardTime: 0.045  ,  TotalTime: 0.397  ,  Loss/total: 3.41425  ,  Loss/ce: 3.37157  ,  IoU: 0.74552  ,  pro_loss: 0.21336
[train: Epoch 39, 450 / 1875] FPS: 80.3 (26.0)  ,  DataTime: 0.349 (0.005)  ,  ForwardTime: 0.045  ,  TotalTime: 0.398  ,  Loss/total: 3.41602  ,  Loss/ce: 3.37331  ,  IoU: 0.74488  ,  pro_loss: 0.21357
[train: Epoch 39, 500 / 1875] FPS: 80.4 (577.2)  ,  DataTime: 0.348 (0.005)  ,  ForwardTime: 0.045  ,  TotalTime: 0.398  ,  Loss/total: 3.41831  ,  Loss/ce: 3.37570  ,  IoU: 0.74449  ,  pro_loss: 0.21306
[train: Epoch 39, 550 / 1875] FPS: 81.4 (66.1)  ,  DataTime: 0.343 (0.005)  ,  ForwardTime: 0.045  ,  TotalTime: 0.393  ,  Loss/total: 3.41914  ,  Loss/ce: 3.37652  ,  IoU: 0.74413  ,  pro_loss: 0.21309
[train: Epoch 39, 600 / 1875] FPS: 81.9 (571.2)  ,  DataTime: 0.341 (0.005)  ,  ForwardTime: 0.045  ,  TotalTime: 0.391  ,  Loss/total: 3.42034  ,  Loss/ce: 3.37782  ,  IoU: 0.74413  ,  pro_loss: 0.21261
[train: Epoch 39, 650 / 1875] FPS: 82.0 (615.6)  ,  DataTime: 0.340 (0.005)  ,  ForwardTime: 0.045  ,  TotalTime: 0.390  ,  Loss/total: 3.41861  ,  Loss/ce: 3.37593  ,  IoU: 0.74464  ,  pro_loss: 0.21341
[train: Epoch 39, 700 / 1875] FPS: 81.7 (11.9)  ,  DataTime: 0.342 (0.005)  ,  ForwardTime: 0.045  ,  TotalTime: 0.392  ,  Loss/total: 3.41821  ,  Loss/ce: 3.37553  ,  IoU: 0.74489  ,  pro_loss: 0.21341
[train: Epoch 39, 750 / 1875] FPS: 82.6 (631.9)  ,  DataTime: 0.338 (0.005)  ,  ForwardTime: 0.045  ,  TotalTime: 0.388  ,  Loss/total: 3.41741  ,  Loss/ce: 3.37466  ,  IoU: 0.74510  ,  pro_loss: 0.21376
[train: Epoch 39, 800 / 1875] FPS: 83.2 (598.1)  ,  DataTime: 0.335 (0.005)  ,  ForwardTime: 0.045  ,  TotalTime: 0.385  ,  Loss/total: 3.41921  ,  Loss/ce: 3.37649  ,  IoU: 0.74471  ,  pro_loss: 0.21361
[train: Epoch 39, 850 / 1875] FPS: 83.4 (629.5)  ,  DataTime: 0.334 (0.005)  ,  ForwardTime: 0.045  ,  TotalTime: 0.384  ,  Loss/total: 3.42073  ,  Loss/ce: 3.37805  ,  IoU: 0.74450  ,  pro_loss: 0.21343
[train: Epoch 39, 900 / 1875] FPS: 83.8 (610.9)  ,  DataTime: 0.332 (0.005)  ,  ForwardTime: 0.045  ,  TotalTime: 0.382  ,  Loss/total: 3.42056  ,  Loss/ce: 3.37789  ,  IoU: 0.74443  ,  pro_loss: 0.21333
[train: Epoch 39, 950 / 1875] FPS: 83.8 (621.5)  ,  DataTime: 0.332 (0.005)  ,  ForwardTime: 0.045  ,  TotalTime: 0.382  ,  Loss/total: 3.42046  ,  Loss/ce: 3.37781  ,  IoU: 0.74449  ,  pro_loss: 0.21324
[train: Epoch 39, 1000 / 1875] FPS: 84.3 (610.0)  ,  DataTime: 0.330 (0.005)  ,  ForwardTime: 0.045  ,  TotalTime: 0.380  ,  Loss/total: 3.41978  ,  Loss/ce: 3.37712  ,  IoU: 0.74481  ,  pro_loss: 0.21329
[train: Epoch 39, 1050 / 1875] FPS: 84.2 (614.4)  ,  DataTime: 0.330 (0.005)  ,  ForwardTime: 0.045  ,  TotalTime: 0.380  ,  Loss/total: 3.41902  ,  Loss/ce: 3.37633  ,  IoU: 0.74509  ,  pro_loss: 0.21345
[train: Epoch 39, 1100 / 1875] FPS: 84.5 (102.6)  ,  DataTime: 0.329 (0.005)  ,  ForwardTime: 0.045  ,  TotalTime: 0.379  ,  Loss/total: 3.41940  ,  Loss/ce: 3.37669  ,  IoU: 0.74488  ,  pro_loss: 0.21351
[train: Epoch 39, 1150 / 1875] FPS: 84.1 (599.6)  ,  DataTime: 0.330 (0.005)  ,  ForwardTime: 0.045  ,  TotalTime: 0.380  ,  Loss/total: 3.41981  ,  Loss/ce: 3.37705  ,  IoU: 0.74468  ,  pro_loss: 0.21382
[train: Epoch 39, 1200 / 1875] FPS: 83.9 (596.7)  ,  DataTime: 0.331 (0.005)  ,  ForwardTime: 0.045  ,  TotalTime: 0.381  ,  Loss/total: 3.41957  ,  Loss/ce: 3.37680  ,  IoU: 0.74488  ,  pro_loss: 0.21385
[train: Epoch 39, 1250 / 1875] FPS: 83.3 (13.3)  ,  DataTime: 0.334 (0.005)  ,  ForwardTime: 0.045  ,  TotalTime: 0.384  ,  Loss/total: 3.41880  ,  Loss/ce: 3.37608  ,  IoU: 0.74488  ,  pro_loss: 0.21362
[train: Epoch 39, 1300 / 1875] FPS: 83.2 (568.8)  ,  DataTime: 0.335 (0.005)  ,  ForwardTime: 0.045  ,  TotalTime: 0.385  ,  Loss/total: 3.41839  ,  Loss/ce: 3.37565  ,  IoU: 0.74505  ,  pro_loss: 0.21366
[train: Epoch 39, 1350 / 1875] FPS: 82.9 (590.2)  ,  DataTime: 0.336 (0.005)  ,  ForwardTime: 0.045  ,  TotalTime: 0.386  ,  Loss/total: 3.41883  ,  Loss/ce: 3.37609  ,  IoU: 0.74495  ,  pro_loss: 0.21367
[train: Epoch 39, 1400 / 1875] FPS: 82.6 (592.4)  ,  DataTime: 0.337 (0.005)  ,  ForwardTime: 0.045  ,  TotalTime: 0.387  ,  Loss/total: 3.41886  ,  Loss/ce: 3.37614  ,  IoU: 0.74509  ,  pro_loss: 0.21362
[train: Epoch 39, 1450 / 1875] FPS: 82.3 (11.1)  ,  DataTime: 0.339 (0.005)  ,  ForwardTime: 0.045  ,  TotalTime: 0.389  ,  Loss/total: 3.41833  ,  Loss/ce: 3.37561  ,  IoU: 0.74527  ,  pro_loss: 0.21360
[train: Epoch 39, 1500 / 1875] FPS: 82.3 (531.1)  ,  DataTime: 0.339 (0.005)  ,  ForwardTime: 0.045  ,  TotalTime: 0.389  ,  Loss/total: 3.41767  ,  Loss/ce: 3.37493  ,  IoU: 0.74543  ,  pro_loss: 0.21366
[train: Epoch 39, 1550 / 1875] FPS: 82.1 (572.4)  ,  DataTime: 0.340 (0.005)  ,  ForwardTime: 0.045  ,  TotalTime: 0.390  ,  Loss/total: 3.41692  ,  Loss/ce: 3.37417  ,  IoU: 0.74564  ,  pro_loss: 0.21376
[train: Epoch 39, 1600 / 1875] FPS: 81.9 (44.9)  ,  DataTime: 0.341 (0.005)  ,  ForwardTime: 0.045  ,  TotalTime: 0.391  ,  Loss/total: 3.41573  ,  Loss/ce: 3.37302  ,  IoU: 0.74587  ,  pro_loss: 0.21357
[train: Epoch 39, 1650 / 1875] FPS: 81.9 (27.7)  ,  DataTime: 0.341 (0.005)  ,  ForwardTime: 0.045  ,  TotalTime: 0.391  ,  Loss/total: 3.41547  ,  Loss/ce: 3.37277  ,  IoU: 0.74601  ,  pro_loss: 0.21354
[train: Epoch 39, 1700 / 1875] FPS: 81.7 (595.5)  ,  DataTime: 0.342 (0.005)  ,  ForwardTime: 0.045  ,  TotalTime: 0.392  ,  Loss/total: 3.41543  ,  Loss/ce: 3.37272  ,  IoU: 0.74594  ,  pro_loss: 0.21355
[train: Epoch 39, 1750 / 1875] FPS: 81.7 (615.3)  ,  DataTime: 0.342 (0.005)  ,  ForwardTime: 0.045  ,  TotalTime: 0.392  ,  Loss/total: 3.41425  ,  Loss/ce: 3.37154  ,  IoU: 0.74622  ,  pro_loss: 0.21357
[train: Epoch 39, 1800 / 1875] FPS: 81.6 (121.7)  ,  DataTime: 0.342 (0.005)  ,  ForwardTime: 0.045  ,  TotalTime: 0.392  ,  Loss/total: 3.41387  ,  Loss/ce: 3.37114  ,  IoU: 0.74615  ,  pro_loss: 0.21365
[train: Epoch 39, 1850 / 1875] FPS: 81.3 (15.5)  ,  DataTime: 0.343 (0.005)  ,  ForwardTime: 0.045  ,  TotalTime: 0.393  ,  Loss/total: 3.41414  ,  Loss/ce: 3.37138  ,  IoU: 0.74602  ,  pro_loss: 0.21378
[train: Epoch 39, 1875 / 1875] FPS: 81.7 (650.1)  ,  DataTime: 0.342 (0.005)  ,  ForwardTime: 0.045  ,  TotalTime: 0.392  ,  Loss/total: 3.41458  ,  Loss/ce: 3.37184  ,  IoU: 0.74589  ,  pro_loss: 0.21372
[train: Epoch 40, 50 / 1875] FPS: 71.5 (594.3)  ,  DataTime: 0.397 (0.005)  ,  ForwardTime: 0.045  ,  TotalTime: 0.447  ,  Loss/total: 3.41675  ,  Loss/ce: 3.37367  ,  IoU: 0.74199  ,  pro_loss: 0.21542
[train: Epoch 40, 100 / 1875] FPS: 75.4 (561.0)  ,  DataTime: 0.374 (0.005)  ,  ForwardTime: 0.045  ,  TotalTime: 0.424  ,  Loss/total: 3.42163  ,  Loss/ce: 3.37815  ,  IoU: 0.74002  ,  pro_loss: 0.21740
[train: Epoch 40, 150 / 1875] FPS: 76.7 (579.1)  ,  DataTime: 0.367 (0.005)  ,  ForwardTime: 0.045  ,  TotalTime: 0.417  ,  Loss/total: 3.41281  ,  Loss/ce: 3.36985  ,  IoU: 0.74259  ,  pro_loss: 0.21479
[train: Epoch 40, 200 / 1875] FPS: 77.7 (625.5)  ,  DataTime: 0.362 (0.005)  ,  ForwardTime: 0.045  ,  TotalTime: 0.412  ,  Loss/total: 3.40851  ,  Loss/ce: 3.36540  ,  IoU: 0.74363  ,  pro_loss: 0.21557
[train: Epoch 40, 250 / 1875] FPS: 80.2 (621.8)  ,  DataTime: 0.349 (0.005)  ,  ForwardTime: 0.045  ,  TotalTime: 0.399  ,  Loss/total: 3.40631  ,  Loss/ce: 3.36337  ,  IoU: 0.74533  ,  pro_loss: 0.21471
[train: Epoch 40, 300 / 1875] FPS: 78.5 (597.1)  ,  DataTime: 0.358 (0.005)  ,  ForwardTime: 0.045  ,  TotalTime: 0.408  ,  Loss/total: 3.40549  ,  Loss/ce: 3.36249  ,  IoU: 0.74675  ,  pro_loss: 0.21500
[train: Epoch 40, 350 / 1875] FPS: 80.3 (625.8)  ,  DataTime: 0.349 (0.005)  ,  ForwardTime: 0.045  ,  TotalTime: 0.399  ,  Loss/total: 3.40200  ,  Loss/ce: 3.35914  ,  IoU: 0.74762  ,  pro_loss: 0.21431
[train: Epoch 40, 400 / 1875] FPS: 80.3 (619.2)  ,  DataTime: 0.348 (0.005)  ,  ForwardTime: 0.045  ,  TotalTime: 0.398  ,  Loss/total: 3.40584  ,  Loss/ce: 3.36310  ,  IoU: 0.74688  ,  pro_loss: 0.21367
[train: Epoch 40, 450 / 1875] FPS: 80.7 (629.1)  ,  DataTime: 0.347 (0.005)  ,  ForwardTime: 0.045  ,  TotalTime: 0.396  ,  Loss/total: 3.40593  ,  Loss/ce: 3.36315  ,  IoU: 0.74728  ,  pro_loss: 0.21389
[train: Epoch 40, 500 / 1875] FPS: 81.1 (587.3)  ,  DataTime: 0.345 (0.005)  ,  ForwardTime: 0.045  ,  TotalTime: 0.394  ,  Loss/total: 3.40894  ,  Loss/ce: 3.36616  ,  IoU: 0.74672  ,  pro_loss: 0.21390
[train: Epoch 40, 550 / 1875] FPS: 81.0 (13.0)  ,  DataTime: 0.345 (0.005)  ,  ForwardTime: 0.045  ,  TotalTime: 0.395  ,  Loss/total: 3.40995  ,  Loss/ce: 3.36717  ,  IoU: 0.74613  ,  pro_loss: 0.21388
[train: Epoch 40, 600 / 1875] FPS: 81.2 (604.2)  ,  DataTime: 0.344 (0.005)  ,  ForwardTime: 0.045  ,  TotalTime: 0.394  ,  Loss/total: 3.41047  ,  Loss/ce: 3.36768  ,  IoU: 0.74636  ,  pro_loss: 0.21399
[train: Epoch 40, 650 / 1875] FPS: 80.7 (609.0)  ,  DataTime: 0.346 (0.005)  ,  ForwardTime: 0.045  ,  TotalTime: 0.396  ,  Loss/total: 3.41023  ,  Loss/ce: 3.36739  ,  IoU: 0.74659  ,  pro_loss: 0.21423
[train: Epoch 40, 700 / 1875] FPS: 80.8 (574.3)  ,  DataTime: 0.346 (0.005)  ,  ForwardTime: 0.045  ,  TotalTime: 0.396  ,  Loss/total: 3.41140  ,  Loss/ce: 3.36858  ,  IoU: 0.74576  ,  pro_loss: 0.21411
[train: Epoch 40, 750 / 1875] FPS: 80.2 (20.0)  ,  DataTime: 0.349 (0.005)  ,  ForwardTime: 0.045  ,  TotalTime: 0.399  ,  Loss/total: 3.41125  ,  Loss/ce: 3.36836  ,  IoU: 0.74561  ,  pro_loss: 0.21444
[train: Epoch 40, 800 / 1875] FPS: 79.1 (582.4)  ,  DataTime: 0.354 (0.005)  ,  ForwardTime: 0.045  ,  TotalTime: 0.404  ,  Loss/total: 3.41126  ,  Loss/ce: 3.36844  ,  IoU: 0.74572  ,  pro_loss: 0.21410
[train: Epoch 40, 850 / 1875] FPS: 79.1 (613.4)  ,  DataTime: 0.355 (0.005)  ,  ForwardTime: 0.045  ,  TotalTime: 0.405  ,  Loss/total: 3.41099  ,  Loss/ce: 3.36812  ,  IoU: 0.74607  ,  pro_loss: 0.21433
[train: Epoch 40, 900 / 1875] FPS: 78.9 (575.7)  ,  DataTime: 0.356 (0.005)  ,  ForwardTime: 0.045  ,  TotalTime: 0.406  ,  Loss/total: 3.41194  ,  Loss/ce: 3.36909  ,  IoU: 0.74601  ,  pro_loss: 0.21422
[train: Epoch 40, 950 / 1875] FPS: 78.8 (577.2)  ,  DataTime: 0.356 (0.005)  ,  ForwardTime: 0.045  ,  TotalTime: 0.406  ,  Loss/total: 3.41210  ,  Loss/ce: 3.36929  ,  IoU: 0.74619  ,  pro_loss: 0.21406
[train: Epoch 40, 1000 / 1875] FPS: 78.5 (610.5)  ,  DataTime: 0.357 (0.005)  ,  ForwardTime: 0.045  ,  TotalTime: 0.407  ,  Loss/total: 3.41293  ,  Loss/ce: 3.37017  ,  IoU: 0.74595  ,  pro_loss: 0.21381
[train: Epoch 40, 1050 / 1875] FPS: 78.1 (613.2)  ,  DataTime: 0.360 (0.005)  ,  ForwardTime: 0.045  ,  TotalTime: 0.410  ,  Loss/total: 3.41259  ,  Loss/ce: 3.36997  ,  IoU: 0.74591  ,  pro_loss: 0.21308
[train: Epoch 40, 1100 / 1875] FPS: 77.7 (555.2)  ,  DataTime: 0.362 (0.005)  ,  ForwardTime: 0.045  ,  TotalTime: 0.412  ,  Loss/total: 3.41228  ,  Loss/ce: 3.36973  ,  IoU: 0.74632  ,  pro_loss: 0.21274
[train: Epoch 40, 1150 / 1875] FPS: 78.0 (588.2)  ,  DataTime: 0.360 (0.005)  ,  ForwardTime: 0.045  ,  TotalTime: 0.410  ,  Loss/total: 3.41362  ,  Loss/ce: 3.37116  ,  IoU: 0.74613  ,  pro_loss: 0.21227
[train: Epoch 40, 1200 / 1875] FPS: 78.1 (579.9)  ,  DataTime: 0.360 (0.005)  ,  ForwardTime: 0.045  ,  TotalTime: 0.410  ,  Loss/total: 3.41325  ,  Loss/ce: 3.37079  ,  IoU: 0.74619  ,  pro_loss: 0.21227
[train: Epoch 40, 1250 / 1875] FPS: 77.9 (573.6)  ,  DataTime: 0.361 (0.005)  ,  ForwardTime: 0.045  ,  TotalTime: 0.411  ,  Loss/total: 3.41285  ,  Loss/ce: 3.37036  ,  IoU: 0.74614  ,  pro_loss: 0.21242
[train: Epoch 40, 1300 / 1875] FPS: 77.6 (19.1)  ,  DataTime: 0.362 (0.005)  ,  ForwardTime: 0.045  ,  TotalTime: 0.412  ,  Loss/total: 3.41270  ,  Loss/ce: 3.37021  ,  IoU: 0.74614  ,  pro_loss: 0.21246
[train: Epoch 40, 1350 / 1875] FPS: 77.7 (29.0)  ,  DataTime: 0.361 (0.005)  ,  ForwardTime: 0.045  ,  TotalTime: 0.412  ,  Loss/total: 3.41199  ,  Loss/ce: 3.36946  ,  IoU: 0.74614  ,  pro_loss: 0.21265
[train: Epoch 40, 1400 / 1875] FPS: 77.8 (567.3)  ,  DataTime: 0.361 (0.005)  ,  ForwardTime: 0.045  ,  TotalTime: 0.411  ,  Loss/total: 3.41138  ,  Loss/ce: 3.36886  ,  IoU: 0.74605  ,  pro_loss: 0.21258
[train: Epoch 40, 1450 / 1875] FPS: 77.4 (10.9)  ,  DataTime: 0.363 (0.005)  ,  ForwardTime: 0.045  ,  TotalTime: 0.413  ,  Loss/total: 3.41115  ,  Loss/ce: 3.36859  ,  IoU: 0.74601  ,  pro_loss: 0.21279
[train: Epoch 40, 1500 / 1875] FPS: 77.9 (48.4)  ,  DataTime: 0.361 (0.005)  ,  ForwardTime: 0.045  ,  TotalTime: 0.411  ,  Loss/total: 3.41165  ,  Loss/ce: 3.36910  ,  IoU: 0.74601  ,  pro_loss: 0.21276
[train: Epoch 40, 1550 / 1875] FPS: 77.6 (580.1)  ,  DataTime: 0.362 (0.005)  ,  ForwardTime: 0.045  ,  TotalTime: 0.412  ,  Loss/total: 3.41203  ,  Loss/ce: 3.36953  ,  IoU: 0.74594  ,  pro_loss: 0.21253
[train: Epoch 40, 1600 / 1875] FPS: 77.7 (585.9)  ,  DataTime: 0.362 (0.005)  ,  ForwardTime: 0.045  ,  TotalTime: 0.412  ,  Loss/total: 3.41145  ,  Loss/ce: 3.36891  ,  IoU: 0.74609  ,  pro_loss: 0.21273
[train: Epoch 40, 1650 / 1875] FPS: 78.0 (609.8)  ,  DataTime: 0.360 (0.005)  ,  ForwardTime: 0.045  ,  TotalTime: 0.410  ,  Loss/total: 3.41157  ,  Loss/ce: 3.36902  ,  IoU: 0.74604  ,  pro_loss: 0.21274
[train: Epoch 40, 1700 / 1875] FPS: 77.8 (601.5)  ,  DataTime: 0.361 (0.005)  ,  ForwardTime: 0.045  ,  TotalTime: 0.411  ,  Loss/total: 3.41115  ,  Loss/ce: 3.36861  ,  IoU: 0.74609  ,  pro_loss: 0.21270
[train: Epoch 40, 1750 / 1875] FPS: 77.8 (606.8)  ,  DataTime: 0.361 (0.005)  ,  ForwardTime: 0.045  ,  TotalTime: 0.411  ,  Loss/total: 3.41175  ,  Loss/ce: 3.36918  ,  IoU: 0.74607  ,  pro_loss: 0.21285
[train: Epoch 40, 1800 / 1875] FPS: 77.9 (621.9)  ,  DataTime: 0.361 (0.005)  ,  ForwardTime: 0.045  ,  TotalTime: 0.411  ,  Loss/total: 3.41245  ,  Loss/ce: 3.36985  ,  IoU: 0.74580  ,  pro_loss: 0.21304
[train: Epoch 40, 1850 / 1875] FPS: 77.6 (597.6)  ,  DataTime: 0.362 (0.005)  ,  ForwardTime: 0.045  ,  TotalTime: 0.412  ,  Loss/total: 3.41219  ,  Loss/ce: 3.36957  ,  IoU: 0.74580  ,  pro_loss: 0.21309
[train: Epoch 40, 1875 / 1875] FPS: 77.9 (613.6)  ,  DataTime: 0.361 (0.005)  ,  ForwardTime: 0.045  ,  TotalTime: 0.411  ,  Loss/total: 3.41243  ,  Loss/ce: 3.36980  ,  IoU: 0.74579  ,  pro_loss: 0.21317
[val: Epoch 40, 50 / 312] FPS: 67.1 (27.2)  ,  DataTime: 0.445 (0.006)  ,  ForwardTime: 0.026  ,  TotalTime: 0.477  ,  Loss/total: nan  ,  Loss/giou: 0.29526  ,  Loss/l1: 0.02191  ,  Loss/location: nan  ,  pro_loss: 0.18917  ,  IoU: 0.73004
[val: Epoch 40, 100 / 312] FPS: 70.1 (924.3)  ,  DataTime: 0.424 (0.006)  ,  ForwardTime: 0.026  ,  TotalTime: 0.456  ,  Loss/total: nan  ,  Loss/giou: 0.29849  ,  Loss/l1: 0.02258  ,  Loss/location: nan  ,  pro_loss: 0.18896  ,  IoU: 0.72792
[val: Epoch 40, 150 / 312] FPS: 70.5 (802.4)  ,  DataTime: 0.421 (0.006)  ,  ForwardTime: 0.026  ,  TotalTime: 0.454  ,  Loss/total: nan  ,  Loss/giou: 0.29751  ,  Loss/l1: 0.02197  ,  Loss/location: nan  ,  pro_loss: 0.18847  ,  IoU: 0.72770
[val: Epoch 40, 200 / 312] FPS: 69.3 (722.0)  ,  DataTime: 0.430 (0.006)  ,  ForwardTime: 0.026  ,  TotalTime: 0.462  ,  Loss/total: nan  ,  Loss/giou: 0.29696  ,  Loss/l1: 0.02174  ,  Loss/location: nan  ,  pro_loss: 0.18807  ,  IoU: 0.72805
[val: Epoch 40, 250 / 312] FPS: 70.2 (12.8)  ,  DataTime: 0.424 (0.006)  ,  ForwardTime: 0.026  ,  TotalTime: 0.456  ,  Loss/total: nan  ,  Loss/giou: 0.29715  ,  Loss/l1: 0.02195  ,  Loss/location: nan  ,  pro_loss: 0.18679  ,  IoU: 0.72801
[val: Epoch 40, 300 / 312] FPS: 71.5 (962.8)  ,  DataTime: 0.415 (0.006)  ,  ForwardTime: 0.026  ,  TotalTime: 0.447  ,  Loss/total: nan  ,  Loss/giou: 0.29766  ,  Loss/l1: 0.02207  ,  Loss/location: nan  ,  pro_loss: 0.18715  ,  IoU: 0.72765
[val: Epoch 40, 312 / 312] FPS: 73.2 (1036.7)  ,  DataTime: 0.406 (0.006)  ,  ForwardTime: 0.026  ,  TotalTime: 0.437  ,  Loss/total: nan  ,  Loss/giou: 0.29756  ,  Loss/l1: 0.02211  ,  Loss/location: nan  ,  pro_loss: 0.18663  ,  IoU: 0.72773
[train: Epoch 41, 50 / 1875] FPS: 57.7 (15.1)  ,  DataTime: 0.504 (0.005)  ,  ForwardTime: 0.045  ,  TotalTime: 0.554  ,  Loss/total: 3.38326  ,  Loss/ce: 3.33947  ,  IoU: 0.75375  ,  pro_loss: 0.21896
[train: Epoch 41, 100 / 1875] FPS: 65.0 (578.7)  ,  DataTime: 0.442 (0.005)  ,  ForwardTime: 0.045  ,  TotalTime: 0.492  ,  Loss/total: 3.39018  ,  Loss/ce: 3.34631  ,  IoU: 0.75097  ,  pro_loss: 0.21938
[train: Epoch 41, 150 / 1875] FPS: 68.3 (627.0)  ,  DataTime: 0.419 (0.005)  ,  ForwardTime: 0.045  ,  TotalTime: 0.469  ,  Loss/total: 3.38535  ,  Loss/ce: 3.34123  ,  IoU: 0.75328  ,  pro_loss: 0.22056
[train: Epoch 41, 200 / 1875] FPS: 70.0 (272.1)  ,  DataTime: 0.407 (0.005)  ,  ForwardTime: 0.045  ,  TotalTime: 0.457  ,  Loss/total: 3.38002  ,  Loss/ce: 3.33595  ,  IoU: 0.75477  ,  pro_loss: 0.22036
[train: Epoch 41, 250 / 1875] FPS: 68.2 (592.0)  ,  DataTime: 0.419 (0.005)  ,  ForwardTime: 0.045  ,  TotalTime: 0.469  ,  Loss/total: 3.37736  ,  Loss/ce: 3.33333  ,  IoU: 0.75550  ,  pro_loss: 0.22012
[train: Epoch 41, 300 / 1875] FPS: 68.3 (13.4)  ,  DataTime: 0.418 (0.005)  ,  ForwardTime: 0.045  ,  TotalTime: 0.468  ,  Loss/total: 3.37691  ,  Loss/ce: 3.33276  ,  IoU: 0.75554  ,  pro_loss: 0.22076
[train: Epoch 41, 350 / 1875] FPS: 67.3 (12.9)  ,  DataTime: 0.425 (0.005)  ,  ForwardTime: 0.045  ,  TotalTime: 0.475  ,  Loss/total: 3.37783  ,  Loss/ce: 3.33364  ,  IoU: 0.75548  ,  pro_loss: 0.22095
[train: Epoch 41, 400 / 1875] FPS: 65.0 (624.9)  ,  DataTime: 0.442 (0.005)  ,  ForwardTime: 0.045  ,  TotalTime: 0.492  ,  Loss/total: 3.37732  ,  Loss/ce: 3.33317  ,  IoU: 0.75573  ,  pro_loss: 0.22073
[train: Epoch 41, 450 / 1875] FPS: 64.2 (645.7)  ,  DataTime: 0.448 (0.005)  ,  ForwardTime: 0.045  ,  TotalTime: 0.498  ,  Loss/total: 3.37696  ,  Loss/ce: 3.33288  ,  IoU: 0.75628  ,  pro_loss: 0.22042
[train: Epoch 41, 500 / 1875] FPS: 63.3 (632.9)  ,  DataTime: 0.456 (0.005)  ,  ForwardTime: 0.045  ,  TotalTime: 0.506  ,  Loss/total: 3.37607  ,  Loss/ce: 3.33190  ,  IoU: 0.75638  ,  pro_loss: 0.22087
[train: Epoch 41, 550 / 1875] FPS: 62.2 (8.1)  ,  DataTime: 0.465 (0.005)  ,  ForwardTime: 0.045  ,  TotalTime: 0.514  ,  Loss/total: 3.37711  ,  Loss/ce: 3.33302  ,  IoU: 0.75623  ,  pro_loss: 0.22044
[train: Epoch 41, 600 / 1875] FPS: 62.0 (568.6)  ,  DataTime: 0.466 (0.005)  ,  ForwardTime: 0.045  ,  TotalTime: 0.516  ,  Loss/total: 3.37956  ,  Loss/ce: 3.33540  ,  IoU: 0.75588  ,  pro_loss: 0.22082
[train: Epoch 41, 650 / 1875] FPS: 61.4 (612.9)  ,  DataTime: 0.472 (0.005)  ,  ForwardTime: 0.045  ,  TotalTime: 0.521  ,  Loss/total: 3.37871  ,  Loss/ce: 3.33453  ,  IoU: 0.75584  ,  pro_loss: 0.22088
[train: Epoch 41, 700 / 1875] FPS: 61.5 (626.0)  ,  DataTime: 0.471 (0.005)  ,  ForwardTime: 0.045  ,  TotalTime: 0.521  ,  Loss/total: 3.37780  ,  Loss/ce: 3.33361  ,  IoU: 0.75586  ,  pro_loss: 0.22092
[train: Epoch 41, 750 / 1875] FPS: 61.2 (122.3)  ,  DataTime: 0.473 (0.005)  ,  ForwardTime: 0.045  ,  TotalTime: 0.523  ,  Loss/total: 3.37681  ,  Loss/ce: 3.33262  ,  IoU: 0.75614  ,  pro_loss: 0.22096
[train: Epoch 41, 800 / 1875] FPS: 61.2 (596.2)  ,  DataTime: 0.473 (0.005)  ,  ForwardTime: 0.045  ,  TotalTime: 0.523  ,  Loss/total: 3.37703  ,  Loss/ce: 3.33283  ,  IoU: 0.75591  ,  pro_loss: 0.22098
[train: Epoch 41, 850 / 1875] FPS: 61.1 (613.4)  ,  DataTime: 0.474 (0.005)  ,  ForwardTime: 0.045  ,  TotalTime: 0.524  ,  Loss/total: 3.37706  ,  Loss/ce: 3.33280  ,  IoU: 0.75631  ,  pro_loss: 0.22130
[train: Epoch 41, 900 / 1875] FPS: 61.2 (19.8)  ,  DataTime: 0.473 (0.005)  ,  ForwardTime: 0.045  ,  TotalTime: 0.522  ,  Loss/total: 3.37499  ,  Loss/ce: 3.33063  ,  IoU: 0.75653  ,  pro_loss: 0.22179
[train: Epoch 41, 950 / 1875] FPS: 61.4 (601.8)  ,  DataTime: 0.472 (0.005)  ,  ForwardTime: 0.045  ,  TotalTime: 0.521  ,  Loss/total: 3.37449  ,  Loss/ce: 3.33011  ,  IoU: 0.75664  ,  pro_loss: 0.22189
[train: Epoch 41, 1000 / 1875] FPS: 61.6 (30.8)  ,  DataTime: 0.470 (0.005)  ,  ForwardTime: 0.045  ,  TotalTime: 0.519  ,  Loss/total: 3.37420  ,  Loss/ce: 3.32985  ,  IoU: 0.75662  ,  pro_loss: 0.22177
[train: Epoch 41, 1050 / 1875] FPS: 62.1 (606.5)  ,  DataTime: 0.466 (0.005)  ,  ForwardTime: 0.045  ,  TotalTime: 0.516  ,  Loss/total: 3.37367  ,  Loss/ce: 3.32935  ,  IoU: 0.75703  ,  pro_loss: 0.22160
[train: Epoch 41, 1100 / 1875] FPS: 62.7 (580.1)  ,  DataTime: 0.461 (0.005)  ,  ForwardTime: 0.045  ,  TotalTime: 0.510  ,  Loss/total: 3.37385  ,  Loss/ce: 3.32959  ,  IoU: 0.75710  ,  pro_loss: 0.22128
[train: Epoch 41, 1150 / 1875] FPS: 63.4 (585.5)  ,  DataTime: 0.455 (0.005)  ,  ForwardTime: 0.045  ,  TotalTime: 0.505  ,  Loss/total: 3.37463  ,  Loss/ce: 3.33038  ,  IoU: 0.75692  ,  pro_loss: 0.22127
[train: Epoch 41, 1200 / 1875] FPS: 63.9 (609.8)  ,  DataTime: 0.451 (0.005)  ,  ForwardTime: 0.045  ,  TotalTime: 0.501  ,  Loss/total: 3.37483  ,  Loss/ce: 3.33058  ,  IoU: 0.75692  ,  pro_loss: 0.22123
[train: Epoch 41, 1250 / 1875] FPS: 64.1 (12.0)  ,  DataTime: 0.449 (0.005)  ,  ForwardTime: 0.045  ,  TotalTime: 0.499  ,  Loss/total: 3.37501  ,  Loss/ce: 3.33075  ,  IoU: 0.75686  ,  pro_loss: 0.22127
[train: Epoch 41, 1300 / 1875] FPS: 64.6 (604.4)  ,  DataTime: 0.445 (0.005)  ,  ForwardTime: 0.045  ,  TotalTime: 0.495  ,  Loss/total: 3.37353  ,  Loss/ce: 3.32926  ,  IoU: 0.75721  ,  pro_loss: 0.22135
[train: Epoch 41, 1350 / 1875] FPS: 65.2 (572.7)  ,  DataTime: 0.441 (0.005)  ,  ForwardTime: 0.045  ,  TotalTime: 0.491  ,  Loss/total: 3.37401  ,  Loss/ce: 3.32977  ,  IoU: 0.75720  ,  pro_loss: 0.22119
[train: Epoch 41, 1400 / 1875] FPS: 65.3 (11.0)  ,  DataTime: 0.440 (0.005)  ,  ForwardTime: 0.045  ,  TotalTime: 0.490  ,  Loss/total: 3.37338  ,  Loss/ce: 3.32917  ,  IoU: 0.75721  ,  pro_loss: 0.22106
[train: Epoch 41, 1450 / 1875] FPS: 65.9 (581.9)  ,  DataTime: 0.436 (0.005)  ,  ForwardTime: 0.045  ,  TotalTime: 0.486  ,  Loss/total: 3.37255  ,  Loss/ce: 3.32834  ,  IoU: 0.75740  ,  pro_loss: 0.22106
[train: Epoch 41, 1500 / 1875] FPS: 66.1 (297.3)  ,  DataTime: 0.434 (0.005)  ,  ForwardTime: 0.045  ,  TotalTime: 0.484  ,  Loss/total: 3.37210  ,  Loss/ce: 3.32793  ,  IoU: 0.75728  ,  pro_loss: 0.22082
[train: Epoch 41, 1550 / 1875] FPS: 66.5 (605.3)  ,  DataTime: 0.431 (0.005)  ,  ForwardTime: 0.045  ,  TotalTime: 0.481  ,  Loss/total: 3.37285  ,  Loss/ce: 3.32870  ,  IoU: 0.75695  ,  pro_loss: 0.22073
[train: Epoch 41, 1600 / 1875] FPS: 66.3 (604.3)  ,  DataTime: 0.433 (0.005)  ,  ForwardTime: 0.045  ,  TotalTime: 0.483  ,  Loss/total: 3.37216  ,  Loss/ce: 3.32800  ,  IoU: 0.75701  ,  pro_loss: 0.22083
[train: Epoch 41, 1650 / 1875] FPS: 66.7 (615.7)  ,  DataTime: 0.430 (0.005)  ,  ForwardTime: 0.045  ,  TotalTime: 0.480  ,  Loss/total: 3.37253  ,  Loss/ce: 3.32835  ,  IoU: 0.75676  ,  pro_loss: 0.22092
[train: Epoch 41, 1700 / 1875] FPS: 66.9 (602.4)  ,  DataTime: 0.429 (0.005)  ,  ForwardTime: 0.045  ,  TotalTime: 0.479  ,  Loss/total: 3.37290  ,  Loss/ce: 3.32868  ,  IoU: 0.75666  ,  pro_loss: 0.22107
[train: Epoch 41, 1750 / 1875] FPS: 67.1 (595.2)  ,  DataTime: 0.427 (0.005)  ,  ForwardTime: 0.045  ,  TotalTime: 0.477  ,  Loss/total: 3.37249  ,  Loss/ce: 3.32827  ,  IoU: 0.75674  ,  pro_loss: 0.22111
[train: Epoch 41, 1800 / 1875] FPS: 67.1 (23.7)  ,  DataTime: 0.427 (0.005)  ,  ForwardTime: 0.045  ,  TotalTime: 0.477  ,  Loss/total: 3.37313  ,  Loss/ce: 3.32891  ,  IoU: 0.75655  ,  pro_loss: 0.22109
[train: Epoch 41, 1850 / 1875] FPS: 67.3 (569.0)  ,  DataTime: 0.426 (0.005)  ,  ForwardTime: 0.045  ,  TotalTime: 0.476  ,  Loss/total: 3.37264  ,  Loss/ce: 3.32844  ,  IoU: 0.75679  ,  pro_loss: 0.22102
[train: Epoch 41, 1875 / 1875] FPS: 67.5 (633.6)  ,  DataTime: 0.424 (0.005)  ,  ForwardTime: 0.045  ,  TotalTime: 0.474  ,  Loss/total: 3.37273  ,  Loss/ce: 3.32851  ,  IoU: 0.75672  ,  pro_loss: 0.22106
[train: Epoch 42, 50 / 1875] FPS: 56.2 (9.5)  ,  DataTime: 0.519 (0.005)  ,  ForwardTime: 0.045  ,  TotalTime: 0.569  ,  Loss/total: 3.35618  ,  Loss/ce: 3.31123  ,  IoU: 0.76385  ,  pro_loss: 0.22479
[train: Epoch 42, 100 / 1875] FPS: 64.2 (595.7)  ,  DataTime: 0.448 (0.005)  ,  ForwardTime: 0.045  ,  TotalTime: 0.499  ,  Loss/total: 3.36244  ,  Loss/ce: 3.31802  ,  IoU: 0.76168  ,  pro_loss: 0.22208
[train: Epoch 42, 150 / 1875] FPS: 68.6 (623.1)  ,  DataTime: 0.416 (0.005)  ,  ForwardTime: 0.045  ,  TotalTime: 0.466  ,  Loss/total: 3.37440  ,  Loss/ce: 3.33007  ,  IoU: 0.75999  ,  pro_loss: 0.22167
[train: Epoch 42, 200 / 1875] FPS: 69.7 (605.8)  ,  DataTime: 0.409 (0.005)  ,  ForwardTime: 0.045  ,  TotalTime: 0.459  ,  Loss/total: 3.36788  ,  Loss/ce: 3.32348  ,  IoU: 0.76134  ,  pro_loss: 0.22198
[train: Epoch 42, 250 / 1875] FPS: 71.1 (36.0)  ,  DataTime: 0.400 (0.005)  ,  ForwardTime: 0.045  ,  TotalTime: 0.450  ,  Loss/total: 3.36977  ,  Loss/ce: 3.32566  ,  IoU: 0.76063  ,  pro_loss: 0.22054
[train: Epoch 42, 300 / 1875] FPS: 71.0 (620.6)  ,  DataTime: 0.400 (0.005)  ,  ForwardTime: 0.045  ,  TotalTime: 0.451  ,  Loss/total: 3.36660  ,  Loss/ce: 3.32266  ,  IoU: 0.76160  ,  pro_loss: 0.21972
[train: Epoch 42, 350 / 1875] FPS: 71.5 (615.7)  ,  DataTime: 0.397 (0.005)  ,  ForwardTime: 0.045  ,  TotalTime: 0.447  ,  Loss/total: 3.36257  ,  Loss/ce: 3.31845  ,  IoU: 0.76252  ,  pro_loss: 0.22060
[train: Epoch 42, 400 / 1875] FPS: 72.4 (587.4)  ,  DataTime: 0.392 (0.005)  ,  ForwardTime: 0.045  ,  TotalTime: 0.442  ,  Loss/total: 3.36086  ,  Loss/ce: 3.31676  ,  IoU: 0.76222  ,  pro_loss: 0.22049
[train: Epoch 42, 450 / 1875] FPS: 73.4 (590.0)  ,  DataTime: 0.386 (0.005)  ,  ForwardTime: 0.045  ,  TotalTime: 0.436  ,  Loss/total: 3.35983  ,  Loss/ce: 3.31563  ,  IoU: 0.76265  ,  pro_loss: 0.22102
[train: Epoch 42, 500 / 1875] FPS: 72.7 (616.3)  ,  DataTime: 0.390 (0.005)  ,  ForwardTime: 0.045  ,  TotalTime: 0.440  ,  Loss/total: 3.35930  ,  Loss/ce: 3.31509  ,  IoU: 0.76232  ,  pro_loss: 0.22102
[train: Epoch 42, 550 / 1875] FPS: 73.9 (615.6)  ,  DataTime: 0.383 (0.005)  ,  ForwardTime: 0.045  ,  TotalTime: 0.433  ,  Loss/total: 3.35933  ,  Loss/ce: 3.31512  ,  IoU: 0.76228  ,  pro_loss: 0.22102
[train: Epoch 42, 600 / 1875] FPS: 73.9 (14.6)  ,  DataTime: 0.383 (0.005)  ,  ForwardTime: 0.045  ,  TotalTime: 0.433  ,  Loss/total: 3.35853  ,  Loss/ce: 3.31427  ,  IoU: 0.76228  ,  pro_loss: 0.22129
[train: Epoch 42, 650 / 1875] FPS: 74.3 (586.5)  ,  DataTime: 0.380 (0.005)  ,  ForwardTime: 0.045  ,  TotalTime: 0.431  ,  Loss/total: 3.35894  ,  Loss/ce: 3.31463  ,  IoU: 0.76192  ,  pro_loss: 0.22157
[train: Epoch 42, 700 / 1875] FPS: 74.3 (601.4)  ,  DataTime: 0.380 (0.005)  ,  ForwardTime: 0.045  ,  TotalTime: 0.430  ,  Loss/total: 3.35907  ,  Loss/ce: 3.31478  ,  IoU: 0.76170  ,  pro_loss: 0.22146
[train: Epoch 42, 750 / 1875] FPS: 74.9 (582.1)  ,  DataTime: 0.377 (0.005)  ,  ForwardTime: 0.045  ,  TotalTime: 0.427  ,  Loss/total: 3.35947  ,  Loss/ce: 3.31525  ,  IoU: 0.76132  ,  pro_loss: 0.22110
[train: Epoch 42, 800 / 1875] FPS: 75.1 (95.4)  ,  DataTime: 0.376 (0.005)  ,  ForwardTime: 0.045  ,  TotalTime: 0.426  ,  Loss/total: 3.35849  ,  Loss/ce: 3.31426  ,  IoU: 0.76146  ,  pro_loss: 0.22117
[train: Epoch 42, 850 / 1875] FPS: 75.4 (601.5)  ,  DataTime: 0.374 (0.005)  ,  ForwardTime: 0.045  ,  TotalTime: 0.424  ,  Loss/total: 3.35789  ,  Loss/ce: 3.31361  ,  IoU: 0.76148  ,  pro_loss: 0.22136
[train: Epoch 42, 900 / 1875] FPS: 75.1 (576.2)  ,  DataTime: 0.376 (0.005)  ,  ForwardTime: 0.045  ,  TotalTime: 0.426  ,  Loss/total: 3.35755  ,  Loss/ce: 3.31327  ,  IoU: 0.76166  ,  pro_loss: 0.22140
[train: Epoch 42, 950 / 1875] FPS: 75.4 (577.0)  ,  DataTime: 0.374 (0.005)  ,  ForwardTime: 0.045  ,  TotalTime: 0.425  ,  Loss/total: 3.35873  ,  Loss/ce: 3.31442  ,  IoU: 0.76113  ,  pro_loss: 0.22155
[train: Epoch 42, 1000 / 1875] FPS: 75.2 (13.7)  ,  DataTime: 0.375 (0.005)  ,  ForwardTime: 0.045  ,  TotalTime: 0.425  ,  Loss/total: 3.35890  ,  Loss/ce: 3.31467  ,  IoU: 0.76084  ,  pro_loss: 0.22117
[train: Epoch 42, 1050 / 1875] FPS: 75.4 (601.8)  ,  DataTime: 0.374 (0.005)  ,  ForwardTime: 0.045  ,  TotalTime: 0.424  ,  Loss/total: 3.35903  ,  Loss/ce: 3.31477  ,  IoU: 0.76103  ,  pro_loss: 0.22130
[train: Epoch 42, 1100 / 1875] FPS: 75.7 (596.3)  ,  DataTime: 0.373 (0.005)  ,  ForwardTime: 0.045  ,  TotalTime: 0.423  ,  Loss/total: 3.35932  ,  Loss/ce: 3.31508  ,  IoU: 0.76082  ,  pro_loss: 0.22119
[train: Epoch 42, 1150 / 1875] FPS: 75.8 (592.4)  ,  DataTime: 0.372 (0.005)  ,  ForwardTime: 0.045  ,  TotalTime: 0.422  ,  Loss/total: 3.36002  ,  Loss/ce: 3.31578  ,  IoU: 0.76050  ,  pro_loss: 0.22116
[train: Epoch 42, 1200 / 1875] FPS: 75.6 (594.9)  ,  DataTime: 0.373 (0.005)  ,  ForwardTime: 0.045  ,  TotalTime: 0.423  ,  Loss/total: 3.35812  ,  Loss/ce: 3.31390  ,  IoU: 0.76059  ,  pro_loss: 0.22109
[train: Epoch 42, 1250 / 1875] FPS: 75.9 (615.5)  ,  DataTime: 0.371 (0.005)  ,  ForwardTime: 0.045  ,  TotalTime: 0.422  ,  Loss/total: 3.35846  ,  Loss/ce: 3.31427  ,  IoU: 0.76058  ,  pro_loss: 0.22094
[train: Epoch 42, 1300 / 1875] FPS: 75.8 (580.6)  ,  DataTime: 0.372 (0.005)  ,  ForwardTime: 0.045  ,  TotalTime: 0.422  ,  Loss/total: 3.35825  ,  Loss/ce: 3.31410  ,  IoU: 0.76074  ,  pro_loss: 0.22075
[train: Epoch 42, 1350 / 1875] FPS: 75.9 (604.5)  ,  DataTime: 0.371 (0.005)  ,  ForwardTime: 0.045  ,  TotalTime: 0.422  ,  Loss/total: 3.35927  ,  Loss/ce: 3.31509  ,  IoU: 0.76051  ,  pro_loss: 0.22092
[train: Epoch 42, 1400 / 1875] FPS: 75.7 (578.4)  ,  DataTime: 0.372 (0.005)  ,  ForwardTime: 0.045  ,  TotalTime: 0.423  ,  Loss/total: 3.35922  ,  Loss/ce: 3.31503  ,  IoU: 0.76052  ,  pro_loss: 0.22095
[train: Epoch 42, 1450 / 1875] FPS: 75.7 (592.8)  ,  DataTime: 0.373 (0.005)  ,  ForwardTime: 0.045  ,  TotalTime: 0.423  ,  Loss/total: 3.35914  ,  Loss/ce: 3.31495  ,  IoU: 0.76048  ,  pro_loss: 0.22094
[train: Epoch 42, 1500 / 1875] FPS: 75.7 (610.4)  ,  DataTime: 0.373 (0.005)  ,  ForwardTime: 0.045  ,  TotalTime: 0.423  ,  Loss/total: 3.35953  ,  Loss/ce: 3.31537  ,  IoU: 0.76045  ,  pro_loss: 0.22079
[train: Epoch 42, 1550 / 1875] FPS: 75.8 (584.4)  ,  DataTime: 0.372 (0.005)  ,  ForwardTime: 0.045  ,  TotalTime: 0.422  ,  Loss/total: 3.35959  ,  Loss/ce: 3.31545  ,  IoU: 0.76046  ,  pro_loss: 0.22067
[train: Epoch 42, 1600 / 1875] FPS: 75.6 (602.1)  ,  DataTime: 0.373 (0.005)  ,  ForwardTime: 0.045  ,  TotalTime: 0.423  ,  Loss/total: 3.35941  ,  Loss/ce: 3.31533  ,  IoU: 0.76044  ,  pro_loss: 0.22038
[train: Epoch 42, 1650 / 1875] FPS: 75.8 (608.9)  ,  DataTime: 0.372 (0.005)  ,  ForwardTime: 0.045  ,  TotalTime: 0.422  ,  Loss/total: 3.35905  ,  Loss/ce: 3.31502  ,  IoU: 0.76055  ,  pro_loss: 0.22017
[train: Epoch 42, 1700 / 1875] FPS: 75.5 (618.3)  ,  DataTime: 0.374 (0.005)  ,  ForwardTime: 0.045  ,  TotalTime: 0.424  ,  Loss/total: 3.35874  ,  Loss/ce: 3.31472  ,  IoU: 0.76071  ,  pro_loss: 0.22006
[train: Epoch 42, 1750 / 1875] FPS: 75.7 (615.9)  ,  DataTime: 0.372 (0.005)  ,  ForwardTime: 0.045  ,  TotalTime: 0.423  ,  Loss/total: 3.35889  ,  Loss/ce: 3.31488  ,  IoU: 0.76052  ,  pro_loss: 0.22002
[train: Epoch 42, 1800 / 1875] FPS: 76.0 (638.1)  ,  DataTime: 0.371 (0.005)  ,  ForwardTime: 0.045  ,  TotalTime: 0.421  ,  Loss/total: 3.35832  ,  Loss/ce: 3.31436  ,  IoU: 0.76068  ,  pro_loss: 0.21981
[train: Epoch 42, 1850 / 1875] FPS: 76.2 (588.9)  ,  DataTime: 0.370 (0.005)  ,  ForwardTime: 0.045  ,  TotalTime: 0.420  ,  Loss/total: 3.35811  ,  Loss/ce: 3.31414  ,  IoU: 0.76060  ,  pro_loss: 0.21984
[train: Epoch 42, 1875 / 1875] FPS: 76.3 (59.4)  ,  DataTime: 0.369 (0.005)  ,  ForwardTime: 0.045  ,  TotalTime: 0.419  ,  Loss/total: 3.35868  ,  Loss/ce: 3.31471  ,  IoU: 0.76057  ,  pro_loss: 0.21986
[train: Epoch 43, 50 / 1875] FPS: 68.5 (599.1)  ,  DataTime: 0.417 (0.005)  ,  ForwardTime: 0.045  ,  TotalTime: 0.467  ,  Loss/total: 3.34407  ,  Loss/ce: 3.30007  ,  IoU: 0.76026  ,  pro_loss: 0.22000
[train: Epoch 43, 100 / 1875] FPS: 72.6 (597.5)  ,  DataTime: 0.391 (0.005)  ,  ForwardTime: 0.045  ,  TotalTime: 0.441  ,  Loss/total: 3.36765  ,  Loss/ce: 3.32370  ,  IoU: 0.75968  ,  pro_loss: 0.21979
[train: Epoch 43, 150 / 1875] FPS: 74.1 (63.9)  ,  DataTime: 0.382 (0.005)  ,  ForwardTime: 0.045  ,  TotalTime: 0.432  ,  Loss/total: 3.36440  ,  Loss/ce: 3.32050  ,  IoU: 0.75997  ,  pro_loss: 0.21951
[train: Epoch 43, 200 / 1875] FPS: 75.8 (534.1)  ,  DataTime: 0.372 (0.005)  ,  ForwardTime: 0.045  ,  TotalTime: 0.422  ,  Loss/total: 3.36462  ,  Loss/ce: 3.32081  ,  IoU: 0.75967  ,  pro_loss: 0.21901
[train: Epoch 43, 250 / 1875] FPS: 76.9 (610.3)  ,  DataTime: 0.366 (0.005)  ,  ForwardTime: 0.045  ,  TotalTime: 0.416  ,  Loss/total: 3.36039  ,  Loss/ce: 3.31644  ,  IoU: 0.76101  ,  pro_loss: 0.21979
[train: Epoch 43, 300 / 1875] FPS: 75.9 (12.6)  ,  DataTime: 0.372 (0.005)  ,  ForwardTime: 0.045  ,  TotalTime: 0.421  ,  Loss/total: 3.36000  ,  Loss/ce: 3.31604  ,  IoU: 0.76135  ,  pro_loss: 0.21979
[train: Epoch 43, 350 / 1875] FPS: 77.3 (582.1)  ,  DataTime: 0.364 (0.005)  ,  ForwardTime: 0.045  ,  TotalTime: 0.414  ,  Loss/total: 3.35674  ,  Loss/ce: 3.31303  ,  IoU: 0.76181  ,  pro_loss: 0.21854
[train: Epoch 43, 400 / 1875] FPS: 77.3 (613.6)  ,  DataTime: 0.364 (0.005)  ,  ForwardTime: 0.045  ,  TotalTime: 0.414  ,  Loss/total: 3.35619  ,  Loss/ce: 3.31262  ,  IoU: 0.76164  ,  pro_loss: 0.21784
[train: Epoch 43, 450 / 1875] FPS: 77.9 (576.6)  ,  DataTime: 0.361 (0.005)  ,  ForwardTime: 0.045  ,  TotalTime: 0.411  ,  Loss/total: 3.35708  ,  Loss/ce: 3.31337  ,  IoU: 0.76142  ,  pro_loss: 0.21859
[train: Epoch 43, 500 / 1875] FPS: 77.7 (563.1)  ,  DataTime: 0.362 (0.005)  ,  ForwardTime: 0.045  ,  TotalTime: 0.412  ,  Loss/total: 3.35757  ,  Loss/ce: 3.31399  ,  IoU: 0.76161  ,  pro_loss: 0.21790
[train: Epoch 43, 550 / 1875] FPS: 77.2 (627.6)  ,  DataTime: 0.364 (0.005)  ,  ForwardTime: 0.045  ,  TotalTime: 0.415  ,  Loss/total: 3.35844  ,  Loss/ce: 3.31488  ,  IoU: 0.76180  ,  pro_loss: 0.21777
[train: Epoch 43, 600 / 1875] FPS: 76.4 (582.2)  ,  DataTime: 0.369 (0.005)  ,  ForwardTime: 0.045  ,  TotalTime: 0.419  ,  Loss/total: 3.35695  ,  Loss/ce: 3.31337  ,  IoU: 0.76196  ,  pro_loss: 0.21792
[train: Epoch 43, 650 / 1875] FPS: 76.7 (581.0)  ,  DataTime: 0.367 (0.005)  ,  ForwardTime: 0.045  ,  TotalTime: 0.417  ,  Loss/total: 3.35631  ,  Loss/ce: 3.31273  ,  IoU: 0.76202  ,  pro_loss: 0.21790
[train: Epoch 43, 700 / 1875] FPS: 76.6 (606.7)  ,  DataTime: 0.367 (0.005)  ,  ForwardTime: 0.045  ,  TotalTime: 0.418  ,  Loss/total: 3.35517  ,  Loss/ce: 3.31154  ,  IoU: 0.76233  ,  pro_loss: 0.21817
[train: Epoch 43, 750 / 1875] FPS: 75.8 (573.9)  ,  DataTime: 0.372 (0.005)  ,  ForwardTime: 0.045  ,  TotalTime: 0.422  ,  Loss/total: 3.35566  ,  Loss/ce: 3.31201  ,  IoU: 0.76211  ,  pro_loss: 0.21826
[train: Epoch 43, 800 / 1875] FPS: 76.3 (610.1)  ,  DataTime: 0.369 (0.005)  ,  ForwardTime: 0.045  ,  TotalTime: 0.419  ,  Loss/total: 3.35509  ,  Loss/ce: 3.31142  ,  IoU: 0.76233  ,  pro_loss: 0.21832
[train: Epoch 43, 850 / 1875] FPS: 76.0 (597.8)  ,  DataTime: 0.371 (0.005)  ,  ForwardTime: 0.045  ,  TotalTime: 0.421  ,  Loss/total: 3.35620  ,  Loss/ce: 3.31253  ,  IoU: 0.76196  ,  pro_loss: 0.21838
[train: Epoch 43, 900 / 1875] FPS: 76.1 (579.7)  ,  DataTime: 0.370 (0.005)  ,  ForwardTime: 0.045  ,  TotalTime: 0.420  ,  Loss/total: 3.35619  ,  Loss/ce: 3.31251  ,  IoU: 0.76193  ,  pro_loss: 0.21841
[train: Epoch 43, 950 / 1875] FPS: 76.1 (597.4)  ,  DataTime: 0.371 (0.005)  ,  ForwardTime: 0.045  ,  TotalTime: 0.421  ,  Loss/total: 3.35568  ,  Loss/ce: 3.31193  ,  IoU: 0.76178  ,  pro_loss: 0.21873
[train: Epoch 43, 1000 / 1875] FPS: 76.1 (42.6)  ,  DataTime: 0.371 (0.005)  ,  ForwardTime: 0.045  ,  TotalTime: 0.421  ,  Loss/total: 3.35560  ,  Loss/ce: 3.31179  ,  IoU: 0.76191  ,  pro_loss: 0.21904
[train: Epoch 43, 1050 / 1875] FPS: 76.2 (16.3)  ,  DataTime: 0.370 (0.005)  ,  ForwardTime: 0.045  ,  TotalTime: 0.420  ,  Loss/total: 3.35663  ,  Loss/ce: 3.31281  ,  IoU: 0.76145  ,  pro_loss: 0.21913
[train: Epoch 43, 1100 / 1875] FPS: 76.5 (118.7)  ,  DataTime: 0.368 (0.005)  ,  ForwardTime: 0.045  ,  TotalTime: 0.418  ,  Loss/total: 3.35612  ,  Loss/ce: 3.31229  ,  IoU: 0.76152  ,  pro_loss: 0.21919
[train: Epoch 43, 1150 / 1875] FPS: 76.5 (23.9)  ,  DataTime: 0.368 (0.005)  ,  ForwardTime: 0.045  ,  TotalTime: 0.419  ,  Loss/total: 3.35642  ,  Loss/ce: 3.31262  ,  IoU: 0.76125  ,  pro_loss: 0.21900
[train: Epoch 43, 1200 / 1875] FPS: 76.2 (12.5)  ,  DataTime: 0.370 (0.005)  ,  ForwardTime: 0.045  ,  TotalTime: 0.420  ,  Loss/total: 3.35446  ,  Loss/ce: 3.31071  ,  IoU: 0.76162  ,  pro_loss: 0.21878
[train: Epoch 43, 1250 / 1875] FPS: 76.6 (612.3)  ,  DataTime: 0.368 (0.005)  ,  ForwardTime: 0.045  ,  TotalTime: 0.418  ,  Loss/total: 3.35477  ,  Loss/ce: 3.31100  ,  IoU: 0.76154  ,  pro_loss: 0.21885
[train: Epoch 43, 1300 / 1875] FPS: 76.5 (579.6)  ,  DataTime: 0.368 (0.005)  ,  ForwardTime: 0.045  ,  TotalTime: 0.418  ,  Loss/total: 3.35491  ,  Loss/ce: 3.31110  ,  IoU: 0.76144  ,  pro_loss: 0.21909
[train: Epoch 43, 1350 / 1875] FPS: 76.8 (608.5)  ,  DataTime: 0.366 (0.005)  ,  ForwardTime: 0.045  ,  TotalTime: 0.417  ,  Loss/total: 3.35513  ,  Loss/ce: 3.31129  ,  IoU: 0.76124  ,  pro_loss: 0.21921
[train: Epoch 43, 1400 / 1875] FPS: 76.7 (603.1)  ,  DataTime: 0.367 (0.005)  ,  ForwardTime: 0.045  ,  TotalTime: 0.417  ,  Loss/total: 3.35563  ,  Loss/ce: 3.31177  ,  IoU: 0.76110  ,  pro_loss: 0.21926
[train: Epoch 43, 1450 / 1875] FPS: 76.7 (600.8)  ,  DataTime: 0.367 (0.005)  ,  ForwardTime: 0.045  ,  TotalTime: 0.417  ,  Loss/total: 3.35494  ,  Loss/ce: 3.31113  ,  IoU: 0.76129  ,  pro_loss: 0.21906
[train: Epoch 43, 1500 / 1875] FPS: 76.6 (541.3)  ,  DataTime: 0.368 (0.005)  ,  ForwardTime: 0.045  ,  TotalTime: 0.418  ,  Loss/total: 3.35430  ,  Loss/ce: 3.31053  ,  IoU: 0.76136  ,  pro_loss: 0.21885
[train: Epoch 43, 1550 / 1875] FPS: 77.0 (591.6)  ,  DataTime: 0.365 (0.005)  ,  ForwardTime: 0.045  ,  TotalTime: 0.416  ,  Loss/total: 3.35433  ,  Loss/ce: 3.31054  ,  IoU: 0.76144  ,  pro_loss: 0.21897
[train: Epoch 43, 1600 / 1875] FPS: 76.6 (11.2)  ,  DataTime: 0.367 (0.005)  ,  ForwardTime: 0.045  ,  TotalTime: 0.417  ,  Loss/total: 3.35486  ,  Loss/ce: 3.31113  ,  IoU: 0.76117  ,  pro_loss: 0.21864
[train: Epoch 43, 1650 / 1875] FPS: 76.9 (572.2)  ,  DataTime: 0.366 (0.005)  ,  ForwardTime: 0.045  ,  TotalTime: 0.416  ,  Loss/total: 3.35507  ,  Loss/ce: 3.31135  ,  IoU: 0.76112  ,  pro_loss: 0.21860
[train: Epoch 43, 1700 / 1875] FPS: 76.9 (588.8)  ,  DataTime: 0.366 (0.005)  ,  ForwardTime: 0.045  ,  TotalTime: 0.416  ,  Loss/total: 3.35538  ,  Loss/ce: 3.31169  ,  IoU: 0.76122  ,  pro_loss: 0.21844
[train: Epoch 43, 1750 / 1875] FPS: 77.1 (616.4)  ,  DataTime: 0.365 (0.005)  ,  ForwardTime: 0.045  ,  TotalTime: 0.415  ,  Loss/total: 3.35519  ,  Loss/ce: 3.31149  ,  IoU: 0.76129  ,  pro_loss: 0.21850
[train: Epoch 43, 1800 / 1875] FPS: 77.1 (17.6)  ,  DataTime: 0.365 (0.005)  ,  ForwardTime: 0.045  ,  TotalTime: 0.415  ,  Loss/total: 3.35547  ,  Loss/ce: 3.31178  ,  IoU: 0.76109  ,  pro_loss: 0.21847
[train: Epoch 43, 1850 / 1875] FPS: 77.2 (579.5)  ,  DataTime: 0.364 (0.005)  ,  ForwardTime: 0.045  ,  TotalTime: 0.414  ,  Loss/total: 3.35477  ,  Loss/ce: 3.31108  ,  IoU: 0.76116  ,  pro_loss: 0.21846
[train: Epoch 43, 1875 / 1875] FPS: 77.5 (79.4)  ,  DataTime: 0.363 (0.005)  ,  ForwardTime: 0.045  ,  TotalTime: 0.413  ,  Loss/total: 3.35486  ,  Loss/ce: 3.31118  ,  IoU: 0.76111  ,  pro_loss: 0.21837
[train: Epoch 44, 50 / 1875] FPS: 72.0 (603.3)  ,  DataTime: 0.394 (0.005)  ,  ForwardTime: 0.045  ,  TotalTime: 0.444  ,  Loss/total: 3.34431  ,  Loss/ce: 3.29976  ,  IoU: 0.76323  ,  pro_loss: 0.22271
[train: Epoch 44, 100 / 1875] FPS: 77.5 (570.4)  ,  DataTime: 0.363 (0.005)  ,  ForwardTime: 0.045  ,  TotalTime: 0.413  ,  Loss/total: 3.35049  ,  Loss/ce: 3.30607  ,  IoU: 0.76047  ,  pro_loss: 0.22208
[train: Epoch 44, 150 / 1875] FPS: 77.1 (622.1)  ,  DataTime: 0.365 (0.005)  ,  ForwardTime: 0.045  ,  TotalTime: 0.415  ,  Loss/total: 3.35232  ,  Loss/ce: 3.30803  ,  IoU: 0.75917  ,  pro_loss: 0.22146
[train: Epoch 44, 200 / 1875] FPS: 79.4 (600.0)  ,  DataTime: 0.353 (0.005)  ,  ForwardTime: 0.045  ,  TotalTime: 0.403  ,  Loss/total: 3.35391  ,  Loss/ce: 3.30983  ,  IoU: 0.75812  ,  pro_loss: 0.22036
[train: Epoch 44, 250 / 1875] FPS: 81.3 (572.5)  ,  DataTime: 0.344 (0.005)  ,  ForwardTime: 0.045  ,  TotalTime: 0.394  ,  Loss/total: 3.35186  ,  Loss/ce: 3.30798  ,  IoU: 0.75804  ,  pro_loss: 0.21942
[train: Epoch 44, 300 / 1875] FPS: 80.8 (36.4)  ,  DataTime: 0.346 (0.005)  ,  ForwardTime: 0.045  ,  TotalTime: 0.396  ,  Loss/total: 3.35054  ,  Loss/ce: 3.30644  ,  IoU: 0.75963  ,  pro_loss: 0.22049
[train: Epoch 44, 350 / 1875] FPS: 81.5 (600.7)  ,  DataTime: 0.342 (0.005)  ,  ForwardTime: 0.045  ,  TotalTime: 0.393  ,  Loss/total: 3.35097  ,  Loss/ce: 3.30707  ,  IoU: 0.75931  ,  pro_loss: 0.21949
[train: Epoch 44, 400 / 1875] FPS: 81.5 (611.6)  ,  DataTime: 0.342 (0.005)  ,  ForwardTime: 0.045  ,  TotalTime: 0.392  ,  Loss/total: 3.35097  ,  Loss/ce: 3.30712  ,  IoU: 0.75966  ,  pro_loss: 0.21927
[train: Epoch 44, 450 / 1875] FPS: 82.4 (625.0)  ,  DataTime: 0.338 (0.005)  ,  ForwardTime: 0.045  ,  TotalTime: 0.389  ,  Loss/total: 3.35298  ,  Loss/ce: 3.30903  ,  IoU: 0.75902  ,  pro_loss: 0.21972
[train: Epoch 44, 500 / 1875] FPS: 82.6 (609.2)  ,  DataTime: 0.337 (0.005)  ,  ForwardTime: 0.045  ,  TotalTime: 0.387  ,  Loss/total: 3.35191  ,  Loss/ce: 3.30807  ,  IoU: 0.75966  ,  pro_loss: 0.21917
[train: Epoch 44, 550 / 1875] FPS: 82.7 (609.1)  ,  DataTime: 0.337 (0.005)  ,  ForwardTime: 0.045  ,  TotalTime: 0.387  ,  Loss/total: 3.35142  ,  Loss/ce: 3.30753  ,  IoU: 0.75921  ,  pro_loss: 0.21947
[train: Epoch 44, 600 / 1875] FPS: 82.8 (606.9)  ,  DataTime: 0.336 (0.005)  ,  ForwardTime: 0.045  ,  TotalTime: 0.387  ,  Loss/total: 3.35492  ,  Loss/ce: 3.31103  ,  IoU: 0.75861  ,  pro_loss: 0.21943
[train: Epoch 44, 650 / 1875] FPS: 83.0 (21.9)  ,  DataTime: 0.335 (0.005)  ,  ForwardTime: 0.045  ,  TotalTime: 0.385  ,  Loss/total: 3.35569  ,  Loss/ce: 3.31187  ,  IoU: 0.75886  ,  pro_loss: 0.21912
[train: Epoch 44, 700 / 1875] FPS: 83.5 (620.6)  ,  DataTime: 0.333 (0.005)  ,  ForwardTime: 0.045  ,  TotalTime: 0.383  ,  Loss/total: 3.35730  ,  Loss/ce: 3.31343  ,  IoU: 0.75920  ,  pro_loss: 0.21939
[train: Epoch 44, 750 / 1875] FPS: 83.6 (17.7)  ,  DataTime: 0.333 (0.005)  ,  ForwardTime: 0.045  ,  TotalTime: 0.383  ,  Loss/total: 3.35748  ,  Loss/ce: 3.31356  ,  IoU: 0.75943  ,  pro_loss: 0.21960
[train: Epoch 44, 800 / 1875] FPS: 83.0 (568.6)  ,  DataTime: 0.335 (0.005)  ,  ForwardTime: 0.045  ,  TotalTime: 0.385  ,  Loss/total: 3.35651  ,  Loss/ce: 3.31266  ,  IoU: 0.75984  ,  pro_loss: 0.21926
[train: Epoch 44, 850 / 1875] FPS: 83.1 (591.1)  ,  DataTime: 0.335 (0.005)  ,  ForwardTime: 0.045  ,  TotalTime: 0.385  ,  Loss/total: 3.35547  ,  Loss/ce: 3.31155  ,  IoU: 0.75993  ,  pro_loss: 0.21958
[train: Epoch 44, 900 / 1875] FPS: 82.7 (582.8)  ,  DataTime: 0.337 (0.005)  ,  ForwardTime: 0.045  ,  TotalTime: 0.387  ,  Loss/total: 3.35688  ,  Loss/ce: 3.31296  ,  IoU: 0.75977  ,  pro_loss: 0.21962
[train: Epoch 44, 950 / 1875] FPS: 82.9 (608.7)  ,  DataTime: 0.336 (0.005)  ,  ForwardTime: 0.045  ,  TotalTime: 0.386  ,  Loss/total: 3.35691  ,  Loss/ce: 3.31301  ,  IoU: 0.75956  ,  pro_loss: 0.21952
[train: Epoch 44, 1000 / 1875] FPS: 82.8 (605.9)  ,  DataTime: 0.336 (0.005)  ,  ForwardTime: 0.045  ,  TotalTime: 0.387  ,  Loss/total: 3.35593  ,  Loss/ce: 3.31204  ,  IoU: 0.75988  ,  pro_loss: 0.21946
[train: Epoch 44, 1050 / 1875] FPS: 82.8 (545.1)  ,  DataTime: 0.336 (0.005)  ,  ForwardTime: 0.045  ,  TotalTime: 0.386  ,  Loss/total: 3.35640  ,  Loss/ce: 3.31252  ,  IoU: 0.75979  ,  pro_loss: 0.21942
[train: Epoch 44, 1100 / 1875] FPS: 82.6 (612.8)  ,  DataTime: 0.337 (0.005)  ,  ForwardTime: 0.045  ,  TotalTime: 0.387  ,  Loss/total: 3.35611  ,  Loss/ce: 3.31221  ,  IoU: 0.75990  ,  pro_loss: 0.21951
[train: Epoch 44, 1150 / 1875] FPS: 82.4 (596.3)  ,  DataTime: 0.338 (0.005)  ,  ForwardTime: 0.045  ,  TotalTime: 0.388  ,  Loss/total: 3.35502  ,  Loss/ce: 3.31118  ,  IoU: 0.75992  ,  pro_loss: 0.21922
[train: Epoch 44, 1200 / 1875] FPS: 82.1 (619.4)  ,  DataTime: 0.339 (0.005)  ,  ForwardTime: 0.045  ,  TotalTime: 0.390  ,  Loss/total: 3.35538  ,  Loss/ce: 3.31154  ,  IoU: 0.75983  ,  pro_loss: 0.21918
[train: Epoch 44, 1250 / 1875] FPS: 82.5 (610.3)  ,  DataTime: 0.338 (0.005)  ,  ForwardTime: 0.045  ,  TotalTime: 0.388  ,  Loss/total: 3.35532  ,  Loss/ce: 3.31142  ,  IoU: 0.76004  ,  pro_loss: 0.21953
[train: Epoch 44, 1300 / 1875] FPS: 82.5 (607.0)  ,  DataTime: 0.338 (0.005)  ,  ForwardTime: 0.045  ,  TotalTime: 0.388  ,  Loss/total: 3.35500  ,  Loss/ce: 3.31111  ,  IoU: 0.76020  ,  pro_loss: 0.21945
[train: Epoch 44, 1350 / 1875] FPS: 82.7 (617.8)  ,  DataTime: 0.337 (0.005)  ,  ForwardTime: 0.045  ,  TotalTime: 0.387  ,  Loss/total: 3.35607  ,  Loss/ce: 3.31215  ,  IoU: 0.76011  ,  pro_loss: 0.21959
[train: Epoch 44, 1400 / 1875] FPS: 82.5 (612.7)  ,  DataTime: 0.338 (0.005)  ,  ForwardTime: 0.045  ,  TotalTime: 0.388  ,  Loss/total: 3.35566  ,  Loss/ce: 3.31175  ,  IoU: 0.76051  ,  pro_loss: 0.21957
[train: Epoch 44, 1450 / 1875] FPS: 82.6 (20.5)  ,  DataTime: 0.337 (0.005)  ,  ForwardTime: 0.045  ,  TotalTime: 0.387  ,  Loss/total: 3.35610  ,  Loss/ce: 3.31219  ,  IoU: 0.76052  ,  pro_loss: 0.21957
[train: Epoch 44, 1500 / 1875] FPS: 82.7 (623.6)  ,  DataTime: 0.337 (0.005)  ,  ForwardTime: 0.045  ,  TotalTime: 0.387  ,  Loss/total: 3.35646  ,  Loss/ce: 3.31257  ,  IoU: 0.76052  ,  pro_loss: 0.21945
[train: Epoch 44, 1550 / 1875] FPS: 82.8 (599.2)  ,  DataTime: 0.336 (0.005)  ,  ForwardTime: 0.045  ,  TotalTime: 0.386  ,  Loss/total: 3.35666  ,  Loss/ce: 3.31277  ,  IoU: 0.76043  ,  pro_loss: 0.21947
[train: Epoch 44, 1600 / 1875] FPS: 83.0 (583.9)  ,  DataTime: 0.335 (0.005)  ,  ForwardTime: 0.045  ,  TotalTime: 0.385  ,  Loss/total: 3.35676  ,  Loss/ce: 3.31286  ,  IoU: 0.76043  ,  pro_loss: 0.21952
[train: Epoch 44, 1650 / 1875] FPS: 83.0 (13.0)  ,  DataTime: 0.336 (0.005)  ,  ForwardTime: 0.045  ,  TotalTime: 0.386  ,  Loss/total: 3.35746  ,  Loss/ce: 3.31353  ,  IoU: 0.76000  ,  pro_loss: 0.21963
[train: Epoch 44, 1700 / 1875] FPS: 83.1 (607.6)  ,  DataTime: 0.335 (0.005)  ,  ForwardTime: 0.045  ,  TotalTime: 0.385  ,  Loss/total: 3.35757  ,  Loss/ce: 3.31368  ,  IoU: 0.76001  ,  pro_loss: 0.21944
[train: Epoch 44, 1750 / 1875] FPS: 83.4 (610.8)  ,  DataTime: 0.334 (0.005)  ,  ForwardTime: 0.045  ,  TotalTime: 0.384  ,  Loss/total: 3.35708  ,  Loss/ce: 3.31317  ,  IoU: 0.76007  ,  pro_loss: 0.21952
[train: Epoch 44, 1800 / 1875] FPS: 83.5 (564.6)  ,  DataTime: 0.333 (0.005)  ,  ForwardTime: 0.045  ,  TotalTime: 0.383  ,  Loss/total: 3.35783  ,  Loss/ce: 3.31391  ,  IoU: 0.75981  ,  pro_loss: 0.21957
[train: Epoch 44, 1850 / 1875] FPS: 83.4 (12.1)  ,  DataTime: 0.334 (0.005)  ,  ForwardTime: 0.045  ,  TotalTime: 0.384  ,  Loss/total: 3.35847  ,  Loss/ce: 3.31459  ,  IoU: 0.75968  ,  pro_loss: 0.21939
[train: Epoch 44, 1875 / 1875] FPS: 83.7 (620.0)  ,  DataTime: 0.332 (0.005)  ,  ForwardTime: 0.045  ,  TotalTime: 0.382  ,  Loss/total: 3.35905  ,  Loss/ce: 3.31518  ,  IoU: 0.75961  ,  pro_loss: 0.21933
[train: Epoch 45, 50 / 1875] FPS: 76.4 (625.8)  ,  DataTime: 0.368 (0.006)  ,  ForwardTime: 0.045  ,  TotalTime: 0.419  ,  Loss/total: 3.33402  ,  Loss/ce: 3.28935  ,  IoU: 0.76391  ,  pro_loss: 0.22333
[train: Epoch 45, 100 / 1875] FPS: 75.2 (12.2)  ,  DataTime: 0.375 (0.006)  ,  ForwardTime: 0.045  ,  TotalTime: 0.426  ,  Loss/total: 3.34415  ,  Loss/ce: 3.29951  ,  IoU: 0.76480  ,  pro_loss: 0.22323
[train: Epoch 45, 150 / 1875] FPS: 78.4 (576.8)  ,  DataTime: 0.358 (0.006)  ,  ForwardTime: 0.045  ,  TotalTime: 0.408  ,  Loss/total: 3.34291  ,  Loss/ce: 3.29749  ,  IoU: 0.76302  ,  pro_loss: 0.22708
[train: Epoch 45, 200 / 1875] FPS: 81.7 (612.6)  ,  DataTime: 0.341 (0.005)  ,  ForwardTime: 0.045  ,  TotalTime: 0.392  ,  Loss/total: 3.34487  ,  Loss/ce: 3.29965  ,  IoU: 0.76188  ,  pro_loss: 0.22609
[train: Epoch 45, 250 / 1875] FPS: 82.9 (605.0)  ,  DataTime: 0.336 (0.005)  ,  ForwardTime: 0.045  ,  TotalTime: 0.386  ,  Loss/total: 3.35141  ,  Loss/ce: 3.30669  ,  IoU: 0.76039  ,  pro_loss: 0.22358
[train: Epoch 45, 300 / 1875] FPS: 83.3 (583.0)  ,  DataTime: 0.334 (0.005)  ,  ForwardTime: 0.045  ,  TotalTime: 0.384  ,  Loss/total: 3.35052  ,  Loss/ce: 3.30598  ,  IoU: 0.76058  ,  pro_loss: 0.22267
[train: Epoch 45, 350 / 1875] FPS: 82.0 (10.3)  ,  DataTime: 0.340 (0.005)  ,  ForwardTime: 0.045  ,  TotalTime: 0.390  ,  Loss/total: 3.34854  ,  Loss/ce: 3.30399  ,  IoU: 0.76064  ,  pro_loss: 0.22271
[train: Epoch 45, 400 / 1875] FPS: 83.5 (573.2)  ,  DataTime: 0.333 (0.005)  ,  ForwardTime: 0.045  ,  TotalTime: 0.383  ,  Loss/total: 3.34758  ,  Loss/ce: 3.30325  ,  IoU: 0.76155  ,  pro_loss: 0.22167
[train: Epoch 45, 450 / 1875] FPS: 84.1 (620.8)  ,  DataTime: 0.330 (0.005)  ,  ForwardTime: 0.045  ,  TotalTime: 0.380  ,  Loss/total: 3.35059  ,  Loss/ce: 3.30641  ,  IoU: 0.76061  ,  pro_loss: 0.22090
[train: Epoch 45, 500 / 1875] FPS: 84.1 (591.2)  ,  DataTime: 0.330 (0.005)  ,  ForwardTime: 0.045  ,  TotalTime: 0.381  ,  Loss/total: 3.35257  ,  Loss/ce: 3.30853  ,  IoU: 0.76032  ,  pro_loss: 0.22023
[train: Epoch 45, 550 / 1875] FPS: 83.8 (12.1)  ,  DataTime: 0.332 (0.005)  ,  ForwardTime: 0.045  ,  TotalTime: 0.382  ,  Loss/total: 3.35195  ,  Loss/ce: 3.30789  ,  IoU: 0.76060  ,  pro_loss: 0.22032
[train: Epoch 45, 600 / 1875] FPS: 84.5 (613.3)  ,  DataTime: 0.329 (0.005)  ,  ForwardTime: 0.045  ,  TotalTime: 0.379  ,  Loss/total: 3.35112  ,  Loss/ce: 3.30701  ,  IoU: 0.76091  ,  pro_loss: 0.22057
[train: Epoch 45, 650 / 1875] FPS: 84.9 (609.3)  ,  DataTime: 0.327 (0.005)  ,  ForwardTime: 0.045  ,  TotalTime: 0.377  ,  Loss/total: 3.35467  ,  Loss/ce: 3.31058  ,  IoU: 0.76033  ,  pro_loss: 0.22045
[train: Epoch 45, 700 / 1875] FPS: 85.8 (618.9)  ,  DataTime: 0.323 (0.005)  ,  ForwardTime: 0.045  ,  TotalTime: 0.373  ,  Loss/total: 3.35611  ,  Loss/ce: 3.31201  ,  IoU: 0.75986  ,  pro_loss: 0.22051
[train: Epoch 45, 750 / 1875] FPS: 86.0 (580.5)  ,  DataTime: 0.322 (0.005)  ,  ForwardTime: 0.045  ,  TotalTime: 0.372  ,  Loss/total: 3.35606  ,  Loss/ce: 3.31199  ,  IoU: 0.76000  ,  pro_loss: 0.22033
[train: Epoch 45, 800 / 1875] FPS: 85.9 (472.1)  ,  DataTime: 0.322 (0.005)  ,  ForwardTime: 0.045  ,  TotalTime: 0.372  ,  Loss/total: 3.35468  ,  Loss/ce: 3.31064  ,  IoU: 0.76057  ,  pro_loss: 0.22020
[train: Epoch 45, 850 / 1875] FPS: 86.2 (585.4)  ,  DataTime: 0.321 (0.005)  ,  ForwardTime: 0.045  ,  TotalTime: 0.371  ,  Loss/total: 3.35529  ,  Loss/ce: 3.31135  ,  IoU: 0.76028  ,  pro_loss: 0.21969
[train: Epoch 45, 900 / 1875] FPS: 86.3 (631.0)  ,  DataTime: 0.321 (0.005)  ,  ForwardTime: 0.045  ,  TotalTime: 0.371  ,  Loss/total: 3.35676  ,  Loss/ce: 3.31281  ,  IoU: 0.76011  ,  pro_loss: 0.21972
[train: Epoch 45, 950 / 1875] FPS: 86.6 (630.8)  ,  DataTime: 0.319 (0.005)  ,  ForwardTime: 0.045  ,  TotalTime: 0.369  ,  Loss/total: 3.35658  ,  Loss/ce: 3.31268  ,  IoU: 0.76010  ,  pro_loss: 0.21953
[train: Epoch 45, 1000 / 1875] FPS: 86.4 (579.9)  ,  DataTime: 0.320 (0.005)  ,  ForwardTime: 0.045  ,  TotalTime: 0.370  ,  Loss/total: 3.35655  ,  Loss/ce: 3.31265  ,  IoU: 0.75980  ,  pro_loss: 0.21953
[train: Epoch 45, 1050 / 1875] FPS: 86.9 (609.8)  ,  DataTime: 0.318 (0.005)  ,  ForwardTime: 0.045  ,  TotalTime: 0.368  ,  Loss/total: 3.35700  ,  Loss/ce: 3.31304  ,  IoU: 0.75982  ,  pro_loss: 0.21981
[train: Epoch 45, 1100 / 1875] FPS: 87.1 (583.8)  ,  DataTime: 0.317 (0.005)  ,  ForwardTime: 0.045  ,  TotalTime: 0.367  ,  Loss/total: 3.35710  ,  Loss/ce: 3.31317  ,  IoU: 0.75991  ,  pro_loss: 0.21966
[train: Epoch 45, 1150 / 1875] FPS: 87.2 (615.9)  ,  DataTime: 0.317 (0.005)  ,  ForwardTime: 0.045  ,  TotalTime: 0.367  ,  Loss/total: 3.35683  ,  Loss/ce: 3.31287  ,  IoU: 0.75983  ,  pro_loss: 0.21980
[train: Epoch 45, 1200 / 1875] FPS: 87.6 (309.4)  ,  DataTime: 0.315 (0.005)  ,  ForwardTime: 0.045  ,  TotalTime: 0.365  ,  Loss/total: 3.35629  ,  Loss/ce: 3.31233  ,  IoU: 0.76005  ,  pro_loss: 0.21978
[train: Epoch 45, 1250 / 1875] FPS: 87.3 (14.2)  ,  DataTime: 0.317 (0.005)  ,  ForwardTime: 0.045  ,  TotalTime: 0.367  ,  Loss/total: 3.35664  ,  Loss/ce: 3.31269  ,  IoU: 0.76004  ,  pro_loss: 0.21977
[train: Epoch 45, 1300 / 1875] FPS: 87.8 (581.5)  ,  DataTime: 0.315 (0.005)  ,  ForwardTime: 0.045  ,  TotalTime: 0.365  ,  Loss/total: 3.35664  ,  Loss/ce: 3.31270  ,  IoU: 0.75993  ,  pro_loss: 0.21970
[train: Epoch 45, 1350 / 1875] FPS: 87.9 (603.6)  ,  DataTime: 0.314 (0.005)  ,  ForwardTime: 0.045  ,  TotalTime: 0.364  ,  Loss/total: 3.35672  ,  Loss/ce: 3.31275  ,  IoU: 0.76016  ,  pro_loss: 0.21987
[train: Epoch 45, 1400 / 1875] FPS: 87.8 (615.0)  ,  DataTime: 0.314 (0.005)  ,  ForwardTime: 0.045  ,  TotalTime: 0.364  ,  Loss/total: 3.35623  ,  Loss/ce: 3.31225  ,  IoU: 0.76040  ,  pro_loss: 0.21993
[train: Epoch 45, 1450 / 1875] FPS: 87.6 (620.6)  ,  DataTime: 0.315 (0.005)  ,  ForwardTime: 0.045  ,  TotalTime: 0.365  ,  Loss/total: 3.35537  ,  Loss/ce: 3.31137  ,  IoU: 0.76059  ,  pro_loss: 0.22002
[train: Epoch 45, 1500 / 1875] FPS: 87.6 (576.2)  ,  DataTime: 0.315 (0.005)  ,  ForwardTime: 0.045  ,  TotalTime: 0.365  ,  Loss/total: 3.35649  ,  Loss/ce: 3.31247  ,  IoU: 0.76041  ,  pro_loss: 0.22009
[train: Epoch 45, 1550 / 1875] FPS: 87.3 (616.4)  ,  DataTime: 0.317 (0.005)  ,  ForwardTime: 0.045  ,  TotalTime: 0.367  ,  Loss/total: 3.35525  ,  Loss/ce: 3.31120  ,  IoU: 0.76056  ,  pro_loss: 0.22024
[train: Epoch 45, 1600 / 1875] FPS: 86.7 (573.1)  ,  DataTime: 0.319 (0.005)  ,  ForwardTime: 0.045  ,  TotalTime: 0.369  ,  Loss/total: 3.35476  ,  Loss/ce: 3.31077  ,  IoU: 0.76066  ,  pro_loss: 0.21998
[train: Epoch 45, 1650 / 1875] FPS: 86.5 (606.1)  ,  DataTime: 0.320 (0.005)  ,  ForwardTime: 0.045  ,  TotalTime: 0.370  ,  Loss/total: 3.35380  ,  Loss/ce: 3.30979  ,  IoU: 0.76098  ,  pro_loss: 0.22004
[train: Epoch 45, 1700 / 1875] FPS: 86.4 (18.6)  ,  DataTime: 0.320 (0.005)  ,  ForwardTime: 0.045  ,  TotalTime: 0.370  ,  Loss/total: 3.35370  ,  Loss/ce: 3.30969  ,  IoU: 0.76083  ,  pro_loss: 0.22004
[train: Epoch 45, 1750 / 1875] FPS: 86.2 (600.6)  ,  DataTime: 0.321 (0.005)  ,  ForwardTime: 0.045  ,  TotalTime: 0.371  ,  Loss/total: 3.35337  ,  Loss/ce: 3.30940  ,  IoU: 0.76098  ,  pro_loss: 0.21985
[train: Epoch 45, 1800 / 1875] FPS: 86.2 (598.6)  ,  DataTime: 0.321 (0.005)  ,  ForwardTime: 0.045  ,  TotalTime: 0.371  ,  Loss/total: 3.35378  ,  Loss/ce: 3.30980  ,  IoU: 0.76072  ,  pro_loss: 0.21991
[train: Epoch 45, 1850 / 1875] FPS: 86.2 (604.5)  ,  DataTime: 0.321 (0.005)  ,  ForwardTime: 0.045  ,  TotalTime: 0.371  ,  Loss/total: 3.35346  ,  Loss/ce: 3.30950  ,  IoU: 0.76088  ,  pro_loss: 0.21984
[train: Epoch 45, 1875 / 1875] FPS: 86.3 (615.6)  ,  DataTime: 0.321 (0.005)  ,  ForwardTime: 0.045  ,  TotalTime: 0.371  ,  Loss/total: 3.35374  ,  Loss/ce: 3.30979  ,  IoU: 0.76080  ,  pro_loss: 0.21974
[val: Epoch 45, 50 / 312] FPS: 56.2 (9.4)  ,  DataTime: 0.539 (0.006)  ,  ForwardTime: 0.026  ,  TotalTime: 0.570  ,  Loss/total: nan  ,  Loss/giou: 0.29045  ,  Loss/l1: 0.02132  ,  Loss/location: nan  ,  pro_loss: 0.18521  ,  IoU: 0.73370
[val: Epoch 45, 100 / 312] FPS: 64.4 (991.5)  ,  DataTime: 0.465 (0.006)  ,  ForwardTime: 0.025  ,  TotalTime: 0.497  ,  Loss/total: nan  ,  Loss/giou: 0.28625  ,  Loss/l1: 0.02108  ,  Loss/location: nan  ,  pro_loss: 0.18885  ,  IoU: 0.73719
[val: Epoch 45, 150 / 312] FPS: 69.1 (894.1)  ,  DataTime: 0.432 (0.006)  ,  ForwardTime: 0.025  ,  TotalTime: 0.463  ,  Loss/total: nan  ,  Loss/giou: 0.28620  ,  Loss/l1: 0.02158  ,  Loss/location: nan  ,  pro_loss: 0.18819  ,  IoU: 0.73783
[val: Epoch 45, 200 / 312] FPS: 71.5 (909.5)  ,  DataTime: 0.416 (0.006)  ,  ForwardTime: 0.025  ,  TotalTime: 0.447  ,  Loss/total: nan  ,  Loss/giou: 0.28598  ,  Loss/l1: 0.02143  ,  Loss/location: nan  ,  pro_loss: 0.18854  ,  IoU: 0.73781
[val: Epoch 45, 250 / 312] FPS: 71.6 (13.0)  ,  DataTime: 0.415 (0.006)  ,  ForwardTime: 0.025  ,  TotalTime: 0.447  ,  Loss/total: nan  ,  Loss/giou: 0.28594  ,  Loss/l1: 0.02136  ,  Loss/location: nan  ,  pro_loss: 0.18950  ,  IoU: 0.73764
[val: Epoch 45, 300 / 312] FPS: 73.4 (964.5)  ,  DataTime: 0.405 (0.006)  ,  ForwardTime: 0.026  ,  TotalTime: 0.436  ,  Loss/total: nan  ,  Loss/giou: 0.28517  ,  Loss/l1: 0.02130  ,  Loss/location: nan  ,  pro_loss: 0.18944  ,  IoU: 0.73867
[val: Epoch 45, 312 / 312] FPS: 75.1 (994.0)  ,  DataTime: 0.395 (0.006)  ,  ForwardTime: 0.025  ,  TotalTime: 0.426  ,  Loss/total: nan  ,  Loss/giou: 0.28521  ,  Loss/l1: 0.02134  ,  Loss/location: nan  ,  pro_loss: 0.18937  ,  IoU: 0.73870
[train: Epoch 46, 50 / 1875] FPS: 60.4 (583.0)  ,  DataTime: 0.475 (0.005)  ,  ForwardTime: 0.049  ,  TotalTime: 0.530  ,  Loss/total: 3.38078  ,  Loss/ce: 3.33599  ,  IoU: 0.75313  ,  pro_loss: 0.22396
[train: Epoch 46, 100 / 1875] FPS: 67.5 (20.4)  ,  DataTime: 0.422 (0.005)  ,  ForwardTime: 0.047  ,  TotalTime: 0.474  ,  Loss/total: 3.37139  ,  Loss/ce: 3.32678  ,  IoU: 0.75560  ,  pro_loss: 0.22302
[train: Epoch 46, 150 / 1875] FPS: 70.0 (28.4)  ,  DataTime: 0.406 (0.005)  ,  ForwardTime: 0.046  ,  TotalTime: 0.457  ,  Loss/total: 3.36059  ,  Loss/ce: 3.31580  ,  IoU: 0.75858  ,  pro_loss: 0.22396
[train: Epoch 46, 200 / 1875] FPS: 70.1 (610.8)  ,  DataTime: 0.405 (0.005)  ,  ForwardTime: 0.046  ,  TotalTime: 0.456  ,  Loss/total: 3.36186  ,  Loss/ce: 3.31755  ,  IoU: 0.75868  ,  pro_loss: 0.22156
[train: Epoch 46, 250 / 1875] FPS: 71.3 (638.0)  ,  DataTime: 0.398 (0.005)  ,  ForwardTime: 0.046  ,  TotalTime: 0.449  ,  Loss/total: 3.36084  ,  Loss/ce: 3.31679  ,  IoU: 0.75843  ,  pro_loss: 0.22029
[train: Epoch 46, 300 / 1875] FPS: 72.1 (49.2)  ,  DataTime: 0.394 (0.005)  ,  ForwardTime: 0.045  ,  TotalTime: 0.444  ,  Loss/total: 3.36021  ,  Loss/ce: 3.31608  ,  IoU: 0.75912  ,  pro_loss: 0.22062
[train: Epoch 46, 350 / 1875] FPS: 71.9 (572.3)  ,  DataTime: 0.395 (0.005)  ,  ForwardTime: 0.045  ,  TotalTime: 0.445  ,  Loss/total: 3.35857  ,  Loss/ce: 3.31440  ,  IoU: 0.75950  ,  pro_loss: 0.22086
[train: Epoch 46, 400 / 1875] FPS: 72.3 (18.7)  ,  DataTime: 0.393 (0.005)  ,  ForwardTime: 0.045  ,  TotalTime: 0.443  ,  Loss/total: 3.35929  ,  Loss/ce: 3.31502  ,  IoU: 0.75978  ,  pro_loss: 0.22138
[train: Epoch 46, 450 / 1875] FPS: 73.3 (604.2)  ,  DataTime: 0.386 (0.005)  ,  ForwardTime: 0.045  ,  TotalTime: 0.437  ,  Loss/total: 3.35730  ,  Loss/ce: 3.31307  ,  IoU: 0.75948  ,  pro_loss: 0.22115
[train: Epoch 46, 500 / 1875] FPS: 73.2 (615.1)  ,  DataTime: 0.387 (0.005)  ,  ForwardTime: 0.045  ,  TotalTime: 0.437  ,  Loss/total: 3.35729  ,  Loss/ce: 3.31314  ,  IoU: 0.75954  ,  pro_loss: 0.22079
[train: Epoch 46, 550 / 1875] FPS: 74.1 (30.8)  ,  DataTime: 0.382 (0.005)  ,  ForwardTime: 0.045  ,  TotalTime: 0.432  ,  Loss/total: 3.35569  ,  Loss/ce: 3.31147  ,  IoU: 0.75994  ,  pro_loss: 0.22113
[train: Epoch 46, 600 / 1875] FPS: 74.3 (581.4)  ,  DataTime: 0.381 (0.005)  ,  ForwardTime: 0.045  ,  TotalTime: 0.431  ,  Loss/total: 3.35572  ,  Loss/ce: 3.31140  ,  IoU: 0.75966  ,  pro_loss: 0.22159
[train: Epoch 46, 650 / 1875] FPS: 74.8 (626.8)  ,  DataTime: 0.378 (0.005)  ,  ForwardTime: 0.045  ,  TotalTime: 0.428  ,  Loss/total: 3.35475  ,  Loss/ce: 3.31041  ,  IoU: 0.75995  ,  pro_loss: 0.22170
[train: Epoch 46, 700 / 1875] FPS: 74.6 (574.5)  ,  DataTime: 0.379 (0.005)  ,  ForwardTime: 0.045  ,  TotalTime: 0.429  ,  Loss/total: 3.35465  ,  Loss/ce: 3.31039  ,  IoU: 0.75977  ,  pro_loss: 0.22131
[train: Epoch 46, 750 / 1875] FPS: 74.9 (18.3)  ,  DataTime: 0.377 (0.005)  ,  ForwardTime: 0.045  ,  TotalTime: 0.427  ,  Loss/total: 3.35351  ,  Loss/ce: 3.30933  ,  IoU: 0.76009  ,  pro_loss: 0.22087
[train: Epoch 46, 800 / 1875] FPS: 74.7 (547.9)  ,  DataTime: 0.378 (0.005)  ,  ForwardTime: 0.045  ,  TotalTime: 0.428  ,  Loss/total: 3.35405  ,  Loss/ce: 3.30980  ,  IoU: 0.75998  ,  pro_loss: 0.22127
[train: Epoch 46, 850 / 1875] FPS: 74.7 (595.8)  ,  DataTime: 0.378 (0.005)  ,  ForwardTime: 0.045  ,  TotalTime: 0.428  ,  Loss/total: 3.35393  ,  Loss/ce: 3.30973  ,  IoU: 0.75998  ,  pro_loss: 0.22104
[train: Epoch 46, 900 / 1875] FPS: 75.1 (582.4)  ,  DataTime: 0.376 (0.005)  ,  ForwardTime: 0.045  ,  TotalTime: 0.426  ,  Loss/total: 3.35304  ,  Loss/ce: 3.30892  ,  IoU: 0.76005  ,  pro_loss: 0.22060
[train: Epoch 46, 950 / 1875] FPS: 75.1 (570.0)  ,  DataTime: 0.376 (0.005)  ,  ForwardTime: 0.045  ,  TotalTime: 0.426  ,  Loss/total: 3.35459  ,  Loss/ce: 3.31058  ,  IoU: 0.75989  ,  pro_loss: 0.22002
[train: Epoch 46, 1000 / 1875] FPS: 75.1 (602.7)  ,  DataTime: 0.376 (0.005)  ,  ForwardTime: 0.045  ,  TotalTime: 0.426  ,  Loss/total: 3.35472  ,  Loss/ce: 3.31073  ,  IoU: 0.76002  ,  pro_loss: 0.21992
[train: Epoch 46, 1050 / 1875] FPS: 75.5 (615.4)  ,  DataTime: 0.374 (0.005)  ,  ForwardTime: 0.045  ,  TotalTime: 0.424  ,  Loss/total: 3.35408  ,  Loss/ce: 3.31016  ,  IoU: 0.76018  ,  pro_loss: 0.21962
[train: Epoch 46, 1100 / 1875] FPS: 75.7 (624.1)  ,  DataTime: 0.373 (0.005)  ,  ForwardTime: 0.045  ,  TotalTime: 0.423  ,  Loss/total: 3.35297  ,  Loss/ce: 3.30902  ,  IoU: 0.76056  ,  pro_loss: 0.21976
[train: Epoch 46, 1150 / 1875] FPS: 75.8 (580.3)  ,  DataTime: 0.372 (0.005)  ,  ForwardTime: 0.045  ,  TotalTime: 0.422  ,  Loss/total: 3.35274  ,  Loss/ce: 3.30882  ,  IoU: 0.76059  ,  pro_loss: 0.21962
[train: Epoch 46, 1200 / 1875] FPS: 75.9 (17.6)  ,  DataTime: 0.372 (0.005)  ,  ForwardTime: 0.045  ,  TotalTime: 0.422  ,  Loss/total: 3.35237  ,  Loss/ce: 3.30846  ,  IoU: 0.76100  ,  pro_loss: 0.21955
[train: Epoch 46, 1250 / 1875] FPS: 75.7 (578.2)  ,  DataTime: 0.372 (0.005)  ,  ForwardTime: 0.045  ,  TotalTime: 0.422  ,  Loss/total: 3.35328  ,  Loss/ce: 3.30937  ,  IoU: 0.76098  ,  pro_loss: 0.21958
[train: Epoch 46, 1300 / 1875] FPS: 75.9 (555.5)  ,  DataTime: 0.372 (0.005)  ,  ForwardTime: 0.045  ,  TotalTime: 0.422  ,  Loss/total: 3.35365  ,  Loss/ce: 3.30971  ,  IoU: 0.76085  ,  pro_loss: 0.21973
[train: Epoch 46, 1350 / 1875] FPS: 76.1 (581.1)  ,  DataTime: 0.370 (0.005)  ,  ForwardTime: 0.045  ,  TotalTime: 0.420  ,  Loss/total: 3.35386  ,  Loss/ce: 3.30993  ,  IoU: 0.76075  ,  pro_loss: 0.21961
[train: Epoch 46, 1400 / 1875] FPS: 76.4 (647.1)  ,  DataTime: 0.369 (0.005)  ,  ForwardTime: 0.045  ,  TotalTime: 0.419  ,  Loss/total: 3.35357  ,  Loss/ce: 3.30966  ,  IoU: 0.76099  ,  pro_loss: 0.21955
[train: Epoch 46, 1450 / 1875] FPS: 76.5 (558.8)  ,  DataTime: 0.368 (0.005)  ,  ForwardTime: 0.045  ,  TotalTime: 0.418  ,  Loss/total: 3.35322  ,  Loss/ce: 3.30932  ,  IoU: 0.76107  ,  pro_loss: 0.21950
[train: Epoch 46, 1500 / 1875] FPS: 76.4 (603.4)  ,  DataTime: 0.369 (0.005)  ,  ForwardTime: 0.045  ,  TotalTime: 0.419  ,  Loss/total: 3.35374  ,  Loss/ce: 3.30985  ,  IoU: 0.76124  ,  pro_loss: 0.21942
[train: Epoch 46, 1550 / 1875] FPS: 76.7 (616.1)  ,  DataTime: 0.367 (0.005)  ,  ForwardTime: 0.045  ,  TotalTime: 0.417  ,  Loss/total: 3.35432  ,  Loss/ce: 3.31047  ,  IoU: 0.76128  ,  pro_loss: 0.21925
[train: Epoch 46, 1600 / 1875] FPS: 77.0 (609.5)  ,  DataTime: 0.366 (0.005)  ,  ForwardTime: 0.045  ,  TotalTime: 0.416  ,  Loss/total: 3.35429  ,  Loss/ce: 3.31042  ,  IoU: 0.76129  ,  pro_loss: 0.21936
[train: Epoch 46, 1650 / 1875] FPS: 77.0 (561.4)  ,  DataTime: 0.365 (0.005)  ,  ForwardTime: 0.045  ,  TotalTime: 0.415  ,  Loss/total: 3.35405  ,  Loss/ce: 3.31023  ,  IoU: 0.76115  ,  pro_loss: 0.21909
[train: Epoch 46, 1700 / 1875] FPS: 77.2 (585.1)  ,  DataTime: 0.365 (0.005)  ,  ForwardTime: 0.045  ,  TotalTime: 0.415  ,  Loss/total: 3.35441  ,  Loss/ce: 3.31059  ,  IoU: 0.76099  ,  pro_loss: 0.21909
[train: Epoch 46, 1750 / 1875] FPS: 77.6 (633.2)  ,  DataTime: 0.362 (0.005)  ,  ForwardTime: 0.045  ,  TotalTime: 0.412  ,  Loss/total: 3.35434  ,  Loss/ce: 3.31050  ,  IoU: 0.76104  ,  pro_loss: 0.21923
[train: Epoch 46, 1800 / 1875] FPS: 77.6 (17.3)  ,  DataTime: 0.363 (0.005)  ,  ForwardTime: 0.045  ,  TotalTime: 0.413  ,  Loss/total: 3.35480  ,  Loss/ce: 3.31094  ,  IoU: 0.76098  ,  pro_loss: 0.21930
[train: Epoch 46, 1850 / 1875] FPS: 78.0 (610.9)  ,  DataTime: 0.361 (0.005)  ,  ForwardTime: 0.045  ,  TotalTime: 0.411  ,  Loss/total: 3.35409  ,  Loss/ce: 3.31021  ,  IoU: 0.76127  ,  pro_loss: 0.21940
[train: Epoch 46, 1875 / 1875] FPS: 78.2 (613.0)  ,  DataTime: 0.359 (0.005)  ,  ForwardTime: 0.045  ,  TotalTime: 0.409  ,  Loss/total: 3.35380  ,  Loss/ce: 3.30992  ,  IoU: 0.76127  ,  pro_loss: 0.21939
[train: Epoch 47, 50 / 1875] FPS: 69.8 (625.5)  ,  DataTime: 0.409 (0.005)  ,  ForwardTime: 0.045  ,  TotalTime: 0.459  ,  Loss/total: 3.39065  ,  Loss/ce: 3.34665  ,  IoU: 0.75550  ,  pro_loss: 0.22000
[train: Epoch 47, 100 / 1875] FPS: 78.4 (88.5)  ,  DataTime: 0.358 (0.005)  ,  ForwardTime: 0.045  ,  TotalTime: 0.408  ,  Loss/total: 3.36150  ,  Loss/ce: 3.31769  ,  IoU: 0.75930  ,  pro_loss: 0.21906
[train: Epoch 47, 150 / 1875] FPS: 80.1 (613.6)  ,  DataTime: 0.349 (0.005)  ,  ForwardTime: 0.045  ,  TotalTime: 0.400  ,  Loss/total: 3.36274  ,  Loss/ce: 3.31859  ,  IoU: 0.75813  ,  pro_loss: 0.22077
[train: Epoch 47, 200 / 1875] FPS: 82.5 (620.7)  ,  DataTime: 0.338 (0.005)  ,  ForwardTime: 0.045  ,  TotalTime: 0.388  ,  Loss/total: 3.36342  ,  Loss/ce: 3.31910  ,  IoU: 0.75697  ,  pro_loss: 0.22156
[train: Epoch 47, 250 / 1875] FPS: 83.8 (599.4)  ,  DataTime: 0.332 (0.005)  ,  ForwardTime: 0.045  ,  TotalTime: 0.382  ,  Loss/total: 3.36813  ,  Loss/ce: 3.32390  ,  IoU: 0.75810  ,  pro_loss: 0.22113
[train: Epoch 47, 300 / 1875] FPS: 83.6 (142.9)  ,  DataTime: 0.333 (0.005)  ,  ForwardTime: 0.045  ,  TotalTime: 0.383  ,  Loss/total: 3.36624  ,  Loss/ce: 3.32215  ,  IoU: 0.75923  ,  pro_loss: 0.22045
[train: Epoch 47, 350 / 1875] FPS: 83.0 (26.7)  ,  DataTime: 0.336 (0.005)  ,  ForwardTime: 0.045  ,  TotalTime: 0.386  ,  Loss/total: 3.36919  ,  Loss/ce: 3.32498  ,  IoU: 0.75856  ,  pro_loss: 0.22104
[train: Epoch 47, 400 / 1875] FPS: 84.0 (569.4)  ,  DataTime: 0.331 (0.005)  ,  ForwardTime: 0.045  ,  TotalTime: 0.381  ,  Loss/total: 3.36518  ,  Loss/ce: 3.32104  ,  IoU: 0.75952  ,  pro_loss: 0.22070
[train: Epoch 47, 450 / 1875] FPS: 84.7 (636.8)  ,  DataTime: 0.328 (0.005)  ,  ForwardTime: 0.045  ,  TotalTime: 0.378  ,  Loss/total: 3.36374  ,  Loss/ce: 3.31959  ,  IoU: 0.75985  ,  pro_loss: 0.22079
[train: Epoch 47, 500 / 1875] FPS: 85.7 (613.1)  ,  DataTime: 0.323 (0.005)  ,  ForwardTime: 0.045  ,  TotalTime: 0.373  ,  Loss/total: 3.36328  ,  Loss/ce: 3.31913  ,  IoU: 0.76016  ,  pro_loss: 0.22077
[train: Epoch 47, 550 / 1875] FPS: 84.8 (580.1)  ,  DataTime: 0.327 (0.005)  ,  ForwardTime: 0.045  ,  TotalTime: 0.377  ,  Loss/total: 3.36099  ,  Loss/ce: 3.31680  ,  IoU: 0.76065  ,  pro_loss: 0.22095
[train: Epoch 47, 600 / 1875] FPS: 85.1 (580.3)  ,  DataTime: 0.326 (0.005)  ,  ForwardTime: 0.045  ,  TotalTime: 0.376  ,  Loss/total: 3.35947  ,  Loss/ce: 3.31528  ,  IoU: 0.76039  ,  pro_loss: 0.22099
[train: Epoch 47, 650 / 1875] FPS: 84.7 (579.0)  ,  DataTime: 0.328 (0.005)  ,  ForwardTime: 0.045  ,  TotalTime: 0.378  ,  Loss/total: 3.35931  ,  Loss/ce: 3.31510  ,  IoU: 0.76029  ,  pro_loss: 0.22106
[train: Epoch 47, 700 / 1875] FPS: 83.8 (539.6)  ,  DataTime: 0.332 (0.005)  ,  ForwardTime: 0.045  ,  TotalTime: 0.382  ,  Loss/total: 3.35747  ,  Loss/ce: 3.31319  ,  IoU: 0.76077  ,  pro_loss: 0.22143
[train: Epoch 47, 750 / 1875] FPS: 82.9 (32.6)  ,  DataTime: 0.336 (0.005)  ,  ForwardTime: 0.045  ,  TotalTime: 0.386  ,  Loss/total: 3.35701  ,  Loss/ce: 3.31272  ,  IoU: 0.76109  ,  pro_loss: 0.22146
[train: Epoch 47, 800 / 1875] FPS: 82.9 (618.2)  ,  DataTime: 0.336 (0.005)  ,  ForwardTime: 0.045  ,  TotalTime: 0.386  ,  Loss/total: 3.35845  ,  Loss/ce: 3.31414  ,  IoU: 0.76079  ,  pro_loss: 0.22152
[train: Epoch 47, 850 / 1875] FPS: 82.6 (607.8)  ,  DataTime: 0.337 (0.005)  ,  ForwardTime: 0.045  ,  TotalTime: 0.388  ,  Loss/total: 3.35845  ,  Loss/ce: 3.31411  ,  IoU: 0.76094  ,  pro_loss: 0.22168
[train: Epoch 47, 900 / 1875] FPS: 82.2 (51.4)  ,  DataTime: 0.339 (0.005)  ,  ForwardTime: 0.045  ,  TotalTime: 0.389  ,  Loss/total: 3.35752  ,  Loss/ce: 3.31315  ,  IoU: 0.76110  ,  pro_loss: 0.22185
[train: Epoch 47, 950 / 1875] FPS: 82.0 (39.8)  ,  DataTime: 0.340 (0.005)  ,  ForwardTime: 0.045  ,  TotalTime: 0.390  ,  Loss/total: 3.35860  ,  Loss/ce: 3.31422  ,  IoU: 0.76084  ,  pro_loss: 0.22190
[train: Epoch 47, 1000 / 1875] FPS: 81.6 (13.2)  ,  DataTime: 0.342 (0.005)  ,  ForwardTime: 0.045  ,  TotalTime: 0.392  ,  Loss/total: 3.35974  ,  Loss/ce: 3.31532  ,  IoU: 0.76053  ,  pro_loss: 0.22208
[train: Epoch 47, 1050 / 1875] FPS: 81.7 (620.2)  ,  DataTime: 0.342 (0.005)  ,  ForwardTime: 0.045  ,  TotalTime: 0.392  ,  Loss/total: 3.35947  ,  Loss/ce: 3.31508  ,  IoU: 0.76033  ,  pro_loss: 0.22198
[train: Epoch 47, 1100 / 1875] FPS: 81.6 (605.4)  ,  DataTime: 0.342 (0.005)  ,  ForwardTime: 0.045  ,  TotalTime: 0.392  ,  Loss/total: 3.35933  ,  Loss/ce: 3.31499  ,  IoU: 0.76037  ,  pro_loss: 0.22171
[train: Epoch 47, 1150 / 1875] FPS: 81.8 (586.8)  ,  DataTime: 0.341 (0.005)  ,  ForwardTime: 0.045  ,  TotalTime: 0.391  ,  Loss/total: 3.35959  ,  Loss/ce: 3.31531  ,  IoU: 0.76023  ,  pro_loss: 0.22142
[train: Epoch 47, 1200 / 1875] FPS: 81.4 (11.4)  ,  DataTime: 0.343 (0.005)  ,  ForwardTime: 0.045  ,  TotalTime: 0.393  ,  Loss/total: 3.36008  ,  Loss/ce: 3.31580  ,  IoU: 0.76034  ,  pro_loss: 0.22142
[train: Epoch 47, 1250 / 1875] FPS: 81.8 (604.9)  ,  DataTime: 0.341 (0.005)  ,  ForwardTime: 0.045  ,  TotalTime: 0.391  ,  Loss/total: 3.36023  ,  Loss/ce: 3.31602  ,  IoU: 0.76038  ,  pro_loss: 0.22103
[train: Epoch 47, 1300 / 1875] FPS: 81.8 (630.6)  ,  DataTime: 0.341 (0.005)  ,  ForwardTime: 0.045  ,  TotalTime: 0.391  ,  Loss/total: 3.35967  ,  Loss/ce: 3.31546  ,  IoU: 0.76034  ,  pro_loss: 0.22104
[train: Epoch 47, 1350 / 1875] FPS: 81.5 (614.0)  ,  DataTime: 0.343 (0.005)  ,  ForwardTime: 0.045  ,  TotalTime: 0.393  ,  Loss/total: 3.35836  ,  Loss/ce: 3.31418  ,  IoU: 0.76060  ,  pro_loss: 0.22092
[train: Epoch 47, 1400 / 1875] FPS: 81.5 (585.6)  ,  DataTime: 0.343 (0.005)  ,  ForwardTime: 0.045  ,  TotalTime: 0.393  ,  Loss/total: 3.35732  ,  Loss/ce: 3.31313  ,  IoU: 0.76057  ,  pro_loss: 0.22094
[train: Epoch 47, 1450 / 1875] FPS: 81.3 (602.8)  ,  DataTime: 0.343 (0.005)  ,  ForwardTime: 0.045  ,  TotalTime: 0.393  ,  Loss/total: 3.35607  ,  Loss/ce: 3.31189  ,  IoU: 0.76090  ,  pro_loss: 0.22088
[train: Epoch 47, 1500 / 1875] FPS: 81.2 (34.9)  ,  DataTime: 0.344 (0.005)  ,  ForwardTime: 0.045  ,  TotalTime: 0.394  ,  Loss/total: 3.35651  ,  Loss/ce: 3.31230  ,  IoU: 0.76084  ,  pro_loss: 0.22107
[train: Epoch 47, 1550 / 1875] FPS: 81.4 (587.2)  ,  DataTime: 0.343 (0.005)  ,  ForwardTime: 0.045  ,  TotalTime: 0.393  ,  Loss/total: 3.35656  ,  Loss/ce: 3.31236  ,  IoU: 0.76092  ,  pro_loss: 0.22103
[train: Epoch 47, 1600 / 1875] FPS: 81.2 (19.6)  ,  DataTime: 0.344 (0.005)  ,  ForwardTime: 0.045  ,  TotalTime: 0.394  ,  Loss/total: 3.35604  ,  Loss/ce: 3.31186  ,  IoU: 0.76093  ,  pro_loss: 0.22091
[train: Epoch 47, 1650 / 1875] FPS: 81.4 (191.4)  ,  DataTime: 0.343 (0.005)  ,  ForwardTime: 0.045  ,  TotalTime: 0.393  ,  Loss/total: 3.35557  ,  Loss/ce: 3.31137  ,  IoU: 0.76112  ,  pro_loss: 0.22099
[train: Epoch 47, 1700 / 1875] FPS: 81.2 (30.7)  ,  DataTime: 0.344 (0.005)  ,  ForwardTime: 0.045  ,  TotalTime: 0.394  ,  Loss/total: 3.35469  ,  Loss/ce: 3.31050  ,  IoU: 0.76126  ,  pro_loss: 0.22099
[train: Epoch 47, 1750 / 1875] FPS: 81.2 (589.4)  ,  DataTime: 0.344 (0.005)  ,  ForwardTime: 0.045  ,  TotalTime: 0.394  ,  Loss/total: 3.35430  ,  Loss/ce: 3.31013  ,  IoU: 0.76130  ,  pro_loss: 0.22090
[train: Epoch 47, 1800 / 1875] FPS: 81.1 (607.2)  ,  DataTime: 0.345 (0.005)  ,  ForwardTime: 0.045  ,  TotalTime: 0.395  ,  Loss/total: 3.35434  ,  Loss/ce: 3.31018  ,  IoU: 0.76135  ,  pro_loss: 0.22082
[train: Epoch 47, 1850 / 1875] FPS: 81.3 (594.8)  ,  DataTime: 0.344 (0.005)  ,  ForwardTime: 0.045  ,  TotalTime: 0.394  ,  Loss/total: 3.35463  ,  Loss/ce: 3.31049  ,  IoU: 0.76121  ,  pro_loss: 0.22072
[train: Epoch 47, 1875 / 1875] FPS: 81.4 (616.4)  ,  DataTime: 0.343 (0.005)  ,  ForwardTime: 0.045  ,  TotalTime: 0.393  ,  Loss/total: 3.35454  ,  Loss/ce: 3.31041  ,  IoU: 0.76120  ,  pro_loss: 0.22062
[train: Epoch 48, 50 / 1875] FPS: 72.0 (571.4)  ,  DataTime: 0.394 (0.005)  ,  ForwardTime: 0.045  ,  TotalTime: 0.444  ,  Loss/total: 3.35397  ,  Loss/ce: 3.30972  ,  IoU: 0.75969  ,  pro_loss: 0.22125
[train: Epoch 48, 100 / 1875] FPS: 77.5 (583.8)  ,  DataTime: 0.363 (0.005)  ,  ForwardTime: 0.045  ,  TotalTime: 0.413  ,  Loss/total: 3.35209  ,  Loss/ce: 3.30843  ,  IoU: 0.75818  ,  pro_loss: 0.21833
[train: Epoch 48, 150 / 1875] FPS: 81.4 (579.9)  ,  DataTime: 0.343 (0.005)  ,  ForwardTime: 0.045  ,  TotalTime: 0.393  ,  Loss/total: 3.35320  ,  Loss/ce: 3.30987  ,  IoU: 0.75890  ,  pro_loss: 0.21667
[train: Epoch 48, 200 / 1875] FPS: 82.0 (615.0)  ,  DataTime: 0.340 (0.005)  ,  ForwardTime: 0.045  ,  TotalTime: 0.390  ,  Loss/total: 3.35281  ,  Loss/ce: 3.30927  ,  IoU: 0.75952  ,  pro_loss: 0.21771
[train: Epoch 48, 250 / 1875] FPS: 84.0 (614.3)  ,  DataTime: 0.331 (0.005)  ,  ForwardTime: 0.045  ,  TotalTime: 0.381  ,  Loss/total: 3.35195  ,  Loss/ce: 3.30836  ,  IoU: 0.76076  ,  pro_loss: 0.21796
[train: Epoch 48, 300 / 1875] FPS: 83.6 (574.6)  ,  DataTime: 0.333 (0.005)  ,  ForwardTime: 0.045  ,  TotalTime: 0.383  ,  Loss/total: 3.34845  ,  Loss/ce: 3.30498  ,  IoU: 0.76074  ,  pro_loss: 0.21740
[train: Epoch 48, 350 / 1875] FPS: 83.2 (13.9)  ,  DataTime: 0.335 (0.005)  ,  ForwardTime: 0.045  ,  TotalTime: 0.385  ,  Loss/total: 3.34828  ,  Loss/ce: 3.30481  ,  IoU: 0.76087  ,  pro_loss: 0.21735
[train: Epoch 48, 400 / 1875] FPS: 83.8 (30.1)  ,  DataTime: 0.332 (0.005)  ,  ForwardTime: 0.045  ,  TotalTime: 0.382  ,  Loss/total: 3.34886  ,  Loss/ce: 3.30529  ,  IoU: 0.76082  ,  pro_loss: 0.21784
[train: Epoch 48, 450 / 1875] FPS: 84.4 (32.8)  ,  DataTime: 0.329 (0.005)  ,  ForwardTime: 0.045  ,  TotalTime: 0.379  ,  Loss/total: 3.34859  ,  Loss/ce: 3.30498  ,  IoU: 0.76116  ,  pro_loss: 0.21806
[train: Epoch 48, 500 / 1875] FPS: 83.6 (11.4)  ,  DataTime: 0.333 (0.005)  ,  ForwardTime: 0.045  ,  TotalTime: 0.383  ,  Loss/total: 3.34988  ,  Loss/ce: 3.30637  ,  IoU: 0.76094  ,  pro_loss: 0.21754
[train: Epoch 48, 550 / 1875] FPS: 84.6 (571.8)  ,  DataTime: 0.328 (0.005)  ,  ForwardTime: 0.045  ,  TotalTime: 0.378  ,  Loss/total: 3.35029  ,  Loss/ce: 3.30665  ,  IoU: 0.76138  ,  pro_loss: 0.21818
[train: Epoch 48, 600 / 1875] FPS: 85.3 (624.5)  ,  DataTime: 0.325 (0.005)  ,  ForwardTime: 0.045  ,  TotalTime: 0.375  ,  Loss/total: 3.34783  ,  Loss/ce: 3.30425  ,  IoU: 0.76211  ,  pro_loss: 0.21793
[train: Epoch 48, 650 / 1875] FPS: 86.1 (601.4)  ,  DataTime: 0.322 (0.005)  ,  ForwardTime: 0.045  ,  TotalTime: 0.372  ,  Loss/total: 3.34817  ,  Loss/ce: 3.30450  ,  IoU: 0.76191  ,  pro_loss: 0.21830
[train: Epoch 48, 700 / 1875] FPS: 85.9 (593.8)  ,  DataTime: 0.323 (0.005)  ,  ForwardTime: 0.045  ,  TotalTime: 0.373  ,  Loss/total: 3.34865  ,  Loss/ce: 3.30498  ,  IoU: 0.76178  ,  pro_loss: 0.21838
[train: Epoch 48, 750 / 1875] FPS: 86.2 (593.5)  ,  DataTime: 0.321 (0.005)  ,  ForwardTime: 0.045  ,  TotalTime: 0.371  ,  Loss/total: 3.34803  ,  Loss/ce: 3.30435  ,  IoU: 0.76180  ,  pro_loss: 0.21839
[train: Epoch 48, 800 / 1875] FPS: 86.5 (45.2)  ,  DataTime: 0.320 (0.005)  ,  ForwardTime: 0.045  ,  TotalTime: 0.370  ,  Loss/total: 3.34846  ,  Loss/ce: 3.30469  ,  IoU: 0.76187  ,  pro_loss: 0.21885
[train: Epoch 48, 850 / 1875] FPS: 87.0 (618.1)  ,  DataTime: 0.318 (0.005)  ,  ForwardTime: 0.045  ,  TotalTime: 0.368  ,  Loss/total: 3.34904  ,  Loss/ce: 3.30530  ,  IoU: 0.76157  ,  pro_loss: 0.21874
[train: Epoch 48, 900 / 1875] FPS: 86.9 (567.2)  ,  DataTime: 0.318 (0.005)  ,  ForwardTime: 0.045  ,  TotalTime: 0.368  ,  Loss/total: 3.34894  ,  Loss/ce: 3.30514  ,  IoU: 0.76158  ,  pro_loss: 0.21903
[train: Epoch 48, 950 / 1875] FPS: 87.2 (615.5)  ,  DataTime: 0.317 (0.005)  ,  ForwardTime: 0.045  ,  TotalTime: 0.367  ,  Loss/total: 3.34855  ,  Loss/ce: 3.30475  ,  IoU: 0.76178  ,  pro_loss: 0.21898
[train: Epoch 48, 1000 / 1875] FPS: 87.3 (623.3)  ,  DataTime: 0.317 (0.005)  ,  ForwardTime: 0.045  ,  TotalTime: 0.366  ,  Loss/total: 3.34793  ,  Loss/ce: 3.30416  ,  IoU: 0.76187  ,  pro_loss: 0.21889
[train: Epoch 48, 1050 / 1875] FPS: 87.6 (579.7)  ,  DataTime: 0.315 (0.005)  ,  ForwardTime: 0.045  ,  TotalTime: 0.365  ,  Loss/total: 3.34821  ,  Loss/ce: 3.30443  ,  IoU: 0.76168  ,  pro_loss: 0.21894
[train: Epoch 48, 1100 / 1875] FPS: 88.0 (608.5)  ,  DataTime: 0.314 (0.005)  ,  ForwardTime: 0.045  ,  TotalTime: 0.364  ,  Loss/total: 3.34825  ,  Loss/ce: 3.30440  ,  IoU: 0.76154  ,  pro_loss: 0.21924
[train: Epoch 48, 1150 / 1875] FPS: 87.8 (595.4)  ,  DataTime: 0.315 (0.005)  ,  ForwardTime: 0.045  ,  TotalTime: 0.365  ,  Loss/total: 3.34791  ,  Loss/ce: 3.30402  ,  IoU: 0.76164  ,  pro_loss: 0.21946
[train: Epoch 48, 1200 / 1875] FPS: 87.6 (569.2)  ,  DataTime: 0.315 (0.005)  ,  ForwardTime: 0.045  ,  TotalTime: 0.365  ,  Loss/total: 3.34834  ,  Loss/ce: 3.30450  ,  IoU: 0.76124  ,  pro_loss: 0.21918
[train: Epoch 48, 1250 / 1875] FPS: 87.8 (541.4)  ,  DataTime: 0.315 (0.005)  ,  ForwardTime: 0.045  ,  TotalTime: 0.365  ,  Loss/total: 3.34870  ,  Loss/ce: 3.30492  ,  IoU: 0.76096  ,  pro_loss: 0.21891
[train: Epoch 48, 1300 / 1875] FPS: 87.8 (583.5)  ,  DataTime: 0.315 (0.005)  ,  ForwardTime: 0.045  ,  TotalTime: 0.365  ,  Loss/total: 3.34840  ,  Loss/ce: 3.30467  ,  IoU: 0.76098  ,  pro_loss: 0.21863
[train: Epoch 48, 1350 / 1875] FPS: 87.5 (606.5)  ,  DataTime: 0.316 (0.005)  ,  ForwardTime: 0.045  ,  TotalTime: 0.366  ,  Loss/total: 3.34849  ,  Loss/ce: 3.30474  ,  IoU: 0.76112  ,  pro_loss: 0.21873
[train: Epoch 48, 1400 / 1875] FPS: 87.7 (530.2)  ,  DataTime: 0.315 (0.005)  ,  ForwardTime: 0.045  ,  TotalTime: 0.365  ,  Loss/total: 3.34700  ,  Loss/ce: 3.30326  ,  IoU: 0.76145  ,  pro_loss: 0.21869
[train: Epoch 48, 1450 / 1875] FPS: 87.6 (110.7)  ,  DataTime: 0.315 (0.005)  ,  ForwardTime: 0.045  ,  TotalTime: 0.365  ,  Loss/total: 3.34708  ,  Loss/ce: 3.30328  ,  IoU: 0.76140  ,  pro_loss: 0.21898
[train: Epoch 48, 1500 / 1875] FPS: 87.4 (592.8)  ,  DataTime: 0.316 (0.005)  ,  ForwardTime: 0.045  ,  TotalTime: 0.366  ,  Loss/total: 3.34633  ,  Loss/ce: 3.30254  ,  IoU: 0.76152  ,  pro_loss: 0.21892
[train: Epoch 48, 1550 / 1875] FPS: 87.2 (570.2)  ,  DataTime: 0.317 (0.005)  ,  ForwardTime: 0.045  ,  TotalTime: 0.367  ,  Loss/total: 3.34564  ,  Loss/ce: 3.30185  ,  IoU: 0.76165  ,  pro_loss: 0.21891
[train: Epoch 48, 1600 / 1875] FPS: 87.4 (623.5)  ,  DataTime: 0.316 (0.005)  ,  ForwardTime: 0.045  ,  TotalTime: 0.366  ,  Loss/total: 3.34700  ,  Loss/ce: 3.30321  ,  IoU: 0.76151  ,  pro_loss: 0.21894
[train: Epoch 48, 1650 / 1875] FPS: 87.1 (11.3)  ,  DataTime: 0.317 (0.005)  ,  ForwardTime: 0.045  ,  TotalTime: 0.367  ,  Loss/total: 3.34647  ,  Loss/ce: 3.30268  ,  IoU: 0.76178  ,  pro_loss: 0.21896
[train: Epoch 48, 1700 / 1875] FPS: 87.1 (607.7)  ,  DataTime: 0.317 (0.005)  ,  ForwardTime: 0.045  ,  TotalTime: 0.367  ,  Loss/total: 3.34697  ,  Loss/ce: 3.30317  ,  IoU: 0.76185  ,  pro_loss: 0.21899
[train: Epoch 48, 1750 / 1875] FPS: 87.3 (629.0)  ,  DataTime: 0.316 (0.005)  ,  ForwardTime: 0.045  ,  TotalTime: 0.366  ,  Loss/total: 3.34698  ,  Loss/ce: 3.30321  ,  IoU: 0.76180  ,  pro_loss: 0.21884
[train: Epoch 48, 1800 / 1875] FPS: 87.3 (26.9)  ,  DataTime: 0.316 (0.005)  ,  ForwardTime: 0.045  ,  TotalTime: 0.366  ,  Loss/total: 3.34723  ,  Loss/ce: 3.30344  ,  IoU: 0.76179  ,  pro_loss: 0.21893
[train: Epoch 48, 1850 / 1875] FPS: 87.3 (578.3)  ,  DataTime: 0.316 (0.005)  ,  ForwardTime: 0.045  ,  TotalTime: 0.366  ,  Loss/total: 3.34689  ,  Loss/ce: 3.30307  ,  IoU: 0.76169  ,  pro_loss: 0.21912
[train: Epoch 48, 1875 / 1875] FPS: 87.6 (614.1)  ,  DataTime: 0.315 (0.005)  ,  ForwardTime: 0.045  ,  TotalTime: 0.365  ,  Loss/total: 3.34704  ,  Loss/ce: 3.30320  ,  IoU: 0.76162  ,  pro_loss: 0.21919
[train: Epoch 49, 50 / 1875] FPS: 74.3 (579.9)  ,  DataTime: 0.381 (0.005)  ,  ForwardTime: 0.045  ,  TotalTime: 0.431  ,  Loss/total: 3.31392  ,  Loss/ce: 3.26842  ,  IoU: 0.76919  ,  pro_loss: 0.22750
[train: Epoch 49, 100 / 1875] FPS: 74.9 (576.7)  ,  DataTime: 0.377 (0.005)  ,  ForwardTime: 0.045  ,  TotalTime: 0.427  ,  Loss/total: 3.33422  ,  Loss/ce: 3.28944  ,  IoU: 0.76419  ,  pro_loss: 0.22385
[train: Epoch 49, 150 / 1875] FPS: 82.2 (77.7)  ,  DataTime: 0.339 (0.005)  ,  ForwardTime: 0.045  ,  TotalTime: 0.389  ,  Loss/total: 3.34173  ,  Loss/ce: 3.29673  ,  IoU: 0.76256  ,  pro_loss: 0.22500
[train: Epoch 49, 200 / 1875] FPS: 81.5 (600.2)  ,  DataTime: 0.343 (0.005)  ,  ForwardTime: 0.045  ,  TotalTime: 0.393  ,  Loss/total: 3.34405  ,  Loss/ce: 3.29903  ,  IoU: 0.76146  ,  pro_loss: 0.22510
[train: Epoch 49, 250 / 1875] FPS: 82.3 (575.1)  ,  DataTime: 0.339 (0.005)  ,  ForwardTime: 0.045  ,  TotalTime: 0.389  ,  Loss/total: 3.33782  ,  Loss/ce: 3.29287  ,  IoU: 0.76376  ,  pro_loss: 0.22475
[train: Epoch 49, 300 / 1875] FPS: 83.3 (593.8)  ,  DataTime: 0.334 (0.005)  ,  ForwardTime: 0.045  ,  TotalTime: 0.384  ,  Loss/total: 3.34036  ,  Loss/ce: 3.29555  ,  IoU: 0.76355  ,  pro_loss: 0.22403
[train: Epoch 49, 350 / 1875] FPS: 83.7 (598.0)  ,  DataTime: 0.332 (0.005)  ,  ForwardTime: 0.045  ,  TotalTime: 0.382  ,  Loss/total: 3.34414  ,  Loss/ce: 3.29948  ,  IoU: 0.76186  ,  pro_loss: 0.22330
[train: Epoch 49, 400 / 1875] FPS: 83.9 (604.9)  ,  DataTime: 0.331 (0.005)  ,  ForwardTime: 0.045  ,  TotalTime: 0.382  ,  Loss/total: 3.34719  ,  Loss/ce: 3.30273  ,  IoU: 0.76151  ,  pro_loss: 0.22232
[train: Epoch 49, 450 / 1875] FPS: 83.8 (16.4)  ,  DataTime: 0.332 (0.005)  ,  ForwardTime: 0.045  ,  TotalTime: 0.382  ,  Loss/total: 3.34806  ,  Loss/ce: 3.30370  ,  IoU: 0.76132  ,  pro_loss: 0.22178
[train: Epoch 49, 500 / 1875] FPS: 83.7 (577.2)  ,  DataTime: 0.332 (0.005)  ,  ForwardTime: 0.045  ,  TotalTime: 0.382  ,  Loss/total: 3.35001  ,  Loss/ce: 3.30567  ,  IoU: 0.76059  ,  pro_loss: 0.22173
[train: Epoch 49, 550 / 1875] FPS: 84.5 (39.5)  ,  DataTime: 0.328 (0.005)  ,  ForwardTime: 0.045  ,  TotalTime: 0.379  ,  Loss/total: 3.34724  ,  Loss/ce: 3.30288  ,  IoU: 0.76127  ,  pro_loss: 0.22178
[train: Epoch 49, 600 / 1875] FPS: 83.9 (582.1)  ,  DataTime: 0.331 (0.005)  ,  ForwardTime: 0.045  ,  TotalTime: 0.381  ,  Loss/total: 3.34680  ,  Loss/ce: 3.30251  ,  IoU: 0.76118  ,  pro_loss: 0.22149
[train: Epoch 49, 650 / 1875] FPS: 84.9 (606.6)  ,  DataTime: 0.327 (0.005)  ,  ForwardTime: 0.045  ,  TotalTime: 0.377  ,  Loss/total: 3.34592  ,  Loss/ce: 3.30168  ,  IoU: 0.76113  ,  pro_loss: 0.22120
[train: Epoch 49, 700 / 1875] FPS: 84.4 (576.0)  ,  DataTime: 0.329 (0.005)  ,  ForwardTime: 0.045  ,  TotalTime: 0.379  ,  Loss/total: 3.34698  ,  Loss/ce: 3.30285  ,  IoU: 0.76098  ,  pro_loss: 0.22066
[train: Epoch 49, 750 / 1875] FPS: 84.6 (67.2)  ,  DataTime: 0.328 (0.005)  ,  ForwardTime: 0.045  ,  TotalTime: 0.378  ,  Loss/total: 3.34767  ,  Loss/ce: 3.30356  ,  IoU: 0.76098  ,  pro_loss: 0.22056
[train: Epoch 49, 800 / 1875] FPS: 83.7 (586.1)  ,  DataTime: 0.332 (0.005)  ,  ForwardTime: 0.045  ,  TotalTime: 0.382  ,  Loss/total: 3.34627  ,  Loss/ce: 3.30221  ,  IoU: 0.76130  ,  pro_loss: 0.22033
[train: Epoch 49, 850 / 1875] FPS: 83.1 (596.0)  ,  DataTime: 0.335 (0.005)  ,  ForwardTime: 0.045  ,  TotalTime: 0.385  ,  Loss/total: 3.34741  ,  Loss/ce: 3.30339  ,  IoU: 0.76127  ,  pro_loss: 0.22012
[train: Epoch 49, 900 / 1875] FPS: 82.6 (21.7)  ,  DataTime: 0.337 (0.005)  ,  ForwardTime: 0.045  ,  TotalTime: 0.387  ,  Loss/total: 3.34685  ,  Loss/ce: 3.30284  ,  IoU: 0.76136  ,  pro_loss: 0.22007
[train: Epoch 49, 950 / 1875] FPS: 81.8 (580.4)  ,  DataTime: 0.341 (0.005)  ,  ForwardTime: 0.045  ,  TotalTime: 0.391  ,  Loss/total: 3.34695  ,  Loss/ce: 3.30297  ,  IoU: 0.76124  ,  pro_loss: 0.21988
[train: Epoch 49, 1000 / 1875] FPS: 81.5 (590.5)  ,  DataTime: 0.342 (0.005)  ,  ForwardTime: 0.045  ,  TotalTime: 0.393  ,  Loss/total: 3.34865  ,  Loss/ce: 3.30483  ,  IoU: 0.76084  ,  pro_loss: 0.21913
[train: Epoch 49, 1050 / 1875] FPS: 81.4 (617.5)  ,  DataTime: 0.343 (0.005)  ,  ForwardTime: 0.045  ,  TotalTime: 0.393  ,  Loss/total: 3.34782  ,  Loss/ce: 3.30396  ,  IoU: 0.76092  ,  pro_loss: 0.21933
[train: Epoch 49, 1100 / 1875] FPS: 81.2 (29.7)  ,  DataTime: 0.344 (0.005)  ,  ForwardTime: 0.045  ,  TotalTime: 0.394  ,  Loss/total: 3.34707  ,  Loss/ce: 3.30311  ,  IoU: 0.76109  ,  pro_loss: 0.21980
[train: Epoch 49, 1150 / 1875] FPS: 81.0 (19.3)  ,  DataTime: 0.345 (0.005)  ,  ForwardTime: 0.045  ,  TotalTime: 0.395  ,  Loss/total: 3.34675  ,  Loss/ce: 3.30278  ,  IoU: 0.76123  ,  pro_loss: 0.21986
[train: Epoch 49, 1200 / 1875] FPS: 81.0 (43.2)  ,  DataTime: 0.345 (0.005)  ,  ForwardTime: 0.045  ,  TotalTime: 0.395  ,  Loss/total: 3.34612  ,  Loss/ce: 3.30216  ,  IoU: 0.76133  ,  pro_loss: 0.21980
[train: Epoch 49, 1250 / 1875] FPS: 80.8 (593.5)  ,  DataTime: 0.346 (0.005)  ,  ForwardTime: 0.045  ,  TotalTime: 0.396  ,  Loss/total: 3.34623  ,  Loss/ce: 3.30227  ,  IoU: 0.76116  ,  pro_loss: 0.21979
[train: Epoch 49, 1300 / 1875] FPS: 80.5 (12.0)  ,  DataTime: 0.348 (0.005)  ,  ForwardTime: 0.045  ,  TotalTime: 0.398  ,  Loss/total: 3.34613  ,  Loss/ce: 3.30212  ,  IoU: 0.76107  ,  pro_loss: 0.22004
[train: Epoch 49, 1350 / 1875] FPS: 80.7 (579.1)  ,  DataTime: 0.347 (0.005)  ,  ForwardTime: 0.045  ,  TotalTime: 0.397  ,  Loss/total: 3.34627  ,  Loss/ce: 3.30230  ,  IoU: 0.76143  ,  pro_loss: 0.21984
[train: Epoch 49, 1400 / 1875] FPS: 80.5 (41.0)  ,  DataTime: 0.347 (0.005)  ,  ForwardTime: 0.045  ,  TotalTime: 0.398  ,  Loss/total: 3.34569  ,  Loss/ce: 3.30171  ,  IoU: 0.76151  ,  pro_loss: 0.21992
[train: Epoch 49, 1450 / 1875] FPS: 80.5 (606.6)  ,  DataTime: 0.348 (0.005)  ,  ForwardTime: 0.045  ,  TotalTime: 0.398  ,  Loss/total: 3.34617  ,  Loss/ce: 3.30217  ,  IoU: 0.76148  ,  pro_loss: 0.21996
[train: Epoch 49, 1500 / 1875] FPS: 80.4 (32.7)  ,  DataTime: 0.348 (0.005)  ,  ForwardTime: 0.045  ,  TotalTime: 0.398  ,  Loss/total: 3.34568  ,  Loss/ce: 3.30165  ,  IoU: 0.76160  ,  pro_loss: 0.22011
[train: Epoch 49, 1550 / 1875] FPS: 80.4 (625.2)  ,  DataTime: 0.348 (0.005)  ,  ForwardTime: 0.045  ,  TotalTime: 0.398  ,  Loss/total: 3.34577  ,  Loss/ce: 3.30174  ,  IoU: 0.76159  ,  pro_loss: 0.22015
[train: Epoch 49, 1600 / 1875] FPS: 80.2 (601.7)  ,  DataTime: 0.349 (0.005)  ,  ForwardTime: 0.045  ,  TotalTime: 0.399  ,  Loss/total: 3.34559  ,  Loss/ce: 3.30156  ,  IoU: 0.76172  ,  pro_loss: 0.22019
[train: Epoch 49, 1650 / 1875] FPS: 80.3 (597.5)  ,  DataTime: 0.348 (0.005)  ,  ForwardTime: 0.045  ,  TotalTime: 0.398  ,  Loss/total: 3.34597  ,  Loss/ce: 3.30194  ,  IoU: 0.76167  ,  pro_loss: 0.22013
[train: Epoch 49, 1700 / 1875] FPS: 80.5 (612.4)  ,  DataTime: 0.347 (0.005)  ,  ForwardTime: 0.045  ,  TotalTime: 0.397  ,  Loss/total: 3.34616  ,  Loss/ce: 3.30212  ,  IoU: 0.76169  ,  pro_loss: 0.22022
[train: Epoch 49, 1750 / 1875] FPS: 80.3 (582.5)  ,  DataTime: 0.348 (0.005)  ,  ForwardTime: 0.045  ,  TotalTime: 0.399  ,  Loss/total: 3.34579  ,  Loss/ce: 3.30173  ,  IoU: 0.76175  ,  pro_loss: 0.22029
[train: Epoch 49, 1800 / 1875] FPS: 79.8 (28.9)  ,  DataTime: 0.351 (0.005)  ,  ForwardTime: 0.045  ,  TotalTime: 0.401  ,  Loss/total: 3.34556  ,  Loss/ce: 3.30152  ,  IoU: 0.76180  ,  pro_loss: 0.22017
[train: Epoch 49, 1850 / 1875] FPS: 79.9 (575.4)  ,  DataTime: 0.351 (0.005)  ,  ForwardTime: 0.045  ,  TotalTime: 0.401  ,  Loss/total: 3.34587  ,  Loss/ce: 3.30182  ,  IoU: 0.76168  ,  pro_loss: 0.22025
[train: Epoch 49, 1875 / 1875] FPS: 80.2 (616.0)  ,  DataTime: 0.349 (0.005)  ,  ForwardTime: 0.045  ,  TotalTime: 0.399  ,  Loss/total: 3.34547  ,  Loss/ce: 3.30146  ,  IoU: 0.76177  ,  pro_loss: 0.22008
[train: Epoch 50, 50 / 1875] FPS: 60.8 (7.3)  ,  DataTime: 0.476 (0.005)  ,  ForwardTime: 0.045  ,  TotalTime: 0.526  ,  Loss/total: 3.31933  ,  Loss/ce: 3.27453  ,  IoU: 0.76869  ,  pro_loss: 0.22396
[train: Epoch 50, 100 / 1875] FPS: 71.4 (596.4)  ,  DataTime: 0.398 (0.005)  ,  ForwardTime: 0.045  ,  TotalTime: 0.448  ,  Loss/total: 3.33324  ,  Loss/ce: 3.28861  ,  IoU: 0.76898  ,  pro_loss: 0.22313
[train: Epoch 50, 150 / 1875] FPS: 74.0 (573.4)  ,  DataTime: 0.382 (0.005)  ,  ForwardTime: 0.045  ,  TotalTime: 0.432  ,  Loss/total: 3.33586  ,  Loss/ce: 3.29115  ,  IoU: 0.76828  ,  pro_loss: 0.22354
[train: Epoch 50, 200 / 1875] FPS: 76.2 (584.0)  ,  DataTime: 0.370 (0.005)  ,  ForwardTime: 0.045  ,  TotalTime: 0.420  ,  Loss/total: 3.34210  ,  Loss/ce: 3.29754  ,  IoU: 0.76773  ,  pro_loss: 0.22276
[train: Epoch 50, 250 / 1875] FPS: 75.8 (10.1)  ,  DataTime: 0.372 (0.005)  ,  ForwardTime: 0.045  ,  TotalTime: 0.422  ,  Loss/total: 3.34468  ,  Loss/ce: 3.29982  ,  IoU: 0.76623  ,  pro_loss: 0.22429
[train: Epoch 50, 300 / 1875] FPS: 77.3 (618.0)  ,  DataTime: 0.364 (0.005)  ,  ForwardTime: 0.045  ,  TotalTime: 0.414  ,  Loss/total: 3.34897  ,  Loss/ce: 3.30421  ,  IoU: 0.76494  ,  pro_loss: 0.22378
[train: Epoch 50, 350 / 1875] FPS: 77.0 (17.1)  ,  DataTime: 0.366 (0.005)  ,  ForwardTime: 0.045  ,  TotalTime: 0.416  ,  Loss/total: 3.34757  ,  Loss/ce: 3.30269  ,  IoU: 0.76454  ,  pro_loss: 0.22438
[train: Epoch 50, 400 / 1875] FPS: 78.5 (573.3)  ,  DataTime: 0.358 (0.005)  ,  ForwardTime: 0.045  ,  TotalTime: 0.408  ,  Loss/total: 3.34777  ,  Loss/ce: 3.30289  ,  IoU: 0.76465  ,  pro_loss: 0.22438
[train: Epoch 50, 450 / 1875] FPS: 78.3 (604.9)  ,  DataTime: 0.359 (0.005)  ,  ForwardTime: 0.045  ,  TotalTime: 0.409  ,  Loss/total: 3.35063  ,  Loss/ce: 3.30581  ,  IoU: 0.76350  ,  pro_loss: 0.22412
[train: Epoch 50, 500 / 1875] FPS: 79.3 (586.4)  ,  DataTime: 0.353 (0.005)  ,  ForwardTime: 0.045  ,  TotalTime: 0.403  ,  Loss/total: 3.34990  ,  Loss/ce: 3.30522  ,  IoU: 0.76362  ,  pro_loss: 0.22342
[train: Epoch 50, 550 / 1875] FPS: 79.7 (154.7)  ,  DataTime: 0.351 (0.005)  ,  ForwardTime: 0.045  ,  TotalTime: 0.401  ,  Loss/total: 3.35122  ,  Loss/ce: 3.30672  ,  IoU: 0.76339  ,  pro_loss: 0.22252
[train: Epoch 50, 600 / 1875] FPS: 79.4 (65.1)  ,  DataTime: 0.353 (0.005)  ,  ForwardTime: 0.045  ,  TotalTime: 0.403  ,  Loss/total: 3.35037  ,  Loss/ce: 3.30580  ,  IoU: 0.76338  ,  pro_loss: 0.22285
[train: Epoch 50, 650 / 1875] FPS: 78.6 (566.2)  ,  DataTime: 0.357 (0.005)  ,  ForwardTime: 0.045  ,  TotalTime: 0.407  ,  Loss/total: 3.35238  ,  Loss/ce: 3.30779  ,  IoU: 0.76281  ,  pro_loss: 0.22296
[train: Epoch 50, 700 / 1875] FPS: 79.3 (576.6)  ,  DataTime: 0.353 (0.005)  ,  ForwardTime: 0.045  ,  TotalTime: 0.403  ,  Loss/total: 3.34925  ,  Loss/ce: 3.30466  ,  IoU: 0.76334  ,  pro_loss: 0.22296
[train: Epoch 50, 750 / 1875] FPS: 79.0 (571.0)  ,  DataTime: 0.355 (0.005)  ,  ForwardTime: 0.045  ,  TotalTime: 0.405  ,  Loss/total: 3.34905  ,  Loss/ce: 3.30447  ,  IoU: 0.76361  ,  pro_loss: 0.22290
[train: Epoch 50, 800 / 1875] FPS: 79.4 (605.6)  ,  DataTime: 0.353 (0.005)  ,  ForwardTime: 0.045  ,  TotalTime: 0.403  ,  Loss/total: 3.34875  ,  Loss/ce: 3.30416  ,  IoU: 0.76322  ,  pro_loss: 0.22294
[train: Epoch 50, 850 / 1875] FPS: 79.2 (580.7)  ,  DataTime: 0.354 (0.005)  ,  ForwardTime: 0.045  ,  TotalTime: 0.404  ,  Loss/total: 3.34850  ,  Loss/ce: 3.30386  ,  IoU: 0.76320  ,  pro_loss: 0.22320
[train: Epoch 50, 900 / 1875] FPS: 79.5 (624.8)  ,  DataTime: 0.353 (0.005)  ,  ForwardTime: 0.045  ,  TotalTime: 0.403  ,  Loss/total: 3.34891  ,  Loss/ce: 3.30421  ,  IoU: 0.76292  ,  pro_loss: 0.22352
[train: Epoch 50, 950 / 1875] FPS: 79.2 (605.8)  ,  DataTime: 0.354 (0.005)  ,  ForwardTime: 0.045  ,  TotalTime: 0.404  ,  Loss/total: 3.34895  ,  Loss/ce: 3.30422  ,  IoU: 0.76273  ,  pro_loss: 0.22364
[train: Epoch 50, 1000 / 1875] FPS: 79.6 (573.3)  ,  DataTime: 0.352 (0.005)  ,  ForwardTime: 0.045  ,  TotalTime: 0.402  ,  Loss/total: 3.34893  ,  Loss/ce: 3.30416  ,  IoU: 0.76284  ,  pro_loss: 0.22384
[train: Epoch 50, 1050 / 1875] FPS: 79.8 (589.1)  ,  DataTime: 0.351 (0.005)  ,  ForwardTime: 0.045  ,  TotalTime: 0.401  ,  Loss/total: 3.34852  ,  Loss/ce: 3.30387  ,  IoU: 0.76305  ,  pro_loss: 0.22327
[train: Epoch 50, 1100 / 1875] FPS: 80.1 (618.9)  ,  DataTime: 0.349 (0.005)  ,  ForwardTime: 0.045  ,  TotalTime: 0.400  ,  Loss/total: 3.34886  ,  Loss/ce: 3.30424  ,  IoU: 0.76294  ,  pro_loss: 0.22308
[train: Epoch 50, 1150 / 1875] FPS: 79.9 (12.3)  ,  DataTime: 0.350 (0.005)  ,  ForwardTime: 0.045  ,  TotalTime: 0.401  ,  Loss/total: 3.34947  ,  Loss/ce: 3.30492  ,  IoU: 0.76261  ,  pro_loss: 0.22274
[train: Epoch 50, 1200 / 1875] FPS: 80.0 (598.9)  ,  DataTime: 0.350 (0.005)  ,  ForwardTime: 0.045  ,  TotalTime: 0.400  ,  Loss/total: 3.35067  ,  Loss/ce: 3.30614  ,  IoU: 0.76225  ,  pro_loss: 0.22267
[train: Epoch 50, 1250 / 1875] FPS: 80.1 (616.8)  ,  DataTime: 0.349 (0.005)  ,  ForwardTime: 0.045  ,  TotalTime: 0.399  ,  Loss/total: 3.35065  ,  Loss/ce: 3.30611  ,  IoU: 0.76224  ,  pro_loss: 0.22267
[train: Epoch 50, 1300 / 1875] FPS: 80.5 (49.3)  ,  DataTime: 0.348 (0.005)  ,  ForwardTime: 0.045  ,  TotalTime: 0.398  ,  Loss/total: 3.35084  ,  Loss/ce: 3.30628  ,  IoU: 0.76222  ,  pro_loss: 0.22280
[train: Epoch 50, 1350 / 1875] FPS: 80.6 (74.7)  ,  DataTime: 0.347 (0.005)  ,  ForwardTime: 0.045  ,  TotalTime: 0.397  ,  Loss/total: 3.35053  ,  Loss/ce: 3.30598  ,  IoU: 0.76215  ,  pro_loss: 0.22271
[train: Epoch 50, 1400 / 1875] FPS: 80.8 (604.4)  ,  DataTime: 0.346 (0.005)  ,  ForwardTime: 0.045  ,  TotalTime: 0.396  ,  Loss/total: 3.35078  ,  Loss/ce: 3.30629  ,  IoU: 0.76229  ,  pro_loss: 0.22247
[train: Epoch 50, 1450 / 1875] FPS: 80.9 (611.9)  ,  DataTime: 0.346 (0.005)  ,  ForwardTime: 0.045  ,  TotalTime: 0.396  ,  Loss/total: 3.35058  ,  Loss/ce: 3.30612  ,  IoU: 0.76225  ,  pro_loss: 0.22233
[train: Epoch 50, 1500 / 1875] FPS: 80.8 (594.8)  ,  DataTime: 0.346 (0.005)  ,  ForwardTime: 0.045  ,  TotalTime: 0.396  ,  Loss/total: 3.35102  ,  Loss/ce: 3.30658  ,  IoU: 0.76220  ,  pro_loss: 0.22219
[train: Epoch 50, 1550 / 1875] FPS: 80.7 (13.0)  ,  DataTime: 0.347 (0.005)  ,  ForwardTime: 0.045  ,  TotalTime: 0.397  ,  Loss/total: 3.35098  ,  Loss/ce: 3.30655  ,  IoU: 0.76216  ,  pro_loss: 0.22216
[train: Epoch 50, 1600 / 1875] FPS: 81.1 (624.9)  ,  DataTime: 0.345 (0.005)  ,  ForwardTime: 0.045  ,  TotalTime: 0.395  ,  Loss/total: 3.35089  ,  Loss/ce: 3.30645  ,  IoU: 0.76218  ,  pro_loss: 0.22221
[train: Epoch 50, 1650 / 1875] FPS: 81.3 (35.4)  ,  DataTime: 0.344 (0.005)  ,  ForwardTime: 0.045  ,  TotalTime: 0.394  ,  Loss/total: 3.35190  ,  Loss/ce: 3.30743  ,  IoU: 0.76181  ,  pro_loss: 0.22238
[train: Epoch 50, 1700 / 1875] FPS: 81.1 (592.0)  ,  DataTime: 0.345 (0.005)  ,  ForwardTime: 0.045  ,  TotalTime: 0.395  ,  Loss/total: 3.35249  ,  Loss/ce: 3.30799  ,  IoU: 0.76168  ,  pro_loss: 0.22252
[train: Epoch 50, 1750 / 1875] FPS: 81.3 (546.6)  ,  DataTime: 0.343 (0.005)  ,  ForwardTime: 0.045  ,  TotalTime: 0.394  ,  Loss/total: 3.35187  ,  Loss/ce: 3.30735  ,  IoU: 0.76169  ,  pro_loss: 0.22263
[train: Epoch 50, 1800 / 1875] FPS: 81.5 (610.1)  ,  DataTime: 0.343 (0.005)  ,  ForwardTime: 0.045  ,  TotalTime: 0.393  ,  Loss/total: 3.35173  ,  Loss/ce: 3.30721  ,  IoU: 0.76176  ,  pro_loss: 0.22262
[train: Epoch 50, 1850 / 1875] FPS: 81.7 (32.4)  ,  DataTime: 0.341 (0.005)  ,  ForwardTime: 0.045  ,  TotalTime: 0.391  ,  Loss/total: 3.35146  ,  Loss/ce: 3.30695  ,  IoU: 0.76182  ,  pro_loss: 0.22253
[train: Epoch 50, 1875 / 1875] FPS: 82.0 (626.6)  ,  DataTime: 0.340 (0.005)  ,  ForwardTime: 0.045  ,  TotalTime: 0.390  ,  Loss/total: 3.35162  ,  Loss/ce: 3.30712  ,  IoU: 0.76180  ,  pro_loss: 0.22249
[val: Epoch 50, 50 / 312] FPS: 72.7 (959.7)  ,  DataTime: 0.407 (0.006)  ,  ForwardTime: 0.028  ,  TotalTime: 0.440  ,  Loss/total: nan  ,  Loss/giou: 0.27837  ,  Loss/l1: 0.02087  ,  Loss/location: nan  ,  pro_loss: 0.19229  ,  IoU: 0.74382
[val: Epoch 50, 100 / 312] FPS: 73.2 (108.8)  ,  DataTime: 0.405 (0.006)  ,  ForwardTime: 0.027  ,  TotalTime: 0.437  ,  Loss/total: nan  ,  Loss/giou: 0.28482  ,  Loss/l1: 0.02147  ,  Loss/location: nan  ,  pro_loss: 0.19292  ,  IoU: 0.73924
[val: Epoch 50, 150 / 312] FPS: 76.9 (921.6)  ,  DataTime: 0.384 (0.006)  ,  ForwardTime: 0.026  ,  TotalTime: 0.416  ,  Loss/total: nan  ,  Loss/giou: 0.28445  ,  Loss/l1: 0.02128  ,  Loss/location: nan  ,  pro_loss: 0.18986  ,  IoU: 0.73901
[val: Epoch 50, 200 / 312] FPS: 78.9 (882.7)  ,  DataTime: 0.373 (0.006)  ,  ForwardTime: 0.026  ,  TotalTime: 0.405  ,  Loss/total: nan  ,  Loss/giou: 0.28528  ,  Loss/l1: 0.02128  ,  Loss/location: nan  ,  pro_loss: 0.19016  ,  IoU: 0.73845
[val: Epoch 50, 250 / 312] FPS: 80.7 (957.2)  ,  DataTime: 0.365 (0.006)  ,  ForwardTime: 0.026  ,  TotalTime: 0.397  ,  Loss/total: nan  ,  Loss/giou: 0.28715  ,  Loss/l1: 0.02155  ,  Loss/location: nan  ,  pro_loss: 0.19079  ,  IoU: 0.73689
[val: Epoch 50, 300 / 312] FPS: 79.9 (13.4)  ,  DataTime: 0.369 (0.006)  ,  ForwardTime: 0.026  ,  TotalTime: 0.401  ,  Loss/total: nan  ,  Loss/giou: 0.28525  ,  Loss/l1: 0.02129  ,  Loss/location: nan  ,  pro_loss: 0.19038  ,  IoU: 0.73841
[val: Epoch 50, 312 / 312] FPS: 82.2 (1011.5)  ,  DataTime: 0.357 (0.006)  ,  ForwardTime: 0.026  ,  TotalTime: 0.389  ,  Loss/total: nan  ,  Loss/giou: 0.28611  ,  Loss/l1: 0.02139  ,  Loss/location: nan  ,  pro_loss: 0.18974  ,  IoU: 0.73788
[train: Epoch 1, 50 / 1875] FPS: 34.5 (15.8)  ,  DataTime: 0.633 (0.007)  ,  ForwardTime: 0.289  ,  TotalTime: 0.929  ,  Loss/total: 6.81420  ,  Loss/ce: 6.79231  ,  IoU: 0.03492  ,  pro_loss: 0.10947
[train: Epoch 1, 100 / 1875] FPS: 39.1 (12.5)  ,  DataTime: 0.629 (0.007)  ,  ForwardTime: 0.183  ,  TotalTime: 0.819  ,  Loss/total: 6.64754  ,  Loss/ce: 6.62645  ,  IoU: 0.05684  ,  pro_loss: 0.10546
[train: Epoch 1, 150 / 1875] FPS: 41.8 (366.2)  ,  DataTime: 0.611 (0.007)  ,  ForwardTime: 0.147  ,  TotalTime: 0.765  ,  Loss/total: 6.47432  ,  Loss/ce: 6.45297  ,  IoU: 0.06440  ,  pro_loss: 0.10676
[train: Epoch 1, 200 / 1875] FPS: 43.1 (364.0)  ,  DataTime: 0.606 (0.007)  ,  ForwardTime: 0.129  ,  TotalTime: 0.743  ,  Loss/total: 6.30825  ,  Loss/ce: 6.28655  ,  IoU: 0.06047  ,  pro_loss: 0.10851
[train: Epoch 1, 250 / 1875] FPS: 45.3 (370.3)  ,  DataTime: 0.580 (0.007)  ,  ForwardTime: 0.119  ,  TotalTime: 0.706  ,  Loss/total: 6.14570  ,  Loss/ce: 6.12317  ,  IoU: 0.05277  ,  pro_loss: 0.11263
[train: Epoch 1, 300 / 1875] FPS: 45.7 (358.8)  ,  DataTime: 0.582 (0.007)  ,  ForwardTime: 0.112  ,  TotalTime: 0.701  ,  Loss/total: 6.02409  ,  Loss/ce: 6.00033  ,  IoU: 0.04705  ,  pro_loss: 0.11882
[train: Epoch 1, 350 / 1875] FPS: 45.6 (7.4)  ,  DataTime: 0.587 (0.007)  ,  ForwardTime: 0.107  ,  TotalTime: 0.701  ,  Loss/total: 5.93070  ,  Loss/ce: 5.90534  ,  IoU: 0.04292  ,  pro_loss: 0.12683
[train: Epoch 1, 400 / 1875] FPS: 46.7 (24.6)  ,  DataTime: 0.575 (0.007)  ,  ForwardTime: 0.103  ,  TotalTime: 0.685  ,  Loss/total: 5.85621  ,  Loss/ce: 5.82878  ,  IoU: 0.04044  ,  pro_loss: 0.13714
[train: Epoch 1, 450 / 1875] FPS: 47.6 (353.5)  ,  DataTime: 0.565 (0.007)  ,  ForwardTime: 0.100  ,  TotalTime: 0.672  ,  Loss/total: 5.79470  ,  Loss/ce: 5.76540  ,  IoU: 0.03924  ,  pro_loss: 0.14651
[train: Epoch 1, 500 / 1875] FPS: 48.6 (360.5)  ,  DataTime: 0.554 (0.007)  ,  ForwardTime: 0.098  ,  TotalTime: 0.659  ,  Loss/total: 5.74231  ,  Loss/ce: 5.71152  ,  IoU: 0.03867  ,  pro_loss: 0.15394
[train: Epoch 1, 550 / 1875] FPS: 49.2 (24.8)  ,  DataTime: 0.548 (0.007)  ,  ForwardTime: 0.096  ,  TotalTime: 0.651  ,  Loss/total: 5.69730  ,  Loss/ce: 5.66516  ,  IoU: 0.03798  ,  pro_loss: 0.16069
[train: Epoch 1, 600 / 1875] FPS: 49.6 (20.3)  ,  DataTime: 0.543 (0.007)  ,  ForwardTime: 0.094  ,  TotalTime: 0.645  ,  Loss/total: 5.65667  ,  Loss/ce: 5.62347  ,  IoU: 0.03762  ,  pro_loss: 0.16599
[train: Epoch 1, 650 / 1875] FPS: 50.2 (366.2)  ,  DataTime: 0.537 (0.007)  ,  ForwardTime: 0.093  ,  TotalTime: 0.637  ,  Loss/total: 5.62068  ,  Loss/ce: 5.58665  ,  IoU: 0.03805  ,  pro_loss: 0.17016
[train: Epoch 1, 700 / 1875] FPS: 50.6 (8.1)  ,  DataTime: 0.533 (0.007)  ,  ForwardTime: 0.092  ,  TotalTime: 0.632  ,  Loss/total: 5.58709  ,  Loss/ce: 5.55244  ,  IoU: 0.03851  ,  pro_loss: 0.17326
[train: Epoch 1, 750 / 1875] FPS: 51.4 (357.2)  ,  DataTime: 0.524 (0.007)  ,  ForwardTime: 0.091  ,  TotalTime: 0.622  ,  Loss/total: 5.55563  ,  Loss/ce: 5.52037  ,  IoU: 0.03937  ,  pro_loss: 0.17631
[train: Epoch 1, 800 / 1875] FPS: 51.8 (10.2)  ,  DataTime: 0.521 (0.007)  ,  ForwardTime: 0.090  ,  TotalTime: 0.618  ,  Loss/total: 5.52721  ,  Loss/ce: 5.49153  ,  IoU: 0.04374  ,  pro_loss: 0.17840
[train: Epoch 1, 850 / 1875] FPS: 52.3 (20.3)  ,  DataTime: 0.516 (0.007)  ,  ForwardTime: 0.089  ,  TotalTime: 0.612  ,  Loss/total: 5.50059  ,  Loss/ce: 5.46445  ,  IoU: 0.05005  ,  pro_loss: 0.18068
[train: Epoch 1, 900 / 1875] FPS: 53.1 (367.3)  ,  DataTime: 0.508 (0.007)  ,  ForwardTime: 0.088  ,  TotalTime: 0.603  ,  Loss/total: 5.47458  ,  Loss/ce: 5.43825  ,  IoU: 0.05470  ,  pro_loss: 0.18166
[train: Epoch 1, 950 / 1875] FPS: 53.6 (355.2)  ,  DataTime: 0.503 (0.007)  ,  ForwardTime: 0.088  ,  TotalTime: 0.597  ,  Loss/total: 5.44980  ,  Loss/ce: 5.41319  ,  IoU: 0.05892  ,  pro_loss: 0.18305
[train: Epoch 1, 1000 / 1875] FPS: 54.0 (361.4)  ,  DataTime: 0.498 (0.007)  ,  ForwardTime: 0.087  ,  TotalTime: 0.593  ,  Loss/total: 5.42651  ,  Loss/ce: 5.38968  ,  IoU: 0.06243  ,  pro_loss: 0.18416
[train: Epoch 1, 1050 / 1875] FPS: 54.5 (11.7)  ,  DataTime: 0.494 (0.007)  ,  ForwardTime: 0.087  ,  TotalTime: 0.587  ,  Loss/total: 5.40503  ,  Loss/ce: 5.36802  ,  IoU: 0.06522  ,  pro_loss: 0.18504
[train: Epoch 1, 1100 / 1875] FPS: 55.1 (31.2)  ,  DataTime: 0.488 (0.007)  ,  ForwardTime: 0.086  ,  TotalTime: 0.581  ,  Loss/total: 5.38357  ,  Loss/ce: 5.34654  ,  IoU: 0.06926  ,  pro_loss: 0.18513
[train: Epoch 1, 1150 / 1875] FPS: 55.5 (367.4)  ,  DataTime: 0.484 (0.007)  ,  ForwardTime: 0.086  ,  TotalTime: 0.577  ,  Loss/total: 5.36437  ,  Loss/ce: 5.32730  ,  IoU: 0.07420  ,  pro_loss: 0.18532
[train: Epoch 1, 1200 / 1875] FPS: 56.0 (362.4)  ,  DataTime: 0.479 (0.007)  ,  ForwardTime: 0.085  ,  TotalTime: 0.571  ,  Loss/total: 5.34558  ,  Loss/ce: 5.30854  ,  IoU: 0.07925  ,  pro_loss: 0.18521
[train: Epoch 1, 1250 / 1875] FPS: 56.4 (350.3)  ,  DataTime: 0.475 (0.007)  ,  ForwardTime: 0.085  ,  TotalTime: 0.568  ,  Loss/total: 5.32699  ,  Loss/ce: 5.29001  ,  IoU: 0.08412  ,  pro_loss: 0.18491
[train: Epoch 1, 1300 / 1875] FPS: 56.7 (10.0)  ,  DataTime: 0.472 (0.007)  ,  ForwardTime: 0.085  ,  TotalTime: 0.564  ,  Loss/total: 5.30901  ,  Loss/ce: 5.27213  ,  IoU: 0.08886  ,  pro_loss: 0.18443
[train: Epoch 1, 1350 / 1875] FPS: 57.2 (361.0)  ,  DataTime: 0.467 (0.007)  ,  ForwardTime: 0.084  ,  TotalTime: 0.559  ,  Loss/total: 5.29178  ,  Loss/ce: 5.25499  ,  IoU: 0.09359  ,  pro_loss: 0.18398
[train: Epoch 1, 1400 / 1875] FPS: 57.7 (351.7)  ,  DataTime: 0.463 (0.007)  ,  ForwardTime: 0.084  ,  TotalTime: 0.554  ,  Loss/total: 5.27496  ,  Loss/ce: 5.23829  ,  IoU: 0.09856  ,  pro_loss: 0.18337
[train: Epoch 1, 1450 / 1875] FPS: 57.8 (9.0)  ,  DataTime: 0.463 (0.007)  ,  ForwardTime: 0.084  ,  TotalTime: 0.554  ,  Loss/total: 5.25848  ,  Loss/ce: 5.22186  ,  IoU: 0.10387  ,  pro_loss: 0.18312
[train: Epoch 1, 1500 / 1875] FPS: 58.3 (346.3)  ,  DataTime: 0.458 (0.007)  ,  ForwardTime: 0.084  ,  TotalTime: 0.549  ,  Loss/total: 5.24302  ,  Loss/ce: 5.20647  ,  IoU: 0.10949  ,  pro_loss: 0.18276
[train: Epoch 1, 1550 / 1875] FPS: 58.8 (354.8)  ,  DataTime: 0.453 (0.008)  ,  ForwardTime: 0.083  ,  TotalTime: 0.544  ,  Loss/total: 5.22745  ,  Loss/ce: 5.19100  ,  IoU: 0.11531  ,  pro_loss: 0.18229
[train: Epoch 1, 1600 / 1875] FPS: 59.1 (50.3)  ,  DataTime: 0.451 (0.008)  ,  ForwardTime: 0.083  ,  TotalTime: 0.541  ,  Loss/total: 5.21262  ,  Loss/ce: 5.17625  ,  IoU: 0.12031  ,  pro_loss: 0.18184
[train: Epoch 1, 1650 / 1875] FPS: 59.4 (350.9)  ,  DataTime: 0.448 (0.008)  ,  ForwardTime: 0.083  ,  TotalTime: 0.538  ,  Loss/total: 5.19832  ,  Loss/ce: 5.16203  ,  IoU: 0.12450  ,  pro_loss: 0.18144
[train: Epoch 1, 1700 / 1875] FPS: 59.9 (356.4)  ,  DataTime: 0.444 (0.008)  ,  ForwardTime: 0.083  ,  TotalTime: 0.535  ,  Loss/total: 5.18407  ,  Loss/ce: 5.14786  ,  IoU: 0.12925  ,  pro_loss: 0.18104
[train: Epoch 1, 1750 / 1875] FPS: 60.3 (362.7)  ,  DataTime: 0.440 (0.008)  ,  ForwardTime: 0.083  ,  TotalTime: 0.531  ,  Loss/total: 5.17024  ,  Loss/ce: 5.13409  ,  IoU: 0.13469  ,  pro_loss: 0.18073
[train: Epoch 1, 1800 / 1875] FPS: 60.6 (355.2)  ,  DataTime: 0.438 (0.008)  ,  ForwardTime: 0.082  ,  TotalTime: 0.528  ,  Loss/total: 5.15699  ,  Loss/ce: 5.12093  ,  IoU: 0.13970  ,  pro_loss: 0.18030
[train: Epoch 1, 1850 / 1875] FPS: 60.9 (350.7)  ,  DataTime: 0.436 (0.008)  ,  ForwardTime: 0.082  ,  TotalTime: 0.525  ,  Loss/total: 5.14377  ,  Loss/ce: 5.10779  ,  IoU: 0.14467  ,  pro_loss: 0.17995
[train: Epoch 1, 1875 / 1875] FPS: 61.2 (368.3)  ,  DataTime: 0.433 (0.008)  ,  ForwardTime: 0.082  ,  TotalTime: 0.522  ,  Loss/total: 5.13701  ,  Loss/ce: 5.10110  ,  IoU: 0.14717  ,  pro_loss: 0.17958
[train: Epoch 2, 50 / 1875] FPS: 70.8 (357.3)  ,  DataTime: 0.367 (0.008)  ,  ForwardTime: 0.077  ,  TotalTime: 0.452  ,  Loss/total: 4.65897  ,  Loss/ce: 4.62671  ,  IoU: 0.31831  ,  pro_loss: 0.16130
[train: Epoch 2, 100 / 1875] FPS: 70.8 (357.9)  ,  DataTime: 0.368 (0.008)  ,  ForwardTime: 0.076  ,  TotalTime: 0.452  ,  Loss/total: 4.64975  ,  Loss/ce: 4.61784  ,  IoU: 0.32704  ,  pro_loss: 0.15952
[train: Epoch 2, 150 / 1875] FPS: 73.9 (341.3)  ,  DataTime: 0.348 (0.008)  ,  ForwardTime: 0.077  ,  TotalTime: 0.433  ,  Loss/total: 4.64385  ,  Loss/ce: 4.61194  ,  IoU: 0.32853  ,  pro_loss: 0.15956
[train: Epoch 2, 200 / 1875] FPS: 72.8 (11.8)  ,  DataTime: 0.355 (0.008)  ,  ForwardTime: 0.076  ,  TotalTime: 0.439  ,  Loss/total: 4.64022  ,  Loss/ce: 4.60876  ,  IoU: 0.33586  ,  pro_loss: 0.15728
[train: Epoch 2, 250 / 1875] FPS: 74.9 (355.2)  ,  DataTime: 0.343 (0.008)  ,  ForwardTime: 0.077  ,  TotalTime: 0.427  ,  Loss/total: 4.63524  ,  Loss/ce: 4.60390  ,  IoU: 0.33855  ,  pro_loss: 0.15671
[train: Epoch 2, 300 / 1875] FPS: 76.1 (363.7)  ,  DataTime: 0.336 (0.008)  ,  ForwardTime: 0.077  ,  TotalTime: 0.420  ,  Loss/total: 4.63071  ,  Loss/ce: 4.59921  ,  IoU: 0.33774  ,  pro_loss: 0.15751
[train: Epoch 2, 350 / 1875] FPS: 76.2 (372.3)  ,  DataTime: 0.336 (0.008)  ,  ForwardTime: 0.077  ,  TotalTime: 0.420  ,  Loss/total: 4.62330  ,  Loss/ce: 4.59204  ,  IoU: 0.34080  ,  pro_loss: 0.15632
[train: Epoch 2, 400 / 1875] FPS: 76.9 (77.0)  ,  DataTime: 0.331 (0.008)  ,  ForwardTime: 0.077  ,  TotalTime: 0.416  ,  Loss/total: 4.61677  ,  Loss/ce: 4.58552  ,  IoU: 0.34102  ,  pro_loss: 0.15624
[train: Epoch 2, 450 / 1875] FPS: 76.8 (360.4)  ,  DataTime: 0.332 (0.008)  ,  ForwardTime: 0.076  ,  TotalTime: 0.417  ,  Loss/total: 4.61173  ,  Loss/ce: 4.58045  ,  IoU: 0.34444  ,  pro_loss: 0.15638
[train: Epoch 2, 500 / 1875] FPS: 76.1 (362.8)  ,  DataTime: 0.336 (0.008)  ,  ForwardTime: 0.076  ,  TotalTime: 0.420  ,  Loss/total: 4.60633  ,  Loss/ce: 4.57509  ,  IoU: 0.34871  ,  pro_loss: 0.15617
[train: Epoch 2, 550 / 1875] FPS: 76.9 (367.0)  ,  DataTime: 0.332 (0.008)  ,  ForwardTime: 0.076  ,  TotalTime: 0.416  ,  Loss/total: 4.60082  ,  Loss/ce: 4.56965  ,  IoU: 0.35212  ,  pro_loss: 0.15582
[train: Epoch 2, 600 / 1875] FPS: 77.3 (28.6)  ,  DataTime: 0.330 (0.008)  ,  ForwardTime: 0.076  ,  TotalTime: 0.414  ,  Loss/total: 4.59654  ,  Loss/ce: 4.56542  ,  IoU: 0.35594  ,  pro_loss: 0.15560
[train: Epoch 2, 650 / 1875] FPS: 77.7 (365.2)  ,  DataTime: 0.328 (0.008)  ,  ForwardTime: 0.076  ,  TotalTime: 0.412  ,  Loss/total: 4.59177  ,  Loss/ce: 4.56067  ,  IoU: 0.35755  ,  pro_loss: 0.15550
[train: Epoch 2, 700 / 1875] FPS: 77.7 (369.6)  ,  DataTime: 0.328 (0.008)  ,  ForwardTime: 0.076  ,  TotalTime: 0.412  ,  Loss/total: 4.58647  ,  Loss/ce: 4.55540  ,  IoU: 0.36111  ,  pro_loss: 0.15532
[train: Epoch 2, 750 / 1875] FPS: 78.4 (362.6)  ,  DataTime: 0.324 (0.008)  ,  ForwardTime: 0.076  ,  TotalTime: 0.408  ,  Loss/total: 4.58265  ,  Loss/ce: 4.55169  ,  IoU: 0.36367  ,  pro_loss: 0.15482
[train: Epoch 2, 800 / 1875] FPS: 78.7 (349.8)  ,  DataTime: 0.322 (0.008)  ,  ForwardTime: 0.076  ,  TotalTime: 0.407  ,  Loss/total: 4.57842  ,  Loss/ce: 4.54749  ,  IoU: 0.36666  ,  pro_loss: 0.15468
[train: Epoch 2, 850 / 1875] FPS: 78.8 (356.3)  ,  DataTime: 0.322 (0.008)  ,  ForwardTime: 0.077  ,  TotalTime: 0.406  ,  Loss/total: 4.57467  ,  Loss/ce: 4.54385  ,  IoU: 0.36780  ,  pro_loss: 0.15412
[train: Epoch 2, 900 / 1875] FPS: 79.1 (16.9)  ,  DataTime: 0.320 (0.008)  ,  ForwardTime: 0.076  ,  TotalTime: 0.405  ,  Loss/total: 4.57087  ,  Loss/ce: 4.54013  ,  IoU: 0.37059  ,  pro_loss: 0.15371
[train: Epoch 2, 950 / 1875] FPS: 79.5 (370.3)  ,  DataTime: 0.318 (0.008)  ,  ForwardTime: 0.076  ,  TotalTime: 0.403  ,  Loss/total: 4.56621  ,  Loss/ce: 4.53545  ,  IoU: 0.37247  ,  pro_loss: 0.15381
[train: Epoch 2, 1000 / 1875] FPS: 79.9 (361.1)  ,  DataTime: 0.316 (0.008)  ,  ForwardTime: 0.076  ,  TotalTime: 0.401  ,  Loss/total: 4.56221  ,  Loss/ce: 4.53140  ,  IoU: 0.37426  ,  pro_loss: 0.15405
[train: Epoch 2, 1050 / 1875] FPS: 79.8 (57.5)  ,  DataTime: 0.317 (0.008)  ,  ForwardTime: 0.076  ,  TotalTime: 0.401  ,  Loss/total: 4.55896  ,  Loss/ce: 4.52828  ,  IoU: 0.37614  ,  pro_loss: 0.15339
[train: Epoch 2, 1100 / 1875] FPS: 79.6 (353.2)  ,  DataTime: 0.318 (0.008)  ,  ForwardTime: 0.076  ,  TotalTime: 0.402  ,  Loss/total: 4.55584  ,  Loss/ce: 4.52524  ,  IoU: 0.37757  ,  pro_loss: 0.15300
[train: Epoch 2, 1150 / 1875] FPS: 79.0 (10.0)  ,  DataTime: 0.321 (0.008)  ,  ForwardTime: 0.076  ,  TotalTime: 0.405  ,  Loss/total: 4.55164  ,  Loss/ce: 4.52103  ,  IoU: 0.37939  ,  pro_loss: 0.15305
[train: Epoch 2, 1200 / 1875] FPS: 78.9 (358.6)  ,  DataTime: 0.321 (0.008)  ,  ForwardTime: 0.076  ,  TotalTime: 0.406  ,  Loss/total: 4.54751  ,  Loss/ce: 4.51695  ,  IoU: 0.38125  ,  pro_loss: 0.15280
[train: Epoch 2, 1250 / 1875] FPS: 78.4 (361.0)  ,  DataTime: 0.324 (0.008)  ,  ForwardTime: 0.076  ,  TotalTime: 0.408  ,  Loss/total: 4.54288  ,  Loss/ce: 4.51234  ,  IoU: 0.38382  ,  pro_loss: 0.15269
[train: Epoch 2, 1300 / 1875] FPS: 78.1 (361.2)  ,  DataTime: 0.325 (0.008)  ,  ForwardTime: 0.076  ,  TotalTime: 0.409  ,  Loss/total: 4.53927  ,  Loss/ce: 4.50875  ,  IoU: 0.38545  ,  pro_loss: 0.15260
[train: Epoch 2, 1350 / 1875] FPS: 77.9 (16.5)  ,  DataTime: 0.326 (0.008)  ,  ForwardTime: 0.076  ,  TotalTime: 0.411  ,  Loss/total: 4.53588  ,  Loss/ce: 4.50537  ,  IoU: 0.38726  ,  pro_loss: 0.15254
[train: Epoch 2, 1400 / 1875] FPS: 77.2 (342.8)  ,  DataTime: 0.330 (0.008)  ,  ForwardTime: 0.077  ,  TotalTime: 0.414  ,  Loss/total: 4.53218  ,  Loss/ce: 4.50167  ,  IoU: 0.38975  ,  pro_loss: 0.15256
[train: Epoch 2, 1450 / 1875] FPS: 77.2 (334.9)  ,  DataTime: 0.330 (0.008)  ,  ForwardTime: 0.077  ,  TotalTime: 0.415  ,  Loss/total: 4.52800  ,  Loss/ce: 4.49755  ,  IoU: 0.39181  ,  pro_loss: 0.15224
[train: Epoch 2, 1500 / 1875] FPS: 76.2 (337.6)  ,  DataTime: 0.335 (0.008)  ,  ForwardTime: 0.077  ,  TotalTime: 0.420  ,  Loss/total: 4.52451  ,  Loss/ce: 4.49407  ,  IoU: 0.39347  ,  pro_loss: 0.15220
[train: Epoch 2, 1550 / 1875] FPS: 76.1 (357.1)  ,  DataTime: 0.336 (0.008)  ,  ForwardTime: 0.077  ,  TotalTime: 0.421  ,  Loss/total: 4.52125  ,  Loss/ce: 4.49084  ,  IoU: 0.39508  ,  pro_loss: 0.15205
[train: Epoch 2, 1600 / 1875] FPS: 75.9 (343.3)  ,  DataTime: 0.337 (0.008)  ,  ForwardTime: 0.077  ,  TotalTime: 0.422  ,  Loss/total: 4.51774  ,  Loss/ce: 4.48734  ,  IoU: 0.39670  ,  pro_loss: 0.15197
[train: Epoch 2, 1650 / 1875] FPS: 75.7 (345.5)  ,  DataTime: 0.338 (0.008)  ,  ForwardTime: 0.077  ,  TotalTime: 0.423  ,  Loss/total: 4.51441  ,  Loss/ce: 4.48401  ,  IoU: 0.39847  ,  pro_loss: 0.15199
[train: Epoch 2, 1700 / 1875] FPS: 75.4 (339.3)  ,  DataTime: 0.340 (0.008)  ,  ForwardTime: 0.077  ,  TotalTime: 0.425  ,  Loss/total: 4.51212  ,  Loss/ce: 4.48177  ,  IoU: 0.39946  ,  pro_loss: 0.15177
[train: Epoch 2, 1750 / 1875] FPS: 75.1 (10.3)  ,  DataTime: 0.342 (0.008)  ,  ForwardTime: 0.077  ,  TotalTime: 0.426  ,  Loss/total: 4.50849  ,  Loss/ce: 4.47815  ,  IoU: 0.40034  ,  pro_loss: 0.15167
[train: Epoch 2, 1800 / 1875] FPS: 75.0 (355.1)  ,  DataTime: 0.342 (0.008)  ,  ForwardTime: 0.077  ,  TotalTime: 0.427  ,  Loss/total: 4.50475  ,  Loss/ce: 4.47447  ,  IoU: 0.40236  ,  pro_loss: 0.15144
[train: Epoch 2, 1850 / 1875] FPS: 74.7 (367.2)  ,  DataTime: 0.344 (0.008)  ,  ForwardTime: 0.077  ,  TotalTime: 0.428  ,  Loss/total: 4.50124  ,  Loss/ce: 4.47095  ,  IoU: 0.40413  ,  pro_loss: 0.15143
[train: Epoch 2, 1875 / 1875] FPS: 74.7 (358.1)  ,  DataTime: 0.344 (0.008)  ,  ForwardTime: 0.077  ,  TotalTime: 0.428  ,  Loss/total: 4.49964  ,  Loss/ce: 4.46938  ,  IoU: 0.40506  ,  pro_loss: 0.15131
[train: Epoch 3, 50 / 1875] FPS: 62.3 (35.2)  ,  DataTime: 0.429 (0.008)  ,  ForwardTime: 0.076  ,  TotalTime: 0.513  ,  Loss/total: 4.38156  ,  Loss/ce: 4.35248  ,  IoU: 0.46136  ,  pro_loss: 0.14544
[train: Epoch 3, 100 / 1875] FPS: 61.0 (364.6)  ,  DataTime: 0.441 (0.008)  ,  ForwardTime: 0.076  ,  TotalTime: 0.525  ,  Loss/total: 4.37361  ,  Loss/ce: 4.34315  ,  IoU: 0.46747  ,  pro_loss: 0.15231
[train: Epoch 3, 150 / 1875] FPS: 65.3 (364.1)  ,  DataTime: 0.406 (0.008)  ,  ForwardTime: 0.076  ,  TotalTime: 0.490  ,  Loss/total: 4.36728  ,  Loss/ce: 4.33707  ,  IoU: 0.46739  ,  pro_loss: 0.15107
[train: Epoch 3, 200 / 1875] FPS: 67.8 (352.6)  ,  DataTime: 0.388 (0.008)  ,  ForwardTime: 0.076  ,  TotalTime: 0.472  ,  Loss/total: 4.36557  ,  Loss/ce: 4.33562  ,  IoU: 0.46739  ,  pro_loss: 0.14976
[train: Epoch 3, 250 / 1875] FPS: 68.3 (355.3)  ,  DataTime: 0.384 (0.008)  ,  ForwardTime: 0.076  ,  TotalTime: 0.469  ,  Loss/total: 4.36408  ,  Loss/ce: 4.33430  ,  IoU: 0.46890  ,  pro_loss: 0.14890
[train: Epoch 3, 300 / 1875] FPS: 68.6 (359.8)  ,  DataTime: 0.382 (0.008)  ,  ForwardTime: 0.076  ,  TotalTime: 0.466  ,  Loss/total: 4.35973  ,  Loss/ce: 4.32992  ,  IoU: 0.47011  ,  pro_loss: 0.14905
[train: Epoch 3, 350 / 1875] FPS: 68.4 (13.0)  ,  DataTime: 0.384 (0.008)  ,  ForwardTime: 0.076  ,  TotalTime: 0.468  ,  Loss/total: 4.35687  ,  Loss/ce: 4.32685  ,  IoU: 0.47061  ,  pro_loss: 0.15011
[train: Epoch 3, 400 / 1875] FPS: 69.8 (71.8)  ,  DataTime: 0.374 (0.008)  ,  ForwardTime: 0.076  ,  TotalTime: 0.459  ,  Loss/total: 4.35309  ,  Loss/ce: 4.32310  ,  IoU: 0.47229  ,  pro_loss: 0.14994
[train: Epoch 3, 450 / 1875] FPS: 68.7 (358.7)  ,  DataTime: 0.381 (0.008)  ,  ForwardTime: 0.076  ,  TotalTime: 0.465  ,  Loss/total: 4.34909  ,  Loss/ce: 4.31928  ,  IoU: 0.47343  ,  pro_loss: 0.14903
[train: Epoch 3, 500 / 1875] FPS: 70.0 (368.0)  ,  DataTime: 0.373 (0.008)  ,  ForwardTime: 0.076  ,  TotalTime: 0.457  ,  Loss/total: 4.34516  ,  Loss/ce: 4.31525  ,  IoU: 0.47571  ,  pro_loss: 0.14954
[train: Epoch 3, 550 / 1875] FPS: 70.4 (362.1)  ,  DataTime: 0.370 (0.008)  ,  ForwardTime: 0.076  ,  TotalTime: 0.455  ,  Loss/total: 4.34212  ,  Loss/ce: 4.31233  ,  IoU: 0.47737  ,  pro_loss: 0.14896
[train: Epoch 3, 600 / 1875] FPS: 70.6 (359.8)  ,  DataTime: 0.369 (0.008)  ,  ForwardTime: 0.076  ,  TotalTime: 0.453  ,  Loss/total: 4.34051  ,  Loss/ce: 4.31073  ,  IoU: 0.47825  ,  pro_loss: 0.14893
[train: Epoch 3, 650 / 1875] FPS: 70.6 (27.8)  ,  DataTime: 0.369 (0.008)  ,  ForwardTime: 0.076  ,  TotalTime: 0.453  ,  Loss/total: 4.33870  ,  Loss/ce: 4.30917  ,  IoU: 0.48003  ,  pro_loss: 0.14763
[train: Epoch 3, 700 / 1875] FPS: 70.8 (60.9)  ,  DataTime: 0.368 (0.008)  ,  ForwardTime: 0.076  ,  TotalTime: 0.452  ,  Loss/total: 4.33639  ,  Loss/ce: 4.30689  ,  IoU: 0.48118  ,  pro_loss: 0.14754
[train: Epoch 3, 750 / 1875] FPS: 71.0 (358.6)  ,  DataTime: 0.366 (0.008)  ,  ForwardTime: 0.076  ,  TotalTime: 0.450  ,  Loss/total: 4.33502  ,  Loss/ce: 4.30558  ,  IoU: 0.48260  ,  pro_loss: 0.14720
[train: Epoch 3, 800 / 1875] FPS: 71.3 (359.9)  ,  DataTime: 0.365 (0.008)  ,  ForwardTime: 0.076  ,  TotalTime: 0.449  ,  Loss/total: 4.33247  ,  Loss/ce: 4.30311  ,  IoU: 0.48370  ,  pro_loss: 0.14679
[train: Epoch 3, 850 / 1875] FPS: 71.6 (356.7)  ,  DataTime: 0.363 (0.008)  ,  ForwardTime: 0.076  ,  TotalTime: 0.447  ,  Loss/total: 4.32956  ,  Loss/ce: 4.30022  ,  IoU: 0.48552  ,  pro_loss: 0.14674
[train: Epoch 3, 900 / 1875] FPS: 71.4 (13.3)  ,  DataTime: 0.364 (0.008)  ,  ForwardTime: 0.076  ,  TotalTime: 0.448  ,  Loss/total: 4.32729  ,  Loss/ce: 4.29804  ,  IoU: 0.48678  ,  pro_loss: 0.14627
[train: Epoch 3, 950 / 1875] FPS: 71.7 (363.4)  ,  DataTime: 0.362 (0.008)  ,  ForwardTime: 0.076  ,  TotalTime: 0.446  ,  Loss/total: 4.32504  ,  Loss/ce: 4.29582  ,  IoU: 0.48786  ,  pro_loss: 0.14610
[train: Epoch 3, 1000 / 1875] FPS: 72.4 (360.1)  ,  DataTime: 0.358 (0.008)  ,  ForwardTime: 0.076  ,  TotalTime: 0.442  ,  Loss/total: 4.32273  ,  Loss/ce: 4.29349  ,  IoU: 0.48877  ,  pro_loss: 0.14621
[train: Epoch 3, 1050 / 1875] FPS: 72.1 (363.9)  ,  DataTime: 0.360 (0.008)  ,  ForwardTime: 0.076  ,  TotalTime: 0.444  ,  Loss/total: 4.31995  ,  Loss/ce: 4.29073  ,  IoU: 0.49022  ,  pro_loss: 0.14610
[train: Epoch 3, 1100 / 1875] FPS: 72.5 (364.3)  ,  DataTime: 0.357 (0.008)  ,  ForwardTime: 0.076  ,  TotalTime: 0.442  ,  Loss/total: 4.31722  ,  Loss/ce: 4.28801  ,  IoU: 0.49225  ,  pro_loss: 0.14604
[train: Epoch 3, 1150 / 1875] FPS: 72.7 (346.4)  ,  DataTime: 0.356 (0.008)  ,  ForwardTime: 0.077  ,  TotalTime: 0.440  ,  Loss/total: 4.31474  ,  Loss/ce: 4.28555  ,  IoU: 0.49379  ,  pro_loss: 0.14598
[train: Epoch 3, 1200 / 1875] FPS: 72.9 (354.0)  ,  DataTime: 0.355 (0.008)  ,  ForwardTime: 0.077  ,  TotalTime: 0.439  ,  Loss/total: 4.31205  ,  Loss/ce: 4.28279  ,  IoU: 0.49517  ,  pro_loss: 0.14629
[train: Epoch 3, 1250 / 1875] FPS: 73.2 (18.3)  ,  DataTime: 0.353 (0.008)  ,  ForwardTime: 0.077  ,  TotalTime: 0.437  ,  Loss/total: 4.30992  ,  Loss/ce: 4.28060  ,  IoU: 0.49639  ,  pro_loss: 0.14660
[train: Epoch 3, 1300 / 1875] FPS: 73.3 (366.1)  ,  DataTime: 0.353 (0.008)  ,  ForwardTime: 0.077  ,  TotalTime: 0.437  ,  Loss/total: 4.30815  ,  Loss/ce: 4.27880  ,  IoU: 0.49726  ,  pro_loss: 0.14676
[train: Epoch 3, 1350 / 1875] FPS: 73.5 (345.4)  ,  DataTime: 0.351 (0.008)  ,  ForwardTime: 0.077  ,  TotalTime: 0.435  ,  Loss/total: 4.30598  ,  Loss/ce: 4.27662  ,  IoU: 0.49818  ,  pro_loss: 0.14680
[train: Epoch 3, 1400 / 1875] FPS: 73.6 (17.0)  ,  DataTime: 0.351 (0.008)  ,  ForwardTime: 0.077  ,  TotalTime: 0.435  ,  Loss/total: 4.30339  ,  Loss/ce: 4.27409  ,  IoU: 0.49920  ,  pro_loss: 0.14650
[train: Epoch 3, 1450 / 1875] FPS: 74.0 (14.1)  ,  DataTime: 0.348 (0.008)  ,  ForwardTime: 0.077  ,  TotalTime: 0.433  ,  Loss/total: 4.30077  ,  Loss/ce: 4.27151  ,  IoU: 0.50014  ,  pro_loss: 0.14630
[train: Epoch 3, 1500 / 1875] FPS: 74.2 (366.3)  ,  DataTime: 0.347 (0.008)  ,  ForwardTime: 0.077  ,  TotalTime: 0.431  ,  Loss/total: 4.29807  ,  Loss/ce: 4.26885  ,  IoU: 0.50074  ,  pro_loss: 0.14612
[train: Epoch 3, 1550 / 1875] FPS: 74.4 (23.5)  ,  DataTime: 0.346 (0.008)  ,  ForwardTime: 0.077  ,  TotalTime: 0.430  ,  Loss/total: 4.29569  ,  Loss/ce: 4.26647  ,  IoU: 0.50142  ,  pro_loss: 0.14612
[train: Epoch 3, 1600 / 1875] FPS: 74.7 (347.7)  ,  DataTime: 0.344 (0.008)  ,  ForwardTime: 0.077  ,  TotalTime: 0.428  ,  Loss/total: 4.29285  ,  Loss/ce: 4.26358  ,  IoU: 0.50279  ,  pro_loss: 0.14633
[train: Epoch 3, 1650 / 1875] FPS: 74.9 (347.9)  ,  DataTime: 0.343 (0.008)  ,  ForwardTime: 0.077  ,  TotalTime: 0.427  ,  Loss/total: 4.29041  ,  Loss/ce: 4.26112  ,  IoU: 0.50371  ,  pro_loss: 0.14643
[train: Epoch 3, 1700 / 1875] FPS: 75.0 (351.9)  ,  DataTime: 0.342 (0.008)  ,  ForwardTime: 0.077  ,  TotalTime: 0.426  ,  Loss/total: 4.28797  ,  Loss/ce: 4.25869  ,  IoU: 0.50460  ,  pro_loss: 0.14641
[train: Epoch 3, 1750 / 1875] FPS: 75.2 (355.9)  ,  DataTime: 0.341 (0.008)  ,  ForwardTime: 0.077  ,  TotalTime: 0.425  ,  Loss/total: 4.28569  ,  Loss/ce: 4.25640  ,  IoU: 0.50596  ,  pro_loss: 0.14645
[train: Epoch 3, 1800 / 1875] FPS: 75.5 (358.7)  ,  DataTime: 0.340 (0.008)  ,  ForwardTime: 0.077  ,  TotalTime: 0.424  ,  Loss/total: 4.28317  ,  Loss/ce: 4.25385  ,  IoU: 0.50716  ,  pro_loss: 0.14659
[train: Epoch 3, 1850 / 1875] FPS: 75.6 (357.3)  ,  DataTime: 0.339 (0.008)  ,  ForwardTime: 0.077  ,  TotalTime: 0.423  ,  Loss/total: 4.28101  ,  Loss/ce: 4.25166  ,  IoU: 0.50809  ,  pro_loss: 0.14679
[train: Epoch 3, 1875 / 1875] FPS: 76.0 (372.1)  ,  DataTime: 0.337 (0.008)  ,  ForwardTime: 0.077  ,  TotalTime: 0.421  ,  Loss/total: 4.27994  ,  Loss/ce: 4.25057  ,  IoU: 0.50853  ,  pro_loss: 0.14688
[train: Epoch 4, 50 / 1875] FPS: 74.5 (367.2)  ,  DataTime: 0.345 (0.008)  ,  ForwardTime: 0.076  ,  TotalTime: 0.429  ,  Loss/total: 4.19182  ,  Loss/ce: 4.16219  ,  IoU: 0.54187  ,  pro_loss: 0.14813
[train: Epoch 4, 100 / 1875] FPS: 77.4 (24.6)  ,  DataTime: 0.329 (0.008)  ,  ForwardTime: 0.077  ,  TotalTime: 0.413  ,  Loss/total: 4.19374  ,  Loss/ce: 4.16412  ,  IoU: 0.54407  ,  pro_loss: 0.14814
[train: Epoch 4, 150 / 1875] FPS: 81.7 (101.6)  ,  DataTime: 0.307 (0.008)  ,  ForwardTime: 0.077  ,  TotalTime: 0.392  ,  Loss/total: 4.19361  ,  Loss/ce: 4.16373  ,  IoU: 0.54589  ,  pro_loss: 0.14939
[train: Epoch 4, 200 / 1875] FPS: 81.4 (17.6)  ,  DataTime: 0.308 (0.008)  ,  ForwardTime: 0.077  ,  TotalTime: 0.393  ,  Loss/total: 4.18808  ,  Loss/ce: 4.15826  ,  IoU: 0.54721  ,  pro_loss: 0.14908
[train: Epoch 4, 250 / 1875] FPS: 83.0 (358.9)  ,  DataTime: 0.301 (0.008)  ,  ForwardTime: 0.077  ,  TotalTime: 0.386  ,  Loss/total: 4.18740  ,  Loss/ce: 4.15761  ,  IoU: 0.54768  ,  pro_loss: 0.14897
[train: Epoch 4, 300 / 1875] FPS: 82.7 (363.5)  ,  DataTime: 0.303 (0.008)  ,  ForwardTime: 0.077  ,  TotalTime: 0.387  ,  Loss/total: 4.18757  ,  Loss/ce: 4.15772  ,  IoU: 0.54798  ,  pro_loss: 0.14925
[train: Epoch 4, 350 / 1875] FPS: 83.1 (368.5)  ,  DataTime: 0.301 (0.008)  ,  ForwardTime: 0.077  ,  TotalTime: 0.385  ,  Loss/total: 4.18586  ,  Loss/ce: 4.15584  ,  IoU: 0.54861  ,  pro_loss: 0.15007
[train: Epoch 4, 400 / 1875] FPS: 82.6 (11.3)  ,  DataTime: 0.303 (0.008)  ,  ForwardTime: 0.077  ,  TotalTime: 0.387  ,  Loss/total: 4.18463  ,  Loss/ce: 4.15464  ,  IoU: 0.54987  ,  pro_loss: 0.14999
[train: Epoch 4, 450 / 1875] FPS: 83.4 (366.0)  ,  DataTime: 0.299 (0.008)  ,  ForwardTime: 0.077  ,  TotalTime: 0.384  ,  Loss/total: 4.18040  ,  Loss/ce: 4.15023  ,  IoU: 0.55086  ,  pro_loss: 0.15085
[train: Epoch 4, 500 / 1875] FPS: 84.3 (349.9)  ,  DataTime: 0.295 (0.008)  ,  ForwardTime: 0.077  ,  TotalTime: 0.380  ,  Loss/total: 4.17836  ,  Loss/ce: 4.14804  ,  IoU: 0.55241  ,  pro_loss: 0.15162
[train: Epoch 4, 550 / 1875] FPS: 84.2 (352.5)  ,  DataTime: 0.296 (0.008)  ,  ForwardTime: 0.077  ,  TotalTime: 0.380  ,  Loss/total: 4.17518  ,  Loss/ce: 4.14481  ,  IoU: 0.55436  ,  pro_loss: 0.15185
[train: Epoch 4, 600 / 1875] FPS: 84.6 (359.5)  ,  DataTime: 0.294 (0.008)  ,  ForwardTime: 0.077  ,  TotalTime: 0.378  ,  Loss/total: 4.17274  ,  Loss/ce: 4.14234  ,  IoU: 0.55536  ,  pro_loss: 0.15203
[train: Epoch 4, 650 / 1875] FPS: 85.4 (363.2)  ,  DataTime: 0.290 (0.008)  ,  ForwardTime: 0.077  ,  TotalTime: 0.375  ,  Loss/total: 4.17039  ,  Loss/ce: 4.14006  ,  IoU: 0.55687  ,  pro_loss: 0.15168
[train: Epoch 4, 700 / 1875] FPS: 85.6 (364.8)  ,  DataTime: 0.290 (0.008)  ,  ForwardTime: 0.077  ,  TotalTime: 0.374  ,  Loss/total: 4.16926  ,  Loss/ce: 4.13882  ,  IoU: 0.55726  ,  pro_loss: 0.15221
[train: Epoch 4, 750 / 1875] FPS: 85.4 (347.6)  ,  DataTime: 0.290 (0.008)  ,  ForwardTime: 0.077  ,  TotalTime: 0.375  ,  Loss/total: 4.16843  ,  Loss/ce: 4.13794  ,  IoU: 0.55717  ,  pro_loss: 0.15243
[train: Epoch 4, 800 / 1875] FPS: 85.8 (59.8)  ,  DataTime: 0.288 (0.008)  ,  ForwardTime: 0.077  ,  TotalTime: 0.373  ,  Loss/total: 4.16675  ,  Loss/ce: 4.13629  ,  IoU: 0.55771  ,  pro_loss: 0.15233
[train: Epoch 4, 850 / 1875] FPS: 85.8 (364.6)  ,  DataTime: 0.289 (0.008)  ,  ForwardTime: 0.077  ,  TotalTime: 0.373  ,  Loss/total: 4.16475  ,  Loss/ce: 4.13433  ,  IoU: 0.55887  ,  pro_loss: 0.15212
[train: Epoch 4, 900 / 1875] FPS: 85.6 (350.1)  ,  DataTime: 0.289 (0.008)  ,  ForwardTime: 0.077  ,  TotalTime: 0.374  ,  Loss/total: 4.16231  ,  Loss/ce: 4.13187  ,  IoU: 0.55943  ,  pro_loss: 0.15222
[train: Epoch 4, 950 / 1875] FPS: 85.8 (364.8)  ,  DataTime: 0.289 (0.008)  ,  ForwardTime: 0.077  ,  TotalTime: 0.373  ,  Loss/total: 4.15988  ,  Loss/ce: 4.12943  ,  IoU: 0.56008  ,  pro_loss: 0.15222
[train: Epoch 4, 1000 / 1875] FPS: 85.5 (337.9)  ,  DataTime: 0.290 (0.008)  ,  ForwardTime: 0.077  ,  TotalTime: 0.374  ,  Loss/total: 4.15947  ,  Loss/ce: 4.12902  ,  IoU: 0.56076  ,  pro_loss: 0.15223
[train: Epoch 4, 1050 / 1875] FPS: 84.9 (356.8)  ,  DataTime: 0.292 (0.008)  ,  ForwardTime: 0.077  ,  TotalTime: 0.377  ,  Loss/total: 4.15739  ,  Loss/ce: 4.12693  ,  IoU: 0.56181  ,  pro_loss: 0.15228
[train: Epoch 4, 1100 / 1875] FPS: 85.0 (363.6)  ,  DataTime: 0.292 (0.008)  ,  ForwardTime: 0.077  ,  TotalTime: 0.376  ,  Loss/total: 4.15586  ,  Loss/ce: 4.12535  ,  IoU: 0.56222  ,  pro_loss: 0.15252
[train: Epoch 4, 1150 / 1875] FPS: 84.5 (353.3)  ,  DataTime: 0.294 (0.008)  ,  ForwardTime: 0.077  ,  TotalTime: 0.379  ,  Loss/total: 4.15339  ,  Loss/ce: 4.12293  ,  IoU: 0.56270  ,  pro_loss: 0.15231
[train: Epoch 4, 1200 / 1875] FPS: 84.5 (358.3)  ,  DataTime: 0.294 (0.008)  ,  ForwardTime: 0.077  ,  TotalTime: 0.379  ,  Loss/total: 4.15201  ,  Loss/ce: 4.12156  ,  IoU: 0.56316  ,  pro_loss: 0.15224
[train: Epoch 4, 1250 / 1875] FPS: 84.5 (341.2)  ,  DataTime: 0.294 (0.008)  ,  ForwardTime: 0.077  ,  TotalTime: 0.379  ,  Loss/total: 4.15029  ,  Loss/ce: 4.11987  ,  IoU: 0.56380  ,  pro_loss: 0.15212
[train: Epoch 4, 1300 / 1875] FPS: 84.5 (359.4)  ,  DataTime: 0.294 (0.008)  ,  ForwardTime: 0.077  ,  TotalTime: 0.379  ,  Loss/total: 4.14928  ,  Loss/ce: 4.11880  ,  IoU: 0.56439  ,  pro_loss: 0.15242
[train: Epoch 4, 1350 / 1875] FPS: 84.7 (342.2)  ,  DataTime: 0.293 (0.008)  ,  ForwardTime: 0.077  ,  TotalTime: 0.378  ,  Loss/total: 4.14782  ,  Loss/ce: 4.11730  ,  IoU: 0.56513  ,  pro_loss: 0.15263
[train: Epoch 4, 1400 / 1875] FPS: 84.2 (351.3)  ,  DataTime: 0.295 (0.008)  ,  ForwardTime: 0.077  ,  TotalTime: 0.380  ,  Loss/total: 4.14619  ,  Loss/ce: 4.11568  ,  IoU: 0.56609  ,  pro_loss: 0.15254
[train: Epoch 4, 1450 / 1875] FPS: 83.9 (363.4)  ,  DataTime: 0.297 (0.008)  ,  ForwardTime: 0.077  ,  TotalTime: 0.382  ,  Loss/total: 4.14410  ,  Loss/ce: 4.11358  ,  IoU: 0.56636  ,  pro_loss: 0.15260
[train: Epoch 4, 1500 / 1875] FPS: 84.2 (353.0)  ,  DataTime: 0.295 (0.008)  ,  ForwardTime: 0.077  ,  TotalTime: 0.380  ,  Loss/total: 4.14139  ,  Loss/ce: 4.11083  ,  IoU: 0.56693  ,  pro_loss: 0.15278
[train: Epoch 4, 1550 / 1875] FPS: 84.4 (353.3)  ,  DataTime: 0.295 (0.008)  ,  ForwardTime: 0.077  ,  TotalTime: 0.379  ,  Loss/total: 4.13985  ,  Loss/ce: 4.10922  ,  IoU: 0.56750  ,  pro_loss: 0.15313
[train: Epoch 4, 1600 / 1875] FPS: 84.4 (30.2)  ,  DataTime: 0.295 (0.008)  ,  ForwardTime: 0.077  ,  TotalTime: 0.379  ,  Loss/total: 4.13850  ,  Loss/ce: 4.10789  ,  IoU: 0.56805  ,  pro_loss: 0.15307
[train: Epoch 4, 1650 / 1875] FPS: 84.3 (358.7)  ,  DataTime: 0.295 (0.008)  ,  ForwardTime: 0.077  ,  TotalTime: 0.379  ,  Loss/total: 4.13636  ,  Loss/ce: 4.10573  ,  IoU: 0.56889  ,  pro_loss: 0.15314
[train: Epoch 4, 1700 / 1875] FPS: 84.4 (358.3)  ,  DataTime: 0.294 (0.008)  ,  ForwardTime: 0.077  ,  TotalTime: 0.379  ,  Loss/total: 4.13497  ,  Loss/ce: 4.10433  ,  IoU: 0.56951  ,  pro_loss: 0.15323
[train: Epoch 4, 1750 / 1875] FPS: 84.4 (362.2)  ,  DataTime: 0.294 (0.008)  ,  ForwardTime: 0.077  ,  TotalTime: 0.379  ,  Loss/total: 4.13334  ,  Loss/ce: 4.10268  ,  IoU: 0.57015  ,  pro_loss: 0.15333
[train: Epoch 4, 1800 / 1875] FPS: 84.2 (13.6)  ,  DataTime: 0.296 (0.008)  ,  ForwardTime: 0.077  ,  TotalTime: 0.380  ,  Loss/total: 4.13136  ,  Loss/ce: 4.10072  ,  IoU: 0.57099  ,  pro_loss: 0.15318
[train: Epoch 4, 1850 / 1875] FPS: 84.1 (63.1)  ,  DataTime: 0.296 (0.008)  ,  ForwardTime: 0.077  ,  TotalTime: 0.380  ,  Loss/total: 4.12958  ,  Loss/ce: 4.09891  ,  IoU: 0.57198  ,  pro_loss: 0.15333
[train: Epoch 4, 1875 / 1875] FPS: 84.2 (39.1)  ,  DataTime: 0.295 (0.008)  ,  ForwardTime: 0.077  ,  TotalTime: 0.380  ,  Loss/total: 4.12832  ,  Loss/ce: 4.09762  ,  IoU: 0.57238  ,  pro_loss: 0.15348
[train: Epoch 5, 50 / 1875] FPS: 57.9 (17.9)  ,  DataTime: 0.468 (0.008)  ,  ForwardTime: 0.076  ,  TotalTime: 0.552  ,  Loss/total: 4.06000  ,  Loss/ce: 4.02671  ,  IoU: 0.61024  ,  pro_loss: 0.16646
[train: Epoch 5, 100 / 1875] FPS: 62.5 (357.5)  ,  DataTime: 0.428 (0.008)  ,  ForwardTime: 0.076  ,  TotalTime: 0.512  ,  Loss/total: 4.06780  ,  Loss/ce: 4.03536  ,  IoU: 0.60185  ,  pro_loss: 0.16219
[train: Epoch 5, 150 / 1875] FPS: 66.4 (355.4)  ,  DataTime: 0.398 (0.008)  ,  ForwardTime: 0.077  ,  TotalTime: 0.482  ,  Loss/total: 4.06539  ,  Loss/ce: 4.03321  ,  IoU: 0.60023  ,  pro_loss: 0.16091
[train: Epoch 5, 200 / 1875] FPS: 67.2 (85.9)  ,  DataTime: 0.392 (0.008)  ,  ForwardTime: 0.076  ,  TotalTime: 0.476  ,  Loss/total: 4.05952  ,  Loss/ce: 4.02772  ,  IoU: 0.60279  ,  pro_loss: 0.15902
[train: Epoch 5, 250 / 1875] FPS: 67.5 (346.7)  ,  DataTime: 0.390 (0.008)  ,  ForwardTime: 0.077  ,  TotalTime: 0.474  ,  Loss/total: 4.05810  ,  Loss/ce: 4.02645  ,  IoU: 0.60135  ,  pro_loss: 0.15826
[train: Epoch 5, 300 / 1875] FPS: 66.7 (17.9)  ,  DataTime: 0.395 (0.008)  ,  ForwardTime: 0.076  ,  TotalTime: 0.479  ,  Loss/total: 4.05595  ,  Loss/ce: 4.02426  ,  IoU: 0.60106  ,  pro_loss: 0.15848
[train: Epoch 5, 350 / 1875] FPS: 67.7 (348.6)  ,  DataTime: 0.388 (0.008)  ,  ForwardTime: 0.077  ,  TotalTime: 0.473  ,  Loss/total: 4.05371  ,  Loss/ce: 4.02183  ,  IoU: 0.60132  ,  pro_loss: 0.15941
[train: Epoch 5, 400 / 1875] FPS: 68.1 (357.8)  ,  DataTime: 0.385 (0.008)  ,  ForwardTime: 0.077  ,  TotalTime: 0.470  ,  Loss/total: 4.05636  ,  Loss/ce: 4.02443  ,  IoU: 0.60112  ,  pro_loss: 0.15964
[train: Epoch 5, 450 / 1875] FPS: 68.9 (361.5)  ,  DataTime: 0.380 (0.008)  ,  ForwardTime: 0.077  ,  TotalTime: 0.464  ,  Loss/total: 4.05740  ,  Loss/ce: 4.02553  ,  IoU: 0.60166  ,  pro_loss: 0.15934
[train: Epoch 5, 500 / 1875] FPS: 68.3 (359.8)  ,  DataTime: 0.384 (0.008)  ,  ForwardTime: 0.077  ,  TotalTime: 0.468  ,  Loss/total: 4.05707  ,  Loss/ce: 4.02541  ,  IoU: 0.60061  ,  pro_loss: 0.15828
[train: Epoch 5, 550 / 1875] FPS: 69.0 (360.7)  ,  DataTime: 0.379 (0.008)  ,  ForwardTime: 0.077  ,  TotalTime: 0.464  ,  Loss/total: 4.05584  ,  Loss/ce: 4.02413  ,  IoU: 0.60076  ,  pro_loss: 0.15853
[train: Epoch 5, 600 / 1875] FPS: 69.4 (363.6)  ,  DataTime: 0.376 (0.008)  ,  ForwardTime: 0.077  ,  TotalTime: 0.461  ,  Loss/total: 4.05331  ,  Loss/ce: 4.02156  ,  IoU: 0.60220  ,  pro_loss: 0.15874
[train: Epoch 5, 650 / 1875] FPS: 70.0 (355.9)  ,  DataTime: 0.373 (0.008)  ,  ForwardTime: 0.076  ,  TotalTime: 0.457  ,  Loss/total: 4.05254  ,  Loss/ce: 4.02073  ,  IoU: 0.60264  ,  pro_loss: 0.15906
[train: Epoch 5, 700 / 1875] FPS: 69.9 (357.8)  ,  DataTime: 0.374 (0.008)  ,  ForwardTime: 0.077  ,  TotalTime: 0.458  ,  Loss/total: 4.05090  ,  Loss/ce: 4.01908  ,  IoU: 0.60305  ,  pro_loss: 0.15908
[train: Epoch 5, 750 / 1875] FPS: 70.2 (360.6)  ,  DataTime: 0.371 (0.008)  ,  ForwardTime: 0.077  ,  TotalTime: 0.456  ,  Loss/total: 4.05191  ,  Loss/ce: 4.02006  ,  IoU: 0.60292  ,  pro_loss: 0.15926
[train: Epoch 5, 800 / 1875] FPS: 69.8 (12.9)  ,  DataTime: 0.374 (0.008)  ,  ForwardTime: 0.077  ,  TotalTime: 0.458  ,  Loss/total: 4.05208  ,  Loss/ce: 4.02019  ,  IoU: 0.60247  ,  pro_loss: 0.15942
[train: Epoch 5, 850 / 1875] FPS: 70.3 (362.8)  ,  DataTime: 0.371 (0.008)  ,  ForwardTime: 0.077  ,  TotalTime: 0.455  ,  Loss/total: 4.05104  ,  Loss/ce: 4.01924  ,  IoU: 0.60245  ,  pro_loss: 0.15899
[train: Epoch 5, 900 / 1875] FPS: 70.2 (14.1)  ,  DataTime: 0.371 (0.008)  ,  ForwardTime: 0.076  ,  TotalTime: 0.456  ,  Loss/total: 4.04979  ,  Loss/ce: 4.01798  ,  IoU: 0.60278  ,  pro_loss: 0.15906
[train: Epoch 5, 950 / 1875] FPS: 70.7 (364.3)  ,  DataTime: 0.368 (0.008)  ,  ForwardTime: 0.077  ,  TotalTime: 0.452  ,  Loss/total: 4.04839  ,  Loss/ce: 4.01662  ,  IoU: 0.60325  ,  pro_loss: 0.15888
[train: Epoch 5, 1000 / 1875] FPS: 71.0 (358.0)  ,  DataTime: 0.366 (0.008)  ,  ForwardTime: 0.077  ,  TotalTime: 0.451  ,  Loss/total: 4.04755  ,  Loss/ce: 4.01578  ,  IoU: 0.60345  ,  pro_loss: 0.15887
[train: Epoch 5, 1050 / 1875] FPS: 71.4 (358.6)  ,  DataTime: 0.363 (0.008)  ,  ForwardTime: 0.077  ,  TotalTime: 0.448  ,  Loss/total: 4.04611  ,  Loss/ce: 4.01434  ,  IoU: 0.60367  ,  pro_loss: 0.15884
[train: Epoch 5, 1100 / 1875] FPS: 71.2 (12.3)  ,  DataTime: 0.365 (0.008)  ,  ForwardTime: 0.077  ,  TotalTime: 0.450  ,  Loss/total: 4.04548  ,  Loss/ce: 4.01372  ,  IoU: 0.60402  ,  pro_loss: 0.15880
[train: Epoch 5, 1150 / 1875] FPS: 71.6 (364.7)  ,  DataTime: 0.363 (0.008)  ,  ForwardTime: 0.077  ,  TotalTime: 0.447  ,  Loss/total: 4.04390  ,  Loss/ce: 4.01215  ,  IoU: 0.60454  ,  pro_loss: 0.15875
[train: Epoch 5, 1200 / 1875] FPS: 71.7 (20.1)  ,  DataTime: 0.362 (0.008)  ,  ForwardTime: 0.077  ,  TotalTime: 0.446  ,  Loss/total: 4.04269  ,  Loss/ce: 4.01093  ,  IoU: 0.60471  ,  pro_loss: 0.15878
[train: Epoch 5, 1250 / 1875] FPS: 72.0 (340.5)  ,  DataTime: 0.360 (0.008)  ,  ForwardTime: 0.077  ,  TotalTime: 0.444  ,  Loss/total: 4.04176  ,  Loss/ce: 4.00997  ,  IoU: 0.60495  ,  pro_loss: 0.15896
[train: Epoch 5, 1300 / 1875] FPS: 71.9 (17.9)  ,  DataTime: 0.361 (0.008)  ,  ForwardTime: 0.077  ,  TotalTime: 0.445  ,  Loss/total: 4.04029  ,  Loss/ce: 4.00845  ,  IoU: 0.60520  ,  pro_loss: 0.15921
[train: Epoch 5, 1350 / 1875] FPS: 72.3 (359.7)  ,  DataTime: 0.358 (0.008)  ,  ForwardTime: 0.077  ,  TotalTime: 0.443  ,  Loss/total: 4.03918  ,  Loss/ce: 4.00734  ,  IoU: 0.60594  ,  pro_loss: 0.15919
[train: Epoch 5, 1400 / 1875] FPS: 72.1 (359.6)  ,  DataTime: 0.359 (0.008)  ,  ForwardTime: 0.077  ,  TotalTime: 0.444  ,  Loss/total: 4.03851  ,  Loss/ce: 4.00668  ,  IoU: 0.60601  ,  pro_loss: 0.15917
[train: Epoch 5, 1450 / 1875] FPS: 71.9 (358.5)  ,  DataTime: 0.360 (0.008)  ,  ForwardTime: 0.077  ,  TotalTime: 0.445  ,  Loss/total: 4.03780  ,  Loss/ce: 4.00599  ,  IoU: 0.60642  ,  pro_loss: 0.15907
[train: Epoch 5, 1500 / 1875] FPS: 72.2 (360.6)  ,  DataTime: 0.359 (0.008)  ,  ForwardTime: 0.077  ,  TotalTime: 0.443  ,  Loss/total: 4.03710  ,  Loss/ce: 4.00534  ,  IoU: 0.60683  ,  pro_loss: 0.15879
[train: Epoch 5, 1550 / 1875] FPS: 72.3 (361.0)  ,  DataTime: 0.358 (0.008)  ,  ForwardTime: 0.077  ,  TotalTime: 0.443  ,  Loss/total: 4.03591  ,  Loss/ce: 4.00414  ,  IoU: 0.60702  ,  pro_loss: 0.15881
[train: Epoch 5, 1600 / 1875] FPS: 72.2 (15.1)  ,  DataTime: 0.359 (0.008)  ,  ForwardTime: 0.076  ,  TotalTime: 0.443  ,  Loss/total: 4.03516  ,  Loss/ce: 4.00339  ,  IoU: 0.60725  ,  pro_loss: 0.15889
[train: Epoch 5, 1650 / 1875] FPS: 72.3 (10.3)  ,  DataTime: 0.358 (0.008)  ,  ForwardTime: 0.076  ,  TotalTime: 0.443  ,  Loss/total: 4.03387  ,  Loss/ce: 4.00208  ,  IoU: 0.60780  ,  pro_loss: 0.15895
[train: Epoch 5, 1700 / 1875] FPS: 72.4 (47.7)  ,  DataTime: 0.357 (0.008)  ,  ForwardTime: 0.076  ,  TotalTime: 0.442  ,  Loss/total: 4.03267  ,  Loss/ce: 4.00085  ,  IoU: 0.60835  ,  pro_loss: 0.15914
[train: Epoch 5, 1750 / 1875] FPS: 72.4 (366.8)  ,  DataTime: 0.358 (0.008)  ,  ForwardTime: 0.076  ,  TotalTime: 0.442  ,  Loss/total: 4.03132  ,  Loss/ce: 3.99948  ,  IoU: 0.60850  ,  pro_loss: 0.15919
[train: Epoch 5, 1800 / 1875] FPS: 72.6 (358.3)  ,  DataTime: 0.357 (0.008)  ,  ForwardTime: 0.076  ,  TotalTime: 0.441  ,  Loss/total: 4.03032  ,  Loss/ce: 3.99844  ,  IoU: 0.60878  ,  pro_loss: 0.15939
[train: Epoch 5, 1850 / 1875] FPS: 72.5 (360.3)  ,  DataTime: 0.357 (0.008)  ,  ForwardTime: 0.076  ,  TotalTime: 0.441  ,  Loss/total: 4.02949  ,  Loss/ce: 3.99761  ,  IoU: 0.60931  ,  pro_loss: 0.15942
[train: Epoch 5, 1875 / 1875] FPS: 72.7 (366.5)  ,  DataTime: 0.356 (0.008)  ,  ForwardTime: 0.076  ,  TotalTime: 0.440  ,  Loss/total: 4.02871  ,  Loss/ce: 3.99680  ,  IoU: 0.60957  ,  pro_loss: 0.15956
[val: Epoch 5, 50 / 312] FPS: 57.0 (609.2)  ,  DataTime: 0.499 (0.009)  ,  ForwardTime: 0.054  ,  TotalTime: 0.562  ,  Loss/total: nan  ,  Loss/giou: 0.39675  ,  Loss/l1: 0.03343  ,  Loss/location: nan  ,  pro_loss: 0.07000  ,  IoU: 0.63394
[val: Epoch 5, 100 / 312] FPS: 66.5 (542.0)  ,  DataTime: 0.425 (0.009)  ,  ForwardTime: 0.048  ,  TotalTime: 0.481  ,  Loss/total: nan  ,  Loss/giou: 0.39915  ,  Loss/l1: 0.03384  ,  Loss/location: nan  ,  pro_loss: 0.06563  ,  IoU: 0.63213
[val: Epoch 5, 150 / 312] FPS: 67.7 (562.0)  ,  DataTime: 0.418 (0.009)  ,  ForwardTime: 0.046  ,  TotalTime: 0.473  ,  Loss/total: nan  ,  Loss/giou: 0.40160  ,  Loss/l1: 0.03401  ,  Loss/location: nan  ,  pro_loss: 0.06472  ,  IoU: 0.62967
[val: Epoch 5, 200 / 312] FPS: 70.8 (539.2)  ,  DataTime: 0.398 (0.009)  ,  ForwardTime: 0.045  ,  TotalTime: 0.452  ,  Loss/total: nan  ,  Loss/giou: 0.39913  ,  Loss/l1: 0.03354  ,  Loss/location: nan  ,  pro_loss: 0.06693  ,  IoU: 0.63144
[val: Epoch 5, 250 / 312] FPS: 70.6 (562.5)  ,  DataTime: 0.400 (0.009)  ,  ForwardTime: 0.044  ,  TotalTime: 0.453  ,  Loss/total: nan  ,  Loss/giou: 0.40008  ,  Loss/l1: 0.03357  ,  Loss/location: nan  ,  pro_loss: 0.06738  ,  IoU: 0.63080
[val: Epoch 5, 300 / 312] FPS: 72.8 (550.7)  ,  DataTime: 0.387 (0.009)  ,  ForwardTime: 0.043  ,  TotalTime: 0.440  ,  Loss/total: nan  ,  Loss/giou: 0.39959  ,  Loss/l1: 0.03368  ,  Loss/location: nan  ,  pro_loss: 0.06906  ,  IoU: 0.63132
[val: Epoch 5, 312 / 312] FPS: 74.1 (584.9)  ,  DataTime: 0.379 (0.009)  ,  ForwardTime: 0.043  ,  TotalTime: 0.432  ,  Loss/total: nan  ,  Loss/giou: 0.39944  ,  Loss/l1: 0.03366  ,  Loss/location: nan  ,  pro_loss: 0.06891  ,  IoU: 0.63134
[train: Epoch 6, 50 / 1875] FPS: 68.7 (355.9)  ,  DataTime: 0.381 (0.008)  ,  ForwardTime: 0.077  ,  TotalTime: 0.466  ,  Loss/total: 4.01598  ,  Loss/ce: 3.98427  ,  IoU: 0.62492  ,  pro_loss: 0.15855
[train: Epoch 6, 100 / 1875] FPS: 67.5 (10.3)  ,  DataTime: 0.390 (0.008)  ,  ForwardTime: 0.077  ,  TotalTime: 0.474  ,  Loss/total: 4.01134  ,  Loss/ce: 3.97911  ,  IoU: 0.62385  ,  pro_loss: 0.16115
[train: Epoch 6, 150 / 1875] FPS: 70.5 (352.8)  ,  DataTime: 0.369 (0.008)  ,  ForwardTime: 0.077  ,  TotalTime: 0.454  ,  Loss/total: 4.00010  ,  Loss/ce: 3.96822  ,  IoU: 0.62466  ,  pro_loss: 0.15938
[train: Epoch 6, 200 / 1875] FPS: 70.3 (355.2)  ,  DataTime: 0.370 (0.008)  ,  ForwardTime: 0.077  ,  TotalTime: 0.455  ,  Loss/total: 3.99786  ,  Loss/ce: 3.96554  ,  IoU: 0.62323  ,  pro_loss: 0.16157
[train: Epoch 6, 250 / 1875] FPS: 69.8 (356.6)  ,  DataTime: 0.374 (0.008)  ,  ForwardTime: 0.077  ,  TotalTime: 0.459  ,  Loss/total: 3.99579  ,  Loss/ce: 3.96359  ,  IoU: 0.62430  ,  pro_loss: 0.16100
[train: Epoch 6, 300 / 1875] FPS: 70.1 (349.7)  ,  DataTime: 0.372 (0.008)  ,  ForwardTime: 0.077  ,  TotalTime: 0.457  ,  Loss/total: 3.99431  ,  Loss/ce: 3.96207  ,  IoU: 0.62357  ,  pro_loss: 0.16119
[train: Epoch 6, 350 / 1875] FPS: 70.0 (358.3)  ,  DataTime: 0.373 (0.008)  ,  ForwardTime: 0.077  ,  TotalTime: 0.457  ,  Loss/total: 3.99310  ,  Loss/ce: 3.96089  ,  IoU: 0.62377  ,  pro_loss: 0.16105
[train: Epoch 6, 400 / 1875] FPS: 70.3 (357.9)  ,  DataTime: 0.371 (0.008)  ,  ForwardTime: 0.077  ,  TotalTime: 0.455  ,  Loss/total: 3.99066  ,  Loss/ce: 3.95826  ,  IoU: 0.62487  ,  pro_loss: 0.16201
[train: Epoch 6, 450 / 1875] FPS: 69.7 (356.9)  ,  DataTime: 0.374 (0.008)  ,  ForwardTime: 0.077  ,  TotalTime: 0.459  ,  Loss/total: 3.98943  ,  Loss/ce: 3.95714  ,  IoU: 0.62636  ,  pro_loss: 0.16146
[train: Epoch 6, 500 / 1875] FPS: 70.5 (339.6)  ,  DataTime: 0.369 (0.008)  ,  ForwardTime: 0.077  ,  TotalTime: 0.454  ,  Loss/total: 3.98620  ,  Loss/ce: 3.95374  ,  IoU: 0.62701  ,  pro_loss: 0.16226
[train: Epoch 6, 550 / 1875] FPS: 71.0 (352.9)  ,  DataTime: 0.366 (0.008)  ,  ForwardTime: 0.077  ,  TotalTime: 0.451  ,  Loss/total: 3.98541  ,  Loss/ce: 3.95297  ,  IoU: 0.62583  ,  pro_loss: 0.16220
[train: Epoch 6, 600 / 1875] FPS: 70.9 (40.5)  ,  DataTime: 0.366 (0.008)  ,  ForwardTime: 0.077  ,  TotalTime: 0.451  ,  Loss/total: 3.98416  ,  Loss/ce: 3.95168  ,  IoU: 0.62585  ,  pro_loss: 0.16240
[train: Epoch 6, 650 / 1875] FPS: 70.8 (12.1)  ,  DataTime: 0.367 (0.008)  ,  ForwardTime: 0.077  ,  TotalTime: 0.452  ,  Loss/total: 3.98449  ,  Loss/ce: 3.95191  ,  IoU: 0.62649  ,  pro_loss: 0.16287
[train: Epoch 6, 700 / 1875] FPS: 71.3 (352.8)  ,  DataTime: 0.364 (0.008)  ,  ForwardTime: 0.077  ,  TotalTime: 0.449  ,  Loss/total: 3.98256  ,  Loss/ce: 3.94995  ,  IoU: 0.62655  ,  pro_loss: 0.16303
[train: Epoch 6, 750 / 1875] FPS: 71.4 (362.0)  ,  DataTime: 0.364 (0.008)  ,  ForwardTime: 0.077  ,  TotalTime: 0.448  ,  Loss/total: 3.98236  ,  Loss/ce: 3.94977  ,  IoU: 0.62680  ,  pro_loss: 0.16294
[train: Epoch 6, 800 / 1875] FPS: 71.8 (360.8)  ,  DataTime: 0.361 (0.008)  ,  ForwardTime: 0.077  ,  TotalTime: 0.446  ,  Loss/total: 3.98005  ,  Loss/ce: 3.94736  ,  IoU: 0.62720  ,  pro_loss: 0.16343
[train: Epoch 6, 850 / 1875] FPS: 71.6 (9.2)  ,  DataTime: 0.362 (0.008)  ,  ForwardTime: 0.077  ,  TotalTime: 0.447  ,  Loss/total: 3.97965  ,  Loss/ce: 3.94699  ,  IoU: 0.62760  ,  pro_loss: 0.16328
[train: Epoch 6, 900 / 1875] FPS: 72.1 (358.6)  ,  DataTime: 0.359 (0.008)  ,  ForwardTime: 0.077  ,  TotalTime: 0.444  ,  Loss/total: 3.97822  ,  Loss/ce: 3.94563  ,  IoU: 0.62839  ,  pro_loss: 0.16295
[train: Epoch 6, 950 / 1875] FPS: 72.2 (360.9)  ,  DataTime: 0.359 (0.008)  ,  ForwardTime: 0.077  ,  TotalTime: 0.443  ,  Loss/total: 3.97794  ,  Loss/ce: 3.94529  ,  IoU: 0.62851  ,  pro_loss: 0.16327
[train: Epoch 6, 1000 / 1875] FPS: 72.4 (358.1)  ,  DataTime: 0.357 (0.008)  ,  ForwardTime: 0.077  ,  TotalTime: 0.442  ,  Loss/total: 3.97819  ,  Loss/ce: 3.94552  ,  IoU: 0.62897  ,  pro_loss: 0.16335
[train: Epoch 6, 1050 / 1875] FPS: 72.8 (49.6)  ,  DataTime: 0.355 (0.008)  ,  ForwardTime: 0.077  ,  TotalTime: 0.440  ,  Loss/total: 3.97706  ,  Loss/ce: 3.94433  ,  IoU: 0.62949  ,  pro_loss: 0.16369
[train: Epoch 6, 1100 / 1875] FPS: 72.8 (348.2)  ,  DataTime: 0.355 (0.008)  ,  ForwardTime: 0.077  ,  TotalTime: 0.440  ,  Loss/total: 3.97603  ,  Loss/ce: 3.94330  ,  IoU: 0.63007  ,  pro_loss: 0.16362
[train: Epoch 6, 1150 / 1875] FPS: 73.1 (357.9)  ,  DataTime: 0.353 (0.008)  ,  ForwardTime: 0.077  ,  TotalTime: 0.438  ,  Loss/total: 3.97559  ,  Loss/ce: 3.94289  ,  IoU: 0.63006  ,  pro_loss: 0.16349
[train: Epoch 6, 1200 / 1875] FPS: 73.1 (47.5)  ,  DataTime: 0.353 (0.008)  ,  ForwardTime: 0.077  ,  TotalTime: 0.438  ,  Loss/total: 3.97425  ,  Loss/ce: 3.94148  ,  IoU: 0.63058  ,  pro_loss: 0.16388
[train: Epoch 6, 1250 / 1875] FPS: 73.4 (348.9)  ,  DataTime: 0.351 (0.008)  ,  ForwardTime: 0.077  ,  TotalTime: 0.436  ,  Loss/total: 3.97354  ,  Loss/ce: 3.94076  ,  IoU: 0.63055  ,  pro_loss: 0.16389
[train: Epoch 6, 1300 / 1875] FPS: 73.4 (17.8)  ,  DataTime: 0.351 (0.008)  ,  ForwardTime: 0.077  ,  TotalTime: 0.436  ,  Loss/total: 3.97323  ,  Loss/ce: 3.94044  ,  IoU: 0.63066  ,  pro_loss: 0.16392
[train: Epoch 6, 1350 / 1875] FPS: 73.5 (14.7)  ,  DataTime: 0.351 (0.008)  ,  ForwardTime: 0.077  ,  TotalTime: 0.435  ,  Loss/total: 3.97381  ,  Loss/ce: 3.94101  ,  IoU: 0.63053  ,  pro_loss: 0.16400
[train: Epoch 6, 1400 / 1875] FPS: 73.4 (359.9)  ,  DataTime: 0.351 (0.008)  ,  ForwardTime: 0.077  ,  TotalTime: 0.436  ,  Loss/total: 3.97221  ,  Loss/ce: 3.93938  ,  IoU: 0.63093  ,  pro_loss: 0.16416
[train: Epoch 6, 1450 / 1875] FPS: 73.8 (359.3)  ,  DataTime: 0.349 (0.008)  ,  ForwardTime: 0.077  ,  TotalTime: 0.434  ,  Loss/total: 3.97116  ,  Loss/ce: 3.93829  ,  IoU: 0.63113  ,  pro_loss: 0.16436
[train: Epoch 6, 1500 / 1875] FPS: 74.0 (357.5)  ,  DataTime: 0.348 (0.008)  ,  ForwardTime: 0.077  ,  TotalTime: 0.432  ,  Loss/total: 3.97040  ,  Loss/ce: 3.93747  ,  IoU: 0.63141  ,  pro_loss: 0.16462
[train: Epoch 6, 1550 / 1875] FPS: 74.1 (362.0)  ,  DataTime: 0.347 (0.008)  ,  ForwardTime: 0.077  ,  TotalTime: 0.432  ,  Loss/total: 3.97010  ,  Loss/ce: 3.93716  ,  IoU: 0.63157  ,  pro_loss: 0.16469
[train: Epoch 6, 1600 / 1875] FPS: 74.3 (357.5)  ,  DataTime: 0.346 (0.008)  ,  ForwardTime: 0.077  ,  TotalTime: 0.430  ,  Loss/total: 3.96944  ,  Loss/ce: 3.93653  ,  IoU: 0.63185  ,  pro_loss: 0.16456
[train: Epoch 6, 1650 / 1875] FPS: 74.3 (358.9)  ,  DataTime: 0.346 (0.008)  ,  ForwardTime: 0.077  ,  TotalTime: 0.431  ,  Loss/total: 3.96875  ,  Loss/ce: 3.93579  ,  IoU: 0.63224  ,  pro_loss: 0.16482
[train: Epoch 6, 1700 / 1875] FPS: 74.6 (357.5)  ,  DataTime: 0.344 (0.008)  ,  ForwardTime: 0.077  ,  TotalTime: 0.429  ,  Loss/total: 3.96858  ,  Loss/ce: 3.93558  ,  IoU: 0.63266  ,  pro_loss: 0.16497
[train: Epoch 6, 1750 / 1875] FPS: 74.7 (367.0)  ,  DataTime: 0.344 (0.008)  ,  ForwardTime: 0.077  ,  TotalTime: 0.429  ,  Loss/total: 3.96848  ,  Loss/ce: 3.93549  ,  IoU: 0.63266  ,  pro_loss: 0.16497
[train: Epoch 6, 1800 / 1875] FPS: 74.9 (357.7)  ,  DataTime: 0.343 (0.008)  ,  ForwardTime: 0.077  ,  TotalTime: 0.427  ,  Loss/total: 3.96786  ,  Loss/ce: 3.93483  ,  IoU: 0.63301  ,  pro_loss: 0.16513
[train: Epoch 6, 1850 / 1875] FPS: 74.9 (360.2)  ,  DataTime: 0.343 (0.008)  ,  ForwardTime: 0.077  ,  TotalTime: 0.427  ,  Loss/total: 3.96685  ,  Loss/ce: 3.93378  ,  IoU: 0.63328  ,  pro_loss: 0.16535
[train: Epoch 6, 1875 / 1875] FPS: 75.2 (372.8)  ,  DataTime: 0.341 (0.008)  ,  ForwardTime: 0.077  ,  TotalTime: 0.425  ,  Loss/total: 3.96660  ,  Loss/ce: 3.93352  ,  IoU: 0.63342  ,  pro_loss: 0.16541
[train: Epoch 7, 50 / 1875] FPS: 70.2 (356.9)  ,  DataTime: 0.372 (0.008)  ,  ForwardTime: 0.076  ,  TotalTime: 0.456  ,  Loss/total: 3.94487  ,  Loss/ce: 3.90937  ,  IoU: 0.64607  ,  pro_loss: 0.17750
[train: Epoch 7, 100 / 1875] FPS: 73.6 (12.2)  ,  DataTime: 0.351 (0.008)  ,  ForwardTime: 0.076  ,  TotalTime: 0.435  ,  Loss/total: 3.93914  ,  Loss/ce: 3.90422  ,  IoU: 0.64634  ,  pro_loss: 0.17458
[train: Epoch 7, 150 / 1875] FPS: 77.6 (357.4)  ,  DataTime: 0.328 (0.008)  ,  ForwardTime: 0.076  ,  TotalTime: 0.412  ,  Loss/total: 3.93922  ,  Loss/ce: 3.90460  ,  IoU: 0.64650  ,  pro_loss: 0.17313
[train: Epoch 7, 200 / 1875] FPS: 78.1 (353.1)  ,  DataTime: 0.325 (0.008)  ,  ForwardTime: 0.076  ,  TotalTime: 0.410  ,  Loss/total: 3.93980  ,  Loss/ce: 3.90516  ,  IoU: 0.64483  ,  pro_loss: 0.17323
[train: Epoch 7, 250 / 1875] FPS: 81.5 (361.1)  ,  DataTime: 0.309 (0.008)  ,  ForwardTime: 0.076  ,  TotalTime: 0.393  ,  Loss/total: 3.93710  ,  Loss/ce: 3.90277  ,  IoU: 0.64379  ,  pro_loss: 0.17163
[train: Epoch 7, 300 / 1875] FPS: 81.1 (367.8)  ,  DataTime: 0.310 (0.008)  ,  ForwardTime: 0.076  ,  TotalTime: 0.395  ,  Loss/total: 3.93677  ,  Loss/ce: 3.90249  ,  IoU: 0.64378  ,  pro_loss: 0.17139
[train: Epoch 7, 350 / 1875] FPS: 80.9 (364.3)  ,  DataTime: 0.311 (0.008)  ,  ForwardTime: 0.076  ,  TotalTime: 0.396  ,  Loss/total: 3.93579  ,  Loss/ce: 3.90158  ,  IoU: 0.64465  ,  pro_loss: 0.17102
[train: Epoch 7, 400 / 1875] FPS: 81.9 (361.8)  ,  DataTime: 0.307 (0.008)  ,  ForwardTime: 0.076  ,  TotalTime: 0.391  ,  Loss/total: 3.93541  ,  Loss/ce: 3.90120  ,  IoU: 0.64554  ,  pro_loss: 0.17110
[train: Epoch 7, 450 / 1875] FPS: 82.3 (43.6)  ,  DataTime: 0.305 (0.008)  ,  ForwardTime: 0.076  ,  TotalTime: 0.389  ,  Loss/total: 3.93633  ,  Loss/ce: 3.90214  ,  IoU: 0.64486  ,  pro_loss: 0.17095
[train: Epoch 7, 500 / 1875] FPS: 82.1 (64.3)  ,  DataTime: 0.305 (0.008)  ,  ForwardTime: 0.076  ,  TotalTime: 0.390  ,  Loss/total: 3.93511  ,  Loss/ce: 3.90101  ,  IoU: 0.64517  ,  pro_loss: 0.17050
[train: Epoch 7, 550 / 1875] FPS: 82.8 (362.8)  ,  DataTime: 0.302 (0.008)  ,  ForwardTime: 0.077  ,  TotalTime: 0.387  ,  Loss/total: 3.93443  ,  Loss/ce: 3.90026  ,  IoU: 0.64570  ,  pro_loss: 0.17082
[train: Epoch 7, 600 / 1875] FPS: 82.2 (13.2)  ,  DataTime: 0.305 (0.008)  ,  ForwardTime: 0.077  ,  TotalTime: 0.389  ,  Loss/total: 3.93188  ,  Loss/ce: 3.89776  ,  IoU: 0.64529  ,  pro_loss: 0.17059
[train: Epoch 7, 650 / 1875] FPS: 82.6 (358.0)  ,  DataTime: 0.303 (0.008)  ,  ForwardTime: 0.077  ,  TotalTime: 0.387  ,  Loss/total: 3.93089  ,  Loss/ce: 3.89671  ,  IoU: 0.64572  ,  pro_loss: 0.17092
[train: Epoch 7, 700 / 1875] FPS: 83.3 (359.5)  ,  DataTime: 0.300 (0.008)  ,  ForwardTime: 0.077  ,  TotalTime: 0.384  ,  Loss/total: 3.92805  ,  Loss/ce: 3.89390  ,  IoU: 0.64664  ,  pro_loss: 0.17073
[train: Epoch 7, 750 / 1875] FPS: 83.8 (361.2)  ,  DataTime: 0.298 (0.008)  ,  ForwardTime: 0.077  ,  TotalTime: 0.382  ,  Loss/total: 3.92863  ,  Loss/ce: 3.89452  ,  IoU: 0.64650  ,  pro_loss: 0.17054
[train: Epoch 7, 800 / 1875] FPS: 84.5 (363.5)  ,  DataTime: 0.294 (0.008)  ,  ForwardTime: 0.077  ,  TotalTime: 0.379  ,  Loss/total: 3.92845  ,  Loss/ce: 3.89431  ,  IoU: 0.64639  ,  pro_loss: 0.17069
[train: Epoch 7, 850 / 1875] FPS: 84.4 (363.0)  ,  DataTime: 0.295 (0.008)  ,  ForwardTime: 0.077  ,  TotalTime: 0.379  ,  Loss/total: 3.92695  ,  Loss/ce: 3.89284  ,  IoU: 0.64709  ,  pro_loss: 0.17052
[train: Epoch 7, 900 / 1875] FPS: 84.5 (367.2)  ,  DataTime: 0.294 (0.008)  ,  ForwardTime: 0.077  ,  TotalTime: 0.379  ,  Loss/total: 3.92523  ,  Loss/ce: 3.89123  ,  IoU: 0.64763  ,  pro_loss: 0.16999
[train: Epoch 7, 950 / 1875] FPS: 84.5 (15.4)  ,  DataTime: 0.294 (0.008)  ,  ForwardTime: 0.077  ,  TotalTime: 0.379  ,  Loss/total: 3.92503  ,  Loss/ce: 3.89100  ,  IoU: 0.64791  ,  pro_loss: 0.17016
[train: Epoch 7, 1000 / 1875] FPS: 84.8 (351.8)  ,  DataTime: 0.293 (0.008)  ,  ForwardTime: 0.077  ,  TotalTime: 0.377  ,  Loss/total: 3.92373  ,  Loss/ce: 3.88972  ,  IoU: 0.64818  ,  pro_loss: 0.17001
[train: Epoch 7, 1050 / 1875] FPS: 85.0 (21.9)  ,  DataTime: 0.292 (0.008)  ,  ForwardTime: 0.077  ,  TotalTime: 0.377  ,  Loss/total: 3.92254  ,  Loss/ce: 3.88862  ,  IoU: 0.64849  ,  pro_loss: 0.16957
[train: Epoch 7, 1100 / 1875] FPS: 85.6 (361.0)  ,  DataTime: 0.289 (0.008)  ,  ForwardTime: 0.077  ,  TotalTime: 0.374  ,  Loss/total: 3.92208  ,  Loss/ce: 3.88824  ,  IoU: 0.64856  ,  pro_loss: 0.16918
[train: Epoch 7, 1150 / 1875] FPS: 85.7 (364.7)  ,  DataTime: 0.289 (0.008)  ,  ForwardTime: 0.077  ,  TotalTime: 0.374  ,  Loss/total: 3.92115  ,  Loss/ce: 3.88737  ,  IoU: 0.64845  ,  pro_loss: 0.16889
[train: Epoch 7, 1200 / 1875] FPS: 85.7 (356.9)  ,  DataTime: 0.289 (0.008)  ,  ForwardTime: 0.077  ,  TotalTime: 0.373  ,  Loss/total: 3.92027  ,  Loss/ce: 3.88653  ,  IoU: 0.64858  ,  pro_loss: 0.16868
[train: Epoch 7, 1250 / 1875] FPS: 85.9 (21.6)  ,  DataTime: 0.288 (0.008)  ,  ForwardTime: 0.077  ,  TotalTime: 0.372  ,  Loss/total: 3.92027  ,  Loss/ce: 3.88654  ,  IoU: 0.64855  ,  pro_loss: 0.16867
[train: Epoch 7, 1300 / 1875] FPS: 86.5 (214.6)  ,  DataTime: 0.286 (0.008)  ,  ForwardTime: 0.077  ,  TotalTime: 0.370  ,  Loss/total: 3.91941  ,  Loss/ce: 3.88568  ,  IoU: 0.64875  ,  pro_loss: 0.16865
[train: Epoch 7, 1350 / 1875] FPS: 86.4 (342.5)  ,  DataTime: 0.286 (0.008)  ,  ForwardTime: 0.077  ,  TotalTime: 0.370  ,  Loss/total: 3.91881  ,  Loss/ce: 3.88509  ,  IoU: 0.64873  ,  pro_loss: 0.16863
[train: Epoch 7, 1400 / 1875] FPS: 86.4 (350.3)  ,  DataTime: 0.286 (0.008)  ,  ForwardTime: 0.077  ,  TotalTime: 0.371  ,  Loss/total: 3.91790  ,  Loss/ce: 3.88418  ,  IoU: 0.64897  ,  pro_loss: 0.16860
[train: Epoch 7, 1450 / 1875] FPS: 86.3 (130.2)  ,  DataTime: 0.286 (0.008)  ,  ForwardTime: 0.077  ,  TotalTime: 0.371  ,  Loss/total: 3.91817  ,  Loss/ce: 3.88446  ,  IoU: 0.64891  ,  pro_loss: 0.16855
[train: Epoch 7, 1500 / 1875] FPS: 86.3 (354.9)  ,  DataTime: 0.286 (0.008)  ,  ForwardTime: 0.077  ,  TotalTime: 0.371  ,  Loss/total: 3.91695  ,  Loss/ce: 3.88322  ,  IoU: 0.64936  ,  pro_loss: 0.16865
[train: Epoch 7, 1550 / 1875] FPS: 86.2 (356.1)  ,  DataTime: 0.287 (0.008)  ,  ForwardTime: 0.077  ,  TotalTime: 0.371  ,  Loss/total: 3.91630  ,  Loss/ce: 3.88255  ,  IoU: 0.64968  ,  pro_loss: 0.16877
[train: Epoch 7, 1600 / 1875] FPS: 86.2 (358.0)  ,  DataTime: 0.287 (0.008)  ,  ForwardTime: 0.077  ,  TotalTime: 0.371  ,  Loss/total: 3.91547  ,  Loss/ce: 3.88174  ,  IoU: 0.65006  ,  pro_loss: 0.16865
[train: Epoch 7, 1650 / 1875] FPS: 86.2 (352.2)  ,  DataTime: 0.287 (0.008)  ,  ForwardTime: 0.077  ,  TotalTime: 0.371  ,  Loss/total: 3.91484  ,  Loss/ce: 3.88113  ,  IoU: 0.65037  ,  pro_loss: 0.16856
[train: Epoch 7, 1700 / 1875] FPS: 85.9 (18.8)  ,  DataTime: 0.288 (0.008)  ,  ForwardTime: 0.077  ,  TotalTime: 0.372  ,  Loss/total: 3.91423  ,  Loss/ce: 3.88053  ,  IoU: 0.65046  ,  pro_loss: 0.16851
[train: Epoch 7, 1750 / 1875] FPS: 86.1 (359.6)  ,  DataTime: 0.287 (0.008)  ,  ForwardTime: 0.077  ,  TotalTime: 0.372  ,  Loss/total: 3.91392  ,  Loss/ce: 3.88024  ,  IoU: 0.65041  ,  pro_loss: 0.16841
[train: Epoch 7, 1800 / 1875] FPS: 86.2 (351.8)  ,  DataTime: 0.287 (0.008)  ,  ForwardTime: 0.077  ,  TotalTime: 0.371  ,  Loss/total: 3.91323  ,  Loss/ce: 3.87949  ,  IoU: 0.65063  ,  pro_loss: 0.16866
[train: Epoch 7, 1850 / 1875] FPS: 86.2 (351.3)  ,  DataTime: 0.287 (0.008)  ,  ForwardTime: 0.077  ,  TotalTime: 0.371  ,  Loss/total: 3.91334  ,  Loss/ce: 3.87961  ,  IoU: 0.65060  ,  pro_loss: 0.16861
[train: Epoch 7, 1875 / 1875] FPS: 86.4 (362.1)  ,  DataTime: 0.286 (0.008)  ,  ForwardTime: 0.077  ,  TotalTime: 0.371  ,  Loss/total: 3.91308  ,  Loss/ce: 3.87938  ,  IoU: 0.65088  ,  pro_loss: 0.16852
[train: Epoch 8, 50 / 1875] FPS: 76.2 (334.9)  ,  DataTime: 0.335 (0.009)  ,  ForwardTime: 0.077  ,  TotalTime: 0.420  ,  Loss/total: 3.87798  ,  Loss/ce: 3.84319  ,  IoU: 0.66809  ,  pro_loss: 0.17396
[train: Epoch 8, 100 / 1875] FPS: 75.2 (350.1)  ,  DataTime: 0.340 (0.009)  ,  ForwardTime: 0.077  ,  TotalTime: 0.426  ,  Loss/total: 3.88812  ,  Loss/ce: 3.85360  ,  IoU: 0.66188  ,  pro_loss: 0.17260
[train: Epoch 8, 150 / 1875] FPS: 77.0 (365.1)  ,  DataTime: 0.331 (0.008)  ,  ForwardTime: 0.077  ,  TotalTime: 0.416  ,  Loss/total: 3.88866  ,  Loss/ce: 3.85463  ,  IoU: 0.66117  ,  pro_loss: 0.17014
[train: Epoch 8, 200 / 1875] FPS: 77.3 (42.2)  ,  DataTime: 0.329 (0.008)  ,  ForwardTime: 0.077  ,  TotalTime: 0.414  ,  Loss/total: 3.88386  ,  Loss/ce: 3.85013  ,  IoU: 0.65996  ,  pro_loss: 0.16865
[train: Epoch 8, 250 / 1875] FPS: 75.7 (351.6)  ,  DataTime: 0.337 (0.009)  ,  ForwardTime: 0.077  ,  TotalTime: 0.423  ,  Loss/total: 3.88388  ,  Loss/ce: 3.85005  ,  IoU: 0.66142  ,  pro_loss: 0.16913
[train: Epoch 8, 300 / 1875] FPS: 75.4 (351.8)  ,  DataTime: 0.339 (0.008)  ,  ForwardTime: 0.077  ,  TotalTime: 0.424  ,  Loss/total: 3.88432  ,  Loss/ce: 3.85044  ,  IoU: 0.66200  ,  pro_loss: 0.16938
[train: Epoch 8, 350 / 1875] FPS: 74.7 (355.0)  ,  DataTime: 0.343 (0.008)  ,  ForwardTime: 0.077  ,  TotalTime: 0.428  ,  Loss/total: 3.88636  ,  Loss/ce: 3.85247  ,  IoU: 0.66088  ,  pro_loss: 0.16944
[train: Epoch 8, 400 / 1875] FPS: 73.9 (360.6)  ,  DataTime: 0.348 (0.008)  ,  ForwardTime: 0.077  ,  TotalTime: 0.433  ,  Loss/total: 3.88552  ,  Loss/ce: 3.85175  ,  IoU: 0.66078  ,  pro_loss: 0.16888
[train: Epoch 8, 450 / 1875] FPS: 72.3 (357.0)  ,  DataTime: 0.357 (0.008)  ,  ForwardTime: 0.077  ,  TotalTime: 0.442  ,  Loss/total: 3.88574  ,  Loss/ce: 3.85198  ,  IoU: 0.66080  ,  pro_loss: 0.16877
[train: Epoch 8, 500 / 1875] FPS: 72.3 (347.4)  ,  DataTime: 0.358 (0.008)  ,  ForwardTime: 0.077  ,  TotalTime: 0.443  ,  Loss/total: 3.88710  ,  Loss/ce: 3.85323  ,  IoU: 0.66024  ,  pro_loss: 0.16936
[train: Epoch 8, 550 / 1875] FPS: 72.0 (360.3)  ,  DataTime: 0.360 (0.008)  ,  ForwardTime: 0.077  ,  TotalTime: 0.445  ,  Loss/total: 3.88846  ,  Loss/ce: 3.85467  ,  IoU: 0.65953  ,  pro_loss: 0.16894
[train: Epoch 8, 600 / 1875] FPS: 71.9 (336.2)  ,  DataTime: 0.360 (0.008)  ,  ForwardTime: 0.077  ,  TotalTime: 0.445  ,  Loss/total: 3.88558  ,  Loss/ce: 3.85173  ,  IoU: 0.66024  ,  pro_loss: 0.16924
[train: Epoch 8, 650 / 1875] FPS: 72.4 (362.9)  ,  DataTime: 0.357 (0.008)  ,  ForwardTime: 0.077  ,  TotalTime: 0.442  ,  Loss/total: 3.88580  ,  Loss/ce: 3.85191  ,  IoU: 0.66027  ,  pro_loss: 0.16947
[train: Epoch 8, 700 / 1875] FPS: 71.5 (356.3)  ,  DataTime: 0.362 (0.008)  ,  ForwardTime: 0.077  ,  TotalTime: 0.447  ,  Loss/total: 3.88609  ,  Loss/ce: 3.85213  ,  IoU: 0.66030  ,  pro_loss: 0.16984
[train: Epoch 8, 750 / 1875] FPS: 71.6 (19.4)  ,  DataTime: 0.362 (0.008)  ,  ForwardTime: 0.077  ,  TotalTime: 0.447  ,  Loss/total: 3.88587  ,  Loss/ce: 3.85186  ,  IoU: 0.66066  ,  pro_loss: 0.17006
[train: Epoch 8, 800 / 1875] FPS: 71.1 (40.7)  ,  DataTime: 0.365 (0.008)  ,  ForwardTime: 0.077  ,  TotalTime: 0.450  ,  Loss/total: 3.88622  ,  Loss/ce: 3.85219  ,  IoU: 0.66098  ,  pro_loss: 0.17011
[train: Epoch 8, 850 / 1875] FPS: 71.5 (353.5)  ,  DataTime: 0.363 (0.008)  ,  ForwardTime: 0.077  ,  TotalTime: 0.448  ,  Loss/total: 3.88611  ,  Loss/ce: 3.85205  ,  IoU: 0.66137  ,  pro_loss: 0.17027
[train: Epoch 8, 900 / 1875] FPS: 71.6 (360.5)  ,  DataTime: 0.362 (0.008)  ,  ForwardTime: 0.077  ,  TotalTime: 0.447  ,  Loss/total: 3.88473  ,  Loss/ce: 3.85073  ,  IoU: 0.66195  ,  pro_loss: 0.17000
[train: Epoch 8, 950 / 1875] FPS: 71.7 (20.5)  ,  DataTime: 0.362 (0.008)  ,  ForwardTime: 0.077  ,  TotalTime: 0.447  ,  Loss/total: 3.88438  ,  Loss/ce: 3.85034  ,  IoU: 0.66201  ,  pro_loss: 0.17018
[train: Epoch 8, 1000 / 1875] FPS: 71.7 (124.7)  ,  DataTime: 0.361 (0.008)  ,  ForwardTime: 0.077  ,  TotalTime: 0.446  ,  Loss/total: 3.88421  ,  Loss/ce: 3.85011  ,  IoU: 0.66221  ,  pro_loss: 0.17047
[train: Epoch 8, 1050 / 1875] FPS: 71.8 (358.4)  ,  DataTime: 0.361 (0.008)  ,  ForwardTime: 0.077  ,  TotalTime: 0.445  ,  Loss/total: 3.88292  ,  Loss/ce: 3.84887  ,  IoU: 0.66233  ,  pro_loss: 0.17021
[train: Epoch 8, 1100 / 1875] FPS: 71.8 (359.0)  ,  DataTime: 0.361 (0.008)  ,  ForwardTime: 0.077  ,  TotalTime: 0.446  ,  Loss/total: 3.88269  ,  Loss/ce: 3.84865  ,  IoU: 0.66214  ,  pro_loss: 0.17023
[train: Epoch 8, 1150 / 1875] FPS: 71.5 (8.3)  ,  DataTime: 0.363 (0.008)  ,  ForwardTime: 0.077  ,  TotalTime: 0.448  ,  Loss/total: 3.88264  ,  Loss/ce: 3.84856  ,  IoU: 0.66203  ,  pro_loss: 0.17036
[train: Epoch 8, 1200 / 1875] FPS: 71.6 (353.3)  ,  DataTime: 0.362 (0.008)  ,  ForwardTime: 0.077  ,  TotalTime: 0.447  ,  Loss/total: 3.88213  ,  Loss/ce: 3.84804  ,  IoU: 0.66260  ,  pro_loss: 0.17048
[train: Epoch 8, 1250 / 1875] FPS: 71.9 (344.5)  ,  DataTime: 0.360 (0.008)  ,  ForwardTime: 0.077  ,  TotalTime: 0.445  ,  Loss/total: 3.88217  ,  Loss/ce: 3.84806  ,  IoU: 0.66269  ,  pro_loss: 0.17055
[train: Epoch 8, 1300 / 1875] FPS: 72.1 (354.4)  ,  DataTime: 0.359 (0.008)  ,  ForwardTime: 0.077  ,  TotalTime: 0.444  ,  Loss/total: 3.88244  ,  Loss/ce: 3.84831  ,  IoU: 0.66277  ,  pro_loss: 0.17065
[train: Epoch 8, 1350 / 1875] FPS: 71.9 (23.9)  ,  DataTime: 0.360 (0.008)  ,  ForwardTime: 0.077  ,  TotalTime: 0.445  ,  Loss/total: 3.88194  ,  Loss/ce: 3.84779  ,  IoU: 0.66283  ,  pro_loss: 0.17075
[train: Epoch 8, 1400 / 1875] FPS: 72.3 (58.1)  ,  DataTime: 0.358 (0.008)  ,  ForwardTime: 0.077  ,  TotalTime: 0.443  ,  Loss/total: 3.88134  ,  Loss/ce: 3.84719  ,  IoU: 0.66309  ,  pro_loss: 0.17072
[train: Epoch 8, 1450 / 1875] FPS: 72.5 (358.1)  ,  DataTime: 0.357 (0.008)  ,  ForwardTime: 0.077  ,  TotalTime: 0.442  ,  Loss/total: 3.88086  ,  Loss/ce: 3.84669  ,  IoU: 0.66329  ,  pro_loss: 0.17086
[train: Epoch 8, 1500 / 1875] FPS: 72.3 (350.4)  ,  DataTime: 0.358 (0.008)  ,  ForwardTime: 0.077  ,  TotalTime: 0.443  ,  Loss/total: 3.88061  ,  Loss/ce: 3.84647  ,  IoU: 0.66320  ,  pro_loss: 0.17072
[train: Epoch 8, 1550 / 1875] FPS: 72.4 (365.4)  ,  DataTime: 0.357 (0.008)  ,  ForwardTime: 0.077  ,  TotalTime: 0.442  ,  Loss/total: 3.88051  ,  Loss/ce: 3.84631  ,  IoU: 0.66336  ,  pro_loss: 0.17096
[train: Epoch 8, 1600 / 1875] FPS: 72.5 (25.3)  ,  DataTime: 0.356 (0.008)  ,  ForwardTime: 0.077  ,  TotalTime: 0.441  ,  Loss/total: 3.88012  ,  Loss/ce: 3.84590  ,  IoU: 0.66339  ,  pro_loss: 0.17112
[train: Epoch 8, 1650 / 1875] FPS: 72.7 (354.5)  ,  DataTime: 0.355 (0.008)  ,  ForwardTime: 0.077  ,  TotalTime: 0.440  ,  Loss/total: 3.87958  ,  Loss/ce: 3.84533  ,  IoU: 0.66360  ,  pro_loss: 0.17123
[train: Epoch 8, 1700 / 1875] FPS: 72.8 (352.5)  ,  DataTime: 0.355 (0.008)  ,  ForwardTime: 0.077  ,  TotalTime: 0.440  ,  Loss/total: 3.87857  ,  Loss/ce: 3.84430  ,  IoU: 0.66380  ,  pro_loss: 0.17138
[train: Epoch 8, 1750 / 1875] FPS: 72.7 (12.4)  ,  DataTime: 0.355 (0.008)  ,  ForwardTime: 0.077  ,  TotalTime: 0.440  ,  Loss/total: 3.87784  ,  Loss/ce: 3.84359  ,  IoU: 0.66431  ,  pro_loss: 0.17126
[train: Epoch 8, 1800 / 1875] FPS: 72.9 (48.9)  ,  DataTime: 0.354 (0.008)  ,  ForwardTime: 0.077  ,  TotalTime: 0.439  ,  Loss/total: 3.87734  ,  Loss/ce: 3.84306  ,  IoU: 0.66446  ,  pro_loss: 0.17141
[train: Epoch 8, 1850 / 1875] FPS: 73.0 (357.5)  ,  DataTime: 0.354 (0.008)  ,  ForwardTime: 0.077  ,  TotalTime: 0.439  ,  Loss/total: 3.87652  ,  Loss/ce: 3.84225  ,  IoU: 0.66469  ,  pro_loss: 0.17134
[train: Epoch 8, 1875 / 1875] FPS: 73.2 (367.5)  ,  DataTime: 0.352 (0.008)  ,  ForwardTime: 0.077  ,  TotalTime: 0.437  ,  Loss/total: 3.87598  ,  Loss/ce: 3.84170  ,  IoU: 0.66484  ,  pro_loss: 0.17140
[train: Epoch 9, 50 / 1875] FPS: 65.9 (364.1)  ,  DataTime: 0.401 (0.008)  ,  ForwardTime: 0.077  ,  TotalTime: 0.486  ,  Loss/total: 3.84476  ,  Loss/ce: 3.80938  ,  IoU: 0.66579  ,  pro_loss: 0.17688
[train: Epoch 9, 100 / 1875] FPS: 68.2 (355.7)  ,  DataTime: 0.384 (0.008)  ,  ForwardTime: 0.077  ,  TotalTime: 0.469  ,  Loss/total: 3.84484  ,  Loss/ce: 3.80861  ,  IoU: 0.67031  ,  pro_loss: 0.18115
[train: Epoch 9, 150 / 1875] FPS: 71.8 (354.2)  ,  DataTime: 0.360 (0.008)  ,  ForwardTime: 0.077  ,  TotalTime: 0.445  ,  Loss/total: 3.84584  ,  Loss/ce: 3.80964  ,  IoU: 0.67274  ,  pro_loss: 0.18098
[train: Epoch 9, 200 / 1875] FPS: 72.0 (344.3)  ,  DataTime: 0.359 (0.008)  ,  ForwardTime: 0.077  ,  TotalTime: 0.444  ,  Loss/total: 3.84676  ,  Loss/ce: 3.81121  ,  IoU: 0.67261  ,  pro_loss: 0.17776
[train: Epoch 9, 250 / 1875] FPS: 72.5 (359.4)  ,  DataTime: 0.356 (0.008)  ,  ForwardTime: 0.077  ,  TotalTime: 0.442  ,  Loss/total: 3.84836  ,  Loss/ce: 3.81271  ,  IoU: 0.67257  ,  pro_loss: 0.17825
[train: Epoch 9, 300 / 1875] FPS: 71.6 (354.3)  ,  DataTime: 0.362 (0.008)  ,  ForwardTime: 0.077  ,  TotalTime: 0.447  ,  Loss/total: 3.84839  ,  Loss/ce: 3.81262  ,  IoU: 0.67251  ,  pro_loss: 0.17882
[train: Epoch 9, 350 / 1875] FPS: 72.3 (17.9)  ,  DataTime: 0.358 (0.008)  ,  ForwardTime: 0.077  ,  TotalTime: 0.443  ,  Loss/total: 3.84725  ,  Loss/ce: 3.81164  ,  IoU: 0.67323  ,  pro_loss: 0.17807
[train: Epoch 9, 400 / 1875] FPS: 73.6 (352.0)  ,  DataTime: 0.350 (0.008)  ,  ForwardTime: 0.077  ,  TotalTime: 0.435  ,  Loss/total: 3.84954  ,  Loss/ce: 3.81393  ,  IoU: 0.67244  ,  pro_loss: 0.17808
[train: Epoch 9, 450 / 1875] FPS: 73.3 (14.3)  ,  DataTime: 0.352 (0.008)  ,  ForwardTime: 0.077  ,  TotalTime: 0.437  ,  Loss/total: 3.84977  ,  Loss/ce: 3.81425  ,  IoU: 0.67295  ,  pro_loss: 0.17762
[train: Epoch 9, 500 / 1875] FPS: 73.5 (353.9)  ,  DataTime: 0.351 (0.008)  ,  ForwardTime: 0.077  ,  TotalTime: 0.435  ,  Loss/total: 3.84823  ,  Loss/ce: 3.81261  ,  IoU: 0.67340  ,  pro_loss: 0.17811
[train: Epoch 9, 550 / 1875] FPS: 73.9 (358.8)  ,  DataTime: 0.348 (0.008)  ,  ForwardTime: 0.077  ,  TotalTime: 0.433  ,  Loss/total: 3.84905  ,  Loss/ce: 3.81346  ,  IoU: 0.67366  ,  pro_loss: 0.17796
[train: Epoch 9, 600 / 1875] FPS: 74.6 (255.7)  ,  DataTime: 0.344 (0.008)  ,  ForwardTime: 0.077  ,  TotalTime: 0.429  ,  Loss/total: 3.84918  ,  Loss/ce: 3.81358  ,  IoU: 0.67342  ,  pro_loss: 0.17801
[train: Epoch 9, 650 / 1875] FPS: 74.8 (354.5)  ,  DataTime: 0.343 (0.008)  ,  ForwardTime: 0.077  ,  TotalTime: 0.428  ,  Loss/total: 3.84904  ,  Loss/ce: 3.81356  ,  IoU: 0.67358  ,  pro_loss: 0.17741
[train: Epoch 9, 700 / 1875] FPS: 75.2 (345.5)  ,  DataTime: 0.341 (0.008)  ,  ForwardTime: 0.077  ,  TotalTime: 0.425  ,  Loss/total: 3.84838  ,  Loss/ce: 3.81301  ,  IoU: 0.67396  ,  pro_loss: 0.17688
[train: Epoch 9, 750 / 1875] FPS: 75.0 (23.5)  ,  DataTime: 0.342 (0.008)  ,  ForwardTime: 0.077  ,  TotalTime: 0.427  ,  Loss/total: 3.84799  ,  Loss/ce: 3.81265  ,  IoU: 0.67427  ,  pro_loss: 0.17674
[train: Epoch 9, 800 / 1875] FPS: 75.3 (344.1)  ,  DataTime: 0.340 (0.008)  ,  ForwardTime: 0.077  ,  TotalTime: 0.425  ,  Loss/total: 3.84797  ,  Loss/ce: 3.81259  ,  IoU: 0.67411  ,  pro_loss: 0.17688
[train: Epoch 9, 850 / 1875] FPS: 75.2 (351.5)  ,  DataTime: 0.341 (0.008)  ,  ForwardTime: 0.077  ,  TotalTime: 0.426  ,  Loss/total: 3.84853  ,  Loss/ce: 3.81324  ,  IoU: 0.67393  ,  pro_loss: 0.17645
[train: Epoch 9, 900 / 1875] FPS: 75.6 (352.4)  ,  DataTime: 0.339 (0.008)  ,  ForwardTime: 0.077  ,  TotalTime: 0.424  ,  Loss/total: 3.84760  ,  Loss/ce: 3.81234  ,  IoU: 0.67471  ,  pro_loss: 0.17628
[train: Epoch 9, 950 / 1875] FPS: 75.9 (368.3)  ,  DataTime: 0.337 (0.008)  ,  ForwardTime: 0.077  ,  TotalTime: 0.421  ,  Loss/total: 3.84871  ,  Loss/ce: 3.81347  ,  IoU: 0.67478  ,  pro_loss: 0.17620
[train: Epoch 9, 1000 / 1875] FPS: 75.9 (329.2)  ,  DataTime: 0.337 (0.008)  ,  ForwardTime: 0.077  ,  TotalTime: 0.421  ,  Loss/total: 3.84821  ,  Loss/ce: 3.81297  ,  IoU: 0.67499  ,  pro_loss: 0.17622
[train: Epoch 9, 1050 / 1875] FPS: 75.8 (356.2)  ,  DataTime: 0.337 (0.008)  ,  ForwardTime: 0.077  ,  TotalTime: 0.422  ,  Loss/total: 3.84804  ,  Loss/ce: 3.81270  ,  IoU: 0.67517  ,  pro_loss: 0.17671
[train: Epoch 9, 1100 / 1875] FPS: 76.2 (341.0)  ,  DataTime: 0.335 (0.008)  ,  ForwardTime: 0.077  ,  TotalTime: 0.420  ,  Loss/total: 3.84753  ,  Loss/ce: 3.81214  ,  IoU: 0.67526  ,  pro_loss: 0.17697
[train: Epoch 9, 1150 / 1875] FPS: 75.9 (349.8)  ,  DataTime: 0.337 (0.008)  ,  ForwardTime: 0.077  ,  TotalTime: 0.422  ,  Loss/total: 3.84755  ,  Loss/ce: 3.81217  ,  IoU: 0.67502  ,  pro_loss: 0.17691
[train: Epoch 9, 1200 / 1875] FPS: 75.9 (346.7)  ,  DataTime: 0.337 (0.008)  ,  ForwardTime: 0.077  ,  TotalTime: 0.421  ,  Loss/total: 3.84704  ,  Loss/ce: 3.81168  ,  IoU: 0.67518  ,  pro_loss: 0.17679
[train: Epoch 9, 1250 / 1875] FPS: 75.6 (344.4)  ,  DataTime: 0.339 (0.008)  ,  ForwardTime: 0.077  ,  TotalTime: 0.424  ,  Loss/total: 3.84715  ,  Loss/ce: 3.81179  ,  IoU: 0.67536  ,  pro_loss: 0.17681
[train: Epoch 9, 1300 / 1875] FPS: 75.5 (346.3)  ,  DataTime: 0.339 (0.008)  ,  ForwardTime: 0.077  ,  TotalTime: 0.424  ,  Loss/total: 3.84669  ,  Loss/ce: 3.81133  ,  IoU: 0.67525  ,  pro_loss: 0.17680
[train: Epoch 9, 1350 / 1875] FPS: 75.7 (21.1)  ,  DataTime: 0.338 (0.008)  ,  ForwardTime: 0.077  ,  TotalTime: 0.423  ,  Loss/total: 3.84625  ,  Loss/ce: 3.81090  ,  IoU: 0.67525  ,  pro_loss: 0.17673
[train: Epoch 9, 1400 / 1875] FPS: 75.6 (344.6)  ,  DataTime: 0.339 (0.008)  ,  ForwardTime: 0.077  ,  TotalTime: 0.423  ,  Loss/total: 3.84557  ,  Loss/ce: 3.81021  ,  IoU: 0.67540  ,  pro_loss: 0.17680
[train: Epoch 9, 1450 / 1875] FPS: 75.7 (56.9)  ,  DataTime: 0.338 (0.008)  ,  ForwardTime: 0.077  ,  TotalTime: 0.422  ,  Loss/total: 3.84519  ,  Loss/ce: 3.80986  ,  IoU: 0.67551  ,  pro_loss: 0.17668
[train: Epoch 9, 1500 / 1875] FPS: 75.6 (41.5)  ,  DataTime: 0.338 (0.008)  ,  ForwardTime: 0.077  ,  TotalTime: 0.423  ,  Loss/total: 3.84426  ,  Loss/ce: 3.80890  ,  IoU: 0.67580  ,  pro_loss: 0.17682
[train: Epoch 9, 1550 / 1875] FPS: 75.8 (352.6)  ,  DataTime: 0.337 (0.008)  ,  ForwardTime: 0.077  ,  TotalTime: 0.422  ,  Loss/total: 3.84405  ,  Loss/ce: 3.80864  ,  IoU: 0.67568  ,  pro_loss: 0.17705
[train: Epoch 9, 1600 / 1875] FPS: 75.8 (350.9)  ,  DataTime: 0.338 (0.008)  ,  ForwardTime: 0.077  ,  TotalTime: 0.422  ,  Loss/total: 3.84337  ,  Loss/ce: 3.80786  ,  IoU: 0.67594  ,  pro_loss: 0.17752
[train: Epoch 9, 1650 / 1875] FPS: 75.9 (344.4)  ,  DataTime: 0.337 (0.008)  ,  ForwardTime: 0.077  ,  TotalTime: 0.422  ,  Loss/total: 3.84292  ,  Loss/ce: 3.80739  ,  IoU: 0.67607  ,  pro_loss: 0.17765
[train: Epoch 9, 1700 / 1875] FPS: 75.9 (357.2)  ,  DataTime: 0.337 (0.008)  ,  ForwardTime: 0.077  ,  TotalTime: 0.421  ,  Loss/total: 3.84297  ,  Loss/ce: 3.80743  ,  IoU: 0.67626  ,  pro_loss: 0.17770
[train: Epoch 9, 1750 / 1875] FPS: 75.8 (353.9)  ,  DataTime: 0.337 (0.008)  ,  ForwardTime: 0.077  ,  TotalTime: 0.422  ,  Loss/total: 3.84267  ,  Loss/ce: 3.80712  ,  IoU: 0.67631  ,  pro_loss: 0.17774
[train: Epoch 9, 1800 / 1875] FPS: 75.8 (362.2)  ,  DataTime: 0.337 (0.008)  ,  ForwardTime: 0.077  ,  TotalTime: 0.422  ,  Loss/total: 3.84225  ,  Loss/ce: 3.80667  ,  IoU: 0.67623  ,  pro_loss: 0.17792
[train: Epoch 9, 1850 / 1875] FPS: 75.8 (344.4)  ,  DataTime: 0.337 (0.008)  ,  ForwardTime: 0.077  ,  TotalTime: 0.422  ,  Loss/total: 3.84177  ,  Loss/ce: 3.80615  ,  IoU: 0.67644  ,  pro_loss: 0.17812
[train: Epoch 9, 1875 / 1875] FPS: 76.1 (355.6)  ,  DataTime: 0.336 (0.008)  ,  ForwardTime: 0.077  ,  TotalTime: 0.421  ,  Loss/total: 3.84162  ,  Loss/ce: 3.80600  ,  IoU: 0.67649  ,  pro_loss: 0.17812
[train: Epoch 10, 50 / 1875] FPS: 62.4 (343.0)  ,  DataTime: 0.428 (0.009)  ,  ForwardTime: 0.076  ,  TotalTime: 0.513  ,  Loss/total: 3.83999  ,  Loss/ce: 3.80503  ,  IoU: 0.68176  ,  pro_loss: 0.17479
[train: Epoch 10, 100 / 1875] FPS: 72.2 (360.4)  ,  DataTime: 0.359 (0.009)  ,  ForwardTime: 0.076  ,  TotalTime: 0.443  ,  Loss/total: 3.83788  ,  Loss/ce: 3.80268  ,  IoU: 0.68220  ,  pro_loss: 0.17604
[train: Epoch 10, 150 / 1875] FPS: 71.2 (367.3)  ,  DataTime: 0.365 (0.008)  ,  ForwardTime: 0.076  ,  TotalTime: 0.450  ,  Loss/total: 3.83451  ,  Loss/ce: 3.79886  ,  IoU: 0.68196  ,  pro_loss: 0.17827
[train: Epoch 10, 200 / 1875] FPS: 72.9 (351.7)  ,  DataTime: 0.355 (0.008)  ,  ForwardTime: 0.076  ,  TotalTime: 0.439  ,  Loss/total: 3.83371  ,  Loss/ce: 3.79776  ,  IoU: 0.67948  ,  pro_loss: 0.17974
[train: Epoch 10, 250 / 1875] FPS: 72.0 (24.0)  ,  DataTime: 0.360 (0.008)  ,  ForwardTime: 0.076  ,  TotalTime: 0.445  ,  Loss/total: 3.83320  ,  Loss/ce: 3.79705  ,  IoU: 0.68000  ,  pro_loss: 0.18079
[train: Epoch 10, 300 / 1875] FPS: 73.0 (350.5)  ,  DataTime: 0.354 (0.008)  ,  ForwardTime: 0.076  ,  TotalTime: 0.438  ,  Loss/total: 3.82861  ,  Loss/ce: 3.79257  ,  IoU: 0.68041  ,  pro_loss: 0.18021
[train: Epoch 10, 350 / 1875] FPS: 73.9 (359.0)  ,  DataTime: 0.348 (0.008)  ,  ForwardTime: 0.076  ,  TotalTime: 0.433  ,  Loss/total: 3.82683  ,  Loss/ce: 3.79096  ,  IoU: 0.68251  ,  pro_loss: 0.17935
[train: Epoch 10, 400 / 1875] FPS: 74.0 (347.5)  ,  DataTime: 0.348 (0.008)  ,  ForwardTime: 0.076  ,  TotalTime: 0.432  ,  Loss/total: 3.82414  ,  Loss/ce: 3.78843  ,  IoU: 0.68330  ,  pro_loss: 0.17857
[train: Epoch 10, 450 / 1875] FPS: 73.2 (16.0)  ,  DataTime: 0.352 (0.008)  ,  ForwardTime: 0.076  ,  TotalTime: 0.437  ,  Loss/total: 3.82333  ,  Loss/ce: 3.78750  ,  IoU: 0.68297  ,  pro_loss: 0.17917
[train: Epoch 10, 500 / 1875] FPS: 74.0 (352.8)  ,  DataTime: 0.348 (0.008)  ,  ForwardTime: 0.076  ,  TotalTime: 0.433  ,  Loss/total: 3.82606  ,  Loss/ce: 3.79020  ,  IoU: 0.68224  ,  pro_loss: 0.17927
[train: Epoch 10, 550 / 1875] FPS: 74.4 (52.6)  ,  DataTime: 0.346 (0.008)  ,  ForwardTime: 0.076  ,  TotalTime: 0.430  ,  Loss/total: 3.82687  ,  Loss/ce: 3.79096  ,  IoU: 0.68177  ,  pro_loss: 0.17955
[train: Epoch 10, 600 / 1875] FPS: 74.8 (357.5)  ,  DataTime: 0.343 (0.008)  ,  ForwardTime: 0.076  ,  TotalTime: 0.428  ,  Loss/total: 3.82608  ,  Loss/ce: 3.79006  ,  IoU: 0.68221  ,  pro_loss: 0.18009
[train: Epoch 10, 650 / 1875] FPS: 75.0 (36.9)  ,  DataTime: 0.342 (0.008)  ,  ForwardTime: 0.076  ,  TotalTime: 0.427  ,  Loss/total: 3.82504  ,  Loss/ce: 3.78905  ,  IoU: 0.68203  ,  pro_loss: 0.17995
[train: Epoch 10, 700 / 1875] FPS: 75.6 (348.7)  ,  DataTime: 0.338 (0.008)  ,  ForwardTime: 0.076  ,  TotalTime: 0.423  ,  Loss/total: 3.82498  ,  Loss/ce: 3.78905  ,  IoU: 0.68244  ,  pro_loss: 0.17967
[train: Epoch 10, 750 / 1875] FPS: 75.3 (362.5)  ,  DataTime: 0.340 (0.008)  ,  ForwardTime: 0.076  ,  TotalTime: 0.425  ,  Loss/total: 3.82415  ,  Loss/ce: 3.78819  ,  IoU: 0.68260  ,  pro_loss: 0.17985
[train: Epoch 10, 800 / 1875] FPS: 75.2 (44.9)  ,  DataTime: 0.341 (0.008)  ,  ForwardTime: 0.076  ,  TotalTime: 0.425  ,  Loss/total: 3.82314  ,  Loss/ce: 3.78706  ,  IoU: 0.68269  ,  pro_loss: 0.18040
[train: Epoch 10, 850 / 1875] FPS: 75.7 (353.0)  ,  DataTime: 0.338 (0.008)  ,  ForwardTime: 0.076  ,  TotalTime: 0.423  ,  Loss/total: 3.82350  ,  Loss/ce: 3.78746  ,  IoU: 0.68233  ,  pro_loss: 0.18022
[train: Epoch 10, 900 / 1875] FPS: 75.4 (354.7)  ,  DataTime: 0.340 (0.008)  ,  ForwardTime: 0.076  ,  TotalTime: 0.424  ,  Loss/total: 3.82183  ,  Loss/ce: 3.78573  ,  IoU: 0.68257  ,  pro_loss: 0.18048
[train: Epoch 10, 950 / 1875] FPS: 75.6 (352.4)  ,  DataTime: 0.339 (0.008)  ,  ForwardTime: 0.076  ,  TotalTime: 0.423  ,  Loss/total: 3.82183  ,  Loss/ce: 3.78569  ,  IoU: 0.68268  ,  pro_loss: 0.18070
[train: Epoch 10, 1000 / 1875] FPS: 75.4 (354.7)  ,  DataTime: 0.340 (0.008)  ,  ForwardTime: 0.076  ,  TotalTime: 0.424  ,  Loss/total: 3.82090  ,  Loss/ce: 3.78473  ,  IoU: 0.68296  ,  pro_loss: 0.18081
[train: Epoch 10, 1050 / 1875] FPS: 75.4 (347.5)  ,  DataTime: 0.340 (0.008)  ,  ForwardTime: 0.077  ,  TotalTime: 0.425  ,  Loss/total: 3.82026  ,  Loss/ce: 3.78403  ,  IoU: 0.68341  ,  pro_loss: 0.18115
[train: Epoch 10, 1100 / 1875] FPS: 74.9 (9.6)  ,  DataTime: 0.343 (0.008)  ,  ForwardTime: 0.077  ,  TotalTime: 0.427  ,  Loss/total: 3.82031  ,  Loss/ce: 3.78402  ,  IoU: 0.68354  ,  pro_loss: 0.18145
[train: Epoch 10, 1150 / 1875] FPS: 75.2 (355.2)  ,  DataTime: 0.341 (0.008)  ,  ForwardTime: 0.077  ,  TotalTime: 0.425  ,  Loss/total: 3.81941  ,  Loss/ce: 3.78312  ,  IoU: 0.68372  ,  pro_loss: 0.18149
[train: Epoch 10, 1200 / 1875] FPS: 75.4 (360.5)  ,  DataTime: 0.340 (0.008)  ,  ForwardTime: 0.077  ,  TotalTime: 0.424  ,  Loss/total: 3.81862  ,  Loss/ce: 3.78225  ,  IoU: 0.68406  ,  pro_loss: 0.18182
[train: Epoch 10, 1250 / 1875] FPS: 75.4 (354.6)  ,  DataTime: 0.340 (0.008)  ,  ForwardTime: 0.077  ,  TotalTime: 0.425  ,  Loss/total: 3.81792  ,  Loss/ce: 3.78153  ,  IoU: 0.68406  ,  pro_loss: 0.18194
[train: Epoch 10, 1300 / 1875] FPS: 75.3 (15.7)  ,  DataTime: 0.340 (0.008)  ,  ForwardTime: 0.076  ,  TotalTime: 0.425  ,  Loss/total: 3.81784  ,  Loss/ce: 3.78147  ,  IoU: 0.68420  ,  pro_loss: 0.18184
[train: Epoch 10, 1350 / 1875] FPS: 75.6 (357.4)  ,  DataTime: 0.338 (0.008)  ,  ForwardTime: 0.076  ,  TotalTime: 0.423  ,  Loss/total: 3.81782  ,  Loss/ce: 3.78140  ,  IoU: 0.68394  ,  pro_loss: 0.18210
[train: Epoch 10, 1400 / 1875] FPS: 75.6 (355.5)  ,  DataTime: 0.338 (0.008)  ,  ForwardTime: 0.076  ,  TotalTime: 0.423  ,  Loss/total: 3.81789  ,  Loss/ce: 3.78145  ,  IoU: 0.68397  ,  pro_loss: 0.18222
[train: Epoch 10, 1450 / 1875] FPS: 75.3 (359.5)  ,  DataTime: 0.340 (0.008)  ,  ForwardTime: 0.077  ,  TotalTime: 0.425  ,  Loss/total: 3.81762  ,  Loss/ce: 3.78123  ,  IoU: 0.68414  ,  pro_loss: 0.18198
[train: Epoch 10, 1500 / 1875] FPS: 75.7 (358.2)  ,  DataTime: 0.338 (0.008)  ,  ForwardTime: 0.076  ,  TotalTime: 0.423  ,  Loss/total: 3.81762  ,  Loss/ce: 3.78125  ,  IoU: 0.68409  ,  pro_loss: 0.18183
[train: Epoch 10, 1550 / 1875] FPS: 75.7 (352.4)  ,  DataTime: 0.338 (0.008)  ,  ForwardTime: 0.076  ,  TotalTime: 0.423  ,  Loss/total: 3.81756  ,  Loss/ce: 3.78116  ,  IoU: 0.68413  ,  pro_loss: 0.18200
[train: Epoch 10, 1600 / 1875] FPS: 76.0 (359.1)  ,  DataTime: 0.336 (0.008)  ,  ForwardTime: 0.076  ,  TotalTime: 0.421  ,  Loss/total: 3.81723  ,  Loss/ce: 3.78079  ,  IoU: 0.68427  ,  pro_loss: 0.18221
[train: Epoch 10, 1650 / 1875] FPS: 76.0 (345.9)  ,  DataTime: 0.336 (0.008)  ,  ForwardTime: 0.076  ,  TotalTime: 0.421  ,  Loss/total: 3.81721  ,  Loss/ce: 3.78076  ,  IoU: 0.68429  ,  pro_loss: 0.18227
[train: Epoch 10, 1700 / 1875] FPS: 75.9 (361.0)  ,  DataTime: 0.337 (0.008)  ,  ForwardTime: 0.076  ,  TotalTime: 0.422  ,  Loss/total: 3.81729  ,  Loss/ce: 3.78084  ,  IoU: 0.68423  ,  pro_loss: 0.18226
[train: Epoch 10, 1750 / 1875] FPS: 75.9 (10.4)  ,  DataTime: 0.337 (0.008)  ,  ForwardTime: 0.076  ,  TotalTime: 0.422  ,  Loss/total: 3.81752  ,  Loss/ce: 3.78102  ,  IoU: 0.68424  ,  pro_loss: 0.18250
[train: Epoch 10, 1800 / 1875] FPS: 76.0 (354.0)  ,  DataTime: 0.336 (0.008)  ,  ForwardTime: 0.076  ,  TotalTime: 0.421  ,  Loss/total: 3.81725  ,  Loss/ce: 3.78074  ,  IoU: 0.68435  ,  pro_loss: 0.18251
[train: Epoch 10, 1850 / 1875] FPS: 76.3 (359.1)  ,  DataTime: 0.335 (0.008)  ,  ForwardTime: 0.076  ,  TotalTime: 0.419  ,  Loss/total: 3.81657  ,  Loss/ce: 3.78006  ,  IoU: 0.68456  ,  pro_loss: 0.18256
[train: Epoch 10, 1875 / 1875] FPS: 76.6 (369.4)  ,  DataTime: 0.333 (0.008)  ,  ForwardTime: 0.076  ,  TotalTime: 0.418  ,  Loss/total: 3.81638  ,  Loss/ce: 3.77986  ,  IoU: 0.68461  ,  pro_loss: 0.18262
[val: Epoch 10, 50 / 312] FPS: 67.1 (552.2)  ,  DataTime: 0.409 (0.009)  ,  ForwardTime: 0.059  ,  TotalTime: 0.477  ,  Loss/total: nan  ,  Loss/giou: 0.34809  ,  Loss/l1: 0.02978  ,  Loss/location: nan  ,  pro_loss: 0.14021  ,  IoU: 0.67756
[val: Epoch 10, 100 / 312] FPS: 67.6 (557.8)  ,  DataTime: 0.414 (0.009)  ,  ForwardTime: 0.050  ,  TotalTime: 0.473  ,  Loss/total: nan  ,  Loss/giou: 0.34127  ,  Loss/l1: 0.02889  ,  Loss/location: nan  ,  pro_loss: 0.14104  ,  IoU: 0.68344
[val: Epoch 10, 150 / 312] FPS: 71.6 (562.2)  ,  DataTime: 0.390 (0.009)  ,  ForwardTime: 0.047  ,  TotalTime: 0.447  ,  Loss/total: nan  ,  Loss/giou: 0.34048  ,  Loss/l1: 0.02881  ,  Loss/location: nan  ,  pro_loss: 0.13757  ,  IoU: 0.68446
[val: Epoch 10, 200 / 312] FPS: 72.7 (565.4)  ,  DataTime: 0.385 (0.009)  ,  ForwardTime: 0.046  ,  TotalTime: 0.440  ,  Loss/total: nan  ,  Loss/giou: 0.33972  ,  Loss/l1: 0.02903  ,  Loss/location: nan  ,  pro_loss: 0.13839  ,  IoU: 0.68531
[val: Epoch 10, 250 / 312] FPS: 74.1 (582.2)  ,  DataTime: 0.378 (0.009)  ,  ForwardTime: 0.045  ,  TotalTime: 0.432  ,  Loss/total: nan  ,  Loss/giou: 0.34189  ,  Loss/l1: 0.02921  ,  Loss/location: nan  ,  pro_loss: 0.13879  ,  IoU: 0.68355
[val: Epoch 10, 300 / 312] FPS: 74.5 (12.8)  ,  DataTime: 0.376 (0.009)  ,  ForwardTime: 0.045  ,  TotalTime: 0.430  ,  Loss/total: nan  ,  Loss/giou: 0.34109  ,  Loss/l1: 0.02898  ,  Loss/location: nan  ,  pro_loss: 0.13785  ,  IoU: 0.68409
[val: Epoch 10, 312 / 312] FPS: 76.5 (622.3)  ,  DataTime: 0.365 (0.009)  ,  ForwardTime: 0.044  ,  TotalTime: 0.418  ,  Loss/total: nan  ,  Loss/giou: 0.34162  ,  Loss/l1: 0.02908  ,  Loss/location: nan  ,  pro_loss: 0.13789  ,  IoU: 0.68372
[train: Epoch 11, 50 / 1875] FPS: 74.1 (343.5)  ,  DataTime: 0.347 (0.009)  ,  ForwardTime: 0.077  ,  TotalTime: 0.432  ,  Loss/total: 3.79198  ,  Loss/ce: 3.75469  ,  IoU: 0.69507  ,  pro_loss: 0.18646
[train: Epoch 11, 100 / 1875] FPS: 79.8 (339.4)  ,  DataTime: 0.316 (0.009)  ,  ForwardTime: 0.077  ,  TotalTime: 0.401  ,  Loss/total: 3.79428  ,  Loss/ce: 3.75690  ,  IoU: 0.69318  ,  pro_loss: 0.18688
[train: Epoch 11, 150 / 1875] FPS: 79.7 (362.7)  ,  DataTime: 0.316 (0.008)  ,  ForwardTime: 0.077  ,  TotalTime: 0.401  ,  Loss/total: 3.79459  ,  Loss/ce: 3.75729  ,  IoU: 0.69301  ,  pro_loss: 0.18653
[train: Epoch 11, 200 / 1875] FPS: 78.9 (343.8)  ,  DataTime: 0.321 (0.008)  ,  ForwardTime: 0.077  ,  TotalTime: 0.405  ,  Loss/total: 3.79875  ,  Loss/ce: 3.76122  ,  IoU: 0.69091  ,  pro_loss: 0.18766
[train: Epoch 11, 250 / 1875] FPS: 80.0 (353.0)  ,  DataTime: 0.315 (0.008)  ,  ForwardTime: 0.077  ,  TotalTime: 0.400  ,  Loss/total: 3.80087  ,  Loss/ce: 3.76302  ,  IoU: 0.68965  ,  pro_loss: 0.18925
[train: Epoch 11, 300 / 1875] FPS: 80.5 (351.0)  ,  DataTime: 0.313 (0.008)  ,  ForwardTime: 0.077  ,  TotalTime: 0.398  ,  Loss/total: 3.80132  ,  Loss/ce: 3.76349  ,  IoU: 0.68988  ,  pro_loss: 0.18917
[train: Epoch 11, 350 / 1875] FPS: 81.7 (358.8)  ,  DataTime: 0.307 (0.008)  ,  ForwardTime: 0.077  ,  TotalTime: 0.392  ,  Loss/total: 3.80074  ,  Loss/ce: 3.76279  ,  IoU: 0.68986  ,  pro_loss: 0.18976
[train: Epoch 11, 400 / 1875] FPS: 82.3 (354.8)  ,  DataTime: 0.304 (0.008)  ,  ForwardTime: 0.077  ,  TotalTime: 0.389  ,  Loss/total: 3.79950  ,  Loss/ce: 3.76133  ,  IoU: 0.69003  ,  pro_loss: 0.19086
[train: Epoch 11, 450 / 1875] FPS: 82.2 (367.9)  ,  DataTime: 0.305 (0.008)  ,  ForwardTime: 0.077  ,  TotalTime: 0.390  ,  Loss/total: 3.79915  ,  Loss/ce: 3.76093  ,  IoU: 0.69050  ,  pro_loss: 0.19109
[train: Epoch 11, 500 / 1875] FPS: 82.1 (16.6)  ,  DataTime: 0.305 (0.008)  ,  ForwardTime: 0.077  ,  TotalTime: 0.390  ,  Loss/total: 3.79845  ,  Loss/ce: 3.76029  ,  IoU: 0.69066  ,  pro_loss: 0.19081
[train: Epoch 11, 550 / 1875] FPS: 80.8 (346.6)  ,  DataTime: 0.311 (0.008)  ,  ForwardTime: 0.077  ,  TotalTime: 0.396  ,  Loss/total: 3.79894  ,  Loss/ce: 3.76084  ,  IoU: 0.69036  ,  pro_loss: 0.19053
[train: Epoch 11, 600 / 1875] FPS: 80.6 (119.1)  ,  DataTime: 0.312 (0.008)  ,  ForwardTime: 0.077  ,  TotalTime: 0.397  ,  Loss/total: 3.79728  ,  Loss/ce: 3.75917  ,  IoU: 0.69099  ,  pro_loss: 0.19054
[train: Epoch 11, 650 / 1875] FPS: 80.7 (36.3)  ,  DataTime: 0.311 (0.008)  ,  ForwardTime: 0.077  ,  TotalTime: 0.396  ,  Loss/total: 3.79789  ,  Loss/ce: 3.75984  ,  IoU: 0.69104  ,  pro_loss: 0.19024
[train: Epoch 11, 700 / 1875] FPS: 80.9 (347.3)  ,  DataTime: 0.311 (0.008)  ,  ForwardTime: 0.077  ,  TotalTime: 0.396  ,  Loss/total: 3.79535  ,  Loss/ce: 3.75731  ,  IoU: 0.69180  ,  pro_loss: 0.19018
[train: Epoch 11, 750 / 1875] FPS: 81.1 (343.5)  ,  DataTime: 0.310 (0.008)  ,  ForwardTime: 0.077  ,  TotalTime: 0.395  ,  Loss/total: 3.79451  ,  Loss/ce: 3.75650  ,  IoU: 0.69181  ,  pro_loss: 0.19004
[train: Epoch 11, 800 / 1875] FPS: 81.0 (354.8)  ,  DataTime: 0.310 (0.008)  ,  ForwardTime: 0.077  ,  TotalTime: 0.395  ,  Loss/total: 3.79584  ,  Loss/ce: 3.75791  ,  IoU: 0.69148  ,  pro_loss: 0.18969
[train: Epoch 11, 850 / 1875] FPS: 80.8 (354.8)  ,  DataTime: 0.311 (0.008)  ,  ForwardTime: 0.077  ,  TotalTime: 0.396  ,  Loss/total: 3.79423  ,  Loss/ce: 3.75635  ,  IoU: 0.69176  ,  pro_loss: 0.18940
[train: Epoch 11, 900 / 1875] FPS: 80.8 (361.1)  ,  DataTime: 0.311 (0.008)  ,  ForwardTime: 0.077  ,  TotalTime: 0.396  ,  Loss/total: 3.79286  ,  Loss/ce: 3.75505  ,  IoU: 0.69204  ,  pro_loss: 0.18903
[train: Epoch 11, 950 / 1875] FPS: 80.9 (353.2)  ,  DataTime: 0.311 (0.008)  ,  ForwardTime: 0.077  ,  TotalTime: 0.396  ,  Loss/total: 3.79389  ,  Loss/ce: 3.75610  ,  IoU: 0.69215  ,  pro_loss: 0.18897
[train: Epoch 11, 1000 / 1875] FPS: 81.2 (363.3)  ,  DataTime: 0.309 (0.008)  ,  ForwardTime: 0.077  ,  TotalTime: 0.394  ,  Loss/total: 3.79303  ,  Loss/ce: 3.75525  ,  IoU: 0.69228  ,  pro_loss: 0.18888
[train: Epoch 11, 1050 / 1875] FPS: 81.2 (59.6)  ,  DataTime: 0.309 (0.008)  ,  ForwardTime: 0.077  ,  TotalTime: 0.394  ,  Loss/total: 3.79299  ,  Loss/ce: 3.75527  ,  IoU: 0.69261  ,  pro_loss: 0.18861
[train: Epoch 11, 1100 / 1875] FPS: 81.0 (353.2)  ,  DataTime: 0.310 (0.008)  ,  ForwardTime: 0.077  ,  TotalTime: 0.395  ,  Loss/total: 3.79332  ,  Loss/ce: 3.75555  ,  IoU: 0.69228  ,  pro_loss: 0.18887
[train: Epoch 11, 1150 / 1875] FPS: 81.3 (365.8)  ,  DataTime: 0.309 (0.008)  ,  ForwardTime: 0.077  ,  TotalTime: 0.394  ,  Loss/total: 3.79324  ,  Loss/ce: 3.75550  ,  IoU: 0.69196  ,  pro_loss: 0.18871
[train: Epoch 11, 1200 / 1875] FPS: 81.4 (360.9)  ,  DataTime: 0.308 (0.008)  ,  ForwardTime: 0.077  ,  TotalTime: 0.393  ,  Loss/total: 3.79268  ,  Loss/ce: 3.75500  ,  IoU: 0.69191  ,  pro_loss: 0.18843
[train: Epoch 11, 1250 / 1875] FPS: 81.5 (350.4)  ,  DataTime: 0.308 (0.008)  ,  ForwardTime: 0.077  ,  TotalTime: 0.393  ,  Loss/total: 3.79278  ,  Loss/ce: 3.75512  ,  IoU: 0.69221  ,  pro_loss: 0.18827
[train: Epoch 11, 1300 / 1875] FPS: 81.7 (348.2)  ,  DataTime: 0.307 (0.008)  ,  ForwardTime: 0.077  ,  TotalTime: 0.392  ,  Loss/total: 3.79109  ,  Loss/ce: 3.75340  ,  IoU: 0.69246  ,  pro_loss: 0.18845
[train: Epoch 11, 1350 / 1875] FPS: 81.4 (14.9)  ,  DataTime: 0.309 (0.008)  ,  ForwardTime: 0.077  ,  TotalTime: 0.393  ,  Loss/total: 3.78971  ,  Loss/ce: 3.75205  ,  IoU: 0.69265  ,  pro_loss: 0.18828
[train: Epoch 11, 1400 / 1875] FPS: 81.5 (358.5)  ,  DataTime: 0.308 (0.008)  ,  ForwardTime: 0.077  ,  TotalTime: 0.393  ,  Loss/total: 3.78890  ,  Loss/ce: 3.75124  ,  IoU: 0.69293  ,  pro_loss: 0.18828
[train: Epoch 11, 1450 / 1875] FPS: 81.4 (350.4)  ,  DataTime: 0.308 (0.008)  ,  ForwardTime: 0.077  ,  TotalTime: 0.393  ,  Loss/total: 3.78852  ,  Loss/ce: 3.75084  ,  IoU: 0.69312  ,  pro_loss: 0.18841
[train: Epoch 11, 1500 / 1875] FPS: 81.0 (350.1)  ,  DataTime: 0.310 (0.008)  ,  ForwardTime: 0.077  ,  TotalTime: 0.395  ,  Loss/total: 3.78848  ,  Loss/ce: 3.75084  ,  IoU: 0.69329  ,  pro_loss: 0.18822
[train: Epoch 11, 1550 / 1875] FPS: 81.0 (345.4)  ,  DataTime: 0.310 (0.008)  ,  ForwardTime: 0.077  ,  TotalTime: 0.395  ,  Loss/total: 3.78783  ,  Loss/ce: 3.75015  ,  IoU: 0.69334  ,  pro_loss: 0.18836
[train: Epoch 11, 1600 / 1875] FPS: 80.5 (10.6)  ,  DataTime: 0.313 (0.008)  ,  ForwardTime: 0.077  ,  TotalTime: 0.397  ,  Loss/total: 3.78776  ,  Loss/ce: 3.75010  ,  IoU: 0.69338  ,  pro_loss: 0.18832
[train: Epoch 11, 1650 / 1875] FPS: 80.4 (347.8)  ,  DataTime: 0.313 (0.008)  ,  ForwardTime: 0.077  ,  TotalTime: 0.398  ,  Loss/total: 3.78754  ,  Loss/ce: 3.74982  ,  IoU: 0.69339  ,  pro_loss: 0.18860
[train: Epoch 11, 1700 / 1875] FPS: 80.4 (357.1)  ,  DataTime: 0.313 (0.008)  ,  ForwardTime: 0.077  ,  TotalTime: 0.398  ,  Loss/total: 3.78671  ,  Loss/ce: 3.74901  ,  IoU: 0.69352  ,  pro_loss: 0.18848
[train: Epoch 11, 1750 / 1875] FPS: 80.2 (348.2)  ,  DataTime: 0.314 (0.008)  ,  ForwardTime: 0.077  ,  TotalTime: 0.399  ,  Loss/total: 3.78665  ,  Loss/ce: 3.74898  ,  IoU: 0.69345  ,  pro_loss: 0.18834
[train: Epoch 11, 1800 / 1875] FPS: 80.1 (353.5)  ,  DataTime: 0.315 (0.008)  ,  ForwardTime: 0.077  ,  TotalTime: 0.400  ,  Loss/total: 3.78607  ,  Loss/ce: 3.74837  ,  IoU: 0.69376  ,  pro_loss: 0.18847
[train: Epoch 11, 1850 / 1875] FPS: 79.7 (333.7)  ,  DataTime: 0.317 (0.008)  ,  ForwardTime: 0.077  ,  TotalTime: 0.402  ,  Loss/total: 3.78516  ,  Loss/ce: 3.74744  ,  IoU: 0.69390  ,  pro_loss: 0.18859
[train: Epoch 11, 1875 / 1875] FPS: 79.9 (362.9)  ,  DataTime: 0.316 (0.008)  ,  ForwardTime: 0.077  ,  TotalTime: 0.401  ,  Loss/total: 3.78492  ,  Loss/ce: 3.74720  ,  IoU: 0.69400  ,  pro_loss: 0.18862
[train: Epoch 12, 50 / 1875] FPS: 66.1 (351.5)  ,  DataTime: 0.399 (0.008)  ,  ForwardTime: 0.077  ,  TotalTime: 0.484  ,  Loss/total: 3.75552  ,  Loss/ce: 3.71906  ,  IoU: 0.69703  ,  pro_loss: 0.18229
[train: Epoch 12, 100 / 1875] FPS: 71.2 (361.3)  ,  DataTime: 0.365 (0.008)  ,  ForwardTime: 0.077  ,  TotalTime: 0.449  ,  Loss/total: 3.75805  ,  Loss/ce: 3.72018  ,  IoU: 0.69884  ,  pro_loss: 0.18938
[train: Epoch 12, 150 / 1875] FPS: 71.2 (17.8)  ,  DataTime: 0.365 (0.008)  ,  ForwardTime: 0.077  ,  TotalTime: 0.449  ,  Loss/total: 3.76668  ,  Loss/ce: 3.72956  ,  IoU: 0.69708  ,  pro_loss: 0.18556
[train: Epoch 12, 200 / 1875] FPS: 73.4 (363.0)  ,  DataTime: 0.352 (0.008)  ,  ForwardTime: 0.077  ,  TotalTime: 0.436  ,  Loss/total: 3.77192  ,  Loss/ce: 3.73462  ,  IoU: 0.69682  ,  pro_loss: 0.18651
[train: Epoch 12, 250 / 1875] FPS: 74.9 (348.9)  ,  DataTime: 0.343 (0.008)  ,  ForwardTime: 0.077  ,  TotalTime: 0.427  ,  Loss/total: 3.77206  ,  Loss/ce: 3.73466  ,  IoU: 0.69680  ,  pro_loss: 0.18700
[train: Epoch 12, 300 / 1875] FPS: 74.6 (364.0)  ,  DataTime: 0.344 (0.008)  ,  ForwardTime: 0.077  ,  TotalTime: 0.429  ,  Loss/total: 3.77334  ,  Loss/ce: 3.73579  ,  IoU: 0.69647  ,  pro_loss: 0.18771
[train: Epoch 12, 350 / 1875] FPS: 74.6 (11.7)  ,  DataTime: 0.344 (0.008)  ,  ForwardTime: 0.077  ,  TotalTime: 0.429  ,  Loss/total: 3.77409  ,  Loss/ce: 3.73653  ,  IoU: 0.69615  ,  pro_loss: 0.18783
[train: Epoch 12, 400 / 1875] FPS: 75.0 (350.1)  ,  DataTime: 0.342 (0.008)  ,  ForwardTime: 0.077  ,  TotalTime: 0.427  ,  Loss/total: 3.77595  ,  Loss/ce: 3.73816  ,  IoU: 0.69572  ,  pro_loss: 0.18893
[train: Epoch 12, 450 / 1875] FPS: 76.1 (364.4)  ,  DataTime: 0.336 (0.008)  ,  ForwardTime: 0.077  ,  TotalTime: 0.421  ,  Loss/total: 3.77638  ,  Loss/ce: 3.73846  ,  IoU: 0.69588  ,  pro_loss: 0.18956
[train: Epoch 12, 500 / 1875] FPS: 76.1 (28.2)  ,  DataTime: 0.336 (0.008)  ,  ForwardTime: 0.077  ,  TotalTime: 0.420  ,  Loss/total: 3.77619  ,  Loss/ce: 3.73828  ,  IoU: 0.69620  ,  pro_loss: 0.18952
[train: Epoch 12, 550 / 1875] FPS: 76.5 (355.8)  ,  DataTime: 0.334 (0.008)  ,  ForwardTime: 0.077  ,  TotalTime: 0.418  ,  Loss/total: 3.77483  ,  Loss/ce: 3.73710  ,  IoU: 0.69630  ,  pro_loss: 0.18866
[train: Epoch 12, 600 / 1875] FPS: 77.2 (361.2)  ,  DataTime: 0.330 (0.008)  ,  ForwardTime: 0.077  ,  TotalTime: 0.415  ,  Loss/total: 3.77725  ,  Loss/ce: 3.73950  ,  IoU: 0.69584  ,  pro_loss: 0.18875
[train: Epoch 12, 650 / 1875] FPS: 77.6 (348.3)  ,  DataTime: 0.328 (0.008)  ,  ForwardTime: 0.077  ,  TotalTime: 0.413  ,  Loss/total: 3.77844  ,  Loss/ce: 3.74075  ,  IoU: 0.69566  ,  pro_loss: 0.18845
[train: Epoch 12, 700 / 1875] FPS: 77.0 (10.7)  ,  DataTime: 0.331 (0.008)  ,  ForwardTime: 0.077  ,  TotalTime: 0.415  ,  Loss/total: 3.77696  ,  Loss/ce: 3.73923  ,  IoU: 0.69644  ,  pro_loss: 0.18868
[train: Epoch 12, 750 / 1875] FPS: 77.5 (352.4)  ,  DataTime: 0.328 (0.008)  ,  ForwardTime: 0.077  ,  TotalTime: 0.413  ,  Loss/total: 3.77636  ,  Loss/ce: 3.73866  ,  IoU: 0.69654  ,  pro_loss: 0.18854
[train: Epoch 12, 800 / 1875] FPS: 77.6 (356.6)  ,  DataTime: 0.328 (0.008)  ,  ForwardTime: 0.077  ,  TotalTime: 0.412  ,  Loss/total: 3.77539  ,  Loss/ce: 3.73762  ,  IoU: 0.69646  ,  pro_loss: 0.18886
[train: Epoch 12, 850 / 1875] FPS: 78.1 (349.7)  ,  DataTime: 0.325 (0.008)  ,  ForwardTime: 0.077  ,  TotalTime: 0.410  ,  Loss/total: 3.77608  ,  Loss/ce: 3.73831  ,  IoU: 0.69668  ,  pro_loss: 0.18881
[train: Epoch 12, 900 / 1875] FPS: 77.9 (10.0)  ,  DataTime: 0.326 (0.008)  ,  ForwardTime: 0.077  ,  TotalTime: 0.411  ,  Loss/total: 3.77602  ,  Loss/ce: 3.73823  ,  IoU: 0.69704  ,  pro_loss: 0.18892
[train: Epoch 12, 950 / 1875] FPS: 78.5 (358.9)  ,  DataTime: 0.323 (0.008)  ,  ForwardTime: 0.077  ,  TotalTime: 0.408  ,  Loss/total: 3.77437  ,  Loss/ce: 3.73662  ,  IoU: 0.69764  ,  pro_loss: 0.18876
[train: Epoch 12, 1000 / 1875] FPS: 78.9 (19.9)  ,  DataTime: 0.321 (0.008)  ,  ForwardTime: 0.077  ,  TotalTime: 0.406  ,  Loss/total: 3.77364  ,  Loss/ce: 3.73590  ,  IoU: 0.69789  ,  pro_loss: 0.18871
[train: Epoch 12, 1050 / 1875] FPS: 79.3 (362.6)  ,  DataTime: 0.319 (0.008)  ,  ForwardTime: 0.077  ,  TotalTime: 0.404  ,  Loss/total: 3.77284  ,  Loss/ce: 3.73502  ,  IoU: 0.69835  ,  pro_loss: 0.18911
[train: Epoch 12, 1100 / 1875] FPS: 79.0 (15.2)  ,  DataTime: 0.320 (0.008)  ,  ForwardTime: 0.077  ,  TotalTime: 0.405  ,  Loss/total: 3.77337  ,  Loss/ce: 3.73551  ,  IoU: 0.69813  ,  pro_loss: 0.18930
[train: Epoch 12, 1150 / 1875] FPS: 79.1 (339.6)  ,  DataTime: 0.320 (0.008)  ,  ForwardTime: 0.077  ,  TotalTime: 0.404  ,  Loss/total: 3.77245  ,  Loss/ce: 3.73448  ,  IoU: 0.69843  ,  pro_loss: 0.18987
[train: Epoch 12, 1200 / 1875] FPS: 79.1 (357.6)  ,  DataTime: 0.320 (0.008)  ,  ForwardTime: 0.077  ,  TotalTime: 0.405  ,  Loss/total: 3.77261  ,  Loss/ce: 3.73466  ,  IoU: 0.69800  ,  pro_loss: 0.18972
[train: Epoch 12, 1250 / 1875] FPS: 79.2 (356.6)  ,  DataTime: 0.319 (0.008)  ,  ForwardTime: 0.077  ,  TotalTime: 0.404  ,  Loss/total: 3.77292  ,  Loss/ce: 3.73496  ,  IoU: 0.69782  ,  pro_loss: 0.18980
[train: Epoch 12, 1300 / 1875] FPS: 79.0 (336.3)  ,  DataTime: 0.321 (0.008)  ,  ForwardTime: 0.077  ,  TotalTime: 0.405  ,  Loss/total: 3.77304  ,  Loss/ce: 3.73502  ,  IoU: 0.69777  ,  pro_loss: 0.19008
[train: Epoch 12, 1350 / 1875] FPS: 79.0 (362.7)  ,  DataTime: 0.320 (0.008)  ,  ForwardTime: 0.077  ,  TotalTime: 0.405  ,  Loss/total: 3.77223  ,  Loss/ce: 3.73420  ,  IoU: 0.69740  ,  pro_loss: 0.19015
[train: Epoch 12, 1400 / 1875] FPS: 78.8 (351.8)  ,  DataTime: 0.322 (0.008)  ,  ForwardTime: 0.077  ,  TotalTime: 0.406  ,  Loss/total: 3.77267  ,  Loss/ce: 3.73460  ,  IoU: 0.69725  ,  pro_loss: 0.19034
[train: Epoch 12, 1450 / 1875] FPS: 78.5 (344.4)  ,  DataTime: 0.323 (0.008)  ,  ForwardTime: 0.077  ,  TotalTime: 0.407  ,  Loss/total: 3.77286  ,  Loss/ce: 3.73478  ,  IoU: 0.69689  ,  pro_loss: 0.19040
[train: Epoch 12, 1500 / 1875] FPS: 78.7 (351.3)  ,  DataTime: 0.322 (0.008)  ,  ForwardTime: 0.077  ,  TotalTime: 0.407  ,  Loss/total: 3.77243  ,  Loss/ce: 3.73442  ,  IoU: 0.69702  ,  pro_loss: 0.19009
[train: Epoch 12, 1550 / 1875] FPS: 78.4 (343.2)  ,  DataTime: 0.324 (0.008)  ,  ForwardTime: 0.077  ,  TotalTime: 0.408  ,  Loss/total: 3.77084  ,  Loss/ce: 3.73283  ,  IoU: 0.69747  ,  pro_loss: 0.19006
[train: Epoch 12, 1600 / 1875] FPS: 78.2 (363.1)  ,  DataTime: 0.325 (0.008)  ,  ForwardTime: 0.077  ,  TotalTime: 0.409  ,  Loss/total: 3.77077  ,  Loss/ce: 3.73274  ,  IoU: 0.69747  ,  pro_loss: 0.19014
[train: Epoch 12, 1650 / 1875] FPS: 77.6 (353.0)  ,  DataTime: 0.328 (0.008)  ,  ForwardTime: 0.077  ,  TotalTime: 0.412  ,  Loss/total: 3.77043  ,  Loss/ce: 3.73240  ,  IoU: 0.69754  ,  pro_loss: 0.19017
[train: Epoch 12, 1700 / 1875] FPS: 77.7 (355.4)  ,  DataTime: 0.327 (0.008)  ,  ForwardTime: 0.077  ,  TotalTime: 0.412  ,  Loss/total: 3.77052  ,  Loss/ce: 3.73252  ,  IoU: 0.69751  ,  pro_loss: 0.18999
[train: Epoch 12, 1750 / 1875] FPS: 77.2 (10.2)  ,  DataTime: 0.330 (0.008)  ,  ForwardTime: 0.077  ,  TotalTime: 0.415  ,  Loss/total: 3.77040  ,  Loss/ce: 3.73243  ,  IoU: 0.69749  ,  pro_loss: 0.18983
[train: Epoch 12, 1800 / 1875] FPS: 77.3 (357.6)  ,  DataTime: 0.329 (0.008)  ,  ForwardTime: 0.077  ,  TotalTime: 0.414  ,  Loss/total: 3.76899  ,  Loss/ce: 3.73096  ,  IoU: 0.69781  ,  pro_loss: 0.19015
[train: Epoch 12, 1850 / 1875] FPS: 77.3 (353.0)  ,  DataTime: 0.329 (0.008)  ,  ForwardTime: 0.077  ,  TotalTime: 0.414  ,  Loss/total: 3.76862  ,  Loss/ce: 3.73058  ,  IoU: 0.69789  ,  pro_loss: 0.19018
[train: Epoch 12, 1875 / 1875] FPS: 77.5 (365.3)  ,  DataTime: 0.328 (0.008)  ,  ForwardTime: 0.077  ,  TotalTime: 0.413  ,  Loss/total: 3.76842  ,  Loss/ce: 3.73038  ,  IoU: 0.69804  ,  pro_loss: 0.19019
[train: Epoch 13, 50 / 1875] FPS: 68.1 (355.0)  ,  DataTime: 0.385 (0.008)  ,  ForwardTime: 0.077  ,  TotalTime: 0.470  ,  Loss/total: 3.76788  ,  Loss/ce: 3.72796  ,  IoU: 0.69709  ,  pro_loss: 0.19959
[train: Epoch 13, 100 / 1875] FPS: 69.7 (355.8)  ,  DataTime: 0.374 (0.008)  ,  ForwardTime: 0.077  ,  TotalTime: 0.459  ,  Loss/total: 3.76492  ,  Loss/ce: 3.72533  ,  IoU: 0.69716  ,  pro_loss: 0.19792
[train: Epoch 13, 150 / 1875] FPS: 71.6 (360.2)  ,  DataTime: 0.362 (0.008)  ,  ForwardTime: 0.077  ,  TotalTime: 0.447  ,  Loss/total: 3.77190  ,  Loss/ce: 3.73270  ,  IoU: 0.69702  ,  pro_loss: 0.19597
[train: Epoch 13, 200 / 1875] FPS: 72.0 (360.7)  ,  DataTime: 0.360 (0.008)  ,  ForwardTime: 0.077  ,  TotalTime: 0.445  ,  Loss/total: 3.76602  ,  Loss/ce: 3.72714  ,  IoU: 0.69960  ,  pro_loss: 0.19438
[train: Epoch 13, 250 / 1875] FPS: 73.8 (41.0)  ,  DataTime: 0.349 (0.008)  ,  ForwardTime: 0.077  ,  TotalTime: 0.434  ,  Loss/total: 3.76826  ,  Loss/ce: 3.72922  ,  IoU: 0.69903  ,  pro_loss: 0.19521
[train: Epoch 13, 300 / 1875] FPS: 73.0 (11.2)  ,  DataTime: 0.354 (0.008)  ,  ForwardTime: 0.077  ,  TotalTime: 0.439  ,  Loss/total: 3.76579  ,  Loss/ce: 3.72693  ,  IoU: 0.69915  ,  pro_loss: 0.19434
[train: Epoch 13, 350 / 1875] FPS: 74.1 (358.4)  ,  DataTime: 0.348 (0.008)  ,  ForwardTime: 0.077  ,  TotalTime: 0.432  ,  Loss/total: 3.76447  ,  Loss/ce: 3.72566  ,  IoU: 0.69906  ,  pro_loss: 0.19408
[train: Epoch 13, 400 / 1875] FPS: 74.7 (363.7)  ,  DataTime: 0.344 (0.008)  ,  ForwardTime: 0.077  ,  TotalTime: 0.428  ,  Loss/total: 3.76200  ,  Loss/ce: 3.72325  ,  IoU: 0.69852  ,  pro_loss: 0.19375
[train: Epoch 13, 450 / 1875] FPS: 75.3 (361.4)  ,  DataTime: 0.340 (0.008)  ,  ForwardTime: 0.077  ,  TotalTime: 0.425  ,  Loss/total: 3.76184  ,  Loss/ce: 3.72293  ,  IoU: 0.69814  ,  pro_loss: 0.19454
[train: Epoch 13, 500 / 1875] FPS: 74.8 (13.7)  ,  DataTime: 0.343 (0.008)  ,  ForwardTime: 0.077  ,  TotalTime: 0.428  ,  Loss/total: 3.76225  ,  Loss/ce: 3.72325  ,  IoU: 0.69768  ,  pro_loss: 0.19500
[train: Epoch 13, 550 / 1875] FPS: 75.7 (352.8)  ,  DataTime: 0.338 (0.008)  ,  ForwardTime: 0.077  ,  TotalTime: 0.423  ,  Loss/total: 3.76020  ,  Loss/ce: 3.72120  ,  IoU: 0.69784  ,  pro_loss: 0.19502
[train: Epoch 13, 600 / 1875] FPS: 76.0 (48.0)  ,  DataTime: 0.336 (0.008)  ,  ForwardTime: 0.077  ,  TotalTime: 0.421  ,  Loss/total: 3.76104  ,  Loss/ce: 3.72207  ,  IoU: 0.69824  ,  pro_loss: 0.19484
[train: Epoch 13, 650 / 1875] FPS: 76.4 (65.4)  ,  DataTime: 0.334 (0.008)  ,  ForwardTime: 0.077  ,  TotalTime: 0.419  ,  Loss/total: 3.76056  ,  Loss/ce: 3.72173  ,  IoU: 0.69852  ,  pro_loss: 0.19417
[train: Epoch 13, 700 / 1875] FPS: 77.0 (351.4)  ,  DataTime: 0.331 (0.008)  ,  ForwardTime: 0.077  ,  TotalTime: 0.416  ,  Loss/total: 3.75827  ,  Loss/ce: 3.71951  ,  IoU: 0.69914  ,  pro_loss: 0.19381
[train: Epoch 13, 750 / 1875] FPS: 76.9 (354.7)  ,  DataTime: 0.331 (0.008)  ,  ForwardTime: 0.077  ,  TotalTime: 0.416  ,  Loss/total: 3.75835  ,  Loss/ce: 3.71959  ,  IoU: 0.69938  ,  pro_loss: 0.19383
[train: Epoch 13, 800 / 1875] FPS: 76.8 (346.9)  ,  DataTime: 0.332 (0.008)  ,  ForwardTime: 0.077  ,  TotalTime: 0.417  ,  Loss/total: 3.75892  ,  Loss/ce: 3.72030  ,  IoU: 0.69973  ,  pro_loss: 0.19307
[train: Epoch 13, 850 / 1875] FPS: 77.0 (22.2)  ,  DataTime: 0.331 (0.008)  ,  ForwardTime: 0.077  ,  TotalTime: 0.416  ,  Loss/total: 3.75989  ,  Loss/ce: 3.72123  ,  IoU: 0.69971  ,  pro_loss: 0.19331
[train: Epoch 13, 900 / 1875] FPS: 77.6 (360.4)  ,  DataTime: 0.328 (0.008)  ,  ForwardTime: 0.077  ,  TotalTime: 0.412  ,  Loss/total: 3.76041  ,  Loss/ce: 3.72179  ,  IoU: 0.69987  ,  pro_loss: 0.19311
[train: Epoch 13, 950 / 1875] FPS: 77.7 (362.4)  ,  DataTime: 0.327 (0.008)  ,  ForwardTime: 0.077  ,  TotalTime: 0.412  ,  Loss/total: 3.75986  ,  Loss/ce: 3.72127  ,  IoU: 0.70014  ,  pro_loss: 0.19295
[train: Epoch 13, 1000 / 1875] FPS: 78.2 (361.6)  ,  DataTime: 0.325 (0.008)  ,  ForwardTime: 0.077  ,  TotalTime: 0.409  ,  Loss/total: 3.76022  ,  Loss/ce: 3.72165  ,  IoU: 0.70033  ,  pro_loss: 0.19284
[train: Epoch 13, 1050 / 1875] FPS: 78.3 (234.6)  ,  DataTime: 0.324 (0.008)  ,  ForwardTime: 0.077  ,  TotalTime: 0.409  ,  Loss/total: 3.75957  ,  Loss/ce: 3.72106  ,  IoU: 0.70029  ,  pro_loss: 0.19256
[train: Epoch 13, 1100 / 1875] FPS: 78.1 (24.0)  ,  DataTime: 0.325 (0.008)  ,  ForwardTime: 0.077  ,  TotalTime: 0.410  ,  Loss/total: 3.76010  ,  Loss/ce: 3.72154  ,  IoU: 0.69991  ,  pro_loss: 0.19277
[train: Epoch 13, 1150 / 1875] FPS: 78.3 (345.4)  ,  DataTime: 0.324 (0.008)  ,  ForwardTime: 0.077  ,  TotalTime: 0.409  ,  Loss/total: 3.75975  ,  Loss/ce: 3.72117  ,  IoU: 0.70004  ,  pro_loss: 0.19294
[train: Epoch 13, 1200 / 1875] FPS: 78.0 (353.5)  ,  DataTime: 0.325 (0.008)  ,  ForwardTime: 0.077  ,  TotalTime: 0.410  ,  Loss/total: 3.75888  ,  Loss/ce: 3.72027  ,  IoU: 0.70027  ,  pro_loss: 0.19304
[train: Epoch 13, 1250 / 1875] FPS: 77.9 (345.3)  ,  DataTime: 0.326 (0.008)  ,  ForwardTime: 0.077  ,  TotalTime: 0.411  ,  Loss/total: 3.75910  ,  Loss/ce: 3.72045  ,  IoU: 0.70029  ,  pro_loss: 0.19328
[train: Epoch 13, 1300 / 1875] FPS: 77.9 (353.2)  ,  DataTime: 0.326 (0.008)  ,  ForwardTime: 0.077  ,  TotalTime: 0.411  ,  Loss/total: 3.75889  ,  Loss/ce: 3.72023  ,  IoU: 0.70045  ,  pro_loss: 0.19329
[train: Epoch 13, 1350 / 1875] FPS: 77.8 (349.2)  ,  DataTime: 0.327 (0.008)  ,  ForwardTime: 0.077  ,  TotalTime: 0.411  ,  Loss/total: 3.75835  ,  Loss/ce: 3.71965  ,  IoU: 0.70062  ,  pro_loss: 0.19347
[train: Epoch 13, 1400 / 1875] FPS: 77.5 (72.5)  ,  DataTime: 0.328 (0.008)  ,  ForwardTime: 0.077  ,  TotalTime: 0.413  ,  Loss/total: 3.75737  ,  Loss/ce: 3.71862  ,  IoU: 0.70107  ,  pro_loss: 0.19373
[train: Epoch 13, 1450 / 1875] FPS: 77.5 (360.4)  ,  DataTime: 0.328 (0.008)  ,  ForwardTime: 0.077  ,  TotalTime: 0.413  ,  Loss/total: 3.75657  ,  Loss/ce: 3.71777  ,  IoU: 0.70121  ,  pro_loss: 0.19398
[train: Epoch 13, 1500 / 1875] FPS: 77.7 (363.8)  ,  DataTime: 0.327 (0.008)  ,  ForwardTime: 0.077  ,  TotalTime: 0.412  ,  Loss/total: 3.75644  ,  Loss/ce: 3.71765  ,  IoU: 0.70145  ,  pro_loss: 0.19397
[train: Epoch 13, 1550 / 1875] FPS: 77.7 (359.4)  ,  DataTime: 0.327 (0.008)  ,  ForwardTime: 0.077  ,  TotalTime: 0.412  ,  Loss/total: 3.75569  ,  Loss/ce: 3.71692  ,  IoU: 0.70165  ,  pro_loss: 0.19386
[train: Epoch 13, 1600 / 1875] FPS: 77.6 (359.6)  ,  DataTime: 0.328 (0.008)  ,  ForwardTime: 0.077  ,  TotalTime: 0.413  ,  Loss/total: 3.75496  ,  Loss/ce: 3.71620  ,  IoU: 0.70181  ,  pro_loss: 0.19382
[train: Epoch 13, 1650 / 1875] FPS: 77.6 (349.5)  ,  DataTime: 0.327 (0.008)  ,  ForwardTime: 0.077  ,  TotalTime: 0.412  ,  Loss/total: 3.75483  ,  Loss/ce: 3.71601  ,  IoU: 0.70199  ,  pro_loss: 0.19407
[train: Epoch 13, 1700 / 1875] FPS: 77.7 (13.8)  ,  DataTime: 0.327 (0.008)  ,  ForwardTime: 0.077  ,  TotalTime: 0.412  ,  Loss/total: 3.75503  ,  Loss/ce: 3.71623  ,  IoU: 0.70204  ,  pro_loss: 0.19401
[train: Epoch 13, 1750 / 1875] FPS: 77.8 (173.5)  ,  DataTime: 0.327 (0.008)  ,  ForwardTime: 0.077  ,  TotalTime: 0.412  ,  Loss/total: 3.75490  ,  Loss/ce: 3.71610  ,  IoU: 0.70215  ,  pro_loss: 0.19401
[train: Epoch 13, 1800 / 1875] FPS: 77.5 (355.8)  ,  DataTime: 0.328 (0.008)  ,  ForwardTime: 0.077  ,  TotalTime: 0.413  ,  Loss/total: 3.75462  ,  Loss/ce: 3.71580  ,  IoU: 0.70226  ,  pro_loss: 0.19411
[train: Epoch 13, 1850 / 1875] FPS: 77.3 (19.8)  ,  DataTime: 0.329 (0.008)  ,  ForwardTime: 0.077  ,  TotalTime: 0.414  ,  Loss/total: 3.75399  ,  Loss/ce: 3.71518  ,  IoU: 0.70251  ,  pro_loss: 0.19403
[train: Epoch 13, 1875 / 1875] FPS: 77.5 (363.0)  ,  DataTime: 0.328 (0.008)  ,  ForwardTime: 0.077  ,  TotalTime: 0.413  ,  Loss/total: 3.75378  ,  Loss/ce: 3.71495  ,  IoU: 0.70269  ,  pro_loss: 0.19415
[train: Epoch 14, 50 / 1875] FPS: 65.2 (350.0)  ,  DataTime: 0.406 (0.009)  ,  ForwardTime: 0.076  ,  TotalTime: 0.491  ,  Loss/total: 3.74203  ,  Loss/ce: 3.70282  ,  IoU: 0.71012  ,  pro_loss: 0.19604
[train: Epoch 14, 100 / 1875] FPS: 65.0 (9.1)  ,  DataTime: 0.407 (0.008)  ,  ForwardTime: 0.077  ,  TotalTime: 0.492  ,  Loss/total: 3.75160  ,  Loss/ce: 3.71175  ,  IoU: 0.70276  ,  pro_loss: 0.19927
[train: Epoch 14, 150 / 1875] FPS: 66.7 (350.1)  ,  DataTime: 0.395 (0.008)  ,  ForwardTime: 0.077  ,  TotalTime: 0.479  ,  Loss/total: 3.76140  ,  Loss/ce: 3.72176  ,  IoU: 0.70187  ,  pro_loss: 0.19820
[train: Epoch 14, 200 / 1875] FPS: 70.7 (360.6)  ,  DataTime: 0.368 (0.008)  ,  ForwardTime: 0.077  ,  TotalTime: 0.453  ,  Loss/total: 3.75963  ,  Loss/ce: 3.72021  ,  IoU: 0.70262  ,  pro_loss: 0.19708
[train: Epoch 14, 250 / 1875] FPS: 71.3 (355.7)  ,  DataTime: 0.364 (0.008)  ,  ForwardTime: 0.077  ,  TotalTime: 0.449  ,  Loss/total: 3.75311  ,  Loss/ce: 3.71383  ,  IoU: 0.70552  ,  pro_loss: 0.19642
[train: Epoch 14, 300 / 1875] FPS: 70.0 (11.0)  ,  DataTime: 0.372 (0.008)  ,  ForwardTime: 0.077  ,  TotalTime: 0.457  ,  Loss/total: 3.74935  ,  Loss/ce: 3.70993  ,  IoU: 0.70644  ,  pro_loss: 0.19708
[train: Epoch 14, 350 / 1875] FPS: 71.3 (354.8)  ,  DataTime: 0.364 (0.008)  ,  ForwardTime: 0.077  ,  TotalTime: 0.449  ,  Loss/total: 3.74955  ,  Loss/ce: 3.71020  ,  IoU: 0.70705  ,  pro_loss: 0.19676
[train: Epoch 14, 400 / 1875] FPS: 71.2 (355.6)  ,  DataTime: 0.365 (0.008)  ,  ForwardTime: 0.077  ,  TotalTime: 0.450  ,  Loss/total: 3.74961  ,  Loss/ce: 3.71007  ,  IoU: 0.70648  ,  pro_loss: 0.19771
[train: Epoch 14, 450 / 1875] FPS: 72.9 (78.6)  ,  DataTime: 0.354 (0.008)  ,  ForwardTime: 0.077  ,  TotalTime: 0.439  ,  Loss/total: 3.74972  ,  Loss/ce: 3.71019  ,  IoU: 0.70688  ,  pro_loss: 0.19766
[train: Epoch 14, 500 / 1875] FPS: 72.4 (364.8)  ,  DataTime: 0.357 (0.008)  ,  ForwardTime: 0.077  ,  TotalTime: 0.442  ,  Loss/total: 3.74865  ,  Loss/ce: 3.70916  ,  IoU: 0.70650  ,  pro_loss: 0.19744
[train: Epoch 14, 550 / 1875] FPS: 73.3 (357.5)  ,  DataTime: 0.352 (0.008)  ,  ForwardTime: 0.077  ,  TotalTime: 0.437  ,  Loss/total: 3.74554  ,  Loss/ce: 3.70602  ,  IoU: 0.70698  ,  pro_loss: 0.19761
[train: Epoch 14, 600 / 1875] FPS: 73.2 (356.4)  ,  DataTime: 0.353 (0.008)  ,  ForwardTime: 0.077  ,  TotalTime: 0.437  ,  Loss/total: 3.74717  ,  Loss/ce: 3.70758  ,  IoU: 0.70714  ,  pro_loss: 0.19797
[train: Epoch 14, 650 / 1875] FPS: 72.7 (9.6)  ,  DataTime: 0.355 (0.008)  ,  ForwardTime: 0.077  ,  TotalTime: 0.440  ,  Loss/total: 3.74806  ,  Loss/ce: 3.70850  ,  IoU: 0.70660  ,  pro_loss: 0.19782
[train: Epoch 14, 700 / 1875] FPS: 73.6 (360.8)  ,  DataTime: 0.350 (0.008)  ,  ForwardTime: 0.077  ,  TotalTime: 0.435  ,  Loss/total: 3.74839  ,  Loss/ce: 3.70881  ,  IoU: 0.70654  ,  pro_loss: 0.19789
[train: Epoch 14, 750 / 1875] FPS: 73.6 (359.5)  ,  DataTime: 0.350 (0.008)  ,  ForwardTime: 0.077  ,  TotalTime: 0.435  ,  Loss/total: 3.74739  ,  Loss/ce: 3.70788  ,  IoU: 0.70674  ,  pro_loss: 0.19757
[train: Epoch 14, 800 / 1875] FPS: 74.0 (353.5)  ,  DataTime: 0.348 (0.008)  ,  ForwardTime: 0.077  ,  TotalTime: 0.433  ,  Loss/total: 3.74709  ,  Loss/ce: 3.70764  ,  IoU: 0.70676  ,  pro_loss: 0.19723
[train: Epoch 14, 850 / 1875] FPS: 74.3 (357.0)  ,  DataTime: 0.346 (0.008)  ,  ForwardTime: 0.077  ,  TotalTime: 0.431  ,  Loss/total: 3.74698  ,  Loss/ce: 3.70741  ,  IoU: 0.70681  ,  pro_loss: 0.19786
[train: Epoch 14, 900 / 1875] FPS: 74.6 (354.0)  ,  DataTime: 0.344 (0.008)  ,  ForwardTime: 0.077  ,  TotalTime: 0.429  ,  Loss/total: 3.74532  ,  Loss/ce: 3.70579  ,  IoU: 0.70707  ,  pro_loss: 0.19765
[train: Epoch 14, 950 / 1875] FPS: 74.6 (15.5)  ,  DataTime: 0.344 (0.008)  ,  ForwardTime: 0.077  ,  TotalTime: 0.429  ,  Loss/total: 3.74455  ,  Loss/ce: 3.70503  ,  IoU: 0.70734  ,  pro_loss: 0.19761
[train: Epoch 14, 1000 / 1875] FPS: 74.8 (355.7)  ,  DataTime: 0.343 (0.008)  ,  ForwardTime: 0.077  ,  TotalTime: 0.428  ,  Loss/total: 3.74296  ,  Loss/ce: 3.70338  ,  IoU: 0.70778  ,  pro_loss: 0.19786
[train: Epoch 14, 1050 / 1875] FPS: 74.6 (13.4)  ,  DataTime: 0.344 (0.008)  ,  ForwardTime: 0.077  ,  TotalTime: 0.429  ,  Loss/total: 3.74207  ,  Loss/ce: 3.70250  ,  IoU: 0.70784  ,  pro_loss: 0.19787
[train: Epoch 14, 1100 / 1875] FPS: 75.2 (362.1)  ,  DataTime: 0.341 (0.008)  ,  ForwardTime: 0.077  ,  TotalTime: 0.425  ,  Loss/total: 3.74177  ,  Loss/ce: 3.70213  ,  IoU: 0.70781  ,  pro_loss: 0.19818
[train: Epoch 14, 1150 / 1875] FPS: 75.4 (336.1)  ,  DataTime: 0.340 (0.008)  ,  ForwardTime: 0.077  ,  TotalTime: 0.425  ,  Loss/total: 3.74156  ,  Loss/ce: 3.70188  ,  IoU: 0.70763  ,  pro_loss: 0.19839
[train: Epoch 14, 1200 / 1875] FPS: 75.3 (16.0)  ,  DataTime: 0.340 (0.008)  ,  ForwardTime: 0.077  ,  TotalTime: 0.425  ,  Loss/total: 3.74184  ,  Loss/ce: 3.70217  ,  IoU: 0.70762  ,  pro_loss: 0.19837
[train: Epoch 14, 1250 / 1875] FPS: 75.4 (361.7)  ,  DataTime: 0.340 (0.008)  ,  ForwardTime: 0.077  ,  TotalTime: 0.424  ,  Loss/total: 3.74162  ,  Loss/ce: 3.70193  ,  IoU: 0.70743  ,  pro_loss: 0.19846
[train: Epoch 14, 1300 / 1875] FPS: 75.8 (20.7)  ,  DataTime: 0.337 (0.008)  ,  ForwardTime: 0.077  ,  TotalTime: 0.422  ,  Loss/total: 3.74079  ,  Loss/ce: 3.70101  ,  IoU: 0.70759  ,  pro_loss: 0.19889
[train: Epoch 14, 1350 / 1875] FPS: 75.9 (354.8)  ,  DataTime: 0.337 (0.008)  ,  ForwardTime: 0.077  ,  TotalTime: 0.421  ,  Loss/total: 3.74090  ,  Loss/ce: 3.70106  ,  IoU: 0.70749  ,  pro_loss: 0.19922
[train: Epoch 14, 1400 / 1875] FPS: 76.2 (342.8)  ,  DataTime: 0.335 (0.008)  ,  ForwardTime: 0.077  ,  TotalTime: 0.420  ,  Loss/total: 3.74095  ,  Loss/ce: 3.70107  ,  IoU: 0.70744  ,  pro_loss: 0.19942
[train: Epoch 14, 1450 / 1875] FPS: 76.4 (364.8)  ,  DataTime: 0.334 (0.008)  ,  ForwardTime: 0.077  ,  TotalTime: 0.419  ,  Loss/total: 3.74089  ,  Loss/ce: 3.70100  ,  IoU: 0.70728  ,  pro_loss: 0.19946
[train: Epoch 14, 1500 / 1875] FPS: 76.7 (357.6)  ,  DataTime: 0.333 (0.008)  ,  ForwardTime: 0.077  ,  TotalTime: 0.417  ,  Loss/total: 3.74039  ,  Loss/ce: 3.70050  ,  IoU: 0.70738  ,  pro_loss: 0.19945
[train: Epoch 14, 1550 / 1875] FPS: 76.6 (10.4)  ,  DataTime: 0.333 (0.008)  ,  ForwardTime: 0.077  ,  TotalTime: 0.418  ,  Loss/total: 3.74015  ,  Loss/ce: 3.70020  ,  IoU: 0.70760  ,  pro_loss: 0.19973
[train: Epoch 14, 1600 / 1875] FPS: 77.1 (347.4)  ,  DataTime: 0.330 (0.008)  ,  ForwardTime: 0.077  ,  TotalTime: 0.415  ,  Loss/total: 3.73940  ,  Loss/ce: 3.69944  ,  IoU: 0.70773  ,  pro_loss: 0.19977
[train: Epoch 14, 1650 / 1875] FPS: 77.3 (358.5)  ,  DataTime: 0.329 (0.008)  ,  ForwardTime: 0.077  ,  TotalTime: 0.414  ,  Loss/total: 3.73957  ,  Loss/ce: 3.69957  ,  IoU: 0.70767  ,  pro_loss: 0.20001
[train: Epoch 14, 1700 / 1875] FPS: 77.4 (348.3)  ,  DataTime: 0.329 (0.008)  ,  ForwardTime: 0.077  ,  TotalTime: 0.413  ,  Loss/total: 3.73950  ,  Loss/ce: 3.69942  ,  IoU: 0.70765  ,  pro_loss: 0.20040
[train: Epoch 14, 1750 / 1875] FPS: 77.4 (355.9)  ,  DataTime: 0.329 (0.008)  ,  ForwardTime: 0.077  ,  TotalTime: 0.413  ,  Loss/total: 3.73978  ,  Loss/ce: 3.69966  ,  IoU: 0.70757  ,  pro_loss: 0.20059
[train: Epoch 14, 1800 / 1875] FPS: 77.8 (358.6)  ,  DataTime: 0.326 (0.008)  ,  ForwardTime: 0.077  ,  TotalTime: 0.411  ,  Loss/total: 3.73993  ,  Loss/ce: 3.69981  ,  IoU: 0.70752  ,  pro_loss: 0.20063
[train: Epoch 14, 1850 / 1875] FPS: 78.1 (48.3)  ,  DataTime: 0.325 (0.008)  ,  ForwardTime: 0.077  ,  TotalTime: 0.410  ,  Loss/total: 3.73973  ,  Loss/ce: 3.69956  ,  IoU: 0.70757  ,  pro_loss: 0.20083
[train: Epoch 14, 1875 / 1875] FPS: 78.3 (369.4)  ,  DataTime: 0.324 (0.008)  ,  ForwardTime: 0.077  ,  TotalTime: 0.409  ,  Loss/total: 3.73946  ,  Loss/ce: 3.69933  ,  IoU: 0.70768  ,  pro_loss: 0.20068
[train: Epoch 15, 50 / 1875] FPS: 72.3 (354.6)  ,  DataTime: 0.358 (0.008)  ,  ForwardTime: 0.077  ,  TotalTime: 0.443  ,  Loss/total: 3.70754  ,  Loss/ce: 3.66767  ,  IoU: 0.71023  ,  pro_loss: 0.19938
[train: Epoch 15, 100 / 1875] FPS: 80.1 (76.6)  ,  DataTime: 0.315 (0.008)  ,  ForwardTime: 0.077  ,  TotalTime: 0.400  ,  Loss/total: 3.71699  ,  Loss/ce: 3.67662  ,  IoU: 0.71019  ,  pro_loss: 0.20188
[train: Epoch 15, 150 / 1875] FPS: 82.2 (56.5)  ,  DataTime: 0.305 (0.008)  ,  ForwardTime: 0.077  ,  TotalTime: 0.389  ,  Loss/total: 3.71870  ,  Loss/ce: 3.67820  ,  IoU: 0.71077  ,  pro_loss: 0.20250
[train: Epoch 15, 200 / 1875] FPS: 84.2 (36.8)  ,  DataTime: 0.296 (0.008)  ,  ForwardTime: 0.077  ,  TotalTime: 0.380  ,  Loss/total: 3.72432  ,  Loss/ce: 3.68405  ,  IoU: 0.70989  ,  pro_loss: 0.20136
[train: Epoch 15, 250 / 1875] FPS: 85.0 (356.1)  ,  DataTime: 0.292 (0.008)  ,  ForwardTime: 0.077  ,  TotalTime: 0.377  ,  Loss/total: 3.72583  ,  Loss/ce: 3.68563  ,  IoU: 0.71012  ,  pro_loss: 0.20100
[train: Epoch 15, 300 / 1875] FPS: 85.0 (361.2)  ,  DataTime: 0.292 (0.008)  ,  ForwardTime: 0.077  ,  TotalTime: 0.376  ,  Loss/total: 3.72451  ,  Loss/ce: 3.68435  ,  IoU: 0.70982  ,  pro_loss: 0.20077
[train: Epoch 15, 350 / 1875] FPS: 85.6 (360.3)  ,  DataTime: 0.289 (0.008)  ,  ForwardTime: 0.077  ,  TotalTime: 0.374  ,  Loss/total: 3.72898  ,  Loss/ce: 3.68866  ,  IoU: 0.70983  ,  pro_loss: 0.20161
[train: Epoch 15, 400 / 1875] FPS: 85.5 (355.0)  ,  DataTime: 0.290 (0.008)  ,  ForwardTime: 0.077  ,  TotalTime: 0.374  ,  Loss/total: 3.72831  ,  Loss/ce: 3.68779  ,  IoU: 0.71060  ,  pro_loss: 0.20258
[train: Epoch 15, 450 / 1875] FPS: 86.4 (17.7)  ,  DataTime: 0.286 (0.008)  ,  ForwardTime: 0.077  ,  TotalTime: 0.370  ,  Loss/total: 3.72536  ,  Loss/ce: 3.68476  ,  IoU: 0.71156  ,  pro_loss: 0.20299
[train: Epoch 15, 500 / 1875] FPS: 86.5 (357.0)  ,  DataTime: 0.286 (0.008)  ,  ForwardTime: 0.077  ,  TotalTime: 0.370  ,  Loss/total: 3.72655  ,  Loss/ce: 3.68576  ,  IoU: 0.71152  ,  pro_loss: 0.20394
[train: Epoch 15, 550 / 1875] FPS: 86.6 (339.1)  ,  DataTime: 0.285 (0.008)  ,  ForwardTime: 0.077  ,  TotalTime: 0.370  ,  Loss/total: 3.72525  ,  Loss/ce: 3.68446  ,  IoU: 0.71132  ,  pro_loss: 0.20398
[train: Epoch 15, 600 / 1875] FPS: 87.5 (340.9)  ,  DataTime: 0.281 (0.008)  ,  ForwardTime: 0.077  ,  TotalTime: 0.366  ,  Loss/total: 3.72568  ,  Loss/ce: 3.68478  ,  IoU: 0.71105  ,  pro_loss: 0.20448
[train: Epoch 15, 650 / 1875] FPS: 87.5 (359.6)  ,  DataTime: 0.281 (0.008)  ,  ForwardTime: 0.077  ,  TotalTime: 0.366  ,  Loss/total: 3.72565  ,  Loss/ce: 3.68471  ,  IoU: 0.71086  ,  pro_loss: 0.20466
[train: Epoch 15, 700 / 1875] FPS: 87.5 (348.1)  ,  DataTime: 0.281 (0.008)  ,  ForwardTime: 0.077  ,  TotalTime: 0.366  ,  Loss/total: 3.72629  ,  Loss/ce: 3.68534  ,  IoU: 0.71150  ,  pro_loss: 0.20472
[train: Epoch 15, 750 / 1875] FPS: 87.9 (357.6)  ,  DataTime: 0.279 (0.008)  ,  ForwardTime: 0.077  ,  TotalTime: 0.364  ,  Loss/total: 3.72580  ,  Loss/ce: 3.68490  ,  IoU: 0.71132  ,  pro_loss: 0.20452
[train: Epoch 15, 800 / 1875] FPS: 87.4 (15.7)  ,  DataTime: 0.282 (0.008)  ,  ForwardTime: 0.077  ,  TotalTime: 0.366  ,  Loss/total: 3.72627  ,  Loss/ce: 3.68542  ,  IoU: 0.71107  ,  pro_loss: 0.20423
[train: Epoch 15, 850 / 1875] FPS: 88.2 (367.0)  ,  DataTime: 0.278 (0.008)  ,  ForwardTime: 0.077  ,  TotalTime: 0.363  ,  Loss/total: 3.72759  ,  Loss/ce: 3.68675  ,  IoU: 0.71089  ,  pro_loss: 0.20419
[train: Epoch 15, 900 / 1875] FPS: 87.9 (361.7)  ,  DataTime: 0.279 (0.008)  ,  ForwardTime: 0.077  ,  TotalTime: 0.364  ,  Loss/total: 3.72720  ,  Loss/ce: 3.68638  ,  IoU: 0.71113  ,  pro_loss: 0.20411
[train: Epoch 15, 950 / 1875] FPS: 88.0 (42.2)  ,  DataTime: 0.279 (0.008)  ,  ForwardTime: 0.077  ,  TotalTime: 0.364  ,  Loss/total: 3.72730  ,  Loss/ce: 3.68646  ,  IoU: 0.71137  ,  pro_loss: 0.20419
[train: Epoch 15, 1000 / 1875] FPS: 88.4 (363.3)  ,  DataTime: 0.278 (0.008)  ,  ForwardTime: 0.077  ,  TotalTime: 0.362  ,  Loss/total: 3.72660  ,  Loss/ce: 3.68585  ,  IoU: 0.71175  ,  pro_loss: 0.20374
[train: Epoch 15, 1050 / 1875] FPS: 88.5 (359.0)  ,  DataTime: 0.277 (0.008)  ,  ForwardTime: 0.077  ,  TotalTime: 0.361  ,  Loss/total: 3.72628  ,  Loss/ce: 3.68553  ,  IoU: 0.71157  ,  pro_loss: 0.20374
[train: Epoch 15, 1100 / 1875] FPS: 88.5 (51.5)  ,  DataTime: 0.277 (0.008)  ,  ForwardTime: 0.077  ,  TotalTime: 0.362  ,  Loss/total: 3.72612  ,  Loss/ce: 3.68538  ,  IoU: 0.71144  ,  pro_loss: 0.20369
[train: Epoch 15, 1150 / 1875] FPS: 88.8 (368.3)  ,  DataTime: 0.276 (0.008)  ,  ForwardTime: 0.077  ,  TotalTime: 0.360  ,  Loss/total: 3.72562  ,  Loss/ce: 3.68484  ,  IoU: 0.71141  ,  pro_loss: 0.20391
[train: Epoch 15, 1200 / 1875] FPS: 88.6 (353.2)  ,  DataTime: 0.276 (0.008)  ,  ForwardTime: 0.077  ,  TotalTime: 0.361  ,  Loss/total: 3.72470  ,  Loss/ce: 3.68389  ,  IoU: 0.71175  ,  pro_loss: 0.20406
[train: Epoch 15, 1250 / 1875] FPS: 88.6 (356.1)  ,  DataTime: 0.277 (0.008)  ,  ForwardTime: 0.077  ,  TotalTime: 0.361  ,  Loss/total: 3.72496  ,  Loss/ce: 3.68414  ,  IoU: 0.71175  ,  pro_loss: 0.20410
[train: Epoch 15, 1300 / 1875] FPS: 88.5 (360.1)  ,  DataTime: 0.277 (0.008)  ,  ForwardTime: 0.077  ,  TotalTime: 0.362  ,  Loss/total: 3.72371  ,  Loss/ce: 3.68288  ,  IoU: 0.71213  ,  pro_loss: 0.20418
[train: Epoch 15, 1350 / 1875] FPS: 88.6 (356.0)  ,  DataTime: 0.277 (0.008)  ,  ForwardTime: 0.077  ,  TotalTime: 0.361  ,  Loss/total: 3.72369  ,  Loss/ce: 3.68286  ,  IoU: 0.71211  ,  pro_loss: 0.20414
[train: Epoch 15, 1400 / 1875] FPS: 87.8 (353.1)  ,  DataTime: 0.280 (0.008)  ,  ForwardTime: 0.077  ,  TotalTime: 0.364  ,  Loss/total: 3.72286  ,  Loss/ce: 3.68202  ,  IoU: 0.71247  ,  pro_loss: 0.20416
[train: Epoch 15, 1450 / 1875] FPS: 87.5 (15.4)  ,  DataTime: 0.281 (0.008)  ,  ForwardTime: 0.077  ,  TotalTime: 0.366  ,  Loss/total: 3.72199  ,  Loss/ce: 3.68113  ,  IoU: 0.71267  ,  pro_loss: 0.20431
[train: Epoch 15, 1500 / 1875] FPS: 87.0 (11.9)  ,  DataTime: 0.283 (0.008)  ,  ForwardTime: 0.077  ,  TotalTime: 0.368  ,  Loss/total: 3.72163  ,  Loss/ce: 3.68073  ,  IoU: 0.71265  ,  pro_loss: 0.20448
[train: Epoch 15, 1550 / 1875] FPS: 86.9 (357.9)  ,  DataTime: 0.284 (0.008)  ,  ForwardTime: 0.077  ,  TotalTime: 0.368  ,  Loss/total: 3.72111  ,  Loss/ce: 3.68016  ,  IoU: 0.71250  ,  pro_loss: 0.20475
[train: Epoch 15, 1600 / 1875] FPS: 86.1 (336.8)  ,  DataTime: 0.287 (0.008)  ,  ForwardTime: 0.077  ,  TotalTime: 0.372  ,  Loss/total: 3.72065  ,  Loss/ce: 3.67972  ,  IoU: 0.71241  ,  pro_loss: 0.20464
[train: Epoch 15, 1650 / 1875] FPS: 85.8 (358.3)  ,  DataTime: 0.288 (0.008)  ,  ForwardTime: 0.077  ,  TotalTime: 0.373  ,  Loss/total: 3.72045  ,  Loss/ce: 3.67955  ,  IoU: 0.71259  ,  pro_loss: 0.20451
[train: Epoch 15, 1700 / 1875] FPS: 85.1 (14.0)  ,  DataTime: 0.291 (0.008)  ,  ForwardTime: 0.077  ,  TotalTime: 0.376  ,  Loss/total: 3.72083  ,  Loss/ce: 3.67993  ,  IoU: 0.71282  ,  pro_loss: 0.20446
[train: Epoch 15, 1750 / 1875] FPS: 85.1 (356.0)  ,  DataTime: 0.291 (0.008)  ,  ForwardTime: 0.077  ,  TotalTime: 0.376  ,  Loss/total: 3.72058  ,  Loss/ce: 3.67971  ,  IoU: 0.71274  ,  pro_loss: 0.20435
[train: Epoch 15, 1800 / 1875] FPS: 84.8 (357.3)  ,  DataTime: 0.293 (0.008)  ,  ForwardTime: 0.077  ,  TotalTime: 0.377  ,  Loss/total: 3.72007  ,  Loss/ce: 3.67917  ,  IoU: 0.71304  ,  pro_loss: 0.20452
[train: Epoch 15, 1850 / 1875] FPS: 84.8 (334.2)  ,  DataTime: 0.293 (0.008)  ,  ForwardTime: 0.077  ,  TotalTime: 0.377  ,  Loss/total: 3.72022  ,  Loss/ce: 3.67929  ,  IoU: 0.71307  ,  pro_loss: 0.20470
[train: Epoch 15, 1875 / 1875] FPS: 84.8 (369.3)  ,  DataTime: 0.293 (0.008)  ,  ForwardTime: 0.077  ,  TotalTime: 0.378  ,  Loss/total: 3.71980  ,  Loss/ce: 3.67886  ,  IoU: 0.71316  ,  pro_loss: 0.20473
[val: Epoch 15, 50 / 312] FPS: 62.7 (15.1)  ,  DataTime: 0.447 (0.010)  ,  ForwardTime: 0.054  ,  TotalTime: 0.510  ,  Loss/total: nan  ,  Loss/giou: 0.30819  ,  Loss/l1: 0.02588  ,  Loss/location: nan  ,  pro_loss: 0.17458  ,  IoU: 0.71307
[val: Epoch 15, 100 / 312] FPS: 66.9 (538.3)  ,  DataTime: 0.422 (0.009)  ,  ForwardTime: 0.048  ,  TotalTime: 0.478  ,  Loss/total: nan  ,  Loss/giou: 0.31441  ,  Loss/l1: 0.02708  ,  Loss/location: nan  ,  pro_loss: 0.17688  ,  IoU: 0.70841
[val: Epoch 15, 150 / 312] FPS: 71.8 (565.5)  ,  DataTime: 0.391 (0.009)  ,  ForwardTime: 0.046  ,  TotalTime: 0.445  ,  Loss/total: nan  ,  Loss/giou: 0.31840  ,  Loss/l1: 0.02785  ,  Loss/location: nan  ,  pro_loss: 0.17785  ,  IoU: 0.70541
[val: Epoch 15, 200 / 312] FPS: 71.8 (569.5)  ,  DataTime: 0.392 (0.009)  ,  ForwardTime: 0.045  ,  TotalTime: 0.446  ,  Loss/total: nan  ,  Loss/giou: 0.31703  ,  Loss/l1: 0.02746  ,  Loss/location: nan  ,  pro_loss: 0.17870  ,  IoU: 0.70642
[val: Epoch 15, 250 / 312] FPS: 72.8 (581.4)  ,  DataTime: 0.386 (0.009)  ,  ForwardTime: 0.044  ,  TotalTime: 0.440  ,  Loss/total: nan  ,  Loss/giou: 0.31681  ,  Loss/l1: 0.02755  ,  Loss/location: nan  ,  pro_loss: 0.17967  ,  IoU: 0.70680
[val: Epoch 15, 300 / 312] FPS: 74.2 (562.2)  ,  DataTime: 0.378 (0.009)  ,  ForwardTime: 0.044  ,  TotalTime: 0.431  ,  Loss/total: nan  ,  Loss/giou: 0.31521  ,  Loss/l1: 0.02726  ,  Loss/location: nan  ,  pro_loss: 0.18076  ,  IoU: 0.70790
[val: Epoch 15, 312 / 312] FPS: 76.2 (631.6)  ,  DataTime: 0.367 (0.009)  ,  ForwardTime: 0.043  ,  TotalTime: 0.420  ,  Loss/total: nan  ,  Loss/giou: 0.31553  ,  Loss/l1: 0.02730  ,  Loss/location: nan  ,  pro_loss: 0.18072  ,  IoU: 0.70768
[train: Epoch 16, 50 / 1875] FPS: 64.2 (12.5)  ,  DataTime: 0.414 (0.008)  ,  ForwardTime: 0.076  ,  TotalTime: 0.498  ,  Loss/total: 3.70449  ,  Loss/ce: 3.66216  ,  IoU: 0.71937  ,  pro_loss: 0.21167
[train: Epoch 16, 100 / 1875] FPS: 71.1 (350.7)  ,  DataTime: 0.365 (0.008)  ,  ForwardTime: 0.077  ,  TotalTime: 0.450  ,  Loss/total: 3.70837  ,  Loss/ce: 3.66673  ,  IoU: 0.71484  ,  pro_loss: 0.20823
[train: Epoch 16, 150 / 1875] FPS: 72.4 (18.9)  ,  DataTime: 0.357 (0.008)  ,  ForwardTime: 0.077  ,  TotalTime: 0.442  ,  Loss/total: 3.71354  ,  Loss/ce: 3.67285  ,  IoU: 0.71340  ,  pro_loss: 0.20347
[train: Epoch 16, 200 / 1875] FPS: 71.3 (44.6)  ,  DataTime: 0.365 (0.008)  ,  ForwardTime: 0.076  ,  TotalTime: 0.449  ,  Loss/total: 3.71257  ,  Loss/ce: 3.67165  ,  IoU: 0.71238  ,  pro_loss: 0.20458
[train: Epoch 16, 250 / 1875] FPS: 73.0 (359.3)  ,  DataTime: 0.354 (0.008)  ,  ForwardTime: 0.076  ,  TotalTime: 0.439  ,  Loss/total: 3.71046  ,  Loss/ce: 3.66930  ,  IoU: 0.71422  ,  pro_loss: 0.20579
[train: Epoch 16, 300 / 1875] FPS: 73.5 (352.4)  ,  DataTime: 0.351 (0.008)  ,  ForwardTime: 0.076  ,  TotalTime: 0.436  ,  Loss/total: 3.71162  ,  Loss/ce: 3.67041  ,  IoU: 0.71392  ,  pro_loss: 0.20608
[train: Epoch 16, 350 / 1875] FPS: 72.2 (9.1)  ,  DataTime: 0.358 (0.008)  ,  ForwardTime: 0.076  ,  TotalTime: 0.443  ,  Loss/total: 3.71087  ,  Loss/ce: 3.66971  ,  IoU: 0.71402  ,  pro_loss: 0.20584
[train: Epoch 16, 400 / 1875] FPS: 74.4 (355.3)  ,  DataTime: 0.346 (0.008)  ,  ForwardTime: 0.077  ,  TotalTime: 0.430  ,  Loss/total: 3.71110  ,  Loss/ce: 3.66987  ,  IoU: 0.71511  ,  pro_loss: 0.20615
[train: Epoch 16, 450 / 1875] FPS: 74.3 (49.2)  ,  DataTime: 0.346 (0.008)  ,  ForwardTime: 0.077  ,  TotalTime: 0.430  ,  Loss/total: 3.70964  ,  Loss/ce: 3.66831  ,  IoU: 0.71643  ,  pro_loss: 0.20665
[train: Epoch 16, 500 / 1875] FPS: 74.8 (363.6)  ,  DataTime: 0.343 (0.008)  ,  ForwardTime: 0.077  ,  TotalTime: 0.428  ,  Loss/total: 3.71049  ,  Loss/ce: 3.66932  ,  IoU: 0.71652  ,  pro_loss: 0.20586
[train: Epoch 16, 550 / 1875] FPS: 75.3 (349.7)  ,  DataTime: 0.340 (0.008)  ,  ForwardTime: 0.077  ,  TotalTime: 0.425  ,  Loss/total: 3.70936  ,  Loss/ce: 3.66802  ,  IoU: 0.71674  ,  pro_loss: 0.20667
[train: Epoch 16, 600 / 1875] FPS: 75.5 (341.1)  ,  DataTime: 0.339 (0.008)  ,  ForwardTime: 0.077  ,  TotalTime: 0.424  ,  Loss/total: 3.70701  ,  Loss/ce: 3.66561  ,  IoU: 0.71714  ,  pro_loss: 0.20702
[train: Epoch 16, 650 / 1875] FPS: 76.1 (366.7)  ,  DataTime: 0.336 (0.008)  ,  ForwardTime: 0.076  ,  TotalTime: 0.421  ,  Loss/total: 3.70560  ,  Loss/ce: 3.66419  ,  IoU: 0.71723  ,  pro_loss: 0.20701
[train: Epoch 16, 700 / 1875] FPS: 76.1 (355.9)  ,  DataTime: 0.336 (0.008)  ,  ForwardTime: 0.077  ,  TotalTime: 0.421  ,  Loss/total: 3.70583  ,  Loss/ce: 3.66447  ,  IoU: 0.71689  ,  pro_loss: 0.20680
[train: Epoch 16, 750 / 1875] FPS: 75.8 (352.4)  ,  DataTime: 0.337 (0.008)  ,  ForwardTime: 0.077  ,  TotalTime: 0.422  ,  Loss/total: 3.70592  ,  Loss/ce: 3.66456  ,  IoU: 0.71709  ,  pro_loss: 0.20679
[train: Epoch 16, 800 / 1875] FPS: 75.9 (225.6)  ,  DataTime: 0.337 (0.008)  ,  ForwardTime: 0.077  ,  TotalTime: 0.422  ,  Loss/total: 3.70488  ,  Loss/ce: 3.66354  ,  IoU: 0.71675  ,  pro_loss: 0.20673
[train: Epoch 16, 850 / 1875] FPS: 76.1 (358.3)  ,  DataTime: 0.335 (0.008)  ,  ForwardTime: 0.077  ,  TotalTime: 0.420  ,  Loss/total: 3.70472  ,  Loss/ce: 3.66336  ,  IoU: 0.71680  ,  pro_loss: 0.20678
[train: Epoch 16, 900 / 1875] FPS: 76.1 (359.0)  ,  DataTime: 0.336 (0.008)  ,  ForwardTime: 0.077  ,  TotalTime: 0.420  ,  Loss/total: 3.70401  ,  Loss/ce: 3.66255  ,  IoU: 0.71698  ,  pro_loss: 0.20726
[train: Epoch 16, 950 / 1875] FPS: 76.5 (348.7)  ,  DataTime: 0.334 (0.008)  ,  ForwardTime: 0.077  ,  TotalTime: 0.418  ,  Loss/total: 3.70401  ,  Loss/ce: 3.66255  ,  IoU: 0.71696  ,  pro_loss: 0.20729
[train: Epoch 16, 1000 / 1875] FPS: 76.4 (361.0)  ,  DataTime: 0.334 (0.008)  ,  ForwardTime: 0.077  ,  TotalTime: 0.419  ,  Loss/total: 3.70281  ,  Loss/ce: 3.66126  ,  IoU: 0.71728  ,  pro_loss: 0.20773
[train: Epoch 16, 1050 / 1875] FPS: 76.2 (359.6)  ,  DataTime: 0.336 (0.008)  ,  ForwardTime: 0.077  ,  TotalTime: 0.420  ,  Loss/total: 3.70230  ,  Loss/ce: 3.66079  ,  IoU: 0.71750  ,  pro_loss: 0.20755
[train: Epoch 16, 1100 / 1875] FPS: 75.9 (357.1)  ,  DataTime: 0.337 (0.008)  ,  ForwardTime: 0.077  ,  TotalTime: 0.421  ,  Loss/total: 3.70162  ,  Loss/ce: 3.66011  ,  IoU: 0.71756  ,  pro_loss: 0.20757
[train: Epoch 16, 1150 / 1875] FPS: 76.3 (62.3)  ,  DataTime: 0.335 (0.008)  ,  ForwardTime: 0.077  ,  TotalTime: 0.419  ,  Loss/total: 3.70138  ,  Loss/ce: 3.65988  ,  IoU: 0.71772  ,  pro_loss: 0.20750
[train: Epoch 16, 1200 / 1875] FPS: 76.6 (345.2)  ,  DataTime: 0.333 (0.008)  ,  ForwardTime: 0.077  ,  TotalTime: 0.417  ,  Loss/total: 3.70295  ,  Loss/ce: 3.66145  ,  IoU: 0.71709  ,  pro_loss: 0.20751
[train: Epoch 16, 1250 / 1875] FPS: 76.7 (44.4)  ,  DataTime: 0.332 (0.008)  ,  ForwardTime: 0.077  ,  TotalTime: 0.417  ,  Loss/total: 3.70320  ,  Loss/ce: 3.66165  ,  IoU: 0.71724  ,  pro_loss: 0.20773
[train: Epoch 16, 1300 / 1875] FPS: 76.9 (358.5)  ,  DataTime: 0.331 (0.008)  ,  ForwardTime: 0.076  ,  TotalTime: 0.416  ,  Loss/total: 3.70332  ,  Loss/ce: 3.66181  ,  IoU: 0.71723  ,  pro_loss: 0.20756
[train: Epoch 16, 1350 / 1875] FPS: 76.7 (17.3)  ,  DataTime: 0.332 (0.008)  ,  ForwardTime: 0.076  ,  TotalTime: 0.417  ,  Loss/total: 3.70406  ,  Loss/ce: 3.66255  ,  IoU: 0.71723  ,  pro_loss: 0.20756
[train: Epoch 16, 1400 / 1875] FPS: 77.0 (356.2)  ,  DataTime: 0.331 (0.008)  ,  ForwardTime: 0.076  ,  TotalTime: 0.416  ,  Loss/total: 3.70365  ,  Loss/ce: 3.66214  ,  IoU: 0.71723  ,  pro_loss: 0.20755
[train: Epoch 16, 1450 / 1875] FPS: 77.3 (347.7)  ,  DataTime: 0.329 (0.008)  ,  ForwardTime: 0.076  ,  TotalTime: 0.414  ,  Loss/total: 3.70397  ,  Loss/ce: 3.66245  ,  IoU: 0.71697  ,  pro_loss: 0.20761
[train: Epoch 16, 1500 / 1875] FPS: 77.5 (355.5)  ,  DataTime: 0.328 (0.008)  ,  ForwardTime: 0.076  ,  TotalTime: 0.413  ,  Loss/total: 3.70404  ,  Loss/ce: 3.66254  ,  IoU: 0.71697  ,  pro_loss: 0.20753
[train: Epoch 16, 1550 / 1875] FPS: 77.2 (8.6)  ,  DataTime: 0.330 (0.008)  ,  ForwardTime: 0.076  ,  TotalTime: 0.414  ,  Loss/total: 3.70389  ,  Loss/ce: 3.66240  ,  IoU: 0.71690  ,  pro_loss: 0.20747
[train: Epoch 16, 1600 / 1875] FPS: 77.6 (354.2)  ,  DataTime: 0.328 (0.008)  ,  ForwardTime: 0.076  ,  TotalTime: 0.412  ,  Loss/total: 3.70370  ,  Loss/ce: 3.66218  ,  IoU: 0.71680  ,  pro_loss: 0.20760
[train: Epoch 16, 1650 / 1875] FPS: 77.9 (356.3)  ,  DataTime: 0.326 (0.008)  ,  ForwardTime: 0.076  ,  TotalTime: 0.411  ,  Loss/total: 3.70386  ,  Loss/ce: 3.66233  ,  IoU: 0.71686  ,  pro_loss: 0.20762
[train: Epoch 16, 1700 / 1875] FPS: 78.1 (350.0)  ,  DataTime: 0.325 (0.008)  ,  ForwardTime: 0.076  ,  TotalTime: 0.410  ,  Loss/total: 3.70374  ,  Loss/ce: 3.66216  ,  IoU: 0.71685  ,  pro_loss: 0.20787
[train: Epoch 16, 1750 / 1875] FPS: 78.2 (126.9)  ,  DataTime: 0.325 (0.008)  ,  ForwardTime: 0.076  ,  TotalTime: 0.409  ,  Loss/total: 3.70379  ,  Loss/ce: 3.66222  ,  IoU: 0.71684  ,  pro_loss: 0.20786
[train: Epoch 16, 1800 / 1875] FPS: 78.3 (354.2)  ,  DataTime: 0.324 (0.008)  ,  ForwardTime: 0.076  ,  TotalTime: 0.409  ,  Loss/total: 3.70286  ,  Loss/ce: 3.66128  ,  IoU: 0.71690  ,  pro_loss: 0.20788
[train: Epoch 16, 1850 / 1875] FPS: 78.3 (362.8)  ,  DataTime: 0.324 (0.008)  ,  ForwardTime: 0.076  ,  TotalTime: 0.409  ,  Loss/total: 3.70253  ,  Loss/ce: 3.66097  ,  IoU: 0.71693  ,  pro_loss: 0.20783
[train: Epoch 16, 1875 / 1875] FPS: 78.6 (371.7)  ,  DataTime: 0.323 (0.008)  ,  ForwardTime: 0.076  ,  TotalTime: 0.407  ,  Loss/total: 3.70251  ,  Loss/ce: 3.66095  ,  IoU: 0.71691  ,  pro_loss: 0.20783
[train: Epoch 17, 50 / 1875] FPS: 72.0 (363.3)  ,  DataTime: 0.360 (0.008)  ,  ForwardTime: 0.076  ,  TotalTime: 0.444  ,  Loss/total: 3.68604  ,  Loss/ce: 3.64391  ,  IoU: 0.71253  ,  pro_loss: 0.21063
[train: Epoch 17, 100 / 1875] FPS: 77.8 (360.8)  ,  DataTime: 0.327 (0.008)  ,  ForwardTime: 0.076  ,  TotalTime: 0.411  ,  Loss/total: 3.69498  ,  Loss/ce: 3.65334  ,  IoU: 0.71688  ,  pro_loss: 0.20823
[train: Epoch 17, 150 / 1875] FPS: 80.6 (61.5)  ,  DataTime: 0.312 (0.008)  ,  ForwardTime: 0.076  ,  TotalTime: 0.397  ,  Loss/total: 3.69353  ,  Loss/ce: 3.65176  ,  IoU: 0.71738  ,  pro_loss: 0.20889
[train: Epoch 17, 200 / 1875] FPS: 82.2 (357.6)  ,  DataTime: 0.305 (0.008)  ,  ForwardTime: 0.076  ,  TotalTime: 0.389  ,  Loss/total: 3.69348  ,  Loss/ce: 3.65171  ,  IoU: 0.71598  ,  pro_loss: 0.20885
[train: Epoch 17, 250 / 1875] FPS: 82.9 (356.6)  ,  DataTime: 0.301 (0.008)  ,  ForwardTime: 0.076  ,  TotalTime: 0.386  ,  Loss/total: 3.69523  ,  Loss/ce: 3.65356  ,  IoU: 0.71472  ,  pro_loss: 0.20833
[train: Epoch 17, 300 / 1875] FPS: 82.5 (356.4)  ,  DataTime: 0.303 (0.008)  ,  ForwardTime: 0.076  ,  TotalTime: 0.388  ,  Loss/total: 3.69468  ,  Loss/ce: 3.65292  ,  IoU: 0.71510  ,  pro_loss: 0.20879
[train: Epoch 17, 350 / 1875] FPS: 82.9 (26.5)  ,  DataTime: 0.302 (0.008)  ,  ForwardTime: 0.076  ,  TotalTime: 0.386  ,  Loss/total: 3.69238  ,  Loss/ce: 3.65038  ,  IoU: 0.71686  ,  pro_loss: 0.21000
[train: Epoch 17, 400 / 1875] FPS: 83.8 (365.6)  ,  DataTime: 0.297 (0.008)  ,  ForwardTime: 0.076  ,  TotalTime: 0.382  ,  Loss/total: 3.69037  ,  Loss/ce: 3.64826  ,  IoU: 0.71798  ,  pro_loss: 0.21052
[train: Epoch 17, 450 / 1875] FPS: 83.9 (349.9)  ,  DataTime: 0.297 (0.008)  ,  ForwardTime: 0.076  ,  TotalTime: 0.381  ,  Loss/total: 3.69212  ,  Loss/ce: 3.64970  ,  IoU: 0.71779  ,  pro_loss: 0.21208
[train: Epoch 17, 500 / 1875] FPS: 84.2 (353.1)  ,  DataTime: 0.295 (0.008)  ,  ForwardTime: 0.077  ,  TotalTime: 0.380  ,  Loss/total: 3.69138  ,  Loss/ce: 3.64900  ,  IoU: 0.71810  ,  pro_loss: 0.21192
[train: Epoch 17, 550 / 1875] FPS: 83.9 (355.7)  ,  DataTime: 0.297 (0.008)  ,  ForwardTime: 0.077  ,  TotalTime: 0.381  ,  Loss/total: 3.69485  ,  Loss/ce: 3.65256  ,  IoU: 0.71706  ,  pro_loss: 0.21146
[train: Epoch 17, 600 / 1875] FPS: 84.7 (365.6)  ,  DataTime: 0.293 (0.008)  ,  ForwardTime: 0.077  ,  TotalTime: 0.378  ,  Loss/total: 3.69388  ,  Loss/ce: 3.65165  ,  IoU: 0.71774  ,  pro_loss: 0.21115
[train: Epoch 17, 650 / 1875] FPS: 85.0 (346.4)  ,  DataTime: 0.292 (0.008)  ,  ForwardTime: 0.077  ,  TotalTime: 0.377  ,  Loss/total: 3.69432  ,  Loss/ce: 3.65201  ,  IoU: 0.71816  ,  pro_loss: 0.21152
[train: Epoch 17, 700 / 1875] FPS: 85.1 (345.4)  ,  DataTime: 0.291 (0.008)  ,  ForwardTime: 0.076  ,  TotalTime: 0.376  ,  Loss/total: 3.69493  ,  Loss/ce: 3.65265  ,  IoU: 0.71791  ,  pro_loss: 0.21140
[train: Epoch 17, 750 / 1875] FPS: 85.1 (350.3)  ,  DataTime: 0.291 (0.008)  ,  ForwardTime: 0.077  ,  TotalTime: 0.376  ,  Loss/total: 3.69278  ,  Loss/ce: 3.65036  ,  IoU: 0.71868  ,  pro_loss: 0.21210
[train: Epoch 17, 800 / 1875] FPS: 85.8 (361.6)  ,  DataTime: 0.288 (0.008)  ,  ForwardTime: 0.077  ,  TotalTime: 0.373  ,  Loss/total: 3.69488  ,  Loss/ce: 3.65248  ,  IoU: 0.71771  ,  pro_loss: 0.21199
[train: Epoch 17, 850 / 1875] FPS: 85.8 (360.6)  ,  DataTime: 0.288 (0.008)  ,  ForwardTime: 0.077  ,  TotalTime: 0.373  ,  Loss/total: 3.69411  ,  Loss/ce: 3.65162  ,  IoU: 0.71845  ,  pro_loss: 0.21246
[train: Epoch 17, 900 / 1875] FPS: 86.2 (58.6)  ,  DataTime: 0.287 (0.008)  ,  ForwardTime: 0.077  ,  TotalTime: 0.371  ,  Loss/total: 3.69330  ,  Loss/ce: 3.65083  ,  IoU: 0.71853  ,  pro_loss: 0.21231
[train: Epoch 17, 950 / 1875] FPS: 86.4 (352.9)  ,  DataTime: 0.286 (0.008)  ,  ForwardTime: 0.077  ,  TotalTime: 0.370  ,  Loss/total: 3.69403  ,  Loss/ce: 3.65154  ,  IoU: 0.71883  ,  pro_loss: 0.21246
[train: Epoch 17, 1000 / 1875] FPS: 86.8 (221.2)  ,  DataTime: 0.284 (0.008)  ,  ForwardTime: 0.077  ,  TotalTime: 0.369  ,  Loss/total: 3.69554  ,  Loss/ce: 3.65307  ,  IoU: 0.71824  ,  pro_loss: 0.21238
[train: Epoch 17, 1050 / 1875] FPS: 87.2 (347.8)  ,  DataTime: 0.282 (0.008)  ,  ForwardTime: 0.077  ,  TotalTime: 0.367  ,  Loss/total: 3.69489  ,  Loss/ce: 3.65238  ,  IoU: 0.71871  ,  pro_loss: 0.21255
[train: Epoch 17, 1100 / 1875] FPS: 87.1 (20.4)  ,  DataTime: 0.283 (0.008)  ,  ForwardTime: 0.077  ,  TotalTime: 0.367  ,  Loss/total: 3.69497  ,  Loss/ce: 3.65248  ,  IoU: 0.71869  ,  pro_loss: 0.21249
[train: Epoch 17, 1150 / 1875] FPS: 87.1 (20.8)  ,  DataTime: 0.283 (0.008)  ,  ForwardTime: 0.077  ,  TotalTime: 0.367  ,  Loss/total: 3.69467  ,  Loss/ce: 3.65213  ,  IoU: 0.71891  ,  pro_loss: 0.21270
[train: Epoch 17, 1200 / 1875] FPS: 87.0 (356.7)  ,  DataTime: 0.283 (0.008)  ,  ForwardTime: 0.077  ,  TotalTime: 0.368  ,  Loss/total: 3.69398  ,  Loss/ce: 3.65141  ,  IoU: 0.71894  ,  pro_loss: 0.21281
[train: Epoch 17, 1250 / 1875] FPS: 87.2 (357.2)  ,  DataTime: 0.282 (0.008)  ,  ForwardTime: 0.077  ,  TotalTime: 0.367  ,  Loss/total: 3.69375  ,  Loss/ce: 3.65115  ,  IoU: 0.71910  ,  pro_loss: 0.21300
[train: Epoch 17, 1300 / 1875] FPS: 87.3 (352.1)  ,  DataTime: 0.282 (0.008)  ,  ForwardTime: 0.077  ,  TotalTime: 0.366  ,  Loss/total: 3.69286  ,  Loss/ce: 3.65026  ,  IoU: 0.71937  ,  pro_loss: 0.21297
[train: Epoch 17, 1350 / 1875] FPS: 87.4 (364.4)  ,  DataTime: 0.281 (0.008)  ,  ForwardTime: 0.077  ,  TotalTime: 0.366  ,  Loss/total: 3.69310  ,  Loss/ce: 3.65050  ,  IoU: 0.71911  ,  pro_loss: 0.21302
[train: Epoch 17, 1400 / 1875] FPS: 87.2 (354.1)  ,  DataTime: 0.282 (0.008)  ,  ForwardTime: 0.077  ,  TotalTime: 0.367  ,  Loss/total: 3.69355  ,  Loss/ce: 3.65098  ,  IoU: 0.71905  ,  pro_loss: 0.21289
[train: Epoch 17, 1450 / 1875] FPS: 87.3 (17.0)  ,  DataTime: 0.282 (0.008)  ,  ForwardTime: 0.077  ,  TotalTime: 0.367  ,  Loss/total: 3.69308  ,  Loss/ce: 3.65052  ,  IoU: 0.71922  ,  pro_loss: 0.21279
[train: Epoch 17, 1500 / 1875] FPS: 87.3 (357.2)  ,  DataTime: 0.282 (0.008)  ,  ForwardTime: 0.077  ,  TotalTime: 0.366  ,  Loss/total: 3.69344  ,  Loss/ce: 3.65091  ,  IoU: 0.71904  ,  pro_loss: 0.21266
[train: Epoch 17, 1550 / 1875] FPS: 87.5 (52.4)  ,  DataTime: 0.281 (0.008)  ,  ForwardTime: 0.077  ,  TotalTime: 0.366  ,  Loss/total: 3.69349  ,  Loss/ce: 3.65096  ,  IoU: 0.71889  ,  pro_loss: 0.21263
[train: Epoch 17, 1600 / 1875] FPS: 87.4 (352.7)  ,  DataTime: 0.281 (0.008)  ,  ForwardTime: 0.077  ,  TotalTime: 0.366  ,  Loss/total: 3.69329  ,  Loss/ce: 3.65077  ,  IoU: 0.71884  ,  pro_loss: 0.21262
[train: Epoch 17, 1650 / 1875] FPS: 87.5 (19.5)  ,  DataTime: 0.281 (0.008)  ,  ForwardTime: 0.077  ,  TotalTime: 0.366  ,  Loss/total: 3.69303  ,  Loss/ce: 3.65051  ,  IoU: 0.71871  ,  pro_loss: 0.21259
[train: Epoch 17, 1700 / 1875] FPS: 87.5 (358.5)  ,  DataTime: 0.281 (0.008)  ,  ForwardTime: 0.077  ,  TotalTime: 0.366  ,  Loss/total: 3.69308  ,  Loss/ce: 3.65054  ,  IoU: 0.71871  ,  pro_loss: 0.21268
[train: Epoch 17, 1750 / 1875] FPS: 87.7 (339.7)  ,  DataTime: 0.280 (0.008)  ,  ForwardTime: 0.077  ,  TotalTime: 0.365  ,  Loss/total: 3.69266  ,  Loss/ce: 3.65013  ,  IoU: 0.71878  ,  pro_loss: 0.21268
[train: Epoch 17, 1800 / 1875] FPS: 87.8 (360.2)  ,  DataTime: 0.280 (0.008)  ,  ForwardTime: 0.077  ,  TotalTime: 0.364  ,  Loss/total: 3.69266  ,  Loss/ce: 3.65014  ,  IoU: 0.71881  ,  pro_loss: 0.21262
[train: Epoch 17, 1850 / 1875] FPS: 88.0 (358.5)  ,  DataTime: 0.279 (0.008)  ,  ForwardTime: 0.077  ,  TotalTime: 0.364  ,  Loss/total: 3.69261  ,  Loss/ce: 3.65006  ,  IoU: 0.71892  ,  pro_loss: 0.21276
[train: Epoch 17, 1875 / 1875] FPS: 88.2 (365.6)  ,  DataTime: 0.278 (0.008)  ,  ForwardTime: 0.077  ,  TotalTime: 0.363  ,  Loss/total: 3.69212  ,  Loss/ce: 3.64956  ,  IoU: 0.71897  ,  pro_loss: 0.21277
[train: Epoch 18, 50 / 1875] FPS: 71.9 (367.4)  ,  DataTime: 0.360 (0.008)  ,  ForwardTime: 0.077  ,  TotalTime: 0.445  ,  Loss/total: 3.68697  ,  Loss/ce: 3.64385  ,  IoU: 0.71451  ,  pro_loss: 0.21563
[train: Epoch 18, 100 / 1875] FPS: 82.2 (352.6)  ,  DataTime: 0.304 (0.008)  ,  ForwardTime: 0.077  ,  TotalTime: 0.389  ,  Loss/total: 3.67884  ,  Loss/ce: 3.63580  ,  IoU: 0.71943  ,  pro_loss: 0.21521
[train: Epoch 18, 150 / 1875] FPS: 86.4 (362.8)  ,  DataTime: 0.286 (0.008)  ,  ForwardTime: 0.077  ,  TotalTime: 0.371  ,  Loss/total: 3.67732  ,  Loss/ce: 3.63424  ,  IoU: 0.72161  ,  pro_loss: 0.21542
[train: Epoch 18, 200 / 1875] FPS: 87.4 (356.3)  ,  DataTime: 0.281 (0.008)  ,  ForwardTime: 0.077  ,  TotalTime: 0.366  ,  Loss/total: 3.67638  ,  Loss/ce: 3.63331  ,  IoU: 0.72167  ,  pro_loss: 0.21531
[train: Epoch 18, 250 / 1875] FPS: 88.4 (355.9)  ,  DataTime: 0.277 (0.008)  ,  ForwardTime: 0.077  ,  TotalTime: 0.362  ,  Loss/total: 3.67903  ,  Loss/ce: 3.63594  ,  IoU: 0.72273  ,  pro_loss: 0.21546
[train: Epoch 18, 300 / 1875] FPS: 87.1 (349.0)  ,  DataTime: 0.283 (0.008)  ,  ForwardTime: 0.077  ,  TotalTime: 0.368  ,  Loss/total: 3.68007  ,  Loss/ce: 3.63712  ,  IoU: 0.72346  ,  pro_loss: 0.21476
[train: Epoch 18, 350 / 1875] FPS: 87.9 (76.3)  ,  DataTime: 0.279 (0.008)  ,  ForwardTime: 0.077  ,  TotalTime: 0.364  ,  Loss/total: 3.68068  ,  Loss/ce: 3.63755  ,  IoU: 0.72348  ,  pro_loss: 0.21566
[train: Epoch 18, 400 / 1875] FPS: 87.5 (362.5)  ,  DataTime: 0.281 (0.008)  ,  ForwardTime: 0.077  ,  TotalTime: 0.366  ,  Loss/total: 3.68376  ,  Loss/ce: 3.64064  ,  IoU: 0.72265  ,  pro_loss: 0.21560
[train: Epoch 18, 450 / 1875] FPS: 84.0 (13.3)  ,  DataTime: 0.296 (0.008)  ,  ForwardTime: 0.077  ,  TotalTime: 0.381  ,  Loss/total: 3.68466  ,  Loss/ce: 3.64153  ,  IoU: 0.72192  ,  pro_loss: 0.21567
[train: Epoch 18, 500 / 1875] FPS: 82.4 (191.2)  ,  DataTime: 0.303 (0.008)  ,  ForwardTime: 0.077  ,  TotalTime: 0.388  ,  Loss/total: 3.68631  ,  Loss/ce: 3.64327  ,  IoU: 0.72061  ,  pro_loss: 0.21517
[train: Epoch 18, 550 / 1875] FPS: 81.1 (349.9)  ,  DataTime: 0.310 (0.008)  ,  ForwardTime: 0.077  ,  TotalTime: 0.395  ,  Loss/total: 3.68594  ,  Loss/ce: 3.64295  ,  IoU: 0.72139  ,  pro_loss: 0.21491
[train: Epoch 18, 600 / 1875] FPS: 80.1 (354.1)  ,  DataTime: 0.315 (0.008)  ,  ForwardTime: 0.077  ,  TotalTime: 0.399  ,  Loss/total: 3.68474  ,  Loss/ce: 3.64180  ,  IoU: 0.72202  ,  pro_loss: 0.21467
[train: Epoch 18, 650 / 1875] FPS: 78.4 (13.1)  ,  DataTime: 0.323 (0.008)  ,  ForwardTime: 0.077  ,  TotalTime: 0.408  ,  Loss/total: 3.68368  ,  Loss/ce: 3.64074  ,  IoU: 0.72253  ,  pro_loss: 0.21471
[train: Epoch 18, 700 / 1875] FPS: 77.4 (354.2)  ,  DataTime: 0.328 (0.008)  ,  ForwardTime: 0.077  ,  TotalTime: 0.413  ,  Loss/total: 3.68327  ,  Loss/ce: 3.64031  ,  IoU: 0.72250  ,  pro_loss: 0.21479
[train: Epoch 18, 750 / 1875] FPS: 77.1 (360.6)  ,  DataTime: 0.330 (0.008)  ,  ForwardTime: 0.077  ,  TotalTime: 0.415  ,  Loss/total: 3.68410  ,  Loss/ce: 3.64110  ,  IoU: 0.72214  ,  pro_loss: 0.21499
[train: Epoch 18, 800 / 1875] FPS: 76.6 (353.3)  ,  DataTime: 0.333 (0.008)  ,  ForwardTime: 0.077  ,  TotalTime: 0.418  ,  Loss/total: 3.68483  ,  Loss/ce: 3.64184  ,  IoU: 0.72181  ,  pro_loss: 0.21498
[train: Epoch 18, 850 / 1875] FPS: 76.5 (358.3)  ,  DataTime: 0.334 (0.008)  ,  ForwardTime: 0.077  ,  TotalTime: 0.418  ,  Loss/total: 3.68362  ,  Loss/ce: 3.64071  ,  IoU: 0.72242  ,  pro_loss: 0.21452
[train: Epoch 18, 900 / 1875] FPS: 76.0 (21.7)  ,  DataTime: 0.337 (0.008)  ,  ForwardTime: 0.077  ,  TotalTime: 0.421  ,  Loss/total: 3.68351  ,  Loss/ce: 3.64057  ,  IoU: 0.72218  ,  pro_loss: 0.21465
[train: Epoch 18, 950 / 1875] FPS: 75.5 (39.2)  ,  DataTime: 0.339 (0.008)  ,  ForwardTime: 0.077  ,  TotalTime: 0.424  ,  Loss/total: 3.68360  ,  Loss/ce: 3.64065  ,  IoU: 0.72250  ,  pro_loss: 0.21479
[train: Epoch 18, 1000 / 1875] FPS: 75.4 (360.8)  ,  DataTime: 0.340 (0.008)  ,  ForwardTime: 0.077  ,  TotalTime: 0.424  ,  Loss/total: 3.68438  ,  Loss/ce: 3.64142  ,  IoU: 0.72253  ,  pro_loss: 0.21476
[train: Epoch 18, 1050 / 1875] FPS: 75.4 (352.2)  ,  DataTime: 0.339 (0.008)  ,  ForwardTime: 0.077  ,  TotalTime: 0.424  ,  Loss/total: 3.68264  ,  Loss/ce: 3.63961  ,  IoU: 0.72275  ,  pro_loss: 0.21513
[train: Epoch 18, 1100 / 1875] FPS: 75.3 (361.8)  ,  DataTime: 0.340 (0.008)  ,  ForwardTime: 0.077  ,  TotalTime: 0.425  ,  Loss/total: 3.68362  ,  Loss/ce: 3.64061  ,  IoU: 0.72275  ,  pro_loss: 0.21508
[train: Epoch 18, 1150 / 1875] FPS: 75.0 (11.5)  ,  DataTime: 0.342 (0.008)  ,  ForwardTime: 0.077  ,  TotalTime: 0.427  ,  Loss/total: 3.68262  ,  Loss/ce: 3.63955  ,  IoU: 0.72282  ,  pro_loss: 0.21532
[train: Epoch 18, 1200 / 1875] FPS: 74.9 (39.6)  ,  DataTime: 0.342 (0.008)  ,  ForwardTime: 0.077  ,  TotalTime: 0.427  ,  Loss/total: 3.68236  ,  Loss/ce: 3.63929  ,  IoU: 0.72284  ,  pro_loss: 0.21537
[train: Epoch 18, 1250 / 1875] FPS: 75.2 (359.2)  ,  DataTime: 0.341 (0.008)  ,  ForwardTime: 0.077  ,  TotalTime: 0.426  ,  Loss/total: 3.68245  ,  Loss/ce: 3.63937  ,  IoU: 0.72291  ,  pro_loss: 0.21542
[train: Epoch 18, 1300 / 1875] FPS: 75.2 (355.2)  ,  DataTime: 0.341 (0.008)  ,  ForwardTime: 0.077  ,  TotalTime: 0.426  ,  Loss/total: 3.68203  ,  Loss/ce: 3.63895  ,  IoU: 0.72317  ,  pro_loss: 0.21543
[train: Epoch 18, 1350 / 1875] FPS: 75.0 (13.4)  ,  DataTime: 0.342 (0.008)  ,  ForwardTime: 0.077  ,  TotalTime: 0.427  ,  Loss/total: 3.68156  ,  Loss/ce: 3.63848  ,  IoU: 0.72336  ,  pro_loss: 0.21541
[train: Epoch 18, 1400 / 1875] FPS: 75.2 (22.2)  ,  DataTime: 0.341 (0.008)  ,  ForwardTime: 0.077  ,  TotalTime: 0.425  ,  Loss/total: 3.68163  ,  Loss/ce: 3.63855  ,  IoU: 0.72350  ,  pro_loss: 0.21540
[train: Epoch 18, 1450 / 1875] FPS: 75.0 (355.3)  ,  DataTime: 0.342 (0.008)  ,  ForwardTime: 0.077  ,  TotalTime: 0.427  ,  Loss/total: 3.68070  ,  Loss/ce: 3.63763  ,  IoU: 0.72361  ,  pro_loss: 0.21532
[train: Epoch 18, 1500 / 1875] FPS: 75.0 (354.7)  ,  DataTime: 0.342 (0.008)  ,  ForwardTime: 0.077  ,  TotalTime: 0.427  ,  Loss/total: 3.68046  ,  Loss/ce: 3.63739  ,  IoU: 0.72376  ,  pro_loss: 0.21533
[train: Epoch 18, 1550 / 1875] FPS: 74.9 (366.5)  ,  DataTime: 0.343 (0.008)  ,  ForwardTime: 0.077  ,  TotalTime: 0.427  ,  Loss/total: 3.68063  ,  Loss/ce: 3.63753  ,  IoU: 0.72381  ,  pro_loss: 0.21546
[train: Epoch 18, 1600 / 1875] FPS: 74.8 (349.9)  ,  DataTime: 0.343 (0.008)  ,  ForwardTime: 0.077  ,  TotalTime: 0.428  ,  Loss/total: 3.68067  ,  Loss/ce: 3.63761  ,  IoU: 0.72389  ,  pro_loss: 0.21531
[train: Epoch 18, 1650 / 1875] FPS: 74.8 (225.0)  ,  DataTime: 0.343 (0.008)  ,  ForwardTime: 0.077  ,  TotalTime: 0.428  ,  Loss/total: 3.68098  ,  Loss/ce: 3.63784  ,  IoU: 0.72386  ,  pro_loss: 0.21570
[train: Epoch 18, 1700 / 1875] FPS: 74.8 (343.8)  ,  DataTime: 0.343 (0.008)  ,  ForwardTime: 0.077  ,  TotalTime: 0.428  ,  Loss/total: 3.68101  ,  Loss/ce: 3.63788  ,  IoU: 0.72360  ,  pro_loss: 0.21564
[train: Epoch 18, 1750 / 1875] FPS: 74.8 (43.5)  ,  DataTime: 0.343 (0.008)  ,  ForwardTime: 0.077  ,  TotalTime: 0.428  ,  Loss/total: 3.68102  ,  Loss/ce: 3.63782  ,  IoU: 0.72341  ,  pro_loss: 0.21600
[train: Epoch 18, 1800 / 1875] FPS: 74.7 (156.4)  ,  DataTime: 0.344 (0.008)  ,  ForwardTime: 0.077  ,  TotalTime: 0.428  ,  Loss/total: 3.68016  ,  Loss/ce: 3.63695  ,  IoU: 0.72359  ,  pro_loss: 0.21607
[train: Epoch 18, 1850 / 1875] FPS: 74.7 (361.9)  ,  DataTime: 0.344 (0.008)  ,  ForwardTime: 0.077  ,  TotalTime: 0.428  ,  Loss/total: 3.67949  ,  Loss/ce: 3.63628  ,  IoU: 0.72369  ,  pro_loss: 0.21603
[train: Epoch 18, 1875 / 1875] FPS: 74.9 (367.7)  ,  DataTime: 0.343 (0.008)  ,  ForwardTime: 0.077  ,  TotalTime: 0.427  ,  Loss/total: 3.67911  ,  Loss/ce: 3.63590  ,  IoU: 0.72390  ,  pro_loss: 0.21606
[train: Epoch 19, 50 / 1875] FPS: 63.1 (346.5)  ,  DataTime: 0.423 (0.008)  ,  ForwardTime: 0.077  ,  TotalTime: 0.507  ,  Loss/total: 3.67685  ,  Loss/ce: 3.63501  ,  IoU: 0.71775  ,  pro_loss: 0.20917
[train: Epoch 19, 100 / 1875] FPS: 70.3 (364.1)  ,  DataTime: 0.371 (0.008)  ,  ForwardTime: 0.077  ,  TotalTime: 0.455  ,  Loss/total: 3.66150  ,  Loss/ce: 3.61913  ,  IoU: 0.72545  ,  pro_loss: 0.21187
[train: Epoch 19, 150 / 1875] FPS: 75.2 (84.7)  ,  DataTime: 0.341 (0.008)  ,  ForwardTime: 0.077  ,  TotalTime: 0.426  ,  Loss/total: 3.67330  ,  Loss/ce: 3.63052  ,  IoU: 0.72403  ,  pro_loss: 0.21389
[train: Epoch 19, 200 / 1875] FPS: 74.9 (341.1)  ,  DataTime: 0.343 (0.008)  ,  ForwardTime: 0.077  ,  TotalTime: 0.427  ,  Loss/total: 3.67743  ,  Loss/ce: 3.63409  ,  IoU: 0.72340  ,  pro_loss: 0.21667
[train: Epoch 19, 250 / 1875] FPS: 74.7 (349.7)  ,  DataTime: 0.344 (0.008)  ,  ForwardTime: 0.077  ,  TotalTime: 0.428  ,  Loss/total: 3.67426  ,  Loss/ce: 3.63093  ,  IoU: 0.72452  ,  pro_loss: 0.21667
[train: Epoch 19, 300 / 1875] FPS: 75.2 (357.9)  ,  DataTime: 0.341 (0.008)  ,  ForwardTime: 0.077  ,  TotalTime: 0.426  ,  Loss/total: 3.67563  ,  Loss/ce: 3.63238  ,  IoU: 0.72420  ,  pro_loss: 0.21625
[train: Epoch 19, 350 / 1875] FPS: 74.5 (15.6)  ,  DataTime: 0.345 (0.008)  ,  ForwardTime: 0.077  ,  TotalTime: 0.430  ,  Loss/total: 3.67229  ,  Loss/ce: 3.62914  ,  IoU: 0.72483  ,  pro_loss: 0.21575
[train: Epoch 19, 400 / 1875] FPS: 74.3 (20.6)  ,  DataTime: 0.346 (0.008)  ,  ForwardTime: 0.077  ,  TotalTime: 0.431  ,  Loss/total: 3.67011  ,  Loss/ce: 3.62704  ,  IoU: 0.72511  ,  pro_loss: 0.21534
[train: Epoch 19, 450 / 1875] FPS: 74.6 (38.6)  ,  DataTime: 0.345 (0.008)  ,  ForwardTime: 0.076  ,  TotalTime: 0.429  ,  Loss/total: 3.66932  ,  Loss/ce: 3.62619  ,  IoU: 0.72512  ,  pro_loss: 0.21565
[train: Epoch 19, 500 / 1875] FPS: 74.6 (359.1)  ,  DataTime: 0.345 (0.008)  ,  ForwardTime: 0.076  ,  TotalTime: 0.429  ,  Loss/total: 3.67049  ,  Loss/ce: 3.62726  ,  IoU: 0.72500  ,  pro_loss: 0.21615
[train: Epoch 19, 550 / 1875] FPS: 74.8 (339.8)  ,  DataTime: 0.343 (0.008)  ,  ForwardTime: 0.076  ,  TotalTime: 0.428  ,  Loss/total: 3.67157  ,  Loss/ce: 3.62831  ,  IoU: 0.72474  ,  pro_loss: 0.21629
[train: Epoch 19, 600 / 1875] FPS: 75.5 (358.4)  ,  DataTime: 0.339 (0.008)  ,  ForwardTime: 0.076  ,  TotalTime: 0.424  ,  Loss/total: 3.67157  ,  Loss/ce: 3.62815  ,  IoU: 0.72524  ,  pro_loss: 0.21707
[train: Epoch 19, 650 / 1875] FPS: 75.2 (356.7)  ,  DataTime: 0.341 (0.008)  ,  ForwardTime: 0.076  ,  TotalTime: 0.426  ,  Loss/total: 3.66954  ,  Loss/ce: 3.62608  ,  IoU: 0.72582  ,  pro_loss: 0.21733
[train: Epoch 19, 700 / 1875] FPS: 75.5 (355.0)  ,  DataTime: 0.339 (0.008)  ,  ForwardTime: 0.076  ,  TotalTime: 0.424  ,  Loss/total: 3.66961  ,  Loss/ce: 3.62615  ,  IoU: 0.72584  ,  pro_loss: 0.21731
[train: Epoch 19, 750 / 1875] FPS: 75.6 (346.6)  ,  DataTime: 0.339 (0.008)  ,  ForwardTime: 0.076  ,  TotalTime: 0.423  ,  Loss/total: 3.67024  ,  Loss/ce: 3.62680  ,  IoU: 0.72576  ,  pro_loss: 0.21721
[train: Epoch 19, 800 / 1875] FPS: 75.4 (322.1)  ,  DataTime: 0.340 (0.008)  ,  ForwardTime: 0.076  ,  TotalTime: 0.425  ,  Loss/total: 3.67084  ,  Loss/ce: 3.62741  ,  IoU: 0.72580  ,  pro_loss: 0.21718
[train: Epoch 19, 850 / 1875] FPS: 75.6 (44.0)  ,  DataTime: 0.339 (0.008)  ,  ForwardTime: 0.076  ,  TotalTime: 0.423  ,  Loss/total: 3.67097  ,  Loss/ce: 3.62754  ,  IoU: 0.72569  ,  pro_loss: 0.21715
[train: Epoch 19, 900 / 1875] FPS: 75.8 (352.6)  ,  DataTime: 0.338 (0.008)  ,  ForwardTime: 0.076  ,  TotalTime: 0.422  ,  Loss/total: 3.66983  ,  Loss/ce: 3.62641  ,  IoU: 0.72641  ,  pro_loss: 0.21712
[train: Epoch 19, 950 / 1875] FPS: 76.2 (364.3)  ,  DataTime: 0.335 (0.008)  ,  ForwardTime: 0.076  ,  TotalTime: 0.420  ,  Loss/total: 3.67080  ,  Loss/ce: 3.62747  ,  IoU: 0.72604  ,  pro_loss: 0.21662
[train: Epoch 19, 1000 / 1875] FPS: 76.5 (73.8)  ,  DataTime: 0.334 (0.008)  ,  ForwardTime: 0.076  ,  TotalTime: 0.418  ,  Loss/total: 3.66973  ,  Loss/ce: 3.62637  ,  IoU: 0.72609  ,  pro_loss: 0.21678
[train: Epoch 19, 1050 / 1875] FPS: 76.6 (355.1)  ,  DataTime: 0.333 (0.008)  ,  ForwardTime: 0.076  ,  TotalTime: 0.418  ,  Loss/total: 3.67036  ,  Loss/ce: 3.62694  ,  IoU: 0.72569  ,  pro_loss: 0.21708
[train: Epoch 19, 1100 / 1875] FPS: 77.0 (101.0)  ,  DataTime: 0.331 (0.008)  ,  ForwardTime: 0.076  ,  TotalTime: 0.416  ,  Loss/total: 3.67005  ,  Loss/ce: 3.62665  ,  IoU: 0.72575  ,  pro_loss: 0.21702
[train: Epoch 19, 1150 / 1875] FPS: 77.1 (356.1)  ,  DataTime: 0.330 (0.008)  ,  ForwardTime: 0.076  ,  TotalTime: 0.415  ,  Loss/total: 3.67069  ,  Loss/ce: 3.62729  ,  IoU: 0.72578  ,  pro_loss: 0.21699
[train: Epoch 19, 1200 / 1875] FPS: 77.1 (11.2)  ,  DataTime: 0.331 (0.008)  ,  ForwardTime: 0.076  ,  TotalTime: 0.415  ,  Loss/total: 3.66930  ,  Loss/ce: 3.62588  ,  IoU: 0.72611  ,  pro_loss: 0.21709
[train: Epoch 19, 1250 / 1875] FPS: 77.6 (343.8)  ,  DataTime: 0.328 (0.008)  ,  ForwardTime: 0.076  ,  TotalTime: 0.412  ,  Loss/total: 3.66987  ,  Loss/ce: 3.62639  ,  IoU: 0.72598  ,  pro_loss: 0.21739
[train: Epoch 19, 1300 / 1875] FPS: 77.8 (356.7)  ,  DataTime: 0.327 (0.008)  ,  ForwardTime: 0.076  ,  TotalTime: 0.411  ,  Loss/total: 3.66916  ,  Loss/ce: 3.62566  ,  IoU: 0.72620  ,  pro_loss: 0.21750
[train: Epoch 19, 1350 / 1875] FPS: 78.0 (345.9)  ,  DataTime: 0.326 (0.008)  ,  ForwardTime: 0.076  ,  TotalTime: 0.410  ,  Loss/total: 3.66934  ,  Loss/ce: 3.62587  ,  IoU: 0.72653  ,  pro_loss: 0.21734
[train: Epoch 19, 1400 / 1875] FPS: 78.3 (84.3)  ,  DataTime: 0.324 (0.008)  ,  ForwardTime: 0.076  ,  TotalTime: 0.409  ,  Loss/total: 3.66876  ,  Loss/ce: 3.62528  ,  IoU: 0.72693  ,  pro_loss: 0.21742
[train: Epoch 19, 1450 / 1875] FPS: 78.4 (32.0)  ,  DataTime: 0.324 (0.008)  ,  ForwardTime: 0.076  ,  TotalTime: 0.408  ,  Loss/total: 3.66898  ,  Loss/ce: 3.62549  ,  IoU: 0.72690  ,  pro_loss: 0.21747
[train: Epoch 19, 1500 / 1875] FPS: 78.7 (25.3)  ,  DataTime: 0.322 (0.008)  ,  ForwardTime: 0.076  ,  TotalTime: 0.406  ,  Loss/total: 3.66857  ,  Loss/ce: 3.62501  ,  IoU: 0.72692  ,  pro_loss: 0.21781
[train: Epoch 19, 1550 / 1875] FPS: 79.0 (353.2)  ,  DataTime: 0.321 (0.008)  ,  ForwardTime: 0.076  ,  TotalTime: 0.405  ,  Loss/total: 3.66862  ,  Loss/ce: 3.62503  ,  IoU: 0.72681  ,  pro_loss: 0.21797
[train: Epoch 19, 1600 / 1875] FPS: 79.2 (355.1)  ,  DataTime: 0.319 (0.008)  ,  ForwardTime: 0.076  ,  TotalTime: 0.404  ,  Loss/total: 3.66860  ,  Loss/ce: 3.62497  ,  IoU: 0.72696  ,  pro_loss: 0.21813
[train: Epoch 19, 1650 / 1875] FPS: 79.3 (26.3)  ,  DataTime: 0.319 (0.008)  ,  ForwardTime: 0.076  ,  TotalTime: 0.404  ,  Loss/total: 3.66855  ,  Loss/ce: 3.62491  ,  IoU: 0.72684  ,  pro_loss: 0.21818
[train: Epoch 19, 1700 / 1875] FPS: 79.7 (356.6)  ,  DataTime: 0.317 (0.008)  ,  ForwardTime: 0.076  ,  TotalTime: 0.402  ,  Loss/total: 3.66857  ,  Loss/ce: 3.62495  ,  IoU: 0.72679  ,  pro_loss: 0.21810
[train: Epoch 19, 1750 / 1875] FPS: 79.9 (25.6)  ,  DataTime: 0.316 (0.008)  ,  ForwardTime: 0.076  ,  TotalTime: 0.401  ,  Loss/total: 3.66837  ,  Loss/ce: 3.62472  ,  IoU: 0.72658  ,  pro_loss: 0.21825
[train: Epoch 19, 1800 / 1875] FPS: 80.0 (46.8)  ,  DataTime: 0.315 (0.008)  ,  ForwardTime: 0.076  ,  TotalTime: 0.400  ,  Loss/total: 3.66808  ,  Loss/ce: 3.62440  ,  IoU: 0.72664  ,  pro_loss: 0.21838
[train: Epoch 19, 1850 / 1875] FPS: 80.1 (362.9)  ,  DataTime: 0.315 (0.008)  ,  ForwardTime: 0.076  ,  TotalTime: 0.399  ,  Loss/total: 3.66793  ,  Loss/ce: 3.62419  ,  IoU: 0.72684  ,  pro_loss: 0.21866
[train: Epoch 19, 1875 / 1875] FPS: 80.5 (369.6)  ,  DataTime: 0.313 (0.008)  ,  ForwardTime: 0.076  ,  TotalTime: 0.397  ,  Loss/total: 3.66771  ,  Loss/ce: 3.62397  ,  IoU: 0.72687  ,  pro_loss: 0.21871
[train: Epoch 20, 50 / 1875] FPS: 76.7 (362.4)  ,  DataTime: 0.327 (0.008)  ,  ForwardTime: 0.082  ,  TotalTime: 0.417  ,  Loss/total: 3.64202  ,  Loss/ce: 3.59690  ,  IoU: 0.73249  ,  pro_loss: 0.22563
[train: Epoch 20, 100 / 1875] FPS: 84.4 (357.7)  ,  DataTime: 0.292 (0.008)  ,  ForwardTime: 0.079  ,  TotalTime: 0.379  ,  Loss/total: 3.65489  ,  Loss/ce: 3.61039  ,  IoU: 0.73205  ,  pro_loss: 0.22250
[train: Epoch 20, 150 / 1875] FPS: 87.4 (363.0)  ,  DataTime: 0.280 (0.008)  ,  ForwardTime: 0.078  ,  TotalTime: 0.366  ,  Loss/total: 3.65188  ,  Loss/ce: 3.60741  ,  IoU: 0.73003  ,  pro_loss: 0.22236
[train: Epoch 20, 200 / 1875] FPS: 87.0 (361.2)  ,  DataTime: 0.282 (0.008)  ,  ForwardTime: 0.078  ,  TotalTime: 0.368  ,  Loss/total: 3.65010  ,  Loss/ce: 3.60571  ,  IoU: 0.73119  ,  pro_loss: 0.22193
[train: Epoch 20, 250 / 1875] FPS: 87.2 (360.8)  ,  DataTime: 0.281 (0.008)  ,  ForwardTime: 0.078  ,  TotalTime: 0.367  ,  Loss/total: 3.65144  ,  Loss/ce: 3.60691  ,  IoU: 0.73055  ,  pro_loss: 0.22263
[train: Epoch 20, 300 / 1875] FPS: 88.5 (359.2)  ,  DataTime: 0.276 (0.008)  ,  ForwardTime: 0.077  ,  TotalTime: 0.361  ,  Loss/total: 3.65516  ,  Loss/ce: 3.61048  ,  IoU: 0.73094  ,  pro_loss: 0.22340
[train: Epoch 20, 350 / 1875] FPS: 89.8 (358.3)  ,  DataTime: 0.271 (0.008)  ,  ForwardTime: 0.077  ,  TotalTime: 0.357  ,  Loss/total: 3.66075  ,  Loss/ce: 3.61628  ,  IoU: 0.72912  ,  pro_loss: 0.22232
[train: Epoch 20, 400 / 1875] FPS: 89.9 (111.7)  ,  DataTime: 0.271 (0.008)  ,  ForwardTime: 0.077  ,  TotalTime: 0.356  ,  Loss/total: 3.66093  ,  Loss/ce: 3.61650  ,  IoU: 0.72973  ,  pro_loss: 0.22214
[train: Epoch 20, 450 / 1875] FPS: 89.1 (10.1)  ,  DataTime: 0.274 (0.008)  ,  ForwardTime: 0.077  ,  TotalTime: 0.359  ,  Loss/total: 3.65961  ,  Loss/ce: 3.61521  ,  IoU: 0.72988  ,  pro_loss: 0.22199
[train: Epoch 20, 500 / 1875] FPS: 90.6 (355.2)  ,  DataTime: 0.268 (0.008)  ,  ForwardTime: 0.077  ,  TotalTime: 0.353  ,  Loss/total: 3.65957  ,  Loss/ce: 3.61512  ,  IoU: 0.73076  ,  pro_loss: 0.22227
[train: Epoch 20, 550 / 1875] FPS: 91.6 (100.8)  ,  DataTime: 0.264 (0.008)  ,  ForwardTime: 0.077  ,  TotalTime: 0.349  ,  Loss/total: 3.65823  ,  Loss/ce: 3.61390  ,  IoU: 0.73093  ,  pro_loss: 0.22167
[train: Epoch 20, 600 / 1875] FPS: 90.4 (36.5)  ,  DataTime: 0.269 (0.008)  ,  ForwardTime: 0.077  ,  TotalTime: 0.354  ,  Loss/total: 3.65812  ,  Loss/ce: 3.61383  ,  IoU: 0.73096  ,  pro_loss: 0.22146
[train: Epoch 20, 650 / 1875] FPS: 90.0 (361.4)  ,  DataTime: 0.271 (0.008)  ,  ForwardTime: 0.077  ,  TotalTime: 0.356  ,  Loss/total: 3.65935  ,  Loss/ce: 3.61518  ,  IoU: 0.73107  ,  pro_loss: 0.22085
[train: Epoch 20, 700 / 1875] FPS: 90.5 (360.2)  ,  DataTime: 0.268 (0.008)  ,  ForwardTime: 0.077  ,  TotalTime: 0.353  ,  Loss/total: 3.65757  ,  Loss/ce: 3.61335  ,  IoU: 0.73106  ,  pro_loss: 0.22109
[train: Epoch 20, 750 / 1875] FPS: 89.7 (352.6)  ,  DataTime: 0.272 (0.008)  ,  ForwardTime: 0.077  ,  TotalTime: 0.357  ,  Loss/total: 3.65631  ,  Loss/ce: 3.61213  ,  IoU: 0.73130  ,  pro_loss: 0.22092
[train: Epoch 20, 800 / 1875] FPS: 89.8 (85.0)  ,  DataTime: 0.271 (0.008)  ,  ForwardTime: 0.077  ,  TotalTime: 0.357  ,  Loss/total: 3.65596  ,  Loss/ce: 3.61178  ,  IoU: 0.73150  ,  pro_loss: 0.22094
[train: Epoch 20, 850 / 1875] FPS: 89.9 (353.0)  ,  DataTime: 0.271 (0.008)  ,  ForwardTime: 0.077  ,  TotalTime: 0.356  ,  Loss/total: 3.65486  ,  Loss/ce: 3.61072  ,  IoU: 0.73191  ,  pro_loss: 0.22071
[train: Epoch 20, 900 / 1875] FPS: 90.2 (361.3)  ,  DataTime: 0.270 (0.008)  ,  ForwardTime: 0.077  ,  TotalTime: 0.355  ,  Loss/total: 3.65637  ,  Loss/ce: 3.61229  ,  IoU: 0.73132  ,  pro_loss: 0.22038
[train: Epoch 20, 950 / 1875] FPS: 89.8 (363.7)  ,  DataTime: 0.271 (0.008)  ,  ForwardTime: 0.077  ,  TotalTime: 0.356  ,  Loss/total: 3.65614  ,  Loss/ce: 3.61200  ,  IoU: 0.73123  ,  pro_loss: 0.22069
[train: Epoch 20, 1000 / 1875] FPS: 89.9 (25.7)  ,  DataTime: 0.271 (0.008)  ,  ForwardTime: 0.077  ,  TotalTime: 0.356  ,  Loss/total: 3.65618  ,  Loss/ce: 3.61203  ,  IoU: 0.73094  ,  pro_loss: 0.22072
[train: Epoch 20, 1050 / 1875] FPS: 90.3 (358.7)  ,  DataTime: 0.269 (0.008)  ,  ForwardTime: 0.077  ,  TotalTime: 0.354  ,  Loss/total: 3.65560  ,  Loss/ce: 3.61148  ,  IoU: 0.73101  ,  pro_loss: 0.22062
[train: Epoch 20, 1100 / 1875] FPS: 90.5 (348.6)  ,  DataTime: 0.269 (0.008)  ,  ForwardTime: 0.077  ,  TotalTime: 0.354  ,  Loss/total: 3.65531  ,  Loss/ce: 3.61116  ,  IoU: 0.73080  ,  pro_loss: 0.22073
[train: Epoch 20, 1150 / 1875] FPS: 90.4 (354.6)  ,  DataTime: 0.269 (0.008)  ,  ForwardTime: 0.077  ,  TotalTime: 0.354  ,  Loss/total: 3.65604  ,  Loss/ce: 3.61178  ,  IoU: 0.73058  ,  pro_loss: 0.22130
[train: Epoch 20, 1200 / 1875] FPS: 90.1 (356.1)  ,  DataTime: 0.270 (0.008)  ,  ForwardTime: 0.077  ,  TotalTime: 0.355  ,  Loss/total: 3.65737  ,  Loss/ce: 3.61304  ,  IoU: 0.73023  ,  pro_loss: 0.22165
[train: Epoch 20, 1250 / 1875] FPS: 90.2 (61.9)  ,  DataTime: 0.270 (0.008)  ,  ForwardTime: 0.077  ,  TotalTime: 0.355  ,  Loss/total: 3.65695  ,  Loss/ce: 3.61263  ,  IoU: 0.73025  ,  pro_loss: 0.22159
[train: Epoch 20, 1300 / 1875] FPS: 89.9 (354.4)  ,  DataTime: 0.271 (0.008)  ,  ForwardTime: 0.077  ,  TotalTime: 0.356  ,  Loss/total: 3.65613  ,  Loss/ce: 3.61181  ,  IoU: 0.73039  ,  pro_loss: 0.22160
[train: Epoch 20, 1350 / 1875] FPS: 89.5 (15.9)  ,  DataTime: 0.272 (0.008)  ,  ForwardTime: 0.077  ,  TotalTime: 0.357  ,  Loss/total: 3.65578  ,  Loss/ce: 3.61146  ,  IoU: 0.73049  ,  pro_loss: 0.22164
[train: Epoch 20, 1400 / 1875] FPS: 89.9 (350.7)  ,  DataTime: 0.271 (0.008)  ,  ForwardTime: 0.077  ,  TotalTime: 0.356  ,  Loss/total: 3.65702  ,  Loss/ce: 3.61268  ,  IoU: 0.73029  ,  pro_loss: 0.22170
[train: Epoch 20, 1450 / 1875] FPS: 90.1 (341.5)  ,  DataTime: 0.270 (0.008)  ,  ForwardTime: 0.077  ,  TotalTime: 0.355  ,  Loss/total: 3.65731  ,  Loss/ce: 3.61297  ,  IoU: 0.73027  ,  pro_loss: 0.22174
[train: Epoch 20, 1500 / 1875] FPS: 90.1 (346.5)  ,  DataTime: 0.270 (0.008)  ,  ForwardTime: 0.077  ,  TotalTime: 0.355  ,  Loss/total: 3.65682  ,  Loss/ce: 3.61248  ,  IoU: 0.73049  ,  pro_loss: 0.22173
[train: Epoch 20, 1550 / 1875] FPS: 90.3 (31.0)  ,  DataTime: 0.269 (0.008)  ,  ForwardTime: 0.077  ,  TotalTime: 0.354  ,  Loss/total: 3.65701  ,  Loss/ce: 3.61268  ,  IoU: 0.73051  ,  pro_loss: 0.22167
[train: Epoch 20, 1600 / 1875] FPS: 90.4 (351.5)  ,  DataTime: 0.269 (0.008)  ,  ForwardTime: 0.077  ,  TotalTime: 0.354  ,  Loss/total: 3.65717  ,  Loss/ce: 3.61286  ,  IoU: 0.73029  ,  pro_loss: 0.22150
[train: Epoch 20, 1650 / 1875] FPS: 90.3 (342.7)  ,  DataTime: 0.269 (0.008)  ,  ForwardTime: 0.077  ,  TotalTime: 0.354  ,  Loss/total: 3.65725  ,  Loss/ce: 3.61296  ,  IoU: 0.73028  ,  pro_loss: 0.22145
[train: Epoch 20, 1700 / 1875] FPS: 90.2 (353.6)  ,  DataTime: 0.270 (0.008)  ,  ForwardTime: 0.077  ,  TotalTime: 0.355  ,  Loss/total: 3.65797  ,  Loss/ce: 3.61361  ,  IoU: 0.72990  ,  pro_loss: 0.22177
[train: Epoch 20, 1750 / 1875] FPS: 90.6 (364.3)  ,  DataTime: 0.268 (0.008)  ,  ForwardTime: 0.077  ,  TotalTime: 0.353  ,  Loss/total: 3.65806  ,  Loss/ce: 3.61368  ,  IoU: 0.72995  ,  pro_loss: 0.22190
[train: Epoch 20, 1800 / 1875] FPS: 90.7 (360.9)  ,  DataTime: 0.268 (0.008)  ,  ForwardTime: 0.077  ,  TotalTime: 0.353  ,  Loss/total: 3.65758  ,  Loss/ce: 3.61320  ,  IoU: 0.73002  ,  pro_loss: 0.22190
[train: Epoch 20, 1850 / 1875] FPS: 90.8 (345.4)  ,  DataTime: 0.267 (0.008)  ,  ForwardTime: 0.077  ,  TotalTime: 0.352  ,  Loss/total: 3.65749  ,  Loss/ce: 3.61316  ,  IoU: 0.72989  ,  pro_loss: 0.22166
[train: Epoch 20, 1875 / 1875] FPS: 90.8 (134.2)  ,  DataTime: 0.267 (0.008)  ,  ForwardTime: 0.077  ,  TotalTime: 0.352  ,  Loss/total: 3.65773  ,  Loss/ce: 3.61341  ,  IoU: 0.72977  ,  pro_loss: 0.22161
[val: Epoch 20, 50 / 312] FPS: 68.3 (65.1)  ,  DataTime: 0.411 (0.010)  ,  ForwardTime: 0.048  ,  TotalTime: 0.469  ,  Loss/total: nan  ,  Loss/giou: 0.31167  ,  Loss/l1: 0.02816  ,  Loss/location: nan  ,  pro_loss: 0.21771  ,  IoU: 0.71461
[val: Epoch 20, 100 / 312] FPS: 69.8 (572.6)  ,  DataTime: 0.404 (0.010)  ,  ForwardTime: 0.045  ,  TotalTime: 0.458  ,  Loss/total: nan  ,  Loss/giou: 0.30807  ,  Loss/l1: 0.02691  ,  Loss/location: nan  ,  pro_loss: 0.21573  ,  IoU: 0.71643
[val: Epoch 20, 150 / 312] FPS: 73.4 (550.0)  ,  DataTime: 0.383 (0.010)  ,  ForwardTime: 0.044  ,  TotalTime: 0.436  ,  Loss/total: nan  ,  Loss/giou: 0.31013  ,  Loss/l1: 0.02746  ,  Loss/location: nan  ,  pro_loss: 0.21542  ,  IoU: 0.71542
[val: Epoch 20, 200 / 312] FPS: 74.3 (11.7)  ,  DataTime: 0.378 (0.010)  ,  ForwardTime: 0.043  ,  TotalTime: 0.431  ,  Loss/total: nan  ,  Loss/giou: 0.30682  ,  Loss/l1: 0.02683  ,  Loss/location: nan  ,  pro_loss: 0.21490  ,  IoU: 0.71765
[val: Epoch 20, 250 / 312] FPS: 76.4 (573.3)  ,  DataTime: 0.366 (0.010)  ,  ForwardTime: 0.043  ,  TotalTime: 0.419  ,  Loss/total: nan  ,  Loss/giou: 0.30473  ,  Loss/l1: 0.02649  ,  Loss/location: nan  ,  pro_loss: 0.21513  ,  IoU: 0.71875
[val: Epoch 20, 300 / 312] FPS: 78.6 (521.9)  ,  DataTime: 0.355 (0.010)  ,  ForwardTime: 0.043  ,  TotalTime: 0.407  ,  Loss/total: nan  ,  Loss/giou: 0.30397  ,  Loss/l1: 0.02638  ,  Loss/location: nan  ,  pro_loss: 0.21556  ,  IoU: 0.71942
[val: Epoch 20, 312 / 312] FPS: 79.3 (619.6)  ,  DataTime: 0.351 (0.010)  ,  ForwardTime: 0.043  ,  TotalTime: 0.403  ,  Loss/total: nan  ,  Loss/giou: 0.30383  ,  Loss/l1: 0.02642  ,  Loss/location: nan  ,  pro_loss: 0.21565  ,  IoU: 0.71956
[train: Epoch 21, 50 / 1875] FPS: 70.4 (346.0)  ,  DataTime: 0.369 (0.009)  ,  ForwardTime: 0.077  ,  TotalTime: 0.454  ,  Loss/total: 3.63549  ,  Loss/ce: 3.59078  ,  IoU: 0.73249  ,  pro_loss: 0.22355
[train: Epoch 21, 100 / 1875] FPS: 72.4 (12.4)  ,  DataTime: 0.357 (0.008)  ,  ForwardTime: 0.077  ,  TotalTime: 0.442  ,  Loss/total: 3.64230  ,  Loss/ce: 3.59725  ,  IoU: 0.73173  ,  pro_loss: 0.22521
[train: Epoch 21, 150 / 1875] FPS: 76.9 (356.1)  ,  DataTime: 0.331 (0.008)  ,  ForwardTime: 0.077  ,  TotalTime: 0.416  ,  Loss/total: 3.64481  ,  Loss/ce: 3.59983  ,  IoU: 0.73196  ,  pro_loss: 0.22493
[train: Epoch 21, 200 / 1875] FPS: 78.1 (356.4)  ,  DataTime: 0.325 (0.008)  ,  ForwardTime: 0.077  ,  TotalTime: 0.410  ,  Loss/total: 3.64709  ,  Loss/ce: 3.60202  ,  IoU: 0.73284  ,  pro_loss: 0.22537
[train: Epoch 21, 250 / 1875] FPS: 79.3 (353.2)  ,  DataTime: 0.319 (0.008)  ,  ForwardTime: 0.077  ,  TotalTime: 0.403  ,  Loss/total: 3.64262  ,  Loss/ce: 3.59771  ,  IoU: 0.73507  ,  pro_loss: 0.22454
[train: Epoch 21, 300 / 1875] FPS: 79.4 (21.1)  ,  DataTime: 0.318 (0.008)  ,  ForwardTime: 0.077  ,  TotalTime: 0.403  ,  Loss/total: 3.64142  ,  Loss/ce: 3.59675  ,  IoU: 0.73473  ,  pro_loss: 0.22333
[train: Epoch 21, 350 / 1875] FPS: 78.8 (360.2)  ,  DataTime: 0.321 (0.008)  ,  ForwardTime: 0.077  ,  TotalTime: 0.406  ,  Loss/total: 3.64491  ,  Loss/ce: 3.60040  ,  IoU: 0.73377  ,  pro_loss: 0.22256
[train: Epoch 21, 400 / 1875] FPS: 79.1 (361.2)  ,  DataTime: 0.320 (0.008)  ,  ForwardTime: 0.077  ,  TotalTime: 0.404  ,  Loss/total: 3.64593  ,  Loss/ce: 3.60132  ,  IoU: 0.73320  ,  pro_loss: 0.22302
[train: Epoch 21, 450 / 1875] FPS: 79.6 (355.6)  ,  DataTime: 0.317 (0.008)  ,  ForwardTime: 0.077  ,  TotalTime: 0.402  ,  Loss/total: 3.65018  ,  Loss/ce: 3.60570  ,  IoU: 0.73281  ,  pro_loss: 0.22243
[train: Epoch 21, 500 / 1875] FPS: 80.6 (358.6)  ,  DataTime: 0.312 (0.008)  ,  ForwardTime: 0.077  ,  TotalTime: 0.397  ,  Loss/total: 3.65008  ,  Loss/ce: 3.60557  ,  IoU: 0.73217  ,  pro_loss: 0.22254
[train: Epoch 21, 550 / 1875] FPS: 79.9 (10.9)  ,  DataTime: 0.316 (0.008)  ,  ForwardTime: 0.077  ,  TotalTime: 0.401  ,  Loss/total: 3.65076  ,  Loss/ce: 3.60637  ,  IoU: 0.73200  ,  pro_loss: 0.22199
[train: Epoch 21, 600 / 1875] FPS: 81.1 (335.4)  ,  DataTime: 0.310 (0.008)  ,  ForwardTime: 0.077  ,  TotalTime: 0.395  ,  Loss/total: 3.65408  ,  Loss/ce: 3.60968  ,  IoU: 0.73094  ,  pro_loss: 0.22200
[train: Epoch 21, 650 / 1875] FPS: 81.2 (361.9)  ,  DataTime: 0.309 (0.008)  ,  ForwardTime: 0.077  ,  TotalTime: 0.394  ,  Loss/total: 3.65425  ,  Loss/ce: 3.60988  ,  IoU: 0.73161  ,  pro_loss: 0.22186
[train: Epoch 21, 700 / 1875] FPS: 81.4 (358.5)  ,  DataTime: 0.308 (0.008)  ,  ForwardTime: 0.077  ,  TotalTime: 0.393  ,  Loss/total: 3.65214  ,  Loss/ce: 3.60785  ,  IoU: 0.73135  ,  pro_loss: 0.22146
[train: Epoch 21, 750 / 1875] FPS: 81.7 (57.4)  ,  DataTime: 0.307 (0.008)  ,  ForwardTime: 0.077  ,  TotalTime: 0.392  ,  Loss/total: 3.65101  ,  Loss/ce: 3.60673  ,  IoU: 0.73155  ,  pro_loss: 0.22140
[train: Epoch 21, 800 / 1875] FPS: 81.7 (19.4)  ,  DataTime: 0.307 (0.008)  ,  ForwardTime: 0.077  ,  TotalTime: 0.392  ,  Loss/total: 3.65039  ,  Loss/ce: 3.60617  ,  IoU: 0.73169  ,  pro_loss: 0.22111
[train: Epoch 21, 850 / 1875] FPS: 82.0 (361.3)  ,  DataTime: 0.306 (0.008)  ,  ForwardTime: 0.077  ,  TotalTime: 0.390  ,  Loss/total: 3.64959  ,  Loss/ce: 3.60542  ,  IoU: 0.73192  ,  pro_loss: 0.22088
[train: Epoch 21, 900 / 1875] FPS: 82.4 (364.5)  ,  DataTime: 0.304 (0.008)  ,  ForwardTime: 0.077  ,  TotalTime: 0.389  ,  Loss/total: 3.64909  ,  Loss/ce: 3.60492  ,  IoU: 0.73203  ,  pro_loss: 0.22087
[train: Epoch 21, 950 / 1875] FPS: 82.6 (356.9)  ,  DataTime: 0.303 (0.008)  ,  ForwardTime: 0.077  ,  TotalTime: 0.387  ,  Loss/total: 3.64996  ,  Loss/ce: 3.60575  ,  IoU: 0.73173  ,  pro_loss: 0.22102
[train: Epoch 21, 1000 / 1875] FPS: 83.2 (354.2)  ,  DataTime: 0.300 (0.008)  ,  ForwardTime: 0.077  ,  TotalTime: 0.385  ,  Loss/total: 3.64968  ,  Loss/ce: 3.60549  ,  IoU: 0.73138  ,  pro_loss: 0.22096
[train: Epoch 21, 1050 / 1875] FPS: 83.0 (30.4)  ,  DataTime: 0.301 (0.008)  ,  ForwardTime: 0.077  ,  TotalTime: 0.386  ,  Loss/total: 3.64882  ,  Loss/ce: 3.60455  ,  IoU: 0.73173  ,  pro_loss: 0.22133
[train: Epoch 21, 1100 / 1875] FPS: 83.3 (359.6)  ,  DataTime: 0.299 (0.008)  ,  ForwardTime: 0.077  ,  TotalTime: 0.384  ,  Loss/total: 3.64901  ,  Loss/ce: 3.60475  ,  IoU: 0.73169  ,  pro_loss: 0.22132
[train: Epoch 21, 1150 / 1875] FPS: 83.5 (354.5)  ,  DataTime: 0.299 (0.008)  ,  ForwardTime: 0.077  ,  TotalTime: 0.383  ,  Loss/total: 3.64869  ,  Loss/ce: 3.60440  ,  IoU: 0.73174  ,  pro_loss: 0.22145
[train: Epoch 21, 1200 / 1875] FPS: 83.7 (356.1)  ,  DataTime: 0.298 (0.008)  ,  ForwardTime: 0.077  ,  TotalTime: 0.382  ,  Loss/total: 3.64874  ,  Loss/ce: 3.60443  ,  IoU: 0.73190  ,  pro_loss: 0.22155
[train: Epoch 21, 1250 / 1875] FPS: 83.8 (356.0)  ,  DataTime: 0.297 (0.008)  ,  ForwardTime: 0.077  ,  TotalTime: 0.382  ,  Loss/total: 3.64831  ,  Loss/ce: 3.60401  ,  IoU: 0.73211  ,  pro_loss: 0.22147
[train: Epoch 21, 1300 / 1875] FPS: 84.3 (351.8)  ,  DataTime: 0.295 (0.008)  ,  ForwardTime: 0.077  ,  TotalTime: 0.379  ,  Loss/total: 3.64815  ,  Loss/ce: 3.60388  ,  IoU: 0.73216  ,  pro_loss: 0.22140
[train: Epoch 21, 1350 / 1875] FPS: 84.3 (362.8)  ,  DataTime: 0.295 (0.008)  ,  ForwardTime: 0.077  ,  TotalTime: 0.379  ,  Loss/total: 3.64841  ,  Loss/ce: 3.60413  ,  IoU: 0.73207  ,  pro_loss: 0.22137
[train: Epoch 21, 1400 / 1875] FPS: 84.1 (359.6)  ,  DataTime: 0.296 (0.008)  ,  ForwardTime: 0.077  ,  TotalTime: 0.380  ,  Loss/total: 3.64819  ,  Loss/ce: 3.60391  ,  IoU: 0.73222  ,  pro_loss: 0.22141
[train: Epoch 21, 1450 / 1875] FPS: 84.3 (347.7)  ,  DataTime: 0.295 (0.008)  ,  ForwardTime: 0.077  ,  TotalTime: 0.380  ,  Loss/total: 3.64818  ,  Loss/ce: 3.60392  ,  IoU: 0.73220  ,  pro_loss: 0.22129
[train: Epoch 21, 1500 / 1875] FPS: 84.4 (351.9)  ,  DataTime: 0.294 (0.008)  ,  ForwardTime: 0.077  ,  TotalTime: 0.379  ,  Loss/total: 3.64869  ,  Loss/ce: 3.60443  ,  IoU: 0.73217  ,  pro_loss: 0.22131
[train: Epoch 21, 1550 / 1875] FPS: 84.5 (356.0)  ,  DataTime: 0.294 (0.008)  ,  ForwardTime: 0.077  ,  TotalTime: 0.379  ,  Loss/total: 3.64851  ,  Loss/ce: 3.60426  ,  IoU: 0.73222  ,  pro_loss: 0.22127
[train: Epoch 21, 1600 / 1875] FPS: 84.8 (361.3)  ,  DataTime: 0.293 (0.008)  ,  ForwardTime: 0.077  ,  TotalTime: 0.377  ,  Loss/total: 3.64885  ,  Loss/ce: 3.60458  ,  IoU: 0.73203  ,  pro_loss: 0.22135
[train: Epoch 21, 1650 / 1875] FPS: 84.9 (106.6)  ,  DataTime: 0.292 (0.008)  ,  ForwardTime: 0.077  ,  TotalTime: 0.377  ,  Loss/total: 3.64870  ,  Loss/ce: 3.60441  ,  IoU: 0.73233  ,  pro_loss: 0.22144
[train: Epoch 21, 1700 / 1875] FPS: 84.7 (344.9)  ,  DataTime: 0.293 (0.008)  ,  ForwardTime: 0.077  ,  TotalTime: 0.378  ,  Loss/total: 3.64837  ,  Loss/ce: 3.60404  ,  IoU: 0.73234  ,  pro_loss: 0.22167
[train: Epoch 21, 1750 / 1875] FPS: 84.4 (350.8)  ,  DataTime: 0.294 (0.008)  ,  ForwardTime: 0.077  ,  TotalTime: 0.379  ,  Loss/total: 3.64850  ,  Loss/ce: 3.60421  ,  IoU: 0.73227  ,  pro_loss: 0.22142
[train: Epoch 21, 1800 / 1875] FPS: 84.2 (353.6)  ,  DataTime: 0.295 (0.008)  ,  ForwardTime: 0.077  ,  TotalTime: 0.380  ,  Loss/total: 3.64777  ,  Loss/ce: 3.60348  ,  IoU: 0.73245  ,  pro_loss: 0.22146
[train: Epoch 21, 1850 / 1875] FPS: 84.3 (351.1)  ,  DataTime: 0.295 (0.008)  ,  ForwardTime: 0.077  ,  TotalTime: 0.380  ,  Loss/total: 3.64757  ,  Loss/ce: 3.60327  ,  IoU: 0.73260  ,  pro_loss: 0.22150
[train: Epoch 21, 1875 / 1875] FPS: 84.5 (198.0)  ,  DataTime: 0.294 (0.008)  ,  ForwardTime: 0.077  ,  TotalTime: 0.379  ,  Loss/total: 3.64764  ,  Loss/ce: 3.60335  ,  IoU: 0.73252  ,  pro_loss: 0.22145
[train: Epoch 22, 50 / 1875] FPS: 72.7 (349.7)  ,  DataTime: 0.355 (0.009)  ,  ForwardTime: 0.077  ,  TotalTime: 0.440  ,  Loss/total: 3.64083  ,  Loss/ce: 3.59637  ,  IoU: 0.72988  ,  pro_loss: 0.22229
[train: Epoch 22, 100 / 1875] FPS: 77.0 (354.3)  ,  DataTime: 0.330 (0.008)  ,  ForwardTime: 0.077  ,  TotalTime: 0.416  ,  Loss/total: 3.63448  ,  Loss/ce: 3.59027  ,  IoU: 0.73511  ,  pro_loss: 0.22105
[train: Epoch 22, 150 / 1875] FPS: 77.2 (17.4)  ,  DataTime: 0.329 (0.009)  ,  ForwardTime: 0.077  ,  TotalTime: 0.415  ,  Loss/total: 3.63130  ,  Loss/ce: 3.58702  ,  IoU: 0.73577  ,  pro_loss: 0.22139
[train: Epoch 22, 200 / 1875] FPS: 79.0 (343.0)  ,  DataTime: 0.320 (0.009)  ,  ForwardTime: 0.077  ,  TotalTime: 0.405  ,  Loss/total: 3.63199  ,  Loss/ce: 3.58781  ,  IoU: 0.73653  ,  pro_loss: 0.22089
[train: Epoch 22, 250 / 1875] FPS: 80.7 (353.1)  ,  DataTime: 0.311 (0.008)  ,  ForwardTime: 0.077  ,  TotalTime: 0.396  ,  Loss/total: 3.63653  ,  Loss/ce: 3.59210  ,  IoU: 0.73539  ,  pro_loss: 0.22213
[train: Epoch 22, 300 / 1875] FPS: 80.9 (345.6)  ,  DataTime: 0.310 (0.008)  ,  ForwardTime: 0.077  ,  TotalTime: 0.395  ,  Loss/total: 3.63740  ,  Loss/ce: 3.59302  ,  IoU: 0.73531  ,  pro_loss: 0.22191
[train: Epoch 22, 350 / 1875] FPS: 80.0 (14.8)  ,  DataTime: 0.315 (0.008)  ,  ForwardTime: 0.077  ,  TotalTime: 0.400  ,  Loss/total: 3.63756  ,  Loss/ce: 3.59309  ,  IoU: 0.73493  ,  pro_loss: 0.22235
[train: Epoch 22, 400 / 1875] FPS: 80.7 (360.4)  ,  DataTime: 0.312 (0.008)  ,  ForwardTime: 0.077  ,  TotalTime: 0.397  ,  Loss/total: 3.63998  ,  Loss/ce: 3.59533  ,  IoU: 0.73415  ,  pro_loss: 0.22326
[train: Epoch 22, 450 / 1875] FPS: 81.1 (352.0)  ,  DataTime: 0.309 (0.008)  ,  ForwardTime: 0.077  ,  TotalTime: 0.394  ,  Loss/total: 3.64031  ,  Loss/ce: 3.59565  ,  IoU: 0.73380  ,  pro_loss: 0.22327
[train: Epoch 22, 500 / 1875] FPS: 81.0 (350.5)  ,  DataTime: 0.310 (0.008)  ,  ForwardTime: 0.077  ,  TotalTime: 0.395  ,  Loss/total: 3.63925  ,  Loss/ce: 3.59442  ,  IoU: 0.73375  ,  pro_loss: 0.22413
[train: Epoch 22, 550 / 1875] FPS: 81.4 (355.9)  ,  DataTime: 0.308 (0.008)  ,  ForwardTime: 0.077  ,  TotalTime: 0.393  ,  Loss/total: 3.63992  ,  Loss/ce: 3.59496  ,  IoU: 0.73340  ,  pro_loss: 0.22483
[train: Epoch 22, 600 / 1875] FPS: 81.9 (361.8)  ,  DataTime: 0.306 (0.008)  ,  ForwardTime: 0.077  ,  TotalTime: 0.391  ,  Loss/total: 3.63993  ,  Loss/ce: 3.59486  ,  IoU: 0.73346  ,  pro_loss: 0.22533
[train: Epoch 22, 650 / 1875] FPS: 81.5 (351.5)  ,  DataTime: 0.308 (0.008)  ,  ForwardTime: 0.077  ,  TotalTime: 0.393  ,  Loss/total: 3.63846  ,  Loss/ce: 3.59334  ,  IoU: 0.73425  ,  pro_loss: 0.22559
[train: Epoch 22, 700 / 1875] FPS: 82.5 (355.4)  ,  DataTime: 0.303 (0.008)  ,  ForwardTime: 0.077  ,  TotalTime: 0.388  ,  Loss/total: 3.63784  ,  Loss/ce: 3.59273  ,  IoU: 0.73474  ,  pro_loss: 0.22557
[train: Epoch 22, 750 / 1875] FPS: 81.7 (353.4)  ,  DataTime: 0.307 (0.008)  ,  ForwardTime: 0.077  ,  TotalTime: 0.392  ,  Loss/total: 3.63851  ,  Loss/ce: 3.59333  ,  IoU: 0.73513  ,  pro_loss: 0.22592
[train: Epoch 22, 800 / 1875] FPS: 82.6 (356.0)  ,  DataTime: 0.302 (0.008)  ,  ForwardTime: 0.077  ,  TotalTime: 0.387  ,  Loss/total: 3.63694  ,  Loss/ce: 3.59172  ,  IoU: 0.73521  ,  pro_loss: 0.22611
[train: Epoch 22, 850 / 1875] FPS: 82.8 (362.5)  ,  DataTime: 0.302 (0.008)  ,  ForwardTime: 0.077  ,  TotalTime: 0.387  ,  Loss/total: 3.63618  ,  Loss/ce: 3.59093  ,  IoU: 0.73530  ,  pro_loss: 0.22624
[train: Epoch 22, 900 / 1875] FPS: 83.1 (359.8)  ,  DataTime: 0.300 (0.008)  ,  ForwardTime: 0.077  ,  TotalTime: 0.385  ,  Loss/total: 3.63598  ,  Loss/ce: 3.59078  ,  IoU: 0.73513  ,  pro_loss: 0.22600
[train: Epoch 22, 950 / 1875] FPS: 83.7 (354.1)  ,  DataTime: 0.297 (0.008)  ,  ForwardTime: 0.077  ,  TotalTime: 0.382  ,  Loss/total: 3.63504  ,  Loss/ce: 3.58984  ,  IoU: 0.73552  ,  pro_loss: 0.22601
[train: Epoch 22, 1000 / 1875] FPS: 83.9 (63.9)  ,  DataTime: 0.297 (0.008)  ,  ForwardTime: 0.077  ,  TotalTime: 0.381  ,  Loss/total: 3.63397  ,  Loss/ce: 3.58870  ,  IoU: 0.73582  ,  pro_loss: 0.22636
[train: Epoch 22, 1050 / 1875] FPS: 84.2 (365.3)  ,  DataTime: 0.295 (0.008)  ,  ForwardTime: 0.077  ,  TotalTime: 0.380  ,  Loss/total: 3.63391  ,  Loss/ce: 3.58863  ,  IoU: 0.73570  ,  pro_loss: 0.22641
[train: Epoch 22, 1100 / 1875] FPS: 84.3 (364.0)  ,  DataTime: 0.295 (0.008)  ,  ForwardTime: 0.077  ,  TotalTime: 0.380  ,  Loss/total: 3.63319  ,  Loss/ce: 3.58790  ,  IoU: 0.73573  ,  pro_loss: 0.22646
[train: Epoch 22, 1150 / 1875] FPS: 84.3 (14.0)  ,  DataTime: 0.295 (0.008)  ,  ForwardTime: 0.077  ,  TotalTime: 0.379  ,  Loss/total: 3.63460  ,  Loss/ce: 3.58930  ,  IoU: 0.73544  ,  pro_loss: 0.22646
[train: Epoch 22, 1200 / 1875] FPS: 84.6 (362.5)  ,  DataTime: 0.294 (0.008)  ,  ForwardTime: 0.077  ,  TotalTime: 0.378  ,  Loss/total: 3.63412  ,  Loss/ce: 3.58886  ,  IoU: 0.73563  ,  pro_loss: 0.22629
[train: Epoch 22, 1250 / 1875] FPS: 85.2 (357.7)  ,  DataTime: 0.291 (0.008)  ,  ForwardTime: 0.077  ,  TotalTime: 0.376  ,  Loss/total: 3.63498  ,  Loss/ce: 3.58972  ,  IoU: 0.73533  ,  pro_loss: 0.22629
[train: Epoch 22, 1300 / 1875] FPS: 85.3 (356.7)  ,  DataTime: 0.290 (0.008)  ,  ForwardTime: 0.077  ,  TotalTime: 0.375  ,  Loss/total: 3.63497  ,  Loss/ce: 3.58970  ,  IoU: 0.73525  ,  pro_loss: 0.22637
[train: Epoch 22, 1350 / 1875] FPS: 85.8 (364.9)  ,  DataTime: 0.288 (0.008)  ,  ForwardTime: 0.077  ,  TotalTime: 0.373  ,  Loss/total: 3.63537  ,  Loss/ce: 3.59006  ,  IoU: 0.73528  ,  pro_loss: 0.22652
[train: Epoch 22, 1400 / 1875] FPS: 86.0 (365.1)  ,  DataTime: 0.288 (0.008)  ,  ForwardTime: 0.077  ,  TotalTime: 0.372  ,  Loss/total: 3.63490  ,  Loss/ce: 3.58956  ,  IoU: 0.73539  ,  pro_loss: 0.22668
[train: Epoch 22, 1450 / 1875] FPS: 85.8 (364.3)  ,  DataTime: 0.288 (0.008)  ,  ForwardTime: 0.077  ,  TotalTime: 0.373  ,  Loss/total: 3.63480  ,  Loss/ce: 3.58942  ,  IoU: 0.73554  ,  pro_loss: 0.22689
[train: Epoch 22, 1500 / 1875] FPS: 86.4 (358.3)  ,  DataTime: 0.286 (0.008)  ,  ForwardTime: 0.077  ,  TotalTime: 0.370  ,  Loss/total: 3.63431  ,  Loss/ce: 3.58885  ,  IoU: 0.73577  ,  pro_loss: 0.22728
[train: Epoch 22, 1550 / 1875] FPS: 86.5 (16.2)  ,  DataTime: 0.285 (0.008)  ,  ForwardTime: 0.077  ,  TotalTime: 0.370  ,  Loss/total: 3.63347  ,  Loss/ce: 3.58796  ,  IoU: 0.73587  ,  pro_loss: 0.22755
[train: Epoch 22, 1600 / 1875] FPS: 86.6 (363.7)  ,  DataTime: 0.285 (0.008)  ,  ForwardTime: 0.077  ,  TotalTime: 0.369  ,  Loss/total: 3.63368  ,  Loss/ce: 3.58810  ,  IoU: 0.73586  ,  pro_loss: 0.22790
[train: Epoch 22, 1650 / 1875] FPS: 87.1 (25.9)  ,  DataTime: 0.283 (0.008)  ,  ForwardTime: 0.077  ,  TotalTime: 0.367  ,  Loss/total: 3.63455  ,  Loss/ce: 3.58894  ,  IoU: 0.73564  ,  pro_loss: 0.22806
[train: Epoch 22, 1700 / 1875] FPS: 87.3 (85.7)  ,  DataTime: 0.282 (0.008)  ,  ForwardTime: 0.077  ,  TotalTime: 0.367  ,  Loss/total: 3.63470  ,  Loss/ce: 3.58908  ,  IoU: 0.73559  ,  pro_loss: 0.22813
[train: Epoch 22, 1750 / 1875] FPS: 87.3 (358.7)  ,  DataTime: 0.282 (0.008)  ,  ForwardTime: 0.077  ,  TotalTime: 0.366  ,  Loss/total: 3.63445  ,  Loss/ce: 3.58881  ,  IoU: 0.73568  ,  pro_loss: 0.22819
[train: Epoch 22, 1800 / 1875] FPS: 87.4 (361.0)  ,  DataTime: 0.281 (0.008)  ,  ForwardTime: 0.077  ,  TotalTime: 0.366  ,  Loss/total: 3.63560  ,  Loss/ce: 3.59002  ,  IoU: 0.73520  ,  pro_loss: 0.22790
[train: Epoch 22, 1850 / 1875] FPS: 87.6 (24.8)  ,  DataTime: 0.281 (0.008)  ,  ForwardTime: 0.077  ,  TotalTime: 0.365  ,  Loss/total: 3.63604  ,  Loss/ce: 3.59047  ,  IoU: 0.73514  ,  pro_loss: 0.22783
[train: Epoch 22, 1875 / 1875] FPS: 88.0 (367.7)  ,  DataTime: 0.279 (0.008)  ,  ForwardTime: 0.077  ,  TotalTime: 0.364  ,  Loss/total: 3.63553  ,  Loss/ce: 3.58998  ,  IoU: 0.73526  ,  pro_loss: 0.22776
[train: Epoch 23, 50 / 1875] FPS: 87.1 (360.7)  ,  DataTime: 0.282 (0.008)  ,  ForwardTime: 0.077  ,  TotalTime: 0.367  ,  Loss/total: 3.62464  ,  Loss/ce: 3.57814  ,  IoU: 0.73856  ,  pro_loss: 0.23250
[train: Epoch 23, 100 / 1875] FPS: 91.1 (351.9)  ,  DataTime: 0.266 (0.008)  ,  ForwardTime: 0.077  ,  TotalTime: 0.351  ,  Loss/total: 3.62920  ,  Loss/ce: 3.58333  ,  IoU: 0.74003  ,  pro_loss: 0.22938
[train: Epoch 23, 150 / 1875] FPS: 91.4 (93.3)  ,  DataTime: 0.265 (0.008)  ,  ForwardTime: 0.077  ,  TotalTime: 0.350  ,  Loss/total: 3.61844  ,  Loss/ce: 3.57221  ,  IoU: 0.74254  ,  pro_loss: 0.23118
[train: Epoch 23, 200 / 1875] FPS: 92.9 (75.2)  ,  DataTime: 0.260 (0.008)  ,  ForwardTime: 0.077  ,  TotalTime: 0.345  ,  Loss/total: 3.62218  ,  Loss/ce: 3.57585  ,  IoU: 0.74096  ,  pro_loss: 0.23167
[train: Epoch 23, 250 / 1875] FPS: 89.7 (348.8)  ,  DataTime: 0.272 (0.008)  ,  ForwardTime: 0.077  ,  TotalTime: 0.357  ,  Loss/total: 3.62465  ,  Loss/ce: 3.57817  ,  IoU: 0.73979  ,  pro_loss: 0.23242
[train: Epoch 23, 300 / 1875] FPS: 89.6 (343.8)  ,  DataTime: 0.272 (0.008)  ,  ForwardTime: 0.077  ,  TotalTime: 0.357  ,  Loss/total: 3.62307  ,  Loss/ce: 3.57695  ,  IoU: 0.73921  ,  pro_loss: 0.23063
[train: Epoch 23, 350 / 1875] FPS: 88.4 (348.4)  ,  DataTime: 0.277 (0.008)  ,  ForwardTime: 0.077  ,  TotalTime: 0.362  ,  Loss/total: 3.62708  ,  Loss/ce: 3.58102  ,  IoU: 0.73830  ,  pro_loss: 0.23027
[train: Epoch 23, 400 / 1875] FPS: 88.6 (360.3)  ,  DataTime: 0.276 (0.008)  ,  ForwardTime: 0.077  ,  TotalTime: 0.361  ,  Loss/total: 3.62795  ,  Loss/ce: 3.58199  ,  IoU: 0.73720  ,  pro_loss: 0.22982
[train: Epoch 23, 450 / 1875] FPS: 88.4 (340.6)  ,  DataTime: 0.277 (0.008)  ,  ForwardTime: 0.077  ,  TotalTime: 0.362  ,  Loss/total: 3.62799  ,  Loss/ce: 3.58203  ,  IoU: 0.73702  ,  pro_loss: 0.22982
[train: Epoch 23, 500 / 1875] FPS: 88.6 (32.1)  ,  DataTime: 0.276 (0.008)  ,  ForwardTime: 0.077  ,  TotalTime: 0.361  ,  Loss/total: 3.62831  ,  Loss/ce: 3.58231  ,  IoU: 0.73658  ,  pro_loss: 0.23000
[train: Epoch 23, 550 / 1875] FPS: 87.3 (11.5)  ,  DataTime: 0.282 (0.008)  ,  ForwardTime: 0.077  ,  TotalTime: 0.367  ,  Loss/total: 3.62723  ,  Loss/ce: 3.58126  ,  IoU: 0.73749  ,  pro_loss: 0.22983
[train: Epoch 23, 600 / 1875] FPS: 87.5 (328.2)  ,  DataTime: 0.281 (0.008)  ,  ForwardTime: 0.077  ,  TotalTime: 0.366  ,  Loss/total: 3.62798  ,  Loss/ce: 3.58209  ,  IoU: 0.73752  ,  pro_loss: 0.22950
[train: Epoch 23, 650 / 1875] FPS: 86.8 (355.1)  ,  DataTime: 0.284 (0.008)  ,  ForwardTime: 0.077  ,  TotalTime: 0.369  ,  Loss/total: 3.62819  ,  Loss/ce: 3.58236  ,  IoU: 0.73716  ,  pro_loss: 0.22917
[train: Epoch 23, 700 / 1875] FPS: 86.8 (352.2)  ,  DataTime: 0.284 (0.008)  ,  ForwardTime: 0.077  ,  TotalTime: 0.369  ,  Loss/total: 3.62797  ,  Loss/ce: 3.58229  ,  IoU: 0.73700  ,  pro_loss: 0.22839
[train: Epoch 23, 750 / 1875] FPS: 86.4 (345.0)  ,  DataTime: 0.285 (0.008)  ,  ForwardTime: 0.077  ,  TotalTime: 0.370  ,  Loss/total: 3.62787  ,  Loss/ce: 3.58219  ,  IoU: 0.73706  ,  pro_loss: 0.22840
[train: Epoch 23, 800 / 1875] FPS: 85.8 (362.3)  ,  DataTime: 0.288 (0.008)  ,  ForwardTime: 0.077  ,  TotalTime: 0.373  ,  Loss/total: 3.62739  ,  Loss/ce: 3.58175  ,  IoU: 0.73743  ,  pro_loss: 0.22818
[train: Epoch 23, 850 / 1875] FPS: 85.7 (361.2)  ,  DataTime: 0.288 (0.008)  ,  ForwardTime: 0.077  ,  TotalTime: 0.373  ,  Loss/total: 3.62654  ,  Loss/ce: 3.58089  ,  IoU: 0.73785  ,  pro_loss: 0.22825
[train: Epoch 23, 900 / 1875] FPS: 84.7 (345.9)  ,  DataTime: 0.293 (0.008)  ,  ForwardTime: 0.077  ,  TotalTime: 0.378  ,  Loss/total: 3.62758  ,  Loss/ce: 3.58196  ,  IoU: 0.73761  ,  pro_loss: 0.22809
[train: Epoch 23, 950 / 1875] FPS: 84.3 (345.8)  ,  DataTime: 0.295 (0.008)  ,  ForwardTime: 0.077  ,  TotalTime: 0.379  ,  Loss/total: 3.62684  ,  Loss/ce: 3.58125  ,  IoU: 0.73782  ,  pro_loss: 0.22796
[train: Epoch 23, 1000 / 1875] FPS: 83.9 (351.2)  ,  DataTime: 0.296 (0.008)  ,  ForwardTime: 0.077  ,  TotalTime: 0.381  ,  Loss/total: 3.62676  ,  Loss/ce: 3.58119  ,  IoU: 0.73784  ,  pro_loss: 0.22783
[train: Epoch 23, 1050 / 1875] FPS: 83.8 (352.9)  ,  DataTime: 0.297 (0.008)  ,  ForwardTime: 0.077  ,  TotalTime: 0.382  ,  Loss/total: 3.62666  ,  Loss/ce: 3.58103  ,  IoU: 0.73793  ,  pro_loss: 0.22816
[train: Epoch 23, 1100 / 1875] FPS: 83.1 (344.2)  ,  DataTime: 0.300 (0.008)  ,  ForwardTime: 0.077  ,  TotalTime: 0.385  ,  Loss/total: 3.62678  ,  Loss/ce: 3.58119  ,  IoU: 0.73823  ,  pro_loss: 0.22795
[train: Epoch 23, 1150 / 1875] FPS: 83.0 (353.8)  ,  DataTime: 0.301 (0.008)  ,  ForwardTime: 0.077  ,  TotalTime: 0.386  ,  Loss/total: 3.62639  ,  Loss/ce: 3.58080  ,  IoU: 0.73836  ,  pro_loss: 0.22793
[train: Epoch 23, 1200 / 1875] FPS: 82.4 (353.7)  ,  DataTime: 0.303 (0.008)  ,  ForwardTime: 0.077  ,  TotalTime: 0.388  ,  Loss/total: 3.62696  ,  Loss/ce: 3.58148  ,  IoU: 0.73828  ,  pro_loss: 0.22741
[train: Epoch 23, 1250 / 1875] FPS: 82.1 (359.4)  ,  DataTime: 0.305 (0.008)  ,  ForwardTime: 0.077  ,  TotalTime: 0.390  ,  Loss/total: 3.62750  ,  Loss/ce: 3.58207  ,  IoU: 0.73813  ,  pro_loss: 0.22718
[train: Epoch 23, 1300 / 1875] FPS: 81.6 (358.0)  ,  DataTime: 0.307 (0.008)  ,  ForwardTime: 0.077  ,  TotalTime: 0.392  ,  Loss/total: 3.62621  ,  Loss/ce: 3.58080  ,  IoU: 0.73850  ,  pro_loss: 0.22709
[train: Epoch 23, 1350 / 1875] FPS: 81.4 (56.4)  ,  DataTime: 0.308 (0.008)  ,  ForwardTime: 0.077  ,  TotalTime: 0.393  ,  Loss/total: 3.62626  ,  Loss/ce: 3.58076  ,  IoU: 0.73864  ,  pro_loss: 0.22750
[train: Epoch 23, 1400 / 1875] FPS: 80.9 (360.7)  ,  DataTime: 0.311 (0.008)  ,  ForwardTime: 0.077  ,  TotalTime: 0.395  ,  Loss/total: 3.62704  ,  Loss/ce: 3.58157  ,  IoU: 0.73859  ,  pro_loss: 0.22738
[train: Epoch 23, 1450 / 1875] FPS: 80.6 (348.9)  ,  DataTime: 0.312 (0.008)  ,  ForwardTime: 0.077  ,  TotalTime: 0.397  ,  Loss/total: 3.62744  ,  Loss/ce: 3.58203  ,  IoU: 0.73872  ,  pro_loss: 0.22708
[train: Epoch 23, 1500 / 1875] FPS: 80.4 (354.4)  ,  DataTime: 0.313 (0.008)  ,  ForwardTime: 0.077  ,  TotalTime: 0.398  ,  Loss/total: 3.62623  ,  Loss/ce: 3.58082  ,  IoU: 0.73883  ,  pro_loss: 0.22704
[train: Epoch 23, 1550 / 1875] FPS: 80.2 (17.7)  ,  DataTime: 0.314 (0.008)  ,  ForwardTime: 0.077  ,  TotalTime: 0.399  ,  Loss/total: 3.62517  ,  Loss/ce: 3.57976  ,  IoU: 0.73917  ,  pro_loss: 0.22704
[train: Epoch 23, 1600 / 1875] FPS: 80.0 (356.0)  ,  DataTime: 0.315 (0.008)  ,  ForwardTime: 0.077  ,  TotalTime: 0.400  ,  Loss/total: 3.62488  ,  Loss/ce: 3.57948  ,  IoU: 0.73912  ,  pro_loss: 0.22699
[train: Epoch 23, 1650 / 1875] FPS: 79.6 (358.9)  ,  DataTime: 0.317 (0.008)  ,  ForwardTime: 0.077  ,  TotalTime: 0.402  ,  Loss/total: 3.62504  ,  Loss/ce: 3.57965  ,  IoU: 0.73914  ,  pro_loss: 0.22698
[train: Epoch 23, 1700 / 1875] FPS: 79.0 (352.2)  ,  DataTime: 0.320 (0.008)  ,  ForwardTime: 0.077  ,  TotalTime: 0.405  ,  Loss/total: 3.62570  ,  Loss/ce: 3.58030  ,  IoU: 0.73886  ,  pro_loss: 0.22699
[train: Epoch 23, 1750 / 1875] FPS: 79.0 (344.1)  ,  DataTime: 0.320 (0.008)  ,  ForwardTime: 0.077  ,  TotalTime: 0.405  ,  Loss/total: 3.62456  ,  Loss/ce: 3.57916  ,  IoU: 0.73911  ,  pro_loss: 0.22698
[train: Epoch 23, 1800 / 1875] FPS: 79.0 (358.7)  ,  DataTime: 0.320 (0.008)  ,  ForwardTime: 0.077  ,  TotalTime: 0.405  ,  Loss/total: 3.62484  ,  Loss/ce: 3.57944  ,  IoU: 0.73916  ,  pro_loss: 0.22699
[train: Epoch 23, 1850 / 1875] FPS: 78.9 (349.4)  ,  DataTime: 0.321 (0.008)  ,  ForwardTime: 0.077  ,  TotalTime: 0.405  ,  Loss/total: 3.62435  ,  Loss/ce: 3.57898  ,  IoU: 0.73909  ,  pro_loss: 0.22688
[train: Epoch 23, 1875 / 1875] FPS: 79.0 (159.7)  ,  DataTime: 0.320 (0.008)  ,  ForwardTime: 0.077  ,  TotalTime: 0.405  ,  Loss/total: 3.62444  ,  Loss/ce: 3.57908  ,  IoU: 0.73903  ,  pro_loss: 0.22681
[train: Epoch 24, 50 / 1875] FPS: 66.5 (356.1)  ,  DataTime: 0.397 (0.008)  ,  ForwardTime: 0.077  ,  TotalTime: 0.482  ,  Loss/total: 3.61621  ,  Loss/ce: 3.57075  ,  IoU: 0.73522  ,  pro_loss: 0.22729
[train: Epoch 24, 100 / 1875] FPS: 69.3 (363.1)  ,  DataTime: 0.377 (0.008)  ,  ForwardTime: 0.077  ,  TotalTime: 0.462  ,  Loss/total: 3.63385  ,  Loss/ce: 3.58839  ,  IoU: 0.73370  ,  pro_loss: 0.22729
[train: Epoch 24, 150 / 1875] FPS: 70.5 (360.4)  ,  DataTime: 0.369 (0.008)  ,  ForwardTime: 0.077  ,  TotalTime: 0.454  ,  Loss/total: 3.62999  ,  Loss/ce: 3.58491  ,  IoU: 0.73522  ,  pro_loss: 0.22542
[train: Epoch 24, 200 / 1875] FPS: 70.1 (14.1)  ,  DataTime: 0.371 (0.008)  ,  ForwardTime: 0.077  ,  TotalTime: 0.456  ,  Loss/total: 3.62769  ,  Loss/ce: 3.58238  ,  IoU: 0.73758  ,  pro_loss: 0.22656
[train: Epoch 24, 250 / 1875] FPS: 71.9 (357.5)  ,  DataTime: 0.360 (0.008)  ,  ForwardTime: 0.077  ,  TotalTime: 0.445  ,  Loss/total: 3.62844  ,  Loss/ce: 3.58334  ,  IoU: 0.73606  ,  pro_loss: 0.22554
[train: Epoch 24, 300 / 1875] FPS: 72.7 (351.4)  ,  DataTime: 0.355 (0.008)  ,  ForwardTime: 0.077  ,  TotalTime: 0.440  ,  Loss/total: 3.62758  ,  Loss/ce: 3.58267  ,  IoU: 0.73607  ,  pro_loss: 0.22455
[train: Epoch 24, 350 / 1875] FPS: 72.6 (26.6)  ,  DataTime: 0.356 (0.008)  ,  ForwardTime: 0.077  ,  TotalTime: 0.441  ,  Loss/total: 3.62852  ,  Loss/ce: 3.58346  ,  IoU: 0.73666  ,  pro_loss: 0.22530
[train: Epoch 24, 400 / 1875] FPS: 72.8 (33.6)  ,  DataTime: 0.354 (0.008)  ,  ForwardTime: 0.077  ,  TotalTime: 0.439  ,  Loss/total: 3.63120  ,  Loss/ce: 3.58628  ,  IoU: 0.73651  ,  pro_loss: 0.22458
[train: Epoch 24, 450 / 1875] FPS: 72.5 (354.3)  ,  DataTime: 0.357 (0.008)  ,  ForwardTime: 0.077  ,  TotalTime: 0.441  ,  Loss/total: 3.63394  ,  Loss/ce: 3.58893  ,  IoU: 0.73624  ,  pro_loss: 0.22505
[train: Epoch 24, 500 / 1875] FPS: 73.0 (350.6)  ,  DataTime: 0.354 (0.008)  ,  ForwardTime: 0.077  ,  TotalTime: 0.439  ,  Loss/total: 3.63276  ,  Loss/ce: 3.58775  ,  IoU: 0.73696  ,  pro_loss: 0.22506
[train: Epoch 24, 550 / 1875] FPS: 73.7 (358.8)  ,  DataTime: 0.350 (0.008)  ,  ForwardTime: 0.077  ,  TotalTime: 0.434  ,  Loss/total: 3.63146  ,  Loss/ce: 3.58657  ,  IoU: 0.73707  ,  pro_loss: 0.22443
[train: Epoch 24, 600 / 1875] FPS: 74.0 (364.6)  ,  DataTime: 0.347 (0.008)  ,  ForwardTime: 0.077  ,  TotalTime: 0.432  ,  Loss/total: 3.62909  ,  Loss/ce: 3.58418  ,  IoU: 0.73773  ,  pro_loss: 0.22455
[train: Epoch 24, 650 / 1875] FPS: 74.2 (354.3)  ,  DataTime: 0.347 (0.008)  ,  ForwardTime: 0.077  ,  TotalTime: 0.431  ,  Loss/total: 3.63023  ,  Loss/ce: 3.58530  ,  IoU: 0.73709  ,  pro_loss: 0.22462
[train: Epoch 24, 700 / 1875] FPS: 74.5 (356.2)  ,  DataTime: 0.345 (0.008)  ,  ForwardTime: 0.077  ,  TotalTime: 0.429  ,  Loss/total: 3.62842  ,  Loss/ce: 3.58341  ,  IoU: 0.73738  ,  pro_loss: 0.22505
[train: Epoch 24, 750 / 1875] FPS: 74.6 (354.2)  ,  DataTime: 0.345 (0.008)  ,  ForwardTime: 0.077  ,  TotalTime: 0.429  ,  Loss/total: 3.62676  ,  Loss/ce: 3.58171  ,  IoU: 0.73744  ,  pro_loss: 0.22525
[train: Epoch 24, 800 / 1875] FPS: 75.0 (160.5)  ,  DataTime: 0.342 (0.008)  ,  ForwardTime: 0.077  ,  TotalTime: 0.427  ,  Loss/total: 3.62399  ,  Loss/ce: 3.57891  ,  IoU: 0.73826  ,  pro_loss: 0.22538
[train: Epoch 24, 850 / 1875] FPS: 74.6 (13.8)  ,  DataTime: 0.344 (0.008)  ,  ForwardTime: 0.077  ,  TotalTime: 0.429  ,  Loss/total: 3.62499  ,  Loss/ce: 3.57992  ,  IoU: 0.73811  ,  pro_loss: 0.22531
[train: Epoch 24, 900 / 1875] FPS: 75.3 (357.2)  ,  DataTime: 0.340 (0.008)  ,  ForwardTime: 0.077  ,  TotalTime: 0.425  ,  Loss/total: 3.62407  ,  Loss/ce: 3.57898  ,  IoU: 0.73795  ,  pro_loss: 0.22544
[train: Epoch 24, 950 / 1875] FPS: 75.2 (357.9)  ,  DataTime: 0.341 (0.008)  ,  ForwardTime: 0.077  ,  TotalTime: 0.426  ,  Loss/total: 3.62465  ,  Loss/ce: 3.57946  ,  IoU: 0.73786  ,  pro_loss: 0.22592
[train: Epoch 24, 1000 / 1875] FPS: 75.7 (360.0)  ,  DataTime: 0.338 (0.008)  ,  ForwardTime: 0.077  ,  TotalTime: 0.423  ,  Loss/total: 3.62384  ,  Loss/ce: 3.57866  ,  IoU: 0.73782  ,  pro_loss: 0.22593
[train: Epoch 24, 1050 / 1875] FPS: 75.9 (354.4)  ,  DataTime: 0.337 (0.008)  ,  ForwardTime: 0.077  ,  TotalTime: 0.422  ,  Loss/total: 3.62436  ,  Loss/ce: 3.57918  ,  IoU: 0.73783  ,  pro_loss: 0.22587
[train: Epoch 24, 1100 / 1875] FPS: 76.1 (356.6)  ,  DataTime: 0.336 (0.008)  ,  ForwardTime: 0.077  ,  TotalTime: 0.420  ,  Loss/total: 3.62372  ,  Loss/ce: 3.57855  ,  IoU: 0.73803  ,  pro_loss: 0.22581
[train: Epoch 24, 1150 / 1875] FPS: 76.1 (17.1)  ,  DataTime: 0.336 (0.008)  ,  ForwardTime: 0.077  ,  TotalTime: 0.421  ,  Loss/total: 3.62290  ,  Loss/ce: 3.57775  ,  IoU: 0.73799  ,  pro_loss: 0.22576
[train: Epoch 24, 1200 / 1875] FPS: 76.4 (353.7)  ,  DataTime: 0.334 (0.008)  ,  ForwardTime: 0.077  ,  TotalTime: 0.419  ,  Loss/total: 3.62224  ,  Loss/ce: 3.57703  ,  IoU: 0.73820  ,  pro_loss: 0.22609
[train: Epoch 24, 1250 / 1875] FPS: 76.4 (357.1)  ,  DataTime: 0.334 (0.008)  ,  ForwardTime: 0.077  ,  TotalTime: 0.419  ,  Loss/total: 3.62174  ,  Loss/ce: 3.57645  ,  IoU: 0.73833  ,  pro_loss: 0.22647
[train: Epoch 24, 1300 / 1875] FPS: 76.8 (359.7)  ,  DataTime: 0.332 (0.008)  ,  ForwardTime: 0.077  ,  TotalTime: 0.417  ,  Loss/total: 3.62134  ,  Loss/ce: 3.57605  ,  IoU: 0.73843  ,  pro_loss: 0.22646
[train: Epoch 24, 1350 / 1875] FPS: 76.8 (360.5)  ,  DataTime: 0.332 (0.008)  ,  ForwardTime: 0.077  ,  TotalTime: 0.417  ,  Loss/total: 3.62004  ,  Loss/ce: 3.57474  ,  IoU: 0.73885  ,  pro_loss: 0.22650
[train: Epoch 24, 1400 / 1875] FPS: 76.9 (351.7)  ,  DataTime: 0.331 (0.008)  ,  ForwardTime: 0.077  ,  TotalTime: 0.416  ,  Loss/total: 3.62021  ,  Loss/ce: 3.57486  ,  IoU: 0.73892  ,  pro_loss: 0.22676
[train: Epoch 24, 1450 / 1875] FPS: 77.3 (353.3)  ,  DataTime: 0.329 (0.008)  ,  ForwardTime: 0.077  ,  TotalTime: 0.414  ,  Loss/total: 3.62112  ,  Loss/ce: 3.57575  ,  IoU: 0.73878  ,  pro_loss: 0.22685
[train: Epoch 24, 1500 / 1875] FPS: 77.3 (355.5)  ,  DataTime: 0.330 (0.008)  ,  ForwardTime: 0.077  ,  TotalTime: 0.414  ,  Loss/total: 3.62097  ,  Loss/ce: 3.57560  ,  IoU: 0.73877  ,  pro_loss: 0.22686
[train: Epoch 24, 1550 / 1875] FPS: 77.2 (10.7)  ,  DataTime: 0.330 (0.008)  ,  ForwardTime: 0.077  ,  TotalTime: 0.415  ,  Loss/total: 3.62206  ,  Loss/ce: 3.57667  ,  IoU: 0.73864  ,  pro_loss: 0.22699
[train: Epoch 24, 1600 / 1875] FPS: 77.5 (350.8)  ,  DataTime: 0.328 (0.008)  ,  ForwardTime: 0.077  ,  TotalTime: 0.413  ,  Loss/total: 3.62228  ,  Loss/ce: 3.57688  ,  IoU: 0.73858  ,  pro_loss: 0.22699
[train: Epoch 24, 1650 / 1875] FPS: 77.5 (350.2)  ,  DataTime: 0.328 (0.008)  ,  ForwardTime: 0.077  ,  TotalTime: 0.413  ,  Loss/total: 3.62217  ,  Loss/ce: 3.57677  ,  IoU: 0.73832  ,  pro_loss: 0.22701
[train: Epoch 24, 1700 / 1875] FPS: 77.6 (359.2)  ,  DataTime: 0.327 (0.008)  ,  ForwardTime: 0.077  ,  TotalTime: 0.412  ,  Loss/total: 3.62284  ,  Loss/ce: 3.57742  ,  IoU: 0.73810  ,  pro_loss: 0.22711
[train: Epoch 24, 1750 / 1875] FPS: 77.8 (360.3)  ,  DataTime: 0.327 (0.008)  ,  ForwardTime: 0.077  ,  TotalTime: 0.412  ,  Loss/total: 3.62276  ,  Loss/ce: 3.57739  ,  IoU: 0.73793  ,  pro_loss: 0.22683
[train: Epoch 24, 1800 / 1875] FPS: 77.9 (19.5)  ,  DataTime: 0.326 (0.008)  ,  ForwardTime: 0.077  ,  TotalTime: 0.411  ,  Loss/total: 3.62154  ,  Loss/ce: 3.57616  ,  IoU: 0.73834  ,  pro_loss: 0.22691
[train: Epoch 24, 1850 / 1875] FPS: 77.9 (359.3)  ,  DataTime: 0.326 (0.008)  ,  ForwardTime: 0.077  ,  TotalTime: 0.411  ,  Loss/total: 3.62202  ,  Loss/ce: 3.57664  ,  IoU: 0.73810  ,  pro_loss: 0.22690
[train: Epoch 24, 1875 / 1875] FPS: 78.3 (358.9)  ,  DataTime: 0.324 (0.008)  ,  ForwardTime: 0.077  ,  TotalTime: 0.409  ,  Loss/total: 3.62202  ,  Loss/ce: 3.57666  ,  IoU: 0.73805  ,  pro_loss: 0.22683
[train: Epoch 25, 50 / 1875] FPS: 69.4 (357.7)  ,  DataTime: 0.377 (0.008)  ,  ForwardTime: 0.077  ,  TotalTime: 0.461  ,  Loss/total: 3.64070  ,  Loss/ce: 3.59516  ,  IoU: 0.73089  ,  pro_loss: 0.22771
[train: Epoch 25, 100 / 1875] FPS: 75.0 (59.4)  ,  DataTime: 0.342 (0.008)  ,  ForwardTime: 0.077  ,  TotalTime: 0.427  ,  Loss/total: 3.62271  ,  Loss/ce: 3.57700  ,  IoU: 0.73614  ,  pro_loss: 0.22854
[train: Epoch 25, 150 / 1875] FPS: 78.3 (357.2)  ,  DataTime: 0.324 (0.008)  ,  ForwardTime: 0.077  ,  TotalTime: 0.409  ,  Loss/total: 3.62749  ,  Loss/ce: 3.58221  ,  IoU: 0.73412  ,  pro_loss: 0.22639
[train: Epoch 25, 200 / 1875] FPS: 78.1 (357.3)  ,  DataTime: 0.325 (0.008)  ,  ForwardTime: 0.077  ,  TotalTime: 0.410  ,  Loss/total: 3.62589  ,  Loss/ce: 3.58028  ,  IoU: 0.73554  ,  pro_loss: 0.22802
[train: Epoch 25, 250 / 1875] FPS: 77.9 (359.4)  ,  DataTime: 0.326 (0.008)  ,  ForwardTime: 0.077  ,  TotalTime: 0.411  ,  Loss/total: 3.63006  ,  Loss/ce: 3.58450  ,  IoU: 0.73463  ,  pro_loss: 0.22784
[train: Epoch 25, 300 / 1875] FPS: 77.6 (355.0)  ,  DataTime: 0.328 (0.008)  ,  ForwardTime: 0.077  ,  TotalTime: 0.412  ,  Loss/total: 3.63237  ,  Loss/ce: 3.58710  ,  IoU: 0.73597  ,  pro_loss: 0.22636
[train: Epoch 25, 350 / 1875] FPS: 77.2 (344.3)  ,  DataTime: 0.330 (0.008)  ,  ForwardTime: 0.077  ,  TotalTime: 0.415  ,  Loss/total: 3.63119  ,  Loss/ce: 3.58586  ,  IoU: 0.73587  ,  pro_loss: 0.22664
[train: Epoch 25, 400 / 1875] FPS: 78.1 (346.1)  ,  DataTime: 0.325 (0.008)  ,  ForwardTime: 0.077  ,  TotalTime: 0.410  ,  Loss/total: 3.62916  ,  Loss/ce: 3.58378  ,  IoU: 0.73702  ,  pro_loss: 0.22688
[train: Epoch 25, 450 / 1875] FPS: 77.3 (354.3)  ,  DataTime: 0.329 (0.008)  ,  ForwardTime: 0.077  ,  TotalTime: 0.414  ,  Loss/total: 3.62097  ,  Loss/ce: 3.57543  ,  IoU: 0.73863  ,  pro_loss: 0.22769
[train: Epoch 25, 500 / 1875] FPS: 78.1 (356.0)  ,  DataTime: 0.325 (0.008)  ,  ForwardTime: 0.077  ,  TotalTime: 0.409  ,  Loss/total: 3.61939  ,  Loss/ce: 3.57383  ,  IoU: 0.73861  ,  pro_loss: 0.22779
[train: Epoch 25, 550 / 1875] FPS: 78.9 (348.3)  ,  DataTime: 0.321 (0.008)  ,  ForwardTime: 0.077  ,  TotalTime: 0.405  ,  Loss/total: 3.62155  ,  Loss/ce: 3.57615  ,  IoU: 0.73863  ,  pro_loss: 0.22705
[train: Epoch 25, 600 / 1875] FPS: 79.3 (39.8)  ,  DataTime: 0.319 (0.008)  ,  ForwardTime: 0.077  ,  TotalTime: 0.404  ,  Loss/total: 3.61789  ,  Loss/ce: 3.57256  ,  IoU: 0.73911  ,  pro_loss: 0.22665
[train: Epoch 25, 650 / 1875] FPS: 79.1 (346.7)  ,  DataTime: 0.320 (0.008)  ,  ForwardTime: 0.077  ,  TotalTime: 0.405  ,  Loss/total: 3.61650  ,  Loss/ce: 3.57119  ,  IoU: 0.73934  ,  pro_loss: 0.22656
[train: Epoch 25, 700 / 1875] FPS: 79.5 (357.1)  ,  DataTime: 0.318 (0.008)  ,  ForwardTime: 0.077  ,  TotalTime: 0.403  ,  Loss/total: 3.61549  ,  Loss/ce: 3.57027  ,  IoU: 0.73943  ,  pro_loss: 0.22610
[train: Epoch 25, 750 / 1875] FPS: 80.2 (71.9)  ,  DataTime: 0.314 (0.008)  ,  ForwardTime: 0.077  ,  TotalTime: 0.399  ,  Loss/total: 3.61462  ,  Loss/ce: 3.56947  ,  IoU: 0.73961  ,  pro_loss: 0.22578
[train: Epoch 25, 800 / 1875] FPS: 80.6 (39.7)  ,  DataTime: 0.312 (0.008)  ,  ForwardTime: 0.077  ,  TotalTime: 0.397  ,  Loss/total: 3.61547  ,  Loss/ce: 3.57037  ,  IoU: 0.73938  ,  pro_loss: 0.22550
[train: Epoch 25, 850 / 1875] FPS: 81.0 (343.1)  ,  DataTime: 0.310 (0.008)  ,  ForwardTime: 0.077  ,  TotalTime: 0.395  ,  Loss/total: 3.61460  ,  Loss/ce: 3.56948  ,  IoU: 0.73983  ,  pro_loss: 0.22564
[train: Epoch 25, 900 / 1875] FPS: 81.2 (350.2)  ,  DataTime: 0.309 (0.008)  ,  ForwardTime: 0.077  ,  TotalTime: 0.394  ,  Loss/total: 3.61406  ,  Loss/ce: 3.56890  ,  IoU: 0.73989  ,  pro_loss: 0.22578
[train: Epoch 25, 950 / 1875] FPS: 81.6 (364.7)  ,  DataTime: 0.307 (0.008)  ,  ForwardTime: 0.077  ,  TotalTime: 0.392  ,  Loss/total: 3.61477  ,  Loss/ce: 3.56957  ,  IoU: 0.73971  ,  pro_loss: 0.22598
[train: Epoch 25, 1000 / 1875] FPS: 81.7 (353.9)  ,  DataTime: 0.307 (0.008)  ,  ForwardTime: 0.077  ,  TotalTime: 0.392  ,  Loss/total: 3.61374  ,  Loss/ce: 3.56858  ,  IoU: 0.74003  ,  pro_loss: 0.22580
[train: Epoch 25, 1050 / 1875] FPS: 82.0 (358.4)  ,  DataTime: 0.305 (0.008)  ,  ForwardTime: 0.077  ,  TotalTime: 0.390  ,  Loss/total: 3.61309  ,  Loss/ce: 3.56796  ,  IoU: 0.74022  ,  pro_loss: 0.22565
[train: Epoch 25, 1100 / 1875] FPS: 82.3 (358.2)  ,  DataTime: 0.304 (0.008)  ,  ForwardTime: 0.077  ,  TotalTime: 0.389  ,  Loss/total: 3.61348  ,  Loss/ce: 3.56836  ,  IoU: 0.74028  ,  pro_loss: 0.22559
[train: Epoch 25, 1150 / 1875] FPS: 82.6 (352.0)  ,  DataTime: 0.303 (0.008)  ,  ForwardTime: 0.077  ,  TotalTime: 0.388  ,  Loss/total: 3.61390  ,  Loss/ce: 3.56880  ,  IoU: 0.74045  ,  pro_loss: 0.22550
[train: Epoch 25, 1200 / 1875] FPS: 82.8 (355.9)  ,  DataTime: 0.302 (0.008)  ,  ForwardTime: 0.077  ,  TotalTime: 0.386  ,  Loss/total: 3.61290  ,  Loss/ce: 3.56774  ,  IoU: 0.74080  ,  pro_loss: 0.22576
[train: Epoch 25, 1250 / 1875] FPS: 82.5 (352.7)  ,  DataTime: 0.303 (0.008)  ,  ForwardTime: 0.077  ,  TotalTime: 0.388  ,  Loss/total: 3.61273  ,  Loss/ce: 3.56757  ,  IoU: 0.74108  ,  pro_loss: 0.22578
[train: Epoch 25, 1300 / 1875] FPS: 82.9 (360.1)  ,  DataTime: 0.301 (0.008)  ,  ForwardTime: 0.077  ,  TotalTime: 0.386  ,  Loss/total: 3.61298  ,  Loss/ce: 3.56784  ,  IoU: 0.74090  ,  pro_loss: 0.22570
[train: Epoch 25, 1350 / 1875] FPS: 83.1 (351.2)  ,  DataTime: 0.300 (0.008)  ,  ForwardTime: 0.077  ,  TotalTime: 0.385  ,  Loss/total: 3.61337  ,  Loss/ce: 3.56819  ,  IoU: 0.74099  ,  pro_loss: 0.22587
[train: Epoch 25, 1400 / 1875] FPS: 83.3 (364.8)  ,  DataTime: 0.299 (0.008)  ,  ForwardTime: 0.077  ,  TotalTime: 0.384  ,  Loss/total: 3.61455  ,  Loss/ce: 3.56930  ,  IoU: 0.74086  ,  pro_loss: 0.22629
[train: Epoch 25, 1450 / 1875] FPS: 83.5 (346.0)  ,  DataTime: 0.299 (0.008)  ,  ForwardTime: 0.077  ,  TotalTime: 0.383  ,  Loss/total: 3.61344  ,  Loss/ce: 3.56815  ,  IoU: 0.74104  ,  pro_loss: 0.22644
[train: Epoch 25, 1500 / 1875] FPS: 83.5 (349.6)  ,  DataTime: 0.299 (0.008)  ,  ForwardTime: 0.077  ,  TotalTime: 0.383  ,  Loss/total: 3.61276  ,  Loss/ce: 3.56745  ,  IoU: 0.74123  ,  pro_loss: 0.22658
[train: Epoch 25, 1550 / 1875] FPS: 83.7 (361.6)  ,  DataTime: 0.297 (0.008)  ,  ForwardTime: 0.077  ,  TotalTime: 0.382  ,  Loss/total: 3.61144  ,  Loss/ce: 3.56615  ,  IoU: 0.74136  ,  pro_loss: 0.22647
[train: Epoch 25, 1600 / 1875] FPS: 83.8 (20.7)  ,  DataTime: 0.297 (0.008)  ,  ForwardTime: 0.077  ,  TotalTime: 0.382  ,  Loss/total: 3.60981  ,  Loss/ce: 3.56447  ,  IoU: 0.74183  ,  pro_loss: 0.22668
[train: Epoch 25, 1650 / 1875] FPS: 84.1 (353.1)  ,  DataTime: 0.296 (0.008)  ,  ForwardTime: 0.077  ,  TotalTime: 0.381  ,  Loss/total: 3.60972  ,  Loss/ce: 3.56438  ,  IoU: 0.74214  ,  pro_loss: 0.22672
[train: Epoch 25, 1700 / 1875] FPS: 84.0 (355.3)  ,  DataTime: 0.296 (0.008)  ,  ForwardTime: 0.077  ,  TotalTime: 0.381  ,  Loss/total: 3.60941  ,  Loss/ce: 3.56404  ,  IoU: 0.74225  ,  pro_loss: 0.22686
[train: Epoch 25, 1750 / 1875] FPS: 84.0 (357.8)  ,  DataTime: 0.296 (0.008)  ,  ForwardTime: 0.077  ,  TotalTime: 0.381  ,  Loss/total: 3.60948  ,  Loss/ce: 3.56410  ,  IoU: 0.74231  ,  pro_loss: 0.22689
[train: Epoch 25, 1800 / 1875] FPS: 84.1 (350.2)  ,  DataTime: 0.296 (0.008)  ,  ForwardTime: 0.077  ,  TotalTime: 0.381  ,  Loss/total: 3.60891  ,  Loss/ce: 3.56350  ,  IoU: 0.74247  ,  pro_loss: 0.22706
[train: Epoch 25, 1850 / 1875] FPS: 83.7 (359.2)  ,  DataTime: 0.297 (0.008)  ,  ForwardTime: 0.077  ,  TotalTime: 0.382  ,  Loss/total: 3.60891  ,  Loss/ce: 3.56347  ,  IoU: 0.74232  ,  pro_loss: 0.22720
[train: Epoch 25, 1875 / 1875] FPS: 83.8 (370.7)  ,  DataTime: 0.297 (0.008)  ,  ForwardTime: 0.077  ,  TotalTime: 0.382  ,  Loss/total: 3.60868  ,  Loss/ce: 3.56325  ,  IoU: 0.74229  ,  pro_loss: 0.22718
[val: Epoch 25, 50 / 312] FPS: 63.3 (583.7)  ,  DataTime: 0.445 (0.009)  ,  ForwardTime: 0.051  ,  TotalTime: 0.505  ,  Loss/total: nan  ,  Loss/giou: 0.29822  ,  Loss/l1: 0.02611  ,  Loss/location: nan  ,  pro_loss: 0.23000  ,  IoU: 0.72342
[val: Epoch 25, 100 / 312] FPS: 69.3 (575.2)  ,  DataTime: 0.406 (0.009)  ,  ForwardTime: 0.047  ,  TotalTime: 0.462  ,  Loss/total: nan  ,  Loss/giou: 0.30093  ,  Loss/l1: 0.02629  ,  Loss/location: nan  ,  pro_loss: 0.22854  ,  IoU: 0.72079
[val: Epoch 25, 150 / 312] FPS: 71.6 (578.3)  ,  DataTime: 0.393 (0.009)  ,  ForwardTime: 0.045  ,  TotalTime: 0.447  ,  Loss/total: nan  ,  Loss/giou: 0.29827  ,  Loss/l1: 0.02599  ,  Loss/location: nan  ,  pro_loss: 0.22896  ,  IoU: 0.72282
[val: Epoch 25, 200 / 312] FPS: 75.0 (533.6)  ,  DataTime: 0.374 (0.009)  ,  ForwardTime: 0.044  ,  TotalTime: 0.427  ,  Loss/total: nan  ,  Loss/giou: 0.29617  ,  Loss/l1: 0.02565  ,  Loss/location: nan  ,  pro_loss: 0.23026  ,  IoU: 0.72470
[val: Epoch 25, 250 / 312] FPS: 74.5 (11.4)  ,  DataTime: 0.377 (0.009)  ,  ForwardTime: 0.043  ,  TotalTime: 0.429  ,  Loss/total: nan  ,  Loss/giou: 0.29740  ,  Loss/l1: 0.02600  ,  Loss/location: nan  ,  pro_loss: 0.22963  ,  IoU: 0.72399
[val: Epoch 25, 300 / 312] FPS: 76.7 (533.6)  ,  DataTime: 0.365 (0.009)  ,  ForwardTime: 0.043  ,  TotalTime: 0.417  ,  Loss/total: nan  ,  Loss/giou: 0.29843  ,  Loss/l1: 0.02603  ,  Loss/location: nan  ,  pro_loss: 0.22868  ,  IoU: 0.72325
[val: Epoch 25, 312 / 312] FPS: 78.2 (626.3)  ,  DataTime: 0.357 (0.009)  ,  ForwardTime: 0.043  ,  TotalTime: 0.409  ,  Loss/total: nan  ,  Loss/giou: 0.29864  ,  Loss/l1: 0.02608  ,  Loss/location: nan  ,  pro_loss: 0.22903  ,  IoU: 0.72303
[train: Epoch 26, 50 / 1875] FPS: 58.5 (355.6)  ,  DataTime: 0.462 (0.008)  ,  ForwardTime: 0.077  ,  TotalTime: 0.547  ,  Loss/total: 3.60041  ,  Loss/ce: 3.55357  ,  IoU: 0.73800  ,  pro_loss: 0.23417
[train: Epoch 26, 100 / 1875] FPS: 66.5 (358.1)  ,  DataTime: 0.397 (0.008)  ,  ForwardTime: 0.077  ,  TotalTime: 0.481  ,  Loss/total: 3.60031  ,  Loss/ce: 3.55381  ,  IoU: 0.73859  ,  pro_loss: 0.23250
[train: Epoch 26, 150 / 1875] FPS: 70.8 (357.4)  ,  DataTime: 0.368 (0.008)  ,  ForwardTime: 0.077  ,  TotalTime: 0.452  ,  Loss/total: 3.61171  ,  Loss/ce: 3.56556  ,  IoU: 0.73679  ,  pro_loss: 0.23076
[train: Epoch 26, 200 / 1875] FPS: 72.2 (359.7)  ,  DataTime: 0.359 (0.008)  ,  ForwardTime: 0.077  ,  TotalTime: 0.443  ,  Loss/total: 3.61986  ,  Loss/ce: 3.57375  ,  IoU: 0.73606  ,  pro_loss: 0.23052
[train: Epoch 26, 250 / 1875] FPS: 72.3 (345.4)  ,  DataTime: 0.358 (0.008)  ,  ForwardTime: 0.077  ,  TotalTime: 0.443  ,  Loss/total: 3.61828  ,  Loss/ce: 3.57223  ,  IoU: 0.73637  ,  pro_loss: 0.23025
[train: Epoch 26, 300 / 1875] FPS: 73.1 (23.9)  ,  DataTime: 0.353 (0.008)  ,  ForwardTime: 0.077  ,  TotalTime: 0.438  ,  Loss/total: 3.61681  ,  Loss/ce: 3.57113  ,  IoU: 0.73744  ,  pro_loss: 0.22840
[train: Epoch 26, 350 / 1875] FPS: 74.0 (352.2)  ,  DataTime: 0.348 (0.008)  ,  ForwardTime: 0.077  ,  TotalTime: 0.433  ,  Loss/total: 3.61854  ,  Loss/ce: 3.57278  ,  IoU: 0.73734  ,  pro_loss: 0.22881
[train: Epoch 26, 400 / 1875] FPS: 73.9 (268.1)  ,  DataTime: 0.348 (0.008)  ,  ForwardTime: 0.077  ,  TotalTime: 0.433  ,  Loss/total: 3.61948  ,  Loss/ce: 3.57375  ,  IoU: 0.73713  ,  pro_loss: 0.22865
[train: Epoch 26, 450 / 1875] FPS: 73.7 (350.3)  ,  DataTime: 0.350 (0.008)  ,  ForwardTime: 0.077  ,  TotalTime: 0.434  ,  Loss/total: 3.62043  ,  Loss/ce: 3.57473  ,  IoU: 0.73703  ,  pro_loss: 0.22850
[train: Epoch 26, 500 / 1875] FPS: 74.0 (360.2)  ,  DataTime: 0.348 (0.008)  ,  ForwardTime: 0.077  ,  TotalTime: 0.432  ,  Loss/total: 3.62016  ,  Loss/ce: 3.57451  ,  IoU: 0.73698  ,  pro_loss: 0.22821
[train: Epoch 26, 550 / 1875] FPS: 74.2 (362.4)  ,  DataTime: 0.347 (0.008)  ,  ForwardTime: 0.077  ,  TotalTime: 0.431  ,  Loss/total: 3.61645  ,  Loss/ce: 3.57073  ,  IoU: 0.73856  ,  pro_loss: 0.22862
[train: Epoch 26, 600 / 1875] FPS: 74.5 (345.8)  ,  DataTime: 0.345 (0.008)  ,  ForwardTime: 0.077  ,  TotalTime: 0.429  ,  Loss/total: 3.61533  ,  Loss/ce: 3.56954  ,  IoU: 0.73874  ,  pro_loss: 0.22891
[train: Epoch 26, 650 / 1875] FPS: 74.7 (364.5)  ,  DataTime: 0.344 (0.008)  ,  ForwardTime: 0.077  ,  TotalTime: 0.428  ,  Loss/total: 3.61241  ,  Loss/ce: 3.56670  ,  IoU: 0.74011  ,  pro_loss: 0.22857
[train: Epoch 26, 700 / 1875] FPS: 74.3 (17.3)  ,  DataTime: 0.346 (0.008)  ,  ForwardTime: 0.077  ,  TotalTime: 0.431  ,  Loss/total: 3.61188  ,  Loss/ce: 3.56629  ,  IoU: 0.73989  ,  pro_loss: 0.22798
[train: Epoch 26, 750 / 1875] FPS: 74.5 (17.1)  ,  DataTime: 0.345 (0.008)  ,  ForwardTime: 0.077  ,  TotalTime: 0.430  ,  Loss/total: 3.61008  ,  Loss/ce: 3.56444  ,  IoU: 0.74067  ,  pro_loss: 0.22821
[train: Epoch 26, 800 / 1875] FPS: 74.9 (349.2)  ,  DataTime: 0.343 (0.008)  ,  ForwardTime: 0.077  ,  TotalTime: 0.427  ,  Loss/total: 3.61011  ,  Loss/ce: 3.56445  ,  IoU: 0.74049  ,  pro_loss: 0.22829
[train: Epoch 26, 850 / 1875] FPS: 75.3 (95.6)  ,  DataTime: 0.340 (0.008)  ,  ForwardTime: 0.077  ,  TotalTime: 0.425  ,  Loss/total: 3.60922  ,  Loss/ce: 3.56363  ,  IoU: 0.74059  ,  pro_loss: 0.22794
[train: Epoch 26, 900 / 1875] FPS: 75.2 (354.4)  ,  DataTime: 0.341 (0.008)  ,  ForwardTime: 0.077  ,  TotalTime: 0.425  ,  Loss/total: 3.60887  ,  Loss/ce: 3.56333  ,  IoU: 0.74050  ,  pro_loss: 0.22772
[train: Epoch 26, 950 / 1875] FPS: 75.5 (357.1)  ,  DataTime: 0.339 (0.008)  ,  ForwardTime: 0.077  ,  TotalTime: 0.424  ,  Loss/total: 3.60900  ,  Loss/ce: 3.56341  ,  IoU: 0.74045  ,  pro_loss: 0.22791
[train: Epoch 26, 1000 / 1875] FPS: 75.8 (360.1)  ,  DataTime: 0.338 (0.008)  ,  ForwardTime: 0.077  ,  TotalTime: 0.422  ,  Loss/total: 3.60803  ,  Loss/ce: 3.56244  ,  IoU: 0.74085  ,  pro_loss: 0.22794
[train: Epoch 26, 1050 / 1875] FPS: 75.9 (21.3)  ,  DataTime: 0.337 (0.008)  ,  ForwardTime: 0.077  ,  TotalTime: 0.422  ,  Loss/total: 3.60784  ,  Loss/ce: 3.56227  ,  IoU: 0.74124  ,  pro_loss: 0.22786
[train: Epoch 26, 1100 / 1875] FPS: 76.0 (13.7)  ,  DataTime: 0.336 (0.008)  ,  ForwardTime: 0.077  ,  TotalTime: 0.421  ,  Loss/total: 3.60732  ,  Loss/ce: 3.56165  ,  IoU: 0.74140  ,  pro_loss: 0.22831
[train: Epoch 26, 1150 / 1875] FPS: 76.3 (357.2)  ,  DataTime: 0.334 (0.008)  ,  ForwardTime: 0.077  ,  TotalTime: 0.419  ,  Loss/total: 3.60659  ,  Loss/ce: 3.56092  ,  IoU: 0.74173  ,  pro_loss: 0.22837
[train: Epoch 26, 1200 / 1875] FPS: 76.6 (363.7)  ,  DataTime: 0.333 (0.008)  ,  ForwardTime: 0.077  ,  TotalTime: 0.418  ,  Loss/total: 3.60553  ,  Loss/ce: 3.55992  ,  IoU: 0.74230  ,  pro_loss: 0.22805
[train: Epoch 26, 1250 / 1875] FPS: 76.9 (361.2)  ,  DataTime: 0.331 (0.008)  ,  ForwardTime: 0.077  ,  TotalTime: 0.416  ,  Loss/total: 3.60427  ,  Loss/ce: 3.55863  ,  IoU: 0.74251  ,  pro_loss: 0.22821
[train: Epoch 26, 1300 / 1875] FPS: 77.0 (358.7)  ,  DataTime: 0.331 (0.008)  ,  ForwardTime: 0.077  ,  TotalTime: 0.416  ,  Loss/total: 3.60374  ,  Loss/ce: 3.55805  ,  IoU: 0.74276  ,  pro_loss: 0.22842
[train: Epoch 26, 1350 / 1875] FPS: 77.0 (34.0)  ,  DataTime: 0.331 (0.008)  ,  ForwardTime: 0.077  ,  TotalTime: 0.416  ,  Loss/total: 3.60368  ,  Loss/ce: 3.55799  ,  IoU: 0.74272  ,  pro_loss: 0.22843
[train: Epoch 26, 1400 / 1875] FPS: 77.2 (349.2)  ,  DataTime: 0.330 (0.008)  ,  ForwardTime: 0.077  ,  TotalTime: 0.415  ,  Loss/total: 3.60334  ,  Loss/ce: 3.55760  ,  IoU: 0.74276  ,  pro_loss: 0.22869
[train: Epoch 26, 1450 / 1875] FPS: 77.5 (352.9)  ,  DataTime: 0.328 (0.008)  ,  ForwardTime: 0.077  ,  TotalTime: 0.413  ,  Loss/total: 3.60373  ,  Loss/ce: 3.55790  ,  IoU: 0.74273  ,  pro_loss: 0.22914
[train: Epoch 26, 1500 / 1875] FPS: 77.7 (355.8)  ,  DataTime: 0.327 (0.008)  ,  ForwardTime: 0.077  ,  TotalTime: 0.412  ,  Loss/total: 3.60301  ,  Loss/ce: 3.55720  ,  IoU: 0.74285  ,  pro_loss: 0.22906
[train: Epoch 26, 1550 / 1875] FPS: 77.8 (56.2)  ,  DataTime: 0.327 (0.008)  ,  ForwardTime: 0.077  ,  TotalTime: 0.411  ,  Loss/total: 3.60279  ,  Loss/ce: 3.55701  ,  IoU: 0.74297  ,  pro_loss: 0.22893
[train: Epoch 26, 1600 / 1875] FPS: 78.0 (211.4)  ,  DataTime: 0.325 (0.008)  ,  ForwardTime: 0.077  ,  TotalTime: 0.410  ,  Loss/total: 3.60239  ,  Loss/ce: 3.55664  ,  IoU: 0.74295  ,  pro_loss: 0.22873
[train: Epoch 26, 1650 / 1875] FPS: 78.1 (352.6)  ,  DataTime: 0.325 (0.008)  ,  ForwardTime: 0.077  ,  TotalTime: 0.410  ,  Loss/total: 3.60296  ,  Loss/ce: 3.55723  ,  IoU: 0.74284  ,  pro_loss: 0.22866
[train: Epoch 26, 1700 / 1875] FPS: 78.4 (359.0)  ,  DataTime: 0.323 (0.008)  ,  ForwardTime: 0.077  ,  TotalTime: 0.408  ,  Loss/total: 3.60313  ,  Loss/ce: 3.55739  ,  IoU: 0.74307  ,  pro_loss: 0.22873
[train: Epoch 26, 1750 / 1875] FPS: 78.7 (359.5)  ,  DataTime: 0.322 (0.008)  ,  ForwardTime: 0.077  ,  TotalTime: 0.407  ,  Loss/total: 3.60262  ,  Loss/ce: 3.55690  ,  IoU: 0.74331  ,  pro_loss: 0.22862
[train: Epoch 26, 1800 / 1875] FPS: 79.1 (365.6)  ,  DataTime: 0.320 (0.008)  ,  ForwardTime: 0.077  ,  TotalTime: 0.405  ,  Loss/total: 3.60284  ,  Loss/ce: 3.55716  ,  IoU: 0.74330  ,  pro_loss: 0.22841
[train: Epoch 26, 1850 / 1875] FPS: 79.1 (17.7)  ,  DataTime: 0.320 (0.008)  ,  ForwardTime: 0.077  ,  TotalTime: 0.405  ,  Loss/total: 3.60191  ,  Loss/ce: 3.55622  ,  IoU: 0.74347  ,  pro_loss: 0.22846
[train: Epoch 26, 1875 / 1875] FPS: 79.5 (369.9)  ,  DataTime: 0.318 (0.008)  ,  ForwardTime: 0.077  ,  TotalTime: 0.402  ,  Loss/total: 3.60217  ,  Loss/ce: 3.55646  ,  IoU: 0.74349  ,  pro_loss: 0.22858
[train: Epoch 27, 50 / 1875] FPS: 76.3 (358.8)  ,  DataTime: 0.335 (0.008)  ,  ForwardTime: 0.077  ,  TotalTime: 0.419  ,  Loss/total: 3.58788  ,  Loss/ce: 3.54396  ,  IoU: 0.73842  ,  pro_loss: 0.21958
[train: Epoch 27, 100 / 1875] FPS: 82.0 (363.2)  ,  DataTime: 0.306 (0.008)  ,  ForwardTime: 0.077  ,  TotalTime: 0.390  ,  Loss/total: 3.58578  ,  Loss/ce: 3.54034  ,  IoU: 0.74246  ,  pro_loss: 0.22719
[train: Epoch 27, 150 / 1875] FPS: 81.8 (362.7)  ,  DataTime: 0.307 (0.008)  ,  ForwardTime: 0.077  ,  TotalTime: 0.391  ,  Loss/total: 3.59024  ,  Loss/ce: 3.54479  ,  IoU: 0.74409  ,  pro_loss: 0.22722
[train: Epoch 27, 200 / 1875] FPS: 84.6 (344.7)  ,  DataTime: 0.293 (0.008)  ,  ForwardTime: 0.077  ,  TotalTime: 0.378  ,  Loss/total: 3.58826  ,  Loss/ce: 3.54259  ,  IoU: 0.74473  ,  pro_loss: 0.22833
[train: Epoch 27, 250 / 1875] FPS: 86.1 (359.8)  ,  DataTime: 0.287 (0.008)  ,  ForwardTime: 0.077  ,  TotalTime: 0.372  ,  Loss/total: 3.58880  ,  Loss/ce: 3.54302  ,  IoU: 0.74509  ,  pro_loss: 0.22892
[train: Epoch 27, 300 / 1875] FPS: 86.2 (357.1)  ,  DataTime: 0.286 (0.008)  ,  ForwardTime: 0.077  ,  TotalTime: 0.371  ,  Loss/total: 3.58337  ,  Loss/ce: 3.53755  ,  IoU: 0.74650  ,  pro_loss: 0.22910
[train: Epoch 27, 350 / 1875] FPS: 87.2 (359.1)  ,  DataTime: 0.282 (0.008)  ,  ForwardTime: 0.077  ,  TotalTime: 0.367  ,  Loss/total: 3.58048  ,  Loss/ce: 3.53473  ,  IoU: 0.74654  ,  pro_loss: 0.22875
[train: Epoch 27, 400 / 1875] FPS: 87.3 (18.9)  ,  DataTime: 0.282 (0.008)  ,  ForwardTime: 0.077  ,  TotalTime: 0.366  ,  Loss/total: 3.58752  ,  Loss/ce: 3.54172  ,  IoU: 0.74535  ,  pro_loss: 0.22898
[train: Epoch 27, 450 / 1875] FPS: 87.2 (30.4)  ,  DataTime: 0.282 (0.008)  ,  ForwardTime: 0.077  ,  TotalTime: 0.367  ,  Loss/total: 3.58881  ,  Loss/ce: 3.54299  ,  IoU: 0.74566  ,  pro_loss: 0.22907
[train: Epoch 27, 500 / 1875] FPS: 87.7 (349.2)  ,  DataTime: 0.280 (0.008)  ,  ForwardTime: 0.077  ,  TotalTime: 0.365  ,  Loss/total: 3.58963  ,  Loss/ce: 3.54398  ,  IoU: 0.74573  ,  pro_loss: 0.22825
[train: Epoch 27, 550 / 1875] FPS: 87.9 (31.8)  ,  DataTime: 0.279 (0.008)  ,  ForwardTime: 0.077  ,  TotalTime: 0.364  ,  Loss/total: 3.58999  ,  Loss/ce: 3.54436  ,  IoU: 0.74568  ,  pro_loss: 0.22814
[train: Epoch 27, 600 / 1875] FPS: 88.0 (22.2)  ,  DataTime: 0.279 (0.008)  ,  ForwardTime: 0.077  ,  TotalTime: 0.364  ,  Loss/total: 3.59295  ,  Loss/ce: 3.54721  ,  IoU: 0.74523  ,  pro_loss: 0.22866
[train: Epoch 27, 650 / 1875] FPS: 88.2 (357.7)  ,  DataTime: 0.278 (0.008)  ,  ForwardTime: 0.077  ,  TotalTime: 0.363  ,  Loss/total: 3.59478  ,  Loss/ce: 3.54905  ,  IoU: 0.74471  ,  pro_loss: 0.22864
[train: Epoch 27, 700 / 1875] FPS: 87.7 (14.5)  ,  DataTime: 0.280 (0.008)  ,  ForwardTime: 0.077  ,  TotalTime: 0.365  ,  Loss/total: 3.59505  ,  Loss/ce: 3.54932  ,  IoU: 0.74500  ,  pro_loss: 0.22863
[train: Epoch 27, 750 / 1875] FPS: 88.7 (344.8)  ,  DataTime: 0.276 (0.008)  ,  ForwardTime: 0.077  ,  TotalTime: 0.361  ,  Loss/total: 3.59455  ,  Loss/ce: 3.54881  ,  IoU: 0.74488  ,  pro_loss: 0.22872
[train: Epoch 27, 800 / 1875] FPS: 88.5 (358.3)  ,  DataTime: 0.277 (0.008)  ,  ForwardTime: 0.077  ,  TotalTime: 0.362  ,  Loss/total: 3.59509  ,  Loss/ce: 3.54931  ,  IoU: 0.74499  ,  pro_loss: 0.22891
[train: Epoch 27, 850 / 1875] FPS: 89.0 (355.3)  ,  DataTime: 0.275 (0.008)  ,  ForwardTime: 0.077  ,  TotalTime: 0.360  ,  Loss/total: 3.59505  ,  Loss/ce: 3.54934  ,  IoU: 0.74511  ,  pro_loss: 0.22854
[train: Epoch 27, 900 / 1875] FPS: 89.5 (208.6)  ,  DataTime: 0.273 (0.008)  ,  ForwardTime: 0.077  ,  TotalTime: 0.358  ,  Loss/total: 3.59471  ,  Loss/ce: 3.54895  ,  IoU: 0.74524  ,  pro_loss: 0.22880
[train: Epoch 27, 950 / 1875] FPS: 89.6 (338.7)  ,  DataTime: 0.272 (0.008)  ,  ForwardTime: 0.077  ,  TotalTime: 0.357  ,  Loss/total: 3.59518  ,  Loss/ce: 3.54944  ,  IoU: 0.74510  ,  pro_loss: 0.22867
[train: Epoch 27, 1000 / 1875] FPS: 90.3 (355.0)  ,  DataTime: 0.270 (0.008)  ,  ForwardTime: 0.077  ,  TotalTime: 0.355  ,  Loss/total: 3.59587  ,  Loss/ce: 3.55015  ,  IoU: 0.74484  ,  pro_loss: 0.22860
[train: Epoch 27, 1050 / 1875] FPS: 90.4 (359.0)  ,  DataTime: 0.269 (0.008)  ,  ForwardTime: 0.077  ,  TotalTime: 0.354  ,  Loss/total: 3.59613  ,  Loss/ce: 3.55040  ,  IoU: 0.74475  ,  pro_loss: 0.22861
[train: Epoch 27, 1100 / 1875] FPS: 90.2 (29.4)  ,  DataTime: 0.270 (0.008)  ,  ForwardTime: 0.077  ,  TotalTime: 0.355  ,  Loss/total: 3.59547  ,  Loss/ce: 3.54984  ,  IoU: 0.74498  ,  pro_loss: 0.22815
[train: Epoch 27, 1150 / 1875] FPS: 90.5 (73.9)  ,  DataTime: 0.269 (0.008)  ,  ForwardTime: 0.077  ,  TotalTime: 0.354  ,  Loss/total: 3.59428  ,  Loss/ce: 3.54864  ,  IoU: 0.74508  ,  pro_loss: 0.22818
[train: Epoch 27, 1200 / 1875] FPS: 90.7 (365.5)  ,  DataTime: 0.268 (0.008)  ,  ForwardTime: 0.077  ,  TotalTime: 0.353  ,  Loss/total: 3.59597  ,  Loss/ce: 3.55030  ,  IoU: 0.74461  ,  pro_loss: 0.22836
[train: Epoch 27, 1250 / 1875] FPS: 90.9 (340.1)  ,  DataTime: 0.267 (0.008)  ,  ForwardTime: 0.077  ,  TotalTime: 0.352  ,  Loss/total: 3.59683  ,  Loss/ce: 3.55116  ,  IoU: 0.74447  ,  pro_loss: 0.22836
[train: Epoch 27, 1300 / 1875] FPS: 91.1 (362.8)  ,  DataTime: 0.267 (0.008)  ,  ForwardTime: 0.077  ,  TotalTime: 0.351  ,  Loss/total: 3.59693  ,  Loss/ce: 3.55127  ,  IoU: 0.74456  ,  pro_loss: 0.22834
[train: Epoch 27, 1350 / 1875] FPS: 91.3 (346.8)  ,  DataTime: 0.266 (0.008)  ,  ForwardTime: 0.077  ,  TotalTime: 0.351  ,  Loss/total: 3.59668  ,  Loss/ce: 3.55102  ,  IoU: 0.74449  ,  pro_loss: 0.22830
[train: Epoch 27, 1400 / 1875] FPS: 91.7 (360.6)  ,  DataTime: 0.264 (0.008)  ,  ForwardTime: 0.077  ,  TotalTime: 0.349  ,  Loss/total: 3.59671  ,  Loss/ce: 3.55103  ,  IoU: 0.74457  ,  pro_loss: 0.22841
[train: Epoch 27, 1450 / 1875] FPS: 91.6 (353.1)  ,  DataTime: 0.264 (0.008)  ,  ForwardTime: 0.077  ,  TotalTime: 0.349  ,  Loss/total: 3.59707  ,  Loss/ce: 3.55137  ,  IoU: 0.74446  ,  pro_loss: 0.22850
[train: Epoch 27, 1500 / 1875] FPS: 91.9 (355.6)  ,  DataTime: 0.263 (0.008)  ,  ForwardTime: 0.077  ,  TotalTime: 0.348  ,  Loss/total: 3.59677  ,  Loss/ce: 3.55105  ,  IoU: 0.74451  ,  pro_loss: 0.22861
[train: Epoch 27, 1550 / 1875] FPS: 91.7 (356.8)  ,  DataTime: 0.264 (0.008)  ,  ForwardTime: 0.077  ,  TotalTime: 0.349  ,  Loss/total: 3.59678  ,  Loss/ce: 3.55105  ,  IoU: 0.74448  ,  pro_loss: 0.22864
[train: Epoch 27, 1600 / 1875] FPS: 91.9 (328.9)  ,  DataTime: 0.263 (0.008)  ,  ForwardTime: 0.077  ,  TotalTime: 0.348  ,  Loss/total: 3.59625  ,  Loss/ce: 3.55052  ,  IoU: 0.74455  ,  pro_loss: 0.22865
[train: Epoch 27, 1650 / 1875] FPS: 91.6 (335.0)  ,  DataTime: 0.264 (0.008)  ,  ForwardTime: 0.077  ,  TotalTime: 0.349  ,  Loss/total: 3.59636  ,  Loss/ce: 3.55061  ,  IoU: 0.74442  ,  pro_loss: 0.22875
[train: Epoch 27, 1700 / 1875] FPS: 91.5 (350.6)  ,  DataTime: 0.265 (0.008)  ,  ForwardTime: 0.077  ,  TotalTime: 0.350  ,  Loss/total: 3.59611  ,  Loss/ce: 3.55038  ,  IoU: 0.74451  ,  pro_loss: 0.22870
[train: Epoch 27, 1750 / 1875] FPS: 91.4 (352.4)  ,  DataTime: 0.265 (0.008)  ,  ForwardTime: 0.077  ,  TotalTime: 0.350  ,  Loss/total: 3.59601  ,  Loss/ce: 3.55027  ,  IoU: 0.74443  ,  pro_loss: 0.22870
[train: Epoch 27, 1800 / 1875] FPS: 91.3 (340.1)  ,  DataTime: 0.266 (0.008)  ,  ForwardTime: 0.077  ,  TotalTime: 0.351  ,  Loss/total: 3.59606  ,  Loss/ce: 3.55035  ,  IoU: 0.74436  ,  pro_loss: 0.22856
[train: Epoch 27, 1850 / 1875] FPS: 91.0 (355.1)  ,  DataTime: 0.267 (0.008)  ,  ForwardTime: 0.077  ,  TotalTime: 0.352  ,  Loss/total: 3.59593  ,  Loss/ce: 3.55022  ,  IoU: 0.74450  ,  pro_loss: 0.22855
[train: Epoch 27, 1875 / 1875] FPS: 91.2 (367.8)  ,  DataTime: 0.266 (0.008)  ,  ForwardTime: 0.077  ,  TotalTime: 0.351  ,  Loss/total: 3.59580  ,  Loss/ce: 3.55011  ,  IoU: 0.74450  ,  pro_loss: 0.22847
[train: Epoch 28, 50 / 1875] FPS: 77.5 (28.2)  ,  DataTime: 0.327 (0.009)  ,  ForwardTime: 0.077  ,  TotalTime: 0.413  ,  Loss/total: 3.58323  ,  Loss/ce: 3.53790  ,  IoU: 0.74757  ,  pro_loss: 0.22667
[train: Epoch 28, 100 / 1875] FPS: 82.0 (20.8)  ,  DataTime: 0.305 (0.009)  ,  ForwardTime: 0.077  ,  TotalTime: 0.390  ,  Loss/total: 3.58210  ,  Loss/ce: 3.53654  ,  IoU: 0.74945  ,  pro_loss: 0.22781
[train: Epoch 28, 150 / 1875] FPS: 82.1 (353.4)  ,  DataTime: 0.305 (0.009)  ,  ForwardTime: 0.077  ,  TotalTime: 0.390  ,  Loss/total: 3.57832  ,  Loss/ce: 3.53267  ,  IoU: 0.75011  ,  pro_loss: 0.22826
[train: Epoch 28, 200 / 1875] FPS: 86.6 (341.3)  ,  DataTime: 0.284 (0.008)  ,  ForwardTime: 0.077  ,  TotalTime: 0.369  ,  Loss/total: 3.57722  ,  Loss/ce: 3.53139  ,  IoU: 0.75090  ,  pro_loss: 0.22912
[train: Epoch 28, 250 / 1875] FPS: 86.5 (288.8)  ,  DataTime: 0.285 (0.008)  ,  ForwardTime: 0.077  ,  TotalTime: 0.370  ,  Loss/total: 3.57799  ,  Loss/ce: 3.53239  ,  IoU: 0.75046  ,  pro_loss: 0.22804
[train: Epoch 28, 300 / 1875] FPS: 87.6 (352.5)  ,  DataTime: 0.281 (0.008)  ,  ForwardTime: 0.077  ,  TotalTime: 0.365  ,  Loss/total: 3.58087  ,  Loss/ce: 3.53514  ,  IoU: 0.74925  ,  pro_loss: 0.22865
[train: Epoch 28, 350 / 1875] FPS: 86.9 (352.5)  ,  DataTime: 0.283 (0.008)  ,  ForwardTime: 0.077  ,  TotalTime: 0.368  ,  Loss/total: 3.58378  ,  Loss/ce: 3.53805  ,  IoU: 0.74845  ,  pro_loss: 0.22863
[train: Epoch 28, 400 / 1875] FPS: 88.4 (354.3)  ,  DataTime: 0.277 (0.008)  ,  ForwardTime: 0.077  ,  TotalTime: 0.362  ,  Loss/total: 3.58720  ,  Loss/ce: 3.54150  ,  IoU: 0.74873  ,  pro_loss: 0.22846
[train: Epoch 28, 450 / 1875] FPS: 88.4 (15.9)  ,  DataTime: 0.277 (0.008)  ,  ForwardTime: 0.077  ,  TotalTime: 0.362  ,  Loss/total: 3.58975  ,  Loss/ce: 3.54401  ,  IoU: 0.74813  ,  pro_loss: 0.22873
[train: Epoch 28, 500 / 1875] FPS: 89.4 (351.8)  ,  DataTime: 0.273 (0.008)  ,  ForwardTime: 0.077  ,  TotalTime: 0.358  ,  Loss/total: 3.58951  ,  Loss/ce: 3.54379  ,  IoU: 0.74873  ,  pro_loss: 0.22865
[train: Epoch 28, 550 / 1875] FPS: 89.3 (359.7)  ,  DataTime: 0.273 (0.008)  ,  ForwardTime: 0.077  ,  TotalTime: 0.358  ,  Loss/total: 3.58997  ,  Loss/ce: 3.54430  ,  IoU: 0.74804  ,  pro_loss: 0.22837
[train: Epoch 28, 600 / 1875] FPS: 89.7 (361.0)  ,  DataTime: 0.272 (0.008)  ,  ForwardTime: 0.077  ,  TotalTime: 0.357  ,  Loss/total: 3.58991  ,  Loss/ce: 3.54423  ,  IoU: 0.74784  ,  pro_loss: 0.22840
[train: Epoch 28, 650 / 1875] FPS: 90.6 (363.2)  ,  DataTime: 0.268 (0.008)  ,  ForwardTime: 0.077  ,  TotalTime: 0.353  ,  Loss/total: 3.58848  ,  Loss/ce: 3.54286  ,  IoU: 0.74786  ,  pro_loss: 0.22808
[train: Epoch 28, 700 / 1875] FPS: 90.1 (349.8)  ,  DataTime: 0.270 (0.008)  ,  ForwardTime: 0.077  ,  TotalTime: 0.355  ,  Loss/total: 3.58786  ,  Loss/ce: 3.54230  ,  IoU: 0.74818  ,  pro_loss: 0.22777
[train: Epoch 28, 750 / 1875] FPS: 90.6 (356.1)  ,  DataTime: 0.268 (0.008)  ,  ForwardTime: 0.077  ,  TotalTime: 0.353  ,  Loss/total: 3.58821  ,  Loss/ce: 3.54272  ,  IoU: 0.74818  ,  pro_loss: 0.22743
[train: Epoch 28, 800 / 1875] FPS: 90.7 (16.0)  ,  DataTime: 0.268 (0.008)  ,  ForwardTime: 0.077  ,  TotalTime: 0.353  ,  Loss/total: 3.58937  ,  Loss/ce: 3.54389  ,  IoU: 0.74792  ,  pro_loss: 0.22741
[train: Epoch 28, 850 / 1875] FPS: 91.1 (19.0)  ,  DataTime: 0.266 (0.008)  ,  ForwardTime: 0.077  ,  TotalTime: 0.351  ,  Loss/total: 3.58893  ,  Loss/ce: 3.54343  ,  IoU: 0.74767  ,  pro_loss: 0.22754
[train: Epoch 28, 900 / 1875] FPS: 91.6 (349.3)  ,  DataTime: 0.264 (0.008)  ,  ForwardTime: 0.077  ,  TotalTime: 0.349  ,  Loss/total: 3.58904  ,  Loss/ce: 3.54353  ,  IoU: 0.74786  ,  pro_loss: 0.22752
[train: Epoch 28, 950 / 1875] FPS: 92.1 (348.3)  ,  DataTime: 0.263 (0.008)  ,  ForwardTime: 0.077  ,  TotalTime: 0.348  ,  Loss/total: 3.58873  ,  Loss/ce: 3.54324  ,  IoU: 0.74766  ,  pro_loss: 0.22748
[train: Epoch 28, 1000 / 1875] FPS: 91.5 (359.4)  ,  DataTime: 0.265 (0.008)  ,  ForwardTime: 0.077  ,  TotalTime: 0.350  ,  Loss/total: 3.58999  ,  Loss/ce: 3.54444  ,  IoU: 0.74761  ,  pro_loss: 0.22774
[train: Epoch 28, 1050 / 1875] FPS: 91.9 (316.7)  ,  DataTime: 0.263 (0.008)  ,  ForwardTime: 0.077  ,  TotalTime: 0.348  ,  Loss/total: 3.59043  ,  Loss/ce: 3.54485  ,  IoU: 0.74757  ,  pro_loss: 0.22792
[train: Epoch 28, 1100 / 1875] FPS: 91.2 (28.0)  ,  DataTime: 0.266 (0.008)  ,  ForwardTime: 0.077  ,  TotalTime: 0.351  ,  Loss/total: 3.59020  ,  Loss/ce: 3.54459  ,  IoU: 0.74751  ,  pro_loss: 0.22809
[train: Epoch 28, 1150 / 1875] FPS: 90.7 (349.7)  ,  DataTime: 0.268 (0.008)  ,  ForwardTime: 0.077  ,  TotalTime: 0.353  ,  Loss/total: 3.59003  ,  Loss/ce: 3.54441  ,  IoU: 0.74750  ,  pro_loss: 0.22805
[train: Epoch 28, 1200 / 1875] FPS: 90.4 (343.3)  ,  DataTime: 0.269 (0.008)  ,  ForwardTime: 0.077  ,  TotalTime: 0.354  ,  Loss/total: 3.58956  ,  Loss/ce: 3.54396  ,  IoU: 0.74788  ,  pro_loss: 0.22797
[train: Epoch 28, 1250 / 1875] FPS: 89.8 (355.5)  ,  DataTime: 0.272 (0.008)  ,  ForwardTime: 0.077  ,  TotalTime: 0.356  ,  Loss/total: 3.58909  ,  Loss/ce: 3.54348  ,  IoU: 0.74807  ,  pro_loss: 0.22804
[train: Epoch 28, 1300 / 1875] FPS: 89.4 (353.3)  ,  DataTime: 0.273 (0.008)  ,  ForwardTime: 0.077  ,  TotalTime: 0.358  ,  Loss/total: 3.58857  ,  Loss/ce: 3.54293  ,  IoU: 0.74820  ,  pro_loss: 0.22821
[train: Epoch 28, 1350 / 1875] FPS: 88.9 (355.7)  ,  DataTime: 0.275 (0.008)  ,  ForwardTime: 0.077  ,  TotalTime: 0.360  ,  Loss/total: 3.58884  ,  Loss/ce: 3.54323  ,  IoU: 0.74822  ,  pro_loss: 0.22803
[train: Epoch 28, 1400 / 1875] FPS: 88.4 (344.1)  ,  DataTime: 0.277 (0.008)  ,  ForwardTime: 0.077  ,  TotalTime: 0.362  ,  Loss/total: 3.58842  ,  Loss/ce: 3.54281  ,  IoU: 0.74823  ,  pro_loss: 0.22805
[train: Epoch 28, 1450 / 1875] FPS: 88.0 (351.1)  ,  DataTime: 0.279 (0.008)  ,  ForwardTime: 0.077  ,  TotalTime: 0.363  ,  Loss/total: 3.58855  ,  Loss/ce: 3.54294  ,  IoU: 0.74817  ,  pro_loss: 0.22806
[train: Epoch 28, 1500 / 1875] FPS: 87.9 (362.6)  ,  DataTime: 0.279 (0.008)  ,  ForwardTime: 0.077  ,  TotalTime: 0.364  ,  Loss/total: 3.58810  ,  Loss/ce: 3.54245  ,  IoU: 0.74834  ,  pro_loss: 0.22827
[train: Epoch 28, 1550 / 1875] FPS: 87.2 (351.7)  ,  DataTime: 0.282 (0.008)  ,  ForwardTime: 0.077  ,  TotalTime: 0.367  ,  Loss/total: 3.58755  ,  Loss/ce: 3.54185  ,  IoU: 0.74856  ,  pro_loss: 0.22852
[train: Epoch 28, 1600 / 1875] FPS: 86.5 (336.3)  ,  DataTime: 0.285 (0.008)  ,  ForwardTime: 0.077  ,  TotalTime: 0.370  ,  Loss/total: 3.58792  ,  Loss/ce: 3.54218  ,  IoU: 0.74832  ,  pro_loss: 0.22872
[train: Epoch 28, 1650 / 1875] FPS: 86.2 (355.7)  ,  DataTime: 0.286 (0.008)  ,  ForwardTime: 0.077  ,  TotalTime: 0.371  ,  Loss/total: 3.58803  ,  Loss/ce: 3.54227  ,  IoU: 0.74845  ,  pro_loss: 0.22878
[train: Epoch 28, 1700 / 1875] FPS: 85.5 (357.8)  ,  DataTime: 0.289 (0.008)  ,  ForwardTime: 0.077  ,  TotalTime: 0.374  ,  Loss/total: 3.58679  ,  Loss/ce: 3.54100  ,  IoU: 0.74857  ,  pro_loss: 0.22897
[train: Epoch 28, 1750 / 1875] FPS: 85.1 (359.8)  ,  DataTime: 0.291 (0.008)  ,  ForwardTime: 0.077  ,  TotalTime: 0.376  ,  Loss/total: 3.58623  ,  Loss/ce: 3.54040  ,  IoU: 0.74858  ,  pro_loss: 0.22915
[train: Epoch 28, 1800 / 1875] FPS: 84.8 (334.9)  ,  DataTime: 0.293 (0.008)  ,  ForwardTime: 0.077  ,  TotalTime: 0.377  ,  Loss/total: 3.58583  ,  Loss/ce: 3.53998  ,  IoU: 0.74862  ,  pro_loss: 0.22929
[train: Epoch 28, 1850 / 1875] FPS: 84.5 (363.0)  ,  DataTime: 0.294 (0.008)  ,  ForwardTime: 0.077  ,  TotalTime: 0.379  ,  Loss/total: 3.58524  ,  Loss/ce: 3.53937  ,  IoU: 0.74882  ,  pro_loss: 0.22937
[train: Epoch 28, 1875 / 1875] FPS: 84.7 (365.5)  ,  DataTime: 0.293 (0.008)  ,  ForwardTime: 0.077  ,  TotalTime: 0.378  ,  Loss/total: 3.58551  ,  Loss/ce: 3.53964  ,  IoU: 0.74878  ,  pro_loss: 0.22939
[train: Epoch 29, 50 / 1875] FPS: 63.0 (18.5)  ,  DataTime: 0.423 (0.008)  ,  ForwardTime: 0.077  ,  TotalTime: 0.508  ,  Loss/total: 3.58134  ,  Loss/ce: 3.53584  ,  IoU: 0.75330  ,  pro_loss: 0.22750
[train: Epoch 29, 100 / 1875] FPS: 71.2 (359.4)  ,  DataTime: 0.365 (0.008)  ,  ForwardTime: 0.076  ,  TotalTime: 0.450  ,  Loss/total: 3.57537  ,  Loss/ce: 3.52937  ,  IoU: 0.75437  ,  pro_loss: 0.23000
[train: Epoch 29, 150 / 1875] FPS: 72.2 (23.7)  ,  DataTime: 0.358 (0.008)  ,  ForwardTime: 0.077  ,  TotalTime: 0.443  ,  Loss/total: 3.56879  ,  Loss/ce: 3.52268  ,  IoU: 0.75451  ,  pro_loss: 0.23056
[train: Epoch 29, 200 / 1875] FPS: 73.9 (364.4)  ,  DataTime: 0.349 (0.008)  ,  ForwardTime: 0.076  ,  TotalTime: 0.433  ,  Loss/total: 3.56911  ,  Loss/ce: 3.52276  ,  IoU: 0.75534  ,  pro_loss: 0.23177
[train: Epoch 29, 250 / 1875] FPS: 74.3 (15.3)  ,  DataTime: 0.346 (0.008)  ,  ForwardTime: 0.077  ,  TotalTime: 0.430  ,  Loss/total: 3.57316  ,  Loss/ce: 3.52662  ,  IoU: 0.75343  ,  pro_loss: 0.23271
[train: Epoch 29, 300 / 1875] FPS: 74.7 (356.2)  ,  DataTime: 0.344 (0.008)  ,  ForwardTime: 0.077  ,  TotalTime: 0.428  ,  Loss/total: 3.57822  ,  Loss/ce: 3.53151  ,  IoU: 0.75299  ,  pro_loss: 0.23351
[train: Epoch 29, 350 / 1875] FPS: 75.9 (362.6)  ,  DataTime: 0.337 (0.008)  ,  ForwardTime: 0.077  ,  TotalTime: 0.422  ,  Loss/total: 3.58024  ,  Loss/ce: 3.53337  ,  IoU: 0.75130  ,  pro_loss: 0.23438
[train: Epoch 29, 400 / 1875] FPS: 75.9 (353.4)  ,  DataTime: 0.337 (0.008)  ,  ForwardTime: 0.077  ,  TotalTime: 0.422  ,  Loss/total: 3.58001  ,  Loss/ce: 3.53321  ,  IoU: 0.75171  ,  pro_loss: 0.23401
[train: Epoch 29, 450 / 1875] FPS: 76.7 (48.9)  ,  DataTime: 0.333 (0.008)  ,  ForwardTime: 0.077  ,  TotalTime: 0.417  ,  Loss/total: 3.58088  ,  Loss/ce: 3.53404  ,  IoU: 0.75116  ,  pro_loss: 0.23419
[train: Epoch 29, 500 / 1875] FPS: 76.7 (338.6)  ,  DataTime: 0.333 (0.008)  ,  ForwardTime: 0.077  ,  TotalTime: 0.417  ,  Loss/total: 3.57731  ,  Loss/ce: 3.53039  ,  IoU: 0.75200  ,  pro_loss: 0.23460
[train: Epoch 29, 550 / 1875] FPS: 77.2 (361.4)  ,  DataTime: 0.330 (0.008)  ,  ForwardTime: 0.077  ,  TotalTime: 0.415  ,  Loss/total: 3.57785  ,  Loss/ce: 3.53070  ,  IoU: 0.75143  ,  pro_loss: 0.23576
[train: Epoch 29, 600 / 1875] FPS: 77.2 (349.9)  ,  DataTime: 0.330 (0.008)  ,  ForwardTime: 0.077  ,  TotalTime: 0.415  ,  Loss/total: 3.57639  ,  Loss/ce: 3.52925  ,  IoU: 0.75186  ,  pro_loss: 0.23571
[train: Epoch 29, 650 / 1875] FPS: 77.0 (355.4)  ,  DataTime: 0.331 (0.008)  ,  ForwardTime: 0.077  ,  TotalTime: 0.416  ,  Loss/total: 3.57942  ,  Loss/ce: 3.53231  ,  IoU: 0.75068  ,  pro_loss: 0.23553
[train: Epoch 29, 700 / 1875] FPS: 77.7 (364.3)  ,  DataTime: 0.327 (0.008)  ,  ForwardTime: 0.077  ,  TotalTime: 0.412  ,  Loss/total: 3.57978  ,  Loss/ce: 3.53264  ,  IoU: 0.75042  ,  pro_loss: 0.23570
[train: Epoch 29, 750 / 1875] FPS: 77.7 (358.8)  ,  DataTime: 0.327 (0.008)  ,  ForwardTime: 0.077  ,  TotalTime: 0.412  ,  Loss/total: 3.57801  ,  Loss/ce: 3.53089  ,  IoU: 0.75077  ,  pro_loss: 0.23558
[train: Epoch 29, 800 / 1875] FPS: 77.7 (356.6)  ,  DataTime: 0.327 (0.008)  ,  ForwardTime: 0.077  ,  TotalTime: 0.412  ,  Loss/total: 3.57864  ,  Loss/ce: 3.53142  ,  IoU: 0.75071  ,  pro_loss: 0.23609
[train: Epoch 29, 850 / 1875] FPS: 78.4 (44.4)  ,  DataTime: 0.324 (0.008)  ,  ForwardTime: 0.077  ,  TotalTime: 0.408  ,  Loss/total: 3.57850  ,  Loss/ce: 3.53129  ,  IoU: 0.75094  ,  pro_loss: 0.23608
[train: Epoch 29, 900 / 1875] FPS: 78.8 (345.5)  ,  DataTime: 0.322 (0.008)  ,  ForwardTime: 0.077  ,  TotalTime: 0.406  ,  Loss/total: 3.57883  ,  Loss/ce: 3.53165  ,  IoU: 0.75135  ,  pro_loss: 0.23590
[train: Epoch 29, 950 / 1875] FPS: 78.7 (362.0)  ,  DataTime: 0.322 (0.008)  ,  ForwardTime: 0.077  ,  TotalTime: 0.407  ,  Loss/total: 3.57974  ,  Loss/ce: 3.53258  ,  IoU: 0.75116  ,  pro_loss: 0.23579
[train: Epoch 29, 1000 / 1875] FPS: 78.8 (365.8)  ,  DataTime: 0.321 (0.008)  ,  ForwardTime: 0.077  ,  TotalTime: 0.406  ,  Loss/total: 3.57892  ,  Loss/ce: 3.53175  ,  IoU: 0.75142  ,  pro_loss: 0.23583
[train: Epoch 29, 1050 / 1875] FPS: 79.1 (365.5)  ,  DataTime: 0.320 (0.008)  ,  ForwardTime: 0.077  ,  TotalTime: 0.405  ,  Loss/total: 3.57931  ,  Loss/ce: 3.53218  ,  IoU: 0.75133  ,  pro_loss: 0.23567
[train: Epoch 29, 1100 / 1875] FPS: 79.4 (356.2)  ,  DataTime: 0.318 (0.008)  ,  ForwardTime: 0.077  ,  TotalTime: 0.403  ,  Loss/total: 3.57927  ,  Loss/ce: 3.53208  ,  IoU: 0.75107  ,  pro_loss: 0.23595
[train: Epoch 29, 1150 / 1875] FPS: 80.1 (359.9)  ,  DataTime: 0.315 (0.008)  ,  ForwardTime: 0.077  ,  TotalTime: 0.400  ,  Loss/total: 3.58037  ,  Loss/ce: 3.53314  ,  IoU: 0.75073  ,  pro_loss: 0.23614
[train: Epoch 29, 1200 / 1875] FPS: 80.2 (351.4)  ,  DataTime: 0.314 (0.008)  ,  ForwardTime: 0.077  ,  TotalTime: 0.399  ,  Loss/total: 3.58023  ,  Loss/ce: 3.53298  ,  IoU: 0.75080  ,  pro_loss: 0.23624
[train: Epoch 29, 1250 / 1875] FPS: 80.4 (363.8)  ,  DataTime: 0.314 (0.008)  ,  ForwardTime: 0.077  ,  TotalTime: 0.398  ,  Loss/total: 3.58022  ,  Loss/ce: 3.53296  ,  IoU: 0.75108  ,  pro_loss: 0.23628
[train: Epoch 29, 1300 / 1875] FPS: 80.7 (360.3)  ,  DataTime: 0.312 (0.008)  ,  ForwardTime: 0.077  ,  TotalTime: 0.397  ,  Loss/total: 3.58060  ,  Loss/ce: 3.53334  ,  IoU: 0.75086  ,  pro_loss: 0.23631
[train: Epoch 29, 1350 / 1875] FPS: 81.1 (356.9)  ,  DataTime: 0.310 (0.008)  ,  ForwardTime: 0.077  ,  TotalTime: 0.395  ,  Loss/total: 3.58040  ,  Loss/ce: 3.53313  ,  IoU: 0.75112  ,  pro_loss: 0.23634
[train: Epoch 29, 1400 / 1875] FPS: 81.3 (367.5)  ,  DataTime: 0.309 (0.008)  ,  ForwardTime: 0.077  ,  TotalTime: 0.393  ,  Loss/total: 3.57932  ,  Loss/ce: 3.53205  ,  IoU: 0.75131  ,  pro_loss: 0.23638
[train: Epoch 29, 1450 / 1875] FPS: 81.7 (355.3)  ,  DataTime: 0.307 (0.008)  ,  ForwardTime: 0.077  ,  TotalTime: 0.392  ,  Loss/total: 3.57891  ,  Loss/ce: 3.53160  ,  IoU: 0.75143  ,  pro_loss: 0.23654
[train: Epoch 29, 1500 / 1875] FPS: 82.0 (357.0)  ,  DataTime: 0.306 (0.008)  ,  ForwardTime: 0.077  ,  TotalTime: 0.390  ,  Loss/total: 3.57949  ,  Loss/ce: 3.53217  ,  IoU: 0.75134  ,  pro_loss: 0.23658
[train: Epoch 29, 1550 / 1875] FPS: 81.9 (336.8)  ,  DataTime: 0.306 (0.008)  ,  ForwardTime: 0.077  ,  TotalTime: 0.391  ,  Loss/total: 3.57937  ,  Loss/ce: 3.53205  ,  IoU: 0.75137  ,  pro_loss: 0.23661
[train: Epoch 29, 1600 / 1875] FPS: 81.9 (15.3)  ,  DataTime: 0.306 (0.008)  ,  ForwardTime: 0.077  ,  TotalTime: 0.391  ,  Loss/total: 3.58002  ,  Loss/ce: 3.53270  ,  IoU: 0.75104  ,  pro_loss: 0.23662
[train: Epoch 29, 1650 / 1875] FPS: 82.4 (344.2)  ,  DataTime: 0.304 (0.008)  ,  ForwardTime: 0.077  ,  TotalTime: 0.388  ,  Loss/total: 3.57951  ,  Loss/ce: 3.53220  ,  IoU: 0.75116  ,  pro_loss: 0.23655
[train: Epoch 29, 1700 / 1875] FPS: 82.6 (354.9)  ,  DataTime: 0.303 (0.008)  ,  ForwardTime: 0.077  ,  TotalTime: 0.388  ,  Loss/total: 3.57950  ,  Loss/ce: 3.53223  ,  IoU: 0.75119  ,  pro_loss: 0.23635
[train: Epoch 29, 1750 / 1875] FPS: 82.8 (345.7)  ,  DataTime: 0.302 (0.008)  ,  ForwardTime: 0.077  ,  TotalTime: 0.386  ,  Loss/total: 3.57940  ,  Loss/ce: 3.53211  ,  IoU: 0.75136  ,  pro_loss: 0.23644
[train: Epoch 29, 1800 / 1875] FPS: 82.9 (356.5)  ,  DataTime: 0.302 (0.008)  ,  ForwardTime: 0.077  ,  TotalTime: 0.386  ,  Loss/total: 3.57926  ,  Loss/ce: 3.53198  ,  IoU: 0.75126  ,  pro_loss: 0.23638
[train: Epoch 29, 1850 / 1875] FPS: 83.3 (362.5)  ,  DataTime: 0.300 (0.008)  ,  ForwardTime: 0.077  ,  TotalTime: 0.384  ,  Loss/total: 3.57936  ,  Loss/ce: 3.53210  ,  IoU: 0.75123  ,  pro_loss: 0.23628
[train: Epoch 29, 1875 / 1875] FPS: 83.5 (366.6)  ,  DataTime: 0.298 (0.008)  ,  ForwardTime: 0.077  ,  TotalTime: 0.383  ,  Loss/total: 3.57865  ,  Loss/ce: 3.53138  ,  IoU: 0.75134  ,  pro_loss: 0.23633
[train: Epoch 30, 50 / 1875] FPS: 76.5 (353.5)  ,  DataTime: 0.333 (0.008)  ,  ForwardTime: 0.077  ,  TotalTime: 0.418  ,  Loss/total: 3.54901  ,  Loss/ce: 3.49901  ,  IoU: 0.75980  ,  pro_loss: 0.25000
[train: Epoch 30, 100 / 1875] FPS: 89.3 (350.8)  ,  DataTime: 0.273 (0.008)  ,  ForwardTime: 0.077  ,  TotalTime: 0.358  ,  Loss/total: 3.56492  ,  Loss/ce: 3.51594  ,  IoU: 0.75752  ,  pro_loss: 0.24490
[train: Epoch 30, 150 / 1875] FPS: 86.8 (364.5)  ,  DataTime: 0.284 (0.008)  ,  ForwardTime: 0.077  ,  TotalTime: 0.369  ,  Loss/total: 3.56432  ,  Loss/ce: 3.51554  ,  IoU: 0.75631  ,  pro_loss: 0.24389
[train: Epoch 30, 200 / 1875] FPS: 91.1 (366.0)  ,  DataTime: 0.266 (0.008)  ,  ForwardTime: 0.077  ,  TotalTime: 0.351  ,  Loss/total: 3.56559  ,  Loss/ce: 3.51733  ,  IoU: 0.75640  ,  pro_loss: 0.24130
[train: Epoch 30, 250 / 1875] FPS: 92.4 (357.7)  ,  DataTime: 0.261 (0.008)  ,  ForwardTime: 0.077  ,  TotalTime: 0.346  ,  Loss/total: 3.56091  ,  Loss/ce: 3.51259  ,  IoU: 0.75615  ,  pro_loss: 0.24158
[train: Epoch 30, 300 / 1875] FPS: 93.3 (364.7)  ,  DataTime: 0.258 (0.008)  ,  ForwardTime: 0.077  ,  TotalTime: 0.343  ,  Loss/total: 3.56449  ,  Loss/ce: 3.51607  ,  IoU: 0.75533  ,  pro_loss: 0.24208
[train: Epoch 30, 350 / 1875] FPS: 92.8 (363.1)  ,  DataTime: 0.260 (0.008)  ,  ForwardTime: 0.077  ,  TotalTime: 0.345  ,  Loss/total: 3.56368  ,  Loss/ce: 3.51529  ,  IoU: 0.75567  ,  pro_loss: 0.24194
[train: Epoch 30, 400 / 1875] FPS: 91.3 (14.2)  ,  DataTime: 0.266 (0.008)  ,  ForwardTime: 0.077  ,  TotalTime: 0.350  ,  Loss/total: 3.56355  ,  Loss/ce: 3.51517  ,  IoU: 0.75501  ,  pro_loss: 0.24190
[train: Epoch 30, 450 / 1875] FPS: 92.3 (342.8)  ,  DataTime: 0.262 (0.008)  ,  ForwardTime: 0.077  ,  TotalTime: 0.347  ,  Loss/total: 3.56364  ,  Loss/ce: 3.51541  ,  IoU: 0.75496  ,  pro_loss: 0.24114
[train: Epoch 30, 500 / 1875] FPS: 92.6 (351.3)  ,  DataTime: 0.261 (0.008)  ,  ForwardTime: 0.077  ,  TotalTime: 0.345  ,  Loss/total: 3.56285  ,  Loss/ce: 3.51469  ,  IoU: 0.75539  ,  pro_loss: 0.24077
[train: Epoch 30, 550 / 1875] FPS: 91.9 (360.3)  ,  DataTime: 0.263 (0.008)  ,  ForwardTime: 0.077  ,  TotalTime: 0.348  ,  Loss/total: 3.56499  ,  Loss/ce: 3.51690  ,  IoU: 0.75534  ,  pro_loss: 0.24049
[train: Epoch 30, 600 / 1875] FPS: 92.3 (349.9)  ,  DataTime: 0.262 (0.008)  ,  ForwardTime: 0.077  ,  TotalTime: 0.347  ,  Loss/total: 3.56441  ,  Loss/ce: 3.51632  ,  IoU: 0.75518  ,  pro_loss: 0.24049
[train: Epoch 30, 650 / 1875] FPS: 90.3 (11.1)  ,  DataTime: 0.269 (0.008)  ,  ForwardTime: 0.077  ,  TotalTime: 0.354  ,  Loss/total: 3.56473  ,  Loss/ce: 3.51669  ,  IoU: 0.75508  ,  pro_loss: 0.24023
[train: Epoch 30, 700 / 1875] FPS: 90.9 (353.6)  ,  DataTime: 0.267 (0.008)  ,  ForwardTime: 0.077  ,  TotalTime: 0.352  ,  Loss/total: 3.56429  ,  Loss/ce: 3.51625  ,  IoU: 0.75489  ,  pro_loss: 0.24021
[train: Epoch 30, 750 / 1875] FPS: 91.0 (359.0)  ,  DataTime: 0.267 (0.008)  ,  ForwardTime: 0.077  ,  TotalTime: 0.352  ,  Loss/total: 3.56463  ,  Loss/ce: 3.51663  ,  IoU: 0.75444  ,  pro_loss: 0.24000
[train: Epoch 30, 800 / 1875] FPS: 91.0 (350.7)  ,  DataTime: 0.267 (0.008)  ,  ForwardTime: 0.077  ,  TotalTime: 0.352  ,  Loss/total: 3.56412  ,  Loss/ce: 3.51615  ,  IoU: 0.75461  ,  pro_loss: 0.23982
[train: Epoch 30, 850 / 1875] FPS: 90.6 (353.8)  ,  DataTime: 0.268 (0.008)  ,  ForwardTime: 0.077  ,  TotalTime: 0.353  ,  Loss/total: 3.56521  ,  Loss/ce: 3.51724  ,  IoU: 0.75410  ,  pro_loss: 0.23983
[train: Epoch 30, 900 / 1875] FPS: 90.7 (344.6)  ,  DataTime: 0.268 (0.008)  ,  ForwardTime: 0.077  ,  TotalTime: 0.353  ,  Loss/total: 3.56542  ,  Loss/ce: 3.51755  ,  IoU: 0.75418  ,  pro_loss: 0.23933
[train: Epoch 30, 950 / 1875] FPS: 90.7 (23.6)  ,  DataTime: 0.268 (0.008)  ,  ForwardTime: 0.077  ,  TotalTime: 0.353  ,  Loss/total: 3.56535  ,  Loss/ce: 3.51758  ,  IoU: 0.75412  ,  pro_loss: 0.23888
[train: Epoch 30, 1000 / 1875] FPS: 90.8 (361.2)  ,  DataTime: 0.268 (0.008)  ,  ForwardTime: 0.077  ,  TotalTime: 0.353  ,  Loss/total: 3.56566  ,  Loss/ce: 3.51800  ,  IoU: 0.75385  ,  pro_loss: 0.23832
[train: Epoch 30, 1050 / 1875] FPS: 90.5 (342.9)  ,  DataTime: 0.268 (0.008)  ,  ForwardTime: 0.077  ,  TotalTime: 0.353  ,  Loss/total: 3.56588  ,  Loss/ce: 3.51828  ,  IoU: 0.75387  ,  pro_loss: 0.23803
[train: Epoch 30, 1100 / 1875] FPS: 90.5 (353.1)  ,  DataTime: 0.269 (0.008)  ,  ForwardTime: 0.077  ,  TotalTime: 0.354  ,  Loss/total: 3.56588  ,  Loss/ce: 3.51831  ,  IoU: 0.75379  ,  pro_loss: 0.23783
[train: Epoch 30, 1150 / 1875] FPS: 90.3 (341.3)  ,  DataTime: 0.269 (0.008)  ,  ForwardTime: 0.077  ,  TotalTime: 0.354  ,  Loss/total: 3.56562  ,  Loss/ce: 3.51806  ,  IoU: 0.75365  ,  pro_loss: 0.23780
[train: Epoch 30, 1200 / 1875] FPS: 90.5 (349.3)  ,  DataTime: 0.268 (0.008)  ,  ForwardTime: 0.077  ,  TotalTime: 0.353  ,  Loss/total: 3.56489  ,  Loss/ce: 3.51730  ,  IoU: 0.75386  ,  pro_loss: 0.23792
[train: Epoch 30, 1250 / 1875] FPS: 90.1 (355.2)  ,  DataTime: 0.270 (0.008)  ,  ForwardTime: 0.077  ,  TotalTime: 0.355  ,  Loss/total: 3.56626  ,  Loss/ce: 3.51873  ,  IoU: 0.75353  ,  pro_loss: 0.23765
[train: Epoch 30, 1300 / 1875] FPS: 90.5 (359.5)  ,  DataTime: 0.268 (0.008)  ,  ForwardTime: 0.077  ,  TotalTime: 0.353  ,  Loss/total: 3.56818  ,  Loss/ce: 3.52073  ,  IoU: 0.75319  ,  pro_loss: 0.23724
[train: Epoch 30, 1350 / 1875] FPS: 90.1 (360.3)  ,  DataTime: 0.270 (0.008)  ,  ForwardTime: 0.077  ,  TotalTime: 0.355  ,  Loss/total: 3.56798  ,  Loss/ce: 3.52060  ,  IoU: 0.75314  ,  pro_loss: 0.23690
[train: Epoch 30, 1400 / 1875] FPS: 90.5 (343.8)  ,  DataTime: 0.269 (0.008)  ,  ForwardTime: 0.077  ,  TotalTime: 0.353  ,  Loss/total: 3.56804  ,  Loss/ce: 3.52074  ,  IoU: 0.75313  ,  pro_loss: 0.23652
[train: Epoch 30, 1450 / 1875] FPS: 90.4 (353.7)  ,  DataTime: 0.269 (0.008)  ,  ForwardTime: 0.077  ,  TotalTime: 0.354  ,  Loss/total: 3.56845  ,  Loss/ce: 3.52119  ,  IoU: 0.75272  ,  pro_loss: 0.23632
[train: Epoch 30, 1500 / 1875] FPS: 90.4 (147.3)  ,  DataTime: 0.269 (0.008)  ,  ForwardTime: 0.077  ,  TotalTime: 0.354  ,  Loss/total: 3.56810  ,  Loss/ce: 3.52088  ,  IoU: 0.75279  ,  pro_loss: 0.23608
[train: Epoch 30, 1550 / 1875] FPS: 89.7 (352.4)  ,  DataTime: 0.272 (0.008)  ,  ForwardTime: 0.077  ,  TotalTime: 0.357  ,  Loss/total: 3.56785  ,  Loss/ce: 3.52063  ,  IoU: 0.75296  ,  pro_loss: 0.23611
[train: Epoch 30, 1600 / 1875] FPS: 89.7 (348.3)  ,  DataTime: 0.272 (0.008)  ,  ForwardTime: 0.077  ,  TotalTime: 0.357  ,  Loss/total: 3.56769  ,  Loss/ce: 3.52045  ,  IoU: 0.75295  ,  pro_loss: 0.23622
[train: Epoch 30, 1650 / 1875] FPS: 89.2 (357.1)  ,  DataTime: 0.274 (0.008)  ,  ForwardTime: 0.077  ,  TotalTime: 0.359  ,  Loss/total: 3.56749  ,  Loss/ce: 3.52028  ,  IoU: 0.75305  ,  pro_loss: 0.23605
[train: Epoch 30, 1700 / 1875] FPS: 89.1 (362.4)  ,  DataTime: 0.274 (0.008)  ,  ForwardTime: 0.077  ,  TotalTime: 0.359  ,  Loss/total: 3.56697  ,  Loss/ce: 3.51979  ,  IoU: 0.75326  ,  pro_loss: 0.23591
[train: Epoch 30, 1750 / 1875] FPS: 88.7 (362.9)  ,  DataTime: 0.276 (0.008)  ,  ForwardTime: 0.077  ,  TotalTime: 0.361  ,  Loss/total: 3.56780  ,  Loss/ce: 3.52063  ,  IoU: 0.75307  ,  pro_loss: 0.23587
[train: Epoch 30, 1800 / 1875] FPS: 88.4 (31.0)  ,  DataTime: 0.277 (0.008)  ,  ForwardTime: 0.077  ,  TotalTime: 0.362  ,  Loss/total: 3.56789  ,  Loss/ce: 3.52071  ,  IoU: 0.75314  ,  pro_loss: 0.23594
[train: Epoch 30, 1850 / 1875] FPS: 88.3 (362.3)  ,  DataTime: 0.277 (0.008)  ,  ForwardTime: 0.077  ,  TotalTime: 0.362  ,  Loss/total: 3.56825  ,  Loss/ce: 3.52106  ,  IoU: 0.75308  ,  pro_loss: 0.23598
[train: Epoch 30, 1875 / 1875] FPS: 88.5 (365.3)  ,  DataTime: 0.277 (0.008)  ,  ForwardTime: 0.077  ,  TotalTime: 0.362  ,  Loss/total: 3.56786  ,  Loss/ce: 3.52066  ,  IoU: 0.75319  ,  pro_loss: 0.23598
[val: Epoch 30, 50 / 312] FPS: 68.7 (556.9)  ,  DataTime: 0.410 (0.009)  ,  ForwardTime: 0.046  ,  TotalTime: 0.466  ,  Loss/total: nan  ,  Loss/giou: 0.27990  ,  Loss/l1: 0.02488  ,  Loss/location: nan  ,  pro_loss: 0.23125  ,  IoU: 0.74142
[val: Epoch 30, 100 / 312] FPS: 74.1 (570.5)  ,  DataTime: 0.378 (0.009)  ,  ForwardTime: 0.044  ,  TotalTime: 0.432  ,  Loss/total: nan  ,  Loss/giou: 0.28467  ,  Loss/l1: 0.02529  ,  Loss/location: nan  ,  pro_loss: 0.23010  ,  IoU: 0.73725
[val: Epoch 30, 150 / 312] FPS: 76.6 (542.6)  ,  DataTime: 0.365 (0.009)  ,  ForwardTime: 0.043  ,  TotalTime: 0.418  ,  Loss/total: nan  ,  Loss/giou: 0.28250  ,  Loss/l1: 0.02494  ,  Loss/location: nan  ,  pro_loss: 0.23167  ,  IoU: 0.73867
[val: Epoch 30, 200 / 312] FPS: 78.1 (565.7)  ,  DataTime: 0.357 (0.009)  ,  ForwardTime: 0.043  ,  TotalTime: 0.410  ,  Loss/total: nan  ,  Loss/giou: 0.28315  ,  Loss/l1: 0.02479  ,  Loss/location: nan  ,  pro_loss: 0.22979  ,  IoU: 0.73777
[val: Epoch 30, 250 / 312] FPS: 80.8 (580.5)  ,  DataTime: 0.344 (0.009)  ,  ForwardTime: 0.043  ,  TotalTime: 0.396  ,  Loss/total: nan  ,  Loss/giou: 0.28152  ,  Loss/l1: 0.02459  ,  Loss/location: nan  ,  pro_loss: 0.22925  ,  IoU: 0.73917
[val: Epoch 30, 300 / 312] FPS: 81.2 (538.8)  ,  DataTime: 0.342 (0.010)  ,  ForwardTime: 0.042  ,  TotalTime: 0.394  ,  Loss/total: nan  ,  Loss/giou: 0.28063  ,  Loss/l1: 0.02435  ,  Loss/location: nan  ,  pro_loss: 0.22889  ,  IoU: 0.73940
[val: Epoch 30, 312 / 312] FPS: 82.9 (643.5)  ,  DataTime: 0.334 (0.010)  ,  ForwardTime: 0.042  ,  TotalTime: 0.386  ,  Loss/total: nan  ,  Loss/giou: 0.28053  ,  Loss/l1: 0.02433  ,  Loss/location: nan  ,  pro_loss: 0.22890  ,  IoU: 0.73943
[train: Epoch 31, 50 / 1875] FPS: 74.0 (163.2)  ,  DataTime: 0.347 (0.008)  ,  ForwardTime: 0.078  ,  TotalTime: 0.432  ,  Loss/total: 3.55105  ,  Loss/ce: 3.50293  ,  IoU: 0.75964  ,  pro_loss: 0.24063
[train: Epoch 31, 100 / 1875] FPS: 79.7 (346.6)  ,  DataTime: 0.317 (0.008)  ,  ForwardTime: 0.077  ,  TotalTime: 0.402  ,  Loss/total: 3.55315  ,  Loss/ce: 3.50615  ,  IoU: 0.75512  ,  pro_loss: 0.23500
[train: Epoch 31, 150 / 1875] FPS: 82.7 (352.5)  ,  DataTime: 0.302 (0.008)  ,  ForwardTime: 0.077  ,  TotalTime: 0.387  ,  Loss/total: 3.56041  ,  Loss/ce: 3.51363  ,  IoU: 0.75153  ,  pro_loss: 0.23389
[train: Epoch 31, 200 / 1875] FPS: 82.3 (20.7)  ,  DataTime: 0.304 (0.008)  ,  ForwardTime: 0.077  ,  TotalTime: 0.389  ,  Loss/total: 3.56222  ,  Loss/ce: 3.51552  ,  IoU: 0.75207  ,  pro_loss: 0.23349
[train: Epoch 31, 250 / 1875] FPS: 82.8 (359.6)  ,  DataTime: 0.302 (0.008)  ,  ForwardTime: 0.077  ,  TotalTime: 0.387  ,  Loss/total: 3.56279  ,  Loss/ce: 3.51597  ,  IoU: 0.75159  ,  pro_loss: 0.23408
[train: Epoch 31, 300 / 1875] FPS: 83.9 (358.9)  ,  DataTime: 0.297 (0.008)  ,  ForwardTime: 0.077  ,  TotalTime: 0.381  ,  Loss/total: 3.56207  ,  Loss/ce: 3.51517  ,  IoU: 0.75201  ,  pro_loss: 0.23451
[train: Epoch 31, 350 / 1875] FPS: 84.1 (363.6)  ,  DataTime: 0.296 (0.008)  ,  ForwardTime: 0.077  ,  TotalTime: 0.380  ,  Loss/total: 3.56444  ,  Loss/ce: 3.51739  ,  IoU: 0.75161  ,  pro_loss: 0.23530
[train: Epoch 31, 400 / 1875] FPS: 84.5 (355.2)  ,  DataTime: 0.294 (0.008)  ,  ForwardTime: 0.077  ,  TotalTime: 0.379  ,  Loss/total: 3.56448  ,  Loss/ce: 3.51729  ,  IoU: 0.75187  ,  pro_loss: 0.23596
[train: Epoch 31, 450 / 1875] FPS: 85.2 (354.6)  ,  DataTime: 0.291 (0.008)  ,  ForwardTime: 0.077  ,  TotalTime: 0.376  ,  Loss/total: 3.56465  ,  Loss/ce: 3.51739  ,  IoU: 0.75213  ,  pro_loss: 0.23632
[train: Epoch 31, 500 / 1875] FPS: 85.8 (358.2)  ,  DataTime: 0.288 (0.008)  ,  ForwardTime: 0.077  ,  TotalTime: 0.373  ,  Loss/total: 3.56464  ,  Loss/ce: 3.51722  ,  IoU: 0.75209  ,  pro_loss: 0.23710
[train: Epoch 31, 550 / 1875] FPS: 86.2 (339.3)  ,  DataTime: 0.287 (0.008)  ,  ForwardTime: 0.077  ,  TotalTime: 0.371  ,  Loss/total: 3.56607  ,  Loss/ce: 3.51870  ,  IoU: 0.75238  ,  pro_loss: 0.23682
[train: Epoch 31, 600 / 1875] FPS: 85.5 (365.6)  ,  DataTime: 0.290 (0.008)  ,  ForwardTime: 0.077  ,  TotalTime: 0.374  ,  Loss/total: 3.56724  ,  Loss/ce: 3.51996  ,  IoU: 0.75218  ,  pro_loss: 0.23639
[train: Epoch 31, 650 / 1875] FPS: 84.8 (346.8)  ,  DataTime: 0.292 (0.008)  ,  ForwardTime: 0.077  ,  TotalTime: 0.377  ,  Loss/total: 3.56636  ,  Loss/ce: 3.51910  ,  IoU: 0.75222  ,  pro_loss: 0.23632
[train: Epoch 31, 700 / 1875] FPS: 84.1 (10.9)  ,  DataTime: 0.296 (0.008)  ,  ForwardTime: 0.077  ,  TotalTime: 0.381  ,  Loss/total: 3.56697  ,  Loss/ce: 3.51970  ,  IoU: 0.75195  ,  pro_loss: 0.23638
[train: Epoch 31, 750 / 1875] FPS: 84.1 (344.8)  ,  DataTime: 0.296 (0.008)  ,  ForwardTime: 0.077  ,  TotalTime: 0.381  ,  Loss/total: 3.56797  ,  Loss/ce: 3.52081  ,  IoU: 0.75171  ,  pro_loss: 0.23581
[train: Epoch 31, 800 / 1875] FPS: 84.6 (349.4)  ,  DataTime: 0.294 (0.008)  ,  ForwardTime: 0.077  ,  TotalTime: 0.378  ,  Loss/total: 3.56790  ,  Loss/ce: 3.52072  ,  IoU: 0.75181  ,  pro_loss: 0.23591
[train: Epoch 31, 850 / 1875] FPS: 84.5 (210.5)  ,  DataTime: 0.294 (0.008)  ,  ForwardTime: 0.077  ,  TotalTime: 0.379  ,  Loss/total: 3.56840  ,  Loss/ce: 3.52128  ,  IoU: 0.75193  ,  pro_loss: 0.23561
[train: Epoch 31, 900 / 1875] FPS: 84.5 (338.9)  ,  DataTime: 0.294 (0.008)  ,  ForwardTime: 0.077  ,  TotalTime: 0.379  ,  Loss/total: 3.56728  ,  Loss/ce: 3.52019  ,  IoU: 0.75200  ,  pro_loss: 0.23543
[train: Epoch 31, 950 / 1875] FPS: 83.9 (358.3)  ,  DataTime: 0.297 (0.008)  ,  ForwardTime: 0.077  ,  TotalTime: 0.382  ,  Loss/total: 3.56708  ,  Loss/ce: 3.51996  ,  IoU: 0.75223  ,  pro_loss: 0.23560
[train: Epoch 31, 1000 / 1875] FPS: 83.9 (360.3)  ,  DataTime: 0.297 (0.008)  ,  ForwardTime: 0.077  ,  TotalTime: 0.381  ,  Loss/total: 3.56677  ,  Loss/ce: 3.51959  ,  IoU: 0.75221  ,  pro_loss: 0.23591
[train: Epoch 31, 1050 / 1875] FPS: 83.7 (356.2)  ,  DataTime: 0.298 (0.008)  ,  ForwardTime: 0.077  ,  TotalTime: 0.382  ,  Loss/total: 3.56742  ,  Loss/ce: 3.52027  ,  IoU: 0.75203  ,  pro_loss: 0.23573
[train: Epoch 31, 1100 / 1875] FPS: 83.8 (348.4)  ,  DataTime: 0.297 (0.008)  ,  ForwardTime: 0.077  ,  TotalTime: 0.382  ,  Loss/total: 3.56774  ,  Loss/ce: 3.52064  ,  IoU: 0.75190  ,  pro_loss: 0.23547
[train: Epoch 31, 1150 / 1875] FPS: 83.8 (354.6)  ,  DataTime: 0.297 (0.008)  ,  ForwardTime: 0.077  ,  TotalTime: 0.382  ,  Loss/total: 3.56673  ,  Loss/ce: 3.51965  ,  IoU: 0.75207  ,  pro_loss: 0.23541
[train: Epoch 31, 1200 / 1875] FPS: 83.6 (20.8)  ,  DataTime: 0.298 (0.008)  ,  ForwardTime: 0.077  ,  TotalTime: 0.383  ,  Loss/total: 3.56625  ,  Loss/ce: 3.51918  ,  IoU: 0.75239  ,  pro_loss: 0.23536
[train: Epoch 31, 1250 / 1875] FPS: 83.3 (352.1)  ,  DataTime: 0.300 (0.008)  ,  ForwardTime: 0.077  ,  TotalTime: 0.384  ,  Loss/total: 3.56697  ,  Loss/ce: 3.51986  ,  IoU: 0.75203  ,  pro_loss: 0.23557
[train: Epoch 31, 1300 / 1875] FPS: 83.0 (357.9)  ,  DataTime: 0.301 (0.008)  ,  ForwardTime: 0.077  ,  TotalTime: 0.385  ,  Loss/total: 3.56651  ,  Loss/ce: 3.51938  ,  IoU: 0.75225  ,  pro_loss: 0.23565
[train: Epoch 31, 1350 / 1875] FPS: 83.4 (340.1)  ,  DataTime: 0.299 (0.008)  ,  ForwardTime: 0.077  ,  TotalTime: 0.383  ,  Loss/total: 3.56725  ,  Loss/ce: 3.52011  ,  IoU: 0.75189  ,  pro_loss: 0.23571
[train: Epoch 31, 1400 / 1875] FPS: 83.6 (357.4)  ,  DataTime: 0.298 (0.008)  ,  ForwardTime: 0.077  ,  TotalTime: 0.383  ,  Loss/total: 3.56779  ,  Loss/ce: 3.52067  ,  IoU: 0.75186  ,  pro_loss: 0.23560
[train: Epoch 31, 1450 / 1875] FPS: 83.8 (353.9)  ,  DataTime: 0.297 (0.008)  ,  ForwardTime: 0.077  ,  TotalTime: 0.382  ,  Loss/total: 3.56791  ,  Loss/ce: 3.52082  ,  IoU: 0.75186  ,  pro_loss: 0.23542
[train: Epoch 31, 1500 / 1875] FPS: 83.4 (363.7)  ,  DataTime: 0.299 (0.008)  ,  ForwardTime: 0.077  ,  TotalTime: 0.384  ,  Loss/total: 3.56830  ,  Loss/ce: 3.52124  ,  IoU: 0.75184  ,  pro_loss: 0.23529
[train: Epoch 31, 1550 / 1875] FPS: 83.7 (351.3)  ,  DataTime: 0.298 (0.008)  ,  ForwardTime: 0.077  ,  TotalTime: 0.383  ,  Loss/total: 3.56721  ,  Loss/ce: 3.52018  ,  IoU: 0.75211  ,  pro_loss: 0.23516
[train: Epoch 31, 1600 / 1875] FPS: 83.9 (359.1)  ,  DataTime: 0.297 (0.008)  ,  ForwardTime: 0.077  ,  TotalTime: 0.381  ,  Loss/total: 3.56715  ,  Loss/ce: 3.52013  ,  IoU: 0.75205  ,  pro_loss: 0.23512
[train: Epoch 31, 1650 / 1875] FPS: 83.7 (13.7)  ,  DataTime: 0.298 (0.008)  ,  ForwardTime: 0.077  ,  TotalTime: 0.382  ,  Loss/total: 3.56655  ,  Loss/ce: 3.51951  ,  IoU: 0.75223  ,  pro_loss: 0.23521
[train: Epoch 31, 1700 / 1875] FPS: 83.8 (43.3)  ,  DataTime: 0.297 (0.008)  ,  ForwardTime: 0.077  ,  TotalTime: 0.382  ,  Loss/total: 3.56652  ,  Loss/ce: 3.51946  ,  IoU: 0.75244  ,  pro_loss: 0.23527
[train: Epoch 31, 1750 / 1875] FPS: 84.0 (362.7)  ,  DataTime: 0.296 (0.008)  ,  ForwardTime: 0.077  ,  TotalTime: 0.381  ,  Loss/total: 3.56765  ,  Loss/ce: 3.52056  ,  IoU: 0.75209  ,  pro_loss: 0.23546
[train: Epoch 31, 1800 / 1875] FPS: 84.2 (357.5)  ,  DataTime: 0.295 (0.008)  ,  ForwardTime: 0.077  ,  TotalTime: 0.380  ,  Loss/total: 3.56793  ,  Loss/ce: 3.52085  ,  IoU: 0.75222  ,  pro_loss: 0.23543
[train: Epoch 31, 1850 / 1875] FPS: 84.3 (356.7)  ,  DataTime: 0.295 (0.008)  ,  ForwardTime: 0.077  ,  TotalTime: 0.380  ,  Loss/total: 3.56788  ,  Loss/ce: 3.52083  ,  IoU: 0.75236  ,  pro_loss: 0.23523
[train: Epoch 31, 1875 / 1875] FPS: 84.6 (361.9)  ,  DataTime: 0.294 (0.008)  ,  ForwardTime: 0.077  ,  TotalTime: 0.378  ,  Loss/total: 3.56803  ,  Loss/ce: 3.52096  ,  IoU: 0.75231  ,  pro_loss: 0.23536
[train: Epoch 32, 50 / 1875] FPS: 68.3 (17.5)  ,  DataTime: 0.383 (0.008)  ,  ForwardTime: 0.077  ,  TotalTime: 0.468  ,  Loss/total: 3.55099  ,  Loss/ce: 3.50394  ,  IoU: 0.75960  ,  pro_loss: 0.23521
[train: Epoch 32, 100 / 1875] FPS: 75.7 (354.7)  ,  DataTime: 0.338 (0.008)  ,  ForwardTime: 0.077  ,  TotalTime: 0.423  ,  Loss/total: 3.54843  ,  Loss/ce: 3.50062  ,  IoU: 0.76108  ,  pro_loss: 0.23906
[train: Epoch 32, 150 / 1875] FPS: 79.1 (364.4)  ,  DataTime: 0.320 (0.008)  ,  ForwardTime: 0.077  ,  TotalTime: 0.404  ,  Loss/total: 3.55591  ,  Loss/ce: 3.50807  ,  IoU: 0.75792  ,  pro_loss: 0.23917
[train: Epoch 32, 200 / 1875] FPS: 80.8 (106.1)  ,  DataTime: 0.311 (0.008)  ,  ForwardTime: 0.077  ,  TotalTime: 0.396  ,  Loss/total: 3.55514  ,  Loss/ce: 3.50753  ,  IoU: 0.75733  ,  pro_loss: 0.23807
[train: Epoch 32, 250 / 1875] FPS: 81.0 (359.2)  ,  DataTime: 0.310 (0.008)  ,  ForwardTime: 0.077  ,  TotalTime: 0.395  ,  Loss/total: 3.55896  ,  Loss/ce: 3.51155  ,  IoU: 0.75641  ,  pro_loss: 0.23704
[train: Epoch 32, 300 / 1875] FPS: 82.7 (57.9)  ,  DataTime: 0.302 (0.008)  ,  ForwardTime: 0.077  ,  TotalTime: 0.387  ,  Loss/total: 3.55434  ,  Loss/ce: 3.50687  ,  IoU: 0.75714  ,  pro_loss: 0.23736
[train: Epoch 32, 350 / 1875] FPS: 82.9 (356.1)  ,  DataTime: 0.301 (0.008)  ,  ForwardTime: 0.077  ,  TotalTime: 0.386  ,  Loss/total: 3.55768  ,  Loss/ce: 3.51020  ,  IoU: 0.75622  ,  pro_loss: 0.23741
[train: Epoch 32, 400 / 1875] FPS: 82.6 (357.7)  ,  DataTime: 0.302 (0.008)  ,  ForwardTime: 0.077  ,  TotalTime: 0.387  ,  Loss/total: 3.55200  ,  Loss/ce: 3.50452  ,  IoU: 0.75733  ,  pro_loss: 0.23740
[train: Epoch 32, 450 / 1875] FPS: 83.8 (344.1)  ,  DataTime: 0.297 (0.008)  ,  ForwardTime: 0.077  ,  TotalTime: 0.382  ,  Loss/total: 3.55519  ,  Loss/ce: 3.50752  ,  IoU: 0.75670  ,  pro_loss: 0.23838
[train: Epoch 32, 500 / 1875] FPS: 83.6 (349.7)  ,  DataTime: 0.298 (0.008)  ,  ForwardTime: 0.077  ,  TotalTime: 0.383  ,  Loss/total: 3.55411  ,  Loss/ce: 3.50638  ,  IoU: 0.75712  ,  pro_loss: 0.23863
[train: Epoch 32, 550 / 1875] FPS: 83.8 (18.1)  ,  DataTime: 0.297 (0.008)  ,  ForwardTime: 0.077  ,  TotalTime: 0.382  ,  Loss/total: 3.55604  ,  Loss/ce: 3.50826  ,  IoU: 0.75650  ,  pro_loss: 0.23890
[train: Epoch 32, 600 / 1875] FPS: 83.4 (347.9)  ,  DataTime: 0.299 (0.008)  ,  ForwardTime: 0.077  ,  TotalTime: 0.384  ,  Loss/total: 3.55573  ,  Loss/ce: 3.50786  ,  IoU: 0.75614  ,  pro_loss: 0.23934
[train: Epoch 32, 650 / 1875] FPS: 84.1 (353.8)  ,  DataTime: 0.296 (0.008)  ,  ForwardTime: 0.077  ,  TotalTime: 0.380  ,  Loss/total: 3.55583  ,  Loss/ce: 3.50808  ,  IoU: 0.75648  ,  pro_loss: 0.23870
[train: Epoch 32, 700 / 1875] FPS: 84.0 (19.2)  ,  DataTime: 0.296 (0.008)  ,  ForwardTime: 0.077  ,  TotalTime: 0.381  ,  Loss/total: 3.55547  ,  Loss/ce: 3.50765  ,  IoU: 0.75654  ,  pro_loss: 0.23906
[train: Epoch 32, 750 / 1875] FPS: 84.3 (343.9)  ,  DataTime: 0.295 (0.008)  ,  ForwardTime: 0.077  ,  TotalTime: 0.379  ,  Loss/total: 3.55534  ,  Loss/ce: 3.50749  ,  IoU: 0.75690  ,  pro_loss: 0.23921
[train: Epoch 32, 800 / 1875] FPS: 84.0 (350.8)  ,  DataTime: 0.296 (0.008)  ,  ForwardTime: 0.077  ,  TotalTime: 0.381  ,  Loss/total: 3.55536  ,  Loss/ce: 3.50749  ,  IoU: 0.75699  ,  pro_loss: 0.23938
[train: Epoch 32, 850 / 1875] FPS: 83.7 (37.8)  ,  DataTime: 0.297 (0.008)  ,  ForwardTime: 0.077  ,  TotalTime: 0.382  ,  Loss/total: 3.55460  ,  Loss/ce: 3.50664  ,  IoU: 0.75682  ,  pro_loss: 0.23982
[train: Epoch 32, 900 / 1875] FPS: 84.1 (353.6)  ,  DataTime: 0.296 (0.008)  ,  ForwardTime: 0.077  ,  TotalTime: 0.381  ,  Loss/total: 3.55396  ,  Loss/ce: 3.50596  ,  IoU: 0.75700  ,  pro_loss: 0.24002
[train: Epoch 32, 950 / 1875] FPS: 83.8 (354.4)  ,  DataTime: 0.297 (0.008)  ,  ForwardTime: 0.077  ,  TotalTime: 0.382  ,  Loss/total: 3.55442  ,  Loss/ce: 3.50641  ,  IoU: 0.75698  ,  pro_loss: 0.24008
[train: Epoch 32, 1000 / 1875] FPS: 84.2 (350.6)  ,  DataTime: 0.295 (0.008)  ,  ForwardTime: 0.077  ,  TotalTime: 0.380  ,  Loss/total: 3.55406  ,  Loss/ce: 3.50601  ,  IoU: 0.75688  ,  pro_loss: 0.24025
[train: Epoch 32, 1050 / 1875] FPS: 84.3 (362.8)  ,  DataTime: 0.295 (0.008)  ,  ForwardTime: 0.077  ,  TotalTime: 0.380  ,  Loss/total: 3.55430  ,  Loss/ce: 3.50622  ,  IoU: 0.75682  ,  pro_loss: 0.24038
[train: Epoch 32, 1100 / 1875] FPS: 84.2 (355.6)  ,  DataTime: 0.295 (0.008)  ,  ForwardTime: 0.077  ,  TotalTime: 0.380  ,  Loss/total: 3.55447  ,  Loss/ce: 3.50640  ,  IoU: 0.75719  ,  pro_loss: 0.24031
[train: Epoch 32, 1150 / 1875] FPS: 84.0 (352.6)  ,  DataTime: 0.296 (0.008)  ,  ForwardTime: 0.077  ,  TotalTime: 0.381  ,  Loss/total: 3.55430  ,  Loss/ce: 3.50621  ,  IoU: 0.75742  ,  pro_loss: 0.24047
[train: Epoch 32, 1200 / 1875] FPS: 84.2 (22.3)  ,  DataTime: 0.295 (0.008)  ,  ForwardTime: 0.077  ,  TotalTime: 0.380  ,  Loss/total: 3.55464  ,  Loss/ce: 3.50655  ,  IoU: 0.75721  ,  pro_loss: 0.24045
[train: Epoch 32, 1250 / 1875] FPS: 84.4 (356.3)  ,  DataTime: 0.294 (0.008)  ,  ForwardTime: 0.077  ,  TotalTime: 0.379  ,  Loss/total: 3.55521  ,  Loss/ce: 3.50713  ,  IoU: 0.75708  ,  pro_loss: 0.24040
[train: Epoch 32, 1300 / 1875] FPS: 84.7 (360.2)  ,  DataTime: 0.293 (0.008)  ,  ForwardTime: 0.077  ,  TotalTime: 0.378  ,  Loss/total: 3.55548  ,  Loss/ce: 3.50739  ,  IoU: 0.75708  ,  pro_loss: 0.24046
[train: Epoch 32, 1350 / 1875] FPS: 84.9 (354.7)  ,  DataTime: 0.292 (0.008)  ,  ForwardTime: 0.077  ,  TotalTime: 0.377  ,  Loss/total: 3.55563  ,  Loss/ce: 3.50751  ,  IoU: 0.75721  ,  pro_loss: 0.24062
[train: Epoch 32, 1400 / 1875] FPS: 84.9 (29.6)  ,  DataTime: 0.292 (0.008)  ,  ForwardTime: 0.077  ,  TotalTime: 0.377  ,  Loss/total: 3.55443  ,  Loss/ce: 3.50628  ,  IoU: 0.75737  ,  pro_loss: 0.24074
[train: Epoch 32, 1450 / 1875] FPS: 84.8 (355.3)  ,  DataTime: 0.292 (0.008)  ,  ForwardTime: 0.077  ,  TotalTime: 0.377  ,  Loss/total: 3.55488  ,  Loss/ce: 3.50672  ,  IoU: 0.75731  ,  pro_loss: 0.24080
[train: Epoch 32, 1500 / 1875] FPS: 85.0 (345.7)  ,  DataTime: 0.292 (0.008)  ,  ForwardTime: 0.077  ,  TotalTime: 0.376  ,  Loss/total: 3.55449  ,  Loss/ce: 3.50630  ,  IoU: 0.75735  ,  pro_loss: 0.24092
[train: Epoch 32, 1550 / 1875] FPS: 85.1 (352.4)  ,  DataTime: 0.291 (0.008)  ,  ForwardTime: 0.077  ,  TotalTime: 0.376  ,  Loss/total: 3.55565  ,  Loss/ce: 3.50750  ,  IoU: 0.75707  ,  pro_loss: 0.24073
[train: Epoch 32, 1600 / 1875] FPS: 85.2 (341.4)  ,  DataTime: 0.291 (0.008)  ,  ForwardTime: 0.077  ,  TotalTime: 0.376  ,  Loss/total: 3.55661  ,  Loss/ce: 3.50847  ,  IoU: 0.75674  ,  pro_loss: 0.24068
[train: Epoch 32, 1650 / 1875] FPS: 85.2 (350.5)  ,  DataTime: 0.291 (0.008)  ,  ForwardTime: 0.077  ,  TotalTime: 0.376  ,  Loss/total: 3.55676  ,  Loss/ce: 3.50865  ,  IoU: 0.75666  ,  pro_loss: 0.24054
[train: Epoch 32, 1700 / 1875] FPS: 85.1 (37.6)  ,  DataTime: 0.291 (0.008)  ,  ForwardTime: 0.077  ,  TotalTime: 0.376  ,  Loss/total: 3.55683  ,  Loss/ce: 3.50873  ,  IoU: 0.75655  ,  pro_loss: 0.24050
[train: Epoch 32, 1750 / 1875] FPS: 85.3 (355.6)  ,  DataTime: 0.290 (0.008)  ,  ForwardTime: 0.077  ,  TotalTime: 0.375  ,  Loss/total: 3.55708  ,  Loss/ce: 3.50898  ,  IoU: 0.75628  ,  pro_loss: 0.24051
[train: Epoch 32, 1800 / 1875] FPS: 85.3 (359.5)  ,  DataTime: 0.290 (0.008)  ,  ForwardTime: 0.077  ,  TotalTime: 0.375  ,  Loss/total: 3.55633  ,  Loss/ce: 3.50822  ,  IoU: 0.75649  ,  pro_loss: 0.24051
[train: Epoch 32, 1850 / 1875] FPS: 85.3 (23.4)  ,  DataTime: 0.290 (0.008)  ,  ForwardTime: 0.077  ,  TotalTime: 0.375  ,  Loss/total: 3.55666  ,  Loss/ce: 3.50853  ,  IoU: 0.75638  ,  pro_loss: 0.24065
[train: Epoch 32, 1875 / 1875] FPS: 85.7 (365.3)  ,  DataTime: 0.289 (0.008)  ,  ForwardTime: 0.077  ,  TotalTime: 0.374  ,  Loss/total: 3.55666  ,  Loss/ce: 3.50854  ,  IoU: 0.75631  ,  pro_loss: 0.24061
[train: Epoch 33, 50 / 1875] FPS: 73.7 (22.6)  ,  DataTime: 0.350 (0.008)  ,  ForwardTime: 0.077  ,  TotalTime: 0.434  ,  Loss/total: 3.56076  ,  Loss/ce: 3.51368  ,  IoU: 0.75275  ,  pro_loss: 0.23542
[train: Epoch 33, 100 / 1875] FPS: 83.5 (361.6)  ,  DataTime: 0.299 (0.008)  ,  ForwardTime: 0.076  ,  TotalTime: 0.383  ,  Loss/total: 3.55333  ,  Loss/ce: 3.50569  ,  IoU: 0.75510  ,  pro_loss: 0.23823
[train: Epoch 33, 150 / 1875] FPS: 84.0 (334.1)  ,  DataTime: 0.296 (0.008)  ,  ForwardTime: 0.077  ,  TotalTime: 0.381  ,  Loss/total: 3.55734  ,  Loss/ce: 3.50920  ,  IoU: 0.75250  ,  pro_loss: 0.24069
[train: Epoch 33, 200 / 1875] FPS: 84.6 (354.6)  ,  DataTime: 0.294 (0.008)  ,  ForwardTime: 0.077  ,  TotalTime: 0.378  ,  Loss/total: 3.55930  ,  Loss/ce: 3.51102  ,  IoU: 0.75373  ,  pro_loss: 0.24141
[train: Epoch 33, 250 / 1875] FPS: 83.0 (347.9)  ,  DataTime: 0.301 (0.008)  ,  ForwardTime: 0.077  ,  TotalTime: 0.385  ,  Loss/total: 3.56267  ,  Loss/ce: 3.51462  ,  IoU: 0.75338  ,  pro_loss: 0.24025
[train: Epoch 33, 300 / 1875] FPS: 83.6 (327.6)  ,  DataTime: 0.298 (0.008)  ,  ForwardTime: 0.077  ,  TotalTime: 0.383  ,  Loss/total: 3.56090  ,  Loss/ce: 3.51276  ,  IoU: 0.75418  ,  pro_loss: 0.24069
[train: Epoch 33, 350 / 1875] FPS: 83.7 (341.5)  ,  DataTime: 0.297 (0.008)  ,  ForwardTime: 0.077  ,  TotalTime: 0.382  ,  Loss/total: 3.56088  ,  Loss/ce: 3.51251  ,  IoU: 0.75392  ,  pro_loss: 0.24188
[train: Epoch 33, 400 / 1875] FPS: 84.0 (359.5)  ,  DataTime: 0.296 (0.008)  ,  ForwardTime: 0.077  ,  TotalTime: 0.381  ,  Loss/total: 3.56059  ,  Loss/ce: 3.51221  ,  IoU: 0.75403  ,  pro_loss: 0.24188
[train: Epoch 33, 450 / 1875] FPS: 84.4 (360.0)  ,  DataTime: 0.294 (0.008)  ,  ForwardTime: 0.077  ,  TotalTime: 0.379  ,  Loss/total: 3.55748  ,  Loss/ce: 3.50893  ,  IoU: 0.75550  ,  pro_loss: 0.24273
[train: Epoch 33, 500 / 1875] FPS: 84.1 (336.5)  ,  DataTime: 0.296 (0.008)  ,  ForwardTime: 0.077  ,  TotalTime: 0.380  ,  Loss/total: 3.55560  ,  Loss/ce: 3.50704  ,  IoU: 0.75613  ,  pro_loss: 0.24279
[train: Epoch 33, 550 / 1875] FPS: 84.4 (28.0)  ,  DataTime: 0.294 (0.008)  ,  ForwardTime: 0.077  ,  TotalTime: 0.379  ,  Loss/total: 3.55387  ,  Loss/ce: 3.50525  ,  IoU: 0.75610  ,  pro_loss: 0.24309
[train: Epoch 33, 600 / 1875] FPS: 84.9 (351.0)  ,  DataTime: 0.292 (0.008)  ,  ForwardTime: 0.077  ,  TotalTime: 0.377  ,  Loss/total: 3.55559  ,  Loss/ce: 3.50689  ,  IoU: 0.75580  ,  pro_loss: 0.24349
[train: Epoch 33, 650 / 1875] FPS: 85.4 (94.8)  ,  DataTime: 0.290 (0.008)  ,  ForwardTime: 0.077  ,  TotalTime: 0.375  ,  Loss/total: 3.55687  ,  Loss/ce: 3.50817  ,  IoU: 0.75582  ,  pro_loss: 0.24353
[train: Epoch 33, 700 / 1875] FPS: 85.4 (355.5)  ,  DataTime: 0.290 (0.008)  ,  ForwardTime: 0.077  ,  TotalTime: 0.375  ,  Loss/total: 3.55765  ,  Loss/ce: 3.50896  ,  IoU: 0.75555  ,  pro_loss: 0.24344
[train: Epoch 33, 750 / 1875] FPS: 85.2 (362.0)  ,  DataTime: 0.291 (0.008)  ,  ForwardTime: 0.077  ,  TotalTime: 0.376  ,  Loss/total: 3.55801  ,  Loss/ce: 3.50928  ,  IoU: 0.75569  ,  pro_loss: 0.24365
[train: Epoch 33, 800 / 1875] FPS: 85.9 (356.8)  ,  DataTime: 0.288 (0.008)  ,  ForwardTime: 0.077  ,  TotalTime: 0.372  ,  Loss/total: 3.55829  ,  Loss/ce: 3.50947  ,  IoU: 0.75599  ,  pro_loss: 0.24409
[train: Epoch 33, 850 / 1875] FPS: 85.9 (18.8)  ,  DataTime: 0.288 (0.008)  ,  ForwardTime: 0.077  ,  TotalTime: 0.373  ,  Loss/total: 3.55758  ,  Loss/ce: 3.50871  ,  IoU: 0.75602  ,  pro_loss: 0.24438
[train: Epoch 33, 900 / 1875] FPS: 85.7 (352.7)  ,  DataTime: 0.289 (0.008)  ,  ForwardTime: 0.077  ,  TotalTime: 0.374  ,  Loss/total: 3.55579  ,  Loss/ce: 3.50690  ,  IoU: 0.75666  ,  pro_loss: 0.24443
[train: Epoch 33, 950 / 1875] FPS: 86.3 (351.1)  ,  DataTime: 0.286 (0.008)  ,  ForwardTime: 0.077  ,  TotalTime: 0.371  ,  Loss/total: 3.55620  ,  Loss/ce: 3.50736  ,  IoU: 0.75673  ,  pro_loss: 0.24419
[train: Epoch 33, 1000 / 1875] FPS: 86.0 (357.7)  ,  DataTime: 0.287 (0.008)  ,  ForwardTime: 0.077  ,  TotalTime: 0.372  ,  Loss/total: 3.55519  ,  Loss/ce: 3.50640  ,  IoU: 0.75705  ,  pro_loss: 0.24398
[train: Epoch 33, 1050 / 1875] FPS: 86.6 (359.1)  ,  DataTime: 0.285 (0.008)  ,  ForwardTime: 0.077  ,  TotalTime: 0.369  ,  Loss/total: 3.55510  ,  Loss/ce: 3.50629  ,  IoU: 0.75711  ,  pro_loss: 0.24405
[train: Epoch 33, 1100 / 1875] FPS: 87.0 (40.0)  ,  DataTime: 0.283 (0.008)  ,  ForwardTime: 0.077  ,  TotalTime: 0.368  ,  Loss/total: 3.55463  ,  Loss/ce: 3.50582  ,  IoU: 0.75725  ,  pro_loss: 0.24407
[train: Epoch 33, 1150 / 1875] FPS: 87.1 (358.1)  ,  DataTime: 0.283 (0.008)  ,  ForwardTime: 0.077  ,  TotalTime: 0.367  ,  Loss/total: 3.55455  ,  Loss/ce: 3.50573  ,  IoU: 0.75727  ,  pro_loss: 0.24408
[train: Epoch 33, 1200 / 1875] FPS: 87.1 (357.9)  ,  DataTime: 0.283 (0.008)  ,  ForwardTime: 0.077  ,  TotalTime: 0.368  ,  Loss/total: 3.55479  ,  Loss/ce: 3.50603  ,  IoU: 0.75727  ,  pro_loss: 0.24381
[train: Epoch 33, 1250 / 1875] FPS: 87.0 (360.4)  ,  DataTime: 0.283 (0.008)  ,  ForwardTime: 0.077  ,  TotalTime: 0.368  ,  Loss/total: 3.55466  ,  Loss/ce: 3.50591  ,  IoU: 0.75741  ,  pro_loss: 0.24378
[train: Epoch 33, 1300 / 1875] FPS: 86.6 (356.3)  ,  DataTime: 0.285 (0.008)  ,  ForwardTime: 0.077  ,  TotalTime: 0.370  ,  Loss/total: 3.55448  ,  Loss/ce: 3.50570  ,  IoU: 0.75752  ,  pro_loss: 0.24390
[train: Epoch 33, 1350 / 1875] FPS: 86.4 (348.9)  ,  DataTime: 0.286 (0.008)  ,  ForwardTime: 0.077  ,  TotalTime: 0.370  ,  Loss/total: 3.55387  ,  Loss/ce: 3.50506  ,  IoU: 0.75774  ,  pro_loss: 0.24404
[train: Epoch 33, 1400 / 1875] FPS: 86.1 (348.8)  ,  DataTime: 0.287 (0.008)  ,  ForwardTime: 0.077  ,  TotalTime: 0.372  ,  Loss/total: 3.55383  ,  Loss/ce: 3.50503  ,  IoU: 0.75761  ,  pro_loss: 0.24399
[train: Epoch 33, 1450 / 1875] FPS: 86.1 (354.2)  ,  DataTime: 0.287 (0.008)  ,  ForwardTime: 0.077  ,  TotalTime: 0.372  ,  Loss/total: 3.55326  ,  Loss/ce: 3.50445  ,  IoU: 0.75771  ,  pro_loss: 0.24403
[train: Epoch 33, 1500 / 1875] FPS: 85.7 (350.1)  ,  DataTime: 0.288 (0.008)  ,  ForwardTime: 0.077  ,  TotalTime: 0.373  ,  Loss/total: 3.55377  ,  Loss/ce: 3.50499  ,  IoU: 0.75751  ,  pro_loss: 0.24390
[train: Epoch 33, 1550 / 1875] FPS: 85.9 (363.6)  ,  DataTime: 0.288 (0.008)  ,  ForwardTime: 0.077  ,  TotalTime: 0.373  ,  Loss/total: 3.55367  ,  Loss/ce: 3.50488  ,  IoU: 0.75767  ,  pro_loss: 0.24392
[train: Epoch 33, 1600 / 1875] FPS: 85.4 (355.7)  ,  DataTime: 0.290 (0.008)  ,  ForwardTime: 0.077  ,  TotalTime: 0.375  ,  Loss/total: 3.55296  ,  Loss/ce: 3.50415  ,  IoU: 0.75784  ,  pro_loss: 0.24407
[train: Epoch 33, 1650 / 1875] FPS: 85.2 (360.7)  ,  DataTime: 0.291 (0.008)  ,  ForwardTime: 0.077  ,  TotalTime: 0.376  ,  Loss/total: 3.55237  ,  Loss/ce: 3.50355  ,  IoU: 0.75794  ,  pro_loss: 0.24410
[train: Epoch 33, 1700 / 1875] FPS: 85.2 (361.1)  ,  DataTime: 0.291 (0.008)  ,  ForwardTime: 0.077  ,  TotalTime: 0.375  ,  Loss/total: 3.55253  ,  Loss/ce: 3.50375  ,  IoU: 0.75798  ,  pro_loss: 0.24387
[train: Epoch 33, 1750 / 1875] FPS: 85.3 (348.6)  ,  DataTime: 0.290 (0.008)  ,  ForwardTime: 0.077  ,  TotalTime: 0.375  ,  Loss/total: 3.55295  ,  Loss/ce: 3.50418  ,  IoU: 0.75787  ,  pro_loss: 0.24384
[train: Epoch 33, 1800 / 1875] FPS: 85.1 (355.0)  ,  DataTime: 0.291 (0.008)  ,  ForwardTime: 0.077  ,  TotalTime: 0.376  ,  Loss/total: 3.55258  ,  Loss/ce: 3.50384  ,  IoU: 0.75777  ,  pro_loss: 0.24368
[train: Epoch 33, 1850 / 1875] FPS: 85.3 (351.7)  ,  DataTime: 0.290 (0.008)  ,  ForwardTime: 0.077  ,  TotalTime: 0.375  ,  Loss/total: 3.55241  ,  Loss/ce: 3.50370  ,  IoU: 0.75791  ,  pro_loss: 0.24358
[train: Epoch 33, 1875 / 1875] FPS: 85.5 (369.2)  ,  DataTime: 0.289 (0.008)  ,  ForwardTime: 0.077  ,  TotalTime: 0.374  ,  Loss/total: 3.55179  ,  Loss/ce: 3.50307  ,  IoU: 0.75799  ,  pro_loss: 0.24358
[train: Epoch 34, 50 / 1875] FPS: 73.1 (349.7)  ,  DataTime: 0.353 (0.008)  ,  ForwardTime: 0.077  ,  TotalTime: 0.437  ,  Loss/total: 3.55585  ,  Loss/ce: 3.50739  ,  IoU: 0.75374  ,  pro_loss: 0.24229
[train: Epoch 34, 100 / 1875] FPS: 76.9 (21.0)  ,  DataTime: 0.332 (0.008)  ,  ForwardTime: 0.077  ,  TotalTime: 0.416  ,  Loss/total: 3.56502  ,  Loss/ce: 3.51702  ,  IoU: 0.75357  ,  pro_loss: 0.24000
[train: Epoch 34, 150 / 1875] FPS: 78.6 (354.2)  ,  DataTime: 0.322 (0.008)  ,  ForwardTime: 0.077  ,  TotalTime: 0.407  ,  Loss/total: 3.55558  ,  Loss/ce: 3.50752  ,  IoU: 0.75640  ,  pro_loss: 0.24028
[train: Epoch 34, 200 / 1875] FPS: 81.6 (340.4)  ,  DataTime: 0.307 (0.008)  ,  ForwardTime: 0.077  ,  TotalTime: 0.392  ,  Loss/total: 3.55379  ,  Loss/ce: 3.50553  ,  IoU: 0.75703  ,  pro_loss: 0.24130
[train: Epoch 34, 250 / 1875] FPS: 81.3 (11.9)  ,  DataTime: 0.309 (0.008)  ,  ForwardTime: 0.077  ,  TotalTime: 0.394  ,  Loss/total: 3.55110  ,  Loss/ce: 3.50261  ,  IoU: 0.75797  ,  pro_loss: 0.24246
[train: Epoch 34, 300 / 1875] FPS: 84.1 (361.2)  ,  DataTime: 0.296 (0.008)  ,  ForwardTime: 0.077  ,  TotalTime: 0.380  ,  Loss/total: 3.55131  ,  Loss/ce: 3.50294  ,  IoU: 0.75730  ,  pro_loss: 0.24188
[train: Epoch 34, 350 / 1875] FPS: 83.8 (116.2)  ,  DataTime: 0.297 (0.008)  ,  ForwardTime: 0.077  ,  TotalTime: 0.382  ,  Loss/total: 3.55111  ,  Loss/ce: 3.50274  ,  IoU: 0.75770  ,  pro_loss: 0.24182
[train: Epoch 34, 400 / 1875] FPS: 84.4 (358.8)  ,  DataTime: 0.294 (0.008)  ,  ForwardTime: 0.077  ,  TotalTime: 0.379  ,  Loss/total: 3.55087  ,  Loss/ce: 3.50248  ,  IoU: 0.75816  ,  pro_loss: 0.24195
[train: Epoch 34, 450 / 1875] FPS: 85.1 (363.0)  ,  DataTime: 0.291 (0.008)  ,  ForwardTime: 0.077  ,  TotalTime: 0.376  ,  Loss/total: 3.55227  ,  Loss/ce: 3.50383  ,  IoU: 0.75780  ,  pro_loss: 0.24222
[train: Epoch 34, 500 / 1875] FPS: 85.2 (361.6)  ,  DataTime: 0.291 (0.008)  ,  ForwardTime: 0.077  ,  TotalTime: 0.375  ,  Loss/total: 3.55128  ,  Loss/ce: 3.50293  ,  IoU: 0.75765  ,  pro_loss: 0.24175
[train: Epoch 34, 550 / 1875] FPS: 85.6 (365.9)  ,  DataTime: 0.289 (0.008)  ,  ForwardTime: 0.077  ,  TotalTime: 0.374  ,  Loss/total: 3.54891  ,  Loss/ce: 3.50056  ,  IoU: 0.75850  ,  pro_loss: 0.24174
[train: Epoch 34, 600 / 1875] FPS: 86.2 (360.0)  ,  DataTime: 0.287 (0.008)  ,  ForwardTime: 0.077  ,  TotalTime: 0.371  ,  Loss/total: 3.54898  ,  Loss/ce: 3.50068  ,  IoU: 0.75854  ,  pro_loss: 0.24148
[train: Epoch 34, 650 / 1875] FPS: 86.4 (346.6)  ,  DataTime: 0.286 (0.008)  ,  ForwardTime: 0.077  ,  TotalTime: 0.370  ,  Loss/total: 3.54790  ,  Loss/ce: 3.49973  ,  IoU: 0.75909  ,  pro_loss: 0.24087
[train: Epoch 34, 700 / 1875] FPS: 86.5 (356.6)  ,  DataTime: 0.285 (0.008)  ,  ForwardTime: 0.077  ,  TotalTime: 0.370  ,  Loss/total: 3.54815  ,  Loss/ce: 3.49990  ,  IoU: 0.75897  ,  pro_loss: 0.24125
[train: Epoch 34, 750 / 1875] FPS: 86.9 (355.0)  ,  DataTime: 0.284 (0.008)  ,  ForwardTime: 0.077  ,  TotalTime: 0.368  ,  Loss/total: 3.54905  ,  Loss/ce: 3.50082  ,  IoU: 0.75865  ,  pro_loss: 0.24114
[train: Epoch 34, 800 / 1875] FPS: 86.9 (15.4)  ,  DataTime: 0.284 (0.008)  ,  ForwardTime: 0.077  ,  TotalTime: 0.368  ,  Loss/total: 3.54997  ,  Loss/ce: 3.50179  ,  IoU: 0.75830  ,  pro_loss: 0.24092
[train: Epoch 34, 850 / 1875] FPS: 87.0 (359.6)  ,  DataTime: 0.283 (0.008)  ,  ForwardTime: 0.077  ,  TotalTime: 0.368  ,  Loss/total: 3.54964  ,  Loss/ce: 3.50151  ,  IoU: 0.75838  ,  pro_loss: 0.24066
[train: Epoch 34, 900 / 1875] FPS: 87.9 (359.8)  ,  DataTime: 0.280 (0.008)  ,  ForwardTime: 0.077  ,  TotalTime: 0.364  ,  Loss/total: 3.54909  ,  Loss/ce: 3.50093  ,  IoU: 0.75843  ,  pro_loss: 0.24080
[train: Epoch 34, 950 / 1875] FPS: 87.9 (360.3)  ,  DataTime: 0.279 (0.008)  ,  ForwardTime: 0.077  ,  TotalTime: 0.364  ,  Loss/total: 3.54880  ,  Loss/ce: 3.50063  ,  IoU: 0.75840  ,  pro_loss: 0.24087
[train: Epoch 34, 1000 / 1875] FPS: 88.3 (357.3)  ,  DataTime: 0.278 (0.008)  ,  ForwardTime: 0.077  ,  TotalTime: 0.362  ,  Loss/total: 3.54832  ,  Loss/ce: 3.50010  ,  IoU: 0.75864  ,  pro_loss: 0.24112
[train: Epoch 34, 1050 / 1875] FPS: 88.4 (355.8)  ,  DataTime: 0.277 (0.008)  ,  ForwardTime: 0.077  ,  TotalTime: 0.362  ,  Loss/total: 3.54739  ,  Loss/ce: 3.49922  ,  IoU: 0.75889  ,  pro_loss: 0.24085
[train: Epoch 34, 1100 / 1875] FPS: 88.8 (362.2)  ,  DataTime: 0.276 (0.008)  ,  ForwardTime: 0.077  ,  TotalTime: 0.361  ,  Loss/total: 3.54742  ,  Loss/ce: 3.49923  ,  IoU: 0.75873  ,  pro_loss: 0.24098
[train: Epoch 34, 1150 / 1875] FPS: 89.1 (343.2)  ,  DataTime: 0.275 (0.008)  ,  ForwardTime: 0.077  ,  TotalTime: 0.359  ,  Loss/total: 3.54707  ,  Loss/ce: 3.49894  ,  IoU: 0.75844  ,  pro_loss: 0.24064
[train: Epoch 34, 1200 / 1875] FPS: 89.4 (43.4)  ,  DataTime: 0.273 (0.008)  ,  ForwardTime: 0.077  ,  TotalTime: 0.358  ,  Loss/total: 3.54712  ,  Loss/ce: 3.49895  ,  IoU: 0.75848  ,  pro_loss: 0.24089
[train: Epoch 34, 1250 / 1875] FPS: 89.7 (356.5)  ,  DataTime: 0.272 (0.008)  ,  ForwardTime: 0.077  ,  TotalTime: 0.357  ,  Loss/total: 3.54753  ,  Loss/ce: 3.49934  ,  IoU: 0.75849  ,  pro_loss: 0.24095
[train: Epoch 34, 1300 / 1875] FPS: 90.1 (366.9)  ,  DataTime: 0.270 (0.008)  ,  ForwardTime: 0.077  ,  TotalTime: 0.355  ,  Loss/total: 3.54694  ,  Loss/ce: 3.49877  ,  IoU: 0.75859  ,  pro_loss: 0.24085
[train: Epoch 34, 1350 / 1875] FPS: 90.6 (358.7)  ,  DataTime: 0.268 (0.008)  ,  ForwardTime: 0.077  ,  TotalTime: 0.353  ,  Loss/total: 3.54651  ,  Loss/ce: 3.49838  ,  IoU: 0.75860  ,  pro_loss: 0.24064
[train: Epoch 34, 1400 / 1875] FPS: 90.2 (356.6)  ,  DataTime: 0.270 (0.008)  ,  ForwardTime: 0.077  ,  TotalTime: 0.355  ,  Loss/total: 3.54593  ,  Loss/ce: 3.49777  ,  IoU: 0.75882  ,  pro_loss: 0.24077
[train: Epoch 34, 1450 / 1875] FPS: 90.5 (359.1)  ,  DataTime: 0.269 (0.008)  ,  ForwardTime: 0.077  ,  TotalTime: 0.354  ,  Loss/total: 3.54584  ,  Loss/ce: 3.49766  ,  IoU: 0.75876  ,  pro_loss: 0.24088
[train: Epoch 34, 1500 / 1875] FPS: 90.7 (55.6)  ,  DataTime: 0.268 (0.008)  ,  ForwardTime: 0.077  ,  TotalTime: 0.353  ,  Loss/total: 3.54582  ,  Loss/ce: 3.49764  ,  IoU: 0.75885  ,  pro_loss: 0.24091
[train: Epoch 34, 1550 / 1875] FPS: 91.1 (356.5)  ,  DataTime: 0.267 (0.008)  ,  ForwardTime: 0.077  ,  TotalTime: 0.351  ,  Loss/total: 3.54612  ,  Loss/ce: 3.49796  ,  IoU: 0.75885  ,  pro_loss: 0.24081
[train: Epoch 34, 1600 / 1875] FPS: 90.6 (361.5)  ,  DataTime: 0.269 (0.008)  ,  ForwardTime: 0.077  ,  TotalTime: 0.353  ,  Loss/total: 3.54586  ,  Loss/ce: 3.49774  ,  IoU: 0.75892  ,  pro_loss: 0.24064
[train: Epoch 34, 1650 / 1875] FPS: 91.3 (350.2)  ,  DataTime: 0.266 (0.008)  ,  ForwardTime: 0.077  ,  TotalTime: 0.351  ,  Loss/total: 3.54610  ,  Loss/ce: 3.49795  ,  IoU: 0.75882  ,  pro_loss: 0.24077
[train: Epoch 34, 1700 / 1875] FPS: 91.5 (365.0)  ,  DataTime: 0.265 (0.008)  ,  ForwardTime: 0.077  ,  TotalTime: 0.350  ,  Loss/total: 3.54576  ,  Loss/ce: 3.49762  ,  IoU: 0.75901  ,  pro_loss: 0.24072
[train: Epoch 34, 1750 / 1875] FPS: 91.4 (16.5)  ,  DataTime: 0.265 (0.008)  ,  ForwardTime: 0.077  ,  TotalTime: 0.350  ,  Loss/total: 3.54521  ,  Loss/ce: 3.49712  ,  IoU: 0.75920  ,  pro_loss: 0.24045
[train: Epoch 34, 1800 / 1875] FPS: 91.8 (357.6)  ,  DataTime: 0.264 (0.008)  ,  ForwardTime: 0.077  ,  TotalTime: 0.349  ,  Loss/total: 3.54576  ,  Loss/ce: 3.49765  ,  IoU: 0.75908  ,  pro_loss: 0.24052
[train: Epoch 34, 1850 / 1875] FPS: 92.2 (356.8)  ,  DataTime: 0.263 (0.008)  ,  ForwardTime: 0.077  ,  TotalTime: 0.347  ,  Loss/total: 3.54589  ,  Loss/ce: 3.49780  ,  IoU: 0.75903  ,  pro_loss: 0.24047
[train: Epoch 34, 1875 / 1875] FPS: 92.5 (368.8)  ,  DataTime: 0.261 (0.008)  ,  ForwardTime: 0.077  ,  TotalTime: 0.346  ,  Loss/total: 3.54527  ,  Loss/ce: 3.49720  ,  IoU: 0.75923  ,  pro_loss: 0.24037
[train: Epoch 35, 50 / 1875] FPS: 87.8 (340.6)  ,  DataTime: 0.280 (0.008)  ,  ForwardTime: 0.077  ,  TotalTime: 0.365  ,  Loss/total: 3.55863  ,  Loss/ce: 3.50988  ,  IoU: 0.75349  ,  pro_loss: 0.24375
[train: Epoch 35, 100 / 1875] FPS: 94.1 (361.0)  ,  DataTime: 0.255 (0.008)  ,  ForwardTime: 0.077  ,  TotalTime: 0.340  ,  Loss/total: 3.55790  ,  Loss/ce: 3.50924  ,  IoU: 0.75381  ,  pro_loss: 0.24333
[train: Epoch 35, 150 / 1875] FPS: 92.8 (16.7)  ,  DataTime: 0.260 (0.008)  ,  ForwardTime: 0.077  ,  TotalTime: 0.345  ,  Loss/total: 3.55584  ,  Loss/ce: 3.50756  ,  IoU: 0.75523  ,  pro_loss: 0.24139
[train: Epoch 35, 200 / 1875] FPS: 96.4 (352.3)  ,  DataTime: 0.247 (0.008)  ,  ForwardTime: 0.077  ,  TotalTime: 0.332  ,  Loss/total: 3.54938  ,  Loss/ce: 3.50121  ,  IoU: 0.75867  ,  pro_loss: 0.24083
[train: Epoch 35, 250 / 1875] FPS: 98.0 (350.0)  ,  DataTime: 0.241 (0.008)  ,  ForwardTime: 0.077  ,  TotalTime: 0.327  ,  Loss/total: 3.54634  ,  Loss/ce: 3.49791  ,  IoU: 0.75889  ,  pro_loss: 0.24217
[train: Epoch 35, 300 / 1875] FPS: 97.1 (16.9)  ,  DataTime: 0.244 (0.008)  ,  ForwardTime: 0.077  ,  TotalTime: 0.329  ,  Loss/total: 3.54449  ,  Loss/ce: 3.49626  ,  IoU: 0.75832  ,  pro_loss: 0.24115
[train: Epoch 35, 350 / 1875] FPS: 98.3 (346.1)  ,  DataTime: 0.240 (0.008)  ,  ForwardTime: 0.077  ,  TotalTime: 0.325  ,  Loss/total: 3.54033  ,  Loss/ce: 3.49222  ,  IoU: 0.75927  ,  pro_loss: 0.24054
[train: Epoch 35, 400 / 1875] FPS: 99.4 (349.7)  ,  DataTime: 0.237 (0.008)  ,  ForwardTime: 0.077  ,  TotalTime: 0.322  ,  Loss/total: 3.54238  ,  Loss/ce: 3.49423  ,  IoU: 0.75827  ,  pro_loss: 0.24073
[train: Epoch 35, 450 / 1875] FPS: 98.7 (356.2)  ,  DataTime: 0.239 (0.008)  ,  ForwardTime: 0.077  ,  TotalTime: 0.324  ,  Loss/total: 3.54207  ,  Loss/ce: 3.49403  ,  IoU: 0.75848  ,  pro_loss: 0.24019
[train: Epoch 35, 500 / 1875] FPS: 98.8 (76.1)  ,  DataTime: 0.239 (0.008)  ,  ForwardTime: 0.077  ,  TotalTime: 0.324  ,  Loss/total: 3.54204  ,  Loss/ce: 3.49405  ,  IoU: 0.75845  ,  pro_loss: 0.23992
[train: Epoch 35, 550 / 1875] FPS: 99.7 (356.9)  ,  DataTime: 0.236 (0.008)  ,  ForwardTime: 0.077  ,  TotalTime: 0.321  ,  Loss/total: 3.53969  ,  Loss/ce: 3.49176  ,  IoU: 0.75886  ,  pro_loss: 0.23966
[train: Epoch 35, 600 / 1875] FPS: 99.8 (364.4)  ,  DataTime: 0.236 (0.008)  ,  ForwardTime: 0.077  ,  TotalTime: 0.321  ,  Loss/total: 3.53936  ,  Loss/ce: 3.49140  ,  IoU: 0.75935  ,  pro_loss: 0.23979
[train: Epoch 35, 650 / 1875] FPS: 99.2 (16.4)  ,  DataTime: 0.237 (0.008)  ,  ForwardTime: 0.077  ,  TotalTime: 0.322  ,  Loss/total: 3.53954  ,  Loss/ce: 3.49151  ,  IoU: 0.75909  ,  pro_loss: 0.24016
[train: Epoch 35, 700 / 1875] FPS: 99.6 (337.1)  ,  DataTime: 0.236 (0.008)  ,  ForwardTime: 0.077  ,  TotalTime: 0.321  ,  Loss/total: 3.54054  ,  Loss/ce: 3.49252  ,  IoU: 0.75872  ,  pro_loss: 0.24008
[train: Epoch 35, 750 / 1875] FPS: 100.4 (356.8)  ,  DataTime: 0.234 (0.008)  ,  ForwardTime: 0.077  ,  TotalTime: 0.319  ,  Loss/total: 3.54096  ,  Loss/ce: 3.49298  ,  IoU: 0.75844  ,  pro_loss: 0.23990
[train: Epoch 35, 800 / 1875] FPS: 100.1 (352.9)  ,  DataTime: 0.234 (0.008)  ,  ForwardTime: 0.077  ,  TotalTime: 0.320  ,  Loss/total: 3.54160  ,  Loss/ce: 3.49358  ,  IoU: 0.75836  ,  pro_loss: 0.24011
[train: Epoch 35, 850 / 1875] FPS: 100.3 (348.0)  ,  DataTime: 0.234 (0.008)  ,  ForwardTime: 0.077  ,  TotalTime: 0.319  ,  Loss/total: 3.53993  ,  Loss/ce: 3.49188  ,  IoU: 0.75886  ,  pro_loss: 0.24025
[train: Epoch 35, 900 / 1875] FPS: 100.2 (348.1)  ,  DataTime: 0.234 (0.008)  ,  ForwardTime: 0.077  ,  TotalTime: 0.319  ,  Loss/total: 3.53961  ,  Loss/ce: 3.49166  ,  IoU: 0.75896  ,  pro_loss: 0.23975
[train: Epoch 35, 950 / 1875] FPS: 99.7 (358.5)  ,  DataTime: 0.236 (0.008)  ,  ForwardTime: 0.077  ,  TotalTime: 0.321  ,  Loss/total: 3.54093  ,  Loss/ce: 3.49298  ,  IoU: 0.75872  ,  pro_loss: 0.23974
[train: Epoch 35, 1000 / 1875] FPS: 99.0 (349.6)  ,  DataTime: 0.238 (0.008)  ,  ForwardTime: 0.077  ,  TotalTime: 0.323  ,  Loss/total: 3.54156  ,  Loss/ce: 3.49367  ,  IoU: 0.75869  ,  pro_loss: 0.23946
[train: Epoch 35, 1050 / 1875] FPS: 98.8 (53.7)  ,  DataTime: 0.239 (0.009)  ,  ForwardTime: 0.077  ,  TotalTime: 0.324  ,  Loss/total: 3.54208  ,  Loss/ce: 3.49424  ,  IoU: 0.75898  ,  pro_loss: 0.23925
[train: Epoch 35, 1100 / 1875] FPS: 98.6 (354.0)  ,  DataTime: 0.239 (0.009)  ,  ForwardTime: 0.077  ,  TotalTime: 0.325  ,  Loss/total: 3.54135  ,  Loss/ce: 3.49356  ,  IoU: 0.75925  ,  pro_loss: 0.23899
[train: Epoch 35, 1150 / 1875] FPS: 98.6 (352.2)  ,  DataTime: 0.239 (0.009)  ,  ForwardTime: 0.077  ,  TotalTime: 0.325  ,  Loss/total: 3.54163  ,  Loss/ce: 3.49379  ,  IoU: 0.75919  ,  pro_loss: 0.23919
[train: Epoch 35, 1200 / 1875] FPS: 97.5 (353.5)  ,  DataTime: 0.243 (0.009)  ,  ForwardTime: 0.077  ,  TotalTime: 0.328  ,  Loss/total: 3.54222  ,  Loss/ce: 3.49439  ,  IoU: 0.75912  ,  pro_loss: 0.23916
[train: Epoch 35, 1250 / 1875] FPS: 96.7 (358.7)  ,  DataTime: 0.246 (0.008)  ,  ForwardTime: 0.077  ,  TotalTime: 0.331  ,  Loss/total: 3.54115  ,  Loss/ce: 3.49327  ,  IoU: 0.75954  ,  pro_loss: 0.23937
[train: Epoch 35, 1300 / 1875] FPS: 96.1 (353.3)  ,  DataTime: 0.248 (0.008)  ,  ForwardTime: 0.077  ,  TotalTime: 0.333  ,  Loss/total: 3.54064  ,  Loss/ce: 3.49272  ,  IoU: 0.75968  ,  pro_loss: 0.23962
[train: Epoch 35, 1350 / 1875] FPS: 95.2 (345.8)  ,  DataTime: 0.251 (0.008)  ,  ForwardTime: 0.077  ,  TotalTime: 0.336  ,  Loss/total: 3.54021  ,  Loss/ce: 3.49232  ,  IoU: 0.75978  ,  pro_loss: 0.23945
[train: Epoch 35, 1400 / 1875] FPS: 94.2 (359.1)  ,  DataTime: 0.254 (0.008)  ,  ForwardTime: 0.077  ,  TotalTime: 0.340  ,  Loss/total: 3.53892  ,  Loss/ce: 3.49104  ,  IoU: 0.76013  ,  pro_loss: 0.23942
[train: Epoch 35, 1450 / 1875] FPS: 94.0 (56.4)  ,  DataTime: 0.255 (0.008)  ,  ForwardTime: 0.077  ,  TotalTime: 0.340  ,  Loss/total: 3.53925  ,  Loss/ce: 3.49142  ,  IoU: 0.75997  ,  pro_loss: 0.23913
[train: Epoch 35, 1500 / 1875] FPS: 93.4 (356.7)  ,  DataTime: 0.257 (0.008)  ,  ForwardTime: 0.077  ,  TotalTime: 0.342  ,  Loss/total: 3.53904  ,  Loss/ce: 3.49125  ,  IoU: 0.75994  ,  pro_loss: 0.23892
[train: Epoch 35, 1550 / 1875] FPS: 93.2 (358.3)  ,  DataTime: 0.258 (0.008)  ,  ForwardTime: 0.077  ,  TotalTime: 0.343  ,  Loss/total: 3.53934  ,  Loss/ce: 3.49157  ,  IoU: 0.75999  ,  pro_loss: 0.23884
[train: Epoch 35, 1600 / 1875] FPS: 92.4 (349.3)  ,  DataTime: 0.261 (0.008)  ,  ForwardTime: 0.077  ,  TotalTime: 0.346  ,  Loss/total: 3.53950  ,  Loss/ce: 3.49169  ,  IoU: 0.75987  ,  pro_loss: 0.23906
[train: Epoch 35, 1650 / 1875] FPS: 92.2 (351.0)  ,  DataTime: 0.262 (0.008)  ,  ForwardTime: 0.077  ,  TotalTime: 0.347  ,  Loss/total: 3.53975  ,  Loss/ce: 3.49193  ,  IoU: 0.75992  ,  pro_loss: 0.23907
[train: Epoch 35, 1700 / 1875] FPS: 91.7 (360.8)  ,  DataTime: 0.264 (0.008)  ,  ForwardTime: 0.077  ,  TotalTime: 0.349  ,  Loss/total: 3.54035  ,  Loss/ce: 3.49252  ,  IoU: 0.75972  ,  pro_loss: 0.23918
[train: Epoch 35, 1750 / 1875] FPS: 91.1 (331.0)  ,  DataTime: 0.266 (0.008)  ,  ForwardTime: 0.077  ,  TotalTime: 0.351  ,  Loss/total: 3.54025  ,  Loss/ce: 3.49237  ,  IoU: 0.75983  ,  pro_loss: 0.23938
[train: Epoch 35, 1800 / 1875] FPS: 91.1 (355.3)  ,  DataTime: 0.266 (0.008)  ,  ForwardTime: 0.077  ,  TotalTime: 0.351  ,  Loss/total: 3.54032  ,  Loss/ce: 3.49245  ,  IoU: 0.75976  ,  pro_loss: 0.23934
[train: Epoch 35, 1850 / 1875] FPS: 90.6 (40.2)  ,  DataTime: 0.268 (0.008)  ,  ForwardTime: 0.077  ,  TotalTime: 0.353  ,  Loss/total: 3.54014  ,  Loss/ce: 3.49221  ,  IoU: 0.75981  ,  pro_loss: 0.23961
[train: Epoch 35, 1875 / 1875] FPS: 90.8 (365.9)  ,  DataTime: 0.267 (0.008)  ,  ForwardTime: 0.077  ,  TotalTime: 0.352  ,  Loss/total: 3.53978  ,  Loss/ce: 3.49185  ,  IoU: 0.76005  ,  pro_loss: 0.23963
[val: Epoch 35, 50 / 312] FPS: 69.3 (47.4)  ,  DataTime: 0.407 (0.010)  ,  ForwardTime: 0.045  ,  TotalTime: 0.462  ,  Loss/total: nan  ,  Loss/giou: 0.27225  ,  Loss/l1: 0.02416  ,  Loss/location: nan  ,  pro_loss: 0.24792  ,  IoU: 0.74814
[val: Epoch 35, 100 / 312] FPS: 74.5 (560.1)  ,  DataTime: 0.377 (0.010)  ,  ForwardTime: 0.043  ,  TotalTime: 0.429  ,  Loss/total: nan  ,  Loss/giou: 0.27353  ,  Loss/l1: 0.02428  ,  Loss/location: nan  ,  pro_loss: 0.24698  ,  IoU: 0.74721
[val: Epoch 35, 150 / 312] FPS: 76.5 (531.0)  ,  DataTime: 0.366 (0.009)  ,  ForwardTime: 0.043  ,  TotalTime: 0.418  ,  Loss/total: nan  ,  Loss/giou: 0.27393  ,  Loss/l1: 0.02450  ,  Loss/location: nan  ,  pro_loss: 0.24660  ,  IoU: 0.74676
[val: Epoch 35, 200 / 312] FPS: 79.6 (603.8)  ,  DataTime: 0.350 (0.009)  ,  ForwardTime: 0.042  ,  TotalTime: 0.402  ,  Loss/total: nan  ,  Loss/giou: 0.27321  ,  Loss/l1: 0.02405  ,  Loss/location: nan  ,  pro_loss: 0.24667  ,  IoU: 0.74694
[val: Epoch 35, 250 / 312] FPS: 79.3 (16.4)  ,  DataTime: 0.352 (0.010)  ,  ForwardTime: 0.042  ,  TotalTime: 0.403  ,  Loss/total: nan  ,  Loss/giou: 0.27291  ,  Loss/l1: 0.02408  ,  Loss/location: nan  ,  pro_loss: 0.24883  ,  IoU: 0.74715
[val: Epoch 35, 300 / 312] FPS: 81.0 (272.2)  ,  DataTime: 0.344 (0.010)  ,  ForwardTime: 0.042  ,  TotalTime: 0.395  ,  Loss/total: nan  ,  Loss/giou: 0.27247  ,  Loss/l1: 0.02404  ,  Loss/location: nan  ,  pro_loss: 0.24719  ,  IoU: 0.74763
[val: Epoch 35, 312 / 312] FPS: 82.2 (616.3)  ,  DataTime: 0.338 (0.009)  ,  ForwardTime: 0.042  ,  TotalTime: 0.389  ,  Loss/total: nan  ,  Loss/giou: 0.27264  ,  Loss/l1: 0.02414  ,  Loss/location: nan  ,  pro_loss: 0.24686  ,  IoU: 0.74766
[train: Epoch 36, 50 / 1875] FPS: 66.7 (355.4)  ,  DataTime: 0.395 (0.008)  ,  ForwardTime: 0.077  ,  TotalTime: 0.480  ,  Loss/total: 3.51598  ,  Loss/ce: 3.46615  ,  IoU: 0.76467  ,  pro_loss: 0.24917
[train: Epoch 36, 100 / 1875] FPS: 74.3 (348.9)  ,  DataTime: 0.346 (0.008)  ,  ForwardTime: 0.077  ,  TotalTime: 0.431  ,  Loss/total: 3.52802  ,  Loss/ce: 3.47936  ,  IoU: 0.76409  ,  pro_loss: 0.24333
[train: Epoch 36, 150 / 1875] FPS: 78.9 (359.0)  ,  DataTime: 0.321 (0.008)  ,  ForwardTime: 0.077  ,  TotalTime: 0.405  ,  Loss/total: 3.53778  ,  Loss/ce: 3.48931  ,  IoU: 0.76231  ,  pro_loss: 0.24236
[train: Epoch 36, 200 / 1875] FPS: 79.6 (363.8)  ,  DataTime: 0.317 (0.008)  ,  ForwardTime: 0.077  ,  TotalTime: 0.402  ,  Loss/total: 3.53293  ,  Loss/ce: 3.48459  ,  IoU: 0.76245  ,  pro_loss: 0.24172
[train: Epoch 36, 250 / 1875] FPS: 80.1 (349.7)  ,  DataTime: 0.315 (0.008)  ,  ForwardTime: 0.077  ,  TotalTime: 0.400  ,  Loss/total: 3.53438  ,  Loss/ce: 3.48583  ,  IoU: 0.76120  ,  pro_loss: 0.24275
[train: Epoch 36, 300 / 1875] FPS: 80.4 (356.3)  ,  DataTime: 0.313 (0.008)  ,  ForwardTime: 0.077  ,  TotalTime: 0.398  ,  Loss/total: 3.52808  ,  Loss/ce: 3.47956  ,  IoU: 0.76189  ,  pro_loss: 0.24260
[train: Epoch 36, 350 / 1875] FPS: 80.5 (346.7)  ,  DataTime: 0.313 (0.008)  ,  ForwardTime: 0.077  ,  TotalTime: 0.398  ,  Loss/total: 3.53224  ,  Loss/ce: 3.48373  ,  IoU: 0.76226  ,  pro_loss: 0.24256
[train: Epoch 36, 400 / 1875] FPS: 81.7 (357.0)  ,  DataTime: 0.307 (0.008)  ,  ForwardTime: 0.077  ,  TotalTime: 0.392  ,  Loss/total: 3.53121  ,  Loss/ce: 3.48270  ,  IoU: 0.76195  ,  pro_loss: 0.24255
[train: Epoch 36, 450 / 1875] FPS: 81.8 (39.2)  ,  DataTime: 0.306 (0.008)  ,  ForwardTime: 0.077  ,  TotalTime: 0.391  ,  Loss/total: 3.53187  ,  Loss/ce: 3.48346  ,  IoU: 0.76174  ,  pro_loss: 0.24206
[train: Epoch 36, 500 / 1875] FPS: 82.2 (363.1)  ,  DataTime: 0.304 (0.008)  ,  ForwardTime: 0.077  ,  TotalTime: 0.389  ,  Loss/total: 3.53373  ,  Loss/ce: 3.48520  ,  IoU: 0.76205  ,  pro_loss: 0.24267
[train: Epoch 36, 550 / 1875] FPS: 82.0 (360.7)  ,  DataTime: 0.306 (0.008)  ,  ForwardTime: 0.077  ,  TotalTime: 0.390  ,  Loss/total: 3.53651  ,  Loss/ce: 3.48783  ,  IoU: 0.76103  ,  pro_loss: 0.24339
[train: Epoch 36, 600 / 1875] FPS: 82.8 (355.8)  ,  DataTime: 0.302 (0.008)  ,  ForwardTime: 0.077  ,  TotalTime: 0.386  ,  Loss/total: 3.53660  ,  Loss/ce: 3.48796  ,  IoU: 0.76096  ,  pro_loss: 0.24320
[train: Epoch 36, 650 / 1875] FPS: 83.2 (241.5)  ,  DataTime: 0.300 (0.008)  ,  ForwardTime: 0.077  ,  TotalTime: 0.385  ,  Loss/total: 3.53674  ,  Loss/ce: 3.48807  ,  IoU: 0.76116  ,  pro_loss: 0.24335
[train: Epoch 36, 700 / 1875] FPS: 83.0 (349.1)  ,  DataTime: 0.301 (0.008)  ,  ForwardTime: 0.077  ,  TotalTime: 0.386  ,  Loss/total: 3.53653  ,  Loss/ce: 3.48793  ,  IoU: 0.76103  ,  pro_loss: 0.24298
[train: Epoch 36, 750 / 1875] FPS: 82.6 (12.8)  ,  DataTime: 0.302 (0.008)  ,  ForwardTime: 0.077  ,  TotalTime: 0.387  ,  Loss/total: 3.53674  ,  Loss/ce: 3.48821  ,  IoU: 0.76099  ,  pro_loss: 0.24263
[train: Epoch 36, 800 / 1875] FPS: 83.1 (345.2)  ,  DataTime: 0.300 (0.008)  ,  ForwardTime: 0.077  ,  TotalTime: 0.385  ,  Loss/total: 3.53668  ,  Loss/ce: 3.48815  ,  IoU: 0.76138  ,  pro_loss: 0.24264
[train: Epoch 36, 850 / 1875] FPS: 83.4 (346.7)  ,  DataTime: 0.299 (0.008)  ,  ForwardTime: 0.077  ,  TotalTime: 0.384  ,  Loss/total: 3.53517  ,  Loss/ce: 3.48657  ,  IoU: 0.76178  ,  pro_loss: 0.24299
[train: Epoch 36, 900 / 1875] FPS: 84.0 (359.0)  ,  DataTime: 0.296 (0.008)  ,  ForwardTime: 0.077  ,  TotalTime: 0.381  ,  Loss/total: 3.53350  ,  Loss/ce: 3.48493  ,  IoU: 0.76222  ,  pro_loss: 0.24286
[train: Epoch 36, 950 / 1875] FPS: 84.0 (361.6)  ,  DataTime: 0.296 (0.008)  ,  ForwardTime: 0.077  ,  TotalTime: 0.381  ,  Loss/total: 3.53279  ,  Loss/ce: 3.48429  ,  IoU: 0.76218  ,  pro_loss: 0.24251
[train: Epoch 36, 1000 / 1875] FPS: 84.1 (367.3)  ,  DataTime: 0.296 (0.008)  ,  ForwardTime: 0.077  ,  TotalTime: 0.380  ,  Loss/total: 3.53265  ,  Loss/ce: 3.48417  ,  IoU: 0.76244  ,  pro_loss: 0.24244
[train: Epoch 36, 1050 / 1875] FPS: 84.5 (351.8)  ,  DataTime: 0.294 (0.008)  ,  ForwardTime: 0.077  ,  TotalTime: 0.379  ,  Loss/total: 3.53232  ,  Loss/ce: 3.48383  ,  IoU: 0.76242  ,  pro_loss: 0.24246
[train: Epoch 36, 1100 / 1875] FPS: 84.9 (61.0)  ,  DataTime: 0.292 (0.008)  ,  ForwardTime: 0.077  ,  TotalTime: 0.377  ,  Loss/total: 3.53276  ,  Loss/ce: 3.48425  ,  IoU: 0.76251  ,  pro_loss: 0.24258
[train: Epoch 36, 1150 / 1875] FPS: 84.5 (350.0)  ,  DataTime: 0.294 (0.008)  ,  ForwardTime: 0.077  ,  TotalTime: 0.379  ,  Loss/total: 3.53223  ,  Loss/ce: 3.48367  ,  IoU: 0.76256  ,  pro_loss: 0.24284
[train: Epoch 36, 1200 / 1875] FPS: 84.9 (360.7)  ,  DataTime: 0.292 (0.008)  ,  ForwardTime: 0.077  ,  TotalTime: 0.377  ,  Loss/total: 3.53123  ,  Loss/ce: 3.48264  ,  IoU: 0.76272  ,  pro_loss: 0.24293
[train: Epoch 36, 1250 / 1875] FPS: 84.2 (13.3)  ,  DataTime: 0.295 (0.008)  ,  ForwardTime: 0.077  ,  TotalTime: 0.380  ,  Loss/total: 3.53104  ,  Loss/ce: 3.48242  ,  IoU: 0.76274  ,  pro_loss: 0.24306
[train: Epoch 36, 1300 / 1875] FPS: 84.1 (346.0)  ,  DataTime: 0.296 (0.008)  ,  ForwardTime: 0.077  ,  TotalTime: 0.380  ,  Loss/total: 3.53155  ,  Loss/ce: 3.48290  ,  IoU: 0.76281  ,  pro_loss: 0.24322
[train: Epoch 36, 1350 / 1875] FPS: 84.2 (347.1)  ,  DataTime: 0.295 (0.008)  ,  ForwardTime: 0.077  ,  TotalTime: 0.380  ,  Loss/total: 3.53158  ,  Loss/ce: 3.48289  ,  IoU: 0.76277  ,  pro_loss: 0.24343
[train: Epoch 36, 1400 / 1875] FPS: 84.2 (349.2)  ,  DataTime: 0.295 (0.008)  ,  ForwardTime: 0.077  ,  TotalTime: 0.380  ,  Loss/total: 3.53079  ,  Loss/ce: 3.48211  ,  IoU: 0.76314  ,  pro_loss: 0.24339
[train: Epoch 36, 1450 / 1875] FPS: 84.0 (12.1)  ,  DataTime: 0.296 (0.008)  ,  ForwardTime: 0.077  ,  TotalTime: 0.381  ,  Loss/total: 3.53145  ,  Loss/ce: 3.48277  ,  IoU: 0.76298  ,  pro_loss: 0.24341
[train: Epoch 36, 1500 / 1875] FPS: 84.1 (344.7)  ,  DataTime: 0.296 (0.008)  ,  ForwardTime: 0.077  ,  TotalTime: 0.381  ,  Loss/total: 3.53126  ,  Loss/ce: 3.48262  ,  IoU: 0.76280  ,  pro_loss: 0.24324
[train: Epoch 36, 1550 / 1875] FPS: 84.3 (357.4)  ,  DataTime: 0.295 (0.008)  ,  ForwardTime: 0.077  ,  TotalTime: 0.380  ,  Loss/total: 3.53081  ,  Loss/ce: 3.48211  ,  IoU: 0.76289  ,  pro_loss: 0.24349
[train: Epoch 36, 1600 / 1875] FPS: 84.2 (349.0)  ,  DataTime: 0.295 (0.008)  ,  ForwardTime: 0.077  ,  TotalTime: 0.380  ,  Loss/total: 3.53048  ,  Loss/ce: 3.48178  ,  IoU: 0.76300  ,  pro_loss: 0.24347
[train: Epoch 36, 1650 / 1875] FPS: 84.2 (344.4)  ,  DataTime: 0.295 (0.008)  ,  ForwardTime: 0.077  ,  TotalTime: 0.380  ,  Loss/total: 3.53063  ,  Loss/ce: 3.48191  ,  IoU: 0.76297  ,  pro_loss: 0.24357
[train: Epoch 36, 1700 / 1875] FPS: 84.3 (354.6)  ,  DataTime: 0.295 (0.008)  ,  ForwardTime: 0.077  ,  TotalTime: 0.380  ,  Loss/total: 3.53068  ,  Loss/ce: 3.48193  ,  IoU: 0.76306  ,  pro_loss: 0.24378
[train: Epoch 36, 1750 / 1875] FPS: 84.3 (352.2)  ,  DataTime: 0.295 (0.008)  ,  ForwardTime: 0.077  ,  TotalTime: 0.379  ,  Loss/total: 3.53131  ,  Loss/ce: 3.48260  ,  IoU: 0.76284  ,  pro_loss: 0.24356
[train: Epoch 36, 1800 / 1875] FPS: 84.4 (362.4)  ,  DataTime: 0.294 (0.008)  ,  ForwardTime: 0.077  ,  TotalTime: 0.379  ,  Loss/total: 3.53158  ,  Loss/ce: 3.48291  ,  IoU: 0.76265  ,  pro_loss: 0.24335
[train: Epoch 36, 1850 / 1875] FPS: 84.6 (41.2)  ,  DataTime: 0.293 (0.008)  ,  ForwardTime: 0.077  ,  TotalTime: 0.378  ,  Loss/total: 3.53213  ,  Loss/ce: 3.48349  ,  IoU: 0.76252  ,  pro_loss: 0.24324
[train: Epoch 36, 1875 / 1875] FPS: 84.8 (368.2)  ,  DataTime: 0.293 (0.008)  ,  ForwardTime: 0.077  ,  TotalTime: 0.377  ,  Loss/total: 3.53181  ,  Loss/ce: 3.48315  ,  IoU: 0.76255  ,  pro_loss: 0.24330
[train: Epoch 37, 50 / 1875] FPS: 79.8 (360.4)  ,  DataTime: 0.316 (0.008)  ,  ForwardTime: 0.077  ,  TotalTime: 0.401  ,  Loss/total: 3.53045  ,  Loss/ce: 3.48170  ,  IoU: 0.76621  ,  pro_loss: 0.24375
[train: Epoch 37, 100 / 1875] FPS: 84.7 (361.3)  ,  DataTime: 0.293 (0.008)  ,  ForwardTime: 0.076  ,  TotalTime: 0.378  ,  Loss/total: 3.53652  ,  Loss/ce: 3.48823  ,  IoU: 0.76323  ,  pro_loss: 0.24146
[train: Epoch 37, 150 / 1875] FPS: 86.5 (344.3)  ,  DataTime: 0.285 (0.008)  ,  ForwardTime: 0.076  ,  TotalTime: 0.370  ,  Loss/total: 3.54005  ,  Loss/ce: 3.49158  ,  IoU: 0.76272  ,  pro_loss: 0.24236
[train: Epoch 37, 200 / 1875] FPS: 88.2 (347.8)  ,  DataTime: 0.278 (0.008)  ,  ForwardTime: 0.076  ,  TotalTime: 0.363  ,  Loss/total: 3.54224  ,  Loss/ce: 3.49385  ,  IoU: 0.76223  ,  pro_loss: 0.24193
[train: Epoch 37, 250 / 1875] FPS: 88.8 (34.5)  ,  DataTime: 0.276 (0.008)  ,  ForwardTime: 0.076  ,  TotalTime: 0.360  ,  Loss/total: 3.54204  ,  Loss/ce: 3.49376  ,  IoU: 0.76304  ,  pro_loss: 0.24142
[train: Epoch 37, 300 / 1875] FPS: 88.5 (28.6)  ,  DataTime: 0.277 (0.008)  ,  ForwardTime: 0.076  ,  TotalTime: 0.361  ,  Loss/total: 3.54207  ,  Loss/ce: 3.49377  ,  IoU: 0.76269  ,  pro_loss: 0.24149
[train: Epoch 37, 350 / 1875] FPS: 89.8 (360.1)  ,  DataTime: 0.272 (0.008)  ,  ForwardTime: 0.076  ,  TotalTime: 0.357  ,  Loss/total: 3.53828  ,  Loss/ce: 3.48980  ,  IoU: 0.76257  ,  pro_loss: 0.24241
[train: Epoch 37, 400 / 1875] FPS: 89.1 (356.0)  ,  DataTime: 0.274 (0.008)  ,  ForwardTime: 0.076  ,  TotalTime: 0.359  ,  Loss/total: 3.53431  ,  Loss/ce: 3.48574  ,  IoU: 0.76269  ,  pro_loss: 0.24284
[train: Epoch 37, 450 / 1875] FPS: 90.8 (356.6)  ,  DataTime: 0.268 (0.008)  ,  ForwardTime: 0.077  ,  TotalTime: 0.353  ,  Loss/total: 3.53743  ,  Loss/ce: 3.48886  ,  IoU: 0.76242  ,  pro_loss: 0.24282
[train: Epoch 37, 500 / 1875] FPS: 90.0 (358.5)  ,  DataTime: 0.271 (0.008)  ,  ForwardTime: 0.077  ,  TotalTime: 0.356  ,  Loss/total: 3.53600  ,  Loss/ce: 3.48740  ,  IoU: 0.76264  ,  pro_loss: 0.24298
[train: Epoch 37, 550 / 1875] FPS: 90.6 (357.0)  ,  DataTime: 0.268 (0.008)  ,  ForwardTime: 0.077  ,  TotalTime: 0.353  ,  Loss/total: 3.53548  ,  Loss/ce: 3.48681  ,  IoU: 0.76281  ,  pro_loss: 0.24331
[train: Epoch 37, 600 / 1875] FPS: 91.3 (348.5)  ,  DataTime: 0.266 (0.008)  ,  ForwardTime: 0.077  ,  TotalTime: 0.350  ,  Loss/total: 3.53398  ,  Loss/ce: 3.48539  ,  IoU: 0.76303  ,  pro_loss: 0.24297
[train: Epoch 37, 650 / 1875] FPS: 90.4 (34.1)  ,  DataTime: 0.269 (0.008)  ,  ForwardTime: 0.077  ,  TotalTime: 0.354  ,  Loss/total: 3.53240  ,  Loss/ce: 3.48377  ,  IoU: 0.76341  ,  pro_loss: 0.24311
[train: Epoch 37, 700 / 1875] FPS: 90.8 (353.7)  ,  DataTime: 0.268 (0.008)  ,  ForwardTime: 0.077  ,  TotalTime: 0.352  ,  Loss/total: 3.53061  ,  Loss/ce: 3.48198  ,  IoU: 0.76363  ,  pro_loss: 0.24313
[train: Epoch 37, 750 / 1875] FPS: 91.5 (357.0)  ,  DataTime: 0.265 (0.008)  ,  ForwardTime: 0.077  ,  TotalTime: 0.350  ,  Loss/total: 3.53029  ,  Loss/ce: 3.48158  ,  IoU: 0.76393  ,  pro_loss: 0.24356
[train: Epoch 37, 800 / 1875] FPS: 91.9 (355.1)  ,  DataTime: 0.263 (0.008)  ,  ForwardTime: 0.077  ,  TotalTime: 0.348  ,  Loss/total: 3.53010  ,  Loss/ce: 3.48126  ,  IoU: 0.76386  ,  pro_loss: 0.24418
[train: Epoch 37, 850 / 1875] FPS: 91.5 (22.7)  ,  DataTime: 0.265 (0.008)  ,  ForwardTime: 0.077  ,  TotalTime: 0.350  ,  Loss/total: 3.53176  ,  Loss/ce: 3.48283  ,  IoU: 0.76296  ,  pro_loss: 0.24463
[train: Epoch 37, 900 / 1875] FPS: 92.0 (348.3)  ,  DataTime: 0.263 (0.008)  ,  ForwardTime: 0.077  ,  TotalTime: 0.348  ,  Loss/total: 3.53037  ,  Loss/ce: 3.48143  ,  IoU: 0.76306  ,  pro_loss: 0.24470
[train: Epoch 37, 950 / 1875] FPS: 92.4 (26.7)  ,  DataTime: 0.261 (0.008)  ,  ForwardTime: 0.077  ,  TotalTime: 0.346  ,  Loss/total: 3.52968  ,  Loss/ce: 3.48072  ,  IoU: 0.76311  ,  pro_loss: 0.24482
[train: Epoch 37, 1000 / 1875] FPS: 92.4 (359.9)  ,  DataTime: 0.261 (0.008)  ,  ForwardTime: 0.077  ,  TotalTime: 0.346  ,  Loss/total: 3.53043  ,  Loss/ce: 3.48145  ,  IoU: 0.76296  ,  pro_loss: 0.24491
[train: Epoch 37, 1050 / 1875] FPS: 92.7 (366.7)  ,  DataTime: 0.261 (0.008)  ,  ForwardTime: 0.077  ,  TotalTime: 0.345  ,  Loss/total: 3.52995  ,  Loss/ce: 3.48095  ,  IoU: 0.76320  ,  pro_loss: 0.24498
[train: Epoch 37, 1100 / 1875] FPS: 92.9 (347.3)  ,  DataTime: 0.260 (0.008)  ,  ForwardTime: 0.077  ,  TotalTime: 0.345  ,  Loss/total: 3.52964  ,  Loss/ce: 3.48069  ,  IoU: 0.76348  ,  pro_loss: 0.24474
[train: Epoch 37, 1150 / 1875] FPS: 93.0 (357.7)  ,  DataTime: 0.259 (0.008)  ,  ForwardTime: 0.077  ,  TotalTime: 0.344  ,  Loss/total: 3.52903  ,  Loss/ce: 3.48001  ,  IoU: 0.76362  ,  pro_loss: 0.24510
[train: Epoch 37, 1200 / 1875] FPS: 93.3 (361.7)  ,  DataTime: 0.258 (0.008)  ,  ForwardTime: 0.077  ,  TotalTime: 0.343  ,  Loss/total: 3.53019  ,  Loss/ce: 3.48113  ,  IoU: 0.76327  ,  pro_loss: 0.24532
[train: Epoch 37, 1250 / 1875] FPS: 93.5 (361.4)  ,  DataTime: 0.258 (0.008)  ,  ForwardTime: 0.077  ,  TotalTime: 0.342  ,  Loss/total: 3.52932  ,  Loss/ce: 3.48019  ,  IoU: 0.76345  ,  pro_loss: 0.24568
[train: Epoch 37, 1300 / 1875] FPS: 93.6 (21.6)  ,  DataTime: 0.257 (0.008)  ,  ForwardTime: 0.077  ,  TotalTime: 0.342  ,  Loss/total: 3.52842  ,  Loss/ce: 3.47923  ,  IoU: 0.76370  ,  pro_loss: 0.24592
[train: Epoch 37, 1350 / 1875] FPS: 94.1 (359.7)  ,  DataTime: 0.255 (0.008)  ,  ForwardTime: 0.077  ,  TotalTime: 0.340  ,  Loss/total: 3.52894  ,  Loss/ce: 3.47973  ,  IoU: 0.76359  ,  pro_loss: 0.24607
[train: Epoch 37, 1400 / 1875] FPS: 94.4 (73.8)  ,  DataTime: 0.254 (0.008)  ,  ForwardTime: 0.077  ,  TotalTime: 0.339  ,  Loss/total: 3.52841  ,  Loss/ce: 3.47919  ,  IoU: 0.76359  ,  pro_loss: 0.24612
[train: Epoch 37, 1450 / 1875] FPS: 94.7 (125.7)  ,  DataTime: 0.253 (0.008)  ,  ForwardTime: 0.077  ,  TotalTime: 0.338  ,  Loss/total: 3.52844  ,  Loss/ce: 3.47922  ,  IoU: 0.76355  ,  pro_loss: 0.24610
[train: Epoch 37, 1500 / 1875] FPS: 94.6 (354.1)  ,  DataTime: 0.253 (0.008)  ,  ForwardTime: 0.077  ,  TotalTime: 0.338  ,  Loss/total: 3.52847  ,  Loss/ce: 3.47927  ,  IoU: 0.76358  ,  pro_loss: 0.24601
[train: Epoch 37, 1550 / 1875] FPS: 94.6 (345.9)  ,  DataTime: 0.253 (0.008)  ,  ForwardTime: 0.077  ,  TotalTime: 0.338  ,  Loss/total: 3.52852  ,  Loss/ce: 3.47933  ,  IoU: 0.76354  ,  pro_loss: 0.24597
[train: Epoch 37, 1600 / 1875] FPS: 94.4 (358.1)  ,  DataTime: 0.254 (0.008)  ,  ForwardTime: 0.077  ,  TotalTime: 0.339  ,  Loss/total: 3.52843  ,  Loss/ce: 3.47925  ,  IoU: 0.76346  ,  pro_loss: 0.24594
[train: Epoch 37, 1650 / 1875] FPS: 94.3 (344.8)  ,  DataTime: 0.255 (0.008)  ,  ForwardTime: 0.077  ,  TotalTime: 0.339  ,  Loss/total: 3.52841  ,  Loss/ce: 3.47923  ,  IoU: 0.76342  ,  pro_loss: 0.24595
[train: Epoch 37, 1700 / 1875] FPS: 94.2 (352.1)  ,  DataTime: 0.255 (0.008)  ,  ForwardTime: 0.077  ,  TotalTime: 0.340  ,  Loss/total: 3.52848  ,  Loss/ce: 3.47929  ,  IoU: 0.76354  ,  pro_loss: 0.24594
[train: Epoch 37, 1750 / 1875] FPS: 94.2 (358.7)  ,  DataTime: 0.255 (0.008)  ,  ForwardTime: 0.077  ,  TotalTime: 0.340  ,  Loss/total: 3.52867  ,  Loss/ce: 3.47949  ,  IoU: 0.76346  ,  pro_loss: 0.24592
[train: Epoch 37, 1800 / 1875] FPS: 94.2 (359.6)  ,  DataTime: 0.255 (0.008)  ,  ForwardTime: 0.077  ,  TotalTime: 0.340  ,  Loss/total: 3.52829  ,  Loss/ce: 3.47910  ,  IoU: 0.76354  ,  pro_loss: 0.24593
[train: Epoch 37, 1850 / 1875] FPS: 94.2 (360.5)  ,  DataTime: 0.255 (0.008)  ,  ForwardTime: 0.077  ,  TotalTime: 0.340  ,  Loss/total: 3.52797  ,  Loss/ce: 3.47876  ,  IoU: 0.76364  ,  pro_loss: 0.24605
[train: Epoch 37, 1875 / 1875] FPS: 94.4 (68.2)  ,  DataTime: 0.254 (0.008)  ,  ForwardTime: 0.077  ,  TotalTime: 0.339  ,  Loss/total: 3.52831  ,  Loss/ce: 3.47910  ,  IoU: 0.76359  ,  pro_loss: 0.24603
[train: Epoch 38, 50 / 1875] FPS: 76.3 (356.7)  ,  DataTime: 0.335 (0.008)  ,  ForwardTime: 0.076  ,  TotalTime: 0.420  ,  Loss/total: 3.54181  ,  Loss/ce: 3.49276  ,  IoU: 0.75908  ,  pro_loss: 0.24521
[train: Epoch 38, 100 / 1875] FPS: 87.9 (354.0)  ,  DataTime: 0.279 (0.008)  ,  ForwardTime: 0.077  ,  TotalTime: 0.364  ,  Loss/total: 3.53071  ,  Loss/ce: 3.48225  ,  IoU: 0.76121  ,  pro_loss: 0.24229
[train: Epoch 38, 150 / 1875] FPS: 89.9 (353.7)  ,  DataTime: 0.271 (0.008)  ,  ForwardTime: 0.077  ,  TotalTime: 0.356  ,  Loss/total: 3.53340  ,  Loss/ce: 3.48443  ,  IoU: 0.76135  ,  pro_loss: 0.24486
[train: Epoch 38, 200 / 1875] FPS: 93.5 (101.9)  ,  DataTime: 0.257 (0.008)  ,  ForwardTime: 0.077  ,  TotalTime: 0.342  ,  Loss/total: 3.52992  ,  Loss/ce: 3.48082  ,  IoU: 0.76192  ,  pro_loss: 0.24547
[train: Epoch 38, 250 / 1875] FPS: 92.2 (339.2)  ,  DataTime: 0.262 (0.008)  ,  ForwardTime: 0.077  ,  TotalTime: 0.347  ,  Loss/total: 3.52520  ,  Loss/ce: 3.47631  ,  IoU: 0.76292  ,  pro_loss: 0.24446
[train: Epoch 38, 300 / 1875] FPS: 92.6 (352.0)  ,  DataTime: 0.261 (0.008)  ,  ForwardTime: 0.077  ,  TotalTime: 0.345  ,  Loss/total: 3.52802  ,  Loss/ce: 3.47925  ,  IoU: 0.76279  ,  pro_loss: 0.24389
[train: Epoch 38, 350 / 1875] FPS: 93.3 (359.0)  ,  DataTime: 0.258 (0.008)  ,  ForwardTime: 0.077  ,  TotalTime: 0.343  ,  Loss/total: 3.52777  ,  Loss/ce: 3.47888  ,  IoU: 0.76252  ,  pro_loss: 0.24444
[train: Epoch 38, 400 / 1875] FPS: 92.5 (354.2)  ,  DataTime: 0.261 (0.008)  ,  ForwardTime: 0.077  ,  TotalTime: 0.346  ,  Loss/total: 3.53158  ,  Loss/ce: 3.48270  ,  IoU: 0.76214  ,  pro_loss: 0.24438
[train: Epoch 38, 450 / 1875] FPS: 91.7 (356.5)  ,  DataTime: 0.264 (0.008)  ,  ForwardTime: 0.077  ,  TotalTime: 0.349  ,  Loss/total: 3.53000  ,  Loss/ce: 3.48093  ,  IoU: 0.76226  ,  pro_loss: 0.24537
[train: Epoch 38, 500 / 1875] FPS: 92.6 (362.1)  ,  DataTime: 0.261 (0.008)  ,  ForwardTime: 0.077  ,  TotalTime: 0.346  ,  Loss/total: 3.52925  ,  Loss/ce: 3.48018  ,  IoU: 0.76246  ,  pro_loss: 0.24533
[train: Epoch 38, 550 / 1875] FPS: 92.4 (349.3)  ,  DataTime: 0.261 (0.008)  ,  ForwardTime: 0.077  ,  TotalTime: 0.346  ,  Loss/total: 3.52957  ,  Loss/ce: 3.48051  ,  IoU: 0.76231  ,  pro_loss: 0.24528
[train: Epoch 38, 600 / 1875] FPS: 92.2 (356.0)  ,  DataTime: 0.262 (0.008)  ,  ForwardTime: 0.077  ,  TotalTime: 0.347  ,  Loss/total: 3.52970  ,  Loss/ce: 3.48070  ,  IoU: 0.76252  ,  pro_loss: 0.24500
[train: Epoch 38, 650 / 1875] FPS: 91.5 (353.0)  ,  DataTime: 0.265 (0.008)  ,  ForwardTime: 0.077  ,  TotalTime: 0.350  ,  Loss/total: 3.52870  ,  Loss/ce: 3.47965  ,  IoU: 0.76281  ,  pro_loss: 0.24527
[train: Epoch 38, 700 / 1875] FPS: 92.2 (354.6)  ,  DataTime: 0.262 (0.008)  ,  ForwardTime: 0.077  ,  TotalTime: 0.347  ,  Loss/total: 3.52953  ,  Loss/ce: 3.48043  ,  IoU: 0.76311  ,  pro_loss: 0.24552
[train: Epoch 38, 750 / 1875] FPS: 92.3 (340.8)  ,  DataTime: 0.262 (0.008)  ,  ForwardTime: 0.077  ,  TotalTime: 0.347  ,  Loss/total: 3.53028  ,  Loss/ce: 3.48110  ,  IoU: 0.76300  ,  pro_loss: 0.24588
[train: Epoch 38, 800 / 1875] FPS: 92.4 (361.9)  ,  DataTime: 0.261 (0.008)  ,  ForwardTime: 0.077  ,  TotalTime: 0.346  ,  Loss/total: 3.53027  ,  Loss/ce: 3.48118  ,  IoU: 0.76286  ,  pro_loss: 0.24546
[train: Epoch 38, 850 / 1875] FPS: 92.7 (357.4)  ,  DataTime: 0.260 (0.008)  ,  ForwardTime: 0.077  ,  TotalTime: 0.345  ,  Loss/total: 3.53017  ,  Loss/ce: 3.48115  ,  IoU: 0.76273  ,  pro_loss: 0.24514
[train: Epoch 38, 900 / 1875] FPS: 92.7 (357.4)  ,  DataTime: 0.260 (0.008)  ,  ForwardTime: 0.077  ,  TotalTime: 0.345  ,  Loss/total: 3.52992  ,  Loss/ce: 3.48094  ,  IoU: 0.76320  ,  pro_loss: 0.24492
[train: Epoch 38, 950 / 1875] FPS: 93.3 (361.7)  ,  DataTime: 0.258 (0.008)  ,  ForwardTime: 0.077  ,  TotalTime: 0.343  ,  Loss/total: 3.52949  ,  Loss/ce: 3.48053  ,  IoU: 0.76314  ,  pro_loss: 0.24482
[train: Epoch 38, 1000 / 1875] FPS: 93.3 (55.7)  ,  DataTime: 0.258 (0.008)  ,  ForwardTime: 0.077  ,  TotalTime: 0.343  ,  Loss/total: 3.52823  ,  Loss/ce: 3.47929  ,  IoU: 0.76323  ,  pro_loss: 0.24472
[train: Epoch 38, 1050 / 1875] FPS: 93.3 (356.6)  ,  DataTime: 0.258 (0.008)  ,  ForwardTime: 0.077  ,  TotalTime: 0.343  ,  Loss/total: 3.52932  ,  Loss/ce: 3.48028  ,  IoU: 0.76305  ,  pro_loss: 0.24518
[train: Epoch 38, 1100 / 1875] FPS: 93.4 (347.3)  ,  DataTime: 0.258 (0.008)  ,  ForwardTime: 0.077  ,  TotalTime: 0.343  ,  Loss/total: 3.52981  ,  Loss/ce: 3.48077  ,  IoU: 0.76270  ,  pro_loss: 0.24519
[train: Epoch 38, 1150 / 1875] FPS: 93.0 (57.9)  ,  DataTime: 0.259 (0.008)  ,  ForwardTime: 0.077  ,  TotalTime: 0.344  ,  Loss/total: 3.52929  ,  Loss/ce: 3.48026  ,  IoU: 0.76292  ,  pro_loss: 0.24515
[train: Epoch 38, 1200 / 1875] FPS: 92.5 (359.2)  ,  DataTime: 0.261 (0.008)  ,  ForwardTime: 0.077  ,  TotalTime: 0.346  ,  Loss/total: 3.52914  ,  Loss/ce: 3.48007  ,  IoU: 0.76296  ,  pro_loss: 0.24535
[train: Epoch 38, 1250 / 1875] FPS: 92.3 (357.3)  ,  DataTime: 0.262 (0.008)  ,  ForwardTime: 0.077  ,  TotalTime: 0.347  ,  Loss/total: 3.52869  ,  Loss/ce: 3.47962  ,  IoU: 0.76319  ,  pro_loss: 0.24533
[train: Epoch 38, 1300 / 1875] FPS: 91.7 (356.5)  ,  DataTime: 0.264 (0.008)  ,  ForwardTime: 0.077  ,  TotalTime: 0.349  ,  Loss/total: 3.52805  ,  Loss/ce: 3.47900  ,  IoU: 0.76346  ,  pro_loss: 0.24529
[train: Epoch 38, 1350 / 1875] FPS: 91.8 (348.3)  ,  DataTime: 0.264 (0.008)  ,  ForwardTime: 0.077  ,  TotalTime: 0.349  ,  Loss/total: 3.52745  ,  Loss/ce: 3.47840  ,  IoU: 0.76353  ,  pro_loss: 0.24529
[train: Epoch 38, 1400 / 1875] FPS: 91.4 (345.8)  ,  DataTime: 0.265 (0.008)  ,  ForwardTime: 0.077  ,  TotalTime: 0.350  ,  Loss/total: 3.52748  ,  Loss/ce: 3.47846  ,  IoU: 0.76339  ,  pro_loss: 0.24510
[train: Epoch 38, 1450 / 1875] FPS: 89.4 (359.9)  ,  DataTime: 0.273 (0.008)  ,  ForwardTime: 0.077  ,  TotalTime: 0.358  ,  Loss/total: 3.52815  ,  Loss/ce: 3.47913  ,  IoU: 0.76343  ,  pro_loss: 0.24512
[train: Epoch 38, 1500 / 1875] FPS: 89.4 (358.5)  ,  DataTime: 0.273 (0.008)  ,  ForwardTime: 0.077  ,  TotalTime: 0.358  ,  Loss/total: 3.52775  ,  Loss/ce: 3.47871  ,  IoU: 0.76348  ,  pro_loss: 0.24519
[train: Epoch 38, 1550 / 1875] FPS: 89.2 (15.7)  ,  DataTime: 0.274 (0.008)  ,  ForwardTime: 0.077  ,  TotalTime: 0.359  ,  Loss/total: 3.52772  ,  Loss/ce: 3.47873  ,  IoU: 0.76342  ,  pro_loss: 0.24496
[train: Epoch 38, 1600 / 1875] FPS: 89.2 (339.7)  ,  DataTime: 0.274 (0.008)  ,  ForwardTime: 0.077  ,  TotalTime: 0.359  ,  Loss/total: 3.52763  ,  Loss/ce: 3.47866  ,  IoU: 0.76345  ,  pro_loss: 0.24488
[train: Epoch 38, 1650 / 1875] FPS: 89.3 (345.1)  ,  DataTime: 0.273 (0.008)  ,  ForwardTime: 0.077  ,  TotalTime: 0.358  ,  Loss/total: 3.52746  ,  Loss/ce: 3.47851  ,  IoU: 0.76329  ,  pro_loss: 0.24474
[train: Epoch 38, 1700 / 1875] FPS: 89.1 (360.1)  ,  DataTime: 0.274 (0.008)  ,  ForwardTime: 0.077  ,  TotalTime: 0.359  ,  Loss/total: 3.52705  ,  Loss/ce: 3.47813  ,  IoU: 0.76345  ,  pro_loss: 0.24458
[train: Epoch 38, 1750 / 1875] FPS: 89.0 (352.6)  ,  DataTime: 0.275 (0.008)  ,  ForwardTime: 0.077  ,  TotalTime: 0.360  ,  Loss/total: 3.52739  ,  Loss/ce: 3.47848  ,  IoU: 0.76341  ,  pro_loss: 0.24454
[train: Epoch 38, 1800 / 1875] FPS: 88.7 (20.3)  ,  DataTime: 0.276 (0.008)  ,  ForwardTime: 0.077  ,  TotalTime: 0.361  ,  Loss/total: 3.52718  ,  Loss/ce: 3.47827  ,  IoU: 0.76329  ,  pro_loss: 0.24457
[train: Epoch 38, 1850 / 1875] FPS: 88.7 (20.5)  ,  DataTime: 0.276 (0.008)  ,  ForwardTime: 0.077  ,  TotalTime: 0.361  ,  Loss/total: 3.52698  ,  Loss/ce: 3.47806  ,  IoU: 0.76326  ,  pro_loss: 0.24462
[train: Epoch 38, 1875 / 1875] FPS: 88.9 (371.3)  ,  DataTime: 0.275 (0.008)  ,  ForwardTime: 0.077  ,  TotalTime: 0.360  ,  Loss/total: 3.52683  ,  Loss/ce: 3.47789  ,  IoU: 0.76330  ,  pro_loss: 0.24468
[train: Epoch 39, 50 / 1875] FPS: 79.3 (39.0)  ,  DataTime: 0.319 (0.008)  ,  ForwardTime: 0.077  ,  TotalTime: 0.404  ,  Loss/total: 3.53226  ,  Loss/ce: 3.48330  ,  IoU: 0.75815  ,  pro_loss: 0.24479
[train: Epoch 39, 100 / 1875] FPS: 83.9 (358.8)  ,  DataTime: 0.297 (0.008)  ,  ForwardTime: 0.077  ,  TotalTime: 0.382  ,  Loss/total: 3.53079  ,  Loss/ce: 3.48258  ,  IoU: 0.76286  ,  pro_loss: 0.24104
[train: Epoch 39, 150 / 1875] FPS: 83.0 (24.1)  ,  DataTime: 0.301 (0.008)  ,  ForwardTime: 0.077  ,  TotalTime: 0.385  ,  Loss/total: 3.52416  ,  Loss/ce: 3.47581  ,  IoU: 0.76651  ,  pro_loss: 0.24174
[train: Epoch 39, 200 / 1875] FPS: 81.6 (10.0)  ,  DataTime: 0.307 (0.008)  ,  ForwardTime: 0.077  ,  TotalTime: 0.392  ,  Loss/total: 3.51454  ,  Loss/ce: 3.46577  ,  IoU: 0.76834  ,  pro_loss: 0.24385
[train: Epoch 39, 250 / 1875] FPS: 83.1 (356.6)  ,  DataTime: 0.301 (0.008)  ,  ForwardTime: 0.077  ,  TotalTime: 0.385  ,  Loss/total: 3.51085  ,  Loss/ce: 3.46190  ,  IoU: 0.76889  ,  pro_loss: 0.24475
[train: Epoch 39, 300 / 1875] FPS: 84.7 (362.0)  ,  DataTime: 0.293 (0.008)  ,  ForwardTime: 0.077  ,  TotalTime: 0.378  ,  Loss/total: 3.51411  ,  Loss/ce: 3.46507  ,  IoU: 0.76828  ,  pro_loss: 0.24517
[train: Epoch 39, 350 / 1875] FPS: 85.1 (357.2)  ,  DataTime: 0.291 (0.008)  ,  ForwardTime: 0.077  ,  TotalTime: 0.376  ,  Loss/total: 3.51721  ,  Loss/ce: 3.46801  ,  IoU: 0.76710  ,  pro_loss: 0.24598
[train: Epoch 39, 400 / 1875] FPS: 85.3 (349.2)  ,  DataTime: 0.290 (0.008)  ,  ForwardTime: 0.077  ,  TotalTime: 0.375  ,  Loss/total: 3.51884  ,  Loss/ce: 3.46954  ,  IoU: 0.76631  ,  pro_loss: 0.24654
[train: Epoch 39, 450 / 1875] FPS: 85.4 (353.7)  ,  DataTime: 0.290 (0.008)  ,  ForwardTime: 0.077  ,  TotalTime: 0.375  ,  Loss/total: 3.52010  ,  Loss/ce: 3.47081  ,  IoU: 0.76611  ,  pro_loss: 0.24646
[train: Epoch 39, 500 / 1875] FPS: 85.6 (85.5)  ,  DataTime: 0.289 (0.008)  ,  ForwardTime: 0.077  ,  TotalTime: 0.374  ,  Loss/total: 3.51809  ,  Loss/ce: 3.46876  ,  IoU: 0.76652  ,  pro_loss: 0.24665
[train: Epoch 39, 550 / 1875] FPS: 85.2 (341.7)  ,  DataTime: 0.291 (0.008)  ,  ForwardTime: 0.077  ,  TotalTime: 0.376  ,  Loss/total: 3.51718  ,  Loss/ce: 3.46790  ,  IoU: 0.76634  ,  pro_loss: 0.24638
[train: Epoch 39, 600 / 1875] FPS: 85.5 (14.6)  ,  DataTime: 0.289 (0.008)  ,  ForwardTime: 0.077  ,  TotalTime: 0.374  ,  Loss/total: 3.51738  ,  Loss/ce: 3.46818  ,  IoU: 0.76613  ,  pro_loss: 0.24601
[train: Epoch 39, 650 / 1875] FPS: 86.2 (351.7)  ,  DataTime: 0.286 (0.008)  ,  ForwardTime: 0.077  ,  TotalTime: 0.371  ,  Loss/total: 3.51854  ,  Loss/ce: 3.46922  ,  IoU: 0.76617  ,  pro_loss: 0.24662
[train: Epoch 39, 700 / 1875] FPS: 86.9 (328.9)  ,  DataTime: 0.284 (0.008)  ,  ForwardTime: 0.077  ,  TotalTime: 0.368  ,  Loss/total: 3.52006  ,  Loss/ce: 3.47083  ,  IoU: 0.76591  ,  pro_loss: 0.24615
[train: Epoch 39, 750 / 1875] FPS: 86.4 (20.6)  ,  DataTime: 0.286 (0.008)  ,  ForwardTime: 0.077  ,  TotalTime: 0.370  ,  Loss/total: 3.51856  ,  Loss/ce: 3.46937  ,  IoU: 0.76653  ,  pro_loss: 0.24594
[train: Epoch 39, 800 / 1875] FPS: 86.9 (358.8)  ,  DataTime: 0.284 (0.008)  ,  ForwardTime: 0.077  ,  TotalTime: 0.368  ,  Loss/total: 3.51847  ,  Loss/ce: 3.46929  ,  IoU: 0.76602  ,  pro_loss: 0.24594
[train: Epoch 39, 850 / 1875] FPS: 87.0 (18.6)  ,  DataTime: 0.283 (0.008)  ,  ForwardTime: 0.077  ,  TotalTime: 0.368  ,  Loss/total: 3.51767  ,  Loss/ce: 3.46852  ,  IoU: 0.76621  ,  pro_loss: 0.24576
[train: Epoch 39, 900 / 1875] FPS: 87.4 (346.8)  ,  DataTime: 0.281 (0.008)  ,  ForwardTime: 0.077  ,  TotalTime: 0.366  ,  Loss/total: 3.51688  ,  Loss/ce: 3.46781  ,  IoU: 0.76650  ,  pro_loss: 0.24536
[train: Epoch 39, 950 / 1875] FPS: 87.2 (358.9)  ,  DataTime: 0.282 (0.008)  ,  ForwardTime: 0.077  ,  TotalTime: 0.367  ,  Loss/total: 3.51675  ,  Loss/ce: 3.46769  ,  IoU: 0.76662  ,  pro_loss: 0.24533
[train: Epoch 39, 1000 / 1875] FPS: 87.8 (328.7)  ,  DataTime: 0.280 (0.008)  ,  ForwardTime: 0.077  ,  TotalTime: 0.364  ,  Loss/total: 3.51766  ,  Loss/ce: 3.46860  ,  IoU: 0.76605  ,  pro_loss: 0.24529
[train: Epoch 39, 1050 / 1875] FPS: 87.9 (357.8)  ,  DataTime: 0.279 (0.008)  ,  ForwardTime: 0.077  ,  TotalTime: 0.364  ,  Loss/total: 3.51679  ,  Loss/ce: 3.46775  ,  IoU: 0.76632  ,  pro_loss: 0.24522
[train: Epoch 39, 1100 / 1875] FPS: 88.0 (350.4)  ,  DataTime: 0.279 (0.008)  ,  ForwardTime: 0.077  ,  TotalTime: 0.364  ,  Loss/total: 3.51625  ,  Loss/ce: 3.46723  ,  IoU: 0.76657  ,  pro_loss: 0.24513
[train: Epoch 39, 1150 / 1875] FPS: 88.2 (349.8)  ,  DataTime: 0.278 (0.008)  ,  ForwardTime: 0.077  ,  TotalTime: 0.363  ,  Loss/total: 3.51645  ,  Loss/ce: 3.46738  ,  IoU: 0.76642  ,  pro_loss: 0.24538
[train: Epoch 39, 1200 / 1875] FPS: 88.1 (21.8)  ,  DataTime: 0.278 (0.008)  ,  ForwardTime: 0.077  ,  TotalTime: 0.363  ,  Loss/total: 3.51659  ,  Loss/ce: 3.46750  ,  IoU: 0.76623  ,  pro_loss: 0.24545
[train: Epoch 39, 1250 / 1875] FPS: 88.3 (358.2)  ,  DataTime: 0.278 (0.008)  ,  ForwardTime: 0.077  ,  TotalTime: 0.363  ,  Loss/total: 3.51667  ,  Loss/ce: 3.46764  ,  IoU: 0.76612  ,  pro_loss: 0.24513
[train: Epoch 39, 1300 / 1875] FPS: 88.4 (343.1)  ,  DataTime: 0.277 (0.008)  ,  ForwardTime: 0.077  ,  TotalTime: 0.362  ,  Loss/total: 3.51562  ,  Loss/ce: 3.46656  ,  IoU: 0.76630  ,  pro_loss: 0.24530
[train: Epoch 39, 1350 / 1875] FPS: 88.3 (354.8)  ,  DataTime: 0.278 (0.008)  ,  ForwardTime: 0.077  ,  TotalTime: 0.362  ,  Loss/total: 3.51553  ,  Loss/ce: 3.46644  ,  IoU: 0.76662  ,  pro_loss: 0.24543
[train: Epoch 39, 1400 / 1875] FPS: 88.5 (339.9)  ,  DataTime: 0.276 (0.008)  ,  ForwardTime: 0.077  ,  TotalTime: 0.361  ,  Loss/total: 3.51549  ,  Loss/ce: 3.46638  ,  IoU: 0.76650  ,  pro_loss: 0.24557
[train: Epoch 39, 1450 / 1875] FPS: 88.6 (60.9)  ,  DataTime: 0.276 (0.008)  ,  ForwardTime: 0.077  ,  TotalTime: 0.361  ,  Loss/total: 3.51520  ,  Loss/ce: 3.46608  ,  IoU: 0.76653  ,  pro_loss: 0.24557
[train: Epoch 39, 1500 / 1875] FPS: 88.3 (22.9)  ,  DataTime: 0.277 (0.008)  ,  ForwardTime: 0.077  ,  TotalTime: 0.362  ,  Loss/total: 3.51504  ,  Loss/ce: 3.46587  ,  IoU: 0.76659  ,  pro_loss: 0.24586
[train: Epoch 39, 1550 / 1875] FPS: 88.4 (335.1)  ,  DataTime: 0.277 (0.008)  ,  ForwardTime: 0.077  ,  TotalTime: 0.362  ,  Loss/total: 3.51482  ,  Loss/ce: 3.46564  ,  IoU: 0.76660  ,  pro_loss: 0.24589
[train: Epoch 39, 1600 / 1875] FPS: 88.5 (24.9)  ,  DataTime: 0.277 (0.008)  ,  ForwardTime: 0.077  ,  TotalTime: 0.362  ,  Loss/total: 3.51441  ,  Loss/ce: 3.46528  ,  IoU: 0.76649  ,  pro_loss: 0.24565
[train: Epoch 39, 1650 / 1875] FPS: 88.6 (70.0)  ,  DataTime: 0.276 (0.008)  ,  ForwardTime: 0.077  ,  TotalTime: 0.361  ,  Loss/total: 3.51497  ,  Loss/ce: 3.46582  ,  IoU: 0.76656  ,  pro_loss: 0.24575
[train: Epoch 39, 1700 / 1875] FPS: 88.9 (352.8)  ,  DataTime: 0.275 (0.008)  ,  ForwardTime: 0.077  ,  TotalTime: 0.360  ,  Loss/total: 3.51482  ,  Loss/ce: 3.46566  ,  IoU: 0.76668  ,  pro_loss: 0.24583
[train: Epoch 39, 1750 / 1875] FPS: 88.7 (337.0)  ,  DataTime: 0.276 (0.008)  ,  ForwardTime: 0.077  ,  TotalTime: 0.361  ,  Loss/total: 3.51464  ,  Loss/ce: 3.46547  ,  IoU: 0.76671  ,  pro_loss: 0.24585
[train: Epoch 39, 1800 / 1875] FPS: 88.8 (355.6)  ,  DataTime: 0.276 (0.008)  ,  ForwardTime: 0.077  ,  TotalTime: 0.360  ,  Loss/total: 3.51436  ,  Loss/ce: 3.46516  ,  IoU: 0.76671  ,  pro_loss: 0.24600
[train: Epoch 39, 1850 / 1875] FPS: 88.6 (20.4)  ,  DataTime: 0.276 (0.008)  ,  ForwardTime: 0.077  ,  TotalTime: 0.361  ,  Loss/total: 3.51463  ,  Loss/ce: 3.46545  ,  IoU: 0.76663  ,  pro_loss: 0.24594
[train: Epoch 39, 1875 / 1875] FPS: 89.1 (360.4)  ,  DataTime: 0.274 (0.008)  ,  ForwardTime: 0.077  ,  TotalTime: 0.359  ,  Loss/total: 3.51428  ,  Loss/ce: 3.46511  ,  IoU: 0.76661  ,  pro_loss: 0.24587
[train: Epoch 40, 50 / 1875] FPS: 73.7 (11.5)  ,  DataTime: 0.348 (0.008)  ,  ForwardTime: 0.078  ,  TotalTime: 0.434  ,  Loss/total: 3.51022  ,  Loss/ce: 3.46164  ,  IoU: 0.76338  ,  pro_loss: 0.24292
[train: Epoch 40, 100 / 1875] FPS: 83.2 (352.5)  ,  DataTime: 0.299 (0.008)  ,  ForwardTime: 0.077  ,  TotalTime: 0.385  ,  Loss/total: 3.51709  ,  Loss/ce: 3.46821  ,  IoU: 0.76459  ,  pro_loss: 0.24437
[train: Epoch 40, 150 / 1875] FPS: 83.6 (337.3)  ,  DataTime: 0.298 (0.008)  ,  ForwardTime: 0.077  ,  TotalTime: 0.383  ,  Loss/total: 3.51683  ,  Loss/ce: 3.46750  ,  IoU: 0.76559  ,  pro_loss: 0.24667
[train: Epoch 40, 200 / 1875] FPS: 84.8 (361.1)  ,  DataTime: 0.292 (0.008)  ,  ForwardTime: 0.077  ,  TotalTime: 0.377  ,  Loss/total: 3.51578  ,  Loss/ce: 3.46646  ,  IoU: 0.76632  ,  pro_loss: 0.24661
[train: Epoch 40, 250 / 1875] FPS: 87.8 (352.2)  ,  DataTime: 0.280 (0.008)  ,  ForwardTime: 0.077  ,  TotalTime: 0.365  ,  Loss/total: 3.51431  ,  Loss/ce: 3.46494  ,  IoU: 0.76653  ,  pro_loss: 0.24688
[train: Epoch 40, 300 / 1875] FPS: 89.2 (336.0)  ,  DataTime: 0.274 (0.008)  ,  ForwardTime: 0.077  ,  TotalTime: 0.359  ,  Loss/total: 3.51827  ,  Loss/ce: 3.46889  ,  IoU: 0.76623  ,  pro_loss: 0.24688
[train: Epoch 40, 350 / 1875] FPS: 88.8 (12.7)  ,  DataTime: 0.275 (0.008)  ,  ForwardTime: 0.077  ,  TotalTime: 0.360  ,  Loss/total: 3.51542  ,  Loss/ce: 3.46626  ,  IoU: 0.76663  ,  pro_loss: 0.24580
[train: Epoch 40, 400 / 1875] FPS: 89.4 (21.0)  ,  DataTime: 0.273 (0.008)  ,  ForwardTime: 0.077  ,  TotalTime: 0.358  ,  Loss/total: 3.51618  ,  Loss/ce: 3.46684  ,  IoU: 0.76799  ,  pro_loss: 0.24667
[train: Epoch 40, 450 / 1875] FPS: 90.2 (357.8)  ,  DataTime: 0.270 (0.008)  ,  ForwardTime: 0.077  ,  TotalTime: 0.355  ,  Loss/total: 3.51875  ,  Loss/ce: 3.46937  ,  IoU: 0.76650  ,  pro_loss: 0.24690
[train: Epoch 40, 500 / 1875] FPS: 89.9 (27.8)  ,  DataTime: 0.271 (0.008)  ,  ForwardTime: 0.077  ,  TotalTime: 0.356  ,  Loss/total: 3.51717  ,  Loss/ce: 3.46759  ,  IoU: 0.76699  ,  pro_loss: 0.24790
[train: Epoch 40, 550 / 1875] FPS: 90.5 (360.9)  ,  DataTime: 0.269 (0.008)  ,  ForwardTime: 0.077  ,  TotalTime: 0.354  ,  Loss/total: 3.52033  ,  Loss/ce: 3.47065  ,  IoU: 0.76641  ,  pro_loss: 0.24841
[train: Epoch 40, 600 / 1875] FPS: 90.6 (344.8)  ,  DataTime: 0.268 (0.008)  ,  ForwardTime: 0.077  ,  TotalTime: 0.353  ,  Loss/total: 3.51870  ,  Loss/ce: 3.46910  ,  IoU: 0.76680  ,  pro_loss: 0.24800
[train: Epoch 40, 650 / 1875] FPS: 91.6 (354.9)  ,  DataTime: 0.264 (0.008)  ,  ForwardTime: 0.077  ,  TotalTime: 0.349  ,  Loss/total: 3.51802  ,  Loss/ce: 3.46852  ,  IoU: 0.76703  ,  pro_loss: 0.24748
[train: Epoch 40, 700 / 1875] FPS: 91.6 (348.7)  ,  DataTime: 0.265 (0.008)  ,  ForwardTime: 0.077  ,  TotalTime: 0.350  ,  Loss/total: 3.51855  ,  Loss/ce: 3.46906  ,  IoU: 0.76723  ,  pro_loss: 0.24747
[train: Epoch 40, 750 / 1875] FPS: 91.6 (357.3)  ,  DataTime: 0.264 (0.008)  ,  ForwardTime: 0.077  ,  TotalTime: 0.349  ,  Loss/total: 3.52015  ,  Loss/ce: 3.47072  ,  IoU: 0.76670  ,  pro_loss: 0.24714
[train: Epoch 40, 800 / 1875] FPS: 91.6 (349.2)  ,  DataTime: 0.264 (0.008)  ,  ForwardTime: 0.077  ,  TotalTime: 0.349  ,  Loss/total: 3.51926  ,  Loss/ce: 3.46987  ,  IoU: 0.76711  ,  pro_loss: 0.24699
[train: Epoch 40, 850 / 1875] FPS: 91.4 (354.4)  ,  DataTime: 0.265 (0.008)  ,  ForwardTime: 0.077  ,  TotalTime: 0.350  ,  Loss/total: 3.51878  ,  Loss/ce: 3.46942  ,  IoU: 0.76708  ,  pro_loss: 0.24679
[train: Epoch 40, 900 / 1875] FPS: 91.1 (359.1)  ,  DataTime: 0.266 (0.008)  ,  ForwardTime: 0.077  ,  TotalTime: 0.351  ,  Loss/total: 3.51933  ,  Loss/ce: 3.46996  ,  IoU: 0.76669  ,  pro_loss: 0.24683
[train: Epoch 40, 950 / 1875] FPS: 91.3 (351.3)  ,  DataTime: 0.265 (0.008)  ,  ForwardTime: 0.077  ,  TotalTime: 0.350  ,  Loss/total: 3.51809  ,  Loss/ce: 3.46874  ,  IoU: 0.76694  ,  pro_loss: 0.24673
[train: Epoch 40, 1000 / 1875] FPS: 91.2 (346.5)  ,  DataTime: 0.266 (0.008)  ,  ForwardTime: 0.077  ,  TotalTime: 0.351  ,  Loss/total: 3.51835  ,  Loss/ce: 3.46904  ,  IoU: 0.76691  ,  pro_loss: 0.24654
[train: Epoch 40, 1050 / 1875] FPS: 91.1 (362.4)  ,  DataTime: 0.266 (0.008)  ,  ForwardTime: 0.077  ,  TotalTime: 0.351  ,  Loss/total: 3.51898  ,  Loss/ce: 3.46975  ,  IoU: 0.76683  ,  pro_loss: 0.24615
[train: Epoch 40, 1100 / 1875] FPS: 91.0 (347.9)  ,  DataTime: 0.267 (0.008)  ,  ForwardTime: 0.077  ,  TotalTime: 0.352  ,  Loss/total: 3.51789  ,  Loss/ce: 3.46863  ,  IoU: 0.76704  ,  pro_loss: 0.24632
[train: Epoch 40, 1150 / 1875] FPS: 90.9 (21.9)  ,  DataTime: 0.267 (0.008)  ,  ForwardTime: 0.077  ,  TotalTime: 0.352  ,  Loss/total: 3.51850  ,  Loss/ce: 3.46928  ,  IoU: 0.76671  ,  pro_loss: 0.24611
[train: Epoch 40, 1200 / 1875] FPS: 90.9 (357.5)  ,  DataTime: 0.267 (0.008)  ,  ForwardTime: 0.077  ,  TotalTime: 0.352  ,  Loss/total: 3.51920  ,  Loss/ce: 3.47001  ,  IoU: 0.76668  ,  pro_loss: 0.24596
[train: Epoch 40, 1250 / 1875] FPS: 91.0 (357.1)  ,  DataTime: 0.267 (0.008)  ,  ForwardTime: 0.077  ,  TotalTime: 0.352  ,  Loss/total: 3.51871  ,  Loss/ce: 3.46946  ,  IoU: 0.76688  ,  pro_loss: 0.24625
[train: Epoch 40, 1300 / 1875] FPS: 90.9 (343.4)  ,  DataTime: 0.267 (0.008)  ,  ForwardTime: 0.077  ,  TotalTime: 0.352  ,  Loss/total: 3.51868  ,  Loss/ce: 3.46942  ,  IoU: 0.76704  ,  pro_loss: 0.24628
[train: Epoch 40, 1350 / 1875] FPS: 90.9 (355.1)  ,  DataTime: 0.267 (0.008)  ,  ForwardTime: 0.077  ,  TotalTime: 0.352  ,  Loss/total: 3.51813  ,  Loss/ce: 3.46885  ,  IoU: 0.76708  ,  pro_loss: 0.24642
[train: Epoch 40, 1400 / 1875] FPS: 91.0 (347.8)  ,  DataTime: 0.267 (0.008)  ,  ForwardTime: 0.077  ,  TotalTime: 0.352  ,  Loss/total: 3.51705  ,  Loss/ce: 3.46777  ,  IoU: 0.76719  ,  pro_loss: 0.24641
[train: Epoch 40, 1450 / 1875] FPS: 91.2 (345.6)  ,  DataTime: 0.266 (0.008)  ,  ForwardTime: 0.077  ,  TotalTime: 0.351  ,  Loss/total: 3.51602  ,  Loss/ce: 3.46670  ,  IoU: 0.76729  ,  pro_loss: 0.24659
[train: Epoch 40, 1500 / 1875] FPS: 91.2 (354.3)  ,  DataTime: 0.266 (0.008)  ,  ForwardTime: 0.077  ,  TotalTime: 0.351  ,  Loss/total: 3.51661  ,  Loss/ce: 3.46724  ,  IoU: 0.76724  ,  pro_loss: 0.24686
[train: Epoch 40, 1550 / 1875] FPS: 91.5 (341.4)  ,  DataTime: 0.265 (0.008)  ,  ForwardTime: 0.077  ,  TotalTime: 0.350  ,  Loss/total: 3.51668  ,  Loss/ce: 3.46730  ,  IoU: 0.76729  ,  pro_loss: 0.24689
[train: Epoch 40, 1600 / 1875] FPS: 91.0 (355.8)  ,  DataTime: 0.267 (0.008)  ,  ForwardTime: 0.077  ,  TotalTime: 0.352  ,  Loss/total: 3.51602  ,  Loss/ce: 3.46664  ,  IoU: 0.76737  ,  pro_loss: 0.24688
[train: Epoch 40, 1650 / 1875] FPS: 91.1 (351.0)  ,  DataTime: 0.266 (0.008)  ,  ForwardTime: 0.077  ,  TotalTime: 0.351  ,  Loss/total: 3.51635  ,  Loss/ce: 3.46698  ,  IoU: 0.76733  ,  pro_loss: 0.24687
[train: Epoch 40, 1700 / 1875] FPS: 91.2 (347.2)  ,  DataTime: 0.266 (0.008)  ,  ForwardTime: 0.077  ,  TotalTime: 0.351  ,  Loss/total: 3.51645  ,  Loss/ce: 3.46714  ,  IoU: 0.76724  ,  pro_loss: 0.24655
[train: Epoch 40, 1750 / 1875] FPS: 91.5 (363.1)  ,  DataTime: 0.265 (0.008)  ,  ForwardTime: 0.077  ,  TotalTime: 0.350  ,  Loss/total: 3.51564  ,  Loss/ce: 3.46631  ,  IoU: 0.76736  ,  pro_loss: 0.24664
[train: Epoch 40, 1800 / 1875] FPS: 91.7 (334.4)  ,  DataTime: 0.264 (0.008)  ,  ForwardTime: 0.077  ,  TotalTime: 0.349  ,  Loss/total: 3.51513  ,  Loss/ce: 3.46578  ,  IoU: 0.76746  ,  pro_loss: 0.24677
[train: Epoch 40, 1850 / 1875] FPS: 91.6 (357.5)  ,  DataTime: 0.264 (0.008)  ,  ForwardTime: 0.077  ,  TotalTime: 0.349  ,  Loss/total: 3.51514  ,  Loss/ce: 3.46580  ,  IoU: 0.76733  ,  pro_loss: 0.24672
[train: Epoch 40, 1875 / 1875] FPS: 91.6 (62.9)  ,  DataTime: 0.264 (0.008)  ,  ForwardTime: 0.077  ,  TotalTime: 0.349  ,  Loss/total: 3.51524  ,  Loss/ce: 3.46589  ,  IoU: 0.76729  ,  pro_loss: 0.24672
[val: Epoch 40, 50 / 312] FPS: 69.2 (501.4)  ,  DataTime: 0.401 (0.010)  ,  ForwardTime: 0.051  ,  TotalTime: 0.463  ,  Loss/total: nan  ,  Loss/giou: 0.25425  ,  Loss/l1: 0.02184  ,  Loss/location: nan  ,  pro_loss: 0.26583  ,  IoU: 0.76309
[val: Epoch 40, 100 / 312] FPS: 72.4 (562.3)  ,  DataTime: 0.386 (0.010)  ,  ForwardTime: 0.046  ,  TotalTime: 0.442  ,  Loss/total: nan  ,  Loss/giou: 0.26519  ,  Loss/l1: 0.02380  ,  Loss/location: nan  ,  pro_loss: 0.26531  ,  IoU: 0.75487
[val: Epoch 40, 150 / 312] FPS: 77.9 (540.2)  ,  DataTime: 0.356 (0.010)  ,  ForwardTime: 0.045  ,  TotalTime: 0.411  ,  Loss/total: nan  ,  Loss/giou: 0.26656  ,  Loss/l1: 0.02388  ,  Loss/location: nan  ,  pro_loss: 0.26347  ,  IoU: 0.75397
[val: Epoch 40, 200 / 312] FPS: 80.9 (560.8)  ,  DataTime: 0.342 (0.010)  ,  ForwardTime: 0.044  ,  TotalTime: 0.396  ,  Loss/total: nan  ,  Loss/giou: 0.26788  ,  Loss/l1: 0.02391  ,  Loss/location: nan  ,  pro_loss: 0.26219  ,  IoU: 0.75242
[val: Epoch 40, 250 / 312] FPS: 81.0 (586.9)  ,  DataTime: 0.342 (0.010)  ,  ForwardTime: 0.043  ,  TotalTime: 0.395  ,  Loss/total: nan  ,  Loss/giou: 0.26877  ,  Loss/l1: 0.02374  ,  Loss/location: nan  ,  pro_loss: 0.26283  ,  IoU: 0.75167
[val: Epoch 40, 300 / 312] FPS: 82.6 (582.2)  ,  DataTime: 0.334 (0.010)  ,  ForwardTime: 0.043  ,  TotalTime: 0.387  ,  Loss/total: nan  ,  Loss/giou: 0.26781  ,  Loss/l1: 0.02361  ,  Loss/location: nan  ,  pro_loss: 0.26281  ,  IoU: 0.75233
[val: Epoch 40, 312 / 312] FPS: 84.1 (127.7)  ,  DataTime: 0.327 (0.010)  ,  ForwardTime: 0.043  ,  TotalTime: 0.380  ,  Loss/total: nan  ,  Loss/giou: 0.26844  ,  Loss/l1: 0.02368  ,  Loss/location: nan  ,  pro_loss: 0.26259  ,  IoU: 0.75180
[train: Epoch 41, 50 / 1875] FPS: 74.8 (34.3)  ,  DataTime: 0.343 (0.008)  ,  ForwardTime: 0.076  ,  TotalTime: 0.428  ,  Loss/total: 3.53080  ,  Loss/ce: 3.48159  ,  IoU: 0.76627  ,  pro_loss: 0.24604
[train: Epoch 41, 100 / 1875] FPS: 81.1 (360.2)  ,  DataTime: 0.310 (0.008)  ,  ForwardTime: 0.076  ,  TotalTime: 0.395  ,  Loss/total: 3.49757  ,  Loss/ce: 3.44737  ,  IoU: 0.77213  ,  pro_loss: 0.25104
[train: Epoch 41, 150 / 1875] FPS: 84.5 (38.7)  ,  DataTime: 0.294 (0.008)  ,  ForwardTime: 0.076  ,  TotalTime: 0.379  ,  Loss/total: 3.50224  ,  Loss/ce: 3.45176  ,  IoU: 0.77409  ,  pro_loss: 0.25243
[train: Epoch 41, 200 / 1875] FPS: 84.3 (22.6)  ,  DataTime: 0.295 (0.008)  ,  ForwardTime: 0.077  ,  TotalTime: 0.380  ,  Loss/total: 3.49314  ,  Loss/ce: 3.44274  ,  IoU: 0.77573  ,  pro_loss: 0.25203
[train: Epoch 41, 250 / 1875] FPS: 84.8 (354.7)  ,  DataTime: 0.293 (0.008)  ,  ForwardTime: 0.077  ,  TotalTime: 0.378  ,  Loss/total: 3.49575  ,  Loss/ce: 3.44549  ,  IoU: 0.77535  ,  pro_loss: 0.25129
[train: Epoch 41, 300 / 1875] FPS: 85.8 (336.5)  ,  DataTime: 0.288 (0.008)  ,  ForwardTime: 0.077  ,  TotalTime: 0.373  ,  Loss/total: 3.48782  ,  Loss/ce: 3.43756  ,  IoU: 0.77675  ,  pro_loss: 0.25132
[train: Epoch 41, 350 / 1875] FPS: 85.9 (358.3)  ,  DataTime: 0.288 (0.008)  ,  ForwardTime: 0.077  ,  TotalTime: 0.372  ,  Loss/total: 3.48708  ,  Loss/ce: 3.43695  ,  IoU: 0.77684  ,  pro_loss: 0.25063
[train: Epoch 41, 400 / 1875] FPS: 86.1 (17.8)  ,  DataTime: 0.287 (0.008)  ,  ForwardTime: 0.077  ,  TotalTime: 0.372  ,  Loss/total: 3.48708  ,  Loss/ce: 3.43710  ,  IoU: 0.77673  ,  pro_loss: 0.24987
[train: Epoch 41, 450 / 1875] FPS: 86.5 (25.4)  ,  DataTime: 0.285 (0.008)  ,  ForwardTime: 0.076  ,  TotalTime: 0.370  ,  Loss/total: 3.48570  ,  Loss/ce: 3.43568  ,  IoU: 0.77645  ,  pro_loss: 0.25009
[train: Epoch 41, 500 / 1875] FPS: 86.8 (128.5)  ,  DataTime: 0.284 (0.008)  ,  ForwardTime: 0.076  ,  TotalTime: 0.369  ,  Loss/total: 3.48711  ,  Loss/ce: 3.43696  ,  IoU: 0.77571  ,  pro_loss: 0.25079
[train: Epoch 41, 550 / 1875] FPS: 86.6 (347.1)  ,  DataTime: 0.285 (0.008)  ,  ForwardTime: 0.076  ,  TotalTime: 0.370  ,  Loss/total: 3.48865  ,  Loss/ce: 3.43846  ,  IoU: 0.77534  ,  pro_loss: 0.25093
[train: Epoch 41, 600 / 1875] FPS: 86.9 (32.6)  ,  DataTime: 0.283 (0.008)  ,  ForwardTime: 0.076  ,  TotalTime: 0.368  ,  Loss/total: 3.48957  ,  Loss/ce: 3.43947  ,  IoU: 0.77525  ,  pro_loss: 0.25050
[train: Epoch 41, 650 / 1875] FPS: 87.2 (353.9)  ,  DataTime: 0.282 (0.008)  ,  ForwardTime: 0.076  ,  TotalTime: 0.367  ,  Loss/total: 3.49006  ,  Loss/ce: 3.44002  ,  IoU: 0.77497  ,  pro_loss: 0.25019
[train: Epoch 41, 700 / 1875] FPS: 86.9 (356.6)  ,  DataTime: 0.283 (0.008)  ,  ForwardTime: 0.077  ,  TotalTime: 0.368  ,  Loss/total: 3.48742  ,  Loss/ce: 3.43743  ,  IoU: 0.77523  ,  pro_loss: 0.24994
[train: Epoch 41, 750 / 1875] FPS: 86.4 (25.9)  ,  DataTime: 0.286 (0.008)  ,  ForwardTime: 0.077  ,  TotalTime: 0.370  ,  Loss/total: 3.48685  ,  Loss/ce: 3.43686  ,  IoU: 0.77535  ,  pro_loss: 0.24997
[train: Epoch 41, 800 / 1875] FPS: 86.4 (357.8)  ,  DataTime: 0.286 (0.008)  ,  ForwardTime: 0.077  ,  TotalTime: 0.371  ,  Loss/total: 3.48537  ,  Loss/ce: 3.43535  ,  IoU: 0.77566  ,  pro_loss: 0.25010
[train: Epoch 41, 850 / 1875] FPS: 86.9 (42.0)  ,  DataTime: 0.283 (0.008)  ,  ForwardTime: 0.076  ,  TotalTime: 0.368  ,  Loss/total: 3.48566  ,  Loss/ce: 3.43562  ,  IoU: 0.77543  ,  pro_loss: 0.25023
[train: Epoch 41, 900 / 1875] FPS: 86.6 (14.7)  ,  DataTime: 0.285 (0.008)  ,  ForwardTime: 0.077  ,  TotalTime: 0.370  ,  Loss/total: 3.48487  ,  Loss/ce: 3.43481  ,  IoU: 0.77532  ,  pro_loss: 0.25030
[train: Epoch 41, 950 / 1875] FPS: 86.8 (349.0)  ,  DataTime: 0.284 (0.008)  ,  ForwardTime: 0.076  ,  TotalTime: 0.369  ,  Loss/total: 3.48619  ,  Loss/ce: 3.43613  ,  IoU: 0.77518  ,  pro_loss: 0.25029
[train: Epoch 41, 1000 / 1875] FPS: 87.1 (353.5)  ,  DataTime: 0.283 (0.008)  ,  ForwardTime: 0.076  ,  TotalTime: 0.368  ,  Loss/total: 3.48578  ,  Loss/ce: 3.43575  ,  IoU: 0.77511  ,  pro_loss: 0.25016
[train: Epoch 41, 1050 / 1875] FPS: 86.8 (356.7)  ,  DataTime: 0.284 (0.008)  ,  ForwardTime: 0.076  ,  TotalTime: 0.368  ,  Loss/total: 3.48602  ,  Loss/ce: 3.43604  ,  IoU: 0.77492  ,  pro_loss: 0.24987
[train: Epoch 41, 1100 / 1875] FPS: 87.0 (40.3)  ,  DataTime: 0.283 (0.008)  ,  ForwardTime: 0.076  ,  TotalTime: 0.368  ,  Loss/total: 3.48419  ,  Loss/ce: 3.43424  ,  IoU: 0.77532  ,  pro_loss: 0.24973
[train: Epoch 41, 1150 / 1875] FPS: 86.8 (61.4)  ,  DataTime: 0.284 (0.008)  ,  ForwardTime: 0.076  ,  TotalTime: 0.368  ,  Loss/total: 3.48333  ,  Loss/ce: 3.43334  ,  IoU: 0.77541  ,  pro_loss: 0.24994
[train: Epoch 41, 1200 / 1875] FPS: 87.0 (333.9)  ,  DataTime: 0.283 (0.008)  ,  ForwardTime: 0.076  ,  TotalTime: 0.368  ,  Loss/total: 3.48254  ,  Loss/ce: 3.43259  ,  IoU: 0.77559  ,  pro_loss: 0.24975
[train: Epoch 41, 1250 / 1875] FPS: 87.0 (351.9)  ,  DataTime: 0.283 (0.008)  ,  ForwardTime: 0.076  ,  TotalTime: 0.368  ,  Loss/total: 3.48097  ,  Loss/ce: 3.43100  ,  IoU: 0.77596  ,  pro_loss: 0.24984
[train: Epoch 41, 1300 / 1875] FPS: 87.5 (60.9)  ,  DataTime: 0.281 (0.008)  ,  ForwardTime: 0.077  ,  TotalTime: 0.366  ,  Loss/total: 3.48096  ,  Loss/ce: 3.43097  ,  IoU: 0.77603  ,  pro_loss: 0.24994
[train: Epoch 41, 1350 / 1875] FPS: 87.6 (351.9)  ,  DataTime: 0.281 (0.008)  ,  ForwardTime: 0.076  ,  TotalTime: 0.365  ,  Loss/total: 3.48063  ,  Loss/ce: 3.43066  ,  IoU: 0.77591  ,  pro_loss: 0.24989
[train: Epoch 41, 1400 / 1875] FPS: 87.0 (346.1)  ,  DataTime: 0.283 (0.008)  ,  ForwardTime: 0.077  ,  TotalTime: 0.368  ,  Loss/total: 3.47973  ,  Loss/ce: 3.42972  ,  IoU: 0.77587  ,  pro_loss: 0.25005
[train: Epoch 41, 1450 / 1875] FPS: 87.4 (338.9)  ,  DataTime: 0.281 (0.008)  ,  ForwardTime: 0.077  ,  TotalTime: 0.366  ,  Loss/total: 3.47865  ,  Loss/ce: 3.42865  ,  IoU: 0.77610  ,  pro_loss: 0.24999
[train: Epoch 41, 1500 / 1875] FPS: 87.4 (355.8)  ,  DataTime: 0.281 (0.008)  ,  ForwardTime: 0.077  ,  TotalTime: 0.366  ,  Loss/total: 3.47853  ,  Loss/ce: 3.42859  ,  IoU: 0.77602  ,  pro_loss: 0.24972
[train: Epoch 41, 1550 / 1875] FPS: 87.2 (18.0)  ,  DataTime: 0.282 (0.008)  ,  ForwardTime: 0.077  ,  TotalTime: 0.367  ,  Loss/total: 3.47786  ,  Loss/ce: 3.42793  ,  IoU: 0.77607  ,  pro_loss: 0.24964
[train: Epoch 41, 1600 / 1875] FPS: 87.1 (361.3)  ,  DataTime: 0.283 (0.008)  ,  ForwardTime: 0.077  ,  TotalTime: 0.367  ,  Loss/total: 3.47852  ,  Loss/ce: 3.42862  ,  IoU: 0.77592  ,  pro_loss: 0.24954
[train: Epoch 41, 1650 / 1875] FPS: 87.3 (351.3)  ,  DataTime: 0.282 (0.008)  ,  ForwardTime: 0.077  ,  TotalTime: 0.367  ,  Loss/total: 3.47889  ,  Loss/ce: 3.42900  ,  IoU: 0.77588  ,  pro_loss: 0.24944
[train: Epoch 41, 1700 / 1875] FPS: 87.5 (343.6)  ,  DataTime: 0.281 (0.008)  ,  ForwardTime: 0.077  ,  TotalTime: 0.366  ,  Loss/total: 3.47835  ,  Loss/ce: 3.42844  ,  IoU: 0.77610  ,  pro_loss: 0.24952
[train: Epoch 41, 1750 / 1875] FPS: 87.5 (353.5)  ,  DataTime: 0.281 (0.008)  ,  ForwardTime: 0.077  ,  TotalTime: 0.366  ,  Loss/total: 3.47820  ,  Loss/ce: 3.42826  ,  IoU: 0.77607  ,  pro_loss: 0.24972
[train: Epoch 41, 1800 / 1875] FPS: 87.5 (352.4)  ,  DataTime: 0.281 (0.008)  ,  ForwardTime: 0.077  ,  TotalTime: 0.366  ,  Loss/total: 3.47747  ,  Loss/ce: 3.42751  ,  IoU: 0.77612  ,  pro_loss: 0.24982
[train: Epoch 41, 1850 / 1875] FPS: 87.7 (343.9)  ,  DataTime: 0.280 (0.008)  ,  ForwardTime: 0.077  ,  TotalTime: 0.365  ,  Loss/total: 3.47706  ,  Loss/ce: 3.42712  ,  IoU: 0.77615  ,  pro_loss: 0.24969
[train: Epoch 41, 1875 / 1875] FPS: 87.9 (367.0)  ,  DataTime: 0.279 (0.008)  ,  ForwardTime: 0.077  ,  TotalTime: 0.364  ,  Loss/total: 3.47718  ,  Loss/ce: 3.42724  ,  IoU: 0.77617  ,  pro_loss: 0.24973
[train: Epoch 42, 50 / 1875] FPS: 81.2 (352.8)  ,  DataTime: 0.309 (0.008)  ,  ForwardTime: 0.077  ,  TotalTime: 0.394  ,  Loss/total: 3.44991  ,  Loss/ce: 3.39995  ,  IoU: 0.78464  ,  pro_loss: 0.24979
[train: Epoch 42, 100 / 1875] FPS: 86.2 (357.0)  ,  DataTime: 0.286 (0.008)  ,  ForwardTime: 0.076  ,  TotalTime: 0.371  ,  Loss/total: 3.45862  ,  Loss/ce: 3.40845  ,  IoU: 0.78112  ,  pro_loss: 0.25083
[train: Epoch 42, 150 / 1875] FPS: 86.1 (43.7)  ,  DataTime: 0.287 (0.008)  ,  ForwardTime: 0.077  ,  TotalTime: 0.372  ,  Loss/total: 3.46250  ,  Loss/ce: 3.41269  ,  IoU: 0.77899  ,  pro_loss: 0.24910
[train: Epoch 42, 200 / 1875] FPS: 87.7 (347.6)  ,  DataTime: 0.280 (0.008)  ,  ForwardTime: 0.077  ,  TotalTime: 0.365  ,  Loss/total: 3.46172  ,  Loss/ce: 3.41182  ,  IoU: 0.77881  ,  pro_loss: 0.24948
[train: Epoch 42, 250 / 1875] FPS: 87.5 (358.6)  ,  DataTime: 0.281 (0.008)  ,  ForwardTime: 0.077  ,  TotalTime: 0.366  ,  Loss/total: 3.47327  ,  Loss/ce: 3.42331  ,  IoU: 0.77671  ,  pro_loss: 0.24979
[train: Epoch 42, 300 / 1875] FPS: 87.9 (351.4)  ,  DataTime: 0.279 (0.008)  ,  ForwardTime: 0.077  ,  TotalTime: 0.364  ,  Loss/total: 3.46601  ,  Loss/ce: 3.41609  ,  IoU: 0.77803  ,  pro_loss: 0.24962
[train: Epoch 42, 350 / 1875] FPS: 89.8 (351.5)  ,  DataTime: 0.272 (0.008)  ,  ForwardTime: 0.077  ,  TotalTime: 0.356  ,  Loss/total: 3.46845  ,  Loss/ce: 3.41848  ,  IoU: 0.77735  ,  pro_loss: 0.24982
[train: Epoch 42, 400 / 1875] FPS: 90.2 (353.0)  ,  DataTime: 0.270 (0.008)  ,  ForwardTime: 0.077  ,  TotalTime: 0.355  ,  Loss/total: 3.46504  ,  Loss/ce: 3.41511  ,  IoU: 0.77793  ,  pro_loss: 0.24966
[train: Epoch 42, 450 / 1875] FPS: 90.7 (33.3)  ,  DataTime: 0.268 (0.008)  ,  ForwardTime: 0.077  ,  TotalTime: 0.353  ,  Loss/total: 3.46490  ,  Loss/ce: 3.41497  ,  IoU: 0.77829  ,  pro_loss: 0.24963
[train: Epoch 42, 500 / 1875] FPS: 91.1 (357.4)  ,  DataTime: 0.266 (0.008)  ,  ForwardTime: 0.077  ,  TotalTime: 0.351  ,  Loss/total: 3.46591  ,  Loss/ce: 3.41602  ,  IoU: 0.77781  ,  pro_loss: 0.24944
[train: Epoch 42, 550 / 1875] FPS: 91.3 (351.3)  ,  DataTime: 0.266 (0.008)  ,  ForwardTime: 0.077  ,  TotalTime: 0.350  ,  Loss/total: 3.46559  ,  Loss/ce: 3.41566  ,  IoU: 0.77790  ,  pro_loss: 0.24968
[train: Epoch 42, 600 / 1875] FPS: 92.1 (360.1)  ,  DataTime: 0.263 (0.008)  ,  ForwardTime: 0.077  ,  TotalTime: 0.347  ,  Loss/total: 3.46918  ,  Loss/ce: 3.41923  ,  IoU: 0.77736  ,  pro_loss: 0.24974
[train: Epoch 42, 650 / 1875] FPS: 91.8 (361.8)  ,  DataTime: 0.264 (0.008)  ,  ForwardTime: 0.077  ,  TotalTime: 0.349  ,  Loss/total: 3.46649  ,  Loss/ce: 3.41650  ,  IoU: 0.77786  ,  pro_loss: 0.24995
[train: Epoch 42, 700 / 1875] FPS: 92.4 (355.5)  ,  DataTime: 0.261 (0.008)  ,  ForwardTime: 0.077  ,  TotalTime: 0.346  ,  Loss/total: 3.46571  ,  Loss/ce: 3.41573  ,  IoU: 0.77806  ,  pro_loss: 0.24991
[train: Epoch 42, 750 / 1875] FPS: 92.6 (354.1)  ,  DataTime: 0.261 (0.008)  ,  ForwardTime: 0.077  ,  TotalTime: 0.346  ,  Loss/total: 3.46652  ,  Loss/ce: 3.41660  ,  IoU: 0.77795  ,  pro_loss: 0.24958
[train: Epoch 42, 800 / 1875] FPS: 92.2 (348.1)  ,  DataTime: 0.262 (0.008)  ,  ForwardTime: 0.077  ,  TotalTime: 0.347  ,  Loss/total: 3.46598  ,  Loss/ce: 3.41612  ,  IoU: 0.77816  ,  pro_loss: 0.24928
[train: Epoch 42, 850 / 1875] FPS: 91.6 (357.9)  ,  DataTime: 0.265 (0.008)  ,  ForwardTime: 0.077  ,  TotalTime: 0.349  ,  Loss/total: 3.46551  ,  Loss/ce: 3.41560  ,  IoU: 0.77831  ,  pro_loss: 0.24953
[train: Epoch 42, 900 / 1875] FPS: 91.7 (358.9)  ,  DataTime: 0.264 (0.008)  ,  ForwardTime: 0.077  ,  TotalTime: 0.349  ,  Loss/total: 3.46623  ,  Loss/ce: 3.41626  ,  IoU: 0.77812  ,  pro_loss: 0.24986
[train: Epoch 42, 950 / 1875] FPS: 92.0 (352.1)  ,  DataTime: 0.263 (0.008)  ,  ForwardTime: 0.077  ,  TotalTime: 0.348  ,  Loss/total: 3.46569  ,  Loss/ce: 3.41569  ,  IoU: 0.77810  ,  pro_loss: 0.24997
[train: Epoch 42, 1000 / 1875] FPS: 91.6 (365.8)  ,  DataTime: 0.265 (0.008)  ,  ForwardTime: 0.077  ,  TotalTime: 0.349  ,  Loss/total: 3.46528  ,  Loss/ce: 3.41530  ,  IoU: 0.77827  ,  pro_loss: 0.24991
[train: Epoch 42, 1050 / 1875] FPS: 91.9 (353.5)  ,  DataTime: 0.263 (0.008)  ,  ForwardTime: 0.077  ,  TotalTime: 0.348  ,  Loss/total: 3.46469  ,  Loss/ce: 3.41470  ,  IoU: 0.77834  ,  pro_loss: 0.24995
[train: Epoch 42, 1100 / 1875] FPS: 91.6 (351.8)  ,  DataTime: 0.265 (0.008)  ,  ForwardTime: 0.077  ,  TotalTime: 0.349  ,  Loss/total: 3.46539  ,  Loss/ce: 3.41542  ,  IoU: 0.77813  ,  pro_loss: 0.24990
[train: Epoch 42, 1150 / 1875] FPS: 91.4 (360.9)  ,  DataTime: 0.265 (0.008)  ,  ForwardTime: 0.077  ,  TotalTime: 0.350  ,  Loss/total: 3.46427  ,  Loss/ce: 3.41427  ,  IoU: 0.77829  ,  pro_loss: 0.25000
[train: Epoch 42, 1200 / 1875] FPS: 91.2 (343.9)  ,  DataTime: 0.266 (0.008)  ,  ForwardTime: 0.077  ,  TotalTime: 0.351  ,  Loss/total: 3.46313  ,  Loss/ce: 3.41315  ,  IoU: 0.77842  ,  pro_loss: 0.24993
[train: Epoch 42, 1250 / 1875] FPS: 91.5 (351.9)  ,  DataTime: 0.265 (0.008)  ,  ForwardTime: 0.077  ,  TotalTime: 0.350  ,  Loss/total: 3.46202  ,  Loss/ce: 3.41206  ,  IoU: 0.77869  ,  pro_loss: 0.24982
[train: Epoch 42, 1300 / 1875] FPS: 91.4 (342.2)  ,  DataTime: 0.265 (0.008)  ,  ForwardTime: 0.077  ,  TotalTime: 0.350  ,  Loss/total: 3.46143  ,  Loss/ce: 3.41152  ,  IoU: 0.77894  ,  pro_loss: 0.24952
[train: Epoch 42, 1350 / 1875] FPS: 91.5 (352.2)  ,  DataTime: 0.265 (0.008)  ,  ForwardTime: 0.077  ,  TotalTime: 0.350  ,  Loss/total: 3.46200  ,  Loss/ce: 3.41209  ,  IoU: 0.77896  ,  pro_loss: 0.24954
[train: Epoch 42, 1400 / 1875] FPS: 90.8 (358.6)  ,  DataTime: 0.268 (0.008)  ,  ForwardTime: 0.077  ,  TotalTime: 0.353  ,  Loss/total: 3.46320  ,  Loss/ce: 3.41326  ,  IoU: 0.77885  ,  pro_loss: 0.24970
[train: Epoch 42, 1450 / 1875] FPS: 90.7 (360.4)  ,  DataTime: 0.268 (0.008)  ,  ForwardTime: 0.077  ,  TotalTime: 0.353  ,  Loss/total: 3.46367  ,  Loss/ce: 3.41367  ,  IoU: 0.77880  ,  pro_loss: 0.25001
[train: Epoch 42, 1500 / 1875] FPS: 90.8 (347.4)  ,  DataTime: 0.268 (0.008)  ,  ForwardTime: 0.077  ,  TotalTime: 0.353  ,  Loss/total: 3.46352  ,  Loss/ce: 3.41352  ,  IoU: 0.77883  ,  pro_loss: 0.25000
[train: Epoch 42, 1550 / 1875] FPS: 90.3 (10.8)  ,  DataTime: 0.270 (0.008)  ,  ForwardTime: 0.077  ,  TotalTime: 0.355  ,  Loss/total: 3.46373  ,  Loss/ce: 3.41372  ,  IoU: 0.77879  ,  pro_loss: 0.25005
[train: Epoch 42, 1600 / 1875] FPS: 90.3 (13.4)  ,  DataTime: 0.270 (0.008)  ,  ForwardTime: 0.077  ,  TotalTime: 0.355  ,  Loss/total: 3.46315  ,  Loss/ce: 3.41312  ,  IoU: 0.77885  ,  pro_loss: 0.25016
[train: Epoch 42, 1650 / 1875] FPS: 90.4 (354.7)  ,  DataTime: 0.269 (0.008)  ,  ForwardTime: 0.077  ,  TotalTime: 0.354  ,  Loss/total: 3.46353  ,  Loss/ce: 3.41352  ,  IoU: 0.77876  ,  pro_loss: 0.25005
[train: Epoch 42, 1700 / 1875] FPS: 90.1 (349.4)  ,  DataTime: 0.270 (0.008)  ,  ForwardTime: 0.077  ,  TotalTime: 0.355  ,  Loss/total: 3.46426  ,  Loss/ce: 3.41428  ,  IoU: 0.77878  ,  pro_loss: 0.24991
[train: Epoch 42, 1750 / 1875] FPS: 90.2 (16.0)  ,  DataTime: 0.270 (0.008)  ,  ForwardTime: 0.077  ,  TotalTime: 0.355  ,  Loss/total: 3.46339  ,  Loss/ce: 3.41342  ,  IoU: 0.77882  ,  pro_loss: 0.24986
[train: Epoch 42, 1800 / 1875] FPS: 90.2 (350.2)  ,  DataTime: 0.270 (0.008)  ,  ForwardTime: 0.077  ,  TotalTime: 0.355  ,  Loss/total: 3.46328  ,  Loss/ce: 3.41333  ,  IoU: 0.77892  ,  pro_loss: 0.24980
[train: Epoch 42, 1850 / 1875] FPS: 90.2 (332.9)  ,  DataTime: 0.270 (0.008)  ,  ForwardTime: 0.077  ,  TotalTime: 0.355  ,  Loss/total: 3.46308  ,  Loss/ce: 3.41311  ,  IoU: 0.77900  ,  pro_loss: 0.24987
[train: Epoch 42, 1875 / 1875] FPS: 90.3 (363.6)  ,  DataTime: 0.269 (0.008)  ,  ForwardTime: 0.077  ,  TotalTime: 0.354  ,  Loss/total: 3.46286  ,  Loss/ce: 3.41288  ,  IoU: 0.77903  ,  pro_loss: 0.24988
[train: Epoch 43, 50 / 1875] FPS: 64.2 (16.8)  ,  DataTime: 0.412 (0.009)  ,  ForwardTime: 0.077  ,  TotalTime: 0.498  ,  Loss/total: 3.46639  ,  Loss/ce: 3.41605  ,  IoU: 0.77634  ,  pro_loss: 0.25167
[train: Epoch 43, 100 / 1875] FPS: 75.5 (347.9)  ,  DataTime: 0.338 (0.009)  ,  ForwardTime: 0.077  ,  TotalTime: 0.424  ,  Loss/total: 3.47800  ,  Loss/ce: 3.42756  ,  IoU: 0.77470  ,  pro_loss: 0.25219
[train: Epoch 43, 150 / 1875] FPS: 78.0 (354.9)  ,  DataTime: 0.325 (0.009)  ,  ForwardTime: 0.077  ,  TotalTime: 0.410  ,  Loss/total: 3.47012  ,  Loss/ce: 3.41932  ,  IoU: 0.77780  ,  pro_loss: 0.25396
[train: Epoch 43, 200 / 1875] FPS: 76.8 (47.7)  ,  DataTime: 0.331 (0.009)  ,  ForwardTime: 0.077  ,  TotalTime: 0.417  ,  Loss/total: 3.47252  ,  Loss/ce: 3.42204  ,  IoU: 0.77748  ,  pro_loss: 0.25240
[train: Epoch 43, 250 / 1875] FPS: 79.0 (362.7)  ,  DataTime: 0.320 (0.009)  ,  ForwardTime: 0.077  ,  TotalTime: 0.405  ,  Loss/total: 3.47303  ,  Loss/ce: 3.42238  ,  IoU: 0.77819  ,  pro_loss: 0.25325
[train: Epoch 43, 300 / 1875] FPS: 78.8 (353.8)  ,  DataTime: 0.321 (0.009)  ,  ForwardTime: 0.077  ,  TotalTime: 0.406  ,  Loss/total: 3.47289  ,  Loss/ce: 3.42243  ,  IoU: 0.77834  ,  pro_loss: 0.25233
[train: Epoch 43, 350 / 1875] FPS: 79.9 (362.2)  ,  DataTime: 0.315 (0.009)  ,  ForwardTime: 0.077  ,  TotalTime: 0.400  ,  Loss/total: 3.47089  ,  Loss/ce: 3.42045  ,  IoU: 0.77878  ,  pro_loss: 0.25223
[train: Epoch 43, 400 / 1875] FPS: 80.3 (356.9)  ,  DataTime: 0.313 (0.008)  ,  ForwardTime: 0.077  ,  TotalTime: 0.398  ,  Loss/total: 3.47021  ,  Loss/ce: 3.41967  ,  IoU: 0.77853  ,  pro_loss: 0.25271
[train: Epoch 43, 450 / 1875] FPS: 81.1 (361.5)  ,  DataTime: 0.310 (0.008)  ,  ForwardTime: 0.077  ,  TotalTime: 0.395  ,  Loss/total: 3.47049  ,  Loss/ce: 3.41993  ,  IoU: 0.77854  ,  pro_loss: 0.25280
[train: Epoch 43, 500 / 1875] FPS: 80.8 (350.7)  ,  DataTime: 0.311 (0.008)  ,  ForwardTime: 0.077  ,  TotalTime: 0.396  ,  Loss/total: 3.47024  ,  Loss/ce: 3.41956  ,  IoU: 0.77877  ,  pro_loss: 0.25340
[train: Epoch 43, 550 / 1875] FPS: 81.3 (361.6)  ,  DataTime: 0.309 (0.008)  ,  ForwardTime: 0.077  ,  TotalTime: 0.394  ,  Loss/total: 3.46910  ,  Loss/ce: 3.41854  ,  IoU: 0.77848  ,  pro_loss: 0.25277
[train: Epoch 43, 600 / 1875] FPS: 81.6 (357.2)  ,  DataTime: 0.307 (0.008)  ,  ForwardTime: 0.077  ,  TotalTime: 0.392  ,  Loss/total: 3.46704  ,  Loss/ce: 3.41650  ,  IoU: 0.77889  ,  pro_loss: 0.25266
[train: Epoch 43, 650 / 1875] FPS: 81.3 (358.5)  ,  DataTime: 0.309 (0.008)  ,  ForwardTime: 0.077  ,  TotalTime: 0.394  ,  Loss/total: 3.46924  ,  Loss/ce: 3.41877  ,  IoU: 0.77827  ,  pro_loss: 0.25234
[train: Epoch 43, 700 / 1875] FPS: 81.4 (360.6)  ,  DataTime: 0.308 (0.008)  ,  ForwardTime: 0.077  ,  TotalTime: 0.393  ,  Loss/total: 3.46884  ,  Loss/ce: 3.41838  ,  IoU: 0.77860  ,  pro_loss: 0.25234
[train: Epoch 43, 750 / 1875] FPS: 82.2 (351.8)  ,  DataTime: 0.305 (0.008)  ,  ForwardTime: 0.077  ,  TotalTime: 0.389  ,  Loss/total: 3.46894  ,  Loss/ce: 3.41861  ,  IoU: 0.77865  ,  pro_loss: 0.25165
[train: Epoch 43, 800 / 1875] FPS: 81.7 (14.3)  ,  DataTime: 0.307 (0.008)  ,  ForwardTime: 0.077  ,  TotalTime: 0.392  ,  Loss/total: 3.46885  ,  Loss/ce: 3.41855  ,  IoU: 0.77866  ,  pro_loss: 0.25148
[train: Epoch 43, 850 / 1875] FPS: 82.7 (348.5)  ,  DataTime: 0.302 (0.008)  ,  ForwardTime: 0.077  ,  TotalTime: 0.387  ,  Loss/total: 3.46814  ,  Loss/ce: 3.41784  ,  IoU: 0.77876  ,  pro_loss: 0.25150
[train: Epoch 43, 900 / 1875] FPS: 82.7 (48.2)  ,  DataTime: 0.302 (0.008)  ,  ForwardTime: 0.077  ,  TotalTime: 0.387  ,  Loss/total: 3.46673  ,  Loss/ce: 3.41649  ,  IoU: 0.77922  ,  pro_loss: 0.25122
[train: Epoch 43, 950 / 1875] FPS: 83.2 (348.6)  ,  DataTime: 0.300 (0.008)  ,  ForwardTime: 0.077  ,  TotalTime: 0.385  ,  Loss/total: 3.46741  ,  Loss/ce: 3.41714  ,  IoU: 0.77888  ,  pro_loss: 0.25135
[train: Epoch 43, 1000 / 1875] FPS: 83.4 (357.8)  ,  DataTime: 0.299 (0.008)  ,  ForwardTime: 0.077  ,  TotalTime: 0.384  ,  Loss/total: 3.46627  ,  Loss/ce: 3.41597  ,  IoU: 0.77893  ,  pro_loss: 0.25150
[train: Epoch 43, 1050 / 1875] FPS: 83.4 (356.0)  ,  DataTime: 0.299 (0.008)  ,  ForwardTime: 0.077  ,  TotalTime: 0.384  ,  Loss/total: 3.46589  ,  Loss/ce: 3.41560  ,  IoU: 0.77890  ,  pro_loss: 0.25148
[train: Epoch 43, 1100 / 1875] FPS: 83.8 (358.2)  ,  DataTime: 0.297 (0.008)  ,  ForwardTime: 0.077  ,  TotalTime: 0.382  ,  Loss/total: 3.46574  ,  Loss/ce: 3.41549  ,  IoU: 0.77911  ,  pro_loss: 0.25124
[train: Epoch 43, 1150 / 1875] FPS: 83.8 (18.6)  ,  DataTime: 0.297 (0.008)  ,  ForwardTime: 0.077  ,  TotalTime: 0.382  ,  Loss/total: 3.46530  ,  Loss/ce: 3.41508  ,  IoU: 0.77919  ,  pro_loss: 0.25111
[train: Epoch 43, 1200 / 1875] FPS: 83.9 (118.0)  ,  DataTime: 0.296 (0.008)  ,  ForwardTime: 0.077  ,  TotalTime: 0.381  ,  Loss/total: 3.46493  ,  Loss/ce: 3.41470  ,  IoU: 0.77922  ,  pro_loss: 0.25114
[train: Epoch 43, 1250 / 1875] FPS: 84.0 (345.4)  ,  DataTime: 0.296 (0.008)  ,  ForwardTime: 0.077  ,  TotalTime: 0.381  ,  Loss/total: 3.46423  ,  Loss/ce: 3.41404  ,  IoU: 0.77927  ,  pro_loss: 0.25095
[train: Epoch 43, 1300 / 1875] FPS: 84.1 (334.4)  ,  DataTime: 0.296 (0.008)  ,  ForwardTime: 0.077  ,  TotalTime: 0.381  ,  Loss/total: 3.46406  ,  Loss/ce: 3.41380  ,  IoU: 0.77924  ,  pro_loss: 0.25127
[train: Epoch 43, 1350 / 1875] FPS: 83.8 (11.7)  ,  DataTime: 0.297 (0.008)  ,  ForwardTime: 0.077  ,  TotalTime: 0.382  ,  Loss/total: 3.46364  ,  Loss/ce: 3.41340  ,  IoU: 0.77928  ,  pro_loss: 0.25123
[train: Epoch 43, 1400 / 1875] FPS: 84.2 (357.3)  ,  DataTime: 0.295 (0.008)  ,  ForwardTime: 0.077  ,  TotalTime: 0.380  ,  Loss/total: 3.46314  ,  Loss/ce: 3.41288  ,  IoU: 0.77953  ,  pro_loss: 0.25133
[train: Epoch 43, 1450 / 1875] FPS: 84.3 (345.0)  ,  DataTime: 0.295 (0.008)  ,  ForwardTime: 0.077  ,  TotalTime: 0.379  ,  Loss/total: 3.46317  ,  Loss/ce: 3.41296  ,  IoU: 0.77957  ,  pro_loss: 0.25108
[train: Epoch 43, 1500 / 1875] FPS: 84.4 (14.7)  ,  DataTime: 0.294 (0.008)  ,  ForwardTime: 0.077  ,  TotalTime: 0.379  ,  Loss/total: 3.46281  ,  Loss/ce: 3.41265  ,  IoU: 0.77962  ,  pro_loss: 0.25081
[train: Epoch 43, 1550 / 1875] FPS: 84.6 (349.9)  ,  DataTime: 0.294 (0.008)  ,  ForwardTime: 0.077  ,  TotalTime: 0.378  ,  Loss/total: 3.46273  ,  Loss/ce: 3.41258  ,  IoU: 0.77964  ,  pro_loss: 0.25076
[train: Epoch 43, 1600 / 1875] FPS: 84.8 (337.4)  ,  DataTime: 0.293 (0.008)  ,  ForwardTime: 0.077  ,  TotalTime: 0.378  ,  Loss/total: 3.46314  ,  Loss/ce: 3.41297  ,  IoU: 0.77970  ,  pro_loss: 0.25085
[train: Epoch 43, 1650 / 1875] FPS: 84.5 (18.4)  ,  DataTime: 0.294 (0.008)  ,  ForwardTime: 0.077  ,  TotalTime: 0.379  ,  Loss/total: 3.46246  ,  Loss/ce: 3.41228  ,  IoU: 0.77985  ,  pro_loss: 0.25092
[train: Epoch 43, 1700 / 1875] FPS: 84.7 (356.9)  ,  DataTime: 0.293 (0.008)  ,  ForwardTime: 0.077  ,  TotalTime: 0.378  ,  Loss/total: 3.46197  ,  Loss/ce: 3.41184  ,  IoU: 0.77991  ,  pro_loss: 0.25067
[train: Epoch 43, 1750 / 1875] FPS: 84.8 (355.5)  ,  DataTime: 0.292 (0.008)  ,  ForwardTime: 0.077  ,  TotalTime: 0.377  ,  Loss/total: 3.46266  ,  Loss/ce: 3.41254  ,  IoU: 0.77968  ,  pro_loss: 0.25063
[train: Epoch 43, 1800 / 1875] FPS: 84.7 (113.2)  ,  DataTime: 0.293 (0.008)  ,  ForwardTime: 0.077  ,  TotalTime: 0.378  ,  Loss/total: 3.46221  ,  Loss/ce: 3.41208  ,  IoU: 0.77982  ,  pro_loss: 0.25064
[train: Epoch 43, 1850 / 1875] FPS: 84.8 (356.0)  ,  DataTime: 0.292 (0.008)  ,  ForwardTime: 0.077  ,  TotalTime: 0.377  ,  Loss/total: 3.46293  ,  Loss/ce: 3.41280  ,  IoU: 0.77962  ,  pro_loss: 0.25064
[train: Epoch 43, 1875 / 1875] FPS: 85.1 (367.5)  ,  DataTime: 0.291 (0.008)  ,  ForwardTime: 0.077  ,  TotalTime: 0.376  ,  Loss/total: 3.46265  ,  Loss/ce: 3.41252  ,  IoU: 0.77959  ,  pro_loss: 0.25064
[train: Epoch 44, 50 / 1875] FPS: 79.1 (347.2)  ,  DataTime: 0.320 (0.008)  ,  ForwardTime: 0.076  ,  TotalTime: 0.404  ,  Loss/total: 3.44949  ,  Loss/ce: 3.40049  ,  IoU: 0.78281  ,  pro_loss: 0.24500
[train: Epoch 44, 100 / 1875] FPS: 84.7 (352.2)  ,  DataTime: 0.293 (0.008)  ,  ForwardTime: 0.077  ,  TotalTime: 0.378  ,  Loss/total: 3.45028  ,  Loss/ce: 3.40138  ,  IoU: 0.78188  ,  pro_loss: 0.24448
[train: Epoch 44, 150 / 1875] FPS: 87.9 (197.2)  ,  DataTime: 0.279 (0.008)  ,  ForwardTime: 0.077  ,  TotalTime: 0.364  ,  Loss/total: 3.44994  ,  Loss/ce: 3.40038  ,  IoU: 0.78273  ,  pro_loss: 0.24778
[train: Epoch 44, 200 / 1875] FPS: 88.0 (353.6)  ,  DataTime: 0.279 (0.008)  ,  ForwardTime: 0.077  ,  TotalTime: 0.364  ,  Loss/total: 3.45586  ,  Loss/ce: 3.40637  ,  IoU: 0.78169  ,  pro_loss: 0.24745
[train: Epoch 44, 250 / 1875] FPS: 86.1 (12.1)  ,  DataTime: 0.287 (0.008)  ,  ForwardTime: 0.077  ,  TotalTime: 0.372  ,  Loss/total: 3.45436  ,  Loss/ce: 3.40475  ,  IoU: 0.78255  ,  pro_loss: 0.24804
[train: Epoch 44, 300 / 1875] FPS: 86.8 (352.7)  ,  DataTime: 0.284 (0.008)  ,  ForwardTime: 0.077  ,  TotalTime: 0.369  ,  Loss/total: 3.45582  ,  Loss/ce: 3.40599  ,  IoU: 0.78218  ,  pro_loss: 0.24913
[train: Epoch 44, 350 / 1875] FPS: 87.0 (352.4)  ,  DataTime: 0.283 (0.008)  ,  ForwardTime: 0.077  ,  TotalTime: 0.368  ,  Loss/total: 3.45512  ,  Loss/ce: 3.40533  ,  IoU: 0.78189  ,  pro_loss: 0.24893
[train: Epoch 44, 400 / 1875] FPS: 86.7 (341.8)  ,  DataTime: 0.284 (0.008)  ,  ForwardTime: 0.077  ,  TotalTime: 0.369  ,  Loss/total: 3.45418  ,  Loss/ce: 3.40424  ,  IoU: 0.78211  ,  pro_loss: 0.24966
[train: Epoch 44, 450 / 1875] FPS: 87.0 (38.3)  ,  DataTime: 0.282 (0.009)  ,  ForwardTime: 0.077  ,  TotalTime: 0.368  ,  Loss/total: 3.45315  ,  Loss/ce: 3.40311  ,  IoU: 0.78208  ,  pro_loss: 0.25023
[train: Epoch 44, 500 / 1875] FPS: 86.0 (344.7)  ,  DataTime: 0.287 (0.009)  ,  ForwardTime: 0.077  ,  TotalTime: 0.372  ,  Loss/total: 3.45195  ,  Loss/ce: 3.40198  ,  IoU: 0.78227  ,  pro_loss: 0.24988
[train: Epoch 44, 550 / 1875] FPS: 85.9 (343.3)  ,  DataTime: 0.287 (0.009)  ,  ForwardTime: 0.077  ,  TotalTime: 0.373  ,  Loss/total: 3.45302  ,  Loss/ce: 3.40316  ,  IoU: 0.78198  ,  pro_loss: 0.24926
[train: Epoch 44, 600 / 1875] FPS: 86.2 (339.3)  ,  DataTime: 0.286 (0.009)  ,  ForwardTime: 0.077  ,  TotalTime: 0.371  ,  Loss/total: 3.45213  ,  Loss/ce: 3.40217  ,  IoU: 0.78221  ,  pro_loss: 0.24981
[train: Epoch 44, 650 / 1875] FPS: 85.4 (12.5)  ,  DataTime: 0.289 (0.009)  ,  ForwardTime: 0.077  ,  TotalTime: 0.375  ,  Loss/total: 3.45399  ,  Loss/ce: 3.40400  ,  IoU: 0.78142  ,  pro_loss: 0.24992
[train: Epoch 44, 700 / 1875] FPS: 85.9 (353.3)  ,  DataTime: 0.287 (0.009)  ,  ForwardTime: 0.077  ,  TotalTime: 0.373  ,  Loss/total: 3.45389  ,  Loss/ce: 3.40382  ,  IoU: 0.78117  ,  pro_loss: 0.25034
[train: Epoch 44, 750 / 1875] FPS: 85.3 (352.5)  ,  DataTime: 0.290 (0.009)  ,  ForwardTime: 0.077  ,  TotalTime: 0.375  ,  Loss/total: 3.45453  ,  Loss/ce: 3.40438  ,  IoU: 0.78053  ,  pro_loss: 0.25072
[train: Epoch 44, 800 / 1875] FPS: 85.5 (360.4)  ,  DataTime: 0.289 (0.009)  ,  ForwardTime: 0.077  ,  TotalTime: 0.374  ,  Loss/total: 3.45433  ,  Loss/ce: 3.40414  ,  IoU: 0.78083  ,  pro_loss: 0.25092
[train: Epoch 44, 850 / 1875] FPS: 85.4 (14.6)  ,  DataTime: 0.289 (0.009)  ,  ForwardTime: 0.077  ,  TotalTime: 0.375  ,  Loss/total: 3.45475  ,  Loss/ce: 3.40456  ,  IoU: 0.78071  ,  pro_loss: 0.25093
[train: Epoch 44, 900 / 1875] FPS: 85.5 (357.3)  ,  DataTime: 0.289 (0.009)  ,  ForwardTime: 0.077  ,  TotalTime: 0.374  ,  Loss/total: 3.45526  ,  Loss/ce: 3.40506  ,  IoU: 0.78070  ,  pro_loss: 0.25098
[train: Epoch 44, 950 / 1875] FPS: 85.3 (10.5)  ,  DataTime: 0.290 (0.008)  ,  ForwardTime: 0.077  ,  TotalTime: 0.375  ,  Loss/total: 3.45493  ,  Loss/ce: 3.40476  ,  IoU: 0.78067  ,  pro_loss: 0.25081
[train: Epoch 44, 1000 / 1875] FPS: 85.4 (364.0)  ,  DataTime: 0.289 (0.008)  ,  ForwardTime: 0.077  ,  TotalTime: 0.375  ,  Loss/total: 3.45525  ,  Loss/ce: 3.40512  ,  IoU: 0.78050  ,  pro_loss: 0.25065
[train: Epoch 44, 1050 / 1875] FPS: 85.9 (346.4)  ,  DataTime: 0.287 (0.008)  ,  ForwardTime: 0.077  ,  TotalTime: 0.372  ,  Loss/total: 3.45615  ,  Loss/ce: 3.40604  ,  IoU: 0.78036  ,  pro_loss: 0.25053
[train: Epoch 44, 1100 / 1875] FPS: 85.9 (27.5)  ,  DataTime: 0.287 (0.008)  ,  ForwardTime: 0.077  ,  TotalTime: 0.372  ,  Loss/total: 3.45443  ,  Loss/ce: 3.40433  ,  IoU: 0.78067  ,  pro_loss: 0.25050
[train: Epoch 44, 1150 / 1875] FPS: 86.5 (356.9)  ,  DataTime: 0.285 (0.008)  ,  ForwardTime: 0.077  ,  TotalTime: 0.370  ,  Loss/total: 3.45477  ,  Loss/ce: 3.40467  ,  IoU: 0.78053  ,  pro_loss: 0.25053
[train: Epoch 44, 1200 / 1875] FPS: 86.4 (363.7)  ,  DataTime: 0.285 (0.008)  ,  ForwardTime: 0.077  ,  TotalTime: 0.370  ,  Loss/total: 3.45538  ,  Loss/ce: 3.40526  ,  IoU: 0.78031  ,  pro_loss: 0.25058
[train: Epoch 44, 1250 / 1875] FPS: 86.6 (359.5)  ,  DataTime: 0.285 (0.008)  ,  ForwardTime: 0.077  ,  TotalTime: 0.370  ,  Loss/total: 3.45584  ,  Loss/ce: 3.40573  ,  IoU: 0.78033  ,  pro_loss: 0.25053
[train: Epoch 44, 1300 / 1875] FPS: 86.5 (17.9)  ,  DataTime: 0.285 (0.008)  ,  ForwardTime: 0.077  ,  TotalTime: 0.370  ,  Loss/total: 3.45689  ,  Loss/ce: 3.40680  ,  IoU: 0.78026  ,  pro_loss: 0.25048
[train: Epoch 44, 1350 / 1875] FPS: 86.8 (355.1)  ,  DataTime: 0.284 (0.008)  ,  ForwardTime: 0.077  ,  TotalTime: 0.369  ,  Loss/total: 3.45556  ,  Loss/ce: 3.40546  ,  IoU: 0.78059  ,  pro_loss: 0.25052
[train: Epoch 44, 1400 / 1875] FPS: 87.2 (356.5)  ,  DataTime: 0.282 (0.008)  ,  ForwardTime: 0.077  ,  TotalTime: 0.367  ,  Loss/total: 3.45448  ,  Loss/ce: 3.40440  ,  IoU: 0.78077  ,  pro_loss: 0.25044
[train: Epoch 44, 1450 / 1875] FPS: 87.2 (360.7)  ,  DataTime: 0.282 (0.008)  ,  ForwardTime: 0.077  ,  TotalTime: 0.367  ,  Loss/total: 3.45441  ,  Loss/ce: 3.40435  ,  IoU: 0.78084  ,  pro_loss: 0.25032
[train: Epoch 44, 1500 / 1875] FPS: 87.4 (361.9)  ,  DataTime: 0.281 (0.008)  ,  ForwardTime: 0.077  ,  TotalTime: 0.366  ,  Loss/total: 3.45492  ,  Loss/ce: 3.40483  ,  IoU: 0.78072  ,  pro_loss: 0.25047
[train: Epoch 44, 1550 / 1875] FPS: 87.3 (16.0)  ,  DataTime: 0.282 (0.008)  ,  ForwardTime: 0.077  ,  TotalTime: 0.367  ,  Loss/total: 3.45397  ,  Loss/ce: 3.40387  ,  IoU: 0.78103  ,  pro_loss: 0.25049
[train: Epoch 44, 1600 / 1875] FPS: 87.6 (339.2)  ,  DataTime: 0.280 (0.008)  ,  ForwardTime: 0.077  ,  TotalTime: 0.365  ,  Loss/total: 3.45354  ,  Loss/ce: 3.40342  ,  IoU: 0.78100  ,  pro_loss: 0.25063
[train: Epoch 44, 1650 / 1875] FPS: 87.4 (353.2)  ,  DataTime: 0.281 (0.008)  ,  ForwardTime: 0.077  ,  TotalTime: 0.366  ,  Loss/total: 3.45401  ,  Loss/ce: 3.40388  ,  IoU: 0.78077  ,  pro_loss: 0.25065
[train: Epoch 44, 1700 / 1875] FPS: 87.9 (357.4)  ,  DataTime: 0.279 (0.008)  ,  ForwardTime: 0.077  ,  TotalTime: 0.364  ,  Loss/total: 3.45454  ,  Loss/ce: 3.40439  ,  IoU: 0.78070  ,  pro_loss: 0.25075
[train: Epoch 44, 1750 / 1875] FPS: 88.0 (348.8)  ,  DataTime: 0.279 (0.008)  ,  ForwardTime: 0.077  ,  TotalTime: 0.364  ,  Loss/total: 3.45518  ,  Loss/ce: 3.40504  ,  IoU: 0.78069  ,  pro_loss: 0.25072
[train: Epoch 44, 1800 / 1875] FPS: 88.0 (39.2)  ,  DataTime: 0.279 (0.008)  ,  ForwardTime: 0.077  ,  TotalTime: 0.364  ,  Loss/total: 3.45483  ,  Loss/ce: 3.40469  ,  IoU: 0.78072  ,  pro_loss: 0.25072
[train: Epoch 44, 1850 / 1875] FPS: 88.0 (354.8)  ,  DataTime: 0.279 (0.008)  ,  ForwardTime: 0.077  ,  TotalTime: 0.364  ,  Loss/total: 3.45402  ,  Loss/ce: 3.40388  ,  IoU: 0.78091  ,  pro_loss: 0.25072
[train: Epoch 44, 1875 / 1875] FPS: 88.4 (103.3)  ,  DataTime: 0.277 (0.008)  ,  ForwardTime: 0.077  ,  TotalTime: 0.362  ,  Loss/total: 3.45447  ,  Loss/ce: 3.40434  ,  IoU: 0.78081  ,  pro_loss: 0.25063
[train: Epoch 45, 50 / 1875] FPS: 78.9 (359.8)  ,  DataTime: 0.320 (0.009)  ,  ForwardTime: 0.077  ,  TotalTime: 0.406  ,  Loss/total: 3.46730  ,  Loss/ce: 3.41693  ,  IoU: 0.78337  ,  pro_loss: 0.25188
[train: Epoch 45, 100 / 1875] FPS: 84.5 (364.1)  ,  DataTime: 0.294 (0.008)  ,  ForwardTime: 0.077  ,  TotalTime: 0.378  ,  Loss/total: 3.47140  ,  Loss/ce: 3.42025  ,  IoU: 0.77877  ,  pro_loss: 0.25573
[train: Epoch 45, 150 / 1875] FPS: 88.9 (353.1)  ,  DataTime: 0.275 (0.008)  ,  ForwardTime: 0.077  ,  TotalTime: 0.360  ,  Loss/total: 3.45892  ,  Loss/ce: 3.40749  ,  IoU: 0.78168  ,  pro_loss: 0.25715
[train: Epoch 45, 200 / 1875] FPS: 90.4 (357.8)  ,  DataTime: 0.269 (0.008)  ,  ForwardTime: 0.077  ,  TotalTime: 0.354  ,  Loss/total: 3.45572  ,  Loss/ce: 3.40444  ,  IoU: 0.78260  ,  pro_loss: 0.25641
[train: Epoch 45, 250 / 1875] FPS: 90.9 (363.0)  ,  DataTime: 0.267 (0.008)  ,  ForwardTime: 0.077  ,  TotalTime: 0.352  ,  Loss/total: 3.45518  ,  Loss/ce: 3.40421  ,  IoU: 0.78278  ,  pro_loss: 0.25488
[train: Epoch 45, 300 / 1875] FPS: 91.8 (359.5)  ,  DataTime: 0.264 (0.008)  ,  ForwardTime: 0.077  ,  TotalTime: 0.349  ,  Loss/total: 3.45221  ,  Loss/ce: 3.40131  ,  IoU: 0.78332  ,  pro_loss: 0.25451
[train: Epoch 45, 350 / 1875] FPS: 91.7 (357.3)  ,  DataTime: 0.264 (0.008)  ,  ForwardTime: 0.077  ,  TotalTime: 0.349  ,  Loss/total: 3.45655  ,  Loss/ce: 3.40576  ,  IoU: 0.78161  ,  pro_loss: 0.25393
[train: Epoch 45, 400 / 1875] FPS: 92.4 (52.0)  ,  DataTime: 0.261 (0.008)  ,  ForwardTime: 0.077  ,  TotalTime: 0.346  ,  Loss/total: 3.45798  ,  Loss/ce: 3.40728  ,  IoU: 0.78062  ,  pro_loss: 0.25346
[train: Epoch 45, 450 / 1875] FPS: 92.5 (31.2)  ,  DataTime: 0.261 (0.008)  ,  ForwardTime: 0.077  ,  TotalTime: 0.346  ,  Loss/total: 3.45908  ,  Loss/ce: 3.40840  ,  IoU: 0.77990  ,  pro_loss: 0.25343
[train: Epoch 45, 500 / 1875] FPS: 93.3 (355.8)  ,  DataTime: 0.258 (0.008)  ,  ForwardTime: 0.077  ,  TotalTime: 0.343  ,  Loss/total: 3.45997  ,  Loss/ce: 3.40929  ,  IoU: 0.77910  ,  pro_loss: 0.25338
[train: Epoch 45, 550 / 1875] FPS: 93.1 (124.2)  ,  DataTime: 0.259 (0.008)  ,  ForwardTime: 0.077  ,  TotalTime: 0.344  ,  Loss/total: 3.46040  ,  Loss/ce: 3.40977  ,  IoU: 0.77869  ,  pro_loss: 0.25314
[train: Epoch 45, 600 / 1875] FPS: 92.7 (356.2)  ,  DataTime: 0.261 (0.008)  ,  ForwardTime: 0.077  ,  TotalTime: 0.345  ,  Loss/total: 3.46188  ,  Loss/ce: 3.41128  ,  IoU: 0.77850  ,  pro_loss: 0.25300
[train: Epoch 45, 650 / 1875] FPS: 92.7 (354.8)  ,  DataTime: 0.260 (0.008)  ,  ForwardTime: 0.077  ,  TotalTime: 0.345  ,  Loss/total: 3.46239  ,  Loss/ce: 3.41189  ,  IoU: 0.77823  ,  pro_loss: 0.25252
[train: Epoch 45, 700 / 1875] FPS: 93.4 (352.5)  ,  DataTime: 0.258 (0.008)  ,  ForwardTime: 0.077  ,  TotalTime: 0.343  ,  Loss/total: 3.46122  ,  Loss/ce: 3.41075  ,  IoU: 0.77841  ,  pro_loss: 0.25235
[train: Epoch 45, 750 / 1875] FPS: 93.6 (358.9)  ,  DataTime: 0.257 (0.008)  ,  ForwardTime: 0.077  ,  TotalTime: 0.342  ,  Loss/total: 3.46178  ,  Loss/ce: 3.41124  ,  IoU: 0.77875  ,  pro_loss: 0.25269
[train: Epoch 45, 800 / 1875] FPS: 94.0 (356.8)  ,  DataTime: 0.256 (0.008)  ,  ForwardTime: 0.077  ,  TotalTime: 0.341  ,  Loss/total: 3.46043  ,  Loss/ce: 3.40985  ,  IoU: 0.77910  ,  pro_loss: 0.25290
[train: Epoch 45, 850 / 1875] FPS: 93.6 (18.8)  ,  DataTime: 0.257 (0.008)  ,  ForwardTime: 0.077  ,  TotalTime: 0.342  ,  Loss/total: 3.46027  ,  Loss/ce: 3.40973  ,  IoU: 0.77886  ,  pro_loss: 0.25270
[train: Epoch 45, 900 / 1875] FPS: 94.1 (353.5)  ,  DataTime: 0.255 (0.008)  ,  ForwardTime: 0.077  ,  TotalTime: 0.340  ,  Loss/total: 3.46172  ,  Loss/ce: 3.41119  ,  IoU: 0.77876  ,  pro_loss: 0.25264
[train: Epoch 45, 950 / 1875] FPS: 94.4 (340.5)  ,  DataTime: 0.254 (0.008)  ,  ForwardTime: 0.077  ,  TotalTime: 0.339  ,  Loss/total: 3.46116  ,  Loss/ce: 3.41063  ,  IoU: 0.77901  ,  pro_loss: 0.25266
[train: Epoch 45, 1000 / 1875] FPS: 94.0 (338.8)  ,  DataTime: 0.256 (0.008)  ,  ForwardTime: 0.077  ,  TotalTime: 0.341  ,  Loss/total: 3.46128  ,  Loss/ce: 3.41080  ,  IoU: 0.77888  ,  pro_loss: 0.25243
[train: Epoch 45, 1050 / 1875] FPS: 93.8 (348.9)  ,  DataTime: 0.256 (0.008)  ,  ForwardTime: 0.077  ,  TotalTime: 0.341  ,  Loss/total: 3.46177  ,  Loss/ce: 3.41135  ,  IoU: 0.77882  ,  pro_loss: 0.25212
[train: Epoch 45, 1100 / 1875] FPS: 94.3 (351.2)  ,  DataTime: 0.254 (0.008)  ,  ForwardTime: 0.077  ,  TotalTime: 0.339  ,  Loss/total: 3.46063  ,  Loss/ce: 3.41019  ,  IoU: 0.77887  ,  pro_loss: 0.25221
[train: Epoch 45, 1150 / 1875] FPS: 94.0 (356.6)  ,  DataTime: 0.255 (0.008)  ,  ForwardTime: 0.077  ,  TotalTime: 0.340  ,  Loss/total: 3.46039  ,  Loss/ce: 3.40995  ,  IoU: 0.77885  ,  pro_loss: 0.25223
[train: Epoch 45, 1200 / 1875] FPS: 93.9 (64.2)  ,  DataTime: 0.256 (0.008)  ,  ForwardTime: 0.077  ,  TotalTime: 0.341  ,  Loss/total: 3.45990  ,  Loss/ce: 3.40951  ,  IoU: 0.77898  ,  pro_loss: 0.25195
[train: Epoch 45, 1250 / 1875] FPS: 94.1 (335.4)  ,  DataTime: 0.255 (0.008)  ,  ForwardTime: 0.077  ,  TotalTime: 0.340  ,  Loss/total: 3.45922  ,  Loss/ce: 3.40882  ,  IoU: 0.77895  ,  pro_loss: 0.25201
[train: Epoch 45, 1300 / 1875] FPS: 93.8 (351.0)  ,  DataTime: 0.256 (0.008)  ,  ForwardTime: 0.077  ,  TotalTime: 0.341  ,  Loss/total: 3.45984  ,  Loss/ce: 3.40950  ,  IoU: 0.77879  ,  pro_loss: 0.25167
[train: Epoch 45, 1350 / 1875] FPS: 93.7 (17.0)  ,  DataTime: 0.256 (0.008)  ,  ForwardTime: 0.077  ,  TotalTime: 0.341  ,  Loss/total: 3.46024  ,  Loss/ce: 3.40987  ,  IoU: 0.77884  ,  pro_loss: 0.25185
[train: Epoch 45, 1400 / 1875] FPS: 93.9 (343.4)  ,  DataTime: 0.256 (0.008)  ,  ForwardTime: 0.077  ,  TotalTime: 0.341  ,  Loss/total: 3.46019  ,  Loss/ce: 3.40981  ,  IoU: 0.77883  ,  pro_loss: 0.25187
[train: Epoch 45, 1450 / 1875] FPS: 93.6 (349.2)  ,  DataTime: 0.257 (0.008)  ,  ForwardTime: 0.077  ,  TotalTime: 0.342  ,  Loss/total: 3.46070  ,  Loss/ce: 3.41035  ,  IoU: 0.77859  ,  pro_loss: 0.25176
[train: Epoch 45, 1500 / 1875] FPS: 93.7 (359.5)  ,  DataTime: 0.257 (0.008)  ,  ForwardTime: 0.077  ,  TotalTime: 0.342  ,  Loss/total: 3.46078  ,  Loss/ce: 3.41043  ,  IoU: 0.77845  ,  pro_loss: 0.25178
[train: Epoch 45, 1550 / 1875] FPS: 93.5 (367.6)  ,  DataTime: 0.257 (0.008)  ,  ForwardTime: 0.077  ,  TotalTime: 0.342  ,  Loss/total: 3.46022  ,  Loss/ce: 3.40984  ,  IoU: 0.77857  ,  pro_loss: 0.25190
[train: Epoch 45, 1600 / 1875] FPS: 93.5 (353.4)  ,  DataTime: 0.257 (0.008)  ,  ForwardTime: 0.077  ,  TotalTime: 0.342  ,  Loss/total: 3.46066  ,  Loss/ce: 3.41031  ,  IoU: 0.77841  ,  pro_loss: 0.25172
[train: Epoch 45, 1650 / 1875] FPS: 92.9 (13.1)  ,  DataTime: 0.259 (0.008)  ,  ForwardTime: 0.077  ,  TotalTime: 0.344  ,  Loss/total: 3.45989  ,  Loss/ce: 3.40953  ,  IoU: 0.77858  ,  pro_loss: 0.25180
[train: Epoch 45, 1700 / 1875] FPS: 92.8 (341.9)  ,  DataTime: 0.260 (0.008)  ,  ForwardTime: 0.077  ,  TotalTime: 0.345  ,  Loss/total: 3.45929  ,  Loss/ce: 3.40892  ,  IoU: 0.77867  ,  pro_loss: 0.25185
[train: Epoch 45, 1750 / 1875] FPS: 92.6 (350.8)  ,  DataTime: 0.261 (0.008)  ,  ForwardTime: 0.077  ,  TotalTime: 0.346  ,  Loss/total: 3.45938  ,  Loss/ce: 3.40906  ,  IoU: 0.77873  ,  pro_loss: 0.25159
[train: Epoch 45, 1800 / 1875] FPS: 92.2 (339.0)  ,  DataTime: 0.262 (0.008)  ,  ForwardTime: 0.077  ,  TotalTime: 0.347  ,  Loss/total: 3.45906  ,  Loss/ce: 3.40874  ,  IoU: 0.77892  ,  pro_loss: 0.25163
[train: Epoch 45, 1850 / 1875] FPS: 91.9 (23.0)  ,  DataTime: 0.263 (0.008)  ,  ForwardTime: 0.077  ,  TotalTime: 0.348  ,  Loss/total: 3.45890  ,  Loss/ce: 3.40859  ,  IoU: 0.77898  ,  pro_loss: 0.25151
[train: Epoch 45, 1875 / 1875] FPS: 92.1 (54.0)  ,  DataTime: 0.262 (0.008)  ,  ForwardTime: 0.077  ,  TotalTime: 0.347  ,  Loss/total: 3.45888  ,  Loss/ce: 3.40857  ,  IoU: 0.77899  ,  pro_loss: 0.25153
[val: Epoch 45, 50 / 312] FPS: 69.4 (538.7)  ,  DataTime: 0.403 (0.010)  ,  ForwardTime: 0.048  ,  TotalTime: 0.461  ,  Loss/total: nan  ,  Loss/giou: 0.24992  ,  Loss/l1: 0.02144  ,  Loss/location: nan  ,  pro_loss: 0.26938  ,  IoU: 0.76665
[val: Epoch 45, 100 / 312] FPS: 75.6 (568.9)  ,  DataTime: 0.369 (0.009)  ,  ForwardTime: 0.045  ,  TotalTime: 0.423  ,  Loss/total: nan  ,  Loss/giou: 0.25754  ,  Loss/l1: 0.02280  ,  Loss/location: nan  ,  pro_loss: 0.26813  ,  IoU: 0.76117
[val: Epoch 45, 150 / 312] FPS: 79.1 (78.6)  ,  DataTime: 0.352 (0.009)  ,  ForwardTime: 0.044  ,  TotalTime: 0.405  ,  Loss/total: nan  ,  Loss/giou: 0.25257  ,  Loss/l1: 0.02208  ,  Loss/location: nan  ,  pro_loss: 0.26771  ,  IoU: 0.76480
[val: Epoch 45, 200 / 312] FPS: 80.4 (557.0)  ,  DataTime: 0.346 (0.009)  ,  ForwardTime: 0.043  ,  TotalTime: 0.398  ,  Loss/total: nan  ,  Loss/giou: 0.25203  ,  Loss/l1: 0.02212  ,  Loss/location: nan  ,  pro_loss: 0.26406  ,  IoU: 0.76540
[val: Epoch 45, 250 / 312] FPS: 80.4 (566.5)  ,  DataTime: 0.346 (0.009)  ,  ForwardTime: 0.043  ,  TotalTime: 0.398  ,  Loss/total: nan  ,  Loss/giou: 0.25253  ,  Loss/l1: 0.02215  ,  Loss/location: nan  ,  pro_loss: 0.26388  ,  IoU: 0.76520
[val: Epoch 45, 300 / 312] FPS: 82.6 (607.9)  ,  DataTime: 0.335 (0.009)  ,  ForwardTime: 0.043  ,  TotalTime: 0.387  ,  Loss/total: nan  ,  Loss/giou: 0.25450  ,  Loss/l1: 0.02248  ,  Loss/location: nan  ,  pro_loss: 0.26333  ,  IoU: 0.76377
[val: Epoch 45, 312 / 312] FPS: 83.8 (57.0)  ,  DataTime: 0.330 (0.009)  ,  ForwardTime: 0.042  ,  TotalTime: 0.382  ,  Loss/total: nan  ,  Loss/giou: 0.25466  ,  Loss/l1: 0.02247  ,  Loss/location: nan  ,  pro_loss: 0.26362  ,  IoU: 0.76357
[train: Epoch 46, 50 / 1875] FPS: 68.6 (350.6)  ,  DataTime: 0.381 (0.008)  ,  ForwardTime: 0.077  ,  TotalTime: 0.466  ,  Loss/total: 3.44211  ,  Loss/ce: 3.39073  ,  IoU: 0.78198  ,  pro_loss: 0.25688
[train: Epoch 46, 100 / 1875] FPS: 76.9 (359.6)  ,  DataTime: 0.331 (0.008)  ,  ForwardTime: 0.077  ,  TotalTime: 0.416  ,  Loss/total: 3.45007  ,  Loss/ce: 3.39886  ,  IoU: 0.78245  ,  pro_loss: 0.25604
[train: Epoch 46, 150 / 1875] FPS: 79.0 (351.4)  ,  DataTime: 0.320 (0.008)  ,  ForwardTime: 0.077  ,  TotalTime: 0.405  ,  Loss/total: 3.45804  ,  Loss/ce: 3.40698  ,  IoU: 0.77938  ,  pro_loss: 0.25528
[train: Epoch 46, 200 / 1875] FPS: 82.2 (155.5)  ,  DataTime: 0.304 (0.008)  ,  ForwardTime: 0.077  ,  TotalTime: 0.389  ,  Loss/total: 3.45905  ,  Loss/ce: 3.40857  ,  IoU: 0.78072  ,  pro_loss: 0.25240
[train: Epoch 46, 250 / 1875] FPS: 81.2 (357.9)  ,  DataTime: 0.309 (0.008)  ,  ForwardTime: 0.077  ,  TotalTime: 0.394  ,  Loss/total: 3.45353  ,  Loss/ce: 3.40314  ,  IoU: 0.78177  ,  pro_loss: 0.25196
[train: Epoch 46, 300 / 1875] FPS: 81.7 (351.4)  ,  DataTime: 0.307 (0.008)  ,  ForwardTime: 0.077  ,  TotalTime: 0.391  ,  Loss/total: 3.45724  ,  Loss/ce: 3.40674  ,  IoU: 0.78059  ,  pro_loss: 0.25250
[train: Epoch 46, 350 / 1875] FPS: 83.7 (364.7)  ,  DataTime: 0.297 (0.008)  ,  ForwardTime: 0.077  ,  TotalTime: 0.382  ,  Loss/total: 3.45744  ,  Loss/ce: 3.40704  ,  IoU: 0.78019  ,  pro_loss: 0.25202
[train: Epoch 46, 400 / 1875] FPS: 84.3 (359.6)  ,  DataTime: 0.295 (0.008)  ,  ForwardTime: 0.077  ,  TotalTime: 0.379  ,  Loss/total: 3.45717  ,  Loss/ce: 3.40658  ,  IoU: 0.78032  ,  pro_loss: 0.25294
[train: Epoch 46, 450 / 1875] FPS: 84.4 (352.0)  ,  DataTime: 0.294 (0.008)  ,  ForwardTime: 0.077  ,  TotalTime: 0.379  ,  Loss/total: 3.45798  ,  Loss/ce: 3.40745  ,  IoU: 0.78028  ,  pro_loss: 0.25262
[train: Epoch 46, 500 / 1875] FPS: 84.8 (351.1)  ,  DataTime: 0.293 (0.008)  ,  ForwardTime: 0.077  ,  TotalTime: 0.377  ,  Loss/total: 3.45719  ,  Loss/ce: 3.40665  ,  IoU: 0.78058  ,  pro_loss: 0.25273
[train: Epoch 46, 550 / 1875] FPS: 83.6 (37.8)  ,  DataTime: 0.298 (0.008)  ,  ForwardTime: 0.077  ,  TotalTime: 0.383  ,  Loss/total: 3.45604  ,  Loss/ce: 3.40547  ,  IoU: 0.78098  ,  pro_loss: 0.25286
[train: Epoch 46, 600 / 1875] FPS: 83.6 (22.3)  ,  DataTime: 0.298 (0.008)  ,  ForwardTime: 0.077  ,  TotalTime: 0.383  ,  Loss/total: 3.45648  ,  Loss/ce: 3.40589  ,  IoU: 0.78081  ,  pro_loss: 0.25295
[train: Epoch 46, 650 / 1875] FPS: 82.6 (335.6)  ,  DataTime: 0.303 (0.008)  ,  ForwardTime: 0.077  ,  TotalTime: 0.388  ,  Loss/total: 3.45725  ,  Loss/ce: 3.40665  ,  IoU: 0.78078  ,  pro_loss: 0.25303
[train: Epoch 46, 700 / 1875] FPS: 83.1 (349.5)  ,  DataTime: 0.300 (0.008)  ,  ForwardTime: 0.077  ,  TotalTime: 0.385  ,  Loss/total: 3.45525  ,  Loss/ce: 3.40465  ,  IoU: 0.78131  ,  pro_loss: 0.25298
[train: Epoch 46, 750 / 1875] FPS: 82.3 (15.4)  ,  DataTime: 0.304 (0.008)  ,  ForwardTime: 0.077  ,  TotalTime: 0.389  ,  Loss/total: 3.45851  ,  Loss/ce: 3.40795  ,  IoU: 0.78067  ,  pro_loss: 0.25279
[train: Epoch 46, 800 / 1875] FPS: 82.2 (354.2)  ,  DataTime: 0.304 (0.008)  ,  ForwardTime: 0.077  ,  TotalTime: 0.389  ,  Loss/total: 3.45665  ,  Loss/ce: 3.40604  ,  IoU: 0.78123  ,  pro_loss: 0.25304
[train: Epoch 46, 850 / 1875] FPS: 82.3 (355.3)  ,  DataTime: 0.304 (0.008)  ,  ForwardTime: 0.077  ,  TotalTime: 0.389  ,  Loss/total: 3.45585  ,  Loss/ce: 3.40521  ,  IoU: 0.78124  ,  pro_loss: 0.25322
[train: Epoch 46, 900 / 1875] FPS: 82.8 (347.2)  ,  DataTime: 0.302 (0.008)  ,  ForwardTime: 0.077  ,  TotalTime: 0.387  ,  Loss/total: 3.45514  ,  Loss/ce: 3.40451  ,  IoU: 0.78124  ,  pro_loss: 0.25316
[train: Epoch 46, 950 / 1875] FPS: 82.6 (17.7)  ,  DataTime: 0.302 (0.008)  ,  ForwardTime: 0.077  ,  TotalTime: 0.387  ,  Loss/total: 3.45439  ,  Loss/ce: 3.40378  ,  IoU: 0.78131  ,  pro_loss: 0.25304
[train: Epoch 46, 1000 / 1875] FPS: 82.8 (357.0)  ,  DataTime: 0.301 (0.008)  ,  ForwardTime: 0.077  ,  TotalTime: 0.386  ,  Loss/total: 3.45530  ,  Loss/ce: 3.40473  ,  IoU: 0.78114  ,  pro_loss: 0.25282
[train: Epoch 46, 1050 / 1875] FPS: 82.7 (349.8)  ,  DataTime: 0.302 (0.008)  ,  ForwardTime: 0.077  ,  TotalTime: 0.387  ,  Loss/total: 3.45490  ,  Loss/ce: 3.40434  ,  IoU: 0.78117  ,  pro_loss: 0.25282
[train: Epoch 46, 1100 / 1875] FPS: 82.6 (348.1)  ,  DataTime: 0.302 (0.008)  ,  ForwardTime: 0.077  ,  TotalTime: 0.387  ,  Loss/total: 3.45428  ,  Loss/ce: 3.40368  ,  IoU: 0.78094  ,  pro_loss: 0.25299
[train: Epoch 46, 1150 / 1875] FPS: 82.3 (356.5)  ,  DataTime: 0.304 (0.008)  ,  ForwardTime: 0.077  ,  TotalTime: 0.389  ,  Loss/total: 3.45481  ,  Loss/ce: 3.40421  ,  IoU: 0.78088  ,  pro_loss: 0.25299
[train: Epoch 46, 1200 / 1875] FPS: 82.3 (356.9)  ,  DataTime: 0.304 (0.008)  ,  ForwardTime: 0.077  ,  TotalTime: 0.389  ,  Loss/total: 3.45312  ,  Loss/ce: 3.40250  ,  IoU: 0.78101  ,  pro_loss: 0.25307
[train: Epoch 46, 1250 / 1875] FPS: 82.1 (352.2)  ,  DataTime: 0.305 (0.008)  ,  ForwardTime: 0.077  ,  TotalTime: 0.390  ,  Loss/total: 3.45363  ,  Loss/ce: 3.40305  ,  IoU: 0.78088  ,  pro_loss: 0.25290
[train: Epoch 46, 1300 / 1875] FPS: 81.9 (51.7)  ,  DataTime: 0.305 (0.008)  ,  ForwardTime: 0.077  ,  TotalTime: 0.391  ,  Loss/total: 3.45520  ,  Loss/ce: 3.40463  ,  IoU: 0.78056  ,  pro_loss: 0.25288
[train: Epoch 46, 1350 / 1875] FPS: 81.9 (361.2)  ,  DataTime: 0.306 (0.008)  ,  ForwardTime: 0.077  ,  TotalTime: 0.391  ,  Loss/total: 3.45559  ,  Loss/ce: 3.40503  ,  IoU: 0.78058  ,  pro_loss: 0.25280
[train: Epoch 46, 1400 / 1875] FPS: 81.9 (357.7)  ,  DataTime: 0.306 (0.008)  ,  ForwardTime: 0.077  ,  TotalTime: 0.391  ,  Loss/total: 3.45569  ,  Loss/ce: 3.40514  ,  IoU: 0.78055  ,  pro_loss: 0.25274
[train: Epoch 46, 1450 / 1875] FPS: 81.8 (358.0)  ,  DataTime: 0.306 (0.008)  ,  ForwardTime: 0.077  ,  TotalTime: 0.391  ,  Loss/total: 3.45580  ,  Loss/ce: 3.40525  ,  IoU: 0.78046  ,  pro_loss: 0.25276
[train: Epoch 46, 1500 / 1875] FPS: 82.1 (79.7)  ,  DataTime: 0.305 (0.008)  ,  ForwardTime: 0.077  ,  TotalTime: 0.390  ,  Loss/total: 3.45611  ,  Loss/ce: 3.40559  ,  IoU: 0.78051  ,  pro_loss: 0.25258
[train: Epoch 46, 1550 / 1875] FPS: 81.9 (23.6)  ,  DataTime: 0.306 (0.008)  ,  ForwardTime: 0.077  ,  TotalTime: 0.391  ,  Loss/total: 3.45592  ,  Loss/ce: 3.40544  ,  IoU: 0.78058  ,  pro_loss: 0.25241
[train: Epoch 46, 1600 / 1875] FPS: 81.2 (354.6)  ,  DataTime: 0.309 (0.008)  ,  ForwardTime: 0.077  ,  TotalTime: 0.394  ,  Loss/total: 3.45648  ,  Loss/ce: 3.40601  ,  IoU: 0.78032  ,  pro_loss: 0.25232
[train: Epoch 46, 1650 / 1875] FPS: 81.1 (351.6)  ,  DataTime: 0.310 (0.008)  ,  ForwardTime: 0.077  ,  TotalTime: 0.395  ,  Loss/total: 3.45587  ,  Loss/ce: 3.40544  ,  IoU: 0.78053  ,  pro_loss: 0.25215
[train: Epoch 46, 1700 / 1875] FPS: 80.8 (359.3)  ,  DataTime: 0.311 (0.008)  ,  ForwardTime: 0.077  ,  TotalTime: 0.396  ,  Loss/total: 3.45516  ,  Loss/ce: 3.40472  ,  IoU: 0.78065  ,  pro_loss: 0.25218
[train: Epoch 46, 1750 / 1875] FPS: 80.9 (353.1)  ,  DataTime: 0.311 (0.008)  ,  ForwardTime: 0.077  ,  TotalTime: 0.396  ,  Loss/total: 3.45548  ,  Loss/ce: 3.40505  ,  IoU: 0.78067  ,  pro_loss: 0.25217
[train: Epoch 46, 1800 / 1875] FPS: 80.5 (365.6)  ,  DataTime: 0.313 (0.008)  ,  ForwardTime: 0.077  ,  TotalTime: 0.398  ,  Loss/total: 3.45475  ,  Loss/ce: 3.40431  ,  IoU: 0.78080  ,  pro_loss: 0.25219
[train: Epoch 46, 1850 / 1875] FPS: 80.3 (366.0)  ,  DataTime: 0.313 (0.008)  ,  ForwardTime: 0.077  ,  TotalTime: 0.398  ,  Loss/total: 3.45477  ,  Loss/ce: 3.40429  ,  IoU: 0.78083  ,  pro_loss: 0.25236
[train: Epoch 46, 1875 / 1875] FPS: 80.4 (51.2)  ,  DataTime: 0.313 (0.008)  ,  ForwardTime: 0.077  ,  TotalTime: 0.398  ,  Loss/total: 3.45554  ,  Loss/ce: 3.40508  ,  IoU: 0.78069  ,  pro_loss: 0.25231
[train: Epoch 47, 50 / 1875] FPS: 66.1 (27.0)  ,  DataTime: 0.399 (0.008)  ,  ForwardTime: 0.077  ,  TotalTime: 0.484  ,  Loss/total: 3.45312  ,  Loss/ce: 3.40312  ,  IoU: 0.78190  ,  pro_loss: 0.25000
[train: Epoch 47, 100 / 1875] FPS: 69.4 (350.3)  ,  DataTime: 0.376 (0.008)  ,  ForwardTime: 0.077  ,  TotalTime: 0.461  ,  Loss/total: 3.44575  ,  Loss/ce: 3.39548  ,  IoU: 0.78294  ,  pro_loss: 0.25135
[train: Epoch 47, 150 / 1875] FPS: 71.1 (19.1)  ,  DataTime: 0.365 (0.008)  ,  ForwardTime: 0.077  ,  TotalTime: 0.450  ,  Loss/total: 3.44965  ,  Loss/ce: 3.39943  ,  IoU: 0.78107  ,  pro_loss: 0.25111
[train: Epoch 47, 200 / 1875] FPS: 73.5 (362.4)  ,  DataTime: 0.350 (0.008)  ,  ForwardTime: 0.077  ,  TotalTime: 0.435  ,  Loss/total: 3.44443  ,  Loss/ce: 3.39433  ,  IoU: 0.78171  ,  pro_loss: 0.25052
[train: Epoch 47, 250 / 1875] FPS: 72.3 (10.4)  ,  DataTime: 0.358 (0.008)  ,  ForwardTime: 0.077  ,  TotalTime: 0.443  ,  Loss/total: 3.44961  ,  Loss/ce: 3.39957  ,  IoU: 0.78077  ,  pro_loss: 0.25021
[train: Epoch 47, 300 / 1875] FPS: 72.9 (359.2)  ,  DataTime: 0.354 (0.008)  ,  ForwardTime: 0.077  ,  TotalTime: 0.439  ,  Loss/total: 3.45115  ,  Loss/ce: 3.40128  ,  IoU: 0.77999  ,  pro_loss: 0.24938
[train: Epoch 47, 350 / 1875] FPS: 74.4 (352.9)  ,  DataTime: 0.345 (0.008)  ,  ForwardTime: 0.077  ,  TotalTime: 0.430  ,  Loss/total: 3.45387  ,  Loss/ce: 3.40371  ,  IoU: 0.77965  ,  pro_loss: 0.25077
[train: Epoch 47, 400 / 1875] FPS: 75.1 (361.6)  ,  DataTime: 0.341 (0.008)  ,  ForwardTime: 0.077  ,  TotalTime: 0.426  ,  Loss/total: 3.45176  ,  Loss/ce: 3.40163  ,  IoU: 0.78022  ,  pro_loss: 0.25062
[train: Epoch 47, 450 / 1875] FPS: 75.3 (27.8)  ,  DataTime: 0.340 (0.008)  ,  ForwardTime: 0.077  ,  TotalTime: 0.425  ,  Loss/total: 3.45474  ,  Loss/ce: 3.40471  ,  IoU: 0.77987  ,  pro_loss: 0.25016
[train: Epoch 47, 500 / 1875] FPS: 75.7 (357.3)  ,  DataTime: 0.338 (0.008)  ,  ForwardTime: 0.077  ,  TotalTime: 0.423  ,  Loss/total: 3.45507  ,  Loss/ce: 3.40516  ,  IoU: 0.77970  ,  pro_loss: 0.24956
[train: Epoch 47, 550 / 1875] FPS: 75.7 (14.5)  ,  DataTime: 0.338 (0.008)  ,  ForwardTime: 0.077  ,  TotalTime: 0.423  ,  Loss/total: 3.45407  ,  Loss/ce: 3.40407  ,  IoU: 0.78028  ,  pro_loss: 0.25000
[train: Epoch 47, 600 / 1875] FPS: 77.0 (358.5)  ,  DataTime: 0.331 (0.008)  ,  ForwardTime: 0.077  ,  TotalTime: 0.416  ,  Loss/total: 3.45442  ,  Loss/ce: 3.40438  ,  IoU: 0.78015  ,  pro_loss: 0.25019
[train: Epoch 47, 650 / 1875] FPS: 76.6 (325.7)  ,  DataTime: 0.333 (0.008)  ,  ForwardTime: 0.077  ,  TotalTime: 0.418  ,  Loss/total: 3.45655  ,  Loss/ce: 3.40646  ,  IoU: 0.77993  ,  pro_loss: 0.25048
[train: Epoch 47, 700 / 1875] FPS: 76.9 (365.1)  ,  DataTime: 0.331 (0.008)  ,  ForwardTime: 0.077  ,  TotalTime: 0.416  ,  Loss/total: 3.45745  ,  Loss/ce: 3.40735  ,  IoU: 0.77986  ,  pro_loss: 0.25052
[train: Epoch 47, 750 / 1875] FPS: 77.9 (341.6)  ,  DataTime: 0.326 (0.008)  ,  ForwardTime: 0.077  ,  TotalTime: 0.411  ,  Loss/total: 3.45514  ,  Loss/ce: 3.40505  ,  IoU: 0.78044  ,  pro_loss: 0.25042
[train: Epoch 47, 800 / 1875] FPS: 77.6 (358.1)  ,  DataTime: 0.327 (0.008)  ,  ForwardTime: 0.077  ,  TotalTime: 0.412  ,  Loss/total: 3.45454  ,  Loss/ce: 3.40446  ,  IoU: 0.78085  ,  pro_loss: 0.25043
[train: Epoch 47, 850 / 1875] FPS: 78.2 (349.6)  ,  DataTime: 0.324 (0.008)  ,  ForwardTime: 0.077  ,  TotalTime: 0.409  ,  Loss/total: 3.45541  ,  Loss/ce: 3.40526  ,  IoU: 0.78107  ,  pro_loss: 0.25074
[train: Epoch 47, 900 / 1875] FPS: 78.4 (352.5)  ,  DataTime: 0.323 (0.008)  ,  ForwardTime: 0.077  ,  TotalTime: 0.408  ,  Loss/total: 3.45450  ,  Loss/ce: 3.40435  ,  IoU: 0.78104  ,  pro_loss: 0.25073
[train: Epoch 47, 950 / 1875] FPS: 78.6 (17.7)  ,  DataTime: 0.322 (0.008)  ,  ForwardTime: 0.077  ,  TotalTime: 0.407  ,  Loss/total: 3.45583  ,  Loss/ce: 3.40568  ,  IoU: 0.78082  ,  pro_loss: 0.25077
[train: Epoch 47, 1000 / 1875] FPS: 79.0 (352.5)  ,  DataTime: 0.320 (0.008)  ,  ForwardTime: 0.077  ,  TotalTime: 0.405  ,  Loss/total: 3.45602  ,  Loss/ce: 3.40584  ,  IoU: 0.78072  ,  pro_loss: 0.25087
[train: Epoch 47, 1050 / 1875] FPS: 79.5 (362.6)  ,  DataTime: 0.318 (0.008)  ,  ForwardTime: 0.077  ,  TotalTime: 0.402  ,  Loss/total: 3.45616  ,  Loss/ce: 3.40602  ,  IoU: 0.78087  ,  pro_loss: 0.25073
[train: Epoch 47, 1100 / 1875] FPS: 80.1 (356.4)  ,  DataTime: 0.315 (0.008)  ,  ForwardTime: 0.077  ,  TotalTime: 0.400  ,  Loss/total: 3.45567  ,  Loss/ce: 3.40553  ,  IoU: 0.78100  ,  pro_loss: 0.25069
[train: Epoch 47, 1150 / 1875] FPS: 80.3 (362.5)  ,  DataTime: 0.314 (0.008)  ,  ForwardTime: 0.077  ,  TotalTime: 0.398  ,  Loss/total: 3.45629  ,  Loss/ce: 3.40614  ,  IoU: 0.78093  ,  pro_loss: 0.25074
[train: Epoch 47, 1200 / 1875] FPS: 80.6 (36.8)  ,  DataTime: 0.312 (0.008)  ,  ForwardTime: 0.077  ,  TotalTime: 0.397  ,  Loss/total: 3.45604  ,  Loss/ce: 3.40583  ,  IoU: 0.78101  ,  pro_loss: 0.25104
[train: Epoch 47, 1250 / 1875] FPS: 80.7 (17.5)  ,  DataTime: 0.312 (0.008)  ,  ForwardTime: 0.077  ,  TotalTime: 0.397  ,  Loss/total: 3.45527  ,  Loss/ce: 3.40504  ,  IoU: 0.78113  ,  pro_loss: 0.25113
[train: Epoch 47, 1300 / 1875] FPS: 81.3 (358.8)  ,  DataTime: 0.309 (0.008)  ,  ForwardTime: 0.077  ,  TotalTime: 0.394  ,  Loss/total: 3.45333  ,  Loss/ce: 3.40310  ,  IoU: 0.78154  ,  pro_loss: 0.25115
[train: Epoch 47, 1350 / 1875] FPS: 81.4 (25.1)  ,  DataTime: 0.308 (0.008)  ,  ForwardTime: 0.077  ,  TotalTime: 0.393  ,  Loss/total: 3.45253  ,  Loss/ce: 3.40231  ,  IoU: 0.78166  ,  pro_loss: 0.25110
[train: Epoch 47, 1400 / 1875] FPS: 81.8 (351.0)  ,  DataTime: 0.306 (0.008)  ,  ForwardTime: 0.077  ,  TotalTime: 0.391  ,  Loss/total: 3.45341  ,  Loss/ce: 3.40324  ,  IoU: 0.78140  ,  pro_loss: 0.25087
[train: Epoch 47, 1450 / 1875] FPS: 82.0 (357.5)  ,  DataTime: 0.306 (0.008)  ,  ForwardTime: 0.077  ,  TotalTime: 0.390  ,  Loss/total: 3.45268  ,  Loss/ce: 3.40250  ,  IoU: 0.78143  ,  pro_loss: 0.25090
[train: Epoch 47, 1500 / 1875] FPS: 82.5 (346.8)  ,  DataTime: 0.303 (0.008)  ,  ForwardTime: 0.077  ,  TotalTime: 0.388  ,  Loss/total: 3.45255  ,  Loss/ce: 3.40237  ,  IoU: 0.78143  ,  pro_loss: 0.25093
[train: Epoch 47, 1550 / 1875] FPS: 82.3 (18.0)  ,  DataTime: 0.304 (0.008)  ,  ForwardTime: 0.077  ,  TotalTime: 0.389  ,  Loss/total: 3.45430  ,  Loss/ce: 3.40412  ,  IoU: 0.78115  ,  pro_loss: 0.25094
[train: Epoch 47, 1600 / 1875] FPS: 82.4 (346.7)  ,  DataTime: 0.303 (0.008)  ,  ForwardTime: 0.077  ,  TotalTime: 0.388  ,  Loss/total: 3.45377  ,  Loss/ce: 3.40359  ,  IoU: 0.78120  ,  pro_loss: 0.25093
[train: Epoch 47, 1650 / 1875] FPS: 82.7 (344.9)  ,  DataTime: 0.302 (0.008)  ,  ForwardTime: 0.077  ,  TotalTime: 0.387  ,  Loss/total: 3.45434  ,  Loss/ce: 3.40416  ,  IoU: 0.78105  ,  pro_loss: 0.25090
[train: Epoch 47, 1700 / 1875] FPS: 83.0 (345.8)  ,  DataTime: 0.301 (0.008)  ,  ForwardTime: 0.077  ,  TotalTime: 0.386  ,  Loss/total: 3.45427  ,  Loss/ce: 3.40408  ,  IoU: 0.78115  ,  pro_loss: 0.25093
[train: Epoch 47, 1750 / 1875] FPS: 82.8 (20.4)  ,  DataTime: 0.301 (0.008)  ,  ForwardTime: 0.077  ,  TotalTime: 0.386  ,  Loss/total: 3.45369  ,  Loss/ce: 3.40350  ,  IoU: 0.78123  ,  pro_loss: 0.25095
[train: Epoch 47, 1800 / 1875] FPS: 83.3 (354.8)  ,  DataTime: 0.299 (0.008)  ,  ForwardTime: 0.077  ,  TotalTime: 0.384  ,  Loss/total: 3.45362  ,  Loss/ce: 3.40341  ,  IoU: 0.78130  ,  pro_loss: 0.25105
[train: Epoch 47, 1850 / 1875] FPS: 83.5 (345.3)  ,  DataTime: 0.298 (0.008)  ,  ForwardTime: 0.077  ,  TotalTime: 0.383  ,  Loss/total: 3.45424  ,  Loss/ce: 3.40405  ,  IoU: 0.78120  ,  pro_loss: 0.25093
[train: Epoch 47, 1875 / 1875] FPS: 83.8 (372.8)  ,  DataTime: 0.297 (0.008)  ,  ForwardTime: 0.077  ,  TotalTime: 0.382  ,  Loss/total: 3.45394  ,  Loss/ce: 3.40378  ,  IoU: 0.78117  ,  pro_loss: 0.25081
[train: Epoch 48, 50 / 1875] FPS: 78.2 (17.7)  ,  DataTime: 0.324 (0.008)  ,  ForwardTime: 0.077  ,  TotalTime: 0.409  ,  Loss/total: 3.45843  ,  Loss/ce: 3.40788  ,  IoU: 0.78111  ,  pro_loss: 0.25271
[train: Epoch 48, 100 / 1875] FPS: 84.6 (35.6)  ,  DataTime: 0.293 (0.008)  ,  ForwardTime: 0.077  ,  TotalTime: 0.378  ,  Loss/total: 3.44675  ,  Loss/ce: 3.39596  ,  IoU: 0.78195  ,  pro_loss: 0.25396
[train: Epoch 48, 150 / 1875] FPS: 88.1 (353.2)  ,  DataTime: 0.278 (0.008)  ,  ForwardTime: 0.077  ,  TotalTime: 0.363  ,  Loss/total: 3.45653  ,  Loss/ce: 3.40629  ,  IoU: 0.78124  ,  pro_loss: 0.25118
[train: Epoch 48, 200 / 1875] FPS: 88.7 (24.0)  ,  DataTime: 0.276 (0.008)  ,  ForwardTime: 0.077  ,  TotalTime: 0.361  ,  Loss/total: 3.45410  ,  Loss/ce: 3.40381  ,  IoU: 0.78069  ,  pro_loss: 0.25146
[train: Epoch 48, 250 / 1875] FPS: 90.9 (357.4)  ,  DataTime: 0.267 (0.008)  ,  ForwardTime: 0.077  ,  TotalTime: 0.352  ,  Loss/total: 3.45117  ,  Loss/ce: 3.40082  ,  IoU: 0.77992  ,  pro_loss: 0.25179
[train: Epoch 48, 300 / 1875] FPS: 90.1 (14.0)  ,  DataTime: 0.271 (0.008)  ,  ForwardTime: 0.077  ,  TotalTime: 0.355  ,  Loss/total: 3.45636  ,  Loss/ce: 3.40619  ,  IoU: 0.77793  ,  pro_loss: 0.25083
[train: Epoch 48, 350 / 1875] FPS: 91.3 (341.9)  ,  DataTime: 0.266 (0.008)  ,  ForwardTime: 0.077  ,  TotalTime: 0.351  ,  Loss/total: 3.45627  ,  Loss/ce: 3.40608  ,  IoU: 0.77746  ,  pro_loss: 0.25092
[train: Epoch 48, 400 / 1875] FPS: 91.6 (51.2)  ,  DataTime: 0.265 (0.008)  ,  ForwardTime: 0.077  ,  TotalTime: 0.349  ,  Loss/total: 3.45747  ,  Loss/ce: 3.40729  ,  IoU: 0.77725  ,  pro_loss: 0.25089
[train: Epoch 48, 450 / 1875] FPS: 91.2 (360.9)  ,  DataTime: 0.266 (0.008)  ,  ForwardTime: 0.077  ,  TotalTime: 0.351  ,  Loss/total: 3.45356  ,  Loss/ce: 3.40338  ,  IoU: 0.77850  ,  pro_loss: 0.25090
[train: Epoch 48, 500 / 1875] FPS: 92.0 (358.2)  ,  DataTime: 0.263 (0.008)  ,  ForwardTime: 0.077  ,  TotalTime: 0.348  ,  Loss/total: 3.45140  ,  Loss/ce: 3.40124  ,  IoU: 0.77853  ,  pro_loss: 0.25081
[train: Epoch 48, 550 / 1875] FPS: 92.4 (365.7)  ,  DataTime: 0.261 (0.008)  ,  ForwardTime: 0.077  ,  TotalTime: 0.346  ,  Loss/total: 3.45225  ,  Loss/ce: 3.40202  ,  IoU: 0.77849  ,  pro_loss: 0.25116
[train: Epoch 48, 600 / 1875] FPS: 92.6 (18.2)  ,  DataTime: 0.261 (0.008)  ,  ForwardTime: 0.077  ,  TotalTime: 0.346  ,  Loss/total: 3.45165  ,  Loss/ce: 3.40146  ,  IoU: 0.77916  ,  pro_loss: 0.25096
[train: Epoch 48, 650 / 1875] FPS: 93.1 (351.6)  ,  DataTime: 0.259 (0.008)  ,  ForwardTime: 0.077  ,  TotalTime: 0.344  ,  Loss/total: 3.45474  ,  Loss/ce: 3.40448  ,  IoU: 0.77848  ,  pro_loss: 0.25128
[train: Epoch 48, 700 / 1875] FPS: 93.8 (356.2)  ,  DataTime: 0.256 (0.008)  ,  ForwardTime: 0.077  ,  TotalTime: 0.341  ,  Loss/total: 3.45474  ,  Loss/ce: 3.40448  ,  IoU: 0.77892  ,  pro_loss: 0.25130
[train: Epoch 48, 750 / 1875] FPS: 94.0 (360.5)  ,  DataTime: 0.256 (0.008)  ,  ForwardTime: 0.077  ,  TotalTime: 0.340  ,  Loss/total: 3.45443  ,  Loss/ce: 3.40414  ,  IoU: 0.77896  ,  pro_loss: 0.25143
[train: Epoch 48, 800 / 1875] FPS: 94.3 (359.6)  ,  DataTime: 0.255 (0.008)  ,  ForwardTime: 0.077  ,  TotalTime: 0.339  ,  Loss/total: 3.45413  ,  Loss/ce: 3.40387  ,  IoU: 0.77939  ,  pro_loss: 0.25132
[train: Epoch 48, 850 / 1875] FPS: 94.3 (56.6)  ,  DataTime: 0.255 (0.008)  ,  ForwardTime: 0.077  ,  TotalTime: 0.339  ,  Loss/total: 3.45302  ,  Loss/ce: 3.40280  ,  IoU: 0.77966  ,  pro_loss: 0.25107
[train: Epoch 48, 900 / 1875] FPS: 94.1 (23.9)  ,  DataTime: 0.255 (0.008)  ,  ForwardTime: 0.077  ,  TotalTime: 0.340  ,  Loss/total: 3.45215  ,  Loss/ce: 3.40191  ,  IoU: 0.77992  ,  pro_loss: 0.25118
[train: Epoch 48, 950 / 1875] FPS: 94.2 (355.3)  ,  DataTime: 0.255 (0.008)  ,  ForwardTime: 0.077  ,  TotalTime: 0.340  ,  Loss/total: 3.45131  ,  Loss/ce: 3.40105  ,  IoU: 0.78001  ,  pro_loss: 0.25129
[train: Epoch 48, 1000 / 1875] FPS: 94.7 (347.0)  ,  DataTime: 0.253 (0.008)  ,  ForwardTime: 0.077  ,  TotalTime: 0.338  ,  Loss/total: 3.45080  ,  Loss/ce: 3.40053  ,  IoU: 0.78007  ,  pro_loss: 0.25135
[train: Epoch 48, 1050 / 1875] FPS: 94.6 (353.8)  ,  DataTime: 0.253 (0.008)  ,  ForwardTime: 0.077  ,  TotalTime: 0.338  ,  Loss/total: 3.45209  ,  Loss/ce: 3.40177  ,  IoU: 0.77981  ,  pro_loss: 0.25159
[train: Epoch 48, 1100 / 1875] FPS: 94.7 (16.4)  ,  DataTime: 0.253 (0.008)  ,  ForwardTime: 0.077  ,  TotalTime: 0.338  ,  Loss/total: 3.45071  ,  Loss/ce: 3.40034  ,  IoU: 0.78003  ,  pro_loss: 0.25188
[train: Epoch 48, 1150 / 1875] FPS: 94.8 (361.2)  ,  DataTime: 0.253 (0.008)  ,  ForwardTime: 0.077  ,  TotalTime: 0.338  ,  Loss/total: 3.45085  ,  Loss/ce: 3.40047  ,  IoU: 0.78029  ,  pro_loss: 0.25192
[train: Epoch 48, 1200 / 1875] FPS: 94.8 (350.2)  ,  DataTime: 0.253 (0.008)  ,  ForwardTime: 0.077  ,  TotalTime: 0.338  ,  Loss/total: 3.45009  ,  Loss/ce: 3.39972  ,  IoU: 0.78056  ,  pro_loss: 0.25188
[train: Epoch 48, 1250 / 1875] FPS: 95.4 (365.4)  ,  DataTime: 0.251 (0.008)  ,  ForwardTime: 0.077  ,  TotalTime: 0.335  ,  Loss/total: 3.45023  ,  Loss/ce: 3.39986  ,  IoU: 0.78053  ,  pro_loss: 0.25183
[train: Epoch 48, 1300 / 1875] FPS: 95.3 (24.4)  ,  DataTime: 0.251 (0.008)  ,  ForwardTime: 0.077  ,  TotalTime: 0.336  ,  Loss/total: 3.45050  ,  Loss/ce: 3.40015  ,  IoU: 0.78056  ,  pro_loss: 0.25174
[train: Epoch 48, 1350 / 1875] FPS: 95.4 (36.8)  ,  DataTime: 0.251 (0.008)  ,  ForwardTime: 0.077  ,  TotalTime: 0.335  ,  Loss/total: 3.45245  ,  Loss/ce: 3.40214  ,  IoU: 0.78014  ,  pro_loss: 0.25156
[train: Epoch 48, 1400 / 1875] FPS: 95.5 (360.2)  ,  DataTime: 0.250 (0.008)  ,  ForwardTime: 0.077  ,  TotalTime: 0.335  ,  Loss/total: 3.45299  ,  Loss/ce: 3.40269  ,  IoU: 0.77996  ,  pro_loss: 0.25151
[train: Epoch 48, 1450 / 1875] FPS: 95.9 (351.7)  ,  DataTime: 0.249 (0.008)  ,  ForwardTime: 0.077  ,  TotalTime: 0.334  ,  Loss/total: 3.45223  ,  Loss/ce: 3.40192  ,  IoU: 0.78000  ,  pro_loss: 0.25154
[train: Epoch 48, 1500 / 1875] FPS: 96.2 (359.6)  ,  DataTime: 0.248 (0.008)  ,  ForwardTime: 0.077  ,  TotalTime: 0.333  ,  Loss/total: 3.45144  ,  Loss/ce: 3.40113  ,  IoU: 0.78027  ,  pro_loss: 0.25156
[train: Epoch 48, 1550 / 1875] FPS: 96.4 (22.5)  ,  DataTime: 0.247 (0.008)  ,  ForwardTime: 0.077  ,  TotalTime: 0.332  ,  Loss/total: 3.45090  ,  Loss/ce: 3.40060  ,  IoU: 0.78031  ,  pro_loss: 0.25149
[train: Epoch 48, 1600 / 1875] FPS: 96.5 (68.7)  ,  DataTime: 0.247 (0.008)  ,  ForwardTime: 0.077  ,  TotalTime: 0.332  ,  Loss/total: 3.45033  ,  Loss/ce: 3.40003  ,  IoU: 0.78029  ,  pro_loss: 0.25152
[train: Epoch 48, 1650 / 1875] FPS: 96.7 (348.6)  ,  DataTime: 0.246 (0.008)  ,  ForwardTime: 0.077  ,  TotalTime: 0.331  ,  Loss/total: 3.45109  ,  Loss/ce: 3.40079  ,  IoU: 0.78030  ,  pro_loss: 0.25152
[train: Epoch 48, 1700 / 1875] FPS: 97.1 (349.2)  ,  DataTime: 0.245 (0.008)  ,  ForwardTime: 0.077  ,  TotalTime: 0.330  ,  Loss/total: 3.45153  ,  Loss/ce: 3.40124  ,  IoU: 0.78028  ,  pro_loss: 0.25148
[train: Epoch 48, 1750 / 1875] FPS: 97.1 (356.3)  ,  DataTime: 0.245 (0.008)  ,  ForwardTime: 0.077  ,  TotalTime: 0.330  ,  Loss/total: 3.45187  ,  Loss/ce: 3.40161  ,  IoU: 0.78013  ,  pro_loss: 0.25128
[train: Epoch 48, 1800 / 1875] FPS: 97.0 (352.3)  ,  DataTime: 0.245 (0.008)  ,  ForwardTime: 0.077  ,  TotalTime: 0.330  ,  Loss/total: 3.45261  ,  Loss/ce: 3.40233  ,  IoU: 0.78002  ,  pro_loss: 0.25141
[train: Epoch 48, 1850 / 1875] FPS: 96.8 (16.7)  ,  DataTime: 0.246 (0.008)  ,  ForwardTime: 0.077  ,  TotalTime: 0.330  ,  Loss/total: 3.45211  ,  Loss/ce: 3.40181  ,  IoU: 0.78020  ,  pro_loss: 0.25150
[train: Epoch 48, 1875 / 1875] FPS: 97.2 (367.0)  ,  DataTime: 0.244 (0.008)  ,  ForwardTime: 0.077  ,  TotalTime: 0.329  ,  Loss/total: 3.45259  ,  Loss/ce: 3.40228  ,  IoU: 0.78007  ,  pro_loss: 0.25157
[train: Epoch 49, 50 / 1875] FPS: 82.8 (358.2)  ,  DataTime: 0.301 (0.009)  ,  ForwardTime: 0.077  ,  TotalTime: 0.387  ,  Loss/total: 3.42805  ,  Loss/ce: 3.37651  ,  IoU: 0.78491  ,  pro_loss: 0.25771
[train: Epoch 49, 100 / 1875] FPS: 81.9 (14.4)  ,  DataTime: 0.305 (0.009)  ,  ForwardTime: 0.077  ,  TotalTime: 0.391  ,  Loss/total: 3.43401  ,  Loss/ce: 3.38255  ,  IoU: 0.78319  ,  pro_loss: 0.25729
[train: Epoch 49, 150 / 1875] FPS: 88.1 (353.3)  ,  DataTime: 0.278 (0.009)  ,  ForwardTime: 0.077  ,  TotalTime: 0.363  ,  Loss/total: 3.44774  ,  Loss/ce: 3.39673  ,  IoU: 0.77982  ,  pro_loss: 0.25507
[train: Epoch 49, 200 / 1875] FPS: 89.7 (347.2)  ,  DataTime: 0.272 (0.009)  ,  ForwardTime: 0.077  ,  TotalTime: 0.357  ,  Loss/total: 3.44260  ,  Loss/ce: 3.39164  ,  IoU: 0.78216  ,  pro_loss: 0.25479
[train: Epoch 49, 250 / 1875] FPS: 92.4 (351.0)  ,  DataTime: 0.261 (0.009)  ,  ForwardTime: 0.077  ,  TotalTime: 0.346  ,  Loss/total: 3.44794  ,  Loss/ce: 3.39723  ,  IoU: 0.78106  ,  pro_loss: 0.25358
[train: Epoch 49, 300 / 1875] FPS: 91.1 (17.2)  ,  DataTime: 0.266 (0.009)  ,  ForwardTime: 0.077  ,  TotalTime: 0.351  ,  Loss/total: 3.44751  ,  Loss/ce: 3.39663  ,  IoU: 0.78064  ,  pro_loss: 0.25444
[train: Epoch 49, 350 / 1875] FPS: 93.9 (357.9)  ,  DataTime: 0.256 (0.008)  ,  ForwardTime: 0.077  ,  TotalTime: 0.341  ,  Loss/total: 3.44557  ,  Loss/ce: 3.39461  ,  IoU: 0.78130  ,  pro_loss: 0.25479
[train: Epoch 49, 400 / 1875] FPS: 94.9 (351.1)  ,  DataTime: 0.252 (0.008)  ,  ForwardTime: 0.077  ,  TotalTime: 0.337  ,  Loss/total: 3.44421  ,  Loss/ce: 3.39330  ,  IoU: 0.78163  ,  pro_loss: 0.25453
[train: Epoch 49, 450 / 1875] FPS: 94.6 (349.8)  ,  DataTime: 0.253 (0.008)  ,  ForwardTime: 0.077  ,  TotalTime: 0.338  ,  Loss/total: 3.44498  ,  Loss/ce: 3.39427  ,  IoU: 0.78187  ,  pro_loss: 0.25357
[train: Epoch 49, 500 / 1875] FPS: 95.1 (22.9)  ,  DataTime: 0.252 (0.008)  ,  ForwardTime: 0.077  ,  TotalTime: 0.337  ,  Loss/total: 3.44858  ,  Loss/ce: 3.39785  ,  IoU: 0.78178  ,  pro_loss: 0.25363
[train: Epoch 49, 550 / 1875] FPS: 95.2 (364.0)  ,  DataTime: 0.251 (0.008)  ,  ForwardTime: 0.077  ,  TotalTime: 0.336  ,  Loss/total: 3.44837  ,  Loss/ce: 3.39775  ,  IoU: 0.78192  ,  pro_loss: 0.25313
[train: Epoch 49, 600 / 1875] FPS: 95.7 (348.2)  ,  DataTime: 0.249 (0.008)  ,  ForwardTime: 0.077  ,  TotalTime: 0.334  ,  Loss/total: 3.44477  ,  Loss/ce: 3.39415  ,  IoU: 0.78281  ,  pro_loss: 0.25309
[train: Epoch 49, 650 / 1875] FPS: 96.7 (355.1)  ,  DataTime: 0.246 (0.008)  ,  ForwardTime: 0.077  ,  TotalTime: 0.331  ,  Loss/total: 3.44527  ,  Loss/ce: 3.39467  ,  IoU: 0.78239  ,  pro_loss: 0.25298
[train: Epoch 49, 700 / 1875] FPS: 96.3 (361.7)  ,  DataTime: 0.247 (0.008)  ,  ForwardTime: 0.077  ,  TotalTime: 0.332  ,  Loss/total: 3.44652  ,  Loss/ce: 3.39604  ,  IoU: 0.78191  ,  pro_loss: 0.25243
[train: Epoch 49, 750 / 1875] FPS: 96.4 (355.3)  ,  DataTime: 0.247 (0.008)  ,  ForwardTime: 0.077  ,  TotalTime: 0.332  ,  Loss/total: 3.44579  ,  Loss/ce: 3.39538  ,  IoU: 0.78185  ,  pro_loss: 0.25203
[train: Epoch 49, 800 / 1875] FPS: 97.1 (345.0)  ,  DataTime: 0.245 (0.008)  ,  ForwardTime: 0.077  ,  TotalTime: 0.330  ,  Loss/total: 3.44634  ,  Loss/ce: 3.39595  ,  IoU: 0.78147  ,  pro_loss: 0.25196
[train: Epoch 49, 850 / 1875] FPS: 97.0 (363.9)  ,  DataTime: 0.245 (0.008)  ,  ForwardTime: 0.077  ,  TotalTime: 0.330  ,  Loss/total: 3.44736  ,  Loss/ce: 3.39701  ,  IoU: 0.78130  ,  pro_loss: 0.25174
[train: Epoch 49, 900 / 1875] FPS: 97.6 (356.4)  ,  DataTime: 0.243 (0.008)  ,  ForwardTime: 0.077  ,  TotalTime: 0.328  ,  Loss/total: 3.44652  ,  Loss/ce: 3.39616  ,  IoU: 0.78180  ,  pro_loss: 0.25180
[train: Epoch 49, 950 / 1875] FPS: 97.8 (361.4)  ,  DataTime: 0.242 (0.008)  ,  ForwardTime: 0.077  ,  TotalTime: 0.327  ,  Loss/total: 3.44533  ,  Loss/ce: 3.39501  ,  IoU: 0.78188  ,  pro_loss: 0.25159
[train: Epoch 49, 1000 / 1875] FPS: 98.3 (38.8)  ,  DataTime: 0.241 (0.008)  ,  ForwardTime: 0.077  ,  TotalTime: 0.326  ,  Loss/total: 3.44752  ,  Loss/ce: 3.39719  ,  IoU: 0.78164  ,  pro_loss: 0.25161
[train: Epoch 49, 1050 / 1875] FPS: 98.4 (58.1)  ,  DataTime: 0.240 (0.008)  ,  ForwardTime: 0.077  ,  TotalTime: 0.325  ,  Loss/total: 3.44840  ,  Loss/ce: 3.39806  ,  IoU: 0.78166  ,  pro_loss: 0.25174
[train: Epoch 49, 1100 / 1875] FPS: 98.5 (359.8)  ,  DataTime: 0.240 (0.008)  ,  ForwardTime: 0.077  ,  TotalTime: 0.325  ,  Loss/total: 3.44910  ,  Loss/ce: 3.39876  ,  IoU: 0.78150  ,  pro_loss: 0.25170
[train: Epoch 49, 1150 / 1875] FPS: 98.7 (353.7)  ,  DataTime: 0.239 (0.008)  ,  ForwardTime: 0.077  ,  TotalTime: 0.324  ,  Loss/total: 3.44909  ,  Loss/ce: 3.39875  ,  IoU: 0.78148  ,  pro_loss: 0.25167
[train: Epoch 49, 1200 / 1875] FPS: 98.4 (348.9)  ,  DataTime: 0.240 (0.008)  ,  ForwardTime: 0.077  ,  TotalTime: 0.325  ,  Loss/total: 3.44907  ,  Loss/ce: 3.39873  ,  IoU: 0.78138  ,  pro_loss: 0.25169
[train: Epoch 49, 1250 / 1875] FPS: 98.2 (348.7)  ,  DataTime: 0.241 (0.008)  ,  ForwardTime: 0.077  ,  TotalTime: 0.326  ,  Loss/total: 3.44809  ,  Loss/ce: 3.39775  ,  IoU: 0.78152  ,  pro_loss: 0.25165
[train: Epoch 49, 1300 / 1875] FPS: 98.1 (357.4)  ,  DataTime: 0.241 (0.008)  ,  ForwardTime: 0.077  ,  TotalTime: 0.326  ,  Loss/total: 3.45005  ,  Loss/ce: 3.39968  ,  IoU: 0.78116  ,  pro_loss: 0.25187
[train: Epoch 49, 1350 / 1875] FPS: 98.1 (35.6)  ,  DataTime: 0.241 (0.008)  ,  ForwardTime: 0.077  ,  TotalTime: 0.326  ,  Loss/total: 3.45046  ,  Loss/ce: 3.40009  ,  IoU: 0.78108  ,  pro_loss: 0.25185
[train: Epoch 49, 1400 / 1875] FPS: 97.9 (355.5)  ,  DataTime: 0.242 (0.008)  ,  ForwardTime: 0.077  ,  TotalTime: 0.327  ,  Loss/total: 3.45055  ,  Loss/ce: 3.40017  ,  IoU: 0.78115  ,  pro_loss: 0.25188
[train: Epoch 49, 1450 / 1875] FPS: 98.0 (352.3)  ,  DataTime: 0.241 (0.008)  ,  ForwardTime: 0.077  ,  TotalTime: 0.327  ,  Loss/total: 3.45052  ,  Loss/ce: 3.40013  ,  IoU: 0.78115  ,  pro_loss: 0.25191
[train: Epoch 49, 1500 / 1875] FPS: 97.7 (354.5)  ,  DataTime: 0.242 (0.008)  ,  ForwardTime: 0.077  ,  TotalTime: 0.327  ,  Loss/total: 3.45043  ,  Loss/ce: 3.40003  ,  IoU: 0.78104  ,  pro_loss: 0.25202
[train: Epoch 49, 1550 / 1875] FPS: 97.2 (350.1)  ,  DataTime: 0.244 (0.008)  ,  ForwardTime: 0.077  ,  TotalTime: 0.329  ,  Loss/total: 3.45006  ,  Loss/ce: 3.39967  ,  IoU: 0.78103  ,  pro_loss: 0.25196
[train: Epoch 49, 1600 / 1875] FPS: 97.0 (350.8)  ,  DataTime: 0.245 (0.008)  ,  ForwardTime: 0.077  ,  TotalTime: 0.330  ,  Loss/total: 3.45029  ,  Loss/ce: 3.39990  ,  IoU: 0.78103  ,  pro_loss: 0.25195
[train: Epoch 49, 1650 / 1875] FPS: 96.2 (361.5)  ,  DataTime: 0.248 (0.008)  ,  ForwardTime: 0.077  ,  TotalTime: 0.333  ,  Loss/total: 3.45047  ,  Loss/ce: 3.40007  ,  IoU: 0.78101  ,  pro_loss: 0.25201
[train: Epoch 49, 1700 / 1875] FPS: 95.5 (352.6)  ,  DataTime: 0.250 (0.008)  ,  ForwardTime: 0.077  ,  TotalTime: 0.335  ,  Loss/total: 3.45014  ,  Loss/ce: 3.39970  ,  IoU: 0.78122  ,  pro_loss: 0.25217
[train: Epoch 49, 1750 / 1875] FPS: 94.6 (360.4)  ,  DataTime: 0.253 (0.008)  ,  ForwardTime: 0.077  ,  TotalTime: 0.338  ,  Loss/total: 3.45009  ,  Loss/ce: 3.39967  ,  IoU: 0.78132  ,  pro_loss: 0.25213
[train: Epoch 49, 1800 / 1875] FPS: 93.8 (12.0)  ,  DataTime: 0.256 (0.008)  ,  ForwardTime: 0.077  ,  TotalTime: 0.341  ,  Loss/total: 3.44969  ,  Loss/ce: 3.39927  ,  IoU: 0.78128  ,  pro_loss: 0.25208
[train: Epoch 49, 1850 / 1875] FPS: 93.3 (354.1)  ,  DataTime: 0.258 (0.008)  ,  ForwardTime: 0.077  ,  TotalTime: 0.343  ,  Loss/total: 3.44940  ,  Loss/ce: 3.39899  ,  IoU: 0.78142  ,  pro_loss: 0.25206
[train: Epoch 49, 1875 / 1875] FPS: 93.5 (362.5)  ,  DataTime: 0.257 (0.008)  ,  ForwardTime: 0.077  ,  TotalTime: 0.342  ,  Loss/total: 3.44931  ,  Loss/ce: 3.39889  ,  IoU: 0.78142  ,  pro_loss: 0.25209
[train: Epoch 50, 50 / 1875] FPS: 66.0 (357.5)  ,  DataTime: 0.394 (0.008)  ,  ForwardTime: 0.082  ,  TotalTime: 0.485  ,  Loss/total: 3.42296  ,  Loss/ce: 3.37212  ,  IoU: 0.78670  ,  pro_loss: 0.25417
[train: Epoch 50, 100 / 1875] FPS: 70.9 (353.1)  ,  DataTime: 0.363 (0.008)  ,  ForwardTime: 0.079  ,  TotalTime: 0.451  ,  Loss/total: 3.43348  ,  Loss/ce: 3.38230  ,  IoU: 0.78476  ,  pro_loss: 0.25594
[train: Epoch 50, 150 / 1875] FPS: 72.5 (359.2)  ,  DataTime: 0.355 (0.008)  ,  ForwardTime: 0.078  ,  TotalTime: 0.442  ,  Loss/total: 3.43642  ,  Loss/ce: 3.38544  ,  IoU: 0.78421  ,  pro_loss: 0.25493
[train: Epoch 50, 200 / 1875] FPS: 73.0 (359.4)  ,  DataTime: 0.352 (0.008)  ,  ForwardTime: 0.078  ,  TotalTime: 0.438  ,  Loss/total: 3.43359  ,  Loss/ce: 3.38260  ,  IoU: 0.78477  ,  pro_loss: 0.25495
[train: Epoch 50, 250 / 1875] FPS: 74.1 (59.3)  ,  DataTime: 0.346 (0.008)  ,  ForwardTime: 0.078  ,  TotalTime: 0.432  ,  Loss/total: 3.43646  ,  Loss/ce: 3.38525  ,  IoU: 0.78334  ,  pro_loss: 0.25604
[train: Epoch 50, 300 / 1875] FPS: 74.9 (354.1)  ,  DataTime: 0.342 (0.008)  ,  ForwardTime: 0.077  ,  TotalTime: 0.427  ,  Loss/total: 3.44240  ,  Loss/ce: 3.39104  ,  IoU: 0.78285  ,  pro_loss: 0.25681
[train: Epoch 50, 350 / 1875] FPS: 74.9 (356.0)  ,  DataTime: 0.342 (0.008)  ,  ForwardTime: 0.077  ,  TotalTime: 0.427  ,  Loss/total: 3.43999  ,  Loss/ce: 3.38863  ,  IoU: 0.78288  ,  pro_loss: 0.25679
[train: Epoch 50, 400 / 1875] FPS: 75.5 (357.5)  ,  DataTime: 0.339 (0.008)  ,  ForwardTime: 0.077  ,  TotalTime: 0.424  ,  Loss/total: 3.44019  ,  Loss/ce: 3.38879  ,  IoU: 0.78231  ,  pro_loss: 0.25703
[train: Epoch 50, 450 / 1875] FPS: 76.1 (359.4)  ,  DataTime: 0.335 (0.008)  ,  ForwardTime: 0.077  ,  TotalTime: 0.421  ,  Loss/total: 3.44192  ,  Loss/ce: 3.39062  ,  IoU: 0.78271  ,  pro_loss: 0.25651
[train: Epoch 50, 500 / 1875] FPS: 76.5 (363.3)  ,  DataTime: 0.333 (0.008)  ,  ForwardTime: 0.077  ,  TotalTime: 0.418  ,  Loss/total: 3.44203  ,  Loss/ce: 3.39077  ,  IoU: 0.78249  ,  pro_loss: 0.25627
[train: Epoch 50, 550 / 1875] FPS: 76.7 (355.0)  ,  DataTime: 0.332 (0.008)  ,  ForwardTime: 0.077  ,  TotalTime: 0.417  ,  Loss/total: 3.44315  ,  Loss/ce: 3.39199  ,  IoU: 0.78247  ,  pro_loss: 0.25581
[train: Epoch 50, 600 / 1875] FPS: 77.7 (357.2)  ,  DataTime: 0.327 (0.008)  ,  ForwardTime: 0.077  ,  TotalTime: 0.412  ,  Loss/total: 3.44264  ,  Loss/ce: 3.39156  ,  IoU: 0.78233  ,  pro_loss: 0.25542
[train: Epoch 50, 650 / 1875] FPS: 77.9 (352.2)  ,  DataTime: 0.326 (0.008)  ,  ForwardTime: 0.077  ,  TotalTime: 0.411  ,  Loss/total: 3.44238  ,  Loss/ce: 3.39129  ,  IoU: 0.78271  ,  pro_loss: 0.25543
[train: Epoch 50, 700 / 1875] FPS: 78.5 (44.8)  ,  DataTime: 0.323 (0.008)  ,  ForwardTime: 0.077  ,  TotalTime: 0.408  ,  Loss/total: 3.44409  ,  Loss/ce: 3.39300  ,  IoU: 0.78256  ,  pro_loss: 0.25540
[train: Epoch 50, 750 / 1875] FPS: 78.1 (12.9)  ,  DataTime: 0.325 (0.008)  ,  ForwardTime: 0.077  ,  TotalTime: 0.410  ,  Loss/total: 3.44429  ,  Loss/ce: 3.39329  ,  IoU: 0.78266  ,  pro_loss: 0.25500
[train: Epoch 50, 800 / 1875] FPS: 78.7 (353.0)  ,  DataTime: 0.322 (0.008)  ,  ForwardTime: 0.077  ,  TotalTime: 0.407  ,  Loss/total: 3.44469  ,  Loss/ce: 3.39374  ,  IoU: 0.78260  ,  pro_loss: 0.25473
[train: Epoch 50, 850 / 1875] FPS: 79.0 (347.3)  ,  DataTime: 0.320 (0.008)  ,  ForwardTime: 0.077  ,  TotalTime: 0.405  ,  Loss/total: 3.44476  ,  Loss/ce: 3.39379  ,  IoU: 0.78242  ,  pro_loss: 0.25484
[train: Epoch 50, 900 / 1875] FPS: 79.2 (346.6)  ,  DataTime: 0.319 (0.008)  ,  ForwardTime: 0.077  ,  TotalTime: 0.404  ,  Loss/total: 3.44509  ,  Loss/ce: 3.39417  ,  IoU: 0.78224  ,  pro_loss: 0.25462
[train: Epoch 50, 950 / 1875] FPS: 79.5 (359.4)  ,  DataTime: 0.317 (0.008)  ,  ForwardTime: 0.077  ,  TotalTime: 0.402  ,  Loss/total: 3.44671  ,  Loss/ce: 3.39579  ,  IoU: 0.78195  ,  pro_loss: 0.25462
[train: Epoch 50, 1000 / 1875] FPS: 79.9 (353.0)  ,  DataTime: 0.316 (0.008)  ,  ForwardTime: 0.077  ,  TotalTime: 0.400  ,  Loss/total: 3.44550  ,  Loss/ce: 3.39454  ,  IoU: 0.78232  ,  pro_loss: 0.25482
[train: Epoch 50, 1050 / 1875] FPS: 80.1 (348.8)  ,  DataTime: 0.315 (0.008)  ,  ForwardTime: 0.077  ,  TotalTime: 0.400  ,  Loss/total: 3.44640  ,  Loss/ce: 3.39545  ,  IoU: 0.78210  ,  pro_loss: 0.25479
[train: Epoch 50, 1100 / 1875] FPS: 80.1 (348.6)  ,  DataTime: 0.315 (0.008)  ,  ForwardTime: 0.077  ,  TotalTime: 0.400  ,  Loss/total: 3.44624  ,  Loss/ce: 3.39526  ,  IoU: 0.78200  ,  pro_loss: 0.25487
[train: Epoch 50, 1150 / 1875] FPS: 80.2 (354.6)  ,  DataTime: 0.314 (0.008)  ,  ForwardTime: 0.077  ,  TotalTime: 0.399  ,  Loss/total: 3.44629  ,  Loss/ce: 3.39540  ,  IoU: 0.78193  ,  pro_loss: 0.25444
[train: Epoch 50, 1200 / 1875] FPS: 80.3 (356.9)  ,  DataTime: 0.313 (0.008)  ,  ForwardTime: 0.077  ,  TotalTime: 0.398  ,  Loss/total: 3.44595  ,  Loss/ce: 3.39506  ,  IoU: 0.78175  ,  pro_loss: 0.25446
[train: Epoch 50, 1250 / 1875] FPS: 80.4 (28.6)  ,  DataTime: 0.313 (0.008)  ,  ForwardTime: 0.077  ,  TotalTime: 0.398  ,  Loss/total: 3.44444  ,  Loss/ce: 3.39357  ,  IoU: 0.78199  ,  pro_loss: 0.25438
[train: Epoch 50, 1300 / 1875] FPS: 80.7 (345.1)  ,  DataTime: 0.312 (0.008)  ,  ForwardTime: 0.077  ,  TotalTime: 0.396  ,  Loss/total: 3.44492  ,  Loss/ce: 3.39406  ,  IoU: 0.78181  ,  pro_loss: 0.25430
[train: Epoch 50, 1350 / 1875] FPS: 80.7 (352.0)  ,  DataTime: 0.312 (0.008)  ,  ForwardTime: 0.077  ,  TotalTime: 0.397  ,  Loss/total: 3.44600  ,  Loss/ce: 3.39512  ,  IoU: 0.78149  ,  pro_loss: 0.25439
[train: Epoch 50, 1400 / 1875] FPS: 80.4 (357.0)  ,  DataTime: 0.313 (0.008)  ,  ForwardTime: 0.077  ,  TotalTime: 0.398  ,  Loss/total: 3.44609  ,  Loss/ce: 3.39522  ,  IoU: 0.78165  ,  pro_loss: 0.25436
[train: Epoch 50, 1450 / 1875] FPS: 80.2 (350.4)  ,  DataTime: 0.314 (0.008)  ,  ForwardTime: 0.077  ,  TotalTime: 0.399  ,  Loss/total: 3.44742  ,  Loss/ce: 3.39663  ,  IoU: 0.78145  ,  pro_loss: 0.25397
[train: Epoch 50, 1500 / 1875] FPS: 80.3 (360.1)  ,  DataTime: 0.314 (0.008)  ,  ForwardTime: 0.077  ,  TotalTime: 0.399  ,  Loss/total: 3.44778  ,  Loss/ce: 3.39701  ,  IoU: 0.78131  ,  pro_loss: 0.25383
[train: Epoch 50, 1550 / 1875] FPS: 80.5 (46.4)  ,  DataTime: 0.313 (0.008)  ,  ForwardTime: 0.077  ,  TotalTime: 0.398  ,  Loss/total: 3.44681  ,  Loss/ce: 3.39605  ,  IoU: 0.78159  ,  pro_loss: 0.25379
[train: Epoch 50, 1600 / 1875] FPS: 80.5 (355.9)  ,  DataTime: 0.312 (0.008)  ,  ForwardTime: 0.077  ,  TotalTime: 0.397  ,  Loss/total: 3.44718  ,  Loss/ce: 3.39643  ,  IoU: 0.78153  ,  pro_loss: 0.25374
[train: Epoch 50, 1650 / 1875] FPS: 80.6 (360.9)  ,  DataTime: 0.312 (0.008)  ,  ForwardTime: 0.077  ,  TotalTime: 0.397  ,  Loss/total: 3.44765  ,  Loss/ce: 3.39685  ,  IoU: 0.78145  ,  pro_loss: 0.25400
[train: Epoch 50, 1700 / 1875] FPS: 80.3 (10.7)  ,  DataTime: 0.314 (0.008)  ,  ForwardTime: 0.077  ,  TotalTime: 0.399  ,  Loss/total: 3.44634  ,  Loss/ce: 3.39551  ,  IoU: 0.78169  ,  pro_loss: 0.25418
[train: Epoch 50, 1750 / 1875] FPS: 80.6 (362.1)  ,  DataTime: 0.312 (0.008)  ,  ForwardTime: 0.077  ,  TotalTime: 0.397  ,  Loss/total: 3.44641  ,  Loss/ce: 3.39555  ,  IoU: 0.78184  ,  pro_loss: 0.25426
[train: Epoch 50, 1800 / 1875] FPS: 80.7 (353.3)  ,  DataTime: 0.312 (0.008)  ,  ForwardTime: 0.077  ,  TotalTime: 0.396  ,  Loss/total: 3.44614  ,  Loss/ce: 3.39532  ,  IoU: 0.78190  ,  pro_loss: 0.25413
[train: Epoch 50, 1850 / 1875] FPS: 80.9 (337.9)  ,  DataTime: 0.310 (0.008)  ,  ForwardTime: 0.077  ,  TotalTime: 0.395  ,  Loss/total: 3.44801  ,  Loss/ce: 3.39718  ,  IoU: 0.78165  ,  pro_loss: 0.25415
[train: Epoch 50, 1875 / 1875] FPS: 81.1 (369.5)  ,  DataTime: 0.310 (0.008)  ,  ForwardTime: 0.077  ,  TotalTime: 0.395  ,  Loss/total: 3.44756  ,  Loss/ce: 3.39673  ,  IoU: 0.78181  ,  pro_loss: 0.25418
[val: Epoch 50, 50 / 312] FPS: 72.2 (452.3)  ,  DataTime: 0.382 (0.010)  ,  ForwardTime: 0.051  ,  TotalTime: 0.443  ,  Loss/total: nan  ,  Loss/giou: 0.26067  ,  Loss/l1: 0.02390  ,  Loss/location: nan  ,  pro_loss: 0.26479  ,  IoU: 0.76009
[val: Epoch 50, 100 / 312] FPS: 76.0 (574.2)  ,  DataTime: 0.365 (0.010)  ,  ForwardTime: 0.046  ,  TotalTime: 0.421  ,  Loss/total: nan  ,  Loss/giou: 0.25819  ,  Loss/l1: 0.02370  ,  Loss/location: nan  ,  pro_loss: 0.26521  ,  IoU: 0.76245
[val: Epoch 50, 150 / 312] FPS: 79.0 (551.0)  ,  DataTime: 0.351 (0.010)  ,  ForwardTime: 0.045  ,  TotalTime: 0.405  ,  Loss/total: nan  ,  Loss/giou: 0.25583  ,  Loss/l1: 0.02298  ,  Loss/location: nan  ,  pro_loss: 0.26639  ,  IoU: 0.76349
[val: Epoch 50, 200 / 312] FPS: 80.5 (467.3)  ,  DataTime: 0.344 (0.010)  ,  ForwardTime: 0.044  ,  TotalTime: 0.398  ,  Loss/total: nan  ,  Loss/giou: 0.25624  ,  Loss/l1: 0.02306  ,  Loss/location: nan  ,  pro_loss: 0.26708  ,  IoU: 0.76359
[val: Epoch 50, 250 / 312] FPS: 80.7 (538.5)  ,  DataTime: 0.343 (0.010)  ,  ForwardTime: 0.043  ,  TotalTime: 0.396  ,  Loss/total: nan  ,  Loss/giou: 0.25626  ,  Loss/l1: 0.02323  ,  Loss/location: nan  ,  pro_loss: 0.26638  ,  IoU: 0.76377
[val: Epoch 50, 300 / 312] FPS: 81.5 (499.2)  ,  DataTime: 0.339 (0.010)  ,  ForwardTime: 0.043  ,  TotalTime: 0.393  ,  Loss/total: nan  ,  Loss/giou: 0.25571  ,  Loss/l1: 0.02328  ,  Loss/location: nan  ,  pro_loss: 0.26670  ,  IoU: 0.76435
[val: Epoch 50, 312 / 312] FPS: 83.3 (634.3)  ,  DataTime: 0.331 (0.010)  ,  ForwardTime: 0.043  ,  TotalTime: 0.384  ,  Loss/total: nan  ,  Loss/giou: 0.25574  ,  Loss/l1: 0.02329  ,  Loss/location: nan  ,  pro_loss: 0.26709  ,  IoU: 0.76433
