[train: Epoch 1, 50 / 1875] FPS: 31.6 (503.8)  ,  DataTime: 0.712 (0.004)  ,  ForwardTime: 0.294  ,  TotalTime: 1.011  ,  Loss/total: 1.40176  ,  Loss/giou: 0.31457  ,  Loss/l1: 0.03753  ,  Loss/location: 0.55837  ,  pro_loss: 0.13292  ,  IoU: 0.72651  ,  Loss/sim: 0.00000
[train: Epoch 1, 100 / 1875] FPS: 37.7 (493.9)  ,  DataTime: 0.668 (0.004)  ,  ForwardTime: 0.176  ,  TotalTime: 0.848  ,  Loss/total: 1.39503  ,  Loss/giou: 0.31374  ,  Loss/l1: 0.03760  ,  Loss/location: 0.55089  ,  pro_loss: 0.14313  ,  IoU: 0.72635  ,  Loss/sim: 0.00000
[train: Epoch 1, 150 / 1875] FPS: 40.8 (496.3)  ,  DataTime: 0.645 (0.004)  ,  ForwardTime: 0.136  ,  TotalTime: 0.785  ,  Loss/total: 1.37352  ,  Loss/giou: 0.30908  ,  Loss/l1: 0.03704  ,  Loss/location: 0.54148  ,  pro_loss: 0.14347  ,  IoU: 0.72964  ,  Loss/sim: 0.00000
[train: Epoch 1, 200 / 1875] FPS: 43.2 (508.3)  ,  DataTime: 0.621 (0.004)  ,  ForwardTime: 0.116  ,  TotalTime: 0.741  ,  Loss/total: 1.35664  ,  Loss/giou: 0.30661  ,  Loss/l1: 0.03629  ,  Loss/location: 0.53383  ,  pro_loss: 0.14078  ,  IoU: 0.73113  ,  Loss/sim: 0.00000
[train: Epoch 1, 250 / 1875] FPS: 45.2 (504.2)  ,  DataTime: 0.599 (0.004)  ,  ForwardTime: 0.104  ,  TotalTime: 0.707  ,  Loss/total: 1.34306  ,  Loss/giou: 0.30515  ,  Loss/l1: 0.03602  ,  Loss/location: 0.52436  ,  pro_loss: 0.14154  ,  IoU: 0.73235  ,  Loss/sim: 0.00000
[train: Epoch 1, 300 / 1875] FPS: 46.7 (88.6)  ,  DataTime: 0.584 (0.004)  ,  ForwardTime: 0.096  ,  TotalTime: 0.685  ,  Loss/total: 1.33623  ,  Loss/giou: 0.30384  ,  Loss/l1: 0.03593  ,  Loss/location: 0.52049  ,  pro_loss: 0.14215  ,  IoU: 0.73324  ,  Loss/sim: 0.00000
[train: Epoch 1, 350 / 1875] FPS: 48.0 (519.7)  ,  DataTime: 0.572 (0.004)  ,  ForwardTime: 0.091  ,  TotalTime: 0.667  ,  Loss/total: 1.33110  ,  Loss/giou: 0.30269  ,  Loss/l1: 0.03571  ,  Loss/location: 0.51863  ,  pro_loss: 0.14274  ,  IoU: 0.73337  ,  Loss/sim: 0.00000
[train: Epoch 1, 400 / 1875] FPS: 49.3 (517.2)  ,  DataTime: 0.559 (0.004)  ,  ForwardTime: 0.086  ,  TotalTime: 0.649  ,  Loss/total: 1.32737  ,  Loss/giou: 0.30148  ,  Loss/l1: 0.03562  ,  Loss/location: 0.51767  ,  pro_loss: 0.14320  ,  IoU: 0.73396  ,  Loss/sim: 0.00000
[train: Epoch 1, 450 / 1875] FPS: 50.0 (500.7)  ,  DataTime: 0.553 (0.004)  ,  ForwardTime: 0.083  ,  TotalTime: 0.640  ,  Loss/total: 1.31235  ,  Loss/giou: 0.29806  ,  Loss/l1: 0.03506  ,  Loss/location: 0.51214  ,  pro_loss: 0.14389  ,  IoU: 0.73636  ,  Loss/sim: 0.00000
[train: Epoch 1, 500 / 1875] FPS: 51.1 (500.0)  ,  DataTime: 0.541 (0.004)  ,  ForwardTime: 0.080  ,  TotalTime: 0.626  ,  Loss/total: 1.30788  ,  Loss/giou: 0.29722  ,  Loss/l1: 0.03499  ,  Loss/location: 0.50965  ,  pro_loss: 0.14410  ,  IoU: 0.73684  ,  Loss/sim: 0.00000
[train: Epoch 1, 550 / 1875] FPS: 52.3 (504.9)  ,  DataTime: 0.529 (0.004)  ,  ForwardTime: 0.078  ,  TotalTime: 0.612  ,  Loss/total: 1.30482  ,  Loss/giou: 0.29629  ,  Loss/l1: 0.03484  ,  Loss/location: 0.50928  ,  pro_loss: 0.14375  ,  IoU: 0.73733  ,  Loss/sim: 0.00000
[train: Epoch 1, 600 / 1875] FPS: 53.3 (509.2)  ,  DataTime: 0.519 (0.004)  ,  ForwardTime: 0.076  ,  TotalTime: 0.600  ,  Loss/total: 1.29979  ,  Loss/giou: 0.29533  ,  Loss/l1: 0.03461  ,  Loss/location: 0.50744  ,  pro_loss: 0.14319  ,  IoU: 0.73767  ,  Loss/sim: 0.00000
[train: Epoch 1, 650 / 1875] FPS: 54.4 (511.1)  ,  DataTime: 0.509 (0.004)  ,  ForwardTime: 0.075  ,  TotalTime: 0.588  ,  Loss/total: 1.29585  ,  Loss/giou: 0.29467  ,  Loss/l1: 0.03457  ,  Loss/location: 0.50506  ,  pro_loss: 0.14285  ,  IoU: 0.73805  ,  Loss/sim: 0.00000
[train: Epoch 1, 700 / 1875] FPS: 55.2 (506.6)  ,  DataTime: 0.501 (0.004)  ,  ForwardTime: 0.074  ,  TotalTime: 0.579  ,  Loss/total: 1.29055  ,  Loss/giou: 0.29342  ,  Loss/l1: 0.03436  ,  Loss/location: 0.50337  ,  pro_loss: 0.14260  ,  IoU: 0.73886  ,  Loss/sim: 0.00000
[train: Epoch 1, 750 / 1875] FPS: 55.9 (493.4)  ,  DataTime: 0.495 (0.004)  ,  ForwardTime: 0.072  ,  TotalTime: 0.572  ,  Loss/total: 1.28636  ,  Loss/giou: 0.29218  ,  Loss/l1: 0.03419  ,  Loss/location: 0.50247  ,  pro_loss: 0.14285  ,  IoU: 0.73971  ,  Loss/sim: 0.00000
[train: Epoch 1, 800 / 1875] FPS: 57.0 (114.9)  ,  DataTime: 0.485 (0.004)  ,  ForwardTime: 0.071  ,  TotalTime: 0.561  ,  Loss/total: 1.28218  ,  Loss/giou: 0.29134  ,  Loss/l1: 0.03407  ,  Loss/location: 0.50051  ,  pro_loss: 0.14312  ,  IoU: 0.74022  ,  Loss/sim: 0.00000
[train: Epoch 1, 850 / 1875] FPS: 57.9 (504.9)  ,  DataTime: 0.477 (0.004)  ,  ForwardTime: 0.071  ,  TotalTime: 0.552  ,  Loss/total: 1.27796  ,  Loss/giou: 0.29060  ,  Loss/l1: 0.03392  ,  Loss/location: 0.49845  ,  pro_loss: 0.14358  ,  IoU: 0.74073  ,  Loss/sim: 0.00000
[train: Epoch 1, 900 / 1875] FPS: 58.7 (503.4)  ,  DataTime: 0.471 (0.004)  ,  ForwardTime: 0.070  ,  TotalTime: 0.545  ,  Loss/total: 1.27617  ,  Loss/giou: 0.28999  ,  Loss/l1: 0.03392  ,  Loss/location: 0.49795  ,  pro_loss: 0.14330  ,  IoU: 0.74115  ,  Loss/sim: 0.00000
[train: Epoch 1, 950 / 1875] FPS: 59.7 (505.2)  ,  DataTime: 0.462 (0.004)  ,  ForwardTime: 0.069  ,  TotalTime: 0.536  ,  Loss/total: 1.26999  ,  Loss/giou: 0.28857  ,  Loss/l1: 0.03369  ,  Loss/location: 0.49559  ,  pro_loss: 0.14402  ,  IoU: 0.74215  ,  Loss/sim: 0.00000
[train: Epoch 1, 1000 / 1875] FPS: 60.5 (51.9)  ,  DataTime: 0.456 (0.004)  ,  ForwardTime: 0.069  ,  TotalTime: 0.529  ,  Loss/total: 1.26829  ,  Loss/giou: 0.28815  ,  Loss/l1: 0.03369  ,  Loss/location: 0.49467  ,  pro_loss: 0.14434  ,  IoU: 0.74245  ,  Loss/sim: 0.00000
[train: Epoch 1, 1050 / 1875] FPS: 61.5 (501.4)  ,  DataTime: 0.448 (0.004)  ,  ForwardTime: 0.068  ,  TotalTime: 0.520  ,  Loss/total: 1.26545  ,  Loss/giou: 0.28725  ,  Loss/l1: 0.03363  ,  Loss/location: 0.49392  ,  pro_loss: 0.14441  ,  IoU: 0.74315  ,  Loss/sim: 0.00000
[train: Epoch 1, 1100 / 1875] FPS: 62.1 (478.1)  ,  DataTime: 0.444 (0.004)  ,  ForwardTime: 0.067  ,  TotalTime: 0.516  ,  Loss/total: 1.26360  ,  Loss/giou: 0.28679  ,  Loss/l1: 0.03360  ,  Loss/location: 0.49311  ,  pro_loss: 0.14436  ,  IoU: 0.74338  ,  Loss/sim: 0.00000
[train: Epoch 1, 1150 / 1875] FPS: 63.0 (493.0)  ,  DataTime: 0.436 (0.004)  ,  ForwardTime: 0.067  ,  TotalTime: 0.508  ,  Loss/total: 1.26153  ,  Loss/giou: 0.28627  ,  Loss/l1: 0.03356  ,  Loss/location: 0.49229  ,  pro_loss: 0.14462  ,  IoU: 0.74368  ,  Loss/sim: 0.00000
[train: Epoch 1, 1200 / 1875] FPS: 64.0 (502.6)  ,  DataTime: 0.429 (0.004)  ,  ForwardTime: 0.067  ,  TotalTime: 0.500  ,  Loss/total: 1.25945  ,  Loss/giou: 0.28579  ,  Loss/l1: 0.03345  ,  Loss/location: 0.49171  ,  pro_loss: 0.14447  ,  IoU: 0.74392  ,  Loss/sim: 0.00000
[train: Epoch 1, 1250 / 1875] FPS: 64.8 (504.2)  ,  DataTime: 0.423 (0.004)  ,  ForwardTime: 0.066  ,  TotalTime: 0.494  ,  Loss/total: 1.25727  ,  Loss/giou: 0.28524  ,  Loss/l1: 0.03343  ,  Loss/location: 0.49071  ,  pro_loss: 0.14465  ,  IoU: 0.74426  ,  Loss/sim: 0.00000
[train: Epoch 1, 1300 / 1875] FPS: 65.5 (511.8)  ,  DataTime: 0.418 (0.004)  ,  ForwardTime: 0.066  ,  TotalTime: 0.489  ,  Loss/total: 1.25362  ,  Loss/giou: 0.28456  ,  Loss/l1: 0.03334  ,  Loss/location: 0.48884  ,  pro_loss: 0.14483  ,  IoU: 0.74473  ,  Loss/sim: 0.00000
[train: Epoch 1, 1350 / 1875] FPS: 66.3 (492.6)  ,  DataTime: 0.413 (0.004)  ,  ForwardTime: 0.065  ,  TotalTime: 0.483  ,  Loss/total: 1.25025  ,  Loss/giou: 0.28386  ,  Loss/l1: 0.03323  ,  Loss/location: 0.48735  ,  pro_loss: 0.14502  ,  IoU: 0.74518  ,  Loss/sim: 0.00000
[train: Epoch 1, 1400 / 1875] FPS: 67.2 (503.3)  ,  DataTime: 0.407 (0.004)  ,  ForwardTime: 0.065  ,  TotalTime: 0.476  ,  Loss/total: 1.24959  ,  Loss/giou: 0.28372  ,  Loss/l1: 0.03324  ,  Loss/location: 0.48695  ,  pro_loss: 0.14495  ,  IoU: 0.74523  ,  Loss/sim: 0.00000
[train: Epoch 1, 1450 / 1875] FPS: 68.0 (26.2)  ,  DataTime: 0.401 (0.004)  ,  ForwardTime: 0.065  ,  TotalTime: 0.471  ,  Loss/total: 1.24732  ,  Loss/giou: 0.28320  ,  Loss/l1: 0.03315  ,  Loss/location: 0.48613  ,  pro_loss: 0.14517  ,  IoU: 0.74558  ,  Loss/sim: 0.00000
[train: Epoch 1, 1500 / 1875] FPS: 68.8 (499.3)  ,  DataTime: 0.396 (0.004)  ,  ForwardTime: 0.065  ,  TotalTime: 0.465  ,  Loss/total: 1.24626  ,  Loss/giou: 0.28295  ,  Loss/l1: 0.03314  ,  Loss/location: 0.48561  ,  pro_loss: 0.14536  ,  IoU: 0.74573  ,  Loss/sim: 0.00000
[train: Epoch 1, 1550 / 1875] FPS: 69.8 (511.2)  ,  DataTime: 0.390 (0.004)  ,  ForwardTime: 0.064  ,  TotalTime: 0.459  ,  Loss/total: 1.24519  ,  Loss/giou: 0.28274  ,  Loss/l1: 0.03311  ,  Loss/location: 0.48512  ,  pro_loss: 0.14525  ,  IoU: 0.74582  ,  Loss/sim: 0.00000
[train: Epoch 1, 1600 / 1875] FPS: 70.6 (364.7)  ,  DataTime: 0.385 (0.004)  ,  ForwardTime: 0.064  ,  TotalTime: 0.453  ,  Loss/total: 1.24362  ,  Loss/giou: 0.28251  ,  Loss/l1: 0.03311  ,  Loss/location: 0.48401  ,  pro_loss: 0.14521  ,  IoU: 0.74601  ,  Loss/sim: 0.00000
[train: Epoch 1, 1650 / 1875] FPS: 71.2 (68.5)  ,  DataTime: 0.381 (0.004)  ,  ForwardTime: 0.064  ,  TotalTime: 0.449  ,  Loss/total: 1.24185  ,  Loss/giou: 0.28211  ,  Loss/l1: 0.03307  ,  Loss/location: 0.48329  ,  pro_loss: 0.14495  ,  IoU: 0.74626  ,  Loss/sim: 0.00000
[train: Epoch 1, 1700 / 1875] FPS: 71.8 (39.2)  ,  DataTime: 0.378 (0.005)  ,  ForwardTime: 0.064  ,  TotalTime: 0.446  ,  Loss/total: 1.23996  ,  Loss/giou: 0.28172  ,  Loss/l1: 0.03302  ,  Loss/location: 0.48248  ,  pro_loss: 0.14480  ,  IoU: 0.74654  ,  Loss/sim: 0.00000
[train: Epoch 1, 1750 / 1875] FPS: 72.6 (505.2)  ,  DataTime: 0.373 (0.005)  ,  ForwardTime: 0.063  ,  TotalTime: 0.441  ,  Loss/total: 1.23752  ,  Loss/giou: 0.28118  ,  Loss/l1: 0.03293  ,  Loss/location: 0.48155  ,  pro_loss: 0.14476  ,  IoU: 0.74691  ,  Loss/sim: 0.00000
[train: Epoch 1, 1800 / 1875] FPS: 73.5 (503.6)  ,  DataTime: 0.368 (0.005)  ,  ForwardTime: 0.063  ,  TotalTime: 0.435  ,  Loss/total: 1.23718  ,  Loss/giou: 0.28108  ,  Loss/l1: 0.03292  ,  Loss/location: 0.48149  ,  pro_loss: 0.14468  ,  IoU: 0.74698  ,  Loss/sim: 0.00000
[train: Epoch 1, 1850 / 1875] FPS: 74.3 (498.5)  ,  DataTime: 0.363 (0.005)  ,  ForwardTime: 0.063  ,  TotalTime: 0.431  ,  Loss/total: 1.23475  ,  Loss/giou: 0.28056  ,  Loss/l1: 0.03284  ,  Loss/location: 0.48051  ,  pro_loss: 0.14466  ,  IoU: 0.74735  ,  Loss/sim: 0.00000
[train: Epoch 1, 1875 / 1875] FPS: 74.8 (519.3)  ,  DataTime: 0.360 (0.005)  ,  ForwardTime: 0.063  ,  TotalTime: 0.428  ,  Loss/total: 1.23346  ,  Loss/giou: 0.28027  ,  Loss/l1: 0.03280  ,  Loss/location: 0.48000  ,  pro_loss: 0.14456  ,  IoU: 0.74757  ,  Loss/sim: 0.00000
[train: Epoch 2, 50 / 1875] FPS: 111.7 (506.9)  ,  DataTime: 0.225 (0.005)  ,  ForwardTime: 0.057  ,  TotalTime: 0.286  ,  Loss/total: 1.20138  ,  Loss/giou: 0.27270  ,  Loss/l1: 0.03218  ,  Loss/location: 0.46624  ,  pro_loss: 0.14417  ,  IoU: 0.75189  ,  Loss/sim: 0.00000
[train: Epoch 2, 100 / 1875] FPS: 111.8 (474.4)  ,  DataTime: 0.225 (0.005)  ,  ForwardTime: 0.057  ,  TotalTime: 0.286  ,  Loss/total: 1.19673  ,  Loss/giou: 0.27210  ,  Loss/l1: 0.03236  ,  Loss/location: 0.46212  ,  pro_loss: 0.14313  ,  IoU: 0.75273  ,  Loss/sim: 0.00000
[train: Epoch 2, 150 / 1875] FPS: 122.5 (495.1)  ,  DataTime: 0.200 (0.005)  ,  ForwardTime: 0.057  ,  TotalTime: 0.261  ,  Loss/total: 1.17308  ,  Loss/giou: 0.26691  ,  Loss/l1: 0.03129  ,  Loss/location: 0.45400  ,  pro_loss: 0.14396  ,  IoU: 0.75723  ,  Loss/sim: 0.00000
[train: Epoch 2, 200 / 1875] FPS: 127.5 (499.7)  ,  DataTime: 0.190 (0.005)  ,  ForwardTime: 0.057  ,  TotalTime: 0.251  ,  Loss/total: 1.18287  ,  Loss/giou: 0.26874  ,  Loss/l1: 0.03157  ,  Loss/location: 0.45893  ,  pro_loss: 0.14297  ,  IoU: 0.75576  ,  Loss/sim: 0.00000
[train: Epoch 2, 250 / 1875] FPS: 125.7 (497.0)  ,  DataTime: 0.193 (0.005)  ,  ForwardTime: 0.057  ,  TotalTime: 0.254  ,  Loss/total: 1.17269  ,  Loss/giou: 0.26646  ,  Loss/l1: 0.03107  ,  Loss/location: 0.45604  ,  pro_loss: 0.14183  ,  IoU: 0.75740  ,  Loss/sim: 0.00000
[train: Epoch 2, 300 / 1875] FPS: 126.8 (190.2)  ,  DataTime: 0.191 (0.005)  ,  ForwardTime: 0.057  ,  TotalTime: 0.252  ,  Loss/total: 1.17222  ,  Loss/giou: 0.26585  ,  Loss/l1: 0.03106  ,  Loss/location: 0.45678  ,  pro_loss: 0.14208  ,  IoU: 0.75750  ,  Loss/sim: 0.00000
[train: Epoch 2, 350 / 1875] FPS: 127.6 (503.5)  ,  DataTime: 0.189 (0.005)  ,  ForwardTime: 0.057  ,  TotalTime: 0.251  ,  Loss/total: 1.17433  ,  Loss/giou: 0.26706  ,  Loss/l1: 0.03108  ,  Loss/location: 0.45631  ,  pro_loss: 0.14262  ,  IoU: 0.75659  ,  Loss/sim: 0.00000
[train: Epoch 2, 400 / 1875] FPS: 129.4 (163.1)  ,  DataTime: 0.186 (0.005)  ,  ForwardTime: 0.057  ,  TotalTime: 0.247  ,  Loss/total: 1.17549  ,  Loss/giou: 0.26702  ,  Loss/l1: 0.03109  ,  Loss/location: 0.45766  ,  pro_loss: 0.14172  ,  IoU: 0.75653  ,  Loss/sim: 0.00000
[train: Epoch 2, 450 / 1875] FPS: 130.2 (195.3)  ,  DataTime: 0.184 (0.005)  ,  ForwardTime: 0.057  ,  TotalTime: 0.246  ,  Loss/total: 1.18283  ,  Loss/giou: 0.26842  ,  Loss/l1: 0.03133  ,  Loss/location: 0.46115  ,  pro_loss: 0.14086  ,  IoU: 0.75538  ,  Loss/sim: 0.00000
[train: Epoch 2, 500 / 1875] FPS: 131.5 (501.6)  ,  DataTime: 0.182 (0.005)  ,  ForwardTime: 0.057  ,  TotalTime: 0.243  ,  Loss/total: 1.18305  ,  Loss/giou: 0.26830  ,  Loss/l1: 0.03134  ,  Loss/location: 0.46177  ,  pro_loss: 0.13979  ,  IoU: 0.75528  ,  Loss/sim: 0.00000
[train: Epoch 2, 550 / 1875] FPS: 133.1 (506.7)  ,  DataTime: 0.179 (0.005)  ,  ForwardTime: 0.057  ,  TotalTime: 0.240  ,  Loss/total: 1.18496  ,  Loss/giou: 0.26898  ,  Loss/l1: 0.03146  ,  Loss/location: 0.46192  ,  pro_loss: 0.13896  ,  IoU: 0.75488  ,  Loss/sim: 0.00000
[train: Epoch 2, 600 / 1875] FPS: 134.4 (114.5)  ,  DataTime: 0.177 (0.005)  ,  ForwardTime: 0.057  ,  TotalTime: 0.238  ,  Loss/total: 1.18330  ,  Loss/giou: 0.26861  ,  Loss/l1: 0.03138  ,  Loss/location: 0.46142  ,  pro_loss: 0.13879  ,  IoU: 0.75524  ,  Loss/sim: 0.00000
[train: Epoch 2, 650 / 1875] FPS: 135.8 (492.2)  ,  DataTime: 0.174 (0.005)  ,  ForwardTime: 0.057  ,  TotalTime: 0.236  ,  Loss/total: 1.18306  ,  Loss/giou: 0.26878  ,  Loss/l1: 0.03138  ,  Loss/location: 0.46097  ,  pro_loss: 0.13822  ,  IoU: 0.75510  ,  Loss/sim: 0.00000
[train: Epoch 2, 700 / 1875] FPS: 136.7 (81.5)  ,  DataTime: 0.173 (0.005)  ,  ForwardTime: 0.057  ,  TotalTime: 0.234  ,  Loss/total: 1.18293  ,  Loss/giou: 0.26880  ,  Loss/l1: 0.03142  ,  Loss/location: 0.46059  ,  pro_loss: 0.13821  ,  IoU: 0.75504  ,  Loss/sim: 0.00000
[train: Epoch 2, 750 / 1875] FPS: 136.8 (496.4)  ,  DataTime: 0.173 (0.005)  ,  ForwardTime: 0.057  ,  TotalTime: 0.234  ,  Loss/total: 1.18223  ,  Loss/giou: 0.26875  ,  Loss/l1: 0.03142  ,  Loss/location: 0.46000  ,  pro_loss: 0.13807  ,  IoU: 0.75505  ,  Loss/sim: 0.00000
[train: Epoch 2, 800 / 1875] FPS: 138.5 (502.1)  ,  DataTime: 0.170 (0.005)  ,  ForwardTime: 0.057  ,  TotalTime: 0.231  ,  Loss/total: 1.18171  ,  Loss/giou: 0.26857  ,  Loss/l1: 0.03144  ,  Loss/location: 0.45983  ,  pro_loss: 0.13772  ,  IoU: 0.75521  ,  Loss/sim: 0.00000
[train: Epoch 2, 850 / 1875] FPS: 140.4 (496.7)  ,  DataTime: 0.166 (0.005)  ,  ForwardTime: 0.057  ,  TotalTime: 0.228  ,  Loss/total: 1.17991  ,  Loss/giou: 0.26811  ,  Loss/l1: 0.03136  ,  Loss/location: 0.45939  ,  pro_loss: 0.13737  ,  IoU: 0.75541  ,  Loss/sim: 0.00000
[train: Epoch 2, 900 / 1875] FPS: 141.4 (458.8)  ,  DataTime: 0.165 (0.005)  ,  ForwardTime: 0.057  ,  TotalTime: 0.226  ,  Loss/total: 1.17751  ,  Loss/giou: 0.26746  ,  Loss/l1: 0.03127  ,  Loss/location: 0.45876  ,  pro_loss: 0.13738  ,  IoU: 0.75581  ,  Loss/sim: 0.00000
[train: Epoch 2, 950 / 1875] FPS: 142.6 (501.2)  ,  DataTime: 0.163 (0.005)  ,  ForwardTime: 0.057  ,  TotalTime: 0.224  ,  Loss/total: 1.17440  ,  Loss/giou: 0.26705  ,  Loss/l1: 0.03122  ,  Loss/location: 0.45675  ,  pro_loss: 0.13729  ,  IoU: 0.75610  ,  Loss/sim: 0.00000
[train: Epoch 2, 1000 / 1875] FPS: 143.1 (483.7)  ,  DataTime: 0.162 (0.005)  ,  ForwardTime: 0.057  ,  TotalTime: 0.224  ,  Loss/total: 1.17455  ,  Loss/giou: 0.26693  ,  Loss/l1: 0.03124  ,  Loss/location: 0.45707  ,  pro_loss: 0.13716  ,  IoU: 0.75617  ,  Loss/sim: 0.00000
[train: Epoch 2, 1050 / 1875] FPS: 144.4 (66.4)  ,  DataTime: 0.160 (0.005)  ,  ForwardTime: 0.057  ,  TotalTime: 0.222  ,  Loss/total: 1.17375  ,  Loss/giou: 0.26683  ,  Loss/l1: 0.03123  ,  Loss/location: 0.45648  ,  pro_loss: 0.13719  ,  IoU: 0.75625  ,  Loss/sim: 0.00000
[train: Epoch 2, 1100 / 1875] FPS: 145.4 (501.2)  ,  DataTime: 0.159 (0.005)  ,  ForwardTime: 0.057  ,  TotalTime: 0.220  ,  Loss/total: 1.17528  ,  Loss/giou: 0.26700  ,  Loss/l1: 0.03127  ,  Loss/location: 0.45753  ,  pro_loss: 0.13688  ,  IoU: 0.75602  ,  Loss/sim: 0.00000
[train: Epoch 2, 1150 / 1875] FPS: 146.7 (491.0)  ,  DataTime: 0.156 (0.005)  ,  ForwardTime: 0.057  ,  TotalTime: 0.218  ,  Loss/total: 1.17708  ,  Loss/giou: 0.26742  ,  Loss/l1: 0.03136  ,  Loss/location: 0.45807  ,  pro_loss: 0.13682  ,  IoU: 0.75568  ,  Loss/sim: 0.00000
[train: Epoch 2, 1200 / 1875] FPS: 147.6 (496.6)  ,  DataTime: 0.155 (0.005)  ,  ForwardTime: 0.057  ,  TotalTime: 0.217  ,  Loss/total: 1.17736  ,  Loss/giou: 0.26746  ,  Loss/l1: 0.03141  ,  Loss/location: 0.45803  ,  pro_loss: 0.13673  ,  IoU: 0.75565  ,  Loss/sim: 0.00000
[train: Epoch 2, 1250 / 1875] FPS: 149.4 (456.4)  ,  DataTime: 0.152 (0.005)  ,  ForwardTime: 0.057  ,  TotalTime: 0.214  ,  Loss/total: 1.17864  ,  Loss/giou: 0.26772  ,  Loss/l1: 0.03148  ,  Loss/location: 0.45855  ,  pro_loss: 0.13623  ,  IoU: 0.75544  ,  Loss/sim: 0.00000
[train: Epoch 2, 1300 / 1875] FPS: 150.8 (461.0)  ,  DataTime: 0.150 (0.005)  ,  ForwardTime: 0.057  ,  TotalTime: 0.212  ,  Loss/total: 1.17960  ,  Loss/giou: 0.26791  ,  Loss/l1: 0.03153  ,  Loss/location: 0.45890  ,  pro_loss: 0.13617  ,  IoU: 0.75529  ,  Loss/sim: 0.00000
[train: Epoch 2, 1350 / 1875] FPS: 151.8 (497.7)  ,  DataTime: 0.149 (0.005)  ,  ForwardTime: 0.057  ,  TotalTime: 0.211  ,  Loss/total: 1.17995  ,  Loss/giou: 0.26804  ,  Loss/l1: 0.03151  ,  Loss/location: 0.45915  ,  pro_loss: 0.13584  ,  IoU: 0.75516  ,  Loss/sim: 0.00000
[train: Epoch 2, 1400 / 1875] FPS: 153.0 (464.4)  ,  DataTime: 0.147 (0.005)  ,  ForwardTime: 0.057  ,  TotalTime: 0.209  ,  Loss/total: 1.18090  ,  Loss/giou: 0.26813  ,  Loss/l1: 0.03155  ,  Loss/location: 0.45974  ,  pro_loss: 0.13571  ,  IoU: 0.75510  ,  Loss/sim: 0.00000
[train: Epoch 2, 1450 / 1875] FPS: 154.0 (475.5)  ,  DataTime: 0.146 (0.005)  ,  ForwardTime: 0.057  ,  TotalTime: 0.208  ,  Loss/total: 1.17885  ,  Loss/giou: 0.26764  ,  Loss/l1: 0.03147  ,  Loss/location: 0.45911  ,  pro_loss: 0.13563  ,  IoU: 0.75550  ,  Loss/sim: 0.00000
[train: Epoch 2, 1500 / 1875] FPS: 154.6 (428.2)  ,  DataTime: 0.145 (0.005)  ,  ForwardTime: 0.057  ,  TotalTime: 0.207  ,  Loss/total: 1.17962  ,  Loss/giou: 0.26769  ,  Loss/l1: 0.03149  ,  Loss/location: 0.45970  ,  pro_loss: 0.13546  ,  IoU: 0.75539  ,  Loss/sim: 0.00000
[train: Epoch 2, 1550 / 1875] FPS: 155.3 (479.1)  ,  DataTime: 0.144 (0.005)  ,  ForwardTime: 0.057  ,  TotalTime: 0.206  ,  Loss/total: 1.18027  ,  Loss/giou: 0.26780  ,  Loss/l1: 0.03153  ,  Loss/location: 0.45997  ,  pro_loss: 0.13524  ,  IoU: 0.75526  ,  Loss/sim: 0.00000
[train: Epoch 2, 1600 / 1875] FPS: 156.7 (499.4)  ,  DataTime: 0.142 (0.005)  ,  ForwardTime: 0.057  ,  TotalTime: 0.204  ,  Loss/total: 1.18134  ,  Loss/giou: 0.26796  ,  Loss/l1: 0.03157  ,  Loss/location: 0.46052  ,  pro_loss: 0.13520  ,  IoU: 0.75510  ,  Loss/sim: 0.00000
[train: Epoch 2, 1650 / 1875] FPS: 157.6 (475.4)  ,  DataTime: 0.141 (0.005)  ,  ForwardTime: 0.057  ,  TotalTime: 0.203  ,  Loss/total: 1.17936  ,  Loss/giou: 0.26750  ,  Loss/l1: 0.03150  ,  Loss/location: 0.45987  ,  pro_loss: 0.13501  ,  IoU: 0.75545  ,  Loss/sim: 0.00000
[train: Epoch 2, 1700 / 1875] FPS: 158.7 (479.8)  ,  DataTime: 0.140 (0.005)  ,  ForwardTime: 0.057  ,  TotalTime: 0.202  ,  Loss/total: 1.17950  ,  Loss/giou: 0.26757  ,  Loss/l1: 0.03150  ,  Loss/location: 0.45988  ,  pro_loss: 0.13480  ,  IoU: 0.75536  ,  Loss/sim: 0.00000
[train: Epoch 2, 1750 / 1875] FPS: 159.4 (498.6)  ,  DataTime: 0.139 (0.005)  ,  ForwardTime: 0.057  ,  TotalTime: 0.201  ,  Loss/total: 1.17909  ,  Loss/giou: 0.26747  ,  Loss/l1: 0.03152  ,  Loss/location: 0.45959  ,  pro_loss: 0.13477  ,  IoU: 0.75551  ,  Loss/sim: 0.00000
[train: Epoch 2, 1800 / 1875] FPS: 160.1 (485.1)  ,  DataTime: 0.138 (0.005)  ,  ForwardTime: 0.057  ,  TotalTime: 0.200  ,  Loss/total: 1.17965  ,  Loss/giou: 0.26750  ,  Loss/l1: 0.03153  ,  Loss/location: 0.46013  ,  pro_loss: 0.13431  ,  IoU: 0.75547  ,  Loss/sim: 0.00000
[train: Epoch 2, 1850 / 1875] FPS: 161.4 (470.5)  ,  DataTime: 0.136 (0.005)  ,  ForwardTime: 0.057  ,  TotalTime: 0.198  ,  Loss/total: 1.17883  ,  Loss/giou: 0.26733  ,  Loss/l1: 0.03148  ,  Loss/location: 0.45991  ,  pro_loss: 0.13434  ,  IoU: 0.75556  ,  Loss/sim: 0.00000
[train: Epoch 2, 1875 / 1875] FPS: 162.2 (518.0)  ,  DataTime: 0.135 (0.005)  ,  ForwardTime: 0.057  ,  TotalTime: 0.197  ,  Loss/total: 1.17866  ,  Loss/giou: 0.26724  ,  Loss/l1: 0.03146  ,  Loss/location: 0.45999  ,  pro_loss: 0.13429  ,  IoU: 0.75562  ,  Loss/sim: 0.00000
[train: Epoch 3, 50 / 1875] FPS: 191.0 (73.3)  ,  DataTime: 0.103 (0.005)  ,  ForwardTime: 0.059  ,  TotalTime: 0.168  ,  Loss/total: 1.10742  ,  Loss/giou: 0.25099  ,  Loss/l1: 0.02875  ,  Loss/location: 0.43412  ,  pro_loss: 0.13792  ,  IoU: 0.76761  ,  Loss/sim: 0.00000
[train: Epoch 3, 100 / 1875] FPS: 205.8 (470.2)  ,  DataTime: 0.091 (0.005)  ,  ForwardTime: 0.059  ,  TotalTime: 0.155  ,  Loss/total: 1.13522  ,  Loss/giou: 0.25880  ,  Loss/l1: 0.02945  ,  Loss/location: 0.44321  ,  pro_loss: 0.13573  ,  IoU: 0.76175  ,  Loss/sim: 0.00000
[train: Epoch 3, 150 / 1875] FPS: 208.1 (501.9)  ,  DataTime: 0.090 (0.005)  ,  ForwardTime: 0.059  ,  TotalTime: 0.154  ,  Loss/total: 1.16292  ,  Loss/giou: 0.26365  ,  Loss/l1: 0.03033  ,  Loss/location: 0.45758  ,  pro_loss: 0.13181  ,  IoU: 0.75804  ,  Loss/sim: 0.00000
[train: Epoch 3, 200 / 1875] FPS: 213.4 (460.6)  ,  DataTime: 0.086 (0.005)  ,  ForwardTime: 0.059  ,  TotalTime: 0.150  ,  Loss/total: 1.14688  ,  Loss/giou: 0.26117  ,  Loss/l1: 0.03009  ,  Loss/location: 0.44823  ,  pro_loss: 0.12917  ,  IoU: 0.76058  ,  Loss/sim: 0.00000
[train: Epoch 3, 250 / 1875] FPS: 216.1 (100.3)  ,  DataTime: 0.084 (0.005)  ,  ForwardTime: 0.059  ,  TotalTime: 0.148  ,  Loss/total: 1.14509  ,  Loss/giou: 0.26129  ,  Loss/l1: 0.03016  ,  Loss/location: 0.44590  ,  pro_loss: 0.12904  ,  IoU: 0.76066  ,  Loss/sim: 0.00000
[train: Epoch 3, 300 / 1875] FPS: 217.7 (400.5)  ,  DataTime: 0.083 (0.005)  ,  ForwardTime: 0.059  ,  TotalTime: 0.147  ,  Loss/total: 1.15555  ,  Loss/giou: 0.26349  ,  Loss/l1: 0.03042  ,  Loss/location: 0.45063  ,  pro_loss: 0.12924  ,  IoU: 0.75893  ,  Loss/sim: 0.00000
[train: Epoch 3, 350 / 1875] FPS: 219.5 (489.2)  ,  DataTime: 0.081 (0.005)  ,  ForwardTime: 0.059  ,  TotalTime: 0.146  ,  Loss/total: 1.15396  ,  Loss/giou: 0.26308  ,  Loss/l1: 0.03025  ,  Loss/location: 0.45068  ,  pro_loss: 0.12938  ,  IoU: 0.75912  ,  Loss/sim: 0.00000
[train: Epoch 3, 400 / 1875] FPS: 223.2 (501.0)  ,  DataTime: 0.079 (0.005)  ,  ForwardTime: 0.059  ,  TotalTime: 0.143  ,  Loss/total: 1.15730  ,  Loss/giou: 0.26335  ,  Loss/l1: 0.03038  ,  Loss/location: 0.45286  ,  pro_loss: 0.12919  ,  IoU: 0.75893  ,  Loss/sim: 0.00000
[train: Epoch 3, 450 / 1875] FPS: 220.7 (469.5)  ,  DataTime: 0.081 (0.005)  ,  ForwardTime: 0.059  ,  TotalTime: 0.145  ,  Loss/total: 1.15623  ,  Loss/giou: 0.26275  ,  Loss/l1: 0.03035  ,  Loss/location: 0.45323  ,  pro_loss: 0.12884  ,  IoU: 0.75946  ,  Loss/sim: 0.00000
[train: Epoch 3, 500 / 1875] FPS: 222.5 (479.5)  ,  DataTime: 0.079 (0.005)  ,  ForwardTime: 0.059  ,  TotalTime: 0.144  ,  Loss/total: 1.15515  ,  Loss/giou: 0.26253  ,  Loss/l1: 0.03028  ,  Loss/location: 0.45302  ,  pro_loss: 0.12842  ,  IoU: 0.75949  ,  Loss/sim: 0.00000
[train: Epoch 3, 550 / 1875] FPS: 222.7 (40.0)  ,  DataTime: 0.079 (0.005)  ,  ForwardTime: 0.059  ,  TotalTime: 0.144  ,  Loss/total: 1.15009  ,  Loss/giou: 0.26193  ,  Loss/l1: 0.03013  ,  Loss/location: 0.44981  ,  pro_loss: 0.12871  ,  IoU: 0.76004  ,  Loss/sim: 0.00000
[train: Epoch 3, 600 / 1875] FPS: 222.3 (463.4)  ,  DataTime: 0.079 (0.005)  ,  ForwardTime: 0.059  ,  TotalTime: 0.144  ,  Loss/total: 1.15038  ,  Loss/giou: 0.26186  ,  Loss/l1: 0.03017  ,  Loss/location: 0.45014  ,  pro_loss: 0.12821  ,  IoU: 0.76010  ,  Loss/sim: 0.00000
[train: Epoch 3, 650 / 1875] FPS: 223.9 (451.2)  ,  DataTime: 0.078 (0.005)  ,  ForwardTime: 0.059  ,  TotalTime: 0.143  ,  Loss/total: 1.14859  ,  Loss/giou: 0.26148  ,  Loss/l1: 0.03015  ,  Loss/location: 0.44927  ,  pro_loss: 0.12816  ,  IoU: 0.76050  ,  Loss/sim: 0.00000
[train: Epoch 3, 700 / 1875] FPS: 225.0 (477.3)  ,  DataTime: 0.078 (0.005)  ,  ForwardTime: 0.059  ,  TotalTime: 0.142  ,  Loss/total: 1.14424  ,  Loss/giou: 0.26059  ,  Loss/l1: 0.03000  ,  Loss/location: 0.44739  ,  pro_loss: 0.12836  ,  IoU: 0.76124  ,  Loss/sim: 0.00000
[train: Epoch 3, 750 / 1875] FPS: 227.1 (460.4)  ,  DataTime: 0.076 (0.005)  ,  ForwardTime: 0.059  ,  TotalTime: 0.141  ,  Loss/total: 1.14574  ,  Loss/giou: 0.26080  ,  Loss/l1: 0.03008  ,  Loss/location: 0.44798  ,  pro_loss: 0.12875  ,  IoU: 0.76108  ,  Loss/sim: 0.00000
[train: Epoch 3, 800 / 1875] FPS: 225.6 (473.6)  ,  DataTime: 0.077 (0.005)  ,  ForwardTime: 0.059  ,  TotalTime: 0.142  ,  Loss/total: 1.14405  ,  Loss/giou: 0.26028  ,  Loss/l1: 0.02999  ,  Loss/location: 0.44773  ,  pro_loss: 0.12913  ,  IoU: 0.76143  ,  Loss/sim: 0.00000
[train: Epoch 3, 850 / 1875] FPS: 226.7 (484.3)  ,  DataTime: 0.076 (0.006)  ,  ForwardTime: 0.059  ,  TotalTime: 0.141  ,  Loss/total: 1.14458  ,  Loss/giou: 0.26067  ,  Loss/l1: 0.03006  ,  Loss/location: 0.44717  ,  pro_loss: 0.12885  ,  IoU: 0.76119  ,  Loss/sim: 0.00000
[train: Epoch 3, 900 / 1875] FPS: 226.9 (466.1)  ,  DataTime: 0.076 (0.006)  ,  ForwardTime: 0.059  ,  TotalTime: 0.141  ,  Loss/total: 1.14506  ,  Loss/giou: 0.26077  ,  Loss/l1: 0.03014  ,  Loss/location: 0.44711  ,  pro_loss: 0.12851  ,  IoU: 0.76121  ,  Loss/sim: 0.00000
[train: Epoch 3, 950 / 1875] FPS: 228.9 (481.3)  ,  DataTime: 0.075 (0.006)  ,  ForwardTime: 0.059  ,  TotalTime: 0.140  ,  Loss/total: 1.14598  ,  Loss/giou: 0.26094  ,  Loss/l1: 0.03018  ,  Loss/location: 0.44747  ,  pro_loss: 0.12859  ,  IoU: 0.76107  ,  Loss/sim: 0.00000
[train: Epoch 3, 1000 / 1875] FPS: 231.2 (493.2)  ,  DataTime: 0.074 (0.006)  ,  ForwardTime: 0.059  ,  TotalTime: 0.138  ,  Loss/total: 1.14693  ,  Loss/giou: 0.26115  ,  Loss/l1: 0.03018  ,  Loss/location: 0.44798  ,  pro_loss: 0.12864  ,  IoU: 0.76085  ,  Loss/sim: 0.00000
[train: Epoch 3, 1050 / 1875] FPS: 233.1 (452.2)  ,  DataTime: 0.072 (0.006)  ,  ForwardTime: 0.059  ,  TotalTime: 0.137  ,  Loss/total: 1.14715  ,  Loss/giou: 0.26104  ,  Loss/l1: 0.03018  ,  Loss/location: 0.44846  ,  pro_loss: 0.12843  ,  IoU: 0.76089  ,  Loss/sim: 0.00000
[train: Epoch 3, 1100 / 1875] FPS: 233.8 (439.0)  ,  DataTime: 0.072 (0.006)  ,  ForwardTime: 0.059  ,  TotalTime: 0.137  ,  Loss/total: 1.14824  ,  Loss/giou: 0.26131  ,  Loss/l1: 0.03028  ,  Loss/location: 0.44859  ,  pro_loss: 0.12817  ,  IoU: 0.76074  ,  Loss/sim: 0.00000
[train: Epoch 3, 1150 / 1875] FPS: 235.5 (464.7)  ,  DataTime: 0.071 (0.006)  ,  ForwardTime: 0.060  ,  TotalTime: 0.136  ,  Loss/total: 1.14796  ,  Loss/giou: 0.26120  ,  Loss/l1: 0.03028  ,  Loss/location: 0.44855  ,  pro_loss: 0.12802  ,  IoU: 0.76075  ,  Loss/sim: 0.00000
[train: Epoch 3, 1200 / 1875] FPS: 236.6 (463.6)  ,  DataTime: 0.070 (0.006)  ,  ForwardTime: 0.060  ,  TotalTime: 0.135  ,  Loss/total: 1.14415  ,  Loss/giou: 0.26043  ,  Loss/l1: 0.03013  ,  Loss/location: 0.44704  ,  pro_loss: 0.12799  ,  IoU: 0.76142  ,  Loss/sim: 0.00000
[train: Epoch 3, 1250 / 1875] FPS: 237.4 (458.8)  ,  DataTime: 0.070 (0.006)  ,  ForwardTime: 0.060  ,  TotalTime: 0.135  ,  Loss/total: 1.14364  ,  Loss/giou: 0.26037  ,  Loss/l1: 0.03012  ,  Loss/location: 0.44674  ,  pro_loss: 0.12787  ,  IoU: 0.76153  ,  Loss/sim: 0.00000
[train: Epoch 3, 1300 / 1875] FPS: 238.6 (477.0)  ,  DataTime: 0.069 (0.006)  ,  ForwardTime: 0.060  ,  TotalTime: 0.134  ,  Loss/total: 1.14314  ,  Loss/giou: 0.26026  ,  Loss/l1: 0.03006  ,  Loss/location: 0.44675  ,  pro_loss: 0.12794  ,  IoU: 0.76158  ,  Loss/sim: 0.00000
[train: Epoch 3, 1350 / 1875] FPS: 239.9 (448.4)  ,  DataTime: 0.068 (0.006)  ,  ForwardTime: 0.060  ,  TotalTime: 0.133  ,  Loss/total: 1.14184  ,  Loss/giou: 0.25995  ,  Loss/l1: 0.03003  ,  Loss/location: 0.44624  ,  pro_loss: 0.12768  ,  IoU: 0.76182  ,  Loss/sim: 0.00000
[train: Epoch 3, 1400 / 1875] FPS: 240.3 (429.9)  ,  DataTime: 0.068 (0.006)  ,  ForwardTime: 0.060  ,  TotalTime: 0.133  ,  Loss/total: 1.14348  ,  Loss/giou: 0.26033  ,  Loss/l1: 0.03014  ,  Loss/location: 0.44653  ,  pro_loss: 0.12780  ,  IoU: 0.76152  ,  Loss/sim: 0.00000
[train: Epoch 3, 1450 / 1875] FPS: 241.2 (457.5)  ,  DataTime: 0.067 (0.006)  ,  ForwardTime: 0.060  ,  TotalTime: 0.133  ,  Loss/total: 1.14276  ,  Loss/giou: 0.26011  ,  Loss/l1: 0.03009  ,  Loss/location: 0.44653  ,  pro_loss: 0.12769  ,  IoU: 0.76172  ,  Loss/sim: 0.00000
[train: Epoch 3, 1500 / 1875] FPS: 242.7 (450.4)  ,  DataTime: 0.066 (0.006)  ,  ForwardTime: 0.060  ,  TotalTime: 0.132  ,  Loss/total: 1.14455  ,  Loss/giou: 0.26042  ,  Loss/l1: 0.03016  ,  Loss/location: 0.44739  ,  pro_loss: 0.12766  ,  IoU: 0.76146  ,  Loss/sim: 0.00000
[train: Epoch 3, 1550 / 1875] FPS: 244.3 (383.7)  ,  DataTime: 0.065 (0.006)  ,  ForwardTime: 0.060  ,  TotalTime: 0.131  ,  Loss/total: 1.14401  ,  Loss/giou: 0.26029  ,  Loss/l1: 0.03014  ,  Loss/location: 0.44716  ,  pro_loss: 0.12782  ,  IoU: 0.76158  ,  Loss/sim: 0.00000
[train: Epoch 3, 1600 / 1875] FPS: 244.8 (464.4)  ,  DataTime: 0.065 (0.006)  ,  ForwardTime: 0.060  ,  TotalTime: 0.131  ,  Loss/total: 1.14263  ,  Loss/giou: 0.26008  ,  Loss/l1: 0.03009  ,  Loss/location: 0.44644  ,  pro_loss: 0.12791  ,  IoU: 0.76178  ,  Loss/sim: 0.00000
[train: Epoch 3, 1650 / 1875] FPS: 246.2 (444.1)  ,  DataTime: 0.064 (0.006)  ,  ForwardTime: 0.060  ,  TotalTime: 0.130  ,  Loss/total: 1.14249  ,  Loss/giou: 0.26004  ,  Loss/l1: 0.03009  ,  Loss/location: 0.44637  ,  pro_loss: 0.12796  ,  IoU: 0.76180  ,  Loss/sim: 0.00000
[train: Epoch 3, 1700 / 1875] FPS: 247.4 (450.3)  ,  DataTime: 0.064 (0.006)  ,  ForwardTime: 0.060  ,  TotalTime: 0.129  ,  Loss/total: 1.14038  ,  Loss/giou: 0.25957  ,  Loss/l1: 0.03002  ,  Loss/location: 0.44552  ,  pro_loss: 0.12800  ,  IoU: 0.76214  ,  Loss/sim: 0.00000
[train: Epoch 3, 1750 / 1875] FPS: 248.5 (465.6)  ,  DataTime: 0.063 (0.006)  ,  ForwardTime: 0.060  ,  TotalTime: 0.129  ,  Loss/total: 1.14046  ,  Loss/giou: 0.25961  ,  Loss/l1: 0.03001  ,  Loss/location: 0.44561  ,  pro_loss: 0.12801  ,  IoU: 0.76204  ,  Loss/sim: 0.00000
[train: Epoch 3, 1800 / 1875] FPS: 249.2 (426.1)  ,  DataTime: 0.063 (0.006)  ,  ForwardTime: 0.060  ,  TotalTime: 0.128  ,  Loss/total: 1.13988  ,  Loss/giou: 0.25945  ,  Loss/l1: 0.03002  ,  Loss/location: 0.44532  ,  pro_loss: 0.12791  ,  IoU: 0.76223  ,  Loss/sim: 0.00000
[train: Epoch 3, 1850 / 1875] FPS: 250.7 (445.3)  ,  DataTime: 0.062 (0.006)  ,  ForwardTime: 0.060  ,  TotalTime: 0.128  ,  Loss/total: 1.13947  ,  Loss/giou: 0.25937  ,  Loss/l1: 0.03003  ,  Loss/location: 0.44497  ,  pro_loss: 0.12792  ,  IoU: 0.76229  ,  Loss/sim: 0.00000
[train: Epoch 3, 1875 / 1875] FPS: 251.4 (254.2)  ,  DataTime: 0.061 (0.006)  ,  ForwardTime: 0.060  ,  TotalTime: 0.127  ,  Loss/total: 1.13959  ,  Loss/giou: 0.25937  ,  Loss/l1: 0.03007  ,  Loss/location: 0.44490  ,  pro_loss: 0.12811  ,  IoU: 0.76231  ,  Loss/sim: 0.00000
[train: Epoch 4, 50 / 1875] FPS: 223.5 (471.0)  ,  DataTime: 0.076 (0.006)  ,  ForwardTime: 0.061  ,  TotalTime: 0.143  ,  Loss/total: 1.08047  ,  Loss/giou: 0.24475  ,  Loss/l1: 0.02744  ,  Loss/location: 0.42700  ,  pro_loss: 0.13396  ,  IoU: 0.77161  ,  Loss/sim: 0.00000
[train: Epoch 4, 100 / 1875] FPS: 250.2 (474.5)  ,  DataTime: 0.061 (0.006)  ,  ForwardTime: 0.061  ,  TotalTime: 0.128  ,  Loss/total: 1.11488  ,  Loss/giou: 0.25227  ,  Loss/l1: 0.02935  ,  Loss/location: 0.43771  ,  pro_loss: 0.12927  ,  IoU: 0.76668  ,  Loss/sim: 0.00000
[train: Epoch 4, 150 / 1875] FPS: 268.1 (426.1)  ,  DataTime: 0.052 (0.006)  ,  ForwardTime: 0.061  ,  TotalTime: 0.119  ,  Loss/total: 1.12973  ,  Loss/giou: 0.25576  ,  Loss/l1: 0.02999  ,  Loss/location: 0.44248  ,  pro_loss: 0.12875  ,  IoU: 0.76407  ,  Loss/sim: 0.00000
[train: Epoch 4, 200 / 1875] FPS: 272.6 (432.1)  ,  DataTime: 0.050 (0.006)  ,  ForwardTime: 0.061  ,  TotalTime: 0.117  ,  Loss/total: 1.12938  ,  Loss/giou: 0.25566  ,  Loss/l1: 0.03005  ,  Loss/location: 0.44224  ,  pro_loss: 0.12802  ,  IoU: 0.76444  ,  Loss/sim: 0.00000
[train: Epoch 4, 250 / 1875] FPS: 276.3 (460.0)  ,  DataTime: 0.048 (0.006)  ,  ForwardTime: 0.062  ,  TotalTime: 0.116  ,  Loss/total: 1.12252  ,  Loss/giou: 0.25399  ,  Loss/l1: 0.02990  ,  Loss/location: 0.43925  ,  pro_loss: 0.12900  ,  IoU: 0.76614  ,  Loss/sim: 0.00000
[train: Epoch 4, 300 / 1875] FPS: 280.1 (438.5)  ,  DataTime: 0.047 (0.006)  ,  ForwardTime: 0.062  ,  TotalTime: 0.114  ,  Loss/total: 1.13032  ,  Loss/giou: 0.25560  ,  Loss/l1: 0.03028  ,  Loss/location: 0.44195  ,  pro_loss: 0.12868  ,  IoU: 0.76501  ,  Loss/sim: 0.00000
[train: Epoch 4, 350 / 1875] FPS: 281.5 (438.8)  ,  DataTime: 0.046 (0.006)  ,  ForwardTime: 0.061  ,  TotalTime: 0.114  ,  Loss/total: 1.12835  ,  Loss/giou: 0.25522  ,  Loss/l1: 0.03017  ,  Loss/location: 0.44127  ,  pro_loss: 0.12905  ,  IoU: 0.76526  ,  Loss/sim: 0.00000
[train: Epoch 4, 400 / 1875] FPS: 288.0 (441.3)  ,  DataTime: 0.043 (0.006)  ,  ForwardTime: 0.062  ,  TotalTime: 0.111  ,  Loss/total: 1.13918  ,  Loss/giou: 0.25770  ,  Loss/l1: 0.03058  ,  Loss/location: 0.44527  ,  pro_loss: 0.12815  ,  IoU: 0.76335  ,  Loss/sim: 0.00000
[train: Epoch 4, 450 / 1875] FPS: 289.3 (115.9)  ,  DataTime: 0.043 (0.006)  ,  ForwardTime: 0.062  ,  TotalTime: 0.111  ,  Loss/total: 1.13037  ,  Loss/giou: 0.25542  ,  Loss/l1: 0.03018  ,  Loss/location: 0.44321  ,  pro_loss: 0.12708  ,  IoU: 0.76503  ,  Loss/sim: 0.00000
[train: Epoch 4, 500 / 1875] FPS: 292.0 (426.6)  ,  DataTime: 0.042 (0.006)  ,  ForwardTime: 0.062  ,  TotalTime: 0.110  ,  Loss/total: 1.13253  ,  Loss/giou: 0.25603  ,  Loss/l1: 0.03024  ,  Loss/location: 0.44371  ,  pro_loss: 0.12790  ,  IoU: 0.76447  ,  Loss/sim: 0.00000
[train: Epoch 4, 550 / 1875] FPS: 293.1 (396.2)  ,  DataTime: 0.041 (0.006)  ,  ForwardTime: 0.062  ,  TotalTime: 0.109  ,  Loss/total: 1.12674  ,  Loss/giou: 0.25493  ,  Loss/l1: 0.02999  ,  Loss/location: 0.44153  ,  pro_loss: 0.12710  ,  IoU: 0.76534  ,  Loss/sim: 0.00000
[train: Epoch 4, 600 / 1875] FPS: 295.0 (278.6)  ,  DataTime: 0.040 (0.006)  ,  ForwardTime: 0.062  ,  TotalTime: 0.108  ,  Loss/total: 1.12570  ,  Loss/giou: 0.25461  ,  Loss/l1: 0.02989  ,  Loss/location: 0.44158  ,  pro_loss: 0.12722  ,  IoU: 0.76560  ,  Loss/sim: 0.00000
[train: Epoch 4, 650 / 1875] FPS: 297.5 (452.1)  ,  DataTime: 0.039 (0.006)  ,  ForwardTime: 0.062  ,  TotalTime: 0.108  ,  Loss/total: 1.12700  ,  Loss/giou: 0.25494  ,  Loss/l1: 0.02997  ,  Loss/location: 0.44171  ,  pro_loss: 0.12782  ,  IoU: 0.76550  ,  Loss/sim: 0.00000
[train: Epoch 4, 700 / 1875] FPS: 295.3 (494.2)  ,  DataTime: 0.040 (0.006)  ,  ForwardTime: 0.062  ,  TotalTime: 0.108  ,  Loss/total: 1.12661  ,  Loss/giou: 0.25493  ,  Loss/l1: 0.03000  ,  Loss/location: 0.44118  ,  pro_loss: 0.12793  ,  IoU: 0.76552  ,  Loss/sim: 0.00000
[train: Epoch 4, 750 / 1875] FPS: 295.7 (447.0)  ,  DataTime: 0.040 (0.006)  ,  ForwardTime: 0.062  ,  TotalTime: 0.108  ,  Loss/total: 1.12405  ,  Loss/giou: 0.25461  ,  Loss/l1: 0.02995  ,  Loss/location: 0.43944  ,  pro_loss: 0.12811  ,  IoU: 0.76575  ,  Loss/sim: 0.00000
[train: Epoch 4, 800 / 1875] FPS: 298.2 (443.6)  ,  DataTime: 0.039 (0.006)  ,  ForwardTime: 0.062  ,  TotalTime: 0.107  ,  Loss/total: 1.12812  ,  Loss/giou: 0.25573  ,  Loss/l1: 0.03013  ,  Loss/location: 0.44042  ,  pro_loss: 0.12793  ,  IoU: 0.76489  ,  Loss/sim: 0.00000
[train: Epoch 4, 850 / 1875] FPS: 299.0 (456.8)  ,  DataTime: 0.039 (0.006)  ,  ForwardTime: 0.062  ,  TotalTime: 0.107  ,  Loss/total: 1.12680  ,  Loss/giou: 0.25567  ,  Loss/l1: 0.03007  ,  Loss/location: 0.43953  ,  pro_loss: 0.12789  ,  IoU: 0.76492  ,  Loss/sim: 0.00000
[train: Epoch 4, 900 / 1875] FPS: 299.4 (445.8)  ,  DataTime: 0.039 (0.006)  ,  ForwardTime: 0.062  ,  TotalTime: 0.107  ,  Loss/total: 1.13084  ,  Loss/giou: 0.25652  ,  Loss/l1: 0.03027  ,  Loss/location: 0.44087  ,  pro_loss: 0.12786  ,  IoU: 0.76422  ,  Loss/sim: 0.00000
[train: Epoch 4, 950 / 1875] FPS: 300.3 (446.4)  ,  DataTime: 0.038 (0.006)  ,  ForwardTime: 0.062  ,  TotalTime: 0.107  ,  Loss/total: 1.12933  ,  Loss/giou: 0.25617  ,  Loss/l1: 0.03022  ,  Loss/location: 0.44026  ,  pro_loss: 0.12809  ,  IoU: 0.76456  ,  Loss/sim: 0.00000
[train: Epoch 4, 1000 / 1875] FPS: 300.3 (465.9)  ,  DataTime: 0.038 (0.006)  ,  ForwardTime: 0.062  ,  TotalTime: 0.107  ,  Loss/total: 1.12926  ,  Loss/giou: 0.25608  ,  Loss/l1: 0.03021  ,  Loss/location: 0.44037  ,  pro_loss: 0.12833  ,  IoU: 0.76468  ,  Loss/sim: 0.00000
[train: Epoch 4, 1050 / 1875] FPS: 302.3 (462.4)  ,  DataTime: 0.037 (0.006)  ,  ForwardTime: 0.062  ,  TotalTime: 0.106  ,  Loss/total: 1.12498  ,  Loss/giou: 0.25516  ,  Loss/l1: 0.03001  ,  Loss/location: 0.43899  ,  pro_loss: 0.12824  ,  IoU: 0.76533  ,  Loss/sim: 0.00000
[train: Epoch 4, 1100 / 1875] FPS: 302.8 (87.4)  ,  DataTime: 0.037 (0.006)  ,  ForwardTime: 0.062  ,  TotalTime: 0.106  ,  Loss/total: 1.12235  ,  Loss/giou: 0.25472  ,  Loss/l1: 0.02989  ,  Loss/location: 0.43785  ,  pro_loss: 0.12811  ,  IoU: 0.76559  ,  Loss/sim: 0.00000
[train: Epoch 4, 1150 / 1875] FPS: 303.6 (462.7)  ,  DataTime: 0.037 (0.006)  ,  ForwardTime: 0.063  ,  TotalTime: 0.105  ,  Loss/total: 1.12075  ,  Loss/giou: 0.25457  ,  Loss/l1: 0.02982  ,  Loss/location: 0.43696  ,  pro_loss: 0.12776  ,  IoU: 0.76578  ,  Loss/sim: 0.00000
[train: Epoch 4, 1200 / 1875] FPS: 305.4 (246.6)  ,  DataTime: 0.036 (0.006)  ,  ForwardTime: 0.063  ,  TotalTime: 0.105  ,  Loss/total: 1.12033  ,  Loss/giou: 0.25453  ,  Loss/l1: 0.02980  ,  Loss/location: 0.43673  ,  pro_loss: 0.12758  ,  IoU: 0.76588  ,  Loss/sim: 0.00000
[train: Epoch 4, 1250 / 1875] FPS: 306.4 (423.0)  ,  DataTime: 0.035 (0.006)  ,  ForwardTime: 0.063  ,  TotalTime: 0.104  ,  Loss/total: 1.12144  ,  Loss/giou: 0.25482  ,  Loss/l1: 0.02984  ,  Loss/location: 0.43715  ,  pro_loss: 0.12733  ,  IoU: 0.76562  ,  Loss/sim: 0.00000
[train: Epoch 4, 1300 / 1875] FPS: 307.5 (415.4)  ,  DataTime: 0.035 (0.006)  ,  ForwardTime: 0.063  ,  TotalTime: 0.104  ,  Loss/total: 1.11889  ,  Loss/giou: 0.25449  ,  Loss/l1: 0.02971  ,  Loss/location: 0.43596  ,  pro_loss: 0.12696  ,  IoU: 0.76585  ,  Loss/sim: 0.00000
[train: Epoch 4, 1350 / 1875] FPS: 307.9 (412.5)  ,  DataTime: 0.035 (0.006)  ,  ForwardTime: 0.063  ,  TotalTime: 0.104  ,  Loss/total: 1.11764  ,  Loss/giou: 0.25428  ,  Loss/l1: 0.02965  ,  Loss/location: 0.43541  ,  pro_loss: 0.12696  ,  IoU: 0.76609  ,  Loss/sim: 0.00000
[train: Epoch 4, 1400 / 1875] FPS: 309.2 (406.9)  ,  DataTime: 0.034 (0.006)  ,  ForwardTime: 0.063  ,  TotalTime: 0.103  ,  Loss/total: 1.11958  ,  Loss/giou: 0.25481  ,  Loss/l1: 0.02973  ,  Loss/location: 0.43597  ,  pro_loss: 0.12674  ,  IoU: 0.76564  ,  Loss/sim: 0.00000
[train: Epoch 4, 1450 / 1875] FPS: 309.7 (451.8)  ,  DataTime: 0.034 (0.006)  ,  ForwardTime: 0.063  ,  TotalTime: 0.103  ,  Loss/total: 1.12052  ,  Loss/giou: 0.25490  ,  Loss/l1: 0.02974  ,  Loss/location: 0.43674  ,  pro_loss: 0.12642  ,  IoU: 0.76557  ,  Loss/sim: 0.00000
[train: Epoch 4, 1500 / 1875] FPS: 309.4 (443.1)  ,  DataTime: 0.034 (0.006)  ,  ForwardTime: 0.063  ,  TotalTime: 0.103  ,  Loss/total: 1.11885  ,  Loss/giou: 0.25449  ,  Loss/l1: 0.02968  ,  Loss/location: 0.43620  ,  pro_loss: 0.12641  ,  IoU: 0.76589  ,  Loss/sim: 0.00000
[train: Epoch 4, 1550 / 1875] FPS: 311.0 (407.6)  ,  DataTime: 0.034 (0.006)  ,  ForwardTime: 0.063  ,  TotalTime: 0.103  ,  Loss/total: 1.11891  ,  Loss/giou: 0.25450  ,  Loss/l1: 0.02969  ,  Loss/location: 0.43624  ,  pro_loss: 0.12620  ,  IoU: 0.76591  ,  Loss/sim: 0.00000
[train: Epoch 4, 1600 / 1875] FPS: 311.6 (141.5)  ,  DataTime: 0.033 (0.006)  ,  ForwardTime: 0.063  ,  TotalTime: 0.103  ,  Loss/total: 1.11898  ,  Loss/giou: 0.25444  ,  Loss/l1: 0.02968  ,  Loss/location: 0.43649  ,  pro_loss: 0.12604  ,  IoU: 0.76600  ,  Loss/sim: 0.00000
[train: Epoch 4, 1650 / 1875] FPS: 312.2 (443.5)  ,  DataTime: 0.033 (0.006)  ,  ForwardTime: 0.063  ,  TotalTime: 0.102  ,  Loss/total: 1.12024  ,  Loss/giou: 0.25477  ,  Loss/l1: 0.02978  ,  Loss/location: 0.43663  ,  pro_loss: 0.12596  ,  IoU: 0.76577  ,  Loss/sim: 0.00000
[train: Epoch 4, 1700 / 1875] FPS: 313.2 (388.3)  ,  DataTime: 0.033 (0.006)  ,  ForwardTime: 0.063  ,  TotalTime: 0.102  ,  Loss/total: 1.11907  ,  Loss/giou: 0.25451  ,  Loss/l1: 0.02974  ,  Loss/location: 0.43616  ,  pro_loss: 0.12584  ,  IoU: 0.76598  ,  Loss/sim: 0.00000
[train: Epoch 4, 1750 / 1875] FPS: 313.0 (445.4)  ,  DataTime: 0.033 (0.006)  ,  ForwardTime: 0.063  ,  TotalTime: 0.102  ,  Loss/total: 1.11790  ,  Loss/giou: 0.25422  ,  Loss/l1: 0.02970  ,  Loss/location: 0.43579  ,  pro_loss: 0.12573  ,  IoU: 0.76624  ,  Loss/sim: 0.00000
[train: Epoch 4, 1800 / 1875] FPS: 313.2 (257.1)  ,  DataTime: 0.033 (0.006)  ,  ForwardTime: 0.063  ,  TotalTime: 0.102  ,  Loss/total: 1.11801  ,  Loss/giou: 0.25423  ,  Loss/l1: 0.02970  ,  Loss/location: 0.43592  ,  pro_loss: 0.12569  ,  IoU: 0.76624  ,  Loss/sim: 0.00000
[train: Epoch 4, 1850 / 1875] FPS: 313.5 (429.4)  ,  DataTime: 0.033 (0.006)  ,  ForwardTime: 0.063  ,  TotalTime: 0.102  ,  Loss/total: 1.11751  ,  Loss/giou: 0.25418  ,  Loss/l1: 0.02967  ,  Loss/location: 0.43570  ,  pro_loss: 0.12552  ,  IoU: 0.76626  ,  Loss/sim: 0.00000
[train: Epoch 4, 1875 / 1875] FPS: 314.3 (514.2)  ,  DataTime: 0.032 (0.006)  ,  ForwardTime: 0.063  ,  TotalTime: 0.102  ,  Loss/total: 1.11695  ,  Loss/giou: 0.25406  ,  Loss/l1: 0.02965  ,  Loss/location: 0.43548  ,  pro_loss: 0.12551  ,  IoU: 0.76635  ,  Loss/sim: 0.00000
[train: Epoch 5, 50 / 1875] FPS: 270.4 (446.5)  ,  DataTime: 0.046 (0.007)  ,  ForwardTime: 0.065  ,  TotalTime: 0.118  ,  Loss/total: 1.12349  ,  Loss/giou: 0.25146  ,  Loss/l1: 0.02949  ,  Loss/location: 0.44782  ,  pro_loss: 0.12646  ,  IoU: 0.76843  ,  Loss/sim: 0.00000
[train: Epoch 5, 100 / 1875] FPS: 303.2 (425.0)  ,  DataTime: 0.033 (0.007)  ,  ForwardTime: 0.066  ,  TotalTime: 0.106  ,  Loss/total: 1.13694  ,  Loss/giou: 0.25572  ,  Loss/l1: 0.03023  ,  Loss/location: 0.44998  ,  pro_loss: 0.12177  ,  IoU: 0.76500  ,  Loss/sim: 0.00000
[train: Epoch 5, 150 / 1875] FPS: 317.1 (171.4)  ,  DataTime: 0.029 (0.007)  ,  ForwardTime: 0.065  ,  TotalTime: 0.101  ,  Loss/total: 1.13881  ,  Loss/giou: 0.25741  ,  Loss/l1: 0.03048  ,  Loss/location: 0.44732  ,  pro_loss: 0.12125  ,  IoU: 0.76387  ,  Loss/sim: 0.00000
[train: Epoch 5, 200 / 1875] FPS: 324.0 (364.9)  ,  DataTime: 0.027 (0.007)  ,  ForwardTime: 0.065  ,  TotalTime: 0.099  ,  Loss/total: 1.14354  ,  Loss/giou: 0.25831  ,  Loss/l1: 0.03068  ,  Loss/location: 0.44928  ,  pro_loss: 0.12125  ,  IoU: 0.76307  ,  Loss/sim: 0.00000
[train: Epoch 5, 250 / 1875] FPS: 326.4 (416.7)  ,  DataTime: 0.026 (0.007)  ,  ForwardTime: 0.065  ,  TotalTime: 0.098  ,  Loss/total: 1.13211  ,  Loss/giou: 0.25625  ,  Loss/l1: 0.03032  ,  Loss/location: 0.44355  ,  pro_loss: 0.12242  ,  IoU: 0.76495  ,  Loss/sim: 0.00000
[train: Epoch 5, 300 / 1875] FPS: 329.3 (438.2)  ,  DataTime: 0.025 (0.007)  ,  ForwardTime: 0.065  ,  TotalTime: 0.097  ,  Loss/total: 1.13287  ,  Loss/giou: 0.25661  ,  Loss/l1: 0.03035  ,  Loss/location: 0.44334  ,  pro_loss: 0.12292  ,  IoU: 0.76495  ,  Loss/sim: 0.00000
[train: Epoch 5, 350 / 1875] FPS: 330.2 (395.7)  ,  DataTime: 0.025 (0.007)  ,  ForwardTime: 0.065  ,  TotalTime: 0.097  ,  Loss/total: 1.13044  ,  Loss/giou: 0.25619  ,  Loss/l1: 0.03013  ,  Loss/location: 0.44269  ,  pro_loss: 0.12360  ,  IoU: 0.76507  ,  Loss/sim: 0.00000
[train: Epoch 5, 400 / 1875] FPS: 328.9 (418.2)  ,  DataTime: 0.025 (0.007)  ,  ForwardTime: 0.065  ,  TotalTime: 0.097  ,  Loss/total: 1.13278  ,  Loss/giou: 0.25691  ,  Loss/l1: 0.03030  ,  Loss/location: 0.44275  ,  pro_loss: 0.12362  ,  IoU: 0.76477  ,  Loss/sim: 0.00000
[train: Epoch 5, 450 / 1875] FPS: 330.1 (453.0)  ,  DataTime: 0.025 (0.007)  ,  ForwardTime: 0.065  ,  TotalTime: 0.097  ,  Loss/total: 1.12842  ,  Loss/giou: 0.25620  ,  Loss/l1: 0.03008  ,  Loss/location: 0.44081  ,  pro_loss: 0.12401  ,  IoU: 0.76527  ,  Loss/sim: 0.00000
[train: Epoch 5, 500 / 1875] FPS: 331.7 (312.6)  ,  DataTime: 0.024 (0.007)  ,  ForwardTime: 0.065  ,  TotalTime: 0.096  ,  Loss/total: 1.12580  ,  Loss/giou: 0.25542  ,  Loss/l1: 0.02990  ,  Loss/location: 0.44062  ,  pro_loss: 0.12417  ,  IoU: 0.76589  ,  Loss/sim: 0.00000
[train: Epoch 5, 550 / 1875] FPS: 335.0 (390.7)  ,  DataTime: 0.023 (0.007)  ,  ForwardTime: 0.066  ,  TotalTime: 0.096  ,  Loss/total: 1.12152  ,  Loss/giou: 0.25456  ,  Loss/l1: 0.02966  ,  Loss/location: 0.43931  ,  pro_loss: 0.12379  ,  IoU: 0.76660  ,  Loss/sim: 0.00000
[train: Epoch 5, 600 / 1875] FPS: 334.2 (439.0)  ,  DataTime: 0.023 (0.007)  ,  ForwardTime: 0.066  ,  TotalTime: 0.096  ,  Loss/total: 1.11717  ,  Loss/giou: 0.25377  ,  Loss/l1: 0.02942  ,  Loss/location: 0.43776  ,  pro_loss: 0.12379  ,  IoU: 0.76722  ,  Loss/sim: 0.00000
[train: Epoch 5, 650 / 1875] FPS: 336.2 (420.3)  ,  DataTime: 0.022 (0.007)  ,  ForwardTime: 0.066  ,  TotalTime: 0.095  ,  Loss/total: 1.11124  ,  Loss/giou: 0.25248  ,  Loss/l1: 0.02912  ,  Loss/location: 0.43602  ,  pro_loss: 0.12341  ,  IoU: 0.76823  ,  Loss/sim: 0.00000
[train: Epoch 5, 700 / 1875] FPS: 336.5 (447.2)  ,  DataTime: 0.022 (0.007)  ,  ForwardTime: 0.066  ,  TotalTime: 0.095  ,  Loss/total: 1.11052  ,  Loss/giou: 0.25257  ,  Loss/l1: 0.02907  ,  Loss/location: 0.43531  ,  pro_loss: 0.12351  ,  IoU: 0.76809  ,  Loss/sim: 0.00000
[train: Epoch 5, 750 / 1875] FPS: 336.6 (482.5)  ,  DataTime: 0.023 (0.007)  ,  ForwardTime: 0.066  ,  TotalTime: 0.095  ,  Loss/total: 1.11205  ,  Loss/giou: 0.25305  ,  Loss/l1: 0.02908  ,  Loss/location: 0.43588  ,  pro_loss: 0.12328  ,  IoU: 0.76771  ,  Loss/sim: 0.00000
[train: Epoch 5, 800 / 1875] FPS: 337.0 (442.6)  ,  DataTime: 0.022 (0.007)  ,  ForwardTime: 0.065  ,  TotalTime: 0.095  ,  Loss/total: 1.11107  ,  Loss/giou: 0.25276  ,  Loss/l1: 0.02905  ,  Loss/location: 0.43572  ,  pro_loss: 0.12301  ,  IoU: 0.76792  ,  Loss/sim: 0.00000
[train: Epoch 5, 850 / 1875] FPS: 337.0 (437.9)  ,  DataTime: 0.022 (0.007)  ,  ForwardTime: 0.066  ,  TotalTime: 0.095  ,  Loss/total: 1.11049  ,  Loss/giou: 0.25256  ,  Loss/l1: 0.02900  ,  Loss/location: 0.43579  ,  pro_loss: 0.12288  ,  IoU: 0.76800  ,  Loss/sim: 0.00000
[train: Epoch 5, 900 / 1875] FPS: 338.3 (440.3)  ,  DataTime: 0.022 (0.007)  ,  ForwardTime: 0.065  ,  TotalTime: 0.095  ,  Loss/total: 1.11422  ,  Loss/giou: 0.25352  ,  Loss/l1: 0.02918  ,  Loss/location: 0.43678  ,  pro_loss: 0.12252  ,  IoU: 0.76726  ,  Loss/sim: 0.00000
[train: Epoch 5, 950 / 1875] FPS: 338.7 (435.8)  ,  DataTime: 0.022 (0.007)  ,  ForwardTime: 0.065  ,  TotalTime: 0.094  ,  Loss/total: 1.11054  ,  Loss/giou: 0.25276  ,  Loss/l1: 0.02908  ,  Loss/location: 0.43513  ,  pro_loss: 0.12245  ,  IoU: 0.76788  ,  Loss/sim: 0.00000
[train: Epoch 5, 1000 / 1875] FPS: 338.9 (449.5)  ,  DataTime: 0.022 (0.007)  ,  ForwardTime: 0.065  ,  TotalTime: 0.094  ,  Loss/total: 1.10885  ,  Loss/giou: 0.25238  ,  Loss/l1: 0.02900  ,  Loss/location: 0.43465  ,  pro_loss: 0.12226  ,  IoU: 0.76814  ,  Loss/sim: 0.00000
[train: Epoch 5, 1050 / 1875] FPS: 339.6 (349.1)  ,  DataTime: 0.022 (0.007)  ,  ForwardTime: 0.066  ,  TotalTime: 0.094  ,  Loss/total: 1.10609  ,  Loss/giou: 0.25175  ,  Loss/l1: 0.02893  ,  Loss/location: 0.43347  ,  pro_loss: 0.12229  ,  IoU: 0.76867  ,  Loss/sim: 0.00000
[train: Epoch 5, 1100 / 1875] FPS: 340.6 (440.2)  ,  DataTime: 0.021 (0.007)  ,  ForwardTime: 0.066  ,  TotalTime: 0.094  ,  Loss/total: 1.10279  ,  Loss/giou: 0.25071  ,  Loss/l1: 0.02881  ,  Loss/location: 0.43276  ,  pro_loss: 0.12294  ,  IoU: 0.76951  ,  Loss/sim: 0.00000
[train: Epoch 5, 1150 / 1875] FPS: 340.9 (377.5)  ,  DataTime: 0.021 (0.007)  ,  ForwardTime: 0.066  ,  TotalTime: 0.094  ,  Loss/total: 1.10497  ,  Loss/giou: 0.25109  ,  Loss/l1: 0.02892  ,  Loss/location: 0.43365  ,  pro_loss: 0.12267  ,  IoU: 0.76911  ,  Loss/sim: 0.00000
[train: Epoch 5, 1200 / 1875] FPS: 340.9 (435.3)  ,  DataTime: 0.021 (0.007)  ,  ForwardTime: 0.066  ,  TotalTime: 0.094  ,  Loss/total: 1.10433  ,  Loss/giou: 0.25100  ,  Loss/l1: 0.02894  ,  Loss/location: 0.43306  ,  pro_loss: 0.12273  ,  IoU: 0.76921  ,  Loss/sim: 0.00000
[train: Epoch 5, 1250 / 1875] FPS: 340.5 (103.5)  ,  DataTime: 0.021 (0.007)  ,  ForwardTime: 0.066  ,  TotalTime: 0.094  ,  Loss/total: 1.10521  ,  Loss/giou: 0.25112  ,  Loss/l1: 0.02897  ,  Loss/location: 0.43363  ,  pro_loss: 0.12250  ,  IoU: 0.76904  ,  Loss/sim: 0.00000
[train: Epoch 5, 1300 / 1875] FPS: 340.9 (468.8)  ,  DataTime: 0.021 (0.007)  ,  ForwardTime: 0.066  ,  TotalTime: 0.094  ,  Loss/total: 1.10244  ,  Loss/giou: 0.25062  ,  Loss/l1: 0.02887  ,  Loss/location: 0.43243  ,  pro_loss: 0.12202  ,  IoU: 0.76937  ,  Loss/sim: 0.00000
[train: Epoch 5, 1350 / 1875] FPS: 340.8 (392.7)  ,  DataTime: 0.021 (0.007)  ,  ForwardTime: 0.065  ,  TotalTime: 0.094  ,  Loss/total: 1.10243  ,  Loss/giou: 0.25055  ,  Loss/l1: 0.02885  ,  Loss/location: 0.43263  ,  pro_loss: 0.12213  ,  IoU: 0.76945  ,  Loss/sim: 0.00000
[train: Epoch 5, 1400 / 1875] FPS: 341.7 (453.7)  ,  DataTime: 0.021 (0.007)  ,  ForwardTime: 0.066  ,  TotalTime: 0.094  ,  Loss/total: 1.10268  ,  Loss/giou: 0.25060  ,  Loss/l1: 0.02885  ,  Loss/location: 0.43282  ,  pro_loss: 0.12217  ,  IoU: 0.76936  ,  Loss/sim: 0.00000
[train: Epoch 5, 1450 / 1875] FPS: 341.3 (169.9)  ,  DataTime: 0.021 (0.007)  ,  ForwardTime: 0.065  ,  TotalTime: 0.094  ,  Loss/total: 1.10163  ,  Loss/giou: 0.25043  ,  Loss/l1: 0.02884  ,  Loss/location: 0.43215  ,  pro_loss: 0.12216  ,  IoU: 0.76950  ,  Loss/sim: 0.00000
[train: Epoch 5, 1500 / 1875] FPS: 341.6 (371.1)  ,  DataTime: 0.021 (0.007)  ,  ForwardTime: 0.065  ,  TotalTime: 0.094  ,  Loss/total: 1.10206  ,  Loss/giou: 0.25055  ,  Loss/l1: 0.02886  ,  Loss/location: 0.43221  ,  pro_loss: 0.12219  ,  IoU: 0.76945  ,  Loss/sim: 0.00000
[train: Epoch 5, 1550 / 1875] FPS: 342.1 (384.3)  ,  DataTime: 0.021 (0.007)  ,  ForwardTime: 0.066  ,  TotalTime: 0.094  ,  Loss/total: 1.10139  ,  Loss/giou: 0.25037  ,  Loss/l1: 0.02883  ,  Loss/location: 0.43201  ,  pro_loss: 0.12241  ,  IoU: 0.76953  ,  Loss/sim: 0.00000
[train: Epoch 5, 1600 / 1875] FPS: 342.2 (440.2)  ,  DataTime: 0.021 (0.007)  ,  ForwardTime: 0.066  ,  TotalTime: 0.093  ,  Loss/total: 1.10118  ,  Loss/giou: 0.25024  ,  Loss/l1: 0.02882  ,  Loss/location: 0.43204  ,  pro_loss: 0.12269  ,  IoU: 0.76966  ,  Loss/sim: 0.00000
[train: Epoch 5, 1650 / 1875] FPS: 342.0 (109.5)  ,  DataTime: 0.021 (0.007)  ,  ForwardTime: 0.066  ,  TotalTime: 0.094  ,  Loss/total: 1.10058  ,  Loss/giou: 0.25015  ,  Loss/l1: 0.02879  ,  Loss/location: 0.43180  ,  pro_loss: 0.12259  ,  IoU: 0.76973  ,  Loss/sim: 0.00000
[train: Epoch 5, 1700 / 1875] FPS: 342.4 (373.5)  ,  DataTime: 0.021 (0.007)  ,  ForwardTime: 0.066  ,  TotalTime: 0.093  ,  Loss/total: 1.09867  ,  Loss/giou: 0.24975  ,  Loss/l1: 0.02871  ,  Loss/location: 0.43108  ,  pro_loss: 0.12266  ,  IoU: 0.77004  ,  Loss/sim: 0.00000
[train: Epoch 5, 1750 / 1875] FPS: 343.5 (439.9)  ,  DataTime: 0.020 (0.007)  ,  ForwardTime: 0.066  ,  TotalTime: 0.093  ,  Loss/total: 1.09905  ,  Loss/giou: 0.24985  ,  Loss/l1: 0.02874  ,  Loss/location: 0.43109  ,  pro_loss: 0.12271  ,  IoU: 0.76999  ,  Loss/sim: 0.00000
[train: Epoch 5, 1800 / 1875] FPS: 344.3 (382.7)  ,  DataTime: 0.020 (0.007)  ,  ForwardTime: 0.066  ,  TotalTime: 0.093  ,  Loss/total: 1.09905  ,  Loss/giou: 0.24985  ,  Loss/l1: 0.02876  ,  Loss/location: 0.43097  ,  pro_loss: 0.12281  ,  IoU: 0.76998  ,  Loss/sim: 0.00000
[train: Epoch 5, 1850 / 1875] FPS: 344.1 (155.4)  ,  DataTime: 0.020 (0.007)  ,  ForwardTime: 0.066  ,  TotalTime: 0.093  ,  Loss/total: 1.09960  ,  Loss/giou: 0.24997  ,  Loss/l1: 0.02879  ,  Loss/location: 0.43114  ,  pro_loss: 0.12279  ,  IoU: 0.76985  ,  Loss/sim: 0.00000
[train: Epoch 5, 1875 / 1875] FPS: 344.6 (515.3)  ,  DataTime: 0.020 (0.007)  ,  ForwardTime: 0.066  ,  TotalTime: 0.093  ,  Loss/total: 1.09956  ,  Loss/giou: 0.24994  ,  Loss/l1: 0.02876  ,  Loss/location: 0.43129  ,  pro_loss: 0.12287  ,  IoU: 0.76983  ,  Loss/sim: 0.00000
[val: Epoch 5, 50 / 312] FPS: 46.5 (16.7)  ,  DataTime: 0.658 (0.005)  ,  ForwardTime: 0.025  ,  TotalTime: 0.689  ,  Loss/total: 0.82734  ,  Loss/giou: 0.20411  ,  Loss/l1: 0.01772  ,  Loss/location: 0.33045  ,  pro_loss: 0.00021  ,  IoU: 0.80861  ,  Loss/sim: 0.00000
[val: Epoch 5, 100 / 312] FPS: 52.4 (935.4)  ,  DataTime: 0.581 (0.006)  ,  ForwardTime: 0.025  ,  TotalTime: 0.611  ,  Loss/total: 0.84678  ,  Loss/giou: 0.20926  ,  Loss/l1: 0.01816  ,  Loss/location: 0.33734  ,  pro_loss: 0.00052  ,  IoU: 0.80463  ,  Loss/sim: 0.00000
[val: Epoch 5, 150 / 312] FPS: 59.1 (916.6)  ,  DataTime: 0.511 (0.006)  ,  ForwardTime: 0.026  ,  TotalTime: 0.542  ,  Loss/total: 0.84294  ,  Loss/giou: 0.20835  ,  Loss/l1: 0.01832  ,  Loss/location: 0.33455  ,  pro_loss: 0.00035  ,  IoU: 0.80581  ,  Loss/sim: 0.00000
[val: Epoch 5, 200 / 312] FPS: 63.1 (19.9)  ,  DataTime: 0.476 (0.006)  ,  ForwardTime: 0.025  ,  TotalTime: 0.507  ,  Loss/total: 0.85491  ,  Loss/giou: 0.20942  ,  Loss/l1: 0.01842  ,  Loss/location: 0.34388  ,  pro_loss: 0.00042  ,  IoU: 0.80500  ,  Loss/sim: 0.00000
[val: Epoch 5, 250 / 312] FPS: 66.3 (884.2)  ,  DataTime: 0.451 (0.006)  ,  ForwardTime: 0.025  ,  TotalTime: 0.483  ,  Loss/total: 0.85052  ,  Loss/giou: 0.20812  ,  Loss/l1: 0.01825  ,  Loss/location: 0.34292  ,  pro_loss: 0.00046  ,  IoU: 0.80601  ,  Loss/sim: 0.00000
[val: Epoch 5, 300 / 312] FPS: 69.7 (956.4)  ,  DataTime: 0.428 (0.006)  ,  ForwardTime: 0.025  ,  TotalTime: 0.459  ,  Loss/total: 0.84712  ,  Loss/giou: 0.20719  ,  Loss/l1: 0.01811  ,  Loss/location: 0.34211  ,  pro_loss: 0.00042  ,  IoU: 0.80656  ,  Loss/sim: 0.00000
[val: Epoch 5, 312 / 312] FPS: 70.9 (29.3)  ,  DataTime: 0.420 (0.006)  ,  ForwardTime: 0.025  ,  TotalTime: 0.451  ,  Loss/total: 0.84937  ,  Loss/giou: 0.20771  ,  Loss/l1: 0.01815  ,  Loss/location: 0.34309  ,  pro_loss: 0.00040  ,  IoU: 0.80617  ,  Loss/sim: 0.00000
[train: Epoch 6, 50 / 1875] FPS: 40.1 (491.3)  ,  DataTime: 0.691 (0.005)  ,  ForwardTime: 0.102  ,  TotalTime: 0.798  ,  Loss/total: 1.10052  ,  Loss/giou: 0.24897  ,  Loss/l1: 0.02830  ,  Loss/location: 0.43805  ,  pro_loss: 0.11521  ,  IoU: 0.76911  ,  Loss/sim: 0.00000
[train: Epoch 6, 100 / 1875] FPS: 45.2 (495.4)  ,  DataTime: 0.624 (0.005)  ,  ForwardTime: 0.079  ,  TotalTime: 0.708  ,  Loss/total: 1.07620  ,  Loss/giou: 0.24395  ,  Loss/l1: 0.02726  ,  Loss/location: 0.42807  ,  pro_loss: 0.11958  ,  IoU: 0.77364  ,  Loss/sim: 0.00000
[train: Epoch 6, 150 / 1875] FPS: 48.2 (432.8)  ,  DataTime: 0.588 (0.005)  ,  ForwardTime: 0.072  ,  TotalTime: 0.664  ,  Loss/total: 1.08139  ,  Loss/giou: 0.24533  ,  Loss/l1: 0.02748  ,  Loss/location: 0.42919  ,  pro_loss: 0.12069  ,  IoU: 0.77267  ,  Loss/sim: 0.00000
[train: Epoch 6, 200 / 1875] FPS: 50.0 (502.3)  ,  DataTime: 0.567 (0.005)  ,  ForwardTime: 0.068  ,  TotalTime: 0.640  ,  Loss/total: 1.07262  ,  Loss/giou: 0.24373  ,  Loss/l1: 0.02745  ,  Loss/location: 0.42381  ,  pro_loss: 0.12042  ,  IoU: 0.77398  ,  Loss/sim: 0.00000
[train: Epoch 6, 250 / 1875] FPS: 50.4 (7.9)  ,  DataTime: 0.565 (0.005)  ,  ForwardTime: 0.066  ,  TotalTime: 0.635  ,  Loss/total: 1.07202  ,  Loss/giou: 0.24376  ,  Loss/l1: 0.02757  ,  Loss/location: 0.42262  ,  pro_loss: 0.12025  ,  IoU: 0.77394  ,  Loss/sim: 0.00000
[train: Epoch 6, 300 / 1875] FPS: 52.4 (503.1)  ,  DataTime: 0.542 (0.005)  ,  ForwardTime: 0.064  ,  TotalTime: 0.611  ,  Loss/total: 1.06793  ,  Loss/giou: 0.24302  ,  Loss/l1: 0.02741  ,  Loss/location: 0.42061  ,  pro_loss: 0.12104  ,  IoU: 0.77460  ,  Loss/sim: 0.00000
[train: Epoch 6, 350 / 1875] FPS: 54.0 (498.7)  ,  DataTime: 0.524 (0.005)  ,  ForwardTime: 0.063  ,  TotalTime: 0.592  ,  Loss/total: 1.06301  ,  Loss/giou: 0.24225  ,  Loss/l1: 0.02728  ,  Loss/location: 0.41762  ,  pro_loss: 0.12247  ,  IoU: 0.77539  ,  Loss/sim: 0.00000
[train: Epoch 6, 400 / 1875] FPS: 54.8 (505.8)  ,  DataTime: 0.517 (0.005)  ,  ForwardTime: 0.062  ,  TotalTime: 0.583  ,  Loss/total: 1.06527  ,  Loss/giou: 0.24244  ,  Loss/l1: 0.02738  ,  Loss/location: 0.41916  ,  pro_loss: 0.12154  ,  IoU: 0.77533  ,  Loss/sim: 0.00000
[train: Epoch 6, 450 / 1875] FPS: 56.0 (503.1)  ,  DataTime: 0.505 (0.005)  ,  ForwardTime: 0.062  ,  TotalTime: 0.571  ,  Loss/total: 1.07167  ,  Loss/giou: 0.24323  ,  Loss/l1: 0.02757  ,  Loss/location: 0.42290  ,  pro_loss: 0.12222  ,  IoU: 0.77471  ,  Loss/sim: 0.00000
[train: Epoch 6, 500 / 1875] FPS: 56.9 (15.6)  ,  DataTime: 0.497 (0.005)  ,  ForwardTime: 0.061  ,  TotalTime: 0.563  ,  Loss/total: 1.07348  ,  Loss/giou: 0.24380  ,  Loss/l1: 0.02779  ,  Loss/location: 0.42262  ,  pro_loss: 0.12167  ,  IoU: 0.77436  ,  Loss/sim: 0.00000
[train: Epoch 6, 550 / 1875] FPS: 57.7 (487.8)  ,  DataTime: 0.489 (0.005)  ,  ForwardTime: 0.061  ,  TotalTime: 0.554  ,  Loss/total: 1.07391  ,  Loss/giou: 0.24387  ,  Loss/l1: 0.02786  ,  Loss/location: 0.42256  ,  pro_loss: 0.12161  ,  IoU: 0.77418  ,  Loss/sim: 0.00000
[train: Epoch 6, 600 / 1875] FPS: 58.8 (496.0)  ,  DataTime: 0.479 (0.005)  ,  ForwardTime: 0.060  ,  TotalTime: 0.544  ,  Loss/total: 1.07553  ,  Loss/giou: 0.24423  ,  Loss/l1: 0.02788  ,  Loss/location: 0.42341  ,  pro_loss: 0.12132  ,  IoU: 0.77394  ,  Loss/sim: 0.00000
[train: Epoch 6, 650 / 1875] FPS: 59.8 (492.5)  ,  DataTime: 0.471 (0.005)  ,  ForwardTime: 0.060  ,  TotalTime: 0.536  ,  Loss/total: 1.07209  ,  Loss/giou: 0.24366  ,  Loss/l1: 0.02772  ,  Loss/location: 0.42204  ,  pro_loss: 0.12054  ,  IoU: 0.77444  ,  Loss/sim: 0.00000
[train: Epoch 6, 700 / 1875] FPS: 60.8 (499.4)  ,  DataTime: 0.462 (0.005)  ,  ForwardTime: 0.060  ,  TotalTime: 0.527  ,  Loss/total: 1.07473  ,  Loss/giou: 0.24413  ,  Loss/l1: 0.02783  ,  Loss/location: 0.42323  ,  pro_loss: 0.12045  ,  IoU: 0.77409  ,  Loss/sim: 0.00000
[train: Epoch 6, 750 / 1875] FPS: 61.5 (14.9)  ,  DataTime: 0.456 (0.005)  ,  ForwardTime: 0.060  ,  TotalTime: 0.520  ,  Loss/total: 1.07714  ,  Loss/giou: 0.24471  ,  Loss/l1: 0.02798  ,  Loss/location: 0.42388  ,  pro_loss: 0.11989  ,  IoU: 0.77373  ,  Loss/sim: 0.00000
[train: Epoch 6, 800 / 1875] FPS: 62.4 (492.6)  ,  DataTime: 0.449 (0.005)  ,  ForwardTime: 0.059  ,  TotalTime: 0.513  ,  Loss/total: 1.07893  ,  Loss/giou: 0.24526  ,  Loss/l1: 0.02810  ,  Loss/location: 0.42394  ,  pro_loss: 0.11978  ,  IoU: 0.77329  ,  Loss/sim: 0.00000
[train: Epoch 6, 850 / 1875] FPS: 63.7 (41.2)  ,  DataTime: 0.438 (0.005)  ,  ForwardTime: 0.059  ,  TotalTime: 0.502  ,  Loss/total: 1.07726  ,  Loss/giou: 0.24489  ,  Loss/l1: 0.02800  ,  Loss/location: 0.42343  ,  pro_loss: 0.12034  ,  IoU: 0.77357  ,  Loss/sim: 0.00000
[train: Epoch 6, 900 / 1875] FPS: 64.6 (504.2)  ,  DataTime: 0.432 (0.005)  ,  ForwardTime: 0.059  ,  TotalTime: 0.495  ,  Loss/total: 1.07689  ,  Loss/giou: 0.24483  ,  Loss/l1: 0.02796  ,  Loss/location: 0.42346  ,  pro_loss: 0.11997  ,  IoU: 0.77356  ,  Loss/sim: 0.00000
[train: Epoch 6, 950 / 1875] FPS: 65.4 (492.4)  ,  DataTime: 0.426 (0.005)  ,  ForwardTime: 0.059  ,  TotalTime: 0.489  ,  Loss/total: 1.08055  ,  Loss/giou: 0.24580  ,  Loss/l1: 0.02814  ,  Loss/location: 0.42427  ,  pro_loss: 0.11985  ,  IoU: 0.77291  ,  Loss/sim: 0.00000
[train: Epoch 6, 1000 / 1875] FPS: 66.3 (491.3)  ,  DataTime: 0.419 (0.005)  ,  ForwardTime: 0.059  ,  TotalTime: 0.483  ,  Loss/total: 1.08239  ,  Loss/giou: 0.24620  ,  Loss/l1: 0.02824  ,  Loss/location: 0.42480  ,  pro_loss: 0.11990  ,  IoU: 0.77256  ,  Loss/sim: 0.00000
[train: Epoch 6, 1050 / 1875] FPS: 67.0 (504.3)  ,  DataTime: 0.414 (0.005)  ,  ForwardTime: 0.059  ,  TotalTime: 0.478  ,  Loss/total: 1.08188  ,  Loss/giou: 0.24606  ,  Loss/l1: 0.02823  ,  Loss/location: 0.42478  ,  pro_loss: 0.11928  ,  IoU: 0.77269  ,  Loss/sim: 0.00000
[train: Epoch 6, 1100 / 1875] FPS: 68.0 (508.1)  ,  DataTime: 0.407 (0.005)  ,  ForwardTime: 0.059  ,  TotalTime: 0.470  ,  Loss/total: 1.07981  ,  Loss/giou: 0.24576  ,  Loss/l1: 0.02816  ,  Loss/location: 0.42369  ,  pro_loss: 0.11898  ,  IoU: 0.77296  ,  Loss/sim: 0.00000
[train: Epoch 6, 1150 / 1875] FPS: 68.7 (19.8)  ,  DataTime: 0.402 (0.005)  ,  ForwardTime: 0.059  ,  TotalTime: 0.466  ,  Loss/total: 1.08181  ,  Loss/giou: 0.24613  ,  Loss/l1: 0.02821  ,  Loss/location: 0.42476  ,  pro_loss: 0.11874  ,  IoU: 0.77265  ,  Loss/sim: 0.00000
[train: Epoch 6, 1200 / 1875] FPS: 69.7 (487.9)  ,  DataTime: 0.396 (0.005)  ,  ForwardTime: 0.059  ,  TotalTime: 0.459  ,  Loss/total: 1.08420  ,  Loss/giou: 0.24650  ,  Loss/l1: 0.02826  ,  Loss/location: 0.42615  ,  pro_loss: 0.11862  ,  IoU: 0.77227  ,  Loss/sim: 0.00000
[train: Epoch 6, 1250 / 1875] FPS: 70.5 (483.1)  ,  DataTime: 0.391 (0.005)  ,  ForwardTime: 0.058  ,  TotalTime: 0.454  ,  Loss/total: 1.08441  ,  Loss/giou: 0.24647  ,  Loss/l1: 0.02826  ,  Loss/location: 0.42651  ,  pro_loss: 0.11827  ,  IoU: 0.77230  ,  Loss/sim: 0.00000
[train: Epoch 6, 1300 / 1875] FPS: 71.2 (469.6)  ,  DataTime: 0.386 (0.005)  ,  ForwardTime: 0.058  ,  TotalTime: 0.449  ,  Loss/total: 1.08228  ,  Loss/giou: 0.24598  ,  Loss/l1: 0.02818  ,  Loss/location: 0.42582  ,  pro_loss: 0.11811  ,  IoU: 0.77272  ,  Loss/sim: 0.00000
[train: Epoch 6, 1350 / 1875] FPS: 72.0 (488.7)  ,  DataTime: 0.382 (0.005)  ,  ForwardTime: 0.058  ,  TotalTime: 0.445  ,  Loss/total: 1.08116  ,  Loss/giou: 0.24576  ,  Loss/l1: 0.02813  ,  Loss/location: 0.42534  ,  pro_loss: 0.11809  ,  IoU: 0.77291  ,  Loss/sim: 0.00000
[train: Epoch 6, 1400 / 1875] FPS: 72.8 (467.5)  ,  DataTime: 0.377 (0.005)  ,  ForwardTime: 0.058  ,  TotalTime: 0.440  ,  Loss/total: 1.07970  ,  Loss/giou: 0.24545  ,  Loss/l1: 0.02806  ,  Loss/location: 0.42488  ,  pro_loss: 0.11811  ,  IoU: 0.77312  ,  Loss/sim: 0.00000
[train: Epoch 6, 1450 / 1875] FPS: 73.5 (58.3)  ,  DataTime: 0.372 (0.005)  ,  ForwardTime: 0.058  ,  TotalTime: 0.435  ,  Loss/total: 1.07879  ,  Loss/giou: 0.24524  ,  Loss/l1: 0.02802  ,  Loss/location: 0.42463  ,  pro_loss: 0.11777  ,  IoU: 0.77329  ,  Loss/sim: 0.00000
[train: Epoch 6, 1500 / 1875] FPS: 74.5 (503.0)  ,  DataTime: 0.367 (0.005)  ,  ForwardTime: 0.058  ,  TotalTime: 0.430  ,  Loss/total: 1.07885  ,  Loss/giou: 0.24518  ,  Loss/l1: 0.02801  ,  Loss/location: 0.42489  ,  pro_loss: 0.11783  ,  IoU: 0.77333  ,  Loss/sim: 0.00000
[train: Epoch 6, 1550 / 1875] FPS: 75.2 (488.1)  ,  DataTime: 0.363 (0.005)  ,  ForwardTime: 0.058  ,  TotalTime: 0.425  ,  Loss/total: 1.07972  ,  Loss/giou: 0.24547  ,  Loss/l1: 0.02803  ,  Loss/location: 0.42506  ,  pro_loss: 0.11783  ,  IoU: 0.77309  ,  Loss/sim: 0.00000
[train: Epoch 6, 1600 / 1875] FPS: 75.8 (12.9)  ,  DataTime: 0.360 (0.005)  ,  ForwardTime: 0.058  ,  TotalTime: 0.422  ,  Loss/total: 1.08015  ,  Loss/giou: 0.24555  ,  Loss/l1: 0.02804  ,  Loss/location: 0.42533  ,  pro_loss: 0.11758  ,  IoU: 0.77308  ,  Loss/sim: 0.00000
[train: Epoch 6, 1650 / 1875] FPS: 76.8 (33.9)  ,  DataTime: 0.354 (0.005)  ,  ForwardTime: 0.058  ,  TotalTime: 0.417  ,  Loss/total: 1.07849  ,  Loss/giou: 0.24512  ,  Loss/l1: 0.02796  ,  Loss/location: 0.42496  ,  pro_loss: 0.11750  ,  IoU: 0.77339  ,  Loss/sim: 0.00000
[train: Epoch 6, 1700 / 1875] FPS: 77.6 (501.0)  ,  DataTime: 0.350 (0.005)  ,  ForwardTime: 0.058  ,  TotalTime: 0.412  ,  Loss/total: 1.07896  ,  Loss/giou: 0.24513  ,  Loss/l1: 0.02796  ,  Loss/location: 0.42537  ,  pro_loss: 0.11758  ,  IoU: 0.77339  ,  Loss/sim: 0.00000
[train: Epoch 6, 1750 / 1875] FPS: 78.3 (25.1)  ,  DataTime: 0.346 (0.005)  ,  ForwardTime: 0.058  ,  TotalTime: 0.409  ,  Loss/total: 1.07999  ,  Loss/giou: 0.24543  ,  Loss/l1: 0.02804  ,  Loss/location: 0.42545  ,  pro_loss: 0.11742  ,  IoU: 0.77322  ,  Loss/sim: 0.00000
[train: Epoch 6, 1800 / 1875] FPS: 79.0 (23.0)  ,  DataTime: 0.342 (0.005)  ,  ForwardTime: 0.058  ,  TotalTime: 0.405  ,  Loss/total: 1.08030  ,  Loss/giou: 0.24553  ,  Loss/l1: 0.02805  ,  Loss/location: 0.42553  ,  pro_loss: 0.11738  ,  IoU: 0.77317  ,  Loss/sim: 0.00000
[train: Epoch 6, 1850 / 1875] FPS: 79.7 (501.0)  ,  DataTime: 0.339 (0.005)  ,  ForwardTime: 0.058  ,  TotalTime: 0.402  ,  Loss/total: 1.07995  ,  Loss/giou: 0.24546  ,  Loss/l1: 0.02801  ,  Loss/location: 0.42550  ,  pro_loss: 0.11749  ,  IoU: 0.77319  ,  Loss/sim: 0.00000
[train: Epoch 6, 1875 / 1875] FPS: 80.3 (520.9)  ,  DataTime: 0.336 (0.005)  ,  ForwardTime: 0.058  ,  TotalTime: 0.399  ,  Loss/total: 1.07981  ,  Loss/giou: 0.24541  ,  Loss/l1: 0.02800  ,  Loss/location: 0.42547  ,  pro_loss: 0.11772  ,  IoU: 0.77326  ,  Loss/sim: 0.00000
[train: Epoch 7, 50 / 1875] FPS: 109.3 (507.1)  ,  DataTime: 0.231 (0.005)  ,  ForwardTime: 0.057  ,  TotalTime: 0.293  ,  Loss/total: 1.11480  ,  Loss/giou: 0.25142  ,  Loss/l1: 0.02990  ,  Loss/location: 0.43826  ,  pro_loss: 0.12104  ,  IoU: 0.76922  ,  Loss/sim: 0.00000
[train: Epoch 7, 100 / 1875] FPS: 114.0 (498.2)  ,  DataTime: 0.219 (0.005)  ,  ForwardTime: 0.057  ,  TotalTime: 0.281  ,  Loss/total: 1.12175  ,  Loss/giou: 0.25289  ,  Loss/l1: 0.02977  ,  Loss/location: 0.44289  ,  pro_loss: 0.12125  ,  IoU: 0.76829  ,  Loss/sim: 0.00000
[train: Epoch 7, 150 / 1875] FPS: 121.7 (494.4)  ,  DataTime: 0.201 (0.005)  ,  ForwardTime: 0.057  ,  TotalTime: 0.263  ,  Loss/total: 1.11735  ,  Loss/giou: 0.25208  ,  Loss/l1: 0.02960  ,  Loss/location: 0.44087  ,  pro_loss: 0.12153  ,  IoU: 0.76872  ,  Loss/sim: 0.00000
[train: Epoch 7, 200 / 1875] FPS: 124.2 (504.5)  ,  DataTime: 0.196 (0.005)  ,  ForwardTime: 0.057  ,  TotalTime: 0.258  ,  Loss/total: 1.10482  ,  Loss/giou: 0.25027  ,  Loss/l1: 0.02916  ,  Loss/location: 0.43414  ,  pro_loss: 0.12177  ,  IoU: 0.76990  ,  Loss/sim: 0.00000
[train: Epoch 7, 250 / 1875] FPS: 128.6 (499.6)  ,  DataTime: 0.187 (0.005)  ,  ForwardTime: 0.057  ,  TotalTime: 0.249  ,  Loss/total: 1.10184  ,  Loss/giou: 0.24949  ,  Loss/l1: 0.02900  ,  Loss/location: 0.43364  ,  pro_loss: 0.12100  ,  IoU: 0.77036  ,  Loss/sim: 0.00000
[train: Epoch 7, 300 / 1875] FPS: 128.7 (481.9)  ,  DataTime: 0.187 (0.005)  ,  ForwardTime: 0.057  ,  TotalTime: 0.249  ,  Loss/total: 1.09037  ,  Loss/giou: 0.24671  ,  Loss/l1: 0.02865  ,  Loss/location: 0.42957  ,  pro_loss: 0.12063  ,  IoU: 0.77268  ,  Loss/sim: 0.00000
[train: Epoch 7, 350 / 1875] FPS: 130.9 (504.6)  ,  DataTime: 0.183 (0.005)  ,  ForwardTime: 0.057  ,  TotalTime: 0.244  ,  Loss/total: 1.09368  ,  Loss/giou: 0.24745  ,  Loss/l1: 0.02879  ,  Loss/location: 0.43068  ,  pro_loss: 0.12077  ,  IoU: 0.77206  ,  Loss/sim: 0.00000
[train: Epoch 7, 400 / 1875] FPS: 133.9 (497.0)  ,  DataTime: 0.177 (0.005)  ,  ForwardTime: 0.057  ,  TotalTime: 0.239  ,  Loss/total: 1.08442  ,  Loss/giou: 0.24546  ,  Loss/l1: 0.02844  ,  Loss/location: 0.42729  ,  pro_loss: 0.12003  ,  IoU: 0.77366  ,  Loss/sim: 0.00000
[train: Epoch 7, 450 / 1875] FPS: 134.8 (498.3)  ,  DataTime: 0.176 (0.005)  ,  ForwardTime: 0.057  ,  TotalTime: 0.237  ,  Loss/total: 1.08246  ,  Loss/giou: 0.24550  ,  Loss/l1: 0.02837  ,  Loss/location: 0.42561  ,  pro_loss: 0.12005  ,  IoU: 0.77353  ,  Loss/sim: 0.00000
[train: Epoch 7, 500 / 1875] FPS: 136.2 (29.0)  ,  DataTime: 0.173 (0.005)  ,  ForwardTime: 0.057  ,  TotalTime: 0.235  ,  Loss/total: 1.08155  ,  Loss/giou: 0.24509  ,  Loss/l1: 0.02836  ,  Loss/location: 0.42550  ,  pro_loss: 0.12025  ,  IoU: 0.77381  ,  Loss/sim: 0.00000
[train: Epoch 7, 550 / 1875] FPS: 137.6 (33.6)  ,  DataTime: 0.171 (0.005)  ,  ForwardTime: 0.057  ,  TotalTime: 0.232  ,  Loss/total: 1.08380  ,  Loss/giou: 0.24557  ,  Loss/l1: 0.02845  ,  Loss/location: 0.42641  ,  pro_loss: 0.12009  ,  IoU: 0.77334  ,  Loss/sim: 0.00000
[train: Epoch 7, 600 / 1875] FPS: 139.1 (463.9)  ,  DataTime: 0.169 (0.005)  ,  ForwardTime: 0.057  ,  TotalTime: 0.230  ,  Loss/total: 1.08218  ,  Loss/giou: 0.24546  ,  Loss/l1: 0.02839  ,  Loss/location: 0.42545  ,  pro_loss: 0.11932  ,  IoU: 0.77341  ,  Loss/sim: 0.00000
[train: Epoch 7, 650 / 1875] FPS: 141.1 (510.1)  ,  DataTime: 0.165 (0.005)  ,  ForwardTime: 0.057  ,  TotalTime: 0.227  ,  Loss/total: 1.08389  ,  Loss/giou: 0.24570  ,  Loss/l1: 0.02843  ,  Loss/location: 0.42641  ,  pro_loss: 0.11963  ,  IoU: 0.77317  ,  Loss/sim: 0.00000
[train: Epoch 7, 700 / 1875] FPS: 141.4 (473.5)  ,  DataTime: 0.165 (0.005)  ,  ForwardTime: 0.057  ,  TotalTime: 0.226  ,  Loss/total: 1.08689  ,  Loss/giou: 0.24644  ,  Loss/l1: 0.02854  ,  Loss/location: 0.42746  ,  pro_loss: 0.11938  ,  IoU: 0.77262  ,  Loss/sim: 0.00000
[train: Epoch 7, 750 / 1875] FPS: 142.9 (501.8)  ,  DataTime: 0.162 (0.005)  ,  ForwardTime: 0.057  ,  TotalTime: 0.224  ,  Loss/total: 1.08693  ,  Loss/giou: 0.24672  ,  Loss/l1: 0.02858  ,  Loss/location: 0.42689  ,  pro_loss: 0.11847  ,  IoU: 0.77245  ,  Loss/sim: 0.00000
[train: Epoch 7, 800 / 1875] FPS: 143.5 (502.6)  ,  DataTime: 0.162 (0.005)  ,  ForwardTime: 0.057  ,  TotalTime: 0.223  ,  Loss/total: 1.08924  ,  Loss/giou: 0.24705  ,  Loss/l1: 0.02861  ,  Loss/location: 0.42852  ,  pro_loss: 0.11796  ,  IoU: 0.77203  ,  Loss/sim: 0.00000
[train: Epoch 7, 850 / 1875] FPS: 144.2 (496.9)  ,  DataTime: 0.160 (0.005)  ,  ForwardTime: 0.057  ,  TotalTime: 0.222  ,  Loss/total: 1.08835  ,  Loss/giou: 0.24679  ,  Loss/l1: 0.02855  ,  Loss/location: 0.42843  ,  pro_loss: 0.11792  ,  IoU: 0.77214  ,  Loss/sim: 0.00000
[train: Epoch 7, 900 / 1875] FPS: 146.5 (503.6)  ,  DataTime: 0.157 (0.005)  ,  ForwardTime: 0.057  ,  TotalTime: 0.218  ,  Loss/total: 1.09092  ,  Loss/giou: 0.24732  ,  Loss/l1: 0.02870  ,  Loss/location: 0.42934  ,  pro_loss: 0.11722  ,  IoU: 0.77175  ,  Loss/sim: 0.00000
[train: Epoch 7, 950 / 1875] FPS: 147.2 (86.6)  ,  DataTime: 0.156 (0.005)  ,  ForwardTime: 0.057  ,  TotalTime: 0.217  ,  Loss/total: 1.08729  ,  Loss/giou: 0.24665  ,  Loss/l1: 0.02862  ,  Loss/location: 0.42743  ,  pro_loss: 0.11741  ,  IoU: 0.77238  ,  Loss/sim: 0.00000
[train: Epoch 7, 1000 / 1875] FPS: 148.4 (500.2)  ,  DataTime: 0.154 (0.005)  ,  ForwardTime: 0.057  ,  TotalTime: 0.216  ,  Loss/total: 1.08742  ,  Loss/giou: 0.24671  ,  Loss/l1: 0.02866  ,  Loss/location: 0.42726  ,  pro_loss: 0.11724  ,  IoU: 0.77241  ,  Loss/sim: 0.00000
[train: Epoch 7, 1050 / 1875] FPS: 149.9 (499.4)  ,  DataTime: 0.152 (0.005)  ,  ForwardTime: 0.057  ,  TotalTime: 0.214  ,  Loss/total: 1.08592  ,  Loss/giou: 0.24644  ,  Loss/l1: 0.02857  ,  Loss/location: 0.42680  ,  pro_loss: 0.11682  ,  IoU: 0.77259  ,  Loss/sim: 0.00000
[train: Epoch 7, 1100 / 1875] FPS: 151.2 (496.5)  ,  DataTime: 0.150 (0.005)  ,  ForwardTime: 0.057  ,  TotalTime: 0.212  ,  Loss/total: 1.08484  ,  Loss/giou: 0.24597  ,  Loss/l1: 0.02851  ,  Loss/location: 0.42700  ,  pro_loss: 0.11688  ,  IoU: 0.77290  ,  Loss/sim: 0.00000
[train: Epoch 7, 1150 / 1875] FPS: 152.0 (485.8)  ,  DataTime: 0.149 (0.005)  ,  ForwardTime: 0.057  ,  TotalTime: 0.211  ,  Loss/total: 1.08416  ,  Loss/giou: 0.24574  ,  Loss/l1: 0.02851  ,  Loss/location: 0.42681  ,  pro_loss: 0.11652  ,  IoU: 0.77314  ,  Loss/sim: 0.00000
[train: Epoch 7, 1200 / 1875] FPS: 153.0 (491.8)  ,  DataTime: 0.147 (0.005)  ,  ForwardTime: 0.057  ,  TotalTime: 0.209  ,  Loss/total: 1.08589  ,  Loss/giou: 0.24614  ,  Loss/l1: 0.02859  ,  Loss/location: 0.42731  ,  pro_loss: 0.11671  ,  IoU: 0.77276  ,  Loss/sim: 0.00000
[train: Epoch 7, 1250 / 1875] FPS: 154.2 (501.9)  ,  DataTime: 0.146 (0.005)  ,  ForwardTime: 0.057  ,  TotalTime: 0.207  ,  Loss/total: 1.08645  ,  Loss/giou: 0.24640  ,  Loss/l1: 0.02862  ,  Loss/location: 0.42721  ,  pro_loss: 0.11676  ,  IoU: 0.77259  ,  Loss/sim: 0.00000
[train: Epoch 7, 1300 / 1875] FPS: 155.4 (459.3)  ,  DataTime: 0.144 (0.005)  ,  ForwardTime: 0.057  ,  TotalTime: 0.206  ,  Loss/total: 1.08534  ,  Loss/giou: 0.24606  ,  Loss/l1: 0.02858  ,  Loss/location: 0.42694  ,  pro_loss: 0.11694  ,  IoU: 0.77289  ,  Loss/sim: 0.00000
[train: Epoch 7, 1350 / 1875] FPS: 155.9 (502.9)  ,  DataTime: 0.143 (0.005)  ,  ForwardTime: 0.057  ,  TotalTime: 0.205  ,  Loss/total: 1.08590  ,  Loss/giou: 0.24616  ,  Loss/l1: 0.02861  ,  Loss/location: 0.42707  ,  pro_loss: 0.11718  ,  IoU: 0.77277  ,  Loss/sim: 0.00000
[train: Epoch 7, 1400 / 1875] FPS: 157.2 (493.2)  ,  DataTime: 0.142 (0.005)  ,  ForwardTime: 0.057  ,  TotalTime: 0.204  ,  Loss/total: 1.08550  ,  Loss/giou: 0.24604  ,  Loss/l1: 0.02858  ,  Loss/location: 0.42708  ,  pro_loss: 0.11709  ,  IoU: 0.77282  ,  Loss/sim: 0.00000
[train: Epoch 7, 1450 / 1875] FPS: 158.4 (498.4)  ,  DataTime: 0.140 (0.005)  ,  ForwardTime: 0.057  ,  TotalTime: 0.202  ,  Loss/total: 1.08439  ,  Loss/giou: 0.24572  ,  Loss/l1: 0.02852  ,  Loss/location: 0.42692  ,  pro_loss: 0.11708  ,  IoU: 0.77300  ,  Loss/sim: 0.00000
[train: Epoch 7, 1500 / 1875] FPS: 159.3 (74.3)  ,  DataTime: 0.139 (0.005)  ,  ForwardTime: 0.057  ,  TotalTime: 0.201  ,  Loss/total: 1.08094  ,  Loss/giou: 0.24506  ,  Loss/l1: 0.02837  ,  Loss/location: 0.42550  ,  pro_loss: 0.11727  ,  IoU: 0.77353  ,  Loss/sim: 0.00000
[train: Epoch 7, 1550 / 1875] FPS: 160.3 (476.9)  ,  DataTime: 0.137 (0.005)  ,  ForwardTime: 0.057  ,  TotalTime: 0.200  ,  Loss/total: 1.08198  ,  Loss/giou: 0.24528  ,  Loss/l1: 0.02840  ,  Loss/location: 0.42597  ,  pro_loss: 0.11724  ,  IoU: 0.77337  ,  Loss/sim: 0.00000
[train: Epoch 7, 1600 / 1875] FPS: 161.4 (328.0)  ,  DataTime: 0.136 (0.005)  ,  ForwardTime: 0.057  ,  TotalTime: 0.198  ,  Loss/total: 1.08316  ,  Loss/giou: 0.24545  ,  Loss/l1: 0.02845  ,  Loss/location: 0.42661  ,  pro_loss: 0.11709  ,  IoU: 0.77324  ,  Loss/sim: 0.00000
[train: Epoch 7, 1650 / 1875] FPS: 162.4 (70.5)  ,  DataTime: 0.135 (0.005)  ,  ForwardTime: 0.057  ,  TotalTime: 0.197  ,  Loss/total: 1.08230  ,  Loss/giou: 0.24534  ,  Loss/l1: 0.02839  ,  Loss/location: 0.42628  ,  pro_loss: 0.11687  ,  IoU: 0.77327  ,  Loss/sim: 0.00000
[train: Epoch 7, 1700 / 1875] FPS: 163.9 (487.7)  ,  DataTime: 0.133 (0.005)  ,  ForwardTime: 0.057  ,  TotalTime: 0.195  ,  Loss/total: 1.08131  ,  Loss/giou: 0.24506  ,  Loss/l1: 0.02833  ,  Loss/location: 0.42614  ,  pro_loss: 0.11691  ,  IoU: 0.77348  ,  Loss/sim: 0.00000
[train: Epoch 7, 1750 / 1875] FPS: 164.9 (475.4)  ,  DataTime: 0.132 (0.005)  ,  ForwardTime: 0.057  ,  TotalTime: 0.194  ,  Loss/total: 1.08200  ,  Loss/giou: 0.24524  ,  Loss/l1: 0.02834  ,  Loss/location: 0.42641  ,  pro_loss: 0.11694  ,  IoU: 0.77339  ,  Loss/sim: 0.00000
[train: Epoch 7, 1800 / 1875] FPS: 166.4 (486.2)  ,  DataTime: 0.130 (0.005)  ,  ForwardTime: 0.057  ,  TotalTime: 0.192  ,  Loss/total: 1.08127  ,  Loss/giou: 0.24520  ,  Loss/l1: 0.02834  ,  Loss/location: 0.42574  ,  pro_loss: 0.11704  ,  IoU: 0.77345  ,  Loss/sim: 0.00000
[train: Epoch 7, 1850 / 1875] FPS: 167.3 (64.4)  ,  DataTime: 0.129 (0.005)  ,  ForwardTime: 0.057  ,  TotalTime: 0.191  ,  Loss/total: 1.08119  ,  Loss/giou: 0.24515  ,  Loss/l1: 0.02835  ,  Loss/location: 0.42577  ,  pro_loss: 0.11691  ,  IoU: 0.77347  ,  Loss/sim: 0.00000
[train: Epoch 7, 1875 / 1875] FPS: 168.1 (512.0)  ,  DataTime: 0.128 (0.005)  ,  ForwardTime: 0.057  ,  TotalTime: 0.190  ,  Loss/total: 1.08078  ,  Loss/giou: 0.24507  ,  Loss/l1: 0.02833  ,  Loss/location: 0.42558  ,  pro_loss: 0.11696  ,  IoU: 0.77354  ,  Loss/sim: 0.00000
[train: Epoch 8, 50 / 1875] FPS: 168.3 (467.0)  ,  DataTime: 0.126 (0.005)  ,  ForwardTime: 0.059  ,  TotalTime: 0.190  ,  Loss/total: 1.07534  ,  Loss/giou: 0.24451  ,  Loss/l1: 0.02901  ,  Loss/location: 0.41807  ,  pro_loss: 0.11604  ,  IoU: 0.77381  ,  Loss/sim: 0.00000
[train: Epoch 8, 100 / 1875] FPS: 194.5 (471.3)  ,  DataTime: 0.101 (0.005)  ,  ForwardTime: 0.058  ,  TotalTime: 0.165  ,  Loss/total: 1.08438  ,  Loss/giou: 0.24769  ,  Loss/l1: 0.02901  ,  Loss/location: 0.42071  ,  pro_loss: 0.11635  ,  IoU: 0.77102  ,  Loss/sim: 0.00000
[train: Epoch 8, 150 / 1875] FPS: 202.8 (200.6)  ,  DataTime: 0.094 (0.005)  ,  ForwardTime: 0.059  ,  TotalTime: 0.158  ,  Loss/total: 1.08624  ,  Loss/giou: 0.24743  ,  Loss/l1: 0.02914  ,  Loss/location: 0.42265  ,  pro_loss: 0.11528  ,  IoU: 0.77155  ,  Loss/sim: 0.00000
[train: Epoch 8, 200 / 1875] FPS: 203.3 (495.5)  ,  DataTime: 0.093 (0.005)  ,  ForwardTime: 0.059  ,  TotalTime: 0.157  ,  Loss/total: 1.08025  ,  Loss/giou: 0.24568  ,  Loss/l1: 0.02836  ,  Loss/location: 0.42426  ,  pro_loss: 0.11406  ,  IoU: 0.77285  ,  Loss/sim: 0.00000
[train: Epoch 8, 250 / 1875] FPS: 210.3 (491.8)  ,  DataTime: 0.088 (0.005)  ,  ForwardTime: 0.059  ,  TotalTime: 0.152  ,  Loss/total: 1.08137  ,  Loss/giou: 0.24629  ,  Loss/l1: 0.02847  ,  Loss/location: 0.42365  ,  pro_loss: 0.11404  ,  IoU: 0.77265  ,  Loss/sim: 0.00000
[train: Epoch 8, 300 / 1875] FPS: 211.5 (480.8)  ,  DataTime: 0.087 (0.005)  ,  ForwardTime: 0.059  ,  TotalTime: 0.151  ,  Loss/total: 1.07366  ,  Loss/giou: 0.24427  ,  Loss/l1: 0.02817  ,  Loss/location: 0.42138  ,  pro_loss: 0.11434  ,  IoU: 0.77425  ,  Loss/sim: 0.00000
[train: Epoch 8, 350 / 1875] FPS: 213.0 (71.7)  ,  DataTime: 0.086 (0.005)  ,  ForwardTime: 0.059  ,  TotalTime: 0.150  ,  Loss/total: 1.07472  ,  Loss/giou: 0.24482  ,  Loss/l1: 0.02821  ,  Loss/location: 0.42109  ,  pro_loss: 0.11476  ,  IoU: 0.77398  ,  Loss/sim: 0.00000
[train: Epoch 8, 400 / 1875] FPS: 215.2 (464.7)  ,  DataTime: 0.084 (0.005)  ,  ForwardTime: 0.059  ,  TotalTime: 0.149  ,  Loss/total: 1.07809  ,  Loss/giou: 0.24504  ,  Loss/l1: 0.02827  ,  Loss/location: 0.42378  ,  pro_loss: 0.11430  ,  IoU: 0.77400  ,  Loss/sim: 0.00000
[train: Epoch 8, 450 / 1875] FPS: 217.5 (502.1)  ,  DataTime: 0.083 (0.005)  ,  ForwardTime: 0.059  ,  TotalTime: 0.147  ,  Loss/total: 1.07171  ,  Loss/giou: 0.24331  ,  Loss/l1: 0.02803  ,  Loss/location: 0.42201  ,  pro_loss: 0.11475  ,  IoU: 0.77535  ,  Loss/sim: 0.00000
[train: Epoch 8, 500 / 1875] FPS: 219.2 (399.2)  ,  DataTime: 0.082 (0.005)  ,  ForwardTime: 0.059  ,  TotalTime: 0.146  ,  Loss/total: 1.06478  ,  Loss/giou: 0.24226  ,  Loss/l1: 0.02781  ,  Loss/location: 0.41824  ,  pro_loss: 0.11488  ,  IoU: 0.77618  ,  Loss/sim: 0.00000
[train: Epoch 8, 550 / 1875] FPS: 219.7 (44.6)  ,  DataTime: 0.081 (0.005)  ,  ForwardTime: 0.059  ,  TotalTime: 0.146  ,  Loss/total: 1.06503  ,  Loss/giou: 0.24215  ,  Loss/l1: 0.02773  ,  Loss/location: 0.41905  ,  pro_loss: 0.11519  ,  IoU: 0.77624  ,  Loss/sim: 0.00000
[train: Epoch 8, 600 / 1875] FPS: 222.6 (452.9)  ,  DataTime: 0.079 (0.006)  ,  ForwardTime: 0.059  ,  TotalTime: 0.144  ,  Loss/total: 1.06167  ,  Loss/giou: 0.24137  ,  Loss/l1: 0.02760  ,  Loss/location: 0.41785  ,  pro_loss: 0.11538  ,  IoU: 0.77695  ,  Loss/sim: 0.00000
[train: Epoch 8, 650 / 1875] FPS: 226.0 (443.3)  ,  DataTime: 0.077 (0.006)  ,  ForwardTime: 0.059  ,  TotalTime: 0.142  ,  Loss/total: 1.05701  ,  Loss/giou: 0.24056  ,  Loss/l1: 0.02740  ,  Loss/location: 0.41582  ,  pro_loss: 0.11542  ,  IoU: 0.77754  ,  Loss/sim: 0.00000
[train: Epoch 8, 700 / 1875] FPS: 225.7 (476.2)  ,  DataTime: 0.077 (0.006)  ,  ForwardTime: 0.059  ,  TotalTime: 0.142  ,  Loss/total: 1.05681  ,  Loss/giou: 0.24052  ,  Loss/l1: 0.02741  ,  Loss/location: 0.41556  ,  pro_loss: 0.11594  ,  IoU: 0.77758  ,  Loss/sim: 0.00000
[train: Epoch 8, 750 / 1875] FPS: 228.1 (482.5)  ,  DataTime: 0.076 (0.006)  ,  ForwardTime: 0.059  ,  TotalTime: 0.140  ,  Loss/total: 1.05712  ,  Loss/giou: 0.24053  ,  Loss/l1: 0.02740  ,  Loss/location: 0.41593  ,  pro_loss: 0.11560  ,  IoU: 0.77756  ,  Loss/sim: 0.00000
[train: Epoch 8, 800 / 1875] FPS: 230.3 (453.3)  ,  DataTime: 0.074 (0.006)  ,  ForwardTime: 0.059  ,  TotalTime: 0.139  ,  Loss/total: 1.05769  ,  Loss/giou: 0.24064  ,  Loss/l1: 0.02739  ,  Loss/location: 0.41631  ,  pro_loss: 0.11568  ,  IoU: 0.77741  ,  Loss/sim: 0.00000
[train: Epoch 8, 850 / 1875] FPS: 232.4 (462.6)  ,  DataTime: 0.073 (0.006)  ,  ForwardTime: 0.059  ,  TotalTime: 0.138  ,  Loss/total: 1.05858  ,  Loss/giou: 0.24087  ,  Loss/l1: 0.02739  ,  Loss/location: 0.41672  ,  pro_loss: 0.11600  ,  IoU: 0.77716  ,  Loss/sim: 0.00000
[train: Epoch 8, 900 / 1875] FPS: 232.9 (282.0)  ,  DataTime: 0.073 (0.006)  ,  ForwardTime: 0.059  ,  TotalTime: 0.137  ,  Loss/total: 1.05581  ,  Loss/giou: 0.24038  ,  Loss/l1: 0.02728  ,  Loss/location: 0.41550  ,  pro_loss: 0.11580  ,  IoU: 0.77749  ,  Loss/sim: 0.00000
[train: Epoch 8, 950 / 1875] FPS: 234.4 (472.1)  ,  DataTime: 0.072 (0.006)  ,  ForwardTime: 0.059  ,  TotalTime: 0.137  ,  Loss/total: 1.05490  ,  Loss/giou: 0.24021  ,  Loss/l1: 0.02726  ,  Loss/location: 0.41502  ,  pro_loss: 0.11595  ,  IoU: 0.77757  ,  Loss/sim: 0.00000
[train: Epoch 8, 1000 / 1875] FPS: 235.9 (83.4)  ,  DataTime: 0.071 (0.006)  ,  ForwardTime: 0.059  ,  TotalTime: 0.136  ,  Loss/total: 1.05362  ,  Loss/giou: 0.23996  ,  Loss/l1: 0.02727  ,  Loss/location: 0.41425  ,  pro_loss: 0.11555  ,  IoU: 0.77785  ,  Loss/sim: 0.00000
[train: Epoch 8, 1050 / 1875] FPS: 237.9 (446.4)  ,  DataTime: 0.069 (0.006)  ,  ForwardTime: 0.059  ,  TotalTime: 0.135  ,  Loss/total: 1.05188  ,  Loss/giou: 0.23947  ,  Loss/l1: 0.02718  ,  Loss/location: 0.41392  ,  pro_loss: 0.11554  ,  IoU: 0.77821  ,  Loss/sim: 0.00000
[train: Epoch 8, 1100 / 1875] FPS: 238.3 (451.9)  ,  DataTime: 0.069 (0.006)  ,  ForwardTime: 0.060  ,  TotalTime: 0.134  ,  Loss/total: 1.05313  ,  Loss/giou: 0.23976  ,  Loss/l1: 0.02725  ,  Loss/location: 0.41417  ,  pro_loss: 0.11604  ,  IoU: 0.77800  ,  Loss/sim: 0.00000
[train: Epoch 8, 1150 / 1875] FPS: 240.0 (349.0)  ,  DataTime: 0.068 (0.006)  ,  ForwardTime: 0.060  ,  TotalTime: 0.133  ,  Loss/total: 1.05416  ,  Loss/giou: 0.23986  ,  Loss/l1: 0.02727  ,  Loss/location: 0.41486  ,  pro_loss: 0.11625  ,  IoU: 0.77785  ,  Loss/sim: 0.00000
[train: Epoch 8, 1200 / 1875] FPS: 241.2 (439.5)  ,  DataTime: 0.067 (0.006)  ,  ForwardTime: 0.060  ,  TotalTime: 0.133  ,  Loss/total: 1.05647  ,  Loss/giou: 0.24048  ,  Loss/l1: 0.02736  ,  Loss/location: 0.41542  ,  pro_loss: 0.11641  ,  IoU: 0.77744  ,  Loss/sim: 0.00000
[train: Epoch 8, 1250 / 1875] FPS: 242.9 (462.2)  ,  DataTime: 0.066 (0.006)  ,  ForwardTime: 0.060  ,  TotalTime: 0.132  ,  Loss/total: 1.05728  ,  Loss/giou: 0.24048  ,  Loss/l1: 0.02736  ,  Loss/location: 0.41622  ,  pro_loss: 0.11643  ,  IoU: 0.77737  ,  Loss/sim: 0.00000
[train: Epoch 8, 1300 / 1875] FPS: 243.7 (482.5)  ,  DataTime: 0.066 (0.006)  ,  ForwardTime: 0.060  ,  TotalTime: 0.131  ,  Loss/total: 1.05756  ,  Loss/giou: 0.24054  ,  Loss/l1: 0.02739  ,  Loss/location: 0.41617  ,  pro_loss: 0.11664  ,  IoU: 0.77730  ,  Loss/sim: 0.00000
[train: Epoch 8, 1350 / 1875] FPS: 244.3 (446.6)  ,  DataTime: 0.065 (0.006)  ,  ForwardTime: 0.060  ,  TotalTime: 0.131  ,  Loss/total: 1.05821  ,  Loss/giou: 0.24064  ,  Loss/l1: 0.02743  ,  Loss/location: 0.41649  ,  pro_loss: 0.11646  ,  IoU: 0.77725  ,  Loss/sim: 0.00000
[train: Epoch 8, 1400 / 1875] FPS: 245.5 (405.5)  ,  DataTime: 0.065 (0.006)  ,  ForwardTime: 0.060  ,  TotalTime: 0.130  ,  Loss/total: 1.05709  ,  Loss/giou: 0.24047  ,  Loss/l1: 0.02740  ,  Loss/location: 0.41588  ,  pro_loss: 0.11642  ,  IoU: 0.77735  ,  Loss/sim: 0.00000
[train: Epoch 8, 1450 / 1875] FPS: 246.9 (463.2)  ,  DataTime: 0.064 (0.006)  ,  ForwardTime: 0.060  ,  TotalTime: 0.130  ,  Loss/total: 1.05682  ,  Loss/giou: 0.24042  ,  Loss/l1: 0.02740  ,  Loss/location: 0.41570  ,  pro_loss: 0.11637  ,  IoU: 0.77736  ,  Loss/sim: 0.00000
[train: Epoch 8, 1500 / 1875] FPS: 247.4 (76.3)  ,  DataTime: 0.064 (0.006)  ,  ForwardTime: 0.060  ,  TotalTime: 0.129  ,  Loss/total: 1.05839  ,  Loss/giou: 0.24074  ,  Loss/l1: 0.02747  ,  Loss/location: 0.41630  ,  pro_loss: 0.11622  ,  IoU: 0.77704  ,  Loss/sim: 0.00000
[train: Epoch 8, 1550 / 1875] FPS: 248.7 (477.3)  ,  DataTime: 0.063 (0.006)  ,  ForwardTime: 0.060  ,  TotalTime: 0.129  ,  Loss/total: 1.05736  ,  Loss/giou: 0.24059  ,  Loss/l1: 0.02744  ,  Loss/location: 0.41572  ,  pro_loss: 0.11633  ,  IoU: 0.77718  ,  Loss/sim: 0.00000
[train: Epoch 8, 1600 / 1875] FPS: 250.0 (447.4)  ,  DataTime: 0.062 (0.006)  ,  ForwardTime: 0.060  ,  TotalTime: 0.128  ,  Loss/total: 1.05671  ,  Loss/giou: 0.24054  ,  Loss/l1: 0.02744  ,  Loss/location: 0.41519  ,  pro_loss: 0.11632  ,  IoU: 0.77725  ,  Loss/sim: 0.00000
[train: Epoch 8, 1650 / 1875] FPS: 251.3 (276.8)  ,  DataTime: 0.061 (0.006)  ,  ForwardTime: 0.060  ,  TotalTime: 0.127  ,  Loss/total: 1.05760  ,  Loss/giou: 0.24065  ,  Loss/l1: 0.02747  ,  Loss/location: 0.41570  ,  pro_loss: 0.11627  ,  IoU: 0.77712  ,  Loss/sim: 0.00000
[train: Epoch 8, 1700 / 1875] FPS: 251.9 (387.2)  ,  DataTime: 0.061 (0.006)  ,  ForwardTime: 0.060  ,  TotalTime: 0.127  ,  Loss/total: 1.05663  ,  Loss/giou: 0.24045  ,  Loss/l1: 0.02745  ,  Loss/location: 0.41523  ,  pro_loss: 0.11618  ,  IoU: 0.77729  ,  Loss/sim: 0.00000
[train: Epoch 8, 1750 / 1875] FPS: 253.3 (456.0)  ,  DataTime: 0.060 (0.006)  ,  ForwardTime: 0.060  ,  TotalTime: 0.126  ,  Loss/total: 1.05469  ,  Loss/giou: 0.24007  ,  Loss/l1: 0.02739  ,  Loss/location: 0.41437  ,  pro_loss: 0.11624  ,  IoU: 0.77757  ,  Loss/sim: 0.00000
[train: Epoch 8, 1800 / 1875] FPS: 254.1 (466.4)  ,  DataTime: 0.060 (0.006)  ,  ForwardTime: 0.060  ,  TotalTime: 0.126  ,  Loss/total: 1.05369  ,  Loss/giou: 0.23983  ,  Loss/l1: 0.02735  ,  Loss/location: 0.41399  ,  pro_loss: 0.11645  ,  IoU: 0.77776  ,  Loss/sim: 0.00000
[train: Epoch 8, 1850 / 1875] FPS: 255.0 (434.5)  ,  DataTime: 0.059 (0.006)  ,  ForwardTime: 0.060  ,  TotalTime: 0.126  ,  Loss/total: 1.05385  ,  Loss/giou: 0.23985  ,  Loss/l1: 0.02737  ,  Loss/location: 0.41397  ,  pro_loss: 0.11659  ,  IoU: 0.77777  ,  Loss/sim: 0.00000
[train: Epoch 8, 1875 / 1875] FPS: 255.3 (175.8)  ,  DataTime: 0.059 (0.006)  ,  ForwardTime: 0.060  ,  TotalTime: 0.125  ,  Loss/total: 1.05367  ,  Loss/giou: 0.23979  ,  Loss/l1: 0.02738  ,  Loss/location: 0.41391  ,  pro_loss: 0.11648  ,  IoU: 0.77782  ,  Loss/sim: 0.00000
[train: Epoch 9, 50 / 1875] FPS: 229.2 (443.6)  ,  DataTime: 0.074 (0.006)  ,  ForwardTime: 0.060  ,  TotalTime: 0.140  ,  Loss/total: 1.04491  ,  Loss/giou: 0.24155  ,  Loss/l1: 0.02708  ,  Loss/location: 0.40322  ,  pro_loss: 0.11583  ,  IoU: 0.77482  ,  Loss/sim: 0.00000
[train: Epoch 9, 100 / 1875] FPS: 251.6 (461.7)  ,  DataTime: 0.061 (0.006)  ,  ForwardTime: 0.061  ,  TotalTime: 0.127  ,  Loss/total: 1.03107  ,  Loss/giou: 0.23730  ,  Loss/l1: 0.02660  ,  Loss/location: 0.40025  ,  pro_loss: 0.11615  ,  IoU: 0.77911  ,  Loss/sim: 0.00000
[train: Epoch 9, 150 / 1875] FPS: 267.4 (454.2)  ,  DataTime: 0.052 (0.006)  ,  ForwardTime: 0.061  ,  TotalTime: 0.120  ,  Loss/total: 1.04679  ,  Loss/giou: 0.24036  ,  Loss/l1: 0.02711  ,  Loss/location: 0.40790  ,  pro_loss: 0.11319  ,  IoU: 0.77698  ,  Loss/sim: 0.00000
[train: Epoch 9, 200 / 1875] FPS: 273.3 (423.4)  ,  DataTime: 0.050 (0.006)  ,  ForwardTime: 0.061  ,  TotalTime: 0.117  ,  Loss/total: 1.05875  ,  Loss/giou: 0.24258  ,  Loss/l1: 0.02732  ,  Loss/location: 0.41399  ,  pro_loss: 0.11495  ,  IoU: 0.77506  ,  Loss/sim: 0.00000
[train: Epoch 9, 250 / 1875] FPS: 277.6 (475.2)  ,  DataTime: 0.048 (0.006)  ,  ForwardTime: 0.061  ,  TotalTime: 0.115  ,  Loss/total: 1.07601  ,  Loss/giou: 0.24583  ,  Loss/l1: 0.02798  ,  Loss/location: 0.42158  ,  pro_loss: 0.11446  ,  IoU: 0.77266  ,  Loss/sim: 0.00000
[train: Epoch 9, 300 / 1875] FPS: 278.1 (402.3)  ,  DataTime: 0.048 (0.006)  ,  ForwardTime: 0.061  ,  TotalTime: 0.115  ,  Loss/total: 1.07274  ,  Loss/giou: 0.24496  ,  Loss/l1: 0.02785  ,  Loss/location: 0.42058  ,  pro_loss: 0.11493  ,  IoU: 0.77346  ,  Loss/sim: 0.00000
[train: Epoch 9, 350 / 1875] FPS: 282.1 (449.1)  ,  DataTime: 0.046 (0.006)  ,  ForwardTime: 0.061  ,  TotalTime: 0.113  ,  Loss/total: 1.07364  ,  Loss/giou: 0.24441  ,  Loss/l1: 0.02787  ,  Loss/location: 0.42245  ,  pro_loss: 0.11503  ,  IoU: 0.77386  ,  Loss/sim: 0.00000
[train: Epoch 9, 400 / 1875] FPS: 284.3 (434.8)  ,  DataTime: 0.045 (0.006)  ,  ForwardTime: 0.061  ,  TotalTime: 0.113  ,  Loss/total: 1.07607  ,  Loss/giou: 0.24500  ,  Loss/l1: 0.02796  ,  Loss/location: 0.42329  ,  pro_loss: 0.11479  ,  IoU: 0.77344  ,  Loss/sim: 0.00000
[train: Epoch 9, 450 / 1875] FPS: 284.0 (387.4)  ,  DataTime: 0.045 (0.006)  ,  ForwardTime: 0.062  ,  TotalTime: 0.113  ,  Loss/total: 1.08404  ,  Loss/giou: 0.24641  ,  Loss/l1: 0.02828  ,  Loss/location: 0.42680  ,  pro_loss: 0.11509  ,  IoU: 0.77204  ,  Loss/sim: 0.00000
[train: Epoch 9, 500 / 1875] FPS: 287.1 (466.8)  ,  DataTime: 0.043 (0.006)  ,  ForwardTime: 0.062  ,  TotalTime: 0.111  ,  Loss/total: 1.07876  ,  Loss/giou: 0.24536  ,  Loss/l1: 0.02813  ,  Loss/location: 0.42439  ,  pro_loss: 0.11496  ,  IoU: 0.77289  ,  Loss/sim: 0.00000
[train: Epoch 9, 550 / 1875] FPS: 288.4 (467.1)  ,  DataTime: 0.043 (0.006)  ,  ForwardTime: 0.062  ,  TotalTime: 0.111  ,  Loss/total: 1.07427  ,  Loss/giou: 0.24431  ,  Loss/l1: 0.02798  ,  Loss/location: 0.42276  ,  pro_loss: 0.11509  ,  IoU: 0.77368  ,  Loss/sim: 0.00000
[train: Epoch 9, 600 / 1875] FPS: 289.3 (496.0)  ,  DataTime: 0.042 (0.006)  ,  ForwardTime: 0.062  ,  TotalTime: 0.111  ,  Loss/total: 1.07590  ,  Loss/giou: 0.24448  ,  Loss/l1: 0.02806  ,  Loss/location: 0.42365  ,  pro_loss: 0.11502  ,  IoU: 0.77367  ,  Loss/sim: 0.00000
[train: Epoch 9, 650 / 1875] FPS: 290.6 (430.1)  ,  DataTime: 0.042 (0.006)  ,  ForwardTime: 0.062  ,  TotalTime: 0.110  ,  Loss/total: 1.07435  ,  Loss/giou: 0.24419  ,  Loss/l1: 0.02804  ,  Loss/location: 0.42282  ,  pro_loss: 0.11481  ,  IoU: 0.77388  ,  Loss/sim: 0.00000
[train: Epoch 9, 700 / 1875] FPS: 291.7 (95.2)  ,  DataTime: 0.041 (0.006)  ,  ForwardTime: 0.062  ,  TotalTime: 0.110  ,  Loss/total: 1.07127  ,  Loss/giou: 0.24349  ,  Loss/l1: 0.02795  ,  Loss/location: 0.42151  ,  pro_loss: 0.11510  ,  IoU: 0.77441  ,  Loss/sim: 0.00000
[train: Epoch 9, 750 / 1875] FPS: 293.1 (457.3)  ,  DataTime: 0.041 (0.006)  ,  ForwardTime: 0.062  ,  TotalTime: 0.109  ,  Loss/total: 1.06773  ,  Loss/giou: 0.24283  ,  Loss/l1: 0.02787  ,  Loss/location: 0.41971  ,  pro_loss: 0.11511  ,  IoU: 0.77498  ,  Loss/sim: 0.00000
[train: Epoch 9, 800 / 1875] FPS: 293.4 (428.0)  ,  DataTime: 0.041 (0.006)  ,  ForwardTime: 0.062  ,  TotalTime: 0.109  ,  Loss/total: 1.07031  ,  Loss/giou: 0.24325  ,  Loss/l1: 0.02796  ,  Loss/location: 0.42092  ,  pro_loss: 0.11546  ,  IoU: 0.77453  ,  Loss/sim: 0.00000
[train: Epoch 9, 850 / 1875] FPS: 294.1 (438.0)  ,  DataTime: 0.040 (0.006)  ,  ForwardTime: 0.062  ,  TotalTime: 0.109  ,  Loss/total: 1.06701  ,  Loss/giou: 0.24247  ,  Loss/l1: 0.02784  ,  Loss/location: 0.41980  ,  pro_loss: 0.11526  ,  IoU: 0.77522  ,  Loss/sim: 0.00000
[train: Epoch 9, 900 / 1875] FPS: 293.8 (456.1)  ,  DataTime: 0.040 (0.006)  ,  ForwardTime: 0.062  ,  TotalTime: 0.109  ,  Loss/total: 1.06595  ,  Loss/giou: 0.24234  ,  Loss/l1: 0.02786  ,  Loss/location: 0.41893  ,  pro_loss: 0.11525  ,  IoU: 0.77527  ,  Loss/sim: 0.00000
[train: Epoch 9, 950 / 1875] FPS: 294.9 (446.5)  ,  DataTime: 0.040 (0.006)  ,  ForwardTime: 0.062  ,  TotalTime: 0.109  ,  Loss/total: 1.06578  ,  Loss/giou: 0.24228  ,  Loss/l1: 0.02777  ,  Loss/location: 0.41922  ,  pro_loss: 0.11563  ,  IoU: 0.77524  ,  Loss/sim: 0.00000
[train: Epoch 9, 1000 / 1875] FPS: 296.3 (443.9)  ,  DataTime: 0.039 (0.006)  ,  ForwardTime: 0.062  ,  TotalTime: 0.108  ,  Loss/total: 1.06473  ,  Loss/giou: 0.24200  ,  Loss/l1: 0.02770  ,  Loss/location: 0.41906  ,  pro_loss: 0.11585  ,  IoU: 0.77552  ,  Loss/sim: 0.00000
[train: Epoch 9, 1050 / 1875] FPS: 297.4 (466.7)  ,  DataTime: 0.039 (0.006)  ,  ForwardTime: 0.062  ,  TotalTime: 0.108  ,  Loss/total: 1.06790  ,  Loss/giou: 0.24278  ,  Loss/l1: 0.02783  ,  Loss/location: 0.42005  ,  pro_loss: 0.11580  ,  IoU: 0.77499  ,  Loss/sim: 0.00000
[train: Epoch 9, 1100 / 1875] FPS: 298.1 (200.5)  ,  DataTime: 0.039 (0.006)  ,  ForwardTime: 0.062  ,  TotalTime: 0.107  ,  Loss/total: 1.06829  ,  Loss/giou: 0.24268  ,  Loss/l1: 0.02781  ,  Loss/location: 0.42075  ,  pro_loss: 0.11571  ,  IoU: 0.77509  ,  Loss/sim: 0.00000
[train: Epoch 9, 1150 / 1875] FPS: 298.3 (440.4)  ,  DataTime: 0.039 (0.006)  ,  ForwardTime: 0.062  ,  TotalTime: 0.107  ,  Loss/total: 1.06799  ,  Loss/giou: 0.24257  ,  Loss/l1: 0.02778  ,  Loss/location: 0.42078  ,  pro_loss: 0.11587  ,  IoU: 0.77512  ,  Loss/sim: 0.00000
[train: Epoch 9, 1200 / 1875] FPS: 299.2 (440.2)  ,  DataTime: 0.038 (0.006)  ,  ForwardTime: 0.062  ,  TotalTime: 0.107  ,  Loss/total: 1.07034  ,  Loss/giou: 0.24304  ,  Loss/l1: 0.02787  ,  Loss/location: 0.42171  ,  pro_loss: 0.11590  ,  IoU: 0.77473  ,  Loss/sim: 0.00000
[train: Epoch 9, 1250 / 1875] FPS: 300.5 (429.8)  ,  DataTime: 0.038 (0.006)  ,  ForwardTime: 0.062  ,  TotalTime: 0.106  ,  Loss/total: 1.06997  ,  Loss/giou: 0.24307  ,  Loss/l1: 0.02790  ,  Loss/location: 0.42111  ,  pro_loss: 0.11617  ,  IoU: 0.77474  ,  Loss/sim: 0.00000
[train: Epoch 9, 1300 / 1875] FPS: 300.7 (439.6)  ,  DataTime: 0.038 (0.006)  ,  ForwardTime: 0.062  ,  TotalTime: 0.106  ,  Loss/total: 1.06912  ,  Loss/giou: 0.24288  ,  Loss/l1: 0.02785  ,  Loss/location: 0.42087  ,  pro_loss: 0.11603  ,  IoU: 0.77490  ,  Loss/sim: 0.00000
[train: Epoch 9, 1350 / 1875] FPS: 302.6 (196.0)  ,  DataTime: 0.037 (0.006)  ,  ForwardTime: 0.062  ,  TotalTime: 0.106  ,  Loss/total: 1.06769  ,  Loss/giou: 0.24260  ,  Loss/l1: 0.02782  ,  Loss/location: 0.42022  ,  pro_loss: 0.11593  ,  IoU: 0.77511  ,  Loss/sim: 0.00000
[train: Epoch 9, 1400 / 1875] FPS: 303.1 (113.0)  ,  DataTime: 0.037 (0.006)  ,  ForwardTime: 0.063  ,  TotalTime: 0.106  ,  Loss/total: 1.06646  ,  Loss/giou: 0.24228  ,  Loss/l1: 0.02777  ,  Loss/location: 0.41990  ,  pro_loss: 0.11568  ,  IoU: 0.77542  ,  Loss/sim: 0.00000
[train: Epoch 9, 1450 / 1875] FPS: 303.8 (442.2)  ,  DataTime: 0.036 (0.006)  ,  ForwardTime: 0.063  ,  TotalTime: 0.105  ,  Loss/total: 1.06589  ,  Loss/giou: 0.24208  ,  Loss/l1: 0.02773  ,  Loss/location: 0.42002  ,  pro_loss: 0.11539  ,  IoU: 0.77554  ,  Loss/sim: 0.00000
[train: Epoch 9, 1500 / 1875] FPS: 304.8 (437.2)  ,  DataTime: 0.036 (0.006)  ,  ForwardTime: 0.063  ,  TotalTime: 0.105  ,  Loss/total: 1.06363  ,  Loss/giou: 0.24162  ,  Loss/l1: 0.02765  ,  Loss/location: 0.41910  ,  pro_loss: 0.11519  ,  IoU: 0.77596  ,  Loss/sim: 0.00000
[train: Epoch 9, 1550 / 1875] FPS: 305.3 (364.2)  ,  DataTime: 0.036 (0.006)  ,  ForwardTime: 0.063  ,  TotalTime: 0.105  ,  Loss/total: 1.06233  ,  Loss/giou: 0.24135  ,  Loss/l1: 0.02762  ,  Loss/location: 0.41852  ,  pro_loss: 0.11515  ,  IoU: 0.77626  ,  Loss/sim: 0.00000
[train: Epoch 9, 1600 / 1875] FPS: 305.8 (427.0)  ,  DataTime: 0.035 (0.006)  ,  ForwardTime: 0.063  ,  TotalTime: 0.105  ,  Loss/total: 1.06062  ,  Loss/giou: 0.24108  ,  Loss/l1: 0.02757  ,  Loss/location: 0.41759  ,  pro_loss: 0.11503  ,  IoU: 0.77650  ,  Loss/sim: 0.00000
[train: Epoch 9, 1650 / 1875] FPS: 306.2 (376.8)  ,  DataTime: 0.035 (0.007)  ,  ForwardTime: 0.063  ,  TotalTime: 0.105  ,  Loss/total: 1.06008  ,  Loss/giou: 0.24089  ,  Loss/l1: 0.02756  ,  Loss/location: 0.41754  ,  pro_loss: 0.11483  ,  IoU: 0.77666  ,  Loss/sim: 0.00000
[train: Epoch 9, 1700 / 1875] FPS: 306.8 (460.4)  ,  DataTime: 0.035 (0.007)  ,  ForwardTime: 0.063  ,  TotalTime: 0.104  ,  Loss/total: 1.05988  ,  Loss/giou: 0.24092  ,  Loss/l1: 0.02760  ,  Loss/location: 0.41708  ,  pro_loss: 0.11476  ,  IoU: 0.77672  ,  Loss/sim: 0.00000
[train: Epoch 9, 1750 / 1875] FPS: 307.6 (445.7)  ,  DataTime: 0.035 (0.007)  ,  ForwardTime: 0.063  ,  TotalTime: 0.104  ,  Loss/total: 1.05931  ,  Loss/giou: 0.24084  ,  Loss/l1: 0.02759  ,  Loss/location: 0.41672  ,  pro_loss: 0.11482  ,  IoU: 0.77680  ,  Loss/sim: 0.00000
[train: Epoch 9, 1800 / 1875] FPS: 308.5 (111.3)  ,  DataTime: 0.034 (0.007)  ,  ForwardTime: 0.063  ,  TotalTime: 0.104  ,  Loss/total: 1.05842  ,  Loss/giou: 0.24056  ,  Loss/l1: 0.02757  ,  Loss/location: 0.41644  ,  pro_loss: 0.11497  ,  IoU: 0.77702  ,  Loss/sim: 0.00000
[train: Epoch 9, 1850 / 1875] FPS: 309.0 (432.5)  ,  DataTime: 0.034 (0.007)  ,  ForwardTime: 0.063  ,  TotalTime: 0.104  ,  Loss/total: 1.05830  ,  Loss/giou: 0.24051  ,  Loss/l1: 0.02759  ,  Loss/location: 0.41629  ,  pro_loss: 0.11514  ,  IoU: 0.77704  ,  Loss/sim: 0.00000
[train: Epoch 9, 1875 / 1875] FPS: 309.9 (512.8)  ,  DataTime: 0.034 (0.007)  ,  ForwardTime: 0.063  ,  TotalTime: 0.103  ,  Loss/total: 1.05863  ,  Loss/giou: 0.24060  ,  Loss/l1: 0.02763  ,  Loss/location: 0.41627  ,  pro_loss: 0.11503  ,  IoU: 0.77697  ,  Loss/sim: 0.00000
[train: Epoch 10, 50 / 1875] FPS: 281.3 (110.1)  ,  DataTime: 0.043 (0.007)  ,  ForwardTime: 0.064  ,  TotalTime: 0.114  ,  Loss/total: 1.08763  ,  Loss/giou: 0.24457  ,  Loss/l1: 0.02917  ,  Loss/location: 0.42971  ,  pro_loss: 0.11458  ,  IoU: 0.77286  ,  Loss/sim: 0.00000
[train: Epoch 10, 100 / 1875] FPS: 304.1 (136.5)  ,  DataTime: 0.034 (0.007)  ,  ForwardTime: 0.064  ,  TotalTime: 0.105  ,  Loss/total: 1.06898  ,  Loss/giou: 0.24079  ,  Loss/l1: 0.02832  ,  Loss/location: 0.42278  ,  pro_loss: 0.11500  ,  IoU: 0.77618  ,  Loss/sim: 0.00000
[train: Epoch 10, 150 / 1875] FPS: 309.6 (317.1)  ,  DataTime: 0.033 (0.007)  ,  ForwardTime: 0.064  ,  TotalTime: 0.103  ,  Loss/total: 1.06321  ,  Loss/giou: 0.24032  ,  Loss/l1: 0.02817  ,  Loss/location: 0.41850  ,  pro_loss: 0.11618  ,  IoU: 0.77728  ,  Loss/sim: 0.00000
[train: Epoch 10, 200 / 1875] FPS: 314.9 (388.0)  ,  DataTime: 0.031 (0.007)  ,  ForwardTime: 0.064  ,  TotalTime: 0.102  ,  Loss/total: 1.05806  ,  Loss/giou: 0.23883  ,  Loss/l1: 0.02800  ,  Loss/location: 0.41703  ,  pro_loss: 0.11682  ,  IoU: 0.77851  ,  Loss/sim: 0.00000
[train: Epoch 10, 250 / 1875] FPS: 316.8 (410.7)  ,  DataTime: 0.030 (0.007)  ,  ForwardTime: 0.064  ,  TotalTime: 0.101  ,  Loss/total: 1.06453  ,  Loss/giou: 0.23973  ,  Loss/l1: 0.02832  ,  Loss/location: 0.42030  ,  pro_loss: 0.11567  ,  IoU: 0.77758  ,  Loss/sim: 0.00000
[train: Epoch 10, 300 / 1875] FPS: 320.6 (421.8)  ,  DataTime: 0.029 (0.007)  ,  ForwardTime: 0.064  ,  TotalTime: 0.100  ,  Loss/total: 1.05399  ,  Loss/giou: 0.23802  ,  Loss/l1: 0.02792  ,  Loss/location: 0.41504  ,  pro_loss: 0.11639  ,  IoU: 0.77895  ,  Loss/sim: 0.00000
[train: Epoch 10, 350 / 1875] FPS: 322.3 (391.4)  ,  DataTime: 0.028 (0.007)  ,  ForwardTime: 0.064  ,  TotalTime: 0.099  ,  Loss/total: 1.05309  ,  Loss/giou: 0.23846  ,  Loss/l1: 0.02796  ,  Loss/location: 0.41305  ,  pro_loss: 0.11667  ,  IoU: 0.77874  ,  Loss/sim: 0.00000
[train: Epoch 10, 400 / 1875] FPS: 324.2 (446.3)  ,  DataTime: 0.028 (0.007)  ,  ForwardTime: 0.064  ,  TotalTime: 0.099  ,  Loss/total: 1.04852  ,  Loss/giou: 0.23740  ,  Loss/l1: 0.02768  ,  Loss/location: 0.41178  ,  pro_loss: 0.11771  ,  IoU: 0.77942  ,  Loss/sim: 0.00000
[train: Epoch 10, 450 / 1875] FPS: 324.6 (245.9)  ,  DataTime: 0.028 (0.007)  ,  ForwardTime: 0.064  ,  TotalTime: 0.099  ,  Loss/total: 1.04695  ,  Loss/giou: 0.23720  ,  Loss/l1: 0.02753  ,  Loss/location: 0.41152  ,  pro_loss: 0.11685  ,  IoU: 0.77964  ,  Loss/sim: 0.00000
[train: Epoch 10, 500 / 1875] FPS: 326.0 (431.8)  ,  DataTime: 0.027 (0.007)  ,  ForwardTime: 0.064  ,  TotalTime: 0.098  ,  Loss/total: 1.04385  ,  Loss/giou: 0.23668  ,  Loss/l1: 0.02740  ,  Loss/location: 0.41008  ,  pro_loss: 0.11715  ,  IoU: 0.78018  ,  Loss/sim: 0.00000
[train: Epoch 10, 550 / 1875] FPS: 328.2 (434.4)  ,  DataTime: 0.026 (0.007)  ,  ForwardTime: 0.065  ,  TotalTime: 0.097  ,  Loss/total: 1.04220  ,  Loss/giou: 0.23669  ,  Loss/l1: 0.02732  ,  Loss/location: 0.40876  ,  pro_loss: 0.11723  ,  IoU: 0.78022  ,  Loss/sim: 0.00000
[train: Epoch 10, 600 / 1875] FPS: 329.7 (416.4)  ,  DataTime: 0.026 (0.007)  ,  ForwardTime: 0.065  ,  TotalTime: 0.097  ,  Loss/total: 1.03799  ,  Loss/giou: 0.23588  ,  Loss/l1: 0.02716  ,  Loss/location: 0.40692  ,  pro_loss: 0.11759  ,  IoU: 0.78102  ,  Loss/sim: 0.00000
[train: Epoch 10, 650 / 1875] FPS: 330.3 (360.6)  ,  DataTime: 0.025 (0.007)  ,  ForwardTime: 0.065  ,  TotalTime: 0.097  ,  Loss/total: 1.03773  ,  Loss/giou: 0.23573  ,  Loss/l1: 0.02714  ,  Loss/location: 0.40705  ,  pro_loss: 0.11763  ,  IoU: 0.78116  ,  Loss/sim: 0.00000
[train: Epoch 10, 700 / 1875] FPS: 330.8 (414.5)  ,  DataTime: 0.025 (0.007)  ,  ForwardTime: 0.065  ,  TotalTime: 0.097  ,  Loss/total: 1.04208  ,  Loss/giou: 0.23646  ,  Loss/l1: 0.02724  ,  Loss/location: 0.40943  ,  pro_loss: 0.11775  ,  IoU: 0.78063  ,  Loss/sim: 0.00000
[train: Epoch 10, 750 / 1875] FPS: 331.3 (397.9)  ,  DataTime: 0.025 (0.007)  ,  ForwardTime: 0.065  ,  TotalTime: 0.097  ,  Loss/total: 1.03939  ,  Loss/giou: 0.23611  ,  Loss/l1: 0.02714  ,  Loss/location: 0.40802  ,  pro_loss: 0.11726  ,  IoU: 0.78086  ,  Loss/sim: 0.00000
[train: Epoch 10, 800 / 1875] FPS: 332.1 (345.0)  ,  DataTime: 0.025 (0.007)  ,  ForwardTime: 0.065  ,  TotalTime: 0.096  ,  Loss/total: 1.03980  ,  Loss/giou: 0.23602  ,  Loss/l1: 0.02712  ,  Loss/location: 0.40879  ,  pro_loss: 0.11682  ,  IoU: 0.78086  ,  Loss/sim: 0.00000
[train: Epoch 10, 850 / 1875] FPS: 332.2 (407.5)  ,  DataTime: 0.025 (0.007)  ,  ForwardTime: 0.065  ,  TotalTime: 0.096  ,  Loss/total: 1.04004  ,  Loss/giou: 0.23601  ,  Loss/l1: 0.02707  ,  Loss/location: 0.40927  ,  pro_loss: 0.11683  ,  IoU: 0.78088  ,  Loss/sim: 0.00000
[train: Epoch 10, 900 / 1875] FPS: 332.9 (434.6)  ,  DataTime: 0.024 (0.007)  ,  ForwardTime: 0.065  ,  TotalTime: 0.096  ,  Loss/total: 1.03916  ,  Loss/giou: 0.23571  ,  Loss/l1: 0.02700  ,  Loss/location: 0.40938  ,  pro_loss: 0.11678  ,  IoU: 0.78112  ,  Loss/sim: 0.00000
[train: Epoch 10, 950 / 1875] FPS: 333.3 (132.0)  ,  DataTime: 0.024 (0.007)  ,  ForwardTime: 0.065  ,  TotalTime: 0.096  ,  Loss/total: 1.03929  ,  Loss/giou: 0.23590  ,  Loss/l1: 0.02700  ,  Loss/location: 0.40903  ,  pro_loss: 0.11738  ,  IoU: 0.78101  ,  Loss/sim: 0.00000
[train: Epoch 10, 1000 / 1875] FPS: 334.3 (449.2)  ,  DataTime: 0.024 (0.007)  ,  ForwardTime: 0.065  ,  TotalTime: 0.096  ,  Loss/total: 1.03827  ,  Loss/giou: 0.23575  ,  Loss/l1: 0.02696  ,  Loss/location: 0.40859  ,  pro_loss: 0.11700  ,  IoU: 0.78110  ,  Loss/sim: 0.00000
[train: Epoch 10, 1050 / 1875] FPS: 334.8 (425.9)  ,  DataTime: 0.024 (0.007)  ,  ForwardTime: 0.065  ,  TotalTime: 0.096  ,  Loss/total: 1.03697  ,  Loss/giou: 0.23557  ,  Loss/l1: 0.02691  ,  Loss/location: 0.40788  ,  pro_loss: 0.11710  ,  IoU: 0.78129  ,  Loss/sim: 0.00000
[train: Epoch 10, 1100 / 1875] FPS: 334.1 (439.1)  ,  DataTime: 0.024 (0.007)  ,  ForwardTime: 0.065  ,  TotalTime: 0.096  ,  Loss/total: 1.03537  ,  Loss/giou: 0.23512  ,  Loss/l1: 0.02680  ,  Loss/location: 0.40759  ,  pro_loss: 0.11756  ,  IoU: 0.78160  ,  Loss/sim: 0.00000
[train: Epoch 10, 1150 / 1875] FPS: 334.3 (102.4)  ,  DataTime: 0.024 (0.007)  ,  ForwardTime: 0.065  ,  TotalTime: 0.096  ,  Loss/total: 1.03683  ,  Loss/giou: 0.23533  ,  Loss/l1: 0.02690  ,  Loss/location: 0.40820  ,  pro_loss: 0.11741  ,  IoU: 0.78144  ,  Loss/sim: 0.00000
[train: Epoch 10, 1200 / 1875] FPS: 334.2 (428.2)  ,  DataTime: 0.024 (0.007)  ,  ForwardTime: 0.065  ,  TotalTime: 0.096  ,  Loss/total: 1.03960  ,  Loss/giou: 0.23590  ,  Loss/l1: 0.02699  ,  Loss/location: 0.40941  ,  pro_loss: 0.11727  ,  IoU: 0.78099  ,  Loss/sim: 0.00000
[train: Epoch 10, 1250 / 1875] FPS: 335.9 (375.5)  ,  DataTime: 0.023 (0.007)  ,  ForwardTime: 0.065  ,  TotalTime: 0.095  ,  Loss/total: 1.04137  ,  Loss/giou: 0.23627  ,  Loss/l1: 0.02707  ,  Loss/location: 0.41007  ,  pro_loss: 0.11705  ,  IoU: 0.78066  ,  Loss/sim: 0.00000
[train: Epoch 10, 1300 / 1875] FPS: 336.3 (382.5)  ,  DataTime: 0.023 (0.007)  ,  ForwardTime: 0.065  ,  TotalTime: 0.095  ,  Loss/total: 1.04141  ,  Loss/giou: 0.23615  ,  Loss/l1: 0.02708  ,  Loss/location: 0.41031  ,  pro_loss: 0.11703  ,  IoU: 0.78072  ,  Loss/sim: 0.00000
[train: Epoch 10, 1350 / 1875] FPS: 337.2 (464.0)  ,  DataTime: 0.023 (0.007)  ,  ForwardTime: 0.065  ,  TotalTime: 0.095  ,  Loss/total: 1.03959  ,  Loss/giou: 0.23568  ,  Loss/l1: 0.02699  ,  Loss/location: 0.40991  ,  pro_loss: 0.11699  ,  IoU: 0.78112  ,  Loss/sim: 0.00000
[train: Epoch 10, 1400 / 1875] FPS: 337.3 (433.4)  ,  DataTime: 0.023 (0.007)  ,  ForwardTime: 0.065  ,  TotalTime: 0.095  ,  Loss/total: 1.03975  ,  Loss/giou: 0.23573  ,  Loss/l1: 0.02700  ,  Loss/location: 0.40987  ,  pro_loss: 0.11721  ,  IoU: 0.78104  ,  Loss/sim: 0.00000
[train: Epoch 10, 1450 / 1875] FPS: 337.9 (443.0)  ,  DataTime: 0.022 (0.007)  ,  ForwardTime: 0.065  ,  TotalTime: 0.095  ,  Loss/total: 1.04070  ,  Loss/giou: 0.23598  ,  Loss/l1: 0.02704  ,  Loss/location: 0.41008  ,  pro_loss: 0.11727  ,  IoU: 0.78085  ,  Loss/sim: 0.00000
[train: Epoch 10, 1500 / 1875] FPS: 337.9 (223.0)  ,  DataTime: 0.022 (0.007)  ,  ForwardTime: 0.065  ,  TotalTime: 0.095  ,  Loss/total: 1.03886  ,  Loss/giou: 0.23565  ,  Loss/l1: 0.02696  ,  Loss/location: 0.40930  ,  pro_loss: 0.11736  ,  IoU: 0.78114  ,  Loss/sim: 0.00000
[train: Epoch 10, 1550 / 1875] FPS: 337.9 (455.8)  ,  DataTime: 0.022 (0.007)  ,  ForwardTime: 0.065  ,  TotalTime: 0.095  ,  Loss/total: 1.03984  ,  Loss/giou: 0.23587  ,  Loss/l1: 0.02700  ,  Loss/location: 0.40962  ,  pro_loss: 0.11739  ,  IoU: 0.78099  ,  Loss/sim: 0.00000
[train: Epoch 10, 1600 / 1875] FPS: 338.4 (439.9)  ,  DataTime: 0.022 (0.007)  ,  ForwardTime: 0.065  ,  TotalTime: 0.095  ,  Loss/total: 1.04083  ,  Loss/giou: 0.23604  ,  Loss/l1: 0.02704  ,  Loss/location: 0.41011  ,  pro_loss: 0.11730  ,  IoU: 0.78084  ,  Loss/sim: 0.00000
[train: Epoch 10, 1650 / 1875] FPS: 338.2 (389.8)  ,  DataTime: 0.022 (0.007)  ,  ForwardTime: 0.065  ,  TotalTime: 0.095  ,  Loss/total: 1.04048  ,  Loss/giou: 0.23603  ,  Loss/l1: 0.02702  ,  Loss/location: 0.40989  ,  pro_loss: 0.11705  ,  IoU: 0.78084  ,  Loss/sim: 0.00000
[train: Epoch 10, 1700 / 1875] FPS: 338.8 (430.3)  ,  DataTime: 0.022 (0.007)  ,  ForwardTime: 0.065  ,  TotalTime: 0.094  ,  Loss/total: 1.04087  ,  Loss/giou: 0.23615  ,  Loss/l1: 0.02702  ,  Loss/location: 0.41002  ,  pro_loss: 0.11717  ,  IoU: 0.78080  ,  Loss/sim: 0.00000
[train: Epoch 10, 1750 / 1875] FPS: 339.2 (408.9)  ,  DataTime: 0.022 (0.007)  ,  ForwardTime: 0.065  ,  TotalTime: 0.094  ,  Loss/total: 1.04118  ,  Loss/giou: 0.23620  ,  Loss/l1: 0.02702  ,  Loss/location: 0.41023  ,  pro_loss: 0.11716  ,  IoU: 0.78080  ,  Loss/sim: 0.00000
[train: Epoch 10, 1800 / 1875] FPS: 339.8 (379.8)  ,  DataTime: 0.022 (0.007)  ,  ForwardTime: 0.066  ,  TotalTime: 0.094  ,  Loss/total: 1.04151  ,  Loss/giou: 0.23630  ,  Loss/l1: 0.02703  ,  Loss/location: 0.41032  ,  pro_loss: 0.11708  ,  IoU: 0.78070  ,  Loss/sim: 0.00000
[train: Epoch 10, 1850 / 1875] FPS: 340.0 (354.9)  ,  DataTime: 0.021 (0.007)  ,  ForwardTime: 0.066  ,  TotalTime: 0.094  ,  Loss/total: 1.04218  ,  Loss/giou: 0.23650  ,  Loss/l1: 0.02706  ,  Loss/location: 0.41048  ,  pro_loss: 0.11696  ,  IoU: 0.78053  ,  Loss/sim: 0.00000
[train: Epoch 10, 1875 / 1875] FPS: 340.5 (495.1)  ,  DataTime: 0.021 (0.007)  ,  ForwardTime: 0.066  ,  TotalTime: 0.094  ,  Loss/total: 1.04165  ,  Loss/giou: 0.23639  ,  Loss/l1: 0.02704  ,  Loss/location: 0.41030  ,  pro_loss: 0.11698  ,  IoU: 0.78059  ,  Loss/sim: 0.00000
[val: Epoch 10, 50 / 312] FPS: 79.4 (126.4)  ,  DataTime: 0.373 (0.005)  ,  ForwardTime: 0.025  ,  TotalTime: 0.403  ,  Loss/total: 0.90394  ,  Loss/giou: 0.22370  ,  Loss/l1: 0.02022  ,  Loss/location: 0.35533  ,  pro_loss: 0.00042  ,  IoU: 0.79337  ,  Loss/sim: 0.00000
[val: Epoch 10, 100 / 312] FPS: 85.3 (957.0)  ,  DataTime: 0.344 (0.006)  ,  ForwardTime: 0.025  ,  TotalTime: 0.375  ,  Loss/total: 0.92318  ,  Loss/giou: 0.22611  ,  Loss/l1: 0.02086  ,  Loss/location: 0.36655  ,  pro_loss: 0.00052  ,  IoU: 0.79152  ,  Loss/sim: 0.00000
[val: Epoch 10, 150 / 312] FPS: 86.8 (889.6)  ,  DataTime: 0.338 (0.006)  ,  ForwardTime: 0.025  ,  TotalTime: 0.369  ,  Loss/total: 0.91869  ,  Loss/giou: 0.22400  ,  Loss/l1: 0.02043  ,  Loss/location: 0.36843  ,  pro_loss: 0.00042  ,  IoU: 0.79309  ,  Loss/sim: 0.00000
[val: Epoch 10, 200 / 312] FPS: 87.5 (935.7)  ,  DataTime: 0.335 (0.006)  ,  ForwardTime: 0.025  ,  TotalTime: 0.366  ,  Loss/total: 0.92682  ,  Loss/giou: 0.22457  ,  Loss/l1: 0.02062  ,  Loss/location: 0.37453  ,  pro_loss: 0.00036  ,  IoU: 0.79260  ,  Loss/sim: 0.00000
[val: Epoch 10, 250 / 312] FPS: 88.7 (913.3)  ,  DataTime: 0.330 (0.006)  ,  ForwardTime: 0.025  ,  TotalTime: 0.361  ,  Loss/total: 0.92601  ,  Loss/giou: 0.22495  ,  Loss/l1: 0.02055  ,  Loss/location: 0.37332  ,  pro_loss: 0.00029  ,  IoU: 0.79217  ,  Loss/sim: 0.00000
[val: Epoch 10, 300 / 312] FPS: 87.2 (14.0)  ,  DataTime: 0.336 (0.006)  ,  ForwardTime: 0.025  ,  TotalTime: 0.367  ,  Loss/total: 0.91612  ,  Loss/giou: 0.22148  ,  Loss/l1: 0.02000  ,  Loss/location: 0.37313  ,  pro_loss: 0.00031  ,  IoU: 0.79459  ,  Loss/sim: 0.00000
[val: Epoch 10, 312 / 312] FPS: 89.7 (1011.9)  ,  DataTime: 0.326 (0.006)  ,  ForwardTime: 0.025  ,  TotalTime: 0.357  ,  Loss/total: 0.91380  ,  Loss/giou: 0.22087  ,  Loss/l1: 0.01990  ,  Loss/location: 0.37252  ,  pro_loss: 0.00030  ,  IoU: 0.79499  ,  Loss/sim: 0.00000
[train: Epoch 11, 50 / 1875] FPS: 55.3 (37.0)  ,  DataTime: 0.517 (0.005)  ,  ForwardTime: 0.057  ,  TotalTime: 0.579  ,  Loss/total: 0.99972  ,  Loss/giou: 0.22943  ,  Loss/l1: 0.02529  ,  Loss/location: 0.39190  ,  pro_loss: 0.11250  ,  IoU: 0.78567  ,  Loss/sim: 0.00000
[train: Epoch 11, 100 / 1875] FPS: 63.2 (499.4)  ,  DataTime: 0.445 (0.005)  ,  ForwardTime: 0.057  ,  TotalTime: 0.506  ,  Loss/total: 1.00581  ,  Loss/giou: 0.23094  ,  Loss/l1: 0.02587  ,  Loss/location: 0.39193  ,  pro_loss: 0.11323  ,  IoU: 0.78478  ,  Loss/sim: 0.00000
[train: Epoch 11, 150 / 1875] FPS: 66.3 (477.5)  ,  DataTime: 0.421 (0.005)  ,  ForwardTime: 0.057  ,  TotalTime: 0.482  ,  Loss/total: 1.02955  ,  Loss/giou: 0.23625  ,  Loss/l1: 0.02649  ,  Loss/location: 0.40118  ,  pro_loss: 0.11708  ,  IoU: 0.78063  ,  Loss/sim: 0.00000
[train: Epoch 11, 200 / 1875] FPS: 69.2 (499.1)  ,  DataTime: 0.401 (0.005)  ,  ForwardTime: 0.057  ,  TotalTime: 0.462  ,  Loss/total: 1.02659  ,  Loss/giou: 0.23479  ,  Loss/l1: 0.02630  ,  Loss/location: 0.40243  ,  pro_loss: 0.11552  ,  IoU: 0.78233  ,  Loss/sim: 0.00000
[train: Epoch 11, 250 / 1875] FPS: 70.6 (502.6)  ,  DataTime: 0.392 (0.005)  ,  ForwardTime: 0.057  ,  TotalTime: 0.453  ,  Loss/total: 1.01964  ,  Loss/giou: 0.23253  ,  Loss/l1: 0.02609  ,  Loss/location: 0.40097  ,  pro_loss: 0.11575  ,  IoU: 0.78420  ,  Loss/sim: 0.00000
[train: Epoch 11, 300 / 1875] FPS: 72.7 (500.0)  ,  DataTime: 0.379 (0.005)  ,  ForwardTime: 0.057  ,  TotalTime: 0.440  ,  Loss/total: 1.01350  ,  Loss/giou: 0.23136  ,  Loss/l1: 0.02593  ,  Loss/location: 0.39804  ,  pro_loss: 0.11549  ,  IoU: 0.78521  ,  Loss/sim: 0.00000
[train: Epoch 11, 350 / 1875] FPS: 75.8 (503.8)  ,  DataTime: 0.361 (0.005)  ,  ForwardTime: 0.057  ,  TotalTime: 0.422  ,  Loss/total: 1.01887  ,  Loss/giou: 0.23259  ,  Loss/l1: 0.02608  ,  Loss/location: 0.40030  ,  pro_loss: 0.11479  ,  IoU: 0.78410  ,  Loss/sim: 0.00000
[train: Epoch 11, 400 / 1875] FPS: 77.2 (494.7)  ,  DataTime: 0.353 (0.005)  ,  ForwardTime: 0.057  ,  TotalTime: 0.415  ,  Loss/total: 1.01973  ,  Loss/giou: 0.23288  ,  Loss/l1: 0.02620  ,  Loss/location: 0.40022  ,  pro_loss: 0.11372  ,  IoU: 0.78384  ,  Loss/sim: 0.00000
[train: Epoch 11, 450 / 1875] FPS: 78.3 (499.8)  ,  DataTime: 0.347 (0.005)  ,  ForwardTime: 0.057  ,  TotalTime: 0.408  ,  Loss/total: 1.02324  ,  Loss/giou: 0.23327  ,  Loss/l1: 0.02633  ,  Loss/location: 0.40221  ,  pro_loss: 0.11412  ,  IoU: 0.78354  ,  Loss/sim: 0.00000
[train: Epoch 11, 500 / 1875] FPS: 80.0 (41.5)  ,  DataTime: 0.338 (0.005)  ,  ForwardTime: 0.057  ,  TotalTime: 0.400  ,  Loss/total: 1.02960  ,  Loss/giou: 0.23432  ,  Loss/l1: 0.02646  ,  Loss/location: 0.40571  ,  pro_loss: 0.11469  ,  IoU: 0.78251  ,  Loss/sim: 0.00000
[train: Epoch 11, 550 / 1875] FPS: 81.0 (16.4)  ,  DataTime: 0.334 (0.005)  ,  ForwardTime: 0.057  ,  TotalTime: 0.395  ,  Loss/total: 1.03146  ,  Loss/giou: 0.23485  ,  Loss/l1: 0.02658  ,  Loss/location: 0.40589  ,  pro_loss: 0.11485  ,  IoU: 0.78198  ,  Loss/sim: 0.00000
[train: Epoch 11, 600 / 1875] FPS: 82.5 (501.4)  ,  DataTime: 0.326 (0.005)  ,  ForwardTime: 0.057  ,  TotalTime: 0.388  ,  Loss/total: 1.03533  ,  Loss/giou: 0.23543  ,  Loss/l1: 0.02670  ,  Loss/location: 0.40793  ,  pro_loss: 0.11517  ,  IoU: 0.78142  ,  Loss/sim: 0.00000
[train: Epoch 11, 650 / 1875] FPS: 84.6 (492.3)  ,  DataTime: 0.317 (0.005)  ,  ForwardTime: 0.057  ,  TotalTime: 0.378  ,  Loss/total: 1.03178  ,  Loss/giou: 0.23504  ,  Loss/l1: 0.02660  ,  Loss/location: 0.40572  ,  pro_loss: 0.11495  ,  IoU: 0.78171  ,  Loss/sim: 0.00000
[train: Epoch 11, 700 / 1875] FPS: 86.1 (500.7)  ,  DataTime: 0.310 (0.005)  ,  ForwardTime: 0.057  ,  TotalTime: 0.372  ,  Loss/total: 1.03110  ,  Loss/giou: 0.23487  ,  Loss/l1: 0.02655  ,  Loss/location: 0.40569  ,  pro_loss: 0.11455  ,  IoU: 0.78183  ,  Loss/sim: 0.00000
[train: Epoch 11, 750 / 1875] FPS: 88.0 (499.3)  ,  DataTime: 0.302 (0.005)  ,  ForwardTime: 0.057  ,  TotalTime: 0.364  ,  Loss/total: 1.03031  ,  Loss/giou: 0.23460  ,  Loss/l1: 0.02648  ,  Loss/location: 0.40578  ,  pro_loss: 0.11453  ,  IoU: 0.78204  ,  Loss/sim: 0.00000
[train: Epoch 11, 800 / 1875] FPS: 89.1 (507.7)  ,  DataTime: 0.298 (0.005)  ,  ForwardTime: 0.057  ,  TotalTime: 0.359  ,  Loss/total: 1.02930  ,  Loss/giou: 0.23448  ,  Loss/l1: 0.02645  ,  Loss/location: 0.40522  ,  pro_loss: 0.11432  ,  IoU: 0.78216  ,  Loss/sim: 0.00000
[train: Epoch 11, 850 / 1875] FPS: 90.1 (23.3)  ,  DataTime: 0.294 (0.005)  ,  ForwardTime: 0.057  ,  TotalTime: 0.355  ,  Loss/total: 1.03306  ,  Loss/giou: 0.23527  ,  Loss/l1: 0.02656  ,  Loss/location: 0.40693  ,  pro_loss: 0.11395  ,  IoU: 0.78150  ,  Loss/sim: 0.00000
[train: Epoch 11, 900 / 1875] FPS: 91.9 (500.0)  ,  DataTime: 0.287 (0.005)  ,  ForwardTime: 0.057  ,  TotalTime: 0.348  ,  Loss/total: 1.03332  ,  Loss/giou: 0.23539  ,  Loss/l1: 0.02654  ,  Loss/location: 0.40697  ,  pro_loss: 0.11439  ,  IoU: 0.78142  ,  Loss/sim: 0.00000
[train: Epoch 11, 950 / 1875] FPS: 93.4 (479.8)  ,  DataTime: 0.281 (0.005)  ,  ForwardTime: 0.057  ,  TotalTime: 0.343  ,  Loss/total: 1.03150  ,  Loss/giou: 0.23493  ,  Loss/l1: 0.02645  ,  Loss/location: 0.40655  ,  pro_loss: 0.11428  ,  IoU: 0.78186  ,  Loss/sim: 0.00000
[train: Epoch 11, 1000 / 1875] FPS: 94.8 (498.1)  ,  DataTime: 0.276 (0.005)  ,  ForwardTime: 0.057  ,  TotalTime: 0.338  ,  Loss/total: 1.03119  ,  Loss/giou: 0.23462  ,  Loss/l1: 0.02638  ,  Loss/location: 0.40724  ,  pro_loss: 0.11409  ,  IoU: 0.78208  ,  Loss/sim: 0.00000
[train: Epoch 11, 1050 / 1875] FPS: 96.0 (46.4)  ,  DataTime: 0.272 (0.005)  ,  ForwardTime: 0.057  ,  TotalTime: 0.333  ,  Loss/total: 1.03345  ,  Loss/giou: 0.23516  ,  Loss/l1: 0.02650  ,  Loss/location: 0.40783  ,  pro_loss: 0.11385  ,  IoU: 0.78164  ,  Loss/sim: 0.00000
[train: Epoch 11, 1100 / 1875] FPS: 97.3 (22.8)  ,  DataTime: 0.268 (0.005)  ,  ForwardTime: 0.057  ,  TotalTime: 0.329  ,  Loss/total: 1.03489  ,  Loss/giou: 0.23539  ,  Loss/l1: 0.02657  ,  Loss/location: 0.40858  ,  pro_loss: 0.11336  ,  IoU: 0.78144  ,  Loss/sim: 0.00000
[train: Epoch 11, 1150 / 1875] FPS: 99.0 (491.9)  ,  DataTime: 0.262 (0.005)  ,  ForwardTime: 0.057  ,  TotalTime: 0.323  ,  Loss/total: 1.03355  ,  Loss/giou: 0.23510  ,  Loss/l1: 0.02652  ,  Loss/location: 0.40811  ,  pro_loss: 0.11327  ,  IoU: 0.78159  ,  Loss/sim: 0.00000
[train: Epoch 11, 1200 / 1875] FPS: 100.6 (503.2)  ,  DataTime: 0.257 (0.005)  ,  ForwardTime: 0.057  ,  TotalTime: 0.318  ,  Loss/total: 1.03392  ,  Loss/giou: 0.23517  ,  Loss/l1: 0.02657  ,  Loss/location: 0.40813  ,  pro_loss: 0.11296  ,  IoU: 0.78154  ,  Loss/sim: 0.00000
[train: Epoch 11, 1250 / 1875] FPS: 101.7 (475.1)  ,  DataTime: 0.253 (0.005)  ,  ForwardTime: 0.057  ,  TotalTime: 0.315  ,  Loss/total: 1.03610  ,  Loss/giou: 0.23560  ,  Loss/l1: 0.02666  ,  Loss/location: 0.40901  ,  pro_loss: 0.11281  ,  IoU: 0.78116  ,  Loss/sim: 0.00000
[train: Epoch 11, 1300 / 1875] FPS: 103.0 (22.7)  ,  DataTime: 0.249 (0.005)  ,  ForwardTime: 0.057  ,  TotalTime: 0.311  ,  Loss/total: 1.03562  ,  Loss/giou: 0.23542  ,  Loss/l1: 0.02663  ,  Loss/location: 0.40908  ,  pro_loss: 0.11276  ,  IoU: 0.78130  ,  Loss/sim: 0.00000
[train: Epoch 11, 1350 / 1875] FPS: 104.4 (489.5)  ,  DataTime: 0.245 (0.005)  ,  ForwardTime: 0.057  ,  TotalTime: 0.307  ,  Loss/total: 1.03363  ,  Loss/giou: 0.23499  ,  Loss/l1: 0.02655  ,  Loss/location: 0.40835  ,  pro_loss: 0.11279  ,  IoU: 0.78166  ,  Loss/sim: 0.00000
[train: Epoch 11, 1400 / 1875] FPS: 105.7 (52.1)  ,  DataTime: 0.241 (0.005)  ,  ForwardTime: 0.057  ,  TotalTime: 0.303  ,  Loss/total: 1.03197  ,  Loss/giou: 0.23467  ,  Loss/l1: 0.02649  ,  Loss/location: 0.40762  ,  pro_loss: 0.11288  ,  IoU: 0.78191  ,  Loss/sim: 0.00000
[train: Epoch 11, 1450 / 1875] FPS: 107.2 (486.0)  ,  DataTime: 0.237 (0.005)  ,  ForwardTime: 0.057  ,  TotalTime: 0.299  ,  Loss/total: 1.03175  ,  Loss/giou: 0.23456  ,  Loss/l1: 0.02649  ,  Loss/location: 0.40762  ,  pro_loss: 0.11284  ,  IoU: 0.78202  ,  Loss/sim: 0.00000
[train: Epoch 11, 1500 / 1875] FPS: 108.5 (482.8)  ,  DataTime: 0.233 (0.005)  ,  ForwardTime: 0.057  ,  TotalTime: 0.295  ,  Loss/total: 1.03100  ,  Loss/giou: 0.23447  ,  Loss/l1: 0.02644  ,  Loss/location: 0.40733  ,  pro_loss: 0.11278  ,  IoU: 0.78207  ,  Loss/sim: 0.00000
[train: Epoch 11, 1550 / 1875] FPS: 109.7 (498.8)  ,  DataTime: 0.230 (0.005)  ,  ForwardTime: 0.057  ,  TotalTime: 0.292  ,  Loss/total: 1.03131  ,  Loss/giou: 0.23448  ,  Loss/l1: 0.02642  ,  Loss/location: 0.40771  ,  pro_loss: 0.11286  ,  IoU: 0.78200  ,  Loss/sim: 0.00000
[train: Epoch 11, 1600 / 1875] FPS: 110.9 (73.5)  ,  DataTime: 0.227 (0.005)  ,  ForwardTime: 0.057  ,  TotalTime: 0.289  ,  Loss/total: 1.03116  ,  Loss/giou: 0.23446  ,  Loss/l1: 0.02638  ,  Loss/location: 0.40774  ,  pro_loss: 0.11296  ,  IoU: 0.78200  ,  Loss/sim: 0.00000
[train: Epoch 11, 1650 / 1875] FPS: 112.0 (502.8)  ,  DataTime: 0.224 (0.005)  ,  ForwardTime: 0.057  ,  TotalTime: 0.286  ,  Loss/total: 1.03147  ,  Loss/giou: 0.23457  ,  Loss/l1: 0.02643  ,  Loss/location: 0.40760  ,  pro_loss: 0.11294  ,  IoU: 0.78194  ,  Loss/sim: 0.00000
[train: Epoch 11, 1700 / 1875] FPS: 113.3 (477.2)  ,  DataTime: 0.221 (0.005)  ,  ForwardTime: 0.057  ,  TotalTime: 0.282  ,  Loss/total: 1.03020  ,  Loss/giou: 0.23432  ,  Loss/l1: 0.02639  ,  Loss/location: 0.40703  ,  pro_loss: 0.11292  ,  IoU: 0.78214  ,  Loss/sim: 0.00000
[train: Epoch 11, 1750 / 1875] FPS: 114.5 (468.2)  ,  DataTime: 0.218 (0.005)  ,  ForwardTime: 0.057  ,  TotalTime: 0.280  ,  Loss/total: 1.03035  ,  Loss/giou: 0.23434  ,  Loss/l1: 0.02638  ,  Loss/location: 0.40716  ,  pro_loss: 0.11309  ,  IoU: 0.78215  ,  Loss/sim: 0.00000
[train: Epoch 11, 1800 / 1875] FPS: 115.8 (438.5)  ,  DataTime: 0.215 (0.005)  ,  ForwardTime: 0.057  ,  TotalTime: 0.276  ,  Loss/total: 1.03058  ,  Loss/giou: 0.23440  ,  Loss/l1: 0.02640  ,  Loss/location: 0.40719  ,  pro_loss: 0.11306  ,  IoU: 0.78214  ,  Loss/sim: 0.00000
[train: Epoch 11, 1850 / 1875] FPS: 117.0 (506.6)  ,  DataTime: 0.212 (0.005)  ,  ForwardTime: 0.057  ,  TotalTime: 0.273  ,  Loss/total: 1.03164  ,  Loss/giou: 0.23458  ,  Loss/l1: 0.02645  ,  Loss/location: 0.40759  ,  pro_loss: 0.11315  ,  IoU: 0.78197  ,  Loss/sim: 0.00000
[train: Epoch 11, 1875 / 1875] FPS: 117.7 (518.0)  ,  DataTime: 0.210 (0.005)  ,  ForwardTime: 0.057  ,  TotalTime: 0.272  ,  Loss/total: 1.03125  ,  Loss/giou: 0.23449  ,  Loss/l1: 0.02645  ,  Loss/location: 0.40741  ,  pro_loss: 0.11309  ,  IoU: 0.78204  ,  Loss/sim: 0.00000
[train: Epoch 12, 50 / 1875] FPS: 170.9 (181.7)  ,  DataTime: 0.124 (0.005)  ,  ForwardTime: 0.058  ,  TotalTime: 0.187  ,  Loss/total: 0.99181  ,  Loss/giou: 0.22714  ,  Loss/l1: 0.02530  ,  Loss/location: 0.38841  ,  pro_loss: 0.11313  ,  IoU: 0.78774  ,  Loss/sim: 0.00000
[train: Epoch 12, 100 / 1875] FPS: 165.3 (501.6)  ,  DataTime: 0.131 (0.005)  ,  ForwardTime: 0.058  ,  TotalTime: 0.194  ,  Loss/total: 1.00781  ,  Loss/giou: 0.23043  ,  Loss/l1: 0.02583  ,  Loss/location: 0.39524  ,  pro_loss: 0.11281  ,  IoU: 0.78607  ,  Loss/sim: 0.00000
[train: Epoch 12, 150 / 1875] FPS: 175.5 (39.9)  ,  DataTime: 0.119 (0.005)  ,  ForwardTime: 0.058  ,  TotalTime: 0.182  ,  Loss/total: 1.01665  ,  Loss/giou: 0.23264  ,  Loss/l1: 0.02625  ,  Loss/location: 0.39703  ,  pro_loss: 0.11549  ,  IoU: 0.78407  ,  Loss/sim: 0.00000
[train: Epoch 12, 200 / 1875] FPS: 181.3 (484.2)  ,  DataTime: 0.113 (0.005)  ,  ForwardTime: 0.058  ,  TotalTime: 0.176  ,  Loss/total: 1.03247  ,  Loss/giou: 0.23523  ,  Loss/l1: 0.02675  ,  Loss/location: 0.40494  ,  pro_loss: 0.11651  ,  IoU: 0.78174  ,  Loss/sim: 0.00000
[train: Epoch 12, 250 / 1875] FPS: 184.1 (494.1)  ,  DataTime: 0.111 (0.005)  ,  ForwardTime: 0.058  ,  TotalTime: 0.174  ,  Loss/total: 1.02817  ,  Loss/giou: 0.23345  ,  Loss/l1: 0.02663  ,  Loss/location: 0.40487  ,  pro_loss: 0.11617  ,  IoU: 0.78321  ,  Loss/sim: 0.00000
[train: Epoch 12, 300 / 1875] FPS: 188.7 (474.2)  ,  DataTime: 0.106 (0.005)  ,  ForwardTime: 0.058  ,  TotalTime: 0.170  ,  Loss/total: 1.03052  ,  Loss/giou: 0.23413  ,  Loss/l1: 0.02670  ,  Loss/location: 0.40545  ,  pro_loss: 0.11646  ,  IoU: 0.78243  ,  Loss/sim: 0.00000
[train: Epoch 12, 350 / 1875] FPS: 192.2 (454.8)  ,  DataTime: 0.103 (0.005)  ,  ForwardTime: 0.058  ,  TotalTime: 0.167  ,  Loss/total: 1.02766  ,  Loss/giou: 0.23377  ,  Loss/l1: 0.02657  ,  Loss/location: 0.40425  ,  pro_loss: 0.11515  ,  IoU: 0.78252  ,  Loss/sim: 0.00000
[train: Epoch 12, 400 / 1875] FPS: 194.9 (129.9)  ,  DataTime: 0.101 (0.005)  ,  ForwardTime: 0.058  ,  TotalTime: 0.164  ,  Loss/total: 1.02765  ,  Loss/giou: 0.23380  ,  Loss/l1: 0.02662  ,  Loss/location: 0.40402  ,  pro_loss: 0.11471  ,  IoU: 0.78272  ,  Loss/sim: 0.00000
[train: Epoch 12, 450 / 1875] FPS: 196.8 (478.5)  ,  DataTime: 0.099 (0.005)  ,  ForwardTime: 0.058  ,  TotalTime: 0.163  ,  Loss/total: 1.02942  ,  Loss/giou: 0.23415  ,  Loss/l1: 0.02670  ,  Loss/location: 0.40482  ,  pro_loss: 0.11407  ,  IoU: 0.78234  ,  Loss/sim: 0.00000
[train: Epoch 12, 500 / 1875] FPS: 198.7 (476.4)  ,  DataTime: 0.097 (0.005)  ,  ForwardTime: 0.058  ,  TotalTime: 0.161  ,  Loss/total: 1.02656  ,  Loss/giou: 0.23375  ,  Loss/l1: 0.02664  ,  Loss/location: 0.40299  ,  pro_loss: 0.11431  ,  IoU: 0.78280  ,  Loss/sim: 0.00000
[train: Epoch 12, 550 / 1875] FPS: 202.0 (474.8)  ,  DataTime: 0.095 (0.005)  ,  ForwardTime: 0.059  ,  TotalTime: 0.158  ,  Loss/total: 1.02601  ,  Loss/giou: 0.23333  ,  Loss/l1: 0.02655  ,  Loss/location: 0.40367  ,  pro_loss: 0.11466  ,  IoU: 0.78300  ,  Loss/sim: 0.00000
[train: Epoch 12, 600 / 1875] FPS: 204.6 (487.9)  ,  DataTime: 0.092 (0.005)  ,  ForwardTime: 0.059  ,  TotalTime: 0.156  ,  Loss/total: 1.03069  ,  Loss/giou: 0.23419  ,  Loss/l1: 0.02674  ,  Loss/location: 0.40562  ,  pro_loss: 0.11495  ,  IoU: 0.78225  ,  Loss/sim: 0.00000
[train: Epoch 12, 650 / 1875] FPS: 204.1 (34.3)  ,  DataTime: 0.093 (0.005)  ,  ForwardTime: 0.059  ,  TotalTime: 0.157  ,  Loss/total: 1.03130  ,  Loss/giou: 0.23422  ,  Loss/l1: 0.02683  ,  Loss/location: 0.40569  ,  pro_loss: 0.11506  ,  IoU: 0.78225  ,  Loss/sim: 0.00000
[train: Epoch 12, 700 / 1875] FPS: 206.8 (441.4)  ,  DataTime: 0.091 (0.005)  ,  ForwardTime: 0.059  ,  TotalTime: 0.155  ,  Loss/total: 1.03034  ,  Loss/giou: 0.23398  ,  Loss/l1: 0.02674  ,  Loss/location: 0.40556  ,  pro_loss: 0.11561  ,  IoU: 0.78245  ,  Loss/sim: 0.00000
[train: Epoch 12, 750 / 1875] FPS: 209.9 (486.3)  ,  DataTime: 0.088 (0.005)  ,  ForwardTime: 0.059  ,  TotalTime: 0.152  ,  Loss/total: 1.03105  ,  Loss/giou: 0.23417  ,  Loss/l1: 0.02673  ,  Loss/location: 0.40595  ,  pro_loss: 0.11546  ,  IoU: 0.78226  ,  Loss/sim: 0.00000
[train: Epoch 12, 800 / 1875] FPS: 211.6 (457.1)  ,  DataTime: 0.087 (0.005)  ,  ForwardTime: 0.059  ,  TotalTime: 0.151  ,  Loss/total: 1.02623  ,  Loss/giou: 0.23305  ,  Loss/l1: 0.02658  ,  Loss/location: 0.40420  ,  pro_loss: 0.11512  ,  IoU: 0.78323  ,  Loss/sim: 0.00000
[train: Epoch 12, 850 / 1875] FPS: 213.2 (483.4)  ,  DataTime: 0.086 (0.005)  ,  ForwardTime: 0.059  ,  TotalTime: 0.150  ,  Loss/total: 1.02816  ,  Loss/giou: 0.23349  ,  Loss/l1: 0.02664  ,  Loss/location: 0.40494  ,  pro_loss: 0.11529  ,  IoU: 0.78284  ,  Loss/sim: 0.00000
[train: Epoch 12, 900 / 1875] FPS: 214.4 (68.1)  ,  DataTime: 0.085 (0.005)  ,  ForwardTime: 0.059  ,  TotalTime: 0.149  ,  Loss/total: 1.02754  ,  Loss/giou: 0.23336  ,  Loss/l1: 0.02658  ,  Loss/location: 0.40483  ,  pro_loss: 0.11537  ,  IoU: 0.78296  ,  Loss/sim: 0.00000
[train: Epoch 12, 950 / 1875] FPS: 215.8 (469.0)  ,  DataTime: 0.084 (0.005)  ,  ForwardTime: 0.059  ,  TotalTime: 0.148  ,  Loss/total: 1.02543  ,  Loss/giou: 0.23300  ,  Loss/l1: 0.02650  ,  Loss/location: 0.40386  ,  pro_loss: 0.11544  ,  IoU: 0.78319  ,  Loss/sim: 0.00000
[train: Epoch 12, 1000 / 1875] FPS: 217.9 (455.6)  ,  DataTime: 0.082 (0.005)  ,  ForwardTime: 0.059  ,  TotalTime: 0.147  ,  Loss/total: 1.02451  ,  Loss/giou: 0.23283  ,  Loss/l1: 0.02651  ,  Loss/location: 0.40311  ,  pro_loss: 0.11584  ,  IoU: 0.78340  ,  Loss/sim: 0.00000
[train: Epoch 12, 1050 / 1875] FPS: 219.0 (453.9)  ,  DataTime: 0.082 (0.005)  ,  ForwardTime: 0.059  ,  TotalTime: 0.146  ,  Loss/total: 1.02275  ,  Loss/giou: 0.23250  ,  Loss/l1: 0.02642  ,  Loss/location: 0.40253  ,  pro_loss: 0.11553  ,  IoU: 0.78371  ,  Loss/sim: 0.00000
[train: Epoch 12, 1100 / 1875] FPS: 220.3 (63.1)  ,  DataTime: 0.081 (0.005)  ,  ForwardTime: 0.059  ,  TotalTime: 0.145  ,  Loss/total: 1.02671  ,  Loss/giou: 0.23340  ,  Loss/l1: 0.02659  ,  Loss/location: 0.40386  ,  pro_loss: 0.11552  ,  IoU: 0.78300  ,  Loss/sim: 0.00000
[train: Epoch 12, 1150 / 1875] FPS: 222.1 (465.7)  ,  DataTime: 0.079 (0.005)  ,  ForwardTime: 0.059  ,  TotalTime: 0.144  ,  Loss/total: 1.02547  ,  Loss/giou: 0.23303  ,  Loss/l1: 0.02654  ,  Loss/location: 0.40362  ,  pro_loss: 0.11552  ,  IoU: 0.78329  ,  Loss/sim: 0.00000
[train: Epoch 12, 1200 / 1875] FPS: 223.9 (455.8)  ,  DataTime: 0.078 (0.005)  ,  ForwardTime: 0.059  ,  TotalTime: 0.143  ,  Loss/total: 1.02466  ,  Loss/giou: 0.23281  ,  Loss/l1: 0.02648  ,  Loss/location: 0.40356  ,  pro_loss: 0.11537  ,  IoU: 0.78344  ,  Loss/sim: 0.00000
[train: Epoch 12, 1250 / 1875] FPS: 225.4 (113.5)  ,  DataTime: 0.077 (0.006)  ,  ForwardTime: 0.059  ,  TotalTime: 0.142  ,  Loss/total: 1.02581  ,  Loss/giou: 0.23302  ,  Loss/l1: 0.02651  ,  Loss/location: 0.40413  ,  pro_loss: 0.11540  ,  IoU: 0.78321  ,  Loss/sim: 0.00000
[train: Epoch 12, 1300 / 1875] FPS: 226.1 (433.4)  ,  DataTime: 0.077 (0.006)  ,  ForwardTime: 0.059  ,  TotalTime: 0.142  ,  Loss/total: 1.02750  ,  Loss/giou: 0.23339  ,  Loss/l1: 0.02658  ,  Loss/location: 0.40475  ,  pro_loss: 0.11526  ,  IoU: 0.78290  ,  Loss/sim: 0.00000
[train: Epoch 12, 1350 / 1875] FPS: 228.3 (477.3)  ,  DataTime: 0.075 (0.006)  ,  ForwardTime: 0.059  ,  TotalTime: 0.140  ,  Loss/total: 1.02755  ,  Loss/giou: 0.23333  ,  Loss/l1: 0.02659  ,  Loss/location: 0.40492  ,  pro_loss: 0.11519  ,  IoU: 0.78299  ,  Loss/sim: 0.00000
[train: Epoch 12, 1400 / 1875] FPS: 229.7 (321.8)  ,  DataTime: 0.074 (0.006)  ,  ForwardTime: 0.059  ,  TotalTime: 0.139  ,  Loss/total: 1.02598  ,  Loss/giou: 0.23306  ,  Loss/l1: 0.02651  ,  Loss/location: 0.40430  ,  pro_loss: 0.11493  ,  IoU: 0.78315  ,  Loss/sim: 0.00000
[train: Epoch 12, 1450 / 1875] FPS: 230.6 (127.6)  ,  DataTime: 0.074 (0.006)  ,  ForwardTime: 0.060  ,  TotalTime: 0.139  ,  Loss/total: 1.02590  ,  Loss/giou: 0.23310  ,  Loss/l1: 0.02654  ,  Loss/location: 0.40405  ,  pro_loss: 0.11486  ,  IoU: 0.78320  ,  Loss/sim: 0.00000
[train: Epoch 12, 1500 / 1875] FPS: 232.1 (429.2)  ,  DataTime: 0.073 (0.006)  ,  ForwardTime: 0.060  ,  TotalTime: 0.138  ,  Loss/total: 1.02561  ,  Loss/giou: 0.23311  ,  Loss/l1: 0.02653  ,  Loss/location: 0.40377  ,  pro_loss: 0.11482  ,  IoU: 0.78321  ,  Loss/sim: 0.00000
[train: Epoch 12, 1550 / 1875] FPS: 233.5 (474.8)  ,  DataTime: 0.072 (0.006)  ,  ForwardTime: 0.060  ,  TotalTime: 0.137  ,  Loss/total: 1.02485  ,  Loss/giou: 0.23285  ,  Loss/l1: 0.02648  ,  Loss/location: 0.40378  ,  pro_loss: 0.11487  ,  IoU: 0.78340  ,  Loss/sim: 0.00000
[train: Epoch 12, 1600 / 1875] FPS: 234.7 (127.0)  ,  DataTime: 0.071 (0.006)  ,  ForwardTime: 0.060  ,  TotalTime: 0.136  ,  Loss/total: 1.02500  ,  Loss/giou: 0.23282  ,  Loss/l1: 0.02648  ,  Loss/location: 0.40403  ,  pro_loss: 0.11471  ,  IoU: 0.78346  ,  Loss/sim: 0.00000
[train: Epoch 12, 1650 / 1875] FPS: 235.8 (93.4)  ,  DataTime: 0.070 (0.006)  ,  ForwardTime: 0.060  ,  TotalTime: 0.136  ,  Loss/total: 1.02549  ,  Loss/giou: 0.23288  ,  Loss/l1: 0.02652  ,  Loss/location: 0.40425  ,  pro_loss: 0.11451  ,  IoU: 0.78347  ,  Loss/sim: 0.00000
[train: Epoch 12, 1700 / 1875] FPS: 236.9 (457.9)  ,  DataTime: 0.070 (0.006)  ,  ForwardTime: 0.060  ,  TotalTime: 0.135  ,  Loss/total: 1.02458  ,  Loss/giou: 0.23275  ,  Loss/l1: 0.02650  ,  Loss/location: 0.40368  ,  pro_loss: 0.11443  ,  IoU: 0.78358  ,  Loss/sim: 0.00000
[train: Epoch 12, 1750 / 1875] FPS: 238.2 (440.2)  ,  DataTime: 0.069 (0.006)  ,  ForwardTime: 0.060  ,  TotalTime: 0.134  ,  Loss/total: 1.02689  ,  Loss/giou: 0.23326  ,  Loss/l1: 0.02660  ,  Loss/location: 0.40454  ,  pro_loss: 0.11433  ,  IoU: 0.78320  ,  Loss/sim: 0.00000
[train: Epoch 12, 1800 / 1875] FPS: 239.3 (423.2)  ,  DataTime: 0.068 (0.006)  ,  ForwardTime: 0.060  ,  TotalTime: 0.134  ,  Loss/total: 1.02590  ,  Loss/giou: 0.23311  ,  Loss/l1: 0.02657  ,  Loss/location: 0.40405  ,  pro_loss: 0.11397  ,  IoU: 0.78331  ,  Loss/sim: 0.00000
[train: Epoch 12, 1850 / 1875] FPS: 240.2 (443.6)  ,  DataTime: 0.068 (0.006)  ,  ForwardTime: 0.060  ,  TotalTime: 0.133  ,  Loss/total: 1.02623  ,  Loss/giou: 0.23317  ,  Loss/l1: 0.02657  ,  Loss/location: 0.40423  ,  pro_loss: 0.11396  ,  IoU: 0.78330  ,  Loss/sim: 0.00000
[train: Epoch 12, 1875 / 1875] FPS: 240.9 (497.7)  ,  DataTime: 0.067 (0.006)  ,  ForwardTime: 0.060  ,  TotalTime: 0.133  ,  Loss/total: 1.02590  ,  Loss/giou: 0.23309  ,  Loss/l1: 0.02656  ,  Loss/location: 0.40416  ,  pro_loss: 0.11387  ,  IoU: 0.78335  ,  Loss/sim: 0.00000
[train: Epoch 13, 50 / 1875] FPS: 237.8 (477.5)  ,  DataTime: 0.066 (0.006)  ,  ForwardTime: 0.062  ,  TotalTime: 0.135  ,  Loss/total: 0.96008  ,  Loss/giou: 0.21802  ,  Loss/l1: 0.02373  ,  Loss/location: 0.38160  ,  pro_loss: 0.11896  ,  IoU: 0.79631  ,  Loss/sim: 0.00000
[train: Epoch 13, 100 / 1875] FPS: 267.2 (398.3)  ,  DataTime: 0.051 (0.006)  ,  ForwardTime: 0.062  ,  TotalTime: 0.120  ,  Loss/total: 1.01034  ,  Loss/giou: 0.23104  ,  Loss/l1: 0.02593  ,  Loss/location: 0.39615  ,  pro_loss: 0.11240  ,  IoU: 0.78537  ,  Loss/sim: 0.00000
[train: Epoch 13, 150 / 1875] FPS: 270.8 (460.5)  ,  DataTime: 0.050 (0.006)  ,  ForwardTime: 0.062  ,  TotalTime: 0.118  ,  Loss/total: 1.00876  ,  Loss/giou: 0.23017  ,  Loss/l1: 0.02603  ,  Loss/location: 0.39579  ,  pro_loss: 0.11229  ,  IoU: 0.78589  ,  Loss/sim: 0.00000
[train: Epoch 13, 200 / 1875] FPS: 277.8 (467.8)  ,  DataTime: 0.047 (0.006)  ,  ForwardTime: 0.062  ,  TotalTime: 0.115  ,  Loss/total: 1.01145  ,  Loss/giou: 0.23125  ,  Loss/l1: 0.02608  ,  Loss/location: 0.39636  ,  pro_loss: 0.11089  ,  IoU: 0.78555  ,  Loss/sim: 0.00000
[train: Epoch 13, 250 / 1875] FPS: 284.7 (468.2)  ,  DataTime: 0.044 (0.006)  ,  ForwardTime: 0.062  ,  TotalTime: 0.112  ,  Loss/total: 1.00608  ,  Loss/giou: 0.22950  ,  Loss/l1: 0.02567  ,  Loss/location: 0.39644  ,  pro_loss: 0.11138  ,  IoU: 0.78706  ,  Loss/sim: 0.00000
[train: Epoch 13, 300 / 1875] FPS: 283.3 (434.9)  ,  DataTime: 0.045 (0.006)  ,  ForwardTime: 0.062  ,  TotalTime: 0.113  ,  Loss/total: 1.00682  ,  Loss/giou: 0.22983  ,  Loss/l1: 0.02553  ,  Loss/location: 0.39705  ,  pro_loss: 0.11222  ,  IoU: 0.78680  ,  Loss/sim: 0.00000
[train: Epoch 13, 350 / 1875] FPS: 283.7 (445.4)  ,  DataTime: 0.045 (0.006)  ,  ForwardTime: 0.062  ,  TotalTime: 0.113  ,  Loss/total: 1.00592  ,  Loss/giou: 0.22994  ,  Loss/l1: 0.02554  ,  Loss/location: 0.39608  ,  pro_loss: 0.11122  ,  IoU: 0.78652  ,  Loss/sim: 0.00000
[train: Epoch 13, 400 / 1875] FPS: 289.8 (443.7)  ,  DataTime: 0.042 (0.006)  ,  ForwardTime: 0.062  ,  TotalTime: 0.110  ,  Loss/total: 1.00661  ,  Loss/giou: 0.23013  ,  Loss/l1: 0.02561  ,  Loss/location: 0.39603  ,  pro_loss: 0.11135  ,  IoU: 0.78626  ,  Loss/sim: 0.00000
[train: Epoch 13, 450 / 1875] FPS: 289.7 (436.1)  ,  DataTime: 0.042 (0.006)  ,  ForwardTime: 0.062  ,  TotalTime: 0.110  ,  Loss/total: 1.01193  ,  Loss/giou: 0.23130  ,  Loss/l1: 0.02581  ,  Loss/location: 0.39801  ,  pro_loss: 0.11137  ,  IoU: 0.78542  ,  Loss/sim: 0.00000
[train: Epoch 13, 500 / 1875] FPS: 290.6 (380.3)  ,  DataTime: 0.042 (0.006)  ,  ForwardTime: 0.062  ,  TotalTime: 0.110  ,  Loss/total: 1.01264  ,  Loss/giou: 0.23149  ,  Loss/l1: 0.02578  ,  Loss/location: 0.39845  ,  pro_loss: 0.11169  ,  IoU: 0.78535  ,  Loss/sim: 0.00000
[train: Epoch 13, 550 / 1875] FPS: 291.3 (454.4)  ,  DataTime: 0.042 (0.006)  ,  ForwardTime: 0.062  ,  TotalTime: 0.110  ,  Loss/total: 1.01137  ,  Loss/giou: 0.23132  ,  Loss/l1: 0.02574  ,  Loss/location: 0.39757  ,  pro_loss: 0.11227  ,  IoU: 0.78549  ,  Loss/sim: 0.00000
[train: Epoch 13, 600 / 1875] FPS: 292.6 (171.4)  ,  DataTime: 0.041 (0.006)  ,  ForwardTime: 0.062  ,  TotalTime: 0.109  ,  Loss/total: 1.01469  ,  Loss/giou: 0.23166  ,  Loss/l1: 0.02589  ,  Loss/location: 0.39946  ,  pro_loss: 0.11226  ,  IoU: 0.78526  ,  Loss/sim: 0.00000
[train: Epoch 13, 650 / 1875] FPS: 295.6 (441.9)  ,  DataTime: 0.040 (0.006)  ,  ForwardTime: 0.062  ,  TotalTime: 0.108  ,  Loss/total: 1.01675  ,  Loss/giou: 0.23191  ,  Loss/l1: 0.02592  ,  Loss/location: 0.40085  ,  pro_loss: 0.11248  ,  IoU: 0.78487  ,  Loss/sim: 0.00000
[train: Epoch 13, 700 / 1875] FPS: 296.3 (424.6)  ,  DataTime: 0.040 (0.006)  ,  ForwardTime: 0.062  ,  TotalTime: 0.108  ,  Loss/total: 1.01447  ,  Loss/giou: 0.23117  ,  Loss/l1: 0.02579  ,  Loss/location: 0.40073  ,  pro_loss: 0.11231  ,  IoU: 0.78544  ,  Loss/sim: 0.00000
[train: Epoch 13, 750 / 1875] FPS: 298.2 (428.0)  ,  DataTime: 0.039 (0.006)  ,  ForwardTime: 0.062  ,  TotalTime: 0.107  ,  Loss/total: 1.02027  ,  Loss/giou: 0.23222  ,  Loss/l1: 0.02599  ,  Loss/location: 0.40335  ,  pro_loss: 0.11260  ,  IoU: 0.78462  ,  Loss/sim: 0.00000
[train: Epoch 13, 800 / 1875] FPS: 299.1 (173.8)  ,  DataTime: 0.038 (0.006)  ,  ForwardTime: 0.062  ,  TotalTime: 0.107  ,  Loss/total: 1.01955  ,  Loss/giou: 0.23227  ,  Loss/l1: 0.02593  ,  Loss/location: 0.40273  ,  pro_loss: 0.11319  ,  IoU: 0.78463  ,  Loss/sim: 0.00000
[train: Epoch 13, 850 / 1875] FPS: 300.5 (454.0)  ,  DataTime: 0.038 (0.006)  ,  ForwardTime: 0.062  ,  TotalTime: 0.107  ,  Loss/total: 1.02311  ,  Loss/giou: 0.23297  ,  Loss/l1: 0.02608  ,  Loss/location: 0.40414  ,  pro_loss: 0.11316  ,  IoU: 0.78409  ,  Loss/sim: 0.00000
[train: Epoch 13, 900 / 1875] FPS: 302.5 (439.0)  ,  DataTime: 0.037 (0.006)  ,  ForwardTime: 0.062  ,  TotalTime: 0.106  ,  Loss/total: 1.02040  ,  Loss/giou: 0.23251  ,  Loss/l1: 0.02600  ,  Loss/location: 0.40273  ,  pro_loss: 0.11322  ,  IoU: 0.78443  ,  Loss/sim: 0.00000
[train: Epoch 13, 950 / 1875] FPS: 303.1 (208.2)  ,  DataTime: 0.037 (0.006)  ,  ForwardTime: 0.062  ,  TotalTime: 0.106  ,  Loss/total: 1.01774  ,  Loss/giou: 0.23198  ,  Loss/l1: 0.02592  ,  Loss/location: 0.40150  ,  pro_loss: 0.11338  ,  IoU: 0.78486  ,  Loss/sim: 0.00000
[train: Epoch 13, 1000 / 1875] FPS: 303.6 (442.6)  ,  DataTime: 0.036 (0.006)  ,  ForwardTime: 0.063  ,  TotalTime: 0.105  ,  Loss/total: 1.01800  ,  Loss/giou: 0.23201  ,  Loss/l1: 0.02595  ,  Loss/location: 0.40150  ,  pro_loss: 0.11360  ,  IoU: 0.78485  ,  Loss/sim: 0.00000
[train: Epoch 13, 1050 / 1875] FPS: 304.0 (462.7)  ,  DataTime: 0.036 (0.006)  ,  ForwardTime: 0.063  ,  TotalTime: 0.105  ,  Loss/total: 1.01881  ,  Loss/giou: 0.23216  ,  Loss/l1: 0.02599  ,  Loss/location: 0.40177  ,  pro_loss: 0.11377  ,  IoU: 0.78473  ,  Loss/sim: 0.00000
[train: Epoch 13, 1100 / 1875] FPS: 305.2 (432.7)  ,  DataTime: 0.036 (0.006)  ,  ForwardTime: 0.063  ,  TotalTime: 0.105  ,  Loss/total: 1.02009  ,  Loss/giou: 0.23243  ,  Loss/l1: 0.02606  ,  Loss/location: 0.40222  ,  pro_loss: 0.11357  ,  IoU: 0.78449  ,  Loss/sim: 0.00000
[train: Epoch 13, 1150 / 1875] FPS: 305.8 (443.8)  ,  DataTime: 0.036 (0.006)  ,  ForwardTime: 0.063  ,  TotalTime: 0.105  ,  Loss/total: 1.02158  ,  Loss/giou: 0.23262  ,  Loss/l1: 0.02613  ,  Loss/location: 0.40301  ,  pro_loss: 0.11331  ,  IoU: 0.78425  ,  Loss/sim: 0.00000
[train: Epoch 13, 1200 / 1875] FPS: 306.5 (162.3)  ,  DataTime: 0.035 (0.006)  ,  ForwardTime: 0.063  ,  TotalTime: 0.104  ,  Loss/total: 1.02078  ,  Loss/giou: 0.23231  ,  Loss/l1: 0.02608  ,  Loss/location: 0.40313  ,  pro_loss: 0.11318  ,  IoU: 0.78444  ,  Loss/sim: 0.00000
[train: Epoch 13, 1250 / 1875] FPS: 307.5 (457.6)  ,  DataTime: 0.035 (0.006)  ,  ForwardTime: 0.063  ,  TotalTime: 0.104  ,  Loss/total: 1.02128  ,  Loss/giou: 0.23235  ,  Loss/l1: 0.02610  ,  Loss/location: 0.40349  ,  pro_loss: 0.11311  ,  IoU: 0.78441  ,  Loss/sim: 0.00000
[train: Epoch 13, 1300 / 1875] FPS: 307.8 (445.7)  ,  DataTime: 0.035 (0.006)  ,  ForwardTime: 0.063  ,  TotalTime: 0.104  ,  Loss/total: 1.02176  ,  Loss/giou: 0.23240  ,  Loss/l1: 0.02613  ,  Loss/location: 0.40373  ,  pro_loss: 0.11302  ,  IoU: 0.78431  ,  Loss/sim: 0.00000
[train: Epoch 13, 1350 / 1875] FPS: 308.0 (426.5)  ,  DataTime: 0.035 (0.006)  ,  ForwardTime: 0.063  ,  TotalTime: 0.104  ,  Loss/total: 1.02268  ,  Loss/giou: 0.23257  ,  Loss/l1: 0.02617  ,  Loss/location: 0.40408  ,  pro_loss: 0.11313  ,  IoU: 0.78419  ,  Loss/sim: 0.00000
[train: Epoch 13, 1400 / 1875] FPS: 309.3 (366.5)  ,  DataTime: 0.034 (0.006)  ,  ForwardTime: 0.063  ,  TotalTime: 0.103  ,  Loss/total: 1.02261  ,  Loss/giou: 0.23256  ,  Loss/l1: 0.02616  ,  Loss/location: 0.40408  ,  pro_loss: 0.11317  ,  IoU: 0.78413  ,  Loss/sim: 0.00000
[train: Epoch 13, 1450 / 1875] FPS: 309.2 (442.2)  ,  DataTime: 0.034 (0.007)  ,  ForwardTime: 0.063  ,  TotalTime: 0.104  ,  Loss/total: 1.02167  ,  Loss/giou: 0.23244  ,  Loss/l1: 0.02613  ,  Loss/location: 0.40351  ,  pro_loss: 0.11324  ,  IoU: 0.78421  ,  Loss/sim: 0.00000
[train: Epoch 13, 1500 / 1875] FPS: 309.8 (460.4)  ,  DataTime: 0.034 (0.007)  ,  ForwardTime: 0.063  ,  TotalTime: 0.103  ,  Loss/total: 1.02160  ,  Loss/giou: 0.23231  ,  Loss/l1: 0.02609  ,  Loss/location: 0.40392  ,  pro_loss: 0.11306  ,  IoU: 0.78431  ,  Loss/sim: 0.00000
[train: Epoch 13, 1550 / 1875] FPS: 310.5 (396.0)  ,  DataTime: 0.034 (0.007)  ,  ForwardTime: 0.063  ,  TotalTime: 0.103  ,  Loss/total: 1.02181  ,  Loss/giou: 0.23225  ,  Loss/l1: 0.02606  ,  Loss/location: 0.40439  ,  pro_loss: 0.11302  ,  IoU: 0.78435  ,  Loss/sim: 0.00000
[train: Epoch 13, 1600 / 1875] FPS: 311.5 (454.2)  ,  DataTime: 0.033 (0.007)  ,  ForwardTime: 0.063  ,  TotalTime: 0.103  ,  Loss/total: 1.02291  ,  Loss/giou: 0.23249  ,  Loss/l1: 0.02612  ,  Loss/location: 0.40479  ,  pro_loss: 0.11271  ,  IoU: 0.78410  ,  Loss/sim: 0.00000
[train: Epoch 13, 1650 / 1875] FPS: 311.5 (445.1)  ,  DataTime: 0.033 (0.007)  ,  ForwardTime: 0.063  ,  TotalTime: 0.103  ,  Loss/total: 1.02262  ,  Loss/giou: 0.23239  ,  Loss/l1: 0.02611  ,  Loss/location: 0.40470  ,  pro_loss: 0.11284  ,  IoU: 0.78420  ,  Loss/sim: 0.00000
[train: Epoch 13, 1700 / 1875] FPS: 312.5 (418.6)  ,  DataTime: 0.033 (0.007)  ,  ForwardTime: 0.063  ,  TotalTime: 0.102  ,  Loss/total: 1.02343  ,  Loss/giou: 0.23266  ,  Loss/l1: 0.02618  ,  Loss/location: 0.40470  ,  pro_loss: 0.11265  ,  IoU: 0.78405  ,  Loss/sim: 0.00000
[train: Epoch 13, 1750 / 1875] FPS: 312.8 (426.4)  ,  DataTime: 0.033 (0.007)  ,  ForwardTime: 0.063  ,  TotalTime: 0.102  ,  Loss/total: 1.02122  ,  Loss/giou: 0.23219  ,  Loss/l1: 0.02611  ,  Loss/location: 0.40374  ,  pro_loss: 0.11269  ,  IoU: 0.78447  ,  Loss/sim: 0.00000
[train: Epoch 13, 1800 / 1875] FPS: 313.2 (436.5)  ,  DataTime: 0.033 (0.007)  ,  ForwardTime: 0.063  ,  TotalTime: 0.102  ,  Loss/total: 1.02166  ,  Loss/giou: 0.23223  ,  Loss/l1: 0.02613  ,  Loss/location: 0.40400  ,  pro_loss: 0.11277  ,  IoU: 0.78440  ,  Loss/sim: 0.00000
[train: Epoch 13, 1850 / 1875] FPS: 314.2 (327.1)  ,  DataTime: 0.032 (0.007)  ,  ForwardTime: 0.063  ,  TotalTime: 0.102  ,  Loss/total: 1.02076  ,  Loss/giou: 0.23205  ,  Loss/l1: 0.02609  ,  Loss/location: 0.40366  ,  pro_loss: 0.11278  ,  IoU: 0.78453  ,  Loss/sim: 0.00000
[train: Epoch 13, 1875 / 1875] FPS: 314.9 (500.1)  ,  DataTime: 0.032 (0.007)  ,  ForwardTime: 0.063  ,  TotalTime: 0.102  ,  Loss/total: 1.02031  ,  Loss/giou: 0.23191  ,  Loss/l1: 0.02607  ,  Loss/location: 0.40359  ,  pro_loss: 0.11262  ,  IoU: 0.78464  ,  Loss/sim: 0.00000
[train: Epoch 14, 50 / 1875] FPS: 281.9 (437.5)  ,  DataTime: 0.042 (0.007)  ,  ForwardTime: 0.065  ,  TotalTime: 0.114  ,  Loss/total: 1.02418  ,  Loss/giou: 0.23345  ,  Loss/l1: 0.02579  ,  Loss/location: 0.40521  ,  pro_loss: 0.11563  ,  IoU: 0.78382  ,  Loss/sim: 0.00000
[train: Epoch 14, 100 / 1875] FPS: 304.0 (389.9)  ,  DataTime: 0.034 (0.007)  ,  ForwardTime: 0.065  ,  TotalTime: 0.105  ,  Loss/total: 1.02854  ,  Loss/giou: 0.23536  ,  Loss/l1: 0.02638  ,  Loss/location: 0.40322  ,  pro_loss: 0.11354  ,  IoU: 0.78224  ,  Loss/sim: 0.00000
[train: Epoch 14, 150 / 1875] FPS: 316.6 (414.2)  ,  DataTime: 0.029 (0.007)  ,  ForwardTime: 0.065  ,  TotalTime: 0.101  ,  Loss/total: 1.03076  ,  Loss/giou: 0.23439  ,  Loss/l1: 0.02647  ,  Loss/location: 0.40691  ,  pro_loss: 0.11361  ,  IoU: 0.78260  ,  Loss/sim: 0.00000
[train: Epoch 14, 200 / 1875] FPS: 322.5 (431.4)  ,  DataTime: 0.028 (0.007)  ,  ForwardTime: 0.064  ,  TotalTime: 0.099  ,  Loss/total: 1.01804  ,  Loss/giou: 0.23155  ,  Loss/l1: 0.02599  ,  Loss/location: 0.40254  ,  pro_loss: 0.11224  ,  IoU: 0.78472  ,  Loss/sim: 0.00000
[train: Epoch 14, 250 / 1875] FPS: 323.1 (444.2)  ,  DataTime: 0.027 (0.007)  ,  ForwardTime: 0.065  ,  TotalTime: 0.099  ,  Loss/total: 1.02251  ,  Loss/giou: 0.23311  ,  Loss/l1: 0.02602  ,  Loss/location: 0.40387  ,  pro_loss: 0.11154  ,  IoU: 0.78355  ,  Loss/sim: 0.00000
[train: Epoch 14, 300 / 1875] FPS: 324.3 (439.9)  ,  DataTime: 0.027 (0.007)  ,  ForwardTime: 0.065  ,  TotalTime: 0.099  ,  Loss/total: 1.02772  ,  Loss/giou: 0.23394  ,  Loss/l1: 0.02627  ,  Loss/location: 0.40639  ,  pro_loss: 0.11063  ,  IoU: 0.78280  ,  Loss/sim: 0.00000
[train: Epoch 14, 350 / 1875] FPS: 328.2 (448.4)  ,  DataTime: 0.026 (0.007)  ,  ForwardTime: 0.065  ,  TotalTime: 0.098  ,  Loss/total: 1.02928  ,  Loss/giou: 0.23428  ,  Loss/l1: 0.02642  ,  Loss/location: 0.40626  ,  pro_loss: 0.11164  ,  IoU: 0.78269  ,  Loss/sim: 0.00000
[train: Epoch 14, 400 / 1875] FPS: 329.7 (386.8)  ,  DataTime: 0.025 (0.007)  ,  ForwardTime: 0.065  ,  TotalTime: 0.097  ,  Loss/total: 1.03417  ,  Loss/giou: 0.23547  ,  Loss/l1: 0.02666  ,  Loss/location: 0.40749  ,  pro_loss: 0.11224  ,  IoU: 0.78156  ,  Loss/sim: 0.00000
[train: Epoch 14, 450 / 1875] FPS: 330.6 (401.0)  ,  DataTime: 0.025 (0.007)  ,  ForwardTime: 0.065  ,  TotalTime: 0.097  ,  Loss/total: 1.02937  ,  Loss/giou: 0.23456  ,  Loss/l1: 0.02642  ,  Loss/location: 0.40573  ,  pro_loss: 0.11213  ,  IoU: 0.78241  ,  Loss/sim: 0.00000
[train: Epoch 14, 500 / 1875] FPS: 331.1 (346.4)  ,  DataTime: 0.025 (0.007)  ,  ForwardTime: 0.065  ,  TotalTime: 0.097  ,  Loss/total: 1.02513  ,  Loss/giou: 0.23353  ,  Loss/l1: 0.02623  ,  Loss/location: 0.40451  ,  pro_loss: 0.11221  ,  IoU: 0.78327  ,  Loss/sim: 0.00000
[train: Epoch 14, 550 / 1875] FPS: 335.4 (433.6)  ,  DataTime: 0.024 (0.007)  ,  ForwardTime: 0.065  ,  TotalTime: 0.095  ,  Loss/total: 1.02620  ,  Loss/giou: 0.23353  ,  Loss/l1: 0.02622  ,  Loss/location: 0.40563  ,  pro_loss: 0.11199  ,  IoU: 0.78328  ,  Loss/sim: 0.00000
[train: Epoch 14, 600 / 1875] FPS: 336.3 (394.0)  ,  DataTime: 0.023 (0.007)  ,  ForwardTime: 0.065  ,  TotalTime: 0.095  ,  Loss/total: 1.02716  ,  Loss/giou: 0.23381  ,  Loss/l1: 0.02621  ,  Loss/location: 0.40603  ,  pro_loss: 0.11226  ,  IoU: 0.78302  ,  Loss/sim: 0.00000
[train: Epoch 14, 650 / 1875] FPS: 336.7 (440.2)  ,  DataTime: 0.023 (0.007)  ,  ForwardTime: 0.065  ,  TotalTime: 0.095  ,  Loss/total: 1.02957  ,  Loss/giou: 0.23443  ,  Loss/l1: 0.02639  ,  Loss/location: 0.40635  ,  pro_loss: 0.11210  ,  IoU: 0.78267  ,  Loss/sim: 0.00000
[train: Epoch 14, 700 / 1875] FPS: 337.1 (368.2)  ,  DataTime: 0.023 (0.007)  ,  ForwardTime: 0.065  ,  TotalTime: 0.095  ,  Loss/total: 1.02950  ,  Loss/giou: 0.23454  ,  Loss/l1: 0.02638  ,  Loss/location: 0.40604  ,  pro_loss: 0.11238  ,  IoU: 0.78255  ,  Loss/sim: 0.00000
[train: Epoch 14, 750 / 1875] FPS: 336.9 (432.1)  ,  DataTime: 0.023 (0.007)  ,  ForwardTime: 0.065  ,  TotalTime: 0.095  ,  Loss/total: 1.02810  ,  Loss/giou: 0.23416  ,  Loss/l1: 0.02630  ,  Loss/location: 0.40581  ,  pro_loss: 0.11232  ,  IoU: 0.78283  ,  Loss/sim: 0.00000
[train: Epoch 14, 800 / 1875] FPS: 337.5 (443.1)  ,  DataTime: 0.023 (0.007)  ,  ForwardTime: 0.065  ,  TotalTime: 0.095  ,  Loss/total: 1.02599  ,  Loss/giou: 0.23363  ,  Loss/l1: 0.02624  ,  Loss/location: 0.40511  ,  pro_loss: 0.11220  ,  IoU: 0.78326  ,  Loss/sim: 0.00000
[train: Epoch 14, 850 / 1875] FPS: 338.5 (440.0)  ,  DataTime: 0.023 (0.007)  ,  ForwardTime: 0.065  ,  TotalTime: 0.095  ,  Loss/total: 1.02576  ,  Loss/giou: 0.23341  ,  Loss/l1: 0.02619  ,  Loss/location: 0.40553  ,  pro_loss: 0.11224  ,  IoU: 0.78340  ,  Loss/sim: 0.00000
[train: Epoch 14, 900 / 1875] FPS: 338.9 (329.5)  ,  DataTime: 0.022 (0.007)  ,  ForwardTime: 0.065  ,  TotalTime: 0.094  ,  Loss/total: 1.02827  ,  Loss/giou: 0.23389  ,  Loss/l1: 0.02625  ,  Loss/location: 0.40681  ,  pro_loss: 0.11213  ,  IoU: 0.78307  ,  Loss/sim: 0.00000
[train: Epoch 14, 950 / 1875] FPS: 338.5 (444.1)  ,  DataTime: 0.023 (0.007)  ,  ForwardTime: 0.065  ,  TotalTime: 0.095  ,  Loss/total: 1.02706  ,  Loss/giou: 0.23364  ,  Loss/l1: 0.02621  ,  Loss/location: 0.40627  ,  pro_loss: 0.11230  ,  IoU: 0.78331  ,  Loss/sim: 0.00000
[train: Epoch 14, 1000 / 1875] FPS: 340.2 (379.4)  ,  DataTime: 0.022 (0.007)  ,  ForwardTime: 0.065  ,  TotalTime: 0.094  ,  Loss/total: 1.02745  ,  Loss/giou: 0.23375  ,  Loss/l1: 0.02625  ,  Loss/location: 0.40632  ,  pro_loss: 0.11194  ,  IoU: 0.78322  ,  Loss/sim: 0.00000
[train: Epoch 14, 1050 / 1875] FPS: 340.4 (397.4)  ,  DataTime: 0.022 (0.007)  ,  ForwardTime: 0.065  ,  TotalTime: 0.094  ,  Loss/total: 1.03011  ,  Loss/giou: 0.23436  ,  Loss/l1: 0.02636  ,  Loss/location: 0.40725  ,  pro_loss: 0.11177  ,  IoU: 0.78276  ,  Loss/sim: 0.00000
[train: Epoch 14, 1100 / 1875] FPS: 340.7 (432.0)  ,  DataTime: 0.022 (0.007)  ,  ForwardTime: 0.065  ,  TotalTime: 0.094  ,  Loss/total: 1.02909  ,  Loss/giou: 0.23413  ,  Loss/l1: 0.02633  ,  Loss/location: 0.40684  ,  pro_loss: 0.11153  ,  IoU: 0.78288  ,  Loss/sim: 0.00000
[train: Epoch 14, 1150 / 1875] FPS: 341.1 (382.6)  ,  DataTime: 0.022 (0.007)  ,  ForwardTime: 0.065  ,  TotalTime: 0.094  ,  Loss/total: 1.02693  ,  Loss/giou: 0.23369  ,  Loss/l1: 0.02627  ,  Loss/location: 0.40590  ,  pro_loss: 0.11152  ,  IoU: 0.78328  ,  Loss/sim: 0.00000
[train: Epoch 14, 1200 / 1875] FPS: 341.7 (407.0)  ,  DataTime: 0.021 (0.007)  ,  ForwardTime: 0.065  ,  TotalTime: 0.094  ,  Loss/total: 1.02655  ,  Loss/giou: 0.23369  ,  Loss/l1: 0.02626  ,  Loss/location: 0.40561  ,  pro_loss: 0.11135  ,  IoU: 0.78323  ,  Loss/sim: 0.00000
[train: Epoch 14, 1250 / 1875] FPS: 341.0 (453.2)  ,  DataTime: 0.022 (0.007)  ,  ForwardTime: 0.065  ,  TotalTime: 0.094  ,  Loss/total: 1.02621  ,  Loss/giou: 0.23356  ,  Loss/l1: 0.02626  ,  Loss/location: 0.40559  ,  pro_loss: 0.11114  ,  IoU: 0.78333  ,  Loss/sim: 0.00000
[train: Epoch 14, 1300 / 1875] FPS: 341.1 (438.8)  ,  DataTime: 0.022 (0.007)  ,  ForwardTime: 0.065  ,  TotalTime: 0.094  ,  Loss/total: 1.02335  ,  Loss/giou: 0.23293  ,  Loss/l1: 0.02616  ,  Loss/location: 0.40445  ,  pro_loss: 0.11122  ,  IoU: 0.78380  ,  Loss/sim: 0.00000
[train: Epoch 14, 1350 / 1875] FPS: 340.8 (438.1)  ,  DataTime: 0.022 (0.007)  ,  ForwardTime: 0.065  ,  TotalTime: 0.094  ,  Loss/total: 1.02303  ,  Loss/giou: 0.23279  ,  Loss/l1: 0.02609  ,  Loss/location: 0.40471  ,  pro_loss: 0.11149  ,  IoU: 0.78385  ,  Loss/sim: 0.00000
[train: Epoch 14, 1400 / 1875] FPS: 341.2 (421.7)  ,  DataTime: 0.021 (0.007)  ,  ForwardTime: 0.065  ,  TotalTime: 0.094  ,  Loss/total: 1.02338  ,  Loss/giou: 0.23282  ,  Loss/l1: 0.02611  ,  Loss/location: 0.40488  ,  pro_loss: 0.11158  ,  IoU: 0.78387  ,  Loss/sim: 0.00000
[train: Epoch 14, 1450 / 1875] FPS: 341.7 (279.8)  ,  DataTime: 0.021 (0.007)  ,  ForwardTime: 0.065  ,  TotalTime: 0.094  ,  Loss/total: 1.02183  ,  Loss/giou: 0.23259  ,  Loss/l1: 0.02605  ,  Loss/location: 0.40408  ,  pro_loss: 0.11150  ,  IoU: 0.78408  ,  Loss/sim: 0.00000
[train: Epoch 14, 1500 / 1875] FPS: 342.3 (425.0)  ,  DataTime: 0.021 (0.007)  ,  ForwardTime: 0.065  ,  TotalTime: 0.093  ,  Loss/total: 1.02219  ,  Loss/giou: 0.23266  ,  Loss/l1: 0.02607  ,  Loss/location: 0.40423  ,  pro_loss: 0.11151  ,  IoU: 0.78402  ,  Loss/sim: 0.00000
[train: Epoch 14, 1550 / 1875] FPS: 342.8 (422.1)  ,  DataTime: 0.021 (0.007)  ,  ForwardTime: 0.065  ,  TotalTime: 0.093  ,  Loss/total: 1.02253  ,  Loss/giou: 0.23270  ,  Loss/l1: 0.02609  ,  Loss/location: 0.40437  ,  pro_loss: 0.11150  ,  IoU: 0.78398  ,  Loss/sim: 0.00000
[train: Epoch 14, 1600 / 1875] FPS: 343.2 (425.7)  ,  DataTime: 0.021 (0.007)  ,  ForwardTime: 0.065  ,  TotalTime: 0.093  ,  Loss/total: 1.02145  ,  Loss/giou: 0.23243  ,  Loss/l1: 0.02606  ,  Loss/location: 0.40395  ,  pro_loss: 0.11163  ,  IoU: 0.78417  ,  Loss/sim: 0.00000
[train: Epoch 14, 1650 / 1875] FPS: 343.1 (316.4)  ,  DataTime: 0.021 (0.007)  ,  ForwardTime: 0.065  ,  TotalTime: 0.093  ,  Loss/total: 1.02189  ,  Loss/giou: 0.23241  ,  Loss/l1: 0.02610  ,  Loss/location: 0.40428  ,  pro_loss: 0.11146  ,  IoU: 0.78419  ,  Loss/sim: 0.00000
[train: Epoch 14, 1700 / 1875] FPS: 343.1 (429.1)  ,  DataTime: 0.021 (0.007)  ,  ForwardTime: 0.066  ,  TotalTime: 0.093  ,  Loss/total: 1.02290  ,  Loss/giou: 0.23265  ,  Loss/l1: 0.02616  ,  Loss/location: 0.40451  ,  pro_loss: 0.11148  ,  IoU: 0.78402  ,  Loss/sim: 0.00000
[train: Epoch 14, 1750 / 1875] FPS: 342.9 (381.1)  ,  DataTime: 0.021 (0.007)  ,  ForwardTime: 0.066  ,  TotalTime: 0.093  ,  Loss/total: 1.02163  ,  Loss/giou: 0.23236  ,  Loss/l1: 0.02611  ,  Loss/location: 0.40404  ,  pro_loss: 0.11157  ,  IoU: 0.78423  ,  Loss/sim: 0.00000
[train: Epoch 14, 1800 / 1875] FPS: 343.8 (377.5)  ,  DataTime: 0.020 (0.007)  ,  ForwardTime: 0.066  ,  TotalTime: 0.093  ,  Loss/total: 1.02283  ,  Loss/giou: 0.23260  ,  Loss/l1: 0.02616  ,  Loss/location: 0.40453  ,  pro_loss: 0.11152  ,  IoU: 0.78403  ,  Loss/sim: 0.00000
[train: Epoch 14, 1850 / 1875] FPS: 343.9 (427.0)  ,  DataTime: 0.020 (0.007)  ,  ForwardTime: 0.066  ,  TotalTime: 0.093  ,  Loss/total: 1.02154  ,  Loss/giou: 0.23235  ,  Loss/l1: 0.02612  ,  Loss/location: 0.40392  ,  pro_loss: 0.11157  ,  IoU: 0.78423  ,  Loss/sim: 0.00000
[train: Epoch 14, 1875 / 1875] FPS: 344.3 (511.3)  ,  DataTime: 0.020 (0.007)  ,  ForwardTime: 0.066  ,  TotalTime: 0.093  ,  Loss/total: 1.02124  ,  Loss/giou: 0.23223  ,  Loss/l1: 0.02612  ,  Loss/location: 0.40388  ,  pro_loss: 0.11160  ,  IoU: 0.78431  ,  Loss/sim: 0.00000
[train: Epoch 15, 50 / 1875] FPS: 288.6 (200.6)  ,  DataTime: 0.036 (0.007)  ,  ForwardTime: 0.068  ,  TotalTime: 0.111  ,  Loss/total: 0.97109  ,  Loss/giou: 0.22072  ,  Loss/l1: 0.02558  ,  Loss/location: 0.37926  ,  pro_loss: 0.11250  ,  IoU: 0.79322  ,  Loss/sim: 0.00000
[train: Epoch 15, 100 / 1875] FPS: 312.2 (436.1)  ,  DataTime: 0.029 (0.007)  ,  ForwardTime: 0.066  ,  TotalTime: 0.102  ,  Loss/total: 1.01027  ,  Loss/giou: 0.22947  ,  Loss/l1: 0.02652  ,  Loss/location: 0.39643  ,  pro_loss: 0.11146  ,  IoU: 0.78633  ,  Loss/sim: 0.00000
[train: Epoch 15, 150 / 1875] FPS: 327.7 (353.4)  ,  DataTime: 0.024 (0.007)  ,  ForwardTime: 0.067  ,  TotalTime: 0.098  ,  Loss/total: 0.99893  ,  Loss/giou: 0.22712  ,  Loss/l1: 0.02588  ,  Loss/location: 0.39265  ,  pro_loss: 0.11333  ,  IoU: 0.78799  ,  Loss/sim: 0.00000
[train: Epoch 15, 200 / 1875] FPS: 336.0 (412.7)  ,  DataTime: 0.021 (0.007)  ,  ForwardTime: 0.067  ,  TotalTime: 0.095  ,  Loss/total: 0.99941  ,  Loss/giou: 0.22700  ,  Loss/l1: 0.02588  ,  Loss/location: 0.39339  ,  pro_loss: 0.11318  ,  IoU: 0.78852  ,  Loss/sim: 0.00000
[train: Epoch 15, 250 / 1875] FPS: 334.4 (133.7)  ,  DataTime: 0.021 (0.007)  ,  ForwardTime: 0.067  ,  TotalTime: 0.096  ,  Loss/total: 0.99801  ,  Loss/giou: 0.22709  ,  Loss/l1: 0.02588  ,  Loss/location: 0.39172  ,  pro_loss: 0.11358  ,  IoU: 0.78815  ,  Loss/sim: 0.00000
[train: Epoch 15, 300 / 1875] FPS: 336.5 (391.8)  ,  DataTime: 0.020 (0.007)  ,  ForwardTime: 0.067  ,  TotalTime: 0.095  ,  Loss/total: 0.99733  ,  Loss/giou: 0.22675  ,  Loss/l1: 0.02578  ,  Loss/location: 0.39233  ,  pro_loss: 0.11305  ,  IoU: 0.78829  ,  Loss/sim: 0.00000
[train: Epoch 15, 350 / 1875] FPS: 340.8 (428.6)  ,  DataTime: 0.020 (0.007)  ,  ForwardTime: 0.067  ,  TotalTime: 0.094  ,  Loss/total: 0.99785  ,  Loss/giou: 0.22747  ,  Loss/l1: 0.02594  ,  Loss/location: 0.39053  ,  pro_loss: 0.11342  ,  IoU: 0.78794  ,  Loss/sim: 0.00000
[train: Epoch 15, 400 / 1875] FPS: 342.5 (379.7)  ,  DataTime: 0.019 (0.007)  ,  ForwardTime: 0.067  ,  TotalTime: 0.093  ,  Loss/total: 0.99486  ,  Loss/giou: 0.22720  ,  Loss/l1: 0.02574  ,  Loss/location: 0.38919  ,  pro_loss: 0.11273  ,  IoU: 0.78804  ,  Loss/sim: 0.00000
[train: Epoch 15, 450 / 1875] FPS: 344.2 (430.1)  ,  DataTime: 0.019 (0.007)  ,  ForwardTime: 0.067  ,  TotalTime: 0.093  ,  Loss/total: 1.00352  ,  Loss/giou: 0.22849  ,  Loss/l1: 0.02593  ,  Loss/location: 0.39433  ,  pro_loss: 0.11275  ,  IoU: 0.78691  ,  Loss/sim: 0.00000
[train: Epoch 15, 500 / 1875] FPS: 344.6 (370.5)  ,  DataTime: 0.018 (0.007)  ,  ForwardTime: 0.067  ,  TotalTime: 0.093  ,  Loss/total: 1.00320  ,  Loss/giou: 0.22838  ,  Loss/l1: 0.02589  ,  Loss/location: 0.39451  ,  pro_loss: 0.11246  ,  IoU: 0.78697  ,  Loss/sim: 0.00000
[train: Epoch 15, 550 / 1875] FPS: 345.9 (274.2)  ,  DataTime: 0.018 (0.007)  ,  ForwardTime: 0.067  ,  TotalTime: 0.093  ,  Loss/total: 1.00413  ,  Loss/giou: 0.22864  ,  Loss/l1: 0.02593  ,  Loss/location: 0.39466  ,  pro_loss: 0.11269  ,  IoU: 0.78679  ,  Loss/sim: 0.00000
[train: Epoch 15, 600 / 1875] FPS: 346.5 (436.7)  ,  DataTime: 0.018 (0.007)  ,  ForwardTime: 0.067  ,  TotalTime: 0.092  ,  Loss/total: 1.00457  ,  Loss/giou: 0.22882  ,  Loss/l1: 0.02592  ,  Loss/location: 0.39467  ,  pro_loss: 0.11335  ,  IoU: 0.78660  ,  Loss/sim: 0.00000
[train: Epoch 15, 650 / 1875] FPS: 347.7 (437.9)  ,  DataTime: 0.017 (0.007)  ,  ForwardTime: 0.067  ,  TotalTime: 0.092  ,  Loss/total: 1.00472  ,  Loss/giou: 0.22895  ,  Loss/l1: 0.02586  ,  Loss/location: 0.39486  ,  pro_loss: 0.11338  ,  IoU: 0.78658  ,  Loss/sim: 0.00000
[train: Epoch 15, 700 / 1875] FPS: 348.6 (408.5)  ,  DataTime: 0.017 (0.007)  ,  ForwardTime: 0.067  ,  TotalTime: 0.092  ,  Loss/total: 1.00450  ,  Loss/giou: 0.22884  ,  Loss/l1: 0.02584  ,  Loss/location: 0.39494  ,  pro_loss: 0.11350  ,  IoU: 0.78667  ,  Loss/sim: 0.00000
[train: Epoch 15, 750 / 1875] FPS: 349.2 (442.6)  ,  DataTime: 0.017 (0.007)  ,  ForwardTime: 0.067  ,  TotalTime: 0.092  ,  Loss/total: 1.00343  ,  Loss/giou: 0.22895  ,  Loss/l1: 0.02581  ,  Loss/location: 0.39381  ,  pro_loss: 0.11351  ,  IoU: 0.78659  ,  Loss/sim: 0.00000
[train: Epoch 15, 800 / 1875] FPS: 349.5 (424.4)  ,  DataTime: 0.017 (0.007)  ,  ForwardTime: 0.067  ,  TotalTime: 0.092  ,  Loss/total: 1.00794  ,  Loss/giou: 0.22958  ,  Loss/l1: 0.02595  ,  Loss/location: 0.39639  ,  pro_loss: 0.11326  ,  IoU: 0.78611  ,  Loss/sim: 0.00000
[train: Epoch 15, 850 / 1875] FPS: 349.5 (197.9)  ,  DataTime: 0.017 (0.007)  ,  ForwardTime: 0.067  ,  TotalTime: 0.092  ,  Loss/total: 1.00620  ,  Loss/giou: 0.22928  ,  Loss/l1: 0.02588  ,  Loss/location: 0.39548  ,  pro_loss: 0.11381  ,  IoU: 0.78645  ,  Loss/sim: 0.00000
[train: Epoch 15, 900 / 1875] FPS: 349.5 (440.8)  ,  DataTime: 0.017 (0.007)  ,  ForwardTime: 0.067  ,  TotalTime: 0.092  ,  Loss/total: 1.00867  ,  Loss/giou: 0.23005  ,  Loss/l1: 0.02602  ,  Loss/location: 0.39568  ,  pro_loss: 0.11400  ,  IoU: 0.78600  ,  Loss/sim: 0.00000
[train: Epoch 15, 950 / 1875] FPS: 351.0 (422.9)  ,  DataTime: 0.017 (0.007)  ,  ForwardTime: 0.067  ,  TotalTime: 0.091  ,  Loss/total: 1.00724  ,  Loss/giou: 0.22983  ,  Loss/l1: 0.02598  ,  Loss/location: 0.39485  ,  pro_loss: 0.11414  ,  IoU: 0.78622  ,  Loss/sim: 0.00000
[train: Epoch 15, 1000 / 1875] FPS: 351.2 (347.2)  ,  DataTime: 0.016 (0.007)  ,  ForwardTime: 0.067  ,  TotalTime: 0.091  ,  Loss/total: 1.00704  ,  Loss/giou: 0.22956  ,  Loss/l1: 0.02593  ,  Loss/location: 0.39540  ,  pro_loss: 0.11429  ,  IoU: 0.78648  ,  Loss/sim: 0.00000
[train: Epoch 15, 1050 / 1875] FPS: 351.2 (340.8)  ,  DataTime: 0.017 (0.007)  ,  ForwardTime: 0.067  ,  TotalTime: 0.091  ,  Loss/total: 1.00595  ,  Loss/giou: 0.22936  ,  Loss/l1: 0.02588  ,  Loss/location: 0.39496  ,  pro_loss: 0.11430  ,  IoU: 0.78660  ,  Loss/sim: 0.00000
[train: Epoch 15, 1100 / 1875] FPS: 350.6 (382.9)  ,  DataTime: 0.017 (0.007)  ,  ForwardTime: 0.067  ,  TotalTime: 0.091  ,  Loss/total: 1.00838  ,  Loss/giou: 0.22996  ,  Loss/l1: 0.02597  ,  Loss/location: 0.39580  ,  pro_loss: 0.11403  ,  IoU: 0.78612  ,  Loss/sim: 0.00000
[train: Epoch 15, 1150 / 1875] FPS: 351.8 (415.1)  ,  DataTime: 0.016 (0.007)  ,  ForwardTime: 0.067  ,  TotalTime: 0.091  ,  Loss/total: 1.00846  ,  Loss/giou: 0.22997  ,  Loss/l1: 0.02597  ,  Loss/location: 0.39580  ,  pro_loss: 0.11428  ,  IoU: 0.78612  ,  Loss/sim: 0.00000
[train: Epoch 15, 1200 / 1875] FPS: 352.1 (348.8)  ,  DataTime: 0.016 (0.007)  ,  ForwardTime: 0.067  ,  TotalTime: 0.091  ,  Loss/total: 1.00985  ,  Loss/giou: 0.23021  ,  Loss/l1: 0.02604  ,  Loss/location: 0.39640  ,  pro_loss: 0.11424  ,  IoU: 0.78594  ,  Loss/sim: 0.00000
[train: Epoch 15, 1250 / 1875] FPS: 352.1 (442.3)  ,  DataTime: 0.016 (0.007)  ,  ForwardTime: 0.067  ,  TotalTime: 0.091  ,  Loss/total: 1.00941  ,  Loss/giou: 0.23029  ,  Loss/l1: 0.02602  ,  Loss/location: 0.39587  ,  pro_loss: 0.11424  ,  IoU: 0.78589  ,  Loss/sim: 0.00000
[train: Epoch 15, 1300 / 1875] FPS: 352.7 (405.2)  ,  DataTime: 0.016 (0.007)  ,  ForwardTime: 0.067  ,  TotalTime: 0.091  ,  Loss/total: 1.00945  ,  Loss/giou: 0.23029  ,  Loss/l1: 0.02602  ,  Loss/location: 0.39594  ,  pro_loss: 0.11421  ,  IoU: 0.78586  ,  Loss/sim: 0.00000
[train: Epoch 15, 1350 / 1875] FPS: 353.0 (449.3)  ,  DataTime: 0.016 (0.007)  ,  ForwardTime: 0.067  ,  TotalTime: 0.091  ,  Loss/total: 1.00938  ,  Loss/giou: 0.23029  ,  Loss/l1: 0.02602  ,  Loss/location: 0.39589  ,  pro_loss: 0.11406  ,  IoU: 0.78586  ,  Loss/sim: 0.00000
[train: Epoch 15, 1400 / 1875] FPS: 353.0 (151.1)  ,  DataTime: 0.016 (0.007)  ,  ForwardTime: 0.067  ,  TotalTime: 0.091  ,  Loss/total: 1.01090  ,  Loss/giou: 0.23045  ,  Loss/l1: 0.02605  ,  Loss/location: 0.39695  ,  pro_loss: 0.11406  ,  IoU: 0.78572  ,  Loss/sim: 0.00000
[train: Epoch 15, 1450 / 1875] FPS: 353.7 (414.9)  ,  DataTime: 0.016 (0.007)  ,  ForwardTime: 0.067  ,  TotalTime: 0.090  ,  Loss/total: 1.01182  ,  Loss/giou: 0.23064  ,  Loss/l1: 0.02607  ,  Loss/location: 0.39741  ,  pro_loss: 0.11397  ,  IoU: 0.78556  ,  Loss/sim: 0.00000
[train: Epoch 15, 1500 / 1875] FPS: 353.5 (409.7)  ,  DataTime: 0.016 (0.007)  ,  ForwardTime: 0.067  ,  TotalTime: 0.091  ,  Loss/total: 1.01283  ,  Loss/giou: 0.23081  ,  Loss/l1: 0.02607  ,  Loss/location: 0.39814  ,  pro_loss: 0.11369  ,  IoU: 0.78540  ,  Loss/sim: 0.00000
[train: Epoch 15, 1550 / 1875] FPS: 353.4 (393.1)  ,  DataTime: 0.016 (0.007)  ,  ForwardTime: 0.067  ,  TotalTime: 0.091  ,  Loss/total: 1.01325  ,  Loss/giou: 0.23096  ,  Loss/l1: 0.02605  ,  Loss/location: 0.39832  ,  pro_loss: 0.11368  ,  IoU: 0.78523  ,  Loss/sim: 0.00000
[train: Epoch 15, 1600 / 1875] FPS: 354.1 (243.3)  ,  DataTime: 0.015 (0.007)  ,  ForwardTime: 0.067  ,  TotalTime: 0.090  ,  Loss/total: 1.01245  ,  Loss/giou: 0.23090  ,  Loss/l1: 0.02603  ,  Loss/location: 0.39779  ,  pro_loss: 0.11350  ,  IoU: 0.78528  ,  Loss/sim: 0.00000
[train: Epoch 15, 1650 / 1875] FPS: 354.5 (287.4)  ,  DataTime: 0.015 (0.007)  ,  ForwardTime: 0.068  ,  TotalTime: 0.090  ,  Loss/total: 1.01389  ,  Loss/giou: 0.23118  ,  Loss/l1: 0.02611  ,  Loss/location: 0.39830  ,  pro_loss: 0.11341  ,  IoU: 0.78509  ,  Loss/sim: 0.00000
[train: Epoch 15, 1700 / 1875] FPS: 354.3 (122.4)  ,  DataTime: 0.015 (0.007)  ,  ForwardTime: 0.068  ,  TotalTime: 0.090  ,  Loss/total: 1.01418  ,  Loss/giou: 0.23125  ,  Loss/l1: 0.02611  ,  Loss/location: 0.39842  ,  pro_loss: 0.11352  ,  IoU: 0.78501  ,  Loss/sim: 0.00000
[train: Epoch 15, 1750 / 1875] FPS: 354.8 (420.9)  ,  DataTime: 0.015 (0.007)  ,  ForwardTime: 0.068  ,  TotalTime: 0.090  ,  Loss/total: 1.01434  ,  Loss/giou: 0.23128  ,  Loss/l1: 0.02612  ,  Loss/location: 0.39848  ,  pro_loss: 0.11345  ,  IoU: 0.78501  ,  Loss/sim: 0.00000
[train: Epoch 15, 1800 / 1875] FPS: 354.8 (425.2)  ,  DataTime: 0.015 (0.007)  ,  ForwardTime: 0.068  ,  TotalTime: 0.090  ,  Loss/total: 1.01411  ,  Loss/giou: 0.23129  ,  Loss/l1: 0.02612  ,  Loss/location: 0.39830  ,  pro_loss: 0.11321  ,  IoU: 0.78499  ,  Loss/sim: 0.00000
[train: Epoch 15, 1850 / 1875] FPS: 354.7 (427.2)  ,  DataTime: 0.015 (0.007)  ,  ForwardTime: 0.068  ,  TotalTime: 0.090  ,  Loss/total: 1.01297  ,  Loss/giou: 0.23096  ,  Loss/l1: 0.02604  ,  Loss/location: 0.39818  ,  pro_loss: 0.11337  ,  IoU: 0.78524  ,  Loss/sim: 0.00000
[train: Epoch 15, 1875 / 1875] FPS: 355.1 (513.8)  ,  DataTime: 0.015 (0.007)  ,  ForwardTime: 0.067  ,  TotalTime: 0.090  ,  Loss/total: 1.01317  ,  Loss/giou: 0.23095  ,  Loss/l1: 0.02605  ,  Loss/location: 0.39837  ,  pro_loss: 0.11339  ,  IoU: 0.78527  ,  Loss/sim: 0.00000
[val: Epoch 15, 50 / 312] FPS: 85.5 (176.4)  ,  DataTime: 0.343 (0.006)  ,  ForwardTime: 0.025  ,  TotalTime: 0.374  ,  Loss/total: 0.90735  ,  Loss/giou: 0.21827  ,  Loss/l1: 0.01926  ,  Loss/location: 0.37439  ,  pro_loss: 0.00063  ,  IoU: 0.79685  ,  Loss/sim: 0.00000
[val: Epoch 15, 100 / 312] FPS: 85.2 (943.7)  ,  DataTime: 0.345 (0.006)  ,  ForwardTime: 0.025  ,  TotalTime: 0.376  ,  Loss/total: 0.91240  ,  Loss/giou: 0.21854  ,  Loss/l1: 0.01895  ,  Loss/location: 0.38044  ,  pro_loss: 0.00052  ,  IoU: 0.79551  ,  Loss/sim: 0.00000
[val: Epoch 15, 150 / 312] FPS: 86.8 (913.5)  ,  DataTime: 0.338 (0.006)  ,  ForwardTime: 0.025  ,  TotalTime: 0.369  ,  Loss/total: 0.92633  ,  Loss/giou: 0.22215  ,  Loss/l1: 0.01952  ,  Loss/location: 0.38430  ,  pro_loss: 0.00056  ,  IoU: 0.79283  ,  Loss/sim: 0.00000
[val: Epoch 15, 200 / 312] FPS: 87.5 (922.7)  ,  DataTime: 0.335 (0.006)  ,  ForwardTime: 0.025  ,  TotalTime: 0.366  ,  Loss/total: 0.92513  ,  Loss/giou: 0.22398  ,  Loss/l1: 0.01997  ,  Loss/location: 0.37722  ,  pro_loss: 0.00057  ,  IoU: 0.79202  ,  Loss/sim: 0.00000
[val: Epoch 15, 250 / 312] FPS: 87.7 (26.5)  ,  DataTime: 0.334 (0.006)  ,  ForwardTime: 0.025  ,  TotalTime: 0.365  ,  Loss/total: 0.93491  ,  Loss/giou: 0.22657  ,  Loss/l1: 0.02046  ,  Loss/location: 0.37934  ,  pro_loss: 0.00063  ,  IoU: 0.79000  ,  Loss/sim: 0.00000
[val: Epoch 15, 300 / 312] FPS: 89.1 (911.5)  ,  DataTime: 0.328 (0.006)  ,  ForwardTime: 0.025  ,  TotalTime: 0.359  ,  Loss/total: 0.92884  ,  Loss/giou: 0.22468  ,  Loss/l1: 0.02022  ,  Loss/location: 0.37827  ,  pro_loss: 0.00056  ,  IoU: 0.79143  ,  Loss/sim: 0.00000
[val: Epoch 15, 312 / 312] FPS: 90.5 (543.2)  ,  DataTime: 0.323 (0.006)  ,  ForwardTime: 0.025  ,  TotalTime: 0.353  ,  Loss/total: 0.92979  ,  Loss/giou: 0.22493  ,  Loss/l1: 0.02028  ,  Loss/location: 0.37840  ,  pro_loss: 0.00053  ,  IoU: 0.79122  ,  Loss/sim: 0.00000
[train: Epoch 16, 50 / 1875] FPS: 76.5 (14.9)  ,  DataTime: 0.357 (0.005)  ,  ForwardTime: 0.057  ,  TotalTime: 0.418  ,  Loss/total: 1.07890  ,  Loss/giou: 0.24079  ,  Loss/l1: 0.02893  ,  Loss/location: 0.42888  ,  pro_loss: 0.11896  ,  IoU: 0.77622  ,  Loss/sim: 0.00000
[train: Epoch 16, 100 / 1875] FPS: 89.7 (494.5)  ,  DataTime: 0.295 (0.005)  ,  ForwardTime: 0.057  ,  TotalTime: 0.357  ,  Loss/total: 1.01864  ,  Loss/giou: 0.23056  ,  Loss/l1: 0.02649  ,  Loss/location: 0.40203  ,  pro_loss: 0.11531  ,  IoU: 0.78428  ,  Loss/sim: 0.00000
[train: Epoch 16, 150 / 1875] FPS: 92.3 (30.2)  ,  DataTime: 0.285 (0.005)  ,  ForwardTime: 0.057  ,  TotalTime: 0.347  ,  Loss/total: 1.00462  ,  Loss/giou: 0.22775  ,  Loss/l1: 0.02568  ,  Loss/location: 0.39759  ,  pro_loss: 0.11569  ,  IoU: 0.78681  ,  Loss/sim: 0.00000
[train: Epoch 16, 200 / 1875] FPS: 97.4 (498.8)  ,  DataTime: 0.267 (0.005)  ,  ForwardTime: 0.057  ,  TotalTime: 0.328  ,  Loss/total: 0.98106  ,  Loss/giou: 0.22356  ,  Loss/l1: 0.02488  ,  Loss/location: 0.38633  ,  pro_loss: 0.11609  ,  IoU: 0.79082  ,  Loss/sim: 0.00000
[train: Epoch 16, 250 / 1875] FPS: 99.1 (497.0)  ,  DataTime: 0.261 (0.005)  ,  ForwardTime: 0.057  ,  TotalTime: 0.323  ,  Loss/total: 0.98349  ,  Loss/giou: 0.22378  ,  Loss/l1: 0.02486  ,  Loss/location: 0.38850  ,  pro_loss: 0.11567  ,  IoU: 0.79045  ,  Loss/sim: 0.00000
[train: Epoch 16, 300 / 1875] FPS: 101.3 (41.3)  ,  DataTime: 0.254 (0.005)  ,  ForwardTime: 0.057  ,  TotalTime: 0.316  ,  Loss/total: 0.98563  ,  Loss/giou: 0.22500  ,  Loss/l1: 0.02497  ,  Loss/location: 0.38769  ,  pro_loss: 0.11545  ,  IoU: 0.78949  ,  Loss/sim: 0.00000
[train: Epoch 16, 350 / 1875] FPS: 104.4 (500.5)  ,  DataTime: 0.245 (0.005)  ,  ForwardTime: 0.057  ,  TotalTime: 0.307  ,  Loss/total: 0.99056  ,  Loss/giou: 0.22577  ,  Loss/l1: 0.02516  ,  Loss/location: 0.39040  ,  pro_loss: 0.11411  ,  IoU: 0.78901  ,  Loss/sim: 0.00000
[train: Epoch 16, 400 / 1875] FPS: 103.9 (17.8)  ,  DataTime: 0.246 (0.005)  ,  ForwardTime: 0.057  ,  TotalTime: 0.308  ,  Loss/total: 0.99195  ,  Loss/giou: 0.22642  ,  Loss/l1: 0.02519  ,  Loss/location: 0.39051  ,  pro_loss: 0.11318  ,  IoU: 0.78860  ,  Loss/sim: 0.00000
[train: Epoch 16, 450 / 1875] FPS: 105.4 (438.5)  ,  DataTime: 0.242 (0.005)  ,  ForwardTime: 0.057  ,  TotalTime: 0.304  ,  Loss/total: 0.99744  ,  Loss/giou: 0.22777  ,  Loss/l1: 0.02544  ,  Loss/location: 0.39206  ,  pro_loss: 0.11329  ,  IoU: 0.78755  ,  Loss/sim: 0.00000
[train: Epoch 16, 500 / 1875] FPS: 107.8 (491.2)  ,  DataTime: 0.235 (0.005)  ,  ForwardTime: 0.057  ,  TotalTime: 0.297  ,  Loss/total: 1.00325  ,  Loss/giou: 0.22876  ,  Loss/l1: 0.02564  ,  Loss/location: 0.39493  ,  pro_loss: 0.11315  ,  IoU: 0.78673  ,  Loss/sim: 0.00000
[train: Epoch 16, 550 / 1875] FPS: 108.8 (485.4)  ,  DataTime: 0.233 (0.005)  ,  ForwardTime: 0.057  ,  TotalTime: 0.294  ,  Loss/total: 1.00205  ,  Loss/giou: 0.22852  ,  Loss/l1: 0.02557  ,  Loss/location: 0.39453  ,  pro_loss: 0.11328  ,  IoU: 0.78692  ,  Loss/sim: 0.00000
[train: Epoch 16, 600 / 1875] FPS: 110.0 (491.7)  ,  DataTime: 0.229 (0.005)  ,  ForwardTime: 0.057  ,  TotalTime: 0.291  ,  Loss/total: 1.00264  ,  Loss/giou: 0.22884  ,  Loss/l1: 0.02562  ,  Loss/location: 0.39417  ,  pro_loss: 0.11332  ,  IoU: 0.78677  ,  Loss/sim: 0.00000
[train: Epoch 16, 650 / 1875] FPS: 111.5 (497.7)  ,  DataTime: 0.225 (0.005)  ,  ForwardTime: 0.057  ,  TotalTime: 0.287  ,  Loss/total: 0.99975  ,  Loss/giou: 0.22811  ,  Loss/l1: 0.02550  ,  Loss/location: 0.39336  ,  pro_loss: 0.11330  ,  IoU: 0.78739  ,  Loss/sim: 0.00000
[train: Epoch 16, 700 / 1875] FPS: 113.6 (495.5)  ,  DataTime: 0.220 (0.005)  ,  ForwardTime: 0.057  ,  TotalTime: 0.282  ,  Loss/total: 1.00093  ,  Loss/giou: 0.22839  ,  Loss/l1: 0.02557  ,  Loss/location: 0.39372  ,  pro_loss: 0.11301  ,  IoU: 0.78726  ,  Loss/sim: 0.00000
[train: Epoch 16, 750 / 1875] FPS: 114.7 (487.9)  ,  DataTime: 0.217 (0.005)  ,  ForwardTime: 0.057  ,  TotalTime: 0.279  ,  Loss/total: 1.00455  ,  Loss/giou: 0.22908  ,  Loss/l1: 0.02574  ,  Loss/location: 0.39520  ,  pro_loss: 0.11239  ,  IoU: 0.78675  ,  Loss/sim: 0.00000
[train: Epoch 16, 800 / 1875] FPS: 116.8 (489.8)  ,  DataTime: 0.212 (0.005)  ,  ForwardTime: 0.057  ,  TotalTime: 0.274  ,  Loss/total: 1.00647  ,  Loss/giou: 0.22944  ,  Loss/l1: 0.02580  ,  Loss/location: 0.39617  ,  pro_loss: 0.11201  ,  IoU: 0.78635  ,  Loss/sim: 0.00000
[train: Epoch 16, 850 / 1875] FPS: 117.2 (98.2)  ,  DataTime: 0.212 (0.005)  ,  ForwardTime: 0.057  ,  TotalTime: 0.273  ,  Loss/total: 1.00677  ,  Loss/giou: 0.22940  ,  Loss/l1: 0.02583  ,  Loss/location: 0.39645  ,  pro_loss: 0.11189  ,  IoU: 0.78641  ,  Loss/sim: 0.00000
[train: Epoch 16, 900 / 1875] FPS: 118.3 (493.9)  ,  DataTime: 0.209 (0.005)  ,  ForwardTime: 0.057  ,  TotalTime: 0.271  ,  Loss/total: 1.00291  ,  Loss/giou: 0.22864  ,  Loss/l1: 0.02573  ,  Loss/location: 0.39468  ,  pro_loss: 0.11147  ,  IoU: 0.78711  ,  Loss/sim: 0.00000
[train: Epoch 16, 950 / 1875] FPS: 120.0 (485.0)  ,  DataTime: 0.205 (0.005)  ,  ForwardTime: 0.057  ,  TotalTime: 0.267  ,  Loss/total: 1.00296  ,  Loss/giou: 0.22861  ,  Loss/l1: 0.02575  ,  Loss/location: 0.39468  ,  pro_loss: 0.11149  ,  IoU: 0.78714  ,  Loss/sim: 0.00000
[train: Epoch 16, 1000 / 1875] FPS: 121.3 (499.2)  ,  DataTime: 0.202 (0.005)  ,  ForwardTime: 0.057  ,  TotalTime: 0.264  ,  Loss/total: 1.00309  ,  Loss/giou: 0.22844  ,  Loss/l1: 0.02570  ,  Loss/location: 0.39550  ,  pro_loss: 0.11109  ,  IoU: 0.78724  ,  Loss/sim: 0.00000
[train: Epoch 16, 1050 / 1875] FPS: 122.2 (492.0)  ,  DataTime: 0.200 (0.005)  ,  ForwardTime: 0.057  ,  TotalTime: 0.262  ,  Loss/total: 1.00385  ,  Loss/giou: 0.22840  ,  Loss/l1: 0.02574  ,  Loss/location: 0.39614  ,  pro_loss: 0.11106  ,  IoU: 0.78733  ,  Loss/sim: 0.00000
[train: Epoch 16, 1100 / 1875] FPS: 124.1 (469.8)  ,  DataTime: 0.196 (0.005)  ,  ForwardTime: 0.057  ,  TotalTime: 0.258  ,  Loss/total: 1.00508  ,  Loss/giou: 0.22854  ,  Loss/l1: 0.02578  ,  Loss/location: 0.39685  ,  pro_loss: 0.11111  ,  IoU: 0.78717  ,  Loss/sim: 0.00000
[train: Epoch 16, 1150 / 1875] FPS: 125.0 (487.5)  ,  DataTime: 0.194 (0.005)  ,  ForwardTime: 0.057  ,  TotalTime: 0.256  ,  Loss/total: 1.00431  ,  Loss/giou: 0.22833  ,  Loss/l1: 0.02576  ,  Loss/location: 0.39662  ,  pro_loss: 0.11121  ,  IoU: 0.78732  ,  Loss/sim: 0.00000
[train: Epoch 16, 1200 / 1875] FPS: 126.0 (414.2)  ,  DataTime: 0.192 (0.005)  ,  ForwardTime: 0.057  ,  TotalTime: 0.254  ,  Loss/total: 1.00420  ,  Loss/giou: 0.22820  ,  Loss/l1: 0.02571  ,  Loss/location: 0.39707  ,  pro_loss: 0.11088  ,  IoU: 0.78741  ,  Loss/sim: 0.00000
[train: Epoch 16, 1250 / 1875] FPS: 127.0 (50.0)  ,  DataTime: 0.190 (0.005)  ,  ForwardTime: 0.057  ,  TotalTime: 0.252  ,  Loss/total: 1.00256  ,  Loss/giou: 0.22776  ,  Loss/l1: 0.02563  ,  Loss/location: 0.39669  ,  pro_loss: 0.11096  ,  IoU: 0.78771  ,  Loss/sim: 0.00000
[train: Epoch 16, 1300 / 1875] FPS: 128.4 (500.7)  ,  DataTime: 0.188 (0.005)  ,  ForwardTime: 0.057  ,  TotalTime: 0.249  ,  Loss/total: 1.00579  ,  Loss/giou: 0.22847  ,  Loss/l1: 0.02577  ,  Loss/location: 0.39779  ,  pro_loss: 0.11099  ,  IoU: 0.78715  ,  Loss/sim: 0.00000
[train: Epoch 16, 1350 / 1875] FPS: 129.8 (487.4)  ,  DataTime: 0.185 (0.005)  ,  ForwardTime: 0.057  ,  TotalTime: 0.247  ,  Loss/total: 1.00511  ,  Loss/giou: 0.22844  ,  Loss/l1: 0.02576  ,  Loss/location: 0.39723  ,  pro_loss: 0.11095  ,  IoU: 0.78713  ,  Loss/sim: 0.00000
[train: Epoch 16, 1400 / 1875] FPS: 131.1 (415.7)  ,  DataTime: 0.182 (0.005)  ,  ForwardTime: 0.057  ,  TotalTime: 0.244  ,  Loss/total: 1.00237  ,  Loss/giou: 0.22780  ,  Loss/l1: 0.02565  ,  Loss/location: 0.39632  ,  pro_loss: 0.11110  ,  IoU: 0.78763  ,  Loss/sim: 0.00000
[train: Epoch 16, 1450 / 1875] FPS: 131.9 (472.5)  ,  DataTime: 0.181 (0.005)  ,  ForwardTime: 0.057  ,  TotalTime: 0.243  ,  Loss/total: 1.00149  ,  Loss/giou: 0.22755  ,  Loss/l1: 0.02557  ,  Loss/location: 0.39627  ,  pro_loss: 0.11133  ,  IoU: 0.78779  ,  Loss/sim: 0.00000
[train: Epoch 16, 1500 / 1875] FPS: 133.0 (481.2)  ,  DataTime: 0.179 (0.005)  ,  ForwardTime: 0.057  ,  TotalTime: 0.241  ,  Loss/total: 1.00318  ,  Loss/giou: 0.22791  ,  Loss/l1: 0.02562  ,  Loss/location: 0.39694  ,  pro_loss: 0.11140  ,  IoU: 0.78748  ,  Loss/sim: 0.00000
[train: Epoch 16, 1550 / 1875] FPS: 134.1 (506.1)  ,  DataTime: 0.177 (0.005)  ,  ForwardTime: 0.057  ,  TotalTime: 0.239  ,  Loss/total: 1.00524  ,  Loss/giou: 0.22828  ,  Loss/l1: 0.02570  ,  Loss/location: 0.39785  ,  pro_loss: 0.11163  ,  IoU: 0.78721  ,  Loss/sim: 0.00000
[train: Epoch 16, 1600 / 1875] FPS: 135.2 (483.6)  ,  DataTime: 0.175 (0.005)  ,  ForwardTime: 0.057  ,  TotalTime: 0.237  ,  Loss/total: 1.00524  ,  Loss/giou: 0.22827  ,  Loss/l1: 0.02573  ,  Loss/location: 0.39772  ,  pro_loss: 0.11161  ,  IoU: 0.78725  ,  Loss/sim: 0.00000
[train: Epoch 16, 1650 / 1875] FPS: 136.2 (114.5)  ,  DataTime: 0.173 (0.005)  ,  ForwardTime: 0.057  ,  TotalTime: 0.235  ,  Loss/total: 1.00432  ,  Loss/giou: 0.22805  ,  Loss/l1: 0.02571  ,  Loss/location: 0.39738  ,  pro_loss: 0.11150  ,  IoU: 0.78745  ,  Loss/sim: 0.00000
[train: Epoch 16, 1700 / 1875] FPS: 137.4 (490.8)  ,  DataTime: 0.171 (0.005)  ,  ForwardTime: 0.057  ,  TotalTime: 0.233  ,  Loss/total: 1.00645  ,  Loss/giou: 0.22848  ,  Loss/l1: 0.02579  ,  Loss/location: 0.39821  ,  pro_loss: 0.11164  ,  IoU: 0.78708  ,  Loss/sim: 0.00000
[train: Epoch 16, 1750 / 1875] FPS: 138.6 (476.0)  ,  DataTime: 0.169 (0.005)  ,  ForwardTime: 0.057  ,  TotalTime: 0.231  ,  Loss/total: 1.00656  ,  Loss/giou: 0.22848  ,  Loss/l1: 0.02579  ,  Loss/location: 0.39832  ,  pro_loss: 0.11170  ,  IoU: 0.78714  ,  Loss/sim: 0.00000
[train: Epoch 16, 1800 / 1875] FPS: 139.8 (498.9)  ,  DataTime: 0.167 (0.005)  ,  ForwardTime: 0.057  ,  TotalTime: 0.229  ,  Loss/total: 1.00560  ,  Loss/giou: 0.22834  ,  Loss/l1: 0.02575  ,  Loss/location: 0.39780  ,  pro_loss: 0.11173  ,  IoU: 0.78727  ,  Loss/sim: 0.00000
[train: Epoch 16, 1850 / 1875] FPS: 140.8 (34.5)  ,  DataTime: 0.165 (0.005)  ,  ForwardTime: 0.057  ,  TotalTime: 0.227  ,  Loss/total: 1.00588  ,  Loss/giou: 0.22844  ,  Loss/l1: 0.02577  ,  Loss/location: 0.39780  ,  pro_loss: 0.11164  ,  IoU: 0.78721  ,  Loss/sim: 0.00000
[train: Epoch 16, 1875 / 1875] FPS: 141.9 (161.3)  ,  DataTime: 0.164 (0.005)  ,  ForwardTime: 0.057  ,  TotalTime: 0.226  ,  Loss/total: 1.00647  ,  Loss/giou: 0.22859  ,  Loss/l1: 0.02580  ,  Loss/location: 0.39796  ,  pro_loss: 0.11166  ,  IoU: 0.78709  ,  Loss/sim: 0.00000
[train: Epoch 17, 50 / 1875] FPS: 165.4 (502.1)  ,  DataTime: 0.130 (0.005)  ,  ForwardTime: 0.058  ,  TotalTime: 0.193  ,  Loss/total: 0.97416  ,  Loss/giou: 0.22176  ,  Loss/l1: 0.02452  ,  Loss/location: 0.38516  ,  pro_loss: 0.11438  ,  IoU: 0.79212  ,  Loss/sim: 0.00000
[train: Epoch 17, 100 / 1875] FPS: 183.7 (496.6)  ,  DataTime: 0.111 (0.005)  ,  ForwardTime: 0.058  ,  TotalTime: 0.174  ,  Loss/total: 0.99344  ,  Loss/giou: 0.22550  ,  Loss/l1: 0.02510  ,  Loss/location: 0.39358  ,  pro_loss: 0.11698  ,  IoU: 0.78900  ,  Loss/sim: 0.00000
[train: Epoch 17, 150 / 1875] FPS: 187.8 (488.1)  ,  DataTime: 0.107 (0.005)  ,  ForwardTime: 0.058  ,  TotalTime: 0.170  ,  Loss/total: 1.01658  ,  Loss/giou: 0.23099  ,  Loss/l1: 0.02620  ,  Loss/location: 0.40047  ,  pro_loss: 0.11556  ,  IoU: 0.78466  ,  Loss/sim: 0.00000
[train: Epoch 17, 200 / 1875] FPS: 190.9 (481.9)  ,  DataTime: 0.104 (0.005)  ,  ForwardTime: 0.058  ,  TotalTime: 0.168  ,  Loss/total: 0.99657  ,  Loss/giou: 0.22639  ,  Loss/l1: 0.02570  ,  Loss/location: 0.39252  ,  pro_loss: 0.11375  ,  IoU: 0.78882  ,  Loss/sim: 0.00000
[train: Epoch 17, 250 / 1875] FPS: 194.5 (461.9)  ,  DataTime: 0.101 (0.005)  ,  ForwardTime: 0.058  ,  TotalTime: 0.165  ,  Loss/total: 1.01077  ,  Loss/giou: 0.22942  ,  Loss/l1: 0.02622  ,  Loss/location: 0.39839  ,  pro_loss: 0.11213  ,  IoU: 0.78632  ,  Loss/sim: 0.00000
[train: Epoch 17, 300 / 1875] FPS: 193.8 (39.7)  ,  DataTime: 0.101 (0.005)  ,  ForwardTime: 0.058  ,  TotalTime: 0.165  ,  Loss/total: 1.00160  ,  Loss/giou: 0.22793  ,  Loss/l1: 0.02586  ,  Loss/location: 0.39409  ,  pro_loss: 0.11188  ,  IoU: 0.78769  ,  Loss/sim: 0.00000
[train: Epoch 17, 350 / 1875] FPS: 196.6 (488.6)  ,  DataTime: 0.099 (0.005)  ,  ForwardTime: 0.058  ,  TotalTime: 0.163  ,  Loss/total: 0.99630  ,  Loss/giou: 0.22686  ,  Loss/l1: 0.02568  ,  Loss/location: 0.39222  ,  pro_loss: 0.10988  ,  IoU: 0.78862  ,  Loss/sim: 0.00000
[train: Epoch 17, 400 / 1875] FPS: 201.9 (455.3)  ,  DataTime: 0.095 (0.005)  ,  ForwardTime: 0.058  ,  TotalTime: 0.158  ,  Loss/total: 0.99751  ,  Loss/giou: 0.22720  ,  Loss/l1: 0.02564  ,  Loss/location: 0.39288  ,  pro_loss: 0.11008  ,  IoU: 0.78824  ,  Loss/sim: 0.00000
[train: Epoch 17, 450 / 1875] FPS: 202.5 (457.2)  ,  DataTime: 0.094 (0.005)  ,  ForwardTime: 0.059  ,  TotalTime: 0.158  ,  Loss/total: 1.00062  ,  Loss/giou: 0.22824  ,  Loss/l1: 0.02574  ,  Loss/location: 0.39343  ,  pro_loss: 0.11019  ,  IoU: 0.78718  ,  Loss/sim: 0.00000
[train: Epoch 17, 500 / 1875] FPS: 205.9 (456.0)  ,  DataTime: 0.091 (0.005)  ,  ForwardTime: 0.059  ,  TotalTime: 0.155  ,  Loss/total: 0.99791  ,  Loss/giou: 0.22747  ,  Loss/l1: 0.02566  ,  Loss/location: 0.39278  ,  pro_loss: 0.10937  ,  IoU: 0.78796  ,  Loss/sim: 0.00000
[train: Epoch 17, 550 / 1875] FPS: 206.0 (93.7)  ,  DataTime: 0.091 (0.005)  ,  ForwardTime: 0.059  ,  TotalTime: 0.155  ,  Loss/total: 1.00424  ,  Loss/giou: 0.22841  ,  Loss/l1: 0.02587  ,  Loss/location: 0.39614  ,  pro_loss: 0.10973  ,  IoU: 0.78713  ,  Loss/sim: 0.00000
[train: Epoch 17, 600 / 1875] FPS: 206.8 (459.0)  ,  DataTime: 0.091 (0.005)  ,  ForwardTime: 0.059  ,  TotalTime: 0.155  ,  Loss/total: 1.00114  ,  Loss/giou: 0.22780  ,  Loss/l1: 0.02575  ,  Loss/location: 0.39474  ,  pro_loss: 0.11012  ,  IoU: 0.78762  ,  Loss/sim: 0.00000
[train: Epoch 17, 650 / 1875] FPS: 209.3 (76.0)  ,  DataTime: 0.089 (0.005)  ,  ForwardTime: 0.059  ,  TotalTime: 0.153  ,  Loss/total: 0.99544  ,  Loss/giou: 0.22653  ,  Loss/l1: 0.02549  ,  Loss/location: 0.39285  ,  pro_loss: 0.11027  ,  IoU: 0.78864  ,  Loss/sim: 0.00000
[train: Epoch 17, 700 / 1875] FPS: 211.6 (459.1)  ,  DataTime: 0.087 (0.005)  ,  ForwardTime: 0.059  ,  TotalTime: 0.151  ,  Loss/total: 0.99035  ,  Loss/giou: 0.22548  ,  Loss/l1: 0.02532  ,  Loss/location: 0.39071  ,  pro_loss: 0.11052  ,  IoU: 0.78950  ,  Loss/sim: 0.00000
[train: Epoch 17, 750 / 1875] FPS: 213.9 (290.0)  ,  DataTime: 0.085 (0.005)  ,  ForwardTime: 0.059  ,  TotalTime: 0.150  ,  Loss/total: 0.98849  ,  Loss/giou: 0.22497  ,  Loss/l1: 0.02521  ,  Loss/location: 0.39038  ,  pro_loss: 0.11053  ,  IoU: 0.79003  ,  Loss/sim: 0.00000
[train: Epoch 17, 800 / 1875] FPS: 214.7 (438.7)  ,  DataTime: 0.085 (0.005)  ,  ForwardTime: 0.059  ,  TotalTime: 0.149  ,  Loss/total: 0.98898  ,  Loss/giou: 0.22501  ,  Loss/l1: 0.02523  ,  Loss/location: 0.39066  ,  pro_loss: 0.11085  ,  IoU: 0.79006  ,  Loss/sim: 0.00000
[train: Epoch 17, 850 / 1875] FPS: 216.8 (467.4)  ,  DataTime: 0.083 (0.005)  ,  ForwardTime: 0.059  ,  TotalTime: 0.148  ,  Loss/total: 0.98923  ,  Loss/giou: 0.22495  ,  Loss/l1: 0.02521  ,  Loss/location: 0.39104  ,  pro_loss: 0.11105  ,  IoU: 0.79015  ,  Loss/sim: 0.00000
[train: Epoch 17, 900 / 1875] FPS: 218.2 (72.3)  ,  DataTime: 0.082 (0.005)  ,  ForwardTime: 0.059  ,  TotalTime: 0.147  ,  Loss/total: 0.98792  ,  Loss/giou: 0.22479  ,  Loss/l1: 0.02514  ,  Loss/location: 0.39050  ,  pro_loss: 0.11080  ,  IoU: 0.79026  ,  Loss/sim: 0.00000
[train: Epoch 17, 950 / 1875] FPS: 219.0 (471.8)  ,  DataTime: 0.082 (0.005)  ,  ForwardTime: 0.059  ,  TotalTime: 0.146  ,  Loss/total: 0.99032  ,  Loss/giou: 0.22543  ,  Loss/l1: 0.02525  ,  Loss/location: 0.39112  ,  pro_loss: 0.11053  ,  IoU: 0.78980  ,  Loss/sim: 0.00000
[train: Epoch 17, 1000 / 1875] FPS: 220.7 (470.6)  ,  DataTime: 0.080 (0.005)  ,  ForwardTime: 0.059  ,  TotalTime: 0.145  ,  Loss/total: 0.99286  ,  Loss/giou: 0.22598  ,  Loss/l1: 0.02534  ,  Loss/location: 0.39218  ,  pro_loss: 0.11005  ,  IoU: 0.78943  ,  Loss/sim: 0.00000
[train: Epoch 17, 1050 / 1875] FPS: 221.4 (473.9)  ,  DataTime: 0.080 (0.006)  ,  ForwardTime: 0.059  ,  TotalTime: 0.145  ,  Loss/total: 0.99351  ,  Loss/giou: 0.22614  ,  Loss/l1: 0.02537  ,  Loss/location: 0.39239  ,  pro_loss: 0.10994  ,  IoU: 0.78926  ,  Loss/sim: 0.00000
[train: Epoch 17, 1100 / 1875] FPS: 222.3 (490.7)  ,  DataTime: 0.079 (0.006)  ,  ForwardTime: 0.059  ,  TotalTime: 0.144  ,  Loss/total: 0.99698  ,  Loss/giou: 0.22692  ,  Loss/l1: 0.02552  ,  Loss/location: 0.39359  ,  pro_loss: 0.10980  ,  IoU: 0.78859  ,  Loss/sim: 0.00000
[train: Epoch 17, 1150 / 1875] FPS: 224.0 (477.7)  ,  DataTime: 0.078 (0.006)  ,  ForwardTime: 0.059  ,  TotalTime: 0.143  ,  Loss/total: 0.99492  ,  Loss/giou: 0.22662  ,  Loss/l1: 0.02543  ,  Loss/location: 0.39253  ,  pro_loss: 0.11000  ,  IoU: 0.78887  ,  Loss/sim: 0.00000
[train: Epoch 17, 1200 / 1875] FPS: 225.4 (351.4)  ,  DataTime: 0.077 (0.006)  ,  ForwardTime: 0.059  ,  TotalTime: 0.142  ,  Loss/total: 0.99565  ,  Loss/giou: 0.22669  ,  Loss/l1: 0.02542  ,  Loss/location: 0.39306  ,  pro_loss: 0.11049  ,  IoU: 0.78879  ,  Loss/sim: 0.00000
[train: Epoch 17, 1250 / 1875] FPS: 226.6 (462.4)  ,  DataTime: 0.076 (0.006)  ,  ForwardTime: 0.059  ,  TotalTime: 0.141  ,  Loss/total: 0.99559  ,  Loss/giou: 0.22663  ,  Loss/l1: 0.02537  ,  Loss/location: 0.39340  ,  pro_loss: 0.11051  ,  IoU: 0.78879  ,  Loss/sim: 0.00000
[train: Epoch 17, 1300 / 1875] FPS: 228.2 (435.5)  ,  DataTime: 0.075 (0.006)  ,  ForwardTime: 0.059  ,  TotalTime: 0.140  ,  Loss/total: 0.99401  ,  Loss/giou: 0.22637  ,  Loss/l1: 0.02531  ,  Loss/location: 0.39259  ,  pro_loss: 0.11062  ,  IoU: 0.78902  ,  Loss/sim: 0.00000
[train: Epoch 17, 1350 / 1875] FPS: 229.8 (465.7)  ,  DataTime: 0.074 (0.006)  ,  ForwardTime: 0.059  ,  TotalTime: 0.139  ,  Loss/total: 0.99492  ,  Loss/giou: 0.22653  ,  Loss/l1: 0.02534  ,  Loss/location: 0.39306  ,  pro_loss: 0.11046  ,  IoU: 0.78890  ,  Loss/sim: 0.00000
[train: Epoch 17, 1400 / 1875] FPS: 230.7 (453.7)  ,  DataTime: 0.074 (0.006)  ,  ForwardTime: 0.059  ,  TotalTime: 0.139  ,  Loss/total: 0.99327  ,  Loss/giou: 0.22621  ,  Loss/l1: 0.02526  ,  Loss/location: 0.39242  ,  pro_loss: 0.11072  ,  IoU: 0.78919  ,  Loss/sim: 0.00000
[train: Epoch 17, 1450 / 1875] FPS: 231.5 (461.2)  ,  DataTime: 0.073 (0.006)  ,  ForwardTime: 0.059  ,  TotalTime: 0.138  ,  Loss/total: 0.99362  ,  Loss/giou: 0.22625  ,  Loss/l1: 0.02525  ,  Loss/location: 0.39266  ,  pro_loss: 0.11105  ,  IoU: 0.78909  ,  Loss/sim: 0.00000
[train: Epoch 17, 1500 / 1875] FPS: 232.8 (429.6)  ,  DataTime: 0.072 (0.006)  ,  ForwardTime: 0.059  ,  TotalTime: 0.137  ,  Loss/total: 0.99353  ,  Loss/giou: 0.22640  ,  Loss/l1: 0.02529  ,  Loss/location: 0.39210  ,  pro_loss: 0.11101  ,  IoU: 0.78902  ,  Loss/sim: 0.00000
[train: Epoch 17, 1550 / 1875] FPS: 233.8 (462.6)  ,  DataTime: 0.072 (0.006)  ,  ForwardTime: 0.059  ,  TotalTime: 0.137  ,  Loss/total: 0.99230  ,  Loss/giou: 0.22616  ,  Loss/l1: 0.02525  ,  Loss/location: 0.39153  ,  pro_loss: 0.11116  ,  IoU: 0.78926  ,  Loss/sim: 0.00000
[train: Epoch 17, 1600 / 1875] FPS: 234.6 (457.1)  ,  DataTime: 0.071 (0.006)  ,  ForwardTime: 0.060  ,  TotalTime: 0.136  ,  Loss/total: 0.99246  ,  Loss/giou: 0.22611  ,  Loss/l1: 0.02521  ,  Loss/location: 0.39188  ,  pro_loss: 0.11141  ,  IoU: 0.78927  ,  Loss/sim: 0.00000
[train: Epoch 17, 1650 / 1875] FPS: 235.2 (90.7)  ,  DataTime: 0.071 (0.006)  ,  ForwardTime: 0.060  ,  TotalTime: 0.136  ,  Loss/total: 0.99397  ,  Loss/giou: 0.22645  ,  Loss/l1: 0.02527  ,  Loss/location: 0.39242  ,  pro_loss: 0.11148  ,  IoU: 0.78901  ,  Loss/sim: 0.00000
[train: Epoch 17, 1700 / 1875] FPS: 236.8 (482.1)  ,  DataTime: 0.070 (0.006)  ,  ForwardTime: 0.060  ,  TotalTime: 0.135  ,  Loss/total: 0.99331  ,  Loss/giou: 0.22619  ,  Loss/l1: 0.02523  ,  Loss/location: 0.39245  ,  pro_loss: 0.11159  ,  IoU: 0.78922  ,  Loss/sim: 0.00000
[train: Epoch 17, 1750 / 1875] FPS: 237.5 (456.8)  ,  DataTime: 0.069 (0.006)  ,  ForwardTime: 0.060  ,  TotalTime: 0.135  ,  Loss/total: 0.99269  ,  Loss/giou: 0.22608  ,  Loss/l1: 0.02521  ,  Loss/location: 0.39219  ,  pro_loss: 0.11148  ,  IoU: 0.78931  ,  Loss/sim: 0.00000
[train: Epoch 17, 1800 / 1875] FPS: 239.3 (461.8)  ,  DataTime: 0.068 (0.006)  ,  ForwardTime: 0.060  ,  TotalTime: 0.134  ,  Loss/total: 0.99263  ,  Loss/giou: 0.22603  ,  Loss/l1: 0.02522  ,  Loss/location: 0.39220  ,  pro_loss: 0.11145  ,  IoU: 0.78938  ,  Loss/sim: 0.00000
[train: Epoch 17, 1850 / 1875] FPS: 240.0 (242.3)  ,  DataTime: 0.068 (0.006)  ,  ForwardTime: 0.060  ,  TotalTime: 0.133  ,  Loss/total: 0.99169  ,  Loss/giou: 0.22576  ,  Loss/l1: 0.02520  ,  Loss/location: 0.39191  ,  pro_loss: 0.11132  ,  IoU: 0.78958  ,  Loss/sim: 0.00000
[train: Epoch 17, 1875 / 1875] FPS: 240.8 (509.2)  ,  DataTime: 0.067 (0.006)  ,  ForwardTime: 0.060  ,  TotalTime: 0.133  ,  Loss/total: 0.99205  ,  Loss/giou: 0.22590  ,  Loss/l1: 0.02524  ,  Loss/location: 0.39179  ,  pro_loss: 0.11119  ,  IoU: 0.78947  ,  Loss/sim: 0.00000
[train: Epoch 18, 50 / 1875] FPS: 216.3 (436.3)  ,  DataTime: 0.081 (0.006)  ,  ForwardTime: 0.061  ,  TotalTime: 0.148  ,  Loss/total: 1.01840  ,  Loss/giou: 0.22842  ,  Loss/l1: 0.02602  ,  Loss/location: 0.40950  ,  pro_loss: 0.10979  ,  IoU: 0.78638  ,  Loss/sim: 0.00000
[train: Epoch 18, 100 / 1875] FPS: 248.6 (459.4)  ,  DataTime: 0.061 (0.006)  ,  ForwardTime: 0.061  ,  TotalTime: 0.129  ,  Loss/total: 0.99309  ,  Loss/giou: 0.22603  ,  Loss/l1: 0.02541  ,  Loss/location: 0.39181  ,  pro_loss: 0.11073  ,  IoU: 0.78827  ,  Loss/sim: 0.00000
[train: Epoch 18, 150 / 1875] FPS: 266.6 (443.5)  ,  DataTime: 0.052 (0.006)  ,  ForwardTime: 0.062  ,  TotalTime: 0.120  ,  Loss/total: 0.98283  ,  Loss/giou: 0.22325  ,  Loss/l1: 0.02504  ,  Loss/location: 0.38879  ,  pro_loss: 0.11174  ,  IoU: 0.79064  ,  Loss/sim: 0.00000
[train: Epoch 18, 200 / 1875] FPS: 275.5 (482.2)  ,  DataTime: 0.048 (0.006)  ,  ForwardTime: 0.062  ,  TotalTime: 0.116  ,  Loss/total: 0.98500  ,  Loss/giou: 0.22417  ,  Loss/l1: 0.02518  ,  Loss/location: 0.38868  ,  pro_loss: 0.11042  ,  IoU: 0.79021  ,  Loss/sim: 0.00000
[train: Epoch 18, 250 / 1875] FPS: 279.2 (451.3)  ,  DataTime: 0.046 (0.006)  ,  ForwardTime: 0.062  ,  TotalTime: 0.115  ,  Loss/total: 0.97678  ,  Loss/giou: 0.22255  ,  Loss/l1: 0.02496  ,  Loss/location: 0.38476  ,  pro_loss: 0.11067  ,  IoU: 0.79172  ,  Loss/sim: 0.00000
[train: Epoch 18, 300 / 1875] FPS: 278.8 (463.2)  ,  DataTime: 0.047 (0.006)  ,  ForwardTime: 0.062  ,  TotalTime: 0.115  ,  Loss/total: 0.98049  ,  Loss/giou: 0.22343  ,  Loss/l1: 0.02520  ,  Loss/location: 0.38559  ,  pro_loss: 0.11014  ,  IoU: 0.79150  ,  Loss/sim: 0.00000
[train: Epoch 18, 350 / 1875] FPS: 281.8 (457.6)  ,  DataTime: 0.046 (0.006)  ,  ForwardTime: 0.062  ,  TotalTime: 0.114  ,  Loss/total: 0.97412  ,  Loss/giou: 0.22251  ,  Loss/l1: 0.02492  ,  Loss/location: 0.38245  ,  pro_loss: 0.11027  ,  IoU: 0.79205  ,  Loss/sim: 0.00000
[train: Epoch 18, 400 / 1875] FPS: 284.3 (466.0)  ,  DataTime: 0.044 (0.006)  ,  ForwardTime: 0.062  ,  TotalTime: 0.113  ,  Loss/total: 0.97224  ,  Loss/giou: 0.22207  ,  Loss/l1: 0.02489  ,  Loss/location: 0.38163  ,  pro_loss: 0.11018  ,  IoU: 0.79261  ,  Loss/sim: 0.00000
[train: Epoch 18, 450 / 1875] FPS: 284.3 (474.8)  ,  DataTime: 0.045 (0.006)  ,  ForwardTime: 0.062  ,  TotalTime: 0.113  ,  Loss/total: 0.97198  ,  Loss/giou: 0.22198  ,  Loss/l1: 0.02495  ,  Loss/location: 0.38129  ,  pro_loss: 0.10993  ,  IoU: 0.79283  ,  Loss/sim: 0.00000
[train: Epoch 18, 500 / 1875] FPS: 285.6 (406.4)  ,  DataTime: 0.044 (0.006)  ,  ForwardTime: 0.062  ,  TotalTime: 0.112  ,  Loss/total: 0.97590  ,  Loss/giou: 0.22285  ,  Loss/l1: 0.02508  ,  Loss/location: 0.38285  ,  pro_loss: 0.10990  ,  IoU: 0.79204  ,  Loss/sim: 0.00000
[train: Epoch 18, 550 / 1875] FPS: 288.3 (418.0)  ,  DataTime: 0.043 (0.006)  ,  ForwardTime: 0.062  ,  TotalTime: 0.111  ,  Loss/total: 0.97889  ,  Loss/giou: 0.22363  ,  Loss/l1: 0.02517  ,  Loss/location: 0.38369  ,  pro_loss: 0.11036  ,  IoU: 0.79139  ,  Loss/sim: 0.00000
[train: Epoch 18, 600 / 1875] FPS: 289.1 (466.2)  ,  DataTime: 0.042 (0.006)  ,  ForwardTime: 0.062  ,  TotalTime: 0.111  ,  Loss/total: 0.98062  ,  Loss/giou: 0.22390  ,  Loss/l1: 0.02525  ,  Loss/location: 0.38453  ,  pro_loss: 0.11009  ,  IoU: 0.79121  ,  Loss/sim: 0.00000
[train: Epoch 18, 650 / 1875] FPS: 290.0 (232.8)  ,  DataTime: 0.042 (0.006)  ,  ForwardTime: 0.062  ,  TotalTime: 0.110  ,  Loss/total: 0.98215  ,  Loss/giou: 0.22424  ,  Loss/l1: 0.02532  ,  Loss/location: 0.38490  ,  pro_loss: 0.11083  ,  IoU: 0.79107  ,  Loss/sim: 0.00000
[train: Epoch 18, 700 / 1875] FPS: 291.2 (431.4)  ,  DataTime: 0.041 (0.006)  ,  ForwardTime: 0.062  ,  TotalTime: 0.110  ,  Loss/total: 0.97993  ,  Loss/giou: 0.22366  ,  Loss/l1: 0.02524  ,  Loss/location: 0.38415  ,  pro_loss: 0.11128  ,  IoU: 0.79157  ,  Loss/sim: 0.00000
[train: Epoch 18, 750 / 1875] FPS: 291.8 (408.5)  ,  DataTime: 0.041 (0.006)  ,  ForwardTime: 0.062  ,  TotalTime: 0.110  ,  Loss/total: 0.97912  ,  Loss/giou: 0.22356  ,  Loss/l1: 0.02517  ,  Loss/location: 0.38402  ,  pro_loss: 0.11071  ,  IoU: 0.79166  ,  Loss/sim: 0.00000
[train: Epoch 18, 800 / 1875] FPS: 293.0 (444.0)  ,  DataTime: 0.041 (0.006)  ,  ForwardTime: 0.062  ,  TotalTime: 0.109  ,  Loss/total: 0.97735  ,  Loss/giou: 0.22331  ,  Loss/l1: 0.02503  ,  Loss/location: 0.38343  ,  pro_loss: 0.11073  ,  IoU: 0.79180  ,  Loss/sim: 0.00000
[train: Epoch 18, 850 / 1875] FPS: 293.8 (391.0)  ,  DataTime: 0.040 (0.006)  ,  ForwardTime: 0.062  ,  TotalTime: 0.109  ,  Loss/total: 0.98270  ,  Loss/giou: 0.22449  ,  Loss/l1: 0.02523  ,  Loss/location: 0.38537  ,  pro_loss: 0.11093  ,  IoU: 0.79093  ,  Loss/sim: 0.00000
[train: Epoch 18, 900 / 1875] FPS: 296.0 (445.0)  ,  DataTime: 0.039 (0.006)  ,  ForwardTime: 0.062  ,  TotalTime: 0.108  ,  Loss/total: 0.98265  ,  Loss/giou: 0.22446  ,  Loss/l1: 0.02518  ,  Loss/location: 0.38565  ,  pro_loss: 0.11103  ,  IoU: 0.79097  ,  Loss/sim: 0.00000
[train: Epoch 18, 950 / 1875] FPS: 295.6 (147.5)  ,  DataTime: 0.040 (0.006)  ,  ForwardTime: 0.062  ,  TotalTime: 0.108  ,  Loss/total: 0.98198  ,  Loss/giou: 0.22426  ,  Loss/l1: 0.02513  ,  Loss/location: 0.38561  ,  pro_loss: 0.11105  ,  IoU: 0.79111  ,  Loss/sim: 0.00000
[train: Epoch 18, 1000 / 1875] FPS: 296.6 (451.4)  ,  DataTime: 0.039 (0.006)  ,  ForwardTime: 0.062  ,  TotalTime: 0.108  ,  Loss/total: 0.98210  ,  Loss/giou: 0.22419  ,  Loss/l1: 0.02508  ,  Loss/location: 0.38608  ,  pro_loss: 0.11111  ,  IoU: 0.79118  ,  Loss/sim: 0.00000
[train: Epoch 18, 1050 / 1875] FPS: 298.2 (448.8)  ,  DataTime: 0.038 (0.006)  ,  ForwardTime: 0.062  ,  TotalTime: 0.107  ,  Loss/total: 0.98486  ,  Loss/giou: 0.22484  ,  Loss/l1: 0.02517  ,  Loss/location: 0.38714  ,  pro_loss: 0.11092  ,  IoU: 0.79070  ,  Loss/sim: 0.00000
[train: Epoch 18, 1100 / 1875] FPS: 298.4 (448.7)  ,  DataTime: 0.038 (0.006)  ,  ForwardTime: 0.062  ,  TotalTime: 0.107  ,  Loss/total: 0.98665  ,  Loss/giou: 0.22516  ,  Loss/l1: 0.02521  ,  Loss/location: 0.38809  ,  pro_loss: 0.11095  ,  IoU: 0.79042  ,  Loss/sim: 0.00000
[train: Epoch 18, 1150 / 1875] FPS: 298.8 (91.0)  ,  DataTime: 0.038 (0.006)  ,  ForwardTime: 0.063  ,  TotalTime: 0.107  ,  Loss/total: 0.98799  ,  Loss/giou: 0.22557  ,  Loss/l1: 0.02529  ,  Loss/location: 0.38816  ,  pro_loss: 0.11117  ,  IoU: 0.79011  ,  Loss/sim: 0.00000
[train: Epoch 18, 1200 / 1875] FPS: 299.8 (428.0)  ,  DataTime: 0.038 (0.006)  ,  ForwardTime: 0.063  ,  TotalTime: 0.107  ,  Loss/total: 0.98719  ,  Loss/giou: 0.22537  ,  Loss/l1: 0.02525  ,  Loss/location: 0.38795  ,  pro_loss: 0.11132  ,  IoU: 0.79025  ,  Loss/sim: 0.00000
[train: Epoch 18, 1250 / 1875] FPS: 300.7 (447.1)  ,  DataTime: 0.037 (0.006)  ,  ForwardTime: 0.063  ,  TotalTime: 0.106  ,  Loss/total: 0.98769  ,  Loss/giou: 0.22566  ,  Loss/l1: 0.02525  ,  Loss/location: 0.38790  ,  pro_loss: 0.11119  ,  IoU: 0.79006  ,  Loss/sim: 0.00000
[train: Epoch 18, 1300 / 1875] FPS: 300.8 (444.3)  ,  DataTime: 0.037 (0.006)  ,  ForwardTime: 0.063  ,  TotalTime: 0.106  ,  Loss/total: 0.98703  ,  Loss/giou: 0.22542  ,  Loss/l1: 0.02520  ,  Loss/location: 0.38798  ,  pro_loss: 0.11112  ,  IoU: 0.79025  ,  Loss/sim: 0.00000
[train: Epoch 18, 1350 / 1875] FPS: 301.9 (278.3)  ,  DataTime: 0.037 (0.006)  ,  ForwardTime: 0.063  ,  TotalTime: 0.106  ,  Loss/total: 0.98715  ,  Loss/giou: 0.22529  ,  Loss/l1: 0.02519  ,  Loss/location: 0.38830  ,  pro_loss: 0.11168  ,  IoU: 0.79036  ,  Loss/sim: 0.00000
[train: Epoch 18, 1400 / 1875] FPS: 301.6 (437.5)  ,  DataTime: 0.037 (0.007)  ,  ForwardTime: 0.063  ,  TotalTime: 0.106  ,  Loss/total: 0.98990  ,  Loss/giou: 0.22591  ,  Loss/l1: 0.02527  ,  Loss/location: 0.38939  ,  pro_loss: 0.11164  ,  IoU: 0.78989  ,  Loss/sim: 0.00000
[train: Epoch 18, 1450 / 1875] FPS: 303.2 (442.2)  ,  DataTime: 0.036 (0.007)  ,  ForwardTime: 0.063  ,  TotalTime: 0.106  ,  Loss/total: 0.98917  ,  Loss/giou: 0.22571  ,  Loss/l1: 0.02525  ,  Loss/location: 0.38919  ,  pro_loss: 0.11168  ,  IoU: 0.79010  ,  Loss/sim: 0.00000
[train: Epoch 18, 1500 / 1875] FPS: 303.7 (362.5)  ,  DataTime: 0.036 (0.007)  ,  ForwardTime: 0.063  ,  TotalTime: 0.105  ,  Loss/total: 0.98733  ,  Loss/giou: 0.22519  ,  Loss/l1: 0.02514  ,  Loss/location: 0.38890  ,  pro_loss: 0.11170  ,  IoU: 0.79049  ,  Loss/sim: 0.00000
[train: Epoch 18, 1550 / 1875] FPS: 304.8 (442.8)  ,  DataTime: 0.036 (0.007)  ,  ForwardTime: 0.063  ,  TotalTime: 0.105  ,  Loss/total: 0.98664  ,  Loss/giou: 0.22498  ,  Loss/l1: 0.02512  ,  Loss/location: 0.38870  ,  pro_loss: 0.11182  ,  IoU: 0.79068  ,  Loss/sim: 0.00000
[train: Epoch 18, 1600 / 1875] FPS: 305.0 (130.2)  ,  DataTime: 0.036 (0.007)  ,  ForwardTime: 0.063  ,  TotalTime: 0.105  ,  Loss/total: 0.98792  ,  Loss/giou: 0.22521  ,  Loss/l1: 0.02518  ,  Loss/location: 0.38924  ,  pro_loss: 0.11173  ,  IoU: 0.79047  ,  Loss/sim: 0.00000
[train: Epoch 18, 1650 / 1875] FPS: 306.3 (439.3)  ,  DataTime: 0.035 (0.007)  ,  ForwardTime: 0.063  ,  TotalTime: 0.104  ,  Loss/total: 0.98711  ,  Loss/giou: 0.22505  ,  Loss/l1: 0.02516  ,  Loss/location: 0.38883  ,  pro_loss: 0.11186  ,  IoU: 0.79060  ,  Loss/sim: 0.00000
[train: Epoch 18, 1700 / 1875] FPS: 307.1 (413.5)  ,  DataTime: 0.035 (0.007)  ,  ForwardTime: 0.063  ,  TotalTime: 0.104  ,  Loss/total: 0.98663  ,  Loss/giou: 0.22498  ,  Loss/l1: 0.02516  ,  Loss/location: 0.38853  ,  pro_loss: 0.11176  ,  IoU: 0.79069  ,  Loss/sim: 0.00000
[train: Epoch 18, 1750 / 1875] FPS: 307.3 (432.2)  ,  DataTime: 0.035 (0.007)  ,  ForwardTime: 0.063  ,  TotalTime: 0.104  ,  Loss/total: 0.98659  ,  Loss/giou: 0.22499  ,  Loss/l1: 0.02516  ,  Loss/location: 0.38847  ,  pro_loss: 0.11170  ,  IoU: 0.79066  ,  Loss/sim: 0.00000
[train: Epoch 18, 1800 / 1875] FPS: 307.6 (393.7)  ,  DataTime: 0.034 (0.007)  ,  ForwardTime: 0.063  ,  TotalTime: 0.104  ,  Loss/total: 0.98621  ,  Loss/giou: 0.22499  ,  Loss/l1: 0.02516  ,  Loss/location: 0.38812  ,  pro_loss: 0.11156  ,  IoU: 0.79068  ,  Loss/sim: 0.00000
[train: Epoch 18, 1850 / 1875] FPS: 308.4 (444.0)  ,  DataTime: 0.034 (0.007)  ,  ForwardTime: 0.063  ,  TotalTime: 0.104  ,  Loss/total: 0.98497  ,  Loss/giou: 0.22473  ,  Loss/l1: 0.02508  ,  Loss/location: 0.38780  ,  pro_loss: 0.11156  ,  IoU: 0.79091  ,  Loss/sim: 0.00000
[train: Epoch 18, 1875 / 1875] FPS: 309.1 (513.3)  ,  DataTime: 0.034 (0.007)  ,  ForwardTime: 0.063  ,  TotalTime: 0.104  ,  Loss/total: 0.98605  ,  Loss/giou: 0.22499  ,  Loss/l1: 0.02513  ,  Loss/location: 0.38813  ,  pro_loss: 0.11147  ,  IoU: 0.79073  ,  Loss/sim: 0.00000
[train: Epoch 19, 50 / 1875] FPS: 261.2 (421.2)  ,  DataTime: 0.053 (0.007)  ,  ForwardTime: 0.063  ,  TotalTime: 0.123  ,  Loss/total: 0.96229  ,  Loss/giou: 0.22082  ,  Loss/l1: 0.02464  ,  Loss/location: 0.37482  ,  pro_loss: 0.11313  ,  IoU: 0.79630  ,  Loss/sim: 0.00000
[train: Epoch 19, 100 / 1875] FPS: 291.6 (447.9)  ,  DataTime: 0.040 (0.007)  ,  ForwardTime: 0.063  ,  TotalTime: 0.110  ,  Loss/total: 1.00543  ,  Loss/giou: 0.22787  ,  Loss/l1: 0.02611  ,  Loss/location: 0.39732  ,  pro_loss: 0.10906  ,  IoU: 0.78955  ,  Loss/sim: 0.00000
[train: Epoch 19, 150 / 1875] FPS: 307.3 (446.5)  ,  DataTime: 0.034 (0.007)  ,  ForwardTime: 0.063  ,  TotalTime: 0.104  ,  Loss/total: 1.00513  ,  Loss/giou: 0.22829  ,  Loss/l1: 0.02617  ,  Loss/location: 0.39559  ,  pro_loss: 0.11056  ,  IoU: 0.78912  ,  Loss/sim: 0.00000
[train: Epoch 19, 200 / 1875] FPS: 310.0 (392.1)  ,  DataTime: 0.033 (0.007)  ,  ForwardTime: 0.063  ,  TotalTime: 0.103  ,  Loss/total: 1.00387  ,  Loss/giou: 0.22806  ,  Loss/l1: 0.02592  ,  Loss/location: 0.39592  ,  pro_loss: 0.11104  ,  IoU: 0.78830  ,  Loss/sim: 0.00000
[train: Epoch 19, 250 / 1875] FPS: 314.7 (440.8)  ,  DataTime: 0.031 (0.007)  ,  ForwardTime: 0.064  ,  TotalTime: 0.102  ,  Loss/total: 1.01011  ,  Loss/giou: 0.22958  ,  Loss/l1: 0.02611  ,  Loss/location: 0.39810  ,  pro_loss: 0.11154  ,  IoU: 0.78713  ,  Loss/sim: 0.00000
[train: Epoch 19, 300 / 1875] FPS: 316.6 (399.3)  ,  DataTime: 0.031 (0.007)  ,  ForwardTime: 0.063  ,  TotalTime: 0.101  ,  Loss/total: 1.00242  ,  Loss/giou: 0.22783  ,  Loss/l1: 0.02585  ,  Loss/location: 0.39527  ,  pro_loss: 0.11114  ,  IoU: 0.78856  ,  Loss/sim: 0.00000
[train: Epoch 19, 350 / 1875] FPS: 321.5 (429.1)  ,  DataTime: 0.029 (0.007)  ,  ForwardTime: 0.063  ,  TotalTime: 0.100  ,  Loss/total: 1.00122  ,  Loss/giou: 0.22814  ,  Loss/l1: 0.02588  ,  Loss/location: 0.39345  ,  pro_loss: 0.11051  ,  IoU: 0.78817  ,  Loss/sim: 0.00000
[train: Epoch 19, 400 / 1875] FPS: 323.6 (439.9)  ,  DataTime: 0.029 (0.007)  ,  ForwardTime: 0.064  ,  TotalTime: 0.099  ,  Loss/total: 1.00053  ,  Loss/giou: 0.22798  ,  Loss/l1: 0.02585  ,  Loss/location: 0.39318  ,  pro_loss: 0.11062  ,  IoU: 0.78845  ,  Loss/sim: 0.00000
[train: Epoch 19, 450 / 1875] FPS: 326.5 (440.9)  ,  DataTime: 0.027 (0.007)  ,  ForwardTime: 0.064  ,  TotalTime: 0.098  ,  Loss/total: 0.99957  ,  Loss/giou: 0.22789  ,  Loss/l1: 0.02583  ,  Loss/location: 0.39264  ,  pro_loss: 0.11000  ,  IoU: 0.78833  ,  Loss/sim: 0.00000
[train: Epoch 19, 500 / 1875] FPS: 327.6 (453.7)  ,  DataTime: 0.027 (0.007)  ,  ForwardTime: 0.064  ,  TotalTime: 0.098  ,  Loss/total: 1.00289  ,  Loss/giou: 0.22859  ,  Loss/l1: 0.02600  ,  Loss/location: 0.39378  ,  pro_loss: 0.10973  ,  IoU: 0.78768  ,  Loss/sim: 0.00000
[train: Epoch 19, 550 / 1875] FPS: 327.1 (125.1)  ,  DataTime: 0.027 (0.007)  ,  ForwardTime: 0.064  ,  TotalTime: 0.098  ,  Loss/total: 0.99960  ,  Loss/giou: 0.22773  ,  Loss/l1: 0.02595  ,  Loss/location: 0.39241  ,  pro_loss: 0.10998  ,  IoU: 0.78847  ,  Loss/sim: 0.00000
[train: Epoch 19, 600 / 1875] FPS: 329.6 (429.5)  ,  DataTime: 0.026 (0.007)  ,  ForwardTime: 0.064  ,  TotalTime: 0.097  ,  Loss/total: 0.99612  ,  Loss/giou: 0.22692  ,  Loss/l1: 0.02583  ,  Loss/location: 0.39113  ,  pro_loss: 0.11005  ,  IoU: 0.78900  ,  Loss/sim: 0.00000
[train: Epoch 19, 650 / 1875] FPS: 329.9 (466.5)  ,  DataTime: 0.026 (0.007)  ,  ForwardTime: 0.064  ,  TotalTime: 0.097  ,  Loss/total: 0.99793  ,  Loss/giou: 0.22714  ,  Loss/l1: 0.02589  ,  Loss/location: 0.39234  ,  pro_loss: 0.10944  ,  IoU: 0.78885  ,  Loss/sim: 0.00000
[train: Epoch 19, 700 / 1875] FPS: 331.2 (455.0)  ,  DataTime: 0.026 (0.007)  ,  ForwardTime: 0.064  ,  TotalTime: 0.097  ,  Loss/total: 0.99685  ,  Loss/giou: 0.22673  ,  Loss/l1: 0.02590  ,  Loss/location: 0.39192  ,  pro_loss: 0.10993  ,  IoU: 0.78924  ,  Loss/sim: 0.00000
[train: Epoch 19, 750 / 1875] FPS: 331.9 (438.4)  ,  DataTime: 0.025 (0.007)  ,  ForwardTime: 0.064  ,  TotalTime: 0.096  ,  Loss/total: 0.99980  ,  Loss/giou: 0.22720  ,  Loss/l1: 0.02593  ,  Loss/location: 0.39375  ,  pro_loss: 0.10997  ,  IoU: 0.78870  ,  Loss/sim: 0.00000
[train: Epoch 19, 800 / 1875] FPS: 332.0 (422.7)  ,  DataTime: 0.025 (0.007)  ,  ForwardTime: 0.064  ,  TotalTime: 0.096  ,  Loss/total: 0.99754  ,  Loss/giou: 0.22671  ,  Loss/l1: 0.02579  ,  Loss/location: 0.39317  ,  pro_loss: 0.11005  ,  IoU: 0.78898  ,  Loss/sim: 0.00000
[train: Epoch 19, 850 / 1875] FPS: 331.3 (455.6)  ,  DataTime: 0.025 (0.007)  ,  ForwardTime: 0.064  ,  TotalTime: 0.097  ,  Loss/total: 0.99560  ,  Loss/giou: 0.22651  ,  Loss/l1: 0.02569  ,  Loss/location: 0.39210  ,  pro_loss: 0.11013  ,  IoU: 0.78909  ,  Loss/sim: 0.00000
[train: Epoch 19, 900 / 1875] FPS: 332.3 (445.3)  ,  DataTime: 0.025 (0.007)  ,  ForwardTime: 0.064  ,  TotalTime: 0.096  ,  Loss/total: 0.99662  ,  Loss/giou: 0.22680  ,  Loss/l1: 0.02570  ,  Loss/location: 0.39248  ,  pro_loss: 0.11021  ,  IoU: 0.78880  ,  Loss/sim: 0.00000
[train: Epoch 19, 950 / 1875] FPS: 333.6 (439.2)  ,  DataTime: 0.025 (0.007)  ,  ForwardTime: 0.064  ,  TotalTime: 0.096  ,  Loss/total: 0.99748  ,  Loss/giou: 0.22712  ,  Loss/l1: 0.02573  ,  Loss/location: 0.39258  ,  pro_loss: 0.10997  ,  IoU: 0.78852  ,  Loss/sim: 0.00000
[train: Epoch 19, 1000 / 1875] FPS: 333.9 (462.9)  ,  DataTime: 0.024 (0.007)  ,  ForwardTime: 0.065  ,  TotalTime: 0.096  ,  Loss/total: 0.99609  ,  Loss/giou: 0.22702  ,  Loss/l1: 0.02569  ,  Loss/location: 0.39159  ,  pro_loss: 0.10991  ,  IoU: 0.78873  ,  Loss/sim: 0.00000
[train: Epoch 19, 1050 / 1875] FPS: 334.9 (376.2)  ,  DataTime: 0.024 (0.007)  ,  ForwardTime: 0.065  ,  TotalTime: 0.096  ,  Loss/total: 0.99555  ,  Loss/giou: 0.22691  ,  Loss/l1: 0.02565  ,  Loss/location: 0.39151  ,  pro_loss: 0.10991  ,  IoU: 0.78878  ,  Loss/sim: 0.00000
[train: Epoch 19, 1100 / 1875] FPS: 335.4 (408.0)  ,  DataTime: 0.024 (0.007)  ,  ForwardTime: 0.065  ,  TotalTime: 0.095  ,  Loss/total: 0.99408  ,  Loss/giou: 0.22665  ,  Loss/l1: 0.02555  ,  Loss/location: 0.39106  ,  pro_loss: 0.10982  ,  IoU: 0.78892  ,  Loss/sim: 0.00000
[train: Epoch 19, 1150 / 1875] FPS: 336.5 (442.2)  ,  DataTime: 0.023 (0.007)  ,  ForwardTime: 0.065  ,  TotalTime: 0.095  ,  Loss/total: 0.99356  ,  Loss/giou: 0.22641  ,  Loss/l1: 0.02552  ,  Loss/location: 0.39118  ,  pro_loss: 0.10974  ,  IoU: 0.78918  ,  Loss/sim: 0.00000
[train: Epoch 19, 1200 / 1875] FPS: 336.6 (121.5)  ,  DataTime: 0.023 (0.007)  ,  ForwardTime: 0.065  ,  TotalTime: 0.095  ,  Loss/total: 0.99218  ,  Loss/giou: 0.22614  ,  Loss/l1: 0.02548  ,  Loss/location: 0.39056  ,  pro_loss: 0.10973  ,  IoU: 0.78934  ,  Loss/sim: 0.00000
[train: Epoch 19, 1250 / 1875] FPS: 337.0 (378.9)  ,  DataTime: 0.023 (0.007)  ,  ForwardTime: 0.065  ,  TotalTime: 0.095  ,  Loss/total: 0.99246  ,  Loss/giou: 0.22618  ,  Loss/l1: 0.02546  ,  Loss/location: 0.39086  ,  pro_loss: 0.10976  ,  IoU: 0.78931  ,  Loss/sim: 0.00000
[train: Epoch 19, 1300 / 1875] FPS: 337.2 (430.0)  ,  DataTime: 0.023 (0.007)  ,  ForwardTime: 0.065  ,  TotalTime: 0.095  ,  Loss/total: 0.99177  ,  Loss/giou: 0.22601  ,  Loss/l1: 0.02542  ,  Loss/location: 0.39071  ,  pro_loss: 0.10982  ,  IoU: 0.78949  ,  Loss/sim: 0.00000
[train: Epoch 19, 1350 / 1875] FPS: 337.6 (358.8)  ,  DataTime: 0.023 (0.007)  ,  ForwardTime: 0.065  ,  TotalTime: 0.095  ,  Loss/total: 0.99097  ,  Loss/giou: 0.22584  ,  Loss/l1: 0.02538  ,  Loss/location: 0.39039  ,  pro_loss: 0.11001  ,  IoU: 0.78965  ,  Loss/sim: 0.00000
[train: Epoch 19, 1400 / 1875] FPS: 338.3 (305.7)  ,  DataTime: 0.023 (0.007)  ,  ForwardTime: 0.065  ,  TotalTime: 0.095  ,  Loss/total: 0.99021  ,  Loss/giou: 0.22568  ,  Loss/l1: 0.02536  ,  Loss/location: 0.39005  ,  pro_loss: 0.11006  ,  IoU: 0.78974  ,  Loss/sim: 0.00000
[train: Epoch 19, 1450 / 1875] FPS: 339.2 (390.0)  ,  DataTime: 0.022 (0.007)  ,  ForwardTime: 0.065  ,  TotalTime: 0.094  ,  Loss/total: 0.99088  ,  Loss/giou: 0.22571  ,  Loss/l1: 0.02535  ,  Loss/location: 0.39071  ,  pro_loss: 0.10998  ,  IoU: 0.78971  ,  Loss/sim: 0.00000
[train: Epoch 19, 1500 / 1875] FPS: 339.1 (440.4)  ,  DataTime: 0.022 (0.007)  ,  ForwardTime: 0.065  ,  TotalTime: 0.094  ,  Loss/total: 0.99071  ,  Loss/giou: 0.22575  ,  Loss/l1: 0.02534  ,  Loss/location: 0.39053  ,  pro_loss: 0.11001  ,  IoU: 0.78969  ,  Loss/sim: 0.00000
[train: Epoch 19, 1550 / 1875] FPS: 339.3 (456.3)  ,  DataTime: 0.022 (0.007)  ,  ForwardTime: 0.065  ,  TotalTime: 0.094  ,  Loss/total: 0.98933  ,  Loss/giou: 0.22552  ,  Loss/l1: 0.02529  ,  Loss/location: 0.38983  ,  pro_loss: 0.10996  ,  IoU: 0.78987  ,  Loss/sim: 0.00000
[train: Epoch 19, 1600 / 1875] FPS: 339.4 (446.6)  ,  DataTime: 0.022 (0.007)  ,  ForwardTime: 0.065  ,  TotalTime: 0.094  ,  Loss/total: 0.98973  ,  Loss/giou: 0.22561  ,  Loss/l1: 0.02532  ,  Loss/location: 0.38989  ,  pro_loss: 0.11004  ,  IoU: 0.78978  ,  Loss/sim: 0.00000
[train: Epoch 19, 1650 / 1875] FPS: 340.0 (438.4)  ,  DataTime: 0.022 (0.007)  ,  ForwardTime: 0.065  ,  TotalTime: 0.094  ,  Loss/total: 0.98952  ,  Loss/giou: 0.22552  ,  Loss/l1: 0.02530  ,  Loss/location: 0.38991  ,  pro_loss: 0.11033  ,  IoU: 0.78988  ,  Loss/sim: 0.00000
[train: Epoch 19, 1700 / 1875] FPS: 340.3 (414.0)  ,  DataTime: 0.022 (0.007)  ,  ForwardTime: 0.065  ,  TotalTime: 0.094  ,  Loss/total: 0.98772  ,  Loss/giou: 0.22526  ,  Loss/l1: 0.02523  ,  Loss/location: 0.38898  ,  pro_loss: 0.11031  ,  IoU: 0.79009  ,  Loss/sim: 0.00000
[train: Epoch 19, 1750 / 1875] FPS: 340.5 (441.9)  ,  DataTime: 0.022 (0.007)  ,  ForwardTime: 0.065  ,  TotalTime: 0.094  ,  Loss/total: 0.98773  ,  Loss/giou: 0.22533  ,  Loss/l1: 0.02523  ,  Loss/location: 0.38891  ,  pro_loss: 0.11014  ,  IoU: 0.79009  ,  Loss/sim: 0.00000
[train: Epoch 19, 1800 / 1875] FPS: 340.2 (446.0)  ,  DataTime: 0.022 (0.007)  ,  ForwardTime: 0.065  ,  TotalTime: 0.094  ,  Loss/total: 0.98714  ,  Loss/giou: 0.22516  ,  Loss/l1: 0.02519  ,  Loss/location: 0.38886  ,  pro_loss: 0.11010  ,  IoU: 0.79022  ,  Loss/sim: 0.00000
[train: Epoch 19, 1850 / 1875] FPS: 340.7 (428.6)  ,  DataTime: 0.022 (0.007)  ,  ForwardTime: 0.065  ,  TotalTime: 0.094  ,  Loss/total: 0.98640  ,  Loss/giou: 0.22502  ,  Loss/l1: 0.02515  ,  Loss/location: 0.38859  ,  pro_loss: 0.11016  ,  IoU: 0.79033  ,  Loss/sim: 0.00000
[train: Epoch 19, 1875 / 1875] FPS: 341.2 (511.1)  ,  DataTime: 0.022 (0.007)  ,  ForwardTime: 0.065  ,  TotalTime: 0.094  ,  Loss/total: 0.98607  ,  Loss/giou: 0.22498  ,  Loss/l1: 0.02514  ,  Loss/location: 0.38836  ,  pro_loss: 0.11024  ,  IoU: 0.79036  ,  Loss/sim: 0.00000
[train: Epoch 20, 50 / 1875] FPS: 284.1 (426.4)  ,  DataTime: 0.037 (0.008)  ,  ForwardTime: 0.068  ,  TotalTime: 0.113  ,  Loss/total: 1.00233  ,  Loss/giou: 0.23035  ,  Loss/l1: 0.02595  ,  Loss/location: 0.38990  ,  pro_loss: 0.10979  ,  IoU: 0.78654  ,  Loss/sim: 0.00000
[train: Epoch 20, 100 / 1875] FPS: 305.0 (437.2)  ,  DataTime: 0.031 (0.007)  ,  ForwardTime: 0.067  ,  TotalTime: 0.105  ,  Loss/total: 0.98992  ,  Loss/giou: 0.22742  ,  Loss/l1: 0.02508  ,  Loss/location: 0.38834  ,  pro_loss: 0.10677  ,  IoU: 0.78894  ,  Loss/sim: 0.00000
[train: Epoch 20, 150 / 1875] FPS: 324.6 (427.2)  ,  DataTime: 0.024 (0.007)  ,  ForwardTime: 0.068  ,  TotalTime: 0.099  ,  Loss/total: 0.97619  ,  Loss/giou: 0.22390  ,  Loss/l1: 0.02470  ,  Loss/location: 0.38371  ,  pro_loss: 0.10597  ,  IoU: 0.79180  ,  Loss/sim: 0.00000
[train: Epoch 20, 200 / 1875] FPS: 332.3 (447.4)  ,  DataTime: 0.022 (0.007)  ,  ForwardTime: 0.067  ,  TotalTime: 0.096  ,  Loss/total: 0.96560  ,  Loss/giou: 0.22114  ,  Loss/l1: 0.02410  ,  Loss/location: 0.38182  ,  pro_loss: 0.10495  ,  IoU: 0.79402  ,  Loss/sim: 0.00000
[train: Epoch 20, 250 / 1875] FPS: 333.6 (406.7)  ,  DataTime: 0.022 (0.007)  ,  ForwardTime: 0.067  ,  TotalTime: 0.096  ,  Loss/total: 0.95700  ,  Loss/giou: 0.21926  ,  Loss/l1: 0.02377  ,  Loss/location: 0.37834  ,  pro_loss: 0.10654  ,  IoU: 0.79531  ,  Loss/sim: 0.00000
[train: Epoch 20, 300 / 1875] FPS: 337.9 (377.3)  ,  DataTime: 0.020 (0.007)  ,  ForwardTime: 0.067  ,  TotalTime: 0.095  ,  Loss/total: 0.97606  ,  Loss/giou: 0.22316  ,  Loss/l1: 0.02450  ,  Loss/location: 0.38610  ,  pro_loss: 0.10576  ,  IoU: 0.79227  ,  Loss/sim: 0.00000
[train: Epoch 20, 350 / 1875] FPS: 340.2 (412.9)  ,  DataTime: 0.020 (0.007)  ,  ForwardTime: 0.067  ,  TotalTime: 0.094  ,  Loss/total: 0.97399  ,  Loss/giou: 0.22289  ,  Loss/l1: 0.02439  ,  Loss/location: 0.38511  ,  pro_loss: 0.10586  ,  IoU: 0.79244  ,  Loss/sim: 0.00000
[train: Epoch 20, 400 / 1875] FPS: 340.2 (305.3)  ,  DataTime: 0.020 (0.007)  ,  ForwardTime: 0.067  ,  TotalTime: 0.094  ,  Loss/total: 0.97514  ,  Loss/giou: 0.22318  ,  Loss/l1: 0.02439  ,  Loss/location: 0.38578  ,  pro_loss: 0.10516  ,  IoU: 0.79199  ,  Loss/sim: 0.00000
[train: Epoch 20, 450 / 1875] FPS: 344.5 (420.8)  ,  DataTime: 0.018 (0.007)  ,  ForwardTime: 0.067  ,  TotalTime: 0.093  ,  Loss/total: 0.98001  ,  Loss/giou: 0.22385  ,  Loss/l1: 0.02452  ,  Loss/location: 0.38859  ,  pro_loss: 0.10553  ,  IoU: 0.79134  ,  Loss/sim: 0.00000
[train: Epoch 20, 500 / 1875] FPS: 343.5 (389.0)  ,  DataTime: 0.019 (0.007)  ,  ForwardTime: 0.067  ,  TotalTime: 0.093  ,  Loss/total: 0.97970  ,  Loss/giou: 0.22366  ,  Loss/l1: 0.02458  ,  Loss/location: 0.38845  ,  pro_loss: 0.10521  ,  IoU: 0.79155  ,  Loss/sim: 0.00000
[train: Epoch 20, 550 / 1875] FPS: 344.4 (396.3)  ,  DataTime: 0.018 (0.007)  ,  ForwardTime: 0.067  ,  TotalTime: 0.093  ,  Loss/total: 0.97714  ,  Loss/giou: 0.22317  ,  Loss/l1: 0.02449  ,  Loss/location: 0.38726  ,  pro_loss: 0.10538  ,  IoU: 0.79205  ,  Loss/sim: 0.00000
[train: Epoch 20, 600 / 1875] FPS: 346.3 (415.1)  ,  DataTime: 0.018 (0.007)  ,  ForwardTime: 0.067  ,  TotalTime: 0.092  ,  Loss/total: 0.97547  ,  Loss/giou: 0.22264  ,  Loss/l1: 0.02441  ,  Loss/location: 0.38712  ,  pro_loss: 0.10500  ,  IoU: 0.79249  ,  Loss/sim: 0.00000
[train: Epoch 20, 650 / 1875] FPS: 344.6 (164.0)  ,  DataTime: 0.019 (0.007)  ,  ForwardTime: 0.067  ,  TotalTime: 0.093  ,  Loss/total: 0.97663  ,  Loss/giou: 0.22315  ,  Loss/l1: 0.02448  ,  Loss/location: 0.38698  ,  pro_loss: 0.10479  ,  IoU: 0.79215  ,  Loss/sim: 0.00000
[train: Epoch 20, 700 / 1875] FPS: 345.4 (420.6)  ,  DataTime: 0.019 (0.007)  ,  ForwardTime: 0.067  ,  TotalTime: 0.093  ,  Loss/total: 0.97693  ,  Loss/giou: 0.22327  ,  Loss/l1: 0.02447  ,  Loss/location: 0.38709  ,  pro_loss: 0.10469  ,  IoU: 0.79209  ,  Loss/sim: 0.00000
[train: Epoch 20, 750 / 1875] FPS: 346.4 (426.2)  ,  DataTime: 0.018 (0.007)  ,  ForwardTime: 0.067  ,  TotalTime: 0.092  ,  Loss/total: 0.98093  ,  Loss/giou: 0.22404  ,  Loss/l1: 0.02460  ,  Loss/location: 0.38885  ,  pro_loss: 0.10508  ,  IoU: 0.79142  ,  Loss/sim: 0.00000
[train: Epoch 20, 800 / 1875] FPS: 347.1 (424.0)  ,  DataTime: 0.018 (0.007)  ,  ForwardTime: 0.067  ,  TotalTime: 0.092  ,  Loss/total: 0.98013  ,  Loss/giou: 0.22370  ,  Loss/l1: 0.02450  ,  Loss/location: 0.38916  ,  pro_loss: 0.10533  ,  IoU: 0.79168  ,  Loss/sim: 0.00000
[train: Epoch 20, 850 / 1875] FPS: 347.1 (90.8)  ,  DataTime: 0.018 (0.007)  ,  ForwardTime: 0.067  ,  TotalTime: 0.092  ,  Loss/total: 0.98017  ,  Loss/giou: 0.22377  ,  Loss/l1: 0.02449  ,  Loss/location: 0.38906  ,  pro_loss: 0.10561  ,  IoU: 0.79168  ,  Loss/sim: 0.00000
[train: Epoch 20, 900 / 1875] FPS: 347.5 (374.6)  ,  DataTime: 0.018 (0.007)  ,  ForwardTime: 0.067  ,  TotalTime: 0.092  ,  Loss/total: 0.98447  ,  Loss/giou: 0.22483  ,  Loss/l1: 0.02466  ,  Loss/location: 0.39034  ,  pro_loss: 0.10574  ,  IoU: 0.79084  ,  Loss/sim: 0.00000
[train: Epoch 20, 950 / 1875] FPS: 348.2 (368.5)  ,  DataTime: 0.018 (0.007)  ,  ForwardTime: 0.067  ,  TotalTime: 0.092  ,  Loss/total: 0.98518  ,  Loss/giou: 0.22496  ,  Loss/l1: 0.02470  ,  Loss/location: 0.39056  ,  pro_loss: 0.10599  ,  IoU: 0.79070  ,  Loss/sim: 0.00000
[train: Epoch 20, 1000 / 1875] FPS: 349.8 (383.2)  ,  DataTime: 0.017 (0.007)  ,  ForwardTime: 0.067  ,  TotalTime: 0.091  ,  Loss/total: 0.98610  ,  Loss/giou: 0.22524  ,  Loss/l1: 0.02475  ,  Loss/location: 0.39066  ,  pro_loss: 0.10614  ,  IoU: 0.79041  ,  Loss/sim: 0.00000
[train: Epoch 20, 1050 / 1875] FPS: 349.0 (358.2)  ,  DataTime: 0.017 (0.007)  ,  ForwardTime: 0.067  ,  TotalTime: 0.092  ,  Loss/total: 0.98482  ,  Loss/giou: 0.22505  ,  Loss/l1: 0.02469  ,  Loss/location: 0.38999  ,  pro_loss: 0.10635  ,  IoU: 0.79060  ,  Loss/sim: 0.00000
[train: Epoch 20, 1100 / 1875] FPS: 350.0 (301.4)  ,  DataTime: 0.017 (0.007)  ,  ForwardTime: 0.067  ,  TotalTime: 0.091  ,  Loss/total: 0.98600  ,  Loss/giou: 0.22528  ,  Loss/l1: 0.02472  ,  Loss/location: 0.39057  ,  pro_loss: 0.10633  ,  IoU: 0.79040  ,  Loss/sim: 0.00000
[train: Epoch 20, 1150 / 1875] FPS: 350.3 (405.4)  ,  DataTime: 0.017 (0.007)  ,  ForwardTime: 0.067  ,  TotalTime: 0.091  ,  Loss/total: 0.98846  ,  Loss/giou: 0.22587  ,  Loss/l1: 0.02491  ,  Loss/location: 0.39092  ,  pro_loss: 0.10629  ,  IoU: 0.78998  ,  Loss/sim: 0.00000
[train: Epoch 20, 1200 / 1875] FPS: 349.9 (275.1)  ,  DataTime: 0.017 (0.007)  ,  ForwardTime: 0.067  ,  TotalTime: 0.091  ,  Loss/total: 0.98841  ,  Loss/giou: 0.22584  ,  Loss/l1: 0.02491  ,  Loss/location: 0.39088  ,  pro_loss: 0.10641  ,  IoU: 0.78994  ,  Loss/sim: 0.00000
[train: Epoch 20, 1250 / 1875] FPS: 350.3 (442.5)  ,  DataTime: 0.017 (0.007)  ,  ForwardTime: 0.067  ,  TotalTime: 0.091  ,  Loss/total: 0.98876  ,  Loss/giou: 0.22583  ,  Loss/l1: 0.02494  ,  Loss/location: 0.39109  ,  pro_loss: 0.10650  ,  IoU: 0.78990  ,  Loss/sim: 0.00000
[train: Epoch 20, 1300 / 1875] FPS: 350.1 (172.6)  ,  DataTime: 0.017 (0.007)  ,  ForwardTime: 0.067  ,  TotalTime: 0.091  ,  Loss/total: 0.98876  ,  Loss/giou: 0.22575  ,  Loss/l1: 0.02495  ,  Loss/location: 0.39118  ,  pro_loss: 0.10657  ,  IoU: 0.78998  ,  Loss/sim: 0.00000
[train: Epoch 20, 1350 / 1875] FPS: 350.4 (442.2)  ,  DataTime: 0.017 (0.007)  ,  ForwardTime: 0.067  ,  TotalTime: 0.091  ,  Loss/total: 0.99036  ,  Loss/giou: 0.22610  ,  Loss/l1: 0.02503  ,  Loss/location: 0.39172  ,  pro_loss: 0.10642  ,  IoU: 0.78971  ,  Loss/sim: 0.00000
[train: Epoch 20, 1400 / 1875] FPS: 350.7 (418.4)  ,  DataTime: 0.017 (0.007)  ,  ForwardTime: 0.067  ,  TotalTime: 0.091  ,  Loss/total: 0.98988  ,  Loss/giou: 0.22597  ,  Loss/l1: 0.02502  ,  Loss/location: 0.39155  ,  pro_loss: 0.10641  ,  IoU: 0.78982  ,  Loss/sim: 0.00000
[train: Epoch 20, 1450 / 1875] FPS: 351.4 (425.6)  ,  DataTime: 0.017 (0.007)  ,  ForwardTime: 0.067  ,  TotalTime: 0.091  ,  Loss/total: 0.99067  ,  Loss/giou: 0.22617  ,  Loss/l1: 0.02507  ,  Loss/location: 0.39174  ,  pro_loss: 0.10639  ,  IoU: 0.78964  ,  Loss/sim: 0.00000
[train: Epoch 20, 1500 / 1875] FPS: 350.7 (168.5)  ,  DataTime: 0.017 (0.007)  ,  ForwardTime: 0.067  ,  TotalTime: 0.091  ,  Loss/total: 0.99151  ,  Loss/giou: 0.22640  ,  Loss/l1: 0.02508  ,  Loss/location: 0.39203  ,  pro_loss: 0.10640  ,  IoU: 0.78946  ,  Loss/sim: 0.00000
[train: Epoch 20, 1550 / 1875] FPS: 351.2 (424.6)  ,  DataTime: 0.017 (0.007)  ,  ForwardTime: 0.067  ,  TotalTime: 0.091  ,  Loss/total: 0.99171  ,  Loss/giou: 0.22639  ,  Loss/l1: 0.02510  ,  Loss/location: 0.39221  ,  pro_loss: 0.10618  ,  IoU: 0.78947  ,  Loss/sim: 0.00000
[train: Epoch 20, 1600 / 1875] FPS: 351.7 (430.0)  ,  DataTime: 0.017 (0.007)  ,  ForwardTime: 0.067  ,  TotalTime: 0.091  ,  Loss/total: 0.99098  ,  Loss/giou: 0.22624  ,  Loss/l1: 0.02509  ,  Loss/location: 0.39180  ,  pro_loss: 0.10613  ,  IoU: 0.78959  ,  Loss/sim: 0.00000
[train: Epoch 20, 1650 / 1875] FPS: 351.9 (439.5)  ,  DataTime: 0.017 (0.007)  ,  ForwardTime: 0.067  ,  TotalTime: 0.091  ,  Loss/total: 0.99115  ,  Loss/giou: 0.22627  ,  Loss/l1: 0.02510  ,  Loss/location: 0.39193  ,  pro_loss: 0.10595  ,  IoU: 0.78958  ,  Loss/sim: 0.00000
[train: Epoch 20, 1700 / 1875] FPS: 352.1 (426.0)  ,  DataTime: 0.016 (0.007)  ,  ForwardTime: 0.067  ,  TotalTime: 0.091  ,  Loss/total: 0.99068  ,  Loss/giou: 0.22623  ,  Loss/l1: 0.02509  ,  Loss/location: 0.39159  ,  pro_loss: 0.10591  ,  IoU: 0.78955  ,  Loss/sim: 0.00000
[train: Epoch 20, 1750 / 1875] FPS: 352.2 (182.5)  ,  DataTime: 0.016 (0.007)  ,  ForwardTime: 0.067  ,  TotalTime: 0.091  ,  Loss/total: 0.98942  ,  Loss/giou: 0.22594  ,  Loss/l1: 0.02505  ,  Loss/location: 0.39114  ,  pro_loss: 0.10583  ,  IoU: 0.78982  ,  Loss/sim: 0.00000
[train: Epoch 20, 1800 / 1875] FPS: 352.3 (394.5)  ,  DataTime: 0.016 (0.007)  ,  ForwardTime: 0.067  ,  TotalTime: 0.091  ,  Loss/total: 0.99039  ,  Loss/giou: 0.22607  ,  Loss/l1: 0.02509  ,  Loss/location: 0.39161  ,  pro_loss: 0.10601  ,  IoU: 0.78971  ,  Loss/sim: 0.00000
[train: Epoch 20, 1850 / 1875] FPS: 353.0 (351.6)  ,  DataTime: 0.016 (0.007)  ,  ForwardTime: 0.067  ,  TotalTime: 0.091  ,  Loss/total: 0.98959  ,  Loss/giou: 0.22589  ,  Loss/l1: 0.02506  ,  Loss/location: 0.39131  ,  pro_loss: 0.10612  ,  IoU: 0.78984  ,  Loss/sim: 0.00000
[train: Epoch 20, 1875 / 1875] FPS: 353.6 (513.5)  ,  DataTime: 0.016 (0.007)  ,  ForwardTime: 0.067  ,  TotalTime: 0.090  ,  Loss/total: 0.98952  ,  Loss/giou: 0.22590  ,  Loss/l1: 0.02506  ,  Loss/location: 0.39125  ,  pro_loss: 0.10595  ,  IoU: 0.78984  ,  Loss/sim: 0.00000
[val: Epoch 20, 50 / 312] FPS: 64.8 (12.8)  ,  DataTime: 0.463 (0.006)  ,  ForwardTime: 0.025  ,  TotalTime: 0.494  ,  Loss/total: 1.02437  ,  Loss/giou: 0.24167  ,  Loss/l1: 0.02233  ,  Loss/location: 0.42932  ,  pro_loss: 0.00021  ,  IoU: 0.77536  ,  Loss/sim: 0.00000
[val: Epoch 20, 100 / 312] FPS: 75.0 (912.7)  ,  DataTime: 0.396 (0.006)  ,  ForwardTime: 0.025  ,  TotalTime: 0.427  ,  Loss/total: 1.01940  ,  Loss/giou: 0.24251  ,  Loss/l1: 0.02258  ,  Loss/location: 0.42146  ,  pro_loss: 0.00010  ,  IoU: 0.77512  ,  Loss/sim: 0.00000
[val: Epoch 20, 150 / 312] FPS: 80.0 (900.0)  ,  DataTime: 0.369 (0.006)  ,  ForwardTime: 0.025  ,  TotalTime: 0.400  ,  Loss/total: 0.99866  ,  Loss/giou: 0.23866  ,  Loss/l1: 0.02197  ,  Loss/location: 0.41146  ,  pro_loss: 0.00014  ,  IoU: 0.77845  ,  Loss/sim: 0.00000
[val: Epoch 20, 200 / 312] FPS: 83.1 (879.0)  ,  DataTime: 0.354 (0.006)  ,  ForwardTime: 0.025  ,  TotalTime: 0.385  ,  Loss/total: 0.99250  ,  Loss/giou: 0.23784  ,  Loss/l1: 0.02176  ,  Loss/location: 0.40796  ,  pro_loss: 0.00026  ,  IoU: 0.77895  ,  Loss/sim: 0.00000
[val: Epoch 20, 250 / 312] FPS: 81.8 (11.3)  ,  DataTime: 0.360 (0.006)  ,  ForwardTime: 0.025  ,  TotalTime: 0.391  ,  Loss/total: 0.98567  ,  Loss/giou: 0.23701  ,  Loss/l1: 0.02179  ,  Loss/location: 0.40268  ,  pro_loss: 0.00025  ,  IoU: 0.77995  ,  Loss/sim: 0.00000
[val: Epoch 20, 300 / 312] FPS: 83.9 (938.8)  ,  DataTime: 0.350 (0.006)  ,  ForwardTime: 0.025  ,  TotalTime: 0.381  ,  Loss/total: 0.98276  ,  Loss/giou: 0.23611  ,  Loss/l1: 0.02163  ,  Loss/location: 0.40233  ,  pro_loss: 0.00028  ,  IoU: 0.78067  ,  Loss/sim: 0.00000
[val: Epoch 20, 312 / 312] FPS: 85.7 (997.6)  ,  DataTime: 0.342 (0.006)  ,  ForwardTime: 0.025  ,  TotalTime: 0.373  ,  Loss/total: 0.98046  ,  Loss/giou: 0.23575  ,  Loss/l1: 0.02166  ,  Loss/location: 0.40058  ,  pro_loss: 0.00027  ,  IoU: 0.78096  ,  Loss/sim: 0.00000
[train: Epoch 21, 50 / 1875] FPS: 42.7 (497.4)  ,  DataTime: 0.689 (0.005)  ,  ForwardTime: 0.057  ,  TotalTime: 0.750  ,  Loss/total: 1.00362  ,  Loss/giou: 0.22520  ,  Loss/l1: 0.02578  ,  Loss/location: 0.40299  ,  pro_loss: 0.10666  ,  IoU: 0.79090  ,  Loss/sim: 0.00000
[train: Epoch 21, 100 / 1875] FPS: 44.0 (494.1)  ,  DataTime: 0.666 (0.005)  ,  ForwardTime: 0.057  ,  TotalTime: 0.728  ,  Loss/total: 0.99318  ,  Loss/giou: 0.22307  ,  Loss/l1: 0.02530  ,  Loss/location: 0.39893  ,  pro_loss: 0.10802  ,  IoU: 0.79257  ,  Loss/sim: 0.00000
[train: Epoch 21, 150 / 1875] FPS: 47.5 (493.9)  ,  DataTime: 0.612 (0.005)  ,  ForwardTime: 0.057  ,  TotalTime: 0.673  ,  Loss/total: 1.00076  ,  Loss/giou: 0.22584  ,  Loss/l1: 0.02578  ,  Loss/location: 0.39914  ,  pro_loss: 0.10528  ,  IoU: 0.78967  ,  Loss/sim: 0.00000
[train: Epoch 21, 200 / 1875] FPS: 49.2 (491.2)  ,  DataTime: 0.589 (0.005)  ,  ForwardTime: 0.057  ,  TotalTime: 0.650  ,  Loss/total: 0.98812  ,  Loss/giou: 0.22319  ,  Loss/l1: 0.02527  ,  Loss/location: 0.39432  ,  pro_loss: 0.10542  ,  IoU: 0.79165  ,  Loss/sim: 0.00000
[train: Epoch 21, 250 / 1875] FPS: 50.5 (321.3)  ,  DataTime: 0.573 (0.005)  ,  ForwardTime: 0.057  ,  TotalTime: 0.634  ,  Loss/total: 0.97865  ,  Loss/giou: 0.22167  ,  Loss/l1: 0.02475  ,  Loss/location: 0.39034  ,  pro_loss: 0.10612  ,  IoU: 0.79293  ,  Loss/sim: 0.00000
[train: Epoch 21, 300 / 1875] FPS: 50.9 (19.0)  ,  DataTime: 0.568 (0.005)  ,  ForwardTime: 0.057  ,  TotalTime: 0.629  ,  Loss/total: 0.97175  ,  Loss/giou: 0.22046  ,  Loss/l1: 0.02439  ,  Loss/location: 0.38789  ,  pro_loss: 0.10479  ,  IoU: 0.79381  ,  Loss/sim: 0.00000
[train: Epoch 21, 350 / 1875] FPS: 52.5 (493.7)  ,  DataTime: 0.549 (0.005)  ,  ForwardTime: 0.057  ,  TotalTime: 0.610  ,  Loss/total: 0.97446  ,  Loss/giou: 0.22056  ,  Loss/l1: 0.02449  ,  Loss/location: 0.38997  ,  pro_loss: 0.10470  ,  IoU: 0.79392  ,  Loss/sim: 0.00000
[train: Epoch 21, 400 / 1875] FPS: 53.6 (509.9)  ,  DataTime: 0.536 (0.005)  ,  ForwardTime: 0.057  ,  TotalTime: 0.597  ,  Loss/total: 0.98126  ,  Loss/giou: 0.22193  ,  Loss/l1: 0.02473  ,  Loss/location: 0.39270  ,  pro_loss: 0.10518  ,  IoU: 0.79290  ,  Loss/sim: 0.00000
[train: Epoch 21, 450 / 1875] FPS: 54.7 (506.0)  ,  DataTime: 0.524 (0.005)  ,  ForwardTime: 0.057  ,  TotalTime: 0.585  ,  Loss/total: 0.97932  ,  Loss/giou: 0.22177  ,  Loss/l1: 0.02473  ,  Loss/location: 0.39113  ,  pro_loss: 0.10509  ,  IoU: 0.79315  ,  Loss/sim: 0.00000
[train: Epoch 21, 500 / 1875] FPS: 55.6 (11.3)  ,  DataTime: 0.514 (0.005)  ,  ForwardTime: 0.057  ,  TotalTime: 0.575  ,  Loss/total: 0.98037  ,  Loss/giou: 0.22236  ,  Loss/l1: 0.02483  ,  Loss/location: 0.39037  ,  pro_loss: 0.10556  ,  IoU: 0.79272  ,  Loss/sim: 0.00000
[train: Epoch 21, 550 / 1875] FPS: 56.8 (494.3)  ,  DataTime: 0.502 (0.005)  ,  ForwardTime: 0.057  ,  TotalTime: 0.563  ,  Loss/total: 0.98588  ,  Loss/giou: 0.22349  ,  Loss/l1: 0.02498  ,  Loss/location: 0.39283  ,  pro_loss: 0.10568  ,  IoU: 0.79179  ,  Loss/sim: 0.00000
[train: Epoch 21, 600 / 1875] FPS: 57.7 (502.2)  ,  DataTime: 0.493 (0.005)  ,  ForwardTime: 0.057  ,  TotalTime: 0.555  ,  Loss/total: 0.99051  ,  Loss/giou: 0.22442  ,  Loss/l1: 0.02518  ,  Loss/location: 0.39461  ,  pro_loss: 0.10589  ,  IoU: 0.79110  ,  Loss/sim: 0.00000
[train: Epoch 21, 650 / 1875] FPS: 59.0 (486.0)  ,  DataTime: 0.481 (0.005)  ,  ForwardTime: 0.057  ,  TotalTime: 0.543  ,  Loss/total: 0.98618  ,  Loss/giou: 0.22362  ,  Loss/l1: 0.02501  ,  Loss/location: 0.39266  ,  pro_loss: 0.10609  ,  IoU: 0.79164  ,  Loss/sim: 0.00000
[train: Epoch 21, 700 / 1875] FPS: 60.0 (507.8)  ,  DataTime: 0.473 (0.005)  ,  ForwardTime: 0.057  ,  TotalTime: 0.534  ,  Loss/total: 0.98795  ,  Loss/giou: 0.22401  ,  Loss/l1: 0.02503  ,  Loss/location: 0.39350  ,  pro_loss: 0.10638  ,  IoU: 0.79132  ,  Loss/sim: 0.00000
[train: Epoch 21, 750 / 1875] FPS: 60.9 (505.2)  ,  DataTime: 0.465 (0.005)  ,  ForwardTime: 0.057  ,  TotalTime: 0.526  ,  Loss/total: 0.98502  ,  Loss/giou: 0.22353  ,  Loss/l1: 0.02494  ,  Loss/location: 0.39203  ,  pro_loss: 0.10621  ,  IoU: 0.79168  ,  Loss/sim: 0.00000
[train: Epoch 21, 800 / 1875] FPS: 61.8 (506.6)  ,  DataTime: 0.456 (0.005)  ,  ForwardTime: 0.057  ,  TotalTime: 0.518  ,  Loss/total: 0.98603  ,  Loss/giou: 0.22368  ,  Loss/l1: 0.02498  ,  Loss/location: 0.39245  ,  pro_loss: 0.10658  ,  IoU: 0.79153  ,  Loss/sim: 0.00000
[train: Epoch 21, 850 / 1875] FPS: 62.8 (504.2)  ,  DataTime: 0.448 (0.005)  ,  ForwardTime: 0.057  ,  TotalTime: 0.509  ,  Loss/total: 0.98407  ,  Loss/giou: 0.22313  ,  Loss/l1: 0.02488  ,  Loss/location: 0.39211  ,  pro_loss: 0.10664  ,  IoU: 0.79200  ,  Loss/sim: 0.00000
[train: Epoch 21, 900 / 1875] FPS: 63.7 (494.1)  ,  DataTime: 0.441 (0.005)  ,  ForwardTime: 0.057  ,  TotalTime: 0.503  ,  Loss/total: 0.98269  ,  Loss/giou: 0.22298  ,  Loss/l1: 0.02486  ,  Loss/location: 0.39116  ,  pro_loss: 0.10641  ,  IoU: 0.79219  ,  Loss/sim: 0.00000
[train: Epoch 21, 950 / 1875] FPS: 63.7 (12.3)  ,  DataTime: 0.441 (0.005)  ,  ForwardTime: 0.057  ,  TotalTime: 0.502  ,  Loss/total: 0.98398  ,  Loss/giou: 0.22324  ,  Loss/l1: 0.02495  ,  Loss/location: 0.39148  ,  pro_loss: 0.10632  ,  IoU: 0.79200  ,  Loss/sim: 0.00000
[train: Epoch 21, 1000 / 1875] FPS: 64.4 (495.7)  ,  DataTime: 0.436 (0.005)  ,  ForwardTime: 0.057  ,  TotalTime: 0.497  ,  Loss/total: 0.98337  ,  Loss/giou: 0.22323  ,  Loss/l1: 0.02491  ,  Loss/location: 0.39108  ,  pro_loss: 0.10643  ,  IoU: 0.79200  ,  Loss/sim: 0.00000
[train: Epoch 21, 1050 / 1875] FPS: 65.3 (501.9)  ,  DataTime: 0.429 (0.005)  ,  ForwardTime: 0.057  ,  TotalTime: 0.490  ,  Loss/total: 0.98204  ,  Loss/giou: 0.22290  ,  Loss/l1: 0.02486  ,  Loss/location: 0.39062  ,  pro_loss: 0.10654  ,  IoU: 0.79227  ,  Loss/sim: 0.00000
[train: Epoch 21, 1100 / 1875] FPS: 66.1 (510.3)  ,  DataTime: 0.423 (0.005)  ,  ForwardTime: 0.057  ,  TotalTime: 0.484  ,  Loss/total: 0.98411  ,  Loss/giou: 0.22329  ,  Loss/l1: 0.02493  ,  Loss/location: 0.39156  ,  pro_loss: 0.10649  ,  IoU: 0.79191  ,  Loss/sim: 0.00000
[train: Epoch 21, 1150 / 1875] FPS: 67.1 (501.5)  ,  DataTime: 0.416 (0.005)  ,  ForwardTime: 0.057  ,  TotalTime: 0.477  ,  Loss/total: 0.98473  ,  Loss/giou: 0.22346  ,  Loss/l1: 0.02495  ,  Loss/location: 0.39174  ,  pro_loss: 0.10649  ,  IoU: 0.79176  ,  Loss/sim: 0.00000
[train: Epoch 21, 1200 / 1875] FPS: 67.8 (503.1)  ,  DataTime: 0.411 (0.005)  ,  ForwardTime: 0.057  ,  TotalTime: 0.472  ,  Loss/total: 0.98832  ,  Loss/giou: 0.22427  ,  Loss/l1: 0.02510  ,  Loss/location: 0.39295  ,  pro_loss: 0.10663  ,  IoU: 0.79119  ,  Loss/sim: 0.00000
[train: Epoch 21, 1250 / 1875] FPS: 68.6 (503.4)  ,  DataTime: 0.405 (0.005)  ,  ForwardTime: 0.057  ,  TotalTime: 0.466  ,  Loss/total: 0.98824  ,  Loss/giou: 0.22433  ,  Loss/l1: 0.02509  ,  Loss/location: 0.39282  ,  pro_loss: 0.10667  ,  IoU: 0.79113  ,  Loss/sim: 0.00000
[train: Epoch 21, 1300 / 1875] FPS: 69.5 (70.6)  ,  DataTime: 0.399 (0.005)  ,  ForwardTime: 0.057  ,  TotalTime: 0.461  ,  Loss/total: 0.98906  ,  Loss/giou: 0.22444  ,  Loss/l1: 0.02508  ,  Loss/location: 0.39343  ,  pro_loss: 0.10664  ,  IoU: 0.79099  ,  Loss/sim: 0.00000
[train: Epoch 21, 1350 / 1875] FPS: 70.2 (505.0)  ,  DataTime: 0.395 (0.005)  ,  ForwardTime: 0.057  ,  TotalTime: 0.456  ,  Loss/total: 0.98777  ,  Loss/giou: 0.22422  ,  Loss/l1: 0.02501  ,  Loss/location: 0.39293  ,  pro_loss: 0.10660  ,  IoU: 0.79119  ,  Loss/sim: 0.00000
[train: Epoch 21, 1400 / 1875] FPS: 71.0 (494.6)  ,  DataTime: 0.389 (0.005)  ,  ForwardTime: 0.057  ,  TotalTime: 0.450  ,  Loss/total: 0.98717  ,  Loss/giou: 0.22419  ,  Loss/l1: 0.02500  ,  Loss/location: 0.39249  ,  pro_loss: 0.10645  ,  IoU: 0.79128  ,  Loss/sim: 0.00000
[train: Epoch 21, 1450 / 1875] FPS: 71.6 (491.2)  ,  DataTime: 0.386 (0.005)  ,  ForwardTime: 0.057  ,  TotalTime: 0.447  ,  Loss/total: 0.98724  ,  Loss/giou: 0.22420  ,  Loss/l1: 0.02498  ,  Loss/location: 0.39259  ,  pro_loss: 0.10682  ,  IoU: 0.79123  ,  Loss/sim: 0.00000
[train: Epoch 21, 1500 / 1875] FPS: 72.3 (508.4)  ,  DataTime: 0.382 (0.005)  ,  ForwardTime: 0.057  ,  TotalTime: 0.443  ,  Loss/total: 0.98679  ,  Loss/giou: 0.22408  ,  Loss/l1: 0.02495  ,  Loss/location: 0.39251  ,  pro_loss: 0.10690  ,  IoU: 0.79134  ,  Loss/sim: 0.00000
[train: Epoch 21, 1550 / 1875] FPS: 73.2 (500.9)  ,  DataTime: 0.376 (0.005)  ,  ForwardTime: 0.057  ,  TotalTime: 0.437  ,  Loss/total: 0.98553  ,  Loss/giou: 0.22386  ,  Loss/l1: 0.02491  ,  Loss/location: 0.39192  ,  pro_loss: 0.10675  ,  IoU: 0.79152  ,  Loss/sim: 0.00000
[train: Epoch 21, 1600 / 1875] FPS: 74.0 (499.1)  ,  DataTime: 0.371 (0.005)  ,  ForwardTime: 0.057  ,  TotalTime: 0.433  ,  Loss/total: 0.98400  ,  Loss/giou: 0.22364  ,  Loss/l1: 0.02486  ,  Loss/location: 0.39110  ,  pro_loss: 0.10656  ,  IoU: 0.79174  ,  Loss/sim: 0.00000
[train: Epoch 21, 1650 / 1875] FPS: 74.6 (507.4)  ,  DataTime: 0.368 (0.005)  ,  ForwardTime: 0.057  ,  TotalTime: 0.429  ,  Loss/total: 0.98352  ,  Loss/giou: 0.22353  ,  Loss/l1: 0.02484  ,  Loss/location: 0.39092  ,  pro_loss: 0.10663  ,  IoU: 0.79182  ,  Loss/sim: 0.00000
[train: Epoch 21, 1700 / 1875] FPS: 75.4 (504.7)  ,  DataTime: 0.363 (0.005)  ,  ForwardTime: 0.057  ,  TotalTime: 0.424  ,  Loss/total: 0.98283  ,  Loss/giou: 0.22339  ,  Loss/l1: 0.02480  ,  Loss/location: 0.39073  ,  pro_loss: 0.10659  ,  IoU: 0.79189  ,  Loss/sim: 0.00000
[train: Epoch 21, 1750 / 1875] FPS: 76.2 (500.0)  ,  DataTime: 0.359 (0.005)  ,  ForwardTime: 0.057  ,  TotalTime: 0.420  ,  Loss/total: 0.98221  ,  Loss/giou: 0.22327  ,  Loss/l1: 0.02477  ,  Loss/location: 0.39051  ,  pro_loss: 0.10668  ,  IoU: 0.79199  ,  Loss/sim: 0.00000
[train: Epoch 21, 1800 / 1875] FPS: 77.0 (483.8)  ,  DataTime: 0.354 (0.005)  ,  ForwardTime: 0.057  ,  TotalTime: 0.415  ,  Loss/total: 0.98205  ,  Loss/giou: 0.22326  ,  Loss/l1: 0.02476  ,  Loss/location: 0.39040  ,  pro_loss: 0.10669  ,  IoU: 0.79199  ,  Loss/sim: 0.00000
[train: Epoch 21, 1850 / 1875] FPS: 77.6 (503.6)  ,  DataTime: 0.351 (0.005)  ,  ForwardTime: 0.057  ,  TotalTime: 0.412  ,  Loss/total: 0.98222  ,  Loss/giou: 0.22328  ,  Loss/l1: 0.02476  ,  Loss/location: 0.39054  ,  pro_loss: 0.10674  ,  IoU: 0.79196  ,  Loss/sim: 0.00000
[train: Epoch 21, 1875 / 1875] FPS: 78.1 (89.8)  ,  DataTime: 0.349 (0.005)  ,  ForwardTime: 0.057  ,  TotalTime: 0.410  ,  Loss/total: 0.98249  ,  Loss/giou: 0.22332  ,  Loss/l1: 0.02476  ,  Loss/location: 0.39064  ,  pro_loss: 0.10685  ,  IoU: 0.79189  ,  Loss/sim: 0.00000
[train: Epoch 22, 50 / 1875] FPS: 102.1 (503.8)  ,  DataTime: 0.252 (0.005)  ,  ForwardTime: 0.057  ,  TotalTime: 0.313  ,  Loss/total: 1.03156  ,  Loss/giou: 0.23231  ,  Loss/l1: 0.02651  ,  Loss/location: 0.41373  ,  pro_loss: 0.10333  ,  IoU: 0.78462  ,  Loss/sim: 0.00000
[train: Epoch 22, 100 / 1875] FPS: 112.3 (61.7)  ,  DataTime: 0.224 (0.005)  ,  ForwardTime: 0.057  ,  TotalTime: 0.285  ,  Loss/total: 1.01353  ,  Loss/giou: 0.23078  ,  Loss/l1: 0.02608  ,  Loss/location: 0.40099  ,  pro_loss: 0.10292  ,  IoU: 0.78546  ,  Loss/sim: 0.00000
[train: Epoch 22, 150 / 1875] FPS: 117.1 (490.8)  ,  DataTime: 0.212 (0.005)  ,  ForwardTime: 0.057  ,  TotalTime: 0.273  ,  Loss/total: 1.00890  ,  Loss/giou: 0.22907  ,  Loss/l1: 0.02580  ,  Loss/location: 0.40057  ,  pro_loss: 0.10597  ,  IoU: 0.78673  ,  Loss/sim: 0.00000
[train: Epoch 22, 200 / 1875] FPS: 119.0 (485.4)  ,  DataTime: 0.208 (0.005)  ,  ForwardTime: 0.057  ,  TotalTime: 0.269  ,  Loss/total: 0.99350  ,  Loss/giou: 0.22663  ,  Loss/l1: 0.02520  ,  Loss/location: 0.39320  ,  pro_loss: 0.10521  ,  IoU: 0.78897  ,  Loss/sim: 0.00000
[train: Epoch 22, 250 / 1875] FPS: 115.5 (497.4)  ,  DataTime: 0.216 (0.005)  ,  ForwardTime: 0.057  ,  TotalTime: 0.277  ,  Loss/total: 0.99104  ,  Loss/giou: 0.22626  ,  Loss/l1: 0.02506  ,  Loss/location: 0.39202  ,  pro_loss: 0.10600  ,  IoU: 0.78925  ,  Loss/sim: 0.00000
[train: Epoch 22, 300 / 1875] FPS: 118.0 (505.6)  ,  DataTime: 0.210 (0.005)  ,  ForwardTime: 0.057  ,  TotalTime: 0.271  ,  Loss/total: 0.99165  ,  Loss/giou: 0.22661  ,  Loss/l1: 0.02510  ,  Loss/location: 0.39173  ,  pro_loss: 0.10608  ,  IoU: 0.78902  ,  Loss/sim: 0.00000
[train: Epoch 22, 350 / 1875] FPS: 121.4 (29.0)  ,  DataTime: 0.202 (0.005)  ,  ForwardTime: 0.057  ,  TotalTime: 0.264  ,  Loss/total: 0.99088  ,  Loss/giou: 0.22618  ,  Loss/l1: 0.02514  ,  Loss/location: 0.39155  ,  pro_loss: 0.10640  ,  IoU: 0.78965  ,  Loss/sim: 0.00000
[train: Epoch 22, 400 / 1875] FPS: 123.5 (500.5)  ,  DataTime: 0.198 (0.005)  ,  ForwardTime: 0.057  ,  TotalTime: 0.259  ,  Loss/total: 0.98551  ,  Loss/giou: 0.22536  ,  Loss/l1: 0.02496  ,  Loss/location: 0.38863  ,  pro_loss: 0.10674  ,  IoU: 0.79029  ,  Loss/sim: 0.00000
[train: Epoch 22, 450 / 1875] FPS: 125.3 (498.2)  ,  DataTime: 0.194 (0.005)  ,  ForwardTime: 0.057  ,  TotalTime: 0.255  ,  Loss/total: 0.98266  ,  Loss/giou: 0.22491  ,  Loss/l1: 0.02491  ,  Loss/location: 0.38696  ,  pro_loss: 0.10674  ,  IoU: 0.79076  ,  Loss/sim: 0.00000
[train: Epoch 22, 500 / 1875] FPS: 127.7 (496.8)  ,  DataTime: 0.189 (0.005)  ,  ForwardTime: 0.057  ,  TotalTime: 0.251  ,  Loss/total: 0.98186  ,  Loss/giou: 0.22475  ,  Loss/l1: 0.02492  ,  Loss/location: 0.38639  ,  pro_loss: 0.10692  ,  IoU: 0.79080  ,  Loss/sim: 0.00000
[train: Epoch 22, 550 / 1875] FPS: 129.2 (499.5)  ,  DataTime: 0.186 (0.005)  ,  ForwardTime: 0.057  ,  TotalTime: 0.248  ,  Loss/total: 0.98030  ,  Loss/giou: 0.22415  ,  Loss/l1: 0.02484  ,  Loss/location: 0.38647  ,  pro_loss: 0.10676  ,  IoU: 0.79133  ,  Loss/sim: 0.00000
[train: Epoch 22, 600 / 1875] FPS: 131.1 (492.2)  ,  DataTime: 0.183 (0.005)  ,  ForwardTime: 0.057  ,  TotalTime: 0.244  ,  Loss/total: 0.98168  ,  Loss/giou: 0.22468  ,  Loss/l1: 0.02496  ,  Loss/location: 0.38625  ,  pro_loss: 0.10632  ,  IoU: 0.79099  ,  Loss/sim: 0.00000
[train: Epoch 22, 650 / 1875] FPS: 132.0 (27.8)  ,  DataTime: 0.181 (0.005)  ,  ForwardTime: 0.057  ,  TotalTime: 0.242  ,  Loss/total: 0.98069  ,  Loss/giou: 0.22446  ,  Loss/l1: 0.02491  ,  Loss/location: 0.38592  ,  pro_loss: 0.10655  ,  IoU: 0.79104  ,  Loss/sim: 0.00000
[train: Epoch 22, 700 / 1875] FPS: 133.6 (502.6)  ,  DataTime: 0.178 (0.005)  ,  ForwardTime: 0.057  ,  TotalTime: 0.240  ,  Loss/total: 0.98248  ,  Loss/giou: 0.22448  ,  Loss/l1: 0.02489  ,  Loss/location: 0.38773  ,  pro_loss: 0.10665  ,  IoU: 0.79092  ,  Loss/sim: 0.00000
[train: Epoch 22, 750 / 1875] FPS: 135.4 (497.0)  ,  DataTime: 0.175 (0.005)  ,  ForwardTime: 0.057  ,  TotalTime: 0.236  ,  Loss/total: 0.98349  ,  Loss/giou: 0.22439  ,  Loss/l1: 0.02490  ,  Loss/location: 0.38881  ,  pro_loss: 0.10685  ,  IoU: 0.79101  ,  Loss/sim: 0.00000
[train: Epoch 22, 800 / 1875] FPS: 136.2 (52.5)  ,  DataTime: 0.173 (0.005)  ,  ForwardTime: 0.057  ,  TotalTime: 0.235  ,  Loss/total: 0.98098  ,  Loss/giou: 0.22398  ,  Loss/l1: 0.02483  ,  Loss/location: 0.38749  ,  pro_loss: 0.10674  ,  IoU: 0.79137  ,  Loss/sim: 0.00000
[train: Epoch 22, 850 / 1875] FPS: 136.8 (30.2)  ,  DataTime: 0.172 (0.005)  ,  ForwardTime: 0.057  ,  TotalTime: 0.234  ,  Loss/total: 0.97913  ,  Loss/giou: 0.22341  ,  Loss/l1: 0.02477  ,  Loss/location: 0.38707  ,  pro_loss: 0.10708  ,  IoU: 0.79183  ,  Loss/sim: 0.00000
[train: Epoch 22, 900 / 1875] FPS: 138.8 (502.6)  ,  DataTime: 0.169 (0.005)  ,  ForwardTime: 0.057  ,  TotalTime: 0.230  ,  Loss/total: 0.98008  ,  Loss/giou: 0.22360  ,  Loss/l1: 0.02481  ,  Loss/location: 0.38746  ,  pro_loss: 0.10677  ,  IoU: 0.79168  ,  Loss/sim: 0.00000
[train: Epoch 22, 950 / 1875] FPS: 140.5 (489.8)  ,  DataTime: 0.166 (0.005)  ,  ForwardTime: 0.057  ,  TotalTime: 0.228  ,  Loss/total: 0.98106  ,  Loss/giou: 0.22381  ,  Loss/l1: 0.02486  ,  Loss/location: 0.38779  ,  pro_loss: 0.10685  ,  IoU: 0.79154  ,  Loss/sim: 0.00000
[train: Epoch 22, 1000 / 1875] FPS: 141.0 (491.3)  ,  DataTime: 0.165 (0.005)  ,  ForwardTime: 0.057  ,  TotalTime: 0.227  ,  Loss/total: 0.98140  ,  Loss/giou: 0.22395  ,  Loss/l1: 0.02486  ,  Loss/location: 0.38782  ,  pro_loss: 0.10685  ,  IoU: 0.79144  ,  Loss/sim: 0.00000
[train: Epoch 22, 1050 / 1875] FPS: 142.0 (22.4)  ,  DataTime: 0.164 (0.005)  ,  ForwardTime: 0.057  ,  TotalTime: 0.225  ,  Loss/total: 0.98273  ,  Loss/giou: 0.22418  ,  Loss/l1: 0.02493  ,  Loss/location: 0.38831  ,  pro_loss: 0.10701  ,  IoU: 0.79137  ,  Loss/sim: 0.00000
[train: Epoch 22, 1100 / 1875] FPS: 143.3 (54.3)  ,  DataTime: 0.162 (0.005)  ,  ForwardTime: 0.057  ,  TotalTime: 0.223  ,  Loss/total: 0.98278  ,  Loss/giou: 0.22423  ,  Loss/l1: 0.02491  ,  Loss/location: 0.38840  ,  pro_loss: 0.10696  ,  IoU: 0.79129  ,  Loss/sim: 0.00000
[train: Epoch 22, 1150 / 1875] FPS: 144.9 (477.8)  ,  DataTime: 0.159 (0.005)  ,  ForwardTime: 0.057  ,  TotalTime: 0.221  ,  Loss/total: 0.98105  ,  Loss/giou: 0.22381  ,  Loss/l1: 0.02487  ,  Loss/location: 0.38765  ,  pro_loss: 0.10706  ,  IoU: 0.79170  ,  Loss/sim: 0.00000
[train: Epoch 22, 1200 / 1875] FPS: 145.7 (495.4)  ,  DataTime: 0.158 (0.005)  ,  ForwardTime: 0.057  ,  TotalTime: 0.220  ,  Loss/total: 0.98111  ,  Loss/giou: 0.22393  ,  Loss/l1: 0.02489  ,  Loss/location: 0.38736  ,  pro_loss: 0.10714  ,  IoU: 0.79162  ,  Loss/sim: 0.00000
[train: Epoch 22, 1250 / 1875] FPS: 146.9 (469.6)  ,  DataTime: 0.156 (0.005)  ,  ForwardTime: 0.057  ,  TotalTime: 0.218  ,  Loss/total: 0.98175  ,  Loss/giou: 0.22406  ,  Loss/l1: 0.02491  ,  Loss/location: 0.38761  ,  pro_loss: 0.10730  ,  IoU: 0.79149  ,  Loss/sim: 0.00000
[train: Epoch 22, 1300 / 1875] FPS: 147.9 (491.7)  ,  DataTime: 0.155 (0.005)  ,  ForwardTime: 0.057  ,  TotalTime: 0.216  ,  Loss/total: 0.98087  ,  Loss/giou: 0.22396  ,  Loss/l1: 0.02490  ,  Loss/location: 0.38703  ,  pro_loss: 0.10725  ,  IoU: 0.79157  ,  Loss/sim: 0.00000
[train: Epoch 22, 1350 / 1875] FPS: 148.9 (67.7)  ,  DataTime: 0.153 (0.005)  ,  ForwardTime: 0.057  ,  TotalTime: 0.215  ,  Loss/total: 0.98108  ,  Loss/giou: 0.22405  ,  Loss/l1: 0.02492  ,  Loss/location: 0.38690  ,  pro_loss: 0.10735  ,  IoU: 0.79147  ,  Loss/sim: 0.00000
[train: Epoch 22, 1400 / 1875] FPS: 150.1 (500.6)  ,  DataTime: 0.151 (0.005)  ,  ForwardTime: 0.057  ,  TotalTime: 0.213  ,  Loss/total: 0.98247  ,  Loss/giou: 0.22430  ,  Loss/l1: 0.02499  ,  Loss/location: 0.38747  ,  pro_loss: 0.10728  ,  IoU: 0.79123  ,  Loss/sim: 0.00000
[train: Epoch 22, 1450 / 1875] FPS: 151.3 (487.0)  ,  DataTime: 0.150 (0.005)  ,  ForwardTime: 0.057  ,  TotalTime: 0.211  ,  Loss/total: 0.98337  ,  Loss/giou: 0.22446  ,  Loss/l1: 0.02500  ,  Loss/location: 0.38801  ,  pro_loss: 0.10723  ,  IoU: 0.79105  ,  Loss/sim: 0.00000
[train: Epoch 22, 1500 / 1875] FPS: 152.5 (458.2)  ,  DataTime: 0.148 (0.005)  ,  ForwardTime: 0.057  ,  TotalTime: 0.210  ,  Loss/total: 0.98579  ,  Loss/giou: 0.22491  ,  Loss/l1: 0.02507  ,  Loss/location: 0.38920  ,  pro_loss: 0.10719  ,  IoU: 0.79070  ,  Loss/sim: 0.00000
[train: Epoch 22, 1550 / 1875] FPS: 153.6 (482.0)  ,  DataTime: 0.146 (0.005)  ,  ForwardTime: 0.057  ,  TotalTime: 0.208  ,  Loss/total: 0.98637  ,  Loss/giou: 0.22509  ,  Loss/l1: 0.02508  ,  Loss/location: 0.38932  ,  pro_loss: 0.10730  ,  IoU: 0.79060  ,  Loss/sim: 0.00000
[train: Epoch 22, 1600 / 1875] FPS: 154.6 (214.3)  ,  DataTime: 0.145 (0.005)  ,  ForwardTime: 0.057  ,  TotalTime: 0.207  ,  Loss/total: 0.98581  ,  Loss/giou: 0.22497  ,  Loss/l1: 0.02506  ,  Loss/location: 0.38910  ,  pro_loss: 0.10729  ,  IoU: 0.79069  ,  Loss/sim: 0.00000
[train: Epoch 22, 1650 / 1875] FPS: 155.3 (473.6)  ,  DataTime: 0.144 (0.005)  ,  ForwardTime: 0.057  ,  TotalTime: 0.206  ,  Loss/total: 0.98408  ,  Loss/giou: 0.22462  ,  Loss/l1: 0.02500  ,  Loss/location: 0.38842  ,  pro_loss: 0.10719  ,  IoU: 0.79096  ,  Loss/sim: 0.00000
[train: Epoch 22, 1700 / 1875] FPS: 156.3 (480.1)  ,  DataTime: 0.143 (0.005)  ,  ForwardTime: 0.057  ,  TotalTime: 0.205  ,  Loss/total: 0.98273  ,  Loss/giou: 0.22434  ,  Loss/l1: 0.02494  ,  Loss/location: 0.38786  ,  pro_loss: 0.10746  ,  IoU: 0.79121  ,  Loss/sim: 0.00000
[train: Epoch 22, 1750 / 1875] FPS: 157.5 (493.5)  ,  DataTime: 0.141 (0.005)  ,  ForwardTime: 0.057  ,  TotalTime: 0.203  ,  Loss/total: 0.98224  ,  Loss/giou: 0.22416  ,  Loss/l1: 0.02491  ,  Loss/location: 0.38783  ,  pro_loss: 0.10755  ,  IoU: 0.79133  ,  Loss/sim: 0.00000
[train: Epoch 22, 1800 / 1875] FPS: 158.4 (496.3)  ,  DataTime: 0.140 (0.005)  ,  ForwardTime: 0.057  ,  TotalTime: 0.202  ,  Loss/total: 0.98142  ,  Loss/giou: 0.22393  ,  Loss/l1: 0.02488  ,  Loss/location: 0.38763  ,  pro_loss: 0.10757  ,  IoU: 0.79155  ,  Loss/sim: 0.00000
[train: Epoch 22, 1850 / 1875] FPS: 159.5 (483.2)  ,  DataTime: 0.138 (0.005)  ,  ForwardTime: 0.057  ,  TotalTime: 0.201  ,  Loss/total: 0.97970  ,  Loss/giou: 0.22359  ,  Loss/l1: 0.02482  ,  Loss/location: 0.38688  ,  pro_loss: 0.10761  ,  IoU: 0.79183  ,  Loss/sim: 0.00000
[train: Epoch 22, 1875 / 1875] FPS: 160.1 (168.2)  ,  DataTime: 0.138 (0.005)  ,  ForwardTime: 0.057  ,  TotalTime: 0.200  ,  Loss/total: 0.98038  ,  Loss/giou: 0.22370  ,  Loss/l1: 0.02485  ,  Loss/location: 0.38724  ,  pro_loss: 0.10742  ,  IoU: 0.79175  ,  Loss/sim: 0.00000
[train: Epoch 23, 50 / 1875] FPS: 178.7 (475.8)  ,  DataTime: 0.114 (0.005)  ,  ForwardTime: 0.059  ,  TotalTime: 0.179  ,  Loss/total: 0.96354  ,  Loss/giou: 0.22152  ,  Loss/l1: 0.02374  ,  Loss/location: 0.38133  ,  pro_loss: 0.10229  ,  IoU: 0.79292  ,  Loss/sim: 0.00000
[train: Epoch 23, 100 / 1875] FPS: 196.7 (490.0)  ,  DataTime: 0.099 (0.005)  ,  ForwardTime: 0.059  ,  TotalTime: 0.163  ,  Loss/total: 0.97039  ,  Loss/giou: 0.22248  ,  Loss/l1: 0.02399  ,  Loss/location: 0.38418  ,  pro_loss: 0.10656  ,  IoU: 0.79230  ,  Loss/sim: 0.00000
[train: Epoch 23, 150 / 1875] FPS: 196.2 (467.5)  ,  DataTime: 0.099 (0.005)  ,  ForwardTime: 0.058  ,  TotalTime: 0.163  ,  Loss/total: 0.98342  ,  Loss/giou: 0.22509  ,  Loss/l1: 0.02467  ,  Loss/location: 0.38862  ,  pro_loss: 0.10639  ,  IoU: 0.79013  ,  Loss/sim: 0.00000
[train: Epoch 23, 200 / 1875] FPS: 202.6 (498.0)  ,  DataTime: 0.094 (0.005)  ,  ForwardTime: 0.059  ,  TotalTime: 0.158  ,  Loss/total: 0.97324  ,  Loss/giou: 0.22301  ,  Loss/l1: 0.02445  ,  Loss/location: 0.38356  ,  pro_loss: 0.10708  ,  IoU: 0.79222  ,  Loss/sim: 0.00000
[train: Epoch 23, 250 / 1875] FPS: 207.5 (474.0)  ,  DataTime: 0.090 (0.005)  ,  ForwardTime: 0.059  ,  TotalTime: 0.154  ,  Loss/total: 0.96842  ,  Loss/giou: 0.22165  ,  Loss/l1: 0.02426  ,  Loss/location: 0.38246  ,  pro_loss: 0.10671  ,  IoU: 0.79316  ,  Loss/sim: 0.00000
[train: Epoch 23, 300 / 1875] FPS: 210.5 (479.5)  ,  DataTime: 0.088 (0.005)  ,  ForwardTime: 0.059  ,  TotalTime: 0.152  ,  Loss/total: 0.96699  ,  Loss/giou: 0.22095  ,  Loss/l1: 0.02420  ,  Loss/location: 0.38273  ,  pro_loss: 0.10681  ,  IoU: 0.79368  ,  Loss/sim: 0.00000
[train: Epoch 23, 350 / 1875] FPS: 215.0 (453.7)  ,  DataTime: 0.085 (0.005)  ,  ForwardTime: 0.059  ,  TotalTime: 0.149  ,  Loss/total: 0.96699  ,  Loss/giou: 0.22044  ,  Loss/l1: 0.02422  ,  Loss/location: 0.38337  ,  pro_loss: 0.10821  ,  IoU: 0.79407  ,  Loss/sim: 0.00000
[train: Epoch 23, 400 / 1875] FPS: 217.2 (465.0)  ,  DataTime: 0.083 (0.005)  ,  ForwardTime: 0.059  ,  TotalTime: 0.147  ,  Loss/total: 0.96832  ,  Loss/giou: 0.22060  ,  Loss/l1: 0.02433  ,  Loss/location: 0.38367  ,  pro_loss: 0.10898  ,  IoU: 0.79405  ,  Loss/sim: 0.00000
[train: Epoch 23, 450 / 1875] FPS: 218.0 (60.4)  ,  DataTime: 0.082 (0.005)  ,  ForwardTime: 0.059  ,  TotalTime: 0.147  ,  Loss/total: 0.96625  ,  Loss/giou: 0.22010  ,  Loss/l1: 0.02431  ,  Loss/location: 0.38271  ,  pro_loss: 0.10889  ,  IoU: 0.79445  ,  Loss/sim: 0.00000
[train: Epoch 23, 500 / 1875] FPS: 222.3 (209.5)  ,  DataTime: 0.080 (0.005)  ,  ForwardTime: 0.059  ,  TotalTime: 0.144  ,  Loss/total: 0.97301  ,  Loss/giou: 0.22139  ,  Loss/l1: 0.02457  ,  Loss/location: 0.38554  ,  pro_loss: 0.10925  ,  IoU: 0.79331  ,  Loss/sim: 0.00000
[train: Epoch 23, 550 / 1875] FPS: 222.0 (44.5)  ,  DataTime: 0.080 (0.005)  ,  ForwardTime: 0.059  ,  TotalTime: 0.144  ,  Loss/total: 0.97404  ,  Loss/giou: 0.22157  ,  Loss/l1: 0.02459  ,  Loss/location: 0.38605  ,  pro_loss: 0.10958  ,  IoU: 0.79315  ,  Loss/sim: 0.00000
[train: Epoch 23, 600 / 1875] FPS: 222.5 (480.6)  ,  DataTime: 0.079 (0.005)  ,  ForwardTime: 0.059  ,  TotalTime: 0.144  ,  Loss/total: 0.97109  ,  Loss/giou: 0.22099  ,  Loss/l1: 0.02445  ,  Loss/location: 0.38497  ,  pro_loss: 0.10943  ,  IoU: 0.79372  ,  Loss/sim: 0.00000
[train: Epoch 23, 650 / 1875] FPS: 225.0 (466.4)  ,  DataTime: 0.078 (0.005)  ,  ForwardTime: 0.059  ,  TotalTime: 0.142  ,  Loss/total: 0.97275  ,  Loss/giou: 0.22140  ,  Loss/l1: 0.02453  ,  Loss/location: 0.38535  ,  pro_loss: 0.10986  ,  IoU: 0.79333  ,  Loss/sim: 0.00000
[train: Epoch 23, 700 / 1875] FPS: 227.2 (461.4)  ,  DataTime: 0.076 (0.005)  ,  ForwardTime: 0.059  ,  TotalTime: 0.141  ,  Loss/total: 0.97145  ,  Loss/giou: 0.22124  ,  Loss/l1: 0.02446  ,  Loss/location: 0.38479  ,  pro_loss: 0.10936  ,  IoU: 0.79352  ,  Loss/sim: 0.00000
[train: Epoch 23, 750 / 1875] FPS: 228.5 (227.5)  ,  DataTime: 0.075 (0.005)  ,  ForwardTime: 0.059  ,  TotalTime: 0.140  ,  Loss/total: 0.97175  ,  Loss/giou: 0.22125  ,  Loss/l1: 0.02445  ,  Loss/location: 0.38513  ,  pro_loss: 0.10932  ,  IoU: 0.79343  ,  Loss/sim: 0.00000
[train: Epoch 23, 800 / 1875] FPS: 231.4 (181.7)  ,  DataTime: 0.073 (0.005)  ,  ForwardTime: 0.059  ,  TotalTime: 0.138  ,  Loss/total: 0.97311  ,  Loss/giou: 0.22152  ,  Loss/l1: 0.02451  ,  Loss/location: 0.38559  ,  pro_loss: 0.10966  ,  IoU: 0.79327  ,  Loss/sim: 0.00000
[train: Epoch 23, 850 / 1875] FPS: 231.1 (42.9)  ,  DataTime: 0.074 (0.006)  ,  ForwardTime: 0.059  ,  TotalTime: 0.138  ,  Loss/total: 0.97269  ,  Loss/giou: 0.22146  ,  Loss/l1: 0.02447  ,  Loss/location: 0.38545  ,  pro_loss: 0.10993  ,  IoU: 0.79335  ,  Loss/sim: 0.00000
[train: Epoch 23, 900 / 1875] FPS: 232.4 (504.6)  ,  DataTime: 0.073 (0.006)  ,  ForwardTime: 0.059  ,  TotalTime: 0.138  ,  Loss/total: 0.97436  ,  Loss/giou: 0.22199  ,  Loss/l1: 0.02454  ,  Loss/location: 0.38571  ,  pro_loss: 0.10981  ,  IoU: 0.79292  ,  Loss/sim: 0.00000
[train: Epoch 23, 950 / 1875] FPS: 234.6 (468.8)  ,  DataTime: 0.071 (0.006)  ,  ForwardTime: 0.059  ,  TotalTime: 0.136  ,  Loss/total: 0.97491  ,  Loss/giou: 0.22208  ,  Loss/l1: 0.02456  ,  Loss/location: 0.38598  ,  pro_loss: 0.10997  ,  IoU: 0.79284  ,  Loss/sim: 0.00000
[train: Epoch 23, 1000 / 1875] FPS: 235.2 (376.6)  ,  DataTime: 0.071 (0.006)  ,  ForwardTime: 0.060  ,  TotalTime: 0.136  ,  Loss/total: 0.97547  ,  Loss/giou: 0.22220  ,  Loss/l1: 0.02459  ,  Loss/location: 0.38611  ,  pro_loss: 0.10999  ,  IoU: 0.79275  ,  Loss/sim: 0.00000
[train: Epoch 23, 1050 / 1875] FPS: 236.9 (448.2)  ,  DataTime: 0.070 (0.006)  ,  ForwardTime: 0.060  ,  TotalTime: 0.135  ,  Loss/total: 0.97258  ,  Loss/giou: 0.22169  ,  Loss/l1: 0.02452  ,  Loss/location: 0.38461  ,  pro_loss: 0.10996  ,  IoU: 0.79323  ,  Loss/sim: 0.00000
[train: Epoch 23, 1100 / 1875] FPS: 237.9 (447.5)  ,  DataTime: 0.069 (0.006)  ,  ForwardTime: 0.060  ,  TotalTime: 0.135  ,  Loss/total: 0.97290  ,  Loss/giou: 0.22189  ,  Loss/l1: 0.02455  ,  Loss/location: 0.38438  ,  pro_loss: 0.10994  ,  IoU: 0.79307  ,  Loss/sim: 0.00000
[train: Epoch 23, 1150 / 1875] FPS: 239.1 (480.0)  ,  DataTime: 0.069 (0.006)  ,  ForwardTime: 0.060  ,  TotalTime: 0.134  ,  Loss/total: 0.97303  ,  Loss/giou: 0.22189  ,  Loss/l1: 0.02459  ,  Loss/location: 0.38431  ,  pro_loss: 0.10996  ,  IoU: 0.79309  ,  Loss/sim: 0.00000
[train: Epoch 23, 1200 / 1875] FPS: 240.9 (454.5)  ,  DataTime: 0.068 (0.006)  ,  ForwardTime: 0.060  ,  TotalTime: 0.133  ,  Loss/total: 0.97471  ,  Loss/giou: 0.22227  ,  Loss/l1: 0.02462  ,  Loss/location: 0.38509  ,  pro_loss: 0.10979  ,  IoU: 0.79280  ,  Loss/sim: 0.00000
[train: Epoch 23, 1250 / 1875] FPS: 240.8 (187.7)  ,  DataTime: 0.067 (0.006)  ,  ForwardTime: 0.060  ,  TotalTime: 0.133  ,  Loss/total: 0.97351  ,  Loss/giou: 0.22211  ,  Loss/l1: 0.02458  ,  Loss/location: 0.38453  ,  pro_loss: 0.10931  ,  IoU: 0.79291  ,  Loss/sim: 0.00000
[train: Epoch 23, 1300 / 1875] FPS: 241.9 (487.9)  ,  DataTime: 0.067 (0.006)  ,  ForwardTime: 0.060  ,  TotalTime: 0.132  ,  Loss/total: 0.97025  ,  Loss/giou: 0.22149  ,  Loss/l1: 0.02448  ,  Loss/location: 0.38304  ,  pro_loss: 0.10921  ,  IoU: 0.79343  ,  Loss/sim: 0.00000
[train: Epoch 23, 1350 / 1875] FPS: 243.1 (439.3)  ,  DataTime: 0.066 (0.006)  ,  ForwardTime: 0.060  ,  TotalTime: 0.132  ,  Loss/total: 0.97004  ,  Loss/giou: 0.22139  ,  Loss/l1: 0.02446  ,  Loss/location: 0.38314  ,  pro_loss: 0.10910  ,  IoU: 0.79349  ,  Loss/sim: 0.00000
[train: Epoch 23, 1400 / 1875] FPS: 243.8 (448.0)  ,  DataTime: 0.066 (0.006)  ,  ForwardTime: 0.060  ,  TotalTime: 0.131  ,  Loss/total: 0.96991  ,  Loss/giou: 0.22131  ,  Loss/l1: 0.02446  ,  Loss/location: 0.38312  ,  pro_loss: 0.10926  ,  IoU: 0.79355  ,  Loss/sim: 0.00000
[train: Epoch 23, 1450 / 1875] FPS: 244.9 (404.9)  ,  DataTime: 0.065 (0.006)  ,  ForwardTime: 0.060  ,  TotalTime: 0.131  ,  Loss/total: 0.96981  ,  Loss/giou: 0.22120  ,  Loss/l1: 0.02449  ,  Loss/location: 0.38314  ,  pro_loss: 0.10912  ,  IoU: 0.79367  ,  Loss/sim: 0.00000
[train: Epoch 23, 1500 / 1875] FPS: 245.2 (90.1)  ,  DataTime: 0.065 (0.006)  ,  ForwardTime: 0.060  ,  TotalTime: 0.131  ,  Loss/total: 0.96892  ,  Loss/giou: 0.22095  ,  Loss/l1: 0.02443  ,  Loss/location: 0.38304  ,  pro_loss: 0.10910  ,  IoU: 0.79385  ,  Loss/sim: 0.00000
[train: Epoch 23, 1550 / 1875] FPS: 245.7 (451.2)  ,  DataTime: 0.065 (0.006)  ,  ForwardTime: 0.060  ,  TotalTime: 0.130  ,  Loss/total: 0.96900  ,  Loss/giou: 0.22108  ,  Loss/l1: 0.02443  ,  Loss/location: 0.38286  ,  pro_loss: 0.10909  ,  IoU: 0.79377  ,  Loss/sim: 0.00000
[train: Epoch 23, 1600 / 1875] FPS: 247.0 (426.2)  ,  DataTime: 0.064 (0.006)  ,  ForwardTime: 0.060  ,  TotalTime: 0.130  ,  Loss/total: 0.96978  ,  Loss/giou: 0.22127  ,  Loss/l1: 0.02448  ,  Loss/location: 0.38301  ,  pro_loss: 0.10913  ,  IoU: 0.79371  ,  Loss/sim: 0.00000
[train: Epoch 23, 1650 / 1875] FPS: 247.7 (463.7)  ,  DataTime: 0.063 (0.006)  ,  ForwardTime: 0.060  ,  TotalTime: 0.129  ,  Loss/total: 0.96917  ,  Loss/giou: 0.22111  ,  Loss/l1: 0.02445  ,  Loss/location: 0.38278  ,  pro_loss: 0.10953  ,  IoU: 0.79385  ,  Loss/sim: 0.00000
[train: Epoch 23, 1700 / 1875] FPS: 248.7 (501.1)  ,  DataTime: 0.063 (0.006)  ,  ForwardTime: 0.060  ,  TotalTime: 0.129  ,  Loss/total: 0.96975  ,  Loss/giou: 0.22124  ,  Loss/l1: 0.02447  ,  Loss/location: 0.38302  ,  pro_loss: 0.10958  ,  IoU: 0.79372  ,  Loss/sim: 0.00000
[train: Epoch 23, 1750 / 1875] FPS: 249.5 (430.1)  ,  DataTime: 0.062 (0.006)  ,  ForwardTime: 0.060  ,  TotalTime: 0.128  ,  Loss/total: 0.96924  ,  Loss/giou: 0.22125  ,  Loss/l1: 0.02447  ,  Loss/location: 0.38248  ,  pro_loss: 0.10954  ,  IoU: 0.79376  ,  Loss/sim: 0.00000
[train: Epoch 23, 1800 / 1875] FPS: 250.6 (478.6)  ,  DataTime: 0.062 (0.006)  ,  ForwardTime: 0.060  ,  TotalTime: 0.128  ,  Loss/total: 0.97016  ,  Loss/giou: 0.22145  ,  Loss/l1: 0.02449  ,  Loss/location: 0.38291  ,  pro_loss: 0.10942  ,  IoU: 0.79357  ,  Loss/sim: 0.00000
[train: Epoch 23, 1850 / 1875] FPS: 252.0 (446.1)  ,  DataTime: 0.061 (0.006)  ,  ForwardTime: 0.060  ,  TotalTime: 0.127  ,  Loss/total: 0.97072  ,  Loss/giou: 0.22156  ,  Loss/l1: 0.02450  ,  Loss/location: 0.38322  ,  pro_loss: 0.10947  ,  IoU: 0.79346  ,  Loss/sim: 0.00000
[train: Epoch 23, 1875 / 1875] FPS: 252.3 (513.9)  ,  DataTime: 0.061 (0.006)  ,  ForwardTime: 0.060  ,  TotalTime: 0.127  ,  Loss/total: 0.96981  ,  Loss/giou: 0.22134  ,  Loss/l1: 0.02446  ,  Loss/location: 0.38293  ,  pro_loss: 0.10942  ,  IoU: 0.79363  ,  Loss/sim: 0.00000
[train: Epoch 24, 50 / 1875] FPS: 254.2 (460.9)  ,  DataTime: 0.057 (0.006)  ,  ForwardTime: 0.063  ,  TotalTime: 0.126  ,  Loss/total: 0.97403  ,  Loss/giou: 0.22037  ,  Loss/l1: 0.02430  ,  Loss/location: 0.38913  ,  pro_loss: 0.11333  ,  IoU: 0.79302  ,  Loss/sim: 0.00000
[train: Epoch 24, 100 / 1875] FPS: 273.9 (461.5)  ,  DataTime: 0.048 (0.006)  ,  ForwardTime: 0.063  ,  TotalTime: 0.117  ,  Loss/total: 0.99638  ,  Loss/giou: 0.22664  ,  Loss/l1: 0.02548  ,  Loss/location: 0.39322  ,  pro_loss: 0.11229  ,  IoU: 0.78885  ,  Loss/sim: 0.00000
[train: Epoch 24, 150 / 1875] FPS: 282.2 (450.8)  ,  DataTime: 0.045 (0.006)  ,  ForwardTime: 0.062  ,  TotalTime: 0.113  ,  Loss/total: 0.99540  ,  Loss/giou: 0.22668  ,  Loss/l1: 0.02568  ,  Loss/location: 0.39151  ,  pro_loss: 0.11063  ,  IoU: 0.78915  ,  Loss/sim: 0.00000
[train: Epoch 24, 200 / 1875] FPS: 286.4 (443.9)  ,  DataTime: 0.043 (0.006)  ,  ForwardTime: 0.062  ,  TotalTime: 0.112  ,  Loss/total: 0.98273  ,  Loss/giou: 0.22405  ,  Loss/l1: 0.02525  ,  Loss/location: 0.38643  ,  pro_loss: 0.10990  ,  IoU: 0.79122  ,  Loss/sim: 0.00000
[train: Epoch 24, 250 / 1875] FPS: 288.8 (153.0)  ,  DataTime: 0.042 (0.006)  ,  ForwardTime: 0.062  ,  TotalTime: 0.111  ,  Loss/total: 0.98255  ,  Loss/giou: 0.22393  ,  Loss/l1: 0.02532  ,  Loss/location: 0.38637  ,  pro_loss: 0.10871  ,  IoU: 0.79148  ,  Loss/sim: 0.00000
[train: Epoch 24, 300 / 1875] FPS: 287.3 (442.8)  ,  DataTime: 0.043 (0.006)  ,  ForwardTime: 0.062  ,  TotalTime: 0.111  ,  Loss/total: 0.99071  ,  Loss/giou: 0.22590  ,  Loss/l1: 0.02553  ,  Loss/location: 0.38952  ,  pro_loss: 0.10858  ,  IoU: 0.79001  ,  Loss/sim: 0.00000
[train: Epoch 24, 350 / 1875] FPS: 288.2 (406.8)  ,  DataTime: 0.043 (0.006)  ,  ForwardTime: 0.062  ,  TotalTime: 0.111  ,  Loss/total: 0.98916  ,  Loss/giou: 0.22542  ,  Loss/l1: 0.02533  ,  Loss/location: 0.39013  ,  pro_loss: 0.10756  ,  IoU: 0.79012  ,  Loss/sim: 0.00000
[train: Epoch 24, 400 / 1875] FPS: 283.2 (72.6)  ,  DataTime: 0.045 (0.006)  ,  ForwardTime: 0.062  ,  TotalTime: 0.113  ,  Loss/total: 0.98470  ,  Loss/giou: 0.22504  ,  Loss/l1: 0.02522  ,  Loss/location: 0.38701  ,  pro_loss: 0.10740  ,  IoU: 0.79064  ,  Loss/sim: 0.00000
[train: Epoch 24, 450 / 1875] FPS: 281.7 (460.9)  ,  DataTime: 0.046 (0.006)  ,  ForwardTime: 0.062  ,  TotalTime: 0.114  ,  Loss/total: 0.97915  ,  Loss/giou: 0.22353  ,  Loss/l1: 0.02496  ,  Loss/location: 0.38579  ,  pro_loss: 0.10743  ,  IoU: 0.79176  ,  Loss/sim: 0.00000
[train: Epoch 24, 500 / 1875] FPS: 285.8 (467.8)  ,  DataTime: 0.044 (0.006)  ,  ForwardTime: 0.062  ,  TotalTime: 0.112  ,  Loss/total: 0.97389  ,  Loss/giou: 0.22227  ,  Loss/l1: 0.02477  ,  Loss/location: 0.38397  ,  pro_loss: 0.10756  ,  IoU: 0.79283  ,  Loss/sim: 0.00000
[train: Epoch 24, 550 / 1875] FPS: 286.1 (396.5)  ,  DataTime: 0.044 (0.006)  ,  ForwardTime: 0.062  ,  TotalTime: 0.112  ,  Loss/total: 0.97463  ,  Loss/giou: 0.22253  ,  Loss/l1: 0.02481  ,  Loss/location: 0.38395  ,  pro_loss: 0.10773  ,  IoU: 0.79277  ,  Loss/sim: 0.00000
[train: Epoch 24, 600 / 1875] FPS: 288.4 (438.1)  ,  DataTime: 0.043 (0.006)  ,  ForwardTime: 0.062  ,  TotalTime: 0.111  ,  Loss/total: 0.97620  ,  Loss/giou: 0.22300  ,  Loss/l1: 0.02488  ,  Loss/location: 0.38428  ,  pro_loss: 0.10769  ,  IoU: 0.79229  ,  Loss/sim: 0.00000
[train: Epoch 24, 650 / 1875] FPS: 289.9 (444.1)  ,  DataTime: 0.042 (0.006)  ,  ForwardTime: 0.062  ,  TotalTime: 0.110  ,  Loss/total: 0.97619  ,  Loss/giou: 0.22287  ,  Loss/l1: 0.02486  ,  Loss/location: 0.38469  ,  pro_loss: 0.10724  ,  IoU: 0.79234  ,  Loss/sim: 0.00000
[train: Epoch 24, 700 / 1875] FPS: 290.9 (426.6)  ,  DataTime: 0.042 (0.006)  ,  ForwardTime: 0.062  ,  TotalTime: 0.110  ,  Loss/total: 0.97708  ,  Loss/giou: 0.22298  ,  Loss/l1: 0.02484  ,  Loss/location: 0.38550  ,  pro_loss: 0.10707  ,  IoU: 0.79219  ,  Loss/sim: 0.00000
[train: Epoch 24, 750 / 1875] FPS: 292.8 (370.0)  ,  DataTime: 0.041 (0.006)  ,  ForwardTime: 0.062  ,  TotalTime: 0.109  ,  Loss/total: 0.97943  ,  Loss/giou: 0.22335  ,  Loss/l1: 0.02488  ,  Loss/location: 0.38698  ,  pro_loss: 0.10674  ,  IoU: 0.79190  ,  Loss/sim: 0.00000
[train: Epoch 24, 800 / 1875] FPS: 293.9 (457.7)  ,  DataTime: 0.040 (0.006)  ,  ForwardTime: 0.062  ,  TotalTime: 0.109  ,  Loss/total: 0.98047  ,  Loss/giou: 0.22353  ,  Loss/l1: 0.02495  ,  Loss/location: 0.38724  ,  pro_loss: 0.10697  ,  IoU: 0.79180  ,  Loss/sim: 0.00000
[train: Epoch 24, 850 / 1875] FPS: 295.1 (448.1)  ,  DataTime: 0.040 (0.006)  ,  ForwardTime: 0.062  ,  TotalTime: 0.108  ,  Loss/total: 0.97619  ,  Loss/giou: 0.22265  ,  Loss/l1: 0.02479  ,  Loss/location: 0.38561  ,  pro_loss: 0.10668  ,  IoU: 0.79256  ,  Loss/sim: 0.00000
[train: Epoch 24, 900 / 1875] FPS: 295.7 (446.9)  ,  DataTime: 0.040 (0.006)  ,  ForwardTime: 0.062  ,  TotalTime: 0.108  ,  Loss/total: 0.97238  ,  Loss/giou: 0.22203  ,  Loss/l1: 0.02466  ,  Loss/location: 0.38367  ,  pro_loss: 0.10678  ,  IoU: 0.79300  ,  Loss/sim: 0.00000
[train: Epoch 24, 950 / 1875] FPS: 297.1 (423.3)  ,  DataTime: 0.039 (0.006)  ,  ForwardTime: 0.062  ,  TotalTime: 0.108  ,  Loss/total: 0.97193  ,  Loss/giou: 0.22191  ,  Loss/l1: 0.02465  ,  Loss/location: 0.38353  ,  pro_loss: 0.10671  ,  IoU: 0.79307  ,  Loss/sim: 0.00000
[train: Epoch 24, 1000 / 1875] FPS: 297.3 (228.8)  ,  DataTime: 0.039 (0.006)  ,  ForwardTime: 0.062  ,  TotalTime: 0.108  ,  Loss/total: 0.97246  ,  Loss/giou: 0.22209  ,  Loss/l1: 0.02463  ,  Loss/location: 0.38383  ,  pro_loss: 0.10664  ,  IoU: 0.79288  ,  Loss/sim: 0.00000
[train: Epoch 24, 1050 / 1875] FPS: 298.1 (415.8)  ,  DataTime: 0.039 (0.006)  ,  ForwardTime: 0.062  ,  TotalTime: 0.107  ,  Loss/total: 0.97237  ,  Loss/giou: 0.22209  ,  Loss/l1: 0.02464  ,  Loss/location: 0.38368  ,  pro_loss: 0.10662  ,  IoU: 0.79288  ,  Loss/sim: 0.00000
[train: Epoch 24, 1100 / 1875] FPS: 299.6 (443.9)  ,  DataTime: 0.038 (0.006)  ,  ForwardTime: 0.062  ,  TotalTime: 0.107  ,  Loss/total: 0.97357  ,  Loss/giou: 0.22227  ,  Loss/l1: 0.02466  ,  Loss/location: 0.38435  ,  pro_loss: 0.10696  ,  IoU: 0.79273  ,  Loss/sim: 0.00000
[train: Epoch 24, 1150 / 1875] FPS: 301.0 (451.5)  ,  DataTime: 0.037 (0.006)  ,  ForwardTime: 0.062  ,  TotalTime: 0.106  ,  Loss/total: 0.97439  ,  Loss/giou: 0.22238  ,  Loss/l1: 0.02467  ,  Loss/location: 0.38486  ,  pro_loss: 0.10705  ,  IoU: 0.79262  ,  Loss/sim: 0.00000
[train: Epoch 24, 1200 / 1875] FPS: 301.5 (441.4)  ,  DataTime: 0.037 (0.006)  ,  ForwardTime: 0.062  ,  TotalTime: 0.106  ,  Loss/total: 0.97332  ,  Loss/giou: 0.22206  ,  Loss/l1: 0.02464  ,  Loss/location: 0.38465  ,  pro_loss: 0.10687  ,  IoU: 0.79289  ,  Loss/sim: 0.00000
[train: Epoch 24, 1250 / 1875] FPS: 301.1 (123.1)  ,  DataTime: 0.037 (0.006)  ,  ForwardTime: 0.062  ,  TotalTime: 0.106  ,  Loss/total: 0.97197  ,  Loss/giou: 0.22172  ,  Loss/l1: 0.02459  ,  Loss/location: 0.38423  ,  pro_loss: 0.10687  ,  IoU: 0.79318  ,  Loss/sim: 0.00000
[train: Epoch 24, 1300 / 1875] FPS: 302.0 (459.6)  ,  DataTime: 0.037 (0.006)  ,  ForwardTime: 0.062  ,  TotalTime: 0.106  ,  Loss/total: 0.97207  ,  Loss/giou: 0.22169  ,  Loss/l1: 0.02458  ,  Loss/location: 0.38442  ,  pro_loss: 0.10684  ,  IoU: 0.79317  ,  Loss/sim: 0.00000
[train: Epoch 24, 1350 / 1875] FPS: 302.2 (444.1)  ,  DataTime: 0.037 (0.006)  ,  ForwardTime: 0.062  ,  TotalTime: 0.106  ,  Loss/total: 0.97298  ,  Loss/giou: 0.22183  ,  Loss/l1: 0.02461  ,  Loss/location: 0.38489  ,  pro_loss: 0.10684  ,  IoU: 0.79311  ,  Loss/sim: 0.00000
[train: Epoch 24, 1400 / 1875] FPS: 303.0 (342.5)  ,  DataTime: 0.037 (0.006)  ,  ForwardTime: 0.063  ,  TotalTime: 0.106  ,  Loss/total: 0.97157  ,  Loss/giou: 0.22164  ,  Loss/l1: 0.02457  ,  Loss/location: 0.38412  ,  pro_loss: 0.10668  ,  IoU: 0.79334  ,  Loss/sim: 0.00000
[train: Epoch 24, 1450 / 1875] FPS: 303.2 (219.8)  ,  DataTime: 0.037 (0.006)  ,  ForwardTime: 0.063  ,  TotalTime: 0.106  ,  Loss/total: 0.97165  ,  Loss/giou: 0.22163  ,  Loss/l1: 0.02459  ,  Loss/location: 0.38411  ,  pro_loss: 0.10663  ,  IoU: 0.79342  ,  Loss/sim: 0.00000
[train: Epoch 24, 1500 / 1875] FPS: 303.7 (409.4)  ,  DataTime: 0.036 (0.006)  ,  ForwardTime: 0.063  ,  TotalTime: 0.105  ,  Loss/total: 0.97061  ,  Loss/giou: 0.22131  ,  Loss/l1: 0.02452  ,  Loss/location: 0.38409  ,  pro_loss: 0.10655  ,  IoU: 0.79364  ,  Loss/sim: 0.00000
[train: Epoch 24, 1550 / 1875] FPS: 303.8 (406.0)  ,  DataTime: 0.036 (0.006)  ,  ForwardTime: 0.063  ,  TotalTime: 0.105  ,  Loss/total: 0.96901  ,  Loss/giou: 0.22092  ,  Loss/l1: 0.02444  ,  Loss/location: 0.38365  ,  pro_loss: 0.10659  ,  IoU: 0.79396  ,  Loss/sim: 0.00000
[train: Epoch 24, 1600 / 1875] FPS: 304.8 (461.3)  ,  DataTime: 0.036 (0.006)  ,  ForwardTime: 0.063  ,  TotalTime: 0.105  ,  Loss/total: 0.97012  ,  Loss/giou: 0.22106  ,  Loss/l1: 0.02447  ,  Loss/location: 0.38436  ,  pro_loss: 0.10655  ,  IoU: 0.79381  ,  Loss/sim: 0.00000
[train: Epoch 24, 1650 / 1875] FPS: 305.7 (422.1)  ,  DataTime: 0.035 (0.006)  ,  ForwardTime: 0.063  ,  TotalTime: 0.105  ,  Loss/total: 0.96939  ,  Loss/giou: 0.22096  ,  Loss/l1: 0.02443  ,  Loss/location: 0.38402  ,  pro_loss: 0.10650  ,  IoU: 0.79390  ,  Loss/sim: 0.00000
[train: Epoch 24, 1700 / 1875] FPS: 306.9 (407.6)  ,  DataTime: 0.035 (0.007)  ,  ForwardTime: 0.063  ,  TotalTime: 0.104  ,  Loss/total: 0.96918  ,  Loss/giou: 0.22097  ,  Loss/l1: 0.02442  ,  Loss/location: 0.38387  ,  pro_loss: 0.10627  ,  IoU: 0.79386  ,  Loss/sim: 0.00000
[train: Epoch 24, 1750 / 1875] FPS: 307.3 (333.0)  ,  DataTime: 0.035 (0.007)  ,  ForwardTime: 0.063  ,  TotalTime: 0.104  ,  Loss/total: 0.97001  ,  Loss/giou: 0.22115  ,  Loss/l1: 0.02442  ,  Loss/location: 0.38439  ,  pro_loss: 0.10594  ,  IoU: 0.79368  ,  Loss/sim: 0.00000
[train: Epoch 24, 1800 / 1875] FPS: 308.3 (440.2)  ,  DataTime: 0.034 (0.007)  ,  ForwardTime: 0.063  ,  TotalTime: 0.104  ,  Loss/total: 0.97006  ,  Loss/giou: 0.22118  ,  Loss/l1: 0.02444  ,  Loss/location: 0.38428  ,  pro_loss: 0.10607  ,  IoU: 0.79366  ,  Loss/sim: 0.00000
[train: Epoch 24, 1850 / 1875] FPS: 308.7 (395.9)  ,  DataTime: 0.034 (0.007)  ,  ForwardTime: 0.063  ,  TotalTime: 0.104  ,  Loss/total: 0.97054  ,  Loss/giou: 0.22129  ,  Loss/l1: 0.02449  ,  Loss/location: 0.38433  ,  pro_loss: 0.10594  ,  IoU: 0.79358  ,  Loss/sim: 0.00000
[train: Epoch 24, 1875 / 1875] FPS: 309.0 (488.7)  ,  DataTime: 0.034 (0.007)  ,  ForwardTime: 0.063  ,  TotalTime: 0.104  ,  Loss/total: 0.96982  ,  Loss/giou: 0.22108  ,  Loss/l1: 0.02446  ,  Loss/location: 0.38417  ,  pro_loss: 0.10593  ,  IoU: 0.79376  ,  Loss/sim: 0.00000
[train: Epoch 25, 50 / 1875] FPS: 277.0 (444.2)  ,  DataTime: 0.043 (0.007)  ,  ForwardTime: 0.065  ,  TotalTime: 0.116  ,  Loss/total: 0.99446  ,  Loss/giou: 0.22656  ,  Loss/l1: 0.02552  ,  Loss/location: 0.39288  ,  pro_loss: 0.10438  ,  IoU: 0.78953  ,  Loss/sim: 0.00000
[train: Epoch 25, 100 / 1875] FPS: 298.6 (403.0)  ,  DataTime: 0.035 (0.007)  ,  ForwardTime: 0.065  ,  TotalTime: 0.107  ,  Loss/total: 0.98109  ,  Loss/giou: 0.22319  ,  Loss/l1: 0.02504  ,  Loss/location: 0.38860  ,  pro_loss: 0.10448  ,  IoU: 0.79187  ,  Loss/sim: 0.00000
[train: Epoch 25, 150 / 1875] FPS: 314.8 (433.2)  ,  DataTime: 0.029 (0.007)  ,  ForwardTime: 0.065  ,  TotalTime: 0.102  ,  Loss/total: 0.97881  ,  Loss/giou: 0.22311  ,  Loss/l1: 0.02508  ,  Loss/location: 0.38661  ,  pro_loss: 0.10299  ,  IoU: 0.79176  ,  Loss/sim: 0.00000
[train: Epoch 25, 200 / 1875] FPS: 321.6 (432.2)  ,  DataTime: 0.027 (0.007)  ,  ForwardTime: 0.065  ,  TotalTime: 0.099  ,  Loss/total: 0.96471  ,  Loss/giou: 0.21982  ,  Loss/l1: 0.02453  ,  Loss/location: 0.38227  ,  pro_loss: 0.10078  ,  IoU: 0.79485  ,  Loss/sim: 0.00000
[train: Epoch 25, 250 / 1875] FPS: 323.1 (442.9)  ,  DataTime: 0.027 (0.007)  ,  ForwardTime: 0.066  ,  TotalTime: 0.099  ,  Loss/total: 0.96511  ,  Loss/giou: 0.21928  ,  Loss/l1: 0.02455  ,  Loss/location: 0.38322  ,  pro_loss: 0.10296  ,  IoU: 0.79554  ,  Loss/sim: 0.00000
[train: Epoch 25, 300 / 1875] FPS: 320.1 (99.3)  ,  DataTime: 0.028 (0.007)  ,  ForwardTime: 0.065  ,  TotalTime: 0.100  ,  Loss/total: 0.96845  ,  Loss/giou: 0.22004  ,  Loss/l1: 0.02471  ,  Loss/location: 0.38426  ,  pro_loss: 0.10271  ,  IoU: 0.79503  ,  Loss/sim: 0.00000
[train: Epoch 25, 350 / 1875] FPS: 323.4 (440.3)  ,  DataTime: 0.027 (0.007)  ,  ForwardTime: 0.065  ,  TotalTime: 0.099  ,  Loss/total: 0.96699  ,  Loss/giou: 0.21955  ,  Loss/l1: 0.02454  ,  Loss/location: 0.38481  ,  pro_loss: 0.10202  ,  IoU: 0.79530  ,  Loss/sim: 0.00000
[train: Epoch 25, 400 / 1875] FPS: 324.5 (443.9)  ,  DataTime: 0.026 (0.007)  ,  ForwardTime: 0.065  ,  TotalTime: 0.099  ,  Loss/total: 0.96953  ,  Loss/giou: 0.22010  ,  Loss/l1: 0.02457  ,  Loss/location: 0.38597  ,  pro_loss: 0.10255  ,  IoU: 0.79485  ,  Loss/sim: 0.00000
[train: Epoch 25, 450 / 1875] FPS: 327.3 (381.9)  ,  DataTime: 0.026 (0.007)  ,  ForwardTime: 0.065  ,  TotalTime: 0.098  ,  Loss/total: 0.96464  ,  Loss/giou: 0.21910  ,  Loss/l1: 0.02437  ,  Loss/location: 0.38420  ,  pro_loss: 0.10199  ,  IoU: 0.79572  ,  Loss/sim: 0.00000
[train: Epoch 25, 500 / 1875] FPS: 326.1 (93.2)  ,  DataTime: 0.026 (0.007)  ,  ForwardTime: 0.065  ,  TotalTime: 0.098  ,  Loss/total: 0.96972  ,  Loss/giou: 0.22055  ,  Loss/l1: 0.02461  ,  Loss/location: 0.38520  ,  pro_loss: 0.10183  ,  IoU: 0.79466  ,  Loss/sim: 0.00000
[train: Epoch 25, 550 / 1875] FPS: 328.5 (393.6)  ,  DataTime: 0.026 (0.007)  ,  ForwardTime: 0.065  ,  TotalTime: 0.097  ,  Loss/total: 0.96879  ,  Loss/giou: 0.22039  ,  Loss/l1: 0.02455  ,  Loss/location: 0.38472  ,  pro_loss: 0.10263  ,  IoU: 0.79481  ,  Loss/sim: 0.00000
[train: Epoch 25, 600 / 1875] FPS: 329.2 (442.9)  ,  DataTime: 0.025 (0.007)  ,  ForwardTime: 0.065  ,  TotalTime: 0.097  ,  Loss/total: 0.96486  ,  Loss/giou: 0.21991  ,  Loss/l1: 0.02447  ,  Loss/location: 0.38213  ,  pro_loss: 0.10285  ,  IoU: 0.79524  ,  Loss/sim: 0.00000
[train: Epoch 25, 650 / 1875] FPS: 330.1 (382.8)  ,  DataTime: 0.025 (0.007)  ,  ForwardTime: 0.065  ,  TotalTime: 0.097  ,  Loss/total: 0.96360  ,  Loss/giou: 0.21977  ,  Loss/l1: 0.02441  ,  Loss/location: 0.38143  ,  pro_loss: 0.10297  ,  IoU: 0.79526  ,  Loss/sim: 0.00000
[train: Epoch 25, 700 / 1875] FPS: 329.9 (64.1)  ,  DataTime: 0.025 (0.007)  ,  ForwardTime: 0.065  ,  TotalTime: 0.097  ,  Loss/total: 0.96111  ,  Loss/giou: 0.21930  ,  Loss/l1: 0.02436  ,  Loss/location: 0.38014  ,  pro_loss: 0.10293  ,  IoU: 0.79569  ,  Loss/sim: 0.00000
[train: Epoch 25, 750 / 1875] FPS: 332.8 (447.4)  ,  DataTime: 0.024 (0.007)  ,  ForwardTime: 0.065  ,  TotalTime: 0.096  ,  Loss/total: 0.95889  ,  Loss/giou: 0.21888  ,  Loss/l1: 0.02430  ,  Loss/location: 0.37899  ,  pro_loss: 0.10315  ,  IoU: 0.79601  ,  Loss/sim: 0.00000
[train: Epoch 25, 800 / 1875] FPS: 333.3 (411.3)  ,  DataTime: 0.024 (0.007)  ,  ForwardTime: 0.065  ,  TotalTime: 0.096  ,  Loss/total: 0.95906  ,  Loss/giou: 0.21879  ,  Loss/l1: 0.02425  ,  Loss/location: 0.37959  ,  pro_loss: 0.10314  ,  IoU: 0.79600  ,  Loss/sim: 0.00000
[train: Epoch 25, 850 / 1875] FPS: 333.7 (407.9)  ,  DataTime: 0.024 (0.007)  ,  ForwardTime: 0.065  ,  TotalTime: 0.096  ,  Loss/total: 0.95977  ,  Loss/giou: 0.21905  ,  Loss/l1: 0.02428  ,  Loss/location: 0.37958  ,  pro_loss: 0.10331  ,  IoU: 0.79579  ,  Loss/sim: 0.00000
[train: Epoch 25, 900 / 1875] FPS: 333.5 (122.9)  ,  DataTime: 0.024 (0.007)  ,  ForwardTime: 0.065  ,  TotalTime: 0.096  ,  Loss/total: 0.96140  ,  Loss/giou: 0.21933  ,  Loss/l1: 0.02431  ,  Loss/location: 0.38048  ,  pro_loss: 0.10348  ,  IoU: 0.79551  ,  Loss/sim: 0.00000
[train: Epoch 25, 950 / 1875] FPS: 335.1 (384.3)  ,  DataTime: 0.023 (0.007)  ,  ForwardTime: 0.065  ,  TotalTime: 0.096  ,  Loss/total: 0.96166  ,  Loss/giou: 0.21935  ,  Loss/l1: 0.02435  ,  Loss/location: 0.38057  ,  pro_loss: 0.10332  ,  IoU: 0.79551  ,  Loss/sim: 0.00000
[train: Epoch 25, 1000 / 1875] FPS: 334.1 (385.8)  ,  DataTime: 0.024 (0.007)  ,  ForwardTime: 0.065  ,  TotalTime: 0.096  ,  Loss/total: 0.96194  ,  Loss/giou: 0.21931  ,  Loss/l1: 0.02433  ,  Loss/location: 0.38105  ,  pro_loss: 0.10314  ,  IoU: 0.79548  ,  Loss/sim: 0.00000
[train: Epoch 25, 1050 / 1875] FPS: 334.2 (457.0)  ,  DataTime: 0.024 (0.007)  ,  ForwardTime: 0.065  ,  TotalTime: 0.096  ,  Loss/total: 0.96060  ,  Loss/giou: 0.21899  ,  Loss/l1: 0.02426  ,  Loss/location: 0.38064  ,  pro_loss: 0.10350  ,  IoU: 0.79578  ,  Loss/sim: 0.00000
[train: Epoch 25, 1100 / 1875] FPS: 334.8 (345.1)  ,  DataTime: 0.024 (0.007)  ,  ForwardTime: 0.065  ,  TotalTime: 0.096  ,  Loss/total: 0.96056  ,  Loss/giou: 0.21884  ,  Loss/l1: 0.02424  ,  Loss/location: 0.38095  ,  pro_loss: 0.10367  ,  IoU: 0.79589  ,  Loss/sim: 0.00000
[train: Epoch 25, 1150 / 1875] FPS: 335.7 (346.9)  ,  DataTime: 0.023 (0.007)  ,  ForwardTime: 0.065  ,  TotalTime: 0.095  ,  Loss/total: 0.96284  ,  Loss/giou: 0.21940  ,  Loss/l1: 0.02434  ,  Loss/location: 0.38163  ,  pro_loss: 0.10364  ,  IoU: 0.79546  ,  Loss/sim: 0.00000
[train: Epoch 25, 1200 / 1875] FPS: 335.4 (148.9)  ,  DataTime: 0.023 (0.007)  ,  ForwardTime: 0.065  ,  TotalTime: 0.095  ,  Loss/total: 0.96336  ,  Loss/giou: 0.21957  ,  Loss/l1: 0.02437  ,  Loss/location: 0.38163  ,  pro_loss: 0.10364  ,  IoU: 0.79530  ,  Loss/sim: 0.00000
[train: Epoch 25, 1250 / 1875] FPS: 335.8 (418.2)  ,  DataTime: 0.023 (0.007)  ,  ForwardTime: 0.065  ,  TotalTime: 0.095  ,  Loss/total: 0.96262  ,  Loss/giou: 0.21954  ,  Loss/l1: 0.02434  ,  Loss/location: 0.38099  ,  pro_loss: 0.10407  ,  IoU: 0.79530  ,  Loss/sim: 0.00000
[train: Epoch 25, 1300 / 1875] FPS: 337.2 (440.0)  ,  DataTime: 0.023 (0.007)  ,  ForwardTime: 0.065  ,  TotalTime: 0.095  ,  Loss/total: 0.96283  ,  Loss/giou: 0.21951  ,  Loss/l1: 0.02429  ,  Loss/location: 0.38158  ,  pro_loss: 0.10397  ,  IoU: 0.79530  ,  Loss/sim: 0.00000
[train: Epoch 25, 1350 / 1875] FPS: 337.8 (362.1)  ,  DataTime: 0.022 (0.007)  ,  ForwardTime: 0.065  ,  TotalTime: 0.095  ,  Loss/total: 0.96347  ,  Loss/giou: 0.21961  ,  Loss/l1: 0.02429  ,  Loss/location: 0.38199  ,  pro_loss: 0.10407  ,  IoU: 0.79517  ,  Loss/sim: 0.00000
[train: Epoch 25, 1400 / 1875] FPS: 337.2 (407.0)  ,  DataTime: 0.023 (0.007)  ,  ForwardTime: 0.065  ,  TotalTime: 0.095  ,  Loss/total: 0.96181  ,  Loss/giou: 0.21933  ,  Loss/l1: 0.02422  ,  Loss/location: 0.38126  ,  pro_loss: 0.10408  ,  IoU: 0.79540  ,  Loss/sim: 0.00000
[train: Epoch 25, 1450 / 1875] FPS: 336.7 (398.5)  ,  DataTime: 0.023 (0.007)  ,  ForwardTime: 0.065  ,  TotalTime: 0.095  ,  Loss/total: 0.96244  ,  Loss/giou: 0.21955  ,  Loss/l1: 0.02424  ,  Loss/location: 0.38135  ,  pro_loss: 0.10413  ,  IoU: 0.79524  ,  Loss/sim: 0.00000
[train: Epoch 25, 1500 / 1875] FPS: 337.3 (447.3)  ,  DataTime: 0.023 (0.007)  ,  ForwardTime: 0.065  ,  TotalTime: 0.095  ,  Loss/total: 0.96179  ,  Loss/giou: 0.21941  ,  Loss/l1: 0.02422  ,  Loss/location: 0.38101  ,  pro_loss: 0.10432  ,  IoU: 0.79532  ,  Loss/sim: 0.00000
[train: Epoch 25, 1550 / 1875] FPS: 338.1 (420.9)  ,  DataTime: 0.022 (0.007)  ,  ForwardTime: 0.065  ,  TotalTime: 0.095  ,  Loss/total: 0.96340  ,  Loss/giou: 0.21976  ,  Loss/l1: 0.02428  ,  Loss/location: 0.38161  ,  pro_loss: 0.10431  ,  IoU: 0.79502  ,  Loss/sim: 0.00000
[train: Epoch 25, 1600 / 1875] FPS: 338.8 (403.5)  ,  DataTime: 0.022 (0.007)  ,  ForwardTime: 0.065  ,  TotalTime: 0.094  ,  Loss/total: 0.96290  ,  Loss/giou: 0.21975  ,  Loss/l1: 0.02429  ,  Loss/location: 0.38107  ,  pro_loss: 0.10447  ,  IoU: 0.79507  ,  Loss/sim: 0.00000
[train: Epoch 25, 1650 / 1875] FPS: 338.7 (443.5)  ,  DataTime: 0.022 (0.007)  ,  ForwardTime: 0.065  ,  TotalTime: 0.094  ,  Loss/total: 0.96394  ,  Loss/giou: 0.21999  ,  Loss/l1: 0.02433  ,  Loss/location: 0.38141  ,  pro_loss: 0.10459  ,  IoU: 0.79484  ,  Loss/sim: 0.00000
[train: Epoch 25, 1700 / 1875] FPS: 339.2 (468.9)  ,  DataTime: 0.022 (0.007)  ,  ForwardTime: 0.065  ,  TotalTime: 0.094  ,  Loss/total: 0.96430  ,  Loss/giou: 0.22014  ,  Loss/l1: 0.02436  ,  Loss/location: 0.38133  ,  pro_loss: 0.10455  ,  IoU: 0.79474  ,  Loss/sim: 0.00000
[train: Epoch 25, 1750 / 1875] FPS: 340.0 (423.1)  ,  DataTime: 0.022 (0.007)  ,  ForwardTime: 0.065  ,  TotalTime: 0.094  ,  Loss/total: 0.96376  ,  Loss/giou: 0.21999  ,  Loss/l1: 0.02433  ,  Loss/location: 0.38123  ,  pro_loss: 0.10451  ,  IoU: 0.79488  ,  Loss/sim: 0.00000
[train: Epoch 25, 1800 / 1875] FPS: 340.1 (414.5)  ,  DataTime: 0.022 (0.007)  ,  ForwardTime: 0.065  ,  TotalTime: 0.094  ,  Loss/total: 0.96429  ,  Loss/giou: 0.22008  ,  Loss/l1: 0.02436  ,  Loss/location: 0.38144  ,  pro_loss: 0.10449  ,  IoU: 0.79482  ,  Loss/sim: 0.00000
[train: Epoch 25, 1850 / 1875] FPS: 340.2 (373.2)  ,  DataTime: 0.022 (0.007)  ,  ForwardTime: 0.065  ,  TotalTime: 0.094  ,  Loss/total: 0.96531  ,  Loss/giou: 0.22024  ,  Loss/l1: 0.02440  ,  Loss/location: 0.38195  ,  pro_loss: 0.10447  ,  IoU: 0.79470  ,  Loss/sim: 0.00000
[train: Epoch 25, 1875 / 1875] FPS: 340.8 (496.3)  ,  DataTime: 0.022 (0.007)  ,  ForwardTime: 0.065  ,  TotalTime: 0.094  ,  Loss/total: 0.96610  ,  Loss/giou: 0.22041  ,  Loss/l1: 0.02443  ,  Loss/location: 0.38221  ,  pro_loss: 0.10454  ,  IoU: 0.79454  ,  Loss/sim: 0.00000
[val: Epoch 25, 50 / 312] FPS: 80.4 (874.6)  ,  DataTime: 0.367 (0.006)  ,  ForwardTime: 0.025  ,  TotalTime: 0.398  ,  Loss/total: 0.93512  ,  Loss/giou: 0.23272  ,  Loss/l1: 0.02048  ,  Loss/location: 0.36729  ,  pro_loss: 0.00000  ,  IoU: 0.78462  ,  Loss/sim: 0.00000
[val: Epoch 25, 100 / 312] FPS: 81.8 (45.6)  ,  DataTime: 0.360 (0.006)  ,  ForwardTime: 0.025  ,  TotalTime: 0.391  ,  Loss/total: 0.95657  ,  Loss/giou: 0.23224  ,  Loss/l1: 0.02051  ,  Loss/location: 0.38953  ,  pro_loss: 0.00010  ,  IoU: 0.78414  ,  Loss/sim: 0.00000
[val: Epoch 25, 150 / 312] FPS: 83.6 (928.8)  ,  DataTime: 0.352 (0.006)  ,  ForwardTime: 0.025  ,  TotalTime: 0.383  ,  Loss/total: 0.97447  ,  Loss/giou: 0.23391  ,  Loss/l1: 0.02076  ,  Loss/location: 0.40279  ,  pro_loss: 0.00021  ,  IoU: 0.78255  ,  Loss/sim: 0.00000
[val: Epoch 25, 200 / 312] FPS: 84.4 (903.1)  ,  DataTime: 0.348 (0.006)  ,  ForwardTime: 0.025  ,  TotalTime: 0.379  ,  Loss/total: 0.96863  ,  Loss/giou: 0.23334  ,  Loss/l1: 0.02099  ,  Loss/location: 0.39697  ,  pro_loss: 0.00021  ,  IoU: 0.78336  ,  Loss/sim: 0.00000
[val: Epoch 25, 250 / 312] FPS: 85.4 (966.9)  ,  DataTime: 0.344 (0.006)  ,  ForwardTime: 0.025  ,  TotalTime: 0.375  ,  Loss/total: 0.98044  ,  Loss/giou: 0.23568  ,  Loss/l1: 0.02125  ,  Loss/location: 0.40280  ,  pro_loss: 0.00021  ,  IoU: 0.78128  ,  Loss/sim: 0.00000
[val: Epoch 25, 300 / 312] FPS: 85.0 (15.0)  ,  DataTime: 0.346 (0.006)  ,  ForwardTime: 0.025  ,  TotalTime: 0.377  ,  Loss/total: 0.97939  ,  Loss/giou: 0.23612  ,  Loss/l1: 0.02132  ,  Loss/location: 0.40050  ,  pro_loss: 0.00017  ,  IoU: 0.78114  ,  Loss/sim: 0.00000
[val: Epoch 25, 312 / 312] FPS: 87.1 (1021.2)  ,  DataTime: 0.337 (0.006)  ,  ForwardTime: 0.025  ,  TotalTime: 0.367  ,  Loss/total: 0.97570  ,  Loss/giou: 0.23532  ,  Loss/l1: 0.02120  ,  Loss/location: 0.39902  ,  pro_loss: 0.00017  ,  IoU: 0.78172  ,  Loss/sim: 0.00000
[train: Epoch 26, 50 / 1875] FPS: 52.7 (490.9)  ,  DataTime: 0.546 (0.005)  ,  ForwardTime: 0.057  ,  TotalTime: 0.607  ,  Loss/total: 0.94747  ,  Loss/giou: 0.21643  ,  Loss/l1: 0.02358  ,  Loss/location: 0.37574  ,  pro_loss: 0.10479  ,  IoU: 0.79770  ,  Loss/sim: 0.00000
[train: Epoch 26, 100 / 1875] FPS: 58.4 (507.2)  ,  DataTime: 0.487 (0.005)  ,  ForwardTime: 0.057  ,  TotalTime: 0.548  ,  Loss/total: 0.93325  ,  Loss/giou: 0.21278  ,  Loss/l1: 0.02295  ,  Loss/location: 0.37135  ,  pro_loss: 0.10792  ,  IoU: 0.80086  ,  Loss/sim: 0.00000
[train: Epoch 26, 150 / 1875] FPS: 63.2 (505.0)  ,  DataTime: 0.445 (0.005)  ,  ForwardTime: 0.057  ,  TotalTime: 0.506  ,  Loss/total: 0.92259  ,  Loss/giou: 0.20989  ,  Loss/l1: 0.02271  ,  Loss/location: 0.36794  ,  pro_loss: 0.10660  ,  IoU: 0.80335  ,  Loss/sim: 0.00000
[train: Epoch 26, 200 / 1875] FPS: 65.7 (505.9)  ,  DataTime: 0.426 (0.005)  ,  ForwardTime: 0.057  ,  TotalTime: 0.487  ,  Loss/total: 0.92797  ,  Loss/giou: 0.21164  ,  Loss/l1: 0.02308  ,  Loss/location: 0.36825  ,  pro_loss: 0.10526  ,  IoU: 0.80244  ,  Loss/sim: 0.00000
[train: Epoch 26, 250 / 1875] FPS: 66.4 (11.6)  ,  DataTime: 0.420 (0.005)  ,  ForwardTime: 0.057  ,  TotalTime: 0.482  ,  Loss/total: 0.92566  ,  Loss/giou: 0.21154  ,  Loss/l1: 0.02301  ,  Loss/location: 0.36676  ,  pro_loss: 0.10379  ,  IoU: 0.80220  ,  Loss/sim: 0.00000
[train: Epoch 26, 300 / 1875] FPS: 68.2 (491.0)  ,  DataTime: 0.408 (0.005)  ,  ForwardTime: 0.057  ,  TotalTime: 0.469  ,  Loss/total: 0.93584  ,  Loss/giou: 0.21367  ,  Loss/l1: 0.02332  ,  Loss/location: 0.37133  ,  pro_loss: 0.10288  ,  IoU: 0.80047  ,  Loss/sim: 0.00000
[train: Epoch 26, 350 / 1875] FPS: 69.5 (499.3)  ,  DataTime: 0.399 (0.005)  ,  ForwardTime: 0.057  ,  TotalTime: 0.460  ,  Loss/total: 0.94178  ,  Loss/giou: 0.21459  ,  Loss/l1: 0.02345  ,  Loss/location: 0.37469  ,  pro_loss: 0.10318  ,  IoU: 0.79947  ,  Loss/sim: 0.00000
[train: Epoch 26, 400 / 1875] FPS: 70.8 (489.5)  ,  DataTime: 0.390 (0.005)  ,  ForwardTime: 0.057  ,  TotalTime: 0.452  ,  Loss/total: 0.94688  ,  Loss/giou: 0.21559  ,  Loss/l1: 0.02363  ,  Loss/location: 0.37679  ,  pro_loss: 0.10388  ,  IoU: 0.79859  ,  Loss/sim: 0.00000
[train: Epoch 26, 450 / 1875] FPS: 71.7 (34.4)  ,  DataTime: 0.385 (0.005)  ,  ForwardTime: 0.057  ,  TotalTime: 0.446  ,  Loss/total: 0.95285  ,  Loss/giou: 0.21717  ,  Loss/l1: 0.02391  ,  Loss/location: 0.37820  ,  pro_loss: 0.10382  ,  IoU: 0.79723  ,  Loss/sim: 0.00000
[train: Epoch 26, 500 / 1875] FPS: 72.7 (498.1)  ,  DataTime: 0.379 (0.005)  ,  ForwardTime: 0.057  ,  TotalTime: 0.440  ,  Loss/total: 0.95258  ,  Loss/giou: 0.21707  ,  Loss/l1: 0.02388  ,  Loss/location: 0.37831  ,  pro_loss: 0.10352  ,  IoU: 0.79718  ,  Loss/sim: 0.00000
[train: Epoch 26, 550 / 1875] FPS: 73.4 (501.7)  ,  DataTime: 0.375 (0.005)  ,  ForwardTime: 0.057  ,  TotalTime: 0.436  ,  Loss/total: 0.95398  ,  Loss/giou: 0.21741  ,  Loss/l1: 0.02400  ,  Loss/location: 0.37864  ,  pro_loss: 0.10275  ,  IoU: 0.79699  ,  Loss/sim: 0.00000
[train: Epoch 26, 600 / 1875] FPS: 75.5 (487.4)  ,  DataTime: 0.363 (0.005)  ,  ForwardTime: 0.057  ,  TotalTime: 0.424  ,  Loss/total: 0.95195  ,  Loss/giou: 0.21719  ,  Loss/l1: 0.02393  ,  Loss/location: 0.37735  ,  pro_loss: 0.10290  ,  IoU: 0.79717  ,  Loss/sim: 0.00000
[train: Epoch 26, 650 / 1875] FPS: 76.1 (496.8)  ,  DataTime: 0.359 (0.005)  ,  ForwardTime: 0.057  ,  TotalTime: 0.421  ,  Loss/total: 0.95022  ,  Loss/giou: 0.21693  ,  Loss/l1: 0.02386  ,  Loss/location: 0.37648  ,  pro_loss: 0.10284  ,  IoU: 0.79737  ,  Loss/sim: 0.00000
[train: Epoch 26, 700 / 1875] FPS: 77.7 (478.0)  ,  DataTime: 0.351 (0.005)  ,  ForwardTime: 0.057  ,  TotalTime: 0.412  ,  Loss/total: 0.95062  ,  Loss/giou: 0.21724  ,  Loss/l1: 0.02393  ,  Loss/location: 0.37596  ,  pro_loss: 0.10275  ,  IoU: 0.79725  ,  Loss/sim: 0.00000
[train: Epoch 26, 750 / 1875] FPS: 78.5 (500.6)  ,  DataTime: 0.347 (0.005)  ,  ForwardTime: 0.057  ,  TotalTime: 0.408  ,  Loss/total: 0.94740  ,  Loss/giou: 0.21654  ,  Loss/l1: 0.02378  ,  Loss/location: 0.37490  ,  pro_loss: 0.10246  ,  IoU: 0.79783  ,  Loss/sim: 0.00000
[train: Epoch 26, 800 / 1875] FPS: 78.2 (486.1)  ,  DataTime: 0.348 (0.005)  ,  ForwardTime: 0.057  ,  TotalTime: 0.409  ,  Loss/total: 0.94573  ,  Loss/giou: 0.21603  ,  Loss/l1: 0.02367  ,  Loss/location: 0.37476  ,  pro_loss: 0.10293  ,  IoU: 0.79828  ,  Loss/sim: 0.00000
[train: Epoch 26, 850 / 1875] FPS: 79.0 (506.3)  ,  DataTime: 0.344 (0.005)  ,  ForwardTime: 0.057  ,  TotalTime: 0.405  ,  Loss/total: 0.94666  ,  Loss/giou: 0.21629  ,  Loss/l1: 0.02367  ,  Loss/location: 0.37514  ,  pro_loss: 0.10278  ,  IoU: 0.79793  ,  Loss/sim: 0.00000
[train: Epoch 26, 900 / 1875] FPS: 79.5 (505.8)  ,  DataTime: 0.341 (0.005)  ,  ForwardTime: 0.057  ,  TotalTime: 0.403  ,  Loss/total: 0.94826  ,  Loss/giou: 0.21671  ,  Loss/l1: 0.02372  ,  Loss/location: 0.37575  ,  pro_loss: 0.10257  ,  IoU: 0.79758  ,  Loss/sim: 0.00000
[train: Epoch 26, 950 / 1875] FPS: 79.8 (494.0)  ,  DataTime: 0.340 (0.005)  ,  ForwardTime: 0.057  ,  TotalTime: 0.401  ,  Loss/total: 0.94974  ,  Loss/giou: 0.21717  ,  Loss/l1: 0.02373  ,  Loss/location: 0.37621  ,  pro_loss: 0.10269  ,  IoU: 0.79715  ,  Loss/sim: 0.00000
[train: Epoch 26, 1000 / 1875] FPS: 80.8 (503.0)  ,  DataTime: 0.335 (0.005)  ,  ForwardTime: 0.057  ,  TotalTime: 0.396  ,  Loss/total: 0.94734  ,  Loss/giou: 0.21669  ,  Loss/l1: 0.02363  ,  Loss/location: 0.37526  ,  pro_loss: 0.10274  ,  IoU: 0.79761  ,  Loss/sim: 0.00000
[train: Epoch 26, 1050 / 1875] FPS: 82.1 (500.5)  ,  DataTime: 0.328 (0.005)  ,  ForwardTime: 0.057  ,  TotalTime: 0.390  ,  Loss/total: 0.94698  ,  Loss/giou: 0.21663  ,  Loss/l1: 0.02360  ,  Loss/location: 0.37519  ,  pro_loss: 0.10276  ,  IoU: 0.79762  ,  Loss/sim: 0.00000
[train: Epoch 26, 1100 / 1875] FPS: 83.5 (496.8)  ,  DataTime: 0.322 (0.005)  ,  ForwardTime: 0.057  ,  TotalTime: 0.383  ,  Loss/total: 0.94591  ,  Loss/giou: 0.21636  ,  Loss/l1: 0.02352  ,  Loss/location: 0.37502  ,  pro_loss: 0.10277  ,  IoU: 0.79784  ,  Loss/sim: 0.00000
[train: Epoch 26, 1150 / 1875] FPS: 84.2 (18.2)  ,  DataTime: 0.319 (0.005)  ,  ForwardTime: 0.057  ,  TotalTime: 0.380  ,  Loss/total: 0.94697  ,  Loss/giou: 0.21679  ,  Loss/l1: 0.02356  ,  Loss/location: 0.37496  ,  pro_loss: 0.10322  ,  IoU: 0.79747  ,  Loss/sim: 0.00000
[train: Epoch 26, 1200 / 1875] FPS: 85.6 (501.8)  ,  DataTime: 0.313 (0.005)  ,  ForwardTime: 0.057  ,  TotalTime: 0.374  ,  Loss/total: 0.94601  ,  Loss/giou: 0.21653  ,  Loss/l1: 0.02350  ,  Loss/location: 0.37485  ,  pro_loss: 0.10305  ,  IoU: 0.79770  ,  Loss/sim: 0.00000
[train: Epoch 26, 1250 / 1875] FPS: 86.7 (96.3)  ,  DataTime: 0.308 (0.005)  ,  ForwardTime: 0.057  ,  TotalTime: 0.369  ,  Loss/total: 0.94749  ,  Loss/giou: 0.21700  ,  Loss/l1: 0.02354  ,  Loss/location: 0.37522  ,  pro_loss: 0.10290  ,  IoU: 0.79732  ,  Loss/sim: 0.00000
[train: Epoch 26, 1300 / 1875] FPS: 87.8 (506.3)  ,  DataTime: 0.303 (0.005)  ,  ForwardTime: 0.057  ,  TotalTime: 0.365  ,  Loss/total: 0.94862  ,  Loss/giou: 0.21720  ,  Loss/l1: 0.02356  ,  Loss/location: 0.37579  ,  pro_loss: 0.10304  ,  IoU: 0.79719  ,  Loss/sim: 0.00000
[train: Epoch 26, 1350 / 1875] FPS: 89.1 (380.6)  ,  DataTime: 0.298 (0.005)  ,  ForwardTime: 0.057  ,  TotalTime: 0.359  ,  Loss/total: 0.95067  ,  Loss/giou: 0.21751  ,  Loss/l1: 0.02362  ,  Loss/location: 0.37690  ,  pro_loss: 0.10315  ,  IoU: 0.79693  ,  Loss/sim: 0.00000
[train: Epoch 26, 1400 / 1875] FPS: 90.0 (503.3)  ,  DataTime: 0.294 (0.005)  ,  ForwardTime: 0.057  ,  TotalTime: 0.355  ,  Loss/total: 0.95050  ,  Loss/giou: 0.21750  ,  Loss/l1: 0.02361  ,  Loss/location: 0.37678  ,  pro_loss: 0.10328  ,  IoU: 0.79694  ,  Loss/sim: 0.00000
[train: Epoch 26, 1450 / 1875] FPS: 91.2 (499.1)  ,  DataTime: 0.290 (0.005)  ,  ForwardTime: 0.057  ,  TotalTime: 0.351  ,  Loss/total: 0.95069  ,  Loss/giou: 0.21764  ,  Loss/l1: 0.02363  ,  Loss/location: 0.37656  ,  pro_loss: 0.10349  ,  IoU: 0.79689  ,  Loss/sim: 0.00000
[train: Epoch 26, 1500 / 1875] FPS: 92.3 (503.8)  ,  DataTime: 0.285 (0.005)  ,  ForwardTime: 0.057  ,  TotalTime: 0.347  ,  Loss/total: 0.94966  ,  Loss/giou: 0.21751  ,  Loss/l1: 0.02358  ,  Loss/location: 0.37603  ,  pro_loss: 0.10347  ,  IoU: 0.79700  ,  Loss/sim: 0.00000
[train: Epoch 26, 1550 / 1875] FPS: 93.3 (489.1)  ,  DataTime: 0.282 (0.005)  ,  ForwardTime: 0.057  ,  TotalTime: 0.343  ,  Loss/total: 0.94989  ,  Loss/giou: 0.21754  ,  Loss/l1: 0.02360  ,  Loss/location: 0.37612  ,  pro_loss: 0.10352  ,  IoU: 0.79695  ,  Loss/sim: 0.00000
[train: Epoch 26, 1600 / 1875] FPS: 94.7 (476.0)  ,  DataTime: 0.277 (0.005)  ,  ForwardTime: 0.057  ,  TotalTime: 0.338  ,  Loss/total: 0.94847  ,  Loss/giou: 0.21728  ,  Loss/l1: 0.02354  ,  Loss/location: 0.37550  ,  pro_loss: 0.10348  ,  IoU: 0.79718  ,  Loss/sim: 0.00000
[train: Epoch 26, 1650 / 1875] FPS: 95.7 (83.2)  ,  DataTime: 0.273 (0.005)  ,  ForwardTime: 0.057  ,  TotalTime: 0.334  ,  Loss/total: 0.94871  ,  Loss/giou: 0.21729  ,  Loss/l1: 0.02356  ,  Loss/location: 0.37562  ,  pro_loss: 0.10350  ,  IoU: 0.79721  ,  Loss/sim: 0.00000
[train: Epoch 26, 1700 / 1875] FPS: 96.6 (487.5)  ,  DataTime: 0.270 (0.005)  ,  ForwardTime: 0.057  ,  TotalTime: 0.331  ,  Loss/total: 0.94995  ,  Loss/giou: 0.21749  ,  Loss/l1: 0.02361  ,  Loss/location: 0.37616  ,  pro_loss: 0.10373  ,  IoU: 0.79703  ,  Loss/sim: 0.00000
[train: Epoch 26, 1750 / 1875] FPS: 97.8 (502.3)  ,  DataTime: 0.266 (0.005)  ,  ForwardTime: 0.057  ,  TotalTime: 0.327  ,  Loss/total: 0.94936  ,  Loss/giou: 0.21738  ,  Loss/l1: 0.02359  ,  Loss/location: 0.37588  ,  pro_loss: 0.10379  ,  IoU: 0.79715  ,  Loss/sim: 0.00000
[train: Epoch 26, 1800 / 1875] FPS: 99.0 (502.5)  ,  DataTime: 0.262 (0.005)  ,  ForwardTime: 0.057  ,  TotalTime: 0.323  ,  Loss/total: 0.95103  ,  Loss/giou: 0.21766  ,  Loss/l1: 0.02363  ,  Loss/location: 0.37676  ,  pro_loss: 0.10382  ,  IoU: 0.79689  ,  Loss/sim: 0.00000
[train: Epoch 26, 1850 / 1875] FPS: 99.8 (37.2)  ,  DataTime: 0.259 (0.005)  ,  ForwardTime: 0.057  ,  TotalTime: 0.321  ,  Loss/total: 0.95080  ,  Loss/giou: 0.21762  ,  Loss/l1: 0.02361  ,  Loss/location: 0.37678  ,  pro_loss: 0.10378  ,  IoU: 0.79687  ,  Loss/sim: 0.00000
[train: Epoch 26, 1875 / 1875] FPS: 100.5 (516.8)  ,  DataTime: 0.257 (0.005)  ,  ForwardTime: 0.057  ,  TotalTime: 0.318  ,  Loss/total: 0.95099  ,  Loss/giou: 0.21762  ,  Loss/l1: 0.02360  ,  Loss/location: 0.37698  ,  pro_loss: 0.10372  ,  IoU: 0.79686  ,  Loss/sim: 0.00000
[train: Epoch 27, 50 / 1875] FPS: 137.5 (491.0)  ,  DataTime: 0.171 (0.005)  ,  ForwardTime: 0.057  ,  TotalTime: 0.233  ,  Loss/total: 1.00232  ,  Loss/giou: 0.22518  ,  Loss/l1: 0.02547  ,  Loss/location: 0.40465  ,  pro_loss: 0.09979  ,  IoU: 0.79065  ,  Loss/sim: 0.00000
[train: Epoch 27, 100 / 1875] FPS: 148.5 (109.2)  ,  DataTime: 0.154 (0.005)  ,  ForwardTime: 0.057  ,  TotalTime: 0.215  ,  Loss/total: 1.00495  ,  Loss/giou: 0.22809  ,  Loss/l1: 0.02566  ,  Loss/location: 0.39947  ,  pro_loss: 0.10500  ,  IoU: 0.78771  ,  Loss/sim: 0.00000
[train: Epoch 27, 150 / 1875] FPS: 150.2 (489.3)  ,  DataTime: 0.151 (0.005)  ,  ForwardTime: 0.057  ,  TotalTime: 0.213  ,  Loss/total: 1.01272  ,  Loss/giou: 0.23011  ,  Loss/l1: 0.02635  ,  Loss/location: 0.39992  ,  pro_loss: 0.10424  ,  IoU: 0.78630  ,  Loss/sim: 0.00000
[train: Epoch 27, 200 / 1875] FPS: 156.5 (492.8)  ,  DataTime: 0.143 (0.005)  ,  ForwardTime: 0.057  ,  TotalTime: 0.204  ,  Loss/total: 0.99710  ,  Loss/giou: 0.22725  ,  Loss/l1: 0.02570  ,  Loss/location: 0.39359  ,  pro_loss: 0.10255  ,  IoU: 0.78855  ,  Loss/sim: 0.00000
[train: Epoch 27, 250 / 1875] FPS: 158.5 (472.6)  ,  DataTime: 0.140 (0.005)  ,  ForwardTime: 0.057  ,  TotalTime: 0.202  ,  Loss/total: 0.97901  ,  Loss/giou: 0.22312  ,  Loss/l1: 0.02496  ,  Loss/location: 0.38749  ,  pro_loss: 0.10238  ,  IoU: 0.79207  ,  Loss/sim: 0.00000
[train: Epoch 27, 300 / 1875] FPS: 160.9 (492.0)  ,  DataTime: 0.137 (0.005)  ,  ForwardTime: 0.057  ,  TotalTime: 0.199  ,  Loss/total: 0.97469  ,  Loss/giou: 0.22236  ,  Loss/l1: 0.02477  ,  Loss/location: 0.38567  ,  pro_loss: 0.10236  ,  IoU: 0.79263  ,  Loss/sim: 0.00000
[train: Epoch 27, 350 / 1875] FPS: 162.7 (447.1)  ,  DataTime: 0.135 (0.005)  ,  ForwardTime: 0.057  ,  TotalTime: 0.197  ,  Loss/total: 0.97207  ,  Loss/giou: 0.22194  ,  Loss/l1: 0.02460  ,  Loss/location: 0.38455  ,  pro_loss: 0.10316  ,  IoU: 0.79307  ,  Loss/sim: 0.00000
[train: Epoch 27, 400 / 1875] FPS: 164.5 (448.4)  ,  DataTime: 0.132 (0.005)  ,  ForwardTime: 0.057  ,  TotalTime: 0.195  ,  Loss/total: 0.97569  ,  Loss/giou: 0.22285  ,  Loss/l1: 0.02481  ,  Loss/location: 0.38522  ,  pro_loss: 0.10354  ,  IoU: 0.79261  ,  Loss/sim: 0.00000
[train: Epoch 27, 450 / 1875] FPS: 167.1 (148.0)  ,  DataTime: 0.129 (0.005)  ,  ForwardTime: 0.057  ,  TotalTime: 0.192  ,  Loss/total: 0.97380  ,  Loss/giou: 0.22250  ,  Loss/l1: 0.02470  ,  Loss/location: 0.38475  ,  pro_loss: 0.10287  ,  IoU: 0.79278  ,  Loss/sim: 0.00000
[train: Epoch 27, 500 / 1875] FPS: 165.9 (500.0)  ,  DataTime: 0.131 (0.005)  ,  ForwardTime: 0.057  ,  TotalTime: 0.193  ,  Loss/total: 0.97037  ,  Loss/giou: 0.22182  ,  Loss/l1: 0.02454  ,  Loss/location: 0.38351  ,  pro_loss: 0.10254  ,  IoU: 0.79330  ,  Loss/sim: 0.00000
[train: Epoch 27, 550 / 1875] FPS: 169.0 (488.6)  ,  DataTime: 0.127 (0.005)  ,  ForwardTime: 0.057  ,  TotalTime: 0.189  ,  Loss/total: 0.97045  ,  Loss/giou: 0.22144  ,  Loss/l1: 0.02444  ,  Loss/location: 0.38483  ,  pro_loss: 0.10271  ,  IoU: 0.79348  ,  Loss/sim: 0.00000
[train: Epoch 27, 600 / 1875] FPS: 171.2 (477.3)  ,  DataTime: 0.125 (0.005)  ,  ForwardTime: 0.057  ,  TotalTime: 0.187  ,  Loss/total: 0.97221  ,  Loss/giou: 0.22212  ,  Loss/l1: 0.02458  ,  Loss/location: 0.38457  ,  pro_loss: 0.10248  ,  IoU: 0.79311  ,  Loss/sim: 0.00000
[train: Epoch 27, 650 / 1875] FPS: 172.3 (462.6)  ,  DataTime: 0.123 (0.005)  ,  ForwardTime: 0.057  ,  TotalTime: 0.186  ,  Loss/total: 0.97227  ,  Loss/giou: 0.22192  ,  Loss/l1: 0.02455  ,  Loss/location: 0.38520  ,  pro_loss: 0.10247  ,  IoU: 0.79310  ,  Loss/sim: 0.00000
[train: Epoch 27, 700 / 1875] FPS: 174.1 (467.5)  ,  DataTime: 0.121 (0.005)  ,  ForwardTime: 0.057  ,  TotalTime: 0.184  ,  Loss/total: 0.97246  ,  Loss/giou: 0.22198  ,  Loss/l1: 0.02456  ,  Loss/location: 0.38516  ,  pro_loss: 0.10277  ,  IoU: 0.79303  ,  Loss/sim: 0.00000
[train: Epoch 27, 750 / 1875] FPS: 176.2 (455.6)  ,  DataTime: 0.119 (0.005)  ,  ForwardTime: 0.058  ,  TotalTime: 0.182  ,  Loss/total: 0.97309  ,  Loss/giou: 0.22185  ,  Loss/l1: 0.02457  ,  Loss/location: 0.38596  ,  pro_loss: 0.10292  ,  IoU: 0.79322  ,  Loss/sim: 0.00000
[train: Epoch 27, 800 / 1875] FPS: 176.7 (453.2)  ,  DataTime: 0.118 (0.005)  ,  ForwardTime: 0.058  ,  TotalTime: 0.181  ,  Loss/total: 0.97249  ,  Loss/giou: 0.22189  ,  Loss/l1: 0.02459  ,  Loss/location: 0.38516  ,  pro_loss: 0.10305  ,  IoU: 0.79319  ,  Loss/sim: 0.00000
[train: Epoch 27, 850 / 1875] FPS: 179.0 (457.2)  ,  DataTime: 0.116 (0.005)  ,  ForwardTime: 0.058  ,  TotalTime: 0.179  ,  Loss/total: 0.97133  ,  Loss/giou: 0.22159  ,  Loss/l1: 0.02454  ,  Loss/location: 0.38475  ,  pro_loss: 0.10341  ,  IoU: 0.79338  ,  Loss/sim: 0.00000
[train: Epoch 27, 900 / 1875] FPS: 179.7 (463.6)  ,  DataTime: 0.115 (0.005)  ,  ForwardTime: 0.058  ,  TotalTime: 0.178  ,  Loss/total: 0.97128  ,  Loss/giou: 0.22152  ,  Loss/l1: 0.02457  ,  Loss/location: 0.38474  ,  pro_loss: 0.10324  ,  IoU: 0.79336  ,  Loss/sim: 0.00000
[train: Epoch 27, 950 / 1875] FPS: 181.0 (397.4)  ,  DataTime: 0.114 (0.005)  ,  ForwardTime: 0.058  ,  TotalTime: 0.177  ,  Loss/total: 0.97184  ,  Loss/giou: 0.22189  ,  Loss/l1: 0.02462  ,  Loss/location: 0.38436  ,  pro_loss: 0.10314  ,  IoU: 0.79301  ,  Loss/sim: 0.00000
[train: Epoch 27, 1000 / 1875] FPS: 182.2 (471.7)  ,  DataTime: 0.113 (0.005)  ,  ForwardTime: 0.058  ,  TotalTime: 0.176  ,  Loss/total: 0.97223  ,  Loss/giou: 0.22202  ,  Loss/l1: 0.02464  ,  Loss/location: 0.38437  ,  pro_loss: 0.10307  ,  IoU: 0.79296  ,  Loss/sim: 0.00000
[train: Epoch 27, 1050 / 1875] FPS: 184.2 (222.8)  ,  DataTime: 0.111 (0.005)  ,  ForwardTime: 0.058  ,  TotalTime: 0.174  ,  Loss/total: 0.97127  ,  Loss/giou: 0.22167  ,  Loss/l1: 0.02461  ,  Loss/location: 0.38422  ,  pro_loss: 0.10332  ,  IoU: 0.79327  ,  Loss/sim: 0.00000
[train: Epoch 27, 1100 / 1875] FPS: 185.2 (480.5)  ,  DataTime: 0.110 (0.005)  ,  ForwardTime: 0.058  ,  TotalTime: 0.173  ,  Loss/total: 0.97043  ,  Loss/giou: 0.22153  ,  Loss/l1: 0.02458  ,  Loss/location: 0.38378  ,  pro_loss: 0.10344  ,  IoU: 0.79339  ,  Loss/sim: 0.00000
[train: Epoch 27, 1150 / 1875] FPS: 186.0 (484.8)  ,  DataTime: 0.109 (0.005)  ,  ForwardTime: 0.058  ,  TotalTime: 0.172  ,  Loss/total: 0.96977  ,  Loss/giou: 0.22131  ,  Loss/l1: 0.02453  ,  Loss/location: 0.38377  ,  pro_loss: 0.10367  ,  IoU: 0.79354  ,  Loss/sim: 0.00000
[train: Epoch 27, 1200 / 1875] FPS: 187.9 (476.7)  ,  DataTime: 0.107 (0.005)  ,  ForwardTime: 0.058  ,  TotalTime: 0.170  ,  Loss/total: 0.97091  ,  Loss/giou: 0.22162  ,  Loss/l1: 0.02457  ,  Loss/location: 0.38405  ,  pro_loss: 0.10393  ,  IoU: 0.79328  ,  Loss/sim: 0.00000
[train: Epoch 27, 1250 / 1875] FPS: 188.9 (488.4)  ,  DataTime: 0.106 (0.005)  ,  ForwardTime: 0.058  ,  TotalTime: 0.169  ,  Loss/total: 0.96842  ,  Loss/giou: 0.22108  ,  Loss/l1: 0.02448  ,  Loss/location: 0.38306  ,  pro_loss: 0.10403  ,  IoU: 0.79380  ,  Loss/sim: 0.00000
[train: Epoch 27, 1300 / 1875] FPS: 190.5 (184.2)  ,  DataTime: 0.105 (0.005)  ,  ForwardTime: 0.058  ,  TotalTime: 0.168  ,  Loss/total: 0.96782  ,  Loss/giou: 0.22092  ,  Loss/l1: 0.02445  ,  Loss/location: 0.38294  ,  pro_loss: 0.10405  ,  IoU: 0.79394  ,  Loss/sim: 0.00000
[train: Epoch 27, 1350 / 1875] FPS: 191.4 (459.6)  ,  DataTime: 0.104 (0.005)  ,  ForwardTime: 0.058  ,  TotalTime: 0.167  ,  Loss/total: 0.96983  ,  Loss/giou: 0.22126  ,  Loss/l1: 0.02452  ,  Loss/location: 0.38387  ,  pro_loss: 0.10413  ,  IoU: 0.79368  ,  Loss/sim: 0.00000
[train: Epoch 27, 1400 / 1875] FPS: 192.4 (458.9)  ,  DataTime: 0.103 (0.005)  ,  ForwardTime: 0.058  ,  TotalTime: 0.166  ,  Loss/total: 0.97034  ,  Loss/giou: 0.22142  ,  Loss/l1: 0.02452  ,  Loss/location: 0.38409  ,  pro_loss: 0.10397  ,  IoU: 0.79352  ,  Loss/sim: 0.00000
[train: Epoch 27, 1450 / 1875] FPS: 193.7 (479.4)  ,  DataTime: 0.102 (0.005)  ,  ForwardTime: 0.058  ,  TotalTime: 0.165  ,  Loss/total: 0.97181  ,  Loss/giou: 0.22173  ,  Loss/l1: 0.02458  ,  Loss/location: 0.38472  ,  pro_loss: 0.10375  ,  IoU: 0.79326  ,  Loss/sim: 0.00000
[train: Epoch 27, 1500 / 1875] FPS: 195.5 (473.9)  ,  DataTime: 0.100 (0.005)  ,  ForwardTime: 0.058  ,  TotalTime: 0.164  ,  Loss/total: 0.97031  ,  Loss/giou: 0.22137  ,  Loss/l1: 0.02450  ,  Loss/location: 0.38429  ,  pro_loss: 0.10387  ,  IoU: 0.79355  ,  Loss/sim: 0.00000
[train: Epoch 27, 1550 / 1875] FPS: 196.3 (446.0)  ,  DataTime: 0.099 (0.005)  ,  ForwardTime: 0.058  ,  TotalTime: 0.163  ,  Loss/total: 0.97126  ,  Loss/giou: 0.22148  ,  Loss/l1: 0.02452  ,  Loss/location: 0.38494  ,  pro_loss: 0.10388  ,  IoU: 0.79346  ,  Loss/sim: 0.00000
[train: Epoch 27, 1600 / 1875] FPS: 197.3 (443.0)  ,  DataTime: 0.099 (0.005)  ,  ForwardTime: 0.058  ,  TotalTime: 0.162  ,  Loss/total: 0.97136  ,  Loss/giou: 0.22143  ,  Loss/l1: 0.02450  ,  Loss/location: 0.38525  ,  pro_loss: 0.10384  ,  IoU: 0.79353  ,  Loss/sim: 0.00000
[train: Epoch 27, 1650 / 1875] FPS: 198.1 (383.4)  ,  DataTime: 0.098 (0.005)  ,  ForwardTime: 0.058  ,  TotalTime: 0.162  ,  Loss/total: 0.97324  ,  Loss/giou: 0.22184  ,  Loss/l1: 0.02458  ,  Loss/location: 0.38589  ,  pro_loss: 0.10385  ,  IoU: 0.79324  ,  Loss/sim: 0.00000
[train: Epoch 27, 1700 / 1875] FPS: 198.9 (444.8)  ,  DataTime: 0.097 (0.005)  ,  ForwardTime: 0.058  ,  TotalTime: 0.161  ,  Loss/total: 0.97243  ,  Loss/giou: 0.22166  ,  Loss/l1: 0.02453  ,  Loss/location: 0.38569  ,  pro_loss: 0.10389  ,  IoU: 0.79340  ,  Loss/sim: 0.00000
[train: Epoch 27, 1750 / 1875] FPS: 200.1 (463.9)  ,  DataTime: 0.096 (0.005)  ,  ForwardTime: 0.058  ,  TotalTime: 0.160  ,  Loss/total: 0.97270  ,  Loss/giou: 0.22172  ,  Loss/l1: 0.02454  ,  Loss/location: 0.38577  ,  pro_loss: 0.10391  ,  IoU: 0.79336  ,  Loss/sim: 0.00000
[train: Epoch 27, 1800 / 1875] FPS: 201.7 (432.9)  ,  DataTime: 0.095 (0.005)  ,  ForwardTime: 0.059  ,  TotalTime: 0.159  ,  Loss/total: 0.97232  ,  Loss/giou: 0.22173  ,  Loss/l1: 0.02454  ,  Loss/location: 0.38537  ,  pro_loss: 0.10387  ,  IoU: 0.79332  ,  Loss/sim: 0.00000
[train: Epoch 27, 1850 / 1875] FPS: 202.7 (434.1)  ,  DataTime: 0.094 (0.005)  ,  ForwardTime: 0.059  ,  TotalTime: 0.158  ,  Loss/total: 0.97312  ,  Loss/giou: 0.22192  ,  Loss/l1: 0.02455  ,  Loss/location: 0.38575  ,  pro_loss: 0.10375  ,  IoU: 0.79313  ,  Loss/sim: 0.00000
[train: Epoch 27, 1875 / 1875] FPS: 203.7 (514.8)  ,  DataTime: 0.093 (0.005)  ,  ForwardTime: 0.059  ,  TotalTime: 0.157  ,  Loss/total: 0.97248  ,  Loss/giou: 0.22180  ,  Loss/l1: 0.02453  ,  Loss/location: 0.38545  ,  pro_loss: 0.10381  ,  IoU: 0.79323  ,  Loss/sim: 0.00000
[train: Epoch 28, 50 / 1875] FPS: 217.4 (88.4)  ,  DataTime: 0.082 (0.006)  ,  ForwardTime: 0.059  ,  TotalTime: 0.147  ,  Loss/total: 0.89750  ,  Loss/giou: 0.20624  ,  Loss/l1: 0.02252  ,  Loss/location: 0.35035  ,  pro_loss: 0.11042  ,  IoU: 0.80720  ,  Loss/sim: 0.00000
[train: Epoch 28, 100 / 1875] FPS: 237.3 (447.2)  ,  DataTime: 0.069 (0.006)  ,  ForwardTime: 0.060  ,  TotalTime: 0.135  ,  Loss/total: 0.91167  ,  Loss/giou: 0.20863  ,  Loss/l1: 0.02266  ,  Loss/location: 0.35980  ,  pro_loss: 0.10656  ,  IoU: 0.80532  ,  Loss/sim: 0.00000
[train: Epoch 28, 150 / 1875] FPS: 249.9 (403.6)  ,  DataTime: 0.062 (0.006)  ,  ForwardTime: 0.060  ,  TotalTime: 0.128  ,  Loss/total: 0.92050  ,  Loss/giou: 0.21038  ,  Loss/l1: 0.02282  ,  Loss/location: 0.36447  ,  pro_loss: 0.10569  ,  IoU: 0.80326  ,  Loss/sim: 0.00000
[train: Epoch 28, 200 / 1875] FPS: 255.8 (474.5)  ,  DataTime: 0.059 (0.006)  ,  ForwardTime: 0.060  ,  TotalTime: 0.125  ,  Loss/total: 0.92608  ,  Loss/giou: 0.21202  ,  Loss/l1: 0.02294  ,  Loss/location: 0.36640  ,  pro_loss: 0.10458  ,  IoU: 0.80190  ,  Loss/sim: 0.00000
[train: Epoch 28, 250 / 1875] FPS: 258.4 (458.0)  ,  DataTime: 0.058 (0.006)  ,  ForwardTime: 0.060  ,  TotalTime: 0.124  ,  Loss/total: 0.93316  ,  Loss/giou: 0.21419  ,  Loss/l1: 0.02322  ,  Loss/location: 0.36795  ,  pro_loss: 0.10358  ,  IoU: 0.80029  ,  Loss/sim: 0.00000
[train: Epoch 28, 300 / 1875] FPS: 256.5 (463.9)  ,  DataTime: 0.059 (0.006)  ,  ForwardTime: 0.060  ,  TotalTime: 0.125  ,  Loss/total: 0.93378  ,  Loss/giou: 0.21421  ,  Loss/l1: 0.02316  ,  Loss/location: 0.36888  ,  pro_loss: 0.10358  ,  IoU: 0.80009  ,  Loss/sim: 0.00000
[train: Epoch 28, 350 / 1875] FPS: 260.5 (440.9)  ,  DataTime: 0.057 (0.006)  ,  ForwardTime: 0.060  ,  TotalTime: 0.123  ,  Loss/total: 0.93532  ,  Loss/giou: 0.21439  ,  Loss/l1: 0.02325  ,  Loss/location: 0.36966  ,  pro_loss: 0.10298  ,  IoU: 0.79994  ,  Loss/sim: 0.00000
[train: Epoch 28, 400 / 1875] FPS: 265.3 (445.3)  ,  DataTime: 0.054 (0.006)  ,  ForwardTime: 0.061  ,  TotalTime: 0.121  ,  Loss/total: 0.93722  ,  Loss/giou: 0.21464  ,  Loss/l1: 0.02328  ,  Loss/location: 0.37086  ,  pro_loss: 0.10339  ,  IoU: 0.79972  ,  Loss/sim: 0.00000
[train: Epoch 28, 450 / 1875] FPS: 267.1 (468.7)  ,  DataTime: 0.053 (0.006)  ,  ForwardTime: 0.061  ,  TotalTime: 0.120  ,  Loss/total: 0.94239  ,  Loss/giou: 0.21545  ,  Loss/l1: 0.02341  ,  Loss/location: 0.37365  ,  pro_loss: 0.10384  ,  IoU: 0.79905  ,  Loss/sim: 0.00000
[train: Epoch 28, 500 / 1875] FPS: 267.3 (464.8)  ,  DataTime: 0.053 (0.006)  ,  ForwardTime: 0.061  ,  TotalTime: 0.120  ,  Loss/total: 0.94427  ,  Loss/giou: 0.21606  ,  Loss/l1: 0.02355  ,  Loss/location: 0.37379  ,  pro_loss: 0.10321  ,  IoU: 0.79863  ,  Loss/sim: 0.00000
[train: Epoch 28, 550 / 1875] FPS: 269.3 (499.8)  ,  DataTime: 0.052 (0.006)  ,  ForwardTime: 0.061  ,  TotalTime: 0.119  ,  Loss/total: 0.94233  ,  Loss/giou: 0.21571  ,  Loss/l1: 0.02342  ,  Loss/location: 0.37317  ,  pro_loss: 0.10320  ,  IoU: 0.79880  ,  Loss/sim: 0.00000
[train: Epoch 28, 600 / 1875] FPS: 272.5 (457.4)  ,  DataTime: 0.050 (0.006)  ,  ForwardTime: 0.061  ,  TotalTime: 0.117  ,  Loss/total: 0.94626  ,  Loss/giou: 0.21641  ,  Loss/l1: 0.02360  ,  Loss/location: 0.37478  ,  pro_loss: 0.10339  ,  IoU: 0.79820  ,  Loss/sim: 0.00000
[train: Epoch 28, 650 / 1875] FPS: 272.1 (478.8)  ,  DataTime: 0.051 (0.006)  ,  ForwardTime: 0.061  ,  TotalTime: 0.118  ,  Loss/total: 0.94904  ,  Loss/giou: 0.21718  ,  Loss/l1: 0.02373  ,  Loss/location: 0.37535  ,  pro_loss: 0.10354  ,  IoU: 0.79759  ,  Loss/sim: 0.00000
[train: Epoch 28, 700 / 1875] FPS: 273.7 (429.5)  ,  DataTime: 0.050 (0.006)  ,  ForwardTime: 0.061  ,  TotalTime: 0.117  ,  Loss/total: 0.94883  ,  Loss/giou: 0.21706  ,  Loss/l1: 0.02374  ,  Loss/location: 0.37537  ,  pro_loss: 0.10323  ,  IoU: 0.79765  ,  Loss/sim: 0.00000
[train: Epoch 28, 750 / 1875] FPS: 274.1 (466.2)  ,  DataTime: 0.050 (0.006)  ,  ForwardTime: 0.061  ,  TotalTime: 0.117  ,  Loss/total: 0.94537  ,  Loss/giou: 0.21648  ,  Loss/l1: 0.02364  ,  Loss/location: 0.37348  ,  pro_loss: 0.10361  ,  IoU: 0.79817  ,  Loss/sim: 0.00000
[train: Epoch 28, 800 / 1875] FPS: 275.9 (446.5)  ,  DataTime: 0.049 (0.006)  ,  ForwardTime: 0.061  ,  TotalTime: 0.116  ,  Loss/total: 0.94525  ,  Loss/giou: 0.21623  ,  Loss/l1: 0.02355  ,  Loss/location: 0.37425  ,  pro_loss: 0.10402  ,  IoU: 0.79830  ,  Loss/sim: 0.00000
[train: Epoch 28, 850 / 1875] FPS: 277.3 (477.3)  ,  DataTime: 0.048 (0.006)  ,  ForwardTime: 0.061  ,  TotalTime: 0.115  ,  Loss/total: 0.94802  ,  Loss/giou: 0.21686  ,  Loss/l1: 0.02362  ,  Loss/location: 0.37536  ,  pro_loss: 0.10414  ,  IoU: 0.79772  ,  Loss/sim: 0.00000
[train: Epoch 28, 900 / 1875] FPS: 276.2 (439.0)  ,  DataTime: 0.049 (0.006)  ,  ForwardTime: 0.061  ,  TotalTime: 0.116  ,  Loss/total: 0.94509  ,  Loss/giou: 0.21642  ,  Loss/l1: 0.02349  ,  Loss/location: 0.37400  ,  pro_loss: 0.10391  ,  IoU: 0.79799  ,  Loss/sim: 0.00000
[train: Epoch 28, 950 / 1875] FPS: 278.3 (467.2)  ,  DataTime: 0.048 (0.006)  ,  ForwardTime: 0.061  ,  TotalTime: 0.115  ,  Loss/total: 0.94772  ,  Loss/giou: 0.21711  ,  Loss/l1: 0.02360  ,  Loss/location: 0.37470  ,  pro_loss: 0.10387  ,  IoU: 0.79743  ,  Loss/sim: 0.00000
[train: Epoch 28, 1000 / 1875] FPS: 278.1 (445.1)  ,  DataTime: 0.048 (0.006)  ,  ForwardTime: 0.061  ,  TotalTime: 0.115  ,  Loss/total: 0.94800  ,  Loss/giou: 0.21737  ,  Loss/l1: 0.02363  ,  Loss/location: 0.37433  ,  pro_loss: 0.10393  ,  IoU: 0.79732  ,  Loss/sim: 0.00000
[train: Epoch 28, 1050 / 1875] FPS: 279.9 (442.1)  ,  DataTime: 0.047 (0.006)  ,  ForwardTime: 0.061  ,  TotalTime: 0.114  ,  Loss/total: 0.94973  ,  Loss/giou: 0.21766  ,  Loss/l1: 0.02370  ,  Loss/location: 0.37508  ,  pro_loss: 0.10424  ,  IoU: 0.79716  ,  Loss/sim: 0.00000
[train: Epoch 28, 1100 / 1875] FPS: 281.2 (461.2)  ,  DataTime: 0.046 (0.006)  ,  ForwardTime: 0.061  ,  TotalTime: 0.114  ,  Loss/total: 0.94976  ,  Loss/giou: 0.21757  ,  Loss/l1: 0.02368  ,  Loss/location: 0.37546  ,  pro_loss: 0.10393  ,  IoU: 0.79716  ,  Loss/sim: 0.00000
[train: Epoch 28, 1150 / 1875] FPS: 281.7 (258.2)  ,  DataTime: 0.046 (0.006)  ,  ForwardTime: 0.061  ,  TotalTime: 0.114  ,  Loss/total: 0.95104  ,  Loss/giou: 0.21770  ,  Loss/l1: 0.02371  ,  Loss/location: 0.37624  ,  pro_loss: 0.10414  ,  IoU: 0.79701  ,  Loss/sim: 0.00000
[train: Epoch 28, 1200 / 1875] FPS: 282.2 (442.4)  ,  DataTime: 0.046 (0.006)  ,  ForwardTime: 0.061  ,  TotalTime: 0.113  ,  Loss/total: 0.95313  ,  Loss/giou: 0.21806  ,  Loss/l1: 0.02379  ,  Loss/location: 0.37724  ,  pro_loss: 0.10421  ,  IoU: 0.79670  ,  Loss/sim: 0.00000
[train: Epoch 28, 1250 / 1875] FPS: 283.8 (443.5)  ,  DataTime: 0.045 (0.006)  ,  ForwardTime: 0.061  ,  TotalTime: 0.113  ,  Loss/total: 0.95401  ,  Loss/giou: 0.21826  ,  Loss/l1: 0.02383  ,  Loss/location: 0.37752  ,  pro_loss: 0.10408  ,  IoU: 0.79651  ,  Loss/sim: 0.00000
[train: Epoch 28, 1300 / 1875] FPS: 285.1 (131.3)  ,  DataTime: 0.045 (0.006)  ,  ForwardTime: 0.061  ,  TotalTime: 0.112  ,  Loss/total: 0.95179  ,  Loss/giou: 0.21778  ,  Loss/l1: 0.02372  ,  Loss/location: 0.37680  ,  pro_loss: 0.10409  ,  IoU: 0.79686  ,  Loss/sim: 0.00000
[train: Epoch 28, 1350 / 1875] FPS: 285.8 (443.6)  ,  DataTime: 0.044 (0.006)  ,  ForwardTime: 0.062  ,  TotalTime: 0.112  ,  Loss/total: 0.95209  ,  Loss/giou: 0.21783  ,  Loss/l1: 0.02376  ,  Loss/location: 0.37683  ,  pro_loss: 0.10407  ,  IoU: 0.79686  ,  Loss/sim: 0.00000
[train: Epoch 28, 1400 / 1875] FPS: 286.3 (454.0)  ,  DataTime: 0.044 (0.006)  ,  ForwardTime: 0.062  ,  TotalTime: 0.112  ,  Loss/total: 0.95387  ,  Loss/giou: 0.21826  ,  Loss/l1: 0.02383  ,  Loss/location: 0.37740  ,  pro_loss: 0.10401  ,  IoU: 0.79648  ,  Loss/sim: 0.00000
[train: Epoch 28, 1450 / 1875] FPS: 287.2 (410.2)  ,  DataTime: 0.044 (0.006)  ,  ForwardTime: 0.062  ,  TotalTime: 0.111  ,  Loss/total: 0.95376  ,  Loss/giou: 0.21831  ,  Loss/l1: 0.02386  ,  Loss/location: 0.37704  ,  pro_loss: 0.10399  ,  IoU: 0.79646  ,  Loss/sim: 0.00000
[train: Epoch 28, 1500 / 1875] FPS: 287.8 (475.8)  ,  DataTime: 0.043 (0.006)  ,  ForwardTime: 0.062  ,  TotalTime: 0.111  ,  Loss/total: 0.95313  ,  Loss/giou: 0.21816  ,  Loss/l1: 0.02384  ,  Loss/location: 0.37686  ,  pro_loss: 0.10385  ,  IoU: 0.79662  ,  Loss/sim: 0.00000
[train: Epoch 28, 1550 / 1875] FPS: 288.2 (413.1)  ,  DataTime: 0.043 (0.006)  ,  ForwardTime: 0.062  ,  TotalTime: 0.111  ,  Loss/total: 0.95334  ,  Loss/giou: 0.21822  ,  Loss/l1: 0.02383  ,  Loss/location: 0.37695  ,  pro_loss: 0.10389  ,  IoU: 0.79656  ,  Loss/sim: 0.00000
[train: Epoch 28, 1600 / 1875] FPS: 289.4 (445.1)  ,  DataTime: 0.043 (0.006)  ,  ForwardTime: 0.062  ,  TotalTime: 0.111  ,  Loss/total: 0.95317  ,  Loss/giou: 0.21806  ,  Loss/l1: 0.02384  ,  Loss/location: 0.37703  ,  pro_loss: 0.10404  ,  IoU: 0.79671  ,  Loss/sim: 0.00000
[train: Epoch 28, 1650 / 1875] FPS: 290.6 (436.3)  ,  DataTime: 0.042 (0.006)  ,  ForwardTime: 0.062  ,  TotalTime: 0.110  ,  Loss/total: 0.95269  ,  Loss/giou: 0.21789  ,  Loss/l1: 0.02381  ,  Loss/location: 0.37701  ,  pro_loss: 0.10420  ,  IoU: 0.79686  ,  Loss/sim: 0.00000
[train: Epoch 28, 1700 / 1875] FPS: 291.3 (378.2)  ,  DataTime: 0.042 (0.006)  ,  ForwardTime: 0.062  ,  TotalTime: 0.110  ,  Loss/total: 0.95313  ,  Loss/giou: 0.21790  ,  Loss/l1: 0.02383  ,  Loss/location: 0.37732  ,  pro_loss: 0.10428  ,  IoU: 0.79686  ,  Loss/sim: 0.00000
[train: Epoch 28, 1750 / 1875] FPS: 292.0 (363.7)  ,  DataTime: 0.041 (0.006)  ,  ForwardTime: 0.062  ,  TotalTime: 0.110  ,  Loss/total: 0.95309  ,  Loss/giou: 0.21789  ,  Loss/l1: 0.02384  ,  Loss/location: 0.37726  ,  pro_loss: 0.10443  ,  IoU: 0.79684  ,  Loss/sim: 0.00000
[train: Epoch 28, 1800 / 1875] FPS: 292.9 (444.6)  ,  DataTime: 0.041 (0.006)  ,  ForwardTime: 0.062  ,  TotalTime: 0.109  ,  Loss/total: 0.95316  ,  Loss/giou: 0.21791  ,  Loss/l1: 0.02385  ,  Loss/location: 0.37722  ,  pro_loss: 0.10434  ,  IoU: 0.79683  ,  Loss/sim: 0.00000
[train: Epoch 28, 1850 / 1875] FPS: 293.5 (406.1)  ,  DataTime: 0.041 (0.006)  ,  ForwardTime: 0.062  ,  TotalTime: 0.109  ,  Loss/total: 0.95198  ,  Loss/giou: 0.21767  ,  Loss/l1: 0.02380  ,  Loss/location: 0.37676  ,  pro_loss: 0.10433  ,  IoU: 0.79702  ,  Loss/sim: 0.00000
[train: Epoch 28, 1875 / 1875] FPS: 294.1 (508.3)  ,  DataTime: 0.041 (0.006)  ,  ForwardTime: 0.062  ,  TotalTime: 0.109  ,  Loss/total: 0.95215  ,  Loss/giou: 0.21770  ,  Loss/l1: 0.02380  ,  Loss/location: 0.37688  ,  pro_loss: 0.10441  ,  IoU: 0.79698  ,  Loss/sim: 0.00000
[train: Epoch 29, 50 / 1875] FPS: 260.6 (440.0)  ,  DataTime: 0.053 (0.006)  ,  ForwardTime: 0.063  ,  TotalTime: 0.123  ,  Loss/total: 0.84670  ,  Loss/giou: 0.19479  ,  Loss/l1: 0.01950  ,  Loss/location: 0.33820  ,  pro_loss: 0.10708  ,  IoU: 0.81490  ,  Loss/sim: 0.00000
[train: Epoch 29, 100 / 1875] FPS: 280.6 (452.7)  ,  DataTime: 0.045 (0.006)  ,  ForwardTime: 0.063  ,  TotalTime: 0.114  ,  Loss/total: 0.89095  ,  Loss/giou: 0.20478  ,  Loss/l1: 0.02157  ,  Loss/location: 0.35209  ,  pro_loss: 0.10730  ,  IoU: 0.80764  ,  Loss/sim: 0.00000
[train: Epoch 29, 150 / 1875] FPS: 296.2 (445.3)  ,  DataTime: 0.039 (0.006)  ,  ForwardTime: 0.063  ,  TotalTime: 0.108  ,  Loss/total: 0.92452  ,  Loss/giou: 0.21102  ,  Loss/l1: 0.02282  ,  Loss/location: 0.36722  ,  pro_loss: 0.10591  ,  IoU: 0.80222  ,  Loss/sim: 0.00000
[train: Epoch 29, 200 / 1875] FPS: 299.9 (411.6)  ,  DataTime: 0.037 (0.006)  ,  ForwardTime: 0.063  ,  TotalTime: 0.107  ,  Loss/total: 0.92331  ,  Loss/giou: 0.21127  ,  Loss/l1: 0.02272  ,  Loss/location: 0.36611  ,  pro_loss: 0.10547  ,  IoU: 0.80154  ,  Loss/sim: 0.00000
[train: Epoch 29, 250 / 1875] FPS: 304.7 (99.6)  ,  DataTime: 0.035 (0.007)  ,  ForwardTime: 0.063  ,  TotalTime: 0.105  ,  Loss/total: 0.91777  ,  Loss/giou: 0.21051  ,  Loss/l1: 0.02260  ,  Loss/location: 0.36261  ,  pro_loss: 0.10579  ,  IoU: 0.80250  ,  Loss/sim: 0.00000
[train: Epoch 29, 300 / 1875] FPS: 308.2 (377.4)  ,  DataTime: 0.034 (0.007)  ,  ForwardTime: 0.063  ,  TotalTime: 0.104  ,  Loss/total: 0.92954  ,  Loss/giou: 0.21276  ,  Loss/l1: 0.02301  ,  Loss/location: 0.36788  ,  pro_loss: 0.10549  ,  IoU: 0.80096  ,  Loss/sim: 0.00000
[train: Epoch 29, 350 / 1875] FPS: 312.5 (384.9)  ,  DataTime: 0.032 (0.007)  ,  ForwardTime: 0.064  ,  TotalTime: 0.102  ,  Loss/total: 0.93293  ,  Loss/giou: 0.21377  ,  Loss/l1: 0.02326  ,  Loss/location: 0.36802  ,  pro_loss: 0.10539  ,  IoU: 0.80017  ,  Loss/sim: 0.00000
[train: Epoch 29, 400 / 1875] FPS: 314.1 (350.6)  ,  DataTime: 0.032 (0.007)  ,  ForwardTime: 0.064  ,  TotalTime: 0.102  ,  Loss/total: 0.93541  ,  Loss/giou: 0.21426  ,  Loss/l1: 0.02336  ,  Loss/location: 0.36896  ,  pro_loss: 0.10550  ,  IoU: 0.79975  ,  Loss/sim: 0.00000
[train: Epoch 29, 450 / 1875] FPS: 314.0 (441.2)  ,  DataTime: 0.032 (0.007)  ,  ForwardTime: 0.064  ,  TotalTime: 0.102  ,  Loss/total: 0.93732  ,  Loss/giou: 0.21485  ,  Loss/l1: 0.02342  ,  Loss/location: 0.36948  ,  pro_loss: 0.10516  ,  IoU: 0.79924  ,  Loss/sim: 0.00000
[train: Epoch 29, 500 / 1875] FPS: 314.0 (449.9)  ,  DataTime: 0.032 (0.007)  ,  ForwardTime: 0.064  ,  TotalTime: 0.102  ,  Loss/total: 0.93936  ,  Loss/giou: 0.21530  ,  Loss/l1: 0.02350  ,  Loss/location: 0.37031  ,  pro_loss: 0.10469  ,  IoU: 0.79878  ,  Loss/sim: 0.00000
[train: Epoch 29, 550 / 1875] FPS: 316.1 (455.7)  ,  DataTime: 0.031 (0.007)  ,  ForwardTime: 0.064  ,  TotalTime: 0.101  ,  Loss/total: 0.94182  ,  Loss/giou: 0.21586  ,  Loss/l1: 0.02365  ,  Loss/location: 0.37093  ,  pro_loss: 0.10468  ,  IoU: 0.79835  ,  Loss/sim: 0.00000
[train: Epoch 29, 600 / 1875] FPS: 316.1 (87.8)  ,  DataTime: 0.031 (0.007)  ,  ForwardTime: 0.064  ,  TotalTime: 0.101  ,  Loss/total: 0.94302  ,  Loss/giou: 0.21617  ,  Loss/l1: 0.02370  ,  Loss/location: 0.37125  ,  pro_loss: 0.10469  ,  IoU: 0.79817  ,  Loss/sim: 0.00000
[train: Epoch 29, 650 / 1875] FPS: 317.8 (155.2)  ,  DataTime: 0.030 (0.007)  ,  ForwardTime: 0.064  ,  TotalTime: 0.101  ,  Loss/total: 0.94188  ,  Loss/giou: 0.21615  ,  Loss/l1: 0.02366  ,  Loss/location: 0.37031  ,  pro_loss: 0.10484  ,  IoU: 0.79813  ,  Loss/sim: 0.00000
[train: Epoch 29, 700 / 1875] FPS: 319.7 (443.2)  ,  DataTime: 0.030 (0.007)  ,  ForwardTime: 0.064  ,  TotalTime: 0.100  ,  Loss/total: 0.94166  ,  Loss/giou: 0.21599  ,  Loss/l1: 0.02367  ,  Loss/location: 0.37037  ,  pro_loss: 0.10469  ,  IoU: 0.79827  ,  Loss/sim: 0.00000
[train: Epoch 29, 750 / 1875] FPS: 320.5 (437.8)  ,  DataTime: 0.029 (0.007)  ,  ForwardTime: 0.064  ,  TotalTime: 0.100  ,  Loss/total: 0.94166  ,  Loss/giou: 0.21591  ,  Loss/l1: 0.02366  ,  Loss/location: 0.37061  ,  pro_loss: 0.10456  ,  IoU: 0.79839  ,  Loss/sim: 0.00000
[train: Epoch 29, 800 / 1875] FPS: 321.1 (132.6)  ,  DataTime: 0.029 (0.007)  ,  ForwardTime: 0.064  ,  TotalTime: 0.100  ,  Loss/total: 0.94006  ,  Loss/giou: 0.21574  ,  Loss/l1: 0.02362  ,  Loss/location: 0.36961  ,  pro_loss: 0.10432  ,  IoU: 0.79852  ,  Loss/sim: 0.00000
[train: Epoch 29, 850 / 1875] FPS: 322.7 (412.0)  ,  DataTime: 0.028 (0.007)  ,  ForwardTime: 0.064  ,  TotalTime: 0.099  ,  Loss/total: 0.94328  ,  Loss/giou: 0.21627  ,  Loss/l1: 0.02372  ,  Loss/location: 0.37124  ,  pro_loss: 0.10447  ,  IoU: 0.79806  ,  Loss/sim: 0.00000
[train: Epoch 29, 900 / 1875] FPS: 322.1 (453.6)  ,  DataTime: 0.029 (0.007)  ,  ForwardTime: 0.064  ,  TotalTime: 0.099  ,  Loss/total: 0.94300  ,  Loss/giou: 0.21621  ,  Loss/l1: 0.02369  ,  Loss/location: 0.37119  ,  pro_loss: 0.10460  ,  IoU: 0.79808  ,  Loss/sim: 0.00000
[train: Epoch 29, 950 / 1875] FPS: 322.9 (448.9)  ,  DataTime: 0.028 (0.007)  ,  ForwardTime: 0.064  ,  TotalTime: 0.099  ,  Loss/total: 0.94476  ,  Loss/giou: 0.21652  ,  Loss/l1: 0.02377  ,  Loss/location: 0.37192  ,  pro_loss: 0.10457  ,  IoU: 0.79792  ,  Loss/sim: 0.00000
[train: Epoch 29, 1000 / 1875] FPS: 323.5 (158.3)  ,  DataTime: 0.028 (0.007)  ,  ForwardTime: 0.064  ,  TotalTime: 0.099  ,  Loss/total: 0.94593  ,  Loss/giou: 0.21682  ,  Loss/l1: 0.02385  ,  Loss/location: 0.37210  ,  pro_loss: 0.10469  ,  IoU: 0.79769  ,  Loss/sim: 0.00000
[train: Epoch 29, 1050 / 1875] FPS: 323.8 (439.9)  ,  DataTime: 0.028 (0.007)  ,  ForwardTime: 0.064  ,  TotalTime: 0.099  ,  Loss/total: 0.94356  ,  Loss/giou: 0.21637  ,  Loss/l1: 0.02378  ,  Loss/location: 0.37100  ,  pro_loss: 0.10454  ,  IoU: 0.79806  ,  Loss/sim: 0.00000
[train: Epoch 29, 1100 / 1875] FPS: 324.2 (393.7)  ,  DataTime: 0.028 (0.007)  ,  ForwardTime: 0.064  ,  TotalTime: 0.099  ,  Loss/total: 0.94224  ,  Loss/giou: 0.21616  ,  Loss/l1: 0.02372  ,  Loss/location: 0.37036  ,  pro_loss: 0.10475  ,  IoU: 0.79819  ,  Loss/sim: 0.00000
[train: Epoch 29, 1150 / 1875] FPS: 325.4 (444.7)  ,  DataTime: 0.027 (0.007)  ,  ForwardTime: 0.064  ,  TotalTime: 0.098  ,  Loss/total: 0.94032  ,  Loss/giou: 0.21573  ,  Loss/l1: 0.02364  ,  Loss/location: 0.36972  ,  pro_loss: 0.10464  ,  IoU: 0.79857  ,  Loss/sim: 0.00000
[train: Epoch 29, 1200 / 1875] FPS: 325.5 (100.3)  ,  DataTime: 0.027 (0.007)  ,  ForwardTime: 0.064  ,  TotalTime: 0.098  ,  Loss/total: 0.94152  ,  Loss/giou: 0.21600  ,  Loss/l1: 0.02366  ,  Loss/location: 0.37025  ,  pro_loss: 0.10469  ,  IoU: 0.79833  ,  Loss/sim: 0.00000
[train: Epoch 29, 1250 / 1875] FPS: 325.7 (394.2)  ,  DataTime: 0.027 (0.007)  ,  ForwardTime: 0.064  ,  TotalTime: 0.098  ,  Loss/total: 0.94084  ,  Loss/giou: 0.21590  ,  Loss/l1: 0.02364  ,  Loss/location: 0.36995  ,  pro_loss: 0.10451  ,  IoU: 0.79840  ,  Loss/sim: 0.00000
[train: Epoch 29, 1300 / 1875] FPS: 326.3 (424.8)  ,  DataTime: 0.027 (0.007)  ,  ForwardTime: 0.064  ,  TotalTime: 0.098  ,  Loss/total: 0.94103  ,  Loss/giou: 0.21601  ,  Loss/l1: 0.02363  ,  Loss/location: 0.36996  ,  pro_loss: 0.10444  ,  IoU: 0.79826  ,  Loss/sim: 0.00000
[train: Epoch 29, 1350 / 1875] FPS: 326.6 (393.2)  ,  DataTime: 0.027 (0.007)  ,  ForwardTime: 0.064  ,  TotalTime: 0.098  ,  Loss/total: 0.94031  ,  Loss/giou: 0.21585  ,  Loss/l1: 0.02361  ,  Loss/location: 0.36968  ,  pro_loss: 0.10429  ,  IoU: 0.79838  ,  Loss/sim: 0.00000
[train: Epoch 29, 1400 / 1875] FPS: 327.1 (105.0)  ,  DataTime: 0.027 (0.007)  ,  ForwardTime: 0.064  ,  TotalTime: 0.098  ,  Loss/total: 0.94170  ,  Loss/giou: 0.21631  ,  Loss/l1: 0.02367  ,  Loss/location: 0.36985  ,  pro_loss: 0.10432  ,  IoU: 0.79808  ,  Loss/sim: 0.00000
[train: Epoch 29, 1450 / 1875] FPS: 328.5 (434.1)  ,  DataTime: 0.026 (0.007)  ,  ForwardTime: 0.064  ,  TotalTime: 0.097  ,  Loss/total: 0.94260  ,  Loss/giou: 0.21644  ,  Loss/l1: 0.02368  ,  Loss/location: 0.37042  ,  pro_loss: 0.10458  ,  IoU: 0.79799  ,  Loss/sim: 0.00000
[train: Epoch 29, 1500 / 1875] FPS: 328.9 (408.5)  ,  DataTime: 0.026 (0.007)  ,  ForwardTime: 0.064  ,  TotalTime: 0.097  ,  Loss/total: 0.94428  ,  Loss/giou: 0.21663  ,  Loss/l1: 0.02371  ,  Loss/location: 0.37155  ,  pro_loss: 0.10461  ,  IoU: 0.79779  ,  Loss/sim: 0.00000
[train: Epoch 29, 1550 / 1875] FPS: 329.3 (424.0)  ,  DataTime: 0.026 (0.007)  ,  ForwardTime: 0.064  ,  TotalTime: 0.097  ,  Loss/total: 0.94430  ,  Loss/giou: 0.21655  ,  Loss/l1: 0.02371  ,  Loss/location: 0.37177  ,  pro_loss: 0.10445  ,  IoU: 0.79785  ,  Loss/sim: 0.00000
[train: Epoch 29, 1600 / 1875] FPS: 329.7 (462.6)  ,  DataTime: 0.026 (0.007)  ,  ForwardTime: 0.064  ,  TotalTime: 0.097  ,  Loss/total: 0.94417  ,  Loss/giou: 0.21647  ,  Loss/l1: 0.02370  ,  Loss/location: 0.37184  ,  pro_loss: 0.10438  ,  IoU: 0.79792  ,  Loss/sim: 0.00000
[train: Epoch 29, 1650 / 1875] FPS: 330.3 (419.8)  ,  DataTime: 0.026 (0.007)  ,  ForwardTime: 0.064  ,  TotalTime: 0.097  ,  Loss/total: 0.94556  ,  Loss/giou: 0.21674  ,  Loss/l1: 0.02377  ,  Loss/location: 0.37239  ,  pro_loss: 0.10428  ,  IoU: 0.79776  ,  Loss/sim: 0.00000
[train: Epoch 29, 1700 / 1875] FPS: 330.8 (416.7)  ,  DataTime: 0.025 (0.007)  ,  ForwardTime: 0.064  ,  TotalTime: 0.097  ,  Loss/total: 0.94626  ,  Loss/giou: 0.21683  ,  Loss/l1: 0.02380  ,  Loss/location: 0.37274  ,  pro_loss: 0.10427  ,  IoU: 0.79768  ,  Loss/sim: 0.00000
[train: Epoch 29, 1750 / 1875] FPS: 331.2 (368.3)  ,  DataTime: 0.025 (0.007)  ,  ForwardTime: 0.065  ,  TotalTime: 0.097  ,  Loss/total: 0.94582  ,  Loss/giou: 0.21675  ,  Loss/l1: 0.02379  ,  Loss/location: 0.37253  ,  pro_loss: 0.10430  ,  IoU: 0.79778  ,  Loss/sim: 0.00000
[train: Epoch 29, 1800 / 1875] FPS: 331.0 (464.3)  ,  DataTime: 0.025 (0.007)  ,  ForwardTime: 0.065  ,  TotalTime: 0.097  ,  Loss/total: 0.94678  ,  Loss/giou: 0.21698  ,  Loss/l1: 0.02384  ,  Loss/location: 0.37278  ,  pro_loss: 0.10434  ,  IoU: 0.79757  ,  Loss/sim: 0.00000
[train: Epoch 29, 1850 / 1875] FPS: 332.4 (437.9)  ,  DataTime: 0.025 (0.007)  ,  ForwardTime: 0.065  ,  TotalTime: 0.096  ,  Loss/total: 0.94594  ,  Loss/giou: 0.21677  ,  Loss/l1: 0.02380  ,  Loss/location: 0.37251  ,  pro_loss: 0.10442  ,  IoU: 0.79774  ,  Loss/sim: 0.00000
[train: Epoch 29, 1875 / 1875] FPS: 333.0 (504.1)  ,  DataTime: 0.025 (0.007)  ,  ForwardTime: 0.065  ,  TotalTime: 0.096  ,  Loss/total: 0.94597  ,  Loss/giou: 0.21674  ,  Loss/l1: 0.02380  ,  Loss/location: 0.37263  ,  pro_loss: 0.10440  ,  IoU: 0.79776  ,  Loss/sim: 0.00000
[train: Epoch 30, 50 / 1875] FPS: 284.6 (451.7)  ,  DataTime: 0.040 (0.007)  ,  ForwardTime: 0.065  ,  TotalTime: 0.112  ,  Loss/total: 0.93972  ,  Loss/giou: 0.21619  ,  Loss/l1: 0.02303  ,  Loss/location: 0.37196  ,  pro_loss: 0.10104  ,  IoU: 0.79780  ,  Loss/sim: 0.00000
[train: Epoch 30, 100 / 1875] FPS: 308.9 (421.2)  ,  DataTime: 0.031 (0.007)  ,  ForwardTime: 0.065  ,  TotalTime: 0.104  ,  Loss/total: 0.92795  ,  Loss/giou: 0.21169  ,  Loss/l1: 0.02240  ,  Loss/location: 0.37169  ,  pro_loss: 0.10437  ,  IoU: 0.80150  ,  Loss/sim: 0.00000
[train: Epoch 30, 150 / 1875] FPS: 323.4 (348.4)  ,  DataTime: 0.026 (0.007)  ,  ForwardTime: 0.066  ,  TotalTime: 0.099  ,  Loss/total: 0.95355  ,  Loss/giou: 0.21713  ,  Loss/l1: 0.02357  ,  Loss/location: 0.38033  ,  pro_loss: 0.10542  ,  IoU: 0.79718  ,  Loss/sim: 0.00000
[train: Epoch 30, 200 / 1875] FPS: 331.8 (442.9)  ,  DataTime: 0.024 (0.007)  ,  ForwardTime: 0.066  ,  TotalTime: 0.096  ,  Loss/total: 0.94766  ,  Loss/giou: 0.21537  ,  Loss/l1: 0.02339  ,  Loss/location: 0.37900  ,  pro_loss: 0.10484  ,  IoU: 0.79862  ,  Loss/sim: 0.00000
[train: Epoch 30, 250 / 1875] FPS: 334.4 (409.7)  ,  DataTime: 0.023 (0.007)  ,  ForwardTime: 0.066  ,  TotalTime: 0.096  ,  Loss/total: 0.95263  ,  Loss/giou: 0.21633  ,  Loss/l1: 0.02355  ,  Loss/location: 0.38144  ,  pro_loss: 0.10379  ,  IoU: 0.79775  ,  Loss/sim: 0.00000
[train: Epoch 30, 300 / 1875] FPS: 336.0 (421.7)  ,  DataTime: 0.023 (0.007)  ,  ForwardTime: 0.066  ,  TotalTime: 0.095  ,  Loss/total: 0.94581  ,  Loss/giou: 0.21520  ,  Loss/l1: 0.02341  ,  Loss/location: 0.37778  ,  pro_loss: 0.10278  ,  IoU: 0.79862  ,  Loss/sim: 0.00000
[train: Epoch 30, 350 / 1875] FPS: 335.3 (381.3)  ,  DataTime: 0.023 (0.007)  ,  ForwardTime: 0.065  ,  TotalTime: 0.095  ,  Loss/total: 0.94377  ,  Loss/giou: 0.21484  ,  Loss/l1: 0.02330  ,  Loss/location: 0.37696  ,  pro_loss: 0.10304  ,  IoU: 0.79885  ,  Loss/sim: 0.00000
[train: Epoch 30, 400 / 1875] FPS: 339.0 (427.6)  ,  DataTime: 0.022 (0.007)  ,  ForwardTime: 0.066  ,  TotalTime: 0.094  ,  Loss/total: 0.94395  ,  Loss/giou: 0.21499  ,  Loss/l1: 0.02344  ,  Loss/location: 0.37619  ,  pro_loss: 0.10294  ,  IoU: 0.79884  ,  Loss/sim: 0.00000
[train: Epoch 30, 450 / 1875] FPS: 340.0 (425.7)  ,  DataTime: 0.021 (0.007)  ,  ForwardTime: 0.066  ,  TotalTime: 0.094  ,  Loss/total: 0.94206  ,  Loss/giou: 0.21482  ,  Loss/l1: 0.02345  ,  Loss/location: 0.37470  ,  pro_loss: 0.10220  ,  IoU: 0.79912  ,  Loss/sim: 0.00000
[train: Epoch 30, 500 / 1875] FPS: 339.3 (170.4)  ,  DataTime: 0.022 (0.007)  ,  ForwardTime: 0.066  ,  TotalTime: 0.094  ,  Loss/total: 0.93982  ,  Loss/giou: 0.21469  ,  Loss/l1: 0.02334  ,  Loss/location: 0.37313  ,  pro_loss: 0.10294  ,  IoU: 0.79913  ,  Loss/sim: 0.00000
[train: Epoch 30, 550 / 1875] FPS: 340.5 (438.8)  ,  DataTime: 0.021 (0.007)  ,  ForwardTime: 0.066  ,  TotalTime: 0.094  ,  Loss/total: 0.94178  ,  Loss/giou: 0.21521  ,  Loss/l1: 0.02346  ,  Loss/location: 0.37342  ,  pro_loss: 0.10318  ,  IoU: 0.79887  ,  Loss/sim: 0.00000
[train: Epoch 30, 600 / 1875] FPS: 341.8 (324.5)  ,  DataTime: 0.020 (0.007)  ,  ForwardTime: 0.066  ,  TotalTime: 0.094  ,  Loss/total: 0.94003  ,  Loss/giou: 0.21515  ,  Loss/l1: 0.02344  ,  Loss/location: 0.37194  ,  pro_loss: 0.10294  ,  IoU: 0.79894  ,  Loss/sim: 0.00000
[train: Epoch 30, 650 / 1875] FPS: 342.6 (418.0)  ,  DataTime: 0.020 (0.007)  ,  ForwardTime: 0.066  ,  TotalTime: 0.093  ,  Loss/total: 0.94042  ,  Loss/giou: 0.21517  ,  Loss/l1: 0.02344  ,  Loss/location: 0.37222  ,  pro_loss: 0.10329  ,  IoU: 0.79888  ,  Loss/sim: 0.00000
[train: Epoch 30, 700 / 1875] FPS: 343.7 (443.5)  ,  DataTime: 0.020 (0.007)  ,  ForwardTime: 0.066  ,  TotalTime: 0.093  ,  Loss/total: 0.94488  ,  Loss/giou: 0.21602  ,  Loss/l1: 0.02362  ,  Loss/location: 0.37410  ,  pro_loss: 0.10308  ,  IoU: 0.79831  ,  Loss/sim: 0.00000
[train: Epoch 30, 750 / 1875] FPS: 343.6 (122.5)  ,  DataTime: 0.020 (0.007)  ,  ForwardTime: 0.066  ,  TotalTime: 0.093  ,  Loss/total: 0.94581  ,  Loss/giou: 0.21613  ,  Loss/l1: 0.02363  ,  Loss/location: 0.37470  ,  pro_loss: 0.10346  ,  IoU: 0.79821  ,  Loss/sim: 0.00000
[train: Epoch 30, 800 / 1875] FPS: 344.3 (436.5)  ,  DataTime: 0.020 (0.007)  ,  ForwardTime: 0.066  ,  TotalTime: 0.093  ,  Loss/total: 0.94191  ,  Loss/giou: 0.21533  ,  Loss/l1: 0.02346  ,  Loss/location: 0.37313  ,  pro_loss: 0.10416  ,  IoU: 0.79886  ,  Loss/sim: 0.00000
[train: Epoch 30, 850 / 1875] FPS: 345.0 (403.0)  ,  DataTime: 0.020 (0.007)  ,  ForwardTime: 0.066  ,  TotalTime: 0.093  ,  Loss/total: 0.93999  ,  Loss/giou: 0.21514  ,  Loss/l1: 0.02342  ,  Loss/location: 0.37180  ,  pro_loss: 0.10403  ,  IoU: 0.79907  ,  Loss/sim: 0.00000
[train: Epoch 30, 900 / 1875] FPS: 345.1 (366.5)  ,  DataTime: 0.020 (0.007)  ,  ForwardTime: 0.066  ,  TotalTime: 0.093  ,  Loss/total: 0.94035  ,  Loss/giou: 0.21527  ,  Loss/l1: 0.02343  ,  Loss/location: 0.37180  ,  pro_loss: 0.10423  ,  IoU: 0.79895  ,  Loss/sim: 0.00000
[train: Epoch 30, 950 / 1875] FPS: 345.0 (442.0)  ,  DataTime: 0.020 (0.007)  ,  ForwardTime: 0.066  ,  TotalTime: 0.093  ,  Loss/total: 0.93891  ,  Loss/giou: 0.21500  ,  Loss/l1: 0.02338  ,  Loss/location: 0.37125  ,  pro_loss: 0.10371  ,  IoU: 0.79920  ,  Loss/sim: 0.00000
[train: Epoch 30, 1000 / 1875] FPS: 345.6 (445.0)  ,  DataTime: 0.019 (0.007)  ,  ForwardTime: 0.066  ,  TotalTime: 0.093  ,  Loss/total: 0.93903  ,  Loss/giou: 0.21497  ,  Loss/l1: 0.02340  ,  Loss/location: 0.37135  ,  pro_loss: 0.10364  ,  IoU: 0.79931  ,  Loss/sim: 0.00000
[train: Epoch 30, 1050 / 1875] FPS: 345.0 (445.7)  ,  DataTime: 0.020 (0.007)  ,  ForwardTime: 0.066  ,  TotalTime: 0.093  ,  Loss/total: 0.93846  ,  Loss/giou: 0.21489  ,  Loss/l1: 0.02338  ,  Loss/location: 0.37108  ,  pro_loss: 0.10340  ,  IoU: 0.79933  ,  Loss/sim: 0.00000
[train: Epoch 30, 1100 / 1875] FPS: 346.0 (210.1)  ,  DataTime: 0.019 (0.007)  ,  ForwardTime: 0.066  ,  TotalTime: 0.092  ,  Loss/total: 0.93597  ,  Loss/giou: 0.21446  ,  Loss/l1: 0.02330  ,  Loss/location: 0.36988  ,  pro_loss: 0.10324  ,  IoU: 0.79971  ,  Loss/sim: 0.00000
[train: Epoch 30, 1150 / 1875] FPS: 346.9 (419.7)  ,  DataTime: 0.019 (0.007)  ,  ForwardTime: 0.066  ,  TotalTime: 0.092  ,  Loss/total: 0.93605  ,  Loss/giou: 0.21451  ,  Loss/l1: 0.02330  ,  Loss/location: 0.36989  ,  pro_loss: 0.10306  ,  IoU: 0.79963  ,  Loss/sim: 0.00000
[train: Epoch 30, 1200 / 1875] FPS: 346.9 (361.1)  ,  DataTime: 0.019 (0.007)  ,  ForwardTime: 0.066  ,  TotalTime: 0.092  ,  Loss/total: 0.93368  ,  Loss/giou: 0.21409  ,  Loss/l1: 0.02322  ,  Loss/location: 0.36876  ,  pro_loss: 0.10334  ,  IoU: 0.79996  ,  Loss/sim: 0.00000
[train: Epoch 30, 1250 / 1875] FPS: 347.1 (443.9)  ,  DataTime: 0.019 (0.007)  ,  ForwardTime: 0.066  ,  TotalTime: 0.092  ,  Loss/total: 0.93488  ,  Loss/giou: 0.21433  ,  Loss/l1: 0.02327  ,  Loss/location: 0.36924  ,  pro_loss: 0.10312  ,  IoU: 0.79979  ,  Loss/sim: 0.00000
[train: Epoch 30, 1300 / 1875] FPS: 347.9 (407.7)  ,  DataTime: 0.019 (0.007)  ,  ForwardTime: 0.066  ,  TotalTime: 0.092  ,  Loss/total: 0.93499  ,  Loss/giou: 0.21436  ,  Loss/l1: 0.02326  ,  Loss/location: 0.36935  ,  pro_loss: 0.10305  ,  IoU: 0.79979  ,  Loss/sim: 0.00000
[train: Epoch 30, 1350 / 1875] FPS: 348.2 (424.0)  ,  DataTime: 0.018 (0.007)  ,  ForwardTime: 0.066  ,  TotalTime: 0.092  ,  Loss/total: 0.93374  ,  Loss/giou: 0.21416  ,  Loss/l1: 0.02320  ,  Loss/location: 0.36882  ,  pro_loss: 0.10293  ,  IoU: 0.79993  ,  Loss/sim: 0.00000
[train: Epoch 30, 1400 / 1875] FPS: 348.4 (412.8)  ,  DataTime: 0.018 (0.007)  ,  ForwardTime: 0.066  ,  TotalTime: 0.092  ,  Loss/total: 0.93424  ,  Loss/giou: 0.21419  ,  Loss/l1: 0.02323  ,  Loss/location: 0.36913  ,  pro_loss: 0.10283  ,  IoU: 0.79994  ,  Loss/sim: 0.00000
[train: Epoch 30, 1450 / 1875] FPS: 348.5 (426.6)  ,  DataTime: 0.018 (0.007)  ,  ForwardTime: 0.066  ,  TotalTime: 0.092  ,  Loss/total: 0.93461  ,  Loss/giou: 0.21423  ,  Loss/l1: 0.02326  ,  Loss/location: 0.36927  ,  pro_loss: 0.10300  ,  IoU: 0.79991  ,  Loss/sim: 0.00000
[train: Epoch 30, 1500 / 1875] FPS: 349.0 (445.0)  ,  DataTime: 0.018 (0.007)  ,  ForwardTime: 0.066  ,  TotalTime: 0.092  ,  Loss/total: 0.93500  ,  Loss/giou: 0.21436  ,  Loss/l1: 0.02329  ,  Loss/location: 0.36922  ,  pro_loss: 0.10312  ,  IoU: 0.79974  ,  Loss/sim: 0.00000
[train: Epoch 30, 1550 / 1875] FPS: 349.4 (330.3)  ,  DataTime: 0.018 (0.007)  ,  ForwardTime: 0.066  ,  TotalTime: 0.092  ,  Loss/total: 0.93513  ,  Loss/giou: 0.21440  ,  Loss/l1: 0.02329  ,  Loss/location: 0.36927  ,  pro_loss: 0.10311  ,  IoU: 0.79964  ,  Loss/sim: 0.00000
[train: Epoch 30, 1600 / 1875] FPS: 349.6 (448.9)  ,  DataTime: 0.018 (0.007)  ,  ForwardTime: 0.066  ,  TotalTime: 0.092  ,  Loss/total: 0.93575  ,  Loss/giou: 0.21451  ,  Loss/l1: 0.02330  ,  Loss/location: 0.36964  ,  pro_loss: 0.10306  ,  IoU: 0.79955  ,  Loss/sim: 0.00000
[train: Epoch 30, 1650 / 1875] FPS: 350.0 (441.9)  ,  DataTime: 0.018 (0.007)  ,  ForwardTime: 0.066  ,  TotalTime: 0.091  ,  Loss/total: 0.93625  ,  Loss/giou: 0.21458  ,  Loss/l1: 0.02330  ,  Loss/location: 0.36994  ,  pro_loss: 0.10324  ,  IoU: 0.79947  ,  Loss/sim: 0.00000
[train: Epoch 30, 1700 / 1875] FPS: 349.3 (435.2)  ,  DataTime: 0.018 (0.007)  ,  ForwardTime: 0.066  ,  TotalTime: 0.092  ,  Loss/total: 0.93699  ,  Loss/giou: 0.21465  ,  Loss/l1: 0.02335  ,  Loss/location: 0.37032  ,  pro_loss: 0.10316  ,  IoU: 0.79947  ,  Loss/sim: 0.00000
[train: Epoch 30, 1750 / 1875] FPS: 349.5 (398.0)  ,  DataTime: 0.018 (0.007)  ,  ForwardTime: 0.066  ,  TotalTime: 0.092  ,  Loss/total: 0.93728  ,  Loss/giou: 0.21474  ,  Loss/l1: 0.02337  ,  Loss/location: 0.37034  ,  pro_loss: 0.10303  ,  IoU: 0.79942  ,  Loss/sim: 0.00000
[train: Epoch 30, 1800 / 1875] FPS: 349.7 (345.1)  ,  DataTime: 0.018 (0.007)  ,  ForwardTime: 0.067  ,  TotalTime: 0.092  ,  Loss/total: 0.93697  ,  Loss/giou: 0.21459  ,  Loss/l1: 0.02336  ,  Loss/location: 0.37041  ,  pro_loss: 0.10298  ,  IoU: 0.79949  ,  Loss/sim: 0.00000
[train: Epoch 30, 1850 / 1875] FPS: 350.5 (394.5)  ,  DataTime: 0.017 (0.007)  ,  ForwardTime: 0.067  ,  TotalTime: 0.091  ,  Loss/total: 0.93652  ,  Loss/giou: 0.21451  ,  Loss/l1: 0.02335  ,  Loss/location: 0.37016  ,  pro_loss: 0.10296  ,  IoU: 0.79953  ,  Loss/sim: 0.00000
[train: Epoch 30, 1875 / 1875] FPS: 350.7 (497.4)  ,  DataTime: 0.018 (0.007)  ,  ForwardTime: 0.066  ,  TotalTime: 0.091  ,  Loss/total: 0.93715  ,  Loss/giou: 0.21463  ,  Loss/l1: 0.02338  ,  Loss/location: 0.37041  ,  pro_loss: 0.10299  ,  IoU: 0.79939  ,  Loss/sim: 0.00000
[val: Epoch 30, 50 / 312] FPS: 79.3 (371.9)  ,  DataTime: 0.372 (0.006)  ,  ForwardTime: 0.025  ,  TotalTime: 0.403  ,  Loss/total: 0.96188  ,  Loss/giou: 0.23647  ,  Loss/l1: 0.02001  ,  Loss/location: 0.38888  ,  pro_loss: 0.00000  ,  IoU: 0.77761  ,  Loss/sim: 0.00000
[val: Epoch 30, 100 / 312] FPS: 83.6 (944.9)  ,  DataTime: 0.352 (0.006)  ,  ForwardTime: 0.025  ,  TotalTime: 0.383  ,  Loss/total: 0.98828  ,  Loss/giou: 0.24011  ,  Loss/l1: 0.02123  ,  Loss/location: 0.40185  ,  pro_loss: 0.00031  ,  IoU: 0.77601  ,  Loss/sim: 0.00000
[val: Epoch 30, 150 / 312] FPS: 85.7 (931.7)  ,  DataTime: 0.342 (0.006)  ,  ForwardTime: 0.025  ,  TotalTime: 0.373  ,  Loss/total: 1.00000  ,  Loss/giou: 0.24043  ,  Loss/l1: 0.02157  ,  Loss/location: 0.41121  ,  pro_loss: 0.00028  ,  IoU: 0.77637  ,  Loss/sim: 0.00000
[val: Epoch 30, 200 / 312] FPS: 86.8 (21.1)  ,  DataTime: 0.338 (0.006)  ,  ForwardTime: 0.025  ,  TotalTime: 0.369  ,  Loss/total: 1.00327  ,  Loss/giou: 0.24085  ,  Loss/l1: 0.02164  ,  Loss/location: 0.41330  ,  pro_loss: 0.00031  ,  IoU: 0.77579  ,  Loss/sim: 0.00000
[val: Epoch 30, 250 / 312] FPS: 87.7 (32.7)  ,  DataTime: 0.334 (0.006)  ,  ForwardTime: 0.025  ,  TotalTime: 0.365  ,  Loss/total: 1.00174  ,  Loss/giou: 0.24141  ,  Loss/l1: 0.02186  ,  Loss/location: 0.40958  ,  pro_loss: 0.00029  ,  IoU: 0.77570  ,  Loss/sim: 0.00000
[val: Epoch 30, 300 / 312] FPS: 90.0 (843.0)  ,  DataTime: 0.325 (0.006)  ,  ForwardTime: 0.025  ,  TotalTime: 0.356  ,  Loss/total: 1.00727  ,  Loss/giou: 0.24228  ,  Loss/l1: 0.02199  ,  Loss/location: 0.41271  ,  pro_loss: 0.00024  ,  IoU: 0.77478  ,  Loss/sim: 0.00000
[val: Epoch 30, 312 / 312] FPS: 91.0 (26.3)  ,  DataTime: 0.321 (0.006)  ,  ForwardTime: 0.025  ,  TotalTime: 0.352  ,  Loss/total: 1.00455  ,  Loss/giou: 0.24180  ,  Loss/l1: 0.02197  ,  Loss/location: 0.41106  ,  pro_loss: 0.00023  ,  IoU: 0.77515  ,  Loss/sim: 0.00000
[train: Epoch 31, 50 / 1875] FPS: 51.4 (9.1)  ,  DataTime: 0.562 (0.005)  ,  ForwardTime: 0.057  ,  TotalTime: 0.623  ,  Loss/total: 0.93324  ,  Loss/giou: 0.21519  ,  Loss/l1: 0.02387  ,  Loss/location: 0.36406  ,  pro_loss: 0.09729  ,  IoU: 0.79944  ,  Loss/sim: 0.00000
[train: Epoch 31, 100 / 1875] FPS: 57.5 (496.5)  ,  DataTime: 0.495 (0.005)  ,  ForwardTime: 0.057  ,  TotalTime: 0.557  ,  Loss/total: 0.93959  ,  Loss/giou: 0.21486  ,  Loss/l1: 0.02372  ,  Loss/location: 0.37183  ,  pro_loss: 0.09731  ,  IoU: 0.79909  ,  Loss/sim: 0.00000
[train: Epoch 31, 150 / 1875] FPS: 61.5 (503.2)  ,  DataTime: 0.459 (0.005)  ,  ForwardTime: 0.057  ,  TotalTime: 0.520  ,  Loss/total: 0.94508  ,  Loss/giou: 0.21653  ,  Loss/l1: 0.02378  ,  Loss/location: 0.37326  ,  pro_loss: 0.09925  ,  IoU: 0.79745  ,  Loss/sim: 0.00000
[train: Epoch 31, 200 / 1875] FPS: 63.9 (493.6)  ,  DataTime: 0.439 (0.005)  ,  ForwardTime: 0.057  ,  TotalTime: 0.501  ,  Loss/total: 0.93803  ,  Loss/giou: 0.21524  ,  Loss/l1: 0.02357  ,  Loss/location: 0.36984  ,  pro_loss: 0.09944  ,  IoU: 0.79839  ,  Loss/sim: 0.00000
[train: Epoch 31, 250 / 1875] FPS: 65.6 (501.5)  ,  DataTime: 0.427 (0.005)  ,  ForwardTime: 0.057  ,  TotalTime: 0.488  ,  Loss/total: 0.93578  ,  Loss/giou: 0.21455  ,  Loss/l1: 0.02344  ,  Loss/location: 0.36945  ,  pro_loss: 0.10013  ,  IoU: 0.79929  ,  Loss/sim: 0.00000
[train: Epoch 31, 300 / 1875] FPS: 67.6 (492.4)  ,  DataTime: 0.412 (0.005)  ,  ForwardTime: 0.057  ,  TotalTime: 0.473  ,  Loss/total: 0.93434  ,  Loss/giou: 0.21420  ,  Loss/l1: 0.02342  ,  Loss/location: 0.36880  ,  pro_loss: 0.10028  ,  IoU: 0.79947  ,  Loss/sim: 0.00000
[train: Epoch 31, 350 / 1875] FPS: 68.5 (506.8)  ,  DataTime: 0.406 (0.005)  ,  ForwardTime: 0.057  ,  TotalTime: 0.467  ,  Loss/total: 0.93911  ,  Loss/giou: 0.21531  ,  Loss/l1: 0.02362  ,  Loss/location: 0.37016  ,  pro_loss: 0.10105  ,  IoU: 0.79858  ,  Loss/sim: 0.00000
[train: Epoch 31, 400 / 1875] FPS: 69.1 (488.4)  ,  DataTime: 0.402 (0.005)  ,  ForwardTime: 0.057  ,  TotalTime: 0.463  ,  Loss/total: 0.95104  ,  Loss/giou: 0.21755  ,  Loss/l1: 0.02411  ,  Loss/location: 0.37522  ,  pro_loss: 0.10076  ,  IoU: 0.79686  ,  Loss/sim: 0.00000
[train: Epoch 31, 450 / 1875] FPS: 70.4 (25.0)  ,  DataTime: 0.394 (0.005)  ,  ForwardTime: 0.057  ,  TotalTime: 0.455  ,  Loss/total: 0.95240  ,  Loss/giou: 0.21754  ,  Loss/l1: 0.02415  ,  Loss/location: 0.37646  ,  pro_loss: 0.10063  ,  IoU: 0.79688  ,  Loss/sim: 0.00000
[train: Epoch 31, 500 / 1875] FPS: 71.8 (495.8)  ,  DataTime: 0.384 (0.005)  ,  ForwardTime: 0.057  ,  TotalTime: 0.446  ,  Loss/total: 0.94512  ,  Loss/giou: 0.21610  ,  Loss/l1: 0.02387  ,  Loss/location: 0.37329  ,  pro_loss: 0.10134  ,  IoU: 0.79794  ,  Loss/sim: 0.00000
[train: Epoch 31, 550 / 1875] FPS: 73.5 (502.3)  ,  DataTime: 0.374 (0.005)  ,  ForwardTime: 0.057  ,  TotalTime: 0.436  ,  Loss/total: 0.94492  ,  Loss/giou: 0.21599  ,  Loss/l1: 0.02393  ,  Loss/location: 0.37287  ,  pro_loss: 0.10203  ,  IoU: 0.79817  ,  Loss/sim: 0.00000
[train: Epoch 31, 600 / 1875] FPS: 74.2 (491.5)  ,  DataTime: 0.370 (0.005)  ,  ForwardTime: 0.057  ,  TotalTime: 0.431  ,  Loss/total: 0.94728  ,  Loss/giou: 0.21628  ,  Loss/l1: 0.02402  ,  Loss/location: 0.37419  ,  pro_loss: 0.10223  ,  IoU: 0.79794  ,  Loss/sim: 0.00000
[train: Epoch 31, 650 / 1875] FPS: 75.7 (496.4)  ,  DataTime: 0.362 (0.005)  ,  ForwardTime: 0.057  ,  TotalTime: 0.423  ,  Loss/total: 0.94503  ,  Loss/giou: 0.21577  ,  Loss/l1: 0.02393  ,  Loss/location: 0.37331  ,  pro_loss: 0.10271  ,  IoU: 0.79832  ,  Loss/sim: 0.00000
[train: Epoch 31, 700 / 1875] FPS: 76.9 (105.2)  ,  DataTime: 0.355 (0.005)  ,  ForwardTime: 0.057  ,  TotalTime: 0.416  ,  Loss/total: 0.94489  ,  Loss/giou: 0.21557  ,  Loss/l1: 0.02390  ,  Loss/location: 0.37371  ,  pro_loss: 0.10259  ,  IoU: 0.79850  ,  Loss/sim: 0.00000
[train: Epoch 31, 750 / 1875] FPS: 78.2 (508.2)  ,  DataTime: 0.348 (0.005)  ,  ForwardTime: 0.057  ,  TotalTime: 0.409  ,  Loss/total: 0.94303  ,  Loss/giou: 0.21510  ,  Loss/l1: 0.02379  ,  Loss/location: 0.37332  ,  pro_loss: 0.10279  ,  IoU: 0.79885  ,  Loss/sim: 0.00000
[train: Epoch 31, 800 / 1875] FPS: 79.5 (503.1)  ,  DataTime: 0.341 (0.005)  ,  ForwardTime: 0.057  ,  TotalTime: 0.403  ,  Loss/total: 0.94369  ,  Loss/giou: 0.21538  ,  Loss/l1: 0.02385  ,  Loss/location: 0.37313  ,  pro_loss: 0.10287  ,  IoU: 0.79865  ,  Loss/sim: 0.00000
[train: Epoch 31, 850 / 1875] FPS: 80.5 (50.6)  ,  DataTime: 0.336 (0.005)  ,  ForwardTime: 0.057  ,  TotalTime: 0.398  ,  Loss/total: 0.94281  ,  Loss/giou: 0.21523  ,  Loss/l1: 0.02378  ,  Loss/location: 0.37289  ,  pro_loss: 0.10276  ,  IoU: 0.79886  ,  Loss/sim: 0.00000
[train: Epoch 31, 900 / 1875] FPS: 81.6 (503.3)  ,  DataTime: 0.331 (0.005)  ,  ForwardTime: 0.057  ,  TotalTime: 0.392  ,  Loss/total: 0.94113  ,  Loss/giou: 0.21484  ,  Loss/l1: 0.02364  ,  Loss/location: 0.37272  ,  pro_loss: 0.10249  ,  IoU: 0.79914  ,  Loss/sim: 0.00000
[train: Epoch 31, 950 / 1875] FPS: 82.6 (506.0)  ,  DataTime: 0.326 (0.005)  ,  ForwardTime: 0.057  ,  TotalTime: 0.387  ,  Loss/total: 0.93906  ,  Loss/giou: 0.21439  ,  Loss/l1: 0.02352  ,  Loss/location: 0.37215  ,  pro_loss: 0.10256  ,  IoU: 0.79949  ,  Loss/sim: 0.00000
[train: Epoch 31, 1000 / 1875] FPS: 83.3 (490.3)  ,  DataTime: 0.323 (0.005)  ,  ForwardTime: 0.057  ,  TotalTime: 0.384  ,  Loss/total: 0.93754  ,  Loss/giou: 0.21416  ,  Loss/l1: 0.02344  ,  Loss/location: 0.37155  ,  pro_loss: 0.10241  ,  IoU: 0.79972  ,  Loss/sim: 0.00000
[train: Epoch 31, 1050 / 1875] FPS: 84.5 (496.5)  ,  DataTime: 0.318 (0.005)  ,  ForwardTime: 0.057  ,  TotalTime: 0.379  ,  Loss/total: 0.93702  ,  Loss/giou: 0.21401  ,  Loss/l1: 0.02339  ,  Loss/location: 0.37156  ,  pro_loss: 0.10255  ,  IoU: 0.79982  ,  Loss/sim: 0.00000
[train: Epoch 31, 1100 / 1875] FPS: 85.3 (15.7)  ,  DataTime: 0.314 (0.005)  ,  ForwardTime: 0.057  ,  TotalTime: 0.375  ,  Loss/total: 0.93492  ,  Loss/giou: 0.21374  ,  Loss/l1: 0.02332  ,  Loss/location: 0.37037  ,  pro_loss: 0.10233  ,  IoU: 0.80009  ,  Loss/sim: 0.00000
[train: Epoch 31, 1150 / 1875] FPS: 86.5 (486.4)  ,  DataTime: 0.309 (0.005)  ,  ForwardTime: 0.057  ,  TotalTime: 0.370  ,  Loss/total: 0.93760  ,  Loss/giou: 0.21418  ,  Loss/l1: 0.02342  ,  Loss/location: 0.37170  ,  pro_loss: 0.10226  ,  IoU: 0.79976  ,  Loss/sim: 0.00000
[train: Epoch 31, 1200 / 1875] FPS: 87.5 (494.6)  ,  DataTime: 0.305 (0.005)  ,  ForwardTime: 0.057  ,  TotalTime: 0.366  ,  Loss/total: 0.93926  ,  Loss/giou: 0.21442  ,  Loss/l1: 0.02345  ,  Loss/location: 0.37267  ,  pro_loss: 0.10235  ,  IoU: 0.79955  ,  Loss/sim: 0.00000
[train: Epoch 31, 1250 / 1875] FPS: 88.5 (501.4)  ,  DataTime: 0.300 (0.005)  ,  ForwardTime: 0.057  ,  TotalTime: 0.361  ,  Loss/total: 0.94021  ,  Loss/giou: 0.21454  ,  Loss/l1: 0.02348  ,  Loss/location: 0.37322  ,  pro_loss: 0.10241  ,  IoU: 0.79948  ,  Loss/sim: 0.00000
[train: Epoch 31, 1300 / 1875] FPS: 89.3 (19.7)  ,  DataTime: 0.297 (0.005)  ,  ForwardTime: 0.057  ,  TotalTime: 0.358  ,  Loss/total: 0.94172  ,  Loss/giou: 0.21485  ,  Loss/l1: 0.02356  ,  Loss/location: 0.37374  ,  pro_loss: 0.10248  ,  IoU: 0.79923  ,  Loss/sim: 0.00000
[train: Epoch 31, 1350 / 1875] FPS: 90.5 (65.5)  ,  DataTime: 0.292 (0.005)  ,  ForwardTime: 0.057  ,  TotalTime: 0.354  ,  Loss/total: 0.94206  ,  Loss/giou: 0.21499  ,  Loss/l1: 0.02356  ,  Loss/location: 0.37378  ,  pro_loss: 0.10242  ,  IoU: 0.79907  ,  Loss/sim: 0.00000
[train: Epoch 31, 1400 / 1875] FPS: 91.4 (462.9)  ,  DataTime: 0.289 (0.005)  ,  ForwardTime: 0.057  ,  TotalTime: 0.350  ,  Loss/total: 0.94275  ,  Loss/giou: 0.21507  ,  Loss/l1: 0.02359  ,  Loss/location: 0.37415  ,  pro_loss: 0.10259  ,  IoU: 0.79899  ,  Loss/sim: 0.00000
[train: Epoch 31, 1450 / 1875] FPS: 92.4 (502.1)  ,  DataTime: 0.285 (0.005)  ,  ForwardTime: 0.057  ,  TotalTime: 0.346  ,  Loss/total: 0.94312  ,  Loss/giou: 0.21504  ,  Loss/l1: 0.02359  ,  Loss/location: 0.37458  ,  pro_loss: 0.10249  ,  IoU: 0.79899  ,  Loss/sim: 0.00000
[train: Epoch 31, 1500 / 1875] FPS: 93.4 (22.1)  ,  DataTime: 0.281 (0.005)  ,  ForwardTime: 0.057  ,  TotalTime: 0.343  ,  Loss/total: 0.94326  ,  Loss/giou: 0.21502  ,  Loss/l1: 0.02359  ,  Loss/location: 0.37472  ,  pro_loss: 0.10270  ,  IoU: 0.79898  ,  Loss/sim: 0.00000
[train: Epoch 31, 1550 / 1875] FPS: 94.4 (501.8)  ,  DataTime: 0.278 (0.005)  ,  ForwardTime: 0.057  ,  TotalTime: 0.339  ,  Loss/total: 0.94305  ,  Loss/giou: 0.21497  ,  Loss/l1: 0.02360  ,  Loss/location: 0.37452  ,  pro_loss: 0.10292  ,  IoU: 0.79901  ,  Loss/sim: 0.00000
[train: Epoch 31, 1600 / 1875] FPS: 95.2 (495.8)  ,  DataTime: 0.275 (0.005)  ,  ForwardTime: 0.057  ,  TotalTime: 0.336  ,  Loss/total: 0.94236  ,  Loss/giou: 0.21484  ,  Loss/l1: 0.02356  ,  Loss/location: 0.37424  ,  pro_loss: 0.10313  ,  IoU: 0.79906  ,  Loss/sim: 0.00000
[train: Epoch 31, 1650 / 1875] FPS: 95.8 (499.4)  ,  DataTime: 0.273 (0.005)  ,  ForwardTime: 0.057  ,  TotalTime: 0.334  ,  Loss/total: 0.94209  ,  Loss/giou: 0.21478  ,  Loss/l1: 0.02355  ,  Loss/location: 0.37417  ,  pro_loss: 0.10310  ,  IoU: 0.79911  ,  Loss/sim: 0.00000
[train: Epoch 31, 1700 / 1875] FPS: 96.8 (493.3)  ,  DataTime: 0.269 (0.005)  ,  ForwardTime: 0.057  ,  TotalTime: 0.331  ,  Loss/total: 0.94254  ,  Loss/giou: 0.21489  ,  Loss/l1: 0.02358  ,  Loss/location: 0.37422  ,  pro_loss: 0.10322  ,  IoU: 0.79897  ,  Loss/sim: 0.00000
[train: Epoch 31, 1750 / 1875] FPS: 97.8 (504.7)  ,  DataTime: 0.266 (0.005)  ,  ForwardTime: 0.057  ,  TotalTime: 0.327  ,  Loss/total: 0.94250  ,  Loss/giou: 0.21503  ,  Loss/l1: 0.02360  ,  Loss/location: 0.37384  ,  pro_loss: 0.10309  ,  IoU: 0.79888  ,  Loss/sim: 0.00000
[train: Epoch 31, 1800 / 1875] FPS: 98.9 (495.1)  ,  DataTime: 0.262 (0.005)  ,  ForwardTime: 0.057  ,  TotalTime: 0.324  ,  Loss/total: 0.94210  ,  Loss/giou: 0.21496  ,  Loss/l1: 0.02357  ,  Loss/location: 0.37374  ,  pro_loss: 0.10305  ,  IoU: 0.79890  ,  Loss/sim: 0.00000
[train: Epoch 31, 1850 / 1875] FPS: 99.8 (500.9)  ,  DataTime: 0.259 (0.005)  ,  ForwardTime: 0.057  ,  TotalTime: 0.321  ,  Loss/total: 0.94239  ,  Loss/giou: 0.21502  ,  Loss/l1: 0.02356  ,  Loss/location: 0.37391  ,  pro_loss: 0.10312  ,  IoU: 0.79884  ,  Loss/sim: 0.00000
[train: Epoch 31, 1875 / 1875] FPS: 100.4 (518.9)  ,  DataTime: 0.257 (0.005)  ,  ForwardTime: 0.057  ,  TotalTime: 0.319  ,  Loss/total: 0.94317  ,  Loss/giou: 0.21519  ,  Loss/l1: 0.02359  ,  Loss/location: 0.37425  ,  pro_loss: 0.10303  ,  IoU: 0.79869  ,  Loss/sim: 0.00000
[train: Epoch 32, 50 / 1875] FPS: 135.2 (507.7)  ,  DataTime: 0.175 (0.005)  ,  ForwardTime: 0.057  ,  TotalTime: 0.237  ,  Loss/total: 0.91888  ,  Loss/giou: 0.21308  ,  Loss/l1: 0.02267  ,  Loss/location: 0.35877  ,  pro_loss: 0.10292  ,  IoU: 0.80054  ,  Loss/sim: 0.00000
[train: Epoch 32, 100 / 1875] FPS: 154.0 (496.6)  ,  DataTime: 0.146 (0.005)  ,  ForwardTime: 0.057  ,  TotalTime: 0.208  ,  Loss/total: 0.92083  ,  Loss/giou: 0.21136  ,  Loss/l1: 0.02266  ,  Loss/location: 0.36480  ,  pro_loss: 0.10000  ,  IoU: 0.80218  ,  Loss/sim: 0.00000
[train: Epoch 32, 150 / 1875] FPS: 152.0 (502.9)  ,  DataTime: 0.149 (0.005)  ,  ForwardTime: 0.057  ,  TotalTime: 0.211  ,  Loss/total: 0.93813  ,  Loss/giou: 0.21522  ,  Loss/l1: 0.02318  ,  Loss/location: 0.37182  ,  pro_loss: 0.09993  ,  IoU: 0.79917  ,  Loss/sim: 0.00000
[train: Epoch 32, 200 / 1875] FPS: 160.4 (507.6)  ,  DataTime: 0.138 (0.005)  ,  ForwardTime: 0.057  ,  TotalTime: 0.199  ,  Loss/total: 0.93982  ,  Loss/giou: 0.21574  ,  Loss/l1: 0.02313  ,  Loss/location: 0.37277  ,  pro_loss: 0.09954  ,  IoU: 0.79898  ,  Loss/sim: 0.00000
[train: Epoch 32, 250 / 1875] FPS: 158.1 (52.9)  ,  DataTime: 0.141 (0.005)  ,  ForwardTime: 0.057  ,  TotalTime: 0.202  ,  Loss/total: 0.94352  ,  Loss/giou: 0.21639  ,  Loss/l1: 0.02323  ,  Loss/location: 0.37463  ,  pro_loss: 0.09984  ,  IoU: 0.79822  ,  Loss/sim: 0.00000
[train: Epoch 32, 300 / 1875] FPS: 160.6 (497.7)  ,  DataTime: 0.137 (0.005)  ,  ForwardTime: 0.057  ,  TotalTime: 0.199  ,  Loss/total: 0.94624  ,  Loss/giou: 0.21715  ,  Loss/l1: 0.02338  ,  Loss/location: 0.37513  ,  pro_loss: 0.09948  ,  IoU: 0.79740  ,  Loss/sim: 0.00000
[train: Epoch 32, 350 / 1875] FPS: 162.3 (479.8)  ,  DataTime: 0.135 (0.005)  ,  ForwardTime: 0.057  ,  TotalTime: 0.197  ,  Loss/total: 0.94968  ,  Loss/giou: 0.21767  ,  Loss/l1: 0.02354  ,  Loss/location: 0.37695  ,  pro_loss: 0.09855  ,  IoU: 0.79675  ,  Loss/sim: 0.00000
[train: Epoch 32, 400 / 1875] FPS: 163.0 (478.6)  ,  DataTime: 0.135 (0.005)  ,  ForwardTime: 0.057  ,  TotalTime: 0.196  ,  Loss/total: 0.94677  ,  Loss/giou: 0.21685  ,  Loss/l1: 0.02339  ,  Loss/location: 0.37633  ,  pro_loss: 0.09901  ,  IoU: 0.79736  ,  Loss/sim: 0.00000
[train: Epoch 32, 450 / 1875] FPS: 162.9 (474.6)  ,  DataTime: 0.135 (0.005)  ,  ForwardTime: 0.057  ,  TotalTime: 0.196  ,  Loss/total: 0.94393  ,  Loss/giou: 0.21630  ,  Loss/l1: 0.02335  ,  Loss/location: 0.37468  ,  pro_loss: 0.09938  ,  IoU: 0.79790  ,  Loss/sim: 0.00000
[train: Epoch 32, 500 / 1875] FPS: 164.7 (498.9)  ,  DataTime: 0.132 (0.005)  ,  ForwardTime: 0.057  ,  TotalTime: 0.194  ,  Loss/total: 0.93812  ,  Loss/giou: 0.21515  ,  Loss/l1: 0.02315  ,  Loss/location: 0.37200  ,  pro_loss: 0.10023  ,  IoU: 0.79885  ,  Loss/sim: 0.00000
[train: Epoch 32, 550 / 1875] FPS: 166.0 (502.3)  ,  DataTime: 0.131 (0.005)  ,  ForwardTime: 0.057  ,  TotalTime: 0.193  ,  Loss/total: 0.93768  ,  Loss/giou: 0.21490  ,  Loss/l1: 0.02313  ,  Loss/location: 0.37218  ,  pro_loss: 0.10019  ,  IoU: 0.79917  ,  Loss/sim: 0.00000
[train: Epoch 32, 600 / 1875] FPS: 166.9 (53.9)  ,  DataTime: 0.130 (0.005)  ,  ForwardTime: 0.057  ,  TotalTime: 0.192  ,  Loss/total: 0.94312  ,  Loss/giou: 0.21608  ,  Loss/l1: 0.02340  ,  Loss/location: 0.37396  ,  pro_loss: 0.10002  ,  IoU: 0.79825  ,  Loss/sim: 0.00000
[train: Epoch 32, 650 / 1875] FPS: 169.2 (471.9)  ,  DataTime: 0.127 (0.005)  ,  ForwardTime: 0.057  ,  TotalTime: 0.189  ,  Loss/total: 0.94141  ,  Loss/giou: 0.21568  ,  Loss/l1: 0.02334  ,  Loss/location: 0.37329  ,  pro_loss: 0.10031  ,  IoU: 0.79860  ,  Loss/sim: 0.00000
[train: Epoch 32, 700 / 1875] FPS: 169.8 (479.6)  ,  DataTime: 0.126 (0.005)  ,  ForwardTime: 0.057  ,  TotalTime: 0.188  ,  Loss/total: 0.94294  ,  Loss/giou: 0.21588  ,  Loss/l1: 0.02339  ,  Loss/location: 0.37418  ,  pro_loss: 0.10024  ,  IoU: 0.79831  ,  Loss/sim: 0.00000
[train: Epoch 32, 750 / 1875] FPS: 171.4 (494.0)  ,  DataTime: 0.124 (0.005)  ,  ForwardTime: 0.057  ,  TotalTime: 0.187  ,  Loss/total: 0.94251  ,  Loss/giou: 0.21563  ,  Loss/l1: 0.02337  ,  Loss/location: 0.37427  ,  pro_loss: 0.10060  ,  IoU: 0.79846  ,  Loss/sim: 0.00000
[train: Epoch 32, 800 / 1875] FPS: 172.0 (475.7)  ,  DataTime: 0.124 (0.005)  ,  ForwardTime: 0.057  ,  TotalTime: 0.186  ,  Loss/total: 0.94025  ,  Loss/giou: 0.21527  ,  Loss/l1: 0.02335  ,  Loss/location: 0.37278  ,  pro_loss: 0.10088  ,  IoU: 0.79878  ,  Loss/sim: 0.00000
[train: Epoch 32, 850 / 1875] FPS: 173.9 (467.1)  ,  DataTime: 0.122 (0.005)  ,  ForwardTime: 0.057  ,  TotalTime: 0.184  ,  Loss/total: 0.94264  ,  Loss/giou: 0.21600  ,  Loss/l1: 0.02351  ,  Loss/location: 0.37298  ,  pro_loss: 0.10062  ,  IoU: 0.79829  ,  Loss/sim: 0.00000
[train: Epoch 32, 900 / 1875] FPS: 175.4 (488.5)  ,  DataTime: 0.120 (0.005)  ,  ForwardTime: 0.057  ,  TotalTime: 0.182  ,  Loss/total: 0.94413  ,  Loss/giou: 0.21639  ,  Loss/l1: 0.02359  ,  Loss/location: 0.37327  ,  pro_loss: 0.10065  ,  IoU: 0.79801  ,  Loss/sim: 0.00000
[train: Epoch 32, 950 / 1875] FPS: 176.1 (469.4)  ,  DataTime: 0.119 (0.005)  ,  ForwardTime: 0.057  ,  TotalTime: 0.182  ,  Loss/total: 0.94298  ,  Loss/giou: 0.21607  ,  Loss/l1: 0.02351  ,  Loss/location: 0.37312  ,  pro_loss: 0.10086  ,  IoU: 0.79827  ,  Loss/sim: 0.00000
[train: Epoch 32, 1000 / 1875] FPS: 177.6 (65.8)  ,  DataTime: 0.118 (0.005)  ,  ForwardTime: 0.058  ,  TotalTime: 0.180  ,  Loss/total: 0.94460  ,  Loss/giou: 0.21641  ,  Loss/l1: 0.02357  ,  Loss/location: 0.37375  ,  pro_loss: 0.10091  ,  IoU: 0.79811  ,  Loss/sim: 0.00000
[train: Epoch 32, 1050 / 1875] FPS: 178.5 (499.1)  ,  DataTime: 0.117 (0.005)  ,  ForwardTime: 0.058  ,  TotalTime: 0.179  ,  Loss/total: 0.94392  ,  Loss/giou: 0.21636  ,  Loss/l1: 0.02358  ,  Loss/location: 0.37311  ,  pro_loss: 0.10081  ,  IoU: 0.79814  ,  Loss/sim: 0.00000
[train: Epoch 32, 1100 / 1875] FPS: 179.7 (478.4)  ,  DataTime: 0.115 (0.005)  ,  ForwardTime: 0.058  ,  TotalTime: 0.178  ,  Loss/total: 0.94080  ,  Loss/giou: 0.21560  ,  Loss/l1: 0.02348  ,  Loss/location: 0.37205  ,  pro_loss: 0.10090  ,  IoU: 0.79877  ,  Loss/sim: 0.00000
[train: Epoch 32, 1150 / 1875] FPS: 180.8 (487.5)  ,  DataTime: 0.114 (0.005)  ,  ForwardTime: 0.058  ,  TotalTime: 0.177  ,  Loss/total: 0.94217  ,  Loss/giou: 0.21589  ,  Loss/l1: 0.02354  ,  Loss/location: 0.37252  ,  pro_loss: 0.10098  ,  IoU: 0.79851  ,  Loss/sim: 0.00000
[train: Epoch 32, 1200 / 1875] FPS: 182.0 (71.2)  ,  DataTime: 0.113 (0.005)  ,  ForwardTime: 0.058  ,  TotalTime: 0.176  ,  Loss/total: 0.94148  ,  Loss/giou: 0.21572  ,  Loss/l1: 0.02350  ,  Loss/location: 0.37230  ,  pro_loss: 0.10106  ,  IoU: 0.79864  ,  Loss/sim: 0.00000
[train: Epoch 32, 1250 / 1875] FPS: 182.9 (465.2)  ,  DataTime: 0.112 (0.005)  ,  ForwardTime: 0.058  ,  TotalTime: 0.175  ,  Loss/total: 0.94313  ,  Loss/giou: 0.21612  ,  Loss/l1: 0.02360  ,  Loss/location: 0.37265  ,  pro_loss: 0.10126  ,  IoU: 0.79835  ,  Loss/sim: 0.00000
[train: Epoch 32, 1300 / 1875] FPS: 184.9 (429.4)  ,  DataTime: 0.110 (0.005)  ,  ForwardTime: 0.058  ,  TotalTime: 0.173  ,  Loss/total: 0.94518  ,  Loss/giou: 0.21648  ,  Loss/l1: 0.02367  ,  Loss/location: 0.37367  ,  pro_loss: 0.10099  ,  IoU: 0.79806  ,  Loss/sim: 0.00000
[train: Epoch 32, 1350 / 1875] FPS: 185.3 (493.6)  ,  DataTime: 0.110 (0.005)  ,  ForwardTime: 0.058  ,  TotalTime: 0.173  ,  Loss/total: 0.94543  ,  Loss/giou: 0.21666  ,  Loss/l1: 0.02368  ,  Loss/location: 0.37348  ,  pro_loss: 0.10116  ,  IoU: 0.79790  ,  Loss/sim: 0.00000
[train: Epoch 32, 1400 / 1875] FPS: 185.6 (55.0)  ,  DataTime: 0.109 (0.005)  ,  ForwardTime: 0.058  ,  TotalTime: 0.172  ,  Loss/total: 0.94528  ,  Loss/giou: 0.21655  ,  Loss/l1: 0.02366  ,  Loss/location: 0.37366  ,  pro_loss: 0.10117  ,  IoU: 0.79800  ,  Loss/sim: 0.00000
[train: Epoch 32, 1450 / 1875] FPS: 186.9 (494.1)  ,  DataTime: 0.108 (0.005)  ,  ForwardTime: 0.058  ,  TotalTime: 0.171  ,  Loss/total: 0.94546  ,  Loss/giou: 0.21662  ,  Loss/l1: 0.02366  ,  Loss/location: 0.37367  ,  pro_loss: 0.10119  ,  IoU: 0.79795  ,  Loss/sim: 0.00000
[train: Epoch 32, 1500 / 1875] FPS: 187.7 (493.1)  ,  DataTime: 0.107 (0.005)  ,  ForwardTime: 0.058  ,  TotalTime: 0.171  ,  Loss/total: 0.94480  ,  Loss/giou: 0.21645  ,  Loss/l1: 0.02362  ,  Loss/location: 0.37352  ,  pro_loss: 0.10138  ,  IoU: 0.79804  ,  Loss/sim: 0.00000
[train: Epoch 32, 1550 / 1875] FPS: 189.0 (461.6)  ,  DataTime: 0.106 (0.005)  ,  ForwardTime: 0.058  ,  TotalTime: 0.169  ,  Loss/total: 0.94718  ,  Loss/giou: 0.21696  ,  Loss/l1: 0.02369  ,  Loss/location: 0.37454  ,  pro_loss: 0.10135  ,  IoU: 0.79757  ,  Loss/sim: 0.00000
[train: Epoch 32, 1600 / 1875] FPS: 190.2 (479.9)  ,  DataTime: 0.105 (0.005)  ,  ForwardTime: 0.058  ,  TotalTime: 0.168  ,  Loss/total: 0.94811  ,  Loss/giou: 0.21716  ,  Loss/l1: 0.02375  ,  Loss/location: 0.37476  ,  pro_loss: 0.10140  ,  IoU: 0.79743  ,  Loss/sim: 0.00000
[train: Epoch 32, 1650 / 1875] FPS: 191.4 (148.7)  ,  DataTime: 0.104 (0.005)  ,  ForwardTime: 0.058  ,  TotalTime: 0.167  ,  Loss/total: 0.94750  ,  Loss/giou: 0.21704  ,  Loss/l1: 0.02371  ,  Loss/location: 0.37457  ,  pro_loss: 0.10149  ,  IoU: 0.79751  ,  Loss/sim: 0.00000
[train: Epoch 32, 1700 / 1875] FPS: 192.3 (488.2)  ,  DataTime: 0.103 (0.005)  ,  ForwardTime: 0.058  ,  TotalTime: 0.166  ,  Loss/total: 0.94676  ,  Loss/giou: 0.21684  ,  Loss/l1: 0.02366  ,  Loss/location: 0.37445  ,  pro_loss: 0.10161  ,  IoU: 0.79767  ,  Loss/sim: 0.00000
[train: Epoch 32, 1750 / 1875] FPS: 193.7 (467.6)  ,  DataTime: 0.102 (0.005)  ,  ForwardTime: 0.058  ,  TotalTime: 0.165  ,  Loss/total: 0.94742  ,  Loss/giou: 0.21691  ,  Loss/l1: 0.02368  ,  Loss/location: 0.37486  ,  pro_loss: 0.10173  ,  IoU: 0.79760  ,  Loss/sim: 0.00000
[train: Epoch 32, 1800 / 1875] FPS: 195.0 (486.3)  ,  DataTime: 0.101 (0.005)  ,  ForwardTime: 0.058  ,  TotalTime: 0.164  ,  Loss/total: 0.94755  ,  Loss/giou: 0.21693  ,  Loss/l1: 0.02365  ,  Loss/location: 0.37505  ,  pro_loss: 0.10184  ,  IoU: 0.79758  ,  Loss/sim: 0.00000
[train: Epoch 32, 1850 / 1875] FPS: 196.2 (452.4)  ,  DataTime: 0.100 (0.005)  ,  ForwardTime: 0.058  ,  TotalTime: 0.163  ,  Loss/total: 0.94792  ,  Loss/giou: 0.21700  ,  Loss/l1: 0.02368  ,  Loss/location: 0.37517  ,  pro_loss: 0.10187  ,  IoU: 0.79753  ,  Loss/sim: 0.00000
[train: Epoch 32, 1875 / 1875] FPS: 196.8 (512.4)  ,  DataTime: 0.099 (0.005)  ,  ForwardTime: 0.058  ,  TotalTime: 0.163  ,  Loss/total: 0.94719  ,  Loss/giou: 0.21691  ,  Loss/l1: 0.02366  ,  Loss/location: 0.37472  ,  pro_loss: 0.10172  ,  IoU: 0.79762  ,  Loss/sim: 0.00000
[train: Epoch 33, 50 / 1875] FPS: 215.7 (473.0)  ,  DataTime: 0.082 (0.006)  ,  ForwardTime: 0.060  ,  TotalTime: 0.148  ,  Loss/total: 0.91419  ,  Loss/giou: 0.20882  ,  Loss/l1: 0.02189  ,  Loss/location: 0.36541  ,  pro_loss: 0.10833  ,  IoU: 0.80536  ,  Loss/sim: 0.00000
[train: Epoch 33, 100 / 1875] FPS: 230.2 (449.9)  ,  DataTime: 0.073 (0.006)  ,  ForwardTime: 0.060  ,  TotalTime: 0.139  ,  Loss/total: 0.93219  ,  Loss/giou: 0.21319  ,  Loss/l1: 0.02233  ,  Loss/location: 0.37250  ,  pro_loss: 0.10823  ,  IoU: 0.80062  ,  Loss/sim: 0.00000
[train: Epoch 33, 150 / 1875] FPS: 241.6 (447.3)  ,  DataTime: 0.066 (0.006)  ,  ForwardTime: 0.060  ,  TotalTime: 0.132  ,  Loss/total: 0.93677  ,  Loss/giou: 0.21341  ,  Loss/l1: 0.02265  ,  Loss/location: 0.37542  ,  pro_loss: 0.10653  ,  IoU: 0.80026  ,  Loss/sim: 0.00000
[train: Epoch 33, 200 / 1875] FPS: 246.0 (459.5)  ,  DataTime: 0.064 (0.006)  ,  ForwardTime: 0.060  ,  TotalTime: 0.130  ,  Loss/total: 0.92809  ,  Loss/giou: 0.21248  ,  Loss/l1: 0.02252  ,  Loss/location: 0.36960  ,  pro_loss: 0.10469  ,  IoU: 0.80133  ,  Loss/sim: 0.00000
[train: Epoch 33, 250 / 1875] FPS: 248.6 (172.0)  ,  DataTime: 0.063 (0.006)  ,  ForwardTime: 0.060  ,  TotalTime: 0.129  ,  Loss/total: 0.93400  ,  Loss/giou: 0.21349  ,  Loss/l1: 0.02293  ,  Loss/location: 0.37149  ,  pro_loss: 0.10438  ,  IoU: 0.80099  ,  Loss/sim: 0.00000
[train: Epoch 33, 300 / 1875] FPS: 251.9 (467.6)  ,  DataTime: 0.061 (0.006)  ,  ForwardTime: 0.060  ,  TotalTime: 0.127  ,  Loss/total: 0.93088  ,  Loss/giou: 0.21262  ,  Loss/l1: 0.02277  ,  Loss/location: 0.37084  ,  pro_loss: 0.10472  ,  IoU: 0.80155  ,  Loss/sim: 0.00000
[train: Epoch 33, 350 / 1875] FPS: 252.7 (461.7)  ,  DataTime: 0.060 (0.006)  ,  ForwardTime: 0.060  ,  TotalTime: 0.127  ,  Loss/total: 0.93178  ,  Loss/giou: 0.21269  ,  Loss/l1: 0.02276  ,  Loss/location: 0.37148  ,  pro_loss: 0.10563  ,  IoU: 0.80144  ,  Loss/sim: 0.00000
[train: Epoch 33, 400 / 1875] FPS: 254.5 (475.4)  ,  DataTime: 0.060 (0.006)  ,  ForwardTime: 0.060  ,  TotalTime: 0.126  ,  Loss/total: 0.93292  ,  Loss/giou: 0.21355  ,  Loss/l1: 0.02286  ,  Loss/location: 0.37042  ,  pro_loss: 0.10542  ,  IoU: 0.80074  ,  Loss/sim: 0.00000
[train: Epoch 33, 450 / 1875] FPS: 256.6 (443.3)  ,  DataTime: 0.059 (0.006)  ,  ForwardTime: 0.060  ,  TotalTime: 0.125  ,  Loss/total: 0.93549  ,  Loss/giou: 0.21453  ,  Loss/l1: 0.02306  ,  Loss/location: 0.36998  ,  pro_loss: 0.10572  ,  IoU: 0.79995  ,  Loss/sim: 0.00000
[train: Epoch 33, 500 / 1875] FPS: 258.9 (295.6)  ,  DataTime: 0.057 (0.006)  ,  ForwardTime: 0.060  ,  TotalTime: 0.124  ,  Loss/total: 0.93189  ,  Loss/giou: 0.21361  ,  Loss/l1: 0.02295  ,  Loss/location: 0.36865  ,  pro_loss: 0.10633  ,  IoU: 0.80072  ,  Loss/sim: 0.00000
[train: Epoch 33, 550 / 1875] FPS: 259.7 (449.8)  ,  DataTime: 0.057 (0.006)  ,  ForwardTime: 0.060  ,  TotalTime: 0.123  ,  Loss/total: 0.92893  ,  Loss/giou: 0.21301  ,  Loss/l1: 0.02287  ,  Loss/location: 0.36741  ,  pro_loss: 0.10589  ,  IoU: 0.80119  ,  Loss/sim: 0.00000
[train: Epoch 33, 600 / 1875] FPS: 261.0 (187.4)  ,  DataTime: 0.056 (0.006)  ,  ForwardTime: 0.060  ,  TotalTime: 0.123  ,  Loss/total: 0.92966  ,  Loss/giou: 0.21314  ,  Loss/l1: 0.02292  ,  Loss/location: 0.36761  ,  pro_loss: 0.10570  ,  IoU: 0.80115  ,  Loss/sim: 0.00000
[train: Epoch 33, 650 / 1875] FPS: 263.1 (444.6)  ,  DataTime: 0.055 (0.006)  ,  ForwardTime: 0.060  ,  TotalTime: 0.122  ,  Loss/total: 0.92933  ,  Loss/giou: 0.21323  ,  Loss/l1: 0.02299  ,  Loss/location: 0.36684  ,  pro_loss: 0.10545  ,  IoU: 0.80110  ,  Loss/sim: 0.00000
[train: Epoch 33, 700 / 1875] FPS: 265.1 (424.9)  ,  DataTime: 0.054 (0.006)  ,  ForwardTime: 0.060  ,  TotalTime: 0.121  ,  Loss/total: 0.93082  ,  Loss/giou: 0.21358  ,  Loss/l1: 0.02305  ,  Loss/location: 0.36735  ,  pro_loss: 0.10527  ,  IoU: 0.80082  ,  Loss/sim: 0.00000
[train: Epoch 33, 750 / 1875] FPS: 266.0 (298.6)  ,  DataTime: 0.054 (0.006)  ,  ForwardTime: 0.061  ,  TotalTime: 0.120  ,  Loss/total: 0.93604  ,  Loss/giou: 0.21452  ,  Loss/l1: 0.02325  ,  Loss/location: 0.36969  ,  pro_loss: 0.10543  ,  IoU: 0.80000  ,  Loss/sim: 0.00000
[train: Epoch 33, 800 / 1875] FPS: 265.9 (449.1)  ,  DataTime: 0.054 (0.006)  ,  ForwardTime: 0.061  ,  TotalTime: 0.120  ,  Loss/total: 0.93310  ,  Loss/giou: 0.21412  ,  Loss/l1: 0.02309  ,  Loss/location: 0.36836  ,  pro_loss: 0.10529  ,  IoU: 0.80022  ,  Loss/sim: 0.00000
[train: Epoch 33, 850 / 1875] FPS: 266.8 (447.4)  ,  DataTime: 0.053 (0.006)  ,  ForwardTime: 0.061  ,  TotalTime: 0.120  ,  Loss/total: 0.93401  ,  Loss/giou: 0.21434  ,  Loss/l1: 0.02312  ,  Loss/location: 0.36884  ,  pro_loss: 0.10458  ,  IoU: 0.80001  ,  Loss/sim: 0.00000
[train: Epoch 33, 900 / 1875] FPS: 267.7 (116.1)  ,  DataTime: 0.053 (0.006)  ,  ForwardTime: 0.061  ,  TotalTime: 0.120  ,  Loss/total: 0.93340  ,  Loss/giou: 0.21412  ,  Loss/l1: 0.02308  ,  Loss/location: 0.36879  ,  pro_loss: 0.10478  ,  IoU: 0.80014  ,  Loss/sim: 0.00000
[train: Epoch 33, 950 / 1875] FPS: 269.1 (474.5)  ,  DataTime: 0.052 (0.006)  ,  ForwardTime: 0.061  ,  TotalTime: 0.119  ,  Loss/total: 0.93454  ,  Loss/giou: 0.21442  ,  Loss/l1: 0.02314  ,  Loss/location: 0.36913  ,  pro_loss: 0.10451  ,  IoU: 0.79990  ,  Loss/sim: 0.00000
[train: Epoch 33, 1000 / 1875] FPS: 269.9 (463.0)  ,  DataTime: 0.052 (0.006)  ,  ForwardTime: 0.061  ,  TotalTime: 0.119  ,  Loss/total: 0.93271  ,  Loss/giou: 0.21401  ,  Loss/l1: 0.02308  ,  Loss/location: 0.36837  ,  pro_loss: 0.10455  ,  IoU: 0.80020  ,  Loss/sim: 0.00000
[train: Epoch 33, 1050 / 1875] FPS: 271.2 (468.4)  ,  DataTime: 0.051 (0.006)  ,  ForwardTime: 0.061  ,  TotalTime: 0.118  ,  Loss/total: 0.93426  ,  Loss/giou: 0.21431  ,  Loss/l1: 0.02314  ,  Loss/location: 0.36906  ,  pro_loss: 0.10448  ,  IoU: 0.79994  ,  Loss/sim: 0.00000
[train: Epoch 33, 1100 / 1875] FPS: 272.3 (217.1)  ,  DataTime: 0.051 (0.006)  ,  ForwardTime: 0.061  ,  TotalTime: 0.118  ,  Loss/total: 0.93235  ,  Loss/giou: 0.21393  ,  Loss/l1: 0.02306  ,  Loss/location: 0.36824  ,  pro_loss: 0.10462  ,  IoU: 0.80025  ,  Loss/sim: 0.00000
[train: Epoch 33, 1150 / 1875] FPS: 272.8 (432.1)  ,  DataTime: 0.051 (0.006)  ,  ForwardTime: 0.061  ,  TotalTime: 0.117  ,  Loss/total: 0.93426  ,  Loss/giou: 0.21425  ,  Loss/l1: 0.02312  ,  Loss/location: 0.36924  ,  pro_loss: 0.10460  ,  IoU: 0.79997  ,  Loss/sim: 0.00000
[train: Epoch 33, 1200 / 1875] FPS: 273.5 (152.1)  ,  DataTime: 0.050 (0.006)  ,  ForwardTime: 0.061  ,  TotalTime: 0.117  ,  Loss/total: 0.93358  ,  Loss/giou: 0.21417  ,  Loss/l1: 0.02310  ,  Loss/location: 0.36882  ,  pro_loss: 0.10471  ,  IoU: 0.80005  ,  Loss/sim: 0.00000
[train: Epoch 33, 1250 / 1875] FPS: 274.5 (436.7)  ,  DataTime: 0.050 (0.006)  ,  ForwardTime: 0.061  ,  TotalTime: 0.117  ,  Loss/total: 0.93489  ,  Loss/giou: 0.21443  ,  Loss/l1: 0.02316  ,  Loss/location: 0.36926  ,  pro_loss: 0.10478  ,  IoU: 0.79983  ,  Loss/sim: 0.00000
[train: Epoch 33, 1300 / 1875] FPS: 275.7 (273.5)  ,  DataTime: 0.049 (0.006)  ,  ForwardTime: 0.061  ,  TotalTime: 0.116  ,  Loss/total: 0.93388  ,  Loss/giou: 0.21426  ,  Loss/l1: 0.02312  ,  Loss/location: 0.36880  ,  pro_loss: 0.10481  ,  IoU: 0.79995  ,  Loss/sim: 0.00000
[train: Epoch 33, 1350 / 1875] FPS: 276.1 (484.8)  ,  DataTime: 0.049 (0.006)  ,  ForwardTime: 0.061  ,  TotalTime: 0.116  ,  Loss/total: 0.93572  ,  Loss/giou: 0.21454  ,  Loss/l1: 0.02318  ,  Loss/location: 0.36980  ,  pro_loss: 0.10467  ,  IoU: 0.79972  ,  Loss/sim: 0.00000
[train: Epoch 33, 1400 / 1875] FPS: 277.2 (432.4)  ,  DataTime: 0.048 (0.006)  ,  ForwardTime: 0.061  ,  TotalTime: 0.115  ,  Loss/total: 0.93495  ,  Loss/giou: 0.21441  ,  Loss/l1: 0.02313  ,  Loss/location: 0.36954  ,  pro_loss: 0.10461  ,  IoU: 0.79984  ,  Loss/sim: 0.00000
[train: Epoch 33, 1450 / 1875] FPS: 278.0 (473.2)  ,  DataTime: 0.048 (0.006)  ,  ForwardTime: 0.061  ,  TotalTime: 0.115  ,  Loss/total: 0.93353  ,  Loss/giou: 0.21410  ,  Loss/l1: 0.02306  ,  Loss/location: 0.36914  ,  pro_loss: 0.10428  ,  IoU: 0.80003  ,  Loss/sim: 0.00000
[train: Epoch 33, 1500 / 1875] FPS: 278.1 (455.3)  ,  DataTime: 0.048 (0.006)  ,  ForwardTime: 0.061  ,  TotalTime: 0.115  ,  Loss/total: 0.93237  ,  Loss/giou: 0.21390  ,  Loss/l1: 0.02303  ,  Loss/location: 0.36854  ,  pro_loss: 0.10435  ,  IoU: 0.80019  ,  Loss/sim: 0.00000
[train: Epoch 33, 1550 / 1875] FPS: 278.6 (461.5)  ,  DataTime: 0.048 (0.006)  ,  ForwardTime: 0.061  ,  TotalTime: 0.115  ,  Loss/total: 0.93176  ,  Loss/giou: 0.21374  ,  Loss/l1: 0.02299  ,  Loss/location: 0.36843  ,  pro_loss: 0.10446  ,  IoU: 0.80029  ,  Loss/sim: 0.00000
[train: Epoch 33, 1600 / 1875] FPS: 280.1 (381.3)  ,  DataTime: 0.047 (0.006)  ,  ForwardTime: 0.061  ,  TotalTime: 0.114  ,  Loss/total: 0.93274  ,  Loss/giou: 0.21390  ,  Loss/l1: 0.02304  ,  Loss/location: 0.36891  ,  pro_loss: 0.10430  ,  IoU: 0.80016  ,  Loss/sim: 0.00000
[train: Epoch 33, 1650 / 1875] FPS: 280.8 (449.9)  ,  DataTime: 0.047 (0.006)  ,  ForwardTime: 0.061  ,  TotalTime: 0.114  ,  Loss/total: 0.93146  ,  Loss/giou: 0.21364  ,  Loss/l1: 0.02299  ,  Loss/location: 0.36841  ,  pro_loss: 0.10419  ,  IoU: 0.80034  ,  Loss/sim: 0.00000
[train: Epoch 33, 1700 / 1875] FPS: 281.2 (440.7)  ,  DataTime: 0.047 (0.006)  ,  ForwardTime: 0.061  ,  TotalTime: 0.114  ,  Loss/total: 0.93052  ,  Loss/giou: 0.21346  ,  Loss/l1: 0.02295  ,  Loss/location: 0.36800  ,  pro_loss: 0.10424  ,  IoU: 0.80047  ,  Loss/sim: 0.00000
[train: Epoch 33, 1750 / 1875] FPS: 282.5 (446.0)  ,  DataTime: 0.046 (0.006)  ,  ForwardTime: 0.061  ,  TotalTime: 0.113  ,  Loss/total: 0.92978  ,  Loss/giou: 0.21337  ,  Loss/l1: 0.02293  ,  Loss/location: 0.36752  ,  pro_loss: 0.10440  ,  IoU: 0.80054  ,  Loss/sim: 0.00000
[train: Epoch 33, 1800 / 1875] FPS: 283.1 (127.5)  ,  DataTime: 0.046 (0.006)  ,  ForwardTime: 0.061  ,  TotalTime: 0.113  ,  Loss/total: 0.92881  ,  Loss/giou: 0.21321  ,  Loss/l1: 0.02290  ,  Loss/location: 0.36701  ,  pro_loss: 0.10441  ,  IoU: 0.80067  ,  Loss/sim: 0.00000
[train: Epoch 33, 1850 / 1875] FPS: 283.8 (367.2)  ,  DataTime: 0.045 (0.006)  ,  ForwardTime: 0.061  ,  TotalTime: 0.113  ,  Loss/total: 0.92902  ,  Loss/giou: 0.21318  ,  Loss/l1: 0.02292  ,  Loss/location: 0.36719  ,  pro_loss: 0.10442  ,  IoU: 0.80075  ,  Loss/sim: 0.00000
[train: Epoch 33, 1875 / 1875] FPS: 284.7 (509.5)  ,  DataTime: 0.045 (0.006)  ,  ForwardTime: 0.061  ,  TotalTime: 0.112  ,  Loss/total: 0.92988  ,  Loss/giou: 0.21331  ,  Loss/l1: 0.02294  ,  Loss/location: 0.36770  ,  pro_loss: 0.10441  ,  IoU: 0.80063  ,  Loss/sim: 0.00000
[train: Epoch 34, 50 / 1875] FPS: 255.2 (148.8)  ,  DataTime: 0.056 (0.007)  ,  ForwardTime: 0.063  ,  TotalTime: 0.125  ,  Loss/total: 0.94973  ,  Loss/giou: 0.21519  ,  Loss/l1: 0.02434  ,  Loss/location: 0.37685  ,  pro_loss: 0.10396  ,  IoU: 0.79958  ,  Loss/sim: 0.00000
[train: Epoch 34, 100 / 1875] FPS: 277.0 (432.8)  ,  DataTime: 0.047 (0.006)  ,  ForwardTime: 0.062  ,  TotalTime: 0.116  ,  Loss/total: 0.92733  ,  Loss/giou: 0.21266  ,  Loss/l1: 0.02329  ,  Loss/location: 0.36451  ,  pro_loss: 0.10510  ,  IoU: 0.80124  ,  Loss/sim: 0.00000
[train: Epoch 34, 150 / 1875] FPS: 293.9 (457.6)  ,  DataTime: 0.040 (0.006)  ,  ForwardTime: 0.062  ,  TotalTime: 0.109  ,  Loss/total: 0.94718  ,  Loss/giou: 0.21666  ,  Loss/l1: 0.02408  ,  Loss/location: 0.37231  ,  pro_loss: 0.10583  ,  IoU: 0.79789  ,  Loss/sim: 0.00000
[train: Epoch 34, 200 / 1875] FPS: 302.2 (400.6)  ,  DataTime: 0.037 (0.006)  ,  ForwardTime: 0.062  ,  TotalTime: 0.106  ,  Loss/total: 0.95497  ,  Loss/giou: 0.21817  ,  Loss/l1: 0.02408  ,  Loss/location: 0.37700  ,  pro_loss: 0.10620  ,  IoU: 0.79643  ,  Loss/sim: 0.00000
[train: Epoch 34, 250 / 1875] FPS: 300.4 (77.2)  ,  DataTime: 0.038 (0.006)  ,  ForwardTime: 0.062  ,  TotalTime: 0.107  ,  Loss/total: 0.94782  ,  Loss/giou: 0.21693  ,  Loss/l1: 0.02360  ,  Loss/location: 0.37454  ,  pro_loss: 0.10713  ,  IoU: 0.79745  ,  Loss/sim: 0.00000
[train: Epoch 34, 300 / 1875] FPS: 303.9 (280.7)  ,  DataTime: 0.036 (0.006)  ,  ForwardTime: 0.063  ,  TotalTime: 0.105  ,  Loss/total: 0.94961  ,  Loss/giou: 0.21775  ,  Loss/l1: 0.02369  ,  Loss/location: 0.37435  ,  pro_loss: 0.10653  ,  IoU: 0.79675  ,  Loss/sim: 0.00000
[train: Epoch 34, 350 / 1875] FPS: 307.7 (460.3)  ,  DataTime: 0.035 (0.006)  ,  ForwardTime: 0.063  ,  TotalTime: 0.104  ,  Loss/total: 0.94277  ,  Loss/giou: 0.21624  ,  Loss/l1: 0.02341  ,  Loss/location: 0.37206  ,  pro_loss: 0.10604  ,  IoU: 0.79802  ,  Loss/sim: 0.00000
[train: Epoch 34, 400 / 1875] FPS: 309.1 (454.8)  ,  DataTime: 0.035 (0.006)  ,  ForwardTime: 0.063  ,  TotalTime: 0.104  ,  Loss/total: 0.95068  ,  Loss/giou: 0.21773  ,  Loss/l1: 0.02370  ,  Loss/location: 0.37557  ,  pro_loss: 0.10563  ,  IoU: 0.79676  ,  Loss/sim: 0.00000
[train: Epoch 34, 450 / 1875] FPS: 312.0 (402.9)  ,  DataTime: 0.033 (0.006)  ,  ForwardTime: 0.063  ,  TotalTime: 0.103  ,  Loss/total: 0.95105  ,  Loss/giou: 0.21787  ,  Loss/l1: 0.02374  ,  Loss/location: 0.37571  ,  pro_loss: 0.10463  ,  IoU: 0.79682  ,  Loss/sim: 0.00000
[train: Epoch 34, 500 / 1875] FPS: 311.2 (431.9)  ,  DataTime: 0.034 (0.006)  ,  ForwardTime: 0.063  ,  TotalTime: 0.103  ,  Loss/total: 0.94722  ,  Loss/giou: 0.21727  ,  Loss/l1: 0.02359  ,  Loss/location: 0.37379  ,  pro_loss: 0.10461  ,  IoU: 0.79730  ,  Loss/sim: 0.00000
[train: Epoch 34, 550 / 1875] FPS: 314.0 (413.9)  ,  DataTime: 0.033 (0.006)  ,  ForwardTime: 0.063  ,  TotalTime: 0.102  ,  Loss/total: 0.94399  ,  Loss/giou: 0.21670  ,  Loss/l1: 0.02361  ,  Loss/location: 0.37173  ,  pro_loss: 0.10411  ,  IoU: 0.79790  ,  Loss/sim: 0.00000
[train: Epoch 34, 600 / 1875] FPS: 314.0 (436.4)  ,  DataTime: 0.033 (0.006)  ,  ForwardTime: 0.063  ,  TotalTime: 0.102  ,  Loss/total: 0.93879  ,  Loss/giou: 0.21554  ,  Loss/l1: 0.02347  ,  Loss/location: 0.36954  ,  pro_loss: 0.10413  ,  IoU: 0.79898  ,  Loss/sim: 0.00000
[train: Epoch 34, 650 / 1875] FPS: 315.1 (433.2)  ,  DataTime: 0.032 (0.006)  ,  ForwardTime: 0.063  ,  TotalTime: 0.102  ,  Loss/total: 0.94117  ,  Loss/giou: 0.21597  ,  Loss/l1: 0.02355  ,  Loss/location: 0.37064  ,  pro_loss: 0.10422  ,  IoU: 0.79852  ,  Loss/sim: 0.00000
[train: Epoch 34, 700 / 1875] FPS: 316.3 (438.5)  ,  DataTime: 0.032 (0.007)  ,  ForwardTime: 0.063  ,  TotalTime: 0.101  ,  Loss/total: 0.93841  ,  Loss/giou: 0.21518  ,  Loss/l1: 0.02336  ,  Loss/location: 0.37032  ,  pro_loss: 0.10460  ,  IoU: 0.79904  ,  Loss/sim: 0.00000
[train: Epoch 34, 750 / 1875] FPS: 317.9 (438.4)  ,  DataTime: 0.031 (0.007)  ,  ForwardTime: 0.063  ,  TotalTime: 0.101  ,  Loss/total: 0.93580  ,  Loss/giou: 0.21460  ,  Loss/l1: 0.02329  ,  Loss/location: 0.36922  ,  pro_loss: 0.10451  ,  IoU: 0.79950  ,  Loss/sim: 0.00000
[train: Epoch 34, 800 / 1875] FPS: 317.8 (359.4)  ,  DataTime: 0.031 (0.007)  ,  ForwardTime: 0.063  ,  TotalTime: 0.101  ,  Loss/total: 0.93475  ,  Loss/giou: 0.21454  ,  Loss/l1: 0.02327  ,  Loss/location: 0.36848  ,  pro_loss: 0.10418  ,  IoU: 0.79959  ,  Loss/sim: 0.00000
[train: Epoch 34, 850 / 1875] FPS: 319.0 (425.0)  ,  DataTime: 0.031 (0.007)  ,  ForwardTime: 0.063  ,  TotalTime: 0.100  ,  Loss/total: 0.93551  ,  Loss/giou: 0.21466  ,  Loss/l1: 0.02327  ,  Loss/location: 0.36904  ,  pro_loss: 0.10395  ,  IoU: 0.79950  ,  Loss/sim: 0.00000
[train: Epoch 34, 900 / 1875] FPS: 319.2 (454.7)  ,  DataTime: 0.031 (0.007)  ,  ForwardTime: 0.063  ,  TotalTime: 0.100  ,  Loss/total: 0.93573  ,  Loss/giou: 0.21470  ,  Loss/l1: 0.02328  ,  Loss/location: 0.36918  ,  pro_loss: 0.10375  ,  IoU: 0.79943  ,  Loss/sim: 0.00000
[train: Epoch 34, 950 / 1875] FPS: 320.5 (344.6)  ,  DataTime: 0.030 (0.007)  ,  ForwardTime: 0.063  ,  TotalTime: 0.100  ,  Loss/total: 0.93745  ,  Loss/giou: 0.21510  ,  Loss/l1: 0.02335  ,  Loss/location: 0.36982  ,  pro_loss: 0.10355  ,  IoU: 0.79918  ,  Loss/sim: 0.00000
[train: Epoch 34, 1000 / 1875] FPS: 321.2 (434.6)  ,  DataTime: 0.030 (0.007)  ,  ForwardTime: 0.063  ,  TotalTime: 0.100  ,  Loss/total: 0.93287  ,  Loss/giou: 0.21406  ,  Loss/l1: 0.02317  ,  Loss/location: 0.36816  ,  pro_loss: 0.10370  ,  IoU: 0.80001  ,  Loss/sim: 0.00000
[train: Epoch 34, 1050 / 1875] FPS: 322.5 (389.3)  ,  DataTime: 0.029 (0.007)  ,  ForwardTime: 0.063  ,  TotalTime: 0.099  ,  Loss/total: 0.93276  ,  Loss/giou: 0.21407  ,  Loss/l1: 0.02319  ,  Loss/location: 0.36790  ,  pro_loss: 0.10381  ,  IoU: 0.80000  ,  Loss/sim: 0.00000
[train: Epoch 34, 1100 / 1875] FPS: 322.9 (436.1)  ,  DataTime: 0.029 (0.007)  ,  ForwardTime: 0.063  ,  TotalTime: 0.099  ,  Loss/total: 0.93434  ,  Loss/giou: 0.21442  ,  Loss/l1: 0.02325  ,  Loss/location: 0.36849  ,  pro_loss: 0.10368  ,  IoU: 0.79975  ,  Loss/sim: 0.00000
[train: Epoch 34, 1150 / 1875] FPS: 322.5 (446.8)  ,  DataTime: 0.029 (0.007)  ,  ForwardTime: 0.063  ,  TotalTime: 0.099  ,  Loss/total: 0.93436  ,  Loss/giou: 0.21453  ,  Loss/l1: 0.02327  ,  Loss/location: 0.36816  ,  pro_loss: 0.10395  ,  IoU: 0.79969  ,  Loss/sim: 0.00000
[train: Epoch 34, 1200 / 1875] FPS: 323.6 (423.5)  ,  DataTime: 0.029 (0.007)  ,  ForwardTime: 0.063  ,  TotalTime: 0.099  ,  Loss/total: 0.93496  ,  Loss/giou: 0.21457  ,  Loss/l1: 0.02330  ,  Loss/location: 0.36860  ,  pro_loss: 0.10361  ,  IoU: 0.79966  ,  Loss/sim: 0.00000
[train: Epoch 34, 1250 / 1875] FPS: 324.1 (398.1)  ,  DataTime: 0.029 (0.007)  ,  ForwardTime: 0.063  ,  TotalTime: 0.099  ,  Loss/total: 0.93446  ,  Loss/giou: 0.21446  ,  Loss/l1: 0.02328  ,  Loss/location: 0.36845  ,  pro_loss: 0.10338  ,  IoU: 0.79973  ,  Loss/sim: 0.00000
[train: Epoch 34, 1300 / 1875] FPS: 324.0 (453.0)  ,  DataTime: 0.029 (0.007)  ,  ForwardTime: 0.064  ,  TotalTime: 0.099  ,  Loss/total: 0.93655  ,  Loss/giou: 0.21493  ,  Loss/l1: 0.02339  ,  Loss/location: 0.36907  ,  pro_loss: 0.10337  ,  IoU: 0.79933  ,  Loss/sim: 0.00000
[train: Epoch 34, 1350 / 1875] FPS: 325.3 (460.4)  ,  DataTime: 0.028 (0.007)  ,  ForwardTime: 0.064  ,  TotalTime: 0.098  ,  Loss/total: 0.93436  ,  Loss/giou: 0.21445  ,  Loss/l1: 0.02331  ,  Loss/location: 0.36818  ,  pro_loss: 0.10357  ,  IoU: 0.79975  ,  Loss/sim: 0.00000
[train: Epoch 34, 1400 / 1875] FPS: 325.9 (372.2)  ,  DataTime: 0.028 (0.007)  ,  ForwardTime: 0.064  ,  TotalTime: 0.098  ,  Loss/total: 0.93517  ,  Loss/giou: 0.21457  ,  Loss/l1: 0.02330  ,  Loss/location: 0.36878  ,  pro_loss: 0.10384  ,  IoU: 0.79958  ,  Loss/sim: 0.00000
[train: Epoch 34, 1450 / 1875] FPS: 327.0 (390.5)  ,  DataTime: 0.028 (0.007)  ,  ForwardTime: 0.064  ,  TotalTime: 0.098  ,  Loss/total: 0.93526  ,  Loss/giou: 0.21471  ,  Loss/l1: 0.02332  ,  Loss/location: 0.36849  ,  pro_loss: 0.10382  ,  IoU: 0.79949  ,  Loss/sim: 0.00000
[train: Epoch 34, 1500 / 1875] FPS: 327.4 (451.5)  ,  DataTime: 0.027 (0.007)  ,  ForwardTime: 0.064  ,  TotalTime: 0.098  ,  Loss/total: 0.93585  ,  Loss/giou: 0.21486  ,  Loss/l1: 0.02336  ,  Loss/location: 0.36854  ,  pro_loss: 0.10393  ,  IoU: 0.79939  ,  Loss/sim: 0.00000
[train: Epoch 34, 1550 / 1875] FPS: 327.7 (431.5)  ,  DataTime: 0.027 (0.007)  ,  ForwardTime: 0.064  ,  TotalTime: 0.098  ,  Loss/total: 0.93564  ,  Loss/giou: 0.21476  ,  Loss/l1: 0.02335  ,  Loss/location: 0.36861  ,  pro_loss: 0.10372  ,  IoU: 0.79945  ,  Loss/sim: 0.00000
[train: Epoch 34, 1600 / 1875] FPS: 328.5 (404.5)  ,  DataTime: 0.027 (0.007)  ,  ForwardTime: 0.064  ,  TotalTime: 0.097  ,  Loss/total: 0.93558  ,  Loss/giou: 0.21486  ,  Loss/l1: 0.02336  ,  Loss/location: 0.36833  ,  pro_loss: 0.10371  ,  IoU: 0.79937  ,  Loss/sim: 0.00000
[train: Epoch 34, 1650 / 1875] FPS: 329.1 (381.2)  ,  DataTime: 0.027 (0.007)  ,  ForwardTime: 0.064  ,  TotalTime: 0.097  ,  Loss/total: 0.93635  ,  Loss/giou: 0.21500  ,  Loss/l1: 0.02339  ,  Loss/location: 0.36867  ,  pro_loss: 0.10361  ,  IoU: 0.79929  ,  Loss/sim: 0.00000
[train: Epoch 34, 1700 / 1875] FPS: 329.3 (436.0)  ,  DataTime: 0.027 (0.007)  ,  ForwardTime: 0.064  ,  TotalTime: 0.097  ,  Loss/total: 0.93543  ,  Loss/giou: 0.21482  ,  Loss/l1: 0.02336  ,  Loss/location: 0.36829  ,  pro_loss: 0.10362  ,  IoU: 0.79941  ,  Loss/sim: 0.00000
[train: Epoch 34, 1750 / 1875] FPS: 330.2 (455.2)  ,  DataTime: 0.026 (0.007)  ,  ForwardTime: 0.064  ,  TotalTime: 0.097  ,  Loss/total: 0.93530  ,  Loss/giou: 0.21479  ,  Loss/l1: 0.02335  ,  Loss/location: 0.36824  ,  pro_loss: 0.10367  ,  IoU: 0.79945  ,  Loss/sim: 0.00000
[train: Epoch 34, 1800 / 1875] FPS: 330.5 (424.6)  ,  DataTime: 0.026 (0.007)  ,  ForwardTime: 0.064  ,  TotalTime: 0.097  ,  Loss/total: 0.93581  ,  Loss/giou: 0.21494  ,  Loss/l1: 0.02336  ,  Loss/location: 0.36836  ,  pro_loss: 0.10372  ,  IoU: 0.79936  ,  Loss/sim: 0.00000
[train: Epoch 34, 1850 / 1875] FPS: 330.3 (379.5)  ,  DataTime: 0.026 (0.007)  ,  ForwardTime: 0.064  ,  TotalTime: 0.097  ,  Loss/total: 0.93600  ,  Loss/giou: 0.21495  ,  Loss/l1: 0.02337  ,  Loss/location: 0.36847  ,  pro_loss: 0.10390  ,  IoU: 0.79937  ,  Loss/sim: 0.00000
[train: Epoch 34, 1875 / 1875] FPS: 331.0 (513.4)  ,  DataTime: 0.026 (0.007)  ,  ForwardTime: 0.064  ,  TotalTime: 0.097  ,  Loss/total: 0.93614  ,  Loss/giou: 0.21496  ,  Loss/l1: 0.02336  ,  Loss/location: 0.36861  ,  pro_loss: 0.10396  ,  IoU: 0.79935  ,  Loss/sim: 0.00000
[train: Epoch 35, 50 / 1875] FPS: 288.4 (319.2)  ,  DataTime: 0.040 (0.007)  ,  ForwardTime: 0.065  ,  TotalTime: 0.111  ,  Loss/total: 0.92574  ,  Loss/giou: 0.21294  ,  Loss/l1: 0.02409  ,  Loss/location: 0.35794  ,  pro_loss: 0.10729  ,  IoU: 0.80192  ,  Loss/sim: 0.00000
[train: Epoch 35, 100 / 1875] FPS: 309.5 (443.2)  ,  DataTime: 0.031 (0.007)  ,  ForwardTime: 0.065  ,  TotalTime: 0.103  ,  Loss/total: 0.92736  ,  Loss/giou: 0.21379  ,  Loss/l1: 0.02366  ,  Loss/location: 0.36060  ,  pro_loss: 0.10448  ,  IoU: 0.80041  ,  Loss/sim: 0.00000
[train: Epoch 35, 150 / 1875] FPS: 322.0 (448.0)  ,  DataTime: 0.027 (0.007)  ,  ForwardTime: 0.066  ,  TotalTime: 0.099  ,  Loss/total: 0.91565  ,  Loss/giou: 0.21203  ,  Loss/l1: 0.02309  ,  Loss/location: 0.35513  ,  pro_loss: 0.10500  ,  IoU: 0.80174  ,  Loss/sim: 0.00000
[train: Epoch 35, 200 / 1875] FPS: 329.8 (424.4)  ,  DataTime: 0.025 (0.007)  ,  ForwardTime: 0.065  ,  TotalTime: 0.097  ,  Loss/total: 0.92463  ,  Loss/giou: 0.21320  ,  Loss/l1: 0.02327  ,  Loss/location: 0.36098  ,  pro_loss: 0.10437  ,  IoU: 0.80084  ,  Loss/sim: 0.00000
[train: Epoch 35, 250 / 1875] FPS: 332.6 (395.3)  ,  DataTime: 0.024 (0.007)  ,  ForwardTime: 0.065  ,  TotalTime: 0.096  ,  Loss/total: 0.93369  ,  Loss/giou: 0.21443  ,  Loss/l1: 0.02357  ,  Loss/location: 0.36606  ,  pro_loss: 0.10454  ,  IoU: 0.79996  ,  Loss/sim: 0.00000
[train: Epoch 35, 300 / 1875] FPS: 330.5 (437.6)  ,  DataTime: 0.024 (0.007)  ,  ForwardTime: 0.065  ,  TotalTime: 0.097  ,  Loss/total: 0.93562  ,  Loss/giou: 0.21496  ,  Loss/l1: 0.02363  ,  Loss/location: 0.36641  ,  pro_loss: 0.10569  ,  IoU: 0.79943  ,  Loss/sim: 0.00000
[train: Epoch 35, 350 / 1875] FPS: 333.9 (439.4)  ,  DataTime: 0.023 (0.007)  ,  ForwardTime: 0.066  ,  TotalTime: 0.096  ,  Loss/total: 0.93539  ,  Loss/giou: 0.21478  ,  Loss/l1: 0.02358  ,  Loss/location: 0.36683  ,  pro_loss: 0.10542  ,  IoU: 0.79948  ,  Loss/sim: 0.00000
[train: Epoch 35, 400 / 1875] FPS: 336.9 (390.7)  ,  DataTime: 0.022 (0.007)  ,  ForwardTime: 0.066  ,  TotalTime: 0.095  ,  Loss/total: 0.92757  ,  Loss/giou: 0.21316  ,  Loss/l1: 0.02321  ,  Loss/location: 0.36423  ,  pro_loss: 0.10477  ,  IoU: 0.80074  ,  Loss/sim: 0.00000
[train: Epoch 35, 450 / 1875] FPS: 337.7 (440.0)  ,  DataTime: 0.022 (0.007)  ,  ForwardTime: 0.066  ,  TotalTime: 0.095  ,  Loss/total: 0.92847  ,  Loss/giou: 0.21346  ,  Loss/l1: 0.02331  ,  Loss/location: 0.36381  ,  pro_loss: 0.10604  ,  IoU: 0.80037  ,  Loss/sim: 0.00000
[train: Epoch 35, 500 / 1875] FPS: 339.2 (407.1)  ,  DataTime: 0.022 (0.007)  ,  ForwardTime: 0.066  ,  TotalTime: 0.094  ,  Loss/total: 0.92506  ,  Loss/giou: 0.21247  ,  Loss/l1: 0.02315  ,  Loss/location: 0.36320  ,  pro_loss: 0.10581  ,  IoU: 0.80114  ,  Loss/sim: 0.00000
[train: Epoch 35, 550 / 1875] FPS: 339.8 (431.3)  ,  DataTime: 0.021 (0.007)  ,  ForwardTime: 0.066  ,  TotalTime: 0.094  ,  Loss/total: 0.92752  ,  Loss/giou: 0.21285  ,  Loss/l1: 0.02323  ,  Loss/location: 0.36450  ,  pro_loss: 0.10589  ,  IoU: 0.80085  ,  Loss/sim: 0.00000
[train: Epoch 35, 600 / 1875] FPS: 342.1 (418.8)  ,  DataTime: 0.020 (0.007)  ,  ForwardTime: 0.066  ,  TotalTime: 0.094  ,  Loss/total: 0.92755  ,  Loss/giou: 0.21265  ,  Loss/l1: 0.02324  ,  Loss/location: 0.36489  ,  pro_loss: 0.10571  ,  IoU: 0.80107  ,  Loss/sim: 0.00000
[train: Epoch 35, 650 / 1875] FPS: 342.7 (396.9)  ,  DataTime: 0.020 (0.007)  ,  ForwardTime: 0.066  ,  TotalTime: 0.093  ,  Loss/total: 0.92855  ,  Loss/giou: 0.21294  ,  Loss/l1: 0.02325  ,  Loss/location: 0.36530  ,  pro_loss: 0.10564  ,  IoU: 0.80087  ,  Loss/sim: 0.00000
[train: Epoch 35, 700 / 1875] FPS: 342.7 (190.6)  ,  DataTime: 0.020 (0.007)  ,  ForwardTime: 0.066  ,  TotalTime: 0.093  ,  Loss/total: 0.93146  ,  Loss/giou: 0.21352  ,  Loss/l1: 0.02339  ,  Loss/location: 0.36630  ,  pro_loss: 0.10586  ,  IoU: 0.80045  ,  Loss/sim: 0.00000
[train: Epoch 35, 750 / 1875] FPS: 343.1 (336.1)  ,  DataTime: 0.020 (0.007)  ,  ForwardTime: 0.066  ,  TotalTime: 0.093  ,  Loss/total: 0.93247  ,  Loss/giou: 0.21364  ,  Loss/l1: 0.02341  ,  Loss/location: 0.36699  ,  pro_loss: 0.10578  ,  IoU: 0.80036  ,  Loss/sim: 0.00000
[train: Epoch 35, 800 / 1875] FPS: 343.4 (425.2)  ,  DataTime: 0.020 (0.007)  ,  ForwardTime: 0.066  ,  TotalTime: 0.093  ,  Loss/total: 0.92827  ,  Loss/giou: 0.21277  ,  Loss/l1: 0.02324  ,  Loss/location: 0.36543  ,  pro_loss: 0.10561  ,  IoU: 0.80109  ,  Loss/sim: 0.00000
[train: Epoch 35, 850 / 1875] FPS: 343.9 (124.9)  ,  DataTime: 0.020 (0.007)  ,  ForwardTime: 0.066  ,  TotalTime: 0.093  ,  Loss/total: 0.92708  ,  Loss/giou: 0.21255  ,  Loss/l1: 0.02318  ,  Loss/location: 0.36497  ,  pro_loss: 0.10548  ,  IoU: 0.80125  ,  Loss/sim: 0.00000
[train: Epoch 35, 900 / 1875] FPS: 344.7 (381.2)  ,  DataTime: 0.020 (0.007)  ,  ForwardTime: 0.066  ,  TotalTime: 0.093  ,  Loss/total: 0.92861  ,  Loss/giou: 0.21281  ,  Loss/l1: 0.02321  ,  Loss/location: 0.36583  ,  pro_loss: 0.10553  ,  IoU: 0.80099  ,  Loss/sim: 0.00000
[train: Epoch 35, 950 / 1875] FPS: 345.2 (359.2)  ,  DataTime: 0.020 (0.007)  ,  ForwardTime: 0.066  ,  TotalTime: 0.093  ,  Loss/total: 0.92707  ,  Loss/giou: 0.21252  ,  Loss/l1: 0.02317  ,  Loss/location: 0.36508  ,  pro_loss: 0.10542  ,  IoU: 0.80119  ,  Loss/sim: 0.00000
[train: Epoch 35, 1000 / 1875] FPS: 345.2 (420.5)  ,  DataTime: 0.020 (0.007)  ,  ForwardTime: 0.066  ,  TotalTime: 0.093  ,  Loss/total: 0.92953  ,  Loss/giou: 0.21280  ,  Loss/l1: 0.02324  ,  Loss/location: 0.36666  ,  pro_loss: 0.10534  ,  IoU: 0.80094  ,  Loss/sim: 0.00000
[train: Epoch 35, 1050 / 1875] FPS: 345.6 (295.4)  ,  DataTime: 0.019 (0.007)  ,  ForwardTime: 0.066  ,  TotalTime: 0.093  ,  Loss/total: 0.93149  ,  Loss/giou: 0.21333  ,  Loss/l1: 0.02332  ,  Loss/location: 0.36711  ,  pro_loss: 0.10558  ,  IoU: 0.80056  ,  Loss/sim: 0.00000
[train: Epoch 35, 1100 / 1875] FPS: 346.0 (362.2)  ,  DataTime: 0.019 (0.007)  ,  ForwardTime: 0.066  ,  TotalTime: 0.092  ,  Loss/total: 0.93315  ,  Loss/giou: 0.21373  ,  Loss/l1: 0.02340  ,  Loss/location: 0.36752  ,  pro_loss: 0.10582  ,  IoU: 0.80031  ,  Loss/sim: 0.00000
[train: Epoch 35, 1150 / 1875] FPS: 347.1 (265.0)  ,  DataTime: 0.019 (0.007)  ,  ForwardTime: 0.066  ,  TotalTime: 0.092  ,  Loss/total: 0.93243  ,  Loss/giou: 0.21367  ,  Loss/l1: 0.02336  ,  Loss/location: 0.36714  ,  pro_loss: 0.10579  ,  IoU: 0.80037  ,  Loss/sim: 0.00000
[train: Epoch 35, 1200 / 1875] FPS: 347.0 (413.9)  ,  DataTime: 0.019 (0.007)  ,  ForwardTime: 0.066  ,  TotalTime: 0.092  ,  Loss/total: 0.93218  ,  Loss/giou: 0.21346  ,  Loss/l1: 0.02335  ,  Loss/location: 0.36736  ,  pro_loss: 0.10589  ,  IoU: 0.80051  ,  Loss/sim: 0.00000
[train: Epoch 35, 1250 / 1875] FPS: 347.1 (427.4)  ,  DataTime: 0.019 (0.007)  ,  ForwardTime: 0.066  ,  TotalTime: 0.092  ,  Loss/total: 0.93239  ,  Loss/giou: 0.21351  ,  Loss/l1: 0.02335  ,  Loss/location: 0.36749  ,  pro_loss: 0.10575  ,  IoU: 0.80046  ,  Loss/sim: 0.00000
[train: Epoch 35, 1300 / 1875] FPS: 346.9 (407.3)  ,  DataTime: 0.019 (0.007)  ,  ForwardTime: 0.066  ,  TotalTime: 0.092  ,  Loss/total: 0.93266  ,  Loss/giou: 0.21357  ,  Loss/l1: 0.02335  ,  Loss/location: 0.36770  ,  pro_loss: 0.10539  ,  IoU: 0.80037  ,  Loss/sim: 0.00000
[train: Epoch 35, 1350 / 1875] FPS: 346.9 (434.2)  ,  DataTime: 0.019 (0.007)  ,  ForwardTime: 0.066  ,  TotalTime: 0.092  ,  Loss/total: 0.93233  ,  Loss/giou: 0.21360  ,  Loss/l1: 0.02336  ,  Loss/location: 0.36730  ,  pro_loss: 0.10507  ,  IoU: 0.80036  ,  Loss/sim: 0.00000
[train: Epoch 35, 1400 / 1875] FPS: 347.2 (428.8)  ,  DataTime: 0.019 (0.007)  ,  ForwardTime: 0.066  ,  TotalTime: 0.092  ,  Loss/total: 0.93409  ,  Loss/giou: 0.21388  ,  Loss/l1: 0.02339  ,  Loss/location: 0.36840  ,  pro_loss: 0.10483  ,  IoU: 0.80010  ,  Loss/sim: 0.00000
[train: Epoch 35, 1450 / 1875] FPS: 348.4 (383.1)  ,  DataTime: 0.018 (0.007)  ,  ForwardTime: 0.066  ,  TotalTime: 0.092  ,  Loss/total: 0.93223  ,  Loss/giou: 0.21350  ,  Loss/l1: 0.02331  ,  Loss/location: 0.36773  ,  pro_loss: 0.10464  ,  IoU: 0.80039  ,  Loss/sim: 0.00000
[train: Epoch 35, 1500 / 1875] FPS: 348.8 (401.3)  ,  DataTime: 0.018 (0.007)  ,  ForwardTime: 0.066  ,  TotalTime: 0.092  ,  Loss/total: 0.93091  ,  Loss/giou: 0.21313  ,  Loss/l1: 0.02324  ,  Loss/location: 0.36759  ,  pro_loss: 0.10428  ,  IoU: 0.80072  ,  Loss/sim: 0.00000
[train: Epoch 35, 1550 / 1875] FPS: 348.5 (284.2)  ,  DataTime: 0.018 (0.007)  ,  ForwardTime: 0.066  ,  TotalTime: 0.092  ,  Loss/total: 0.93018  ,  Loss/giou: 0.21295  ,  Loss/l1: 0.02320  ,  Loss/location: 0.36745  ,  pro_loss: 0.10426  ,  IoU: 0.80085  ,  Loss/sim: 0.00000
[train: Epoch 35, 1600 / 1875] FPS: 348.7 (115.8)  ,  DataTime: 0.018 (0.007)  ,  ForwardTime: 0.067  ,  TotalTime: 0.092  ,  Loss/total: 0.93021  ,  Loss/giou: 0.21283  ,  Loss/l1: 0.02318  ,  Loss/location: 0.36777  ,  pro_loss: 0.10442  ,  IoU: 0.80096  ,  Loss/sim: 0.00000
[train: Epoch 35, 1650 / 1875] FPS: 349.3 (435.7)  ,  DataTime: 0.018 (0.007)  ,  ForwardTime: 0.067  ,  TotalTime: 0.092  ,  Loss/total: 0.92999  ,  Loss/giou: 0.21288  ,  Loss/l1: 0.02316  ,  Loss/location: 0.36753  ,  pro_loss: 0.10458  ,  IoU: 0.80093  ,  Loss/sim: 0.00000
[train: Epoch 35, 1700 / 1875] FPS: 349.7 (392.9)  ,  DataTime: 0.018 (0.007)  ,  ForwardTime: 0.067  ,  TotalTime: 0.092  ,  Loss/total: 0.93016  ,  Loss/giou: 0.21289  ,  Loss/l1: 0.02316  ,  Loss/location: 0.36764  ,  pro_loss: 0.10475  ,  IoU: 0.80095  ,  Loss/sim: 0.00000
[train: Epoch 35, 1750 / 1875] FPS: 349.4 (443.3)  ,  DataTime: 0.018 (0.007)  ,  ForwardTime: 0.067  ,  TotalTime: 0.092  ,  Loss/total: 0.93084  ,  Loss/giou: 0.21307  ,  Loss/l1: 0.02320  ,  Loss/location: 0.36773  ,  pro_loss: 0.10479  ,  IoU: 0.80084  ,  Loss/sim: 0.00000
[train: Epoch 35, 1800 / 1875] FPS: 349.6 (436.2)  ,  DataTime: 0.018 (0.007)  ,  ForwardTime: 0.067  ,  TotalTime: 0.092  ,  Loss/total: 0.93084  ,  Loss/giou: 0.21307  ,  Loss/l1: 0.02319  ,  Loss/location: 0.36781  ,  pro_loss: 0.10461  ,  IoU: 0.80086  ,  Loss/sim: 0.00000
[train: Epoch 35, 1850 / 1875] FPS: 349.7 (181.8)  ,  DataTime: 0.018 (0.007)  ,  ForwardTime: 0.067  ,  TotalTime: 0.092  ,  Loss/total: 0.92989  ,  Loss/giou: 0.21292  ,  Loss/l1: 0.02316  ,  Loss/location: 0.36735  ,  pro_loss: 0.10453  ,  IoU: 0.80099  ,  Loss/sim: 0.00000
[train: Epoch 35, 1875 / 1875] FPS: 350.3 (504.9)  ,  DataTime: 0.017 (0.007)  ,  ForwardTime: 0.067  ,  TotalTime: 0.091  ,  Loss/total: 0.93068  ,  Loss/giou: 0.21311  ,  Loss/l1: 0.02319  ,  Loss/location: 0.36760  ,  pro_loss: 0.10454  ,  IoU: 0.80084  ,  Loss/sim: 0.00000
[val: Epoch 35, 50 / 312] FPS: 83.4 (929.9)  ,  DataTime: 0.353 (0.006)  ,  ForwardTime: 0.025  ,  TotalTime: 0.384  ,  Loss/total: 1.07582  ,  Loss/giou: 0.25872  ,  Loss/l1: 0.02414  ,  Loss/location: 0.43766  ,  pro_loss: 0.00000  ,  IoU: 0.76121  ,  Loss/sim: 0.00000
[val: Epoch 35, 100 / 312] FPS: 86.0 (938.8)  ,  DataTime: 0.341 (0.006)  ,  ForwardTime: 0.025  ,  TotalTime: 0.372  ,  Loss/total: 1.03173  ,  Loss/giou: 0.24720  ,  Loss/l1: 0.02227  ,  Loss/location: 0.42594  ,  pro_loss: 0.00010  ,  IoU: 0.77065  ,  Loss/sim: 0.00000
[val: Epoch 35, 150 / 312] FPS: 87.8 (904.6)  ,  DataTime: 0.333 (0.006)  ,  ForwardTime: 0.025  ,  TotalTime: 0.365  ,  Loss/total: 1.01533  ,  Loss/giou: 0.24436  ,  Loss/l1: 0.02198  ,  Loss/location: 0.41669  ,  pro_loss: 0.00007  ,  IoU: 0.77282  ,  Loss/sim: 0.00000
[val: Epoch 35, 200 / 312] FPS: 89.8 (956.6)  ,  DataTime: 0.325 (0.006)  ,  ForwardTime: 0.025  ,  TotalTime: 0.356  ,  Loss/total: 1.01267  ,  Loss/giou: 0.24355  ,  Loss/l1: 0.02197  ,  Loss/location: 0.41566  ,  pro_loss: 0.00021  ,  IoU: 0.77373  ,  Loss/sim: 0.00000
[val: Epoch 35, 250 / 312] FPS: 90.9 (943.1)  ,  DataTime: 0.321 (0.006)  ,  ForwardTime: 0.025  ,  TotalTime: 0.352  ,  Loss/total: 1.02322  ,  Loss/giou: 0.24569  ,  Loss/l1: 0.02240  ,  Loss/location: 0.41979  ,  pro_loss: 0.00021  ,  IoU: 0.77212  ,  Loss/sim: 0.00000
[val: Epoch 35, 300 / 312] FPS: 91.1 (16.2)  ,  DataTime: 0.320 (0.006)  ,  ForwardTime: 0.025  ,  TotalTime: 0.351  ,  Loss/total: 1.02503  ,  Loss/giou: 0.24578  ,  Loss/l1: 0.02233  ,  Loss/location: 0.42179  ,  pro_loss: 0.00021  ,  IoU: 0.77175  ,  Loss/sim: 0.00000
[val: Epoch 35, 312 / 312] FPS: 93.4 (1000.3)  ,  DataTime: 0.311 (0.006)  ,  ForwardTime: 0.025  ,  TotalTime: 0.343  ,  Loss/total: 1.03003  ,  Loss/giou: 0.24655  ,  Loss/l1: 0.02246  ,  Loss/location: 0.42457  ,  pro_loss: 0.00020  ,  IoU: 0.77110  ,  Loss/sim: 0.00000
[train: Epoch 36, 50 / 1875] FPS: 42.6 (8.0)  ,  DataTime: 0.691 (0.005)  ,  ForwardTime: 0.057  ,  TotalTime: 0.752  ,  Loss/total: 0.95480  ,  Loss/giou: 0.21735  ,  Loss/l1: 0.02442  ,  Loss/location: 0.37469  ,  pro_loss: 0.11646  ,  IoU: 0.79756  ,  Loss/sim: 0.00000
[train: Epoch 36, 100 / 1875] FPS: 49.0 (10.7)  ,  DataTime: 0.591 (0.005)  ,  ForwardTime: 0.057  ,  TotalTime: 0.652  ,  Loss/total: 0.93604  ,  Loss/giou: 0.21250  ,  Loss/l1: 0.02340  ,  Loss/location: 0.37190  ,  pro_loss: 0.11062  ,  IoU: 0.80043  ,  Loss/sim: 0.00000
[train: Epoch 36, 150 / 1875] FPS: 52.6 (23.7)  ,  DataTime: 0.548 (0.005)  ,  ForwardTime: 0.057  ,  TotalTime: 0.609  ,  Loss/total: 0.95400  ,  Loss/giou: 0.21619  ,  Loss/l1: 0.02418  ,  Loss/location: 0.37865  ,  pro_loss: 0.11028  ,  IoU: 0.79771  ,  Loss/sim: 0.00000
[train: Epoch 36, 200 / 1875] FPS: 54.8 (147.8)  ,  DataTime: 0.523 (0.005)  ,  ForwardTime: 0.057  ,  TotalTime: 0.584  ,  Loss/total: 0.96925  ,  Loss/giou: 0.21885  ,  Loss/l1: 0.02475  ,  Loss/location: 0.38615  ,  pro_loss: 0.10833  ,  IoU: 0.79568  ,  Loss/sim: 0.00000
[train: Epoch 36, 250 / 1875] FPS: 56.3 (491.8)  ,  DataTime: 0.507 (0.005)  ,  ForwardTime: 0.057  ,  TotalTime: 0.569  ,  Loss/total: 0.96367  ,  Loss/giou: 0.21826  ,  Loss/l1: 0.02446  ,  Loss/location: 0.38357  ,  pro_loss: 0.10642  ,  IoU: 0.79600  ,  Loss/sim: 0.00000
[train: Epoch 36, 300 / 1875] FPS: 58.2 (496.8)  ,  DataTime: 0.489 (0.005)  ,  ForwardTime: 0.057  ,  TotalTime: 0.550  ,  Loss/total: 0.95591  ,  Loss/giou: 0.21670  ,  Loss/l1: 0.02425  ,  Loss/location: 0.38005  ,  pro_loss: 0.10608  ,  IoU: 0.79731  ,  Loss/sim: 0.00000
[train: Epoch 36, 350 / 1875] FPS: 59.2 (503.1)  ,  DataTime: 0.479 (0.005)  ,  ForwardTime: 0.057  ,  TotalTime: 0.540  ,  Loss/total: 0.94995  ,  Loss/giou: 0.21592  ,  Loss/l1: 0.02405  ,  Loss/location: 0.37663  ,  pro_loss: 0.10628  ,  IoU: 0.79795  ,  Loss/sim: 0.00000
[train: Epoch 36, 400 / 1875] FPS: 59.8 (11.0)  ,  DataTime: 0.474 (0.005)  ,  ForwardTime: 0.057  ,  TotalTime: 0.535  ,  Loss/total: 0.95176  ,  Loss/giou: 0.21667  ,  Loss/l1: 0.02405  ,  Loss/location: 0.37708  ,  pro_loss: 0.10542  ,  IoU: 0.79751  ,  Loss/sim: 0.00000
[train: Epoch 36, 450 / 1875] FPS: 61.3 (30.0)  ,  DataTime: 0.461 (0.005)  ,  ForwardTime: 0.057  ,  TotalTime: 0.522  ,  Loss/total: 0.94448  ,  Loss/giou: 0.21516  ,  Loss/l1: 0.02376  ,  Loss/location: 0.37438  ,  pro_loss: 0.10489  ,  IoU: 0.79876  ,  Loss/sim: 0.00000
[train: Epoch 36, 500 / 1875] FPS: 62.6 (179.5)  ,  DataTime: 0.450 (0.005)  ,  ForwardTime: 0.057  ,  TotalTime: 0.511  ,  Loss/total: 0.94355  ,  Loss/giou: 0.21507  ,  Loss/l1: 0.02372  ,  Loss/location: 0.37404  ,  pro_loss: 0.10379  ,  IoU: 0.79895  ,  Loss/sim: 0.00000
[train: Epoch 36, 550 / 1875] FPS: 63.7 (506.3)  ,  DataTime: 0.441 (0.005)  ,  ForwardTime: 0.057  ,  TotalTime: 0.502  ,  Loss/total: 0.93964  ,  Loss/giou: 0.21433  ,  Loss/l1: 0.02355  ,  Loss/location: 0.37256  ,  pro_loss: 0.10345  ,  IoU: 0.79948  ,  Loss/sim: 0.00000
[train: Epoch 36, 600 / 1875] FPS: 64.5 (494.6)  ,  DataTime: 0.435 (0.005)  ,  ForwardTime: 0.057  ,  TotalTime: 0.496  ,  Loss/total: 0.93868  ,  Loss/giou: 0.21401  ,  Loss/l1: 0.02347  ,  Loss/location: 0.37269  ,  pro_loss: 0.10306  ,  IoU: 0.79977  ,  Loss/sim: 0.00000
[train: Epoch 36, 650 / 1875] FPS: 65.8 (509.6)  ,  DataTime: 0.425 (0.005)  ,  ForwardTime: 0.057  ,  TotalTime: 0.487  ,  Loss/total: 0.93928  ,  Loss/giou: 0.21434  ,  Loss/l1: 0.02353  ,  Loss/location: 0.37235  ,  pro_loss: 0.10308  ,  IoU: 0.79955  ,  Loss/sim: 0.00000
[train: Epoch 36, 700 / 1875] FPS: 66.7 (507.0)  ,  DataTime: 0.419 (0.005)  ,  ForwardTime: 0.057  ,  TotalTime: 0.480  ,  Loss/total: 0.93667  ,  Loss/giou: 0.21374  ,  Loss/l1: 0.02340  ,  Loss/location: 0.37158  ,  pro_loss: 0.10295  ,  IoU: 0.80000  ,  Loss/sim: 0.00000
[train: Epoch 36, 750 / 1875] FPS: 67.8 (17.5)  ,  DataTime: 0.411 (0.005)  ,  ForwardTime: 0.057  ,  TotalTime: 0.472  ,  Loss/total: 0.93603  ,  Loss/giou: 0.21379  ,  Loss/l1: 0.02338  ,  Loss/location: 0.37089  ,  pro_loss: 0.10318  ,  IoU: 0.80010  ,  Loss/sim: 0.00000
[train: Epoch 36, 800 / 1875] FPS: 68.7 (499.9)  ,  DataTime: 0.405 (0.005)  ,  ForwardTime: 0.057  ,  TotalTime: 0.466  ,  Loss/total: 0.93746  ,  Loss/giou: 0.21429  ,  Loss/l1: 0.02348  ,  Loss/location: 0.37096  ,  pro_loss: 0.10251  ,  IoU: 0.79965  ,  Loss/sim: 0.00000
[train: Epoch 36, 850 / 1875] FPS: 70.1 (506.0)  ,  DataTime: 0.396 (0.005)  ,  ForwardTime: 0.057  ,  TotalTime: 0.457  ,  Loss/total: 0.93656  ,  Loss/giou: 0.21403  ,  Loss/l1: 0.02341  ,  Loss/location: 0.37094  ,  pro_loss: 0.10249  ,  IoU: 0.79984  ,  Loss/sim: 0.00000
[train: Epoch 36, 900 / 1875] FPS: 70.8 (503.7)  ,  DataTime: 0.391 (0.005)  ,  ForwardTime: 0.057  ,  TotalTime: 0.452  ,  Loss/total: 0.93483  ,  Loss/giou: 0.21380  ,  Loss/l1: 0.02335  ,  Loss/location: 0.36999  ,  pro_loss: 0.10230  ,  IoU: 0.80002  ,  Loss/sim: 0.00000
[train: Epoch 36, 950 / 1875] FPS: 72.1 (502.5)  ,  DataTime: 0.383 (0.005)  ,  ForwardTime: 0.057  ,  TotalTime: 0.444  ,  Loss/total: 0.93207  ,  Loss/giou: 0.21323  ,  Loss/l1: 0.02330  ,  Loss/location: 0.36869  ,  pro_loss: 0.10210  ,  IoU: 0.80056  ,  Loss/sim: 0.00000
[train: Epoch 36, 1000 / 1875] FPS: 72.9 (32.9)  ,  DataTime: 0.378 (0.005)  ,  ForwardTime: 0.057  ,  TotalTime: 0.439  ,  Loss/total: 0.93127  ,  Loss/giou: 0.21313  ,  Loss/l1: 0.02329  ,  Loss/location: 0.36812  ,  pro_loss: 0.10210  ,  IoU: 0.80061  ,  Loss/sim: 0.00000
[train: Epoch 36, 1050 / 1875] FPS: 73.8 (493.9)  ,  DataTime: 0.373 (0.005)  ,  ForwardTime: 0.057  ,  TotalTime: 0.434  ,  Loss/total: 0.93122  ,  Loss/giou: 0.21300  ,  Loss/l1: 0.02327  ,  Loss/location: 0.36845  ,  pro_loss: 0.10212  ,  IoU: 0.80072  ,  Loss/sim: 0.00000
[train: Epoch 36, 1100 / 1875] FPS: 75.1 (497.8)  ,  DataTime: 0.365 (0.005)  ,  ForwardTime: 0.057  ,  TotalTime: 0.426  ,  Loss/total: 0.93173  ,  Loss/giou: 0.21302  ,  Loss/l1: 0.02327  ,  Loss/location: 0.36897  ,  pro_loss: 0.10192  ,  IoU: 0.80066  ,  Loss/sim: 0.00000
[train: Epoch 36, 1150 / 1875] FPS: 75.9 (500.6)  ,  DataTime: 0.360 (0.005)  ,  ForwardTime: 0.057  ,  TotalTime: 0.422  ,  Loss/total: 0.93058  ,  Loss/giou: 0.21289  ,  Loss/l1: 0.02325  ,  Loss/location: 0.36823  ,  pro_loss: 0.10158  ,  IoU: 0.80080  ,  Loss/sim: 0.00000
[train: Epoch 36, 1200 / 1875] FPS: 76.9 (492.8)  ,  DataTime: 0.355 (0.005)  ,  ForwardTime: 0.057  ,  TotalTime: 0.416  ,  Loss/total: 0.92974  ,  Loss/giou: 0.21266  ,  Loss/l1: 0.02323  ,  Loss/location: 0.36795  ,  pro_loss: 0.10159  ,  IoU: 0.80100  ,  Loss/sim: 0.00000
[train: Epoch 36, 1250 / 1875] FPS: 77.8 (497.4)  ,  DataTime: 0.350 (0.005)  ,  ForwardTime: 0.057  ,  TotalTime: 0.411  ,  Loss/total: 0.92862  ,  Loss/giou: 0.21238  ,  Loss/l1: 0.02318  ,  Loss/location: 0.36767  ,  pro_loss: 0.10137  ,  IoU: 0.80122  ,  Loss/sim: 0.00000
[train: Epoch 36, 1300 / 1875] FPS: 78.8 (475.9)  ,  DataTime: 0.345 (0.005)  ,  ForwardTime: 0.057  ,  TotalTime: 0.406  ,  Loss/total: 0.92881  ,  Loss/giou: 0.21234  ,  Loss/l1: 0.02318  ,  Loss/location: 0.36791  ,  pro_loss: 0.10157  ,  IoU: 0.80130  ,  Loss/sim: 0.00000
[train: Epoch 36, 1350 / 1875] FPS: 79.6 (505.7)  ,  DataTime: 0.341 (0.005)  ,  ForwardTime: 0.057  ,  TotalTime: 0.402  ,  Loss/total: 0.92764  ,  Loss/giou: 0.21198  ,  Loss/l1: 0.02311  ,  Loss/location: 0.36784  ,  pro_loss: 0.10152  ,  IoU: 0.80155  ,  Loss/sim: 0.00000
[train: Epoch 36, 1400 / 1875] FPS: 80.5 (483.8)  ,  DataTime: 0.336 (0.005)  ,  ForwardTime: 0.057  ,  TotalTime: 0.398  ,  Loss/total: 0.92741  ,  Loss/giou: 0.21192  ,  Loss/l1: 0.02308  ,  Loss/location: 0.36785  ,  pro_loss: 0.10165  ,  IoU: 0.80168  ,  Loss/sim: 0.00000
[train: Epoch 36, 1450 / 1875] FPS: 81.3 (498.9)  ,  DataTime: 0.332 (0.005)  ,  ForwardTime: 0.057  ,  TotalTime: 0.393  ,  Loss/total: 0.92751  ,  Loss/giou: 0.21184  ,  Loss/l1: 0.02306  ,  Loss/location: 0.36819  ,  pro_loss: 0.10153  ,  IoU: 0.80172  ,  Loss/sim: 0.00000
[train: Epoch 36, 1500 / 1875] FPS: 82.4 (502.8)  ,  DataTime: 0.327 (0.005)  ,  ForwardTime: 0.057  ,  TotalTime: 0.388  ,  Loss/total: 0.92701  ,  Loss/giou: 0.21174  ,  Loss/l1: 0.02304  ,  Loss/location: 0.36802  ,  pro_loss: 0.10150  ,  IoU: 0.80176  ,  Loss/sim: 0.00000
[train: Epoch 36, 1550 / 1875] FPS: 83.0 (12.9)  ,  DataTime: 0.324 (0.005)  ,  ForwardTime: 0.057  ,  TotalTime: 0.385  ,  Loss/total: 0.92765  ,  Loss/giou: 0.21189  ,  Loss/l1: 0.02306  ,  Loss/location: 0.36823  ,  pro_loss: 0.10158  ,  IoU: 0.80159  ,  Loss/sim: 0.00000
[train: Epoch 36, 1600 / 1875] FPS: 84.1 (492.2)  ,  DataTime: 0.319 (0.005)  ,  ForwardTime: 0.057  ,  TotalTime: 0.381  ,  Loss/total: 0.92661  ,  Loss/giou: 0.21153  ,  Loss/l1: 0.02302  ,  Loss/location: 0.36817  ,  pro_loss: 0.10149  ,  IoU: 0.80189  ,  Loss/sim: 0.00000
[train: Epoch 36, 1650 / 1875] FPS: 84.9 (505.5)  ,  DataTime: 0.316 (0.005)  ,  ForwardTime: 0.057  ,  TotalTime: 0.377  ,  Loss/total: 0.92595  ,  Loss/giou: 0.21147  ,  Loss/l1: 0.02301  ,  Loss/location: 0.36771  ,  pro_loss: 0.10133  ,  IoU: 0.80192  ,  Loss/sim: 0.00000
[train: Epoch 36, 1700 / 1875] FPS: 85.8 (503.6)  ,  DataTime: 0.312 (0.005)  ,  ForwardTime: 0.057  ,  TotalTime: 0.373  ,  Loss/total: 0.92723  ,  Loss/giou: 0.21171  ,  Loss/l1: 0.02307  ,  Loss/location: 0.36819  ,  pro_loss: 0.10141  ,  IoU: 0.80169  ,  Loss/sim: 0.00000
[train: Epoch 36, 1750 / 1875] FPS: 86.7 (22.9)  ,  DataTime: 0.308 (0.005)  ,  ForwardTime: 0.057  ,  TotalTime: 0.369  ,  Loss/total: 0.92530  ,  Loss/giou: 0.21129  ,  Loss/l1: 0.02300  ,  Loss/location: 0.36740  ,  pro_loss: 0.10153  ,  IoU: 0.80208  ,  Loss/sim: 0.00000
[train: Epoch 36, 1800 / 1875] FPS: 87.6 (497.5)  ,  DataTime: 0.304 (0.005)  ,  ForwardTime: 0.057  ,  TotalTime: 0.365  ,  Loss/total: 0.92647  ,  Loss/giou: 0.21160  ,  Loss/l1: 0.02304  ,  Loss/location: 0.36772  ,  pro_loss: 0.10165  ,  IoU: 0.80182  ,  Loss/sim: 0.00000
[train: Epoch 36, 1850 / 1875] FPS: 88.7 (116.1)  ,  DataTime: 0.300 (0.005)  ,  ForwardTime: 0.057  ,  TotalTime: 0.361  ,  Loss/total: 0.92737  ,  Loss/giou: 0.21177  ,  Loss/l1: 0.02308  ,  Loss/location: 0.36809  ,  pro_loss: 0.10171  ,  IoU: 0.80167  ,  Loss/sim: 0.00000
[train: Epoch 36, 1875 / 1875] FPS: 89.2 (118.1)  ,  DataTime: 0.297 (0.005)  ,  ForwardTime: 0.057  ,  TotalTime: 0.359  ,  Loss/total: 0.92728  ,  Loss/giou: 0.21173  ,  Loss/l1: 0.02307  ,  Loss/location: 0.36813  ,  pro_loss: 0.10171  ,  IoU: 0.80168  ,  Loss/sim: 0.00000
[train: Epoch 37, 50 / 1875] FPS: 109.1 (20.1)  ,  DataTime: 0.232 (0.005)  ,  ForwardTime: 0.057  ,  TotalTime: 0.293  ,  Loss/total: 0.90909  ,  Loss/giou: 0.21018  ,  Loss/l1: 0.02176  ,  Loss/location: 0.35970  ,  pro_loss: 0.10125  ,  IoU: 0.80231  ,  Loss/sim: 0.00000
[train: Epoch 37, 100 / 1875] FPS: 121.9 (506.7)  ,  DataTime: 0.201 (0.005)  ,  ForwardTime: 0.057  ,  TotalTime: 0.262  ,  Loss/total: 0.89825  ,  Loss/giou: 0.20722  ,  Loss/l1: 0.02190  ,  Loss/location: 0.35372  ,  pro_loss: 0.10292  ,  IoU: 0.80526  ,  Loss/sim: 0.00000
[train: Epoch 37, 150 / 1875] FPS: 130.1 (29.5)  ,  DataTime: 0.184 (0.005)  ,  ForwardTime: 0.057  ,  TotalTime: 0.246  ,  Loss/total: 0.90307  ,  Loss/giou: 0.20660  ,  Loss/l1: 0.02191  ,  Loss/location: 0.35921  ,  pro_loss: 0.10542  ,  IoU: 0.80564  ,  Loss/sim: 0.00000
[train: Epoch 37, 200 / 1875] FPS: 137.0 (498.0)  ,  DataTime: 0.172 (0.005)  ,  ForwardTime: 0.057  ,  TotalTime: 0.234  ,  Loss/total: 0.91880  ,  Loss/giou: 0.21018  ,  Loss/l1: 0.02270  ,  Loss/location: 0.36423  ,  pro_loss: 0.10370  ,  IoU: 0.80301  ,  Loss/sim: 0.00000
[train: Epoch 37, 250 / 1875] FPS: 141.6 (501.4)  ,  DataTime: 0.164 (0.005)  ,  ForwardTime: 0.057  ,  TotalTime: 0.226  ,  Loss/total: 0.91664  ,  Loss/giou: 0.20977  ,  Loss/l1: 0.02270  ,  Loss/location: 0.36304  ,  pro_loss: 0.10292  ,  IoU: 0.80329  ,  Loss/sim: 0.00000
[train: Epoch 37, 300 / 1875] FPS: 140.7 (494.6)  ,  DataTime: 0.166 (0.005)  ,  ForwardTime: 0.057  ,  TotalTime: 0.227  ,  Loss/total: 0.91971  ,  Loss/giou: 0.21005  ,  Loss/l1: 0.02278  ,  Loss/location: 0.36511  ,  pro_loss: 0.10302  ,  IoU: 0.80306  ,  Loss/sim: 0.00000
[train: Epoch 37, 350 / 1875] FPS: 144.0 (496.9)  ,  DataTime: 0.161 (0.005)  ,  ForwardTime: 0.057  ,  TotalTime: 0.222  ,  Loss/total: 0.92404  ,  Loss/giou: 0.21098  ,  Loss/l1: 0.02297  ,  Loss/location: 0.36673  ,  pro_loss: 0.10247  ,  IoU: 0.80224  ,  Loss/sim: 0.00000
[train: Epoch 37, 400 / 1875] FPS: 144.3 (497.3)  ,  DataTime: 0.160 (0.005)  ,  ForwardTime: 0.057  ,  TotalTime: 0.222  ,  Loss/total: 0.92247  ,  Loss/giou: 0.21070  ,  Loss/l1: 0.02284  ,  Loss/location: 0.36622  ,  pro_loss: 0.10315  ,  IoU: 0.80235  ,  Loss/sim: 0.00000
[train: Epoch 37, 450 / 1875] FPS: 145.9 (499.2)  ,  DataTime: 0.158 (0.005)  ,  ForwardTime: 0.057  ,  TotalTime: 0.219  ,  Loss/total: 0.92181  ,  Loss/giou: 0.21066  ,  Loss/l1: 0.02284  ,  Loss/location: 0.36577  ,  pro_loss: 0.10264  ,  IoU: 0.80258  ,  Loss/sim: 0.00000
[train: Epoch 37, 500 / 1875] FPS: 146.0 (494.9)  ,  DataTime: 0.158 (0.005)  ,  ForwardTime: 0.057  ,  TotalTime: 0.219  ,  Loss/total: 0.91986  ,  Loss/giou: 0.21044  ,  Loss/l1: 0.02280  ,  Loss/location: 0.36442  ,  pro_loss: 0.10290  ,  IoU: 0.80280  ,  Loss/sim: 0.00000
[train: Epoch 37, 550 / 1875] FPS: 148.2 (477.6)  ,  DataTime: 0.154 (0.005)  ,  ForwardTime: 0.057  ,  TotalTime: 0.216  ,  Loss/total: 0.91843  ,  Loss/giou: 0.21004  ,  Loss/l1: 0.02273  ,  Loss/location: 0.36412  ,  pro_loss: 0.10300  ,  IoU: 0.80316  ,  Loss/sim: 0.00000
[train: Epoch 37, 600 / 1875] FPS: 149.3 (499.6)  ,  DataTime: 0.153 (0.005)  ,  ForwardTime: 0.057  ,  TotalTime: 0.214  ,  Loss/total: 0.91761  ,  Loss/giou: 0.20991  ,  Loss/l1: 0.02260  ,  Loss/location: 0.36425  ,  pro_loss: 0.10276  ,  IoU: 0.80319  ,  Loss/sim: 0.00000
[train: Epoch 37, 650 / 1875] FPS: 150.9 (478.8)  ,  DataTime: 0.150 (0.005)  ,  ForwardTime: 0.057  ,  TotalTime: 0.212  ,  Loss/total: 0.91660  ,  Loss/giou: 0.20979  ,  Loss/l1: 0.02257  ,  Loss/location: 0.36365  ,  pro_loss: 0.10257  ,  IoU: 0.80333  ,  Loss/sim: 0.00000
[train: Epoch 37, 700 / 1875] FPS: 152.0 (471.5)  ,  DataTime: 0.149 (0.005)  ,  ForwardTime: 0.057  ,  TotalTime: 0.211  ,  Loss/total: 0.91693  ,  Loss/giou: 0.20983  ,  Loss/l1: 0.02256  ,  Loss/location: 0.36393  ,  pro_loss: 0.10273  ,  IoU: 0.80339  ,  Loss/sim: 0.00000
[train: Epoch 37, 750 / 1875] FPS: 153.1 (505.7)  ,  DataTime: 0.147 (0.005)  ,  ForwardTime: 0.057  ,  TotalTime: 0.209  ,  Loss/total: 0.91959  ,  Loss/giou: 0.21024  ,  Loss/l1: 0.02264  ,  Loss/location: 0.36523  ,  pro_loss: 0.10332  ,  IoU: 0.80314  ,  Loss/sim: 0.00000
[train: Epoch 37, 800 / 1875] FPS: 153.8 (32.1)  ,  DataTime: 0.146 (0.005)  ,  ForwardTime: 0.057  ,  TotalTime: 0.208  ,  Loss/total: 0.91649  ,  Loss/giou: 0.20980  ,  Loss/l1: 0.02251  ,  Loss/location: 0.36369  ,  pro_loss: 0.10317  ,  IoU: 0.80351  ,  Loss/sim: 0.00000
[train: Epoch 37, 850 / 1875] FPS: 156.0 (500.4)  ,  DataTime: 0.143 (0.005)  ,  ForwardTime: 0.057  ,  TotalTime: 0.205  ,  Loss/total: 0.91504  ,  Loss/giou: 0.20956  ,  Loss/l1: 0.02246  ,  Loss/location: 0.36306  ,  pro_loss: 0.10281  ,  IoU: 0.80368  ,  Loss/sim: 0.00000
[train: Epoch 37, 900 / 1875] FPS: 157.6 (495.9)  ,  DataTime: 0.141 (0.005)  ,  ForwardTime: 0.057  ,  TotalTime: 0.203  ,  Loss/total: 0.91837  ,  Loss/giou: 0.21030  ,  Loss/l1: 0.02258  ,  Loss/location: 0.36430  ,  pro_loss: 0.10288  ,  IoU: 0.80303  ,  Loss/sim: 0.00000
[train: Epoch 37, 950 / 1875] FPS: 159.3 (457.6)  ,  DataTime: 0.139 (0.005)  ,  ForwardTime: 0.057  ,  TotalTime: 0.201  ,  Loss/total: 0.91805  ,  Loss/giou: 0.21034  ,  Loss/l1: 0.02257  ,  Loss/location: 0.36393  ,  pro_loss: 0.10285  ,  IoU: 0.80291  ,  Loss/sim: 0.00000
[train: Epoch 37, 1000 / 1875] FPS: 161.0 (96.6)  ,  DataTime: 0.137 (0.005)  ,  ForwardTime: 0.057  ,  TotalTime: 0.199  ,  Loss/total: 0.91673  ,  Loss/giou: 0.21017  ,  Loss/l1: 0.02254  ,  Loss/location: 0.36317  ,  pro_loss: 0.10252  ,  IoU: 0.80310  ,  Loss/sim: 0.00000
[train: Epoch 37, 1050 / 1875] FPS: 162.9 (487.5)  ,  DataTime: 0.134 (0.005)  ,  ForwardTime: 0.057  ,  TotalTime: 0.196  ,  Loss/total: 0.91669  ,  Loss/giou: 0.21017  ,  Loss/l1: 0.02252  ,  Loss/location: 0.36327  ,  pro_loss: 0.10233  ,  IoU: 0.80309  ,  Loss/sim: 0.00000
[train: Epoch 37, 1100 / 1875] FPS: 163.6 (490.6)  ,  DataTime: 0.133 (0.005)  ,  ForwardTime: 0.057  ,  TotalTime: 0.196  ,  Loss/total: 0.91828  ,  Loss/giou: 0.21056  ,  Loss/l1: 0.02260  ,  Loss/location: 0.36358  ,  pro_loss: 0.10276  ,  IoU: 0.80278  ,  Loss/sim: 0.00000
[train: Epoch 37, 1150 / 1875] FPS: 164.5 (505.8)  ,  DataTime: 0.132 (0.005)  ,  ForwardTime: 0.057  ,  TotalTime: 0.195  ,  Loss/total: 0.92041  ,  Loss/giou: 0.21108  ,  Loss/l1: 0.02270  ,  Loss/location: 0.36419  ,  pro_loss: 0.10276  ,  IoU: 0.80241  ,  Loss/sim: 0.00000
[train: Epoch 37, 1200 / 1875] FPS: 166.7 (465.0)  ,  DataTime: 0.130 (0.005)  ,  ForwardTime: 0.057  ,  TotalTime: 0.192  ,  Loss/total: 0.92178  ,  Loss/giou: 0.21130  ,  Loss/l1: 0.02278  ,  Loss/location: 0.36472  ,  pro_loss: 0.10267  ,  IoU: 0.80230  ,  Loss/sim: 0.00000
[train: Epoch 37, 1250 / 1875] FPS: 167.5 (471.4)  ,  DataTime: 0.129 (0.005)  ,  ForwardTime: 0.057  ,  TotalTime: 0.191  ,  Loss/total: 0.92186  ,  Loss/giou: 0.21137  ,  Loss/l1: 0.02280  ,  Loss/location: 0.36459  ,  pro_loss: 0.10270  ,  IoU: 0.80229  ,  Loss/sim: 0.00000
[train: Epoch 37, 1300 / 1875] FPS: 168.9 (479.9)  ,  DataTime: 0.127 (0.005)  ,  ForwardTime: 0.057  ,  TotalTime: 0.189  ,  Loss/total: 0.92006  ,  Loss/giou: 0.21084  ,  Loss/l1: 0.02270  ,  Loss/location: 0.36437  ,  pro_loss: 0.10253  ,  IoU: 0.80274  ,  Loss/sim: 0.00000
[train: Epoch 37, 1350 / 1875] FPS: 169.9 (70.9)  ,  DataTime: 0.126 (0.005)  ,  ForwardTime: 0.057  ,  TotalTime: 0.188  ,  Loss/total: 0.91829  ,  Loss/giou: 0.21051  ,  Loss/l1: 0.02264  ,  Loss/location: 0.36359  ,  pro_loss: 0.10248  ,  IoU: 0.80300  ,  Loss/sim: 0.00000
[train: Epoch 37, 1400 / 1875] FPS: 170.5 (482.7)  ,  DataTime: 0.125 (0.005)  ,  ForwardTime: 0.057  ,  TotalTime: 0.188  ,  Loss/total: 0.91821  ,  Loss/giou: 0.21051  ,  Loss/l1: 0.02262  ,  Loss/location: 0.36356  ,  pro_loss: 0.10259  ,  IoU: 0.80297  ,  Loss/sim: 0.00000
[train: Epoch 37, 1450 / 1875] FPS: 171.8 (480.8)  ,  DataTime: 0.124 (0.005)  ,  ForwardTime: 0.057  ,  TotalTime: 0.186  ,  Loss/total: 0.91919  ,  Loss/giou: 0.21073  ,  Loss/l1: 0.02265  ,  Loss/location: 0.36394  ,  pro_loss: 0.10263  ,  IoU: 0.80279  ,  Loss/sim: 0.00000
[train: Epoch 37, 1500 / 1875] FPS: 173.0 (461.5)  ,  DataTime: 0.122 (0.005)  ,  ForwardTime: 0.057  ,  TotalTime: 0.185  ,  Loss/total: 0.91906  ,  Loss/giou: 0.21069  ,  Loss/l1: 0.02266  ,  Loss/location: 0.36387  ,  pro_loss: 0.10258  ,  IoU: 0.80283  ,  Loss/sim: 0.00000
[train: Epoch 37, 1550 / 1875] FPS: 173.9 (504.9)  ,  DataTime: 0.121 (0.005)  ,  ForwardTime: 0.058  ,  TotalTime: 0.184  ,  Loss/total: 0.92048  ,  Loss/giou: 0.21101  ,  Loss/l1: 0.02272  ,  Loss/location: 0.36435  ,  pro_loss: 0.10261  ,  IoU: 0.80251  ,  Loss/sim: 0.00000
[train: Epoch 37, 1600 / 1875] FPS: 175.0 (451.3)  ,  DataTime: 0.120 (0.005)  ,  ForwardTime: 0.058  ,  TotalTime: 0.183  ,  Loss/total: 0.92135  ,  Loss/giou: 0.21121  ,  Loss/l1: 0.02278  ,  Loss/location: 0.36451  ,  pro_loss: 0.10250  ,  IoU: 0.80238  ,  Loss/sim: 0.00000
[train: Epoch 37, 1650 / 1875] FPS: 175.8 (85.7)  ,  DataTime: 0.119 (0.005)  ,  ForwardTime: 0.058  ,  TotalTime: 0.182  ,  Loss/total: 0.92075  ,  Loss/giou: 0.21116  ,  Loss/l1: 0.02277  ,  Loss/location: 0.36406  ,  pro_loss: 0.10260  ,  IoU: 0.80242  ,  Loss/sim: 0.00000
[train: Epoch 37, 1700 / 1875] FPS: 176.5 (482.3)  ,  DataTime: 0.119 (0.005)  ,  ForwardTime: 0.058  ,  TotalTime: 0.181  ,  Loss/total: 0.92234  ,  Loss/giou: 0.21142  ,  Loss/l1: 0.02285  ,  Loss/location: 0.36474  ,  pro_loss: 0.10260  ,  IoU: 0.80220  ,  Loss/sim: 0.00000
[train: Epoch 37, 1750 / 1875] FPS: 177.6 (503.5)  ,  DataTime: 0.117 (0.005)  ,  ForwardTime: 0.058  ,  TotalTime: 0.180  ,  Loss/total: 0.92355  ,  Loss/giou: 0.21167  ,  Loss/l1: 0.02286  ,  Loss/location: 0.36539  ,  pro_loss: 0.10261  ,  IoU: 0.80193  ,  Loss/sim: 0.00000
[train: Epoch 37, 1800 / 1875] FPS: 178.9 (479.6)  ,  DataTime: 0.116 (0.005)  ,  ForwardTime: 0.058  ,  TotalTime: 0.179  ,  Loss/total: 0.92413  ,  Loss/giou: 0.21174  ,  Loss/l1: 0.02289  ,  Loss/location: 0.36572  ,  pro_loss: 0.10244  ,  IoU: 0.80189  ,  Loss/sim: 0.00000
[train: Epoch 37, 1850 / 1875] FPS: 180.2 (365.2)  ,  DataTime: 0.115 (0.005)  ,  ForwardTime: 0.058  ,  TotalTime: 0.178  ,  Loss/total: 0.92395  ,  Loss/giou: 0.21177  ,  Loss/l1: 0.02288  ,  Loss/location: 0.36554  ,  pro_loss: 0.10238  ,  IoU: 0.80189  ,  Loss/sim: 0.00000
[train: Epoch 37, 1875 / 1875] FPS: 180.7 (496.8)  ,  DataTime: 0.114 (0.005)  ,  ForwardTime: 0.058  ,  TotalTime: 0.177  ,  Loss/total: 0.92379  ,  Loss/giou: 0.21175  ,  Loss/l1: 0.02287  ,  Loss/location: 0.36550  ,  pro_loss: 0.10227  ,  IoU: 0.80189  ,  Loss/sim: 0.00000
[train: Epoch 38, 50 / 1875] FPS: 192.7 (482.7)  ,  DataTime: 0.101 (0.005)  ,  ForwardTime: 0.059  ,  TotalTime: 0.166  ,  Loss/total: 0.94933  ,  Loss/giou: 0.21597  ,  Loss/l1: 0.02375  ,  Loss/location: 0.37877  ,  pro_loss: 0.09938  ,  IoU: 0.79932  ,  Loss/sim: 0.00000
[train: Epoch 38, 100 / 1875] FPS: 215.1 (481.8)  ,  DataTime: 0.084 (0.005)  ,  ForwardTime: 0.059  ,  TotalTime: 0.149  ,  Loss/total: 0.97668  ,  Loss/giou: 0.22218  ,  Loss/l1: 0.02496  ,  Loss/location: 0.38777  ,  pro_loss: 0.09875  ,  IoU: 0.79392  ,  Loss/sim: 0.00000
[train: Epoch 38, 150 / 1875] FPS: 214.8 (46.3)  ,  DataTime: 0.084 (0.005)  ,  ForwardTime: 0.059  ,  TotalTime: 0.149  ,  Loss/total: 0.95380  ,  Loss/giou: 0.21827  ,  Loss/l1: 0.02402  ,  Loss/location: 0.37757  ,  pro_loss: 0.09792  ,  IoU: 0.79700  ,  Loss/sim: 0.00000
[train: Epoch 38, 200 / 1875] FPS: 225.6 (471.6)  ,  DataTime: 0.077 (0.005)  ,  ForwardTime: 0.059  ,  TotalTime: 0.142  ,  Loss/total: 0.94508  ,  Loss/giou: 0.21593  ,  Loss/l1: 0.02365  ,  Loss/location: 0.37520  ,  pro_loss: 0.09891  ,  IoU: 0.79886  ,  Loss/sim: 0.00000
[train: Epoch 38, 250 / 1875] FPS: 224.9 (484.1)  ,  DataTime: 0.077 (0.005)  ,  ForwardTime: 0.059  ,  TotalTime: 0.142  ,  Loss/total: 0.94554  ,  Loss/giou: 0.21535  ,  Loss/l1: 0.02362  ,  Loss/location: 0.37662  ,  pro_loss: 0.10050  ,  IoU: 0.79909  ,  Loss/sim: 0.00000
[train: Epoch 38, 300 / 1875] FPS: 228.8 (461.2)  ,  DataTime: 0.075 (0.006)  ,  ForwardTime: 0.059  ,  TotalTime: 0.140  ,  Loss/total: 0.93487  ,  Loss/giou: 0.21270  ,  Loss/l1: 0.02314  ,  Loss/location: 0.37364  ,  pro_loss: 0.10069  ,  IoU: 0.80118  ,  Loss/sim: 0.00000
[train: Epoch 38, 350 / 1875] FPS: 227.3 (60.5)  ,  DataTime: 0.076 (0.006)  ,  ForwardTime: 0.059  ,  TotalTime: 0.141  ,  Loss/total: 0.92984  ,  Loss/giou: 0.21121  ,  Loss/l1: 0.02288  ,  Loss/location: 0.37280  ,  pro_loss: 0.10104  ,  IoU: 0.80230  ,  Loss/sim: 0.00000
[train: Epoch 38, 400 / 1875] FPS: 229.6 (448.7)  ,  DataTime: 0.074 (0.006)  ,  ForwardTime: 0.060  ,  TotalTime: 0.139  ,  Loss/total: 0.93442  ,  Loss/giou: 0.21264  ,  Loss/l1: 0.02309  ,  Loss/location: 0.37329  ,  pro_loss: 0.10195  ,  IoU: 0.80122  ,  Loss/sim: 0.00000
[train: Epoch 38, 450 / 1875] FPS: 231.2 (461.4)  ,  DataTime: 0.073 (0.006)  ,  ForwardTime: 0.060  ,  TotalTime: 0.138  ,  Loss/total: 0.93621  ,  Loss/giou: 0.21287  ,  Loss/l1: 0.02312  ,  Loss/location: 0.37442  ,  pro_loss: 0.10218  ,  IoU: 0.80088  ,  Loss/sim: 0.00000
[train: Epoch 38, 500 / 1875] FPS: 233.0 (429.4)  ,  DataTime: 0.072 (0.006)  ,  ForwardTime: 0.060  ,  TotalTime: 0.137  ,  Loss/total: 0.93394  ,  Loss/giou: 0.21241  ,  Loss/l1: 0.02306  ,  Loss/location: 0.37329  ,  pro_loss: 0.10271  ,  IoU: 0.80124  ,  Loss/sim: 0.00000
[train: Epoch 38, 550 / 1875] FPS: 234.5 (68.0)  ,  DataTime: 0.071 (0.006)  ,  ForwardTime: 0.060  ,  TotalTime: 0.136  ,  Loss/total: 0.93447  ,  Loss/giou: 0.21245  ,  Loss/l1: 0.02304  ,  Loss/location: 0.37377  ,  pro_loss: 0.10288  ,  IoU: 0.80116  ,  Loss/sim: 0.00000
[train: Epoch 38, 600 / 1875] FPS: 235.7 (456.2)  ,  DataTime: 0.070 (0.006)  ,  ForwardTime: 0.060  ,  TotalTime: 0.136  ,  Loss/total: 0.93148  ,  Loss/giou: 0.21201  ,  Loss/l1: 0.02295  ,  Loss/location: 0.37209  ,  pro_loss: 0.10316  ,  IoU: 0.80165  ,  Loss/sim: 0.00000
[train: Epoch 38, 650 / 1875] FPS: 238.9 (440.2)  ,  DataTime: 0.069 (0.006)  ,  ForwardTime: 0.060  ,  TotalTime: 0.134  ,  Loss/total: 0.92781  ,  Loss/giou: 0.21152  ,  Loss/l1: 0.02288  ,  Loss/location: 0.36973  ,  pro_loss: 0.10324  ,  IoU: 0.80212  ,  Loss/sim: 0.00000
[train: Epoch 38, 700 / 1875] FPS: 240.0 (457.6)  ,  DataTime: 0.068 (0.006)  ,  ForwardTime: 0.060  ,  TotalTime: 0.133  ,  Loss/total: 0.92763  ,  Loss/giou: 0.21171  ,  Loss/l1: 0.02290  ,  Loss/location: 0.36902  ,  pro_loss: 0.10347  ,  IoU: 0.80202  ,  Loss/sim: 0.00000
[train: Epoch 38, 750 / 1875] FPS: 240.7 (282.9)  ,  DataTime: 0.068 (0.006)  ,  ForwardTime: 0.060  ,  TotalTime: 0.133  ,  Loss/total: 0.93266  ,  Loss/giou: 0.21251  ,  Loss/l1: 0.02304  ,  Loss/location: 0.37167  ,  pro_loss: 0.10383  ,  IoU: 0.80137  ,  Loss/sim: 0.00000
[train: Epoch 38, 800 / 1875] FPS: 241.8 (476.5)  ,  DataTime: 0.067 (0.006)  ,  ForwardTime: 0.060  ,  TotalTime: 0.132  ,  Loss/total: 0.93312  ,  Loss/giou: 0.21272  ,  Loss/l1: 0.02307  ,  Loss/location: 0.37163  ,  pro_loss: 0.10354  ,  IoU: 0.80114  ,  Loss/sim: 0.00000
[train: Epoch 38, 850 / 1875] FPS: 243.0 (469.4)  ,  DataTime: 0.066 (0.006)  ,  ForwardTime: 0.060  ,  TotalTime: 0.132  ,  Loss/total: 0.93192  ,  Loss/giou: 0.21255  ,  Loss/l1: 0.02307  ,  Loss/location: 0.37075  ,  pro_loss: 0.10350  ,  IoU: 0.80131  ,  Loss/sim: 0.00000
[train: Epoch 38, 900 / 1875] FPS: 243.0 (464.4)  ,  DataTime: 0.066 (0.006)  ,  ForwardTime: 0.060  ,  TotalTime: 0.132  ,  Loss/total: 0.93244  ,  Loss/giou: 0.21261  ,  Loss/l1: 0.02311  ,  Loss/location: 0.37095  ,  pro_loss: 0.10354  ,  IoU: 0.80126  ,  Loss/sim: 0.00000
[train: Epoch 38, 950 / 1875] FPS: 244.9 (457.8)  ,  DataTime: 0.065 (0.006)  ,  ForwardTime: 0.060  ,  TotalTime: 0.131  ,  Loss/total: 0.93146  ,  Loss/giou: 0.21267  ,  Loss/l1: 0.02309  ,  Loss/location: 0.37000  ,  pro_loss: 0.10353  ,  IoU: 0.80118  ,  Loss/sim: 0.00000
[train: Epoch 38, 1000 / 1875] FPS: 245.6 (482.1)  ,  DataTime: 0.065 (0.006)  ,  ForwardTime: 0.060  ,  TotalTime: 0.130  ,  Loss/total: 0.92999  ,  Loss/giou: 0.21245  ,  Loss/l1: 0.02310  ,  Loss/location: 0.36889  ,  pro_loss: 0.10357  ,  IoU: 0.80145  ,  Loss/sim: 0.00000
[train: Epoch 38, 1050 / 1875] FPS: 246.9 (460.5)  ,  DataTime: 0.064 (0.006)  ,  ForwardTime: 0.060  ,  TotalTime: 0.130  ,  Loss/total: 0.92895  ,  Loss/giou: 0.21215  ,  Loss/l1: 0.02304  ,  Loss/location: 0.36876  ,  pro_loss: 0.10354  ,  IoU: 0.80160  ,  Loss/sim: 0.00000
[train: Epoch 38, 1100 / 1875] FPS: 248.2 (415.0)  ,  DataTime: 0.063 (0.006)  ,  ForwardTime: 0.060  ,  TotalTime: 0.129  ,  Loss/total: 0.92776  ,  Loss/giou: 0.21191  ,  Loss/l1: 0.02298  ,  Loss/location: 0.36834  ,  pro_loss: 0.10349  ,  IoU: 0.80179  ,  Loss/sim: 0.00000
[train: Epoch 38, 1150 / 1875] FPS: 249.9 (442.0)  ,  DataTime: 0.062 (0.006)  ,  ForwardTime: 0.060  ,  TotalTime: 0.128  ,  Loss/total: 0.92511  ,  Loss/giou: 0.21159  ,  Loss/l1: 0.02293  ,  Loss/location: 0.36655  ,  pro_loss: 0.10379  ,  IoU: 0.80207  ,  Loss/sim: 0.00000
[train: Epoch 38, 1200 / 1875] FPS: 250.4 (446.4)  ,  DataTime: 0.062 (0.006)  ,  ForwardTime: 0.060  ,  TotalTime: 0.128  ,  Loss/total: 0.92558  ,  Loss/giou: 0.21159  ,  Loss/l1: 0.02296  ,  Loss/location: 0.36682  ,  pro_loss: 0.10388  ,  IoU: 0.80212  ,  Loss/sim: 0.00000
[train: Epoch 38, 1250 / 1875] FPS: 251.3 (454.4)  ,  DataTime: 0.061 (0.006)  ,  ForwardTime: 0.060  ,  TotalTime: 0.127  ,  Loss/total: 0.92432  ,  Loss/giou: 0.21133  ,  Loss/l1: 0.02291  ,  Loss/location: 0.36630  ,  pro_loss: 0.10394  ,  IoU: 0.80227  ,  Loss/sim: 0.00000
[train: Epoch 38, 1300 / 1875] FPS: 253.2 (478.8)  ,  DataTime: 0.060 (0.006)  ,  ForwardTime: 0.060  ,  TotalTime: 0.126  ,  Loss/total: 0.92348  ,  Loss/giou: 0.21122  ,  Loss/l1: 0.02290  ,  Loss/location: 0.36569  ,  pro_loss: 0.10421  ,  IoU: 0.80237  ,  Loss/sim: 0.00000
[train: Epoch 38, 1350 / 1875] FPS: 253.1 (462.1)  ,  DataTime: 0.060 (0.006)  ,  ForwardTime: 0.060  ,  TotalTime: 0.126  ,  Loss/total: 0.92377  ,  Loss/giou: 0.21110  ,  Loss/l1: 0.02290  ,  Loss/location: 0.36625  ,  pro_loss: 0.10420  ,  IoU: 0.80249  ,  Loss/sim: 0.00000
[train: Epoch 38, 1400 / 1875] FPS: 254.0 (417.0)  ,  DataTime: 0.060 (0.006)  ,  ForwardTime: 0.060  ,  TotalTime: 0.126  ,  Loss/total: 0.92369  ,  Loss/giou: 0.21106  ,  Loss/l1: 0.02293  ,  Loss/location: 0.36609  ,  pro_loss: 0.10413  ,  IoU: 0.80253  ,  Loss/sim: 0.00000
[train: Epoch 38, 1450 / 1875] FPS: 255.2 (462.7)  ,  DataTime: 0.059 (0.006)  ,  ForwardTime: 0.060  ,  TotalTime: 0.125  ,  Loss/total: 0.92547  ,  Loss/giou: 0.21150  ,  Loss/l1: 0.02302  ,  Loss/location: 0.36655  ,  pro_loss: 0.10412  ,  IoU: 0.80219  ,  Loss/sim: 0.00000
[train: Epoch 38, 1500 / 1875] FPS: 256.1 (109.5)  ,  DataTime: 0.059 (0.006)  ,  ForwardTime: 0.060  ,  TotalTime: 0.125  ,  Loss/total: 0.92486  ,  Loss/giou: 0.21144  ,  Loss/l1: 0.02302  ,  Loss/location: 0.36606  ,  pro_loss: 0.10415  ,  IoU: 0.80225  ,  Loss/sim: 0.00000
[train: Epoch 38, 1550 / 1875] FPS: 256.6 (491.8)  ,  DataTime: 0.058 (0.006)  ,  ForwardTime: 0.060  ,  TotalTime: 0.125  ,  Loss/total: 0.92505  ,  Loss/giou: 0.21162  ,  Loss/l1: 0.02304  ,  Loss/location: 0.36579  ,  pro_loss: 0.10425  ,  IoU: 0.80206  ,  Loss/sim: 0.00000
[train: Epoch 38, 1600 / 1875] FPS: 257.3 (475.5)  ,  DataTime: 0.058 (0.006)  ,  ForwardTime: 0.060  ,  TotalTime: 0.124  ,  Loss/total: 0.92440  ,  Loss/giou: 0.21150  ,  Loss/l1: 0.02299  ,  Loss/location: 0.36561  ,  pro_loss: 0.10415  ,  IoU: 0.80215  ,  Loss/sim: 0.00000
[train: Epoch 38, 1650 / 1875] FPS: 258.4 (424.2)  ,  DataTime: 0.057 (0.006)  ,  ForwardTime: 0.060  ,  TotalTime: 0.124  ,  Loss/total: 0.92283  ,  Loss/giou: 0.21123  ,  Loss/l1: 0.02293  ,  Loss/location: 0.36491  ,  pro_loss: 0.10414  ,  IoU: 0.80240  ,  Loss/sim: 0.00000
[train: Epoch 38, 1700 / 1875] FPS: 259.4 (443.6)  ,  DataTime: 0.057 (0.006)  ,  ForwardTime: 0.061  ,  TotalTime: 0.123  ,  Loss/total: 0.92163  ,  Loss/giou: 0.21112  ,  Loss/l1: 0.02288  ,  Loss/location: 0.36415  ,  pro_loss: 0.10417  ,  IoU: 0.80252  ,  Loss/sim: 0.00000
[train: Epoch 38, 1750 / 1875] FPS: 260.4 (466.7)  ,  DataTime: 0.056 (0.006)  ,  ForwardTime: 0.061  ,  TotalTime: 0.123  ,  Loss/total: 0.92247  ,  Loss/giou: 0.21134  ,  Loss/l1: 0.02291  ,  Loss/location: 0.36441  ,  pro_loss: 0.10414  ,  IoU: 0.80234  ,  Loss/sim: 0.00000
[train: Epoch 38, 1800 / 1875] FPS: 261.1 (479.3)  ,  DataTime: 0.056 (0.006)  ,  ForwardTime: 0.061  ,  TotalTime: 0.123  ,  Loss/total: 0.92129  ,  Loss/giou: 0.21105  ,  Loss/l1: 0.02287  ,  Loss/location: 0.36400  ,  pro_loss: 0.10413  ,  IoU: 0.80264  ,  Loss/sim: 0.00000
[train: Epoch 38, 1850 / 1875] FPS: 261.9 (463.3)  ,  DataTime: 0.056 (0.006)  ,  ForwardTime: 0.061  ,  TotalTime: 0.122  ,  Loss/total: 0.92137  ,  Loss/giou: 0.21102  ,  Loss/l1: 0.02286  ,  Loss/location: 0.36424  ,  pro_loss: 0.10400  ,  IoU: 0.80266  ,  Loss/sim: 0.00000
[train: Epoch 38, 1875 / 1875] FPS: 262.3 (497.4)  ,  DataTime: 0.056 (0.006)  ,  ForwardTime: 0.061  ,  TotalTime: 0.122  ,  Loss/total: 0.92247  ,  Loss/giou: 0.21128  ,  Loss/l1: 0.02291  ,  Loss/location: 0.36457  ,  pro_loss: 0.10393  ,  IoU: 0.80245  ,  Loss/sim: 0.00000
[train: Epoch 39, 50 / 1875] FPS: 233.2 (92.8)  ,  DataTime: 0.070 (0.006)  ,  ForwardTime: 0.061  ,  TotalTime: 0.137  ,  Loss/total: 0.93166  ,  Loss/giou: 0.21478  ,  Loss/l1: 0.02348  ,  Loss/location: 0.36473  ,  pro_loss: 0.09979  ,  IoU: 0.80018  ,  Loss/sim: 0.00000
[train: Epoch 39, 100 / 1875] FPS: 270.1 (466.1)  ,  DataTime: 0.050 (0.006)  ,  ForwardTime: 0.062  ,  TotalTime: 0.118  ,  Loss/total: 0.95458  ,  Loss/giou: 0.21951  ,  Loss/l1: 0.02414  ,  Loss/location: 0.37450  ,  pro_loss: 0.10188  ,  IoU: 0.79529  ,  Loss/sim: 0.00000
[train: Epoch 39, 150 / 1875] FPS: 283.9 (466.7)  ,  DataTime: 0.044 (0.006)  ,  ForwardTime: 0.062  ,  TotalTime: 0.113  ,  Loss/total: 0.96193  ,  Loss/giou: 0.22096  ,  Loss/l1: 0.02433  ,  Loss/location: 0.37802  ,  pro_loss: 0.10167  ,  IoU: 0.79401  ,  Loss/sim: 0.00000
[train: Epoch 39, 200 / 1875] FPS: 284.9 (450.5)  ,  DataTime: 0.044 (0.006)  ,  ForwardTime: 0.062  ,  TotalTime: 0.112  ,  Loss/total: 0.95227  ,  Loss/giou: 0.21888  ,  Loss/l1: 0.02395  ,  Loss/location: 0.37433  ,  pro_loss: 0.10224  ,  IoU: 0.79607  ,  Loss/sim: 0.00000
[train: Epoch 39, 250 / 1875] FPS: 290.1 (446.7)  ,  DataTime: 0.042 (0.006)  ,  ForwardTime: 0.062  ,  TotalTime: 0.110  ,  Loss/total: 0.95334  ,  Loss/giou: 0.21901  ,  Loss/l1: 0.02396  ,  Loss/location: 0.37504  ,  pro_loss: 0.10242  ,  IoU: 0.79595  ,  Loss/sim: 0.00000
[train: Epoch 39, 300 / 1875] FPS: 295.0 (472.8)  ,  DataTime: 0.040 (0.006)  ,  ForwardTime: 0.062  ,  TotalTime: 0.108  ,  Loss/total: 0.93796  ,  Loss/giou: 0.21588  ,  Loss/l1: 0.02348  ,  Loss/location: 0.36813  ,  pro_loss: 0.10326  ,  IoU: 0.79872  ,  Loss/sim: 0.00000
[train: Epoch 39, 350 / 1875] FPS: 296.6 (469.9)  ,  DataTime: 0.039 (0.006)  ,  ForwardTime: 0.062  ,  TotalTime: 0.108  ,  Loss/total: 0.93947  ,  Loss/giou: 0.21603  ,  Loss/l1: 0.02349  ,  Loss/location: 0.36947  ,  pro_loss: 0.10229  ,  IoU: 0.79866  ,  Loss/sim: 0.00000
[train: Epoch 39, 400 / 1875] FPS: 295.6 (454.7)  ,  DataTime: 0.040 (0.006)  ,  ForwardTime: 0.062  ,  TotalTime: 0.108  ,  Loss/total: 0.93910  ,  Loss/giou: 0.21594  ,  Loss/l1: 0.02344  ,  Loss/location: 0.36957  ,  pro_loss: 0.10221  ,  IoU: 0.79871  ,  Loss/sim: 0.00000
[train: Epoch 39, 450 / 1875] FPS: 298.3 (387.4)  ,  DataTime: 0.039 (0.006)  ,  ForwardTime: 0.062  ,  TotalTime: 0.107  ,  Loss/total: 0.93686  ,  Loss/giou: 0.21558  ,  Loss/l1: 0.02344  ,  Loss/location: 0.36812  ,  pro_loss: 0.10185  ,  IoU: 0.79889  ,  Loss/sim: 0.00000
[train: Epoch 39, 500 / 1875] FPS: 297.9 (83.3)  ,  DataTime: 0.039 (0.006)  ,  ForwardTime: 0.062  ,  TotalTime: 0.107  ,  Loss/total: 0.93574  ,  Loss/giou: 0.21511  ,  Loss/l1: 0.02335  ,  Loss/location: 0.36845  ,  pro_loss: 0.10156  ,  IoU: 0.79927  ,  Loss/sim: 0.00000
[train: Epoch 39, 550 / 1875] FPS: 298.3 (465.6)  ,  DataTime: 0.039 (0.006)  ,  ForwardTime: 0.062  ,  TotalTime: 0.107  ,  Loss/total: 0.93508  ,  Loss/giou: 0.21522  ,  Loss/l1: 0.02339  ,  Loss/location: 0.36753  ,  pro_loss: 0.10074  ,  IoU: 0.79906  ,  Loss/sim: 0.00000
[train: Epoch 39, 600 / 1875] FPS: 301.7 (445.9)  ,  DataTime: 0.037 (0.006)  ,  ForwardTime: 0.062  ,  TotalTime: 0.106  ,  Loss/total: 0.93398  ,  Loss/giou: 0.21494  ,  Loss/l1: 0.02341  ,  Loss/location: 0.36688  ,  pro_loss: 0.10085  ,  IoU: 0.79944  ,  Loss/sim: 0.00000
[train: Epoch 39, 650 / 1875] FPS: 303.6 (139.9)  ,  DataTime: 0.037 (0.006)  ,  ForwardTime: 0.062  ,  TotalTime: 0.105  ,  Loss/total: 0.93175  ,  Loss/giou: 0.21434  ,  Loss/l1: 0.02328  ,  Loss/location: 0.36636  ,  pro_loss: 0.10144  ,  IoU: 0.79989  ,  Loss/sim: 0.00000
[train: Epoch 39, 700 / 1875] FPS: 304.7 (449.8)  ,  DataTime: 0.036 (0.006)  ,  ForwardTime: 0.062  ,  TotalTime: 0.105  ,  Loss/total: 0.92945  ,  Loss/giou: 0.21373  ,  Loss/l1: 0.02313  ,  Loss/location: 0.36613  ,  pro_loss: 0.10103  ,  IoU: 0.80036  ,  Loss/sim: 0.00000
[train: Epoch 39, 750 / 1875] FPS: 306.1 (444.7)  ,  DataTime: 0.036 (0.006)  ,  ForwardTime: 0.063  ,  TotalTime: 0.105  ,  Loss/total: 0.92889  ,  Loss/giou: 0.21369  ,  Loss/l1: 0.02310  ,  Loss/location: 0.36580  ,  pro_loss: 0.10100  ,  IoU: 0.80033  ,  Loss/sim: 0.00000
[train: Epoch 39, 800 / 1875] FPS: 307.1 (388.9)  ,  DataTime: 0.035 (0.006)  ,  ForwardTime: 0.063  ,  TotalTime: 0.104  ,  Loss/total: 0.92864  ,  Loss/giou: 0.21353  ,  Loss/l1: 0.02310  ,  Loss/location: 0.36583  ,  pro_loss: 0.10133  ,  IoU: 0.80053  ,  Loss/sim: 0.00000
[train: Epoch 39, 850 / 1875] FPS: 307.2 (92.8)  ,  DataTime: 0.035 (0.006)  ,  ForwardTime: 0.062  ,  TotalTime: 0.104  ,  Loss/total: 0.92893  ,  Loss/giou: 0.21371  ,  Loss/l1: 0.02312  ,  Loss/location: 0.36563  ,  pro_loss: 0.10134  ,  IoU: 0.80041  ,  Loss/sim: 0.00000
[train: Epoch 39, 900 / 1875] FPS: 308.3 (451.6)  ,  DataTime: 0.035 (0.006)  ,  ForwardTime: 0.063  ,  TotalTime: 0.104  ,  Loss/total: 0.92638  ,  Loss/giou: 0.21319  ,  Loss/l1: 0.02306  ,  Loss/location: 0.36441  ,  pro_loss: 0.10138  ,  IoU: 0.80089  ,  Loss/sim: 0.00000
[train: Epoch 39, 950 / 1875] FPS: 309.5 (443.1)  ,  DataTime: 0.034 (0.006)  ,  ForwardTime: 0.063  ,  TotalTime: 0.103  ,  Loss/total: 0.92741  ,  Loss/giou: 0.21330  ,  Loss/l1: 0.02309  ,  Loss/location: 0.36509  ,  pro_loss: 0.10124  ,  IoU: 0.80082  ,  Loss/sim: 0.00000
[train: Epoch 39, 1000 / 1875] FPS: 310.4 (384.6)  ,  DataTime: 0.034 (0.006)  ,  ForwardTime: 0.063  ,  TotalTime: 0.103  ,  Loss/total: 0.92653  ,  Loss/giou: 0.21299  ,  Loss/l1: 0.02306  ,  Loss/location: 0.36500  ,  pro_loss: 0.10117  ,  IoU: 0.80107  ,  Loss/sim: 0.00000
[train: Epoch 39, 1050 / 1875] FPS: 310.4 (420.8)  ,  DataTime: 0.034 (0.006)  ,  ForwardTime: 0.063  ,  TotalTime: 0.103  ,  Loss/total: 0.92638  ,  Loss/giou: 0.21285  ,  Loss/l1: 0.02305  ,  Loss/location: 0.36519  ,  pro_loss: 0.10130  ,  IoU: 0.80115  ,  Loss/sim: 0.00000
[train: Epoch 39, 1100 / 1875] FPS: 311.2 (463.6)  ,  DataTime: 0.034 (0.007)  ,  ForwardTime: 0.063  ,  TotalTime: 0.103  ,  Loss/total: 0.92561  ,  Loss/giou: 0.21272  ,  Loss/l1: 0.02302  ,  Loss/location: 0.36480  ,  pro_loss: 0.10130  ,  IoU: 0.80128  ,  Loss/sim: 0.00000
[train: Epoch 39, 1150 / 1875] FPS: 311.8 (448.2)  ,  DataTime: 0.033 (0.007)  ,  ForwardTime: 0.063  ,  TotalTime: 0.103  ,  Loss/total: 0.92545  ,  Loss/giou: 0.21266  ,  Loss/l1: 0.02301  ,  Loss/location: 0.36481  ,  pro_loss: 0.10139  ,  IoU: 0.80132  ,  Loss/sim: 0.00000
[train: Epoch 39, 1200 / 1875] FPS: 313.3 (123.1)  ,  DataTime: 0.033 (0.007)  ,  ForwardTime: 0.063  ,  TotalTime: 0.102  ,  Loss/total: 0.92554  ,  Loss/giou: 0.21259  ,  Loss/l1: 0.02296  ,  Loss/location: 0.36520  ,  pro_loss: 0.10167  ,  IoU: 0.80139  ,  Loss/sim: 0.00000
[train: Epoch 39, 1250 / 1875] FPS: 314.0 (435.1)  ,  DataTime: 0.032 (0.007)  ,  ForwardTime: 0.063  ,  TotalTime: 0.102  ,  Loss/total: 0.92540  ,  Loss/giou: 0.21244  ,  Loss/l1: 0.02294  ,  Loss/location: 0.36547  ,  pro_loss: 0.10167  ,  IoU: 0.80155  ,  Loss/sim: 0.00000
[train: Epoch 39, 1300 / 1875] FPS: 315.4 (428.5)  ,  DataTime: 0.032 (0.007)  ,  ForwardTime: 0.063  ,  TotalTime: 0.101  ,  Loss/total: 0.92555  ,  Loss/giou: 0.21241  ,  Loss/l1: 0.02293  ,  Loss/location: 0.36573  ,  pro_loss: 0.10181  ,  IoU: 0.80158  ,  Loss/sim: 0.00000
[train: Epoch 39, 1350 / 1875] FPS: 315.8 (425.1)  ,  DataTime: 0.032 (0.007)  ,  ForwardTime: 0.063  ,  TotalTime: 0.101  ,  Loss/total: 0.92283  ,  Loss/giou: 0.21177  ,  Loss/l1: 0.02282  ,  Loss/location: 0.36477  ,  pro_loss: 0.10202  ,  IoU: 0.80207  ,  Loss/sim: 0.00000
[train: Epoch 39, 1400 / 1875] FPS: 316.7 (439.6)  ,  DataTime: 0.031 (0.007)  ,  ForwardTime: 0.063  ,  TotalTime: 0.101  ,  Loss/total: 0.92228  ,  Loss/giou: 0.21170  ,  Loss/l1: 0.02281  ,  Loss/location: 0.36441  ,  pro_loss: 0.10195  ,  IoU: 0.80215  ,  Loss/sim: 0.00000
[train: Epoch 39, 1450 / 1875] FPS: 317.7 (268.4)  ,  DataTime: 0.031 (0.007)  ,  ForwardTime: 0.063  ,  TotalTime: 0.101  ,  Loss/total: 0.92501  ,  Loss/giou: 0.21219  ,  Loss/l1: 0.02291  ,  Loss/location: 0.36561  ,  pro_loss: 0.10229  ,  IoU: 0.80178  ,  Loss/sim: 0.00000
[train: Epoch 39, 1500 / 1875] FPS: 318.4 (335.1)  ,  DataTime: 0.031 (0.007)  ,  ForwardTime: 0.063  ,  TotalTime: 0.101  ,  Loss/total: 0.92479  ,  Loss/giou: 0.21213  ,  Loss/l1: 0.02291  ,  Loss/location: 0.36554  ,  pro_loss: 0.10229  ,  IoU: 0.80179  ,  Loss/sim: 0.00000
[train: Epoch 39, 1550 / 1875] FPS: 318.7 (352.6)  ,  DataTime: 0.030 (0.007)  ,  ForwardTime: 0.063  ,  TotalTime: 0.100  ,  Loss/total: 0.92487  ,  Loss/giou: 0.21215  ,  Loss/l1: 0.02292  ,  Loss/location: 0.36551  ,  pro_loss: 0.10239  ,  IoU: 0.80179  ,  Loss/sim: 0.00000
[train: Epoch 39, 1600 / 1875] FPS: 319.7 (222.3)  ,  DataTime: 0.030 (0.007)  ,  ForwardTime: 0.063  ,  TotalTime: 0.100  ,  Loss/total: 0.92648  ,  Loss/giou: 0.21236  ,  Loss/l1: 0.02295  ,  Loss/location: 0.36654  ,  pro_loss: 0.10242  ,  IoU: 0.80158  ,  Loss/sim: 0.00000
[train: Epoch 39, 1650 / 1875] FPS: 319.7 (190.3)  ,  DataTime: 0.030 (0.007)  ,  ForwardTime: 0.063  ,  TotalTime: 0.100  ,  Loss/total: 0.92692  ,  Loss/giou: 0.21246  ,  Loss/l1: 0.02298  ,  Loss/location: 0.36659  ,  pro_loss: 0.10260  ,  IoU: 0.80148  ,  Loss/sim: 0.00000
[train: Epoch 39, 1700 / 1875] FPS: 319.7 (424.6)  ,  DataTime: 0.030 (0.007)  ,  ForwardTime: 0.063  ,  TotalTime: 0.100  ,  Loss/total: 0.92785  ,  Loss/giou: 0.21262  ,  Loss/l1: 0.02301  ,  Loss/location: 0.36702  ,  pro_loss: 0.10268  ,  IoU: 0.80135  ,  Loss/sim: 0.00000
[train: Epoch 39, 1750 / 1875] FPS: 320.3 (444.7)  ,  DataTime: 0.030 (0.007)  ,  ForwardTime: 0.063  ,  TotalTime: 0.100  ,  Loss/total: 0.92739  ,  Loss/giou: 0.21261  ,  Loss/l1: 0.02301  ,  Loss/location: 0.36654  ,  pro_loss: 0.10280  ,  IoU: 0.80137  ,  Loss/sim: 0.00000
[train: Epoch 39, 1800 / 1875] FPS: 320.9 (368.4)  ,  DataTime: 0.030 (0.007)  ,  ForwardTime: 0.063  ,  TotalTime: 0.100  ,  Loss/total: 0.92665  ,  Loss/giou: 0.21238  ,  Loss/l1: 0.02298  ,  Loss/location: 0.36650  ,  pro_loss: 0.10253  ,  IoU: 0.80157  ,  Loss/sim: 0.00000
[train: Epoch 39, 1850 / 1875] FPS: 320.8 (400.4)  ,  DataTime: 0.030 (0.007)  ,  ForwardTime: 0.063  ,  TotalTime: 0.100  ,  Loss/total: 0.92778  ,  Loss/giou: 0.21266  ,  Loss/l1: 0.02301  ,  Loss/location: 0.36690  ,  pro_loss: 0.10244  ,  IoU: 0.80135  ,  Loss/sim: 0.00000
[train: Epoch 39, 1875 / 1875] FPS: 321.7 (495.6)  ,  DataTime: 0.029 (0.007)  ,  ForwardTime: 0.063  ,  TotalTime: 0.099  ,  Loss/total: 0.92853  ,  Loss/giou: 0.21283  ,  Loss/l1: 0.02305  ,  Loss/location: 0.36711  ,  pro_loss: 0.10242  ,  IoU: 0.80123  ,  Loss/sim: 0.00000
[train: Epoch 40, 50 / 1875] FPS: 278.0 (295.3)  ,  DataTime: 0.044 (0.007)  ,  ForwardTime: 0.065  ,  TotalTime: 0.115  ,  Loss/total: 0.92278  ,  Loss/giou: 0.21417  ,  Loss/l1: 0.02316  ,  Loss/location: 0.35999  ,  pro_loss: 0.09333  ,  IoU: 0.80103  ,  Loss/sim: 0.00000
[train: Epoch 40, 100 / 1875] FPS: 294.8 (430.2)  ,  DataTime: 0.037 (0.007)  ,  ForwardTime: 0.064  ,  TotalTime: 0.109  ,  Loss/total: 0.92957  ,  Loss/giou: 0.21651  ,  Loss/l1: 0.02311  ,  Loss/location: 0.36177  ,  pro_loss: 0.09616  ,  IoU: 0.79792  ,  Loss/sim: 0.00000
[train: Epoch 40, 150 / 1875] FPS: 304.8 (453.0)  ,  DataTime: 0.034 (0.007)  ,  ForwardTime: 0.064  ,  TotalTime: 0.105  ,  Loss/total: 0.92434  ,  Loss/giou: 0.21440  ,  Loss/l1: 0.02285  ,  Loss/location: 0.36180  ,  pro_loss: 0.09759  ,  IoU: 0.80009  ,  Loss/sim: 0.00000
[train: Epoch 40, 200 / 1875] FPS: 317.2 (372.1)  ,  DataTime: 0.029 (0.007)  ,  ForwardTime: 0.065  ,  TotalTime: 0.101  ,  Loss/total: 0.92213  ,  Loss/giou: 0.21376  ,  Loss/l1: 0.02272  ,  Loss/location: 0.36124  ,  pro_loss: 0.09887  ,  IoU: 0.80044  ,  Loss/sim: 0.00000
[train: Epoch 40, 250 / 1875] FPS: 320.1 (444.5)  ,  DataTime: 0.029 (0.007)  ,  ForwardTime: 0.064  ,  TotalTime: 0.100  ,  Loss/total: 0.92003  ,  Loss/giou: 0.21205  ,  Loss/l1: 0.02258  ,  Loss/location: 0.36319  ,  pro_loss: 0.09909  ,  IoU: 0.80184  ,  Loss/sim: 0.00000
[train: Epoch 40, 300 / 1875] FPS: 324.1 (411.4)  ,  DataTime: 0.027 (0.007)  ,  ForwardTime: 0.065  ,  TotalTime: 0.099  ,  Loss/total: 0.93279  ,  Loss/giou: 0.21431  ,  Loss/l1: 0.02301  ,  Loss/location: 0.36919  ,  pro_loss: 0.09973  ,  IoU: 0.79999  ,  Loss/sim: 0.00000
[train: Epoch 40, 350 / 1875] FPS: 327.4 (435.9)  ,  DataTime: 0.026 (0.007)  ,  ForwardTime: 0.064  ,  TotalTime: 0.098  ,  Loss/total: 0.93360  ,  Loss/giou: 0.21473  ,  Loss/l1: 0.02321  ,  Loss/location: 0.36818  ,  pro_loss: 0.09956  ,  IoU: 0.80011  ,  Loss/sim: 0.00000
[train: Epoch 40, 400 / 1875] FPS: 329.2 (394.2)  ,  DataTime: 0.026 (0.007)  ,  ForwardTime: 0.064  ,  TotalTime: 0.097  ,  Loss/total: 0.93633  ,  Loss/giou: 0.21522  ,  Loss/l1: 0.02336  ,  Loss/location: 0.36929  ,  pro_loss: 0.09896  ,  IoU: 0.79980  ,  Loss/sim: 0.00000
[train: Epoch 40, 450 / 1875] FPS: 330.5 (399.7)  ,  DataTime: 0.025 (0.007)  ,  ForwardTime: 0.065  ,  TotalTime: 0.097  ,  Loss/total: 0.92846  ,  Loss/giou: 0.21353  ,  Loss/l1: 0.02309  ,  Loss/location: 0.36615  ,  pro_loss: 0.09906  ,  IoU: 0.80116  ,  Loss/sim: 0.00000
[train: Epoch 40, 500 / 1875] FPS: 330.3 (324.8)  ,  DataTime: 0.025 (0.007)  ,  ForwardTime: 0.065  ,  TotalTime: 0.097  ,  Loss/total: 0.92946  ,  Loss/giou: 0.21318  ,  Loss/l1: 0.02310  ,  Loss/location: 0.36781  ,  pro_loss: 0.09899  ,  IoU: 0.80146  ,  Loss/sim: 0.00000
[train: Epoch 40, 550 / 1875] FPS: 332.0 (330.4)  ,  DataTime: 0.025 (0.007)  ,  ForwardTime: 0.065  ,  TotalTime: 0.096  ,  Loss/total: 0.93042  ,  Loss/giou: 0.21341  ,  Loss/l1: 0.02309  ,  Loss/location: 0.36836  ,  pro_loss: 0.09901  ,  IoU: 0.80125  ,  Loss/sim: 0.00000
[train: Epoch 40, 600 / 1875] FPS: 332.8 (377.9)  ,  DataTime: 0.024 (0.007)  ,  ForwardTime: 0.065  ,  TotalTime: 0.096  ,  Loss/total: 0.92991  ,  Loss/giou: 0.21322  ,  Loss/l1: 0.02305  ,  Loss/location: 0.36848  ,  pro_loss: 0.09876  ,  IoU: 0.80142  ,  Loss/sim: 0.00000
[train: Epoch 40, 650 / 1875] FPS: 333.0 (440.1)  ,  DataTime: 0.024 (0.007)  ,  ForwardTime: 0.065  ,  TotalTime: 0.096  ,  Loss/total: 0.92497  ,  Loss/giou: 0.21244  ,  Loss/l1: 0.02290  ,  Loss/location: 0.36576  ,  pro_loss: 0.09919  ,  IoU: 0.80210  ,  Loss/sim: 0.00000
[train: Epoch 40, 700 / 1875] FPS: 333.6 (445.2)  ,  DataTime: 0.024 (0.007)  ,  ForwardTime: 0.065  ,  TotalTime: 0.096  ,  Loss/total: 0.92481  ,  Loss/giou: 0.21239  ,  Loss/l1: 0.02288  ,  Loss/location: 0.36582  ,  pro_loss: 0.09910  ,  IoU: 0.80220  ,  Loss/sim: 0.00000
[train: Epoch 40, 750 / 1875] FPS: 335.2 (424.6)  ,  DataTime: 0.023 (0.007)  ,  ForwardTime: 0.065  ,  TotalTime: 0.095  ,  Loss/total: 0.92670  ,  Loss/giou: 0.21284  ,  Loss/l1: 0.02295  ,  Loss/location: 0.36652  ,  pro_loss: 0.09887  ,  IoU: 0.80184  ,  Loss/sim: 0.00000
[train: Epoch 40, 800 / 1875] FPS: 335.0 (151.0)  ,  DataTime: 0.024 (0.007)  ,  ForwardTime: 0.065  ,  TotalTime: 0.096  ,  Loss/total: 0.92542  ,  Loss/giou: 0.21242  ,  Loss/l1: 0.02285  ,  Loss/location: 0.36654  ,  pro_loss: 0.09888  ,  IoU: 0.80210  ,  Loss/sim: 0.00000
[train: Epoch 40, 850 / 1875] FPS: 336.1 (418.4)  ,  DataTime: 0.023 (0.007)  ,  ForwardTime: 0.065  ,  TotalTime: 0.095  ,  Loss/total: 0.92799  ,  Loss/giou: 0.21295  ,  Loss/l1: 0.02299  ,  Loss/location: 0.36745  ,  pro_loss: 0.09862  ,  IoU: 0.80162  ,  Loss/sim: 0.00000
[train: Epoch 40, 900 / 1875] FPS: 337.0 (421.1)  ,  DataTime: 0.023 (0.007)  ,  ForwardTime: 0.065  ,  TotalTime: 0.095  ,  Loss/total: 0.92659  ,  Loss/giou: 0.21271  ,  Loss/l1: 0.02291  ,  Loss/location: 0.36697  ,  pro_loss: 0.09831  ,  IoU: 0.80172  ,  Loss/sim: 0.00000
[train: Epoch 40, 950 / 1875] FPS: 336.8 (194.8)  ,  DataTime: 0.023 (0.007)  ,  ForwardTime: 0.065  ,  TotalTime: 0.095  ,  Loss/total: 0.92444  ,  Loss/giou: 0.21225  ,  Loss/l1: 0.02286  ,  Loss/location: 0.36601  ,  pro_loss: 0.09819  ,  IoU: 0.80206  ,  Loss/sim: 0.00000
[train: Epoch 40, 1000 / 1875] FPS: 338.0 (429.4)  ,  DataTime: 0.023 (0.007)  ,  ForwardTime: 0.065  ,  TotalTime: 0.095  ,  Loss/total: 0.92417  ,  Loss/giou: 0.21216  ,  Loss/l1: 0.02286  ,  Loss/location: 0.36590  ,  pro_loss: 0.09826  ,  IoU: 0.80211  ,  Loss/sim: 0.00000
[train: Epoch 40, 1050 / 1875] FPS: 338.3 (349.2)  ,  DataTime: 0.023 (0.007)  ,  ForwardTime: 0.065  ,  TotalTime: 0.095  ,  Loss/total: 0.92165  ,  Loss/giou: 0.21155  ,  Loss/l1: 0.02276  ,  Loss/location: 0.36504  ,  pro_loss: 0.09850  ,  IoU: 0.80257  ,  Loss/sim: 0.00000
[train: Epoch 40, 1100 / 1875] FPS: 339.4 (413.2)  ,  DataTime: 0.022 (0.007)  ,  ForwardTime: 0.065  ,  TotalTime: 0.094  ,  Loss/total: 0.92263  ,  Loss/giou: 0.21162  ,  Loss/l1: 0.02284  ,  Loss/location: 0.36547  ,  pro_loss: 0.09867  ,  IoU: 0.80247  ,  Loss/sim: 0.00000
[train: Epoch 40, 1150 / 1875] FPS: 339.4 (418.2)  ,  DataTime: 0.022 (0.007)  ,  ForwardTime: 0.065  ,  TotalTime: 0.094  ,  Loss/total: 0.92239  ,  Loss/giou: 0.21149  ,  Loss/l1: 0.02281  ,  Loss/location: 0.36554  ,  pro_loss: 0.09904  ,  IoU: 0.80256  ,  Loss/sim: 0.00000
[train: Epoch 40, 1200 / 1875] FPS: 339.9 (429.7)  ,  DataTime: 0.022 (0.007)  ,  ForwardTime: 0.065  ,  TotalTime: 0.094  ,  Loss/total: 0.92410  ,  Loss/giou: 0.21176  ,  Loss/l1: 0.02287  ,  Loss/location: 0.36636  ,  pro_loss: 0.09936  ,  IoU: 0.80228  ,  Loss/sim: 0.00000
[train: Epoch 40, 1250 / 1875] FPS: 340.4 (402.9)  ,  DataTime: 0.022 (0.007)  ,  ForwardTime: 0.065  ,  TotalTime: 0.094  ,  Loss/total: 0.92252  ,  Loss/giou: 0.21144  ,  Loss/l1: 0.02282  ,  Loss/location: 0.36563  ,  pro_loss: 0.09962  ,  IoU: 0.80249  ,  Loss/sim: 0.00000
[train: Epoch 40, 1300 / 1875] FPS: 341.1 (435.7)  ,  DataTime: 0.021 (0.007)  ,  ForwardTime: 0.065  ,  TotalTime: 0.094  ,  Loss/total: 0.92294  ,  Loss/giou: 0.21169  ,  Loss/l1: 0.02288  ,  Loss/location: 0.36524  ,  pro_loss: 0.09961  ,  IoU: 0.80232  ,  Loss/sim: 0.00000
[train: Epoch 40, 1350 / 1875] FPS: 341.5 (165.2)  ,  DataTime: 0.021 (0.007)  ,  ForwardTime: 0.065  ,  TotalTime: 0.094  ,  Loss/total: 0.92368  ,  Loss/giou: 0.21184  ,  Loss/l1: 0.02290  ,  Loss/location: 0.36553  ,  pro_loss: 0.09991  ,  IoU: 0.80213  ,  Loss/sim: 0.00000
[train: Epoch 40, 1400 / 1875] FPS: 341.9 (390.4)  ,  DataTime: 0.021 (0.007)  ,  ForwardTime: 0.065  ,  TotalTime: 0.094  ,  Loss/total: 0.92413  ,  Loss/giou: 0.21200  ,  Loss/l1: 0.02292  ,  Loss/location: 0.36550  ,  pro_loss: 0.10006  ,  IoU: 0.80199  ,  Loss/sim: 0.00000
[train: Epoch 40, 1450 / 1875] FPS: 341.8 (422.3)  ,  DataTime: 0.021 (0.007)  ,  ForwardTime: 0.065  ,  TotalTime: 0.094  ,  Loss/total: 0.92311  ,  Loss/giou: 0.21185  ,  Loss/l1: 0.02291  ,  Loss/location: 0.36488  ,  pro_loss: 0.10007  ,  IoU: 0.80214  ,  Loss/sim: 0.00000
[train: Epoch 40, 1500 / 1875] FPS: 342.3 (393.7)  ,  DataTime: 0.021 (0.007)  ,  ForwardTime: 0.065  ,  TotalTime: 0.093  ,  Loss/total: 0.92302  ,  Loss/giou: 0.21182  ,  Loss/l1: 0.02290  ,  Loss/location: 0.36482  ,  pro_loss: 0.10025  ,  IoU: 0.80212  ,  Loss/sim: 0.00000
[train: Epoch 40, 1550 / 1875] FPS: 342.3 (418.6)  ,  DataTime: 0.021 (0.007)  ,  ForwardTime: 0.065  ,  TotalTime: 0.093  ,  Loss/total: 0.92182  ,  Loss/giou: 0.21148  ,  Loss/l1: 0.02284  ,  Loss/location: 0.36458  ,  pro_loss: 0.10031  ,  IoU: 0.80242  ,  Loss/sim: 0.00000
[train: Epoch 40, 1600 / 1875] FPS: 342.9 (407.0)  ,  DataTime: 0.021 (0.007)  ,  ForwardTime: 0.066  ,  TotalTime: 0.093  ,  Loss/total: 0.92088  ,  Loss/giou: 0.21135  ,  Loss/l1: 0.02280  ,  Loss/location: 0.36416  ,  pro_loss: 0.10023  ,  IoU: 0.80250  ,  Loss/sim: 0.00000
[train: Epoch 40, 1650 / 1875] FPS: 342.6 (450.8)  ,  DataTime: 0.021 (0.007)  ,  ForwardTime: 0.065  ,  TotalTime: 0.093  ,  Loss/total: 0.92021  ,  Loss/giou: 0.21118  ,  Loss/l1: 0.02277  ,  Loss/location: 0.36395  ,  pro_loss: 0.10022  ,  IoU: 0.80266  ,  Loss/sim: 0.00000
[train: Epoch 40, 1700 / 1875] FPS: 342.6 (441.0)  ,  DataTime: 0.021 (0.007)  ,  ForwardTime: 0.065  ,  TotalTime: 0.093  ,  Loss/total: 0.91866  ,  Loss/giou: 0.21090  ,  Loss/l1: 0.02273  ,  Loss/location: 0.36317  ,  pro_loss: 0.10029  ,  IoU: 0.80288  ,  Loss/sim: 0.00000
[train: Epoch 40, 1750 / 1875] FPS: 343.5 (445.7)  ,  DataTime: 0.021 (0.007)  ,  ForwardTime: 0.065  ,  TotalTime: 0.093  ,  Loss/total: 0.91827  ,  Loss/giou: 0.21067  ,  Loss/l1: 0.02270  ,  Loss/location: 0.36333  ,  pro_loss: 0.10043  ,  IoU: 0.80306  ,  Loss/sim: 0.00000
[train: Epoch 40, 1800 / 1875] FPS: 342.9 (368.3)  ,  DataTime: 0.021 (0.007)  ,  ForwardTime: 0.065  ,  TotalTime: 0.093  ,  Loss/total: 0.91727  ,  Loss/giou: 0.21041  ,  Loss/l1: 0.02264  ,  Loss/location: 0.36310  ,  pro_loss: 0.10064  ,  IoU: 0.80328  ,  Loss/sim: 0.00000
[train: Epoch 40, 1850 / 1875] FPS: 343.3 (444.4)  ,  DataTime: 0.021 (0.007)  ,  ForwardTime: 0.066  ,  TotalTime: 0.093  ,  Loss/total: 0.91704  ,  Loss/giou: 0.21035  ,  Loss/l1: 0.02264  ,  Loss/location: 0.36302  ,  pro_loss: 0.10068  ,  IoU: 0.80332  ,  Loss/sim: 0.00000
[train: Epoch 40, 1875 / 1875] FPS: 344.2 (511.6)  ,  DataTime: 0.020 (0.007)  ,  ForwardTime: 0.066  ,  TotalTime: 0.093  ,  Loss/total: 0.91706  ,  Loss/giou: 0.21037  ,  Loss/l1: 0.02265  ,  Loss/location: 0.36297  ,  pro_loss: 0.10060  ,  IoU: 0.80328  ,  Loss/sim: 0.00000
[val: Epoch 40, 50 / 312] FPS: 91.2 (941.8)  ,  DataTime: 0.320 (0.006)  ,  ForwardTime: 0.025  ,  TotalTime: 0.351  ,  Loss/total: 1.01471  ,  Loss/giou: 0.24462  ,  Loss/l1: 0.02219  ,  Loss/location: 0.41438  ,  pro_loss: 0.00063  ,  IoU: 0.77224  ,  Loss/sim: 0.00000
[val: Epoch 40, 100 / 312] FPS: 92.6 (823.7)  ,  DataTime: 0.314 (0.006)  ,  ForwardTime: 0.025  ,  TotalTime: 0.346  ,  Loss/total: 1.03420  ,  Loss/giou: 0.24821  ,  Loss/l1: 0.02287  ,  Loss/location: 0.42337  ,  pro_loss: 0.00031  ,  IoU: 0.76996  ,  Loss/sim: 0.00000
[val: Epoch 40, 150 / 312] FPS: 96.0 (904.9)  ,  DataTime: 0.302 (0.006)  ,  ForwardTime: 0.025  ,  TotalTime: 0.333  ,  Loss/total: 1.04169  ,  Loss/giou: 0.25001  ,  Loss/l1: 0.02295  ,  Loss/location: 0.42686  ,  pro_loss: 0.00021  ,  IoU: 0.76891  ,  Loss/sim: 0.00000
[val: Epoch 40, 200 / 312] FPS: 95.9 (29.0)  ,  DataTime: 0.303 (0.006)  ,  ForwardTime: 0.025  ,  TotalTime: 0.334  ,  Loss/total: 1.05088  ,  Loss/giou: 0.25119  ,  Loss/l1: 0.02299  ,  Loss/location: 0.43348  ,  pro_loss: 0.00021  ,  IoU: 0.76801  ,  Loss/sim: 0.00000
[val: Epoch 40, 250 / 312] FPS: 96.7 (911.4)  ,  DataTime: 0.300 (0.006)  ,  ForwardTime: 0.025  ,  TotalTime: 0.331  ,  Loss/total: 1.04629  ,  Loss/giou: 0.25040  ,  Loss/l1: 0.02289  ,  Loss/location: 0.43102  ,  pro_loss: 0.00025  ,  IoU: 0.76862  ,  Loss/sim: 0.00000
[val: Epoch 40, 300 / 312] FPS: 97.3 (935.8)  ,  DataTime: 0.298 (0.006)  ,  ForwardTime: 0.025  ,  TotalTime: 0.329  ,  Loss/total: 1.04447  ,  Loss/giou: 0.25024  ,  Loss/l1: 0.02273  ,  Loss/location: 0.43031  ,  pro_loss: 0.00021  ,  IoU: 0.76829  ,  Loss/sim: 0.00000
[val: Epoch 40, 312 / 312] FPS: 98.9 (38.0)  ,  DataTime: 0.292 (0.006)  ,  ForwardTime: 0.025  ,  TotalTime: 0.323  ,  Loss/total: 1.04298  ,  Loss/giou: 0.24991  ,  Loss/l1: 0.02270  ,  Loss/location: 0.42963  ,  pro_loss: 0.00020  ,  IoU: 0.76854  ,  Loss/sim: 0.00000
[train: Epoch 41, 50 / 1875] FPS: 63.0 (489.1)  ,  DataTime: 0.446 (0.005)  ,  ForwardTime: 0.057  ,  TotalTime: 0.508  ,  Loss/total: 0.92686  ,  Loss/giou: 0.21070  ,  Loss/l1: 0.02260  ,  Loss/location: 0.37268  ,  pro_loss: 0.09880  ,  IoU: 0.80198  ,  Loss/sim: 0.00000
[train: Epoch 41, 100 / 1875] FPS: 72.6 (38.5)  ,  DataTime: 0.380 (0.005)  ,  ForwardTime: 0.057  ,  TotalTime: 0.441  ,  Loss/total: 0.89307  ,  Loss/giou: 0.20525  ,  Loss/l1: 0.02164  ,  Loss/location: 0.35438  ,  pro_loss: 0.09992  ,  IoU: 0.80702  ,  Loss/sim: 0.00000
[train: Epoch 41, 150 / 1875] FPS: 77.5 (508.8)  ,  DataTime: 0.352 (0.005)  ,  ForwardTime: 0.057  ,  TotalTime: 0.413  ,  Loss/total: 0.89256  ,  Loss/giou: 0.20520  ,  Loss/l1: 0.02184  ,  Loss/location: 0.35322  ,  pro_loss: 0.09884  ,  IoU: 0.80780  ,  Loss/sim: 0.00000
[train: Epoch 41, 200 / 1875] FPS: 77.6 (490.7)  ,  DataTime: 0.351 (0.005)  ,  ForwardTime: 0.057  ,  TotalTime: 0.412  ,  Loss/total: 0.88970  ,  Loss/giou: 0.20506  ,  Loss/l1: 0.02183  ,  Loss/location: 0.35096  ,  pro_loss: 0.09746  ,  IoU: 0.80791  ,  Loss/sim: 0.00000
[train: Epoch 41, 250 / 1875] FPS: 81.1 (489.1)  ,  DataTime: 0.333 (0.005)  ,  ForwardTime: 0.057  ,  TotalTime: 0.394  ,  Loss/total: 0.89382  ,  Loss/giou: 0.20587  ,  Loss/l1: 0.02194  ,  Loss/location: 0.35247  ,  pro_loss: 0.09943  ,  IoU: 0.80686  ,  Loss/sim: 0.00000
[train: Epoch 41, 300 / 1875] FPS: 82.7 (491.9)  ,  DataTime: 0.326 (0.005)  ,  ForwardTime: 0.057  ,  TotalTime: 0.387  ,  Loss/total: 0.89756  ,  Loss/giou: 0.20699  ,  Loss/l1: 0.02207  ,  Loss/location: 0.35316  ,  pro_loss: 0.10039  ,  IoU: 0.80592  ,  Loss/sim: 0.00000
[train: Epoch 41, 350 / 1875] FPS: 85.0 (502.3)  ,  DataTime: 0.315 (0.005)  ,  ForwardTime: 0.057  ,  TotalTime: 0.376  ,  Loss/total: 0.90144  ,  Loss/giou: 0.20792  ,  Loss/l1: 0.02218  ,  Loss/location: 0.35449  ,  pro_loss: 0.10108  ,  IoU: 0.80503  ,  Loss/sim: 0.00000
[train: Epoch 41, 400 / 1875] FPS: 85.0 (487.7)  ,  DataTime: 0.315 (0.005)  ,  ForwardTime: 0.057  ,  TotalTime: 0.376  ,  Loss/total: 0.90339  ,  Loss/giou: 0.20860  ,  Loss/l1: 0.02226  ,  Loss/location: 0.35476  ,  pro_loss: 0.10074  ,  IoU: 0.80455  ,  Loss/sim: 0.00000
[train: Epoch 41, 450 / 1875] FPS: 87.4 (495.8)  ,  DataTime: 0.305 (0.005)  ,  ForwardTime: 0.057  ,  TotalTime: 0.366  ,  Loss/total: 0.90598  ,  Loss/giou: 0.20908  ,  Loss/l1: 0.02228  ,  Loss/location: 0.35630  ,  pro_loss: 0.10075  ,  IoU: 0.80420  ,  Loss/sim: 0.00000
[train: Epoch 41, 500 / 1875] FPS: 89.2 (502.9)  ,  DataTime: 0.297 (0.005)  ,  ForwardTime: 0.057  ,  TotalTime: 0.359  ,  Loss/total: 0.91087  ,  Loss/giou: 0.20979  ,  Loss/l1: 0.02242  ,  Loss/location: 0.35917  ,  pro_loss: 0.10024  ,  IoU: 0.80354  ,  Loss/sim: 0.00000
[train: Epoch 41, 550 / 1875] FPS: 91.0 (498.7)  ,  DataTime: 0.290 (0.005)  ,  ForwardTime: 0.057  ,  TotalTime: 0.352  ,  Loss/total: 0.91145  ,  Loss/giou: 0.20999  ,  Loss/l1: 0.02243  ,  Loss/location: 0.35924  ,  pro_loss: 0.10026  ,  IoU: 0.80333  ,  Loss/sim: 0.00000
[train: Epoch 41, 600 / 1875] FPS: 92.2 (506.2)  ,  DataTime: 0.286 (0.005)  ,  ForwardTime: 0.057  ,  TotalTime: 0.347  ,  Loss/total: 0.90688  ,  Loss/giou: 0.20906  ,  Loss/l1: 0.02228  ,  Loss/location: 0.35739  ,  pro_loss: 0.09975  ,  IoU: 0.80410  ,  Loss/sim: 0.00000
[train: Epoch 41, 650 / 1875] FPS: 94.2 (501.4)  ,  DataTime: 0.278 (0.005)  ,  ForwardTime: 0.057  ,  TotalTime: 0.340  ,  Loss/total: 0.90516  ,  Loss/giou: 0.20863  ,  Loss/l1: 0.02222  ,  Loss/location: 0.35679  ,  pro_loss: 0.10001  ,  IoU: 0.80445  ,  Loss/sim: 0.00000
[train: Epoch 41, 700 / 1875] FPS: 94.9 (33.6)  ,  DataTime: 0.276 (0.005)  ,  ForwardTime: 0.057  ,  TotalTime: 0.337  ,  Loss/total: 0.90664  ,  Loss/giou: 0.20869  ,  Loss/l1: 0.02222  ,  Loss/location: 0.35811  ,  pro_loss: 0.10016  ,  IoU: 0.80435  ,  Loss/sim: 0.00000
[train: Epoch 41, 750 / 1875] FPS: 96.7 (487.3)  ,  DataTime: 0.270 (0.005)  ,  ForwardTime: 0.057  ,  TotalTime: 0.331  ,  Loss/total: 0.90933  ,  Loss/giou: 0.20947  ,  Loss/l1: 0.02235  ,  Loss/location: 0.35871  ,  pro_loss: 0.09980  ,  IoU: 0.80375  ,  Loss/sim: 0.00000
[train: Epoch 41, 800 / 1875] FPS: 98.1 (489.0)  ,  DataTime: 0.265 (0.005)  ,  ForwardTime: 0.057  ,  TotalTime: 0.326  ,  Loss/total: 0.90929  ,  Loss/giou: 0.20934  ,  Loss/l1: 0.02232  ,  Loss/location: 0.35901  ,  pro_loss: 0.10001  ,  IoU: 0.80389  ,  Loss/sim: 0.00000
[train: Epoch 41, 850 / 1875] FPS: 99.5 (506.6)  ,  DataTime: 0.260 (0.005)  ,  ForwardTime: 0.057  ,  TotalTime: 0.322  ,  Loss/total: 0.90895  ,  Loss/giou: 0.20919  ,  Loss/l1: 0.02228  ,  Loss/location: 0.35911  ,  pro_loss: 0.10045  ,  IoU: 0.80402  ,  Loss/sim: 0.00000
[train: Epoch 41, 900 / 1875] FPS: 101.1 (502.1)  ,  DataTime: 0.255 (0.005)  ,  ForwardTime: 0.057  ,  TotalTime: 0.316  ,  Loss/total: 0.91131  ,  Loss/giou: 0.20963  ,  Loss/l1: 0.02236  ,  Loss/location: 0.36011  ,  pro_loss: 0.10062  ,  IoU: 0.80364  ,  Loss/sim: 0.00000
[train: Epoch 41, 950 / 1875] FPS: 102.2 (500.9)  ,  DataTime: 0.252 (0.005)  ,  ForwardTime: 0.057  ,  TotalTime: 0.313  ,  Loss/total: 0.91177  ,  Loss/giou: 0.20973  ,  Loss/l1: 0.02237  ,  Loss/location: 0.36033  ,  pro_loss: 0.10059  ,  IoU: 0.80354  ,  Loss/sim: 0.00000
[train: Epoch 41, 1000 / 1875] FPS: 103.3 (504.4)  ,  DataTime: 0.248 (0.005)  ,  ForwardTime: 0.057  ,  TotalTime: 0.310  ,  Loss/total: 0.91129  ,  Loss/giou: 0.20939  ,  Loss/l1: 0.02234  ,  Loss/location: 0.36062  ,  pro_loss: 0.10091  ,  IoU: 0.80378  ,  Loss/sim: 0.00000
[train: Epoch 41, 1050 / 1875] FPS: 104.4 (25.8)  ,  DataTime: 0.245 (0.005)  ,  ForwardTime: 0.057  ,  TotalTime: 0.306  ,  Loss/total: 0.91128  ,  Loss/giou: 0.20940  ,  Loss/l1: 0.02238  ,  Loss/location: 0.36042  ,  pro_loss: 0.10080  ,  IoU: 0.80376  ,  Loss/sim: 0.00000
[train: Epoch 41, 1100 / 1875] FPS: 105.9 (496.9)  ,  DataTime: 0.241 (0.005)  ,  ForwardTime: 0.057  ,  TotalTime: 0.302  ,  Loss/total: 0.91269  ,  Loss/giou: 0.20974  ,  Loss/l1: 0.02241  ,  Loss/location: 0.36103  ,  pro_loss: 0.10072  ,  IoU: 0.80341  ,  Loss/sim: 0.00000
[train: Epoch 41, 1150 / 1875] FPS: 106.8 (489.1)  ,  DataTime: 0.238 (0.005)  ,  ForwardTime: 0.057  ,  TotalTime: 0.300  ,  Loss/total: 0.91313  ,  Loss/giou: 0.20975  ,  Loss/l1: 0.02242  ,  Loss/location: 0.36137  ,  pro_loss: 0.10089  ,  IoU: 0.80345  ,  Loss/sim: 0.00000
[train: Epoch 41, 1200 / 1875] FPS: 108.2 (496.5)  ,  DataTime: 0.234 (0.005)  ,  ForwardTime: 0.057  ,  TotalTime: 0.296  ,  Loss/total: 0.91371  ,  Loss/giou: 0.20988  ,  Loss/l1: 0.02245  ,  Loss/location: 0.36152  ,  pro_loss: 0.10096  ,  IoU: 0.80330  ,  Loss/sim: 0.00000
[train: Epoch 41, 1250 / 1875] FPS: 109.6 (497.0)  ,  DataTime: 0.231 (0.005)  ,  ForwardTime: 0.057  ,  TotalTime: 0.292  ,  Loss/total: 0.91395  ,  Loss/giou: 0.20996  ,  Loss/l1: 0.02248  ,  Loss/location: 0.36138  ,  pro_loss: 0.10115  ,  IoU: 0.80330  ,  Loss/sim: 0.00000
[train: Epoch 41, 1300 / 1875] FPS: 110.6 (76.9)  ,  DataTime: 0.228 (0.005)  ,  ForwardTime: 0.057  ,  TotalTime: 0.289  ,  Loss/total: 0.91358  ,  Loss/giou: 0.20981  ,  Loss/l1: 0.02247  ,  Loss/location: 0.36135  ,  pro_loss: 0.10130  ,  IoU: 0.80343  ,  Loss/sim: 0.00000
[train: Epoch 41, 1350 / 1875] FPS: 111.5 (140.0)  ,  DataTime: 0.226 (0.005)  ,  ForwardTime: 0.057  ,  TotalTime: 0.287  ,  Loss/total: 0.91466  ,  Loss/giou: 0.21000  ,  Loss/l1: 0.02251  ,  Loss/location: 0.36184  ,  pro_loss: 0.10132  ,  IoU: 0.80329  ,  Loss/sim: 0.00000
[train: Epoch 41, 1400 / 1875] FPS: 112.9 (36.2)  ,  DataTime: 0.222 (0.005)  ,  ForwardTime: 0.057  ,  TotalTime: 0.284  ,  Loss/total: 0.91402  ,  Loss/giou: 0.20991  ,  Loss/l1: 0.02249  ,  Loss/location: 0.36151  ,  pro_loss: 0.10116  ,  IoU: 0.80337  ,  Loss/sim: 0.00000
[train: Epoch 41, 1450 / 1875] FPS: 114.2 (494.5)  ,  DataTime: 0.219 (0.005)  ,  ForwardTime: 0.057  ,  TotalTime: 0.280  ,  Loss/total: 0.91324  ,  Loss/giou: 0.20968  ,  Loss/l1: 0.02247  ,  Loss/location: 0.36129  ,  pro_loss: 0.10123  ,  IoU: 0.80356  ,  Loss/sim: 0.00000
[train: Epoch 41, 1500 / 1875] FPS: 115.2 (499.2)  ,  DataTime: 0.216 (0.005)  ,  ForwardTime: 0.057  ,  TotalTime: 0.278  ,  Loss/total: 0.91469  ,  Loss/giou: 0.20998  ,  Loss/l1: 0.02253  ,  Loss/location: 0.36181  ,  pro_loss: 0.10145  ,  IoU: 0.80334  ,  Loss/sim: 0.00000
[train: Epoch 41, 1550 / 1875] FPS: 116.4 (500.9)  ,  DataTime: 0.214 (0.005)  ,  ForwardTime: 0.057  ,  TotalTime: 0.275  ,  Loss/total: 0.91501  ,  Loss/giou: 0.21002  ,  Loss/l1: 0.02254  ,  Loss/location: 0.36198  ,  pro_loss: 0.10146  ,  IoU: 0.80332  ,  Loss/sim: 0.00000
[train: Epoch 41, 1600 / 1875] FPS: 117.3 (488.4)  ,  DataTime: 0.211 (0.005)  ,  ForwardTime: 0.057  ,  TotalTime: 0.273  ,  Loss/total: 0.91412  ,  Loss/giou: 0.20987  ,  Loss/l1: 0.02250  ,  Loss/location: 0.36155  ,  pro_loss: 0.10165  ,  IoU: 0.80343  ,  Loss/sim: 0.00000
[train: Epoch 41, 1650 / 1875] FPS: 118.8 (477.4)  ,  DataTime: 0.208 (0.005)  ,  ForwardTime: 0.057  ,  TotalTime: 0.269  ,  Loss/total: 0.91387  ,  Loss/giou: 0.20978  ,  Loss/l1: 0.02250  ,  Loss/location: 0.36147  ,  pro_loss: 0.10161  ,  IoU: 0.80351  ,  Loss/sim: 0.00000
[train: Epoch 41, 1700 / 1875] FPS: 120.0 (405.6)  ,  DataTime: 0.205 (0.005)  ,  ForwardTime: 0.057  ,  TotalTime: 0.267  ,  Loss/total: 0.91274  ,  Loss/giou: 0.20950  ,  Loss/l1: 0.02245  ,  Loss/location: 0.36116  ,  pro_loss: 0.10176  ,  IoU: 0.80371  ,  Loss/sim: 0.00000
[train: Epoch 41, 1750 / 1875] FPS: 121.0 (504.7)  ,  DataTime: 0.203 (0.005)  ,  ForwardTime: 0.057  ,  TotalTime: 0.264  ,  Loss/total: 0.91197  ,  Loss/giou: 0.20929  ,  Loss/l1: 0.02242  ,  Loss/location: 0.36097  ,  pro_loss: 0.10154  ,  IoU: 0.80389  ,  Loss/sim: 0.00000
[train: Epoch 41, 1800 / 1875] FPS: 122.3 (453.4)  ,  DataTime: 0.200 (0.005)  ,  ForwardTime: 0.057  ,  TotalTime: 0.262  ,  Loss/total: 0.91257  ,  Loss/giou: 0.20945  ,  Loss/l1: 0.02244  ,  Loss/location: 0.36118  ,  pro_loss: 0.10149  ,  IoU: 0.80373  ,  Loss/sim: 0.00000
[train: Epoch 41, 1850 / 1875] FPS: 123.5 (491.7)  ,  DataTime: 0.198 (0.005)  ,  ForwardTime: 0.057  ,  TotalTime: 0.259  ,  Loss/total: 0.91275  ,  Loss/giou: 0.20945  ,  Loss/l1: 0.02243  ,  Loss/location: 0.36140  ,  pro_loss: 0.10143  ,  IoU: 0.80373  ,  Loss/sim: 0.00000
[train: Epoch 41, 1875 / 1875] FPS: 124.2 (512.9)  ,  DataTime: 0.196 (0.005)  ,  ForwardTime: 0.057  ,  TotalTime: 0.258  ,  Loss/total: 0.91269  ,  Loss/giou: 0.20940  ,  Loss/l1: 0.02244  ,  Loss/location: 0.36144  ,  pro_loss: 0.10134  ,  IoU: 0.80376  ,  Loss/sim: 0.00000
[train: Epoch 42, 50 / 1875] FPS: 146.7 (496.6)  ,  DataTime: 0.156 (0.005)  ,  ForwardTime: 0.057  ,  TotalTime: 0.218  ,  Loss/total: 0.91527  ,  Loss/giou: 0.20841  ,  Loss/l1: 0.02281  ,  Loss/location: 0.36358  ,  pro_loss: 0.10417  ,  IoU: 0.80465  ,  Loss/sim: 0.00000
[train: Epoch 42, 100 / 1875] FPS: 171.5 (490.2)  ,  DataTime: 0.124 (0.005)  ,  ForwardTime: 0.058  ,  TotalTime: 0.187  ,  Loss/total: 0.89222  ,  Loss/giou: 0.20518  ,  Loss/l1: 0.02221  ,  Loss/location: 0.35047  ,  pro_loss: 0.10177  ,  IoU: 0.80774  ,  Loss/sim: 0.00000
[train: Epoch 42, 150 / 1875] FPS: 180.8 (311.1)  ,  DataTime: 0.114 (0.005)  ,  ForwardTime: 0.058  ,  TotalTime: 0.177  ,  Loss/total: 0.89021  ,  Loss/giou: 0.20417  ,  Loss/l1: 0.02179  ,  Loss/location: 0.35238  ,  pro_loss: 0.10257  ,  IoU: 0.80845  ,  Loss/sim: 0.00000
[train: Epoch 42, 200 / 1875] FPS: 185.1 (481.9)  ,  DataTime: 0.110 (0.005)  ,  ForwardTime: 0.058  ,  TotalTime: 0.173  ,  Loss/total: 0.90763  ,  Loss/giou: 0.20731  ,  Loss/l1: 0.02220  ,  Loss/location: 0.36155  ,  pro_loss: 0.10234  ,  IoU: 0.80564  ,  Loss/sim: 0.00000
[train: Epoch 42, 250 / 1875] FPS: 181.6 (480.0)  ,  DataTime: 0.113 (0.005)  ,  ForwardTime: 0.058  ,  TotalTime: 0.176  ,  Loss/total: 0.91607  ,  Loss/giou: 0.20903  ,  Loss/l1: 0.02255  ,  Loss/location: 0.36503  ,  pro_loss: 0.10117  ,  IoU: 0.80463  ,  Loss/sim: 0.00000
[train: Epoch 42, 300 / 1875] FPS: 183.3 (490.0)  ,  DataTime: 0.112 (0.005)  ,  ForwardTime: 0.058  ,  TotalTime: 0.175  ,  Loss/total: 0.91892  ,  Loss/giou: 0.20981  ,  Loss/l1: 0.02265  ,  Loss/location: 0.36573  ,  pro_loss: 0.10153  ,  IoU: 0.80381  ,  Loss/sim: 0.00000
[train: Epoch 42, 350 / 1875] FPS: 186.5 (488.7)  ,  DataTime: 0.109 (0.005)  ,  ForwardTime: 0.058  ,  TotalTime: 0.172  ,  Loss/total: 0.92326  ,  Loss/giou: 0.21093  ,  Loss/l1: 0.02290  ,  Loss/location: 0.36666  ,  pro_loss: 0.10113  ,  IoU: 0.80289  ,  Loss/sim: 0.00000
[train: Epoch 42, 400 / 1875] FPS: 189.0 (452.3)  ,  DataTime: 0.106 (0.005)  ,  ForwardTime: 0.058  ,  TotalTime: 0.169  ,  Loss/total: 0.91757  ,  Loss/giou: 0.20979  ,  Loss/l1: 0.02268  ,  Loss/location: 0.36421  ,  pro_loss: 0.10203  ,  IoU: 0.80382  ,  Loss/sim: 0.00000
[train: Epoch 42, 450 / 1875] FPS: 188.6 (500.9)  ,  DataTime: 0.107 (0.005)  ,  ForwardTime: 0.058  ,  TotalTime: 0.170  ,  Loss/total: 0.91571  ,  Loss/giou: 0.20959  ,  Loss/l1: 0.02266  ,  Loss/location: 0.36281  ,  pro_loss: 0.10218  ,  IoU: 0.80413  ,  Loss/sim: 0.00000
[train: Epoch 42, 500 / 1875] FPS: 191.6 (67.9)  ,  DataTime: 0.104 (0.005)  ,  ForwardTime: 0.058  ,  TotalTime: 0.167  ,  Loss/total: 0.91485  ,  Loss/giou: 0.20944  ,  Loss/l1: 0.02255  ,  Loss/location: 0.36272  ,  pro_loss: 0.10240  ,  IoU: 0.80415  ,  Loss/sim: 0.00000
[train: Epoch 42, 550 / 1875] FPS: 193.7 (473.1)  ,  DataTime: 0.102 (0.005)  ,  ForwardTime: 0.058  ,  TotalTime: 0.165  ,  Loss/total: 0.91570  ,  Loss/giou: 0.20946  ,  Loss/l1: 0.02259  ,  Loss/location: 0.36334  ,  pro_loss: 0.10250  ,  IoU: 0.80407  ,  Loss/sim: 0.00000
[train: Epoch 42, 600 / 1875] FPS: 197.0 (47.8)  ,  DataTime: 0.099 (0.005)  ,  ForwardTime: 0.058  ,  TotalTime: 0.162  ,  Loss/total: 0.91625  ,  Loss/giou: 0.20960  ,  Loss/l1: 0.02265  ,  Loss/location: 0.36326  ,  pro_loss: 0.10259  ,  IoU: 0.80400  ,  Loss/sim: 0.00000
[train: Epoch 42, 650 / 1875] FPS: 199.6 (208.2)  ,  DataTime: 0.097 (0.005)  ,  ForwardTime: 0.058  ,  TotalTime: 0.160  ,  Loss/total: 0.91632  ,  Loss/giou: 0.20965  ,  Loss/l1: 0.02267  ,  Loss/location: 0.36319  ,  pro_loss: 0.10240  ,  IoU: 0.80390  ,  Loss/sim: 0.00000
[train: Epoch 42, 700 / 1875] FPS: 201.2 (497.1)  ,  DataTime: 0.096 (0.005)  ,  ForwardTime: 0.058  ,  TotalTime: 0.159  ,  Loss/total: 0.91379  ,  Loss/giou: 0.20914  ,  Loss/l1: 0.02259  ,  Loss/location: 0.36215  ,  pro_loss: 0.10201  ,  IoU: 0.80421  ,  Loss/sim: 0.00000
[train: Epoch 42, 750 / 1875] FPS: 202.8 (485.2)  ,  DataTime: 0.094 (0.005)  ,  ForwardTime: 0.058  ,  TotalTime: 0.158  ,  Loss/total: 0.91551  ,  Loss/giou: 0.20940  ,  Loss/l1: 0.02262  ,  Loss/location: 0.36320  ,  pro_loss: 0.10199  ,  IoU: 0.80402  ,  Loss/sim: 0.00000
[train: Epoch 42, 800 / 1875] FPS: 204.9 (449.9)  ,  DataTime: 0.092 (0.005)  ,  ForwardTime: 0.058  ,  TotalTime: 0.156  ,  Loss/total: 0.91832  ,  Loss/giou: 0.20986  ,  Loss/l1: 0.02270  ,  Loss/location: 0.36467  ,  pro_loss: 0.10210  ,  IoU: 0.80372  ,  Loss/sim: 0.00000
[train: Epoch 42, 850 / 1875] FPS: 206.5 (114.8)  ,  DataTime: 0.091 (0.005)  ,  ForwardTime: 0.058  ,  TotalTime: 0.155  ,  Loss/total: 0.91688  ,  Loss/giou: 0.20944  ,  Loss/l1: 0.02264  ,  Loss/location: 0.36427  ,  pro_loss: 0.10264  ,  IoU: 0.80409  ,  Loss/sim: 0.00000
[train: Epoch 42, 900 / 1875] FPS: 208.0 (449.7)  ,  DataTime: 0.090 (0.005)  ,  ForwardTime: 0.058  ,  TotalTime: 0.154  ,  Loss/total: 0.91812  ,  Loss/giou: 0.20981  ,  Loss/l1: 0.02268  ,  Loss/location: 0.36449  ,  pro_loss: 0.10292  ,  IoU: 0.80377  ,  Loss/sim: 0.00000
[train: Epoch 42, 950 / 1875] FPS: 209.4 (460.3)  ,  DataTime: 0.089 (0.005)  ,  ForwardTime: 0.059  ,  TotalTime: 0.153  ,  Loss/total: 0.92027  ,  Loss/giou: 0.21042  ,  Loss/l1: 0.02278  ,  Loss/location: 0.36487  ,  pro_loss: 0.10324  ,  IoU: 0.80324  ,  Loss/sim: 0.00000
[train: Epoch 42, 1000 / 1875] FPS: 211.1 (442.9)  ,  DataTime: 0.088 (0.005)  ,  ForwardTime: 0.059  ,  TotalTime: 0.152  ,  Loss/total: 0.91786  ,  Loss/giou: 0.20994  ,  Loss/l1: 0.02271  ,  Loss/location: 0.36380  ,  pro_loss: 0.10310  ,  IoU: 0.80366  ,  Loss/sim: 0.00000
[train: Epoch 42, 1050 / 1875] FPS: 212.2 (42.7)  ,  DataTime: 0.087 (0.005)  ,  ForwardTime: 0.059  ,  TotalTime: 0.151  ,  Loss/total: 0.91939  ,  Loss/giou: 0.21027  ,  Loss/l1: 0.02276  ,  Loss/location: 0.36449  ,  pro_loss: 0.10282  ,  IoU: 0.80336  ,  Loss/sim: 0.00000
[train: Epoch 42, 1100 / 1875] FPS: 214.0 (395.3)  ,  DataTime: 0.085 (0.005)  ,  ForwardTime: 0.059  ,  TotalTime: 0.150  ,  Loss/total: 0.92043  ,  Loss/giou: 0.21064  ,  Loss/l1: 0.02285  ,  Loss/location: 0.36434  ,  pro_loss: 0.10286  ,  IoU: 0.80316  ,  Loss/sim: 0.00000
[train: Epoch 42, 1150 / 1875] FPS: 215.0 (468.0)  ,  DataTime: 0.085 (0.005)  ,  ForwardTime: 0.059  ,  TotalTime: 0.149  ,  Loss/total: 0.91953  ,  Loss/giou: 0.21039  ,  Loss/l1: 0.02280  ,  Loss/location: 0.36422  ,  pro_loss: 0.10275  ,  IoU: 0.80334  ,  Loss/sim: 0.00000
[train: Epoch 42, 1200 / 1875] FPS: 216.9 (450.4)  ,  DataTime: 0.083 (0.005)  ,  ForwardTime: 0.059  ,  TotalTime: 0.148  ,  Loss/total: 0.91823  ,  Loss/giou: 0.21013  ,  Loss/l1: 0.02275  ,  Loss/location: 0.36361  ,  pro_loss: 0.10297  ,  IoU: 0.80356  ,  Loss/sim: 0.00000
[train: Epoch 42, 1250 / 1875] FPS: 217.9 (432.0)  ,  DataTime: 0.082 (0.005)  ,  ForwardTime: 0.059  ,  TotalTime: 0.147  ,  Loss/total: 0.91887  ,  Loss/giou: 0.21024  ,  Loss/l1: 0.02279  ,  Loss/location: 0.36382  ,  pro_loss: 0.10312  ,  IoU: 0.80348  ,  Loss/sim: 0.00000
[train: Epoch 42, 1300 / 1875] FPS: 220.2 (462.7)  ,  DataTime: 0.081 (0.005)  ,  ForwardTime: 0.059  ,  TotalTime: 0.145  ,  Loss/total: 0.91766  ,  Loss/giou: 0.21004  ,  Loss/l1: 0.02274  ,  Loss/location: 0.36329  ,  pro_loss: 0.10295  ,  IoU: 0.80369  ,  Loss/sim: 0.00000
[train: Epoch 42, 1350 / 1875] FPS: 221.6 (466.4)  ,  DataTime: 0.080 (0.006)  ,  ForwardTime: 0.059  ,  TotalTime: 0.144  ,  Loss/total: 0.91725  ,  Loss/giou: 0.21003  ,  Loss/l1: 0.02274  ,  Loss/location: 0.36291  ,  pro_loss: 0.10298  ,  IoU: 0.80371  ,  Loss/sim: 0.00000
[train: Epoch 42, 1400 / 1875] FPS: 223.1 (201.6)  ,  DataTime: 0.079 (0.006)  ,  ForwardTime: 0.059  ,  TotalTime: 0.143  ,  Loss/total: 0.91636  ,  Loss/giou: 0.20987  ,  Loss/l1: 0.02269  ,  Loss/location: 0.36256  ,  pro_loss: 0.10318  ,  IoU: 0.80382  ,  Loss/sim: 0.00000
[train: Epoch 42, 1450 / 1875] FPS: 224.0 (59.5)  ,  DataTime: 0.078 (0.006)  ,  ForwardTime: 0.059  ,  TotalTime: 0.143  ,  Loss/total: 0.91583  ,  Loss/giou: 0.20980  ,  Loss/l1: 0.02268  ,  Loss/location: 0.36220  ,  pro_loss: 0.10319  ,  IoU: 0.80389  ,  Loss/sim: 0.00000
[train: Epoch 42, 1500 / 1875] FPS: 224.9 (466.9)  ,  DataTime: 0.078 (0.006)  ,  ForwardTime: 0.059  ,  TotalTime: 0.142  ,  Loss/total: 0.91601  ,  Loss/giou: 0.20986  ,  Loss/l1: 0.02268  ,  Loss/location: 0.36222  ,  pro_loss: 0.10325  ,  IoU: 0.80384  ,  Loss/sim: 0.00000
[train: Epoch 42, 1550 / 1875] FPS: 226.4 (435.9)  ,  DataTime: 0.077 (0.006)  ,  ForwardTime: 0.059  ,  TotalTime: 0.141  ,  Loss/total: 0.91616  ,  Loss/giou: 0.20975  ,  Loss/l1: 0.02268  ,  Loss/location: 0.36262  ,  pro_loss: 0.10327  ,  IoU: 0.80393  ,  Loss/sim: 0.00000
[train: Epoch 42, 1600 / 1875] FPS: 227.6 (476.5)  ,  DataTime: 0.076 (0.006)  ,  ForwardTime: 0.059  ,  TotalTime: 0.141  ,  Loss/total: 0.91685  ,  Loss/giou: 0.20994  ,  Loss/l1: 0.02271  ,  Loss/location: 0.36283  ,  pro_loss: 0.10304  ,  IoU: 0.80374  ,  Loss/sim: 0.00000
[train: Epoch 42, 1650 / 1875] FPS: 228.3 (475.3)  ,  DataTime: 0.075 (0.006)  ,  ForwardTime: 0.059  ,  TotalTime: 0.140  ,  Loss/total: 0.91666  ,  Loss/giou: 0.20975  ,  Loss/l1: 0.02268  ,  Loss/location: 0.36313  ,  pro_loss: 0.10321  ,  IoU: 0.80391  ,  Loss/sim: 0.00000
[train: Epoch 42, 1700 / 1875] FPS: 229.5 (135.8)  ,  DataTime: 0.075 (0.006)  ,  ForwardTime: 0.059  ,  TotalTime: 0.139  ,  Loss/total: 0.91596  ,  Loss/giou: 0.20970  ,  Loss/l1: 0.02266  ,  Loss/location: 0.36260  ,  pro_loss: 0.10328  ,  IoU: 0.80395  ,  Loss/sim: 0.00000
[train: Epoch 42, 1750 / 1875] FPS: 230.3 (460.0)  ,  DataTime: 0.074 (0.006)  ,  ForwardTime: 0.059  ,  TotalTime: 0.139  ,  Loss/total: 0.91544  ,  Loss/giou: 0.20958  ,  Loss/l1: 0.02262  ,  Loss/location: 0.36249  ,  pro_loss: 0.10339  ,  IoU: 0.80406  ,  Loss/sim: 0.00000
[train: Epoch 42, 1800 / 1875] FPS: 231.8 (453.6)  ,  DataTime: 0.073 (0.006)  ,  ForwardTime: 0.059  ,  TotalTime: 0.138  ,  Loss/total: 0.91602  ,  Loss/giou: 0.20974  ,  Loss/l1: 0.02266  ,  Loss/location: 0.36264  ,  pro_loss: 0.10314  ,  IoU: 0.80388  ,  Loss/sim: 0.00000
[train: Epoch 42, 1850 / 1875] FPS: 233.0 (442.4)  ,  DataTime: 0.072 (0.006)  ,  ForwardTime: 0.059  ,  TotalTime: 0.137  ,  Loss/total: 0.91672  ,  Loss/giou: 0.20992  ,  Loss/l1: 0.02270  ,  Loss/location: 0.36279  ,  pro_loss: 0.10301  ,  IoU: 0.80375  ,  Loss/sim: 0.00000
[train: Epoch 42, 1875 / 1875] FPS: 233.9 (341.9)  ,  DataTime: 0.072 (0.006)  ,  ForwardTime: 0.059  ,  TotalTime: 0.137  ,  Loss/total: 0.91695  ,  Loss/giou: 0.20999  ,  Loss/l1: 0.02271  ,  Loss/location: 0.36281  ,  pro_loss: 0.10308  ,  IoU: 0.80370  ,  Loss/sim: 0.00000
[train: Epoch 43, 50 / 1875] FPS: 242.8 (424.5)  ,  DataTime: 0.064 (0.006)  ,  ForwardTime: 0.062  ,  TotalTime: 0.132  ,  Loss/total: 0.90662  ,  Loss/giou: 0.20803  ,  Loss/l1: 0.02142  ,  Loss/location: 0.36235  ,  pro_loss: 0.10542  ,  IoU: 0.80500  ,  Loss/sim: 0.00000
[train: Epoch 43, 100 / 1875] FPS: 255.9 (208.5)  ,  DataTime: 0.058 (0.006)  ,  ForwardTime: 0.061  ,  TotalTime: 0.125  ,  Loss/total: 0.91908  ,  Loss/giou: 0.21126  ,  Loss/l1: 0.02243  ,  Loss/location: 0.36394  ,  pro_loss: 0.10230  ,  IoU: 0.80238  ,  Loss/sim: 0.00000
[train: Epoch 43, 150 / 1875] FPS: 264.2 (451.3)  ,  DataTime: 0.054 (0.006)  ,  ForwardTime: 0.061  ,  TotalTime: 0.121  ,  Loss/total: 0.93445  ,  Loss/giou: 0.21357  ,  Loss/l1: 0.02317  ,  Loss/location: 0.37070  ,  pro_loss: 0.10368  ,  IoU: 0.80051  ,  Loss/sim: 0.00000
[train: Epoch 43, 200 / 1875] FPS: 268.8 (454.2)  ,  DataTime: 0.052 (0.006)  ,  ForwardTime: 0.061  ,  TotalTime: 0.119  ,  Loss/total: 0.93258  ,  Loss/giou: 0.21255  ,  Loss/l1: 0.02335  ,  Loss/location: 0.36980  ,  pro_loss: 0.10459  ,  IoU: 0.80165  ,  Loss/sim: 0.00000
[train: Epoch 43, 250 / 1875] FPS: 268.2 (461.2)  ,  DataTime: 0.052 (0.006)  ,  ForwardTime: 0.061  ,  TotalTime: 0.119  ,  Loss/total: 0.93461  ,  Loss/giou: 0.21278  ,  Loss/l1: 0.02341  ,  Loss/location: 0.37132  ,  pro_loss: 0.10338  ,  IoU: 0.80149  ,  Loss/sim: 0.00000
[train: Epoch 43, 300 / 1875] FPS: 274.1 (317.0)  ,  DataTime: 0.049 (0.006)  ,  ForwardTime: 0.061  ,  TotalTime: 0.117  ,  Loss/total: 0.93460  ,  Loss/giou: 0.21304  ,  Loss/l1: 0.02348  ,  Loss/location: 0.37050  ,  pro_loss: 0.10306  ,  IoU: 0.80146  ,  Loss/sim: 0.00000
[train: Epoch 43, 350 / 1875] FPS: 277.0 (450.0)  ,  DataTime: 0.048 (0.006)  ,  ForwardTime: 0.061  ,  TotalTime: 0.116  ,  Loss/total: 0.93251  ,  Loss/giou: 0.21263  ,  Loss/l1: 0.02341  ,  Loss/location: 0.36972  ,  pro_loss: 0.10244  ,  IoU: 0.80177  ,  Loss/sim: 0.00000
[train: Epoch 43, 400 / 1875] FPS: 279.7 (450.3)  ,  DataTime: 0.047 (0.006)  ,  ForwardTime: 0.061  ,  TotalTime: 0.114  ,  Loss/total: 0.92800  ,  Loss/giou: 0.21168  ,  Loss/l1: 0.02325  ,  Loss/location: 0.36794  ,  pro_loss: 0.10227  ,  IoU: 0.80257  ,  Loss/sim: 0.00000
[train: Epoch 43, 450 / 1875] FPS: 281.6 (114.4)  ,  DataTime: 0.046 (0.006)  ,  ForwardTime: 0.061  ,  TotalTime: 0.114  ,  Loss/total: 0.93123  ,  Loss/giou: 0.21206  ,  Loss/l1: 0.02329  ,  Loss/location: 0.37018  ,  pro_loss: 0.10245  ,  IoU: 0.80218  ,  Loss/sim: 0.00000
[train: Epoch 43, 500 / 1875] FPS: 282.6 (115.0)  ,  DataTime: 0.046 (0.006)  ,  ForwardTime: 0.061  ,  TotalTime: 0.113  ,  Loss/total: 0.93428  ,  Loss/giou: 0.21252  ,  Loss/l1: 0.02340  ,  Loss/location: 0.37165  ,  pro_loss: 0.10306  ,  IoU: 0.80178  ,  Loss/sim: 0.00000
[train: Epoch 43, 550 / 1875] FPS: 283.3 (449.7)  ,  DataTime: 0.045 (0.006)  ,  ForwardTime: 0.061  ,  TotalTime: 0.113  ,  Loss/total: 0.93252  ,  Loss/giou: 0.21227  ,  Loss/l1: 0.02334  ,  Loss/location: 0.37062  ,  pro_loss: 0.10328  ,  IoU: 0.80204  ,  Loss/sim: 0.00000
[train: Epoch 43, 600 / 1875] FPS: 286.7 (174.0)  ,  DataTime: 0.044 (0.006)  ,  ForwardTime: 0.061  ,  TotalTime: 0.112  ,  Loss/total: 0.92912  ,  Loss/giou: 0.21167  ,  Loss/l1: 0.02319  ,  Loss/location: 0.36921  ,  pro_loss: 0.10313  ,  IoU: 0.80244  ,  Loss/sim: 0.00000
[train: Epoch 43, 650 / 1875] FPS: 286.1 (406.6)  ,  DataTime: 0.044 (0.006)  ,  ForwardTime: 0.061  ,  TotalTime: 0.112  ,  Loss/total: 0.92971  ,  Loss/giou: 0.21178  ,  Loss/l1: 0.02318  ,  Loss/location: 0.36956  ,  pro_loss: 0.10350  ,  IoU: 0.80225  ,  Loss/sim: 0.00000
[train: Epoch 43, 700 / 1875] FPS: 286.8 (445.9)  ,  DataTime: 0.044 (0.006)  ,  ForwardTime: 0.062  ,  TotalTime: 0.112  ,  Loss/total: 0.93205  ,  Loss/giou: 0.21231  ,  Loss/l1: 0.02326  ,  Loss/location: 0.37045  ,  pro_loss: 0.10343  ,  IoU: 0.80181  ,  Loss/sim: 0.00000
[train: Epoch 43, 750 / 1875] FPS: 288.6 (450.2)  ,  DataTime: 0.043 (0.006)  ,  ForwardTime: 0.062  ,  TotalTime: 0.111  ,  Loss/total: 0.93111  ,  Loss/giou: 0.21196  ,  Loss/l1: 0.02319  ,  Loss/location: 0.37061  ,  pro_loss: 0.10316  ,  IoU: 0.80206  ,  Loss/sim: 0.00000
[train: Epoch 43, 800 / 1875] FPS: 288.3 (406.1)  ,  DataTime: 0.043 (0.006)  ,  ForwardTime: 0.062  ,  TotalTime: 0.111  ,  Loss/total: 0.92836  ,  Loss/giou: 0.21153  ,  Loss/l1: 0.02310  ,  Loss/location: 0.36912  ,  pro_loss: 0.10330  ,  IoU: 0.80241  ,  Loss/sim: 0.00000
[train: Epoch 43, 850 / 1875] FPS: 290.5 (97.2)  ,  DataTime: 0.042 (0.006)  ,  ForwardTime: 0.062  ,  TotalTime: 0.110  ,  Loss/total: 0.92779  ,  Loss/giou: 0.21145  ,  Loss/l1: 0.02304  ,  Loss/location: 0.36904  ,  pro_loss: 0.10318  ,  IoU: 0.80236  ,  Loss/sim: 0.00000
[train: Epoch 43, 900 / 1875] FPS: 292.2 (424.3)  ,  DataTime: 0.042 (0.006)  ,  ForwardTime: 0.062  ,  TotalTime: 0.109  ,  Loss/total: 0.92631  ,  Loss/giou: 0.21127  ,  Loss/l1: 0.02299  ,  Loss/location: 0.36819  ,  pro_loss: 0.10324  ,  IoU: 0.80253  ,  Loss/sim: 0.00000
[train: Epoch 43, 950 / 1875] FPS: 292.5 (389.1)  ,  DataTime: 0.042 (0.006)  ,  ForwardTime: 0.062  ,  TotalTime: 0.109  ,  Loss/total: 0.92444  ,  Loss/giou: 0.21100  ,  Loss/l1: 0.02291  ,  Loss/location: 0.36725  ,  pro_loss: 0.10311  ,  IoU: 0.80276  ,  Loss/sim: 0.00000
[train: Epoch 43, 1000 / 1875] FPS: 292.0 (443.0)  ,  DataTime: 0.042 (0.006)  ,  ForwardTime: 0.062  ,  TotalTime: 0.110  ,  Loss/total: 0.92702  ,  Loss/giou: 0.21150  ,  Loss/l1: 0.02306  ,  Loss/location: 0.36813  ,  pro_loss: 0.10304  ,  IoU: 0.80248  ,  Loss/sim: 0.00000
[train: Epoch 43, 1050 / 1875] FPS: 292.4 (129.1)  ,  DataTime: 0.041 (0.006)  ,  ForwardTime: 0.062  ,  TotalTime: 0.109  ,  Loss/total: 0.92925  ,  Loss/giou: 0.21194  ,  Loss/l1: 0.02315  ,  Loss/location: 0.36904  ,  pro_loss: 0.10283  ,  IoU: 0.80210  ,  Loss/sim: 0.00000
[train: Epoch 43, 1100 / 1875] FPS: 294.0 (429.7)  ,  DataTime: 0.041 (0.006)  ,  ForwardTime: 0.062  ,  TotalTime: 0.109  ,  Loss/total: 0.92928  ,  Loss/giou: 0.21183  ,  Loss/l1: 0.02315  ,  Loss/location: 0.36928  ,  pro_loss: 0.10297  ,  IoU: 0.80218  ,  Loss/sim: 0.00000
[train: Epoch 43, 1150 / 1875] FPS: 295.9 (352.1)  ,  DataTime: 0.040 (0.006)  ,  ForwardTime: 0.062  ,  TotalTime: 0.108  ,  Loss/total: 0.92723  ,  Loss/giou: 0.21133  ,  Loss/l1: 0.02307  ,  Loss/location: 0.36858  ,  pro_loss: 0.10309  ,  IoU: 0.80261  ,  Loss/sim: 0.00000
[train: Epoch 43, 1200 / 1875] FPS: 295.9 (271.3)  ,  DataTime: 0.040 (0.006)  ,  ForwardTime: 0.062  ,  TotalTime: 0.108  ,  Loss/total: 0.92657  ,  Loss/giou: 0.21123  ,  Loss/l1: 0.02305  ,  Loss/location: 0.36826  ,  pro_loss: 0.10298  ,  IoU: 0.80273  ,  Loss/sim: 0.00000
[train: Epoch 43, 1250 / 1875] FPS: 296.5 (409.2)  ,  DataTime: 0.040 (0.006)  ,  ForwardTime: 0.062  ,  TotalTime: 0.108  ,  Loss/total: 0.92476  ,  Loss/giou: 0.21091  ,  Loss/l1: 0.02297  ,  Loss/location: 0.36754  ,  pro_loss: 0.10259  ,  IoU: 0.80292  ,  Loss/sim: 0.00000
[train: Epoch 43, 1300 / 1875] FPS: 296.9 (401.2)  ,  DataTime: 0.039 (0.006)  ,  ForwardTime: 0.062  ,  TotalTime: 0.108  ,  Loss/total: 0.92395  ,  Loss/giou: 0.21082  ,  Loss/l1: 0.02296  ,  Loss/location: 0.36701  ,  pro_loss: 0.10253  ,  IoU: 0.80300  ,  Loss/sim: 0.00000
[train: Epoch 43, 1350 / 1875] FPS: 298.0 (450.7)  ,  DataTime: 0.039 (0.006)  ,  ForwardTime: 0.062  ,  TotalTime: 0.107  ,  Loss/total: 0.92188  ,  Loss/giou: 0.21035  ,  Loss/l1: 0.02285  ,  Loss/location: 0.36641  ,  pro_loss: 0.10263  ,  IoU: 0.80337  ,  Loss/sim: 0.00000
[train: Epoch 43, 1400 / 1875] FPS: 299.1 (176.7)  ,  DataTime: 0.039 (0.006)  ,  ForwardTime: 0.062  ,  TotalTime: 0.107  ,  Loss/total: 0.92211  ,  Loss/giou: 0.21052  ,  Loss/l1: 0.02289  ,  Loss/location: 0.36605  ,  pro_loss: 0.10273  ,  IoU: 0.80328  ,  Loss/sim: 0.00000
[train: Epoch 43, 1450 / 1875] FPS: 299.1 (445.6)  ,  DataTime: 0.039 (0.006)  ,  ForwardTime: 0.062  ,  TotalTime: 0.107  ,  Loss/total: 0.92098  ,  Loss/giou: 0.21025  ,  Loss/l1: 0.02283  ,  Loss/location: 0.36577  ,  pro_loss: 0.10280  ,  IoU: 0.80347  ,  Loss/sim: 0.00000
[train: Epoch 43, 1500 / 1875] FPS: 300.0 (413.8)  ,  DataTime: 0.038 (0.006)  ,  ForwardTime: 0.062  ,  TotalTime: 0.107  ,  Loss/total: 0.91934  ,  Loss/giou: 0.20994  ,  Loss/l1: 0.02277  ,  Loss/location: 0.36506  ,  pro_loss: 0.10277  ,  IoU: 0.80372  ,  Loss/sim: 0.00000
[train: Epoch 43, 1550 / 1875] FPS: 301.2 (386.6)  ,  DataTime: 0.038 (0.006)  ,  ForwardTime: 0.062  ,  TotalTime: 0.106  ,  Loss/total: 0.91863  ,  Loss/giou: 0.20974  ,  Loss/l1: 0.02273  ,  Loss/location: 0.36500  ,  pro_loss: 0.10259  ,  IoU: 0.80386  ,  Loss/sim: 0.00000
[train: Epoch 43, 1600 / 1875] FPS: 302.2 (442.1)  ,  DataTime: 0.037 (0.006)  ,  ForwardTime: 0.062  ,  TotalTime: 0.106  ,  Loss/total: 0.91893  ,  Loss/giou: 0.20990  ,  Loss/l1: 0.02275  ,  Loss/location: 0.36484  ,  pro_loss: 0.10265  ,  IoU: 0.80375  ,  Loss/sim: 0.00000
[train: Epoch 43, 1650 / 1875] FPS: 302.6 (89.0)  ,  DataTime: 0.037 (0.006)  ,  ForwardTime: 0.062  ,  TotalTime: 0.106  ,  Loss/total: 0.91943  ,  Loss/giou: 0.21003  ,  Loss/l1: 0.02278  ,  Loss/location: 0.36490  ,  pro_loss: 0.10289  ,  IoU: 0.80366  ,  Loss/sim: 0.00000
[train: Epoch 43, 1700 / 1875] FPS: 303.4 (438.0)  ,  DataTime: 0.037 (0.006)  ,  ForwardTime: 0.062  ,  TotalTime: 0.105  ,  Loss/total: 0.91965  ,  Loss/giou: 0.21005  ,  Loss/l1: 0.02278  ,  Loss/location: 0.36506  ,  pro_loss: 0.10289  ,  IoU: 0.80365  ,  Loss/sim: 0.00000
[train: Epoch 43, 1750 / 1875] FPS: 303.9 (83.4)  ,  DataTime: 0.036 (0.006)  ,  ForwardTime: 0.062  ,  TotalTime: 0.105  ,  Loss/total: 0.91913  ,  Loss/giou: 0.20999  ,  Loss/l1: 0.02276  ,  Loss/location: 0.36476  ,  pro_loss: 0.10295  ,  IoU: 0.80368  ,  Loss/sim: 0.00000
[train: Epoch 43, 1800 / 1875] FPS: 304.6 (447.5)  ,  DataTime: 0.036 (0.006)  ,  ForwardTime: 0.062  ,  TotalTime: 0.105  ,  Loss/total: 0.91881  ,  Loss/giou: 0.20995  ,  Loss/l1: 0.02272  ,  Loss/location: 0.36475  ,  pro_loss: 0.10270  ,  IoU: 0.80367  ,  Loss/sim: 0.00000
[train: Epoch 43, 1850 / 1875] FPS: 305.0 (449.9)  ,  DataTime: 0.036 (0.006)  ,  ForwardTime: 0.062  ,  TotalTime: 0.105  ,  Loss/total: 0.91913  ,  Loss/giou: 0.21006  ,  Loss/l1: 0.02273  ,  Loss/location: 0.36488  ,  pro_loss: 0.10253  ,  IoU: 0.80357  ,  Loss/sim: 0.00000
[train: Epoch 43, 1875 / 1875] FPS: 305.8 (509.6)  ,  DataTime: 0.036 (0.006)  ,  ForwardTime: 0.062  ,  TotalTime: 0.105  ,  Loss/total: 0.91939  ,  Loss/giou: 0.21007  ,  Loss/l1: 0.02272  ,  Loss/location: 0.36516  ,  pro_loss: 0.10252  ,  IoU: 0.80354  ,  Loss/sim: 0.00000
[train: Epoch 44, 50 / 1875] FPS: 279.8 (448.8)  ,  DataTime: 0.043 (0.007)  ,  ForwardTime: 0.065  ,  TotalTime: 0.114  ,  Loss/total: 0.86373  ,  Loss/giou: 0.20023  ,  Loss/l1: 0.01983  ,  Loss/location: 0.34271  ,  pro_loss: 0.10708  ,  IoU: 0.81013  ,  Loss/sim: 0.00000
[train: Epoch 44, 100 / 1875] FPS: 303.6 (448.4)  ,  DataTime: 0.035 (0.007)  ,  ForwardTime: 0.064  ,  TotalTime: 0.105  ,  Loss/total: 0.87902  ,  Loss/giou: 0.20328  ,  Loss/l1: 0.02104  ,  Loss/location: 0.34706  ,  pro_loss: 0.10104  ,  IoU: 0.80855  ,  Loss/sim: 0.00000
[train: Epoch 44, 150 / 1875] FPS: 318.6 (353.0)  ,  DataTime: 0.030 (0.007)  ,  ForwardTime: 0.064  ,  TotalTime: 0.100  ,  Loss/total: 0.88408  ,  Loss/giou: 0.20391  ,  Loss/l1: 0.02137  ,  Loss/location: 0.34919  ,  pro_loss: 0.10104  ,  IoU: 0.80868  ,  Loss/sim: 0.00000
[train: Epoch 44, 200 / 1875] FPS: 325.2 (292.7)  ,  DataTime: 0.028 (0.007)  ,  ForwardTime: 0.064  ,  TotalTime: 0.098  ,  Loss/total: 0.89620  ,  Loss/giou: 0.20610  ,  Loss/l1: 0.02170  ,  Loss/location: 0.35557  ,  pro_loss: 0.09974  ,  IoU: 0.80642  ,  Loss/sim: 0.00000
[train: Epoch 44, 250 / 1875] FPS: 324.2 (410.5)  ,  DataTime: 0.028 (0.007)  ,  ForwardTime: 0.064  ,  TotalTime: 0.099  ,  Loss/total: 0.89385  ,  Loss/giou: 0.20531  ,  Loss/l1: 0.02161  ,  Loss/location: 0.35489  ,  pro_loss: 0.10130  ,  IoU: 0.80713  ,  Loss/sim: 0.00000
[train: Epoch 44, 300 / 1875] FPS: 324.5 (220.2)  ,  DataTime: 0.028 (0.007)  ,  ForwardTime: 0.064  ,  TotalTime: 0.099  ,  Loss/total: 0.90282  ,  Loss/giou: 0.20729  ,  Loss/l1: 0.02212  ,  Loss/location: 0.35734  ,  pro_loss: 0.10147  ,  IoU: 0.80572  ,  Loss/sim: 0.00000
[train: Epoch 44, 350 / 1875] FPS: 326.4 (446.1)  ,  DataTime: 0.027 (0.007)  ,  ForwardTime: 0.064  ,  TotalTime: 0.098  ,  Loss/total: 0.90103  ,  Loss/giou: 0.20691  ,  Loss/l1: 0.02203  ,  Loss/location: 0.35665  ,  pro_loss: 0.10191  ,  IoU: 0.80604  ,  Loss/sim: 0.00000
[train: Epoch 44, 400 / 1875] FPS: 324.7 (296.6)  ,  DataTime: 0.028 (0.007)  ,  ForwardTime: 0.064  ,  TotalTime: 0.099  ,  Loss/total: 0.90596  ,  Loss/giou: 0.20798  ,  Loss/l1: 0.02227  ,  Loss/location: 0.35833  ,  pro_loss: 0.10154  ,  IoU: 0.80522  ,  Loss/sim: 0.00000
[train: Epoch 44, 450 / 1875] FPS: 324.5 (434.5)  ,  DataTime: 0.028 (0.007)  ,  ForwardTime: 0.064  ,  TotalTime: 0.099  ,  Loss/total: 0.90721  ,  Loss/giou: 0.20828  ,  Loss/l1: 0.02234  ,  Loss/location: 0.35870  ,  pro_loss: 0.10126  ,  IoU: 0.80506  ,  Loss/sim: 0.00000
[train: Epoch 44, 500 / 1875] FPS: 326.7 (357.1)  ,  DataTime: 0.027 (0.007)  ,  ForwardTime: 0.064  ,  TotalTime: 0.098  ,  Loss/total: 0.90346  ,  Loss/giou: 0.20753  ,  Loss/l1: 0.02218  ,  Loss/location: 0.35725  ,  pro_loss: 0.10124  ,  IoU: 0.80568  ,  Loss/sim: 0.00000
[train: Epoch 44, 550 / 1875] FPS: 327.2 (423.3)  ,  DataTime: 0.027 (0.007)  ,  ForwardTime: 0.064  ,  TotalTime: 0.098  ,  Loss/total: 0.90876  ,  Loss/giou: 0.20869  ,  Loss/l1: 0.02240  ,  Loss/location: 0.35924  ,  pro_loss: 0.10080  ,  IoU: 0.80474  ,  Loss/sim: 0.00000
[train: Epoch 44, 600 / 1875] FPS: 326.9 (146.0)  ,  DataTime: 0.027 (0.007)  ,  ForwardTime: 0.064  ,  TotalTime: 0.098  ,  Loss/total: 0.91006  ,  Loss/giou: 0.20914  ,  Loss/l1: 0.02242  ,  Loss/location: 0.35947  ,  pro_loss: 0.10101  ,  IoU: 0.80431  ,  Loss/sim: 0.00000
[train: Epoch 44, 650 / 1875] FPS: 329.6 (441.7)  ,  DataTime: 0.026 (0.007)  ,  ForwardTime: 0.064  ,  TotalTime: 0.097  ,  Loss/total: 0.90660  ,  Loss/giou: 0.20839  ,  Loss/l1: 0.02224  ,  Loss/location: 0.35836  ,  pro_loss: 0.10124  ,  IoU: 0.80486  ,  Loss/sim: 0.00000
[train: Epoch 44, 700 / 1875] FPS: 331.5 (425.3)  ,  DataTime: 0.026 (0.007)  ,  ForwardTime: 0.064  ,  TotalTime: 0.097  ,  Loss/total: 0.90687  ,  Loss/giou: 0.20798  ,  Loss/l1: 0.02220  ,  Loss/location: 0.35964  ,  pro_loss: 0.10140  ,  IoU: 0.80523  ,  Loss/sim: 0.00000
[train: Epoch 44, 750 / 1875] FPS: 329.9 (90.8)  ,  DataTime: 0.026 (0.007)  ,  ForwardTime: 0.064  ,  TotalTime: 0.097  ,  Loss/total: 0.90739  ,  Loss/giou: 0.20820  ,  Loss/l1: 0.02226  ,  Loss/location: 0.35942  ,  pro_loss: 0.10128  ,  IoU: 0.80510  ,  Loss/sim: 0.00000
[train: Epoch 44, 800 / 1875] FPS: 332.0 (443.7)  ,  DataTime: 0.025 (0.007)  ,  ForwardTime: 0.064  ,  TotalTime: 0.096  ,  Loss/total: 0.90509  ,  Loss/giou: 0.20766  ,  Loss/l1: 0.02219  ,  Loss/location: 0.35848  ,  pro_loss: 0.10162  ,  IoU: 0.80555  ,  Loss/sim: 0.00000
[train: Epoch 44, 850 / 1875] FPS: 332.7 (397.7)  ,  DataTime: 0.025 (0.007)  ,  ForwardTime: 0.064  ,  TotalTime: 0.096  ,  Loss/total: 0.90226  ,  Loss/giou: 0.20717  ,  Loss/l1: 0.02208  ,  Loss/location: 0.35727  ,  pro_loss: 0.10135  ,  IoU: 0.80594  ,  Loss/sim: 0.00000
[train: Epoch 44, 900 / 1875] FPS: 333.6 (452.2)  ,  DataTime: 0.025 (0.007)  ,  ForwardTime: 0.064  ,  TotalTime: 0.096  ,  Loss/total: 0.90174  ,  Loss/giou: 0.20697  ,  Loss/l1: 0.02204  ,  Loss/location: 0.35728  ,  pro_loss: 0.10169  ,  IoU: 0.80610  ,  Loss/sim: 0.00000
[train: Epoch 44, 950 / 1875] FPS: 333.4 (164.8)  ,  DataTime: 0.025 (0.007)  ,  ForwardTime: 0.064  ,  TotalTime: 0.096  ,  Loss/total: 0.90263  ,  Loss/giou: 0.20712  ,  Loss/l1: 0.02210  ,  Loss/location: 0.35757  ,  pro_loss: 0.10167  ,  IoU: 0.80604  ,  Loss/sim: 0.00000
[train: Epoch 44, 1000 / 1875] FPS: 334.2 (391.8)  ,  DataTime: 0.025 (0.007)  ,  ForwardTime: 0.064  ,  TotalTime: 0.096  ,  Loss/total: 0.90681  ,  Loss/giou: 0.20795  ,  Loss/l1: 0.02230  ,  Loss/location: 0.35908  ,  pro_loss: 0.10172  ,  IoU: 0.80541  ,  Loss/sim: 0.00000
[train: Epoch 44, 1050 / 1875] FPS: 335.1 (263.0)  ,  DataTime: 0.024 (0.007)  ,  ForwardTime: 0.065  ,  TotalTime: 0.095  ,  Loss/total: 0.90622  ,  Loss/giou: 0.20787  ,  Loss/l1: 0.02228  ,  Loss/location: 0.35876  ,  pro_loss: 0.10160  ,  IoU: 0.80544  ,  Loss/sim: 0.00000
[train: Epoch 44, 1100 / 1875] FPS: 335.2 (454.2)  ,  DataTime: 0.024 (0.007)  ,  ForwardTime: 0.065  ,  TotalTime: 0.095  ,  Loss/total: 0.90740  ,  Loss/giou: 0.20808  ,  Loss/l1: 0.02233  ,  Loss/location: 0.35928  ,  pro_loss: 0.10149  ,  IoU: 0.80526  ,  Loss/sim: 0.00000
[train: Epoch 44, 1150 / 1875] FPS: 336.5 (401.0)  ,  DataTime: 0.024 (0.007)  ,  ForwardTime: 0.065  ,  TotalTime: 0.095  ,  Loss/total: 0.90629  ,  Loss/giou: 0.20784  ,  Loss/l1: 0.02227  ,  Loss/location: 0.35903  ,  pro_loss: 0.10113  ,  IoU: 0.80540  ,  Loss/sim: 0.00000
[train: Epoch 44, 1200 / 1875] FPS: 335.9 (350.4)  ,  DataTime: 0.024 (0.007)  ,  ForwardTime: 0.065  ,  TotalTime: 0.095  ,  Loss/total: 0.90592  ,  Loss/giou: 0.20790  ,  Loss/l1: 0.02227  ,  Loss/location: 0.35855  ,  pro_loss: 0.10123  ,  IoU: 0.80536  ,  Loss/sim: 0.00000
[train: Epoch 44, 1250 / 1875] FPS: 336.2 (443.0)  ,  DataTime: 0.024 (0.007)  ,  ForwardTime: 0.065  ,  TotalTime: 0.095  ,  Loss/total: 0.90878  ,  Loss/giou: 0.20837  ,  Loss/l1: 0.02233  ,  Loss/location: 0.36015  ,  pro_loss: 0.10126  ,  IoU: 0.80496  ,  Loss/sim: 0.00000
[train: Epoch 44, 1300 / 1875] FPS: 336.7 (439.7)  ,  DataTime: 0.024 (0.007)  ,  ForwardTime: 0.065  ,  TotalTime: 0.095  ,  Loss/total: 0.90956  ,  Loss/giou: 0.20851  ,  Loss/l1: 0.02238  ,  Loss/location: 0.36040  ,  pro_loss: 0.10115  ,  IoU: 0.80483  ,  Loss/sim: 0.00000
[train: Epoch 44, 1350 / 1875] FPS: 336.7 (150.5)  ,  DataTime: 0.024 (0.007)  ,  ForwardTime: 0.065  ,  TotalTime: 0.095  ,  Loss/total: 0.91021  ,  Loss/giou: 0.20859  ,  Loss/l1: 0.02238  ,  Loss/location: 0.36086  ,  pro_loss: 0.10130  ,  IoU: 0.80468  ,  Loss/sim: 0.00000
[train: Epoch 44, 1400 / 1875] FPS: 337.7 (444.1)  ,  DataTime: 0.023 (0.007)  ,  ForwardTime: 0.065  ,  TotalTime: 0.095  ,  Loss/total: 0.91149  ,  Loss/giou: 0.20887  ,  Loss/l1: 0.02243  ,  Loss/location: 0.36134  ,  pro_loss: 0.10130  ,  IoU: 0.80448  ,  Loss/sim: 0.00000
[train: Epoch 44, 1450 / 1875] FPS: 337.9 (450.5)  ,  DataTime: 0.023 (0.007)  ,  ForwardTime: 0.065  ,  TotalTime: 0.095  ,  Loss/total: 0.91174  ,  Loss/giou: 0.20890  ,  Loss/l1: 0.02244  ,  Loss/location: 0.36146  ,  pro_loss: 0.10139  ,  IoU: 0.80445  ,  Loss/sim: 0.00000
[train: Epoch 44, 1500 / 1875] FPS: 338.1 (441.2)  ,  DataTime: 0.023 (0.007)  ,  ForwardTime: 0.065  ,  TotalTime: 0.095  ,  Loss/total: 0.91108  ,  Loss/giou: 0.20875  ,  Loss/l1: 0.02241  ,  Loss/location: 0.36125  ,  pro_loss: 0.10129  ,  IoU: 0.80456  ,  Loss/sim: 0.00000
[train: Epoch 44, 1550 / 1875] FPS: 338.8 (434.4)  ,  DataTime: 0.023 (0.007)  ,  ForwardTime: 0.065  ,  TotalTime: 0.094  ,  Loss/total: 0.91242  ,  Loss/giou: 0.20908  ,  Loss/l1: 0.02244  ,  Loss/location: 0.36176  ,  pro_loss: 0.10153  ,  IoU: 0.80432  ,  Loss/sim: 0.00000
[train: Epoch 44, 1600 / 1875] FPS: 339.2 (178.6)  ,  DataTime: 0.023 (0.007)  ,  ForwardTime: 0.065  ,  TotalTime: 0.094  ,  Loss/total: 0.91454  ,  Loss/giou: 0.20954  ,  Loss/l1: 0.02252  ,  Loss/location: 0.36257  ,  pro_loss: 0.10156  ,  IoU: 0.80391  ,  Loss/sim: 0.00000
[train: Epoch 44, 1650 / 1875] FPS: 339.1 (441.6)  ,  DataTime: 0.023 (0.007)  ,  ForwardTime: 0.065  ,  TotalTime: 0.094  ,  Loss/total: 0.91452  ,  Loss/giou: 0.20944  ,  Loss/l1: 0.02252  ,  Loss/location: 0.36268  ,  pro_loss: 0.10171  ,  IoU: 0.80402  ,  Loss/sim: 0.00000
[train: Epoch 44, 1700 / 1875] FPS: 339.4 (341.6)  ,  DataTime: 0.023 (0.007)  ,  ForwardTime: 0.065  ,  TotalTime: 0.094  ,  Loss/total: 0.91445  ,  Loss/giou: 0.20950  ,  Loss/l1: 0.02254  ,  Loss/location: 0.36242  ,  pro_loss: 0.10177  ,  IoU: 0.80399  ,  Loss/sim: 0.00000
[train: Epoch 44, 1750 / 1875] FPS: 339.9 (337.0)  ,  DataTime: 0.022 (0.007)  ,  ForwardTime: 0.065  ,  TotalTime: 0.094  ,  Loss/total: 0.91562  ,  Loss/giou: 0.20974  ,  Loss/l1: 0.02259  ,  Loss/location: 0.36283  ,  pro_loss: 0.10173  ,  IoU: 0.80382  ,  Loss/sim: 0.00000
[train: Epoch 44, 1800 / 1875] FPS: 340.2 (141.0)  ,  DataTime: 0.022 (0.007)  ,  ForwardTime: 0.065  ,  TotalTime: 0.094  ,  Loss/total: 0.91658  ,  Loss/giou: 0.21003  ,  Loss/l1: 0.02262  ,  Loss/location: 0.36312  ,  pro_loss: 0.10158  ,  IoU: 0.80356  ,  Loss/sim: 0.00000
[train: Epoch 44, 1850 / 1875] FPS: 340.4 (339.8)  ,  DataTime: 0.022 (0.007)  ,  ForwardTime: 0.065  ,  TotalTime: 0.094  ,  Loss/total: 0.91629  ,  Loss/giou: 0.20993  ,  Loss/l1: 0.02260  ,  Loss/location: 0.36309  ,  pro_loss: 0.10163  ,  IoU: 0.80365  ,  Loss/sim: 0.00000
[train: Epoch 44, 1875 / 1875] FPS: 340.8 (497.4)  ,  DataTime: 0.022 (0.007)  ,  ForwardTime: 0.065  ,  TotalTime: 0.094  ,  Loss/total: 0.91628  ,  Loss/giou: 0.20991  ,  Loss/l1: 0.02261  ,  Loss/location: 0.36307  ,  pro_loss: 0.10164  ,  IoU: 0.80369  ,  Loss/sim: 0.00000
[train: Epoch 45, 50 / 1875] FPS: 279.9 (88.3)  ,  DataTime: 0.040 (0.007)  ,  ForwardTime: 0.068  ,  TotalTime: 0.114  ,  Loss/total: 0.95484  ,  Loss/giou: 0.22050  ,  Loss/l1: 0.02375  ,  Loss/location: 0.37493  ,  pro_loss: 0.10083  ,  IoU: 0.79355  ,  Loss/sim: 0.00000
[train: Epoch 45, 100 / 1875] FPS: 304.7 (464.0)  ,  DataTime: 0.032 (0.007)  ,  ForwardTime: 0.066  ,  TotalTime: 0.105  ,  Loss/total: 0.94758  ,  Loss/giou: 0.21846  ,  Loss/l1: 0.02372  ,  Loss/location: 0.37151  ,  pro_loss: 0.10271  ,  IoU: 0.79625  ,  Loss/sim: 0.00000
[train: Epoch 45, 150 / 1875] FPS: 316.7 (413.2)  ,  DataTime: 0.028 (0.007)  ,  ForwardTime: 0.066  ,  TotalTime: 0.101  ,  Loss/total: 0.91115  ,  Loss/giou: 0.21143  ,  Loss/l1: 0.02248  ,  Loss/location: 0.35561  ,  pro_loss: 0.10146  ,  IoU: 0.80229  ,  Loss/sim: 0.00000
[train: Epoch 45, 200 / 1875] FPS: 322.3 (442.0)  ,  DataTime: 0.027 (0.007)  ,  ForwardTime: 0.065  ,  TotalTime: 0.099  ,  Loss/total: 0.90643  ,  Loss/giou: 0.20955  ,  Loss/l1: 0.02217  ,  Loss/location: 0.35622  ,  pro_loss: 0.10120  ,  IoU: 0.80367  ,  Loss/sim: 0.00000
[train: Epoch 45, 250 / 1875] FPS: 325.9 (254.9)  ,  DataTime: 0.026 (0.007)  ,  ForwardTime: 0.065  ,  TotalTime: 0.098  ,  Loss/total: 0.90457  ,  Loss/giou: 0.20861  ,  Loss/l1: 0.02204  ,  Loss/location: 0.35684  ,  pro_loss: 0.10142  ,  IoU: 0.80454  ,  Loss/sim: 0.00000
[train: Epoch 45, 300 / 1875] FPS: 330.6 (356.9)  ,  DataTime: 0.025 (0.007)  ,  ForwardTime: 0.065  ,  TotalTime: 0.097  ,  Loss/total: 0.90427  ,  Loss/giou: 0.20802  ,  Loss/l1: 0.02204  ,  Loss/location: 0.35765  ,  pro_loss: 0.10191  ,  IoU: 0.80505  ,  Loss/sim: 0.00000
[train: Epoch 45, 350 / 1875] FPS: 333.6 (446.4)  ,  DataTime: 0.024 (0.007)  ,  ForwardTime: 0.065  ,  TotalTime: 0.096  ,  Loss/total: 0.89553  ,  Loss/giou: 0.20597  ,  Loss/l1: 0.02170  ,  Loss/location: 0.35488  ,  pro_loss: 0.10102  ,  IoU: 0.80672  ,  Loss/sim: 0.00000
[train: Epoch 45, 400 / 1875] FPS: 336.8 (441.1)  ,  DataTime: 0.023 (0.007)  ,  ForwardTime: 0.065  ,  TotalTime: 0.095  ,  Loss/total: 0.89887  ,  Loss/giou: 0.20669  ,  Loss/l1: 0.02178  ,  Loss/location: 0.35644  ,  pro_loss: 0.10065  ,  IoU: 0.80616  ,  Loss/sim: 0.00000
[train: Epoch 45, 450 / 1875] FPS: 338.4 (229.3)  ,  DataTime: 0.023 (0.007)  ,  ForwardTime: 0.065  ,  TotalTime: 0.095  ,  Loss/total: 0.90593  ,  Loss/giou: 0.20843  ,  Loss/l1: 0.02203  ,  Loss/location: 0.35878  ,  pro_loss: 0.10058  ,  IoU: 0.80474  ,  Loss/sim: 0.00000
[train: Epoch 45, 500 / 1875] FPS: 339.0 (440.8)  ,  DataTime: 0.023 (0.007)  ,  ForwardTime: 0.065  ,  TotalTime: 0.094  ,  Loss/total: 0.90537  ,  Loss/giou: 0.20845  ,  Loss/l1: 0.02206  ,  Loss/location: 0.35809  ,  pro_loss: 0.10052  ,  IoU: 0.80478  ,  Loss/sim: 0.00000
[train: Epoch 45, 550 / 1875] FPS: 338.9 (474.6)  ,  DataTime: 0.023 (0.007)  ,  ForwardTime: 0.065  ,  TotalTime: 0.094  ,  Loss/total: 0.91037  ,  Loss/giou: 0.20940  ,  Loss/l1: 0.02227  ,  Loss/location: 0.36004  ,  pro_loss: 0.10101  ,  IoU: 0.80401  ,  Loss/sim: 0.00000
[train: Epoch 45, 600 / 1875] FPS: 339.8 (444.2)  ,  DataTime: 0.023 (0.007)  ,  ForwardTime: 0.065  ,  TotalTime: 0.094  ,  Loss/total: 0.90830  ,  Loss/giou: 0.20904  ,  Loss/l1: 0.02224  ,  Loss/location: 0.35889  ,  pro_loss: 0.10059  ,  IoU: 0.80427  ,  Loss/sim: 0.00000
[train: Epoch 45, 650 / 1875] FPS: 340.0 (433.4)  ,  DataTime: 0.023 (0.007)  ,  ForwardTime: 0.065  ,  TotalTime: 0.094  ,  Loss/total: 0.90951  ,  Loss/giou: 0.20943  ,  Loss/l1: 0.02237  ,  Loss/location: 0.35866  ,  pro_loss: 0.10064  ,  IoU: 0.80403  ,  Loss/sim: 0.00000
[train: Epoch 45, 700 / 1875] FPS: 339.6 (436.9)  ,  DataTime: 0.023 (0.007)  ,  ForwardTime: 0.065  ,  TotalTime: 0.094  ,  Loss/total: 0.91166  ,  Loss/giou: 0.20984  ,  Loss/l1: 0.02240  ,  Loss/location: 0.35978  ,  pro_loss: 0.10094  ,  IoU: 0.80368  ,  Loss/sim: 0.00000
[train: Epoch 45, 750 / 1875] FPS: 336.0 (98.6)  ,  DataTime: 0.024 (0.007)  ,  ForwardTime: 0.064  ,  TotalTime: 0.095  ,  Loss/total: 0.91095  ,  Loss/giou: 0.20983  ,  Loss/l1: 0.02235  ,  Loss/location: 0.35923  ,  pro_loss: 0.10161  ,  IoU: 0.80364  ,  Loss/sim: 0.00000
[train: Epoch 45, 800 / 1875] FPS: 334.2 (439.8)  ,  DataTime: 0.025 (0.007)  ,  ForwardTime: 0.064  ,  TotalTime: 0.096  ,  Loss/total: 0.91276  ,  Loss/giou: 0.21024  ,  Loss/l1: 0.02240  ,  Loss/location: 0.35989  ,  pro_loss: 0.10192  ,  IoU: 0.80329  ,  Loss/sim: 0.00000
[train: Epoch 45, 850 / 1875] FPS: 333.1 (443.8)  ,  DataTime: 0.025 (0.007)  ,  ForwardTime: 0.064  ,  TotalTime: 0.096  ,  Loss/total: 0.91231  ,  Loss/giou: 0.21006  ,  Loss/l1: 0.02237  ,  Loss/location: 0.35999  ,  pro_loss: 0.10174  ,  IoU: 0.80340  ,  Loss/sim: 0.00000
[train: Epoch 45, 900 / 1875] FPS: 332.1 (406.9)  ,  DataTime: 0.026 (0.007)  ,  ForwardTime: 0.064  ,  TotalTime: 0.096  ,  Loss/total: 0.91116  ,  Loss/giou: 0.20975  ,  Loss/l1: 0.02234  ,  Loss/location: 0.35959  ,  pro_loss: 0.10176  ,  IoU: 0.80368  ,  Loss/sim: 0.00000
[train: Epoch 45, 950 / 1875] FPS: 330.1 (322.4)  ,  DataTime: 0.026 (0.007)  ,  ForwardTime: 0.064  ,  TotalTime: 0.097  ,  Loss/total: 0.91283  ,  Loss/giou: 0.21019  ,  Loss/l1: 0.02244  ,  Loss/location: 0.35987  ,  pro_loss: 0.10180  ,  IoU: 0.80337  ,  Loss/sim: 0.00000
[train: Epoch 45, 1000 / 1875] FPS: 328.2 (436.7)  ,  DataTime: 0.027 (0.007)  ,  ForwardTime: 0.064  ,  TotalTime: 0.097  ,  Loss/total: 0.91280  ,  Loss/giou: 0.21026  ,  Loss/l1: 0.02246  ,  Loss/location: 0.35958  ,  pro_loss: 0.10195  ,  IoU: 0.80334  ,  Loss/sim: 0.00000
[train: Epoch 45, 1050 / 1875] FPS: 326.5 (61.9)  ,  DataTime: 0.028 (0.007)  ,  ForwardTime: 0.064  ,  TotalTime: 0.098  ,  Loss/total: 0.91203  ,  Loss/giou: 0.21017  ,  Loss/l1: 0.02243  ,  Loss/location: 0.35910  ,  pro_loss: 0.10222  ,  IoU: 0.80336  ,  Loss/sim: 0.00000
[train: Epoch 45, 1100 / 1875] FPS: 326.4 (452.7)  ,  DataTime: 0.028 (0.007)  ,  ForwardTime: 0.064  ,  TotalTime: 0.098  ,  Loss/total: 0.90994  ,  Loss/giou: 0.20967  ,  Loss/l1: 0.02234  ,  Loss/location: 0.35850  ,  pro_loss: 0.10196  ,  IoU: 0.80376  ,  Loss/sim: 0.00000
[train: Epoch 45, 1150 / 1875] FPS: 325.1 (163.1)  ,  DataTime: 0.028 (0.007)  ,  ForwardTime: 0.064  ,  TotalTime: 0.098  ,  Loss/total: 0.91375  ,  Loss/giou: 0.21038  ,  Loss/l1: 0.02252  ,  Loss/location: 0.35999  ,  pro_loss: 0.10198  ,  IoU: 0.80321  ,  Loss/sim: 0.00000
[train: Epoch 45, 1200 / 1875] FPS: 324.7 (402.7)  ,  DataTime: 0.028 (0.007)  ,  ForwardTime: 0.064  ,  TotalTime: 0.099  ,  Loss/total: 0.91196  ,  Loss/giou: 0.21002  ,  Loss/l1: 0.02245  ,  Loss/location: 0.35926  ,  pro_loss: 0.10199  ,  IoU: 0.80351  ,  Loss/sim: 0.00000
[train: Epoch 45, 1250 / 1875] FPS: 324.5 (466.9)  ,  DataTime: 0.028 (0.007)  ,  ForwardTime: 0.064  ,  TotalTime: 0.099  ,  Loss/total: 0.91100  ,  Loss/giou: 0.20960  ,  Loss/l1: 0.02239  ,  Loss/location: 0.35945  ,  pro_loss: 0.10194  ,  IoU: 0.80386  ,  Loss/sim: 0.00000
[train: Epoch 45, 1300 / 1875] FPS: 324.4 (459.1)  ,  DataTime: 0.029 (0.007)  ,  ForwardTime: 0.063  ,  TotalTime: 0.099  ,  Loss/total: 0.91124  ,  Loss/giou: 0.20962  ,  Loss/l1: 0.02241  ,  Loss/location: 0.35961  ,  pro_loss: 0.10169  ,  IoU: 0.80377  ,  Loss/sim: 0.00000
[train: Epoch 45, 1350 / 1875] FPS: 324.5 (170.2)  ,  DataTime: 0.029 (0.007)  ,  ForwardTime: 0.063  ,  TotalTime: 0.099  ,  Loss/total: 0.91041  ,  Loss/giou: 0.20938  ,  Loss/l1: 0.02237  ,  Loss/location: 0.35943  ,  pro_loss: 0.10185  ,  IoU: 0.80399  ,  Loss/sim: 0.00000
[train: Epoch 45, 1400 / 1875] FPS: 324.5 (449.5)  ,  DataTime: 0.029 (0.007)  ,  ForwardTime: 0.063  ,  TotalTime: 0.099  ,  Loss/total: 0.91021  ,  Loss/giou: 0.20940  ,  Loss/l1: 0.02236  ,  Loss/location: 0.35926  ,  pro_loss: 0.10185  ,  IoU: 0.80395  ,  Loss/sim: 0.00000
[train: Epoch 45, 1450 / 1875] FPS: 324.9 (423.6)  ,  DataTime: 0.028 (0.007)  ,  ForwardTime: 0.063  ,  TotalTime: 0.098  ,  Loss/total: 0.90914  ,  Loss/giou: 0.20914  ,  Loss/l1: 0.02230  ,  Loss/location: 0.35895  ,  pro_loss: 0.10191  ,  IoU: 0.80421  ,  Loss/sim: 0.00000
[train: Epoch 45, 1500 / 1875] FPS: 325.2 (347.3)  ,  DataTime: 0.028 (0.007)  ,  ForwardTime: 0.064  ,  TotalTime: 0.098  ,  Loss/total: 0.90812  ,  Loss/giou: 0.20891  ,  Loss/l1: 0.02226  ,  Loss/location: 0.35860  ,  pro_loss: 0.10194  ,  IoU: 0.80436  ,  Loss/sim: 0.00000
[train: Epoch 45, 1550 / 1875] FPS: 324.9 (181.1)  ,  DataTime: 0.028 (0.007)  ,  ForwardTime: 0.064  ,  TotalTime: 0.099  ,  Loss/total: 0.90928  ,  Loss/giou: 0.20915  ,  Loss/l1: 0.02231  ,  Loss/location: 0.35902  ,  pro_loss: 0.10211  ,  IoU: 0.80416  ,  Loss/sim: 0.00000
[train: Epoch 45, 1600 / 1875] FPS: 325.2 (437.4)  ,  DataTime: 0.028 (0.007)  ,  ForwardTime: 0.063  ,  TotalTime: 0.098  ,  Loss/total: 0.91097  ,  Loss/giou: 0.20949  ,  Loss/l1: 0.02235  ,  Loss/location: 0.35981  ,  pro_loss: 0.10213  ,  IoU: 0.80386  ,  Loss/sim: 0.00000
[train: Epoch 45, 1650 / 1875] FPS: 325.7 (399.4)  ,  DataTime: 0.028 (0.007)  ,  ForwardTime: 0.064  ,  TotalTime: 0.098  ,  Loss/total: 0.90988  ,  Loss/giou: 0.20929  ,  Loss/l1: 0.02231  ,  Loss/location: 0.35934  ,  pro_loss: 0.10206  ,  IoU: 0.80408  ,  Loss/sim: 0.00000
[train: Epoch 45, 1700 / 1875] FPS: 326.0 (444.8)  ,  DataTime: 0.028 (0.007)  ,  ForwardTime: 0.064  ,  TotalTime: 0.098  ,  Loss/total: 0.90923  ,  Loss/giou: 0.20913  ,  Loss/l1: 0.02227  ,  Loss/location: 0.35920  ,  pro_loss: 0.10210  ,  IoU: 0.80418  ,  Loss/sim: 0.00000
[train: Epoch 45, 1750 / 1875] FPS: 326.1 (396.8)  ,  DataTime: 0.028 (0.007)  ,  ForwardTime: 0.064  ,  TotalTime: 0.098  ,  Loss/total: 0.90887  ,  Loss/giou: 0.20902  ,  Loss/l1: 0.02226  ,  Loss/location: 0.35915  ,  pro_loss: 0.10201  ,  IoU: 0.80426  ,  Loss/sim: 0.00000
[train: Epoch 45, 1800 / 1875] FPS: 326.4 (335.1)  ,  DataTime: 0.028 (0.007)  ,  ForwardTime: 0.064  ,  TotalTime: 0.098  ,  Loss/total: 0.90991  ,  Loss/giou: 0.20916  ,  Loss/l1: 0.02230  ,  Loss/location: 0.35970  ,  pro_loss: 0.10194  ,  IoU: 0.80414  ,  Loss/sim: 0.00000
[train: Epoch 45, 1850 / 1875] FPS: 325.8 (438.4)  ,  DataTime: 0.028 (0.007)  ,  ForwardTime: 0.064  ,  TotalTime: 0.098  ,  Loss/total: 0.91012  ,  Loss/giou: 0.20919  ,  Loss/l1: 0.02230  ,  Loss/location: 0.35984  ,  pro_loss: 0.10194  ,  IoU: 0.80409  ,  Loss/sim: 0.00000
[train: Epoch 45, 1875 / 1875] FPS: 325.7 (512.6)  ,  DataTime: 0.028 (0.007)  ,  ForwardTime: 0.063  ,  TotalTime: 0.098  ,  Loss/total: 0.91107  ,  Loss/giou: 0.20933  ,  Loss/l1: 0.02233  ,  Loss/location: 0.36039  ,  pro_loss: 0.10187  ,  IoU: 0.80398  ,  Loss/sim: 0.00000
[val: Epoch 45, 50 / 312] FPS: 82.7 (472.1)  ,  DataTime: 0.356 (0.006)  ,  ForwardTime: 0.025  ,  TotalTime: 0.387  ,  Loss/total: 0.98495  ,  Loss/giou: 0.24297  ,  Loss/l1: 0.02077  ,  Loss/location: 0.39518  ,  pro_loss: 0.00000  ,  IoU: 0.77372  ,  Loss/sim: 0.00000
[val: Epoch 45, 100 / 312] FPS: 82.9 (20.6)  ,  DataTime: 0.355 (0.006)  ,  ForwardTime: 0.025  ,  TotalTime: 0.386  ,  Loss/total: 1.00342  ,  Loss/giou: 0.24235  ,  Loss/l1: 0.02083  ,  Loss/location: 0.41456  ,  pro_loss: 0.00021  ,  IoU: 0.77409  ,  Loss/sim: 0.00000
[val: Epoch 45, 150 / 312] FPS: 87.8 (936.0)  ,  DataTime: 0.334 (0.006)  ,  ForwardTime: 0.025  ,  TotalTime: 0.364  ,  Loss/total: 1.02081  ,  Loss/giou: 0.24598  ,  Loss/l1: 0.02168  ,  Loss/location: 0.42042  ,  pro_loss: 0.00014  ,  IoU: 0.77127  ,  Loss/sim: 0.00000
[val: Epoch 45, 200 / 312] FPS: 89.4 (32.3)  ,  DataTime: 0.327 (0.006)  ,  ForwardTime: 0.025  ,  TotalTime: 0.358  ,  Loss/total: 1.03743  ,  Loss/giou: 0.24809  ,  Loss/l1: 0.02212  ,  Loss/location: 0.43061  ,  pro_loss: 0.00016  ,  IoU: 0.76947  ,  Loss/sim: 0.00000
[val: Epoch 45, 250 / 312] FPS: 90.6 (911.1)  ,  DataTime: 0.322 (0.006)  ,  ForwardTime: 0.025  ,  TotalTime: 0.353  ,  Loss/total: 1.04996  ,  Loss/giou: 0.24962  ,  Loss/l1: 0.02254  ,  Loss/location: 0.43800  ,  pro_loss: 0.00021  ,  IoU: 0.76817  ,  Loss/sim: 0.00000
[val: Epoch 45, 300 / 312] FPS: 91.4 (871.1)  ,  DataTime: 0.319 (0.006)  ,  ForwardTime: 0.025  ,  TotalTime: 0.350  ,  Loss/total: 1.04897  ,  Loss/giou: 0.24867  ,  Loss/l1: 0.02246  ,  Loss/location: 0.43928  ,  pro_loss: 0.00017  ,  IoU: 0.76917  ,  Loss/sim: 0.00000
[val: Epoch 45, 312 / 312] FPS: 92.1 (1019.6)  ,  DataTime: 0.317 (0.006)  ,  ForwardTime: 0.025  ,  TotalTime: 0.348  ,  Loss/total: 1.04715  ,  Loss/giou: 0.24867  ,  Loss/l1: 0.02249  ,  Loss/location: 0.43733  ,  pro_loss: 0.00017  ,  IoU: 0.76915  ,  Loss/sim: 0.00000
[train: Epoch 46, 50 / 1875] FPS: 44.6 (493.3)  ,  DataTime: 0.656 (0.005)  ,  ForwardTime: 0.057  ,  TotalTime: 0.717  ,  Loss/total: 0.96380  ,  Loss/giou: 0.22245  ,  Loss/l1: 0.02413  ,  Loss/location: 0.37901  ,  pro_loss: 0.09625  ,  IoU: 0.79315  ,  Loss/sim: 0.00000
[train: Epoch 46, 100 / 1875] FPS: 45.8 (491.2)  ,  DataTime: 0.637 (0.005)  ,  ForwardTime: 0.057  ,  TotalTime: 0.698  ,  Loss/total: 0.94065  ,  Loss/giou: 0.21745  ,  Loss/l1: 0.02347  ,  Loss/location: 0.36833  ,  pro_loss: 0.10031  ,  IoU: 0.79748  ,  Loss/sim: 0.00000
[train: Epoch 46, 150 / 1875] FPS: 50.5 (484.7)  ,  DataTime: 0.572 (0.005)  ,  ForwardTime: 0.057  ,  TotalTime: 0.634  ,  Loss/total: 0.93162  ,  Loss/giou: 0.21463  ,  Loss/l1: 0.02306  ,  Loss/location: 0.36669  ,  pro_loss: 0.10181  ,  IoU: 0.79941  ,  Loss/sim: 0.00000
[train: Epoch 46, 200 / 1875] FPS: 52.8 (512.5)  ,  DataTime: 0.545 (0.005)  ,  ForwardTime: 0.057  ,  TotalTime: 0.606  ,  Loss/total: 0.92217  ,  Loss/giou: 0.21250  ,  Loss/l1: 0.02291  ,  Loss/location: 0.36205  ,  pro_loss: 0.10286  ,  IoU: 0.80139  ,  Loss/sim: 0.00000
[train: Epoch 46, 250 / 1875] FPS: 53.8 (15.9)  ,  DataTime: 0.533 (0.005)  ,  ForwardTime: 0.057  ,  TotalTime: 0.594  ,  Loss/total: 0.92308  ,  Loss/giou: 0.21215  ,  Loss/l1: 0.02293  ,  Loss/location: 0.36350  ,  pro_loss: 0.10313  ,  IoU: 0.80173  ,  Loss/sim: 0.00000
[train: Epoch 46, 300 / 1875] FPS: 54.7 (492.1)  ,  DataTime: 0.523 (0.005)  ,  ForwardTime: 0.057  ,  TotalTime: 0.585  ,  Loss/total: 0.92785  ,  Loss/giou: 0.21265  ,  Loss/l1: 0.02304  ,  Loss/location: 0.36676  ,  pro_loss: 0.10292  ,  IoU: 0.80124  ,  Loss/sim: 0.00000
[train: Epoch 46, 350 / 1875] FPS: 56.9 (506.6)  ,  DataTime: 0.501 (0.005)  ,  ForwardTime: 0.057  ,  TotalTime: 0.563  ,  Loss/total: 0.92262  ,  Loss/giou: 0.21141  ,  Loss/l1: 0.02274  ,  Loss/location: 0.36560  ,  pro_loss: 0.10253  ,  IoU: 0.80203  ,  Loss/sim: 0.00000
[train: Epoch 46, 400 / 1875] FPS: 57.5 (506.6)  ,  DataTime: 0.495 (0.005)  ,  ForwardTime: 0.057  ,  TotalTime: 0.556  ,  Loss/total: 0.91906  ,  Loss/giou: 0.21086  ,  Loss/l1: 0.02275  ,  Loss/location: 0.36327  ,  pro_loss: 0.10169  ,  IoU: 0.80252  ,  Loss/sim: 0.00000
[train: Epoch 46, 450 / 1875] FPS: 58.5 (34.5)  ,  DataTime: 0.485 (0.005)  ,  ForwardTime: 0.057  ,  TotalTime: 0.547  ,  Loss/total: 0.91907  ,  Loss/giou: 0.21064  ,  Loss/l1: 0.02269  ,  Loss/location: 0.36409  ,  pro_loss: 0.10125  ,  IoU: 0.80267  ,  Loss/sim: 0.00000
[train: Epoch 46, 500 / 1875] FPS: 59.7 (17.4)  ,  DataTime: 0.475 (0.004)  ,  ForwardTime: 0.057  ,  TotalTime: 0.536  ,  Loss/total: 0.92474  ,  Loss/giou: 0.21168  ,  Loss/l1: 0.02284  ,  Loss/location: 0.36694  ,  pro_loss: 0.10119  ,  IoU: 0.80174  ,  Loss/sim: 0.00000
[train: Epoch 46, 550 / 1875] FPS: 61.0 (495.3)  ,  DataTime: 0.463 (0.005)  ,  ForwardTime: 0.057  ,  TotalTime: 0.524  ,  Loss/total: 0.91969  ,  Loss/giou: 0.21066  ,  Loss/l1: 0.02262  ,  Loss/location: 0.36514  ,  pro_loss: 0.10074  ,  IoU: 0.80249  ,  Loss/sim: 0.00000
[train: Epoch 46, 600 / 1875] FPS: 61.8 (501.3)  ,  DataTime: 0.457 (0.004)  ,  ForwardTime: 0.057  ,  TotalTime: 0.518  ,  Loss/total: 0.91616  ,  Loss/giou: 0.20978  ,  Loss/l1: 0.02249  ,  Loss/location: 0.36403  ,  pro_loss: 0.10057  ,  IoU: 0.80333  ,  Loss/sim: 0.00000
[train: Epoch 46, 650 / 1875] FPS: 62.9 (173.6)  ,  DataTime: 0.447 (0.005)  ,  ForwardTime: 0.057  ,  TotalTime: 0.508  ,  Loss/total: 0.91717  ,  Loss/giou: 0.20957  ,  Loss/l1: 0.02243  ,  Loss/location: 0.36576  ,  pro_loss: 0.10069  ,  IoU: 0.80342  ,  Loss/sim: 0.00000
[train: Epoch 46, 700 / 1875] FPS: 64.3 (497.0)  ,  DataTime: 0.436 (0.005)  ,  ForwardTime: 0.057  ,  TotalTime: 0.498  ,  Loss/total: 0.91563  ,  Loss/giou: 0.20950  ,  Loss/l1: 0.02241  ,  Loss/location: 0.36441  ,  pro_loss: 0.10082  ,  IoU: 0.80350  ,  Loss/sim: 0.00000
[train: Epoch 46, 750 / 1875] FPS: 65.0 (33.1)  ,  DataTime: 0.431 (0.005)  ,  ForwardTime: 0.057  ,  TotalTime: 0.492  ,  Loss/total: 0.91462  ,  Loss/giou: 0.20953  ,  Loss/l1: 0.02243  ,  Loss/location: 0.36330  ,  pro_loss: 0.10051  ,  IoU: 0.80349  ,  Loss/sim: 0.00000
[train: Epoch 46, 800 / 1875] FPS: 66.2 (492.0)  ,  DataTime: 0.422 (0.005)  ,  ForwardTime: 0.057  ,  TotalTime: 0.483  ,  Loss/total: 0.91405  ,  Loss/giou: 0.20954  ,  Loss/l1: 0.02245  ,  Loss/location: 0.36262  ,  pro_loss: 0.10052  ,  IoU: 0.80353  ,  Loss/sim: 0.00000
[train: Epoch 46, 850 / 1875] FPS: 66.9 (77.7)  ,  DataTime: 0.417 (0.005)  ,  ForwardTime: 0.057  ,  TotalTime: 0.478  ,  Loss/total: 0.91832  ,  Loss/giou: 0.21029  ,  Loss/l1: 0.02258  ,  Loss/location: 0.36477  ,  pro_loss: 0.10043  ,  IoU: 0.80291  ,  Loss/sim: 0.00000
[train: Epoch 46, 900 / 1875] FPS: 67.9 (501.5)  ,  DataTime: 0.410 (0.005)  ,  ForwardTime: 0.057  ,  TotalTime: 0.471  ,  Loss/total: 0.91654  ,  Loss/giou: 0.20994  ,  Loss/l1: 0.02253  ,  Loss/location: 0.36391  ,  pro_loss: 0.10045  ,  IoU: 0.80320  ,  Loss/sim: 0.00000
[train: Epoch 46, 950 / 1875] FPS: 68.7 (493.3)  ,  DataTime: 0.404 (0.005)  ,  ForwardTime: 0.057  ,  TotalTime: 0.466  ,  Loss/total: 0.91668  ,  Loss/giou: 0.21009  ,  Loss/l1: 0.02256  ,  Loss/location: 0.36361  ,  pro_loss: 0.10057  ,  IoU: 0.80310  ,  Loss/sim: 0.00000
[train: Epoch 46, 1000 / 1875] FPS: 69.8 (82.1)  ,  DataTime: 0.397 (0.005)  ,  ForwardTime: 0.057  ,  TotalTime: 0.458  ,  Loss/total: 0.91700  ,  Loss/giou: 0.21004  ,  Loss/l1: 0.02260  ,  Loss/location: 0.36376  ,  pro_loss: 0.10083  ,  IoU: 0.80316  ,  Loss/sim: 0.00000
[train: Epoch 46, 1050 / 1875] FPS: 70.7 (55.4)  ,  DataTime: 0.391 (0.005)  ,  ForwardTime: 0.057  ,  TotalTime: 0.452  ,  Loss/total: 0.91865  ,  Loss/giou: 0.21044  ,  Loss/l1: 0.02273  ,  Loss/location: 0.36394  ,  pro_loss: 0.10094  ,  IoU: 0.80291  ,  Loss/sim: 0.00000
[train: Epoch 46, 1100 / 1875] FPS: 71.7 (505.3)  ,  DataTime: 0.385 (0.005)  ,  ForwardTime: 0.057  ,  TotalTime: 0.446  ,  Loss/total: 0.91829  ,  Loss/giou: 0.21039  ,  Loss/l1: 0.02275  ,  Loss/location: 0.36360  ,  pro_loss: 0.10082  ,  IoU: 0.80299  ,  Loss/sim: 0.00000
[train: Epoch 46, 1150 / 1875] FPS: 72.3 (505.1)  ,  DataTime: 0.381 (0.005)  ,  ForwardTime: 0.057  ,  TotalTime: 0.443  ,  Loss/total: 0.91969  ,  Loss/giou: 0.21071  ,  Loss/l1: 0.02283  ,  Loss/location: 0.36397  ,  pro_loss: 0.10086  ,  IoU: 0.80278  ,  Loss/sim: 0.00000
[train: Epoch 46, 1200 / 1875] FPS: 73.1 (498.3)  ,  DataTime: 0.377 (0.005)  ,  ForwardTime: 0.057  ,  TotalTime: 0.438  ,  Loss/total: 0.91740  ,  Loss/giou: 0.21027  ,  Loss/l1: 0.02272  ,  Loss/location: 0.36306  ,  pro_loss: 0.10104  ,  IoU: 0.80314  ,  Loss/sim: 0.00000
[train: Epoch 46, 1250 / 1875] FPS: 74.2 (504.5)  ,  DataTime: 0.370 (0.005)  ,  ForwardTime: 0.057  ,  TotalTime: 0.431  ,  Loss/total: 0.91667  ,  Loss/giou: 0.21007  ,  Loss/l1: 0.02268  ,  Loss/location: 0.36293  ,  pro_loss: 0.10098  ,  IoU: 0.80328  ,  Loss/sim: 0.00000
[train: Epoch 46, 1300 / 1875] FPS: 75.0 (480.0)  ,  DataTime: 0.365 (0.005)  ,  ForwardTime: 0.057  ,  TotalTime: 0.427  ,  Loss/total: 0.91750  ,  Loss/giou: 0.21031  ,  Loss/l1: 0.02271  ,  Loss/location: 0.36320  ,  pro_loss: 0.10070  ,  IoU: 0.80308  ,  Loss/sim: 0.00000
[train: Epoch 46, 1350 / 1875] FPS: 76.0 (500.0)  ,  DataTime: 0.360 (0.005)  ,  ForwardTime: 0.057  ,  TotalTime: 0.421  ,  Loss/total: 0.91897  ,  Loss/giou: 0.21069  ,  Loss/l1: 0.02276  ,  Loss/location: 0.36365  ,  pro_loss: 0.10072  ,  IoU: 0.80279  ,  Loss/sim: 0.00000
[train: Epoch 46, 1400 / 1875] FPS: 77.0 (502.3)  ,  DataTime: 0.354 (0.005)  ,  ForwardTime: 0.057  ,  TotalTime: 0.415  ,  Loss/total: 0.91611  ,  Loss/giou: 0.21011  ,  Loss/l1: 0.02264  ,  Loss/location: 0.36250  ,  pro_loss: 0.10090  ,  IoU: 0.80324  ,  Loss/sim: 0.00000
[train: Epoch 46, 1450 / 1875] FPS: 77.8 (508.1)  ,  DataTime: 0.350 (0.005)  ,  ForwardTime: 0.057  ,  TotalTime: 0.411  ,  Loss/total: 0.91512  ,  Loss/giou: 0.20995  ,  Loss/l1: 0.02262  ,  Loss/location: 0.36199  ,  pro_loss: 0.10068  ,  IoU: 0.80338  ,  Loss/sim: 0.00000
[train: Epoch 46, 1500 / 1875] FPS: 78.7 (485.2)  ,  DataTime: 0.345 (0.005)  ,  ForwardTime: 0.057  ,  TotalTime: 0.407  ,  Loss/total: 0.91605  ,  Loss/giou: 0.21019  ,  Loss/l1: 0.02267  ,  Loss/location: 0.36220  ,  pro_loss: 0.10067  ,  IoU: 0.80323  ,  Loss/sim: 0.00000
[train: Epoch 46, 1550 / 1875] FPS: 79.5 (506.1)  ,  DataTime: 0.342 (0.005)  ,  ForwardTime: 0.057  ,  TotalTime: 0.403  ,  Loss/total: 0.91670  ,  Loss/giou: 0.21030  ,  Loss/l1: 0.02269  ,  Loss/location: 0.36252  ,  pro_loss: 0.10056  ,  IoU: 0.80312  ,  Loss/sim: 0.00000
[train: Epoch 46, 1600 / 1875] FPS: 80.3 (503.3)  ,  DataTime: 0.337 (0.005)  ,  ForwardTime: 0.057  ,  TotalTime: 0.398  ,  Loss/total: 0.91523  ,  Loss/giou: 0.21002  ,  Loss/l1: 0.02262  ,  Loss/location: 0.36195  ,  pro_loss: 0.10055  ,  IoU: 0.80332  ,  Loss/sim: 0.00000
[train: Epoch 46, 1650 / 1875] FPS: 81.2 (64.3)  ,  DataTime: 0.333 (0.005)  ,  ForwardTime: 0.057  ,  TotalTime: 0.394  ,  Loss/total: 0.91704  ,  Loss/giou: 0.21034  ,  Loss/l1: 0.02270  ,  Loss/location: 0.36276  ,  pro_loss: 0.10058  ,  IoU: 0.80308  ,  Loss/sim: 0.00000
[train: Epoch 46, 1700 / 1875] FPS: 82.0 (503.0)  ,  DataTime: 0.329 (0.005)  ,  ForwardTime: 0.057  ,  TotalTime: 0.390  ,  Loss/total: 0.91654  ,  Loss/giou: 0.21021  ,  Loss/l1: 0.02269  ,  Loss/location: 0.36255  ,  pro_loss: 0.10061  ,  IoU: 0.80320  ,  Loss/sim: 0.00000
[train: Epoch 46, 1750 / 1875] FPS: 82.9 (495.3)  ,  DataTime: 0.325 (0.005)  ,  ForwardTime: 0.057  ,  TotalTime: 0.386  ,  Loss/total: 0.91811  ,  Loss/giou: 0.21051  ,  Loss/l1: 0.02275  ,  Loss/location: 0.36322  ,  pro_loss: 0.10062  ,  IoU: 0.80297  ,  Loss/sim: 0.00000
[train: Epoch 46, 1800 / 1875] FPS: 83.7 (504.3)  ,  DataTime: 0.321 (0.005)  ,  ForwardTime: 0.057  ,  TotalTime: 0.382  ,  Loss/total: 0.91750  ,  Loss/giou: 0.21031  ,  Loss/l1: 0.02270  ,  Loss/location: 0.36323  ,  pro_loss: 0.10067  ,  IoU: 0.80316  ,  Loss/sim: 0.00000
[train: Epoch 46, 1850 / 1875] FPS: 84.6 (63.6)  ,  DataTime: 0.317 (0.005)  ,  ForwardTime: 0.057  ,  TotalTime: 0.378  ,  Loss/total: 0.91823  ,  Loss/giou: 0.21041  ,  Loss/l1: 0.02274  ,  Loss/location: 0.36354  ,  pro_loss: 0.10073  ,  IoU: 0.80311  ,  Loss/sim: 0.00000
[train: Epoch 46, 1875 / 1875] FPS: 85.1 (513.0)  ,  DataTime: 0.315 (0.005)  ,  ForwardTime: 0.057  ,  TotalTime: 0.376  ,  Loss/total: 0.91844  ,  Loss/giou: 0.21045  ,  Loss/l1: 0.02275  ,  Loss/location: 0.36361  ,  pro_loss: 0.10090  ,  IoU: 0.80310  ,  Loss/sim: 0.00000
[train: Epoch 47, 50 / 1875] FPS: 110.3 (491.7)  ,  DataTime: 0.228 (0.005)  ,  ForwardTime: 0.057  ,  TotalTime: 0.290  ,  Loss/total: 0.93632  ,  Loss/giou: 0.21326  ,  Loss/l1: 0.02339  ,  Loss/location: 0.37186  ,  pro_loss: 0.10500  ,  IoU: 0.80187  ,  Loss/sim: 0.00000
[train: Epoch 47, 100 / 1875] FPS: 114.0 (506.1)  ,  DataTime: 0.219 (0.005)  ,  ForwardTime: 0.057  ,  TotalTime: 0.281  ,  Loss/total: 0.93540  ,  Loss/giou: 0.21286  ,  Loss/l1: 0.02334  ,  Loss/location: 0.37192  ,  pro_loss: 0.10542  ,  IoU: 0.80142  ,  Loss/sim: 0.00000
[train: Epoch 47, 150 / 1875] FPS: 124.8 (504.3)  ,  DataTime: 0.195 (0.005)  ,  ForwardTime: 0.057  ,  TotalTime: 0.256  ,  Loss/total: 0.91750  ,  Loss/giou: 0.21004  ,  Loss/l1: 0.02264  ,  Loss/location: 0.36366  ,  pro_loss: 0.10292  ,  IoU: 0.80380  ,  Loss/sim: 0.00000
[train: Epoch 47, 200 / 1875] FPS: 129.0 (496.9)  ,  DataTime: 0.187 (0.005)  ,  ForwardTime: 0.057  ,  TotalTime: 0.248  ,  Loss/total: 0.90943  ,  Loss/giou: 0.20861  ,  Loss/l1: 0.02218  ,  Loss/location: 0.36077  ,  pro_loss: 0.10266  ,  IoU: 0.80500  ,  Loss/sim: 0.00000
[train: Epoch 47, 250 / 1875] FPS: 129.7 (493.0)  ,  DataTime: 0.185 (0.005)  ,  ForwardTime: 0.057  ,  TotalTime: 0.247  ,  Loss/total: 0.90856  ,  Loss/giou: 0.20826  ,  Loss/l1: 0.02219  ,  Loss/location: 0.36072  ,  pro_loss: 0.10183  ,  IoU: 0.80547  ,  Loss/sim: 0.00000
[train: Epoch 47, 300 / 1875] FPS: 133.0 (501.0)  ,  DataTime: 0.179 (0.005)  ,  ForwardTime: 0.057  ,  TotalTime: 0.241  ,  Loss/total: 0.90063  ,  Loss/giou: 0.20661  ,  Loss/l1: 0.02191  ,  Loss/location: 0.35767  ,  pro_loss: 0.10104  ,  IoU: 0.80668  ,  Loss/sim: 0.00000
[train: Epoch 47, 350 / 1875] FPS: 133.3 (495.4)  ,  DataTime: 0.179 (0.005)  ,  ForwardTime: 0.057  ,  TotalTime: 0.240  ,  Loss/total: 0.90771  ,  Loss/giou: 0.20799  ,  Loss/l1: 0.02231  ,  Loss/location: 0.36007  ,  pro_loss: 0.10045  ,  IoU: 0.80553  ,  Loss/sim: 0.00000
[train: Epoch 47, 400 / 1875] FPS: 136.0 (499.2)  ,  DataTime: 0.174 (0.005)  ,  ForwardTime: 0.057  ,  TotalTime: 0.235  ,  Loss/total: 0.90587  ,  Loss/giou: 0.20720  ,  Loss/l1: 0.02211  ,  Loss/location: 0.36087  ,  pro_loss: 0.10018  ,  IoU: 0.80598  ,  Loss/sim: 0.00000
[train: Epoch 47, 450 / 1875] FPS: 139.2 (503.9)  ,  DataTime: 0.168 (0.005)  ,  ForwardTime: 0.057  ,  TotalTime: 0.230  ,  Loss/total: 0.90586  ,  Loss/giou: 0.20759  ,  Loss/l1: 0.02214  ,  Loss/location: 0.35988  ,  pro_loss: 0.10042  ,  IoU: 0.80578  ,  Loss/sim: 0.00000
[train: Epoch 47, 500 / 1875] FPS: 140.8 (502.7)  ,  DataTime: 0.166 (0.005)  ,  ForwardTime: 0.057  ,  TotalTime: 0.227  ,  Loss/total: 0.90594  ,  Loss/giou: 0.20766  ,  Loss/l1: 0.02214  ,  Loss/location: 0.35980  ,  pro_loss: 0.10073  ,  IoU: 0.80566  ,  Loss/sim: 0.00000
[train: Epoch 47, 550 / 1875] FPS: 143.2 (477.5)  ,  DataTime: 0.162 (0.005)  ,  ForwardTime: 0.057  ,  TotalTime: 0.223  ,  Loss/total: 0.90507  ,  Loss/giou: 0.20759  ,  Loss/l1: 0.02218  ,  Loss/location: 0.35894  ,  pro_loss: 0.10036  ,  IoU: 0.80573  ,  Loss/sim: 0.00000
[train: Epoch 47, 600 / 1875] FPS: 143.6 (477.3)  ,  DataTime: 0.161 (0.005)  ,  ForwardTime: 0.057  ,  TotalTime: 0.223  ,  Loss/total: 0.90657  ,  Loss/giou: 0.20763  ,  Loss/l1: 0.02220  ,  Loss/location: 0.36025  ,  pro_loss: 0.10019  ,  IoU: 0.80577  ,  Loss/sim: 0.00000
[train: Epoch 47, 650 / 1875] FPS: 144.1 (507.5)  ,  DataTime: 0.161 (0.005)  ,  ForwardTime: 0.057  ,  TotalTime: 0.222  ,  Loss/total: 0.90941  ,  Loss/giou: 0.20816  ,  Loss/l1: 0.02236  ,  Loss/location: 0.36127  ,  pro_loss: 0.09997  ,  IoU: 0.80528  ,  Loss/sim: 0.00000
[train: Epoch 47, 700 / 1875] FPS: 146.7 (501.7)  ,  DataTime: 0.156 (0.005)  ,  ForwardTime: 0.057  ,  TotalTime: 0.218  ,  Loss/total: 0.91111  ,  Loss/giou: 0.20859  ,  Loss/l1: 0.02243  ,  Loss/location: 0.36177  ,  pro_loss: 0.10001  ,  IoU: 0.80488  ,  Loss/sim: 0.00000
[train: Epoch 47, 750 / 1875] FPS: 146.0 (48.8)  ,  DataTime: 0.158 (0.005)  ,  ForwardTime: 0.057  ,  TotalTime: 0.219  ,  Loss/total: 0.91113  ,  Loss/giou: 0.20863  ,  Loss/l1: 0.02245  ,  Loss/location: 0.36164  ,  pro_loss: 0.10006  ,  IoU: 0.80484  ,  Loss/sim: 0.00000
[train: Epoch 47, 800 / 1875] FPS: 147.6 (495.4)  ,  DataTime: 0.155 (0.005)  ,  ForwardTime: 0.057  ,  TotalTime: 0.217  ,  Loss/total: 0.91034  ,  Loss/giou: 0.20870  ,  Loss/l1: 0.02241  ,  Loss/location: 0.36090  ,  pro_loss: 0.09999  ,  IoU: 0.80485  ,  Loss/sim: 0.00000
[train: Epoch 47, 850 / 1875] FPS: 149.0 (496.0)  ,  DataTime: 0.153 (0.005)  ,  ForwardTime: 0.057  ,  TotalTime: 0.215  ,  Loss/total: 0.90724  ,  Loss/giou: 0.20831  ,  Loss/l1: 0.02231  ,  Loss/location: 0.35906  ,  pro_loss: 0.10024  ,  IoU: 0.80511  ,  Loss/sim: 0.00000
[train: Epoch 47, 900 / 1875] FPS: 150.3 (501.3)  ,  DataTime: 0.151 (0.005)  ,  ForwardTime: 0.057  ,  TotalTime: 0.213  ,  Loss/total: 0.90720  ,  Loss/giou: 0.20825  ,  Loss/l1: 0.02229  ,  Loss/location: 0.35923  ,  pro_loss: 0.10006  ,  IoU: 0.80510  ,  Loss/sim: 0.00000
[train: Epoch 47, 950 / 1875] FPS: 151.3 (499.4)  ,  DataTime: 0.150 (0.005)  ,  ForwardTime: 0.057  ,  TotalTime: 0.212  ,  Loss/total: 0.91064  ,  Loss/giou: 0.20901  ,  Loss/l1: 0.02242  ,  Loss/location: 0.36051  ,  pro_loss: 0.10013  ,  IoU: 0.80451  ,  Loss/sim: 0.00000
[train: Epoch 47, 1000 / 1875] FPS: 152.9 (491.4)  ,  DataTime: 0.148 (0.005)  ,  ForwardTime: 0.057  ,  TotalTime: 0.209  ,  Loss/total: 0.91088  ,  Loss/giou: 0.20908  ,  Loss/l1: 0.02248  ,  Loss/location: 0.36032  ,  pro_loss: 0.10005  ,  IoU: 0.80449  ,  Loss/sim: 0.00000
[train: Epoch 47, 1050 / 1875] FPS: 153.2 (452.1)  ,  DataTime: 0.147 (0.005)  ,  ForwardTime: 0.057  ,  TotalTime: 0.209  ,  Loss/total: 0.91093  ,  Loss/giou: 0.20903  ,  Loss/l1: 0.02246  ,  Loss/location: 0.36051  ,  pro_loss: 0.10029  ,  IoU: 0.80449  ,  Loss/sim: 0.00000
[train: Epoch 47, 1100 / 1875] FPS: 154.1 (476.9)  ,  DataTime: 0.146 (0.005)  ,  ForwardTime: 0.057  ,  TotalTime: 0.208  ,  Loss/total: 0.90879  ,  Loss/giou: 0.20851  ,  Loss/l1: 0.02235  ,  Loss/location: 0.35996  ,  pro_loss: 0.10037  ,  IoU: 0.80488  ,  Loss/sim: 0.00000
[train: Epoch 47, 1150 / 1875] FPS: 155.7 (479.5)  ,  DataTime: 0.144 (0.005)  ,  ForwardTime: 0.057  ,  TotalTime: 0.206  ,  Loss/total: 0.90745  ,  Loss/giou: 0.20812  ,  Loss/l1: 0.02234  ,  Loss/location: 0.35943  ,  pro_loss: 0.10050  ,  IoU: 0.80532  ,  Loss/sim: 0.00000
[train: Epoch 47, 1200 / 1875] FPS: 156.2 (494.1)  ,  DataTime: 0.143 (0.005)  ,  ForwardTime: 0.057  ,  TotalTime: 0.205  ,  Loss/total: 0.90570  ,  Loss/giou: 0.20772  ,  Loss/l1: 0.02225  ,  Loss/location: 0.35889  ,  pro_loss: 0.10049  ,  IoU: 0.80566  ,  Loss/sim: 0.00000
[train: Epoch 47, 1250 / 1875] FPS: 157.5 (480.8)  ,  DataTime: 0.141 (0.005)  ,  ForwardTime: 0.057  ,  TotalTime: 0.203  ,  Loss/total: 0.90546  ,  Loss/giou: 0.20774  ,  Loss/l1: 0.02224  ,  Loss/location: 0.35874  ,  pro_loss: 0.10035  ,  IoU: 0.80563  ,  Loss/sim: 0.00000
[train: Epoch 47, 1300 / 1875] FPS: 158.2 (46.9)  ,  DataTime: 0.140 (0.005)  ,  ForwardTime: 0.057  ,  TotalTime: 0.202  ,  Loss/total: 0.90482  ,  Loss/giou: 0.20750  ,  Loss/l1: 0.02220  ,  Loss/location: 0.35875  ,  pro_loss: 0.10043  ,  IoU: 0.80580  ,  Loss/sim: 0.00000
[train: Epoch 47, 1350 / 1875] FPS: 159.7 (475.8)  ,  DataTime: 0.138 (0.005)  ,  ForwardTime: 0.057  ,  TotalTime: 0.200  ,  Loss/total: 0.90414  ,  Loss/giou: 0.20739  ,  Loss/l1: 0.02216  ,  Loss/location: 0.35852  ,  pro_loss: 0.10028  ,  IoU: 0.80590  ,  Loss/sim: 0.00000
[train: Epoch 47, 1400 / 1875] FPS: 160.6 (499.0)  ,  DataTime: 0.137 (0.005)  ,  ForwardTime: 0.057  ,  TotalTime: 0.199  ,  Loss/total: 0.90608  ,  Loss/giou: 0.20771  ,  Loss/l1: 0.02223  ,  Loss/location: 0.35950  ,  pro_loss: 0.10011  ,  IoU: 0.80564  ,  Loss/sim: 0.00000
[train: Epoch 47, 1450 / 1875] FPS: 161.7 (481.4)  ,  DataTime: 0.136 (0.005)  ,  ForwardTime: 0.057  ,  TotalTime: 0.198  ,  Loss/total: 0.90351  ,  Loss/giou: 0.20714  ,  Loss/l1: 0.02212  ,  Loss/location: 0.35857  ,  pro_loss: 0.10033  ,  IoU: 0.80607  ,  Loss/sim: 0.00000
[train: Epoch 47, 1500 / 1875] FPS: 162.9 (483.2)  ,  DataTime: 0.134 (0.005)  ,  ForwardTime: 0.057  ,  TotalTime: 0.196  ,  Loss/total: 0.90214  ,  Loss/giou: 0.20681  ,  Loss/l1: 0.02206  ,  Loss/location: 0.35813  ,  pro_loss: 0.10037  ,  IoU: 0.80633  ,  Loss/sim: 0.00000
[train: Epoch 47, 1550 / 1875] FPS: 163.8 (504.2)  ,  DataTime: 0.133 (0.005)  ,  ForwardTime: 0.057  ,  TotalTime: 0.195  ,  Loss/total: 0.90240  ,  Loss/giou: 0.20693  ,  Loss/l1: 0.02207  ,  Loss/location: 0.35816  ,  pro_loss: 0.10018  ,  IoU: 0.80626  ,  Loss/sim: 0.00000
[train: Epoch 47, 1600 / 1875] FPS: 164.9 (170.0)  ,  DataTime: 0.132 (0.005)  ,  ForwardTime: 0.057  ,  TotalTime: 0.194  ,  Loss/total: 0.90255  ,  Loss/giou: 0.20702  ,  Loss/l1: 0.02207  ,  Loss/location: 0.35814  ,  pro_loss: 0.10014  ,  IoU: 0.80618  ,  Loss/sim: 0.00000
[train: Epoch 47, 1650 / 1875] FPS: 165.5 (462.4)  ,  DataTime: 0.131 (0.005)  ,  ForwardTime: 0.057  ,  TotalTime: 0.193  ,  Loss/total: 0.90156  ,  Loss/giou: 0.20677  ,  Loss/l1: 0.02203  ,  Loss/location: 0.35786  ,  pro_loss: 0.10018  ,  IoU: 0.80636  ,  Loss/sim: 0.00000
[train: Epoch 47, 1700 / 1875] FPS: 166.3 (448.4)  ,  DataTime: 0.130 (0.005)  ,  ForwardTime: 0.057  ,  TotalTime: 0.192  ,  Loss/total: 0.90084  ,  Loss/giou: 0.20665  ,  Loss/l1: 0.02198  ,  Loss/location: 0.35758  ,  pro_loss: 0.10024  ,  IoU: 0.80645  ,  Loss/sim: 0.00000
[train: Epoch 47, 1750 / 1875] FPS: 167.7 (476.0)  ,  DataTime: 0.128 (0.005)  ,  ForwardTime: 0.057  ,  TotalTime: 0.191  ,  Loss/total: 0.89979  ,  Loss/giou: 0.20649  ,  Loss/l1: 0.02194  ,  Loss/location: 0.35704  ,  pro_loss: 0.10037  ,  IoU: 0.80658  ,  Loss/sim: 0.00000
[train: Epoch 47, 1800 / 1875] FPS: 169.0 (169.3)  ,  DataTime: 0.127 (0.005)  ,  ForwardTime: 0.057  ,  TotalTime: 0.189  ,  Loss/total: 0.90083  ,  Loss/giou: 0.20673  ,  Loss/l1: 0.02195  ,  Loss/location: 0.35751  ,  pro_loss: 0.10042  ,  IoU: 0.80635  ,  Loss/sim: 0.00000
[train: Epoch 47, 1850 / 1875] FPS: 170.3 (486.5)  ,  DataTime: 0.125 (0.005)  ,  ForwardTime: 0.057  ,  TotalTime: 0.188  ,  Loss/total: 0.89964  ,  Loss/giou: 0.20650  ,  Loss/l1: 0.02194  ,  Loss/location: 0.35689  ,  pro_loss: 0.10031  ,  IoU: 0.80661  ,  Loss/sim: 0.00000
[train: Epoch 47, 1875 / 1875] FPS: 171.1 (309.7)  ,  DataTime: 0.125 (0.005)  ,  ForwardTime: 0.057  ,  TotalTime: 0.187  ,  Loss/total: 0.89925  ,  Loss/giou: 0.20641  ,  Loss/l1: 0.02193  ,  Loss/location: 0.35675  ,  pro_loss: 0.10027  ,  IoU: 0.80669  ,  Loss/sim: 0.00000
[train: Epoch 48, 50 / 1875] FPS: 179.9 (96.7)  ,  DataTime: 0.113 (0.005)  ,  ForwardTime: 0.059  ,  TotalTime: 0.178  ,  Loss/total: 0.87763  ,  Loss/giou: 0.20155  ,  Loss/l1: 0.02117  ,  Loss/location: 0.34976  ,  pro_loss: 0.09458  ,  IoU: 0.81150  ,  Loss/sim: 0.00000
[train: Epoch 48, 100 / 1875] FPS: 199.3 (459.0)  ,  DataTime: 0.096 (0.005)  ,  ForwardTime: 0.059  ,  TotalTime: 0.161  ,  Loss/total: 0.89870  ,  Loss/giou: 0.20636  ,  Loss/l1: 0.02184  ,  Loss/location: 0.35719  ,  pro_loss: 0.09802  ,  IoU: 0.80696  ,  Loss/sim: 0.00000
[train: Epoch 48, 150 / 1875] FPS: 203.0 (80.0)  ,  DataTime: 0.093 (0.005)  ,  ForwardTime: 0.059  ,  TotalTime: 0.158  ,  Loss/total: 0.92141  ,  Loss/giou: 0.20994  ,  Loss/l1: 0.02255  ,  Loss/location: 0.36924  ,  pro_loss: 0.09757  ,  IoU: 0.80381  ,  Loss/sim: 0.00000
[train: Epoch 48, 200 / 1875] FPS: 207.8 (453.2)  ,  DataTime: 0.090 (0.005)  ,  ForwardTime: 0.059  ,  TotalTime: 0.154  ,  Loss/total: 0.92904  ,  Loss/giou: 0.21185  ,  Loss/l1: 0.02273  ,  Loss/location: 0.37226  ,  pro_loss: 0.09729  ,  IoU: 0.80228  ,  Loss/sim: 0.00000
[train: Epoch 48, 250 / 1875] FPS: 218.6 (444.1)  ,  DataTime: 0.082 (0.005)  ,  ForwardTime: 0.059  ,  TotalTime: 0.146  ,  Loss/total: 0.93322  ,  Loss/giou: 0.21344  ,  Loss/l1: 0.02300  ,  Loss/location: 0.37159  ,  pro_loss: 0.09871  ,  IoU: 0.80097  ,  Loss/sim: 0.00000
[train: Epoch 48, 300 / 1875] FPS: 220.3 (491.2)  ,  DataTime: 0.081 (0.005)  ,  ForwardTime: 0.059  ,  TotalTime: 0.145  ,  Loss/total: 0.92577  ,  Loss/giou: 0.21233  ,  Loss/l1: 0.02280  ,  Loss/location: 0.36736  ,  pro_loss: 0.09865  ,  IoU: 0.80196  ,  Loss/sim: 0.00000
[train: Epoch 48, 350 / 1875] FPS: 222.9 (100.9)  ,  DataTime: 0.079 (0.005)  ,  ForwardTime: 0.059  ,  TotalTime: 0.144  ,  Loss/total: 0.91588  ,  Loss/giou: 0.21059  ,  Loss/l1: 0.02243  ,  Loss/location: 0.36281  ,  pro_loss: 0.09878  ,  IoU: 0.80337  ,  Loss/sim: 0.00000
[train: Epoch 48, 400 / 1875] FPS: 226.5 (491.5)  ,  DataTime: 0.077 (0.005)  ,  ForwardTime: 0.059  ,  TotalTime: 0.141  ,  Loss/total: 0.91115  ,  Loss/giou: 0.20955  ,  Loss/l1: 0.02224  ,  Loss/location: 0.36094  ,  pro_loss: 0.09966  ,  IoU: 0.80413  ,  Loss/sim: 0.00000
[train: Epoch 48, 450 / 1875] FPS: 229.5 (413.4)  ,  DataTime: 0.075 (0.006)  ,  ForwardTime: 0.059  ,  TotalTime: 0.139  ,  Loss/total: 0.91239  ,  Loss/giou: 0.20992  ,  Loss/l1: 0.02241  ,  Loss/location: 0.36050  ,  pro_loss: 0.10007  ,  IoU: 0.80385  ,  Loss/sim: 0.00000
[train: Epoch 48, 500 / 1875] FPS: 229.1 (440.6)  ,  DataTime: 0.075 (0.006)  ,  ForwardTime: 0.059  ,  TotalTime: 0.140  ,  Loss/total: 0.90876  ,  Loss/giou: 0.20921  ,  Loss/l1: 0.02237  ,  Loss/location: 0.35839  ,  pro_loss: 0.10062  ,  IoU: 0.80453  ,  Loss/sim: 0.00000
[train: Epoch 48, 550 / 1875] FPS: 231.3 (462.1)  ,  DataTime: 0.074 (0.006)  ,  ForwardTime: 0.059  ,  TotalTime: 0.138  ,  Loss/total: 0.90643  ,  Loss/giou: 0.20841  ,  Loss/l1: 0.02225  ,  Loss/location: 0.35813  ,  pro_loss: 0.10125  ,  IoU: 0.80507  ,  Loss/sim: 0.00000
[train: Epoch 48, 600 / 1875] FPS: 231.2 (169.8)  ,  DataTime: 0.074 (0.006)  ,  ForwardTime: 0.059  ,  TotalTime: 0.138  ,  Loss/total: 0.91364  ,  Loss/giou: 0.20985  ,  Loss/l1: 0.02251  ,  Loss/location: 0.36120  ,  pro_loss: 0.10106  ,  IoU: 0.80388  ,  Loss/sim: 0.00000
[train: Epoch 48, 650 / 1875] FPS: 230.7 (493.1)  ,  DataTime: 0.074 (0.006)  ,  ForwardTime: 0.059  ,  TotalTime: 0.139  ,  Loss/total: 0.91410  ,  Loss/giou: 0.20993  ,  Loss/l1: 0.02254  ,  Loss/location: 0.36140  ,  pro_loss: 0.10077  ,  IoU: 0.80384  ,  Loss/sim: 0.00000
[train: Epoch 48, 700 / 1875] FPS: 234.2 (475.5)  ,  DataTime: 0.072 (0.006)  ,  ForwardTime: 0.059  ,  TotalTime: 0.137  ,  Loss/total: 0.91460  ,  Loss/giou: 0.21013  ,  Loss/l1: 0.02260  ,  Loss/location: 0.36121  ,  pro_loss: 0.10049  ,  IoU: 0.80361  ,  Loss/sim: 0.00000
[train: Epoch 48, 750 / 1875] FPS: 234.8 (470.1)  ,  DataTime: 0.071 (0.006)  ,  ForwardTime: 0.059  ,  TotalTime: 0.136  ,  Loss/total: 0.91454  ,  Loss/giou: 0.20998  ,  Loss/l1: 0.02255  ,  Loss/location: 0.36176  ,  pro_loss: 0.10029  ,  IoU: 0.80369  ,  Loss/sim: 0.00000
[train: Epoch 48, 800 / 1875] FPS: 235.7 (469.3)  ,  DataTime: 0.071 (0.006)  ,  ForwardTime: 0.059  ,  TotalTime: 0.136  ,  Loss/total: 0.91324  ,  Loss/giou: 0.20950  ,  Loss/l1: 0.02248  ,  Loss/location: 0.36176  ,  pro_loss: 0.10039  ,  IoU: 0.80408  ,  Loss/sim: 0.00000
[train: Epoch 48, 850 / 1875] FPS: 237.1 (470.5)  ,  DataTime: 0.070 (0.006)  ,  ForwardTime: 0.059  ,  TotalTime: 0.135  ,  Loss/total: 0.90998  ,  Loss/giou: 0.20883  ,  Loss/l1: 0.02236  ,  Loss/location: 0.36045  ,  pro_loss: 0.10031  ,  IoU: 0.80460  ,  Loss/sim: 0.00000
[train: Epoch 48, 900 / 1875] FPS: 237.1 (449.9)  ,  DataTime: 0.070 (0.006)  ,  ForwardTime: 0.059  ,  TotalTime: 0.135  ,  Loss/total: 0.90758  ,  Loss/giou: 0.20830  ,  Loss/l1: 0.02228  ,  Loss/location: 0.35952  ,  pro_loss: 0.10027  ,  IoU: 0.80508  ,  Loss/sim: 0.00000
[train: Epoch 48, 950 / 1875] FPS: 238.8 (456.2)  ,  DataTime: 0.069 (0.006)  ,  ForwardTime: 0.059  ,  TotalTime: 0.134  ,  Loss/total: 0.90846  ,  Loss/giou: 0.20852  ,  Loss/l1: 0.02229  ,  Loss/location: 0.35991  ,  pro_loss: 0.10032  ,  IoU: 0.80488  ,  Loss/sim: 0.00000
[train: Epoch 48, 1000 / 1875] FPS: 239.2 (471.9)  ,  DataTime: 0.069 (0.006)  ,  ForwardTime: 0.059  ,  TotalTime: 0.134  ,  Loss/total: 0.90952  ,  Loss/giou: 0.20883  ,  Loss/l1: 0.02235  ,  Loss/location: 0.36002  ,  pro_loss: 0.10060  ,  IoU: 0.80464  ,  Loss/sim: 0.00000
[train: Epoch 48, 1050 / 1875] FPS: 240.3 (285.6)  ,  DataTime: 0.068 (0.006)  ,  ForwardTime: 0.060  ,  TotalTime: 0.133  ,  Loss/total: 0.90790  ,  Loss/giou: 0.20839  ,  Loss/l1: 0.02227  ,  Loss/location: 0.35961  ,  pro_loss: 0.10089  ,  IoU: 0.80497  ,  Loss/sim: 0.00000
[train: Epoch 48, 1100 / 1875] FPS: 240.2 (480.8)  ,  DataTime: 0.068 (0.006)  ,  ForwardTime: 0.059  ,  TotalTime: 0.133  ,  Loss/total: 0.90683  ,  Loss/giou: 0.20808  ,  Loss/l1: 0.02224  ,  Loss/location: 0.35936  ,  pro_loss: 0.10067  ,  IoU: 0.80529  ,  Loss/sim: 0.00000
[train: Epoch 48, 1150 / 1875] FPS: 241.8 (459.2)  ,  DataTime: 0.067 (0.006)  ,  ForwardTime: 0.060  ,  TotalTime: 0.132  ,  Loss/total: 0.90397  ,  Loss/giou: 0.20746  ,  Loss/l1: 0.02215  ,  Loss/location: 0.35816  ,  pro_loss: 0.10082  ,  IoU: 0.80583  ,  Loss/sim: 0.00000
[train: Epoch 48, 1200 / 1875] FPS: 243.9 (465.0)  ,  DataTime: 0.066 (0.006)  ,  ForwardTime: 0.060  ,  TotalTime: 0.131  ,  Loss/total: 0.90389  ,  Loss/giou: 0.20730  ,  Loss/l1: 0.02216  ,  Loss/location: 0.35820  ,  pro_loss: 0.10129  ,  IoU: 0.80594  ,  Loss/sim: 0.00000
[train: Epoch 48, 1250 / 1875] FPS: 245.0 (184.0)  ,  DataTime: 0.065 (0.006)  ,  ForwardTime: 0.060  ,  TotalTime: 0.131  ,  Loss/total: 0.90417  ,  Loss/giou: 0.20741  ,  Loss/l1: 0.02219  ,  Loss/location: 0.35807  ,  pro_loss: 0.10147  ,  IoU: 0.80583  ,  Loss/sim: 0.00000
[train: Epoch 48, 1300 / 1875] FPS: 246.6 (422.9)  ,  DataTime: 0.064 (0.006)  ,  ForwardTime: 0.060  ,  TotalTime: 0.130  ,  Loss/total: 0.90220  ,  Loss/giou: 0.20704  ,  Loss/l1: 0.02213  ,  Loss/location: 0.35721  ,  pro_loss: 0.10119  ,  IoU: 0.80615  ,  Loss/sim: 0.00000
[train: Epoch 48, 1350 / 1875] FPS: 247.7 (449.2)  ,  DataTime: 0.064 (0.006)  ,  ForwardTime: 0.060  ,  TotalTime: 0.129  ,  Loss/total: 0.90445  ,  Loss/giou: 0.20757  ,  Loss/l1: 0.02223  ,  Loss/location: 0.35795  ,  pro_loss: 0.10100  ,  IoU: 0.80572  ,  Loss/sim: 0.00000
[train: Epoch 48, 1400 / 1875] FPS: 248.8 (434.7)  ,  DataTime: 0.063 (0.006)  ,  ForwardTime: 0.060  ,  TotalTime: 0.129  ,  Loss/total: 0.90645  ,  Loss/giou: 0.20792  ,  Loss/l1: 0.02229  ,  Loss/location: 0.35898  ,  pro_loss: 0.10089  ,  IoU: 0.80538  ,  Loss/sim: 0.00000
[train: Epoch 48, 1450 / 1875] FPS: 249.0 (467.5)  ,  DataTime: 0.063 (0.006)  ,  ForwardTime: 0.060  ,  TotalTime: 0.129  ,  Loss/total: 0.90627  ,  Loss/giou: 0.20798  ,  Loss/l1: 0.02230  ,  Loss/location: 0.35864  ,  pro_loss: 0.10081  ,  IoU: 0.80539  ,  Loss/sim: 0.00000
[train: Epoch 48, 1500 / 1875] FPS: 250.2 (462.4)  ,  DataTime: 0.062 (0.006)  ,  ForwardTime: 0.060  ,  TotalTime: 0.128  ,  Loss/total: 0.90628  ,  Loss/giou: 0.20804  ,  Loss/l1: 0.02228  ,  Loss/location: 0.35861  ,  pro_loss: 0.10086  ,  IoU: 0.80529  ,  Loss/sim: 0.00000
[train: Epoch 48, 1550 / 1875] FPS: 250.9 (453.2)  ,  DataTime: 0.062 (0.006)  ,  ForwardTime: 0.060  ,  TotalTime: 0.128  ,  Loss/total: 0.90688  ,  Loss/giou: 0.20816  ,  Loss/l1: 0.02232  ,  Loss/location: 0.35884  ,  pro_loss: 0.10072  ,  IoU: 0.80520  ,  Loss/sim: 0.00000
[train: Epoch 48, 1600 / 1875] FPS: 252.3 (470.2)  ,  DataTime: 0.061 (0.006)  ,  ForwardTime: 0.060  ,  TotalTime: 0.127  ,  Loss/total: 0.90898  ,  Loss/giou: 0.20858  ,  Loss/l1: 0.02239  ,  Loss/location: 0.35971  ,  pro_loss: 0.10074  ,  IoU: 0.80481  ,  Loss/sim: 0.00000
[train: Epoch 48, 1650 / 1875] FPS: 252.9 (456.4)  ,  DataTime: 0.061 (0.006)  ,  ForwardTime: 0.060  ,  TotalTime: 0.127  ,  Loss/total: 0.90883  ,  Loss/giou: 0.20851  ,  Loss/l1: 0.02239  ,  Loss/location: 0.35979  ,  pro_loss: 0.10052  ,  IoU: 0.80483  ,  Loss/sim: 0.00000
[train: Epoch 48, 1700 / 1875] FPS: 253.7 (196.6)  ,  DataTime: 0.060 (0.006)  ,  ForwardTime: 0.060  ,  TotalTime: 0.126  ,  Loss/total: 0.90846  ,  Loss/giou: 0.20835  ,  Loss/l1: 0.02237  ,  Loss/location: 0.35982  ,  pro_loss: 0.10041  ,  IoU: 0.80497  ,  Loss/sim: 0.00000
[train: Epoch 48, 1750 / 1875] FPS: 254.1 (482.1)  ,  DataTime: 0.060 (0.006)  ,  ForwardTime: 0.060  ,  TotalTime: 0.126  ,  Loss/total: 0.90774  ,  Loss/giou: 0.20818  ,  Loss/l1: 0.02234  ,  Loss/location: 0.35959  ,  pro_loss: 0.10040  ,  IoU: 0.80507  ,  Loss/sim: 0.00000
[train: Epoch 48, 1800 / 1875] FPS: 255.0 (473.3)  ,  DataTime: 0.060 (0.006)  ,  ForwardTime: 0.060  ,  TotalTime: 0.126  ,  Loss/total: 0.90627  ,  Loss/giou: 0.20786  ,  Loss/l1: 0.02226  ,  Loss/location: 0.35919  ,  pro_loss: 0.10032  ,  IoU: 0.80533  ,  Loss/sim: 0.00000
[train: Epoch 48, 1850 / 1875] FPS: 255.5 (469.1)  ,  DataTime: 0.059 (0.006)  ,  ForwardTime: 0.060  ,  TotalTime: 0.125  ,  Loss/total: 0.90634  ,  Loss/giou: 0.20795  ,  Loss/l1: 0.02225  ,  Loss/location: 0.35912  ,  pro_loss: 0.10039  ,  IoU: 0.80523  ,  Loss/sim: 0.00000
[train: Epoch 48, 1875 / 1875] FPS: 256.5 (514.5)  ,  DataTime: 0.059 (0.006)  ,  ForwardTime: 0.060  ,  TotalTime: 0.125  ,  Loss/total: 0.90576  ,  Loss/giou: 0.20786  ,  Loss/l1: 0.02224  ,  Loss/location: 0.35875  ,  pro_loss: 0.10044  ,  IoU: 0.80530  ,  Loss/sim: 0.00000
[train: Epoch 49, 50 / 1875] FPS: 240.2 (475.5)  ,  DataTime: 0.065 (0.006)  ,  ForwardTime: 0.062  ,  TotalTime: 0.133  ,  Loss/total: 0.95432  ,  Loss/giou: 0.21769  ,  Loss/l1: 0.02487  ,  Loss/location: 0.37400  ,  pro_loss: 0.10292  ,  IoU: 0.79748  ,  Loss/sim: 0.00000
[train: Epoch 49, 100 / 1875] FPS: 264.7 (482.4)  ,  DataTime: 0.054 (0.006)  ,  ForwardTime: 0.061  ,  TotalTime: 0.121  ,  Loss/total: 0.92264  ,  Loss/giou: 0.21080  ,  Loss/l1: 0.02295  ,  Loss/location: 0.36635  ,  pro_loss: 0.09958  ,  IoU: 0.80254  ,  Loss/sim: 0.00000
[train: Epoch 49, 150 / 1875] FPS: 271.9 (181.1)  ,  DataTime: 0.050 (0.006)  ,  ForwardTime: 0.061  ,  TotalTime: 0.118  ,  Loss/total: 0.90512  ,  Loss/giou: 0.20772  ,  Loss/l1: 0.02246  ,  Loss/location: 0.35709  ,  pro_loss: 0.10146  ,  IoU: 0.80507  ,  Loss/sim: 0.00000
[train: Epoch 49, 200 / 1875] FPS: 278.7 (439.9)  ,  DataTime: 0.047 (0.006)  ,  ForwardTime: 0.061  ,  TotalTime: 0.115  ,  Loss/total: 0.90468  ,  Loss/giou: 0.20711  ,  Loss/l1: 0.02250  ,  Loss/location: 0.35802  ,  pro_loss: 0.09979  ,  IoU: 0.80572  ,  Loss/sim: 0.00000
[train: Epoch 49, 250 / 1875] FPS: 285.8 (116.6)  ,  DataTime: 0.044 (0.006)  ,  ForwardTime: 0.062  ,  TotalTime: 0.112  ,  Loss/total: 0.90283  ,  Loss/giou: 0.20696  ,  Loss/l1: 0.02247  ,  Loss/location: 0.35663  ,  pro_loss: 0.09954  ,  IoU: 0.80617  ,  Loss/sim: 0.00000
[train: Epoch 49, 300 / 1875] FPS: 288.2 (445.3)  ,  DataTime: 0.043 (0.006)  ,  ForwardTime: 0.062  ,  TotalTime: 0.111  ,  Loss/total: 0.90239  ,  Loss/giou: 0.20728  ,  Loss/l1: 0.02247  ,  Loss/location: 0.35557  ,  pro_loss: 0.09955  ,  IoU: 0.80593  ,  Loss/sim: 0.00000
[train: Epoch 49, 350 / 1875] FPS: 288.8 (441.8)  ,  DataTime: 0.043 (0.006)  ,  ForwardTime: 0.062  ,  TotalTime: 0.111  ,  Loss/total: 0.90243  ,  Loss/giou: 0.20732  ,  Loss/l1: 0.02240  ,  Loss/location: 0.35588  ,  pro_loss: 0.09949  ,  IoU: 0.80581  ,  Loss/sim: 0.00000
[train: Epoch 49, 400 / 1875] FPS: 293.8 (446.7)  ,  DataTime: 0.041 (0.006)  ,  ForwardTime: 0.062  ,  TotalTime: 0.109  ,  Loss/total: 0.90228  ,  Loss/giou: 0.20709  ,  Loss/l1: 0.02229  ,  Loss/location: 0.35668  ,  pro_loss: 0.09992  ,  IoU: 0.80588  ,  Loss/sim: 0.00000
[train: Epoch 49, 450 / 1875] FPS: 296.1 (456.4)  ,  DataTime: 0.040 (0.006)  ,  ForwardTime: 0.062  ,  TotalTime: 0.108  ,  Loss/total: 0.90919  ,  Loss/giou: 0.20871  ,  Loss/l1: 0.02257  ,  Loss/location: 0.35899  ,  pro_loss: 0.09965  ,  IoU: 0.80472  ,  Loss/sim: 0.00000
[train: Epoch 49, 500 / 1875] FPS: 297.7 (429.3)  ,  DataTime: 0.039 (0.006)  ,  ForwardTime: 0.062  ,  TotalTime: 0.107  ,  Loss/total: 0.90988  ,  Loss/giou: 0.20877  ,  Loss/l1: 0.02251  ,  Loss/location: 0.35988  ,  pro_loss: 0.09954  ,  IoU: 0.80460  ,  Loss/sim: 0.00000
[train: Epoch 49, 550 / 1875] FPS: 298.4 (459.0)  ,  DataTime: 0.039 (0.006)  ,  ForwardTime: 0.062  ,  TotalTime: 0.107  ,  Loss/total: 0.90880  ,  Loss/giou: 0.20859  ,  Loss/l1: 0.02248  ,  Loss/location: 0.35925  ,  pro_loss: 0.09977  ,  IoU: 0.80480  ,  Loss/sim: 0.00000
[train: Epoch 49, 600 / 1875] FPS: 297.4 (489.0)  ,  DataTime: 0.039 (0.006)  ,  ForwardTime: 0.062  ,  TotalTime: 0.108  ,  Loss/total: 0.90605  ,  Loss/giou: 0.20827  ,  Loss/l1: 0.02239  ,  Loss/location: 0.35766  ,  pro_loss: 0.09957  ,  IoU: 0.80502  ,  Loss/sim: 0.00000
[train: Epoch 49, 650 / 1875] FPS: 300.0 (447.9)  ,  DataTime: 0.038 (0.006)  ,  ForwardTime: 0.062  ,  TotalTime: 0.107  ,  Loss/total: 0.90676  ,  Loss/giou: 0.20843  ,  Loss/l1: 0.02245  ,  Loss/location: 0.35779  ,  pro_loss: 0.09938  ,  IoU: 0.80498  ,  Loss/sim: 0.00000
[train: Epoch 49, 700 / 1875] FPS: 302.5 (432.0)  ,  DataTime: 0.037 (0.006)  ,  ForwardTime: 0.062  ,  TotalTime: 0.106  ,  Loss/total: 0.90892  ,  Loss/giou: 0.20888  ,  Loss/l1: 0.02252  ,  Loss/location: 0.35871  ,  pro_loss: 0.09930  ,  IoU: 0.80459  ,  Loss/sim: 0.00000
[train: Epoch 49, 750 / 1875] FPS: 300.8 (84.7)  ,  DataTime: 0.038 (0.006)  ,  ForwardTime: 0.062  ,  TotalTime: 0.106  ,  Loss/total: 0.90764  ,  Loss/giou: 0.20868  ,  Loss/l1: 0.02244  ,  Loss/location: 0.35821  ,  pro_loss: 0.09931  ,  IoU: 0.80465  ,  Loss/sim: 0.00000
[train: Epoch 49, 800 / 1875] FPS: 302.6 (465.6)  ,  DataTime: 0.037 (0.006)  ,  ForwardTime: 0.062  ,  TotalTime: 0.106  ,  Loss/total: 0.90635  ,  Loss/giou: 0.20821  ,  Loss/l1: 0.02234  ,  Loss/location: 0.35840  ,  pro_loss: 0.09913  ,  IoU: 0.80500  ,  Loss/sim: 0.00000
[train: Epoch 49, 850 / 1875] FPS: 303.6 (408.6)  ,  DataTime: 0.037 (0.006)  ,  ForwardTime: 0.062  ,  TotalTime: 0.105  ,  Loss/total: 0.90647  ,  Loss/giou: 0.20822  ,  Loss/l1: 0.02235  ,  Loss/location: 0.35831  ,  pro_loss: 0.09975  ,  IoU: 0.80499  ,  Loss/sim: 0.00000
[train: Epoch 49, 900 / 1875] FPS: 305.1 (483.5)  ,  DataTime: 0.036 (0.006)  ,  ForwardTime: 0.062  ,  TotalTime: 0.105  ,  Loss/total: 0.90709  ,  Loss/giou: 0.20831  ,  Loss/l1: 0.02235  ,  Loss/location: 0.35870  ,  pro_loss: 0.10004  ,  IoU: 0.80485  ,  Loss/sim: 0.00000
[train: Epoch 49, 950 / 1875] FPS: 305.3 (448.2)  ,  DataTime: 0.036 (0.006)  ,  ForwardTime: 0.062  ,  TotalTime: 0.105  ,  Loss/total: 0.90593  ,  Loss/giou: 0.20797  ,  Loss/l1: 0.02235  ,  Loss/location: 0.35816  ,  pro_loss: 0.10036  ,  IoU: 0.80513  ,  Loss/sim: 0.00000
[train: Epoch 49, 1000 / 1875] FPS: 305.1 (88.4)  ,  DataTime: 0.036 (0.006)  ,  ForwardTime: 0.062  ,  TotalTime: 0.105  ,  Loss/total: 0.90327  ,  Loss/giou: 0.20745  ,  Loss/l1: 0.02224  ,  Loss/location: 0.35711  ,  pro_loss: 0.10024  ,  IoU: 0.80554  ,  Loss/sim: 0.00000
[train: Epoch 49, 1050 / 1875] FPS: 306.4 (446.6)  ,  DataTime: 0.036 (0.006)  ,  ForwardTime: 0.062  ,  TotalTime: 0.104  ,  Loss/total: 0.90264  ,  Loss/giou: 0.20730  ,  Loss/l1: 0.02221  ,  Loss/location: 0.35688  ,  pro_loss: 0.10055  ,  IoU: 0.80573  ,  Loss/sim: 0.00000
[train: Epoch 49, 1100 / 1875] FPS: 307.0 (385.1)  ,  DataTime: 0.035 (0.006)  ,  ForwardTime: 0.062  ,  TotalTime: 0.104  ,  Loss/total: 0.90267  ,  Loss/giou: 0.20720  ,  Loss/l1: 0.02221  ,  Loss/location: 0.35714  ,  pro_loss: 0.10049  ,  IoU: 0.80583  ,  Loss/sim: 0.00000
[train: Epoch 49, 1150 / 1875] FPS: 307.5 (443.0)  ,  DataTime: 0.035 (0.006)  ,  ForwardTime: 0.062  ,  TotalTime: 0.104  ,  Loss/total: 0.90492  ,  Loss/giou: 0.20768  ,  Loss/l1: 0.02228  ,  Loss/location: 0.35804  ,  pro_loss: 0.10046  ,  IoU: 0.80546  ,  Loss/sim: 0.00000
[train: Epoch 49, 1200 / 1875] FPS: 307.4 (390.8)  ,  DataTime: 0.035 (0.006)  ,  ForwardTime: 0.062  ,  TotalTime: 0.104  ,  Loss/total: 0.90597  ,  Loss/giou: 0.20789  ,  Loss/l1: 0.02230  ,  Loss/location: 0.35863  ,  pro_loss: 0.10038  ,  IoU: 0.80525  ,  Loss/sim: 0.00000
[train: Epoch 49, 1250 / 1875] FPS: 308.6 (441.6)  ,  DataTime: 0.035 (0.006)  ,  ForwardTime: 0.062  ,  TotalTime: 0.104  ,  Loss/total: 0.90660  ,  Loss/giou: 0.20807  ,  Loss/l1: 0.02231  ,  Loss/location: 0.35881  ,  pro_loss: 0.10046  ,  IoU: 0.80513  ,  Loss/sim: 0.00000
[train: Epoch 49, 1300 / 1875] FPS: 308.9 (435.9)  ,  DataTime: 0.035 (0.006)  ,  ForwardTime: 0.063  ,  TotalTime: 0.104  ,  Loss/total: 0.90532  ,  Loss/giou: 0.20775  ,  Loss/l1: 0.02223  ,  Loss/location: 0.35860  ,  pro_loss: 0.10039  ,  IoU: 0.80539  ,  Loss/sim: 0.00000
[train: Epoch 49, 1350 / 1875] FPS: 310.0 (426.0)  ,  DataTime: 0.034 (0.006)  ,  ForwardTime: 0.063  ,  TotalTime: 0.103  ,  Loss/total: 0.90395  ,  Loss/giou: 0.20751  ,  Loss/l1: 0.02217  ,  Loss/location: 0.35805  ,  pro_loss: 0.10016  ,  IoU: 0.80564  ,  Loss/sim: 0.00000
[train: Epoch 49, 1400 / 1875] FPS: 310.9 (442.2)  ,  DataTime: 0.034 (0.006)  ,  ForwardTime: 0.063  ,  TotalTime: 0.103  ,  Loss/total: 0.90514  ,  Loss/giou: 0.20778  ,  Loss/l1: 0.02222  ,  Loss/location: 0.35843  ,  pro_loss: 0.10024  ,  IoU: 0.80542  ,  Loss/sim: 0.00000
[train: Epoch 49, 1450 / 1875] FPS: 311.6 (398.1)  ,  DataTime: 0.034 (0.006)  ,  ForwardTime: 0.063  ,  TotalTime: 0.103  ,  Loss/total: 0.90544  ,  Loss/giou: 0.20785  ,  Loss/l1: 0.02225  ,  Loss/location: 0.35846  ,  pro_loss: 0.10025  ,  IoU: 0.80537  ,  Loss/sim: 0.00000
[train: Epoch 49, 1500 / 1875] FPS: 311.8 (432.4)  ,  DataTime: 0.033 (0.006)  ,  ForwardTime: 0.063  ,  TotalTime: 0.103  ,  Loss/total: 0.90523  ,  Loss/giou: 0.20793  ,  Loss/l1: 0.02227  ,  Loss/location: 0.35796  ,  pro_loss: 0.10045  ,  IoU: 0.80540  ,  Loss/sim: 0.00000
[train: Epoch 49, 1550 / 1875] FPS: 312.5 (444.5)  ,  DataTime: 0.033 (0.007)  ,  ForwardTime: 0.063  ,  TotalTime: 0.102  ,  Loss/total: 0.90475  ,  Loss/giou: 0.20783  ,  Loss/l1: 0.02223  ,  Loss/location: 0.35782  ,  pro_loss: 0.10053  ,  IoU: 0.80544  ,  Loss/sim: 0.00000
[train: Epoch 49, 1600 / 1875] FPS: 313.3 (358.2)  ,  DataTime: 0.033 (0.007)  ,  ForwardTime: 0.063  ,  TotalTime: 0.102  ,  Loss/total: 0.90609  ,  Loss/giou: 0.20824  ,  Loss/l1: 0.02230  ,  Loss/location: 0.35802  ,  pro_loss: 0.10054  ,  IoU: 0.80509  ,  Loss/sim: 0.00000
[train: Epoch 49, 1650 / 1875] FPS: 314.0 (150.7)  ,  DataTime: 0.033 (0.007)  ,  ForwardTime: 0.063  ,  TotalTime: 0.102  ,  Loss/total: 0.90776  ,  Loss/giou: 0.20863  ,  Loss/l1: 0.02237  ,  Loss/location: 0.35859  ,  pro_loss: 0.10046  ,  IoU: 0.80474  ,  Loss/sim: 0.00000
[train: Epoch 49, 1700 / 1875] FPS: 314.5 (442.7)  ,  DataTime: 0.032 (0.007)  ,  ForwardTime: 0.063  ,  TotalTime: 0.102  ,  Loss/total: 0.90874  ,  Loss/giou: 0.20881  ,  Loss/l1: 0.02236  ,  Loss/location: 0.35927  ,  pro_loss: 0.10023  ,  IoU: 0.80455  ,  Loss/sim: 0.00000
[train: Epoch 49, 1750 / 1875] FPS: 315.1 (430.0)  ,  DataTime: 0.032 (0.007)  ,  ForwardTime: 0.063  ,  TotalTime: 0.102  ,  Loss/total: 0.90724  ,  Loss/giou: 0.20855  ,  Loss/l1: 0.02231  ,  Loss/location: 0.35861  ,  pro_loss: 0.10004  ,  IoU: 0.80478  ,  Loss/sim: 0.00000
[train: Epoch 49, 1800 / 1875] FPS: 315.5 (373.7)  ,  DataTime: 0.032 (0.007)  ,  ForwardTime: 0.063  ,  TotalTime: 0.101  ,  Loss/total: 0.90781  ,  Loss/giou: 0.20862  ,  Loss/l1: 0.02233  ,  Loss/location: 0.35888  ,  pro_loss: 0.10024  ,  IoU: 0.80475  ,  Loss/sim: 0.00000
[train: Epoch 49, 1850 / 1875] FPS: 315.5 (438.8)  ,  DataTime: 0.032 (0.007)  ,  ForwardTime: 0.063  ,  TotalTime: 0.101  ,  Loss/total: 0.90798  ,  Loss/giou: 0.20862  ,  Loss/l1: 0.02234  ,  Loss/location: 0.35901  ,  pro_loss: 0.10026  ,  IoU: 0.80476  ,  Loss/sim: 0.00000
[train: Epoch 49, 1875 / 1875] FPS: 316.3 (511.8)  ,  DataTime: 0.032 (0.007)  ,  ForwardTime: 0.063  ,  TotalTime: 0.101  ,  Loss/total: 0.90809  ,  Loss/giou: 0.20861  ,  Loss/l1: 0.02234  ,  Loss/location: 0.35915  ,  pro_loss: 0.10022  ,  IoU: 0.80474  ,  Loss/sim: 0.00000
[train: Epoch 50, 50 / 1875] FPS: 266.2 (417.2)  ,  DataTime: 0.050 (0.007)  ,  ForwardTime: 0.064  ,  TotalTime: 0.120  ,  Loss/total: 0.87066  ,  Loss/giou: 0.20374  ,  Loss/l1: 0.02151  ,  Loss/location: 0.33443  ,  pro_loss: 0.10583  ,  IoU: 0.81051  ,  Loss/sim: 0.00000
[train: Epoch 50, 100 / 1875] FPS: 294.5 (427.8)  ,  DataTime: 0.038 (0.007)  ,  ForwardTime: 0.064  ,  TotalTime: 0.109  ,  Loss/total: 0.90112  ,  Loss/giou: 0.20825  ,  Loss/l1: 0.02246  ,  Loss/location: 0.35235  ,  pro_loss: 0.09979  ,  IoU: 0.80568  ,  Loss/sim: 0.00000
[train: Epoch 50, 150 / 1875] FPS: 307.6 (448.6)  ,  DataTime: 0.033 (0.007)  ,  ForwardTime: 0.064  ,  TotalTime: 0.104  ,  Loss/total: 0.89943  ,  Loss/giou: 0.20858  ,  Loss/l1: 0.02269  ,  Loss/location: 0.34898  ,  pro_loss: 0.09924  ,  IoU: 0.80563  ,  Loss/sim: 0.00000
[train: Epoch 50, 200 / 1875] FPS: 311.8 (432.9)  ,  DataTime: 0.031 (0.007)  ,  ForwardTime: 0.064  ,  TotalTime: 0.103  ,  Loss/total: 0.89413  ,  Loss/giou: 0.20700  ,  Loss/l1: 0.02225  ,  Loss/location: 0.34900  ,  pro_loss: 0.09945  ,  IoU: 0.80650  ,  Loss/sim: 0.00000
[train: Epoch 50, 250 / 1875] FPS: 317.4 (440.7)  ,  DataTime: 0.030 (0.007)  ,  ForwardTime: 0.064  ,  TotalTime: 0.101  ,  Loss/total: 0.89251  ,  Loss/giou: 0.20647  ,  Loss/l1: 0.02217  ,  Loss/location: 0.34909  ,  pro_loss: 0.09806  ,  IoU: 0.80673  ,  Loss/sim: 0.00000
[train: Epoch 50, 300 / 1875] FPS: 319.0 (400.3)  ,  DataTime: 0.029 (0.007)  ,  ForwardTime: 0.064  ,  TotalTime: 0.100  ,  Loss/total: 0.91173  ,  Loss/giou: 0.20997  ,  Loss/l1: 0.02277  ,  Loss/location: 0.35831  ,  pro_loss: 0.09817  ,  IoU: 0.80379  ,  Loss/sim: 0.00000
[train: Epoch 50, 350 / 1875] FPS: 320.2 (409.9)  ,  DataTime: 0.028 (0.007)  ,  ForwardTime: 0.064  ,  TotalTime: 0.100  ,  Loss/total: 0.91677  ,  Loss/giou: 0.21090  ,  Loss/l1: 0.02283  ,  Loss/location: 0.36133  ,  pro_loss: 0.09739  ,  IoU: 0.80315  ,  Loss/sim: 0.00000
[train: Epoch 50, 400 / 1875] FPS: 323.2 (405.5)  ,  DataTime: 0.028 (0.007)  ,  ForwardTime: 0.064  ,  TotalTime: 0.099  ,  Loss/total: 0.91646  ,  Loss/giou: 0.21109  ,  Loss/l1: 0.02276  ,  Loss/location: 0.36107  ,  pro_loss: 0.09709  ,  IoU: 0.80299  ,  Loss/sim: 0.00000
[train: Epoch 50, 450 / 1875] FPS: 324.2 (424.8)  ,  DataTime: 0.027 (0.007)  ,  ForwardTime: 0.065  ,  TotalTime: 0.099  ,  Loss/total: 0.91667  ,  Loss/giou: 0.21098  ,  Loss/l1: 0.02269  ,  Loss/location: 0.36191  ,  pro_loss: 0.09684  ,  IoU: 0.80296  ,  Loss/sim: 0.00000
[train: Epoch 50, 500 / 1875] FPS: 324.5 (445.7)  ,  DataTime: 0.027 (0.007)  ,  ForwardTime: 0.065  ,  TotalTime: 0.099  ,  Loss/total: 0.91561  ,  Loss/giou: 0.21064  ,  Loss/l1: 0.02267  ,  Loss/location: 0.36151  ,  pro_loss: 0.09745  ,  IoU: 0.80328  ,  Loss/sim: 0.00000
[train: Epoch 50, 550 / 1875] FPS: 325.7 (336.3)  ,  DataTime: 0.027 (0.007)  ,  ForwardTime: 0.065  ,  TotalTime: 0.098  ,  Loss/total: 0.91194  ,  Loss/giou: 0.20994  ,  Loss/l1: 0.02252  ,  Loss/location: 0.35989  ,  pro_loss: 0.09781  ,  IoU: 0.80387  ,  Loss/sim: 0.00000
[train: Epoch 50, 600 / 1875] FPS: 327.4 (444.6)  ,  DataTime: 0.026 (0.007)  ,  ForwardTime: 0.065  ,  TotalTime: 0.098  ,  Loss/total: 0.91241  ,  Loss/giou: 0.21012  ,  Loss/l1: 0.02258  ,  Loss/location: 0.35980  ,  pro_loss: 0.09749  ,  IoU: 0.80365  ,  Loss/sim: 0.00000
[train: Epoch 50, 650 / 1875] FPS: 328.6 (444.7)  ,  DataTime: 0.026 (0.007)  ,  ForwardTime: 0.065  ,  TotalTime: 0.097  ,  Loss/total: 0.91048  ,  Loss/giou: 0.20969  ,  Loss/l1: 0.02254  ,  Loss/location: 0.35882  ,  pro_loss: 0.09784  ,  IoU: 0.80413  ,  Loss/sim: 0.00000
[train: Epoch 50, 700 / 1875] FPS: 328.4 (443.6)  ,  DataTime: 0.026 (0.007)  ,  ForwardTime: 0.065  ,  TotalTime: 0.097  ,  Loss/total: 0.90686  ,  Loss/giou: 0.20867  ,  Loss/l1: 0.02238  ,  Loss/location: 0.35798  ,  pro_loss: 0.09809  ,  IoU: 0.80497  ,  Loss/sim: 0.00000
[train: Epoch 50, 750 / 1875] FPS: 330.0 (430.7)  ,  DataTime: 0.025 (0.007)  ,  ForwardTime: 0.065  ,  TotalTime: 0.097  ,  Loss/total: 0.90706  ,  Loss/giou: 0.20890  ,  Loss/l1: 0.02242  ,  Loss/location: 0.35751  ,  pro_loss: 0.09838  ,  IoU: 0.80475  ,  Loss/sim: 0.00000
[train: Epoch 50, 800 / 1875] FPS: 330.5 (429.6)  ,  DataTime: 0.025 (0.007)  ,  ForwardTime: 0.065  ,  TotalTime: 0.097  ,  Loss/total: 0.90713  ,  Loss/giou: 0.20875  ,  Loss/l1: 0.02243  ,  Loss/location: 0.35776  ,  pro_loss: 0.09866  ,  IoU: 0.80484  ,  Loss/sim: 0.00000
[train: Epoch 50, 850 / 1875] FPS: 331.2 (351.7)  ,  DataTime: 0.025 (0.007)  ,  ForwardTime: 0.065  ,  TotalTime: 0.097  ,  Loss/total: 0.90601  ,  Loss/giou: 0.20856  ,  Loss/l1: 0.02236  ,  Loss/location: 0.35739  ,  pro_loss: 0.09851  ,  IoU: 0.80496  ,  Loss/sim: 0.00000
[train: Epoch 50, 900 / 1875] FPS: 331.8 (422.8)  ,  DataTime: 0.025 (0.007)  ,  ForwardTime: 0.065  ,  TotalTime: 0.096  ,  Loss/total: 0.90536  ,  Loss/giou: 0.20843  ,  Loss/l1: 0.02234  ,  Loss/location: 0.35706  ,  pro_loss: 0.09871  ,  IoU: 0.80507  ,  Loss/sim: 0.00000
[train: Epoch 50, 950 / 1875] FPS: 333.0 (418.2)  ,  DataTime: 0.024 (0.007)  ,  ForwardTime: 0.065  ,  TotalTime: 0.096  ,  Loss/total: 0.90325  ,  Loss/giou: 0.20814  ,  Loss/l1: 0.02225  ,  Loss/location: 0.35600  ,  pro_loss: 0.09859  ,  IoU: 0.80529  ,  Loss/sim: 0.00000
[train: Epoch 50, 1000 / 1875] FPS: 334.0 (447.3)  ,  DataTime: 0.024 (0.007)  ,  ForwardTime: 0.065  ,  TotalTime: 0.096  ,  Loss/total: 0.90109  ,  Loss/giou: 0.20755  ,  Loss/l1: 0.02211  ,  Loss/location: 0.35571  ,  pro_loss: 0.09868  ,  IoU: 0.80568  ,  Loss/sim: 0.00000
[train: Epoch 50, 1050 / 1875] FPS: 334.3 (391.6)  ,  DataTime: 0.024 (0.007)  ,  ForwardTime: 0.065  ,  TotalTime: 0.096  ,  Loss/total: 0.89966  ,  Loss/giou: 0.20709  ,  Loss/l1: 0.02206  ,  Loss/location: 0.35537  ,  pro_loss: 0.09889  ,  IoU: 0.80608  ,  Loss/sim: 0.00000
[train: Epoch 50, 1100 / 1875] FPS: 334.3 (450.6)  ,  DataTime: 0.024 (0.007)  ,  ForwardTime: 0.065  ,  TotalTime: 0.096  ,  Loss/total: 0.90048  ,  Loss/giou: 0.20737  ,  Loss/l1: 0.02214  ,  Loss/location: 0.35520  ,  pro_loss: 0.09910  ,  IoU: 0.80592  ,  Loss/sim: 0.00000
[train: Epoch 50, 1150 / 1875] FPS: 334.8 (444.1)  ,  DataTime: 0.024 (0.007)  ,  ForwardTime: 0.065  ,  TotalTime: 0.096  ,  Loss/total: 0.89908  ,  Loss/giou: 0.20712  ,  Loss/l1: 0.02210  ,  Loss/location: 0.35454  ,  pro_loss: 0.09910  ,  IoU: 0.80613  ,  Loss/sim: 0.00000
[train: Epoch 50, 1200 / 1875] FPS: 335.0 (401.2)  ,  DataTime: 0.024 (0.007)  ,  ForwardTime: 0.065  ,  TotalTime: 0.096  ,  Loss/total: 0.90037  ,  Loss/giou: 0.20730  ,  Loss/l1: 0.02211  ,  Loss/location: 0.35543  ,  pro_loss: 0.09901  ,  IoU: 0.80597  ,  Loss/sim: 0.00000
[train: Epoch 50, 1250 / 1875] FPS: 335.8 (455.6)  ,  DataTime: 0.023 (0.007)  ,  ForwardTime: 0.065  ,  TotalTime: 0.095  ,  Loss/total: 0.90080  ,  Loss/giou: 0.20731  ,  Loss/l1: 0.02212  ,  Loss/location: 0.35576  ,  pro_loss: 0.09918  ,  IoU: 0.80598  ,  Loss/sim: 0.00000
[train: Epoch 50, 1300 / 1875] FPS: 335.9 (413.9)  ,  DataTime: 0.023 (0.007)  ,  ForwardTime: 0.065  ,  TotalTime: 0.095  ,  Loss/total: 0.90112  ,  Loss/giou: 0.20733  ,  Loss/l1: 0.02211  ,  Loss/location: 0.35605  ,  pro_loss: 0.09920  ,  IoU: 0.80597  ,  Loss/sim: 0.00000
[train: Epoch 50, 1350 / 1875] FPS: 336.5 (454.1)  ,  DataTime: 0.023 (0.007)  ,  ForwardTime: 0.065  ,  TotalTime: 0.095  ,  Loss/total: 0.90162  ,  Loss/giou: 0.20734  ,  Loss/l1: 0.02215  ,  Loss/location: 0.35629  ,  pro_loss: 0.09943  ,  IoU: 0.80599  ,  Loss/sim: 0.00000
[train: Epoch 50, 1400 / 1875] FPS: 336.7 (416.7)  ,  DataTime: 0.023 (0.007)  ,  ForwardTime: 0.065  ,  TotalTime: 0.095  ,  Loss/total: 0.90192  ,  Loss/giou: 0.20748  ,  Loss/l1: 0.02218  ,  Loss/location: 0.35618  ,  pro_loss: 0.09937  ,  IoU: 0.80590  ,  Loss/sim: 0.00000
[train: Epoch 50, 1450 / 1875] FPS: 337.4 (398.2)  ,  DataTime: 0.023 (0.007)  ,  ForwardTime: 0.065  ,  TotalTime: 0.095  ,  Loss/total: 0.90268  ,  Loss/giou: 0.20762  ,  Loss/l1: 0.02221  ,  Loss/location: 0.35654  ,  pro_loss: 0.09927  ,  IoU: 0.80580  ,  Loss/sim: 0.00000
[train: Epoch 50, 1500 / 1875] FPS: 337.5 (427.8)  ,  DataTime: 0.023 (0.007)  ,  ForwardTime: 0.065  ,  TotalTime: 0.095  ,  Loss/total: 0.90160  ,  Loss/giou: 0.20736  ,  Loss/l1: 0.02217  ,  Loss/location: 0.35616  ,  pro_loss: 0.09924  ,  IoU: 0.80600  ,  Loss/sim: 0.00000
[train: Epoch 50, 1550 / 1875] FPS: 338.0 (311.1)  ,  DataTime: 0.023 (0.007)  ,  ForwardTime: 0.065  ,  TotalTime: 0.095  ,  Loss/total: 0.89949  ,  Loss/giou: 0.20706  ,  Loss/l1: 0.02210  ,  Loss/location: 0.35504  ,  pro_loss: 0.09926  ,  IoU: 0.80625  ,  Loss/sim: 0.00000
[train: Epoch 50, 1600 / 1875] FPS: 338.7 (427.3)  ,  DataTime: 0.022 (0.007)  ,  ForwardTime: 0.065  ,  TotalTime: 0.094  ,  Loss/total: 0.89878  ,  Loss/giou: 0.20686  ,  Loss/l1: 0.02204  ,  Loss/location: 0.35499  ,  pro_loss: 0.09922  ,  IoU: 0.80639  ,  Loss/sim: 0.00000
[train: Epoch 50, 1650 / 1875] FPS: 338.9 (375.0)  ,  DataTime: 0.022 (0.007)  ,  ForwardTime: 0.065  ,  TotalTime: 0.094  ,  Loss/total: 0.89874  ,  Loss/giou: 0.20691  ,  Loss/l1: 0.02203  ,  Loss/location: 0.35489  ,  pro_loss: 0.09926  ,  IoU: 0.80633  ,  Loss/sim: 0.00000
[train: Epoch 50, 1700 / 1875] FPS: 338.8 (439.9)  ,  DataTime: 0.022 (0.007)  ,  ForwardTime: 0.065  ,  TotalTime: 0.094  ,  Loss/total: 0.89855  ,  Loss/giou: 0.20686  ,  Loss/l1: 0.02202  ,  Loss/location: 0.35490  ,  pro_loss: 0.09912  ,  IoU: 0.80635  ,  Loss/sim: 0.00000
[train: Epoch 50, 1750 / 1875] FPS: 338.9 (442.1)  ,  DataTime: 0.022 (0.007)  ,  ForwardTime: 0.065  ,  TotalTime: 0.094  ,  Loss/total: 0.89834  ,  Loss/giou: 0.20678  ,  Loss/l1: 0.02201  ,  Loss/location: 0.35490  ,  pro_loss: 0.09912  ,  IoU: 0.80642  ,  Loss/sim: 0.00000
[train: Epoch 50, 1800 / 1875] FPS: 339.1 (414.7)  ,  DataTime: 0.022 (0.007)  ,  ForwardTime: 0.065  ,  TotalTime: 0.094  ,  Loss/total: 0.89953  ,  Loss/giou: 0.20709  ,  Loss/l1: 0.02207  ,  Loss/location: 0.35516  ,  pro_loss: 0.09914  ,  IoU: 0.80617  ,  Loss/sim: 0.00000
[train: Epoch 50, 1850 / 1875] FPS: 339.8 (423.6)  ,  DataTime: 0.022 (0.007)  ,  ForwardTime: 0.065  ,  TotalTime: 0.094  ,  Loss/total: 0.89923  ,  Loss/giou: 0.20700  ,  Loss/l1: 0.02207  ,  Loss/location: 0.35509  ,  pro_loss: 0.09901  ,  IoU: 0.80626  ,  Loss/sim: 0.00000
[train: Epoch 50, 1875 / 1875] FPS: 340.2 (499.9)  ,  DataTime: 0.022 (0.007)  ,  ForwardTime: 0.065  ,  TotalTime: 0.094  ,  Loss/total: 0.89845  ,  Loss/giou: 0.20680  ,  Loss/l1: 0.02203  ,  Loss/location: 0.35487  ,  pro_loss: 0.09896  ,  IoU: 0.80641  ,  Loss/sim: 0.00000
[val: Epoch 50, 50 / 312] FPS: 74.9 (940.8)  ,  DataTime: 0.397 (0.006)  ,  ForwardTime: 0.025  ,  TotalTime: 0.427  ,  Loss/total: 1.09251  ,  Loss/giou: 0.25869  ,  Loss/l1: 0.02378  ,  Loss/location: 0.45620  ,  pro_loss: 0.00021  ,  IoU: 0.76149  ,  Loss/sim: 0.00000
[val: Epoch 50, 100 / 312] FPS: 85.0 (945.9)  ,  DataTime: 0.346 (0.006)  ,  ForwardTime: 0.025  ,  TotalTime: 0.376  ,  Loss/total: 1.08932  ,  Loss/giou: 0.25724  ,  Loss/l1: 0.02377  ,  Loss/location: 0.45592  ,  pro_loss: 0.00031  ,  IoU: 0.76338  ,  Loss/sim: 0.00000
[val: Epoch 50, 150 / 312] FPS: 86.5 (924.3)  ,  DataTime: 0.339 (0.006)  ,  ForwardTime: 0.025  ,  TotalTime: 0.370  ,  Loss/total: 1.08602  ,  Loss/giou: 0.25590  ,  Loss/l1: 0.02362  ,  Loss/location: 0.45608  ,  pro_loss: 0.00021  ,  IoU: 0.76412  ,  Loss/sim: 0.00000
[val: Epoch 50, 200 / 312] FPS: 86.4 (950.9)  ,  DataTime: 0.339 (0.006)  ,  ForwardTime: 0.025  ,  TotalTime: 0.370  ,  Loss/total: 1.07845  ,  Loss/giou: 0.25323  ,  Loss/l1: 0.02336  ,  Loss/location: 0.45515  ,  pro_loss: 0.00031  ,  IoU: 0.76631  ,  Loss/sim: 0.00000
[val: Epoch 50, 250 / 312] FPS: 87.0 (87.3)  ,  DataTime: 0.337 (0.006)  ,  ForwardTime: 0.025  ,  TotalTime: 0.368  ,  Loss/total: 1.07457  ,  Loss/giou: 0.25215  ,  Loss/l1: 0.02337  ,  Loss/location: 0.45337  ,  pro_loss: 0.00029  ,  IoU: 0.76717  ,  Loss/sim: 0.00000
[val: Epoch 50, 300 / 312] FPS: 86.9 (911.3)  ,  DataTime: 0.337 (0.006)  ,  ForwardTime: 0.025  ,  TotalTime: 0.368  ,  Loss/total: 1.06576  ,  Loss/giou: 0.25038  ,  Loss/l1: 0.02325  ,  Loss/location: 0.44871  ,  pro_loss: 0.00024  ,  IoU: 0.76846  ,  Loss/sim: 0.00000
[val: Epoch 50, 312 / 312] FPS: 88.7 (1005.1)  ,  DataTime: 0.330 (0.006)  ,  ForwardTime: 0.025  ,  TotalTime: 0.361  ,  Loss/total: 1.06660  ,  Loss/giou: 0.25043  ,  Loss/l1: 0.02328  ,  Loss/location: 0.44928  ,  pro_loss: 0.00023  ,  IoU: 0.76847  ,  Loss/sim: 0.00000
