[train: Epoch 1, 50 / 1875] FPS: 20.3 (42.1)  ,  DataTime: 0.314 (0.006)  ,  ForwardTime: 1.256  ,  TotalTime: 1.576  ,  Loss/total: 0.98646  ,  Loss/giou: 0.23156  ,  Loss/l1: 0.01644  ,  Loss/location: 0.41856  ,  pro_loss: 0.11292  ,  IoU: 0.78497  ,  Loss/sim: 0.00000
[train: Epoch 1, 100 / 1875] FPS: 31.4 (495.2)  ,  DataTime: 0.357 (0.005)  ,  ForwardTime: 0.658  ,  TotalTime: 1.020  ,  Loss/total: 0.89527  ,  Loss/giou: 0.21826  ,  Loss/l1: 0.01476  ,  Loss/location: 0.36026  ,  pro_loss: 0.12344  ,  IoU: 0.79652  ,  Loss/sim: 0.00000
[train: Epoch 1, 150 / 1875] FPS: 38.7 (480.2)  ,  DataTime: 0.360 (0.005)  ,  ForwardTime: 0.461  ,  TotalTime: 0.827  ,  Loss/total: 0.83272  ,  Loss/giou: 0.20936  ,  Loss/l1: 0.01386  ,  Loss/location: 0.31917  ,  pro_loss: 0.12757  ,  IoU: 0.80476  ,  Loss/sim: 0.00000
[train: Epoch 1, 200 / 1875] FPS: 43.8 (492.3)  ,  DataTime: 0.363 (0.005)  ,  ForwardTime: 0.362  ,  TotalTime: 0.731  ,  Loss/total: 0.78201  ,  Loss/giou: 0.20151  ,  Loss/l1: 0.01310  ,  Loss/location: 0.28790  ,  pro_loss: 0.12797  ,  IoU: 0.81172  ,  Loss/sim: 0.00000
[train: Epoch 1, 250 / 1875] FPS: 47.6 (499.6)  ,  DataTime: 0.365 (0.005)  ,  ForwardTime: 0.302  ,  TotalTime: 0.672  ,  Loss/total: 0.75653  ,  Loss/giou: 0.19814  ,  Loss/l1: 0.01274  ,  Loss/location: 0.27020  ,  pro_loss: 0.13171  ,  IoU: 0.81479  ,  Loss/sim: 0.00000
[train: Epoch 1, 300 / 1875] FPS: 49.9 (7.4)  ,  DataTime: 0.374 (0.005)  ,  ForwardTime: 0.262  ,  TotalTime: 0.641  ,  Loss/total: 0.73677  ,  Loss/giou: 0.19529  ,  Loss/l1: 0.01243  ,  Loss/location: 0.25724  ,  pro_loss: 0.13396  ,  IoU: 0.81733  ,  Loss/sim: 0.00000
[train: Epoch 1, 350 / 1875] FPS: 52.4 (484.7)  ,  DataTime: 0.373 (0.005)  ,  ForwardTime: 0.233  ,  TotalTime: 0.611  ,  Loss/total: 0.71698  ,  Loss/giou: 0.19230  ,  Loss/l1: 0.01217  ,  Loss/location: 0.24432  ,  pro_loss: 0.13592  ,  IoU: 0.81995  ,  Loss/sim: 0.00000
[train: Epoch 1, 400 / 1875] FPS: 54.2 (19.5)  ,  DataTime: 0.373 (0.005)  ,  ForwardTime: 0.212  ,  TotalTime: 0.590  ,  Loss/total: 0.70105  ,  Loss/giou: 0.18969  ,  Loss/l1: 0.01201  ,  Loss/location: 0.23425  ,  pro_loss: 0.13690  ,  IoU: 0.82241  ,  Loss/sim: 0.00000
[train: Epoch 1, 450 / 1875] FPS: 55.7 (498.6)  ,  DataTime: 0.373 (0.005)  ,  ForwardTime: 0.196  ,  TotalTime: 0.574  ,  Loss/total: 0.68889  ,  Loss/giou: 0.18757  ,  Loss/l1: 0.01183  ,  Loss/location: 0.22703  ,  pro_loss: 0.13782  ,  IoU: 0.82428  ,  Loss/sim: 0.00000
[train: Epoch 1, 500 / 1875] FPS: 56.5 (87.7)  ,  DataTime: 0.379 (0.005)  ,  ForwardTime: 0.182  ,  TotalTime: 0.566  ,  Loss/total: 0.67931  ,  Loss/giou: 0.18586  ,  Loss/l1: 0.01173  ,  Loss/location: 0.22112  ,  pro_loss: 0.13917  ,  IoU: 0.82587  ,  Loss/sim: 0.00000
[train: Epoch 1, 550 / 1875] FPS: 56.8 (395.5)  ,  DataTime: 0.387 (0.005)  ,  ForwardTime: 0.171  ,  TotalTime: 0.564  ,  Loss/total: 0.66994  ,  Loss/giou: 0.18430  ,  Loss/l1: 0.01159  ,  Loss/location: 0.21544  ,  pro_loss: 0.13981  ,  IoU: 0.82732  ,  Loss/sim: 0.00000
[train: Epoch 1, 600 / 1875] FPS: 57.0 (492.7)  ,  DataTime: 0.394 (0.005)  ,  ForwardTime: 0.162  ,  TotalTime: 0.561  ,  Loss/total: 0.66044  ,  Loss/giou: 0.18287  ,  Loss/l1: 0.01143  ,  Loss/location: 0.20951  ,  pro_loss: 0.14011  ,  IoU: 0.82860  ,  Loss/sim: 0.00000
[train: Epoch 1, 650 / 1875] FPS: 57.3 (17.0)  ,  DataTime: 0.399 (0.005)  ,  ForwardTime: 0.154  ,  TotalTime: 0.559  ,  Loss/total: 0.65345  ,  Loss/giou: 0.18184  ,  Loss/l1: 0.01132  ,  Loss/location: 0.20503  ,  pro_loss: 0.14082  ,  IoU: 0.82952  ,  Loss/sim: 0.00000
[train: Epoch 1, 700 / 1875] FPS: 58.1 (499.8)  ,  DataTime: 0.398 (0.005)  ,  ForwardTime: 0.148  ,  TotalTime: 0.551  ,  Loss/total: 0.64687  ,  Loss/giou: 0.18088  ,  Loss/l1: 0.01122  ,  Loss/location: 0.20087  ,  pro_loss: 0.14070  ,  IoU: 0.83036  ,  Loss/sim: 0.00000
[train: Epoch 1, 750 / 1875] FPS: 58.5 (488.4)  ,  DataTime: 0.400 (0.005)  ,  ForwardTime: 0.142  ,  TotalTime: 0.547  ,  Loss/total: 0.64259  ,  Loss/giou: 0.18014  ,  Loss/l1: 0.01115  ,  Loss/location: 0.19823  ,  pro_loss: 0.14157  ,  IoU: 0.83103  ,  Loss/sim: 0.00000
[train: Epoch 1, 800 / 1875] FPS: 59.0 (482.7)  ,  DataTime: 0.400 (0.005)  ,  ForwardTime: 0.137  ,  TotalTime: 0.542  ,  Loss/total: 0.63768  ,  Loss/giou: 0.17926  ,  Loss/l1: 0.01109  ,  Loss/location: 0.19530  ,  pro_loss: 0.14202  ,  IoU: 0.83185  ,  Loss/sim: 0.00000
[train: Epoch 1, 850 / 1875] FPS: 59.5 (494.0)  ,  DataTime: 0.400 (0.005)  ,  ForwardTime: 0.133  ,  TotalTime: 0.538  ,  Loss/total: 0.63233  ,  Loss/giou: 0.17815  ,  Loss/l1: 0.01098  ,  Loss/location: 0.19259  ,  pro_loss: 0.14259  ,  IoU: 0.83283  ,  Loss/sim: 0.00000
[train: Epoch 1, 900 / 1875] FPS: 60.1 (492.3)  ,  DataTime: 0.398 (0.005)  ,  ForwardTime: 0.129  ,  TotalTime: 0.532  ,  Loss/total: 0.62709  ,  Loss/giou: 0.17713  ,  Loss/l1: 0.01091  ,  Loss/location: 0.18982  ,  pro_loss: 0.14237  ,  IoU: 0.83371  ,  Loss/sim: 0.00000
[train: Epoch 1, 950 / 1875] FPS: 60.4 (266.7)  ,  DataTime: 0.399 (0.005)  ,  ForwardTime: 0.126  ,  TotalTime: 0.530  ,  Loss/total: 0.62267  ,  Loss/giou: 0.17621  ,  Loss/l1: 0.01083  ,  Loss/location: 0.18754  ,  pro_loss: 0.14274  ,  IoU: 0.83452  ,  Loss/sim: 0.00000
[train: Epoch 1, 1000 / 1875] FPS: 60.6 (31.1)  ,  DataTime: 0.400 (0.005)  ,  ForwardTime: 0.123  ,  TotalTime: 0.528  ,  Loss/total: 0.61955  ,  Loss/giou: 0.17577  ,  Loss/l1: 0.01082  ,  Loss/location: 0.18537  ,  pro_loss: 0.14260  ,  IoU: 0.83501  ,  Loss/sim: 0.00000
[train: Epoch 1, 1050 / 1875] FPS: 61.2 (487.2)  ,  DataTime: 0.398 (0.005)  ,  ForwardTime: 0.119  ,  TotalTime: 0.522  ,  Loss/total: 0.61591  ,  Loss/giou: 0.17508  ,  Loss/l1: 0.01077  ,  Loss/location: 0.18332  ,  pro_loss: 0.14281  ,  IoU: 0.83570  ,  Loss/sim: 0.00000
[train: Epoch 1, 1100 / 1875] FPS: 61.7 (14.7)  ,  DataTime: 0.397 (0.005)  ,  ForwardTime: 0.117  ,  TotalTime: 0.519  ,  Loss/total: 0.61112  ,  Loss/giou: 0.17407  ,  Loss/l1: 0.01069  ,  Loss/location: 0.18097  ,  pro_loss: 0.14292  ,  IoU: 0.83658  ,  Loss/sim: 0.00000
[train: Epoch 1, 1150 / 1875] FPS: 62.0 (13.9)  ,  DataTime: 0.396 (0.005)  ,  ForwardTime: 0.114  ,  TotalTime: 0.516  ,  Loss/total: 0.60934  ,  Loss/giou: 0.17383  ,  Loss/l1: 0.01065  ,  Loss/location: 0.17981  ,  pro_loss: 0.14321  ,  IoU: 0.83681  ,  Loss/sim: 0.00000
[train: Epoch 1, 1200 / 1875] FPS: 62.7 (494.1)  ,  DataTime: 0.393 (0.005)  ,  ForwardTime: 0.112  ,  TotalTime: 0.510  ,  Loss/total: 0.60628  ,  Loss/giou: 0.17333  ,  Loss/l1: 0.01061  ,  Loss/location: 0.17795  ,  pro_loss: 0.14317  ,  IoU: 0.83728  ,  Loss/sim: 0.00000
[train: Epoch 1, 1250 / 1875] FPS: 63.0 (490.5)  ,  DataTime: 0.393 (0.005)  ,  ForwardTime: 0.110  ,  TotalTime: 0.508  ,  Loss/total: 0.60320  ,  Loss/giou: 0.17261  ,  Loss/l1: 0.01055  ,  Loss/location: 0.17655  ,  pro_loss: 0.14332  ,  IoU: 0.83793  ,  Loss/sim: 0.00000
[train: Epoch 1, 1300 / 1875] FPS: 63.5 (504.2)  ,  DataTime: 0.391 (0.005)  ,  ForwardTime: 0.108  ,  TotalTime: 0.504  ,  Loss/total: 0.60005  ,  Loss/giou: 0.17192  ,  Loss/l1: 0.01049  ,  Loss/location: 0.17503  ,  pro_loss: 0.14353  ,  IoU: 0.83856  ,  Loss/sim: 0.00000
[train: Epoch 1, 1350 / 1875] FPS: 63.7 (490.0)  ,  DataTime: 0.391 (0.005)  ,  ForwardTime: 0.106  ,  TotalTime: 0.503  ,  Loss/total: 0.59854  ,  Loss/giou: 0.17158  ,  Loss/l1: 0.01046  ,  Loss/location: 0.17440  ,  pro_loss: 0.14347  ,  IoU: 0.83890  ,  Loss/sim: 0.00000
[train: Epoch 1, 1400 / 1875] FPS: 63.8 (497.8)  ,  DataTime: 0.392 (0.005)  ,  ForwardTime: 0.104  ,  TotalTime: 0.502  ,  Loss/total: 0.59634  ,  Loss/giou: 0.17103  ,  Loss/l1: 0.01042  ,  Loss/location: 0.17348  ,  pro_loss: 0.14348  ,  IoU: 0.83942  ,  Loss/sim: 0.00000
[train: Epoch 1, 1450 / 1875] FPS: 64.2 (488.3)  ,  DataTime: 0.390 (0.005)  ,  ForwardTime: 0.103  ,  TotalTime: 0.498  ,  Loss/total: 0.59437  ,  Loss/giou: 0.17060  ,  Loss/l1: 0.01039  ,  Loss/location: 0.17247  ,  pro_loss: 0.14379  ,  IoU: 0.83983  ,  Loss/sim: 0.00000
[train: Epoch 1, 1500 / 1875] FPS: 64.5 (43.6)  ,  DataTime: 0.390 (0.005)  ,  ForwardTime: 0.101  ,  TotalTime: 0.496  ,  Loss/total: 0.59279  ,  Loss/giou: 0.17021  ,  Loss/l1: 0.01036  ,  Loss/location: 0.17174  ,  pro_loss: 0.14406  ,  IoU: 0.84019  ,  Loss/sim: 0.00000
[train: Epoch 1, 1550 / 1875] FPS: 65.1 (58.8)  ,  DataTime: 0.386 (0.005)  ,  ForwardTime: 0.100  ,  TotalTime: 0.491  ,  Loss/total: 0.59072  ,  Loss/giou: 0.16994  ,  Loss/l1: 0.01034  ,  Loss/location: 0.17033  ,  pro_loss: 0.14409  ,  IoU: 0.84048  ,  Loss/sim: 0.00000
[train: Epoch 1, 1600 / 1875] FPS: 65.5 (489.7)  ,  DataTime: 0.385 (0.005)  ,  ForwardTime: 0.099  ,  TotalTime: 0.489  ,  Loss/total: 0.58858  ,  Loss/giou: 0.16937  ,  Loss/l1: 0.01029  ,  Loss/location: 0.16953  ,  pro_loss: 0.14434  ,  IoU: 0.84096  ,  Loss/sim: 0.00000
[train: Epoch 1, 1650 / 1875] FPS: 65.5 (473.8)  ,  DataTime: 0.385 (0.005)  ,  ForwardTime: 0.098  ,  TotalTime: 0.488  ,  Loss/total: 0.58670  ,  Loss/giou: 0.16907  ,  Loss/l1: 0.01025  ,  Loss/location: 0.16851  ,  pro_loss: 0.14401  ,  IoU: 0.84122  ,  Loss/sim: 0.00000
[train: Epoch 1, 1700 / 1875] FPS: 65.6 (10.8)  ,  DataTime: 0.386 (0.005)  ,  ForwardTime: 0.097  ,  TotalTime: 0.487  ,  Loss/total: 0.58519  ,  Loss/giou: 0.16864  ,  Loss/l1: 0.01021  ,  Loss/location: 0.16801  ,  pro_loss: 0.14409  ,  IoU: 0.84161  ,  Loss/sim: 0.00000
[train: Epoch 1, 1750 / 1875] FPS: 65.9 (492.8)  ,  DataTime: 0.385 (0.005)  ,  ForwardTime: 0.096  ,  TotalTime: 0.485  ,  Loss/total: 0.58324  ,  Loss/giou: 0.16825  ,  Loss/l1: 0.01018  ,  Loss/location: 0.16697  ,  pro_loss: 0.14438  ,  IoU: 0.84195  ,  Loss/sim: 0.00000
[train: Epoch 1, 1800 / 1875] FPS: 66.0 (488.2)  ,  DataTime: 0.385 (0.005)  ,  ForwardTime: 0.095  ,  TotalTime: 0.484  ,  Loss/total: 0.58133  ,  Loss/giou: 0.16781  ,  Loss/l1: 0.01014  ,  Loss/location: 0.16615  ,  pro_loss: 0.14438  ,  IoU: 0.84237  ,  Loss/sim: 0.00000
[train: Epoch 1, 1850 / 1875] FPS: 66.3 (295.1)  ,  DataTime: 0.384 (0.005)  ,  ForwardTime: 0.094  ,  TotalTime: 0.483  ,  Loss/total: 0.58036  ,  Loss/giou: 0.16761  ,  Loss/l1: 0.01013  ,  Loss/location: 0.16562  ,  pro_loss: 0.14433  ,  IoU: 0.84259  ,  Loss/sim: 0.00000
[train: Epoch 1, 1875 / 1875] FPS: 66.4 (28.6)  ,  DataTime: 0.383 (0.005)  ,  ForwardTime: 0.093  ,  TotalTime: 0.482  ,  Loss/total: 0.57953  ,  Loss/giou: 0.16743  ,  Loss/l1: 0.01011  ,  Loss/location: 0.16525  ,  pro_loss: 0.14431  ,  IoU: 0.84275  ,  Loss/sim: 0.00000
[train: Epoch 2, 50 / 1875] FPS: 62.7 (10.6)  ,  DataTime: 0.437 (0.006)  ,  ForwardTime: 0.068  ,  TotalTime: 0.511  ,  Loss/total: 0.50707  ,  Loss/giou: 0.15095  ,  Loss/l1: 0.00874  ,  Loss/location: 0.13265  ,  pro_loss: 0.14416  ,  IoU: 0.85693  ,  Loss/sim: 0.00000
[train: Epoch 2, 100 / 1875] FPS: 63.5 (485.5)  ,  DataTime: 0.432 (0.005)  ,  ForwardTime: 0.066  ,  TotalTime: 0.504  ,  Loss/total: 0.51586  ,  Loss/giou: 0.15265  ,  Loss/l1: 0.00889  ,  Loss/location: 0.13720  ,  pro_loss: 0.14458  ,  IoU: 0.85574  ,  Loss/sim: 0.00000
[train: Epoch 2, 150 / 1875] FPS: 59.8 (10.4)  ,  DataTime: 0.464 (0.005)  ,  ForwardTime: 0.065  ,  TotalTime: 0.535  ,  Loss/total: 0.51425  ,  Loss/giou: 0.15235  ,  Loss/l1: 0.00900  ,  Loss/location: 0.13588  ,  pro_loss: 0.14340  ,  IoU: 0.85648  ,  Loss/sim: 0.00000
[train: Epoch 2, 200 / 1875] FPS: 61.5 (244.6)  ,  DataTime: 0.450 (0.005)  ,  ForwardTime: 0.065  ,  TotalTime: 0.521  ,  Loss/total: 0.51963  ,  Loss/giou: 0.15314  ,  Loss/l1: 0.00908  ,  Loss/location: 0.13918  ,  pro_loss: 0.14401  ,  IoU: 0.85580  ,  Loss/sim: 0.00000
[train: Epoch 2, 250 / 1875] FPS: 62.0 (116.5)  ,  DataTime: 0.447 (0.005)  ,  ForwardTime: 0.064  ,  TotalTime: 0.516  ,  Loss/total: 0.51888  ,  Loss/giou: 0.15218  ,  Loss/l1: 0.00893  ,  Loss/location: 0.14111  ,  pro_loss: 0.14396  ,  IoU: 0.85654  ,  Loss/sim: 0.00000
[train: Epoch 2, 300 / 1875] FPS: 61.9 (477.4)  ,  DataTime: 0.448 (0.005)  ,  ForwardTime: 0.064  ,  TotalTime: 0.517  ,  Loss/total: 0.51888  ,  Loss/giou: 0.15184  ,  Loss/l1: 0.00893  ,  Loss/location: 0.14165  ,  pro_loss: 0.14455  ,  IoU: 0.85688  ,  Loss/sim: 0.00000
[train: Epoch 2, 350 / 1875] FPS: 62.5 (510.5)  ,  DataTime: 0.443 (0.005)  ,  ForwardTime: 0.063  ,  TotalTime: 0.512  ,  Loss/total: 0.51817  ,  Loss/giou: 0.15197  ,  Loss/l1: 0.00891  ,  Loss/location: 0.14072  ,  pro_loss: 0.14473  ,  IoU: 0.85679  ,  Loss/sim: 0.00000
[train: Epoch 2, 400 / 1875] FPS: 63.5 (512.0)  ,  DataTime: 0.435 (0.005)  ,  ForwardTime: 0.063  ,  TotalTime: 0.504  ,  Loss/total: 0.51954  ,  Loss/giou: 0.15230  ,  Loss/l1: 0.00894  ,  Loss/location: 0.14134  ,  pro_loss: 0.14445  ,  IoU: 0.85660  ,  Loss/sim: 0.00000
[train: Epoch 2, 450 / 1875] FPS: 63.6 (21.9)  ,  DataTime: 0.435 (0.005)  ,  ForwardTime: 0.063  ,  TotalTime: 0.503  ,  Loss/total: 0.52200  ,  Loss/giou: 0.15303  ,  Loss/l1: 0.00906  ,  Loss/location: 0.14195  ,  pro_loss: 0.14343  ,  IoU: 0.85611  ,  Loss/sim: 0.00000
[train: Epoch 2, 500 / 1875] FPS: 64.1 (296.5)  ,  DataTime: 0.431 (0.005)  ,  ForwardTime: 0.063  ,  TotalTime: 0.499  ,  Loss/total: 0.52086  ,  Loss/giou: 0.15286  ,  Loss/l1: 0.00906  ,  Loss/location: 0.14129  ,  pro_loss: 0.14281  ,  IoU: 0.85627  ,  Loss/sim: 0.00000
[train: Epoch 2, 550 / 1875] FPS: 65.3 (488.7)  ,  DataTime: 0.422 (0.005)  ,  ForwardTime: 0.063  ,  TotalTime: 0.490  ,  Loss/total: 0.52048  ,  Loss/giou: 0.15292  ,  Loss/l1: 0.00905  ,  Loss/location: 0.14087  ,  pro_loss: 0.14252  ,  IoU: 0.85617  ,  Loss/sim: 0.00000
[train: Epoch 2, 600 / 1875] FPS: 66.1 (497.7)  ,  DataTime: 0.416 (0.005)  ,  ForwardTime: 0.063  ,  TotalTime: 0.484  ,  Loss/total: 0.51974  ,  Loss/giou: 0.15271  ,  Loss/l1: 0.00905  ,  Loss/location: 0.14057  ,  pro_loss: 0.14254  ,  IoU: 0.85638  ,  Loss/sim: 0.00000
[train: Epoch 2, 650 / 1875] FPS: 67.2 (500.5)  ,  DataTime: 0.408 (0.005)  ,  ForwardTime: 0.063  ,  TotalTime: 0.476  ,  Loss/total: 0.51932  ,  Loss/giou: 0.15282  ,  Loss/l1: 0.00904  ,  Loss/location: 0.14006  ,  pro_loss: 0.14215  ,  IoU: 0.85623  ,  Loss/sim: 0.00000
[train: Epoch 2, 700 / 1875] FPS: 67.5 (10.9)  ,  DataTime: 0.406 (0.005)  ,  ForwardTime: 0.063  ,  TotalTime: 0.474  ,  Loss/total: 0.51803  ,  Loss/giou: 0.15237  ,  Loss/l1: 0.00900  ,  Loss/location: 0.13976  ,  pro_loss: 0.14263  ,  IoU: 0.85657  ,  Loss/sim: 0.00000
[train: Epoch 2, 750 / 1875] FPS: 68.6 (504.7)  ,  DataTime: 0.399 (0.005)  ,  ForwardTime: 0.063  ,  TotalTime: 0.466  ,  Loss/total: 0.51714  ,  Loss/giou: 0.15193  ,  Loss/l1: 0.00896  ,  Loss/location: 0.13999  ,  pro_loss: 0.14246  ,  IoU: 0.85689  ,  Loss/sim: 0.00000
[train: Epoch 2, 800 / 1875] FPS: 69.3 (29.1)  ,  DataTime: 0.394 (0.005)  ,  ForwardTime: 0.062  ,  TotalTime: 0.462  ,  Loss/total: 0.51663  ,  Loss/giou: 0.15180  ,  Loss/l1: 0.00896  ,  Loss/location: 0.13978  ,  pro_loss: 0.14219  ,  IoU: 0.85702  ,  Loss/sim: 0.00000
[train: Epoch 2, 850 / 1875] FPS: 70.0 (23.1)  ,  DataTime: 0.390 (0.005)  ,  ForwardTime: 0.062  ,  TotalTime: 0.457  ,  Loss/total: 0.51740  ,  Loss/giou: 0.15181  ,  Loss/l1: 0.00899  ,  Loss/location: 0.14041  ,  pro_loss: 0.14218  ,  IoU: 0.85702  ,  Loss/sim: 0.00000
[train: Epoch 2, 900 / 1875] FPS: 70.6 (502.3)  ,  DataTime: 0.386 (0.005)  ,  ForwardTime: 0.062  ,  TotalTime: 0.453  ,  Loss/total: 0.51699  ,  Loss/giou: 0.15164  ,  Loss/l1: 0.00898  ,  Loss/location: 0.14034  ,  pro_loss: 0.14225  ,  IoU: 0.85723  ,  Loss/sim: 0.00000
[train: Epoch 2, 950 / 1875] FPS: 71.5 (499.4)  ,  DataTime: 0.380 (0.005)  ,  ForwardTime: 0.063  ,  TotalTime: 0.448  ,  Loss/total: 0.51668  ,  Loss/giou: 0.15171  ,  Loss/l1: 0.00897  ,  Loss/location: 0.13997  ,  pro_loss: 0.14224  ,  IoU: 0.85717  ,  Loss/sim: 0.00000
[train: Epoch 2, 1000 / 1875] FPS: 72.2 (483.0)  ,  DataTime: 0.376 (0.005)  ,  ForwardTime: 0.062  ,  TotalTime: 0.443  ,  Loss/total: 0.51623  ,  Loss/giou: 0.15152  ,  Loss/l1: 0.00895  ,  Loss/location: 0.14002  ,  pro_loss: 0.14201  ,  IoU: 0.85732  ,  Loss/sim: 0.00000
[train: Epoch 2, 1050 / 1875] FPS: 73.1 (421.5)  ,  DataTime: 0.371 (0.005)  ,  ForwardTime: 0.062  ,  TotalTime: 0.438  ,  Loss/total: 0.51636  ,  Loss/giou: 0.15140  ,  Loss/l1: 0.00894  ,  Loss/location: 0.14045  ,  pro_loss: 0.14205  ,  IoU: 0.85747  ,  Loss/sim: 0.00000
[train: Epoch 2, 1100 / 1875] FPS: 73.8 (490.7)  ,  DataTime: 0.367 (0.005)  ,  ForwardTime: 0.062  ,  TotalTime: 0.434  ,  Loss/total: 0.51646  ,  Loss/giou: 0.15130  ,  Loss/l1: 0.00893  ,  Loss/location: 0.14078  ,  pro_loss: 0.14211  ,  IoU: 0.85754  ,  Loss/sim: 0.00000
[train: Epoch 2, 1150 / 1875] FPS: 74.3 (250.8)  ,  DataTime: 0.364 (0.005)  ,  ForwardTime: 0.062  ,  TotalTime: 0.431  ,  Loss/total: 0.51500  ,  Loss/giou: 0.15089  ,  Loss/l1: 0.00890  ,  Loss/location: 0.14027  ,  pro_loss: 0.14240  ,  IoU: 0.85788  ,  Loss/sim: 0.00000
[train: Epoch 2, 1200 / 1875] FPS: 74.7 (497.5)  ,  DataTime: 0.361 (0.005)  ,  ForwardTime: 0.062  ,  TotalTime: 0.428  ,  Loss/total: 0.51476  ,  Loss/giou: 0.15083  ,  Loss/l1: 0.00889  ,  Loss/location: 0.14017  ,  pro_loss: 0.14248  ,  IoU: 0.85795  ,  Loss/sim: 0.00000
[train: Epoch 2, 1250 / 1875] FPS: 75.1 (502.1)  ,  DataTime: 0.359 (0.005)  ,  ForwardTime: 0.062  ,  TotalTime: 0.426  ,  Loss/total: 0.51386  ,  Loss/giou: 0.15061  ,  Loss/l1: 0.00887  ,  Loss/location: 0.13980  ,  pro_loss: 0.14240  ,  IoU: 0.85813  ,  Loss/sim: 0.00000
[train: Epoch 2, 1300 / 1875] FPS: 75.8 (496.7)  ,  DataTime: 0.355 (0.005)  ,  ForwardTime: 0.062  ,  TotalTime: 0.422  ,  Loss/total: 0.51360  ,  Loss/giou: 0.15056  ,  Loss/l1: 0.00886  ,  Loss/location: 0.13966  ,  pro_loss: 0.14248  ,  IoU: 0.85817  ,  Loss/sim: 0.00000
[train: Epoch 2, 1350 / 1875] FPS: 76.6 (483.3)  ,  DataTime: 0.351 (0.005)  ,  ForwardTime: 0.062  ,  TotalTime: 0.418  ,  Loss/total: 0.51274  ,  Loss/giou: 0.15041  ,  Loss/l1: 0.00884  ,  Loss/location: 0.13927  ,  pro_loss: 0.14226  ,  IoU: 0.85830  ,  Loss/sim: 0.00000
[train: Epoch 2, 1400 / 1875] FPS: 77.2 (294.2)  ,  DataTime: 0.347 (0.005)  ,  ForwardTime: 0.062  ,  TotalTime: 0.415  ,  Loss/total: 0.51263  ,  Loss/giou: 0.15041  ,  Loss/l1: 0.00885  ,  Loss/location: 0.13910  ,  pro_loss: 0.14231  ,  IoU: 0.85831  ,  Loss/sim: 0.00000
[train: Epoch 2, 1450 / 1875] FPS: 77.8 (503.4)  ,  DataTime: 0.344 (0.005)  ,  ForwardTime: 0.062  ,  TotalTime: 0.411  ,  Loss/total: 0.51305  ,  Loss/giou: 0.15051  ,  Loss/l1: 0.00885  ,  Loss/location: 0.13930  ,  pro_loss: 0.14239  ,  IoU: 0.85827  ,  Loss/sim: 0.00000
[train: Epoch 2, 1500 / 1875] FPS: 77.6 (55.0)  ,  DataTime: 0.345 (0.005)  ,  ForwardTime: 0.062  ,  TotalTime: 0.412  ,  Loss/total: 0.51366  ,  Loss/giou: 0.15059  ,  Loss/l1: 0.00888  ,  Loss/location: 0.13961  ,  pro_loss: 0.14230  ,  IoU: 0.85824  ,  Loss/sim: 0.00000
[train: Epoch 2, 1550 / 1875] FPS: 77.7 (483.7)  ,  DataTime: 0.345 (0.005)  ,  ForwardTime: 0.062  ,  TotalTime: 0.412  ,  Loss/total: 0.51339  ,  Loss/giou: 0.15054  ,  Loss/l1: 0.00887  ,  Loss/location: 0.13954  ,  pro_loss: 0.14206  ,  IoU: 0.85826  ,  Loss/sim: 0.00000
[train: Epoch 2, 1600 / 1875] FPS: 77.5 (491.1)  ,  DataTime: 0.346 (0.005)  ,  ForwardTime: 0.062  ,  TotalTime: 0.413  ,  Loss/total: 0.51307  ,  Loss/giou: 0.15038  ,  Loss/l1: 0.00887  ,  Loss/location: 0.13954  ,  pro_loss: 0.14217  ,  IoU: 0.85842  ,  Loss/sim: 0.00000
[train: Epoch 2, 1650 / 1875] FPS: 77.7 (486.3)  ,  DataTime: 0.345 (0.005)  ,  ForwardTime: 0.062  ,  TotalTime: 0.412  ,  Loss/total: 0.51307  ,  Loss/giou: 0.15035  ,  Loss/l1: 0.00887  ,  Loss/location: 0.13960  ,  pro_loss: 0.14220  ,  IoU: 0.85845  ,  Loss/sim: 0.00000
[train: Epoch 2, 1700 / 1875] FPS: 77.9 (477.3)  ,  DataTime: 0.344 (0.005)  ,  ForwardTime: 0.062  ,  TotalTime: 0.411  ,  Loss/total: 0.51207  ,  Loss/giou: 0.15008  ,  Loss/l1: 0.00884  ,  Loss/location: 0.13928  ,  pro_loss: 0.14211  ,  IoU: 0.85868  ,  Loss/sim: 0.00000
[train: Epoch 2, 1750 / 1875] FPS: 77.5 (488.0)  ,  DataTime: 0.346 (0.005)  ,  ForwardTime: 0.062  ,  TotalTime: 0.413  ,  Loss/total: 0.51153  ,  Loss/giou: 0.14997  ,  Loss/l1: 0.00884  ,  Loss/location: 0.13896  ,  pro_loss: 0.14226  ,  IoU: 0.85878  ,  Loss/sim: 0.00000
[train: Epoch 2, 1800 / 1875] FPS: 77.8 (499.3)  ,  DataTime: 0.344 (0.005)  ,  ForwardTime: 0.061  ,  TotalTime: 0.411  ,  Loss/total: 0.51103  ,  Loss/giou: 0.14988  ,  Loss/l1: 0.00883  ,  Loss/location: 0.13870  ,  pro_loss: 0.14204  ,  IoU: 0.85884  ,  Loss/sim: 0.00000
[train: Epoch 2, 1850 / 1875] FPS: 77.7 (493.8)  ,  DataTime: 0.345 (0.005)  ,  ForwardTime: 0.061  ,  TotalTime: 0.412  ,  Loss/total: 0.51126  ,  Loss/giou: 0.14995  ,  Loss/l1: 0.00883  ,  Loss/location: 0.13876  ,  pro_loss: 0.14222  ,  IoU: 0.85876  ,  Loss/sim: 0.00000
[train: Epoch 2, 1875 / 1875] FPS: 77.8 (26.7)  ,  DataTime: 0.345 (0.005)  ,  ForwardTime: 0.061  ,  TotalTime: 0.411  ,  Loss/total: 0.51148  ,  Loss/giou: 0.14999  ,  Loss/l1: 0.00883  ,  Loss/location: 0.13890  ,  pro_loss: 0.14219  ,  IoU: 0.85873  ,  Loss/sim: 0.00000
[train: Epoch 3, 50 / 1875] FPS: 50.9 (28.4)  ,  DataTime: 0.562 (0.006)  ,  ForwardTime: 0.061  ,  TotalTime: 0.629  ,  Loss/total: 0.51267  ,  Loss/giou: 0.15044  ,  Loss/l1: 0.00897  ,  Loss/location: 0.13771  ,  pro_loss: 0.14625  ,  IoU: 0.85931  ,  Loss/sim: 0.00000
[train: Epoch 3, 100 / 1875] FPS: 55.2 (494.1)  ,  DataTime: 0.515 (0.006)  ,  ForwardTime: 0.059  ,  TotalTime: 0.580  ,  Loss/total: 0.51977  ,  Loss/giou: 0.15159  ,  Loss/l1: 0.00924  ,  Loss/location: 0.14032  ,  pro_loss: 0.15042  ,  IoU: 0.85823  ,  Loss/sim: 0.00000
[train: Epoch 3, 150 / 1875] FPS: 57.8 (483.5)  ,  DataTime: 0.489 (0.006)  ,  ForwardTime: 0.059  ,  TotalTime: 0.554  ,  Loss/total: 0.51381  ,  Loss/giou: 0.15011  ,  Loss/l1: 0.00898  ,  Loss/location: 0.13902  ,  pro_loss: 0.14833  ,  IoU: 0.85919  ,  Loss/sim: 0.00000
[train: Epoch 3, 200 / 1875] FPS: 59.1 (54.0)  ,  DataTime: 0.477 (0.006)  ,  ForwardTime: 0.059  ,  TotalTime: 0.541  ,  Loss/total: 0.51153  ,  Loss/giou: 0.14982  ,  Loss/l1: 0.00891  ,  Loss/location: 0.13781  ,  pro_loss: 0.14761  ,  IoU: 0.85951  ,  Loss/sim: 0.00000
[train: Epoch 3, 250 / 1875] FPS: 59.4 (11.2)  ,  DataTime: 0.474 (0.006)  ,  ForwardTime: 0.059  ,  TotalTime: 0.538  ,  Loss/total: 0.51198  ,  Loss/giou: 0.14967  ,  Loss/l1: 0.00889  ,  Loss/location: 0.13885  ,  pro_loss: 0.14675  ,  IoU: 0.85949  ,  Loss/sim: 0.00000
[train: Epoch 3, 300 / 1875] FPS: 60.7 (386.3)  ,  DataTime: 0.462 (0.006)  ,  ForwardTime: 0.059  ,  TotalTime: 0.527  ,  Loss/total: 0.51045  ,  Loss/giou: 0.14945  ,  Loss/l1: 0.00879  ,  Loss/location: 0.13838  ,  pro_loss: 0.14622  ,  IoU: 0.85944  ,  Loss/sim: 0.00000
[train: Epoch 3, 350 / 1875] FPS: 62.0 (11.7)  ,  DataTime: 0.451 (0.006)  ,  ForwardTime: 0.059  ,  TotalTime: 0.516  ,  Loss/total: 0.50903  ,  Loss/giou: 0.14915  ,  Loss/l1: 0.00871  ,  Loss/location: 0.13805  ,  pro_loss: 0.14563  ,  IoU: 0.85966  ,  Loss/sim: 0.00000
[train: Epoch 3, 400 / 1875] FPS: 64.6 (31.7)  ,  DataTime: 0.431 (0.005)  ,  ForwardTime: 0.059  ,  TotalTime: 0.495  ,  Loss/total: 0.50643  ,  Loss/giou: 0.14865  ,  Loss/l1: 0.00869  ,  Loss/location: 0.13648  ,  pro_loss: 0.14610  ,  IoU: 0.86015  ,  Loss/sim: 0.00000
[train: Epoch 3, 450 / 1875] FPS: 66.9 (15.1)  ,  DataTime: 0.415 (0.005)  ,  ForwardTime: 0.059  ,  TotalTime: 0.479  ,  Loss/total: 0.50376  ,  Loss/giou: 0.14787  ,  Loss/l1: 0.00865  ,  Loss/location: 0.13559  ,  pro_loss: 0.14579  ,  IoU: 0.86075  ,  Loss/sim: 0.00000
[train: Epoch 3, 500 / 1875] FPS: 69.2 (499.3)  ,  DataTime: 0.398 (0.005)  ,  ForwardTime: 0.058  ,  TotalTime: 0.462  ,  Loss/total: 0.50135  ,  Loss/giou: 0.14697  ,  Loss/l1: 0.00860  ,  Loss/location: 0.13518  ,  pro_loss: 0.14613  ,  IoU: 0.86153  ,  Loss/sim: 0.00000
[train: Epoch 3, 550 / 1875] FPS: 71.1 (492.7)  ,  DataTime: 0.387 (0.005)  ,  ForwardTime: 0.058  ,  TotalTime: 0.450  ,  Loss/total: 0.50063  ,  Loss/giou: 0.14677  ,  Loss/l1: 0.00858  ,  Loss/location: 0.13494  ,  pro_loss: 0.14627  ,  IoU: 0.86168  ,  Loss/sim: 0.00000
[train: Epoch 3, 600 / 1875] FPS: 73.4 (101.3)  ,  DataTime: 0.373 (0.005)  ,  ForwardTime: 0.058  ,  TotalTime: 0.436  ,  Loss/total: 0.49958  ,  Loss/giou: 0.14643  ,  Loss/l1: 0.00854  ,  Loss/location: 0.13474  ,  pro_loss: 0.14639  ,  IoU: 0.86196  ,  Loss/sim: 0.00000
[train: Epoch 3, 650 / 1875] FPS: 75.3 (490.4)  ,  DataTime: 0.362 (0.005)  ,  ForwardTime: 0.058  ,  TotalTime: 0.425  ,  Loss/total: 0.50069  ,  Loss/giou: 0.14684  ,  Loss/l1: 0.00857  ,  Loss/location: 0.13489  ,  pro_loss: 0.14636  ,  IoU: 0.86161  ,  Loss/sim: 0.00000
[train: Epoch 3, 700 / 1875] FPS: 77.1 (72.8)  ,  DataTime: 0.352 (0.005)  ,  ForwardTime: 0.058  ,  TotalTime: 0.415  ,  Loss/total: 0.50037  ,  Loss/giou: 0.14662  ,  Loss/l1: 0.00854  ,  Loss/location: 0.13513  ,  pro_loss: 0.14651  ,  IoU: 0.86172  ,  Loss/sim: 0.00000
[train: Epoch 3, 750 / 1875] FPS: 79.0 (66.0)  ,  DataTime: 0.342 (0.005)  ,  ForwardTime: 0.058  ,  TotalTime: 0.405  ,  Loss/total: 0.50016  ,  Loss/giou: 0.14649  ,  Loss/l1: 0.00854  ,  Loss/location: 0.13519  ,  pro_loss: 0.14643  ,  IoU: 0.86187  ,  Loss/sim: 0.00000
[train: Epoch 3, 800 / 1875] FPS: 80.9 (490.0)  ,  DataTime: 0.333 (0.005)  ,  ForwardTime: 0.058  ,  TotalTime: 0.396  ,  Loss/total: 0.49967  ,  Loss/giou: 0.14643  ,  Loss/l1: 0.00854  ,  Loss/location: 0.13483  ,  pro_loss: 0.14643  ,  IoU: 0.86193  ,  Loss/sim: 0.00000
[train: Epoch 3, 850 / 1875] FPS: 82.1 (486.4)  ,  DataTime: 0.327 (0.005)  ,  ForwardTime: 0.058  ,  TotalTime: 0.390  ,  Loss/total: 0.49937  ,  Loss/giou: 0.14648  ,  Loss/l1: 0.00853  ,  Loss/location: 0.13454  ,  pro_loss: 0.14609  ,  IoU: 0.86185  ,  Loss/sim: 0.00000
[train: Epoch 3, 900 / 1875] FPS: 83.7 (496.9)  ,  DataTime: 0.320 (0.005)  ,  ForwardTime: 0.057  ,  TotalTime: 0.382  ,  Loss/total: 0.49882  ,  Loss/giou: 0.14632  ,  Loss/l1: 0.00852  ,  Loss/location: 0.13436  ,  pro_loss: 0.14609  ,  IoU: 0.86201  ,  Loss/sim: 0.00000
[train: Epoch 3, 950 / 1875] FPS: 85.0 (492.7)  ,  DataTime: 0.314 (0.005)  ,  ForwardTime: 0.057  ,  TotalTime: 0.376  ,  Loss/total: 0.49972  ,  Loss/giou: 0.14634  ,  Loss/l1: 0.00853  ,  Loss/location: 0.13513  ,  pro_loss: 0.14621  ,  IoU: 0.86198  ,  Loss/sim: 0.00000
[train: Epoch 3, 1000 / 1875] FPS: 86.6 (38.8)  ,  DataTime: 0.307 (0.005)  ,  ForwardTime: 0.057  ,  TotalTime: 0.369  ,  Loss/total: 0.50023  ,  Loss/giou: 0.14645  ,  Loss/l1: 0.00853  ,  Loss/location: 0.13540  ,  pro_loss: 0.14642  ,  IoU: 0.86188  ,  Loss/sim: 0.00000
[train: Epoch 3, 1050 / 1875] FPS: 88.2 (498.5)  ,  DataTime: 0.301 (0.005)  ,  ForwardTime: 0.057  ,  TotalTime: 0.363  ,  Loss/total: 0.50067  ,  Loss/giou: 0.14650  ,  Loss/l1: 0.00854  ,  Loss/location: 0.13570  ,  pro_loss: 0.14631  ,  IoU: 0.86185  ,  Loss/sim: 0.00000
[train: Epoch 3, 1100 / 1875] FPS: 89.4 (498.4)  ,  DataTime: 0.295 (0.005)  ,  ForwardTime: 0.057  ,  TotalTime: 0.358  ,  Loss/total: 0.50039  ,  Loss/giou: 0.14640  ,  Loss/l1: 0.00853  ,  Loss/location: 0.13564  ,  pro_loss: 0.14651  ,  IoU: 0.86194  ,  Loss/sim: 0.00000
[train: Epoch 3, 1150 / 1875] FPS: 90.6 (471.2)  ,  DataTime: 0.291 (0.005)  ,  ForwardTime: 0.057  ,  TotalTime: 0.353  ,  Loss/total: 0.50026  ,  Loss/giou: 0.14635  ,  Loss/l1: 0.00853  ,  Loss/location: 0.13562  ,  pro_loss: 0.14643  ,  IoU: 0.86200  ,  Loss/sim: 0.00000
[train: Epoch 3, 1200 / 1875] FPS: 92.2 (498.2)  ,  DataTime: 0.285 (0.005)  ,  ForwardTime: 0.057  ,  TotalTime: 0.347  ,  Loss/total: 0.49963  ,  Loss/giou: 0.14620  ,  Loss/l1: 0.00852  ,  Loss/location: 0.13538  ,  pro_loss: 0.14630  ,  IoU: 0.86211  ,  Loss/sim: 0.00000
[train: Epoch 3, 1250 / 1875] FPS: 93.3 (484.1)  ,  DataTime: 0.281 (0.005)  ,  ForwardTime: 0.057  ,  TotalTime: 0.343  ,  Loss/total: 0.49967  ,  Loss/giou: 0.14628  ,  Loss/l1: 0.00853  ,  Loss/location: 0.13520  ,  pro_loss: 0.14623  ,  IoU: 0.86208  ,  Loss/sim: 0.00000
[train: Epoch 3, 1300 / 1875] FPS: 94.6 (501.0)  ,  DataTime: 0.276 (0.005)  ,  ForwardTime: 0.057  ,  TotalTime: 0.338  ,  Loss/total: 0.49979  ,  Loss/giou: 0.14626  ,  Loss/l1: 0.00854  ,  Loss/location: 0.13533  ,  pro_loss: 0.14624  ,  IoU: 0.86211  ,  Loss/sim: 0.00000
[train: Epoch 3, 1350 / 1875] FPS: 95.9 (499.7)  ,  DataTime: 0.271 (0.005)  ,  ForwardTime: 0.057  ,  TotalTime: 0.334  ,  Loss/total: 0.49951  ,  Loss/giou: 0.14625  ,  Loss/l1: 0.00854  ,  Loss/location: 0.13510  ,  pro_loss: 0.14600  ,  IoU: 0.86214  ,  Loss/sim: 0.00000
[train: Epoch 3, 1400 / 1875] FPS: 97.2 (498.8)  ,  DataTime: 0.267 (0.005)  ,  ForwardTime: 0.057  ,  TotalTime: 0.329  ,  Loss/total: 0.49943  ,  Loss/giou: 0.14613  ,  Loss/l1: 0.00855  ,  Loss/location: 0.13520  ,  pro_loss: 0.14615  ,  IoU: 0.86223  ,  Loss/sim: 0.00000
[train: Epoch 3, 1450 / 1875] FPS: 98.3 (27.0)  ,  DataTime: 0.263 (0.005)  ,  ForwardTime: 0.057  ,  TotalTime: 0.326  ,  Loss/total: 0.49853  ,  Loss/giou: 0.14593  ,  Loss/l1: 0.00854  ,  Loss/location: 0.13478  ,  pro_loss: 0.14601  ,  IoU: 0.86242  ,  Loss/sim: 0.00000
[train: Epoch 3, 1500 / 1875] FPS: 99.6 (503.1)  ,  DataTime: 0.259 (0.005)  ,  ForwardTime: 0.057  ,  TotalTime: 0.321  ,  Loss/total: 0.49815  ,  Loss/giou: 0.14585  ,  Loss/l1: 0.00853  ,  Loss/location: 0.13454  ,  pro_loss: 0.14627  ,  IoU: 0.86247  ,  Loss/sim: 0.00000
[train: Epoch 3, 1550 / 1875] FPS: 100.9 (499.4)  ,  DataTime: 0.255 (0.005)  ,  ForwardTime: 0.057  ,  TotalTime: 0.317  ,  Loss/total: 0.49826  ,  Loss/giou: 0.14586  ,  Loss/l1: 0.00854  ,  Loss/location: 0.13457  ,  pro_loss: 0.14644  ,  IoU: 0.86248  ,  Loss/sim: 0.00000
[train: Epoch 3, 1600 / 1875] FPS: 101.8 (40.9)  ,  DataTime: 0.252 (0.005)  ,  ForwardTime: 0.057  ,  TotalTime: 0.314  ,  Loss/total: 0.49875  ,  Loss/giou: 0.14607  ,  Loss/l1: 0.00855  ,  Loss/location: 0.13458  ,  pro_loss: 0.14651  ,  IoU: 0.86231  ,  Loss/sim: 0.00000
[train: Epoch 3, 1650 / 1875] FPS: 103.0 (39.8)  ,  DataTime: 0.249 (0.005)  ,  ForwardTime: 0.057  ,  TotalTime: 0.311  ,  Loss/total: 0.49873  ,  Loss/giou: 0.14600  ,  Loss/l1: 0.00854  ,  Loss/location: 0.13470  ,  pro_loss: 0.14655  ,  IoU: 0.86237  ,  Loss/sim: 0.00000
[train: Epoch 3, 1700 / 1875] FPS: 104.1 (515.4)  ,  DataTime: 0.245 (0.005)  ,  ForwardTime: 0.057  ,  TotalTime: 0.307  ,  Loss/total: 0.49911  ,  Loss/giou: 0.14604  ,  Loss/l1: 0.00856  ,  Loss/location: 0.13490  ,  pro_loss: 0.14664  ,  IoU: 0.86235  ,  Loss/sim: 0.00000
[train: Epoch 3, 1750 / 1875] FPS: 105.2 (46.3)  ,  DataTime: 0.242 (0.005)  ,  ForwardTime: 0.057  ,  TotalTime: 0.304  ,  Loss/total: 0.49890  ,  Loss/giou: 0.14603  ,  Loss/l1: 0.00856  ,  Loss/location: 0.13473  ,  pro_loss: 0.14667  ,  IoU: 0.86235  ,  Loss/sim: 0.00000
[train: Epoch 3, 1800 / 1875] FPS: 106.4 (498.7)  ,  DataTime: 0.239 (0.005)  ,  ForwardTime: 0.057  ,  TotalTime: 0.301  ,  Loss/total: 0.49887  ,  Loss/giou: 0.14603  ,  Loss/l1: 0.00855  ,  Loss/location: 0.13476  ,  pro_loss: 0.14641  ,  IoU: 0.86234  ,  Loss/sim: 0.00000
[train: Epoch 3, 1850 / 1875] FPS: 107.4 (493.3)  ,  DataTime: 0.236 (0.005)  ,  ForwardTime: 0.057  ,  TotalTime: 0.298  ,  Loss/total: 0.49884  ,  Loss/giou: 0.14593  ,  Loss/l1: 0.00855  ,  Loss/location: 0.13497  ,  pro_loss: 0.14631  ,  IoU: 0.86244  ,  Loss/sim: 0.00000
[train: Epoch 3, 1875 / 1875] FPS: 108.1 (499.7)  ,  DataTime: 0.234 (0.005)  ,  ForwardTime: 0.057  ,  TotalTime: 0.296  ,  Loss/total: 0.49894  ,  Loss/giou: 0.14594  ,  Loss/l1: 0.00855  ,  Loss/location: 0.13503  ,  pro_loss: 0.14641  ,  IoU: 0.86243  ,  Loss/sim: 0.00000
[train: Epoch 4, 50 / 1875] FPS: 155.1 (498.9)  ,  DataTime: 0.143 (0.005)  ,  ForwardTime: 0.058  ,  TotalTime: 0.206  ,  Loss/total: 0.50510  ,  Loss/giou: 0.15056  ,  Loss/l1: 0.00903  ,  Loss/location: 0.12858  ,  pro_loss: 0.15125  ,  IoU: 0.85959  ,  Loss/sim: 0.00000
[train: Epoch 4, 100 / 1875] FPS: 169.4 (487.6)  ,  DataTime: 0.127 (0.005)  ,  ForwardTime: 0.057  ,  TotalTime: 0.189  ,  Loss/total: 0.49784  ,  Loss/giou: 0.14693  ,  Loss/l1: 0.00874  ,  Loss/location: 0.13066  ,  pro_loss: 0.14813  ,  IoU: 0.86245  ,  Loss/sim: 0.00000
[train: Epoch 4, 150 / 1875] FPS: 168.4 (462.0)  ,  DataTime: 0.128 (0.005)  ,  ForwardTime: 0.057  ,  TotalTime: 0.190  ,  Loss/total: 0.49488  ,  Loss/giou: 0.14542  ,  Loss/l1: 0.00858  ,  Loss/location: 0.13198  ,  pro_loss: 0.14576  ,  IoU: 0.86337  ,  Loss/sim: 0.00000
[train: Epoch 4, 200 / 1875] FPS: 170.5 (468.9)  ,  DataTime: 0.126 (0.005)  ,  ForwardTime: 0.057  ,  TotalTime: 0.188  ,  Loss/total: 0.48891  ,  Loss/giou: 0.14425  ,  Loss/l1: 0.00848  ,  Loss/location: 0.12895  ,  pro_loss: 0.14536  ,  IoU: 0.86434  ,  Loss/sim: 0.00000
[train: Epoch 4, 250 / 1875] FPS: 170.2 (34.6)  ,  DataTime: 0.126 (0.005)  ,  ForwardTime: 0.057  ,  TotalTime: 0.188  ,  Loss/total: 0.49188  ,  Loss/giou: 0.14413  ,  Loss/l1: 0.00850  ,  Loss/location: 0.13173  ,  pro_loss: 0.14704  ,  IoU: 0.86439  ,  Loss/sim: 0.00000
[train: Epoch 4, 300 / 1875] FPS: 173.7 (492.9)  ,  DataTime: 0.123 (0.005)  ,  ForwardTime: 0.057  ,  TotalTime: 0.184  ,  Loss/total: 0.49031  ,  Loss/giou: 0.14362  ,  Loss/l1: 0.00848  ,  Loss/location: 0.13118  ,  pro_loss: 0.14732  ,  IoU: 0.86481  ,  Loss/sim: 0.00000
[train: Epoch 4, 350 / 1875] FPS: 177.9 (495.7)  ,  DataTime: 0.118 (0.005)  ,  ForwardTime: 0.057  ,  TotalTime: 0.180  ,  Loss/total: 0.49163  ,  Loss/giou: 0.14419  ,  Loss/l1: 0.00847  ,  Loss/location: 0.13164  ,  pro_loss: 0.14639  ,  IoU: 0.86411  ,  Loss/sim: 0.00000
[train: Epoch 4, 400 / 1875] FPS: 177.9 (501.4)  ,  DataTime: 0.118 (0.005)  ,  ForwardTime: 0.057  ,  TotalTime: 0.180  ,  Loss/total: 0.48928  ,  Loss/giou: 0.14380  ,  Loss/l1: 0.00842  ,  Loss/location: 0.13044  ,  pro_loss: 0.14567  ,  IoU: 0.86438  ,  Loss/sim: 0.00000
[train: Epoch 4, 450 / 1875] FPS: 179.4 (503.0)  ,  DataTime: 0.117 (0.005)  ,  ForwardTime: 0.057  ,  TotalTime: 0.178  ,  Loss/total: 0.48899  ,  Loss/giou: 0.14368  ,  Loss/l1: 0.00839  ,  Loss/location: 0.13060  ,  pro_loss: 0.14544  ,  IoU: 0.86443  ,  Loss/sim: 0.00000
[train: Epoch 4, 500 / 1875] FPS: 179.3 (504.0)  ,  DataTime: 0.117 (0.005)  ,  ForwardTime: 0.057  ,  TotalTime: 0.178  ,  Loss/total: 0.48959  ,  Loss/giou: 0.14378  ,  Loss/l1: 0.00841  ,  Loss/location: 0.13082  ,  pro_loss: 0.14596  ,  IoU: 0.86434  ,  Loss/sim: 0.00000
[train: Epoch 4, 550 / 1875] FPS: 180.3 (35.6)  ,  DataTime: 0.116 (0.005)  ,  ForwardTime: 0.057  ,  TotalTime: 0.178  ,  Loss/total: 0.48936  ,  Loss/giou: 0.14341  ,  Loss/l1: 0.00839  ,  Loss/location: 0.13154  ,  pro_loss: 0.14530  ,  IoU: 0.86463  ,  Loss/sim: 0.00000
[train: Epoch 4, 600 / 1875] FPS: 183.2 (110.3)  ,  DataTime: 0.113 (0.005)  ,  ForwardTime: 0.057  ,  TotalTime: 0.175  ,  Loss/total: 0.49018  ,  Loss/giou: 0.14330  ,  Loss/l1: 0.00836  ,  Loss/location: 0.13275  ,  pro_loss: 0.14508  ,  IoU: 0.86467  ,  Loss/sim: 0.00000
[train: Epoch 4, 650 / 1875] FPS: 183.9 (478.2)  ,  DataTime: 0.113 (0.005)  ,  ForwardTime: 0.057  ,  TotalTime: 0.174  ,  Loss/total: 0.48939  ,  Loss/giou: 0.14319  ,  Loss/l1: 0.00835  ,  Loss/location: 0.13215  ,  pro_loss: 0.14562  ,  IoU: 0.86478  ,  Loss/sim: 0.00000
[train: Epoch 4, 700 / 1875] FPS: 184.7 (503.8)  ,  DataTime: 0.112 (0.005)  ,  ForwardTime: 0.057  ,  TotalTime: 0.173  ,  Loss/total: 0.49065  ,  Loss/giou: 0.14347  ,  Loss/l1: 0.00839  ,  Loss/location: 0.13258  ,  pro_loss: 0.14577  ,  IoU: 0.86458  ,  Loss/sim: 0.00000
[train: Epoch 4, 750 / 1875] FPS: 186.4 (36.2)  ,  DataTime: 0.110 (0.005)  ,  ForwardTime: 0.057  ,  TotalTime: 0.172  ,  Loss/total: 0.49136  ,  Loss/giou: 0.14352  ,  Loss/l1: 0.00839  ,  Loss/location: 0.13312  ,  pro_loss: 0.14633  ,  IoU: 0.86453  ,  Loss/sim: 0.00000
[train: Epoch 4, 800 / 1875] FPS: 188.0 (504.0)  ,  DataTime: 0.109 (0.005)  ,  ForwardTime: 0.057  ,  TotalTime: 0.170  ,  Loss/total: 0.49097  ,  Loss/giou: 0.14345  ,  Loss/l1: 0.00837  ,  Loss/location: 0.13291  ,  pro_loss: 0.14661  ,  IoU: 0.86456  ,  Loss/sim: 0.00000
[train: Epoch 4, 850 / 1875] FPS: 189.1 (497.0)  ,  DataTime: 0.108 (0.005)  ,  ForwardTime: 0.057  ,  TotalTime: 0.169  ,  Loss/total: 0.49100  ,  Loss/giou: 0.14373  ,  Loss/l1: 0.00837  ,  Loss/location: 0.13244  ,  pro_loss: 0.14637  ,  IoU: 0.86431  ,  Loss/sim: 0.00000
[train: Epoch 4, 900 / 1875] FPS: 191.2 (496.8)  ,  DataTime: 0.106 (0.005)  ,  ForwardTime: 0.057  ,  TotalTime: 0.167  ,  Loss/total: 0.48987  ,  Loss/giou: 0.14342  ,  Loss/l1: 0.00833  ,  Loss/location: 0.13214  ,  pro_loss: 0.14620  ,  IoU: 0.86455  ,  Loss/sim: 0.00000
[train: Epoch 4, 950 / 1875] FPS: 191.9 (516.0)  ,  DataTime: 0.105 (0.005)  ,  ForwardTime: 0.057  ,  TotalTime: 0.167  ,  Loss/total: 0.49046  ,  Loss/giou: 0.14347  ,  Loss/l1: 0.00835  ,  Loss/location: 0.13252  ,  pro_loss: 0.14635  ,  IoU: 0.86451  ,  Loss/sim: 0.00000
[train: Epoch 4, 1000 / 1875] FPS: 192.8 (498.6)  ,  DataTime: 0.105 (0.005)  ,  ForwardTime: 0.057  ,  TotalTime: 0.166  ,  Loss/total: 0.49023  ,  Loss/giou: 0.14337  ,  Loss/l1: 0.00835  ,  Loss/location: 0.13254  ,  pro_loss: 0.14609  ,  IoU: 0.86460  ,  Loss/sim: 0.00000
[train: Epoch 4, 1050 / 1875] FPS: 194.8 (505.5)  ,  DataTime: 0.103 (0.005)  ,  ForwardTime: 0.057  ,  TotalTime: 0.164  ,  Loss/total: 0.48924  ,  Loss/giou: 0.14316  ,  Loss/l1: 0.00834  ,  Loss/location: 0.13209  ,  pro_loss: 0.14570  ,  IoU: 0.86479  ,  Loss/sim: 0.00000
[train: Epoch 4, 1100 / 1875] FPS: 195.6 (80.6)  ,  DataTime: 0.102 (0.005)  ,  ForwardTime: 0.057  ,  TotalTime: 0.164  ,  Loss/total: 0.48975  ,  Loss/giou: 0.14323  ,  Loss/l1: 0.00834  ,  Loss/location: 0.13244  ,  pro_loss: 0.14571  ,  IoU: 0.86475  ,  Loss/sim: 0.00000
[train: Epoch 4, 1150 / 1875] FPS: 196.9 (495.3)  ,  DataTime: 0.101 (0.005)  ,  ForwardTime: 0.057  ,  TotalTime: 0.163  ,  Loss/total: 0.48970  ,  Loss/giou: 0.14323  ,  Loss/l1: 0.00834  ,  Loss/location: 0.13246  ,  pro_loss: 0.14532  ,  IoU: 0.86479  ,  Loss/sim: 0.00000
[train: Epoch 4, 1200 / 1875] FPS: 197.5 (501.1)  ,  DataTime: 0.101 (0.005)  ,  ForwardTime: 0.057  ,  TotalTime: 0.162  ,  Loss/total: 0.48981  ,  Loss/giou: 0.14320  ,  Loss/l1: 0.00835  ,  Loss/location: 0.13260  ,  pro_loss: 0.14527  ,  IoU: 0.86481  ,  Loss/sim: 0.00000
[train: Epoch 4, 1250 / 1875] FPS: 199.0 (495.8)  ,  DataTime: 0.099 (0.005)  ,  ForwardTime: 0.057  ,  TotalTime: 0.161  ,  Loss/total: 0.49041  ,  Loss/giou: 0.14347  ,  Loss/l1: 0.00837  ,  Loss/location: 0.13260  ,  pro_loss: 0.14517  ,  IoU: 0.86460  ,  Loss/sim: 0.00000
[train: Epoch 4, 1300 / 1875] FPS: 200.1 (480.9)  ,  DataTime: 0.098 (0.005)  ,  ForwardTime: 0.057  ,  TotalTime: 0.160  ,  Loss/total: 0.49035  ,  Loss/giou: 0.14361  ,  Loss/l1: 0.00838  ,  Loss/location: 0.13220  ,  pro_loss: 0.14519  ,  IoU: 0.86452  ,  Loss/sim: 0.00000
[train: Epoch 4, 1350 / 1875] FPS: 200.7 (501.6)  ,  DataTime: 0.098 (0.005)  ,  ForwardTime: 0.057  ,  TotalTime: 0.159  ,  Loss/total: 0.49057  ,  Loss/giou: 0.14371  ,  Loss/l1: 0.00840  ,  Loss/location: 0.13209  ,  pro_loss: 0.14544  ,  IoU: 0.86447  ,  Loss/sim: 0.00000
[train: Epoch 4, 1400 / 1875] FPS: 202.2 (498.1)  ,  DataTime: 0.097 (0.005)  ,  ForwardTime: 0.057  ,  TotalTime: 0.158  ,  Loss/total: 0.49018  ,  Loss/giou: 0.14366  ,  Loss/l1: 0.00839  ,  Loss/location: 0.13181  ,  pro_loss: 0.14551  ,  IoU: 0.86450  ,  Loss/sim: 0.00000
[train: Epoch 4, 1450 / 1875] FPS: 203.3 (495.7)  ,  DataTime: 0.096 (0.005)  ,  ForwardTime: 0.057  ,  TotalTime: 0.157  ,  Loss/total: 0.48975  ,  Loss/giou: 0.14358  ,  Loss/l1: 0.00838  ,  Loss/location: 0.13159  ,  pro_loss: 0.14548  ,  IoU: 0.86457  ,  Loss/sim: 0.00000
[train: Epoch 4, 1500 / 1875] FPS: 204.9 (502.7)  ,  DataTime: 0.095 (0.005)  ,  ForwardTime: 0.057  ,  TotalTime: 0.156  ,  Loss/total: 0.48935  ,  Loss/giou: 0.14349  ,  Loss/l1: 0.00838  ,  Loss/location: 0.13137  ,  pro_loss: 0.14560  ,  IoU: 0.86465  ,  Loss/sim: 0.00000
[train: Epoch 4, 1550 / 1875] FPS: 205.9 (500.4)  ,  DataTime: 0.094 (0.005)  ,  ForwardTime: 0.057  ,  TotalTime: 0.155  ,  Loss/total: 0.49038  ,  Loss/giou: 0.14360  ,  Loss/l1: 0.00840  ,  Loss/location: 0.13203  ,  pro_loss: 0.14571  ,  IoU: 0.86459  ,  Loss/sim: 0.00000
[train: Epoch 4, 1600 / 1875] FPS: 206.8 (492.8)  ,  DataTime: 0.093 (0.005)  ,  ForwardTime: 0.057  ,  TotalTime: 0.155  ,  Loss/total: 0.49080  ,  Loss/giou: 0.14360  ,  Loss/l1: 0.00841  ,  Loss/location: 0.13244  ,  pro_loss: 0.14566  ,  IoU: 0.86459  ,  Loss/sim: 0.00000
[train: Epoch 4, 1650 / 1875] FPS: 208.7 (502.7)  ,  DataTime: 0.092 (0.005)  ,  ForwardTime: 0.057  ,  TotalTime: 0.153  ,  Loss/total: 0.49072  ,  Loss/giou: 0.14363  ,  Loss/l1: 0.00841  ,  Loss/location: 0.13228  ,  pro_loss: 0.14566  ,  IoU: 0.86455  ,  Loss/sim: 0.00000
[train: Epoch 4, 1700 / 1875] FPS: 208.9 (33.4)  ,  DataTime: 0.092 (0.005)  ,  ForwardTime: 0.057  ,  TotalTime: 0.153  ,  Loss/total: 0.49074  ,  Loss/giou: 0.14375  ,  Loss/l1: 0.00841  ,  Loss/location: 0.13207  ,  pro_loss: 0.14556  ,  IoU: 0.86444  ,  Loss/sim: 0.00000
[train: Epoch 4, 1750 / 1875] FPS: 210.6 (506.5)  ,  DataTime: 0.090 (0.005)  ,  ForwardTime: 0.057  ,  TotalTime: 0.152  ,  Loss/total: 0.49076  ,  Loss/giou: 0.14378  ,  Loss/l1: 0.00841  ,  Loss/location: 0.13205  ,  pro_loss: 0.14552  ,  IoU: 0.86442  ,  Loss/sim: 0.00000
[train: Epoch 4, 1800 / 1875] FPS: 211.2 (481.9)  ,  DataTime: 0.090 (0.005)  ,  ForwardTime: 0.057  ,  TotalTime: 0.151  ,  Loss/total: 0.49034  ,  Loss/giou: 0.14366  ,  Loss/l1: 0.00840  ,  Loss/location: 0.13191  ,  pro_loss: 0.14542  ,  IoU: 0.86450  ,  Loss/sim: 0.00000
[train: Epoch 4, 1850 / 1875] FPS: 212.6 (497.1)  ,  DataTime: 0.089 (0.005)  ,  ForwardTime: 0.057  ,  TotalTime: 0.151  ,  Loss/total: 0.49050  ,  Loss/giou: 0.14366  ,  Loss/l1: 0.00841  ,  Loss/location: 0.13207  ,  pro_loss: 0.14538  ,  IoU: 0.86451  ,  Loss/sim: 0.00000
[train: Epoch 4, 1875 / 1875] FPS: 213.6 (513.0)  ,  DataTime: 0.088 (0.005)  ,  ForwardTime: 0.057  ,  TotalTime: 0.150  ,  Loss/total: 0.49073  ,  Loss/giou: 0.14372  ,  Loss/l1: 0.00841  ,  Loss/location: 0.13220  ,  pro_loss: 0.14533  ,  IoU: 0.86445  ,  Loss/sim: 0.00000
[train: Epoch 5, 50 / 1875] FPS: 212.9 (496.4)  ,  DataTime: 0.088 (0.005)  ,  ForwardTime: 0.057  ,  TotalTime: 0.150  ,  Loss/total: 0.46591  ,  Loss/giou: 0.14068  ,  Loss/l1: 0.00803  ,  Loss/location: 0.11391  ,  pro_loss: 0.15250  ,  IoU: 0.86641  ,  Loss/sim: 0.00000
[train: Epoch 5, 100 / 1875] FPS: 239.0 (491.7)  ,  DataTime: 0.072 (0.005)  ,  ForwardTime: 0.057  ,  TotalTime: 0.134  ,  Loss/total: 0.47553  ,  Loss/giou: 0.13984  ,  Loss/l1: 0.00816  ,  Loss/location: 0.12556  ,  pro_loss: 0.14740  ,  IoU: 0.86696  ,  Loss/sim: 0.00000
[train: Epoch 5, 150 / 1875] FPS: 258.7 (135.8)  ,  DataTime: 0.062 (0.005)  ,  ForwardTime: 0.057  ,  TotalTime: 0.124  ,  Loss/total: 0.48096  ,  Loss/giou: 0.14173  ,  Loss/l1: 0.00828  ,  Loss/location: 0.12697  ,  pro_loss: 0.14576  ,  IoU: 0.86541  ,  Loss/sim: 0.00000
[train: Epoch 5, 200 / 1875] FPS: 255.4 (484.4)  ,  DataTime: 0.063 (0.005)  ,  ForwardTime: 0.057  ,  TotalTime: 0.125  ,  Loss/total: 0.48523  ,  Loss/giou: 0.14165  ,  Loss/l1: 0.00826  ,  Loss/location: 0.13155  ,  pro_loss: 0.14526  ,  IoU: 0.86543  ,  Loss/sim: 0.00000
[train: Epoch 5, 250 / 1875] FPS: 262.3 (498.7)  ,  DataTime: 0.060 (0.005)  ,  ForwardTime: 0.057  ,  TotalTime: 0.122  ,  Loss/total: 0.48563  ,  Loss/giou: 0.14194  ,  Loss/l1: 0.00828  ,  Loss/location: 0.13106  ,  pro_loss: 0.14650  ,  IoU: 0.86514  ,  Loss/sim: 0.00000
[train: Epoch 5, 300 / 1875] FPS: 258.2 (492.5)  ,  DataTime: 0.062 (0.005)  ,  ForwardTime: 0.057  ,  TotalTime: 0.124  ,  Loss/total: 0.48699  ,  Loss/giou: 0.14179  ,  Loss/l1: 0.00825  ,  Loss/location: 0.13269  ,  pro_loss: 0.14736  ,  IoU: 0.86541  ,  Loss/sim: 0.00000
[train: Epoch 5, 350 / 1875] FPS: 265.0 (488.1)  ,  DataTime: 0.059 (0.005)  ,  ForwardTime: 0.057  ,  TotalTime: 0.121  ,  Loss/total: 0.48820  ,  Loss/giou: 0.14220  ,  Loss/l1: 0.00828  ,  Loss/location: 0.13301  ,  pro_loss: 0.14697  ,  IoU: 0.86519  ,  Loss/sim: 0.00000
[train: Epoch 5, 400 / 1875] FPS: 262.8 (492.9)  ,  DataTime: 0.060 (0.005)  ,  ForwardTime: 0.057  ,  TotalTime: 0.122  ,  Loss/total: 0.48873  ,  Loss/giou: 0.14202  ,  Loss/l1: 0.00828  ,  Loss/location: 0.13391  ,  pro_loss: 0.14695  ,  IoU: 0.86543  ,  Loss/sim: 0.00000
[train: Epoch 5, 450 / 1875] FPS: 263.0 (60.9)  ,  DataTime: 0.060 (0.005)  ,  ForwardTime: 0.057  ,  TotalTime: 0.122  ,  Loss/total: 0.48890  ,  Loss/giou: 0.14201  ,  Loss/l1: 0.00826  ,  Loss/location: 0.13408  ,  pro_loss: 0.14745  ,  IoU: 0.86542  ,  Loss/sim: 0.00000
[train: Epoch 5, 500 / 1875] FPS: 267.6 (499.6)  ,  DataTime: 0.058 (0.005)  ,  ForwardTime: 0.057  ,  TotalTime: 0.120  ,  Loss/total: 0.48882  ,  Loss/giou: 0.14172  ,  Loss/l1: 0.00826  ,  Loss/location: 0.13451  ,  pro_loss: 0.14796  ,  IoU: 0.86578  ,  Loss/sim: 0.00000
[train: Epoch 5, 550 / 1875] FPS: 270.9 (309.0)  ,  DataTime: 0.056 (0.005)  ,  ForwardTime: 0.057  ,  TotalTime: 0.118  ,  Loss/total: 0.48776  ,  Loss/giou: 0.14152  ,  Loss/l1: 0.00824  ,  Loss/location: 0.13398  ,  pro_loss: 0.14773  ,  IoU: 0.86598  ,  Loss/sim: 0.00000
[train: Epoch 5, 600 / 1875] FPS: 273.4 (455.7)  ,  DataTime: 0.055 (0.005)  ,  ForwardTime: 0.057  ,  TotalTime: 0.117  ,  Loss/total: 0.48827  ,  Loss/giou: 0.14190  ,  Loss/l1: 0.00826  ,  Loss/location: 0.13362  ,  pro_loss: 0.14781  ,  IoU: 0.86570  ,  Loss/sim: 0.00000
[train: Epoch 5, 650 / 1875] FPS: 274.1 (501.6)  ,  DataTime: 0.055 (0.005)  ,  ForwardTime: 0.057  ,  TotalTime: 0.117  ,  Loss/total: 0.48790  ,  Loss/giou: 0.14211  ,  Loss/l1: 0.00827  ,  Loss/location: 0.13287  ,  pro_loss: 0.14729  ,  IoU: 0.86553  ,  Loss/sim: 0.00000
[train: Epoch 5, 700 / 1875] FPS: 276.2 (500.3)  ,  DataTime: 0.054 (0.005)  ,  ForwardTime: 0.057  ,  TotalTime: 0.116  ,  Loss/total: 0.48870  ,  Loss/giou: 0.14233  ,  Loss/l1: 0.00827  ,  Loss/location: 0.13322  ,  pro_loss: 0.14735  ,  IoU: 0.86532  ,  Loss/sim: 0.00000
[train: Epoch 5, 750 / 1875] FPS: 277.3 (487.5)  ,  DataTime: 0.053 (0.005)  ,  ForwardTime: 0.057  ,  TotalTime: 0.115  ,  Loss/total: 0.48840  ,  Loss/giou: 0.14238  ,  Loss/l1: 0.00827  ,  Loss/location: 0.13276  ,  pro_loss: 0.14754  ,  IoU: 0.86527  ,  Loss/sim: 0.00000
[train: Epoch 5, 800 / 1875] FPS: 280.8 (502.0)  ,  DataTime: 0.052 (0.005)  ,  ForwardTime: 0.057  ,  TotalTime: 0.114  ,  Loss/total: 0.48760  ,  Loss/giou: 0.14234  ,  Loss/l1: 0.00826  ,  Loss/location: 0.13216  ,  pro_loss: 0.14732  ,  IoU: 0.86534  ,  Loss/sim: 0.00000
[train: Epoch 5, 850 / 1875] FPS: 282.6 (345.8)  ,  DataTime: 0.051 (0.005)  ,  ForwardTime: 0.057  ,  TotalTime: 0.113  ,  Loss/total: 0.48759  ,  Loss/giou: 0.14240  ,  Loss/l1: 0.00826  ,  Loss/location: 0.13204  ,  pro_loss: 0.14740  ,  IoU: 0.86532  ,  Loss/sim: 0.00000
[train: Epoch 5, 900 / 1875] FPS: 282.1 (483.2)  ,  DataTime: 0.051 (0.005)  ,  ForwardTime: 0.057  ,  TotalTime: 0.113  ,  Loss/total: 0.48654  ,  Loss/giou: 0.14210  ,  Loss/l1: 0.00823  ,  Loss/location: 0.13177  ,  pro_loss: 0.14701  ,  IoU: 0.86555  ,  Loss/sim: 0.00000
[train: Epoch 5, 950 / 1875] FPS: 285.4 (501.6)  ,  DataTime: 0.050 (0.005)  ,  ForwardTime: 0.057  ,  TotalTime: 0.112  ,  Loss/total: 0.48667  ,  Loss/giou: 0.14237  ,  Loss/l1: 0.00827  ,  Loss/location: 0.13124  ,  pro_loss: 0.14668  ,  IoU: 0.86538  ,  Loss/sim: 0.00000
[train: Epoch 5, 1000 / 1875] FPS: 287.2 (259.4)  ,  DataTime: 0.049 (0.005)  ,  ForwardTime: 0.057  ,  TotalTime: 0.111  ,  Loss/total: 0.48591  ,  Loss/giou: 0.14208  ,  Loss/l1: 0.00824  ,  Loss/location: 0.13122  ,  pro_loss: 0.14663  ,  IoU: 0.86560  ,  Loss/sim: 0.00000
[train: Epoch 5, 1050 / 1875] FPS: 288.1 (95.9)  ,  DataTime: 0.049 (0.005)  ,  ForwardTime: 0.057  ,  TotalTime: 0.111  ,  Loss/total: 0.48636  ,  Loss/giou: 0.14196  ,  Loss/l1: 0.00823  ,  Loss/location: 0.13196  ,  pro_loss: 0.14661  ,  IoU: 0.86571  ,  Loss/sim: 0.00000
[train: Epoch 5, 1100 / 1875] FPS: 291.2 (493.8)  ,  DataTime: 0.048 (0.005)  ,  ForwardTime: 0.057  ,  TotalTime: 0.110  ,  Loss/total: 0.48590  ,  Loss/giou: 0.14189  ,  Loss/l1: 0.00824  ,  Loss/location: 0.13146  ,  pro_loss: 0.14731  ,  IoU: 0.86579  ,  Loss/sim: 0.00000
[train: Epoch 5, 1150 / 1875] FPS: 291.2 (469.7)  ,  DataTime: 0.047 (0.005)  ,  ForwardTime: 0.057  ,  TotalTime: 0.110  ,  Loss/total: 0.48590  ,  Loss/giou: 0.14189  ,  Loss/l1: 0.00824  ,  Loss/location: 0.13152  ,  pro_loss: 0.14695  ,  IoU: 0.86582  ,  Loss/sim: 0.00000
[train: Epoch 5, 1200 / 1875] FPS: 292.1 (495.3)  ,  DataTime: 0.047 (0.005)  ,  ForwardTime: 0.057  ,  TotalTime: 0.110  ,  Loss/total: 0.48623  ,  Loss/giou: 0.14202  ,  Loss/l1: 0.00827  ,  Loss/location: 0.13142  ,  pro_loss: 0.14700  ,  IoU: 0.86575  ,  Loss/sim: 0.00000
[train: Epoch 5, 1250 / 1875] FPS: 293.0 (463.1)  ,  DataTime: 0.047 (0.005)  ,  ForwardTime: 0.057  ,  TotalTime: 0.109  ,  Loss/total: 0.48622  ,  Loss/giou: 0.14196  ,  Loss/l1: 0.00827  ,  Loss/location: 0.13154  ,  pro_loss: 0.14701  ,  IoU: 0.86581  ,  Loss/sim: 0.00000
[train: Epoch 5, 1300 / 1875] FPS: 294.8 (489.5)  ,  DataTime: 0.046 (0.005)  ,  ForwardTime: 0.057  ,  TotalTime: 0.109  ,  Loss/total: 0.48613  ,  Loss/giou: 0.14200  ,  Loss/l1: 0.00826  ,  Loss/location: 0.13151  ,  pro_loss: 0.14657  ,  IoU: 0.86575  ,  Loss/sim: 0.00000
[train: Epoch 5, 1350 / 1875] FPS: 296.2 (495.6)  ,  DataTime: 0.046 (0.005)  ,  ForwardTime: 0.057  ,  TotalTime: 0.108  ,  Loss/total: 0.48610  ,  Loss/giou: 0.14193  ,  Loss/l1: 0.00826  ,  Loss/location: 0.13162  ,  pro_loss: 0.14665  ,  IoU: 0.86581  ,  Loss/sim: 0.00000
[train: Epoch 5, 1400 / 1875] FPS: 295.2 (86.3)  ,  DataTime: 0.046 (0.005)  ,  ForwardTime: 0.057  ,  TotalTime: 0.108  ,  Loss/total: 0.48655  ,  Loss/giou: 0.14205  ,  Loss/l1: 0.00827  ,  Loss/location: 0.13179  ,  pro_loss: 0.14670  ,  IoU: 0.86573  ,  Loss/sim: 0.00000
[train: Epoch 5, 1450 / 1875] FPS: 296.2 (486.9)  ,  DataTime: 0.046 (0.005)  ,  ForwardTime: 0.057  ,  TotalTime: 0.108  ,  Loss/total: 0.48625  ,  Loss/giou: 0.14194  ,  Loss/l1: 0.00826  ,  Loss/location: 0.13172  ,  pro_loss: 0.14678  ,  IoU: 0.86583  ,  Loss/sim: 0.00000
[train: Epoch 5, 1500 / 1875] FPS: 297.5 (433.9)  ,  DataTime: 0.045 (0.005)  ,  ForwardTime: 0.057  ,  TotalTime: 0.108  ,  Loss/total: 0.48674  ,  Loss/giou: 0.14205  ,  Loss/l1: 0.00826  ,  Loss/location: 0.13197  ,  pro_loss: 0.14683  ,  IoU: 0.86577  ,  Loss/sim: 0.00000
[train: Epoch 5, 1550 / 1875] FPS: 298.2 (485.3)  ,  DataTime: 0.045 (0.005)  ,  ForwardTime: 0.057  ,  TotalTime: 0.107  ,  Loss/total: 0.48704  ,  Loss/giou: 0.14210  ,  Loss/l1: 0.00826  ,  Loss/location: 0.13211  ,  pro_loss: 0.14703  ,  IoU: 0.86574  ,  Loss/sim: 0.00000
[train: Epoch 5, 1600 / 1875] FPS: 298.9 (57.2)  ,  DataTime: 0.044 (0.005)  ,  ForwardTime: 0.057  ,  TotalTime: 0.107  ,  Loss/total: 0.48708  ,  Loss/giou: 0.14230  ,  Loss/l1: 0.00828  ,  Loss/location: 0.13169  ,  pro_loss: 0.14704  ,  IoU: 0.86558  ,  Loss/sim: 0.00000
[train: Epoch 5, 1650 / 1875] FPS: 299.7 (148.4)  ,  DataTime: 0.044 (0.005)  ,  ForwardTime: 0.057  ,  TotalTime: 0.107  ,  Loss/total: 0.48715  ,  Loss/giou: 0.14236  ,  Loss/l1: 0.00828  ,  Loss/location: 0.13164  ,  pro_loss: 0.14698  ,  IoU: 0.86555  ,  Loss/sim: 0.00000
[train: Epoch 5, 1700 / 1875] FPS: 300.7 (441.7)  ,  DataTime: 0.044 (0.005)  ,  ForwardTime: 0.057  ,  TotalTime: 0.106  ,  Loss/total: 0.48667  ,  Loss/giou: 0.14230  ,  Loss/l1: 0.00827  ,  Loss/location: 0.13131  ,  pro_loss: 0.14700  ,  IoU: 0.86560  ,  Loss/sim: 0.00000
[train: Epoch 5, 1750 / 1875] FPS: 302.7 (466.0)  ,  DataTime: 0.043 (0.005)  ,  ForwardTime: 0.057  ,  TotalTime: 0.106  ,  Loss/total: 0.48671  ,  Loss/giou: 0.14242  ,  Loss/l1: 0.00828  ,  Loss/location: 0.13111  ,  pro_loss: 0.14687  ,  IoU: 0.86552  ,  Loss/sim: 0.00000
[train: Epoch 5, 1800 / 1875] FPS: 303.0 (496.1)  ,  DataTime: 0.043 (0.005)  ,  ForwardTime: 0.057  ,  TotalTime: 0.106  ,  Loss/total: 0.48606  ,  Loss/giou: 0.14226  ,  Loss/l1: 0.00827  ,  Loss/location: 0.13082  ,  pro_loss: 0.14697  ,  IoU: 0.86565  ,  Loss/sim: 0.00000
[train: Epoch 5, 1850 / 1875] FPS: 303.1 (459.6)  ,  DataTime: 0.043 (0.005)  ,  ForwardTime: 0.057  ,  TotalTime: 0.106  ,  Loss/total: 0.48594  ,  Loss/giou: 0.14220  ,  Loss/l1: 0.00826  ,  Loss/location: 0.13087  ,  pro_loss: 0.14689  ,  IoU: 0.86570  ,  Loss/sim: 0.00000
[train: Epoch 5, 1875 / 1875] FPS: 303.4 (507.3)  ,  DataTime: 0.043 (0.005)  ,  ForwardTime: 0.057  ,  TotalTime: 0.105  ,  Loss/total: 0.48631  ,  Loss/giou: 0.14234  ,  Loss/l1: 0.00826  ,  Loss/location: 0.13094  ,  pro_loss: 0.14691  ,  IoU: 0.86558  ,  Loss/sim: 0.00000
[val: Epoch 5, 50 / 312] FPS: 62.7 (652.1)  ,  DataTime: 0.432 (0.006)  ,  ForwardTime: 0.072  ,  TotalTime: 0.510  ,  Loss/total: 0.84428  ,  Loss/giou: 0.21894  ,  Loss/l1: 0.01494  ,  Loss/location: 0.33037  ,  pro_loss: 0.00667  ,  IoU: 0.79655  ,  Loss/sim: 0.00000
[val: Epoch 5, 100 / 312] FPS: 60.2 (956.1)  ,  DataTime: 0.476 (0.006)  ,  ForwardTime: 0.049  ,  TotalTime: 0.532  ,  Loss/total: 0.88148  ,  Loss/giou: 0.22886  ,  Loss/l1: 0.01626  ,  Loss/location: 0.34099  ,  pro_loss: 0.00750  ,  IoU: 0.78939  ,  Loss/sim: 0.00000
[val: Epoch 5, 150 / 312] FPS: 58.5 (909.8)  ,  DataTime: 0.499 (0.006)  ,  ForwardTime: 0.042  ,  TotalTime: 0.547  ,  Loss/total: 0.88442  ,  Loss/giou: 0.22707  ,  Loss/l1: 0.01647  ,  Loss/location: 0.34636  ,  pro_loss: 0.00799  ,  IoU: 0.79137  ,  Loss/sim: 0.00000
[val: Epoch 5, 200 / 312] FPS: 59.0 (9.6)  ,  DataTime: 0.499 (0.006)  ,  ForwardTime: 0.038  ,  TotalTime: 0.543  ,  Loss/total: 0.88533  ,  Loss/giou: 0.22706  ,  Loss/l1: 0.01647  ,  Loss/location: 0.34734  ,  pro_loss: 0.00745  ,  IoU: 0.79133  ,  Loss/sim: 0.00000
[val: Epoch 5, 250 / 312] FPS: 61.2 (917.5)  ,  DataTime: 0.481 (0.006)  ,  ForwardTime: 0.035  ,  TotalTime: 0.523  ,  Loss/total: 0.87746  ,  Loss/giou: 0.22516  ,  Loss/l1: 0.01622  ,  Loss/location: 0.34453  ,  pro_loss: 0.00754  ,  IoU: 0.79266  ,  Loss/sim: 0.00000
[val: Epoch 5, 300 / 312] FPS: 63.8 (872.9)  ,  DataTime: 0.462 (0.006)  ,  ForwardTime: 0.034  ,  TotalTime: 0.502  ,  Loss/total: 0.87280  ,  Loss/giou: 0.22367  ,  Loss/l1: 0.01607  ,  Loss/location: 0.34359  ,  pro_loss: 0.00753  ,  IoU: 0.79365  ,  Loss/sim: 0.00000
[val: Epoch 5, 312 / 312] FPS: 64.8 (21.8)  ,  DataTime: 0.454 (0.006)  ,  ForwardTime: 0.033  ,  TotalTime: 0.494  ,  Loss/total: 0.87461  ,  Loss/giou: 0.22401  ,  Loss/l1: 0.01615  ,  Loss/location: 0.34433  ,  pro_loss: 0.00748  ,  IoU: 0.79350  ,  Loss/sim: 0.00000
[train: Epoch 6, 50 / 1875] FPS: 59.4 (10.0)  ,  DataTime: 0.436 (0.005)  ,  ForwardTime: 0.098  ,  TotalTime: 0.539  ,  Loss/total: 0.49551  ,  Loss/giou: 0.14480  ,  Loss/l1: 0.00830  ,  Loss/location: 0.13604  ,  pro_loss: 0.14187  ,  IoU: 0.86365  ,  Loss/sim: 0.00000
[train: Epoch 6, 100 / 1875] FPS: 66.9 (14.4)  ,  DataTime: 0.396 (0.005)  ,  ForwardTime: 0.077  ,  TotalTime: 0.478  ,  Loss/total: 0.49103  ,  Loss/giou: 0.14387  ,  Loss/l1: 0.00832  ,  Loss/location: 0.13266  ,  pro_loss: 0.14510  ,  IoU: 0.86475  ,  Loss/sim: 0.00000
[train: Epoch 6, 150 / 1875] FPS: 70.4 (488.9)  ,  DataTime: 0.379 (0.005)  ,  ForwardTime: 0.070  ,  TotalTime: 0.454  ,  Loss/total: 0.48650  ,  Loss/giou: 0.14260  ,  Loss/l1: 0.00821  ,  Loss/location: 0.13131  ,  pro_loss: 0.14472  ,  IoU: 0.86555  ,  Loss/sim: 0.00000
[train: Epoch 6, 200 / 1875] FPS: 73.0 (502.6)  ,  DataTime: 0.367 (0.005)  ,  ForwardTime: 0.067  ,  TotalTime: 0.438  ,  Loss/total: 0.48723  ,  Loss/giou: 0.14296  ,  Loss/l1: 0.00829  ,  Loss/location: 0.13104  ,  pro_loss: 0.14406  ,  IoU: 0.86526  ,  Loss/sim: 0.00000
[train: Epoch 6, 250 / 1875] FPS: 73.1 (11.2)  ,  DataTime: 0.368 (0.005)  ,  ForwardTime: 0.065  ,  TotalTime: 0.438  ,  Loss/total: 0.48975  ,  Loss/giou: 0.14264  ,  Loss/l1: 0.00832  ,  Loss/location: 0.13435  ,  pro_loss: 0.14262  ,  IoU: 0.86552  ,  Loss/sim: 0.00000
[train: Epoch 6, 300 / 1875] FPS: 75.9 (509.5)  ,  DataTime: 0.353 (0.005)  ,  ForwardTime: 0.063  ,  TotalTime: 0.421  ,  Loss/total: 0.48766  ,  Loss/giou: 0.14210  ,  Loss/l1: 0.00826  ,  Loss/location: 0.13350  ,  pro_loss: 0.14333  ,  IoU: 0.86593  ,  Loss/sim: 0.00000
[train: Epoch 6, 350 / 1875] FPS: 76.0 (502.8)  ,  DataTime: 0.354 (0.005)  ,  ForwardTime: 0.062  ,  TotalTime: 0.421  ,  Loss/total: 0.49066  ,  Loss/giou: 0.14282  ,  Loss/l1: 0.00829  ,  Loss/location: 0.13463  ,  pro_loss: 0.14476  ,  IoU: 0.86534  ,  Loss/sim: 0.00000
[train: Epoch 6, 400 / 1875] FPS: 77.4 (507.7)  ,  DataTime: 0.347 (0.005)  ,  ForwardTime: 0.062  ,  TotalTime: 0.413  ,  Loss/total: 0.48917  ,  Loss/giou: 0.14286  ,  Loss/l1: 0.00830  ,  Loss/location: 0.13311  ,  pro_loss: 0.14414  ,  IoU: 0.86524  ,  Loss/sim: 0.00000
[train: Epoch 6, 450 / 1875] FPS: 78.3 (46.5)  ,  DataTime: 0.343 (0.004)  ,  ForwardTime: 0.061  ,  TotalTime: 0.409  ,  Loss/total: 0.48747  ,  Loss/giou: 0.14254  ,  Loss/l1: 0.00829  ,  Loss/location: 0.13208  ,  pro_loss: 0.14424  ,  IoU: 0.86553  ,  Loss/sim: 0.00000
[train: Epoch 6, 500 / 1875] FPS: 79.4 (510.0)  ,  DataTime: 0.338 (0.004)  ,  ForwardTime: 0.061  ,  TotalTime: 0.403  ,  Loss/total: 0.48651  ,  Loss/giou: 0.14252  ,  Loss/l1: 0.00830  ,  Loss/location: 0.13114  ,  pro_loss: 0.14421  ,  IoU: 0.86562  ,  Loss/sim: 0.00000
[train: Epoch 6, 550 / 1875] FPS: 80.8 (172.7)  ,  DataTime: 0.331 (0.004)  ,  ForwardTime: 0.060  ,  TotalTime: 0.396  ,  Loss/total: 0.48539  ,  Loss/giou: 0.14211  ,  Loss/l1: 0.00825  ,  Loss/location: 0.13108  ,  pro_loss: 0.14420  ,  IoU: 0.86592  ,  Loss/sim: 0.00000
[train: Epoch 6, 600 / 1875] FPS: 81.8 (498.6)  ,  DataTime: 0.327 (0.004)  ,  ForwardTime: 0.060  ,  TotalTime: 0.391  ,  Loss/total: 0.48608  ,  Loss/giou: 0.14237  ,  Loss/l1: 0.00829  ,  Loss/location: 0.13105  ,  pro_loss: 0.14424  ,  IoU: 0.86577  ,  Loss/sim: 0.00000
[train: Epoch 6, 650 / 1875] FPS: 82.9 (22.5)  ,  DataTime: 0.322 (0.004)  ,  ForwardTime: 0.060  ,  TotalTime: 0.386  ,  Loss/total: 0.48612  ,  Loss/giou: 0.14253  ,  Loss/l1: 0.00828  ,  Loss/location: 0.13090  ,  pro_loss: 0.14396  ,  IoU: 0.86567  ,  Loss/sim: 0.00000
[train: Epoch 6, 700 / 1875] FPS: 84.2 (494.8)  ,  DataTime: 0.316 (0.004)  ,  ForwardTime: 0.059  ,  TotalTime: 0.380  ,  Loss/total: 0.48628  ,  Loss/giou: 0.14264  ,  Loss/l1: 0.00828  ,  Loss/location: 0.13083  ,  pro_loss: 0.14379  ,  IoU: 0.86559  ,  Loss/sim: 0.00000
[train: Epoch 6, 750 / 1875] FPS: 84.7 (72.1)  ,  DataTime: 0.314 (0.004)  ,  ForwardTime: 0.059  ,  TotalTime: 0.378  ,  Loss/total: 0.48701  ,  Loss/giou: 0.14283  ,  Loss/l1: 0.00831  ,  Loss/location: 0.13105  ,  pro_loss: 0.14367  ,  IoU: 0.86542  ,  Loss/sim: 0.00000
[train: Epoch 6, 800 / 1875] FPS: 85.8 (31.3)  ,  DataTime: 0.310 (0.004)  ,  ForwardTime: 0.059  ,  TotalTime: 0.373  ,  Loss/total: 0.48601  ,  Loss/giou: 0.14254  ,  Loss/l1: 0.00828  ,  Loss/location: 0.13079  ,  pro_loss: 0.14363  ,  IoU: 0.86564  ,  Loss/sim: 0.00000
[train: Epoch 6, 850 / 1875] FPS: 87.0 (488.7)  ,  DataTime: 0.305 (0.004)  ,  ForwardTime: 0.059  ,  TotalTime: 0.368  ,  Loss/total: 0.48708  ,  Loss/giou: 0.14275  ,  Loss/l1: 0.00830  ,  Loss/location: 0.13129  ,  pro_loss: 0.14404  ,  IoU: 0.86548  ,  Loss/sim: 0.00000
[train: Epoch 6, 900 / 1875] FPS: 87.8 (505.3)  ,  DataTime: 0.301 (0.004)  ,  ForwardTime: 0.059  ,  TotalTime: 0.364  ,  Loss/total: 0.48743  ,  Loss/giou: 0.14271  ,  Loss/l1: 0.00829  ,  Loss/location: 0.13177  ,  pro_loss: 0.14396  ,  IoU: 0.86548  ,  Loss/sim: 0.00000
[train: Epoch 6, 950 / 1875] FPS: 88.6 (501.2)  ,  DataTime: 0.298 (0.004)  ,  ForwardTime: 0.059  ,  TotalTime: 0.361  ,  Loss/total: 0.48635  ,  Loss/giou: 0.14249  ,  Loss/l1: 0.00828  ,  Loss/location: 0.13122  ,  pro_loss: 0.14373  ,  IoU: 0.86568  ,  Loss/sim: 0.00000
[train: Epoch 6, 1000 / 1875] FPS: 89.3 (494.8)  ,  DataTime: 0.295 (0.004)  ,  ForwardTime: 0.059  ,  TotalTime: 0.358  ,  Loss/total: 0.48584  ,  Loss/giou: 0.14249  ,  Loss/l1: 0.00828  ,  Loss/location: 0.13070  ,  pro_loss: 0.14387  ,  IoU: 0.86569  ,  Loss/sim: 0.00000
[train: Epoch 6, 1050 / 1875] FPS: 90.3 (487.5)  ,  DataTime: 0.292 (0.004)  ,  ForwardTime: 0.058  ,  TotalTime: 0.355  ,  Loss/total: 0.48504  ,  Loss/giou: 0.14231  ,  Loss/l1: 0.00829  ,  Loss/location: 0.13028  ,  pro_loss: 0.14359  ,  IoU: 0.86590  ,  Loss/sim: 0.00000
[train: Epoch 6, 1100 / 1875] FPS: 91.1 (505.8)  ,  DataTime: 0.288 (0.004)  ,  ForwardTime: 0.058  ,  TotalTime: 0.351  ,  Loss/total: 0.48461  ,  Loss/giou: 0.14217  ,  Loss/l1: 0.00828  ,  Loss/location: 0.13023  ,  pro_loss: 0.14331  ,  IoU: 0.86599  ,  Loss/sim: 0.00000
[train: Epoch 6, 1150 / 1875] FPS: 92.3 (497.1)  ,  DataTime: 0.284 (0.004)  ,  ForwardTime: 0.058  ,  TotalTime: 0.347  ,  Loss/total: 0.48460  ,  Loss/giou: 0.14235  ,  Loss/l1: 0.00829  ,  Loss/location: 0.12980  ,  pro_loss: 0.14341  ,  IoU: 0.86583  ,  Loss/sim: 0.00000
[train: Epoch 6, 1200 / 1875] FPS: 92.9 (21.8)  ,  DataTime: 0.282 (0.004)  ,  ForwardTime: 0.058  ,  TotalTime: 0.345  ,  Loss/total: 0.48447  ,  Loss/giou: 0.14225  ,  Loss/l1: 0.00828  ,  Loss/location: 0.12985  ,  pro_loss: 0.14345  ,  IoU: 0.86590  ,  Loss/sim: 0.00000
[train: Epoch 6, 1250 / 1875] FPS: 94.1 (504.4)  ,  DataTime: 0.277 (0.004)  ,  ForwardTime: 0.058  ,  TotalTime: 0.340  ,  Loss/total: 0.48494  ,  Loss/giou: 0.14244  ,  Loss/l1: 0.00831  ,  Loss/location: 0.12988  ,  pro_loss: 0.14320  ,  IoU: 0.86576  ,  Loss/sim: 0.00000
[train: Epoch 6, 1300 / 1875] FPS: 95.1 (506.4)  ,  DataTime: 0.274 (0.004)  ,  ForwardTime: 0.058  ,  TotalTime: 0.336  ,  Loss/total: 0.48495  ,  Loss/giou: 0.14239  ,  Loss/l1: 0.00830  ,  Loss/location: 0.13004  ,  pro_loss: 0.14309  ,  IoU: 0.86579  ,  Loss/sim: 0.00000
[train: Epoch 6, 1350 / 1875] FPS: 96.1 (508.5)  ,  DataTime: 0.271 (0.004)  ,  ForwardTime: 0.058  ,  TotalTime: 0.333  ,  Loss/total: 0.48466  ,  Loss/giou: 0.14219  ,  Loss/l1: 0.00829  ,  Loss/location: 0.13022  ,  pro_loss: 0.14303  ,  IoU: 0.86595  ,  Loss/sim: 0.00000
[train: Epoch 6, 1400 / 1875] FPS: 97.0 (206.6)  ,  DataTime: 0.267 (0.004)  ,  ForwardTime: 0.058  ,  TotalTime: 0.330  ,  Loss/total: 0.48426  ,  Loss/giou: 0.14206  ,  Loss/l1: 0.00828  ,  Loss/location: 0.13009  ,  pro_loss: 0.14324  ,  IoU: 0.86603  ,  Loss/sim: 0.00000
[train: Epoch 6, 1450 / 1875] FPS: 97.9 (501.9)  ,  DataTime: 0.264 (0.004)  ,  ForwardTime: 0.058  ,  TotalTime: 0.327  ,  Loss/total: 0.48430  ,  Loss/giou: 0.14196  ,  Loss/l1: 0.00827  ,  Loss/location: 0.13042  ,  pro_loss: 0.14289  ,  IoU: 0.86610  ,  Loss/sim: 0.00000
[train: Epoch 6, 1500 / 1875] FPS: 98.9 (508.6)  ,  DataTime: 0.261 (0.004)  ,  ForwardTime: 0.058  ,  TotalTime: 0.324  ,  Loss/total: 0.48409  ,  Loss/giou: 0.14196  ,  Loss/l1: 0.00826  ,  Loss/location: 0.13024  ,  pro_loss: 0.14308  ,  IoU: 0.86607  ,  Loss/sim: 0.00000
[train: Epoch 6, 1550 / 1875] FPS: 99.5 (24.8)  ,  DataTime: 0.259 (0.004)  ,  ForwardTime: 0.058  ,  TotalTime: 0.322  ,  Loss/total: 0.48362  ,  Loss/giou: 0.14192  ,  Loss/l1: 0.00825  ,  Loss/location: 0.12991  ,  pro_loss: 0.14313  ,  IoU: 0.86608  ,  Loss/sim: 0.00000
[train: Epoch 6, 1600 / 1875] FPS: 100.5 (505.4)  ,  DataTime: 0.256 (0.004)  ,  ForwardTime: 0.058  ,  TotalTime: 0.318  ,  Loss/total: 0.48391  ,  Loss/giou: 0.14200  ,  Loss/l1: 0.00826  ,  Loss/location: 0.13001  ,  pro_loss: 0.14305  ,  IoU: 0.86604  ,  Loss/sim: 0.00000
[train: Epoch 6, 1650 / 1875] FPS: 101.3 (506.5)  ,  DataTime: 0.254 (0.004)  ,  ForwardTime: 0.058  ,  TotalTime: 0.316  ,  Loss/total: 0.48326  ,  Loss/giou: 0.14181  ,  Loss/l1: 0.00825  ,  Loss/location: 0.12980  ,  pro_loss: 0.14295  ,  IoU: 0.86621  ,  Loss/sim: 0.00000
[train: Epoch 6, 1700 / 1875] FPS: 102.4 (501.6)  ,  DataTime: 0.250 (0.004)  ,  ForwardTime: 0.058  ,  TotalTime: 0.313  ,  Loss/total: 0.48394  ,  Loss/giou: 0.14196  ,  Loss/l1: 0.00826  ,  Loss/location: 0.13010  ,  pro_loss: 0.14321  ,  IoU: 0.86606  ,  Loss/sim: 0.00000
[train: Epoch 6, 1750 / 1875] FPS: 103.0 (509.7)  ,  DataTime: 0.249 (0.004)  ,  ForwardTime: 0.058  ,  TotalTime: 0.311  ,  Loss/total: 0.48430  ,  Loss/giou: 0.14200  ,  Loss/l1: 0.00827  ,  Loss/location: 0.13035  ,  pro_loss: 0.14308  ,  IoU: 0.86602  ,  Loss/sim: 0.00000
[train: Epoch 6, 1800 / 1875] FPS: 103.7 (19.9)  ,  DataTime: 0.246 (0.004)  ,  ForwardTime: 0.058  ,  TotalTime: 0.308  ,  Loss/total: 0.48340  ,  Loss/giou: 0.14172  ,  Loss/l1: 0.00824  ,  Loss/location: 0.13008  ,  pro_loss: 0.14324  ,  IoU: 0.86624  ,  Loss/sim: 0.00000
[train: Epoch 6, 1850 / 1875] FPS: 104.9 (493.2)  ,  DataTime: 0.243 (0.004)  ,  ForwardTime: 0.058  ,  TotalTime: 0.305  ,  Loss/total: 0.48292  ,  Loss/giou: 0.14161  ,  Loss/l1: 0.00823  ,  Loss/location: 0.12990  ,  pro_loss: 0.14320  ,  IoU: 0.86632  ,  Loss/sim: 0.00000
[train: Epoch 6, 1875 / 1875] FPS: 105.6 (503.7)  ,  DataTime: 0.241 (0.004)  ,  ForwardTime: 0.057  ,  TotalTime: 0.303  ,  Loss/total: 0.48319  ,  Loss/giou: 0.14166  ,  Loss/l1: 0.00823  ,  Loss/location: 0.13001  ,  pro_loss: 0.14342  ,  IoU: 0.86627  ,  Loss/sim: 0.00000
[train: Epoch 7, 50 / 1875] FPS: 130.5 (503.9)  ,  DataTime: 0.184 (0.005)  ,  ForwardTime: 0.056  ,  TotalTime: 0.245  ,  Loss/total: 0.48813  ,  Loss/giou: 0.13882  ,  Loss/l1: 0.00820  ,  Loss/location: 0.14016  ,  pro_loss: 0.14667  ,  IoU: 0.86873  ,  Loss/sim: 0.00000
[train: Epoch 7, 100 / 1875] FPS: 149.1 (263.4)  ,  DataTime: 0.153 (0.005)  ,  ForwardTime: 0.056  ,  TotalTime: 0.215  ,  Loss/total: 0.49230  ,  Loss/giou: 0.14139  ,  Loss/l1: 0.00842  ,  Loss/location: 0.13814  ,  pro_loss: 0.14646  ,  IoU: 0.86695  ,  Loss/sim: 0.00000
[train: Epoch 7, 150 / 1875] FPS: 150.7 (498.9)  ,  DataTime: 0.151 (0.005)  ,  ForwardTime: 0.056  ,  TotalTime: 0.212  ,  Loss/total: 0.48752  ,  Loss/giou: 0.14000  ,  Loss/l1: 0.00837  ,  Loss/location: 0.13627  ,  pro_loss: 0.14702  ,  IoU: 0.86833  ,  Loss/sim: 0.00000
[train: Epoch 7, 200 / 1875] FPS: 154.5 (498.9)  ,  DataTime: 0.146 (0.005)  ,  ForwardTime: 0.056  ,  TotalTime: 0.207  ,  Loss/total: 0.48622  ,  Loss/giou: 0.14033  ,  Loss/l1: 0.00831  ,  Loss/location: 0.13459  ,  pro_loss: 0.14714  ,  IoU: 0.86786  ,  Loss/sim: 0.00000
[train: Epoch 7, 250 / 1875] FPS: 158.3 (97.0)  ,  DataTime: 0.141 (0.005)  ,  ForwardTime: 0.056  ,  TotalTime: 0.202  ,  Loss/total: 0.48377  ,  Loss/giou: 0.14004  ,  Loss/l1: 0.00823  ,  Loss/location: 0.13330  ,  pro_loss: 0.14608  ,  IoU: 0.86803  ,  Loss/sim: 0.00000
[train: Epoch 7, 300 / 1875] FPS: 158.3 (48.8)  ,  DataTime: 0.141 (0.005)  ,  ForwardTime: 0.056  ,  TotalTime: 0.202  ,  Loss/total: 0.48114  ,  Loss/giou: 0.13924  ,  Loss/l1: 0.00821  ,  Loss/location: 0.13211  ,  pro_loss: 0.14743  ,  IoU: 0.86869  ,  Loss/sim: 0.00000
[train: Epoch 7, 350 / 1875] FPS: 159.6 (483.3)  ,  DataTime: 0.139 (0.005)  ,  ForwardTime: 0.056  ,  TotalTime: 0.201  ,  Loss/total: 0.48014  ,  Loss/giou: 0.13915  ,  Loss/l1: 0.00820  ,  Loss/location: 0.13121  ,  pro_loss: 0.14812  ,  IoU: 0.86873  ,  Loss/sim: 0.00000
[train: Epoch 7, 400 / 1875] FPS: 162.4 (468.6)  ,  DataTime: 0.136 (0.005)  ,  ForwardTime: 0.056  ,  TotalTime: 0.197  ,  Loss/total: 0.48080  ,  Loss/giou: 0.13956  ,  Loss/l1: 0.00823  ,  Loss/location: 0.13105  ,  pro_loss: 0.14737  ,  IoU: 0.86840  ,  Loss/sim: 0.00000
[train: Epoch 7, 450 / 1875] FPS: 163.5 (498.5)  ,  DataTime: 0.135 (0.005)  ,  ForwardTime: 0.056  ,  TotalTime: 0.196  ,  Loss/total: 0.48063  ,  Loss/giou: 0.13958  ,  Loss/l1: 0.00823  ,  Loss/location: 0.13075  ,  pro_loss: 0.14778  ,  IoU: 0.86843  ,  Loss/sim: 0.00000
[train: Epoch 7, 500 / 1875] FPS: 163.7 (498.5)  ,  DataTime: 0.134 (0.005)  ,  ForwardTime: 0.056  ,  TotalTime: 0.195  ,  Loss/total: 0.48075  ,  Loss/giou: 0.13953  ,  Loss/l1: 0.00821  ,  Loss/location: 0.13105  ,  pro_loss: 0.14792  ,  IoU: 0.86846  ,  Loss/sim: 0.00000
[train: Epoch 7, 550 / 1875] FPS: 166.5 (488.7)  ,  DataTime: 0.131 (0.005)  ,  ForwardTime: 0.056  ,  TotalTime: 0.192  ,  Loss/total: 0.48214  ,  Loss/giou: 0.13995  ,  Loss/l1: 0.00825  ,  Loss/location: 0.13142  ,  pro_loss: 0.14782  ,  IoU: 0.86811  ,  Loss/sim: 0.00000
[train: Epoch 7, 600 / 1875] FPS: 166.8 (504.9)  ,  DataTime: 0.131 (0.005)  ,  ForwardTime: 0.056  ,  TotalTime: 0.192  ,  Loss/total: 0.48003  ,  Loss/giou: 0.13951  ,  Loss/l1: 0.00821  ,  Loss/location: 0.13055  ,  pro_loss: 0.14712  ,  IoU: 0.86839  ,  Loss/sim: 0.00000
[train: Epoch 7, 650 / 1875] FPS: 164.5 (507.9)  ,  DataTime: 0.134 (0.005)  ,  ForwardTime: 0.056  ,  TotalTime: 0.195  ,  Loss/total: 0.48122  ,  Loss/giou: 0.13975  ,  Loss/l1: 0.00821  ,  Loss/location: 0.13111  ,  pro_loss: 0.14782  ,  IoU: 0.86816  ,  Loss/sim: 0.00000
[train: Epoch 7, 700 / 1875] FPS: 159.9 (512.1)  ,  DataTime: 0.139 (0.005)  ,  ForwardTime: 0.056  ,  TotalTime: 0.200  ,  Loss/total: 0.48207  ,  Loss/giou: 0.13995  ,  Loss/l1: 0.00824  ,  Loss/location: 0.13142  ,  pro_loss: 0.14772  ,  IoU: 0.86803  ,  Loss/sim: 0.00000
[train: Epoch 7, 750 / 1875] FPS: 158.6 (174.2)  ,  DataTime: 0.141 (0.005)  ,  ForwardTime: 0.056  ,  TotalTime: 0.202  ,  Loss/total: 0.48299  ,  Loss/giou: 0.14027  ,  Loss/l1: 0.00827  ,  Loss/location: 0.13168  ,  pro_loss: 0.14707  ,  IoU: 0.86777  ,  Loss/sim: 0.00000
[train: Epoch 7, 800 / 1875] FPS: 159.0 (503.9)  ,  DataTime: 0.140 (0.005)  ,  ForwardTime: 0.056  ,  TotalTime: 0.201  ,  Loss/total: 0.48362  ,  Loss/giou: 0.14062  ,  Loss/l1: 0.00830  ,  Loss/location: 0.13152  ,  pro_loss: 0.14686  ,  IoU: 0.86747  ,  Loss/sim: 0.00000
[train: Epoch 7, 850 / 1875] FPS: 157.9 (502.0)  ,  DataTime: 0.142 (0.005)  ,  ForwardTime: 0.056  ,  TotalTime: 0.203  ,  Loss/total: 0.48342  ,  Loss/giou: 0.14052  ,  Loss/l1: 0.00827  ,  Loss/location: 0.13164  ,  pro_loss: 0.14696  ,  IoU: 0.86754  ,  Loss/sim: 0.00000
[train: Epoch 7, 900 / 1875] FPS: 157.8 (504.2)  ,  DataTime: 0.142 (0.005)  ,  ForwardTime: 0.056  ,  TotalTime: 0.203  ,  Loss/total: 0.48335  ,  Loss/giou: 0.14050  ,  Loss/l1: 0.00828  ,  Loss/location: 0.13162  ,  pro_loss: 0.14667  ,  IoU: 0.86754  ,  Loss/sim: 0.00000
[train: Epoch 7, 950 / 1875] FPS: 158.4 (501.4)  ,  DataTime: 0.141 (0.005)  ,  ForwardTime: 0.056  ,  TotalTime: 0.202  ,  Loss/total: 0.48329  ,  Loss/giou: 0.14073  ,  Loss/l1: 0.00830  ,  Loss/location: 0.13098  ,  pro_loss: 0.14685  ,  IoU: 0.86739  ,  Loss/sim: 0.00000
[train: Epoch 7, 1000 / 1875] FPS: 158.2 (502.8)  ,  DataTime: 0.141 (0.005)  ,  ForwardTime: 0.056  ,  TotalTime: 0.202  ,  Loss/total: 0.48376  ,  Loss/giou: 0.14098  ,  Loss/l1: 0.00832  ,  Loss/location: 0.13091  ,  pro_loss: 0.14647  ,  IoU: 0.86722  ,  Loss/sim: 0.00000
[train: Epoch 7, 1050 / 1875] FPS: 159.2 (31.6)  ,  DataTime: 0.140 (0.005)  ,  ForwardTime: 0.056  ,  TotalTime: 0.201  ,  Loss/total: 0.48295  ,  Loss/giou: 0.14082  ,  Loss/l1: 0.00830  ,  Loss/location: 0.13061  ,  pro_loss: 0.14608  ,  IoU: 0.86734  ,  Loss/sim: 0.00000
[train: Epoch 7, 1100 / 1875] FPS: 160.2 (499.8)  ,  DataTime: 0.139 (0.005)  ,  ForwardTime: 0.056  ,  TotalTime: 0.200  ,  Loss/total: 0.48233  ,  Loss/giou: 0.14071  ,  Loss/l1: 0.00830  ,  Loss/location: 0.13023  ,  pro_loss: 0.14598  ,  IoU: 0.86742  ,  Loss/sim: 0.00000
[train: Epoch 7, 1150 / 1875] FPS: 161.2 (295.9)  ,  DataTime: 0.138 (0.005)  ,  ForwardTime: 0.056  ,  TotalTime: 0.199  ,  Loss/total: 0.48285  ,  Loss/giou: 0.14095  ,  Loss/l1: 0.00832  ,  Loss/location: 0.13023  ,  pro_loss: 0.14554  ,  IoU: 0.86722  ,  Loss/sim: 0.00000
[train: Epoch 7, 1200 / 1875] FPS: 160.6 (126.4)  ,  DataTime: 0.138 (0.005)  ,  ForwardTime: 0.056  ,  TotalTime: 0.199  ,  Loss/total: 0.48267  ,  Loss/giou: 0.14098  ,  Loss/l1: 0.00832  ,  Loss/location: 0.13001  ,  pro_loss: 0.14562  ,  IoU: 0.86719  ,  Loss/sim: 0.00000
[train: Epoch 7, 1250 / 1875] FPS: 160.6 (506.1)  ,  DataTime: 0.138 (0.005)  ,  ForwardTime: 0.056  ,  TotalTime: 0.199  ,  Loss/total: 0.48241  ,  Loss/giou: 0.14105  ,  Loss/l1: 0.00832  ,  Loss/location: 0.12957  ,  pro_loss: 0.14565  ,  IoU: 0.86711  ,  Loss/sim: 0.00000
[train: Epoch 7, 1300 / 1875] FPS: 160.7 (500.9)  ,  DataTime: 0.138 (0.005)  ,  ForwardTime: 0.056  ,  TotalTime: 0.199  ,  Loss/total: 0.48164  ,  Loss/giou: 0.14086  ,  Loss/l1: 0.00830  ,  Loss/location: 0.12923  ,  pro_loss: 0.14591  ,  IoU: 0.86726  ,  Loss/sim: 0.00000
[train: Epoch 7, 1350 / 1875] FPS: 161.9 (507.3)  ,  DataTime: 0.137 (0.005)  ,  ForwardTime: 0.056  ,  TotalTime: 0.198  ,  Loss/total: 0.48220  ,  Loss/giou: 0.14106  ,  Loss/l1: 0.00832  ,  Loss/location: 0.12932  ,  pro_loss: 0.14594  ,  IoU: 0.86709  ,  Loss/sim: 0.00000
[train: Epoch 7, 1400 / 1875] FPS: 161.3 (81.2)  ,  DataTime: 0.137 (0.005)  ,  ForwardTime: 0.056  ,  TotalTime: 0.198  ,  Loss/total: 0.48207  ,  Loss/giou: 0.14097  ,  Loss/l1: 0.00831  ,  Loss/location: 0.12942  ,  pro_loss: 0.14579  ,  IoU: 0.86717  ,  Loss/sim: 0.00000
[train: Epoch 7, 1450 / 1875] FPS: 161.8 (502.8)  ,  DataTime: 0.137 (0.005)  ,  ForwardTime: 0.056  ,  TotalTime: 0.198  ,  Loss/total: 0.48210  ,  Loss/giou: 0.14098  ,  Loss/l1: 0.00831  ,  Loss/location: 0.12947  ,  pro_loss: 0.14566  ,  IoU: 0.86716  ,  Loss/sim: 0.00000
[train: Epoch 7, 1500 / 1875] FPS: 163.5 (502.9)  ,  DataTime: 0.135 (0.005)  ,  ForwardTime: 0.056  ,  TotalTime: 0.196  ,  Loss/total: 0.48152  ,  Loss/giou: 0.14087  ,  Loss/l1: 0.00829  ,  Loss/location: 0.12917  ,  pro_loss: 0.14575  ,  IoU: 0.86725  ,  Loss/sim: 0.00000
[train: Epoch 7, 1550 / 1875] FPS: 164.9 (502.1)  ,  DataTime: 0.133 (0.005)  ,  ForwardTime: 0.056  ,  TotalTime: 0.194  ,  Loss/total: 0.48109  ,  Loss/giou: 0.14086  ,  Loss/l1: 0.00829  ,  Loss/location: 0.12883  ,  pro_loss: 0.14558  ,  IoU: 0.86726  ,  Loss/sim: 0.00000
[train: Epoch 7, 1600 / 1875] FPS: 166.5 (497.8)  ,  DataTime: 0.131 (0.005)  ,  ForwardTime: 0.056  ,  TotalTime: 0.192  ,  Loss/total: 0.48109  ,  Loss/giou: 0.14083  ,  Loss/l1: 0.00829  ,  Loss/location: 0.12891  ,  pro_loss: 0.14539  ,  IoU: 0.86727  ,  Loss/sim: 0.00000
[train: Epoch 7, 1650 / 1875] FPS: 168.1 (494.2)  ,  DataTime: 0.129 (0.005)  ,  ForwardTime: 0.056  ,  TotalTime: 0.190  ,  Loss/total: 0.48125  ,  Loss/giou: 0.14091  ,  Loss/l1: 0.00830  ,  Loss/location: 0.12888  ,  pro_loss: 0.14520  ,  IoU: 0.86722  ,  Loss/sim: 0.00000
[train: Epoch 7, 1700 / 1875] FPS: 169.4 (160.8)  ,  DataTime: 0.128 (0.005)  ,  ForwardTime: 0.056  ,  TotalTime: 0.189  ,  Loss/total: 0.48163  ,  Loss/giou: 0.14108  ,  Loss/l1: 0.00833  ,  Loss/location: 0.12877  ,  pro_loss: 0.14533  ,  IoU: 0.86711  ,  Loss/sim: 0.00000
[train: Epoch 7, 1750 / 1875] FPS: 170.5 (494.3)  ,  DataTime: 0.127 (0.005)  ,  ForwardTime: 0.056  ,  TotalTime: 0.188  ,  Loss/total: 0.48170  ,  Loss/giou: 0.14120  ,  Loss/l1: 0.00833  ,  Loss/location: 0.12856  ,  pro_loss: 0.14535  ,  IoU: 0.86703  ,  Loss/sim: 0.00000
[train: Epoch 7, 1800 / 1875] FPS: 172.3 (507.7)  ,  DataTime: 0.125 (0.005)  ,  ForwardTime: 0.056  ,  TotalTime: 0.186  ,  Loss/total: 0.48174  ,  Loss/giou: 0.14117  ,  Loss/l1: 0.00833  ,  Loss/location: 0.12867  ,  pro_loss: 0.14540  ,  IoU: 0.86704  ,  Loss/sim: 0.00000
[train: Epoch 7, 1850 / 1875] FPS: 173.6 (506.1)  ,  DataTime: 0.123 (0.005)  ,  ForwardTime: 0.056  ,  TotalTime: 0.184  ,  Loss/total: 0.48158  ,  Loss/giou: 0.14122  ,  Loss/l1: 0.00833  ,  Loss/location: 0.12845  ,  pro_loss: 0.14532  ,  IoU: 0.86699  ,  Loss/sim: 0.00000
[train: Epoch 7, 1875 / 1875] FPS: 174.5 (516.6)  ,  DataTime: 0.122 (0.005)  ,  ForwardTime: 0.056  ,  TotalTime: 0.183  ,  Loss/total: 0.48146  ,  Loss/giou: 0.14123  ,  Loss/l1: 0.00832  ,  Loss/location: 0.12831  ,  pro_loss: 0.14544  ,  IoU: 0.86698  ,  Loss/sim: 0.00000
[train: Epoch 8, 50 / 1875] FPS: 197.8 (502.1)  ,  DataTime: 0.099 (0.005)  ,  ForwardTime: 0.057  ,  TotalTime: 0.162  ,  Loss/total: 0.48934  ,  Loss/giou: 0.14369  ,  Loss/l1: 0.00883  ,  Loss/location: 0.12867  ,  pro_loss: 0.14563  ,  IoU: 0.86536  ,  Loss/sim: 0.00000
[train: Epoch 8, 100 / 1875] FPS: 225.0 (503.6)  ,  DataTime: 0.080 (0.005)  ,  ForwardTime: 0.057  ,  TotalTime: 0.142  ,  Loss/total: 0.48275  ,  Loss/giou: 0.14272  ,  Loss/l1: 0.00843  ,  Loss/location: 0.12619  ,  pro_loss: 0.14479  ,  IoU: 0.86578  ,  Loss/sim: 0.00000
[train: Epoch 8, 150 / 1875] FPS: 224.2 (495.7)  ,  DataTime: 0.081 (0.005)  ,  ForwardTime: 0.057  ,  TotalTime: 0.143  ,  Loss/total: 0.47195  ,  Loss/giou: 0.13993  ,  Loss/l1: 0.00829  ,  Loss/location: 0.12180  ,  pro_loss: 0.14410  ,  IoU: 0.86812  ,  Loss/sim: 0.00000
[train: Epoch 8, 200 / 1875] FPS: 238.5 (482.8)  ,  DataTime: 0.072 (0.005)  ,  ForwardTime: 0.057  ,  TotalTime: 0.134  ,  Loss/total: 0.47448  ,  Loss/giou: 0.14045  ,  Loss/l1: 0.00830  ,  Loss/location: 0.12373  ,  pro_loss: 0.14182  ,  IoU: 0.86779  ,  Loss/sim: 0.00000
[train: Epoch 8, 250 / 1875] FPS: 240.8 (495.0)  ,  DataTime: 0.071 (0.005)  ,  ForwardTime: 0.057  ,  TotalTime: 0.133  ,  Loss/total: 0.47665  ,  Loss/giou: 0.14080  ,  Loss/l1: 0.00824  ,  Loss/location: 0.12548  ,  pro_loss: 0.14188  ,  IoU: 0.86733  ,  Loss/sim: 0.00000
[train: Epoch 8, 300 / 1875] FPS: 242.7 (498.2)  ,  DataTime: 0.070 (0.005)  ,  ForwardTime: 0.057  ,  TotalTime: 0.132  ,  Loss/total: 0.47569  ,  Loss/giou: 0.14021  ,  Loss/l1: 0.00822  ,  Loss/location: 0.12567  ,  pro_loss: 0.14253  ,  IoU: 0.86778  ,  Loss/sim: 0.00000
[train: Epoch 8, 350 / 1875] FPS: 244.5 (504.3)  ,  DataTime: 0.069 (0.005)  ,  ForwardTime: 0.057  ,  TotalTime: 0.131  ,  Loss/total: 0.47530  ,  Loss/giou: 0.13993  ,  Loss/l1: 0.00819  ,  Loss/location: 0.12605  ,  pro_loss: 0.14220  ,  IoU: 0.86799  ,  Loss/sim: 0.00000
[train: Epoch 8, 400 / 1875] FPS: 248.9 (473.6)  ,  DataTime: 0.067 (0.005)  ,  ForwardTime: 0.057  ,  TotalTime: 0.129  ,  Loss/total: 0.47742  ,  Loss/giou: 0.14063  ,  Loss/l1: 0.00824  ,  Loss/location: 0.12660  ,  pro_loss: 0.14185  ,  IoU: 0.86736  ,  Loss/sim: 0.00000
[train: Epoch 8, 450 / 1875] FPS: 250.9 (178.6)  ,  DataTime: 0.066 (0.005)  ,  ForwardTime: 0.057  ,  TotalTime: 0.128  ,  Loss/total: 0.47887  ,  Loss/giou: 0.14086  ,  Loss/l1: 0.00823  ,  Loss/location: 0.12751  ,  pro_loss: 0.14245  ,  IoU: 0.86715  ,  Loss/sim: 0.00000
[train: Epoch 8, 500 / 1875] FPS: 250.4 (491.6)  ,  DataTime: 0.066 (0.005)  ,  ForwardTime: 0.057  ,  TotalTime: 0.128  ,  Loss/total: 0.47854  ,  Loss/giou: 0.14076  ,  Loss/l1: 0.00822  ,  Loss/location: 0.12739  ,  pro_loss: 0.14258  ,  IoU: 0.86721  ,  Loss/sim: 0.00000
[train: Epoch 8, 550 / 1875] FPS: 252.1 (503.1)  ,  DataTime: 0.065 (0.005)  ,  ForwardTime: 0.057  ,  TotalTime: 0.127  ,  Loss/total: 0.47961  ,  Loss/giou: 0.14095  ,  Loss/l1: 0.00825  ,  Loss/location: 0.12784  ,  pro_loss: 0.14314  ,  IoU: 0.86703  ,  Loss/sim: 0.00000
[train: Epoch 8, 600 / 1875] FPS: 253.2 (498.4)  ,  DataTime: 0.064 (0.005)  ,  ForwardTime: 0.057  ,  TotalTime: 0.126  ,  Loss/total: 0.48077  ,  Loss/giou: 0.14135  ,  Loss/l1: 0.00827  ,  Loss/location: 0.12808  ,  pro_loss: 0.14318  ,  IoU: 0.86673  ,  Loss/sim: 0.00000
[train: Epoch 8, 650 / 1875] FPS: 255.5 (491.1)  ,  DataTime: 0.063 (0.005)  ,  ForwardTime: 0.057  ,  TotalTime: 0.125  ,  Loss/total: 0.48066  ,  Loss/giou: 0.14141  ,  Loss/l1: 0.00826  ,  Loss/location: 0.12789  ,  pro_loss: 0.14314  ,  IoU: 0.86669  ,  Loss/sim: 0.00000
[train: Epoch 8, 700 / 1875] FPS: 257.5 (496.4)  ,  DataTime: 0.062 (0.005)  ,  ForwardTime: 0.057  ,  TotalTime: 0.124  ,  Loss/total: 0.47997  ,  Loss/giou: 0.14114  ,  Loss/l1: 0.00827  ,  Loss/location: 0.12763  ,  pro_loss: 0.14342  ,  IoU: 0.86696  ,  Loss/sim: 0.00000
[train: Epoch 8, 750 / 1875] FPS: 259.1 (496.3)  ,  DataTime: 0.061 (0.005)  ,  ForwardTime: 0.057  ,  TotalTime: 0.124  ,  Loss/total: 0.47846  ,  Loss/giou: 0.14091  ,  Loss/l1: 0.00826  ,  Loss/location: 0.12670  ,  pro_loss: 0.14307  ,  IoU: 0.86718  ,  Loss/sim: 0.00000
[train: Epoch 8, 800 / 1875] FPS: 258.0 (490.3)  ,  DataTime: 0.062 (0.005)  ,  ForwardTime: 0.057  ,  TotalTime: 0.124  ,  Loss/total: 0.47682  ,  Loss/giou: 0.14039  ,  Loss/l1: 0.00822  ,  Loss/location: 0.12631  ,  pro_loss: 0.14302  ,  IoU: 0.86756  ,  Loss/sim: 0.00000
[train: Epoch 8, 850 / 1875] FPS: 262.0 (146.4)  ,  DataTime: 0.060 (0.005)  ,  ForwardTime: 0.057  ,  TotalTime: 0.122  ,  Loss/total: 0.47642  ,  Loss/giou: 0.14036  ,  Loss/l1: 0.00821  ,  Loss/location: 0.12595  ,  pro_loss: 0.14344  ,  IoU: 0.86758  ,  Loss/sim: 0.00000
[train: Epoch 8, 900 / 1875] FPS: 263.0 (498.8)  ,  DataTime: 0.060 (0.005)  ,  ForwardTime: 0.057  ,  TotalTime: 0.122  ,  Loss/total: 0.47645  ,  Loss/giou: 0.14033  ,  Loss/l1: 0.00820  ,  Loss/location: 0.12612  ,  pro_loss: 0.14333  ,  IoU: 0.86758  ,  Loss/sim: 0.00000
[train: Epoch 8, 950 / 1875] FPS: 264.0 (496.0)  ,  DataTime: 0.059 (0.005)  ,  ForwardTime: 0.057  ,  TotalTime: 0.121  ,  Loss/total: 0.47532  ,  Loss/giou: 0.14006  ,  Loss/l1: 0.00817  ,  Loss/location: 0.12564  ,  pro_loss: 0.14353  ,  IoU: 0.86779  ,  Loss/sim: 0.00000
[train: Epoch 8, 1000 / 1875] FPS: 264.1 (495.1)  ,  DataTime: 0.059 (0.005)  ,  ForwardTime: 0.057  ,  TotalTime: 0.121  ,  Loss/total: 0.47574  ,  Loss/giou: 0.14002  ,  Loss/l1: 0.00819  ,  Loss/location: 0.12612  ,  pro_loss: 0.14324  ,  IoU: 0.86786  ,  Loss/sim: 0.00000
[train: Epoch 8, 1050 / 1875] FPS: 265.5 (138.9)  ,  DataTime: 0.058 (0.005)  ,  ForwardTime: 0.057  ,  TotalTime: 0.121  ,  Loss/total: 0.47470  ,  Loss/giou: 0.13971  ,  Loss/l1: 0.00817  ,  Loss/location: 0.12577  ,  pro_loss: 0.14337  ,  IoU: 0.86812  ,  Loss/sim: 0.00000
[train: Epoch 8, 1100 / 1875] FPS: 268.3 (502.1)  ,  DataTime: 0.057 (0.005)  ,  ForwardTime: 0.057  ,  TotalTime: 0.119  ,  Loss/total: 0.47553  ,  Loss/giou: 0.13998  ,  Loss/l1: 0.00819  ,  Loss/location: 0.12589  ,  pro_loss: 0.14378  ,  IoU: 0.86793  ,  Loss/sim: 0.00000
[train: Epoch 8, 1150 / 1875] FPS: 268.6 (59.1)  ,  DataTime: 0.057 (0.005)  ,  ForwardTime: 0.057  ,  TotalTime: 0.119  ,  Loss/total: 0.47593  ,  Loss/giou: 0.14005  ,  Loss/l1: 0.00820  ,  Loss/location: 0.12602  ,  pro_loss: 0.14414  ,  IoU: 0.86792  ,  Loss/sim: 0.00000
[train: Epoch 8, 1200 / 1875] FPS: 269.5 (489.3)  ,  DataTime: 0.057 (0.005)  ,  ForwardTime: 0.057  ,  TotalTime: 0.119  ,  Loss/total: 0.47642  ,  Loss/giou: 0.14014  ,  Loss/l1: 0.00821  ,  Loss/location: 0.12624  ,  pro_loss: 0.14426  ,  IoU: 0.86786  ,  Loss/sim: 0.00000
[train: Epoch 8, 1250 / 1875] FPS: 271.2 (477.2)  ,  DataTime: 0.056 (0.005)  ,  ForwardTime: 0.057  ,  TotalTime: 0.118  ,  Loss/total: 0.47588  ,  Loss/giou: 0.13994  ,  Loss/l1: 0.00819  ,  Loss/location: 0.12623  ,  pro_loss: 0.14410  ,  IoU: 0.86800  ,  Loss/sim: 0.00000
[train: Epoch 8, 1300 / 1875] FPS: 272.1 (500.2)  ,  DataTime: 0.055 (0.005)  ,  ForwardTime: 0.057  ,  TotalTime: 0.118  ,  Loss/total: 0.47572  ,  Loss/giou: 0.13987  ,  Loss/l1: 0.00818  ,  Loss/location: 0.12625  ,  pro_loss: 0.14418  ,  IoU: 0.86806  ,  Loss/sim: 0.00000
[train: Epoch 8, 1350 / 1875] FPS: 273.5 (455.4)  ,  DataTime: 0.055 (0.005)  ,  ForwardTime: 0.057  ,  TotalTime: 0.117  ,  Loss/total: 0.47540  ,  Loss/giou: 0.13984  ,  Loss/l1: 0.00818  ,  Loss/location: 0.12604  ,  pro_loss: 0.14403  ,  IoU: 0.86808  ,  Loss/sim: 0.00000
[train: Epoch 8, 1400 / 1875] FPS: 274.6 (475.4)  ,  DataTime: 0.054 (0.005)  ,  ForwardTime: 0.057  ,  TotalTime: 0.117  ,  Loss/total: 0.47571  ,  Loss/giou: 0.13980  ,  Loss/l1: 0.00817  ,  Loss/location: 0.12644  ,  pro_loss: 0.14408  ,  IoU: 0.86810  ,  Loss/sim: 0.00000
[train: Epoch 8, 1450 / 1875] FPS: 275.6 (95.3)  ,  DataTime: 0.054 (0.005)  ,  ForwardTime: 0.057  ,  TotalTime: 0.116  ,  Loss/total: 0.47593  ,  Loss/giou: 0.13977  ,  Loss/l1: 0.00817  ,  Loss/location: 0.12671  ,  pro_loss: 0.14409  ,  IoU: 0.86812  ,  Loss/sim: 0.00000
[train: Epoch 8, 1500 / 1875] FPS: 277.8 (497.5)  ,  DataTime: 0.053 (0.005)  ,  ForwardTime: 0.057  ,  TotalTime: 0.115  ,  Loss/total: 0.47614  ,  Loss/giou: 0.13981  ,  Loss/l1: 0.00817  ,  Loss/location: 0.12693  ,  pro_loss: 0.14374  ,  IoU: 0.86811  ,  Loss/sim: 0.00000
[train: Epoch 8, 1550 / 1875] FPS: 278.6 (499.7)  ,  DataTime: 0.053 (0.005)  ,  ForwardTime: 0.057  ,  TotalTime: 0.115  ,  Loss/total: 0.47590  ,  Loss/giou: 0.13980  ,  Loss/l1: 0.00816  ,  Loss/location: 0.12675  ,  pro_loss: 0.14368  ,  IoU: 0.86811  ,  Loss/sim: 0.00000
[train: Epoch 8, 1600 / 1875] FPS: 276.4 (491.8)  ,  DataTime: 0.054 (0.005)  ,  ForwardTime: 0.057  ,  TotalTime: 0.116  ,  Loss/total: 0.47610  ,  Loss/giou: 0.13980  ,  Loss/l1: 0.00816  ,  Loss/location: 0.12697  ,  pro_loss: 0.14365  ,  IoU: 0.86810  ,  Loss/sim: 0.00000
[train: Epoch 8, 1650 / 1875] FPS: 273.3 (62.2)  ,  DataTime: 0.055 (0.005)  ,  ForwardTime: 0.057  ,  TotalTime: 0.117  ,  Loss/total: 0.47626  ,  Loss/giou: 0.13979  ,  Loss/l1: 0.00816  ,  Loss/location: 0.12715  ,  pro_loss: 0.14364  ,  IoU: 0.86811  ,  Loss/sim: 0.00000
[train: Epoch 8, 1700 / 1875] FPS: 270.8 (498.8)  ,  DataTime: 0.056 (0.005)  ,  ForwardTime: 0.057  ,  TotalTime: 0.118  ,  Loss/total: 0.47608  ,  Loss/giou: 0.13967  ,  Loss/l1: 0.00816  ,  Loss/location: 0.12720  ,  pro_loss: 0.14382  ,  IoU: 0.86823  ,  Loss/sim: 0.00000
[train: Epoch 8, 1750 / 1875] FPS: 269.3 (485.8)  ,  DataTime: 0.057 (0.005)  ,  ForwardTime: 0.057  ,  TotalTime: 0.119  ,  Loss/total: 0.47607  ,  Loss/giou: 0.13972  ,  Loss/l1: 0.00816  ,  Loss/location: 0.12704  ,  pro_loss: 0.14392  ,  IoU: 0.86819  ,  Loss/sim: 0.00000
[train: Epoch 8, 1800 / 1875] FPS: 268.0 (71.0)  ,  DataTime: 0.057 (0.005)  ,  ForwardTime: 0.057  ,  TotalTime: 0.119  ,  Loss/total: 0.47584  ,  Loss/giou: 0.13966  ,  Loss/l1: 0.00815  ,  Loss/location: 0.12689  ,  pro_loss: 0.14422  ,  IoU: 0.86822  ,  Loss/sim: 0.00000
[train: Epoch 8, 1850 / 1875] FPS: 266.1 (494.4)  ,  DataTime: 0.058 (0.005)  ,  ForwardTime: 0.057  ,  TotalTime: 0.120  ,  Loss/total: 0.47596  ,  Loss/giou: 0.13966  ,  Loss/l1: 0.00815  ,  Loss/location: 0.12702  ,  pro_loss: 0.14430  ,  IoU: 0.86821  ,  Loss/sim: 0.00000
[train: Epoch 8, 1875 / 1875] FPS: 266.9 (506.3)  ,  DataTime: 0.058 (0.005)  ,  ForwardTime: 0.057  ,  TotalTime: 0.120  ,  Loss/total: 0.47609  ,  Loss/giou: 0.13970  ,  Loss/l1: 0.00815  ,  Loss/location: 0.12708  ,  pro_loss: 0.14433  ,  IoU: 0.86817  ,  Loss/sim: 0.00000
[train: Epoch 9, 50 / 1875] FPS: 189.9 (74.9)  ,  DataTime: 0.106 (0.005)  ,  ForwardTime: 0.057  ,  TotalTime: 0.169  ,  Loss/total: 0.46549  ,  Loss/giou: 0.13796  ,  Loss/l1: 0.00787  ,  Loss/location: 0.12147  ,  pro_loss: 0.14375  ,  IoU: 0.86894  ,  Loss/sim: 0.00000
[train: Epoch 9, 100 / 1875] FPS: 213.6 (502.9)  ,  DataTime: 0.088 (0.005)  ,  ForwardTime: 0.057  ,  TotalTime: 0.150  ,  Loss/total: 0.47189  ,  Loss/giou: 0.13931  ,  Loss/l1: 0.00794  ,  Loss/location: 0.12396  ,  pro_loss: 0.14802  ,  IoU: 0.86828  ,  Loss/sim: 0.00000
[train: Epoch 9, 150 / 1875] FPS: 236.7 (475.7)  ,  DataTime: 0.073 (0.005)  ,  ForwardTime: 0.057  ,  TotalTime: 0.135  ,  Loss/total: 0.46890  ,  Loss/giou: 0.13962  ,  Loss/l1: 0.00806  ,  Loss/location: 0.12022  ,  pro_loss: 0.14563  ,  IoU: 0.86810  ,  Loss/sim: 0.00000
[train: Epoch 9, 200 / 1875] FPS: 230.3 (29.0)  ,  DataTime: 0.077 (0.005)  ,  ForwardTime: 0.057  ,  TotalTime: 0.139  ,  Loss/total: 0.46869  ,  Loss/giou: 0.13914  ,  Loss/l1: 0.00800  ,  Loss/location: 0.12119  ,  pro_loss: 0.14594  ,  IoU: 0.86835  ,  Loss/sim: 0.00000
[train: Epoch 9, 250 / 1875] FPS: 234.2 (456.1)  ,  DataTime: 0.074 (0.005)  ,  ForwardTime: 0.057  ,  TotalTime: 0.137  ,  Loss/total: 0.47134  ,  Loss/giou: 0.13978  ,  Loss/l1: 0.00810  ,  Loss/location: 0.12189  ,  pro_loss: 0.14688  ,  IoU: 0.86801  ,  Loss/sim: 0.00000
[train: Epoch 9, 300 / 1875] FPS: 241.7 (53.0)  ,  DataTime: 0.070 (0.005)  ,  ForwardTime: 0.057  ,  TotalTime: 0.132  ,  Loss/total: 0.47364  ,  Loss/giou: 0.14041  ,  Loss/l1: 0.00819  ,  Loss/location: 0.12221  ,  pro_loss: 0.14834  ,  IoU: 0.86758  ,  Loss/sim: 0.00000
[train: Epoch 9, 350 / 1875] FPS: 245.9 (480.2)  ,  DataTime: 0.068 (0.005)  ,  ForwardTime: 0.057  ,  TotalTime: 0.130  ,  Loss/total: 0.47670  ,  Loss/giou: 0.14031  ,  Loss/l1: 0.00816  ,  Loss/location: 0.12552  ,  pro_loss: 0.14881  ,  IoU: 0.86759  ,  Loss/sim: 0.00000
[train: Epoch 9, 400 / 1875] FPS: 252.5 (488.6)  ,  DataTime: 0.064 (0.005)  ,  ForwardTime: 0.057  ,  TotalTime: 0.127  ,  Loss/total: 0.47498  ,  Loss/giou: 0.13982  ,  Loss/l1: 0.00811  ,  Loss/location: 0.12519  ,  pro_loss: 0.14813  ,  IoU: 0.86794  ,  Loss/sim: 0.00000
[train: Epoch 9, 450 / 1875] FPS: 254.8 (494.9)  ,  DataTime: 0.063 (0.005)  ,  ForwardTime: 0.057  ,  TotalTime: 0.126  ,  Loss/total: 0.47403  ,  Loss/giou: 0.13976  ,  Loss/l1: 0.00810  ,  Loss/location: 0.12442  ,  pro_loss: 0.14799  ,  IoU: 0.86798  ,  Loss/sim: 0.00000
[train: Epoch 9, 500 / 1875] FPS: 254.7 (489.8)  ,  DataTime: 0.063 (0.005)  ,  ForwardTime: 0.057  ,  TotalTime: 0.126  ,  Loss/total: 0.47508  ,  Loss/giou: 0.14020  ,  Loss/l1: 0.00813  ,  Loss/location: 0.12459  ,  pro_loss: 0.14727  ,  IoU: 0.86761  ,  Loss/sim: 0.00000
[train: Epoch 9, 550 / 1875] FPS: 258.2 (501.5)  ,  DataTime: 0.062 (0.005)  ,  ForwardTime: 0.057  ,  TotalTime: 0.124  ,  Loss/total: 0.47592  ,  Loss/giou: 0.14040  ,  Loss/l1: 0.00813  ,  Loss/location: 0.12514  ,  pro_loss: 0.14667  ,  IoU: 0.86748  ,  Loss/sim: 0.00000
[train: Epoch 9, 600 / 1875] FPS: 261.4 (492.5)  ,  DataTime: 0.060 (0.005)  ,  ForwardTime: 0.057  ,  TotalTime: 0.122  ,  Loss/total: 0.47685  ,  Loss/giou: 0.14069  ,  Loss/l1: 0.00817  ,  Loss/location: 0.12523  ,  pro_loss: 0.14689  ,  IoU: 0.86730  ,  Loss/sim: 0.00000
[train: Epoch 9, 650 / 1875] FPS: 260.9 (498.9)  ,  DataTime: 0.060 (0.005)  ,  ForwardTime: 0.057  ,  TotalTime: 0.123  ,  Loss/total: 0.47503  ,  Loss/giou: 0.14044  ,  Loss/l1: 0.00815  ,  Loss/location: 0.12413  ,  pro_loss: 0.14635  ,  IoU: 0.86748  ,  Loss/sim: 0.00000
[train: Epoch 9, 700 / 1875] FPS: 263.4 (167.8)  ,  DataTime: 0.059 (0.005)  ,  ForwardTime: 0.057  ,  TotalTime: 0.121  ,  Loss/total: 0.47490  ,  Loss/giou: 0.14031  ,  Loss/l1: 0.00813  ,  Loss/location: 0.12434  ,  pro_loss: 0.14636  ,  IoU: 0.86756  ,  Loss/sim: 0.00000
[train: Epoch 9, 750 / 1875] FPS: 266.0 (385.3)  ,  DataTime: 0.058 (0.005)  ,  ForwardTime: 0.057  ,  TotalTime: 0.120  ,  Loss/total: 0.47588  ,  Loss/giou: 0.14039  ,  Loss/l1: 0.00814  ,  Loss/location: 0.12517  ,  pro_loss: 0.14611  ,  IoU: 0.86746  ,  Loss/sim: 0.00000
[train: Epoch 9, 800 / 1875] FPS: 265.4 (495.9)  ,  DataTime: 0.058 (0.005)  ,  ForwardTime: 0.057  ,  TotalTime: 0.121  ,  Loss/total: 0.47630  ,  Loss/giou: 0.14041  ,  Loss/l1: 0.00814  ,  Loss/location: 0.12551  ,  pro_loss: 0.14630  ,  IoU: 0.86747  ,  Loss/sim: 0.00000
[train: Epoch 9, 850 / 1875] FPS: 268.6 (500.0)  ,  DataTime: 0.057 (0.005)  ,  ForwardTime: 0.057  ,  TotalTime: 0.119  ,  Loss/total: 0.47724  ,  Loss/giou: 0.14059  ,  Loss/l1: 0.00816  ,  Loss/location: 0.12611  ,  pro_loss: 0.14588  ,  IoU: 0.86736  ,  Loss/sim: 0.00000
[train: Epoch 9, 900 / 1875] FPS: 271.1 (456.9)  ,  DataTime: 0.056 (0.005)  ,  ForwardTime: 0.057  ,  TotalTime: 0.118  ,  Loss/total: 0.47715  ,  Loss/giou: 0.14079  ,  Loss/l1: 0.00817  ,  Loss/location: 0.12555  ,  pro_loss: 0.14581  ,  IoU: 0.86718  ,  Loss/sim: 0.00000
[train: Epoch 9, 950 / 1875] FPS: 273.8 (466.3)  ,  DataTime: 0.055 (0.005)  ,  ForwardTime: 0.057  ,  TotalTime: 0.117  ,  Loss/total: 0.47708  ,  Loss/giou: 0.14072  ,  Loss/l1: 0.00817  ,  Loss/location: 0.12559  ,  pro_loss: 0.14591  ,  IoU: 0.86726  ,  Loss/sim: 0.00000
[train: Epoch 9, 1000 / 1875] FPS: 276.2 (436.7)  ,  DataTime: 0.053 (0.005)  ,  ForwardTime: 0.057  ,  TotalTime: 0.116  ,  Loss/total: 0.47599  ,  Loss/giou: 0.14035  ,  Loss/l1: 0.00814  ,  Loss/location: 0.12548  ,  pro_loss: 0.14568  ,  IoU: 0.86757  ,  Loss/sim: 0.00000
[train: Epoch 9, 1050 / 1875] FPS: 277.4 (491.9)  ,  DataTime: 0.053 (0.005)  ,  ForwardTime: 0.057  ,  TotalTime: 0.115  ,  Loss/total: 0.47543  ,  Loss/giou: 0.14008  ,  Loss/l1: 0.00812  ,  Loss/location: 0.12557  ,  pro_loss: 0.14550  ,  IoU: 0.86784  ,  Loss/sim: 0.00000
[train: Epoch 9, 1100 / 1875] FPS: 279.3 (470.9)  ,  DataTime: 0.052 (0.005)  ,  ForwardTime: 0.057  ,  TotalTime: 0.115  ,  Loss/total: 0.47621  ,  Loss/giou: 0.14019  ,  Loss/l1: 0.00814  ,  Loss/location: 0.12608  ,  pro_loss: 0.14530  ,  IoU: 0.86779  ,  Loss/sim: 0.00000
[train: Epoch 9, 1150 / 1875] FPS: 282.2 (487.6)  ,  DataTime: 0.051 (0.005)  ,  ForwardTime: 0.057  ,  TotalTime: 0.113  ,  Loss/total: 0.47796  ,  Loss/giou: 0.14073  ,  Loss/l1: 0.00820  ,  Loss/location: 0.12648  ,  pro_loss: 0.14513  ,  IoU: 0.86738  ,  Loss/sim: 0.00000
[train: Epoch 9, 1200 / 1875] FPS: 282.4 (501.8)  ,  DataTime: 0.051 (0.005)  ,  ForwardTime: 0.057  ,  TotalTime: 0.113  ,  Loss/total: 0.47806  ,  Loss/giou: 0.14075  ,  Loss/l1: 0.00819  ,  Loss/location: 0.12663  ,  pro_loss: 0.14485  ,  IoU: 0.86733  ,  Loss/sim: 0.00000
[train: Epoch 9, 1250 / 1875] FPS: 283.2 (508.1)  ,  DataTime: 0.050 (0.005)  ,  ForwardTime: 0.057  ,  TotalTime: 0.113  ,  Loss/total: 0.47789  ,  Loss/giou: 0.14064  ,  Loss/l1: 0.00819  ,  Loss/location: 0.12668  ,  pro_loss: 0.14496  ,  IoU: 0.86742  ,  Loss/sim: 0.00000
[train: Epoch 9, 1300 / 1875] FPS: 283.9 (492.8)  ,  DataTime: 0.050 (0.005)  ,  ForwardTime: 0.057  ,  TotalTime: 0.113  ,  Loss/total: 0.47744  ,  Loss/giou: 0.14053  ,  Loss/l1: 0.00818  ,  Loss/location: 0.12648  ,  pro_loss: 0.14500  ,  IoU: 0.86749  ,  Loss/sim: 0.00000
[train: Epoch 9, 1350 / 1875] FPS: 286.7 (452.3)  ,  DataTime: 0.049 (0.005)  ,  ForwardTime: 0.057  ,  TotalTime: 0.112  ,  Loss/total: 0.47716  ,  Loss/giou: 0.14049  ,  Loss/l1: 0.00817  ,  Loss/location: 0.12632  ,  pro_loss: 0.14499  ,  IoU: 0.86752  ,  Loss/sim: 0.00000
[train: Epoch 9, 1400 / 1875] FPS: 287.5 (470.6)  ,  DataTime: 0.049 (0.005)  ,  ForwardTime: 0.057  ,  TotalTime: 0.111  ,  Loss/total: 0.47712  ,  Loss/giou: 0.14050  ,  Loss/l1: 0.00818  ,  Loss/location: 0.12629  ,  pro_loss: 0.14468  ,  IoU: 0.86750  ,  Loss/sim: 0.00000
[train: Epoch 9, 1450 / 1875] FPS: 289.0 (470.3)  ,  DataTime: 0.048 (0.005)  ,  ForwardTime: 0.057  ,  TotalTime: 0.111  ,  Loss/total: 0.47705  ,  Loss/giou: 0.14047  ,  Loss/l1: 0.00817  ,  Loss/location: 0.12635  ,  pro_loss: 0.14453  ,  IoU: 0.86754  ,  Loss/sim: 0.00000
[train: Epoch 9, 1500 / 1875] FPS: 290.7 (136.1)  ,  DataTime: 0.047 (0.005)  ,  ForwardTime: 0.057  ,  TotalTime: 0.110  ,  Loss/total: 0.47660  ,  Loss/giou: 0.14039  ,  Loss/l1: 0.00817  ,  Loss/location: 0.12609  ,  pro_loss: 0.14450  ,  IoU: 0.86760  ,  Loss/sim: 0.00000
[train: Epoch 9, 1550 / 1875] FPS: 292.4 (475.9)  ,  DataTime: 0.047 (0.005)  ,  ForwardTime: 0.057  ,  TotalTime: 0.109  ,  Loss/total: 0.47641  ,  Loss/giou: 0.14027  ,  Loss/l1: 0.00816  ,  Loss/location: 0.12616  ,  pro_loss: 0.14452  ,  IoU: 0.86771  ,  Loss/sim: 0.00000
[train: Epoch 9, 1600 / 1875] FPS: 294.5 (488.3)  ,  DataTime: 0.046 (0.005)  ,  ForwardTime: 0.057  ,  TotalTime: 0.109  ,  Loss/total: 0.47630  ,  Loss/giou: 0.14016  ,  Loss/l1: 0.00817  ,  Loss/location: 0.12624  ,  pro_loss: 0.14451  ,  IoU: 0.86781  ,  Loss/sim: 0.00000
[train: Epoch 9, 1650 / 1875] FPS: 295.0 (496.4)  ,  DataTime: 0.046 (0.005)  ,  ForwardTime: 0.057  ,  TotalTime: 0.108  ,  Loss/total: 0.47598  ,  Loss/giou: 0.14000  ,  Loss/l1: 0.00817  ,  Loss/location: 0.12625  ,  pro_loss: 0.14441  ,  IoU: 0.86794  ,  Loss/sim: 0.00000
[train: Epoch 9, 1700 / 1875] FPS: 297.3 (454.9)  ,  DataTime: 0.045 (0.005)  ,  ForwardTime: 0.057  ,  TotalTime: 0.108  ,  Loss/total: 0.47585  ,  Loss/giou: 0.13994  ,  Loss/l1: 0.00816  ,  Loss/location: 0.12628  ,  pro_loss: 0.14436  ,  IoU: 0.86799  ,  Loss/sim: 0.00000
[train: Epoch 9, 1750 / 1875] FPS: 299.4 (348.7)  ,  DataTime: 0.044 (0.005)  ,  ForwardTime: 0.058  ,  TotalTime: 0.107  ,  Loss/total: 0.47564  ,  Loss/giou: 0.13976  ,  Loss/l1: 0.00815  ,  Loss/location: 0.12649  ,  pro_loss: 0.14439  ,  IoU: 0.86814  ,  Loss/sim: 0.00000
[train: Epoch 9, 1800 / 1875] FPS: 300.2 (495.1)  ,  DataTime: 0.044 (0.005)  ,  ForwardTime: 0.058  ,  TotalTime: 0.107  ,  Loss/total: 0.47577  ,  Loss/giou: 0.13976  ,  Loss/l1: 0.00816  ,  Loss/location: 0.12655  ,  pro_loss: 0.14457  ,  IoU: 0.86815  ,  Loss/sim: 0.00000
[train: Epoch 9, 1850 / 1875] FPS: 302.0 (478.0)  ,  DataTime: 0.043 (0.005)  ,  ForwardTime: 0.058  ,  TotalTime: 0.106  ,  Loss/total: 0.47639  ,  Loss/giou: 0.13981  ,  Loss/l1: 0.00816  ,  Loss/location: 0.12702  ,  pro_loss: 0.14473  ,  IoU: 0.86812  ,  Loss/sim: 0.00000
[train: Epoch 9, 1875 / 1875] FPS: 303.4 (513.8)  ,  DataTime: 0.043 (0.005)  ,  ForwardTime: 0.058  ,  TotalTime: 0.105  ,  Loss/total: 0.47607  ,  Loss/giou: 0.13968  ,  Loss/l1: 0.00815  ,  Loss/location: 0.12705  ,  pro_loss: 0.14471  ,  IoU: 0.86823  ,  Loss/sim: 0.00000
[train: Epoch 10, 50 / 1875] FPS: 271.5 (458.4)  ,  DataTime: 0.055 (0.006)  ,  ForwardTime: 0.058  ,  TotalTime: 0.118  ,  Loss/total: 0.47896  ,  Loss/giou: 0.14066  ,  Loss/l1: 0.00860  ,  Loss/location: 0.12516  ,  pro_loss: 0.14729  ,  IoU: 0.86798  ,  Loss/sim: 0.00000
[train: Epoch 10, 100 / 1875] FPS: 295.3 (494.4)  ,  DataTime: 0.045 (0.006)  ,  ForwardTime: 0.058  ,  TotalTime: 0.108  ,  Loss/total: 0.47428  ,  Loss/giou: 0.14134  ,  Loss/l1: 0.00856  ,  Loss/location: 0.11955  ,  pro_loss: 0.14615  ,  IoU: 0.86716  ,  Loss/sim: 0.00000
[train: Epoch 10, 150 / 1875] FPS: 322.3 (448.3)  ,  DataTime: 0.035 (0.006)  ,  ForwardTime: 0.058  ,  TotalTime: 0.099  ,  Loss/total: 0.48089  ,  Loss/giou: 0.14175  ,  Loss/l1: 0.00849  ,  Loss/location: 0.12530  ,  pro_loss: 0.14826  ,  IoU: 0.86682  ,  Loss/sim: 0.00000
[train: Epoch 10, 200 / 1875] FPS: 340.8 (488.4)  ,  DataTime: 0.030 (0.006)  ,  ForwardTime: 0.058  ,  TotalTime: 0.094  ,  Loss/total: 0.48281  ,  Loss/giou: 0.14279  ,  Loss/l1: 0.00857  ,  Loss/location: 0.12477  ,  pro_loss: 0.14812  ,  IoU: 0.86609  ,  Loss/sim: 0.00000
[train: Epoch 10, 250 / 1875] FPS: 346.0 (464.2)  ,  DataTime: 0.029 (0.006)  ,  ForwardTime: 0.058  ,  TotalTime: 0.092  ,  Loss/total: 0.48325  ,  Loss/giou: 0.14216  ,  Loss/l1: 0.00854  ,  Loss/location: 0.12670  ,  pro_loss: 0.14762  ,  IoU: 0.86662  ,  Loss/sim: 0.00000
[train: Epoch 10, 300 / 1875] FPS: 355.2 (428.7)  ,  DataTime: 0.026 (0.006)  ,  ForwardTime: 0.058  ,  TotalTime: 0.090  ,  Loss/total: 0.48012  ,  Loss/giou: 0.14137  ,  Loss/l1: 0.00849  ,  Loss/location: 0.12507  ,  pro_loss: 0.14938  ,  IoU: 0.86730  ,  Loss/sim: 0.00000
[train: Epoch 10, 350 / 1875] FPS: 357.3 (476.2)  ,  DataTime: 0.025 (0.006)  ,  ForwardTime: 0.058  ,  TotalTime: 0.090  ,  Loss/total: 0.48083  ,  Loss/giou: 0.14132  ,  Loss/l1: 0.00845  ,  Loss/location: 0.12609  ,  pro_loss: 0.14932  ,  IoU: 0.86734  ,  Loss/sim: 0.00000
[train: Epoch 10, 400 / 1875] FPS: 359.5 (428.1)  ,  DataTime: 0.025 (0.006)  ,  ForwardTime: 0.058  ,  TotalTime: 0.089  ,  Loss/total: 0.47617  ,  Loss/giou: 0.14012  ,  Loss/l1: 0.00834  ,  Loss/location: 0.12431  ,  pro_loss: 0.14962  ,  IoU: 0.86832  ,  Loss/sim: 0.00000
[train: Epoch 10, 450 / 1875] FPS: 361.3 (429.1)  ,  DataTime: 0.024 (0.006)  ,  ForwardTime: 0.058  ,  TotalTime: 0.089  ,  Loss/total: 0.47671  ,  Loss/giou: 0.13984  ,  Loss/l1: 0.00828  ,  Loss/location: 0.12590  ,  pro_loss: 0.14857  ,  IoU: 0.86850  ,  Loss/sim: 0.00000
[train: Epoch 10, 500 / 1875] FPS: 362.9 (483.0)  ,  DataTime: 0.024 (0.006)  ,  ForwardTime: 0.058  ,  TotalTime: 0.088  ,  Loss/total: 0.47540  ,  Loss/giou: 0.13926  ,  Loss/l1: 0.00825  ,  Loss/location: 0.12582  ,  pro_loss: 0.14898  ,  IoU: 0.86895  ,  Loss/sim: 0.00000
[train: Epoch 10, 550 / 1875] FPS: 369.2 (503.0)  ,  DataTime: 0.022 (0.006)  ,  ForwardTime: 0.059  ,  TotalTime: 0.087  ,  Loss/total: 0.47514  ,  Loss/giou: 0.13931  ,  Loss/l1: 0.00825  ,  Loss/location: 0.12557  ,  pro_loss: 0.14853  ,  IoU: 0.86891  ,  Loss/sim: 0.00000
[train: Epoch 10, 600 / 1875] FPS: 370.1 (475.2)  ,  DataTime: 0.022 (0.006)  ,  ForwardTime: 0.059  ,  TotalTime: 0.086  ,  Loss/total: 0.47590  ,  Loss/giou: 0.13946  ,  Loss/l1: 0.00825  ,  Loss/location: 0.12594  ,  pro_loss: 0.14910  ,  IoU: 0.86875  ,  Loss/sim: 0.00000
[train: Epoch 10, 650 / 1875] FPS: 369.3 (423.1)  ,  DataTime: 0.022 (0.006)  ,  ForwardTime: 0.059  ,  TotalTime: 0.087  ,  Loss/total: 0.47637  ,  Loss/giou: 0.13961  ,  Loss/l1: 0.00828  ,  Loss/location: 0.12596  ,  pro_loss: 0.14903  ,  IoU: 0.86874  ,  Loss/sim: 0.00000
[train: Epoch 10, 700 / 1875] FPS: 373.6 (491.9)  ,  DataTime: 0.021 (0.006)  ,  ForwardTime: 0.059  ,  TotalTime: 0.086  ,  Loss/total: 0.47673  ,  Loss/giou: 0.13940  ,  Loss/l1: 0.00825  ,  Loss/location: 0.12685  ,  pro_loss: 0.14917  ,  IoU: 0.86886  ,  Loss/sim: 0.00000
[train: Epoch 10, 750 / 1875] FPS: 376.8 (433.4)  ,  DataTime: 0.020 (0.006)  ,  ForwardTime: 0.059  ,  TotalTime: 0.085  ,  Loss/total: 0.47675  ,  Loss/giou: 0.13937  ,  Loss/l1: 0.00823  ,  Loss/location: 0.12712  ,  pro_loss: 0.14861  ,  IoU: 0.86886  ,  Loss/sim: 0.00000
[train: Epoch 10, 800 / 1875] FPS: 376.1 (458.8)  ,  DataTime: 0.021 (0.006)  ,  ForwardTime: 0.059  ,  TotalTime: 0.085  ,  Loss/total: 0.47616  ,  Loss/giou: 0.13916  ,  Loss/l1: 0.00822  ,  Loss/location: 0.12707  ,  pro_loss: 0.14844  ,  IoU: 0.86902  ,  Loss/sim: 0.00000
[train: Epoch 10, 850 / 1875] FPS: 377.3 (497.1)  ,  DataTime: 0.020 (0.006)  ,  ForwardTime: 0.059  ,  TotalTime: 0.085  ,  Loss/total: 0.47686  ,  Loss/giou: 0.13947  ,  Loss/l1: 0.00822  ,  Loss/location: 0.12714  ,  pro_loss: 0.14833  ,  IoU: 0.86875  ,  Loss/sim: 0.00000
[train: Epoch 10, 900 / 1875] FPS: 376.2 (490.9)  ,  DataTime: 0.021 (0.006)  ,  ForwardTime: 0.059  ,  TotalTime: 0.085  ,  Loss/total: 0.47693  ,  Loss/giou: 0.13937  ,  Loss/l1: 0.00823  ,  Loss/location: 0.12740  ,  pro_loss: 0.14818  ,  IoU: 0.86881  ,  Loss/sim: 0.00000
[train: Epoch 10, 950 / 1875] FPS: 378.8 (464.0)  ,  DataTime: 0.020 (0.006)  ,  ForwardTime: 0.059  ,  TotalTime: 0.084  ,  Loss/total: 0.47797  ,  Loss/giou: 0.13958  ,  Loss/l1: 0.00827  ,  Loss/location: 0.12776  ,  pro_loss: 0.14859  ,  IoU: 0.86868  ,  Loss/sim: 0.00000
[train: Epoch 10, 1000 / 1875] FPS: 380.4 (440.0)  ,  DataTime: 0.020 (0.006)  ,  ForwardTime: 0.059  ,  TotalTime: 0.084  ,  Loss/total: 0.47784  ,  Loss/giou: 0.13957  ,  Loss/l1: 0.00826  ,  Loss/location: 0.12769  ,  pro_loss: 0.14854  ,  IoU: 0.86869  ,  Loss/sim: 0.00000
[train: Epoch 10, 1050 / 1875] FPS: 383.2 (444.4)  ,  DataTime: 0.019 (0.006)  ,  ForwardTime: 0.059  ,  TotalTime: 0.084  ,  Loss/total: 0.47819  ,  Loss/giou: 0.13974  ,  Loss/l1: 0.00827  ,  Loss/location: 0.12763  ,  pro_loss: 0.14869  ,  IoU: 0.86855  ,  Loss/sim: 0.00000
[train: Epoch 10, 1100 / 1875] FPS: 382.9 (456.9)  ,  DataTime: 0.019 (0.006)  ,  ForwardTime: 0.059  ,  TotalTime: 0.084  ,  Loss/total: 0.47845  ,  Loss/giou: 0.13974  ,  Loss/l1: 0.00826  ,  Loss/location: 0.12791  ,  pro_loss: 0.14884  ,  IoU: 0.86854  ,  Loss/sim: 0.00000
[train: Epoch 10, 1150 / 1875] FPS: 384.8 (449.6)  ,  DataTime: 0.018 (0.006)  ,  ForwardTime: 0.059  ,  TotalTime: 0.083  ,  Loss/total: 0.47801  ,  Loss/giou: 0.13976  ,  Loss/l1: 0.00826  ,  Loss/location: 0.12750  ,  pro_loss: 0.14849  ,  IoU: 0.86853  ,  Loss/sim: 0.00000
[train: Epoch 10, 1200 / 1875] FPS: 385.0 (472.7)  ,  DataTime: 0.018 (0.006)  ,  ForwardTime: 0.059  ,  TotalTime: 0.083  ,  Loss/total: 0.47793  ,  Loss/giou: 0.13970  ,  Loss/l1: 0.00825  ,  Loss/location: 0.12759  ,  pro_loss: 0.14848  ,  IoU: 0.86857  ,  Loss/sim: 0.00000
[train: Epoch 10, 1250 / 1875] FPS: 385.5 (507.0)  ,  DataTime: 0.018 (0.006)  ,  ForwardTime: 0.059  ,  TotalTime: 0.083  ,  Loss/total: 0.47758  ,  Loss/giou: 0.13965  ,  Loss/l1: 0.00823  ,  Loss/location: 0.12743  ,  pro_loss: 0.14841  ,  IoU: 0.86860  ,  Loss/sim: 0.00000
[train: Epoch 10, 1300 / 1875] FPS: 387.0 (416.9)  ,  DataTime: 0.018 (0.006)  ,  ForwardTime: 0.059  ,  TotalTime: 0.083  ,  Loss/total: 0.47653  ,  Loss/giou: 0.13940  ,  Loss/l1: 0.00820  ,  Loss/location: 0.12708  ,  pro_loss: 0.14823  ,  IoU: 0.86879  ,  Loss/sim: 0.00000
[train: Epoch 10, 1350 / 1875] FPS: 389.1 (424.8)  ,  DataTime: 0.018 (0.006)  ,  ForwardTime: 0.059  ,  TotalTime: 0.082  ,  Loss/total: 0.47632  ,  Loss/giou: 0.13933  ,  Loss/l1: 0.00819  ,  Loss/location: 0.12707  ,  pro_loss: 0.14821  ,  IoU: 0.86881  ,  Loss/sim: 0.00000
[train: Epoch 10, 1400 / 1875] FPS: 390.8 (454.3)  ,  DataTime: 0.017 (0.006)  ,  ForwardTime: 0.059  ,  TotalTime: 0.082  ,  Loss/total: 0.47644  ,  Loss/giou: 0.13929  ,  Loss/l1: 0.00819  ,  Loss/location: 0.12722  ,  pro_loss: 0.14842  ,  IoU: 0.86886  ,  Loss/sim: 0.00000
[train: Epoch 10, 1450 / 1875] FPS: 392.1 (456.5)  ,  DataTime: 0.017 (0.006)  ,  ForwardTime: 0.059  ,  TotalTime: 0.082  ,  Loss/total: 0.47635  ,  Loss/giou: 0.13940  ,  Loss/l1: 0.00820  ,  Loss/location: 0.12688  ,  pro_loss: 0.14845  ,  IoU: 0.86876  ,  Loss/sim: 0.00000
[train: Epoch 10, 1500 / 1875] FPS: 392.7 (463.9)  ,  DataTime: 0.017 (0.006)  ,  ForwardTime: 0.059  ,  TotalTime: 0.081  ,  Loss/total: 0.47599  ,  Loss/giou: 0.13938  ,  Loss/l1: 0.00819  ,  Loss/location: 0.12658  ,  pro_loss: 0.14849  ,  IoU: 0.86877  ,  Loss/sim: 0.00000
[train: Epoch 10, 1550 / 1875] FPS: 393.6 (496.6)  ,  DataTime: 0.017 (0.006)  ,  ForwardTime: 0.059  ,  TotalTime: 0.081  ,  Loss/total: 0.47557  ,  Loss/giou: 0.13919  ,  Loss/l1: 0.00818  ,  Loss/location: 0.12656  ,  pro_loss: 0.14867  ,  IoU: 0.86892  ,  Loss/sim: 0.00000
[train: Epoch 10, 1600 / 1875] FPS: 394.5 (460.4)  ,  DataTime: 0.016 (0.006)  ,  ForwardTime: 0.059  ,  TotalTime: 0.081  ,  Loss/total: 0.47550  ,  Loss/giou: 0.13917  ,  Loss/l1: 0.00818  ,  Loss/location: 0.12653  ,  pro_loss: 0.14866  ,  IoU: 0.86893  ,  Loss/sim: 0.00000
[train: Epoch 10, 1650 / 1875] FPS: 395.0 (486.4)  ,  DataTime: 0.016 (0.006)  ,  ForwardTime: 0.059  ,  TotalTime: 0.081  ,  Loss/total: 0.47568  ,  Loss/giou: 0.13908  ,  Loss/l1: 0.00818  ,  Loss/location: 0.12693  ,  pro_loss: 0.14847  ,  IoU: 0.86899  ,  Loss/sim: 0.00000
[train: Epoch 10, 1700 / 1875] FPS: 395.8 (454.5)  ,  DataTime: 0.016 (0.006)  ,  ForwardTime: 0.059  ,  TotalTime: 0.081  ,  Loss/total: 0.47554  ,  Loss/giou: 0.13904  ,  Loss/l1: 0.00817  ,  Loss/location: 0.12687  ,  pro_loss: 0.14862  ,  IoU: 0.86904  ,  Loss/sim: 0.00000
[train: Epoch 10, 1750 / 1875] FPS: 397.2 (464.3)  ,  DataTime: 0.016 (0.006)  ,  ForwardTime: 0.059  ,  TotalTime: 0.081  ,  Loss/total: 0.47524  ,  Loss/giou: 0.13898  ,  Loss/l1: 0.00816  ,  Loss/location: 0.12673  ,  pro_loss: 0.14869  ,  IoU: 0.86907  ,  Loss/sim: 0.00000
[train: Epoch 10, 1800 / 1875] FPS: 398.4 (415.2)  ,  DataTime: 0.015 (0.006)  ,  ForwardTime: 0.059  ,  TotalTime: 0.080  ,  Loss/total: 0.47536  ,  Loss/giou: 0.13903  ,  Loss/l1: 0.00816  ,  Loss/location: 0.12676  ,  pro_loss: 0.14867  ,  IoU: 0.86902  ,  Loss/sim: 0.00000
[train: Epoch 10, 1850 / 1875] FPS: 399.5 (482.0)  ,  DataTime: 0.015 (0.006)  ,  ForwardTime: 0.059  ,  TotalTime: 0.080  ,  Loss/total: 0.47492  ,  Loss/giou: 0.13901  ,  Loss/l1: 0.00816  ,  Loss/location: 0.12638  ,  pro_loss: 0.14866  ,  IoU: 0.86904  ,  Loss/sim: 0.00000
[train: Epoch 10, 1875 / 1875] FPS: 400.3 (499.1)  ,  DataTime: 0.015 (0.006)  ,  ForwardTime: 0.059  ,  TotalTime: 0.080  ,  Loss/total: 0.47477  ,  Loss/giou: 0.13896  ,  Loss/l1: 0.00815  ,  Loss/location: 0.12633  ,  pro_loss: 0.14875  ,  IoU: 0.86908  ,  Loss/sim: 0.00000
[val: Epoch 10, 50 / 312] FPS: 61.9 (32.3)  ,  DataTime: 0.485 (0.006)  ,  ForwardTime: 0.025  ,  TotalTime: 0.517  ,  Loss/total: 0.90776  ,  Loss/giou: 0.23719  ,  Loss/l1: 0.01752  ,  Loss/location: 0.34371  ,  pro_loss: 0.01021  ,  IoU: 0.78458  ,  Loss/sim: 0.00000
[val: Epoch 10, 100 / 312] FPS: 68.7 (941.2)  ,  DataTime: 0.435 (0.006)  ,  ForwardTime: 0.025  ,  TotalTime: 0.466  ,  Loss/total: 0.93725  ,  Loss/giou: 0.23965  ,  Loss/l1: 0.01827  ,  Loss/location: 0.36446  ,  pro_loss: 0.01063  ,  IoU: 0.78330  ,  Loss/sim: 0.00000
[val: Epoch 10, 150 / 312] FPS: 73.0 (914.6)  ,  DataTime: 0.407 (0.006)  ,  ForwardTime: 0.025  ,  TotalTime: 0.439  ,  Loss/total: 0.93535  ,  Loss/giou: 0.23768  ,  Loss/l1: 0.01801  ,  Loss/location: 0.36782  ,  pro_loss: 0.01049  ,  IoU: 0.78406  ,  Loss/sim: 0.00000
[val: Epoch 10, 200 / 312] FPS: 74.3 (883.0)  ,  DataTime: 0.399 (0.006)  ,  ForwardTime: 0.025  ,  TotalTime: 0.430  ,  Loss/total: 0.93766  ,  Loss/giou: 0.23705  ,  Loss/l1: 0.01816  ,  Loss/location: 0.37067  ,  pro_loss: 0.01031  ,  IoU: 0.78444  ,  Loss/sim: 0.00000
[val: Epoch 10, 250 / 312] FPS: 73.6 (930.3)  ,  DataTime: 0.403 (0.006)  ,  ForwardTime: 0.025  ,  TotalTime: 0.435  ,  Loss/total: 0.93338  ,  Loss/giou: 0.23755  ,  Loss/l1: 0.01823  ,  Loss/location: 0.36522  ,  pro_loss: 0.00946  ,  IoU: 0.78395  ,  Loss/sim: 0.00000
[val: Epoch 10, 300 / 312] FPS: 72.6 (13.0)  ,  DataTime: 0.409 (0.006)  ,  ForwardTime: 0.025  ,  TotalTime: 0.441  ,  Loss/total: 0.92207  ,  Loss/giou: 0.23506  ,  Loss/l1: 0.01782  ,  Loss/location: 0.36100  ,  pro_loss: 0.00920  ,  IoU: 0.78570  ,  Loss/sim: 0.00000
[val: Epoch 10, 312 / 312] FPS: 74.4 (998.0)  ,  DataTime: 0.399 (0.006)  ,  ForwardTime: 0.025  ,  TotalTime: 0.430  ,  Loss/total: 0.91844  ,  Loss/giou: 0.23434  ,  Loss/l1: 0.01776  ,  Loss/location: 0.35914  ,  pro_loss: 0.00915  ,  IoU: 0.78628  ,  Loss/sim: 0.00000
[train: Epoch 11, 50 / 1875] FPS: 65.1 (489.1)  ,  DataTime: 0.428 (0.005)  ,  ForwardTime: 0.059  ,  TotalTime: 0.491  ,  Loss/total: 0.47785  ,  Loss/giou: 0.13593  ,  Loss/l1: 0.00789  ,  Loss/location: 0.13661  ,  pro_loss: 0.14979  ,  IoU: 0.87114  ,  Loss/sim: 0.00000
[train: Epoch 11, 100 / 1875] FPS: 66.8 (9.8)  ,  DataTime: 0.416 (0.005)  ,  ForwardTime: 0.058  ,  TotalTime: 0.479  ,  Loss/total: 0.47658  ,  Loss/giou: 0.13633  ,  Loss/l1: 0.00802  ,  Loss/location: 0.13426  ,  pro_loss: 0.14792  ,  IoU: 0.87124  ,  Loss/sim: 0.00000
[train: Epoch 11, 150 / 1875] FPS: 72.4 (491.0)  ,  DataTime: 0.380 (0.005)  ,  ForwardTime: 0.057  ,  TotalTime: 0.442  ,  Loss/total: 0.47298  ,  Loss/giou: 0.13604  ,  Loss/l1: 0.00793  ,  Loss/location: 0.13088  ,  pro_loss: 0.15167  ,  IoU: 0.87145  ,  Loss/sim: 0.00000
[train: Epoch 11, 200 / 1875] FPS: 75.0 (179.6)  ,  DataTime: 0.365 (0.005)  ,  ForwardTime: 0.057  ,  TotalTime: 0.427  ,  Loss/total: 0.47568  ,  Loss/giou: 0.13702  ,  Loss/l1: 0.00798  ,  Loss/location: 0.13161  ,  pro_loss: 0.15068  ,  IoU: 0.87075  ,  Loss/sim: 0.00000
[train: Epoch 11, 250 / 1875] FPS: 76.5 (499.0)  ,  DataTime: 0.357 (0.005)  ,  ForwardTime: 0.057  ,  TotalTime: 0.418  ,  Loss/total: 0.47275  ,  Loss/giou: 0.13662  ,  Loss/l1: 0.00793  ,  Loss/location: 0.12962  ,  pro_loss: 0.15109  ,  IoU: 0.87091  ,  Loss/sim: 0.00000
[train: Epoch 11, 300 / 1875] FPS: 77.8 (498.8)  ,  DataTime: 0.350 (0.005)  ,  ForwardTime: 0.057  ,  TotalTime: 0.411  ,  Loss/total: 0.46914  ,  Loss/giou: 0.13624  ,  Loss/l1: 0.00786  ,  Loss/location: 0.12706  ,  pro_loss: 0.15139  ,  IoU: 0.87115  ,  Loss/sim: 0.00000
[train: Epoch 11, 350 / 1875] FPS: 78.6 (506.7)  ,  DataTime: 0.346 (0.005)  ,  ForwardTime: 0.057  ,  TotalTime: 0.407  ,  Loss/total: 0.47174  ,  Loss/giou: 0.13726  ,  Loss/l1: 0.00793  ,  Loss/location: 0.12733  ,  pro_loss: 0.15119  ,  IoU: 0.87030  ,  Loss/sim: 0.00000
[train: Epoch 11, 400 / 1875] FPS: 79.4 (506.1)  ,  DataTime: 0.342 (0.005)  ,  ForwardTime: 0.057  ,  TotalTime: 0.403  ,  Loss/total: 0.47040  ,  Loss/giou: 0.13743  ,  Loss/l1: 0.00794  ,  Loss/location: 0.12558  ,  pro_loss: 0.15117  ,  IoU: 0.87021  ,  Loss/sim: 0.00000
[train: Epoch 11, 450 / 1875] FPS: 80.7 (488.7)  ,  DataTime: 0.335 (0.005)  ,  ForwardTime: 0.057  ,  TotalTime: 0.396  ,  Loss/total: 0.46780  ,  Loss/giou: 0.13680  ,  Loss/l1: 0.00788  ,  Loss/location: 0.12444  ,  pro_loss: 0.15183  ,  IoU: 0.87068  ,  Loss/sim: 0.00000
[train: Epoch 11, 500 / 1875] FPS: 81.1 (506.5)  ,  DataTime: 0.333 (0.005)  ,  ForwardTime: 0.057  ,  TotalTime: 0.394  ,  Loss/total: 0.46823  ,  Loss/giou: 0.13688  ,  Loss/l1: 0.00792  ,  Loss/location: 0.12430  ,  pro_loss: 0.15294  ,  IoU: 0.87066  ,  Loss/sim: 0.00000
[train: Epoch 11, 550 / 1875] FPS: 81.8 (11.7)  ,  DataTime: 0.330 (0.005)  ,  ForwardTime: 0.057  ,  TotalTime: 0.391  ,  Loss/total: 0.46861  ,  Loss/giou: 0.13675  ,  Loss/l1: 0.00789  ,  Loss/location: 0.12495  ,  pro_loss: 0.15349  ,  IoU: 0.87073  ,  Loss/sim: 0.00000
[train: Epoch 11, 600 / 1875] FPS: 83.1 (494.4)  ,  DataTime: 0.324 (0.005)  ,  ForwardTime: 0.057  ,  TotalTime: 0.385  ,  Loss/total: 0.46820  ,  Loss/giou: 0.13709  ,  Loss/l1: 0.00792  ,  Loss/location: 0.12371  ,  pro_loss: 0.15347  ,  IoU: 0.87046  ,  Loss/sim: 0.00000
[train: Epoch 11, 650 / 1875] FPS: 84.5 (507.8)  ,  DataTime: 0.317 (0.005)  ,  ForwardTime: 0.057  ,  TotalTime: 0.379  ,  Loss/total: 0.46968  ,  Loss/giou: 0.13732  ,  Loss/l1: 0.00794  ,  Loss/location: 0.12463  ,  pro_loss: 0.15353  ,  IoU: 0.87026  ,  Loss/sim: 0.00000
[train: Epoch 11, 700 / 1875] FPS: 85.8 (504.0)  ,  DataTime: 0.312 (0.005)  ,  ForwardTime: 0.057  ,  TotalTime: 0.373  ,  Loss/total: 0.46978  ,  Loss/giou: 0.13758  ,  Loss/l1: 0.00795  ,  Loss/location: 0.12415  ,  pro_loss: 0.15363  ,  IoU: 0.87001  ,  Loss/sim: 0.00000
[train: Epoch 11, 750 / 1875] FPS: 87.1 (510.2)  ,  DataTime: 0.306 (0.005)  ,  ForwardTime: 0.057  ,  TotalTime: 0.367  ,  Loss/total: 0.46864  ,  Loss/giou: 0.13740  ,  Loss/l1: 0.00794  ,  Loss/location: 0.12342  ,  pro_loss: 0.15358  ,  IoU: 0.87013  ,  Loss/sim: 0.00000
[train: Epoch 11, 800 / 1875] FPS: 87.5 (38.0)  ,  DataTime: 0.305 (0.004)  ,  ForwardTime: 0.057  ,  TotalTime: 0.366  ,  Loss/total: 0.46830  ,  Loss/giou: 0.13734  ,  Loss/l1: 0.00794  ,  Loss/location: 0.12328  ,  pro_loss: 0.15328  ,  IoU: 0.87017  ,  Loss/sim: 0.00000
[train: Epoch 11, 850 / 1875] FPS: 88.7 (496.5)  ,  DataTime: 0.299 (0.004)  ,  ForwardTime: 0.057  ,  TotalTime: 0.361  ,  Loss/total: 0.46777  ,  Loss/giou: 0.13743  ,  Loss/l1: 0.00794  ,  Loss/location: 0.12259  ,  pro_loss: 0.15304  ,  IoU: 0.87006  ,  Loss/sim: 0.00000
[train: Epoch 11, 900 / 1875] FPS: 90.0 (502.6)  ,  DataTime: 0.294 (0.004)  ,  ForwardTime: 0.057  ,  TotalTime: 0.356  ,  Loss/total: 0.46930  ,  Loss/giou: 0.13787  ,  Loss/l1: 0.00798  ,  Loss/location: 0.12300  ,  pro_loss: 0.15325  ,  IoU: 0.86972  ,  Loss/sim: 0.00000
[train: Epoch 11, 950 / 1875] FPS: 90.6 (13.6)  ,  DataTime: 0.292 (0.004)  ,  ForwardTime: 0.057  ,  TotalTime: 0.353  ,  Loss/total: 0.46881  ,  Loss/giou: 0.13776  ,  Loss/l1: 0.00797  ,  Loss/location: 0.12282  ,  pro_loss: 0.15312  ,  IoU: 0.86980  ,  Loss/sim: 0.00000
[train: Epoch 11, 1000 / 1875] FPS: 91.7 (507.8)  ,  DataTime: 0.288 (0.004)  ,  ForwardTime: 0.057  ,  TotalTime: 0.349  ,  Loss/total: 0.46861  ,  Loss/giou: 0.13767  ,  Loss/l1: 0.00798  ,  Loss/location: 0.12276  ,  pro_loss: 0.15311  ,  IoU: 0.86990  ,  Loss/sim: 0.00000
[train: Epoch 11, 1050 / 1875] FPS: 92.7 (506.4)  ,  DataTime: 0.284 (0.004)  ,  ForwardTime: 0.057  ,  TotalTime: 0.345  ,  Loss/total: 0.46873  ,  Loss/giou: 0.13754  ,  Loss/l1: 0.00797  ,  Loss/location: 0.12319  ,  pro_loss: 0.15323  ,  IoU: 0.86996  ,  Loss/sim: 0.00000
[train: Epoch 11, 1100 / 1875] FPS: 93.8 (503.2)  ,  DataTime: 0.280 (0.004)  ,  ForwardTime: 0.057  ,  TotalTime: 0.341  ,  Loss/total: 0.46883  ,  Loss/giou: 0.13755  ,  Loss/l1: 0.00797  ,  Loss/location: 0.12327  ,  pro_loss: 0.15297  ,  IoU: 0.86994  ,  Loss/sim: 0.00000
[train: Epoch 11, 1150 / 1875] FPS: 94.6 (27.1)  ,  DataTime: 0.277 (0.004)  ,  ForwardTime: 0.057  ,  TotalTime: 0.338  ,  Loss/total: 0.46840  ,  Loss/giou: 0.13735  ,  Loss/l1: 0.00796  ,  Loss/location: 0.12329  ,  pro_loss: 0.15298  ,  IoU: 0.87011  ,  Loss/sim: 0.00000
[train: Epoch 11, 1200 / 1875] FPS: 95.9 (49.5)  ,  DataTime: 0.273 (0.004)  ,  ForwardTime: 0.057  ,  TotalTime: 0.334  ,  Loss/total: 0.46784  ,  Loss/giou: 0.13733  ,  Loss/l1: 0.00795  ,  Loss/location: 0.12283  ,  pro_loss: 0.15300  ,  IoU: 0.87011  ,  Loss/sim: 0.00000
[train: Epoch 11, 1250 / 1875] FPS: 96.9 (31.8)  ,  DataTime: 0.269 (0.004)  ,  ForwardTime: 0.057  ,  TotalTime: 0.330  ,  Loss/total: 0.46856  ,  Loss/giou: 0.13748  ,  Loss/l1: 0.00796  ,  Loss/location: 0.12323  ,  pro_loss: 0.15275  ,  IoU: 0.86998  ,  Loss/sim: 0.00000
[train: Epoch 11, 1300 / 1875] FPS: 97.8 (510.4)  ,  DataTime: 0.266 (0.004)  ,  ForwardTime: 0.057  ,  TotalTime: 0.327  ,  Loss/total: 0.46933  ,  Loss/giou: 0.13766  ,  Loss/l1: 0.00797  ,  Loss/location: 0.12362  ,  pro_loss: 0.15264  ,  IoU: 0.86986  ,  Loss/sim: 0.00000
[train: Epoch 11, 1350 / 1875] FPS: 98.6 (508.8)  ,  DataTime: 0.263 (0.004)  ,  ForwardTime: 0.057  ,  TotalTime: 0.324  ,  Loss/total: 0.46901  ,  Loss/giou: 0.13766  ,  Loss/l1: 0.00797  ,  Loss/location: 0.12333  ,  pro_loss: 0.15252  ,  IoU: 0.86987  ,  Loss/sim: 0.00000
[train: Epoch 11, 1400 / 1875] FPS: 99.5 (505.8)  ,  DataTime: 0.261 (0.004)  ,  ForwardTime: 0.057  ,  TotalTime: 0.322  ,  Loss/total: 0.46965  ,  Loss/giou: 0.13781  ,  Loss/l1: 0.00798  ,  Loss/location: 0.12367  ,  pro_loss: 0.15237  ,  IoU: 0.86976  ,  Loss/sim: 0.00000
[train: Epoch 11, 1450 / 1875] FPS: 100.3 (21.9)  ,  DataTime: 0.258 (0.004)  ,  ForwardTime: 0.057  ,  TotalTime: 0.319  ,  Loss/total: 0.47012  ,  Loss/giou: 0.13794  ,  Loss/l1: 0.00799  ,  Loss/location: 0.12384  ,  pro_loss: 0.15223  ,  IoU: 0.86967  ,  Loss/sim: 0.00000
[train: Epoch 11, 1500 / 1875] FPS: 101.2 (509.7)  ,  DataTime: 0.255 (0.004)  ,  ForwardTime: 0.057  ,  TotalTime: 0.316  ,  Loss/total: 0.47013  ,  Loss/giou: 0.13795  ,  Loss/l1: 0.00798  ,  Loss/location: 0.12385  ,  pro_loss: 0.15229  ,  IoU: 0.86967  ,  Loss/sim: 0.00000
[train: Epoch 11, 1550 / 1875] FPS: 102.2 (507.6)  ,  DataTime: 0.252 (0.004)  ,  ForwardTime: 0.057  ,  TotalTime: 0.313  ,  Loss/total: 0.47012  ,  Loss/giou: 0.13800  ,  Loss/l1: 0.00799  ,  Loss/location: 0.12367  ,  pro_loss: 0.15242  ,  IoU: 0.86968  ,  Loss/sim: 0.00000
[train: Epoch 11, 1600 / 1875] FPS: 103.1 (503.3)  ,  DataTime: 0.249 (0.004)  ,  ForwardTime: 0.056  ,  TotalTime: 0.310  ,  Loss/total: 0.47011  ,  Loss/giou: 0.13795  ,  Loss/l1: 0.00799  ,  Loss/location: 0.12378  ,  pro_loss: 0.15241  ,  IoU: 0.86973  ,  Loss/sim: 0.00000
[train: Epoch 11, 1650 / 1875] FPS: 103.7 (52.9)  ,  DataTime: 0.248 (0.004)  ,  ForwardTime: 0.056  ,  TotalTime: 0.309  ,  Loss/total: 0.46980  ,  Loss/giou: 0.13787  ,  Loss/l1: 0.00799  ,  Loss/location: 0.12363  ,  pro_loss: 0.15247  ,  IoU: 0.86981  ,  Loss/sim: 0.00000
[train: Epoch 11, 1700 / 1875] FPS: 104.6 (507.1)  ,  DataTime: 0.245 (0.004)  ,  ForwardTime: 0.056  ,  TotalTime: 0.306  ,  Loss/total: 0.47037  ,  Loss/giou: 0.13797  ,  Loss/l1: 0.00800  ,  Loss/location: 0.12394  ,  pro_loss: 0.15257  ,  IoU: 0.86973  ,  Loss/sim: 0.00000
[train: Epoch 11, 1750 / 1875] FPS: 105.4 (505.5)  ,  DataTime: 0.243 (0.004)  ,  ForwardTime: 0.056  ,  TotalTime: 0.303  ,  Loss/total: 0.47113  ,  Loss/giou: 0.13813  ,  Loss/l1: 0.00801  ,  Loss/location: 0.12435  ,  pro_loss: 0.15240  ,  IoU: 0.86958  ,  Loss/sim: 0.00000
[train: Epoch 11, 1800 / 1875] FPS: 106.7 (504.0)  ,  DataTime: 0.239 (0.004)  ,  ForwardTime: 0.056  ,  TotalTime: 0.300  ,  Loss/total: 0.47059  ,  Loss/giou: 0.13802  ,  Loss/l1: 0.00800  ,  Loss/location: 0.12411  ,  pro_loss: 0.15214  ,  IoU: 0.86969  ,  Loss/sim: 0.00000
[train: Epoch 11, 1850 / 1875] FPS: 107.5 (496.3)  ,  DataTime: 0.237 (0.004)  ,  ForwardTime: 0.056  ,  TotalTime: 0.298  ,  Loss/total: 0.47039  ,  Loss/giou: 0.13784  ,  Loss/l1: 0.00799  ,  Loss/location: 0.12434  ,  pro_loss: 0.15221  ,  IoU: 0.86981  ,  Loss/sim: 0.00000
[train: Epoch 11, 1875 / 1875] FPS: 108.0 (511.4)  ,  DataTime: 0.235 (0.004)  ,  ForwardTime: 0.056  ,  TotalTime: 0.296  ,  Loss/total: 0.47056  ,  Loss/giou: 0.13789  ,  Loss/l1: 0.00799  ,  Loss/location: 0.12438  ,  pro_loss: 0.15210  ,  IoU: 0.86979  ,  Loss/sim: 0.00000
[train: Epoch 12, 50 / 1875] FPS: 137.1 (493.9)  ,  DataTime: 0.164 (0.005)  ,  ForwardTime: 0.064  ,  TotalTime: 0.233  ,  Loss/total: 0.47333  ,  Loss/giou: 0.13617  ,  Loss/l1: 0.00766  ,  Loss/location: 0.13289  ,  pro_loss: 0.14896  ,  IoU: 0.87048  ,  Loss/sim: 0.00000
[train: Epoch 12, 100 / 1875] FPS: 154.3 (504.6)  ,  DataTime: 0.142 (0.005)  ,  ForwardTime: 0.060  ,  TotalTime: 0.207  ,  Loss/total: 0.47206  ,  Loss/giou: 0.13678  ,  Loss/l1: 0.00782  ,  Loss/location: 0.12952  ,  pro_loss: 0.14938  ,  IoU: 0.87019  ,  Loss/sim: 0.00000
[train: Epoch 12, 150 / 1875] FPS: 157.0 (498.2)  ,  DataTime: 0.140 (0.005)  ,  ForwardTime: 0.059  ,  TotalTime: 0.204  ,  Loss/total: 0.46621  ,  Loss/giou: 0.13570  ,  Loss/l1: 0.00778  ,  Loss/location: 0.12556  ,  pro_loss: 0.15181  ,  IoU: 0.87140  ,  Loss/sim: 0.00000
[train: Epoch 12, 200 / 1875] FPS: 155.6 (473.9)  ,  DataTime: 0.143 (0.005)  ,  ForwardTime: 0.058  ,  TotalTime: 0.206  ,  Loss/total: 0.46984  ,  Loss/giou: 0.13616  ,  Loss/l1: 0.00783  ,  Loss/location: 0.12775  ,  pro_loss: 0.15313  ,  IoU: 0.87116  ,  Loss/sim: 0.00000
[train: Epoch 12, 250 / 1875] FPS: 157.4 (503.3)  ,  DataTime: 0.141 (0.005)  ,  ForwardTime: 0.058  ,  TotalTime: 0.203  ,  Loss/total: 0.47114  ,  Loss/giou: 0.13703  ,  Loss/l1: 0.00792  ,  Loss/location: 0.12696  ,  pro_loss: 0.15254  ,  IoU: 0.87052  ,  Loss/sim: 0.00000
[train: Epoch 12, 300 / 1875] FPS: 160.0 (498.0)  ,  DataTime: 0.137 (0.005)  ,  ForwardTime: 0.058  ,  TotalTime: 0.200  ,  Loss/total: 0.47150  ,  Loss/giou: 0.13728  ,  Loss/l1: 0.00787  ,  Loss/location: 0.12679  ,  pro_loss: 0.15396  ,  IoU: 0.87017  ,  Loss/sim: 0.00000
[train: Epoch 12, 350 / 1875] FPS: 161.4 (495.6)  ,  DataTime: 0.136 (0.005)  ,  ForwardTime: 0.058  ,  TotalTime: 0.198  ,  Loss/total: 0.47149  ,  Loss/giou: 0.13745  ,  Loss/l1: 0.00789  ,  Loss/location: 0.12647  ,  pro_loss: 0.15327  ,  IoU: 0.87021  ,  Loss/sim: 0.00000
[train: Epoch 12, 400 / 1875] FPS: 162.0 (497.4)  ,  DataTime: 0.135 (0.005)  ,  ForwardTime: 0.057  ,  TotalTime: 0.198  ,  Loss/total: 0.47175  ,  Loss/giou: 0.13770  ,  Loss/l1: 0.00789  ,  Loss/location: 0.12637  ,  pro_loss: 0.15271  ,  IoU: 0.86999  ,  Loss/sim: 0.00000
[train: Epoch 12, 450 / 1875] FPS: 163.8 (498.1)  ,  DataTime: 0.133 (0.005)  ,  ForwardTime: 0.057  ,  TotalTime: 0.195  ,  Loss/total: 0.47073  ,  Loss/giou: 0.13745  ,  Loss/l1: 0.00789  ,  Loss/location: 0.12594  ,  pro_loss: 0.15225  ,  IoU: 0.87013  ,  Loss/sim: 0.00000
[train: Epoch 12, 500 / 1875] FPS: 165.6 (505.0)  ,  DataTime: 0.131 (0.005)  ,  ForwardTime: 0.057  ,  TotalTime: 0.193  ,  Loss/total: 0.46986  ,  Loss/giou: 0.13738  ,  Loss/l1: 0.00789  ,  Loss/location: 0.12518  ,  pro_loss: 0.15238  ,  IoU: 0.87017  ,  Loss/sim: 0.00000
[train: Epoch 12, 550 / 1875] FPS: 165.1 (497.9)  ,  DataTime: 0.132 (0.005)  ,  ForwardTime: 0.057  ,  TotalTime: 0.194  ,  Loss/total: 0.46979  ,  Loss/giou: 0.13721  ,  Loss/l1: 0.00787  ,  Loss/location: 0.12550  ,  pro_loss: 0.15263  ,  IoU: 0.87033  ,  Loss/sim: 0.00000
[train: Epoch 12, 600 / 1875] FPS: 166.6 (500.5)  ,  DataTime: 0.130 (0.005)  ,  ForwardTime: 0.057  ,  TotalTime: 0.192  ,  Loss/total: 0.46903  ,  Loss/giou: 0.13690  ,  Loss/l1: 0.00787  ,  Loss/location: 0.12515  ,  pro_loss: 0.15363  ,  IoU: 0.87066  ,  Loss/sim: 0.00000
[train: Epoch 12, 650 / 1875] FPS: 167.3 (509.0)  ,  DataTime: 0.130 (0.005)  ,  ForwardTime: 0.057  ,  TotalTime: 0.191  ,  Loss/total: 0.46927  ,  Loss/giou: 0.13702  ,  Loss/l1: 0.00788  ,  Loss/location: 0.12513  ,  pro_loss: 0.15343  ,  IoU: 0.87059  ,  Loss/sim: 0.00000
[train: Epoch 12, 700 / 1875] FPS: 169.3 (505.6)  ,  DataTime: 0.127 (0.005)  ,  ForwardTime: 0.057  ,  TotalTime: 0.189  ,  Loss/total: 0.46973  ,  Loss/giou: 0.13712  ,  Loss/l1: 0.00789  ,  Loss/location: 0.12531  ,  pro_loss: 0.15372  ,  IoU: 0.87044  ,  Loss/sim: 0.00000
[train: Epoch 12, 750 / 1875] FPS: 170.3 (38.5)  ,  DataTime: 0.126 (0.005)  ,  ForwardTime: 0.057  ,  TotalTime: 0.188  ,  Loss/total: 0.46829  ,  Loss/giou: 0.13704  ,  Loss/l1: 0.00789  ,  Loss/location: 0.12404  ,  pro_loss: 0.15358  ,  IoU: 0.87056  ,  Loss/sim: 0.00000
[train: Epoch 12, 800 / 1875] FPS: 171.8 (480.3)  ,  DataTime: 0.125 (0.005)  ,  ForwardTime: 0.057  ,  TotalTime: 0.186  ,  Loss/total: 0.46805  ,  Loss/giou: 0.13691  ,  Loss/l1: 0.00791  ,  Loss/location: 0.12402  ,  pro_loss: 0.15330  ,  IoU: 0.87070  ,  Loss/sim: 0.00000
[train: Epoch 12, 850 / 1875] FPS: 172.8 (497.8)  ,  DataTime: 0.124 (0.005)  ,  ForwardTime: 0.057  ,  TotalTime: 0.185  ,  Loss/total: 0.46807  ,  Loss/giou: 0.13701  ,  Loss/l1: 0.00791  ,  Loss/location: 0.12384  ,  pro_loss: 0.15327  ,  IoU: 0.87060  ,  Loss/sim: 0.00000
[train: Epoch 12, 900 / 1875] FPS: 174.3 (496.8)  ,  DataTime: 0.122 (0.005)  ,  ForwardTime: 0.057  ,  TotalTime: 0.184  ,  Loss/total: 0.46877  ,  Loss/giou: 0.13709  ,  Loss/l1: 0.00794  ,  Loss/location: 0.12429  ,  pro_loss: 0.15307  ,  IoU: 0.87056  ,  Loss/sim: 0.00000
[train: Epoch 12, 950 / 1875] FPS: 175.5 (488.8)  ,  DataTime: 0.121 (0.005)  ,  ForwardTime: 0.057  ,  TotalTime: 0.182  ,  Loss/total: 0.46951  ,  Loss/giou: 0.13712  ,  Loss/l1: 0.00794  ,  Loss/location: 0.12500  ,  pro_loss: 0.15279  ,  IoU: 0.87053  ,  Loss/sim: 0.00000
[train: Epoch 12, 1000 / 1875] FPS: 177.0 (489.4)  ,  DataTime: 0.119 (0.005)  ,  ForwardTime: 0.057  ,  TotalTime: 0.181  ,  Loss/total: 0.46938  ,  Loss/giou: 0.13711  ,  Loss/l1: 0.00794  ,  Loss/location: 0.12487  ,  pro_loss: 0.15291  ,  IoU: 0.87052  ,  Loss/sim: 0.00000
[train: Epoch 12, 1050 / 1875] FPS: 177.9 (195.1)  ,  DataTime: 0.118 (0.005)  ,  ForwardTime: 0.057  ,  TotalTime: 0.180  ,  Loss/total: 0.47023  ,  Loss/giou: 0.13728  ,  Loss/l1: 0.00795  ,  Loss/location: 0.12537  ,  pro_loss: 0.15271  ,  IoU: 0.87038  ,  Loss/sim: 0.00000
[train: Epoch 12, 1100 / 1875] FPS: 178.9 (494.1)  ,  DataTime: 0.117 (0.005)  ,  ForwardTime: 0.057  ,  TotalTime: 0.179  ,  Loss/total: 0.47061  ,  Loss/giou: 0.13743  ,  Loss/l1: 0.00797  ,  Loss/location: 0.12540  ,  pro_loss: 0.15241  ,  IoU: 0.87026  ,  Loss/sim: 0.00000
[train: Epoch 12, 1150 / 1875] FPS: 180.2 (501.4)  ,  DataTime: 0.116 (0.005)  ,  ForwardTime: 0.057  ,  TotalTime: 0.178  ,  Loss/total: 0.47052  ,  Loss/giou: 0.13734  ,  Loss/l1: 0.00798  ,  Loss/location: 0.12547  ,  pro_loss: 0.15231  ,  IoU: 0.87035  ,  Loss/sim: 0.00000
[train: Epoch 12, 1200 / 1875] FPS: 181.5 (492.4)  ,  DataTime: 0.115 (0.005)  ,  ForwardTime: 0.057  ,  TotalTime: 0.176  ,  Loss/total: 0.47051  ,  Loss/giou: 0.13730  ,  Loss/l1: 0.00797  ,  Loss/location: 0.12562  ,  pro_loss: 0.15216  ,  IoU: 0.87037  ,  Loss/sim: 0.00000
[train: Epoch 12, 1250 / 1875] FPS: 182.8 (498.2)  ,  DataTime: 0.114 (0.005)  ,  ForwardTime: 0.057  ,  TotalTime: 0.175  ,  Loss/total: 0.47071  ,  Loss/giou: 0.13750  ,  Loss/l1: 0.00798  ,  Loss/location: 0.12539  ,  pro_loss: 0.15211  ,  IoU: 0.87021  ,  Loss/sim: 0.00000
[train: Epoch 12, 1300 / 1875] FPS: 183.7 (499.2)  ,  DataTime: 0.113 (0.005)  ,  ForwardTime: 0.057  ,  TotalTime: 0.174  ,  Loss/total: 0.47056  ,  Loss/giou: 0.13762  ,  Loss/l1: 0.00798  ,  Loss/location: 0.12498  ,  pro_loss: 0.15211  ,  IoU: 0.87012  ,  Loss/sim: 0.00000
[train: Epoch 12, 1350 / 1875] FPS: 183.8 (499.6)  ,  DataTime: 0.113 (0.005)  ,  ForwardTime: 0.057  ,  TotalTime: 0.174  ,  Loss/total: 0.47054  ,  Loss/giou: 0.13747  ,  Loss/l1: 0.00797  ,  Loss/location: 0.12535  ,  pro_loss: 0.15191  ,  IoU: 0.87026  ,  Loss/sim: 0.00000
[train: Epoch 12, 1400 / 1875] FPS: 184.2 (486.8)  ,  DataTime: 0.112 (0.005)  ,  ForwardTime: 0.057  ,  TotalTime: 0.174  ,  Loss/total: 0.46976  ,  Loss/giou: 0.13740  ,  Loss/l1: 0.00797  ,  Loss/location: 0.12477  ,  pro_loss: 0.15170  ,  IoU: 0.87031  ,  Loss/sim: 0.00000
[train: Epoch 12, 1450 / 1875] FPS: 184.8 (497.5)  ,  DataTime: 0.112 (0.005)  ,  ForwardTime: 0.057  ,  TotalTime: 0.173  ,  Loss/total: 0.46968  ,  Loss/giou: 0.13731  ,  Loss/l1: 0.00796  ,  Loss/location: 0.12492  ,  pro_loss: 0.15185  ,  IoU: 0.87035  ,  Loss/sim: 0.00000
[train: Epoch 12, 1500 / 1875] FPS: 184.6 (498.7)  ,  DataTime: 0.112 (0.005)  ,  ForwardTime: 0.057  ,  TotalTime: 0.173  ,  Loss/total: 0.46912  ,  Loss/giou: 0.13704  ,  Loss/l1: 0.00794  ,  Loss/location: 0.12499  ,  pro_loss: 0.15175  ,  IoU: 0.87057  ,  Loss/sim: 0.00000
[train: Epoch 12, 1550 / 1875] FPS: 184.1 (500.6)  ,  DataTime: 0.112 (0.005)  ,  ForwardTime: 0.057  ,  TotalTime: 0.174  ,  Loss/total: 0.46945  ,  Loss/giou: 0.13707  ,  Loss/l1: 0.00795  ,  Loss/location: 0.12521  ,  pro_loss: 0.15184  ,  IoU: 0.87056  ,  Loss/sim: 0.00000
[train: Epoch 12, 1600 / 1875] FPS: 184.5 (502.9)  ,  DataTime: 0.112 (0.005)  ,  ForwardTime: 0.057  ,  TotalTime: 0.173  ,  Loss/total: 0.46902  ,  Loss/giou: 0.13701  ,  Loss/l1: 0.00794  ,  Loss/location: 0.12489  ,  pro_loss: 0.15197  ,  IoU: 0.87062  ,  Loss/sim: 0.00000
[train: Epoch 12, 1650 / 1875] FPS: 185.3 (503.7)  ,  DataTime: 0.111 (0.005)  ,  ForwardTime: 0.057  ,  TotalTime: 0.173  ,  Loss/total: 0.46889  ,  Loss/giou: 0.13697  ,  Loss/l1: 0.00794  ,  Loss/location: 0.12489  ,  pro_loss: 0.15181  ,  IoU: 0.87064  ,  Loss/sim: 0.00000
[train: Epoch 12, 1700 / 1875] FPS: 185.3 (483.9)  ,  DataTime: 0.111 (0.005)  ,  ForwardTime: 0.057  ,  TotalTime: 0.173  ,  Loss/total: 0.46867  ,  Loss/giou: 0.13698  ,  Loss/l1: 0.00793  ,  Loss/location: 0.12472  ,  pro_loss: 0.15169  ,  IoU: 0.87064  ,  Loss/sim: 0.00000
[train: Epoch 12, 1750 / 1875] FPS: 185.6 (103.9)  ,  DataTime: 0.111 (0.005)  ,  ForwardTime: 0.057  ,  TotalTime: 0.172  ,  Loss/total: 0.46907  ,  Loss/giou: 0.13701  ,  Loss/l1: 0.00793  ,  Loss/location: 0.12508  ,  pro_loss: 0.15161  ,  IoU: 0.87062  ,  Loss/sim: 0.00000
[train: Epoch 12, 1800 / 1875] FPS: 185.9 (304.9)  ,  DataTime: 0.110 (0.005)  ,  ForwardTime: 0.057  ,  TotalTime: 0.172  ,  Loss/total: 0.46909  ,  Loss/giou: 0.13699  ,  Loss/l1: 0.00793  ,  Loss/location: 0.12518  ,  pro_loss: 0.15137  ,  IoU: 0.87062  ,  Loss/sim: 0.00000
[train: Epoch 12, 1850 / 1875] FPS: 186.9 (183.5)  ,  DataTime: 0.108 (0.005)  ,  ForwardTime: 0.058  ,  TotalTime: 0.171  ,  Loss/total: 0.46900  ,  Loss/giou: 0.13700  ,  Loss/l1: 0.00793  ,  Loss/location: 0.12506  ,  pro_loss: 0.15159  ,  IoU: 0.87062  ,  Loss/sim: 0.00000
[train: Epoch 12, 1875 / 1875] FPS: 187.3 (316.6)  ,  DataTime: 0.107 (0.005)  ,  ForwardTime: 0.059  ,  TotalTime: 0.171  ,  Loss/total: 0.46897  ,  Loss/giou: 0.13696  ,  Loss/l1: 0.00793  ,  Loss/location: 0.12511  ,  pro_loss: 0.15152  ,  IoU: 0.87065  ,  Loss/sim: 0.00000
[train: Epoch 13, 50 / 1875] FPS: 157.7 (502.1)  ,  DataTime: 0.127 (0.006)  ,  ForwardTime: 0.069  ,  TotalTime: 0.203  ,  Loss/total: 0.46565  ,  Loss/giou: 0.13591  ,  Loss/l1: 0.00757  ,  Loss/location: 0.12550  ,  pro_loss: 0.15229  ,  IoU: 0.87121  ,  Loss/sim: 0.00000
[train: Epoch 13, 100 / 1875] FPS: 150.1 (463.5)  ,  DataTime: 0.134 (0.006)  ,  ForwardTime: 0.072  ,  TotalTime: 0.213  ,  Loss/total: 0.47294  ,  Loss/giou: 0.13847  ,  Loss/l1: 0.00791  ,  Loss/location: 0.12704  ,  pro_loss: 0.14698  ,  IoU: 0.86902  ,  Loss/sim: 0.00000
[train: Epoch 13, 150 / 1875] FPS: 81.2 (15.2)  ,  DataTime: 0.319 (0.006)  ,  ForwardTime: 0.069  ,  TotalTime: 0.394  ,  Loss/total: 0.47476  ,  Loss/giou: 0.13931  ,  Loss/l1: 0.00802  ,  Loss/location: 0.12636  ,  pro_loss: 0.14840  ,  IoU: 0.86830  ,  Loss/sim: 0.00000
[train: Epoch 13, 200 / 1875] FPS: 62.5 (395.0)  ,  DataTime: 0.436 (0.006)  ,  ForwardTime: 0.071  ,  TotalTime: 0.512  ,  Loss/total: 0.47502  ,  Loss/giou: 0.13994  ,  Loss/l1: 0.00804  ,  Loss/location: 0.12524  ,  pro_loss: 0.14844  ,  IoU: 0.86786  ,  Loss/sim: 0.00000
[train: Epoch 13, 250 / 1875] FPS: 53.1 (356.5)  ,  DataTime: 0.525 (0.006)  ,  ForwardTime: 0.072  ,  TotalTime: 0.602  ,  Loss/total: 0.47340  ,  Loss/giou: 0.13919  ,  Loss/l1: 0.00807  ,  Loss/location: 0.12489  ,  pro_loss: 0.14883  ,  IoU: 0.86866  ,  Loss/sim: 0.00000
[train: Epoch 13, 300 / 1875] FPS: 49.6 (476.4)  ,  DataTime: 0.568 (0.006)  ,  ForwardTime: 0.071  ,  TotalTime: 0.645  ,  Loss/total: 0.47213  ,  Loss/giou: 0.13850  ,  Loss/l1: 0.00801  ,  Loss/location: 0.12519  ,  pro_loss: 0.14938  ,  IoU: 0.86919  ,  Loss/sim: 0.00000
[train: Epoch 13, 350 / 1875] FPS: 48.1 (445.6)  ,  DataTime: 0.588 (0.006)  ,  ForwardTime: 0.071  ,  TotalTime: 0.665  ,  Loss/total: 0.47177  ,  Loss/giou: 0.13820  ,  Loss/l1: 0.00806  ,  Loss/location: 0.12532  ,  pro_loss: 0.14881  ,  IoU: 0.86957  ,  Loss/sim: 0.00000
[train: Epoch 13, 400 / 1875] FPS: 47.0 (26.5)  ,  DataTime: 0.604 (0.006)  ,  ForwardTime: 0.072  ,  TotalTime: 0.681  ,  Loss/total: 0.47270  ,  Loss/giou: 0.13843  ,  Loss/l1: 0.00810  ,  Loss/location: 0.12553  ,  pro_loss: 0.14896  ,  IoU: 0.86941  ,  Loss/sim: 0.00000
[train: Epoch 13, 450 / 1875] FPS: 45.9 (394.7)  ,  DataTime: 0.619 (0.006)  ,  ForwardTime: 0.072  ,  TotalTime: 0.697  ,  Loss/total: 0.47623  ,  Loss/giou: 0.13912  ,  Loss/l1: 0.00815  ,  Loss/location: 0.12737  ,  pro_loss: 0.14942  ,  IoU: 0.86884  ,  Loss/sim: 0.00000
[train: Epoch 13, 500 / 1875] FPS: 44.8 (8.9)  ,  DataTime: 0.637 (0.006)  ,  ForwardTime: 0.072  ,  TotalTime: 0.715  ,  Loss/total: 0.47660  ,  Loss/giou: 0.13904  ,  Loss/l1: 0.00814  ,  Loss/location: 0.12786  ,  pro_loss: 0.14973  ,  IoU: 0.86891  ,  Loss/sim: 0.00000
[train: Epoch 13, 550 / 1875] FPS: 43.5 (451.2)  ,  DataTime: 0.657 (0.006)  ,  ForwardTime: 0.072  ,  TotalTime: 0.735  ,  Loss/total: 0.47435  ,  Loss/giou: 0.13858  ,  Loss/l1: 0.00811  ,  Loss/location: 0.12663  ,  pro_loss: 0.15004  ,  IoU: 0.86932  ,  Loss/sim: 0.00000
[train: Epoch 13, 600 / 1875] FPS: 43.1 (483.8)  ,  DataTime: 0.664 (0.006)  ,  ForwardTime: 0.072  ,  TotalTime: 0.742  ,  Loss/total: 0.47442  ,  Loss/giou: 0.13874  ,  Loss/l1: 0.00810  ,  Loss/location: 0.12646  ,  pro_loss: 0.14993  ,  IoU: 0.86920  ,  Loss/sim: 0.00000
[train: Epoch 13, 650 / 1875] FPS: 43.2 (427.3)  ,  DataTime: 0.664 (0.006)  ,  ForwardTime: 0.072  ,  TotalTime: 0.741  ,  Loss/total: 0.47347  ,  Loss/giou: 0.13851  ,  Loss/l1: 0.00811  ,  Loss/location: 0.12586  ,  pro_loss: 0.15019  ,  IoU: 0.86937  ,  Loss/sim: 0.00000
[train: Epoch 13, 700 / 1875] FPS: 43.5 (471.3)  ,  DataTime: 0.658 (0.006)  ,  ForwardTime: 0.071  ,  TotalTime: 0.736  ,  Loss/total: 0.47416  ,  Loss/giou: 0.13856  ,  Loss/l1: 0.00812  ,  Loss/location: 0.12652  ,  pro_loss: 0.14972  ,  IoU: 0.86934  ,  Loss/sim: 0.00000
[train: Epoch 13, 750 / 1875] FPS: 43.8 (459.1)  ,  DataTime: 0.654 (0.006)  ,  ForwardTime: 0.071  ,  TotalTime: 0.730  ,  Loss/total: 0.47380  ,  Loss/giou: 0.13824  ,  Loss/l1: 0.00808  ,  Loss/location: 0.12691  ,  pro_loss: 0.14996  ,  IoU: 0.86957  ,  Loss/sim: 0.00000
[train: Epoch 13, 800 / 1875] FPS: 44.0 (453.0)  ,  DataTime: 0.652 (0.006)  ,  ForwardTime: 0.071  ,  TotalTime: 0.728  ,  Loss/total: 0.47405  ,  Loss/giou: 0.13846  ,  Loss/l1: 0.00810  ,  Loss/location: 0.12657  ,  pro_loss: 0.15030  ,  IoU: 0.86945  ,  Loss/sim: 0.00000
[train: Epoch 13, 850 / 1875] FPS: 43.8 (15.8)  ,  DataTime: 0.654 (0.006)  ,  ForwardTime: 0.070  ,  TotalTime: 0.730  ,  Loss/total: 0.47371  ,  Loss/giou: 0.13833  ,  Loss/l1: 0.00807  ,  Loss/location: 0.12666  ,  pro_loss: 0.15012  ,  IoU: 0.86952  ,  Loss/sim: 0.00000
[train: Epoch 13, 900 / 1875] FPS: 43.9 (419.5)  ,  DataTime: 0.654 (0.006)  ,  ForwardTime: 0.070  ,  TotalTime: 0.730  ,  Loss/total: 0.47446  ,  Loss/giou: 0.13841  ,  Loss/l1: 0.00808  ,  Loss/location: 0.12727  ,  pro_loss: 0.14985  ,  IoU: 0.86946  ,  Loss/sim: 0.00000
[train: Epoch 13, 950 / 1875] FPS: 44.1 (497.8)  ,  DataTime: 0.651 (0.006)  ,  ForwardTime: 0.069  ,  TotalTime: 0.726  ,  Loss/total: 0.47549  ,  Loss/giou: 0.13869  ,  Loss/l1: 0.00809  ,  Loss/location: 0.12761  ,  pro_loss: 0.15020  ,  IoU: 0.86921  ,  Loss/sim: 0.00000
[train: Epoch 13, 1000 / 1875] FPS: 44.2 (480.9)  ,  DataTime: 0.650 (0.006)  ,  ForwardTime: 0.069  ,  TotalTime: 0.724  ,  Loss/total: 0.47402  ,  Loss/giou: 0.13825  ,  Loss/l1: 0.00805  ,  Loss/location: 0.12723  ,  pro_loss: 0.15017  ,  IoU: 0.86956  ,  Loss/sim: 0.00000
[train: Epoch 13, 1050 / 1875] FPS: 44.4 (51.7)  ,  DataTime: 0.646 (0.006)  ,  ForwardTime: 0.069  ,  TotalTime: 0.720  ,  Loss/total: 0.47461  ,  Loss/giou: 0.13829  ,  Loss/l1: 0.00805  ,  Loss/location: 0.12770  ,  pro_loss: 0.15027  ,  IoU: 0.86951  ,  Loss/sim: 0.00000
[train: Epoch 13, 1100 / 1875] FPS: 44.1 (7.4)  ,  DataTime: 0.651 (0.006)  ,  ForwardTime: 0.069  ,  TotalTime: 0.725  ,  Loss/total: 0.47424  ,  Loss/giou: 0.13814  ,  Loss/l1: 0.00804  ,  Loss/location: 0.12773  ,  pro_loss: 0.15018  ,  IoU: 0.86963  ,  Loss/sim: 0.00000
[train: Epoch 13, 1150 / 1875] FPS: 44.3 (491.9)  ,  DataTime: 0.648 (0.005)  ,  ForwardTime: 0.069  ,  TotalTime: 0.722  ,  Loss/total: 0.47474  ,  Loss/giou: 0.13810  ,  Loss/l1: 0.00805  ,  Loss/location: 0.12830  ,  pro_loss: 0.14995  ,  IoU: 0.86964  ,  Loss/sim: 0.00000
[train: Epoch 13, 1200 / 1875] FPS: 44.3 (428.1)  ,  DataTime: 0.649 (0.005)  ,  ForwardTime: 0.069  ,  TotalTime: 0.723  ,  Loss/total: 0.47419  ,  Loss/giou: 0.13791  ,  Loss/l1: 0.00804  ,  Loss/location: 0.12815  ,  pro_loss: 0.15005  ,  IoU: 0.86981  ,  Loss/sim: 0.00000
[train: Epoch 13, 1250 / 1875] FPS: 44.5 (61.1)  ,  DataTime: 0.645 (0.005)  ,  ForwardTime: 0.068  ,  TotalTime: 0.719  ,  Loss/total: 0.47353  ,  Loss/giou: 0.13780  ,  Loss/l1: 0.00804  ,  Loss/location: 0.12772  ,  pro_loss: 0.14998  ,  IoU: 0.86991  ,  Loss/sim: 0.00000
[train: Epoch 13, 1300 / 1875] FPS: 44.6 (383.1)  ,  DataTime: 0.643 (0.005)  ,  ForwardTime: 0.068  ,  TotalTime: 0.717  ,  Loss/total: 0.47397  ,  Loss/giou: 0.13782  ,  Loss/l1: 0.00805  ,  Loss/location: 0.12811  ,  pro_loss: 0.14997  ,  IoU: 0.86991  ,  Loss/sim: 0.00000
[train: Epoch 13, 1350 / 1875] FPS: 44.5 (432.1)  ,  DataTime: 0.645 (0.005)  ,  ForwardTime: 0.068  ,  TotalTime: 0.719  ,  Loss/total: 0.47427  ,  Loss/giou: 0.13802  ,  Loss/l1: 0.00807  ,  Loss/location: 0.12786  ,  pro_loss: 0.15002  ,  IoU: 0.86978  ,  Loss/sim: 0.00000
[train: Epoch 13, 1400 / 1875] FPS: 44.5 (44.7)  ,  DataTime: 0.645 (0.005)  ,  ForwardTime: 0.068  ,  TotalTime: 0.718  ,  Loss/total: 0.47394  ,  Loss/giou: 0.13793  ,  Loss/l1: 0.00808  ,  Loss/location: 0.12771  ,  pro_loss: 0.14997  ,  IoU: 0.86987  ,  Loss/sim: 0.00000
[train: Epoch 13, 1450 / 1875] FPS: 44.8 (458.7)  ,  DataTime: 0.641 (0.005)  ,  ForwardTime: 0.068  ,  TotalTime: 0.715  ,  Loss/total: 0.47318  ,  Loss/giou: 0.13778  ,  Loss/l1: 0.00806  ,  Loss/location: 0.12732  ,  pro_loss: 0.15006  ,  IoU: 0.86998  ,  Loss/sim: 0.00000
[train: Epoch 13, 1500 / 1875] FPS: 44.6 (10.0)  ,  DataTime: 0.644 (0.005)  ,  ForwardTime: 0.068  ,  TotalTime: 0.717  ,  Loss/total: 0.47305  ,  Loss/giou: 0.13774  ,  Loss/l1: 0.00807  ,  Loss/location: 0.12724  ,  pro_loss: 0.14986  ,  IoU: 0.87005  ,  Loss/sim: 0.00000
[train: Epoch 13, 1550 / 1875] FPS: 44.7 (410.2)  ,  DataTime: 0.643 (0.005)  ,  ForwardTime: 0.068  ,  TotalTime: 0.716  ,  Loss/total: 0.47276  ,  Loss/giou: 0.13760  ,  Loss/l1: 0.00805  ,  Loss/location: 0.12736  ,  pro_loss: 0.14975  ,  IoU: 0.87015  ,  Loss/sim: 0.00000
[train: Epoch 13, 1600 / 1875] FPS: 44.8 (398.6)  ,  DataTime: 0.642 (0.005)  ,  ForwardTime: 0.068  ,  TotalTime: 0.715  ,  Loss/total: 0.47251  ,  Loss/giou: 0.13750  ,  Loss/l1: 0.00804  ,  Loss/location: 0.12733  ,  pro_loss: 0.14972  ,  IoU: 0.87022  ,  Loss/sim: 0.00000
[train: Epoch 13, 1650 / 1875] FPS: 44.9 (436.3)  ,  DataTime: 0.640 (0.005)  ,  ForwardTime: 0.068  ,  TotalTime: 0.713  ,  Loss/total: 0.47169  ,  Loss/giou: 0.13732  ,  Loss/l1: 0.00803  ,  Loss/location: 0.12696  ,  pro_loss: 0.14986  ,  IoU: 0.87036  ,  Loss/sim: 0.00000
[train: Epoch 13, 1700 / 1875] FPS: 44.9 (421.5)  ,  DataTime: 0.639 (0.005)  ,  ForwardTime: 0.068  ,  TotalTime: 0.712  ,  Loss/total: 0.47227  ,  Loss/giou: 0.13748  ,  Loss/l1: 0.00803  ,  Loss/location: 0.12726  ,  pro_loss: 0.14964  ,  IoU: 0.87022  ,  Loss/sim: 0.00000
[train: Epoch 13, 1750 / 1875] FPS: 45.0 (433.3)  ,  DataTime: 0.638 (0.005)  ,  ForwardTime: 0.068  ,  TotalTime: 0.711  ,  Loss/total: 0.47220  ,  Loss/giou: 0.13752  ,  Loss/l1: 0.00802  ,  Loss/location: 0.12708  ,  pro_loss: 0.14986  ,  IoU: 0.87020  ,  Loss/sim: 0.00000
[train: Epoch 13, 1800 / 1875] FPS: 44.9 (11.4)  ,  DataTime: 0.639 (0.005)  ,  ForwardTime: 0.068  ,  TotalTime: 0.712  ,  Loss/total: 0.47158  ,  Loss/giou: 0.13745  ,  Loss/l1: 0.00802  ,  Loss/location: 0.12663  ,  pro_loss: 0.14983  ,  IoU: 0.87027  ,  Loss/sim: 0.00000
[train: Epoch 13, 1850 / 1875] FPS: 44.8 (383.9)  ,  DataTime: 0.641 (0.005)  ,  ForwardTime: 0.068  ,  TotalTime: 0.714  ,  Loss/total: 0.47157  ,  Loss/giou: 0.13746  ,  Loss/l1: 0.00801  ,  Loss/location: 0.12662  ,  pro_loss: 0.14992  ,  IoU: 0.87026  ,  Loss/sim: 0.00000
[train: Epoch 13, 1875 / 1875] FPS: 44.9 (407.4)  ,  DataTime: 0.639 (0.005)  ,  ForwardTime: 0.068  ,  TotalTime: 0.712  ,  Loss/total: 0.47178  ,  Loss/giou: 0.13754  ,  Loss/l1: 0.00802  ,  Loss/location: 0.12664  ,  pro_loss: 0.14983  ,  IoU: 0.87020  ,  Loss/sim: 0.00000
[train: Epoch 14, 50 / 1875] FPS: 34.0 (9.4)  ,  DataTime: 0.864 (0.005)  ,  ForwardTime: 0.071  ,  TotalTime: 0.940  ,  Loss/total: 0.48945  ,  Loss/giou: 0.14417  ,  Loss/l1: 0.00870  ,  Loss/location: 0.12725  ,  pro_loss: 0.15188  ,  IoU: 0.86513  ,  Loss/sim: 0.00000
[train: Epoch 14, 100 / 1875] FPS: 38.7 (389.2)  ,  DataTime: 0.753 (0.005)  ,  ForwardTime: 0.069  ,  TotalTime: 0.827  ,  Loss/total: 0.46865  ,  Loss/giou: 0.13737  ,  Loss/l1: 0.00803  ,  Loss/location: 0.12355  ,  pro_loss: 0.15104  ,  IoU: 0.87029  ,  Loss/sim: 0.00000
[train: Epoch 14, 150 / 1875] FPS: 41.8 (504.5)  ,  DataTime: 0.693 (0.005)  ,  ForwardTime: 0.068  ,  TotalTime: 0.766  ,  Loss/total: 0.46796  ,  Loss/giou: 0.13831  ,  Loss/l1: 0.00800  ,  Loss/location: 0.12140  ,  pro_loss: 0.14979  ,  IoU: 0.86958  ,  Loss/sim: 0.00000
[train: Epoch 14, 200 / 1875] FPS: 41.3 (463.2)  ,  DataTime: 0.701 (0.005)  ,  ForwardTime: 0.067  ,  TotalTime: 0.774  ,  Loss/total: 0.46681  ,  Loss/giou: 0.13738  ,  Loss/l1: 0.00793  ,  Loss/location: 0.12240  ,  pro_loss: 0.14995  ,  IoU: 0.87034  ,  Loss/sim: 0.00000
[train: Epoch 14, 250 / 1875] FPS: 41.6 (424.4)  ,  DataTime: 0.696 (0.005)  ,  ForwardTime: 0.067  ,  TotalTime: 0.768  ,  Loss/total: 0.47011  ,  Loss/giou: 0.13825  ,  Loss/l1: 0.00799  ,  Loss/location: 0.12351  ,  pro_loss: 0.15075  ,  IoU: 0.86961  ,  Loss/sim: 0.00000
[train: Epoch 14, 300 / 1875] FPS: 41.9 (411.2)  ,  DataTime: 0.691 (0.005)  ,  ForwardTime: 0.067  ,  TotalTime: 0.764  ,  Loss/total: 0.46950  ,  Loss/giou: 0.13749  ,  Loss/l1: 0.00797  ,  Loss/location: 0.12453  ,  pro_loss: 0.15066  ,  IoU: 0.87030  ,  Loss/sim: 0.00000
[train: Epoch 14, 350 / 1875] FPS: 41.2 (4.9)  ,  DataTime: 0.704 (0.005)  ,  ForwardTime: 0.068  ,  TotalTime: 0.777  ,  Loss/total: 0.46931  ,  Loss/giou: 0.13696  ,  Loss/l1: 0.00798  ,  Loss/location: 0.12521  ,  pro_loss: 0.15150  ,  IoU: 0.87086  ,  Loss/sim: 0.00000
[train: Epoch 14, 400 / 1875] FPS: 41.1 (419.2)  ,  DataTime: 0.706 (0.005)  ,  ForwardTime: 0.068  ,  TotalTime: 0.779  ,  Loss/total: 0.46848  ,  Loss/giou: 0.13709  ,  Loss/l1: 0.00799  ,  Loss/location: 0.12399  ,  pro_loss: 0.15162  ,  IoU: 0.87078  ,  Loss/sim: 0.00000
[train: Epoch 14, 450 / 1875] FPS: 41.2 (6.6)  ,  DataTime: 0.702 (0.005)  ,  ForwardTime: 0.068  ,  TotalTime: 0.776  ,  Loss/total: 0.46605  ,  Loss/giou: 0.13674  ,  Loss/l1: 0.00798  ,  Loss/location: 0.12230  ,  pro_loss: 0.15172  ,  IoU: 0.87111  ,  Loss/sim: 0.00000
[train: Epoch 14, 500 / 1875] FPS: 41.8 (488.3)  ,  DataTime: 0.692 (0.005)  ,  ForwardTime: 0.068  ,  TotalTime: 0.766  ,  Loss/total: 0.46562  ,  Loss/giou: 0.13647  ,  Loss/l1: 0.00796  ,  Loss/location: 0.12251  ,  pro_loss: 0.15169  ,  IoU: 0.87133  ,  Loss/sim: 0.00000
[train: Epoch 14, 550 / 1875] FPS: 41.6 (7.3)  ,  DataTime: 0.695 (0.005)  ,  ForwardTime: 0.068  ,  TotalTime: 0.768  ,  Loss/total: 0.46610  ,  Loss/giou: 0.13647  ,  Loss/l1: 0.00795  ,  Loss/location: 0.12317  ,  pro_loss: 0.15118  ,  IoU: 0.87136  ,  Loss/sim: 0.00000
[train: Epoch 14, 600 / 1875] FPS: 42.0 (413.3)  ,  DataTime: 0.689 (0.005)  ,  ForwardTime: 0.068  ,  TotalTime: 0.763  ,  Loss/total: 0.46675  ,  Loss/giou: 0.13676  ,  Loss/l1: 0.00799  ,  Loss/location: 0.12304  ,  pro_loss: 0.15118  ,  IoU: 0.87107  ,  Loss/sim: 0.00000
[train: Epoch 14, 650 / 1875] FPS: 42.3 (455.5)  ,  DataTime: 0.684 (0.005)  ,  ForwardTime: 0.068  ,  TotalTime: 0.757  ,  Loss/total: 0.46706  ,  Loss/giou: 0.13702  ,  Loss/l1: 0.00800  ,  Loss/location: 0.12281  ,  pro_loss: 0.15098  ,  IoU: 0.87081  ,  Loss/sim: 0.00000
[train: Epoch 14, 700 / 1875] FPS: 41.1 (388.8)  ,  DataTime: 0.699 (0.005)  ,  ForwardTime: 0.074  ,  TotalTime: 0.778  ,  Loss/total: 0.46705  ,  Loss/giou: 0.13700  ,  Loss/l1: 0.00799  ,  Loss/location: 0.12296  ,  pro_loss: 0.15070  ,  IoU: 0.87083  ,  Loss/sim: 0.00000
[train: Epoch 14, 750 / 1875] FPS: 41.0 (387.5)  ,  DataTime: 0.701 (0.005)  ,  ForwardTime: 0.074  ,  TotalTime: 0.780  ,  Loss/total: 0.46733  ,  Loss/giou: 0.13690  ,  Loss/l1: 0.00800  ,  Loss/location: 0.12339  ,  pro_loss: 0.15070  ,  IoU: 0.87093  ,  Loss/sim: 0.00000
[train: Epoch 14, 800 / 1875] FPS: 40.6 (486.9)  ,  DataTime: 0.709 (0.005)  ,  ForwardTime: 0.074  ,  TotalTime: 0.788  ,  Loss/total: 0.46696  ,  Loss/giou: 0.13673  ,  Loss/l1: 0.00799  ,  Loss/location: 0.12351  ,  pro_loss: 0.15029  ,  IoU: 0.87107  ,  Loss/sim: 0.00000
[train: Epoch 14, 850 / 1875] FPS: 40.5 (345.6)  ,  DataTime: 0.711 (0.005)  ,  ForwardTime: 0.074  ,  TotalTime: 0.790  ,  Loss/total: 0.46587  ,  Loss/giou: 0.13650  ,  Loss/l1: 0.00796  ,  Loss/location: 0.12303  ,  pro_loss: 0.15036  ,  IoU: 0.87126  ,  Loss/sim: 0.00000
[train: Epoch 14, 900 / 1875] FPS: 40.5 (381.2)  ,  DataTime: 0.711 (0.005)  ,  ForwardTime: 0.073  ,  TotalTime: 0.789  ,  Loss/total: 0.46635  ,  Loss/giou: 0.13662  ,  Loss/l1: 0.00796  ,  Loss/location: 0.12331  ,  pro_loss: 0.14992  ,  IoU: 0.87117  ,  Loss/sim: 0.00000
[train: Epoch 14, 950 / 1875] FPS: 40.6 (429.0)  ,  DataTime: 0.709 (0.005)  ,  ForwardTime: 0.073  ,  TotalTime: 0.787  ,  Loss/total: 0.46633  ,  Loss/giou: 0.13667  ,  Loss/l1: 0.00796  ,  Loss/location: 0.12319  ,  pro_loss: 0.15008  ,  IoU: 0.87118  ,  Loss/sim: 0.00000
[train: Epoch 14, 1000 / 1875] FPS: 40.5 (308.6)  ,  DataTime: 0.712 (0.005)  ,  ForwardTime: 0.073  ,  TotalTime: 0.790  ,  Loss/total: 0.46597  ,  Loss/giou: 0.13655  ,  Loss/l1: 0.00795  ,  Loss/location: 0.12314  ,  pro_loss: 0.14987  ,  IoU: 0.87124  ,  Loss/sim: 0.00000
[train: Epoch 14, 1050 / 1875] FPS: 40.5 (333.7)  ,  DataTime: 0.712 (0.005)  ,  ForwardTime: 0.073  ,  TotalTime: 0.791  ,  Loss/total: 0.46609  ,  Loss/giou: 0.13648  ,  Loss/l1: 0.00795  ,  Loss/location: 0.12346  ,  pro_loss: 0.14962  ,  IoU: 0.87127  ,  Loss/sim: 0.00000
[train: Epoch 14, 1100 / 1875] FPS: 40.6 (454.7)  ,  DataTime: 0.711 (0.005)  ,  ForwardTime: 0.073  ,  TotalTime: 0.789  ,  Loss/total: 0.46668  ,  Loss/giou: 0.13654  ,  Loss/l1: 0.00796  ,  Loss/location: 0.12396  ,  pro_loss: 0.14923  ,  IoU: 0.87123  ,  Loss/sim: 0.00000
[train: Epoch 14, 1150 / 1875] FPS: 40.9 (24.5)  ,  DataTime: 0.705 (0.005)  ,  ForwardTime: 0.073  ,  TotalTime: 0.783  ,  Loss/total: 0.46631  ,  Loss/giou: 0.13644  ,  Loss/l1: 0.00795  ,  Loss/location: 0.12386  ,  pro_loss: 0.14905  ,  IoU: 0.87129  ,  Loss/sim: 0.00000
[train: Epoch 14, 1200 / 1875] FPS: 41.2 (425.1)  ,  DataTime: 0.700 (0.005)  ,  ForwardTime: 0.072  ,  TotalTime: 0.777  ,  Loss/total: 0.46700  ,  Loss/giou: 0.13657  ,  Loss/l1: 0.00796  ,  Loss/location: 0.12428  ,  pro_loss: 0.14896  ,  IoU: 0.87123  ,  Loss/sim: 0.00000
[train: Epoch 14, 1250 / 1875] FPS: 41.4 (6.2)  ,  DataTime: 0.695 (0.005)  ,  ForwardTime: 0.072  ,  TotalTime: 0.772  ,  Loss/total: 0.46648  ,  Loss/giou: 0.13636  ,  Loss/l1: 0.00794  ,  Loss/location: 0.12432  ,  pro_loss: 0.14869  ,  IoU: 0.87136  ,  Loss/sim: 0.00000
[train: Epoch 14, 1300 / 1875] FPS: 41.9 (492.8)  ,  DataTime: 0.687 (0.005)  ,  ForwardTime: 0.071  ,  TotalTime: 0.764  ,  Loss/total: 0.46601  ,  Loss/giou: 0.13629  ,  Loss/l1: 0.00793  ,  Loss/location: 0.12404  ,  pro_loss: 0.14866  ,  IoU: 0.87142  ,  Loss/sim: 0.00000
[train: Epoch 14, 1350 / 1875] FPS: 42.3 (449.5)  ,  DataTime: 0.679 (0.005)  ,  ForwardTime: 0.071  ,  TotalTime: 0.756  ,  Loss/total: 0.46631  ,  Loss/giou: 0.13636  ,  Loss/l1: 0.00794  ,  Loss/location: 0.12419  ,  pro_loss: 0.14859  ,  IoU: 0.87136  ,  Loss/sim: 0.00000
[train: Epoch 14, 1400 / 1875] FPS: 42.8 (511.1)  ,  DataTime: 0.671 (0.005)  ,  ForwardTime: 0.071  ,  TotalTime: 0.747  ,  Loss/total: 0.46668  ,  Loss/giou: 0.13648  ,  Loss/l1: 0.00795  ,  Loss/location: 0.12424  ,  pro_loss: 0.14857  ,  IoU: 0.87127  ,  Loss/sim: 0.00000
[train: Epoch 14, 1450 / 1875] FPS: 43.2 (9.8)  ,  DataTime: 0.665 (0.005)  ,  ForwardTime: 0.070  ,  TotalTime: 0.741  ,  Loss/total: 0.46696  ,  Loss/giou: 0.13656  ,  Loss/l1: 0.00796  ,  Loss/location: 0.12440  ,  pro_loss: 0.14835  ,  IoU: 0.87119  ,  Loss/sim: 0.00000
[train: Epoch 14, 1500 / 1875] FPS: 43.8 (34.2)  ,  DataTime: 0.655 (0.005)  ,  ForwardTime: 0.070  ,  TotalTime: 0.731  ,  Loss/total: 0.46681  ,  Loss/giou: 0.13655  ,  Loss/l1: 0.00796  ,  Loss/location: 0.12426  ,  pro_loss: 0.14835  ,  IoU: 0.87120  ,  Loss/sim: 0.00000
[train: Epoch 14, 1550 / 1875] FPS: 44.2 (17.7)  ,  DataTime: 0.649 (0.005)  ,  ForwardTime: 0.070  ,  TotalTime: 0.724  ,  Loss/total: 0.46637  ,  Loss/giou: 0.13642  ,  Loss/l1: 0.00795  ,  Loss/location: 0.12414  ,  pro_loss: 0.14810  ,  IoU: 0.87129  ,  Loss/sim: 0.00000
[train: Epoch 14, 1600 / 1875] FPS: 44.6 (19.6)  ,  DataTime: 0.642 (0.005)  ,  ForwardTime: 0.069  ,  TotalTime: 0.717  ,  Loss/total: 0.46673  ,  Loss/giou: 0.13662  ,  Loss/l1: 0.00796  ,  Loss/location: 0.12405  ,  pro_loss: 0.14820  ,  IoU: 0.87111  ,  Loss/sim: 0.00000
[train: Epoch 14, 1650 / 1875] FPS: 45.1 (457.5)  ,  DataTime: 0.635 (0.005)  ,  ForwardTime: 0.069  ,  TotalTime: 0.709  ,  Loss/total: 0.46735  ,  Loss/giou: 0.13680  ,  Loss/l1: 0.00798  ,  Loss/location: 0.12422  ,  pro_loss: 0.14808  ,  IoU: 0.87097  ,  Loss/sim: 0.00000
[train: Epoch 14, 1700 / 1875] FPS: 45.5 (475.1)  ,  DataTime: 0.629 (0.005)  ,  ForwardTime: 0.069  ,  TotalTime: 0.703  ,  Loss/total: 0.46746  ,  Loss/giou: 0.13681  ,  Loss/l1: 0.00798  ,  Loss/location: 0.12427  ,  pro_loss: 0.14824  ,  IoU: 0.87097  ,  Loss/sim: 0.00000
[train: Epoch 14, 1750 / 1875] FPS: 46.0 (493.8)  ,  DataTime: 0.622 (0.005)  ,  ForwardTime: 0.069  ,  TotalTime: 0.696  ,  Loss/total: 0.46740  ,  Loss/giou: 0.13683  ,  Loss/l1: 0.00798  ,  Loss/location: 0.12416  ,  pro_loss: 0.14829  ,  IoU: 0.87093  ,  Loss/sim: 0.00000
[train: Epoch 14, 1800 / 1875] FPS: 46.5 (491.8)  ,  DataTime: 0.615 (0.005)  ,  ForwardTime: 0.068  ,  TotalTime: 0.688  ,  Loss/total: 0.46758  ,  Loss/giou: 0.13678  ,  Loss/l1: 0.00798  ,  Loss/location: 0.12447  ,  pro_loss: 0.14825  ,  IoU: 0.87098  ,  Loss/sim: 0.00000
[train: Epoch 14, 1850 / 1875] FPS: 46.9 (17.2)  ,  DataTime: 0.609 (0.005)  ,  ForwardTime: 0.068  ,  TotalTime: 0.682  ,  Loss/total: 0.46742  ,  Loss/giou: 0.13676  ,  Loss/l1: 0.00797  ,  Loss/location: 0.12438  ,  pro_loss: 0.14823  ,  IoU: 0.87099  ,  Loss/sim: 0.00000
[train: Epoch 14, 1875 / 1875] FPS: 47.2 (505.1)  ,  DataTime: 0.605 (0.005)  ,  ForwardTime: 0.068  ,  TotalTime: 0.678  ,  Loss/total: 0.46748  ,  Loss/giou: 0.13680  ,  Loss/l1: 0.00799  ,  Loss/location: 0.12430  ,  pro_loss: 0.14822  ,  IoU: 0.87098  ,  Loss/sim: 0.00000
[train: Epoch 15, 50 / 1875] FPS: 72.1 (122.9)  ,  DataTime: 0.376 (0.005)  ,  ForwardTime: 0.063  ,  TotalTime: 0.444  ,  Loss/total: 0.48290  ,  Loss/giou: 0.14332  ,  Loss/l1: 0.00877  ,  Loss/location: 0.12441  ,  pro_loss: 0.14000  ,  IoU: 0.86581  ,  Loss/sim: 0.00000
[train: Epoch 15, 100 / 1875] FPS: 75.0 (486.6)  ,  DataTime: 0.362 (0.005)  ,  ForwardTime: 0.060  ,  TotalTime: 0.426  ,  Loss/total: 0.48401  ,  Loss/giou: 0.14345  ,  Loss/l1: 0.00855  ,  Loss/location: 0.12509  ,  pro_loss: 0.14646  ,  IoU: 0.86576  ,  Loss/sim: 0.00000
[train: Epoch 15, 150 / 1875] FPS: 81.6 (502.0)  ,  DataTime: 0.329 (0.005)  ,  ForwardTime: 0.059  ,  TotalTime: 0.392  ,  Loss/total: 0.48108  ,  Loss/giou: 0.14084  ,  Loss/l1: 0.00831  ,  Loss/location: 0.12847  ,  pro_loss: 0.14701  ,  IoU: 0.86772  ,  Loss/sim: 0.00000
[train: Epoch 15, 200 / 1875] FPS: 83.6 (503.4)  ,  DataTime: 0.320 (0.005)  ,  ForwardTime: 0.058  ,  TotalTime: 0.383  ,  Loss/total: 0.47624  ,  Loss/giou: 0.13924  ,  Loss/l1: 0.00819  ,  Loss/location: 0.12740  ,  pro_loss: 0.14703  ,  IoU: 0.86905  ,  Loss/sim: 0.00000
[train: Epoch 15, 250 / 1875] FPS: 84.8 (503.7)  ,  DataTime: 0.315 (0.005)  ,  ForwardTime: 0.058  ,  TotalTime: 0.377  ,  Loss/total: 0.47661  ,  Loss/giou: 0.13988  ,  Loss/l1: 0.00829  ,  Loss/location: 0.12602  ,  pro_loss: 0.14704  ,  IoU: 0.86857  ,  Loss/sim: 0.00000
[train: Epoch 15, 300 / 1875] FPS: 86.8 (502.4)  ,  DataTime: 0.306 (0.005)  ,  ForwardTime: 0.058  ,  TotalTime: 0.369  ,  Loss/total: 0.47659  ,  Loss/giou: 0.13979  ,  Loss/l1: 0.00823  ,  Loss/location: 0.12633  ,  pro_loss: 0.14771  ,  IoU: 0.86863  ,  Loss/sim: 0.00000
[train: Epoch 15, 350 / 1875] FPS: 87.2 (501.3)  ,  DataTime: 0.305 (0.005)  ,  ForwardTime: 0.057  ,  TotalTime: 0.367  ,  Loss/total: 0.47677  ,  Loss/giou: 0.13986  ,  Loss/l1: 0.00825  ,  Loss/location: 0.12615  ,  pro_loss: 0.14840  ,  IoU: 0.86864  ,  Loss/sim: 0.00000
[train: Epoch 15, 400 / 1875] FPS: 87.5 (11.7)  ,  DataTime: 0.304 (0.005)  ,  ForwardTime: 0.057  ,  TotalTime: 0.366  ,  Loss/total: 0.47569  ,  Loss/giou: 0.13919  ,  Loss/l1: 0.00817  ,  Loss/location: 0.12688  ,  pro_loss: 0.14800  ,  IoU: 0.86907  ,  Loss/sim: 0.00000
[train: Epoch 15, 450 / 1875] FPS: 89.2 (490.5)  ,  DataTime: 0.297 (0.005)  ,  ForwardTime: 0.057  ,  TotalTime: 0.359  ,  Loss/total: 0.47471  ,  Loss/giou: 0.13917  ,  Loss/l1: 0.00814  ,  Loss/location: 0.12624  ,  pro_loss: 0.14718  ,  IoU: 0.86902  ,  Loss/sim: 0.00000
[train: Epoch 15, 500 / 1875] FPS: 90.4 (506.1)  ,  DataTime: 0.292 (0.005)  ,  ForwardTime: 0.057  ,  TotalTime: 0.354  ,  Loss/total: 0.47378  ,  Loss/giou: 0.13916  ,  Loss/l1: 0.00812  ,  Loss/location: 0.12548  ,  pro_loss: 0.14679  ,  IoU: 0.86902  ,  Loss/sim: 0.00000
[train: Epoch 15, 550 / 1875] FPS: 91.4 (506.3)  ,  DataTime: 0.288 (0.005)  ,  ForwardTime: 0.057  ,  TotalTime: 0.350  ,  Loss/total: 0.47419  ,  Loss/giou: 0.13912  ,  Loss/l1: 0.00816  ,  Loss/location: 0.12583  ,  pro_loss: 0.14665  ,  IoU: 0.86908  ,  Loss/sim: 0.00000
[train: Epoch 15, 600 / 1875] FPS: 93.1 (28.7)  ,  DataTime: 0.282 (0.005)  ,  ForwardTime: 0.057  ,  TotalTime: 0.344  ,  Loss/total: 0.47367  ,  Loss/giou: 0.13906  ,  Loss/l1: 0.00816  ,  Loss/location: 0.12538  ,  pro_loss: 0.14689  ,  IoU: 0.86916  ,  Loss/sim: 0.00000
[train: Epoch 15, 650 / 1875] FPS: 93.7 (16.1)  ,  DataTime: 0.280 (0.005)  ,  ForwardTime: 0.057  ,  TotalTime: 0.341  ,  Loss/total: 0.47278  ,  Loss/giou: 0.13887  ,  Loss/l1: 0.00815  ,  Loss/location: 0.12495  ,  pro_loss: 0.14680  ,  IoU: 0.86928  ,  Loss/sim: 0.00000
[train: Epoch 15, 700 / 1875] FPS: 95.1 (499.7)  ,  DataTime: 0.275 (0.005)  ,  ForwardTime: 0.057  ,  TotalTime: 0.336  ,  Loss/total: 0.47207  ,  Loss/giou: 0.13863  ,  Loss/l1: 0.00815  ,  Loss/location: 0.12468  ,  pro_loss: 0.14701  ,  IoU: 0.86947  ,  Loss/sim: 0.00000
[train: Epoch 15, 750 / 1875] FPS: 95.8 (504.8)  ,  DataTime: 0.273 (0.005)  ,  ForwardTime: 0.057  ,  TotalTime: 0.334  ,  Loss/total: 0.47090  ,  Loss/giou: 0.13830  ,  Loss/l1: 0.00810  ,  Loss/location: 0.12440  ,  pro_loss: 0.14692  ,  IoU: 0.86973  ,  Loss/sim: 0.00000
[train: Epoch 15, 800 / 1875] FPS: 96.9 (512.6)  ,  DataTime: 0.269 (0.005)  ,  ForwardTime: 0.057  ,  TotalTime: 0.330  ,  Loss/total: 0.46992  ,  Loss/giou: 0.13796  ,  Loss/l1: 0.00807  ,  Loss/location: 0.12424  ,  pro_loss: 0.14698  ,  IoU: 0.86998  ,  Loss/sim: 0.00000
[train: Epoch 15, 850 / 1875] FPS: 98.0 (508.7)  ,  DataTime: 0.265 (0.005)  ,  ForwardTime: 0.057  ,  TotalTime: 0.327  ,  Loss/total: 0.47022  ,  Loss/giou: 0.13809  ,  Loss/l1: 0.00809  ,  Loss/location: 0.12411  ,  pro_loss: 0.14754  ,  IoU: 0.86989  ,  Loss/sim: 0.00000
[train: Epoch 15, 900 / 1875] FPS: 98.3 (32.3)  ,  DataTime: 0.264 (0.005)  ,  ForwardTime: 0.057  ,  TotalTime: 0.326  ,  Loss/total: 0.47094  ,  Loss/giou: 0.13813  ,  Loss/l1: 0.00807  ,  Loss/location: 0.12475  ,  pro_loss: 0.14779  ,  IoU: 0.86985  ,  Loss/sim: 0.00000
[train: Epoch 15, 950 / 1875] FPS: 99.2 (504.2)  ,  DataTime: 0.261 (0.005)  ,  ForwardTime: 0.057  ,  TotalTime: 0.323  ,  Loss/total: 0.47136  ,  Loss/giou: 0.13819  ,  Loss/l1: 0.00808  ,  Loss/location: 0.12504  ,  pro_loss: 0.14779  ,  IoU: 0.86979  ,  Loss/sim: 0.00000
[train: Epoch 15, 1000 / 1875] FPS: 100.3 (492.9)  ,  DataTime: 0.258 (0.005)  ,  ForwardTime: 0.057  ,  TotalTime: 0.319  ,  Loss/total: 0.47082  ,  Loss/giou: 0.13818  ,  Loss/l1: 0.00809  ,  Loss/location: 0.12444  ,  pro_loss: 0.14795  ,  IoU: 0.86984  ,  Loss/sim: 0.00000
[train: Epoch 15, 1050 / 1875] FPS: 100.7 (19.6)  ,  DataTime: 0.256 (0.005)  ,  ForwardTime: 0.057  ,  TotalTime: 0.318  ,  Loss/total: 0.47024  ,  Loss/giou: 0.13781  ,  Loss/l1: 0.00806  ,  Loss/location: 0.12474  ,  pro_loss: 0.14784  ,  IoU: 0.87013  ,  Loss/sim: 0.00000
[train: Epoch 15, 1100 / 1875] FPS: 102.0 (499.6)  ,  DataTime: 0.252 (0.005)  ,  ForwardTime: 0.057  ,  TotalTime: 0.314  ,  Loss/total: 0.47027  ,  Loss/giou: 0.13772  ,  Loss/l1: 0.00807  ,  Loss/location: 0.12490  ,  pro_loss: 0.14787  ,  IoU: 0.87020  ,  Loss/sim: 0.00000
[train: Epoch 15, 1150 / 1875] FPS: 103.1 (507.6)  ,  DataTime: 0.249 (0.005)  ,  ForwardTime: 0.057  ,  TotalTime: 0.310  ,  Loss/total: 0.47044  ,  Loss/giou: 0.13772  ,  Loss/l1: 0.00806  ,  Loss/location: 0.12511  ,  pro_loss: 0.14791  ,  IoU: 0.87018  ,  Loss/sim: 0.00000
[train: Epoch 15, 1200 / 1875] FPS: 104.4 (502.1)  ,  DataTime: 0.245 (0.005)  ,  ForwardTime: 0.057  ,  TotalTime: 0.307  ,  Loss/total: 0.46960  ,  Loss/giou: 0.13744  ,  Loss/l1: 0.00806  ,  Loss/location: 0.12484  ,  pro_loss: 0.14794  ,  IoU: 0.87043  ,  Loss/sim: 0.00000
[train: Epoch 15, 1250 / 1875] FPS: 105.4 (496.2)  ,  DataTime: 0.242 (0.005)  ,  ForwardTime: 0.057  ,  TotalTime: 0.304  ,  Loss/total: 0.46981  ,  Loss/giou: 0.13757  ,  Loss/l1: 0.00807  ,  Loss/location: 0.12468  ,  pro_loss: 0.14819  ,  IoU: 0.87033  ,  Loss/sim: 0.00000
[train: Epoch 15, 1300 / 1875] FPS: 106.1 (28.4)  ,  DataTime: 0.240 (0.005)  ,  ForwardTime: 0.057  ,  TotalTime: 0.301  ,  Loss/total: 0.46954  ,  Loss/giou: 0.13750  ,  Loss/l1: 0.00806  ,  Loss/location: 0.12459  ,  pro_loss: 0.14813  ,  IoU: 0.87040  ,  Loss/sim: 0.00000
[train: Epoch 15, 1350 / 1875] FPS: 107.0 (505.5)  ,  DataTime: 0.238 (0.005)  ,  ForwardTime: 0.057  ,  TotalTime: 0.299  ,  Loss/total: 0.46980  ,  Loss/giou: 0.13757  ,  Loss/l1: 0.00809  ,  Loss/location: 0.12458  ,  pro_loss: 0.14828  ,  IoU: 0.87034  ,  Loss/sim: 0.00000
[train: Epoch 15, 1400 / 1875] FPS: 108.0 (122.2)  ,  DataTime: 0.235 (0.005)  ,  ForwardTime: 0.057  ,  TotalTime: 0.296  ,  Loss/total: 0.47002  ,  Loss/giou: 0.13766  ,  Loss/l1: 0.00809  ,  Loss/location: 0.12455  ,  pro_loss: 0.14846  ,  IoU: 0.87025  ,  Loss/sim: 0.00000
[train: Epoch 15, 1450 / 1875] FPS: 108.8 (504.9)  ,  DataTime: 0.233 (0.005)  ,  ForwardTime: 0.057  ,  TotalTime: 0.294  ,  Loss/total: 0.46957  ,  Loss/giou: 0.13757  ,  Loss/l1: 0.00810  ,  Loss/location: 0.12425  ,  pro_loss: 0.14852  ,  IoU: 0.87035  ,  Loss/sim: 0.00000
[train: Epoch 15, 1500 / 1875] FPS: 109.8 (508.1)  ,  DataTime: 0.230 (0.005)  ,  ForwardTime: 0.057  ,  TotalTime: 0.291  ,  Loss/total: 0.46993  ,  Loss/giou: 0.13769  ,  Loss/l1: 0.00810  ,  Loss/location: 0.12434  ,  pro_loss: 0.14849  ,  IoU: 0.87025  ,  Loss/sim: 0.00000
[train: Epoch 15, 1550 / 1875] FPS: 110.3 (504.1)  ,  DataTime: 0.229 (0.005)  ,  ForwardTime: 0.057  ,  TotalTime: 0.290  ,  Loss/total: 0.47021  ,  Loss/giou: 0.13783  ,  Loss/l1: 0.00810  ,  Loss/location: 0.12431  ,  pro_loss: 0.14860  ,  IoU: 0.87014  ,  Loss/sim: 0.00000
[train: Epoch 15, 1600 / 1875] FPS: 111.1 (506.6)  ,  DataTime: 0.227 (0.005)  ,  ForwardTime: 0.057  ,  TotalTime: 0.288  ,  Loss/total: 0.46971  ,  Loss/giou: 0.13763  ,  Loss/l1: 0.00809  ,  Loss/location: 0.12431  ,  pro_loss: 0.14857  ,  IoU: 0.87028  ,  Loss/sim: 0.00000
[train: Epoch 15, 1650 / 1875] FPS: 112.0 (504.7)  ,  DataTime: 0.225 (0.005)  ,  ForwardTime: 0.057  ,  TotalTime: 0.286  ,  Loss/total: 0.46973  ,  Loss/giou: 0.13762  ,  Loss/l1: 0.00809  ,  Loss/location: 0.12431  ,  pro_loss: 0.14875  ,  IoU: 0.87029  ,  Loss/sim: 0.00000
[train: Epoch 15, 1700 / 1875] FPS: 112.6 (24.4)  ,  DataTime: 0.223 (0.005)  ,  ForwardTime: 0.057  ,  TotalTime: 0.284  ,  Loss/total: 0.46974  ,  Loss/giou: 0.13757  ,  Loss/l1: 0.00809  ,  Loss/location: 0.12436  ,  pro_loss: 0.14894  ,  IoU: 0.87034  ,  Loss/sim: 0.00000
[train: Epoch 15, 1750 / 1875] FPS: 113.5 (507.4)  ,  DataTime: 0.221 (0.005)  ,  ForwardTime: 0.057  ,  TotalTime: 0.282  ,  Loss/total: 0.46989  ,  Loss/giou: 0.13754  ,  Loss/l1: 0.00808  ,  Loss/location: 0.12460  ,  pro_loss: 0.14897  ,  IoU: 0.87035  ,  Loss/sim: 0.00000
[train: Epoch 15, 1800 / 1875] FPS: 114.3 (53.8)  ,  DataTime: 0.219 (0.005)  ,  ForwardTime: 0.057  ,  TotalTime: 0.280  ,  Loss/total: 0.47024  ,  Loss/giou: 0.13758  ,  Loss/l1: 0.00808  ,  Loss/location: 0.12490  ,  pro_loss: 0.14887  ,  IoU: 0.87034  ,  Loss/sim: 0.00000
[train: Epoch 15, 1850 / 1875] FPS: 115.3 (471.5)  ,  DataTime: 0.216 (0.005)  ,  ForwardTime: 0.057  ,  TotalTime: 0.278  ,  Loss/total: 0.47045  ,  Loss/giou: 0.13755  ,  Loss/l1: 0.00807  ,  Loss/location: 0.12515  ,  pro_loss: 0.14918  ,  IoU: 0.87035  ,  Loss/sim: 0.00000
[train: Epoch 15, 1875 / 1875] FPS: 115.9 (519.7)  ,  DataTime: 0.215 (0.005)  ,  ForwardTime: 0.057  ,  TotalTime: 0.276  ,  Loss/total: 0.47055  ,  Loss/giou: 0.13755  ,  Loss/l1: 0.00807  ,  Loss/location: 0.12527  ,  pro_loss: 0.14915  ,  IoU: 0.87036  ,  Loss/sim: 0.00000
[val: Epoch 15, 50 / 312] FPS: 38.4 (990.1)  ,  DataTime: 0.803 (0.005)  ,  ForwardTime: 0.025  ,  TotalTime: 0.833  ,  Loss/total: 0.87386  ,  Loss/giou: 0.22600  ,  Loss/l1: 0.01628  ,  Loss/location: 0.33926  ,  pro_loss: 0.00604  ,  IoU: 0.79240  ,  Loss/sim: 0.00000
[val: Epoch 15, 100 / 312] FPS: 46.3 (921.8)  ,  DataTime: 0.660 (0.005)  ,  ForwardTime: 0.025  ,  TotalTime: 0.691  ,  Loss/total: 0.88156  ,  Loss/giou: 0.22762  ,  Loss/l1: 0.01685  ,  Loss/location: 0.34095  ,  pro_loss: 0.00552  ,  IoU: 0.79114  ,  Loss/sim: 0.00000
[val: Epoch 15, 150 / 312] FPS: 54.0 (965.5)  ,  DataTime: 0.562 (0.005)  ,  ForwardTime: 0.025  ,  TotalTime: 0.593  ,  Loss/total: 0.88664  ,  Loss/giou: 0.22918  ,  Loss/l1: 0.01694  ,  Loss/location: 0.34250  ,  pro_loss: 0.00535  ,  IoU: 0.78935  ,  Loss/sim: 0.00000
[val: Epoch 15, 200 / 312] FPS: 58.7 (936.1)  ,  DataTime: 0.515 (0.005)  ,  ForwardTime: 0.025  ,  TotalTime: 0.545  ,  Loss/total: 0.89404  ,  Loss/giou: 0.23182  ,  Loss/l1: 0.01753  ,  Loss/location: 0.34172  ,  pro_loss: 0.00526  ,  IoU: 0.78823  ,  Loss/sim: 0.00000
[val: Epoch 15, 250 / 312] FPS: 61.7 (979.0)  ,  DataTime: 0.488 (0.005)  ,  ForwardTime: 0.025  ,  TotalTime: 0.518  ,  Loss/total: 0.89814  ,  Loss/giou: 0.23309  ,  Loss/l1: 0.01770  ,  Loss/location: 0.34240  ,  pro_loss: 0.00533  ,  IoU: 0.78707  ,  Loss/sim: 0.00000
[val: Epoch 15, 300 / 312] FPS: 65.3 (911.6)  ,  DataTime: 0.460 (0.006)  ,  ForwardTime: 0.025  ,  TotalTime: 0.490  ,  Loss/total: 0.89453  ,  Loss/giou: 0.23210  ,  Loss/l1: 0.01758  ,  Loss/location: 0.34136  ,  pro_loss: 0.00528  ,  IoU: 0.78786  ,  Loss/sim: 0.00000
[val: Epoch 15, 312 / 312] FPS: 65.9 (1000.3)  ,  DataTime: 0.455 (0.006)  ,  ForwardTime: 0.025  ,  TotalTime: 0.486  ,  Loss/total: 0.89603  ,  Loss/giou: 0.23262  ,  Loss/l1: 0.01762  ,  Loss/location: 0.34165  ,  pro_loss: 0.00524  ,  IoU: 0.78744  ,  Loss/sim: 0.00000
[train: Epoch 16, 50 / 1875] FPS: 134.8 (504.4)  ,  DataTime: 0.176 (0.005)  ,  ForwardTime: 0.056  ,  TotalTime: 0.237  ,  Loss/total: 0.46041  ,  Loss/giou: 0.13177  ,  Loss/l1: 0.00755  ,  Loss/location: 0.12782  ,  pro_loss: 0.15646  ,  IoU: 0.87414  ,  Loss/sim: 0.00000
[train: Epoch 16, 100 / 1875] FPS: 148.2 (46.2)  ,  DataTime: 0.155 (0.005)  ,  ForwardTime: 0.056  ,  TotalTime: 0.216  ,  Loss/total: 0.46250  ,  Loss/giou: 0.13612  ,  Loss/l1: 0.00778  ,  Loss/location: 0.12082  ,  pro_loss: 0.15271  ,  IoU: 0.87124  ,  Loss/sim: 0.00000
[train: Epoch 16, 150 / 1875] FPS: 157.0 (505.6)  ,  DataTime: 0.143 (0.005)  ,  ForwardTime: 0.056  ,  TotalTime: 0.204  ,  Loss/total: 0.46372  ,  Loss/giou: 0.13655  ,  Loss/l1: 0.00781  ,  Loss/location: 0.12041  ,  pro_loss: 0.15583  ,  IoU: 0.87096  ,  Loss/sim: 0.00000
[train: Epoch 16, 200 / 1875] FPS: 159.8 (501.6)  ,  DataTime: 0.139 (0.005)  ,  ForwardTime: 0.056  ,  TotalTime: 0.200  ,  Loss/total: 0.46825  ,  Loss/giou: 0.13763  ,  Loss/l1: 0.00797  ,  Loss/location: 0.12229  ,  pro_loss: 0.15411  ,  IoU: 0.87038  ,  Loss/sim: 0.00000
[train: Epoch 16, 250 / 1875] FPS: 162.1 (505.1)  ,  DataTime: 0.136 (0.005)  ,  ForwardTime: 0.056  ,  TotalTime: 0.197  ,  Loss/total: 0.46991  ,  Loss/giou: 0.13761  ,  Loss/l1: 0.00800  ,  Loss/location: 0.12401  ,  pro_loss: 0.15346  ,  IoU: 0.87024  ,  Loss/sim: 0.00000
[train: Epoch 16, 300 / 1875] FPS: 165.0 (498.3)  ,  DataTime: 0.133 (0.005)  ,  ForwardTime: 0.056  ,  TotalTime: 0.194  ,  Loss/total: 0.46865  ,  Loss/giou: 0.13724  ,  Loss/l1: 0.00796  ,  Loss/location: 0.12381  ,  pro_loss: 0.15278  ,  IoU: 0.87042  ,  Loss/sim: 0.00000
[train: Epoch 16, 350 / 1875] FPS: 167.5 (53.9)  ,  DataTime: 0.130 (0.005)  ,  ForwardTime: 0.056  ,  TotalTime: 0.191  ,  Loss/total: 0.47023  ,  Loss/giou: 0.13767  ,  Loss/l1: 0.00801  ,  Loss/location: 0.12432  ,  pro_loss: 0.15241  ,  IoU: 0.87005  ,  Loss/sim: 0.00000
[train: Epoch 16, 400 / 1875] FPS: 169.4 (493.6)  ,  DataTime: 0.128 (0.005)  ,  ForwardTime: 0.056  ,  TotalTime: 0.189  ,  Loss/total: 0.46880  ,  Loss/giou: 0.13709  ,  Loss/l1: 0.00796  ,  Loss/location: 0.12442  ,  pro_loss: 0.15208  ,  IoU: 0.87052  ,  Loss/sim: 0.00000
[train: Epoch 16, 450 / 1875] FPS: 169.9 (505.6)  ,  DataTime: 0.127 (0.005)  ,  ForwardTime: 0.056  ,  TotalTime: 0.188  ,  Loss/total: 0.46920  ,  Loss/giou: 0.13695  ,  Loss/l1: 0.00793  ,  Loss/location: 0.12514  ,  pro_loss: 0.15250  ,  IoU: 0.87063  ,  Loss/sim: 0.00000
[train: Epoch 16, 500 / 1875] FPS: 171.7 (485.7)  ,  DataTime: 0.125 (0.005)  ,  ForwardTime: 0.056  ,  TotalTime: 0.186  ,  Loss/total: 0.46765  ,  Loss/giou: 0.13673  ,  Loss/l1: 0.00793  ,  Loss/location: 0.12409  ,  pro_loss: 0.15215  ,  IoU: 0.87088  ,  Loss/sim: 0.00000
[train: Epoch 16, 550 / 1875] FPS: 174.4 (504.7)  ,  DataTime: 0.122 (0.005)  ,  ForwardTime: 0.056  ,  TotalTime: 0.184  ,  Loss/total: 0.47048  ,  Loss/giou: 0.13732  ,  Loss/l1: 0.00799  ,  Loss/location: 0.12542  ,  pro_loss: 0.15224  ,  IoU: 0.87041  ,  Loss/sim: 0.00000
[train: Epoch 16, 600 / 1875] FPS: 172.6 (42.3)  ,  DataTime: 0.124 (0.005)  ,  ForwardTime: 0.056  ,  TotalTime: 0.185  ,  Loss/total: 0.47000  ,  Loss/giou: 0.13723  ,  Loss/l1: 0.00795  ,  Loss/location: 0.12529  ,  pro_loss: 0.15260  ,  IoU: 0.87045  ,  Loss/sim: 0.00000
[train: Epoch 16, 650 / 1875] FPS: 174.8 (501.4)  ,  DataTime: 0.122 (0.005)  ,  ForwardTime: 0.056  ,  TotalTime: 0.183  ,  Loss/total: 0.46866  ,  Loss/giou: 0.13705  ,  Loss/l1: 0.00793  ,  Loss/location: 0.12433  ,  pro_loss: 0.15279  ,  IoU: 0.87064  ,  Loss/sim: 0.00000
[train: Epoch 16, 700 / 1875] FPS: 175.5 (494.0)  ,  DataTime: 0.121 (0.005)  ,  ForwardTime: 0.056  ,  TotalTime: 0.182  ,  Loss/total: 0.46825  ,  Loss/giou: 0.13688  ,  Loss/l1: 0.00794  ,  Loss/location: 0.12425  ,  pro_loss: 0.15277  ,  IoU: 0.87082  ,  Loss/sim: 0.00000
[train: Epoch 16, 750 / 1875] FPS: 175.6 (504.9)  ,  DataTime: 0.121 (0.005)  ,  ForwardTime: 0.056  ,  TotalTime: 0.182  ,  Loss/total: 0.46772  ,  Loss/giou: 0.13651  ,  Loss/l1: 0.00791  ,  Loss/location: 0.12463  ,  pro_loss: 0.15254  ,  IoU: 0.87112  ,  Loss/sim: 0.00000
[train: Epoch 16, 800 / 1875] FPS: 176.7 (459.6)  ,  DataTime: 0.120 (0.005)  ,  ForwardTime: 0.056  ,  TotalTime: 0.181  ,  Loss/total: 0.46807  ,  Loss/giou: 0.13654  ,  Loss/l1: 0.00792  ,  Loss/location: 0.12499  ,  pro_loss: 0.15201  ,  IoU: 0.87111  ,  Loss/sim: 0.00000
[train: Epoch 16, 850 / 1875] FPS: 178.2 (500.5)  ,  DataTime: 0.119 (0.005)  ,  ForwardTime: 0.056  ,  TotalTime: 0.180  ,  Loss/total: 0.46810  ,  Loss/giou: 0.13629  ,  Loss/l1: 0.00790  ,  Loss/location: 0.12566  ,  pro_loss: 0.15194  ,  IoU: 0.87130  ,  Loss/sim: 0.00000
[train: Epoch 16, 900 / 1875] FPS: 180.1 (482.7)  ,  DataTime: 0.117 (0.005)  ,  ForwardTime: 0.056  ,  TotalTime: 0.178  ,  Loss/total: 0.46729  ,  Loss/giou: 0.13622  ,  Loss/l1: 0.00791  ,  Loss/location: 0.12499  ,  pro_loss: 0.15148  ,  IoU: 0.87137  ,  Loss/sim: 0.00000
[train: Epoch 16, 950 / 1875] FPS: 181.1 (504.4)  ,  DataTime: 0.116 (0.005)  ,  ForwardTime: 0.056  ,  TotalTime: 0.177  ,  Loss/total: 0.46733  ,  Loss/giou: 0.13610  ,  Loss/l1: 0.00790  ,  Loss/location: 0.12536  ,  pro_loss: 0.15131  ,  IoU: 0.87147  ,  Loss/sim: 0.00000
[train: Epoch 16, 1000 / 1875] FPS: 182.6 (496.3)  ,  DataTime: 0.114 (0.005)  ,  ForwardTime: 0.056  ,  TotalTime: 0.175  ,  Loss/total: 0.46788  ,  Loss/giou: 0.13632  ,  Loss/l1: 0.00791  ,  Loss/location: 0.12548  ,  pro_loss: 0.15101  ,  IoU: 0.87132  ,  Loss/sim: 0.00000
[train: Epoch 16, 1050 / 1875] FPS: 183.4 (509.7)  ,  DataTime: 0.113 (0.005)  ,  ForwardTime: 0.056  ,  TotalTime: 0.174  ,  Loss/total: 0.46748  ,  Loss/giou: 0.13617  ,  Loss/l1: 0.00791  ,  Loss/location: 0.12545  ,  pro_loss: 0.15083  ,  IoU: 0.87143  ,  Loss/sim: 0.00000
[train: Epoch 16, 1100 / 1875] FPS: 183.7 (502.0)  ,  DataTime: 0.113 (0.005)  ,  ForwardTime: 0.056  ,  TotalTime: 0.174  ,  Loss/total: 0.46730  ,  Loss/giou: 0.13639  ,  Loss/l1: 0.00792  ,  Loss/location: 0.12484  ,  pro_loss: 0.15043  ,  IoU: 0.87123  ,  Loss/sim: 0.00000
[train: Epoch 16, 1150 / 1875] FPS: 184.4 (502.8)  ,  DataTime: 0.112 (0.005)  ,  ForwardTime: 0.056  ,  TotalTime: 0.174  ,  Loss/total: 0.46710  ,  Loss/giou: 0.13633  ,  Loss/l1: 0.00792  ,  Loss/location: 0.12475  ,  pro_loss: 0.15050  ,  IoU: 0.87130  ,  Loss/sim: 0.00000
[train: Epoch 16, 1200 / 1875] FPS: 185.5 (490.5)  ,  DataTime: 0.111 (0.005)  ,  ForwardTime: 0.056  ,  TotalTime: 0.173  ,  Loss/total: 0.46677  ,  Loss/giou: 0.13626  ,  Loss/l1: 0.00791  ,  Loss/location: 0.12470  ,  pro_loss: 0.14994  ,  IoU: 0.87136  ,  Loss/sim: 0.00000
[train: Epoch 16, 1250 / 1875] FPS: 187.2 (490.9)  ,  DataTime: 0.110 (0.005)  ,  ForwardTime: 0.056  ,  TotalTime: 0.171  ,  Loss/total: 0.46632  ,  Loss/giou: 0.13611  ,  Loss/l1: 0.00791  ,  Loss/location: 0.12456  ,  pro_loss: 0.14981  ,  IoU: 0.87150  ,  Loss/sim: 0.00000
[train: Epoch 16, 1300 / 1875] FPS: 187.0 (500.2)  ,  DataTime: 0.110 (0.005)  ,  ForwardTime: 0.056  ,  TotalTime: 0.171  ,  Loss/total: 0.46666  ,  Loss/giou: 0.13625  ,  Loss/l1: 0.00792  ,  Loss/location: 0.12461  ,  pro_loss: 0.14974  ,  IoU: 0.87142  ,  Loss/sim: 0.00000
[train: Epoch 16, 1350 / 1875] FPS: 188.3 (502.7)  ,  DataTime: 0.109 (0.005)  ,  ForwardTime: 0.056  ,  TotalTime: 0.170  ,  Loss/total: 0.46656  ,  Loss/giou: 0.13625  ,  Loss/l1: 0.00792  ,  Loss/location: 0.12454  ,  pro_loss: 0.14965  ,  IoU: 0.87144  ,  Loss/sim: 0.00000
[train: Epoch 16, 1400 / 1875] FPS: 190.1 (497.3)  ,  DataTime: 0.107 (0.005)  ,  ForwardTime: 0.056  ,  TotalTime: 0.168  ,  Loss/total: 0.46595  ,  Loss/giou: 0.13622  ,  Loss/l1: 0.00793  ,  Loss/location: 0.12399  ,  pro_loss: 0.14939  ,  IoU: 0.87147  ,  Loss/sim: 0.00000
[train: Epoch 16, 1450 / 1875] FPS: 190.7 (504.1)  ,  DataTime: 0.107 (0.005)  ,  ForwardTime: 0.056  ,  TotalTime: 0.168  ,  Loss/total: 0.46615  ,  Loss/giou: 0.13621  ,  Loss/l1: 0.00793  ,  Loss/location: 0.12416  ,  pro_loss: 0.14951  ,  IoU: 0.87150  ,  Loss/sim: 0.00000
[train: Epoch 16, 1500 / 1875] FPS: 192.1 (55.4)  ,  DataTime: 0.105 (0.005)  ,  ForwardTime: 0.056  ,  TotalTime: 0.167  ,  Loss/total: 0.46546  ,  Loss/giou: 0.13606  ,  Loss/l1: 0.00792  ,  Loss/location: 0.12389  ,  pro_loss: 0.14924  ,  IoU: 0.87163  ,  Loss/sim: 0.00000
[train: Epoch 16, 1550 / 1875] FPS: 193.1 (503.1)  ,  DataTime: 0.105 (0.005)  ,  ForwardTime: 0.056  ,  TotalTime: 0.166  ,  Loss/total: 0.46582  ,  Loss/giou: 0.13613  ,  Loss/l1: 0.00792  ,  Loss/location: 0.12407  ,  pro_loss: 0.14936  ,  IoU: 0.87156  ,  Loss/sim: 0.00000
[train: Epoch 16, 1600 / 1875] FPS: 194.1 (479.8)  ,  DataTime: 0.104 (0.005)  ,  ForwardTime: 0.056  ,  TotalTime: 0.165  ,  Loss/total: 0.46612  ,  Loss/giou: 0.13621  ,  Loss/l1: 0.00793  ,  Loss/location: 0.12422  ,  pro_loss: 0.14919  ,  IoU: 0.87149  ,  Loss/sim: 0.00000
[train: Epoch 16, 1650 / 1875] FPS: 195.4 (487.3)  ,  DataTime: 0.103 (0.005)  ,  ForwardTime: 0.056  ,  TotalTime: 0.164  ,  Loss/total: 0.46579  ,  Loss/giou: 0.13615  ,  Loss/l1: 0.00792  ,  Loss/location: 0.12405  ,  pro_loss: 0.14907  ,  IoU: 0.87153  ,  Loss/sim: 0.00000
[train: Epoch 16, 1700 / 1875] FPS: 196.9 (496.8)  ,  DataTime: 0.101 (0.005)  ,  ForwardTime: 0.056  ,  TotalTime: 0.162  ,  Loss/total: 0.46601  ,  Loss/giou: 0.13623  ,  Loss/l1: 0.00793  ,  Loss/location: 0.12409  ,  pro_loss: 0.14906  ,  IoU: 0.87147  ,  Loss/sim: 0.00000
[train: Epoch 16, 1750 / 1875] FPS: 197.4 (503.2)  ,  DataTime: 0.101 (0.005)  ,  ForwardTime: 0.056  ,  TotalTime: 0.162  ,  Loss/total: 0.46580  ,  Loss/giou: 0.13616  ,  Loss/l1: 0.00792  ,  Loss/location: 0.12405  ,  pro_loss: 0.14899  ,  IoU: 0.87152  ,  Loss/sim: 0.00000
[train: Epoch 16, 1800 / 1875] FPS: 198.9 (497.2)  ,  DataTime: 0.100 (0.005)  ,  ForwardTime: 0.056  ,  TotalTime: 0.161  ,  Loss/total: 0.46625  ,  Loss/giou: 0.13632  ,  Loss/l1: 0.00794  ,  Loss/location: 0.12415  ,  pro_loss: 0.14890  ,  IoU: 0.87140  ,  Loss/sim: 0.00000
[train: Epoch 16, 1850 / 1875] FPS: 199.6 (66.8)  ,  DataTime: 0.099 (0.005)  ,  ForwardTime: 0.056  ,  TotalTime: 0.160  ,  Loss/total: 0.46600  ,  Loss/giou: 0.13625  ,  Loss/l1: 0.00793  ,  Loss/location: 0.12407  ,  pro_loss: 0.14874  ,  IoU: 0.87145  ,  Loss/sim: 0.00000
[train: Epoch 16, 1875 / 1875] FPS: 200.7 (516.8)  ,  DataTime: 0.098 (0.005)  ,  ForwardTime: 0.056  ,  TotalTime: 0.159  ,  Loss/total: 0.46589  ,  Loss/giou: 0.13620  ,  Loss/l1: 0.00793  ,  Loss/location: 0.12410  ,  pro_loss: 0.14876  ,  IoU: 0.87148  ,  Loss/sim: 0.00000
[train: Epoch 17, 50 / 1875] FPS: 220.0 (488.7)  ,  DataTime: 0.083 (0.005)  ,  ForwardTime: 0.057  ,  TotalTime: 0.145  ,  Loss/total: 0.46943  ,  Loss/giou: 0.13601  ,  Loss/l1: 0.00792  ,  Loss/location: 0.12697  ,  pro_loss: 0.15417  ,  IoU: 0.87124  ,  Loss/sim: 0.00000
[train: Epoch 17, 100 / 1875] FPS: 241.9 (244.9)  ,  DataTime: 0.070 (0.005)  ,  ForwardTime: 0.057  ,  TotalTime: 0.132  ,  Loss/total: 0.46850  ,  Loss/giou: 0.13703  ,  Loss/l1: 0.00782  ,  Loss/location: 0.12425  ,  pro_loss: 0.15542  ,  IoU: 0.87037  ,  Loss/sim: 0.00000
[train: Epoch 17, 150 / 1875] FPS: 248.3 (497.1)  ,  DataTime: 0.067 (0.005)  ,  ForwardTime: 0.057  ,  TotalTime: 0.129  ,  Loss/total: 0.46673  ,  Loss/giou: 0.13569  ,  Loss/l1: 0.00782  ,  Loss/location: 0.12538  ,  pro_loss: 0.15424  ,  IoU: 0.87151  ,  Loss/sim: 0.00000
[train: Epoch 17, 200 / 1875] FPS: 254.6 (490.2)  ,  DataTime: 0.064 (0.005)  ,  ForwardTime: 0.057  ,  TotalTime: 0.126  ,  Loss/total: 0.47076  ,  Loss/giou: 0.13691  ,  Loss/l1: 0.00796  ,  Loss/location: 0.12662  ,  pro_loss: 0.15266  ,  IoU: 0.87060  ,  Loss/sim: 0.00000
[train: Epoch 17, 250 / 1875] FPS: 254.7 (464.1)  ,  DataTime: 0.064 (0.005)  ,  ForwardTime: 0.057  ,  TotalTime: 0.126  ,  Loss/total: 0.47288  ,  Loss/giou: 0.13715  ,  Loss/l1: 0.00801  ,  Loss/location: 0.12821  ,  pro_loss: 0.15158  ,  IoU: 0.87038  ,  Loss/sim: 0.00000
[train: Epoch 17, 300 / 1875] FPS: 259.4 (492.4)  ,  DataTime: 0.062 (0.005)  ,  ForwardTime: 0.057  ,  TotalTime: 0.123  ,  Loss/total: 0.47362  ,  Loss/giou: 0.13760  ,  Loss/l1: 0.00805  ,  Loss/location: 0.12788  ,  pro_loss: 0.15146  ,  IoU: 0.86998  ,  Loss/sim: 0.00000
[train: Epoch 17, 350 / 1875] FPS: 262.4 (136.0)  ,  DataTime: 0.060 (0.005)  ,  ForwardTime: 0.057  ,  TotalTime: 0.122  ,  Loss/total: 0.47136  ,  Loss/giou: 0.13757  ,  Loss/l1: 0.00806  ,  Loss/location: 0.12593  ,  pro_loss: 0.14994  ,  IoU: 0.87006  ,  Loss/sim: 0.00000
[train: Epoch 17, 400 / 1875] FPS: 260.6 (491.8)  ,  DataTime: 0.061 (0.005)  ,  ForwardTime: 0.057  ,  TotalTime: 0.123  ,  Loss/total: 0.46996  ,  Loss/giou: 0.13752  ,  Loss/l1: 0.00805  ,  Loss/location: 0.12473  ,  pro_loss: 0.14979  ,  IoU: 0.87008  ,  Loss/sim: 0.00000
[train: Epoch 17, 450 / 1875] FPS: 264.6 (481.6)  ,  DataTime: 0.059 (0.005)  ,  ForwardTime: 0.057  ,  TotalTime: 0.121  ,  Loss/total: 0.47025  ,  Loss/giou: 0.13749  ,  Loss/l1: 0.00804  ,  Loss/location: 0.12510  ,  pro_loss: 0.14977  ,  IoU: 0.87018  ,  Loss/sim: 0.00000
[train: Epoch 17, 500 / 1875] FPS: 264.7 (483.1)  ,  DataTime: 0.059 (0.005)  ,  ForwardTime: 0.057  ,  TotalTime: 0.121  ,  Loss/total: 0.46831  ,  Loss/giou: 0.13677  ,  Loss/l1: 0.00797  ,  Loss/location: 0.12499  ,  pro_loss: 0.14956  ,  IoU: 0.87070  ,  Loss/sim: 0.00000
[train: Epoch 17, 550 / 1875] FPS: 269.1 (479.7)  ,  DataTime: 0.057 (0.005)  ,  ForwardTime: 0.057  ,  TotalTime: 0.119  ,  Loss/total: 0.46766  ,  Loss/giou: 0.13679  ,  Loss/l1: 0.00795  ,  Loss/location: 0.12437  ,  pro_loss: 0.14983  ,  IoU: 0.87066  ,  Loss/sim: 0.00000
[train: Epoch 17, 600 / 1875] FPS: 268.1 (502.3)  ,  DataTime: 0.058 (0.005)  ,  ForwardTime: 0.057  ,  TotalTime: 0.119  ,  Loss/total: 0.46633  ,  Loss/giou: 0.13638  ,  Loss/l1: 0.00791  ,  Loss/location: 0.12405  ,  pro_loss: 0.14974  ,  IoU: 0.87106  ,  Loss/sim: 0.00000
[train: Epoch 17, 650 / 1875] FPS: 269.2 (482.4)  ,  DataTime: 0.057 (0.005)  ,  ForwardTime: 0.057  ,  TotalTime: 0.119  ,  Loss/total: 0.46583  ,  Loss/giou: 0.13615  ,  Loss/l1: 0.00792  ,  Loss/location: 0.12393  ,  pro_loss: 0.15002  ,  IoU: 0.87132  ,  Loss/sim: 0.00000
[train: Epoch 17, 700 / 1875] FPS: 269.8 (78.0)  ,  DataTime: 0.057 (0.005)  ,  ForwardTime: 0.057  ,  TotalTime: 0.119  ,  Loss/total: 0.46479  ,  Loss/giou: 0.13587  ,  Loss/l1: 0.00789  ,  Loss/location: 0.12358  ,  pro_loss: 0.15013  ,  IoU: 0.87154  ,  Loss/sim: 0.00000
[train: Epoch 17, 750 / 1875] FPS: 270.3 (489.7)  ,  DataTime: 0.057 (0.005)  ,  ForwardTime: 0.057  ,  TotalTime: 0.118  ,  Loss/total: 0.46448  ,  Loss/giou: 0.13569  ,  Loss/l1: 0.00788  ,  Loss/location: 0.12369  ,  pro_loss: 0.14999  ,  IoU: 0.87169  ,  Loss/sim: 0.00000
[train: Epoch 17, 800 / 1875] FPS: 271.3 (495.1)  ,  DataTime: 0.056 (0.005)  ,  ForwardTime: 0.057  ,  TotalTime: 0.118  ,  Loss/total: 0.46500  ,  Loss/giou: 0.13588  ,  Loss/l1: 0.00790  ,  Loss/location: 0.12370  ,  pro_loss: 0.15021  ,  IoU: 0.87158  ,  Loss/sim: 0.00000
[train: Epoch 17, 850 / 1875] FPS: 272.4 (480.7)  ,  DataTime: 0.056 (0.005)  ,  ForwardTime: 0.057  ,  TotalTime: 0.117  ,  Loss/total: 0.46630  ,  Loss/giou: 0.13622  ,  Loss/l1: 0.00794  ,  Loss/location: 0.12406  ,  pro_loss: 0.15036  ,  IoU: 0.87133  ,  Loss/sim: 0.00000
[train: Epoch 17, 900 / 1875] FPS: 273.6 (469.4)  ,  DataTime: 0.055 (0.005)  ,  ForwardTime: 0.057  ,  TotalTime: 0.117  ,  Loss/total: 0.46574  ,  Loss/giou: 0.13602  ,  Loss/l1: 0.00793  ,  Loss/location: 0.12407  ,  pro_loss: 0.15003  ,  IoU: 0.87148  ,  Loss/sim: 0.00000
[train: Epoch 17, 950 / 1875] FPS: 275.0 (498.7)  ,  DataTime: 0.054 (0.005)  ,  ForwardTime: 0.057  ,  TotalTime: 0.116  ,  Loss/total: 0.46635  ,  Loss/giou: 0.13615  ,  Loss/l1: 0.00793  ,  Loss/location: 0.12446  ,  pro_loss: 0.14979  ,  IoU: 0.87131  ,  Loss/sim: 0.00000
[train: Epoch 17, 1000 / 1875] FPS: 274.5 (472.4)  ,  DataTime: 0.055 (0.005)  ,  ForwardTime: 0.057  ,  TotalTime: 0.117  ,  Loss/total: 0.46643  ,  Loss/giou: 0.13615  ,  Loss/l1: 0.00792  ,  Loss/location: 0.12458  ,  pro_loss: 0.14970  ,  IoU: 0.87132  ,  Loss/sim: 0.00000
[train: Epoch 17, 1050 / 1875] FPS: 275.3 (500.1)  ,  DataTime: 0.054 (0.005)  ,  ForwardTime: 0.057  ,  TotalTime: 0.116  ,  Loss/total: 0.46659  ,  Loss/giou: 0.13596  ,  Loss/l1: 0.00790  ,  Loss/location: 0.12525  ,  pro_loss: 0.14956  ,  IoU: 0.87147  ,  Loss/sim: 0.00000
[train: Epoch 17, 1100 / 1875] FPS: 277.9 (492.8)  ,  DataTime: 0.053 (0.005)  ,  ForwardTime: 0.057  ,  TotalTime: 0.115  ,  Loss/total: 0.46690  ,  Loss/giou: 0.13588  ,  Loss/l1: 0.00792  ,  Loss/location: 0.12566  ,  pro_loss: 0.14949  ,  IoU: 0.87154  ,  Loss/sim: 0.00000
[train: Epoch 17, 1150 / 1875] FPS: 278.9 (360.1)  ,  DataTime: 0.053 (0.005)  ,  ForwardTime: 0.057  ,  TotalTime: 0.115  ,  Loss/total: 0.46744  ,  Loss/giou: 0.13601  ,  Loss/l1: 0.00792  ,  Loss/location: 0.12591  ,  pro_loss: 0.14963  ,  IoU: 0.87146  ,  Loss/sim: 0.00000
[train: Epoch 17, 1200 / 1875] FPS: 280.5 (470.3)  ,  DataTime: 0.052 (0.005)  ,  ForwardTime: 0.057  ,  TotalTime: 0.114  ,  Loss/total: 0.46731  ,  Loss/giou: 0.13595  ,  Loss/l1: 0.00790  ,  Loss/location: 0.12592  ,  pro_loss: 0.14982  ,  IoU: 0.87149  ,  Loss/sim: 0.00000
[train: Epoch 17, 1250 / 1875] FPS: 282.3 (502.5)  ,  DataTime: 0.051 (0.005)  ,  ForwardTime: 0.057  ,  TotalTime: 0.113  ,  Loss/total: 0.46730  ,  Loss/giou: 0.13591  ,  Loss/l1: 0.00791  ,  Loss/location: 0.12600  ,  pro_loss: 0.14981  ,  IoU: 0.87153  ,  Loss/sim: 0.00000
[train: Epoch 17, 1300 / 1875] FPS: 283.2 (485.1)  ,  DataTime: 0.051 (0.005)  ,  ForwardTime: 0.057  ,  TotalTime: 0.113  ,  Loss/total: 0.46774  ,  Loss/giou: 0.13599  ,  Loss/l1: 0.00791  ,  Loss/location: 0.12620  ,  pro_loss: 0.15006  ,  IoU: 0.87145  ,  Loss/sim: 0.00000
[train: Epoch 17, 1350 / 1875] FPS: 284.8 (487.0)  ,  DataTime: 0.050 (0.005)  ,  ForwardTime: 0.057  ,  TotalTime: 0.112  ,  Loss/total: 0.46767  ,  Loss/giou: 0.13609  ,  Loss/l1: 0.00791  ,  Loss/location: 0.12599  ,  pro_loss: 0.14968  ,  IoU: 0.87140  ,  Loss/sim: 0.00000
[train: Epoch 17, 1400 / 1875] FPS: 286.1 (473.1)  ,  DataTime: 0.050 (0.005)  ,  ForwardTime: 0.057  ,  TotalTime: 0.112  ,  Loss/total: 0.46833  ,  Loss/giou: 0.13622  ,  Loss/l1: 0.00793  ,  Loss/location: 0.12630  ,  pro_loss: 0.14978  ,  IoU: 0.87131  ,  Loss/sim: 0.00000
[train: Epoch 17, 1450 / 1875] FPS: 286.7 (490.8)  ,  DataTime: 0.049 (0.005)  ,  ForwardTime: 0.057  ,  TotalTime: 0.112  ,  Loss/total: 0.46778  ,  Loss/giou: 0.13615  ,  Loss/l1: 0.00791  ,  Loss/location: 0.12592  ,  pro_loss: 0.15001  ,  IoU: 0.87138  ,  Loss/sim: 0.00000
[train: Epoch 17, 1500 / 1875] FPS: 287.2 (504.7)  ,  DataTime: 0.049 (0.005)  ,  ForwardTime: 0.057  ,  TotalTime: 0.111  ,  Loss/total: 0.46745  ,  Loss/giou: 0.13617  ,  Loss/l1: 0.00792  ,  Loss/location: 0.12553  ,  pro_loss: 0.14994  ,  IoU: 0.87139  ,  Loss/sim: 0.00000
[train: Epoch 17, 1550 / 1875] FPS: 287.2 (433.1)  ,  DataTime: 0.049 (0.005)  ,  ForwardTime: 0.057  ,  TotalTime: 0.111  ,  Loss/total: 0.46680  ,  Loss/giou: 0.13595  ,  Loss/l1: 0.00790  ,  Loss/location: 0.12540  ,  pro_loss: 0.15009  ,  IoU: 0.87156  ,  Loss/sim: 0.00000
[train: Epoch 17, 1600 / 1875] FPS: 288.7 (500.9)  ,  DataTime: 0.049 (0.005)  ,  ForwardTime: 0.057  ,  TotalTime: 0.111  ,  Loss/total: 0.46707  ,  Loss/giou: 0.13598  ,  Loss/l1: 0.00790  ,  Loss/location: 0.12559  ,  pro_loss: 0.15009  ,  IoU: 0.87155  ,  Loss/sim: 0.00000
[train: Epoch 17, 1650 / 1875] FPS: 289.9 (492.4)  ,  DataTime: 0.048 (0.005)  ,  ForwardTime: 0.057  ,  TotalTime: 0.110  ,  Loss/total: 0.46749  ,  Loss/giou: 0.13605  ,  Loss/l1: 0.00792  ,  Loss/location: 0.12578  ,  pro_loss: 0.15006  ,  IoU: 0.87153  ,  Loss/sim: 0.00000
[train: Epoch 17, 1700 / 1875] FPS: 289.9 (40.5)  ,  DataTime: 0.048 (0.005)  ,  ForwardTime: 0.057  ,  TotalTime: 0.110  ,  Loss/total: 0.46737  ,  Loss/giou: 0.13595  ,  Loss/l1: 0.00792  ,  Loss/location: 0.12585  ,  pro_loss: 0.15006  ,  IoU: 0.87161  ,  Loss/sim: 0.00000
[train: Epoch 17, 1750 / 1875] FPS: 291.3 (468.3)  ,  DataTime: 0.048 (0.005)  ,  ForwardTime: 0.057  ,  TotalTime: 0.110  ,  Loss/total: 0.46713  ,  Loss/giou: 0.13583  ,  Loss/l1: 0.00792  ,  Loss/location: 0.12592  ,  pro_loss: 0.14981  ,  IoU: 0.87170  ,  Loss/sim: 0.00000
[train: Epoch 17, 1800 / 1875] FPS: 292.5 (471.4)  ,  DataTime: 0.047 (0.005)  ,  ForwardTime: 0.057  ,  TotalTime: 0.109  ,  Loss/total: 0.46648  ,  Loss/giou: 0.13571  ,  Loss/l1: 0.00790  ,  Loss/location: 0.12558  ,  pro_loss: 0.14974  ,  IoU: 0.87178  ,  Loss/sim: 0.00000
[train: Epoch 17, 1850 / 1875] FPS: 294.6 (462.9)  ,  DataTime: 0.046 (0.005)  ,  ForwardTime: 0.057  ,  TotalTime: 0.109  ,  Loss/total: 0.46641  ,  Loss/giou: 0.13571  ,  Loss/l1: 0.00791  ,  Loss/location: 0.12548  ,  pro_loss: 0.14970  ,  IoU: 0.87180  ,  Loss/sim: 0.00000
[train: Epoch 17, 1875 / 1875] FPS: 295.4 (515.3)  ,  DataTime: 0.046 (0.005)  ,  ForwardTime: 0.057  ,  TotalTime: 0.108  ,  Loss/total: 0.46662  ,  Loss/giou: 0.13578  ,  Loss/l1: 0.00792  ,  Loss/location: 0.12556  ,  pro_loss: 0.14963  ,  IoU: 0.87175  ,  Loss/sim: 0.00000
[train: Epoch 18, 50 / 1875] FPS: 277.0 (458.9)  ,  DataTime: 0.052 (0.005)  ,  ForwardTime: 0.058  ,  TotalTime: 0.116  ,  Loss/total: 0.47106  ,  Loss/giou: 0.13649  ,  Loss/l1: 0.00775  ,  Loss/location: 0.12982  ,  pro_loss: 0.14750  ,  IoU: 0.87027  ,  Loss/sim: 0.00000
[train: Epoch 18, 100 / 1875] FPS: 294.6 (464.7)  ,  DataTime: 0.045 (0.006)  ,  ForwardTime: 0.058  ,  TotalTime: 0.109  ,  Loss/total: 0.46537  ,  Loss/giou: 0.13575  ,  Loss/l1: 0.00768  ,  Loss/location: 0.12578  ,  pro_loss: 0.14854  ,  IoU: 0.87155  ,  Loss/sim: 0.00000
[train: Epoch 18, 150 / 1875] FPS: 319.9 (469.0)  ,  DataTime: 0.036 (0.006)  ,  ForwardTime: 0.058  ,  TotalTime: 0.100  ,  Loss/total: 0.46867  ,  Loss/giou: 0.13666  ,  Loss/l1: 0.00797  ,  Loss/location: 0.12545  ,  pro_loss: 0.15021  ,  IoU: 0.87094  ,  Loss/sim: 0.00000
[train: Epoch 18, 200 / 1875] FPS: 319.8 (497.7)  ,  DataTime: 0.036 (0.006)  ,  ForwardTime: 0.058  ,  TotalTime: 0.100  ,  Loss/total: 0.46611  ,  Loss/giou: 0.13615  ,  Loss/l1: 0.00799  ,  Loss/location: 0.12427  ,  pro_loss: 0.14781  ,  IoU: 0.87164  ,  Loss/sim: 0.00000
[train: Epoch 18, 250 / 1875] FPS: 331.1 (428.5)  ,  DataTime: 0.033 (0.006)  ,  ForwardTime: 0.058  ,  TotalTime: 0.097  ,  Loss/total: 0.46515  ,  Loss/giou: 0.13568  ,  Loss/l1: 0.00799  ,  Loss/location: 0.12395  ,  pro_loss: 0.14958  ,  IoU: 0.87220  ,  Loss/sim: 0.00000
[train: Epoch 18, 300 / 1875] FPS: 340.3 (481.8)  ,  DataTime: 0.030 (0.006)  ,  ForwardTime: 0.058  ,  TotalTime: 0.094  ,  Loss/total: 0.46479  ,  Loss/giou: 0.13563  ,  Loss/l1: 0.00796  ,  Loss/location: 0.12394  ,  pro_loss: 0.14896  ,  IoU: 0.87211  ,  Loss/sim: 0.00000
[train: Epoch 18, 350 / 1875] FPS: 344.4 (463.1)  ,  DataTime: 0.029 (0.006)  ,  ForwardTime: 0.058  ,  TotalTime: 0.093  ,  Loss/total: 0.46387  ,  Loss/giou: 0.13500  ,  Loss/l1: 0.00791  ,  Loss/location: 0.12452  ,  pro_loss: 0.14908  ,  IoU: 0.87256  ,  Loss/sim: 0.00000
[train: Epoch 18, 400 / 1875] FPS: 341.2 (460.0)  ,  DataTime: 0.030 (0.006)  ,  ForwardTime: 0.058  ,  TotalTime: 0.094  ,  Loss/total: 0.46543  ,  Loss/giou: 0.13567  ,  Loss/l1: 0.00793  ,  Loss/location: 0.12460  ,  pro_loss: 0.14922  ,  IoU: 0.87203  ,  Loss/sim: 0.00000
[train: Epoch 18, 450 / 1875] FPS: 343.5 (471.6)  ,  DataTime: 0.029 (0.006)  ,  ForwardTime: 0.058  ,  TotalTime: 0.093  ,  Loss/total: 0.46695  ,  Loss/giou: 0.13613  ,  Loss/l1: 0.00803  ,  Loss/location: 0.12469  ,  pro_loss: 0.14924  ,  IoU: 0.87182  ,  Loss/sim: 0.00000
[train: Epoch 18, 500 / 1875] FPS: 345.2 (208.8)  ,  DataTime: 0.029 (0.006)  ,  ForwardTime: 0.058  ,  TotalTime: 0.093  ,  Loss/total: 0.46458  ,  Loss/giou: 0.13577  ,  Loss/l1: 0.00801  ,  Loss/location: 0.12327  ,  pro_loss: 0.14860  ,  IoU: 0.87213  ,  Loss/sim: 0.00000
[train: Epoch 18, 550 / 1875] FPS: 345.4 (482.8)  ,  DataTime: 0.029 (0.006)  ,  ForwardTime: 0.058  ,  TotalTime: 0.093  ,  Loss/total: 0.46503  ,  Loss/giou: 0.13594  ,  Loss/l1: 0.00802  ,  Loss/location: 0.12326  ,  pro_loss: 0.14883  ,  IoU: 0.87197  ,  Loss/sim: 0.00000
[train: Epoch 18, 600 / 1875] FPS: 347.5 (477.2)  ,  DataTime: 0.028 (0.006)  ,  ForwardTime: 0.058  ,  TotalTime: 0.092  ,  Loss/total: 0.46320  ,  Loss/giou: 0.13549  ,  Loss/l1: 0.00797  ,  Loss/location: 0.12275  ,  pro_loss: 0.14828  ,  IoU: 0.87230  ,  Loss/sim: 0.00000
[train: Epoch 18, 650 / 1875] FPS: 348.0 (498.3)  ,  DataTime: 0.028 (0.006)  ,  ForwardTime: 0.058  ,  TotalTime: 0.092  ,  Loss/total: 0.46332  ,  Loss/giou: 0.13539  ,  Loss/l1: 0.00796  ,  Loss/location: 0.12305  ,  pro_loss: 0.14845  ,  IoU: 0.87238  ,  Loss/sim: 0.00000
[train: Epoch 18, 700 / 1875] FPS: 346.7 (493.4)  ,  DataTime: 0.029 (0.006)  ,  ForwardTime: 0.058  ,  TotalTime: 0.092  ,  Loss/total: 0.46283  ,  Loss/giou: 0.13520  ,  Loss/l1: 0.00794  ,  Loss/location: 0.12301  ,  pro_loss: 0.14869  ,  IoU: 0.87250  ,  Loss/sim: 0.00000
[train: Epoch 18, 750 / 1875] FPS: 347.7 (457.5)  ,  DataTime: 0.028 (0.006)  ,  ForwardTime: 0.058  ,  TotalTime: 0.092  ,  Loss/total: 0.46394  ,  Loss/giou: 0.13544  ,  Loss/l1: 0.00796  ,  Loss/location: 0.12364  ,  pro_loss: 0.14813  ,  IoU: 0.87228  ,  Loss/sim: 0.00000
[train: Epoch 18, 800 / 1875] FPS: 350.4 (509.1)  ,  DataTime: 0.027 (0.006)  ,  ForwardTime: 0.058  ,  TotalTime: 0.091  ,  Loss/total: 0.46399  ,  Loss/giou: 0.13536  ,  Loss/l1: 0.00795  ,  Loss/location: 0.12390  ,  pro_loss: 0.14820  ,  IoU: 0.87235  ,  Loss/sim: 0.00000
[train: Epoch 18, 850 / 1875] FPS: 350.8 (244.3)  ,  DataTime: 0.027 (0.006)  ,  ForwardTime: 0.058  ,  TotalTime: 0.091  ,  Loss/total: 0.46421  ,  Loss/giou: 0.13556  ,  Loss/l1: 0.00796  ,  Loss/location: 0.12361  ,  pro_loss: 0.14835  ,  IoU: 0.87220  ,  Loss/sim: 0.00000
[train: Epoch 18, 900 / 1875] FPS: 351.1 (114.9)  ,  DataTime: 0.027 (0.006)  ,  ForwardTime: 0.058  ,  TotalTime: 0.091  ,  Loss/total: 0.46370  ,  Loss/giou: 0.13535  ,  Loss/l1: 0.00793  ,  Loss/location: 0.12370  ,  pro_loss: 0.14825  ,  IoU: 0.87230  ,  Loss/sim: 0.00000
[train: Epoch 18, 950 / 1875] FPS: 352.0 (461.2)  ,  DataTime: 0.027 (0.006)  ,  ForwardTime: 0.058  ,  TotalTime: 0.091  ,  Loss/total: 0.46466  ,  Loss/giou: 0.13556  ,  Loss/l1: 0.00795  ,  Loss/location: 0.12409  ,  pro_loss: 0.14859  ,  IoU: 0.87216  ,  Loss/sim: 0.00000
[train: Epoch 18, 1000 / 1875] FPS: 353.2 (464.2)  ,  DataTime: 0.027 (0.006)  ,  ForwardTime: 0.058  ,  TotalTime: 0.091  ,  Loss/total: 0.46470  ,  Loss/giou: 0.13562  ,  Loss/l1: 0.00794  ,  Loss/location: 0.12400  ,  pro_loss: 0.14870  ,  IoU: 0.87211  ,  Loss/sim: 0.00000
[train: Epoch 18, 1050 / 1875] FPS: 353.2 (488.3)  ,  DataTime: 0.027 (0.006)  ,  ForwardTime: 0.058  ,  TotalTime: 0.091  ,  Loss/total: 0.46469  ,  Loss/giou: 0.13562  ,  Loss/l1: 0.00795  ,  Loss/location: 0.12403  ,  pro_loss: 0.14845  ,  IoU: 0.87214  ,  Loss/sim: 0.00000
[train: Epoch 18, 1100 / 1875] FPS: 353.7 (423.7)  ,  DataTime: 0.027 (0.006)  ,  ForwardTime: 0.058  ,  TotalTime: 0.090  ,  Loss/total: 0.46415  ,  Loss/giou: 0.13559  ,  Loss/l1: 0.00794  ,  Loss/location: 0.12359  ,  pro_loss: 0.14843  ,  IoU: 0.87219  ,  Loss/sim: 0.00000
[train: Epoch 18, 1150 / 1875] FPS: 355.4 (442.2)  ,  DataTime: 0.026 (0.006)  ,  ForwardTime: 0.058  ,  TotalTime: 0.090  ,  Loss/total: 0.46408  ,  Loss/giou: 0.13545  ,  Loss/l1: 0.00792  ,  Loss/location: 0.12383  ,  pro_loss: 0.14874  ,  IoU: 0.87230  ,  Loss/sim: 0.00000
[train: Epoch 18, 1200 / 1875] FPS: 356.6 (458.8)  ,  DataTime: 0.026 (0.006)  ,  ForwardTime: 0.058  ,  TotalTime: 0.090  ,  Loss/total: 0.46399  ,  Loss/giou: 0.13546  ,  Loss/l1: 0.00793  ,  Loss/location: 0.12365  ,  pro_loss: 0.14897  ,  IoU: 0.87230  ,  Loss/sim: 0.00000
[train: Epoch 18, 1250 / 1875] FPS: 357.1 (470.8)  ,  DataTime: 0.026 (0.006)  ,  ForwardTime: 0.058  ,  TotalTime: 0.090  ,  Loss/total: 0.46425  ,  Loss/giou: 0.13560  ,  Loss/l1: 0.00793  ,  Loss/location: 0.12363  ,  pro_loss: 0.14894  ,  IoU: 0.87216  ,  Loss/sim: 0.00000
[train: Epoch 18, 1300 / 1875] FPS: 359.5 (445.0)  ,  DataTime: 0.025 (0.006)  ,  ForwardTime: 0.058  ,  TotalTime: 0.089  ,  Loss/total: 0.46344  ,  Loss/giou: 0.13535  ,  Loss/l1: 0.00791  ,  Loss/location: 0.12342  ,  pro_loss: 0.14885  ,  IoU: 0.87235  ,  Loss/sim: 0.00000
[train: Epoch 18, 1350 / 1875] FPS: 360.7 (492.6)  ,  DataTime: 0.025 (0.006)  ,  ForwardTime: 0.058  ,  TotalTime: 0.089  ,  Loss/total: 0.46346  ,  Loss/giou: 0.13542  ,  Loss/l1: 0.00790  ,  Loss/location: 0.12328  ,  pro_loss: 0.14908  ,  IoU: 0.87226  ,  Loss/sim: 0.00000
[train: Epoch 18, 1400 / 1875] FPS: 362.0 (476.3)  ,  DataTime: 0.024 (0.006)  ,  ForwardTime: 0.058  ,  TotalTime: 0.088  ,  Loss/total: 0.46382  ,  Loss/giou: 0.13560  ,  Loss/l1: 0.00791  ,  Loss/location: 0.12328  ,  pro_loss: 0.14893  ,  IoU: 0.87208  ,  Loss/sim: 0.00000
[train: Epoch 18, 1450 / 1875] FPS: 361.3 (459.3)  ,  DataTime: 0.025 (0.006)  ,  ForwardTime: 0.058  ,  TotalTime: 0.089  ,  Loss/total: 0.46360  ,  Loss/giou: 0.13553  ,  Loss/l1: 0.00790  ,  Loss/location: 0.12325  ,  pro_loss: 0.14902  ,  IoU: 0.87213  ,  Loss/sim: 0.00000
[train: Epoch 18, 1500 / 1875] FPS: 363.5 (436.6)  ,  DataTime: 0.024 (0.006)  ,  ForwardTime: 0.058  ,  TotalTime: 0.088  ,  Loss/total: 0.46375  ,  Loss/giou: 0.13560  ,  Loss/l1: 0.00791  ,  Loss/location: 0.12319  ,  pro_loss: 0.14903  ,  IoU: 0.87207  ,  Loss/sim: 0.00000
[train: Epoch 18, 1550 / 1875] FPS: 365.8 (460.4)  ,  DataTime: 0.023 (0.006)  ,  ForwardTime: 0.059  ,  TotalTime: 0.087  ,  Loss/total: 0.46323  ,  Loss/giou: 0.13549  ,  Loss/l1: 0.00791  ,  Loss/location: 0.12287  ,  pro_loss: 0.14917  ,  IoU: 0.87214  ,  Loss/sim: 0.00000
[train: Epoch 18, 1600 / 1875] FPS: 366.6 (469.1)  ,  DataTime: 0.023 (0.006)  ,  ForwardTime: 0.059  ,  TotalTime: 0.087  ,  Loss/total: 0.46309  ,  Loss/giou: 0.13539  ,  Loss/l1: 0.00790  ,  Loss/location: 0.12300  ,  pro_loss: 0.14914  ,  IoU: 0.87221  ,  Loss/sim: 0.00000
[train: Epoch 18, 1650 / 1875] FPS: 368.1 (458.1)  ,  DataTime: 0.023 (0.006)  ,  ForwardTime: 0.059  ,  TotalTime: 0.087  ,  Loss/total: 0.46270  ,  Loss/giou: 0.13527  ,  Loss/l1: 0.00789  ,  Loss/location: 0.12284  ,  pro_loss: 0.14928  ,  IoU: 0.87230  ,  Loss/sim: 0.00000
[train: Epoch 18, 1700 / 1875] FPS: 368.5 (432.1)  ,  DataTime: 0.023 (0.006)  ,  ForwardTime: 0.059  ,  TotalTime: 0.087  ,  Loss/total: 0.46258  ,  Loss/giou: 0.13524  ,  Loss/l1: 0.00789  ,  Loss/location: 0.12277  ,  pro_loss: 0.14941  ,  IoU: 0.87234  ,  Loss/sim: 0.00000
[train: Epoch 18, 1750 / 1875] FPS: 370.2 (476.5)  ,  DataTime: 0.022 (0.006)  ,  ForwardTime: 0.059  ,  TotalTime: 0.086  ,  Loss/total: 0.46201  ,  Loss/giou: 0.13512  ,  Loss/l1: 0.00788  ,  Loss/location: 0.12248  ,  pro_loss: 0.14950  ,  IoU: 0.87243  ,  Loss/sim: 0.00000
[train: Epoch 18, 1800 / 1875] FPS: 371.6 (492.5)  ,  DataTime: 0.022 (0.006)  ,  ForwardTime: 0.059  ,  TotalTime: 0.086  ,  Loss/total: 0.46191  ,  Loss/giou: 0.13515  ,  Loss/l1: 0.00788  ,  Loss/location: 0.12233  ,  pro_loss: 0.14951  ,  IoU: 0.87241  ,  Loss/sim: 0.00000
[train: Epoch 18, 1850 / 1875] FPS: 373.0 (466.7)  ,  DataTime: 0.022 (0.006)  ,  ForwardTime: 0.059  ,  TotalTime: 0.086  ,  Loss/total: 0.46140  ,  Loss/giou: 0.13499  ,  Loss/l1: 0.00786  ,  Loss/location: 0.12223  ,  pro_loss: 0.14936  ,  IoU: 0.87255  ,  Loss/sim: 0.00000
[train: Epoch 18, 1875 / 1875] FPS: 374.0 (493.8)  ,  DataTime: 0.021 (0.006)  ,  ForwardTime: 0.059  ,  TotalTime: 0.086  ,  Loss/total: 0.46128  ,  Loss/giou: 0.13496  ,  Loss/l1: 0.00786  ,  Loss/location: 0.12219  ,  pro_loss: 0.14933  ,  IoU: 0.87257  ,  Loss/sim: 0.00000
[train: Epoch 19, 50 / 1875] FPS: 299.7 (460.7)  ,  DataTime: 0.043 (0.006)  ,  ForwardTime: 0.058  ,  TotalTime: 0.107  ,  Loss/total: 0.48110  ,  Loss/giou: 0.13986  ,  Loss/l1: 0.00794  ,  Loss/location: 0.13104  ,  pro_loss: 0.15314  ,  IoU: 0.86809  ,  Loss/sim: 0.00000
[train: Epoch 19, 100 / 1875] FPS: 356.3 (461.6)  ,  DataTime: 0.025 (0.006)  ,  ForwardTime: 0.059  ,  TotalTime: 0.090  ,  Loss/total: 0.46299  ,  Loss/giou: 0.13434  ,  Loss/l1: 0.00765  ,  Loss/location: 0.12672  ,  pro_loss: 0.14667  ,  IoU: 0.87298  ,  Loss/sim: 0.00000
[train: Epoch 19, 150 / 1875] FPS: 369.3 (464.4)  ,  DataTime: 0.022 (0.006)  ,  ForwardTime: 0.059  ,  TotalTime: 0.087  ,  Loss/total: 0.46294  ,  Loss/giou: 0.13513  ,  Loss/l1: 0.00784  ,  Loss/location: 0.12336  ,  pro_loss: 0.15056  ,  IoU: 0.87231  ,  Loss/sim: 0.00000
[train: Epoch 19, 200 / 1875] FPS: 383.7 (190.3)  ,  DataTime: 0.018 (0.006)  ,  ForwardTime: 0.059  ,  TotalTime: 0.083  ,  Loss/total: 0.46084  ,  Loss/giou: 0.13503  ,  Loss/l1: 0.00777  ,  Loss/location: 0.12155  ,  pro_loss: 0.15198  ,  IoU: 0.87247  ,  Loss/sim: 0.00000
[train: Epoch 19, 250 / 1875] FPS: 392.3 (253.2)  ,  DataTime: 0.017 (0.006)  ,  ForwardTime: 0.059  ,  TotalTime: 0.082  ,  Loss/total: 0.46195  ,  Loss/giou: 0.13551  ,  Loss/l1: 0.00787  ,  Loss/location: 0.12136  ,  pro_loss: 0.15096  ,  IoU: 0.87214  ,  Loss/sim: 0.00000
[train: Epoch 19, 300 / 1875] FPS: 399.3 (457.5)  ,  DataTime: 0.015 (0.006)  ,  ForwardTime: 0.059  ,  TotalTime: 0.080  ,  Loss/total: 0.46244  ,  Loss/giou: 0.13618  ,  Loss/l1: 0.00796  ,  Loss/location: 0.12021  ,  pro_loss: 0.15031  ,  IoU: 0.87159  ,  Loss/sim: 0.00000
[train: Epoch 19, 350 / 1875] FPS: 406.2 (435.1)  ,  DataTime: 0.014 (0.006)  ,  ForwardTime: 0.059  ,  TotalTime: 0.079  ,  Loss/total: 0.46448  ,  Loss/giou: 0.13646  ,  Loss/l1: 0.00793  ,  Loss/location: 0.12195  ,  pro_loss: 0.14988  ,  IoU: 0.87124  ,  Loss/sim: 0.00000
[train: Epoch 19, 400 / 1875] FPS: 404.4 (501.6)  ,  DataTime: 0.014 (0.006)  ,  ForwardTime: 0.059  ,  TotalTime: 0.079  ,  Loss/total: 0.46323  ,  Loss/giou: 0.13601  ,  Loss/l1: 0.00790  ,  Loss/location: 0.12177  ,  pro_loss: 0.14966  ,  IoU: 0.87165  ,  Loss/sim: 0.00000
[train: Epoch 19, 450 / 1875] FPS: 404.6 (467.8)  ,  DataTime: 0.014 (0.006)  ,  ForwardTime: 0.059  ,  TotalTime: 0.079  ,  Loss/total: 0.46441  ,  Loss/giou: 0.13637  ,  Loss/l1: 0.00796  ,  Loss/location: 0.12208  ,  pro_loss: 0.14908  ,  IoU: 0.87136  ,  Loss/sim: 0.00000
[train: Epoch 19, 500 / 1875] FPS: 408.8 (426.6)  ,  DataTime: 0.013 (0.006)  ,  ForwardTime: 0.059  ,  TotalTime: 0.078  ,  Loss/total: 0.46271  ,  Loss/giou: 0.13587  ,  Loss/l1: 0.00790  ,  Loss/location: 0.12179  ,  pro_loss: 0.14833  ,  IoU: 0.87170  ,  Loss/sim: 0.00000
[train: Epoch 19, 550 / 1875] FPS: 411.4 (489.8)  ,  DataTime: 0.012 (0.006)  ,  ForwardTime: 0.059  ,  TotalTime: 0.078  ,  Loss/total: 0.46165  ,  Loss/giou: 0.13549  ,  Loss/l1: 0.00788  ,  Loss/location: 0.12153  ,  pro_loss: 0.14868  ,  IoU: 0.87197  ,  Loss/sim: 0.00000
[train: Epoch 19, 600 / 1875] FPS: 414.5 (466.5)  ,  DataTime: 0.012 (0.006)  ,  ForwardTime: 0.059  ,  TotalTime: 0.077  ,  Loss/total: 0.46016  ,  Loss/giou: 0.13504  ,  Loss/l1: 0.00786  ,  Loss/location: 0.12111  ,  pro_loss: 0.14844  ,  IoU: 0.87235  ,  Loss/sim: 0.00000
[train: Epoch 19, 650 / 1875] FPS: 417.0 (461.7)  ,  DataTime: 0.011 (0.006)  ,  ForwardTime: 0.059  ,  TotalTime: 0.077  ,  Loss/total: 0.46027  ,  Loss/giou: 0.13535  ,  Loss/l1: 0.00788  ,  Loss/location: 0.12062  ,  pro_loss: 0.14773  ,  IoU: 0.87215  ,  Loss/sim: 0.00000
[train: Epoch 19, 700 / 1875] FPS: 416.4 (465.1)  ,  DataTime: 0.012 (0.006)  ,  ForwardTime: 0.059  ,  TotalTime: 0.077  ,  Loss/total: 0.46108  ,  Loss/giou: 0.13549  ,  Loss/l1: 0.00791  ,  Loss/location: 0.12099  ,  pro_loss: 0.14790  ,  IoU: 0.87207  ,  Loss/sim: 0.00000
[train: Epoch 19, 750 / 1875] FPS: 416.2 (405.9)  ,  DataTime: 0.012 (0.006)  ,  ForwardTime: 0.059  ,  TotalTime: 0.077  ,  Loss/total: 0.46181  ,  Loss/giou: 0.13567  ,  Loss/l1: 0.00792  ,  Loss/location: 0.12129  ,  pro_loss: 0.14797  ,  IoU: 0.87194  ,  Loss/sim: 0.00000
[train: Epoch 19, 800 / 1875] FPS: 418.5 (480.9)  ,  DataTime: 0.011 (0.006)  ,  ForwardTime: 0.059  ,  TotalTime: 0.076  ,  Loss/total: 0.46318  ,  Loss/giou: 0.13583  ,  Loss/l1: 0.00794  ,  Loss/location: 0.12215  ,  pro_loss: 0.14828  ,  IoU: 0.87183  ,  Loss/sim: 0.00000
[train: Epoch 19, 850 / 1875] FPS: 419.3 (435.9)  ,  DataTime: 0.011 (0.006)  ,  ForwardTime: 0.059  ,  TotalTime: 0.076  ,  Loss/total: 0.46177  ,  Loss/giou: 0.13545  ,  Loss/l1: 0.00791  ,  Loss/location: 0.12169  ,  pro_loss: 0.14809  ,  IoU: 0.87219  ,  Loss/sim: 0.00000
[train: Epoch 19, 900 / 1875] FPS: 421.0 (456.2)  ,  DataTime: 0.011 (0.006)  ,  ForwardTime: 0.059  ,  TotalTime: 0.076  ,  Loss/total: 0.46238  ,  Loss/giou: 0.13577  ,  Loss/l1: 0.00793  ,  Loss/location: 0.12154  ,  pro_loss: 0.14817  ,  IoU: 0.87191  ,  Loss/sim: 0.00000
[train: Epoch 19, 950 / 1875] FPS: 422.4 (484.2)  ,  DataTime: 0.010 (0.006)  ,  ForwardTime: 0.059  ,  TotalTime: 0.076  ,  Loss/total: 0.46303  ,  Loss/giou: 0.13584  ,  Loss/l1: 0.00794  ,  Loss/location: 0.12206  ,  pro_loss: 0.14798  ,  IoU: 0.87187  ,  Loss/sim: 0.00000
[train: Epoch 19, 1000 / 1875] FPS: 423.7 (432.5)  ,  DataTime: 0.010 (0.006)  ,  ForwardTime: 0.059  ,  TotalTime: 0.076  ,  Loss/total: 0.46228  ,  Loss/giou: 0.13575  ,  Loss/l1: 0.00792  ,  Loss/location: 0.12151  ,  pro_loss: 0.14848  ,  IoU: 0.87195  ,  Loss/sim: 0.00000
[train: Epoch 19, 1050 / 1875] FPS: 425.0 (468.1)  ,  DataTime: 0.010 (0.006)  ,  ForwardTime: 0.059  ,  TotalTime: 0.075  ,  Loss/total: 0.46270  ,  Loss/giou: 0.13587  ,  Loss/l1: 0.00791  ,  Loss/location: 0.12169  ,  pro_loss: 0.14863  ,  IoU: 0.87182  ,  Loss/sim: 0.00000
[train: Epoch 19, 1100 / 1875] FPS: 423.4 (431.2)  ,  DataTime: 0.010 (0.006)  ,  ForwardTime: 0.059  ,  TotalTime: 0.076  ,  Loss/total: 0.46210  ,  Loss/giou: 0.13575  ,  Loss/l1: 0.00790  ,  Loss/location: 0.12131  ,  pro_loss: 0.14894  ,  IoU: 0.87192  ,  Loss/sim: 0.00000
[train: Epoch 19, 1150 / 1875] FPS: 423.7 (454.6)  ,  DataTime: 0.010 (0.006)  ,  ForwardTime: 0.059  ,  TotalTime: 0.076  ,  Loss/total: 0.46235  ,  Loss/giou: 0.13577  ,  Loss/l1: 0.00789  ,  Loss/location: 0.12162  ,  pro_loss: 0.14873  ,  IoU: 0.87192  ,  Loss/sim: 0.00000
[train: Epoch 19, 1200 / 1875] FPS: 424.5 (428.7)  ,  DataTime: 0.010 (0.006)  ,  ForwardTime: 0.059  ,  TotalTime: 0.075  ,  Loss/total: 0.46221  ,  Loss/giou: 0.13585  ,  Loss/l1: 0.00789  ,  Loss/location: 0.12129  ,  pro_loss: 0.14894  ,  IoU: 0.87185  ,  Loss/sim: 0.00000
[train: Epoch 19, 1250 / 1875] FPS: 425.5 (414.6)  ,  DataTime: 0.010 (0.006)  ,  ForwardTime: 0.059  ,  TotalTime: 0.075  ,  Loss/total: 0.46286  ,  Loss/giou: 0.13606  ,  Loss/l1: 0.00789  ,  Loss/location: 0.12149  ,  pro_loss: 0.14911  ,  IoU: 0.87168  ,  Loss/sim: 0.00000
[train: Epoch 19, 1300 / 1875] FPS: 426.2 (444.6)  ,  DataTime: 0.010 (0.006)  ,  ForwardTime: 0.060  ,  TotalTime: 0.075  ,  Loss/total: 0.46249  ,  Loss/giou: 0.13599  ,  Loss/l1: 0.00789  ,  Loss/location: 0.12127  ,  pro_loss: 0.14913  ,  IoU: 0.87172  ,  Loss/sim: 0.00000
[train: Epoch 19, 1350 / 1875] FPS: 426.8 (467.3)  ,  DataTime: 0.010 (0.006)  ,  ForwardTime: 0.060  ,  TotalTime: 0.075  ,  Loss/total: 0.46237  ,  Loss/giou: 0.13587  ,  Loss/l1: 0.00788  ,  Loss/location: 0.12138  ,  pro_loss: 0.14930  ,  IoU: 0.87180  ,  Loss/sim: 0.00000
[train: Epoch 19, 1400 / 1875] FPS: 427.6 (490.0)  ,  DataTime: 0.009 (0.006)  ,  ForwardTime: 0.060  ,  TotalTime: 0.075  ,  Loss/total: 0.46195  ,  Loss/giou: 0.13562  ,  Loss/l1: 0.00786  ,  Loss/location: 0.12151  ,  pro_loss: 0.14944  ,  IoU: 0.87202  ,  Loss/sim: 0.00000
[train: Epoch 19, 1450 / 1875] FPS: 427.6 (474.7)  ,  DataTime: 0.009 (0.006)  ,  ForwardTime: 0.060  ,  TotalTime: 0.075  ,  Loss/total: 0.46140  ,  Loss/giou: 0.13545  ,  Loss/l1: 0.00786  ,  Loss/location: 0.12132  ,  pro_loss: 0.14936  ,  IoU: 0.87216  ,  Loss/sim: 0.00000
[train: Epoch 19, 1500 / 1875] FPS: 428.2 (487.0)  ,  DataTime: 0.009 (0.006)  ,  ForwardTime: 0.060  ,  TotalTime: 0.075  ,  Loss/total: 0.46137  ,  Loss/giou: 0.13538  ,  Loss/l1: 0.00786  ,  Loss/location: 0.12144  ,  pro_loss: 0.14947  ,  IoU: 0.87222  ,  Loss/sim: 0.00000
[train: Epoch 19, 1550 / 1875] FPS: 428.5 (469.2)  ,  DataTime: 0.009 (0.006)  ,  ForwardTime: 0.060  ,  TotalTime: 0.075  ,  Loss/total: 0.46111  ,  Loss/giou: 0.13529  ,  Loss/l1: 0.00784  ,  Loss/location: 0.12140  ,  pro_loss: 0.14952  ,  IoU: 0.87228  ,  Loss/sim: 0.00000
[train: Epoch 19, 1600 / 1875] FPS: 429.2 (485.7)  ,  DataTime: 0.009 (0.006)  ,  ForwardTime: 0.060  ,  TotalTime: 0.075  ,  Loss/total: 0.46117  ,  Loss/giou: 0.13527  ,  Loss/l1: 0.00785  ,  Loss/location: 0.12143  ,  pro_loss: 0.14975  ,  IoU: 0.87232  ,  Loss/sim: 0.00000
[train: Epoch 19, 1650 / 1875] FPS: 429.1 (452.9)  ,  DataTime: 0.009 (0.006)  ,  ForwardTime: 0.060  ,  TotalTime: 0.075  ,  Loss/total: 0.46108  ,  Loss/giou: 0.13520  ,  Loss/l1: 0.00784  ,  Loss/location: 0.12145  ,  pro_loss: 0.15010  ,  IoU: 0.87235  ,  Loss/sim: 0.00000
[train: Epoch 19, 1700 / 1875] FPS: 429.6 (431.7)  ,  DataTime: 0.009 (0.006)  ,  ForwardTime: 0.060  ,  TotalTime: 0.074  ,  Loss/total: 0.46106  ,  Loss/giou: 0.13509  ,  Loss/l1: 0.00784  ,  Loss/location: 0.12165  ,  pro_loss: 0.15018  ,  IoU: 0.87242  ,  Loss/sim: 0.00000
[train: Epoch 19, 1750 / 1875] FPS: 430.2 (399.9)  ,  DataTime: 0.009 (0.006)  ,  ForwardTime: 0.060  ,  TotalTime: 0.074  ,  Loss/total: 0.46075  ,  Loss/giou: 0.13494  ,  Loss/l1: 0.00782  ,  Loss/location: 0.12174  ,  pro_loss: 0.15015  ,  IoU: 0.87255  ,  Loss/sim: 0.00000
[train: Epoch 19, 1800 / 1875] FPS: 430.6 (465.8)  ,  DataTime: 0.009 (0.006)  ,  ForwardTime: 0.060  ,  TotalTime: 0.074  ,  Loss/total: 0.46117  ,  Loss/giou: 0.13500  ,  Loss/l1: 0.00783  ,  Loss/location: 0.12203  ,  pro_loss: 0.15005  ,  IoU: 0.87249  ,  Loss/sim: 0.00000
[train: Epoch 19, 1850 / 1875] FPS: 431.0 (425.7)  ,  DataTime: 0.009 (0.006)  ,  ForwardTime: 0.060  ,  TotalTime: 0.074  ,  Loss/total: 0.46126  ,  Loss/giou: 0.13496  ,  Loss/l1: 0.00783  ,  Loss/location: 0.12218  ,  pro_loss: 0.15008  ,  IoU: 0.87254  ,  Loss/sim: 0.00000
[train: Epoch 19, 1875 / 1875] FPS: 431.6 (494.2)  ,  DataTime: 0.009 (0.006)  ,  ForwardTime: 0.060  ,  TotalTime: 0.074  ,  Loss/total: 0.46094  ,  Loss/giou: 0.13492  ,  Loss/l1: 0.00783  ,  Loss/location: 0.12192  ,  pro_loss: 0.15017  ,  IoU: 0.87256  ,  Loss/sim: 0.00000
[train: Epoch 20, 50 / 1875] FPS: 368.1 (463.6)  ,  DataTime: 0.020 (0.006)  ,  ForwardTime: 0.061  ,  TotalTime: 0.087  ,  Loss/total: 0.46728  ,  Loss/giou: 0.13650  ,  Loss/l1: 0.00789  ,  Loss/location: 0.12417  ,  pro_loss: 0.15333  ,  IoU: 0.87042  ,  Loss/sim: 0.00000
[train: Epoch 20, 100 / 1875] FPS: 397.9 (428.2)  ,  DataTime: 0.014 (0.006)  ,  ForwardTime: 0.060  ,  TotalTime: 0.080  ,  Loss/total: 0.46762  ,  Loss/giou: 0.13504  ,  Loss/l1: 0.00789  ,  Loss/location: 0.12855  ,  pro_loss: 0.14771  ,  IoU: 0.87255  ,  Loss/sim: 0.00000
[train: Epoch 20, 150 / 1875] FPS: 413.0 (441.6)  ,  DataTime: 0.011 (0.006)  ,  ForwardTime: 0.060  ,  TotalTime: 0.077  ,  Loss/total: 0.46773  ,  Loss/giou: 0.13612  ,  Loss/l1: 0.00801  ,  Loss/location: 0.12628  ,  pro_loss: 0.14576  ,  IoU: 0.87162  ,  Loss/sim: 0.00000
[train: Epoch 20, 200 / 1875] FPS: 421.2 (463.9)  ,  DataTime: 0.010 (0.006)  ,  ForwardTime: 0.060  ,  TotalTime: 0.076  ,  Loss/total: 0.46653  ,  Loss/giou: 0.13587  ,  Loss/l1: 0.00801  ,  Loss/location: 0.12576  ,  pro_loss: 0.14495  ,  IoU: 0.87201  ,  Loss/sim: 0.00000
[train: Epoch 20, 250 / 1875] FPS: 426.6 (459.9)  ,  DataTime: 0.009 (0.006)  ,  ForwardTime: 0.060  ,  TotalTime: 0.075  ,  Loss/total: 0.46598  ,  Loss/giou: 0.13535  ,  Loss/l1: 0.00791  ,  Loss/location: 0.12661  ,  pro_loss: 0.14567  ,  IoU: 0.87225  ,  Loss/sim: 0.00000
[train: Epoch 20, 300 / 1875] FPS: 430.5 (450.4)  ,  DataTime: 0.008 (0.006)  ,  ForwardTime: 0.060  ,  TotalTime: 0.074  ,  Loss/total: 0.46543  ,  Loss/giou: 0.13548  ,  Loss/l1: 0.00799  ,  Loss/location: 0.12548  ,  pro_loss: 0.14528  ,  IoU: 0.87229  ,  Loss/sim: 0.00000
[train: Epoch 20, 350 / 1875] FPS: 433.2 (389.5)  ,  DataTime: 0.008 (0.006)  ,  ForwardTime: 0.060  ,  TotalTime: 0.074  ,  Loss/total: 0.46466  ,  Loss/giou: 0.13500  ,  Loss/l1: 0.00793  ,  Loss/location: 0.12578  ,  pro_loss: 0.14625  ,  IoU: 0.87261  ,  Loss/sim: 0.00000
[train: Epoch 20, 400 / 1875] FPS: 434.8 (459.2)  ,  DataTime: 0.008 (0.006)  ,  ForwardTime: 0.060  ,  TotalTime: 0.074  ,  Loss/total: 0.46642  ,  Loss/giou: 0.13512  ,  Loss/l1: 0.00798  ,  Loss/location: 0.12699  ,  pro_loss: 0.14648  ,  IoU: 0.87257  ,  Loss/sim: 0.00000
[train: Epoch 20, 450 / 1875] FPS: 436.5 (461.8)  ,  DataTime: 0.007 (0.006)  ,  ForwardTime: 0.060  ,  TotalTime: 0.073  ,  Loss/total: 0.46641  ,  Loss/giou: 0.13541  ,  Loss/l1: 0.00798  ,  Loss/location: 0.12612  ,  pro_loss: 0.14782  ,  IoU: 0.87226  ,  Loss/sim: 0.00000
[train: Epoch 20, 500 / 1875] FPS: 437.8 (492.4)  ,  DataTime: 0.007 (0.006)  ,  ForwardTime: 0.060  ,  TotalTime: 0.073  ,  Loss/total: 0.46486  ,  Loss/giou: 0.13481  ,  Loss/l1: 0.00794  ,  Loss/location: 0.12585  ,  pro_loss: 0.14846  ,  IoU: 0.87279  ,  Loss/sim: 0.00000
[train: Epoch 20, 550 / 1875] FPS: 438.5 (443.1)  ,  DataTime: 0.007 (0.006)  ,  ForwardTime: 0.060  ,  TotalTime: 0.073  ,  Loss/total: 0.46478  ,  Loss/giou: 0.13504  ,  Loss/l1: 0.00798  ,  Loss/location: 0.12498  ,  pro_loss: 0.14902  ,  IoU: 0.87272  ,  Loss/sim: 0.00000
[train: Epoch 20, 600 / 1875] FPS: 439.8 (449.9)  ,  DataTime: 0.007 (0.006)  ,  ForwardTime: 0.060  ,  TotalTime: 0.073  ,  Loss/total: 0.46519  ,  Loss/giou: 0.13513  ,  Loss/l1: 0.00799  ,  Loss/location: 0.12506  ,  pro_loss: 0.14964  ,  IoU: 0.87264  ,  Loss/sim: 0.00000
[train: Epoch 20, 650 / 1875] FPS: 440.5 (470.8)  ,  DataTime: 0.007 (0.006)  ,  ForwardTime: 0.060  ,  TotalTime: 0.073  ,  Loss/total: 0.46704  ,  Loss/giou: 0.13584  ,  Loss/l1: 0.00805  ,  Loss/location: 0.12517  ,  pro_loss: 0.14968  ,  IoU: 0.87210  ,  Loss/sim: 0.00000
[train: Epoch 20, 700 / 1875] FPS: 441.0 (448.7)  ,  DataTime: 0.007 (0.006)  ,  ForwardTime: 0.060  ,  TotalTime: 0.073  ,  Loss/total: 0.46779  ,  Loss/giou: 0.13586  ,  Loss/l1: 0.00805  ,  Loss/location: 0.12589  ,  pro_loss: 0.14969  ,  IoU: 0.87205  ,  Loss/sim: 0.00000
[train: Epoch 20, 750 / 1875] FPS: 441.6 (446.6)  ,  DataTime: 0.007 (0.006)  ,  ForwardTime: 0.060  ,  TotalTime: 0.072  ,  Loss/total: 0.46572  ,  Loss/giou: 0.13532  ,  Loss/l1: 0.00799  ,  Loss/location: 0.12520  ,  pro_loss: 0.14971  ,  IoU: 0.87247  ,  Loss/sim: 0.00000
[train: Epoch 20, 800 / 1875] FPS: 441.9 (470.3)  ,  DataTime: 0.007 (0.006)  ,  ForwardTime: 0.060  ,  TotalTime: 0.072  ,  Loss/total: 0.46535  ,  Loss/giou: 0.13508  ,  Loss/l1: 0.00796  ,  Loss/location: 0.12545  ,  pro_loss: 0.14974  ,  IoU: 0.87261  ,  Loss/sim: 0.00000
[train: Epoch 20, 850 / 1875] FPS: 442.4 (468.6)  ,  DataTime: 0.007 (0.006)  ,  ForwardTime: 0.060  ,  TotalTime: 0.072  ,  Loss/total: 0.46586  ,  Loss/giou: 0.13539  ,  Loss/l1: 0.00798  ,  Loss/location: 0.12514  ,  pro_loss: 0.15012  ,  IoU: 0.87235  ,  Loss/sim: 0.00000
[train: Epoch 20, 900 / 1875] FPS: 442.9 (438.9)  ,  DataTime: 0.006 (0.006)  ,  ForwardTime: 0.060  ,  TotalTime: 0.072  ,  Loss/total: 0.46666  ,  Loss/giou: 0.13566  ,  Loss/l1: 0.00800  ,  Loss/location: 0.12526  ,  pro_loss: 0.15032  ,  IoU: 0.87213  ,  Loss/sim: 0.00000
[train: Epoch 20, 950 / 1875] FPS: 443.2 (460.3)  ,  DataTime: 0.006 (0.006)  ,  ForwardTime: 0.060  ,  TotalTime: 0.072  ,  Loss/total: 0.46723  ,  Loss/giou: 0.13574  ,  Loss/l1: 0.00800  ,  Loss/location: 0.12563  ,  pro_loss: 0.15072  ,  IoU: 0.87205  ,  Loss/sim: 0.00000
[train: Epoch 20, 1000 / 1875] FPS: 443.6 (455.4)  ,  DataTime: 0.006 (0.006)  ,  ForwardTime: 0.060  ,  TotalTime: 0.072  ,  Loss/total: 0.46749  ,  Loss/giou: 0.13575  ,  Loss/l1: 0.00801  ,  Loss/location: 0.12577  ,  pro_loss: 0.15084  ,  IoU: 0.87205  ,  Loss/sim: 0.00000
[train: Epoch 20, 1050 / 1875] FPS: 443.9 (440.8)  ,  DataTime: 0.006 (0.006)  ,  ForwardTime: 0.060  ,  TotalTime: 0.072  ,  Loss/total: 0.46734  ,  Loss/giou: 0.13574  ,  Loss/l1: 0.00800  ,  Loss/location: 0.12567  ,  pro_loss: 0.15107  ,  IoU: 0.87207  ,  Loss/sim: 0.00000
[train: Epoch 20, 1100 / 1875] FPS: 444.1 (446.7)  ,  DataTime: 0.006 (0.006)  ,  ForwardTime: 0.060  ,  TotalTime: 0.072  ,  Loss/total: 0.46739  ,  Loss/giou: 0.13583  ,  Loss/l1: 0.00800  ,  Loss/location: 0.12546  ,  pro_loss: 0.15146  ,  IoU: 0.87199  ,  Loss/sim: 0.00000
[train: Epoch 20, 1150 / 1875] FPS: 444.4 (455.5)  ,  DataTime: 0.006 (0.006)  ,  ForwardTime: 0.060  ,  TotalTime: 0.072  ,  Loss/total: 0.46698  ,  Loss/giou: 0.13582  ,  Loss/l1: 0.00800  ,  Loss/location: 0.12506  ,  pro_loss: 0.15147  ,  IoU: 0.87202  ,  Loss/sim: 0.00000
[train: Epoch 20, 1200 / 1875] FPS: 444.5 (440.2)  ,  DataTime: 0.006 (0.006)  ,  ForwardTime: 0.060  ,  TotalTime: 0.072  ,  Loss/total: 0.46684  ,  Loss/giou: 0.13570  ,  Loss/l1: 0.00800  ,  Loss/location: 0.12509  ,  pro_loss: 0.15179  ,  IoU: 0.87212  ,  Loss/sim: 0.00000
[train: Epoch 20, 1250 / 1875] FPS: 444.6 (411.8)  ,  DataTime: 0.006 (0.006)  ,  ForwardTime: 0.060  ,  TotalTime: 0.072  ,  Loss/total: 0.46602  ,  Loss/giou: 0.13545  ,  Loss/l1: 0.00797  ,  Loss/location: 0.12489  ,  pro_loss: 0.15195  ,  IoU: 0.87229  ,  Loss/sim: 0.00000
[train: Epoch 20, 1300 / 1875] FPS: 444.9 (444.9)  ,  DataTime: 0.006 (0.006)  ,  ForwardTime: 0.060  ,  TotalTime: 0.072  ,  Loss/total: 0.46547  ,  Loss/giou: 0.13530  ,  Loss/l1: 0.00796  ,  Loss/location: 0.12464  ,  pro_loss: 0.15213  ,  IoU: 0.87241  ,  Loss/sim: 0.00000
[train: Epoch 20, 1350 / 1875] FPS: 445.1 (468.6)  ,  DataTime: 0.006 (0.006)  ,  ForwardTime: 0.060  ,  TotalTime: 0.072  ,  Loss/total: 0.46505  ,  Loss/giou: 0.13506  ,  Loss/l1: 0.00794  ,  Loss/location: 0.12480  ,  pro_loss: 0.15218  ,  IoU: 0.87258  ,  Loss/sim: 0.00000
[train: Epoch 20, 1400 / 1875] FPS: 445.3 (458.2)  ,  DataTime: 0.006 (0.006)  ,  ForwardTime: 0.060  ,  TotalTime: 0.072  ,  Loss/total: 0.46496  ,  Loss/giou: 0.13514  ,  Loss/l1: 0.00794  ,  Loss/location: 0.12454  ,  pro_loss: 0.15229  ,  IoU: 0.87252  ,  Loss/sim: 0.00000
[train: Epoch 20, 1450 / 1875] FPS: 445.4 (470.5)  ,  DataTime: 0.006 (0.006)  ,  ForwardTime: 0.060  ,  TotalTime: 0.072  ,  Loss/total: 0.46450  ,  Loss/giou: 0.13500  ,  Loss/l1: 0.00793  ,  Loss/location: 0.12442  ,  pro_loss: 0.15221  ,  IoU: 0.87261  ,  Loss/sim: 0.00000
[train: Epoch 20, 1500 / 1875] FPS: 445.4 (479.5)  ,  DataTime: 0.006 (0.006)  ,  ForwardTime: 0.060  ,  TotalTime: 0.072  ,  Loss/total: 0.46488  ,  Loss/giou: 0.13509  ,  Loss/l1: 0.00795  ,  Loss/location: 0.12449  ,  pro_loss: 0.15246  ,  IoU: 0.87254  ,  Loss/sim: 0.00000
[train: Epoch 20, 1550 / 1875] FPS: 445.6 (441.4)  ,  DataTime: 0.006 (0.006)  ,  ForwardTime: 0.060  ,  TotalTime: 0.072  ,  Loss/total: 0.46485  ,  Loss/giou: 0.13512  ,  Loss/l1: 0.00796  ,  Loss/location: 0.12432  ,  pro_loss: 0.15243  ,  IoU: 0.87253  ,  Loss/sim: 0.00000
[train: Epoch 20, 1600 / 1875] FPS: 445.6 (482.1)  ,  DataTime: 0.006 (0.006)  ,  ForwardTime: 0.060  ,  TotalTime: 0.072  ,  Loss/total: 0.46452  ,  Loss/giou: 0.13502  ,  Loss/l1: 0.00796  ,  Loss/location: 0.12419  ,  pro_loss: 0.15261  ,  IoU: 0.87261  ,  Loss/sim: 0.00000
[train: Epoch 20, 1650 / 1875] FPS: 445.8 (474.1)  ,  DataTime: 0.006 (0.006)  ,  ForwardTime: 0.060  ,  TotalTime: 0.072  ,  Loss/total: 0.46433  ,  Loss/giou: 0.13497  ,  Loss/l1: 0.00795  ,  Loss/location: 0.12412  ,  pro_loss: 0.15260  ,  IoU: 0.87267  ,  Loss/sim: 0.00000
[train: Epoch 20, 1700 / 1875] FPS: 445.8 (443.7)  ,  DataTime: 0.006 (0.006)  ,  ForwardTime: 0.060  ,  TotalTime: 0.072  ,  Loss/total: 0.46472  ,  Loss/giou: 0.13507  ,  Loss/l1: 0.00797  ,  Loss/location: 0.12424  ,  pro_loss: 0.15261  ,  IoU: 0.87260  ,  Loss/sim: 0.00000
[train: Epoch 20, 1750 / 1875] FPS: 445.8 (450.9)  ,  DataTime: 0.006 (0.006)  ,  ForwardTime: 0.060  ,  TotalTime: 0.072  ,  Loss/total: 0.46402  ,  Loss/giou: 0.13492  ,  Loss/l1: 0.00795  ,  Loss/location: 0.12389  ,  pro_loss: 0.15268  ,  IoU: 0.87270  ,  Loss/sim: 0.00000
[train: Epoch 20, 1800 / 1875] FPS: 446.0 (431.6)  ,  DataTime: 0.006 (0.006)  ,  ForwardTime: 0.060  ,  TotalTime: 0.072  ,  Loss/total: 0.46412  ,  Loss/giou: 0.13493  ,  Loss/l1: 0.00795  ,  Loss/location: 0.12389  ,  pro_loss: 0.15304  ,  IoU: 0.87270  ,  Loss/sim: 0.00000
[train: Epoch 20, 1850 / 1875] FPS: 446.1 (460.5)  ,  DataTime: 0.006 (0.006)  ,  ForwardTime: 0.060  ,  TotalTime: 0.072  ,  Loss/total: 0.46396  ,  Loss/giou: 0.13483  ,  Loss/l1: 0.00794  ,  Loss/location: 0.12396  ,  pro_loss: 0.15314  ,  IoU: 0.87278  ,  Loss/sim: 0.00000
[train: Epoch 20, 1875 / 1875] FPS: 446.4 (501.6)  ,  DataTime: 0.006 (0.006)  ,  ForwardTime: 0.060  ,  TotalTime: 0.072  ,  Loss/total: 0.46384  ,  Loss/giou: 0.13483  ,  Loss/l1: 0.00794  ,  Loss/location: 0.12390  ,  pro_loss: 0.15296  ,  IoU: 0.87278  ,  Loss/sim: 0.00000
[val: Epoch 20, 50 / 312] FPS: 59.3 (10.8)  ,  DataTime: 0.508 (0.006)  ,  ForwardTime: 0.025  ,  TotalTime: 0.539  ,  Loss/total: 0.90716  ,  Loss/giou: 0.23734  ,  Loss/l1: 0.01830  ,  Loss/location: 0.34021  ,  pro_loss: 0.00396  ,  IoU: 0.78122  ,  Loss/sim: 0.00000
[val: Epoch 20, 100 / 312] FPS: 68.3 (932.0)  ,  DataTime: 0.438 (0.006)  ,  ForwardTime: 0.025  ,  TotalTime: 0.469  ,  Loss/total: 0.91922  ,  Loss/giou: 0.23928  ,  Loss/l1: 0.01819  ,  Loss/location: 0.34908  ,  pro_loss: 0.00323  ,  IoU: 0.78064  ,  Loss/sim: 0.00000
[val: Epoch 20, 150 / 312] FPS: 71.8 (872.9)  ,  DataTime: 0.415 (0.006)  ,  ForwardTime: 0.025  ,  TotalTime: 0.446  ,  Loss/total: 0.91602  ,  Loss/giou: 0.23723  ,  Loss/l1: 0.01818  ,  Loss/location: 0.35001  ,  pro_loss: 0.00333  ,  IoU: 0.78272  ,  Loss/sim: 0.00000
[val: Epoch 20, 200 / 312] FPS: 75.7 (965.5)  ,  DataTime: 0.392 (0.006)  ,  ForwardTime: 0.025  ,  TotalTime: 0.423  ,  Loss/total: 0.91634  ,  Loss/giou: 0.23864  ,  Loss/l1: 0.01835  ,  Loss/location: 0.34654  ,  pro_loss: 0.00375  ,  IoU: 0.78219  ,  Loss/sim: 0.00000
[val: Epoch 20, 250 / 312] FPS: 75.3 (12.8)  ,  DataTime: 0.394 (0.006)  ,  ForwardTime: 0.025  ,  TotalTime: 0.425  ,  Loss/total: 0.91400  ,  Loss/giou: 0.23798  ,  Loss/l1: 0.01823  ,  Loss/location: 0.34612  ,  pro_loss: 0.00379  ,  IoU: 0.78272  ,  Loss/sim: 0.00000
[val: Epoch 20, 300 / 312] FPS: 76.8 (856.9)  ,  DataTime: 0.386 (0.006)  ,  ForwardTime: 0.025  ,  TotalTime: 0.417  ,  Loss/total: 0.91297  ,  Loss/giou: 0.23698  ,  Loss/l1: 0.01809  ,  Loss/location: 0.34780  ,  pro_loss: 0.00372  ,  IoU: 0.78355  ,  Loss/sim: 0.00000
[val: Epoch 20, 312 / 312] FPS: 78.0 (996.6)  ,  DataTime: 0.379 (0.006)  ,  ForwardTime: 0.025  ,  TotalTime: 0.410  ,  Loss/total: 0.90973  ,  Loss/giou: 0.23625  ,  Loss/l1: 0.01805  ,  Loss/location: 0.34627  ,  pro_loss: 0.00364  ,  IoU: 0.78410  ,  Loss/sim: 0.00000
[train: Epoch 21, 50 / 1875] FPS: 65.1 (19.6)  ,  DataTime: 0.429 (0.005)  ,  ForwardTime: 0.058  ,  TotalTime: 0.492  ,  Loss/total: 0.46957  ,  Loss/giou: 0.13694  ,  Loss/l1: 0.00816  ,  Loss/location: 0.12365  ,  pro_loss: 0.15625  ,  IoU: 0.87155  ,  Loss/sim: 0.00000
[train: Epoch 21, 100 / 1875] FPS: 71.5 (491.8)  ,  DataTime: 0.385 (0.005)  ,  ForwardTime: 0.057  ,  TotalTime: 0.448  ,  Loss/total: 0.46069  ,  Loss/giou: 0.13232  ,  Loss/l1: 0.00778  ,  Loss/location: 0.12605  ,  pro_loss: 0.15552  ,  IoU: 0.87485  ,  Loss/sim: 0.00000
[train: Epoch 21, 150 / 1875] FPS: 76.2 (495.7)  ,  DataTime: 0.358 (0.005)  ,  ForwardTime: 0.057  ,  TotalTime: 0.420  ,  Loss/total: 0.45948  ,  Loss/giou: 0.13359  ,  Loss/l1: 0.00778  ,  Loss/location: 0.12252  ,  pro_loss: 0.15451  ,  IoU: 0.87372  ,  Loss/sim: 0.00000
[train: Epoch 21, 200 / 1875] FPS: 78.3 (500.5)  ,  DataTime: 0.347 (0.005)  ,  ForwardTime: 0.057  ,  TotalTime: 0.408  ,  Loss/total: 0.45603  ,  Loss/giou: 0.13277  ,  Loss/l1: 0.00777  ,  Loss/location: 0.12045  ,  pro_loss: 0.15599  ,  IoU: 0.87440  ,  Loss/sim: 0.00000
[train: Epoch 21, 250 / 1875] FPS: 79.9 (496.2)  ,  DataTime: 0.339 (0.005)  ,  ForwardTime: 0.057  ,  TotalTime: 0.401  ,  Loss/total: 0.45734  ,  Loss/giou: 0.13305  ,  Loss/l1: 0.00780  ,  Loss/location: 0.12088  ,  pro_loss: 0.15675  ,  IoU: 0.87435  ,  Loss/sim: 0.00000
[train: Epoch 21, 300 / 1875] FPS: 81.1 (20.6)  ,  DataTime: 0.333 (0.005)  ,  ForwardTime: 0.057  ,  TotalTime: 0.394  ,  Loss/total: 0.45425  ,  Loss/giou: 0.13230  ,  Loss/l1: 0.00771  ,  Loss/location: 0.12000  ,  pro_loss: 0.15535  ,  IoU: 0.87490  ,  Loss/sim: 0.00000
[train: Epoch 21, 350 / 1875] FPS: 81.9 (21.3)  ,  DataTime: 0.330 (0.005)  ,  ForwardTime: 0.057  ,  TotalTime: 0.391  ,  Loss/total: 0.45337  ,  Loss/giou: 0.13190  ,  Loss/l1: 0.00765  ,  Loss/location: 0.12025  ,  pro_loss: 0.15533  ,  IoU: 0.87526  ,  Loss/sim: 0.00000
[train: Epoch 21, 400 / 1875] FPS: 83.0 (479.4)  ,  DataTime: 0.324 (0.005)  ,  ForwardTime: 0.057  ,  TotalTime: 0.385  ,  Loss/total: 0.45791  ,  Loss/giou: 0.13288  ,  Loss/l1: 0.00772  ,  Loss/location: 0.12247  ,  pro_loss: 0.15542  ,  IoU: 0.87434  ,  Loss/sim: 0.00000
[train: Epoch 21, 450 / 1875] FPS: 83.8 (492.2)  ,  DataTime: 0.320 (0.005)  ,  ForwardTime: 0.057  ,  TotalTime: 0.382  ,  Loss/total: 0.45954  ,  Loss/giou: 0.13342  ,  Loss/l1: 0.00774  ,  Loss/location: 0.12295  ,  pro_loss: 0.15526  ,  IoU: 0.87387  ,  Loss/sim: 0.00000
[train: Epoch 21, 500 / 1875] FPS: 85.7 (496.9)  ,  DataTime: 0.312 (0.005)  ,  ForwardTime: 0.057  ,  TotalTime: 0.373  ,  Loss/total: 0.45938  ,  Loss/giou: 0.13340  ,  Loss/l1: 0.00772  ,  Loss/location: 0.12282  ,  pro_loss: 0.15583  ,  IoU: 0.87386  ,  Loss/sim: 0.00000
[train: Epoch 21, 550 / 1875] FPS: 86.8 (24.9)  ,  DataTime: 0.307 (0.005)  ,  ForwardTime: 0.057  ,  TotalTime: 0.368  ,  Loss/total: 0.46048  ,  Loss/giou: 0.13371  ,  Loss/l1: 0.00773  ,  Loss/location: 0.12315  ,  pro_loss: 0.15619  ,  IoU: 0.87367  ,  Loss/sim: 0.00000
[train: Epoch 21, 600 / 1875] FPS: 88.0 (503.1)  ,  DataTime: 0.302 (0.005)  ,  ForwardTime: 0.057  ,  TotalTime: 0.364  ,  Loss/total: 0.46037  ,  Loss/giou: 0.13377  ,  Loss/l1: 0.00773  ,  Loss/location: 0.12293  ,  pro_loss: 0.15623  ,  IoU: 0.87361  ,  Loss/sim: 0.00000
[train: Epoch 21, 650 / 1875] FPS: 88.8 (509.4)  ,  DataTime: 0.299 (0.005)  ,  ForwardTime: 0.057  ,  TotalTime: 0.360  ,  Loss/total: 0.45899  ,  Loss/giou: 0.13330  ,  Loss/l1: 0.00770  ,  Loss/location: 0.12263  ,  pro_loss: 0.15639  ,  IoU: 0.87399  ,  Loss/sim: 0.00000
[train: Epoch 21, 700 / 1875] FPS: 89.1 (505.0)  ,  DataTime: 0.298 (0.005)  ,  ForwardTime: 0.056  ,  TotalTime: 0.359  ,  Loss/total: 0.45950  ,  Loss/giou: 0.13332  ,  Loss/l1: 0.00772  ,  Loss/location: 0.12296  ,  pro_loss: 0.15644  ,  IoU: 0.87397  ,  Loss/sim: 0.00000
[train: Epoch 21, 750 / 1875] FPS: 90.3 (509.2)  ,  DataTime: 0.293 (0.005)  ,  ForwardTime: 0.056  ,  TotalTime: 0.354  ,  Loss/total: 0.45851  ,  Loss/giou: 0.13324  ,  Loss/l1: 0.00772  ,  Loss/location: 0.12214  ,  pro_loss: 0.15647  ,  IoU: 0.87402  ,  Loss/sim: 0.00000
[train: Epoch 21, 800 / 1875] FPS: 91.2 (507.9)  ,  DataTime: 0.290 (0.005)  ,  ForwardTime: 0.056  ,  TotalTime: 0.351  ,  Loss/total: 0.45742  ,  Loss/giou: 0.13291  ,  Loss/l1: 0.00769  ,  Loss/location: 0.12183  ,  pro_loss: 0.15667  ,  IoU: 0.87428  ,  Loss/sim: 0.00000
[train: Epoch 21, 850 / 1875] FPS: 91.9 (503.9)  ,  DataTime: 0.287 (0.005)  ,  ForwardTime: 0.056  ,  TotalTime: 0.348  ,  Loss/total: 0.45728  ,  Loss/giou: 0.13280  ,  Loss/l1: 0.00767  ,  Loss/location: 0.12206  ,  pro_loss: 0.15642  ,  IoU: 0.87431  ,  Loss/sim: 0.00000
[train: Epoch 21, 900 / 1875] FPS: 93.2 (473.5)  ,  DataTime: 0.282 (0.005)  ,  ForwardTime: 0.056  ,  TotalTime: 0.343  ,  Loss/total: 0.45888  ,  Loss/giou: 0.13315  ,  Loss/l1: 0.00771  ,  Loss/location: 0.12280  ,  pro_loss: 0.15627  ,  IoU: 0.87401  ,  Loss/sim: 0.00000
[train: Epoch 21, 950 / 1875] FPS: 94.1 (503.5)  ,  DataTime: 0.279 (0.005)  ,  ForwardTime: 0.056  ,  TotalTime: 0.340  ,  Loss/total: 0.45875  ,  Loss/giou: 0.13308  ,  Loss/l1: 0.00769  ,  Loss/location: 0.12291  ,  pro_loss: 0.15606  ,  IoU: 0.87408  ,  Loss/sim: 0.00000
[train: Epoch 21, 1000 / 1875] FPS: 95.0 (485.7)  ,  DataTime: 0.276 (0.005)  ,  ForwardTime: 0.056  ,  TotalTime: 0.337  ,  Loss/total: 0.45888  ,  Loss/giou: 0.13309  ,  Loss/l1: 0.00770  ,  Loss/location: 0.12296  ,  pro_loss: 0.15607  ,  IoU: 0.87405  ,  Loss/sim: 0.00000
[train: Epoch 21, 1050 / 1875] FPS: 95.8 (499.4)  ,  DataTime: 0.273 (0.005)  ,  ForwardTime: 0.056  ,  TotalTime: 0.334  ,  Loss/total: 0.45923  ,  Loss/giou: 0.13315  ,  Loss/l1: 0.00772  ,  Loss/location: 0.12308  ,  pro_loss: 0.15616  ,  IoU: 0.87405  ,  Loss/sim: 0.00000
[train: Epoch 21, 1100 / 1875] FPS: 97.1 (29.0)  ,  DataTime: 0.269 (0.005)  ,  ForwardTime: 0.056  ,  TotalTime: 0.330  ,  Loss/total: 0.45962  ,  Loss/giou: 0.13327  ,  Loss/l1: 0.00773  ,  Loss/location: 0.12327  ,  pro_loss: 0.15589  ,  IoU: 0.87393  ,  Loss/sim: 0.00000
[train: Epoch 21, 1150 / 1875] FPS: 98.3 (509.2)  ,  DataTime: 0.265 (0.005)  ,  ForwardTime: 0.056  ,  TotalTime: 0.326  ,  Loss/total: 0.45990  ,  Loss/giou: 0.13335  ,  Loss/l1: 0.00774  ,  Loss/location: 0.12329  ,  pro_loss: 0.15612  ,  IoU: 0.87387  ,  Loss/sim: 0.00000
[train: Epoch 21, 1200 / 1875] FPS: 99.0 (505.8)  ,  DataTime: 0.262 (0.005)  ,  ForwardTime: 0.056  ,  TotalTime: 0.323  ,  Loss/total: 0.45928  ,  Loss/giou: 0.13323  ,  Loss/l1: 0.00772  ,  Loss/location: 0.12303  ,  pro_loss: 0.15598  ,  IoU: 0.87395  ,  Loss/sim: 0.00000
[train: Epoch 21, 1250 / 1875] FPS: 99.9 (502.2)  ,  DataTime: 0.260 (0.005)  ,  ForwardTime: 0.056  ,  TotalTime: 0.320  ,  Loss/total: 0.45908  ,  Loss/giou: 0.13320  ,  Loss/l1: 0.00772  ,  Loss/location: 0.12289  ,  pro_loss: 0.15591  ,  IoU: 0.87398  ,  Loss/sim: 0.00000
[train: Epoch 21, 1300 / 1875] FPS: 100.9 (494.7)  ,  DataTime: 0.256 (0.005)  ,  ForwardTime: 0.056  ,  TotalTime: 0.317  ,  Loss/total: 0.45886  ,  Loss/giou: 0.13310  ,  Loss/l1: 0.00772  ,  Loss/location: 0.12290  ,  pro_loss: 0.15589  ,  IoU: 0.87409  ,  Loss/sim: 0.00000
[train: Epoch 21, 1350 / 1875] FPS: 101.8 (504.9)  ,  DataTime: 0.253 (0.005)  ,  ForwardTime: 0.056  ,  TotalTime: 0.314  ,  Loss/total: 0.45899  ,  Loss/giou: 0.13331  ,  Loss/l1: 0.00774  ,  Loss/location: 0.12252  ,  pro_loss: 0.15581  ,  IoU: 0.87393  ,  Loss/sim: 0.00000
[train: Epoch 21, 1400 / 1875] FPS: 102.8 (499.4)  ,  DataTime: 0.250 (0.005)  ,  ForwardTime: 0.056  ,  TotalTime: 0.311  ,  Loss/total: 0.45934  ,  Loss/giou: 0.13337  ,  Loss/l1: 0.00774  ,  Loss/location: 0.12276  ,  pro_loss: 0.15557  ,  IoU: 0.87387  ,  Loss/sim: 0.00000
[train: Epoch 21, 1450 / 1875] FPS: 103.7 (502.0)  ,  DataTime: 0.248 (0.005)  ,  ForwardTime: 0.056  ,  TotalTime: 0.309  ,  Loss/total: 0.45953  ,  Loss/giou: 0.13342  ,  Loss/l1: 0.00774  ,  Loss/location: 0.12281  ,  pro_loss: 0.15591  ,  IoU: 0.87385  ,  Loss/sim: 0.00000
[train: Epoch 21, 1500 / 1875] FPS: 104.5 (503.2)  ,  DataTime: 0.245 (0.005)  ,  ForwardTime: 0.056  ,  TotalTime: 0.306  ,  Loss/total: 0.45995  ,  Loss/giou: 0.13347  ,  Loss/l1: 0.00774  ,  Loss/location: 0.12312  ,  pro_loss: 0.15602  ,  IoU: 0.87379  ,  Loss/sim: 0.00000
[train: Epoch 21, 1550 / 1875] FPS: 105.6 (491.3)  ,  DataTime: 0.242 (0.005)  ,  ForwardTime: 0.056  ,  TotalTime: 0.303  ,  Loss/total: 0.45970  ,  Loss/giou: 0.13354  ,  Loss/l1: 0.00774  ,  Loss/location: 0.12275  ,  pro_loss: 0.15582  ,  IoU: 0.87373  ,  Loss/sim: 0.00000
[train: Epoch 21, 1600 / 1875] FPS: 106.2 (507.4)  ,  DataTime: 0.240 (0.005)  ,  ForwardTime: 0.056  ,  TotalTime: 0.301  ,  Loss/total: 0.45989  ,  Loss/giou: 0.13361  ,  Loss/l1: 0.00774  ,  Loss/location: 0.12287  ,  pro_loss: 0.15547  ,  IoU: 0.87368  ,  Loss/sim: 0.00000
[train: Epoch 21, 1650 / 1875] FPS: 107.3 (508.2)  ,  DataTime: 0.237 (0.005)  ,  ForwardTime: 0.056  ,  TotalTime: 0.298  ,  Loss/total: 0.45960  ,  Loss/giou: 0.13353  ,  Loss/l1: 0.00773  ,  Loss/location: 0.12282  ,  pro_loss: 0.15529  ,  IoU: 0.87374  ,  Loss/sim: 0.00000
[train: Epoch 21, 1700 / 1875] FPS: 108.2 (501.4)  ,  DataTime: 0.235 (0.005)  ,  ForwardTime: 0.056  ,  TotalTime: 0.296  ,  Loss/total: 0.45987  ,  Loss/giou: 0.13362  ,  Loss/l1: 0.00773  ,  Loss/location: 0.12294  ,  pro_loss: 0.15518  ,  IoU: 0.87365  ,  Loss/sim: 0.00000
[train: Epoch 21, 1750 / 1875] FPS: 109.1 (470.3)  ,  DataTime: 0.232 (0.005)  ,  ForwardTime: 0.056  ,  TotalTime: 0.293  ,  Loss/total: 0.46013  ,  Loss/giou: 0.13376  ,  Loss/l1: 0.00775  ,  Loss/location: 0.12284  ,  pro_loss: 0.15523  ,  IoU: 0.87357  ,  Loss/sim: 0.00000
[train: Epoch 21, 1800 / 1875] FPS: 109.9 (507.6)  ,  DataTime: 0.230 (0.005)  ,  ForwardTime: 0.056  ,  TotalTime: 0.291  ,  Loss/total: 0.46056  ,  Loss/giou: 0.13393  ,  Loss/l1: 0.00776  ,  Loss/location: 0.12286  ,  pro_loss: 0.15516  ,  IoU: 0.87343  ,  Loss/sim: 0.00000
[train: Epoch 21, 1850 / 1875] FPS: 110.9 (43.5)  ,  DataTime: 0.228 (0.005)  ,  ForwardTime: 0.056  ,  TotalTime: 0.289  ,  Loss/total: 0.46059  ,  Loss/giou: 0.13394  ,  Loss/l1: 0.00776  ,  Loss/location: 0.12289  ,  pro_loss: 0.15517  ,  IoU: 0.87341  ,  Loss/sim: 0.00000
[train: Epoch 21, 1875 / 1875] FPS: 111.6 (517.1)  ,  DataTime: 0.226 (0.005)  ,  ForwardTime: 0.056  ,  TotalTime: 0.287  ,  Loss/total: 0.46041  ,  Loss/giou: 0.13395  ,  Loss/l1: 0.00776  ,  Loss/location: 0.12266  ,  pro_loss: 0.15523  ,  IoU: 0.87341  ,  Loss/sim: 0.00000
[train: Epoch 22, 50 / 1875] FPS: 143.3 (237.8)  ,  DataTime: 0.162 (0.005)  ,  ForwardTime: 0.056  ,  TotalTime: 0.223  ,  Loss/total: 0.45927  ,  Loss/giou: 0.13384  ,  Loss/l1: 0.00773  ,  Loss/location: 0.12201  ,  pro_loss: 0.15458  ,  IoU: 0.87286  ,  Loss/sim: 0.00000
[train: Epoch 22, 100 / 1875] FPS: 150.1 (500.3)  ,  DataTime: 0.152 (0.005)  ,  ForwardTime: 0.056  ,  TotalTime: 0.213  ,  Loss/total: 0.46331  ,  Loss/giou: 0.13457  ,  Loss/l1: 0.00795  ,  Loss/location: 0.12305  ,  pro_loss: 0.15677  ,  IoU: 0.87306  ,  Loss/sim: 0.00000
[train: Epoch 22, 150 / 1875] FPS: 157.2 (497.3)  ,  DataTime: 0.143 (0.005)  ,  ForwardTime: 0.056  ,  TotalTime: 0.204  ,  Loss/total: 0.45998  ,  Loss/giou: 0.13429  ,  Loss/l1: 0.00795  ,  Loss/location: 0.12041  ,  pro_loss: 0.15632  ,  IoU: 0.87343  ,  Loss/sim: 0.00000
[train: Epoch 22, 200 / 1875] FPS: 161.2 (495.5)  ,  DataTime: 0.138 (0.005)  ,  ForwardTime: 0.056  ,  TotalTime: 0.199  ,  Loss/total: 0.46107  ,  Loss/giou: 0.13529  ,  Loss/l1: 0.00802  ,  Loss/location: 0.11962  ,  pro_loss: 0.15396  ,  IoU: 0.87258  ,  Loss/sim: 0.00000
[train: Epoch 22, 250 / 1875] FPS: 161.2 (501.1)  ,  DataTime: 0.138 (0.005)  ,  ForwardTime: 0.056  ,  TotalTime: 0.199  ,  Loss/total: 0.45975  ,  Loss/giou: 0.13415  ,  Loss/l1: 0.00802  ,  Loss/location: 0.12060  ,  pro_loss: 0.15383  ,  IoU: 0.87364  ,  Loss/sim: 0.00000
[train: Epoch 22, 300 / 1875] FPS: 166.2 (498.8)  ,  DataTime: 0.131 (0.005)  ,  ForwardTime: 0.056  ,  TotalTime: 0.192  ,  Loss/total: 0.46133  ,  Loss/giou: 0.13403  ,  Loss/l1: 0.00799  ,  Loss/location: 0.12256  ,  pro_loss: 0.15365  ,  IoU: 0.87364  ,  Loss/sim: 0.00000
[train: Epoch 22, 350 / 1875] FPS: 165.4 (492.6)  ,  DataTime: 0.132 (0.005)  ,  ForwardTime: 0.056  ,  TotalTime: 0.193  ,  Loss/total: 0.46200  ,  Loss/giou: 0.13435  ,  Loss/l1: 0.00799  ,  Loss/location: 0.12266  ,  pro_loss: 0.15330  ,  IoU: 0.87334  ,  Loss/sim: 0.00000
[train: Epoch 22, 400 / 1875] FPS: 167.4 (481.9)  ,  DataTime: 0.130 (0.005)  ,  ForwardTime: 0.056  ,  TotalTime: 0.191  ,  Loss/total: 0.46135  ,  Loss/giou: 0.13445  ,  Loss/l1: 0.00799  ,  Loss/location: 0.12171  ,  pro_loss: 0.15404  ,  IoU: 0.87326  ,  Loss/sim: 0.00000
[train: Epoch 22, 450 / 1875] FPS: 169.8 (480.1)  ,  DataTime: 0.127 (0.005)  ,  ForwardTime: 0.056  ,  TotalTime: 0.188  ,  Loss/total: 0.46054  ,  Loss/giou: 0.13449  ,  Loss/l1: 0.00799  ,  Loss/location: 0.12088  ,  pro_loss: 0.15375  ,  IoU: 0.87323  ,  Loss/sim: 0.00000
[train: Epoch 22, 500 / 1875] FPS: 166.8 (502.3)  ,  DataTime: 0.131 (0.005)  ,  ForwardTime: 0.056  ,  TotalTime: 0.192  ,  Loss/total: 0.46034  ,  Loss/giou: 0.13434  ,  Loss/l1: 0.00796  ,  Loss/location: 0.12100  ,  pro_loss: 0.15421  ,  IoU: 0.87331  ,  Loss/sim: 0.00000
[train: Epoch 22, 550 / 1875] FPS: 168.7 (498.4)  ,  DataTime: 0.129 (0.005)  ,  ForwardTime: 0.056  ,  TotalTime: 0.190  ,  Loss/total: 0.46047  ,  Loss/giou: 0.13402  ,  Loss/l1: 0.00793  ,  Loss/location: 0.12199  ,  pro_loss: 0.15409  ,  IoU: 0.87349  ,  Loss/sim: 0.00000
[train: Epoch 22, 600 / 1875] FPS: 169.2 (505.8)  ,  DataTime: 0.128 (0.005)  ,  ForwardTime: 0.056  ,  TotalTime: 0.189  ,  Loss/total: 0.46061  ,  Loss/giou: 0.13401  ,  Loss/l1: 0.00795  ,  Loss/location: 0.12210  ,  pro_loss: 0.15384  ,  IoU: 0.87352  ,  Loss/sim: 0.00000
[train: Epoch 22, 650 / 1875] FPS: 172.0 (503.4)  ,  DataTime: 0.125 (0.005)  ,  ForwardTime: 0.056  ,  TotalTime: 0.186  ,  Loss/total: 0.46058  ,  Loss/giou: 0.13414  ,  Loss/l1: 0.00794  ,  Loss/location: 0.12173  ,  pro_loss: 0.15436  ,  IoU: 0.87340  ,  Loss/sim: 0.00000
[train: Epoch 22, 700 / 1875] FPS: 172.8 (505.0)  ,  DataTime: 0.124 (0.005)  ,  ForwardTime: 0.056  ,  TotalTime: 0.185  ,  Loss/total: 0.46052  ,  Loss/giou: 0.13417  ,  Loss/l1: 0.00794  ,  Loss/location: 0.12159  ,  pro_loss: 0.15452  ,  IoU: 0.87338  ,  Loss/sim: 0.00000
[train: Epoch 22, 750 / 1875] FPS: 173.6 (508.5)  ,  DataTime: 0.123 (0.005)  ,  ForwardTime: 0.056  ,  TotalTime: 0.184  ,  Loss/total: 0.46059  ,  Loss/giou: 0.13419  ,  Loss/l1: 0.00794  ,  Loss/location: 0.12158  ,  pro_loss: 0.15450  ,  IoU: 0.87337  ,  Loss/sim: 0.00000
[train: Epoch 22, 800 / 1875] FPS: 174.9 (34.2)  ,  DataTime: 0.122 (0.005)  ,  ForwardTime: 0.056  ,  TotalTime: 0.183  ,  Loss/total: 0.45991  ,  Loss/giou: 0.13395  ,  Loss/l1: 0.00794  ,  Loss/location: 0.12144  ,  pro_loss: 0.15445  ,  IoU: 0.87359  ,  Loss/sim: 0.00000
[train: Epoch 22, 850 / 1875] FPS: 175.0 (24.6)  ,  DataTime: 0.122 (0.005)  ,  ForwardTime: 0.056  ,  TotalTime: 0.183  ,  Loss/total: 0.46076  ,  Loss/giou: 0.13419  ,  Loss/l1: 0.00794  ,  Loss/location: 0.12182  ,  pro_loss: 0.15441  ,  IoU: 0.87334  ,  Loss/sim: 0.00000
[train: Epoch 22, 900 / 1875] FPS: 177.0 (118.1)  ,  DataTime: 0.120 (0.005)  ,  ForwardTime: 0.056  ,  TotalTime: 0.181  ,  Loss/total: 0.46083  ,  Loss/giou: 0.13437  ,  Loss/l1: 0.00796  ,  Loss/location: 0.12153  ,  pro_loss: 0.15372  ,  IoU: 0.87327  ,  Loss/sim: 0.00000
[train: Epoch 22, 950 / 1875] FPS: 179.4 (492.9)  ,  DataTime: 0.117 (0.005)  ,  ForwardTime: 0.056  ,  TotalTime: 0.178  ,  Loss/total: 0.46104  ,  Loss/giou: 0.13440  ,  Loss/l1: 0.00795  ,  Loss/location: 0.12178  ,  pro_loss: 0.15351  ,  IoU: 0.87321  ,  Loss/sim: 0.00000
[train: Epoch 22, 1000 / 1875] FPS: 180.6 (473.7)  ,  DataTime: 0.116 (0.005)  ,  ForwardTime: 0.056  ,  TotalTime: 0.177  ,  Loss/total: 0.46068  ,  Loss/giou: 0.13434  ,  Loss/l1: 0.00795  ,  Loss/location: 0.12162  ,  pro_loss: 0.15317  ,  IoU: 0.87327  ,  Loss/sim: 0.00000
[train: Epoch 22, 1050 / 1875] FPS: 181.6 (490.9)  ,  DataTime: 0.115 (0.005)  ,  ForwardTime: 0.056  ,  TotalTime: 0.176  ,  Loss/total: 0.46080  ,  Loss/giou: 0.13434  ,  Loss/l1: 0.00793  ,  Loss/location: 0.12182  ,  pro_loss: 0.15330  ,  IoU: 0.87324  ,  Loss/sim: 0.00000
[train: Epoch 22, 1100 / 1875] FPS: 182.6 (502.3)  ,  DataTime: 0.114 (0.005)  ,  ForwardTime: 0.056  ,  TotalTime: 0.175  ,  Loss/total: 0.46137  ,  Loss/giou: 0.13445  ,  Loss/l1: 0.00793  ,  Loss/location: 0.12216  ,  pro_loss: 0.15323  ,  IoU: 0.87316  ,  Loss/sim: 0.00000
[train: Epoch 22, 1150 / 1875] FPS: 183.5 (492.3)  ,  DataTime: 0.113 (0.005)  ,  ForwardTime: 0.056  ,  TotalTime: 0.174  ,  Loss/total: 0.46126  ,  Loss/giou: 0.13444  ,  Loss/l1: 0.00793  ,  Loss/location: 0.12211  ,  pro_loss: 0.15316  ,  IoU: 0.87317  ,  Loss/sim: 0.00000
[train: Epoch 22, 1200 / 1875] FPS: 184.9 (497.3)  ,  DataTime: 0.112 (0.005)  ,  ForwardTime: 0.056  ,  TotalTime: 0.173  ,  Loss/total: 0.46089  ,  Loss/giou: 0.13444  ,  Loss/l1: 0.00792  ,  Loss/location: 0.12174  ,  pro_loss: 0.15323  ,  IoU: 0.87318  ,  Loss/sim: 0.00000
[train: Epoch 22, 1250 / 1875] FPS: 185.9 (496.1)  ,  DataTime: 0.111 (0.005)  ,  ForwardTime: 0.056  ,  TotalTime: 0.172  ,  Loss/total: 0.46157  ,  Loss/giou: 0.13454  ,  Loss/l1: 0.00794  ,  Loss/location: 0.12210  ,  pro_loss: 0.15327  ,  IoU: 0.87311  ,  Loss/sim: 0.00000
[train: Epoch 22, 1300 / 1875] FPS: 186.9 (124.7)  ,  DataTime: 0.110 (0.005)  ,  ForwardTime: 0.056  ,  TotalTime: 0.171  ,  Loss/total: 0.46130  ,  Loss/giou: 0.13442  ,  Loss/l1: 0.00793  ,  Loss/location: 0.12220  ,  pro_loss: 0.15317  ,  IoU: 0.87319  ,  Loss/sim: 0.00000
[train: Epoch 22, 1350 / 1875] FPS: 188.5 (501.0)  ,  DataTime: 0.109 (0.005)  ,  ForwardTime: 0.056  ,  TotalTime: 0.170  ,  Loss/total: 0.46069  ,  Loss/giou: 0.13448  ,  Loss/l1: 0.00793  ,  Loss/location: 0.12151  ,  pro_loss: 0.15296  ,  IoU: 0.87316  ,  Loss/sim: 0.00000
[train: Epoch 22, 1400 / 1875] FPS: 189.2 (55.1)  ,  DataTime: 0.108 (0.005)  ,  ForwardTime: 0.056  ,  TotalTime: 0.169  ,  Loss/total: 0.46020  ,  Loss/giou: 0.13432  ,  Loss/l1: 0.00791  ,  Loss/location: 0.12144  ,  pro_loss: 0.15273  ,  IoU: 0.87328  ,  Loss/sim: 0.00000
[train: Epoch 22, 1450 / 1875] FPS: 190.2 (495.2)  ,  DataTime: 0.107 (0.005)  ,  ForwardTime: 0.056  ,  TotalTime: 0.168  ,  Loss/total: 0.46000  ,  Loss/giou: 0.13424  ,  Loss/l1: 0.00790  ,  Loss/location: 0.12149  ,  pro_loss: 0.15266  ,  IoU: 0.87336  ,  Loss/sim: 0.00000
[train: Epoch 22, 1500 / 1875] FPS: 191.3 (494.4)  ,  DataTime: 0.106 (0.005)  ,  ForwardTime: 0.056  ,  TotalTime: 0.167  ,  Loss/total: 0.46037  ,  Loss/giou: 0.13424  ,  Loss/l1: 0.00790  ,  Loss/location: 0.12186  ,  pro_loss: 0.15271  ,  IoU: 0.87336  ,  Loss/sim: 0.00000
[train: Epoch 22, 1550 / 1875] FPS: 192.2 (472.6)  ,  DataTime: 0.105 (0.005)  ,  ForwardTime: 0.056  ,  TotalTime: 0.166  ,  Loss/total: 0.46028  ,  Loss/giou: 0.13426  ,  Loss/l1: 0.00790  ,  Loss/location: 0.12170  ,  pro_loss: 0.15276  ,  IoU: 0.87335  ,  Loss/sim: 0.00000
[train: Epoch 22, 1600 / 1875] FPS: 192.9 (483.4)  ,  DataTime: 0.105 (0.005)  ,  ForwardTime: 0.056  ,  TotalTime: 0.166  ,  Loss/total: 0.45977  ,  Loss/giou: 0.13416  ,  Loss/l1: 0.00790  ,  Loss/location: 0.12141  ,  pro_loss: 0.15281  ,  IoU: 0.87342  ,  Loss/sim: 0.00000
[train: Epoch 22, 1650 / 1875] FPS: 194.3 (504.2)  ,  DataTime: 0.104 (0.005)  ,  ForwardTime: 0.056  ,  TotalTime: 0.165  ,  Loss/total: 0.45979  ,  Loss/giou: 0.13416  ,  Loss/l1: 0.00789  ,  Loss/location: 0.12148  ,  pro_loss: 0.15272  ,  IoU: 0.87340  ,  Loss/sim: 0.00000
[train: Epoch 22, 1700 / 1875] FPS: 195.4 (499.1)  ,  DataTime: 0.103 (0.005)  ,  ForwardTime: 0.056  ,  TotalTime: 0.164  ,  Loss/total: 0.45966  ,  Loss/giou: 0.13415  ,  Loss/l1: 0.00788  ,  Loss/location: 0.12138  ,  pro_loss: 0.15287  ,  IoU: 0.87339  ,  Loss/sim: 0.00000
[train: Epoch 22, 1750 / 1875] FPS: 196.7 (506.1)  ,  DataTime: 0.102 (0.005)  ,  ForwardTime: 0.056  ,  TotalTime: 0.163  ,  Loss/total: 0.45982  ,  Loss/giou: 0.13421  ,  Loss/l1: 0.00788  ,  Loss/location: 0.12135  ,  pro_loss: 0.15309  ,  IoU: 0.87332  ,  Loss/sim: 0.00000
[train: Epoch 22, 1800 / 1875] FPS: 197.8 (479.6)  ,  DataTime: 0.101 (0.005)  ,  ForwardTime: 0.056  ,  TotalTime: 0.162  ,  Loss/total: 0.46019  ,  Loss/giou: 0.13440  ,  Loss/l1: 0.00789  ,  Loss/location: 0.12132  ,  pro_loss: 0.15308  ,  IoU: 0.87315  ,  Loss/sim: 0.00000
[train: Epoch 22, 1850 / 1875] FPS: 199.1 (486.9)  ,  DataTime: 0.100 (0.005)  ,  ForwardTime: 0.056  ,  TotalTime: 0.161  ,  Loss/total: 0.45992  ,  Loss/giou: 0.13441  ,  Loss/l1: 0.00789  ,  Loss/location: 0.12103  ,  pro_loss: 0.15321  ,  IoU: 0.87318  ,  Loss/sim: 0.00000
[train: Epoch 22, 1875 / 1875] FPS: 200.0 (500.2)  ,  DataTime: 0.099 (0.005)  ,  ForwardTime: 0.056  ,  TotalTime: 0.160  ,  Loss/total: 0.46015  ,  Loss/giou: 0.13449  ,  Loss/l1: 0.00790  ,  Loss/location: 0.12099  ,  pro_loss: 0.15326  ,  IoU: 0.87312  ,  Loss/sim: 0.00000
[train: Epoch 23, 50 / 1875] FPS: 199.6 (50.6)  ,  DataTime: 0.099 (0.005)  ,  ForwardTime: 0.057  ,  TotalTime: 0.160  ,  Loss/total: 0.47307  ,  Loss/giou: 0.13629  ,  Loss/l1: 0.00811  ,  Loss/location: 0.12867  ,  pro_loss: 0.15646  ,  IoU: 0.87144  ,  Loss/sim: 0.00000
[train: Epoch 23, 100 / 1875] FPS: 222.3 (487.0)  ,  DataTime: 0.082 (0.005)  ,  ForwardTime: 0.056  ,  TotalTime: 0.144  ,  Loss/total: 0.46780  ,  Loss/giou: 0.13607  ,  Loss/l1: 0.00810  ,  Loss/location: 0.12378  ,  pro_loss: 0.15698  ,  IoU: 0.87198  ,  Loss/sim: 0.00000
[train: Epoch 23, 150 / 1875] FPS: 231.2 (494.5)  ,  DataTime: 0.077 (0.005)  ,  ForwardTime: 0.057  ,  TotalTime: 0.138  ,  Loss/total: 0.46789  ,  Loss/giou: 0.13607  ,  Loss/l1: 0.00801  ,  Loss/location: 0.12451  ,  pro_loss: 0.15590  ,  IoU: 0.87188  ,  Loss/sim: 0.00000
[train: Epoch 23, 200 / 1875] FPS: 241.8 (62.3)  ,  DataTime: 0.071 (0.005)  ,  ForwardTime: 0.057  ,  TotalTime: 0.132  ,  Loss/total: 0.46698  ,  Loss/giou: 0.13586  ,  Loss/l1: 0.00796  ,  Loss/location: 0.12430  ,  pro_loss: 0.15573  ,  IoU: 0.87205  ,  Loss/sim: 0.00000
[train: Epoch 23, 250 / 1875] FPS: 245.3 (498.2)  ,  DataTime: 0.069 (0.005)  ,  ForwardTime: 0.057  ,  TotalTime: 0.130  ,  Loss/total: 0.46696  ,  Loss/giou: 0.13543  ,  Loss/l1: 0.00797  ,  Loss/location: 0.12502  ,  pro_loss: 0.15604  ,  IoU: 0.87241  ,  Loss/sim: 0.00000
[train: Epoch 23, 300 / 1875] FPS: 251.1 (478.7)  ,  DataTime: 0.066 (0.005)  ,  ForwardTime: 0.057  ,  TotalTime: 0.127  ,  Loss/total: 0.46587  ,  Loss/giou: 0.13509  ,  Loss/l1: 0.00794  ,  Loss/location: 0.12465  ,  pro_loss: 0.15656  ,  IoU: 0.87283  ,  Loss/sim: 0.00000
[train: Epoch 23, 350 / 1875] FPS: 255.3 (477.8)  ,  DataTime: 0.064 (0.005)  ,  ForwardTime: 0.057  ,  TotalTime: 0.125  ,  Loss/total: 0.46558  ,  Loss/giou: 0.13521  ,  Loss/l1: 0.00799  ,  Loss/location: 0.12373  ,  pro_loss: 0.15735  ,  IoU: 0.87280  ,  Loss/sim: 0.00000
[train: Epoch 23, 400 / 1875] FPS: 254.5 (494.2)  ,  DataTime: 0.064 (0.005)  ,  ForwardTime: 0.057  ,  TotalTime: 0.126  ,  Loss/total: 0.46326  ,  Loss/giou: 0.13467  ,  Loss/l1: 0.00795  ,  Loss/location: 0.12258  ,  pro_loss: 0.15789  ,  IoU: 0.87322  ,  Loss/sim: 0.00000
[train: Epoch 23, 450 / 1875] FPS: 254.4 (470.0)  ,  DataTime: 0.064 (0.005)  ,  ForwardTime: 0.057  ,  TotalTime: 0.126  ,  Loss/total: 0.46259  ,  Loss/giou: 0.13424  ,  Loss/l1: 0.00792  ,  Loss/location: 0.12299  ,  pro_loss: 0.15762  ,  IoU: 0.87353  ,  Loss/sim: 0.00000
[train: Epoch 23, 500 / 1875] FPS: 258.8 (500.7)  ,  DataTime: 0.062 (0.005)  ,  ForwardTime: 0.057  ,  TotalTime: 0.124  ,  Loss/total: 0.46184  ,  Loss/giou: 0.13397  ,  Loss/l1: 0.00789  ,  Loss/location: 0.12290  ,  pro_loss: 0.15777  ,  IoU: 0.87366  ,  Loss/sim: 0.00000
[train: Epoch 23, 550 / 1875] FPS: 261.8 (490.8)  ,  DataTime: 0.060 (0.005)  ,  ForwardTime: 0.057  ,  TotalTime: 0.122  ,  Loss/total: 0.46273  ,  Loss/giou: 0.13430  ,  Loss/l1: 0.00790  ,  Loss/location: 0.12309  ,  pro_loss: 0.15771  ,  IoU: 0.87332  ,  Loss/sim: 0.00000
[train: Epoch 23, 600 / 1875] FPS: 264.8 (487.9)  ,  DataTime: 0.059 (0.005)  ,  ForwardTime: 0.057  ,  TotalTime: 0.121  ,  Loss/total: 0.46335  ,  Loss/giou: 0.13468  ,  Loss/l1: 0.00793  ,  Loss/location: 0.12284  ,  pro_loss: 0.15745  ,  IoU: 0.87309  ,  Loss/sim: 0.00000
[train: Epoch 23, 650 / 1875] FPS: 267.4 (421.1)  ,  DataTime: 0.058 (0.005)  ,  ForwardTime: 0.057  ,  TotalTime: 0.120  ,  Loss/total: 0.46247  ,  Loss/giou: 0.13431  ,  Loss/l1: 0.00790  ,  Loss/location: 0.12275  ,  pro_loss: 0.15813  ,  IoU: 0.87338  ,  Loss/sim: 0.00000
[train: Epoch 23, 700 / 1875] FPS: 266.7 (497.4)  ,  DataTime: 0.058 (0.005)  ,  ForwardTime: 0.057  ,  TotalTime: 0.120  ,  Loss/total: 0.46081  ,  Loss/giou: 0.13378  ,  Loss/l1: 0.00784  ,  Loss/location: 0.12252  ,  pro_loss: 0.15757  ,  IoU: 0.87382  ,  Loss/sim: 0.00000
[train: Epoch 23, 750 / 1875] FPS: 270.1 (489.5)  ,  DataTime: 0.057 (0.005)  ,  ForwardTime: 0.057  ,  TotalTime: 0.118  ,  Loss/total: 0.46123  ,  Loss/giou: 0.13392  ,  Loss/l1: 0.00786  ,  Loss/location: 0.12258  ,  pro_loss: 0.15757  ,  IoU: 0.87369  ,  Loss/sim: 0.00000
[train: Epoch 23, 800 / 1875] FPS: 269.5 (488.1)  ,  DataTime: 0.057 (0.005)  ,  ForwardTime: 0.057  ,  TotalTime: 0.119  ,  Loss/total: 0.46019  ,  Loss/giou: 0.13370  ,  Loss/l1: 0.00784  ,  Loss/location: 0.12210  ,  pro_loss: 0.15742  ,  IoU: 0.87387  ,  Loss/sim: 0.00000
[train: Epoch 23, 850 / 1875] FPS: 271.9 (298.7)  ,  DataTime: 0.056 (0.005)  ,  ForwardTime: 0.057  ,  TotalTime: 0.118  ,  Loss/total: 0.46092  ,  Loss/giou: 0.13407  ,  Loss/l1: 0.00785  ,  Loss/location: 0.12203  ,  pro_loss: 0.15743  ,  IoU: 0.87356  ,  Loss/sim: 0.00000
[train: Epoch 23, 900 / 1875] FPS: 271.1 (475.3)  ,  DataTime: 0.056 (0.005)  ,  ForwardTime: 0.057  ,  TotalTime: 0.118  ,  Loss/total: 0.46050  ,  Loss/giou: 0.13403  ,  Loss/l1: 0.00784  ,  Loss/location: 0.12180  ,  pro_loss: 0.15719  ,  IoU: 0.87357  ,  Loss/sim: 0.00000
[train: Epoch 23, 950 / 1875] FPS: 273.4 (485.4)  ,  DataTime: 0.055 (0.005)  ,  ForwardTime: 0.057  ,  TotalTime: 0.117  ,  Loss/total: 0.46025  ,  Loss/giou: 0.13403  ,  Loss/l1: 0.00783  ,  Loss/location: 0.12158  ,  pro_loss: 0.15717  ,  IoU: 0.87354  ,  Loss/sim: 0.00000
[train: Epoch 23, 1000 / 1875] FPS: 275.2 (493.8)  ,  DataTime: 0.054 (0.005)  ,  ForwardTime: 0.057  ,  TotalTime: 0.116  ,  Loss/total: 0.46048  ,  Loss/giou: 0.13396  ,  Loss/l1: 0.00783  ,  Loss/location: 0.12197  ,  pro_loss: 0.15713  ,  IoU: 0.87359  ,  Loss/sim: 0.00000
[train: Epoch 23, 1050 / 1875] FPS: 275.0 (498.3)  ,  DataTime: 0.054 (0.005)  ,  ForwardTime: 0.057  ,  TotalTime: 0.116  ,  Loss/total: 0.46226  ,  Loss/giou: 0.13438  ,  Loss/l1: 0.00789  ,  Loss/location: 0.12265  ,  pro_loss: 0.15705  ,  IoU: 0.87326  ,  Loss/sim: 0.00000
[train: Epoch 23, 1100 / 1875] FPS: 275.9 (500.4)  ,  DataTime: 0.054 (0.005)  ,  ForwardTime: 0.057  ,  TotalTime: 0.116  ,  Loss/total: 0.46268  ,  Loss/giou: 0.13462  ,  Loss/l1: 0.00789  ,  Loss/location: 0.12259  ,  pro_loss: 0.15697  ,  IoU: 0.87304  ,  Loss/sim: 0.00000
[train: Epoch 23, 1150 / 1875] FPS: 277.1 (492.4)  ,  DataTime: 0.054 (0.005)  ,  ForwardTime: 0.057  ,  TotalTime: 0.115  ,  Loss/total: 0.46280  ,  Loss/giou: 0.13451  ,  Loss/l1: 0.00789  ,  Loss/location: 0.12297  ,  pro_loss: 0.15693  ,  IoU: 0.87311  ,  Loss/sim: 0.00000
[train: Epoch 23, 1200 / 1875] FPS: 277.7 (496.0)  ,  DataTime: 0.053 (0.005)  ,  ForwardTime: 0.057  ,  TotalTime: 0.115  ,  Loss/total: 0.46265  ,  Loss/giou: 0.13453  ,  Loss/l1: 0.00790  ,  Loss/location: 0.12274  ,  pro_loss: 0.15689  ,  IoU: 0.87310  ,  Loss/sim: 0.00000
[train: Epoch 23, 1250 / 1875] FPS: 277.9 (498.4)  ,  DataTime: 0.053 (0.005)  ,  ForwardTime: 0.057  ,  TotalTime: 0.115  ,  Loss/total: 0.46253  ,  Loss/giou: 0.13451  ,  Loss/l1: 0.00789  ,  Loss/location: 0.12273  ,  pro_loss: 0.15658  ,  IoU: 0.87311  ,  Loss/sim: 0.00000
[train: Epoch 23, 1300 / 1875] FPS: 279.5 (487.8)  ,  DataTime: 0.053 (0.005)  ,  ForwardTime: 0.057  ,  TotalTime: 0.115  ,  Loss/total: 0.46253  ,  Loss/giou: 0.13451  ,  Loss/l1: 0.00790  ,  Loss/location: 0.12270  ,  pro_loss: 0.15650  ,  IoU: 0.87312  ,  Loss/sim: 0.00000
[train: Epoch 23, 1350 / 1875] FPS: 281.2 (478.0)  ,  DataTime: 0.052 (0.005)  ,  ForwardTime: 0.057  ,  TotalTime: 0.114  ,  Loss/total: 0.46234  ,  Loss/giou: 0.13438  ,  Loss/l1: 0.00788  ,  Loss/location: 0.12285  ,  pro_loss: 0.15648  ,  IoU: 0.87321  ,  Loss/sim: 0.00000
[train: Epoch 23, 1400 / 1875] FPS: 281.0 (477.4)  ,  DataTime: 0.052 (0.005)  ,  ForwardTime: 0.057  ,  TotalTime: 0.114  ,  Loss/total: 0.46267  ,  Loss/giou: 0.13448  ,  Loss/l1: 0.00790  ,  Loss/location: 0.12291  ,  pro_loss: 0.15656  ,  IoU: 0.87314  ,  Loss/sim: 0.00000
[train: Epoch 23, 1450 / 1875] FPS: 282.3 (489.8)  ,  DataTime: 0.051 (0.005)  ,  ForwardTime: 0.057  ,  TotalTime: 0.113  ,  Loss/total: 0.46237  ,  Loss/giou: 0.13447  ,  Loss/l1: 0.00789  ,  Loss/location: 0.12272  ,  pro_loss: 0.15635  ,  IoU: 0.87313  ,  Loss/sim: 0.00000
[train: Epoch 23, 1500 / 1875] FPS: 283.6 (487.8)  ,  DataTime: 0.051 (0.005)  ,  ForwardTime: 0.057  ,  TotalTime: 0.113  ,  Loss/total: 0.46170  ,  Loss/giou: 0.13431  ,  Loss/l1: 0.00787  ,  Loss/location: 0.12242  ,  pro_loss: 0.15642  ,  IoU: 0.87325  ,  Loss/sim: 0.00000
[train: Epoch 23, 1550 / 1875] FPS: 284.4 (473.0)  ,  DataTime: 0.050 (0.005)  ,  ForwardTime: 0.057  ,  TotalTime: 0.113  ,  Loss/total: 0.46151  ,  Loss/giou: 0.13420  ,  Loss/l1: 0.00787  ,  Loss/location: 0.12245  ,  pro_loss: 0.15652  ,  IoU: 0.87337  ,  Loss/sim: 0.00000
[train: Epoch 23, 1600 / 1875] FPS: 285.1 (503.4)  ,  DataTime: 0.050 (0.005)  ,  ForwardTime: 0.057  ,  TotalTime: 0.112  ,  Loss/total: 0.46142  ,  Loss/giou: 0.13413  ,  Loss/l1: 0.00786  ,  Loss/location: 0.12258  ,  pro_loss: 0.15648  ,  IoU: 0.87340  ,  Loss/sim: 0.00000
[train: Epoch 23, 1650 / 1875] FPS: 286.0 (485.1)  ,  DataTime: 0.050 (0.005)  ,  ForwardTime: 0.057  ,  TotalTime: 0.112  ,  Loss/total: 0.46103  ,  Loss/giou: 0.13402  ,  Loss/l1: 0.00785  ,  Loss/location: 0.12241  ,  pro_loss: 0.15674  ,  IoU: 0.87348  ,  Loss/sim: 0.00000
[train: Epoch 23, 1700 / 1875] FPS: 287.8 (482.8)  ,  DataTime: 0.049 (0.005)  ,  ForwardTime: 0.057  ,  TotalTime: 0.111  ,  Loss/total: 0.46078  ,  Loss/giou: 0.13395  ,  Loss/l1: 0.00784  ,  Loss/location: 0.12235  ,  pro_loss: 0.15675  ,  IoU: 0.87352  ,  Loss/sim: 0.00000
[train: Epoch 23, 1750 / 1875] FPS: 289.0 (469.2)  ,  DataTime: 0.048 (0.005)  ,  ForwardTime: 0.057  ,  TotalTime: 0.111  ,  Loss/total: 0.46096  ,  Loss/giou: 0.13393  ,  Loss/l1: 0.00784  ,  Loss/location: 0.12256  ,  pro_loss: 0.15674  ,  IoU: 0.87354  ,  Loss/sim: 0.00000
[train: Epoch 23, 1800 / 1875] FPS: 290.5 (470.9)  ,  DataTime: 0.048 (0.005)  ,  ForwardTime: 0.057  ,  TotalTime: 0.110  ,  Loss/total: 0.46145  ,  Loss/giou: 0.13418  ,  Loss/l1: 0.00785  ,  Loss/location: 0.12246  ,  pro_loss: 0.15685  ,  IoU: 0.87333  ,  Loss/sim: 0.00000
[train: Epoch 23, 1850 / 1875] FPS: 291.5 (191.1)  ,  DataTime: 0.047 (0.005)  ,  ForwardTime: 0.057  ,  TotalTime: 0.110  ,  Loss/total: 0.46138  ,  Loss/giou: 0.13418  ,  Loss/l1: 0.00785  ,  Loss/location: 0.12238  ,  pro_loss: 0.15689  ,  IoU: 0.87332  ,  Loss/sim: 0.00000
[train: Epoch 23, 1875 / 1875] FPS: 292.9 (512.5)  ,  DataTime: 0.047 (0.005)  ,  ForwardTime: 0.057  ,  TotalTime: 0.109  ,  Loss/total: 0.46135  ,  Loss/giou: 0.13418  ,  Loss/l1: 0.00785  ,  Loss/location: 0.12237  ,  pro_loss: 0.15688  ,  IoU: 0.87331  ,  Loss/sim: 0.00000
[train: Epoch 24, 50 / 1875] FPS: 281.4 (491.4)  ,  DataTime: 0.050 (0.006)  ,  ForwardTime: 0.058  ,  TotalTime: 0.114  ,  Loss/total: 0.44230  ,  Loss/giou: 0.12900  ,  Loss/l1: 0.00774  ,  Loss/location: 0.11253  ,  pro_loss: 0.16542  ,  IoU: 0.87781  ,  Loss/sim: 0.00000
[train: Epoch 24, 100 / 1875] FPS: 303.5 (482.5)  ,  DataTime: 0.042 (0.005)  ,  ForwardTime: 0.058  ,  TotalTime: 0.105  ,  Loss/total: 0.45080  ,  Loss/giou: 0.13087  ,  Loss/l1: 0.00768  ,  Loss/location: 0.11776  ,  pro_loss: 0.16458  ,  IoU: 0.87580  ,  Loss/sim: 0.00000
[train: Epoch 24, 150 / 1875] FPS: 316.5 (488.1)  ,  DataTime: 0.038 (0.005)  ,  ForwardTime: 0.058  ,  TotalTime: 0.101  ,  Loss/total: 0.45496  ,  Loss/giou: 0.13192  ,  Loss/l1: 0.00774  ,  Loss/location: 0.11980  ,  pro_loss: 0.16299  ,  IoU: 0.87507  ,  Loss/sim: 0.00000
[train: Epoch 24, 200 / 1875] FPS: 325.1 (464.7)  ,  DataTime: 0.035 (0.005)  ,  ForwardTime: 0.058  ,  TotalTime: 0.098  ,  Loss/total: 0.45208  ,  Loss/giou: 0.13076  ,  Loss/l1: 0.00760  ,  Loss/location: 0.11993  ,  pro_loss: 0.16307  ,  IoU: 0.87602  ,  Loss/sim: 0.00000
[train: Epoch 24, 250 / 1875] FPS: 327.9 (478.5)  ,  DataTime: 0.034 (0.006)  ,  ForwardTime: 0.058  ,  TotalTime: 0.098  ,  Loss/total: 0.45568  ,  Loss/giou: 0.13222  ,  Loss/l1: 0.00775  ,  Loss/location: 0.12028  ,  pro_loss: 0.16096  ,  IoU: 0.87493  ,  Loss/sim: 0.00000
[train: Epoch 24, 300 / 1875] FPS: 334.1 (82.3)  ,  DataTime: 0.032 (0.006)  ,  ForwardTime: 0.058  ,  TotalTime: 0.096  ,  Loss/total: 0.45686  ,  Loss/giou: 0.13234  ,  Loss/l1: 0.00770  ,  Loss/location: 0.12159  ,  pro_loss: 0.16049  ,  IoU: 0.87479  ,  Loss/sim: 0.00000
[train: Epoch 24, 350 / 1875] FPS: 340.5 (487.8)  ,  DataTime: 0.030 (0.006)  ,  ForwardTime: 0.058  ,  TotalTime: 0.094  ,  Loss/total: 0.45706  ,  Loss/giou: 0.13233  ,  Loss/l1: 0.00768  ,  Loss/location: 0.12211  ,  pro_loss: 0.15955  ,  IoU: 0.87481  ,  Loss/sim: 0.00000
[train: Epoch 24, 400 / 1875] FPS: 343.2 (472.3)  ,  DataTime: 0.029 (0.006)  ,  ForwardTime: 0.058  ,  TotalTime: 0.093  ,  Loss/total: 0.45655  ,  Loss/giou: 0.13228  ,  Loss/l1: 0.00765  ,  Loss/location: 0.12203  ,  pro_loss: 0.15857  ,  IoU: 0.87481  ,  Loss/sim: 0.00000
[train: Epoch 24, 450 / 1875] FPS: 345.1 (489.9)  ,  DataTime: 0.029 (0.006)  ,  ForwardTime: 0.058  ,  TotalTime: 0.093  ,  Loss/total: 0.45633  ,  Loss/giou: 0.13214  ,  Loss/l1: 0.00764  ,  Loss/location: 0.12211  ,  pro_loss: 0.15870  ,  IoU: 0.87489  ,  Loss/sim: 0.00000
[train: Epoch 24, 500 / 1875] FPS: 348.5 (462.0)  ,  DataTime: 0.028 (0.006)  ,  ForwardTime: 0.058  ,  TotalTime: 0.092  ,  Loss/total: 0.45497  ,  Loss/giou: 0.13153  ,  Loss/l1: 0.00762  ,  Loss/location: 0.12228  ,  pro_loss: 0.15769  ,  IoU: 0.87541  ,  Loss/sim: 0.00000
[train: Epoch 24, 550 / 1875] FPS: 347.0 (476.3)  ,  DataTime: 0.028 (0.006)  ,  ForwardTime: 0.058  ,  TotalTime: 0.092  ,  Loss/total: 0.45430  ,  Loss/giou: 0.13176  ,  Loss/l1: 0.00765  ,  Loss/location: 0.12100  ,  pro_loss: 0.15777  ,  IoU: 0.87526  ,  Loss/sim: 0.00000
[train: Epoch 24, 600 / 1875] FPS: 348.9 (437.6)  ,  DataTime: 0.028 (0.006)  ,  ForwardTime: 0.058  ,  TotalTime: 0.092  ,  Loss/total: 0.45361  ,  Loss/giou: 0.13155  ,  Loss/l1: 0.00761  ,  Loss/location: 0.12095  ,  pro_loss: 0.15753  ,  IoU: 0.87542  ,  Loss/sim: 0.00000
[train: Epoch 24, 650 / 1875] FPS: 351.5 (131.3)  ,  DataTime: 0.027 (0.006)  ,  ForwardTime: 0.058  ,  TotalTime: 0.091  ,  Loss/total: 0.45341  ,  Loss/giou: 0.13139  ,  Loss/l1: 0.00760  ,  Loss/location: 0.12123  ,  pro_loss: 0.15691  ,  IoU: 0.87552  ,  Loss/sim: 0.00000
[train: Epoch 24, 700 / 1875] FPS: 354.5 (476.3)  ,  DataTime: 0.026 (0.006)  ,  ForwardTime: 0.058  ,  TotalTime: 0.090  ,  Loss/total: 0.45360  ,  Loss/giou: 0.13154  ,  Loss/l1: 0.00760  ,  Loss/location: 0.12121  ,  pro_loss: 0.15655  ,  IoU: 0.87538  ,  Loss/sim: 0.00000
[train: Epoch 24, 750 / 1875] FPS: 356.8 (423.8)  ,  DataTime: 0.026 (0.006)  ,  ForwardTime: 0.059  ,  TotalTime: 0.090  ,  Loss/total: 0.45383  ,  Loss/giou: 0.13162  ,  Loss/l1: 0.00760  ,  Loss/location: 0.12130  ,  pro_loss: 0.15644  ,  IoU: 0.87530  ,  Loss/sim: 0.00000
[train: Epoch 24, 800 / 1875] FPS: 357.4 (477.0)  ,  DataTime: 0.025 (0.006)  ,  ForwardTime: 0.058  ,  TotalTime: 0.090  ,  Loss/total: 0.45431  ,  Loss/giou: 0.13178  ,  Loss/l1: 0.00762  ,  Loss/location: 0.12132  ,  pro_loss: 0.15678  ,  IoU: 0.87517  ,  Loss/sim: 0.00000
[train: Epoch 24, 850 / 1875] FPS: 359.9 (125.5)  ,  DataTime: 0.025 (0.006)  ,  ForwardTime: 0.059  ,  TotalTime: 0.089  ,  Loss/total: 0.45524  ,  Loss/giou: 0.13198  ,  Loss/l1: 0.00764  ,  Loss/location: 0.12176  ,  pro_loss: 0.15653  ,  IoU: 0.87504  ,  Loss/sim: 0.00000
[train: Epoch 24, 900 / 1875] FPS: 362.1 (478.6)  ,  DataTime: 0.024 (0.006)  ,  ForwardTime: 0.059  ,  TotalTime: 0.088  ,  Loss/total: 0.45614  ,  Loss/giou: 0.13225  ,  Loss/l1: 0.00767  ,  Loss/location: 0.12198  ,  pro_loss: 0.15653  ,  IoU: 0.87482  ,  Loss/sim: 0.00000
[train: Epoch 24, 950 / 1875] FPS: 364.1 (481.6)  ,  DataTime: 0.024 (0.006)  ,  ForwardTime: 0.059  ,  TotalTime: 0.088  ,  Loss/total: 0.45710  ,  Loss/giou: 0.13249  ,  Loss/l1: 0.00768  ,  Loss/location: 0.12243  ,  pro_loss: 0.15661  ,  IoU: 0.87460  ,  Loss/sim: 0.00000
[train: Epoch 24, 1000 / 1875] FPS: 365.0 (486.7)  ,  DataTime: 0.024 (0.006)  ,  ForwardTime: 0.059  ,  TotalTime: 0.088  ,  Loss/total: 0.45722  ,  Loss/giou: 0.13264  ,  Loss/l1: 0.00768  ,  Loss/location: 0.12217  ,  pro_loss: 0.15674  ,  IoU: 0.87448  ,  Loss/sim: 0.00000
[train: Epoch 24, 1050 / 1875] FPS: 364.1 (476.7)  ,  DataTime: 0.024 (0.006)  ,  ForwardTime: 0.059  ,  TotalTime: 0.088  ,  Loss/total: 0.45663  ,  Loss/giou: 0.13253  ,  Loss/l1: 0.00768  ,  Loss/location: 0.12181  ,  pro_loss: 0.15689  ,  IoU: 0.87461  ,  Loss/sim: 0.00000
[train: Epoch 24, 1100 / 1875] FPS: 365.0 (131.8)  ,  DataTime: 0.024 (0.006)  ,  ForwardTime: 0.059  ,  TotalTime: 0.088  ,  Loss/total: 0.45727  ,  Loss/giou: 0.13272  ,  Loss/l1: 0.00769  ,  Loss/location: 0.12199  ,  pro_loss: 0.15690  ,  IoU: 0.87447  ,  Loss/sim: 0.00000
[train: Epoch 24, 1150 / 1875] FPS: 366.3 (480.0)  ,  DataTime: 0.023 (0.006)  ,  ForwardTime: 0.059  ,  TotalTime: 0.087  ,  Loss/total: 0.45743  ,  Loss/giou: 0.13269  ,  Loss/l1: 0.00769  ,  Loss/location: 0.12229  ,  pro_loss: 0.15659  ,  IoU: 0.87450  ,  Loss/sim: 0.00000
[train: Epoch 24, 1200 / 1875] FPS: 367.3 (499.0)  ,  DataTime: 0.023 (0.006)  ,  ForwardTime: 0.059  ,  TotalTime: 0.087  ,  Loss/total: 0.45728  ,  Loss/giou: 0.13263  ,  Loss/l1: 0.00769  ,  Loss/location: 0.12229  ,  pro_loss: 0.15633  ,  IoU: 0.87453  ,  Loss/sim: 0.00000
[train: Epoch 24, 1250 / 1875] FPS: 366.7 (490.3)  ,  DataTime: 0.023 (0.006)  ,  ForwardTime: 0.059  ,  TotalTime: 0.087  ,  Loss/total: 0.45683  ,  Loss/giou: 0.13260  ,  Loss/l1: 0.00769  ,  Loss/location: 0.12194  ,  pro_loss: 0.15617  ,  IoU: 0.87456  ,  Loss/sim: 0.00000
[train: Epoch 24, 1300 / 1875] FPS: 368.1 (444.7)  ,  DataTime: 0.023 (0.006)  ,  ForwardTime: 0.059  ,  TotalTime: 0.087  ,  Loss/total: 0.45715  ,  Loss/giou: 0.13282  ,  Loss/l1: 0.00771  ,  Loss/location: 0.12174  ,  pro_loss: 0.15601  ,  IoU: 0.87436  ,  Loss/sim: 0.00000
[train: Epoch 24, 1350 / 1875] FPS: 369.1 (472.0)  ,  DataTime: 0.023 (0.006)  ,  ForwardTime: 0.059  ,  TotalTime: 0.087  ,  Loss/total: 0.45692  ,  Loss/giou: 0.13292  ,  Loss/l1: 0.00773  ,  Loss/location: 0.12127  ,  pro_loss: 0.15581  ,  IoU: 0.87429  ,  Loss/sim: 0.00000
[train: Epoch 24, 1400 / 1875] FPS: 368.9 (451.7)  ,  DataTime: 0.023 (0.006)  ,  ForwardTime: 0.059  ,  TotalTime: 0.087  ,  Loss/total: 0.45670  ,  Loss/giou: 0.13288  ,  Loss/l1: 0.00772  ,  Loss/location: 0.12118  ,  pro_loss: 0.15573  ,  IoU: 0.87432  ,  Loss/sim: 0.00000
[train: Epoch 24, 1450 / 1875] FPS: 368.1 (474.1)  ,  DataTime: 0.023 (0.006)  ,  ForwardTime: 0.059  ,  TotalTime: 0.087  ,  Loss/total: 0.45674  ,  Loss/giou: 0.13297  ,  Loss/l1: 0.00773  ,  Loss/location: 0.12105  ,  pro_loss: 0.15560  ,  IoU: 0.87426  ,  Loss/sim: 0.00000
[train: Epoch 24, 1500 / 1875] FPS: 369.4 (476.9)  ,  DataTime: 0.022 (0.006)  ,  ForwardTime: 0.059  ,  TotalTime: 0.087  ,  Loss/total: 0.45652  ,  Loss/giou: 0.13287  ,  Loss/l1: 0.00772  ,  Loss/location: 0.12109  ,  pro_loss: 0.15552  ,  IoU: 0.87434  ,  Loss/sim: 0.00000
[train: Epoch 24, 1550 / 1875] FPS: 370.6 (453.9)  ,  DataTime: 0.022 (0.006)  ,  ForwardTime: 0.059  ,  TotalTime: 0.086  ,  Loss/total: 0.45665  ,  Loss/giou: 0.13292  ,  Loss/l1: 0.00772  ,  Loss/location: 0.12112  ,  pro_loss: 0.15549  ,  IoU: 0.87430  ,  Loss/sim: 0.00000
[train: Epoch 24, 1600 / 1875] FPS: 372.1 (419.1)  ,  DataTime: 0.022 (0.006)  ,  ForwardTime: 0.059  ,  TotalTime: 0.086  ,  Loss/total: 0.45670  ,  Loss/giou: 0.13300  ,  Loss/l1: 0.00772  ,  Loss/location: 0.12095  ,  pro_loss: 0.15570  ,  IoU: 0.87423  ,  Loss/sim: 0.00000
[train: Epoch 24, 1650 / 1875] FPS: 373.5 (466.1)  ,  DataTime: 0.021 (0.006)  ,  ForwardTime: 0.059  ,  TotalTime: 0.086  ,  Loss/total: 0.45649  ,  Loss/giou: 0.13298  ,  Loss/l1: 0.00771  ,  Loss/location: 0.12082  ,  pro_loss: 0.15574  ,  IoU: 0.87423  ,  Loss/sim: 0.00000
[train: Epoch 24, 1700 / 1875] FPS: 374.1 (481.2)  ,  DataTime: 0.021 (0.006)  ,  ForwardTime: 0.059  ,  TotalTime: 0.086  ,  Loss/total: 0.45646  ,  Loss/giou: 0.13298  ,  Loss/l1: 0.00771  ,  Loss/location: 0.12080  ,  pro_loss: 0.15573  ,  IoU: 0.87421  ,  Loss/sim: 0.00000
[train: Epoch 24, 1750 / 1875] FPS: 374.8 (469.7)  ,  DataTime: 0.021 (0.006)  ,  ForwardTime: 0.059  ,  TotalTime: 0.085  ,  Loss/total: 0.45690  ,  Loss/giou: 0.13309  ,  Loss/l1: 0.00772  ,  Loss/location: 0.12097  ,  pro_loss: 0.15575  ,  IoU: 0.87411  ,  Loss/sim: 0.00000
[train: Epoch 24, 1800 / 1875] FPS: 376.5 (421.0)  ,  DataTime: 0.021 (0.006)  ,  ForwardTime: 0.059  ,  TotalTime: 0.085  ,  Loss/total: 0.45653  ,  Loss/giou: 0.13305  ,  Loss/l1: 0.00772  ,  Loss/location: 0.12066  ,  pro_loss: 0.15580  ,  IoU: 0.87415  ,  Loss/sim: 0.00000
[train: Epoch 24, 1850 / 1875] FPS: 377.6 (455.8)  ,  DataTime: 0.020 (0.006)  ,  ForwardTime: 0.059  ,  TotalTime: 0.085  ,  Loss/total: 0.45668  ,  Loss/giou: 0.13300  ,  Loss/l1: 0.00771  ,  Loss/location: 0.12097  ,  pro_loss: 0.15577  ,  IoU: 0.87418  ,  Loss/sim: 0.00000
[train: Epoch 24, 1875 / 1875] FPS: 378.4 (508.3)  ,  DataTime: 0.020 (0.006)  ,  ForwardTime: 0.059  ,  TotalTime: 0.085  ,  Loss/total: 0.45648  ,  Loss/giou: 0.13295  ,  Loss/l1: 0.00771  ,  Loss/location: 0.12090  ,  pro_loss: 0.15580  ,  IoU: 0.87422  ,  Loss/sim: 0.00000
[train: Epoch 25, 50 / 1875] FPS: 326.4 (461.6)  ,  DataTime: 0.034 (0.006)  ,  ForwardTime: 0.059  ,  TotalTime: 0.098  ,  Loss/total: 0.44524  ,  Loss/giou: 0.13044  ,  Loss/l1: 0.00737  ,  Loss/location: 0.11638  ,  pro_loss: 0.15583  ,  IoU: 0.87647  ,  Loss/sim: 0.00000
[train: Epoch 25, 100 / 1875] FPS: 369.9 (465.8)  ,  DataTime: 0.022 (0.006)  ,  ForwardTime: 0.059  ,  TotalTime: 0.087  ,  Loss/total: 0.45184  ,  Loss/giou: 0.13084  ,  Loss/l1: 0.00758  ,  Loss/location: 0.12140  ,  pro_loss: 0.15438  ,  IoU: 0.87581  ,  Loss/sim: 0.00000
[train: Epoch 25, 150 / 1875] FPS: 393.2 (490.1)  ,  DataTime: 0.016 (0.006)  ,  ForwardTime: 0.059  ,  TotalTime: 0.081  ,  Loss/total: 0.45488  ,  Loss/giou: 0.13235  ,  Loss/l1: 0.00779  ,  Loss/location: 0.12072  ,  pro_loss: 0.15250  ,  IoU: 0.87479  ,  Loss/sim: 0.00000
[train: Epoch 25, 200 / 1875] FPS: 394.9 (451.5)  ,  DataTime: 0.016 (0.006)  ,  ForwardTime: 0.059  ,  TotalTime: 0.081  ,  Loss/total: 0.45351  ,  Loss/giou: 0.13261  ,  Loss/l1: 0.00787  ,  Loss/location: 0.11883  ,  pro_loss: 0.15057  ,  IoU: 0.87469  ,  Loss/sim: 0.00000
[train: Epoch 25, 250 / 1875] FPS: 405.2 (395.2)  ,  DataTime: 0.014 (0.006)  ,  ForwardTime: 0.059  ,  TotalTime: 0.079  ,  Loss/total: 0.45588  ,  Loss/giou: 0.13256  ,  Loss/l1: 0.00788  ,  Loss/location: 0.12082  ,  pro_loss: 0.15263  ,  IoU: 0.87491  ,  Loss/sim: 0.00000
[train: Epoch 25, 300 / 1875] FPS: 409.7 (417.3)  ,  DataTime: 0.013 (0.006)  ,  ForwardTime: 0.060  ,  TotalTime: 0.078  ,  Loss/total: 0.45866  ,  Loss/giou: 0.13313  ,  Loss/l1: 0.00793  ,  Loss/location: 0.12224  ,  pro_loss: 0.15264  ,  IoU: 0.87442  ,  Loss/sim: 0.00000
[train: Epoch 25, 350 / 1875] FPS: 406.0 (424.2)  ,  DataTime: 0.013 (0.006)  ,  ForwardTime: 0.060  ,  TotalTime: 0.079  ,  Loss/total: 0.45919  ,  Loss/giou: 0.13295  ,  Loss/l1: 0.00793  ,  Loss/location: 0.12312  ,  pro_loss: 0.15256  ,  IoU: 0.87459  ,  Loss/sim: 0.00000
[train: Epoch 25, 400 / 1875] FPS: 411.4 (432.0)  ,  DataTime: 0.012 (0.006)  ,  ForwardTime: 0.060  ,  TotalTime: 0.078  ,  Loss/total: 0.45903  ,  Loss/giou: 0.13305  ,  Loss/l1: 0.00791  ,  Loss/location: 0.12264  ,  pro_loss: 0.15378  ,  IoU: 0.87454  ,  Loss/sim: 0.00000
[train: Epoch 25, 450 / 1875] FPS: 406.7 (463.8)  ,  DataTime: 0.013 (0.006)  ,  ForwardTime: 0.059  ,  TotalTime: 0.079  ,  Loss/total: 0.45707  ,  Loss/giou: 0.13221  ,  Loss/l1: 0.00780  ,  Loss/location: 0.12297  ,  pro_loss: 0.15336  ,  IoU: 0.87512  ,  Loss/sim: 0.00000
[train: Epoch 25, 500 / 1875] FPS: 411.0 (484.6)  ,  DataTime: 0.013 (0.006)  ,  ForwardTime: 0.059  ,  TotalTime: 0.078  ,  Loss/total: 0.45569  ,  Loss/giou: 0.13157  ,  Loss/l1: 0.00773  ,  Loss/location: 0.12328  ,  pro_loss: 0.15302  ,  IoU: 0.87558  ,  Loss/sim: 0.00000
[train: Epoch 25, 550 / 1875] FPS: 414.0 (463.1)  ,  DataTime: 0.012 (0.006)  ,  ForwardTime: 0.059  ,  TotalTime: 0.077  ,  Loss/total: 0.45825  ,  Loss/giou: 0.13246  ,  Loss/l1: 0.00781  ,  Loss/location: 0.12351  ,  pro_loss: 0.15390  ,  IoU: 0.87497  ,  Loss/sim: 0.00000
[train: Epoch 25, 600 / 1875] FPS: 415.7 (476.5)  ,  DataTime: 0.012 (0.006)  ,  ForwardTime: 0.059  ,  TotalTime: 0.077  ,  Loss/total: 0.45889  ,  Loss/giou: 0.13266  ,  Loss/l1: 0.00782  ,  Loss/location: 0.12373  ,  pro_loss: 0.15368  ,  IoU: 0.87482  ,  Loss/sim: 0.00000
[train: Epoch 25, 650 / 1875] FPS: 416.6 (456.9)  ,  DataTime: 0.011 (0.006)  ,  ForwardTime: 0.059  ,  TotalTime: 0.077  ,  Loss/total: 0.45906  ,  Loss/giou: 0.13276  ,  Loss/l1: 0.00782  ,  Loss/location: 0.12366  ,  pro_loss: 0.15385  ,  IoU: 0.87468  ,  Loss/sim: 0.00000
[train: Epoch 25, 700 / 1875] FPS: 416.8 (484.1)  ,  DataTime: 0.011 (0.006)  ,  ForwardTime: 0.059  ,  TotalTime: 0.077  ,  Loss/total: 0.46034  ,  Loss/giou: 0.13303  ,  Loss/l1: 0.00783  ,  Loss/location: 0.12432  ,  pro_loss: 0.15399  ,  IoU: 0.87444  ,  Loss/sim: 0.00000
[train: Epoch 25, 750 / 1875] FPS: 418.9 (425.4)  ,  DataTime: 0.011 (0.006)  ,  ForwardTime: 0.059  ,  TotalTime: 0.076  ,  Loss/total: 0.45886  ,  Loss/giou: 0.13270  ,  Loss/l1: 0.00779  ,  Loss/location: 0.12365  ,  pro_loss: 0.15422  ,  IoU: 0.87472  ,  Loss/sim: 0.00000
[train: Epoch 25, 800 / 1875] FPS: 420.7 (484.8)  ,  DataTime: 0.011 (0.006)  ,  ForwardTime: 0.060  ,  TotalTime: 0.076  ,  Loss/total: 0.45897  ,  Loss/giou: 0.13280  ,  Loss/l1: 0.00777  ,  Loss/location: 0.12357  ,  pro_loss: 0.15460  ,  IoU: 0.87457  ,  Loss/sim: 0.00000
[train: Epoch 25, 850 / 1875] FPS: 422.0 (480.8)  ,  DataTime: 0.010 (0.006)  ,  ForwardTime: 0.060  ,  TotalTime: 0.076  ,  Loss/total: 0.45892  ,  Loss/giou: 0.13287  ,  Loss/l1: 0.00776  ,  Loss/location: 0.12335  ,  pro_loss: 0.15506  ,  IoU: 0.87449  ,  Loss/sim: 0.00000
[train: Epoch 25, 900 / 1875] FPS: 422.8 (472.2)  ,  DataTime: 0.010 (0.006)  ,  ForwardTime: 0.060  ,  TotalTime: 0.076  ,  Loss/total: 0.45862  ,  Loss/giou: 0.13272  ,  Loss/l1: 0.00774  ,  Loss/location: 0.12340  ,  pro_loss: 0.15535  ,  IoU: 0.87460  ,  Loss/sim: 0.00000
[train: Epoch 25, 950 / 1875] FPS: 423.9 (389.9)  ,  DataTime: 0.010 (0.006)  ,  ForwardTime: 0.060  ,  TotalTime: 0.075  ,  Loss/total: 0.45808  ,  Loss/giou: 0.13251  ,  Loss/l1: 0.00772  ,  Loss/location: 0.12337  ,  pro_loss: 0.15533  ,  IoU: 0.87476  ,  Loss/sim: 0.00000
[train: Epoch 25, 1000 / 1875] FPS: 425.0 (466.1)  ,  DataTime: 0.010 (0.006)  ,  ForwardTime: 0.060  ,  TotalTime: 0.075  ,  Loss/total: 0.45706  ,  Loss/giou: 0.13234  ,  Loss/l1: 0.00771  ,  Loss/location: 0.12283  ,  pro_loss: 0.15493  ,  IoU: 0.87488  ,  Loss/sim: 0.00000
[train: Epoch 25, 1050 / 1875] FPS: 426.0 (461.5)  ,  DataTime: 0.010 (0.006)  ,  ForwardTime: 0.060  ,  TotalTime: 0.075  ,  Loss/total: 0.45782  ,  Loss/giou: 0.13264  ,  Loss/l1: 0.00774  ,  Loss/location: 0.12284  ,  pro_loss: 0.15504  ,  IoU: 0.87464  ,  Loss/sim: 0.00000
[train: Epoch 25, 1100 / 1875] FPS: 427.0 (469.4)  ,  DataTime: 0.009 (0.006)  ,  ForwardTime: 0.060  ,  TotalTime: 0.075  ,  Loss/total: 0.45781  ,  Loss/giou: 0.13269  ,  Loss/l1: 0.00774  ,  Loss/location: 0.12270  ,  pro_loss: 0.15520  ,  IoU: 0.87461  ,  Loss/sim: 0.00000
[train: Epoch 25, 1150 / 1875] FPS: 428.0 (479.9)  ,  DataTime: 0.009 (0.006)  ,  ForwardTime: 0.060  ,  TotalTime: 0.075  ,  Loss/total: 0.45880  ,  Loss/giou: 0.13293  ,  Loss/l1: 0.00777  ,  Loss/location: 0.12310  ,  pro_loss: 0.15504  ,  IoU: 0.87443  ,  Loss/sim: 0.00000
[train: Epoch 25, 1200 / 1875] FPS: 428.6 (453.1)  ,  DataTime: 0.009 (0.006)  ,  ForwardTime: 0.060  ,  TotalTime: 0.075  ,  Loss/total: 0.45902  ,  Loss/giou: 0.13303  ,  Loss/l1: 0.00777  ,  Loss/location: 0.12314  ,  pro_loss: 0.15480  ,  IoU: 0.87434  ,  Loss/sim: 0.00000
[train: Epoch 25, 1250 / 1875] FPS: 427.6 (470.5)  ,  DataTime: 0.009 (0.006)  ,  ForwardTime: 0.060  ,  TotalTime: 0.075  ,  Loss/total: 0.45967  ,  Loss/giou: 0.13325  ,  Loss/l1: 0.00779  ,  Loss/location: 0.12320  ,  pro_loss: 0.15501  ,  IoU: 0.87418  ,  Loss/sim: 0.00000
[train: Epoch 25, 1300 / 1875] FPS: 428.0 (439.6)  ,  DataTime: 0.009 (0.006)  ,  ForwardTime: 0.060  ,  TotalTime: 0.075  ,  Loss/total: 0.45993  ,  Loss/giou: 0.13333  ,  Loss/l1: 0.00779  ,  Loss/location: 0.12334  ,  pro_loss: 0.15492  ,  IoU: 0.87413  ,  Loss/sim: 0.00000
[train: Epoch 25, 1350 / 1875] FPS: 428.9 (407.6)  ,  DataTime: 0.009 (0.006)  ,  ForwardTime: 0.060  ,  TotalTime: 0.075  ,  Loss/total: 0.46044  ,  Loss/giou: 0.13345  ,  Loss/l1: 0.00780  ,  Loss/location: 0.12352  ,  pro_loss: 0.15502  ,  IoU: 0.87405  ,  Loss/sim: 0.00000
[train: Epoch 25, 1400 / 1875] FPS: 429.6 (469.8)  ,  DataTime: 0.009 (0.006)  ,  ForwardTime: 0.060  ,  TotalTime: 0.074  ,  Loss/total: 0.46069  ,  Loss/giou: 0.13350  ,  Loss/l1: 0.00781  ,  Loss/location: 0.12363  ,  pro_loss: 0.15499  ,  IoU: 0.87401  ,  Loss/sim: 0.00000
[train: Epoch 25, 1450 / 1875] FPS: 430.1 (457.8)  ,  DataTime: 0.009 (0.006)  ,  ForwardTime: 0.060  ,  TotalTime: 0.074  ,  Loss/total: 0.46112  ,  Loss/giou: 0.13362  ,  Loss/l1: 0.00782  ,  Loss/location: 0.12387  ,  pro_loss: 0.15466  ,  IoU: 0.87389  ,  Loss/sim: 0.00000
[train: Epoch 25, 1500 / 1875] FPS: 430.7 (420.6)  ,  DataTime: 0.009 (0.006)  ,  ForwardTime: 0.060  ,  TotalTime: 0.074  ,  Loss/total: 0.46120  ,  Loss/giou: 0.13371  ,  Loss/l1: 0.00782  ,  Loss/location: 0.12375  ,  pro_loss: 0.15474  ,  IoU: 0.87383  ,  Loss/sim: 0.00000
[train: Epoch 25, 1550 / 1875] FPS: 431.2 (451.9)  ,  DataTime: 0.009 (0.006)  ,  ForwardTime: 0.060  ,  TotalTime: 0.074  ,  Loss/total: 0.46134  ,  Loss/giou: 0.13374  ,  Loss/l1: 0.00782  ,  Loss/location: 0.12380  ,  pro_loss: 0.15471  ,  IoU: 0.87382  ,  Loss/sim: 0.00000
[train: Epoch 25, 1600 / 1875] FPS: 431.8 (413.2)  ,  DataTime: 0.009 (0.006)  ,  ForwardTime: 0.060  ,  TotalTime: 0.074  ,  Loss/total: 0.46080  ,  Loss/giou: 0.13372  ,  Loss/l1: 0.00781  ,  Loss/location: 0.12333  ,  pro_loss: 0.15479  ,  IoU: 0.87382  ,  Loss/sim: 0.00000
[train: Epoch 25, 1650 / 1875] FPS: 432.3 (463.7)  ,  DataTime: 0.008 (0.006)  ,  ForwardTime: 0.060  ,  TotalTime: 0.074  ,  Loss/total: 0.46092  ,  Loss/giou: 0.13377  ,  Loss/l1: 0.00781  ,  Loss/location: 0.12338  ,  pro_loss: 0.15485  ,  IoU: 0.87377  ,  Loss/sim: 0.00000
[train: Epoch 25, 1700 / 1875] FPS: 432.8 (444.2)  ,  DataTime: 0.008 (0.006)  ,  ForwardTime: 0.060  ,  TotalTime: 0.074  ,  Loss/total: 0.46050  ,  Loss/giou: 0.13367  ,  Loss/l1: 0.00780  ,  Loss/location: 0.12324  ,  pro_loss: 0.15464  ,  IoU: 0.87382  ,  Loss/sim: 0.00000
[train: Epoch 25, 1750 / 1875] FPS: 433.2 (450.2)  ,  DataTime: 0.008 (0.006)  ,  ForwardTime: 0.060  ,  TotalTime: 0.074  ,  Loss/total: 0.46045  ,  Loss/giou: 0.13367  ,  Loss/l1: 0.00779  ,  Loss/location: 0.12325  ,  pro_loss: 0.15444  ,  IoU: 0.87382  ,  Loss/sim: 0.00000
[train: Epoch 25, 1800 / 1875] FPS: 433.7 (471.8)  ,  DataTime: 0.008 (0.006)  ,  ForwardTime: 0.060  ,  TotalTime: 0.074  ,  Loss/total: 0.46098  ,  Loss/giou: 0.13379  ,  Loss/l1: 0.00782  ,  Loss/location: 0.12343  ,  pro_loss: 0.15440  ,  IoU: 0.87374  ,  Loss/sim: 0.00000
[train: Epoch 25, 1850 / 1875] FPS: 433.7 (440.9)  ,  DataTime: 0.008 (0.006)  ,  ForwardTime: 0.060  ,  TotalTime: 0.074  ,  Loss/total: 0.46061  ,  Loss/giou: 0.13368  ,  Loss/l1: 0.00782  ,  Loss/location: 0.12327  ,  pro_loss: 0.15439  ,  IoU: 0.87384  ,  Loss/sim: 0.00000
[train: Epoch 25, 1875 / 1875] FPS: 434.1 (512.6)  ,  DataTime: 0.008 (0.006)  ,  ForwardTime: 0.060  ,  TotalTime: 0.074  ,  Loss/total: 0.46065  ,  Loss/giou: 0.13372  ,  Loss/l1: 0.00782  ,  Loss/location: 0.12322  ,  pro_loss: 0.15444  ,  IoU: 0.87382  ,  Loss/sim: 0.00000
[val: Epoch 25, 50 / 312] FPS: 80.6 (951.0)  ,  DataTime: 0.366 (0.006)  ,  ForwardTime: 0.025  ,  TotalTime: 0.397  ,  Loss/total: 0.88052  ,  Loss/giou: 0.23211  ,  Loss/l1: 0.01679  ,  Loss/location: 0.33193  ,  pro_loss: 0.00208  ,  IoU: 0.78671  ,  Loss/sim: 0.00000
[val: Epoch 25, 100 / 312] FPS: 82.7 (825.1)  ,  DataTime: 0.356 (0.006)  ,  ForwardTime: 0.025  ,  TotalTime: 0.387  ,  Loss/total: 0.89426  ,  Loss/giou: 0.23301  ,  Loss/l1: 0.01740  ,  Loss/location: 0.34072  ,  pro_loss: 0.00260  ,  IoU: 0.78633  ,  Loss/sim: 0.00000
[val: Epoch 25, 150 / 312] FPS: 85.2 (857.0)  ,  DataTime: 0.344 (0.006)  ,  ForwardTime: 0.025  ,  TotalTime: 0.376  ,  Loss/total: 0.90352  ,  Loss/giou: 0.23555  ,  Loss/l1: 0.01781  ,  Loss/location: 0.34282  ,  pro_loss: 0.00264  ,  IoU: 0.78477  ,  Loss/sim: 0.00000
[val: Epoch 25, 200 / 312] FPS: 86.7 (60.3)  ,  DataTime: 0.338 (0.006)  ,  ForwardTime: 0.025  ,  TotalTime: 0.369  ,  Loss/total: 0.90003  ,  Loss/giou: 0.23412  ,  Loss/l1: 0.01785  ,  Loss/location: 0.34208  ,  pro_loss: 0.00240  ,  IoU: 0.78633  ,  Loss/sim: 0.00000
[val: Epoch 25, 250 / 312] FPS: 87.1 (787.1)  ,  DataTime: 0.336 (0.006)  ,  ForwardTime: 0.025  ,  TotalTime: 0.367  ,  Loss/total: 0.90488  ,  Loss/giou: 0.23645  ,  Loss/l1: 0.01806  ,  Loss/location: 0.34112  ,  pro_loss: 0.00283  ,  IoU: 0.78462  ,  Loss/sim: 0.00000
[val: Epoch 25, 300 / 312] FPS: 87.7 (836.4)  ,  DataTime: 0.334 (0.006)  ,  ForwardTime: 0.025  ,  TotalTime: 0.365  ,  Loss/total: 0.90265  ,  Loss/giou: 0.23630  ,  Loss/l1: 0.01810  ,  Loss/location: 0.33897  ,  pro_loss: 0.00299  ,  IoU: 0.78493  ,  Loss/sim: 0.00000
[val: Epoch 25, 312 / 312] FPS: 89.5 (1030.7)  ,  DataTime: 0.326 (0.006)  ,  ForwardTime: 0.025  ,  TotalTime: 0.357  ,  Loss/total: 0.90233  ,  Loss/giou: 0.23609  ,  Loss/l1: 0.01810  ,  Loss/location: 0.33904  ,  pro_loss: 0.00304  ,  IoU: 0.78521  ,  Loss/sim: 0.00000
[train: Epoch 26, 50 / 1875] FPS: 359.1 (469.8)  ,  DataTime: 0.025 (0.006)  ,  ForwardTime: 0.058  ,  TotalTime: 0.089  ,  Loss/total: 0.44655  ,  Loss/giou: 0.12964  ,  Loss/l1: 0.00750  ,  Loss/location: 0.11979  ,  pro_loss: 0.15000  ,  IoU: 0.87697  ,  Loss/sim: 0.00000
[train: Epoch 26, 100 / 1875] FPS: 400.3 (457.6)  ,  DataTime: 0.015 (0.006)  ,  ForwardTime: 0.059  ,  TotalTime: 0.080  ,  Loss/total: 0.45121  ,  Loss/giou: 0.13140  ,  Loss/l1: 0.00774  ,  Loss/location: 0.11936  ,  pro_loss: 0.15177  ,  IoU: 0.87552  ,  Loss/sim: 0.00000
[train: Epoch 26, 150 / 1875] FPS: 406.3 (469.5)  ,  DataTime: 0.014 (0.006)  ,  ForwardTime: 0.059  ,  TotalTime: 0.079  ,  Loss/total: 0.45647  ,  Loss/giou: 0.13456  ,  Loss/l1: 0.00794  ,  Loss/location: 0.11708  ,  pro_loss: 0.15278  ,  IoU: 0.87287  ,  Loss/sim: 0.00000
[train: Epoch 26, 200 / 1875] FPS: 416.6 (437.6)  ,  DataTime: 0.012 (0.006)  ,  ForwardTime: 0.059  ,  TotalTime: 0.077  ,  Loss/total: 0.45659  ,  Loss/giou: 0.13418  ,  Loss/l1: 0.00789  ,  Loss/location: 0.11849  ,  pro_loss: 0.15146  ,  IoU: 0.87326  ,  Loss/sim: 0.00000
[train: Epoch 26, 250 / 1875] FPS: 422.6 (425.7)  ,  DataTime: 0.010 (0.006)  ,  ForwardTime: 0.059  ,  TotalTime: 0.076  ,  Loss/total: 0.45644  ,  Loss/giou: 0.13391  ,  Loss/l1: 0.00783  ,  Loss/location: 0.11933  ,  pro_loss: 0.15071  ,  IoU: 0.87342  ,  Loss/sim: 0.00000
[train: Epoch 26, 300 / 1875] FPS: 427.0 (470.6)  ,  DataTime: 0.010 (0.006)  ,  ForwardTime: 0.060  ,  TotalTime: 0.075  ,  Loss/total: 0.45772  ,  Loss/giou: 0.13371  ,  Loss/l1: 0.00779  ,  Loss/location: 0.12122  ,  pro_loss: 0.15073  ,  IoU: 0.87361  ,  Loss/sim: 0.00000
[train: Epoch 26, 350 / 1875] FPS: 430.2 (467.1)  ,  DataTime: 0.009 (0.006)  ,  ForwardTime: 0.060  ,  TotalTime: 0.074  ,  Loss/total: 0.45967  ,  Loss/giou: 0.13406  ,  Loss/l1: 0.00781  ,  Loss/location: 0.12217  ,  pro_loss: 0.15164  ,  IoU: 0.87338  ,  Loss/sim: 0.00000
[train: Epoch 26, 400 / 1875] FPS: 433.0 (465.5)  ,  DataTime: 0.008 (0.006)  ,  ForwardTime: 0.060  ,  TotalTime: 0.074  ,  Loss/total: 0.46124  ,  Loss/giou: 0.13410  ,  Loss/l1: 0.00785  ,  Loss/location: 0.12323  ,  pro_loss: 0.15284  ,  IoU: 0.87335  ,  Loss/sim: 0.00000
[train: Epoch 26, 450 / 1875] FPS: 435.0 (476.4)  ,  DataTime: 0.008 (0.006)  ,  ForwardTime: 0.060  ,  TotalTime: 0.074  ,  Loss/total: 0.46110  ,  Loss/giou: 0.13373  ,  Loss/l1: 0.00781  ,  Loss/location: 0.12398  ,  pro_loss: 0.15294  ,  IoU: 0.87368  ,  Loss/sim: 0.00000
[train: Epoch 26, 500 / 1875] FPS: 436.6 (433.0)  ,  DataTime: 0.008 (0.006)  ,  ForwardTime: 0.060  ,  TotalTime: 0.073  ,  Loss/total: 0.46168  ,  Loss/giou: 0.13435  ,  Loss/l1: 0.00788  ,  Loss/location: 0.12300  ,  pro_loss: 0.15287  ,  IoU: 0.87321  ,  Loss/sim: 0.00000
[train: Epoch 26, 550 / 1875] FPS: 437.9 (460.9)  ,  DataTime: 0.008 (0.006)  ,  ForwardTime: 0.060  ,  TotalTime: 0.073  ,  Loss/total: 0.46052  ,  Loss/giou: 0.13424  ,  Loss/l1: 0.00786  ,  Loss/location: 0.12230  ,  pro_loss: 0.15212  ,  IoU: 0.87333  ,  Loss/sim: 0.00000
[train: Epoch 26, 600 / 1875] FPS: 438.9 (460.9)  ,  DataTime: 0.007 (0.006)  ,  ForwardTime: 0.060  ,  TotalTime: 0.073  ,  Loss/total: 0.46074  ,  Loss/giou: 0.13399  ,  Loss/l1: 0.00784  ,  Loss/location: 0.12302  ,  pro_loss: 0.15264  ,  IoU: 0.87351  ,  Loss/sim: 0.00000
[train: Epoch 26, 650 / 1875] FPS: 439.8 (423.1)  ,  DataTime: 0.007 (0.006)  ,  ForwardTime: 0.060  ,  TotalTime: 0.073  ,  Loss/total: 0.45979  ,  Loss/giou: 0.13395  ,  Loss/l1: 0.00784  ,  Loss/location: 0.12201  ,  pro_loss: 0.15330  ,  IoU: 0.87356  ,  Loss/sim: 0.00000
[train: Epoch 26, 700 / 1875] FPS: 440.7 (370.2)  ,  DataTime: 0.007 (0.006)  ,  ForwardTime: 0.060  ,  TotalTime: 0.073  ,  Loss/total: 0.45976  ,  Loss/giou: 0.13417  ,  Loss/l1: 0.00785  ,  Loss/location: 0.12147  ,  pro_loss: 0.15347  ,  IoU: 0.87338  ,  Loss/sim: 0.00000
[train: Epoch 26, 750 / 1875] FPS: 441.4 (475.6)  ,  DataTime: 0.007 (0.006)  ,  ForwardTime: 0.060  ,  TotalTime: 0.073  ,  Loss/total: 0.45969  ,  Loss/giou: 0.13413  ,  Loss/l1: 0.00787  ,  Loss/location: 0.12148  ,  pro_loss: 0.15301  ,  IoU: 0.87345  ,  Loss/sim: 0.00000
[train: Epoch 26, 800 / 1875] FPS: 442.0 (476.8)  ,  DataTime: 0.007 (0.006)  ,  ForwardTime: 0.060  ,  TotalTime: 0.072  ,  Loss/total: 0.45923  ,  Loss/giou: 0.13412  ,  Loss/l1: 0.00785  ,  Loss/location: 0.12109  ,  pro_loss: 0.15322  ,  IoU: 0.87348  ,  Loss/sim: 0.00000
[train: Epoch 26, 850 / 1875] FPS: 442.4 (451.3)  ,  DataTime: 0.007 (0.006)  ,  ForwardTime: 0.060  ,  TotalTime: 0.072  ,  Loss/total: 0.45850  ,  Loss/giou: 0.13402  ,  Loss/l1: 0.00784  ,  Loss/location: 0.12067  ,  pro_loss: 0.15288  ,  IoU: 0.87358  ,  Loss/sim: 0.00000
[train: Epoch 26, 900 / 1875] FPS: 442.9 (433.4)  ,  DataTime: 0.007 (0.006)  ,  ForwardTime: 0.060  ,  TotalTime: 0.072  ,  Loss/total: 0.45779  ,  Loss/giou: 0.13370  ,  Loss/l1: 0.00781  ,  Loss/location: 0.12081  ,  pro_loss: 0.15274  ,  IoU: 0.87387  ,  Loss/sim: 0.00000
[train: Epoch 26, 950 / 1875] FPS: 443.3 (449.4)  ,  DataTime: 0.007 (0.006)  ,  ForwardTime: 0.060  ,  TotalTime: 0.072  ,  Loss/total: 0.45700  ,  Loss/giou: 0.13323  ,  Loss/l1: 0.00777  ,  Loss/location: 0.12109  ,  pro_loss: 0.15309  ,  IoU: 0.87423  ,  Loss/sim: 0.00000
[train: Epoch 26, 1000 / 1875] FPS: 443.6 (460.0)  ,  DataTime: 0.007 (0.006)  ,  ForwardTime: 0.060  ,  TotalTime: 0.072  ,  Loss/total: 0.45594  ,  Loss/giou: 0.13307  ,  Loss/l1: 0.00776  ,  Loss/location: 0.12039  ,  pro_loss: 0.15319  ,  IoU: 0.87440  ,  Loss/sim: 0.00000
[train: Epoch 26, 1050 / 1875] FPS: 443.7 (482.2)  ,  DataTime: 0.007 (0.006)  ,  ForwardTime: 0.060  ,  TotalTime: 0.072  ,  Loss/total: 0.45524  ,  Loss/giou: 0.13286  ,  Loss/l1: 0.00774  ,  Loss/location: 0.12016  ,  pro_loss: 0.15322  ,  IoU: 0.87459  ,  Loss/sim: 0.00000
[train: Epoch 26, 1100 / 1875] FPS: 444.0 (471.8)  ,  DataTime: 0.007 (0.006)  ,  ForwardTime: 0.060  ,  TotalTime: 0.072  ,  Loss/total: 0.45547  ,  Loss/giou: 0.13304  ,  Loss/l1: 0.00776  ,  Loss/location: 0.11996  ,  pro_loss: 0.15303  ,  IoU: 0.87446  ,  Loss/sim: 0.00000
[train: Epoch 26, 1150 / 1875] FPS: 444.4 (447.2)  ,  DataTime: 0.006 (0.006)  ,  ForwardTime: 0.060  ,  TotalTime: 0.072  ,  Loss/total: 0.45569  ,  Loss/giou: 0.13312  ,  Loss/l1: 0.00777  ,  Loss/location: 0.12000  ,  pro_loss: 0.15312  ,  IoU: 0.87441  ,  Loss/sim: 0.00000
[train: Epoch 26, 1200 / 1875] FPS: 444.6 (488.1)  ,  DataTime: 0.006 (0.006)  ,  ForwardTime: 0.060  ,  TotalTime: 0.072  ,  Loss/total: 0.45566  ,  Loss/giou: 0.13319  ,  Loss/l1: 0.00777  ,  Loss/location: 0.11985  ,  pro_loss: 0.15291  ,  IoU: 0.87434  ,  Loss/sim: 0.00000
[train: Epoch 26, 1250 / 1875] FPS: 444.5 (459.0)  ,  DataTime: 0.006 (0.006)  ,  ForwardTime: 0.060  ,  TotalTime: 0.072  ,  Loss/total: 0.45562  ,  Loss/giou: 0.13315  ,  Loss/l1: 0.00778  ,  Loss/location: 0.11988  ,  pro_loss: 0.15273  ,  IoU: 0.87438  ,  Loss/sim: 0.00000
[train: Epoch 26, 1300 / 1875] FPS: 444.6 (453.8)  ,  DataTime: 0.006 (0.006)  ,  ForwardTime: 0.060  ,  TotalTime: 0.072  ,  Loss/total: 0.45509  ,  Loss/giou: 0.13293  ,  Loss/l1: 0.00777  ,  Loss/location: 0.11980  ,  pro_loss: 0.15299  ,  IoU: 0.87456  ,  Loss/sim: 0.00000
[train: Epoch 26, 1350 / 1875] FPS: 444.8 (457.3)  ,  DataTime: 0.006 (0.006)  ,  ForwardTime: 0.060  ,  TotalTime: 0.072  ,  Loss/total: 0.45482  ,  Loss/giou: 0.13293  ,  Loss/l1: 0.00776  ,  Loss/location: 0.11958  ,  pro_loss: 0.15277  ,  IoU: 0.87455  ,  Loss/sim: 0.00000
[train: Epoch 26, 1400 / 1875] FPS: 444.9 (465.7)  ,  DataTime: 0.006 (0.006)  ,  ForwardTime: 0.060  ,  TotalTime: 0.072  ,  Loss/total: 0.45470  ,  Loss/giou: 0.13283  ,  Loss/l1: 0.00776  ,  Loss/location: 0.11972  ,  pro_loss: 0.15273  ,  IoU: 0.87464  ,  Loss/sim: 0.00000
[train: Epoch 26, 1450 / 1875] FPS: 445.2 (449.0)  ,  DataTime: 0.006 (0.006)  ,  ForwardTime: 0.060  ,  TotalTime: 0.072  ,  Loss/total: 0.45459  ,  Loss/giou: 0.13275  ,  Loss/l1: 0.00774  ,  Loss/location: 0.11984  ,  pro_loss: 0.15268  ,  IoU: 0.87469  ,  Loss/sim: 0.00000
[train: Epoch 26, 1500 / 1875] FPS: 445.4 (477.7)  ,  DataTime: 0.006 (0.006)  ,  ForwardTime: 0.060  ,  TotalTime: 0.072  ,  Loss/total: 0.45480  ,  Loss/giou: 0.13283  ,  Loss/l1: 0.00775  ,  Loss/location: 0.11986  ,  pro_loss: 0.15258  ,  IoU: 0.87463  ,  Loss/sim: 0.00000
[train: Epoch 26, 1550 / 1875] FPS: 445.4 (478.9)  ,  DataTime: 0.006 (0.006)  ,  ForwardTime: 0.060  ,  TotalTime: 0.072  ,  Loss/total: 0.45443  ,  Loss/giou: 0.13278  ,  Loss/l1: 0.00775  ,  Loss/location: 0.11960  ,  pro_loss: 0.15256  ,  IoU: 0.87466  ,  Loss/sim: 0.00000
[train: Epoch 26, 1600 / 1875] FPS: 445.6 (447.1)  ,  DataTime: 0.006 (0.006)  ,  ForwardTime: 0.060  ,  TotalTime: 0.072  ,  Loss/total: 0.45414  ,  Loss/giou: 0.13273  ,  Loss/l1: 0.00775  ,  Loss/location: 0.11944  ,  pro_loss: 0.15236  ,  IoU: 0.87473  ,  Loss/sim: 0.00000
[train: Epoch 26, 1650 / 1875] FPS: 445.7 (426.5)  ,  DataTime: 0.006 (0.006)  ,  ForwardTime: 0.060  ,  TotalTime: 0.072  ,  Loss/total: 0.45421  ,  Loss/giou: 0.13267  ,  Loss/l1: 0.00775  ,  Loss/location: 0.11962  ,  pro_loss: 0.15241  ,  IoU: 0.87478  ,  Loss/sim: 0.00000
[train: Epoch 26, 1700 / 1875] FPS: 445.9 (483.4)  ,  DataTime: 0.006 (0.006)  ,  ForwardTime: 0.060  ,  TotalTime: 0.072  ,  Loss/total: 0.45431  ,  Loss/giou: 0.13270  ,  Loss/l1: 0.00775  ,  Loss/location: 0.11962  ,  pro_loss: 0.15259  ,  IoU: 0.87475  ,  Loss/sim: 0.00000
[train: Epoch 26, 1750 / 1875] FPS: 446.0 (425.8)  ,  DataTime: 0.006 (0.006)  ,  ForwardTime: 0.060  ,  TotalTime: 0.072  ,  Loss/total: 0.45480  ,  Loss/giou: 0.13277  ,  Loss/l1: 0.00776  ,  Loss/location: 0.11996  ,  pro_loss: 0.15255  ,  IoU: 0.87470  ,  Loss/sim: 0.00000
[train: Epoch 26, 1800 / 1875] FPS: 446.1 (456.0)  ,  DataTime: 0.006 (0.006)  ,  ForwardTime: 0.060  ,  TotalTime: 0.072  ,  Loss/total: 0.45491  ,  Loss/giou: 0.13277  ,  Loss/l1: 0.00777  ,  Loss/location: 0.11999  ,  pro_loss: 0.15268  ,  IoU: 0.87469  ,  Loss/sim: 0.00000
[train: Epoch 26, 1850 / 1875] FPS: 446.1 (448.2)  ,  DataTime: 0.006 (0.006)  ,  ForwardTime: 0.060  ,  TotalTime: 0.072  ,  Loss/total: 0.45488  ,  Loss/giou: 0.13278  ,  Loss/l1: 0.00777  ,  Loss/location: 0.11992  ,  pro_loss: 0.15280  ,  IoU: 0.87470  ,  Loss/sim: 0.00000
[train: Epoch 26, 1875 / 1875] FPS: 446.4 (502.4)  ,  DataTime: 0.006 (0.006)  ,  ForwardTime: 0.060  ,  TotalTime: 0.072  ,  Loss/total: 0.45510  ,  Loss/giou: 0.13288  ,  Loss/l1: 0.00778  ,  Loss/location: 0.11990  ,  pro_loss: 0.15266  ,  IoU: 0.87462  ,  Loss/sim: 0.00000
[train: Epoch 27, 50 / 1875] FPS: 362.4 (448.9)  ,  DataTime: 0.022 (0.006)  ,  ForwardTime: 0.060  ,  TotalTime: 0.088  ,  Loss/total: 0.46844  ,  Loss/giou: 0.14197  ,  Loss/l1: 0.00867  ,  Loss/location: 0.10983  ,  pro_loss: 0.15667  ,  IoU: 0.86774  ,  Loss/sim: 0.00000
[train: Epoch 27, 100 / 1875] FPS: 402.0 (442.6)  ,  DataTime: 0.014 (0.006)  ,  ForwardTime: 0.060  ,  TotalTime: 0.080  ,  Loss/total: 0.46030  ,  Loss/giou: 0.13809  ,  Loss/l1: 0.00816  ,  Loss/location: 0.11199  ,  pro_loss: 0.15677  ,  IoU: 0.87049  ,  Loss/sim: 0.00000
[train: Epoch 27, 150 / 1875] FPS: 416.2 (438.1)  ,  DataTime: 0.011 (0.006)  ,  ForwardTime: 0.060  ,  TotalTime: 0.077  ,  Loss/total: 0.45708  ,  Loss/giou: 0.13602  ,  Loss/l1: 0.00798  ,  Loss/location: 0.11391  ,  pro_loss: 0.15604  ,  IoU: 0.87199  ,  Loss/sim: 0.00000
[train: Epoch 27, 200 / 1875] FPS: 424.5 (440.2)  ,  DataTime: 0.010 (0.006)  ,  ForwardTime: 0.060  ,  TotalTime: 0.075  ,  Loss/total: 0.45543  ,  Loss/giou: 0.13469  ,  Loss/l1: 0.00792  ,  Loss/location: 0.11539  ,  pro_loss: 0.15521  ,  IoU: 0.87316  ,  Loss/sim: 0.00000
[train: Epoch 27, 250 / 1875] FPS: 428.9 (397.8)  ,  DataTime: 0.009 (0.006)  ,  ForwardTime: 0.060  ,  TotalTime: 0.075  ,  Loss/total: 0.45255  ,  Loss/giou: 0.13365  ,  Loss/l1: 0.00785  ,  Loss/location: 0.11515  ,  pro_loss: 0.15425  ,  IoU: 0.87403  ,  Loss/sim: 0.00000
[train: Epoch 27, 300 / 1875] FPS: 432.1 (449.5)  ,  DataTime: 0.008 (0.006)  ,  ForwardTime: 0.060  ,  TotalTime: 0.074  ,  Loss/total: 0.45079  ,  Loss/giou: 0.13281  ,  Loss/l1: 0.00780  ,  Loss/location: 0.11558  ,  pro_loss: 0.15292  ,  IoU: 0.87478  ,  Loss/sim: 0.00000
[train: Epoch 27, 350 / 1875] FPS: 434.5 (446.7)  ,  DataTime: 0.008 (0.006)  ,  ForwardTime: 0.060  ,  TotalTime: 0.074  ,  Loss/total: 0.45370  ,  Loss/giou: 0.13338  ,  Loss/l1: 0.00783  ,  Loss/location: 0.11711  ,  pro_loss: 0.15339  ,  IoU: 0.87426  ,  Loss/sim: 0.00000
[train: Epoch 27, 400 / 1875] FPS: 436.1 (470.1)  ,  DataTime: 0.008 (0.006)  ,  ForwardTime: 0.060  ,  TotalTime: 0.073  ,  Loss/total: 0.45273  ,  Loss/giou: 0.13337  ,  Loss/l1: 0.00784  ,  Loss/location: 0.11606  ,  pro_loss: 0.15362  ,  IoU: 0.87431  ,  Loss/sim: 0.00000
[train: Epoch 27, 450 / 1875] FPS: 437.7 (499.5)  ,  DataTime: 0.007 (0.006)  ,  ForwardTime: 0.060  ,  TotalTime: 0.073  ,  Loss/total: 0.45327  ,  Loss/giou: 0.13349  ,  Loss/l1: 0.00786  ,  Loss/location: 0.11638  ,  pro_loss: 0.15310  ,  IoU: 0.87426  ,  Loss/sim: 0.00000
[train: Epoch 27, 500 / 1875] FPS: 438.7 (461.7)  ,  DataTime: 0.007 (0.006)  ,  ForwardTime: 0.060  ,  TotalTime: 0.073  ,  Loss/total: 0.45076  ,  Loss/giou: 0.13302  ,  Loss/l1: 0.00783  ,  Loss/location: 0.11507  ,  pro_loss: 0.15235  ,  IoU: 0.87465  ,  Loss/sim: 0.00000
[train: Epoch 27, 550 / 1875] FPS: 439.5 (471.9)  ,  DataTime: 0.007 (0.006)  ,  ForwardTime: 0.060  ,  TotalTime: 0.073  ,  Loss/total: 0.44978  ,  Loss/giou: 0.13212  ,  Loss/l1: 0.00778  ,  Loss/location: 0.11612  ,  pro_loss: 0.15261  ,  IoU: 0.87539  ,  Loss/sim: 0.00000
[train: Epoch 27, 600 / 1875] FPS: 440.1 (406.0)  ,  DataTime: 0.007 (0.006)  ,  ForwardTime: 0.060  ,  TotalTime: 0.073  ,  Loss/total: 0.44961  ,  Loss/giou: 0.13199  ,  Loss/l1: 0.00776  ,  Loss/location: 0.11640  ,  pro_loss: 0.15198  ,  IoU: 0.87541  ,  Loss/sim: 0.00000
[train: Epoch 27, 650 / 1875] FPS: 441.0 (447.1)  ,  DataTime: 0.007 (0.006)  ,  ForwardTime: 0.060  ,  TotalTime: 0.073  ,  Loss/total: 0.45010  ,  Loss/giou: 0.13193  ,  Loss/l1: 0.00776  ,  Loss/location: 0.11715  ,  pro_loss: 0.15146  ,  IoU: 0.87543  ,  Loss/sim: 0.00000
[train: Epoch 27, 700 / 1875] FPS: 441.7 (476.3)  ,  DataTime: 0.007 (0.006)  ,  ForwardTime: 0.060  ,  TotalTime: 0.072  ,  Loss/total: 0.45119  ,  Loss/giou: 0.13200  ,  Loss/l1: 0.00776  ,  Loss/location: 0.11799  ,  pro_loss: 0.15204  ,  IoU: 0.87531  ,  Loss/sim: 0.00000
[train: Epoch 27, 750 / 1875] FPS: 442.0 (454.1)  ,  DataTime: 0.007 (0.006)  ,  ForwardTime: 0.060  ,  TotalTime: 0.072  ,  Loss/total: 0.45155  ,  Loss/giou: 0.13205  ,  Loss/l1: 0.00774  ,  Loss/location: 0.11828  ,  pro_loss: 0.15236  ,  IoU: 0.87527  ,  Loss/sim: 0.00000
[train: Epoch 27, 800 / 1875] FPS: 442.4 (450.3)  ,  DataTime: 0.007 (0.006)  ,  ForwardTime: 0.060  ,  TotalTime: 0.072  ,  Loss/total: 0.45164  ,  Loss/giou: 0.13198  ,  Loss/l1: 0.00773  ,  Loss/location: 0.11849  ,  pro_loss: 0.15271  ,  IoU: 0.87534  ,  Loss/sim: 0.00000
[train: Epoch 27, 850 / 1875] FPS: 442.8 (449.5)  ,  DataTime: 0.006 (0.006)  ,  ForwardTime: 0.060  ,  TotalTime: 0.072  ,  Loss/total: 0.45382  ,  Loss/giou: 0.13229  ,  Loss/l1: 0.00777  ,  Loss/location: 0.11984  ,  pro_loss: 0.15282  ,  IoU: 0.87507  ,  Loss/sim: 0.00000
[train: Epoch 27, 900 / 1875] FPS: 443.0 (421.1)  ,  DataTime: 0.006 (0.006)  ,  ForwardTime: 0.060  ,  TotalTime: 0.072  ,  Loss/total: 0.45399  ,  Loss/giou: 0.13229  ,  Loss/l1: 0.00776  ,  Loss/location: 0.12004  ,  pro_loss: 0.15267  ,  IoU: 0.87506  ,  Loss/sim: 0.00000
[train: Epoch 27, 950 / 1875] FPS: 443.2 (422.4)  ,  DataTime: 0.006 (0.006)  ,  ForwardTime: 0.060  ,  TotalTime: 0.072  ,  Loss/total: 0.45442  ,  Loss/giou: 0.13257  ,  Loss/l1: 0.00778  ,  Loss/location: 0.11983  ,  pro_loss: 0.15264  ,  IoU: 0.87484  ,  Loss/sim: 0.00000
[train: Epoch 27, 1000 / 1875] FPS: 443.5 (443.4)  ,  DataTime: 0.006 (0.006)  ,  ForwardTime: 0.060  ,  TotalTime: 0.072  ,  Loss/total: 0.45501  ,  Loss/giou: 0.13283  ,  Loss/l1: 0.00781  ,  Loss/location: 0.11971  ,  pro_loss: 0.15280  ,  IoU: 0.87464  ,  Loss/sim: 0.00000
[train: Epoch 27, 1050 / 1875] FPS: 443.8 (461.2)  ,  DataTime: 0.006 (0.006)  ,  ForwardTime: 0.060  ,  TotalTime: 0.072  ,  Loss/total: 0.45405  ,  Loss/giou: 0.13243  ,  Loss/l1: 0.00778  ,  Loss/location: 0.11970  ,  pro_loss: 0.15301  ,  IoU: 0.87496  ,  Loss/sim: 0.00000
[train: Epoch 27, 1100 / 1875] FPS: 444.1 (433.4)  ,  DataTime: 0.006 (0.006)  ,  ForwardTime: 0.060  ,  TotalTime: 0.072  ,  Loss/total: 0.45530  ,  Loss/giou: 0.13274  ,  Loss/l1: 0.00780  ,  Loss/location: 0.12016  ,  pro_loss: 0.15329  ,  IoU: 0.87471  ,  Loss/sim: 0.00000
[train: Epoch 27, 1150 / 1875] FPS: 444.3 (463.8)  ,  DataTime: 0.006 (0.006)  ,  ForwardTime: 0.060  ,  TotalTime: 0.072  ,  Loss/total: 0.45549  ,  Loss/giou: 0.13291  ,  Loss/l1: 0.00781  ,  Loss/location: 0.12000  ,  pro_loss: 0.15317  ,  IoU: 0.87456  ,  Loss/sim: 0.00000
[train: Epoch 27, 1200 / 1875] FPS: 443.1 (442.7)  ,  DataTime: 0.006 (0.006)  ,  ForwardTime: 0.060  ,  TotalTime: 0.072  ,  Loss/total: 0.45587  ,  Loss/giou: 0.13294  ,  Loss/l1: 0.00780  ,  Loss/location: 0.12034  ,  pro_loss: 0.15328  ,  IoU: 0.87449  ,  Loss/sim: 0.00000
[train: Epoch 27, 1250 / 1875] FPS: 435.5 (476.6)  ,  DataTime: 0.008 (0.006)  ,  ForwardTime: 0.060  ,  TotalTime: 0.073  ,  Loss/total: 0.45617  ,  Loss/giou: 0.13297  ,  Loss/l1: 0.00780  ,  Loss/location: 0.12061  ,  pro_loss: 0.15326  ,  IoU: 0.87448  ,  Loss/sim: 0.00000
[train: Epoch 27, 1300 / 1875] FPS: 426.4 (476.9)  ,  DataTime: 0.010 (0.006)  ,  ForwardTime: 0.060  ,  TotalTime: 0.075  ,  Loss/total: 0.45584  ,  Loss/giou: 0.13303  ,  Loss/l1: 0.00780  ,  Loss/location: 0.12019  ,  pro_loss: 0.15298  ,  IoU: 0.87442  ,  Loss/sim: 0.00000
[train: Epoch 27, 1350 / 1875] FPS: 421.5 (474.5)  ,  DataTime: 0.010 (0.006)  ,  ForwardTime: 0.059  ,  TotalTime: 0.076  ,  Loss/total: 0.45642  ,  Loss/giou: 0.13311  ,  Loss/l1: 0.00780  ,  Loss/location: 0.12061  ,  pro_loss: 0.15283  ,  IoU: 0.87436  ,  Loss/sim: 0.00000
[train: Epoch 27, 1400 / 1875] FPS: 418.2 (136.1)  ,  DataTime: 0.011 (0.006)  ,  ForwardTime: 0.059  ,  TotalTime: 0.077  ,  Loss/total: 0.45632  ,  Loss/giou: 0.13298  ,  Loss/l1: 0.00780  ,  Loss/location: 0.12086  ,  pro_loss: 0.15258  ,  IoU: 0.87445  ,  Loss/sim: 0.00000
[train: Epoch 27, 1450 / 1875] FPS: 415.2 (488.0)  ,  DataTime: 0.012 (0.006)  ,  ForwardTime: 0.059  ,  TotalTime: 0.077  ,  Loss/total: 0.45716  ,  Loss/giou: 0.13316  ,  Loss/l1: 0.00781  ,  Loss/location: 0.12138  ,  pro_loss: 0.15219  ,  IoU: 0.87433  ,  Loss/sim: 0.00000
[train: Epoch 27, 1500 / 1875] FPS: 411.1 (494.5)  ,  DataTime: 0.013 (0.006)  ,  ForwardTime: 0.059  ,  TotalTime: 0.078  ,  Loss/total: 0.45789  ,  Loss/giou: 0.13337  ,  Loss/l1: 0.00784  ,  Loss/location: 0.12152  ,  pro_loss: 0.15215  ,  IoU: 0.87417  ,  Loss/sim: 0.00000
[train: Epoch 27, 1550 / 1875] FPS: 408.8 (480.8)  ,  DataTime: 0.013 (0.006)  ,  ForwardTime: 0.059  ,  TotalTime: 0.078  ,  Loss/total: 0.45793  ,  Loss/giou: 0.13346  ,  Loss/l1: 0.00786  ,  Loss/location: 0.12126  ,  pro_loss: 0.15234  ,  IoU: 0.87411  ,  Loss/sim: 0.00000
[train: Epoch 27, 1600 / 1875] FPS: 406.0 (408.2)  ,  DataTime: 0.014 (0.006)  ,  ForwardTime: 0.059  ,  TotalTime: 0.079  ,  Loss/total: 0.45818  ,  Loss/giou: 0.13358  ,  Loss/l1: 0.00786  ,  Loss/location: 0.12129  ,  pro_loss: 0.15229  ,  IoU: 0.87399  ,  Loss/sim: 0.00000
[train: Epoch 27, 1650 / 1875] FPS: 402.8 (491.9)  ,  DataTime: 0.014 (0.006)  ,  ForwardTime: 0.059  ,  TotalTime: 0.079  ,  Loss/total: 0.45784  ,  Loss/giou: 0.13351  ,  Loss/l1: 0.00784  ,  Loss/location: 0.12119  ,  pro_loss: 0.15209  ,  IoU: 0.87402  ,  Loss/sim: 0.00000
[train: Epoch 27, 1700 / 1875] FPS: 400.6 (468.5)  ,  DataTime: 0.015 (0.006)  ,  ForwardTime: 0.059  ,  TotalTime: 0.080  ,  Loss/total: 0.45777  ,  Loss/giou: 0.13362  ,  Loss/l1: 0.00785  ,  Loss/location: 0.12089  ,  pro_loss: 0.15199  ,  IoU: 0.87394  ,  Loss/sim: 0.00000
[train: Epoch 27, 1750 / 1875] FPS: 397.7 (216.5)  ,  DataTime: 0.015 (0.006)  ,  ForwardTime: 0.059  ,  TotalTime: 0.080  ,  Loss/total: 0.45789  ,  Loss/giou: 0.13371  ,  Loss/l1: 0.00785  ,  Loss/location: 0.12081  ,  pro_loss: 0.15207  ,  IoU: 0.87386  ,  Loss/sim: 0.00000
[train: Epoch 27, 1800 / 1875] FPS: 397.1 (498.6)  ,  DataTime: 0.016 (0.006)  ,  ForwardTime: 0.059  ,  TotalTime: 0.081  ,  Loss/total: 0.45851  ,  Loss/giou: 0.13381  ,  Loss/l1: 0.00786  ,  Loss/location: 0.12118  ,  pro_loss: 0.15201  ,  IoU: 0.87378  ,  Loss/sim: 0.00000
[train: Epoch 27, 1850 / 1875] FPS: 396.3 (443.1)  ,  DataTime: 0.016 (0.006)  ,  ForwardTime: 0.059  ,  TotalTime: 0.081  ,  Loss/total: 0.45803  ,  Loss/giou: 0.13372  ,  Loss/l1: 0.00786  ,  Loss/location: 0.12094  ,  pro_loss: 0.15188  ,  IoU: 0.87387  ,  Loss/sim: 0.00000
[train: Epoch 27, 1875 / 1875] FPS: 396.4 (512.5)  ,  DataTime: 0.016 (0.006)  ,  ForwardTime: 0.059  ,  TotalTime: 0.081  ,  Loss/total: 0.45794  ,  Loss/giou: 0.13371  ,  Loss/l1: 0.00785  ,  Loss/location: 0.12089  ,  pro_loss: 0.15187  ,  IoU: 0.87388  ,  Loss/sim: 0.00000
[train: Epoch 28, 50 / 1875] FPS: 291.9 (456.6)  ,  DataTime: 0.045 (0.006)  ,  ForwardTime: 0.059  ,  TotalTime: 0.110  ,  Loss/total: 0.45826  ,  Loss/giou: 0.13449  ,  Loss/l1: 0.00779  ,  Loss/location: 0.11992  ,  pro_loss: 0.15208  ,  IoU: 0.87330  ,  Loss/sim: 0.00000
[train: Epoch 28, 100 / 1875] FPS: 328.7 (486.5)  ,  DataTime: 0.033 (0.006)  ,  ForwardTime: 0.058  ,  TotalTime: 0.097  ,  Loss/total: 0.45544  ,  Loss/giou: 0.13272  ,  Loss/l1: 0.00765  ,  Loss/location: 0.12195  ,  pro_loss: 0.14885  ,  IoU: 0.87448  ,  Loss/sim: 0.00000
[train: Epoch 28, 150 / 1875] FPS: 335.5 (474.1)  ,  DataTime: 0.031 (0.006)  ,  ForwardTime: 0.058  ,  TotalTime: 0.095  ,  Loss/total: 0.45933  ,  Loss/giou: 0.13350  ,  Loss/l1: 0.00775  ,  Loss/location: 0.12370  ,  pro_loss: 0.14944  ,  IoU: 0.87390  ,  Loss/sim: 0.00000
[train: Epoch 28, 200 / 1875] FPS: 347.7 (421.2)  ,  DataTime: 0.028 (0.006)  ,  ForwardTime: 0.058  ,  TotalTime: 0.092  ,  Loss/total: 0.46064  ,  Loss/giou: 0.13363  ,  Loss/l1: 0.00786  ,  Loss/location: 0.12394  ,  pro_loss: 0.15068  ,  IoU: 0.87383  ,  Loss/sim: 0.00000
[train: Epoch 28, 250 / 1875] FPS: 353.6 (466.6)  ,  DataTime: 0.026 (0.006)  ,  ForwardTime: 0.058  ,  TotalTime: 0.090  ,  Loss/total: 0.46297  ,  Loss/giou: 0.13470  ,  Loss/l1: 0.00795  ,  Loss/location: 0.12368  ,  pro_loss: 0.15071  ,  IoU: 0.87328  ,  Loss/sim: 0.00000
[train: Epoch 28, 300 / 1875] FPS: 361.6 (484.8)  ,  DataTime: 0.024 (0.006)  ,  ForwardTime: 0.058  ,  TotalTime: 0.088  ,  Loss/total: 0.46395  ,  Loss/giou: 0.13437  ,  Loss/l1: 0.00790  ,  Loss/location: 0.12547  ,  pro_loss: 0.15118  ,  IoU: 0.87340  ,  Loss/sim: 0.00000
[train: Epoch 28, 350 / 1875] FPS: 362.0 (423.0)  ,  DataTime: 0.024 (0.006)  ,  ForwardTime: 0.058  ,  TotalTime: 0.088  ,  Loss/total: 0.46091  ,  Loss/giou: 0.13391  ,  Loss/l1: 0.00782  ,  Loss/location: 0.12386  ,  pro_loss: 0.15063  ,  IoU: 0.87374  ,  Loss/sim: 0.00000
[train: Epoch 28, 400 / 1875] FPS: 368.0 (466.0)  ,  DataTime: 0.023 (0.006)  ,  ForwardTime: 0.059  ,  TotalTime: 0.087  ,  Loss/total: 0.46003  ,  Loss/giou: 0.13382  ,  Loss/l1: 0.00783  ,  Loss/location: 0.12308  ,  pro_loss: 0.15086  ,  IoU: 0.87376  ,  Loss/sim: 0.00000
[train: Epoch 28, 450 / 1875] FPS: 370.0 (475.8)  ,  DataTime: 0.022 (0.006)  ,  ForwardTime: 0.059  ,  TotalTime: 0.086  ,  Loss/total: 0.45907  ,  Loss/giou: 0.13391  ,  Loss/l1: 0.00783  ,  Loss/location: 0.12191  ,  pro_loss: 0.15090  ,  IoU: 0.87366  ,  Loss/sim: 0.00000
[train: Epoch 28, 500 / 1875] FPS: 366.6 (480.3)  ,  DataTime: 0.023 (0.006)  ,  ForwardTime: 0.059  ,  TotalTime: 0.087  ,  Loss/total: 0.46088  ,  Loss/giou: 0.13428  ,  Loss/l1: 0.00787  ,  Loss/location: 0.12285  ,  pro_loss: 0.15063  ,  IoU: 0.87343  ,  Loss/sim: 0.00000
[train: Epoch 28, 550 / 1875] FPS: 369.5 (447.6)  ,  DataTime: 0.022 (0.006)  ,  ForwardTime: 0.059  ,  TotalTime: 0.087  ,  Loss/total: 0.45900  ,  Loss/giou: 0.13383  ,  Loss/l1: 0.00781  ,  Loss/location: 0.12219  ,  pro_loss: 0.15042  ,  IoU: 0.87380  ,  Loss/sim: 0.00000
[train: Epoch 28, 600 / 1875] FPS: 368.7 (491.3)  ,  DataTime: 0.022 (0.006)  ,  ForwardTime: 0.059  ,  TotalTime: 0.087  ,  Loss/total: 0.45799  ,  Loss/giou: 0.13353  ,  Loss/l1: 0.00780  ,  Loss/location: 0.12193  ,  pro_loss: 0.14998  ,  IoU: 0.87402  ,  Loss/sim: 0.00000
[train: Epoch 28, 650 / 1875] FPS: 369.3 (483.9)  ,  DataTime: 0.022 (0.006)  ,  ForwardTime: 0.059  ,  TotalTime: 0.087  ,  Loss/total: 0.45970  ,  Loss/giou: 0.13367  ,  Loss/l1: 0.00781  ,  Loss/location: 0.12324  ,  pro_loss: 0.15022  ,  IoU: 0.87392  ,  Loss/sim: 0.00000
[train: Epoch 28, 700 / 1875] FPS: 372.4 (469.3)  ,  DataTime: 0.021 (0.006)  ,  ForwardTime: 0.059  ,  TotalTime: 0.086  ,  Loss/total: 0.45841  ,  Loss/giou: 0.13344  ,  Loss/l1: 0.00779  ,  Loss/location: 0.12264  ,  pro_loss: 0.14966  ,  IoU: 0.87411  ,  Loss/sim: 0.00000
[train: Epoch 28, 750 / 1875] FPS: 374.9 (482.4)  ,  DataTime: 0.021 (0.006)  ,  ForwardTime: 0.059  ,  TotalTime: 0.085  ,  Loss/total: 0.45709  ,  Loss/giou: 0.13323  ,  Loss/l1: 0.00777  ,  Loss/location: 0.12183  ,  pro_loss: 0.14979  ,  IoU: 0.87431  ,  Loss/sim: 0.00000
[train: Epoch 28, 800 / 1875] FPS: 377.1 (393.1)  ,  DataTime: 0.020 (0.006)  ,  ForwardTime: 0.059  ,  TotalTime: 0.085  ,  Loss/total: 0.45656  ,  Loss/giou: 0.13312  ,  Loss/l1: 0.00776  ,  Loss/location: 0.12148  ,  pro_loss: 0.15029  ,  IoU: 0.87435  ,  Loss/sim: 0.00000
[train: Epoch 28, 850 / 1875] FPS: 378.9 (436.7)  ,  DataTime: 0.020 (0.006)  ,  ForwardTime: 0.059  ,  TotalTime: 0.084  ,  Loss/total: 0.45709  ,  Loss/giou: 0.13325  ,  Loss/l1: 0.00777  ,  Loss/location: 0.12172  ,  pro_loss: 0.15012  ,  IoU: 0.87424  ,  Loss/sim: 0.00000
[train: Epoch 28, 900 / 1875] FPS: 381.4 (495.7)  ,  DataTime: 0.019 (0.006)  ,  ForwardTime: 0.059  ,  TotalTime: 0.084  ,  Loss/total: 0.45722  ,  Loss/giou: 0.13329  ,  Loss/l1: 0.00777  ,  Loss/location: 0.12180  ,  pro_loss: 0.14999  ,  IoU: 0.87418  ,  Loss/sim: 0.00000
[train: Epoch 28, 950 / 1875] FPS: 380.5 (440.7)  ,  DataTime: 0.019 (0.006)  ,  ForwardTime: 0.059  ,  TotalTime: 0.084  ,  Loss/total: 0.45847  ,  Loss/giou: 0.13353  ,  Loss/l1: 0.00780  ,  Loss/location: 0.12241  ,  pro_loss: 0.15000  ,  IoU: 0.87405  ,  Loss/sim: 0.00000
[train: Epoch 28, 1000 / 1875] FPS: 382.4 (432.2)  ,  DataTime: 0.019 (0.006)  ,  ForwardTime: 0.059  ,  TotalTime: 0.084  ,  Loss/total: 0.45831  ,  Loss/giou: 0.13338  ,  Loss/l1: 0.00780  ,  Loss/location: 0.12259  ,  pro_loss: 0.14985  ,  IoU: 0.87416  ,  Loss/sim: 0.00000
[train: Epoch 28, 1050 / 1875] FPS: 385.3 (457.7)  ,  DataTime: 0.018 (0.006)  ,  ForwardTime: 0.059  ,  TotalTime: 0.083  ,  Loss/total: 0.45844  ,  Loss/giou: 0.13363  ,  Loss/l1: 0.00782  ,  Loss/location: 0.12205  ,  pro_loss: 0.15018  ,  IoU: 0.87397  ,  Loss/sim: 0.00000
[train: Epoch 28, 1100 / 1875] FPS: 387.8 (459.4)  ,  DataTime: 0.018 (0.006)  ,  ForwardTime: 0.059  ,  TotalTime: 0.083  ,  Loss/total: 0.45816  ,  Loss/giou: 0.13360  ,  Loss/l1: 0.00781  ,  Loss/location: 0.12193  ,  pro_loss: 0.14990  ,  IoU: 0.87397  ,  Loss/sim: 0.00000
[train: Epoch 28, 1150 / 1875] FPS: 389.9 (428.0)  ,  DataTime: 0.017 (0.006)  ,  ForwardTime: 0.059  ,  TotalTime: 0.082  ,  Loss/total: 0.45857  ,  Loss/giou: 0.13347  ,  Loss/l1: 0.00781  ,  Loss/location: 0.12256  ,  pro_loss: 0.15017  ,  IoU: 0.87405  ,  Loss/sim: 0.00000
[train: Epoch 28, 1200 / 1875] FPS: 390.7 (442.3)  ,  DataTime: 0.017 (0.006)  ,  ForwardTime: 0.059  ,  TotalTime: 0.082  ,  Loss/total: 0.45883  ,  Loss/giou: 0.13352  ,  Loss/l1: 0.00781  ,  Loss/location: 0.12263  ,  pro_loss: 0.15053  ,  IoU: 0.87400  ,  Loss/sim: 0.00000
[train: Epoch 28, 1250 / 1875] FPS: 392.9 (481.5)  ,  DataTime: 0.017 (0.006)  ,  ForwardTime: 0.059  ,  TotalTime: 0.081  ,  Loss/total: 0.45818  ,  Loss/giou: 0.13330  ,  Loss/l1: 0.00779  ,  Loss/location: 0.12251  ,  pro_loss: 0.15058  ,  IoU: 0.87417  ,  Loss/sim: 0.00000
[train: Epoch 28, 1300 / 1875] FPS: 394.6 (481.3)  ,  DataTime: 0.016 (0.006)  ,  ForwardTime: 0.059  ,  TotalTime: 0.081  ,  Loss/total: 0.45745  ,  Loss/giou: 0.13309  ,  Loss/l1: 0.00777  ,  Loss/location: 0.12227  ,  pro_loss: 0.15064  ,  IoU: 0.87434  ,  Loss/sim: 0.00000
[train: Epoch 28, 1350 / 1875] FPS: 396.6 (460.5)  ,  DataTime: 0.016 (0.006)  ,  ForwardTime: 0.059  ,  TotalTime: 0.081  ,  Loss/total: 0.45758  ,  Loss/giou: 0.13314  ,  Loss/l1: 0.00778  ,  Loss/location: 0.12227  ,  pro_loss: 0.15078  ,  IoU: 0.87428  ,  Loss/sim: 0.00000
[train: Epoch 28, 1400 / 1875] FPS: 398.0 (441.5)  ,  DataTime: 0.015 (0.006)  ,  ForwardTime: 0.059  ,  TotalTime: 0.080  ,  Loss/total: 0.45797  ,  Loss/giou: 0.13315  ,  Loss/l1: 0.00778  ,  Loss/location: 0.12262  ,  pro_loss: 0.15076  ,  IoU: 0.87426  ,  Loss/sim: 0.00000
[train: Epoch 28, 1450 / 1875] FPS: 398.8 (412.2)  ,  DataTime: 0.015 (0.006)  ,  ForwardTime: 0.059  ,  TotalTime: 0.080  ,  Loss/total: 0.45737  ,  Loss/giou: 0.13310  ,  Loss/l1: 0.00777  ,  Loss/location: 0.12217  ,  pro_loss: 0.15087  ,  IoU: 0.87431  ,  Loss/sim: 0.00000
[train: Epoch 28, 1500 / 1875] FPS: 398.9 (441.4)  ,  DataTime: 0.015 (0.006)  ,  ForwardTime: 0.059  ,  TotalTime: 0.080  ,  Loss/total: 0.45726  ,  Loss/giou: 0.13314  ,  Loss/l1: 0.00776  ,  Loss/location: 0.12206  ,  pro_loss: 0.15055  ,  IoU: 0.87426  ,  Loss/sim: 0.00000
[train: Epoch 28, 1550 / 1875] FPS: 399.8 (449.1)  ,  DataTime: 0.015 (0.006)  ,  ForwardTime: 0.059  ,  TotalTime: 0.080  ,  Loss/total: 0.45746  ,  Loss/giou: 0.13321  ,  Loss/l1: 0.00778  ,  Loss/location: 0.12205  ,  pro_loss: 0.15046  ,  IoU: 0.87423  ,  Loss/sim: 0.00000
[train: Epoch 28, 1600 / 1875] FPS: 401.0 (459.5)  ,  DataTime: 0.015 (0.006)  ,  ForwardTime: 0.059  ,  TotalTime: 0.080  ,  Loss/total: 0.45765  ,  Loss/giou: 0.13319  ,  Loss/l1: 0.00778  ,  Loss/location: 0.12228  ,  pro_loss: 0.15042  ,  IoU: 0.87425  ,  Loss/sim: 0.00000
[train: Epoch 28, 1650 / 1875] FPS: 402.3 (437.1)  ,  DataTime: 0.015 (0.006)  ,  ForwardTime: 0.059  ,  TotalTime: 0.080  ,  Loss/total: 0.45710  ,  Loss/giou: 0.13308  ,  Loss/l1: 0.00777  ,  Loss/location: 0.12196  ,  pro_loss: 0.15056  ,  IoU: 0.87435  ,  Loss/sim: 0.00000
[train: Epoch 28, 1700 / 1875] FPS: 403.5 (425.0)  ,  DataTime: 0.014 (0.006)  ,  ForwardTime: 0.059  ,  TotalTime: 0.079  ,  Loss/total: 0.45696  ,  Loss/giou: 0.13307  ,  Loss/l1: 0.00777  ,  Loss/location: 0.12187  ,  pro_loss: 0.15049  ,  IoU: 0.87436  ,  Loss/sim: 0.00000
[train: Epoch 28, 1750 / 1875] FPS: 404.8 (490.1)  ,  DataTime: 0.014 (0.006)  ,  ForwardTime: 0.059  ,  TotalTime: 0.079  ,  Loss/total: 0.45669  ,  Loss/giou: 0.13303  ,  Loss/l1: 0.00776  ,  Loss/location: 0.12170  ,  pro_loss: 0.15059  ,  IoU: 0.87439  ,  Loss/sim: 0.00000
[train: Epoch 28, 1800 / 1875] FPS: 405.0 (450.2)  ,  DataTime: 0.014 (0.006)  ,  ForwardTime: 0.059  ,  TotalTime: 0.079  ,  Loss/total: 0.45610  ,  Loss/giou: 0.13294  ,  Loss/l1: 0.00776  ,  Loss/location: 0.12136  ,  pro_loss: 0.15045  ,  IoU: 0.87445  ,  Loss/sim: 0.00000
[train: Epoch 28, 1850 / 1875] FPS: 406.1 (458.4)  ,  DataTime: 0.014 (0.006)  ,  ForwardTime: 0.059  ,  TotalTime: 0.079  ,  Loss/total: 0.45560  ,  Loss/giou: 0.13278  ,  Loss/l1: 0.00774  ,  Loss/location: 0.12126  ,  pro_loss: 0.15042  ,  IoU: 0.87457  ,  Loss/sim: 0.00000
[train: Epoch 28, 1875 / 1875] FPS: 406.9 (513.9)  ,  DataTime: 0.014 (0.006)  ,  ForwardTime: 0.059  ,  TotalTime: 0.079  ,  Loss/total: 0.45559  ,  Loss/giou: 0.13280  ,  Loss/l1: 0.00774  ,  Loss/location: 0.12119  ,  pro_loss: 0.15045  ,  IoU: 0.87454  ,  Loss/sim: 0.00000
[train: Epoch 29, 50 / 1875] FPS: 369.2 (442.5)  ,  DataTime: 0.020 (0.006)  ,  ForwardTime: 0.060  ,  TotalTime: 0.087  ,  Loss/total: 0.44377  ,  Loss/giou: 0.13001  ,  Loss/l1: 0.00755  ,  Loss/location: 0.11528  ,  pro_loss: 0.15354  ,  IoU: 0.87741  ,  Loss/sim: 0.00000
[train: Epoch 29, 100 / 1875] FPS: 402.7 (443.5)  ,  DataTime: 0.013 (0.006)  ,  ForwardTime: 0.060  ,  TotalTime: 0.079  ,  Loss/total: 0.44007  ,  Loss/giou: 0.12902  ,  Loss/l1: 0.00749  ,  Loss/location: 0.11355  ,  pro_loss: 0.15521  ,  IoU: 0.87809  ,  Loss/sim: 0.00000
[train: Epoch 29, 150 / 1875] FPS: 417.5 (417.1)  ,  DataTime: 0.010 (0.006)  ,  ForwardTime: 0.060  ,  TotalTime: 0.077  ,  Loss/total: 0.44345  ,  Loss/giou: 0.12976  ,  Loss/l1: 0.00752  ,  Loss/location: 0.11576  ,  pro_loss: 0.15278  ,  IoU: 0.87737  ,  Loss/sim: 0.00000
[train: Epoch 29, 200 / 1875] FPS: 423.8 (411.9)  ,  DataTime: 0.009 (0.006)  ,  ForwardTime: 0.060  ,  TotalTime: 0.076  ,  Loss/total: 0.44579  ,  Loss/giou: 0.13048  ,  Loss/l1: 0.00757  ,  Loss/location: 0.11630  ,  pro_loss: 0.15333  ,  IoU: 0.87671  ,  Loss/sim: 0.00000
[train: Epoch 29, 250 / 1875] FPS: 428.8 (421.4)  ,  DataTime: 0.009 (0.006)  ,  ForwardTime: 0.060  ,  TotalTime: 0.075  ,  Loss/total: 0.45023  ,  Loss/giou: 0.13193  ,  Loss/l1: 0.00768  ,  Loss/location: 0.11718  ,  pro_loss: 0.15388  ,  IoU: 0.87544  ,  Loss/sim: 0.00000
[train: Epoch 29, 300 / 1875] FPS: 431.9 (452.9)  ,  DataTime: 0.008 (0.006)  ,  ForwardTime: 0.060  ,  TotalTime: 0.074  ,  Loss/total: 0.45564  ,  Loss/giou: 0.13356  ,  Loss/l1: 0.00778  ,  Loss/location: 0.11899  ,  pro_loss: 0.15317  ,  IoU: 0.87414  ,  Loss/sim: 0.00000
[train: Epoch 29, 350 / 1875] FPS: 433.6 (443.9)  ,  DataTime: 0.008 (0.006)  ,  ForwardTime: 0.060  ,  TotalTime: 0.074  ,  Loss/total: 0.45401  ,  Loss/giou: 0.13277  ,  Loss/l1: 0.00771  ,  Loss/location: 0.11921  ,  pro_loss: 0.15346  ,  IoU: 0.87478  ,  Loss/sim: 0.00000
[train: Epoch 29, 400 / 1875] FPS: 435.3 (463.7)  ,  DataTime: 0.007 (0.006)  ,  ForwardTime: 0.060  ,  TotalTime: 0.074  ,  Loss/total: 0.45494  ,  Loss/giou: 0.13303  ,  Loss/l1: 0.00774  ,  Loss/location: 0.11939  ,  pro_loss: 0.15396  ,  IoU: 0.87456  ,  Loss/sim: 0.00000
[train: Epoch 29, 450 / 1875] FPS: 437.0 (445.0)  ,  DataTime: 0.007 (0.006)  ,  ForwardTime: 0.060  ,  TotalTime: 0.073  ,  Loss/total: 0.45650  ,  Loss/giou: 0.13345  ,  Loss/l1: 0.00780  ,  Loss/location: 0.11984  ,  pro_loss: 0.15392  ,  IoU: 0.87429  ,  Loss/sim: 0.00000
[train: Epoch 29, 500 / 1875] FPS: 438.5 (464.0)  ,  DataTime: 0.007 (0.006)  ,  ForwardTime: 0.060  ,  TotalTime: 0.073  ,  Loss/total: 0.45747  ,  Loss/giou: 0.13358  ,  Loss/l1: 0.00781  ,  Loss/location: 0.12059  ,  pro_loss: 0.15330  ,  IoU: 0.87414  ,  Loss/sim: 0.00000
[train: Epoch 29, 550 / 1875] FPS: 439.4 (482.5)  ,  DataTime: 0.007 (0.006)  ,  ForwardTime: 0.060  ,  TotalTime: 0.073  ,  Loss/total: 0.45723  ,  Loss/giou: 0.13333  ,  Loss/l1: 0.00783  ,  Loss/location: 0.12075  ,  pro_loss: 0.15332  ,  IoU: 0.87441  ,  Loss/sim: 0.00000
[train: Epoch 29, 600 / 1875] FPS: 440.2 (490.6)  ,  DataTime: 0.007 (0.006)  ,  ForwardTime: 0.060  ,  TotalTime: 0.073  ,  Loss/total: 0.45822  ,  Loss/giou: 0.13317  ,  Loss/l1: 0.00784  ,  Loss/location: 0.12209  ,  pro_loss: 0.15299  ,  IoU: 0.87451  ,  Loss/sim: 0.00000
[train: Epoch 29, 650 / 1875] FPS: 440.8 (467.2)  ,  DataTime: 0.007 (0.006)  ,  ForwardTime: 0.060  ,  TotalTime: 0.073  ,  Loss/total: 0.45754  ,  Loss/giou: 0.13334  ,  Loss/l1: 0.00782  ,  Loss/location: 0.12117  ,  pro_loss: 0.15292  ,  IoU: 0.87432  ,  Loss/sim: 0.00000
[train: Epoch 29, 700 / 1875] FPS: 441.4 (459.3)  ,  DataTime: 0.007 (0.006)  ,  ForwardTime: 0.060  ,  TotalTime: 0.072  ,  Loss/total: 0.45581  ,  Loss/giou: 0.13285  ,  Loss/l1: 0.00780  ,  Loss/location: 0.12055  ,  pro_loss: 0.15280  ,  IoU: 0.87472  ,  Loss/sim: 0.00000
[train: Epoch 29, 750 / 1875] FPS: 442.2 (450.4)  ,  DataTime: 0.007 (0.006)  ,  ForwardTime: 0.060  ,  TotalTime: 0.072  ,  Loss/total: 0.45545  ,  Loss/giou: 0.13292  ,  Loss/l1: 0.00781  ,  Loss/location: 0.12002  ,  pro_loss: 0.15285  ,  IoU: 0.87467  ,  Loss/sim: 0.00000
[train: Epoch 29, 800 / 1875] FPS: 442.2 (454.3)  ,  DataTime: 0.007 (0.006)  ,  ForwardTime: 0.060  ,  TotalTime: 0.072  ,  Loss/total: 0.45596  ,  Loss/giou: 0.13295  ,  Loss/l1: 0.00780  ,  Loss/location: 0.12057  ,  pro_loss: 0.15246  ,  IoU: 0.87459  ,  Loss/sim: 0.00000
[train: Epoch 29, 850 / 1875] FPS: 442.5 (425.4)  ,  DataTime: 0.007 (0.006)  ,  ForwardTime: 0.060  ,  TotalTime: 0.072  ,  Loss/total: 0.45572  ,  Loss/giou: 0.13298  ,  Loss/l1: 0.00780  ,  Loss/location: 0.12020  ,  pro_loss: 0.15286  ,  IoU: 0.87454  ,  Loss/sim: 0.00000
[train: Epoch 29, 900 / 1875] FPS: 442.9 (437.8)  ,  DataTime: 0.006 (0.006)  ,  ForwardTime: 0.060  ,  TotalTime: 0.072  ,  Loss/total: 0.45585  ,  Loss/giou: 0.13283  ,  Loss/l1: 0.00778  ,  Loss/location: 0.12066  ,  pro_loss: 0.15306  ,  IoU: 0.87466  ,  Loss/sim: 0.00000
[train: Epoch 29, 950 / 1875] FPS: 443.3 (464.3)  ,  DataTime: 0.006 (0.006)  ,  ForwardTime: 0.060  ,  TotalTime: 0.072  ,  Loss/total: 0.45555  ,  Loss/giou: 0.13286  ,  Loss/l1: 0.00776  ,  Loss/location: 0.12040  ,  pro_loss: 0.15303  ,  IoU: 0.87459  ,  Loss/sim: 0.00000
[train: Epoch 29, 1000 / 1875] FPS: 443.6 (461.4)  ,  DataTime: 0.006 (0.006)  ,  ForwardTime: 0.060  ,  TotalTime: 0.072  ,  Loss/total: 0.45519  ,  Loss/giou: 0.13283  ,  Loss/l1: 0.00776  ,  Loss/location: 0.12006  ,  pro_loss: 0.15336  ,  IoU: 0.87461  ,  Loss/sim: 0.00000
[train: Epoch 29, 1050 / 1875] FPS: 443.8 (446.5)  ,  DataTime: 0.006 (0.006)  ,  ForwardTime: 0.060  ,  TotalTime: 0.072  ,  Loss/total: 0.45517  ,  Loss/giou: 0.13280  ,  Loss/l1: 0.00776  ,  Loss/location: 0.12015  ,  pro_loss: 0.15313  ,  IoU: 0.87462  ,  Loss/sim: 0.00000
[train: Epoch 29, 1100 / 1875] FPS: 443.9 (438.1)  ,  DataTime: 0.006 (0.006)  ,  ForwardTime: 0.060  ,  TotalTime: 0.072  ,  Loss/total: 0.45559  ,  Loss/giou: 0.13260  ,  Loss/l1: 0.00775  ,  Loss/location: 0.12099  ,  pro_loss: 0.15339  ,  IoU: 0.87478  ,  Loss/sim: 0.00000
[train: Epoch 29, 1150 / 1875] FPS: 444.2 (477.1)  ,  DataTime: 0.006 (0.006)  ,  ForwardTime: 0.060  ,  TotalTime: 0.072  ,  Loss/total: 0.45540  ,  Loss/giou: 0.13259  ,  Loss/l1: 0.00774  ,  Loss/location: 0.12086  ,  pro_loss: 0.15325  ,  IoU: 0.87478  ,  Loss/sim: 0.00000
[train: Epoch 29, 1200 / 1875] FPS: 444.4 (468.2)  ,  DataTime: 0.006 (0.006)  ,  ForwardTime: 0.060  ,  TotalTime: 0.072  ,  Loss/total: 0.45529  ,  Loss/giou: 0.13252  ,  Loss/l1: 0.00773  ,  Loss/location: 0.12089  ,  pro_loss: 0.15362  ,  IoU: 0.87483  ,  Loss/sim: 0.00000
[train: Epoch 29, 1250 / 1875] FPS: 444.6 (435.2)  ,  DataTime: 0.006 (0.006)  ,  ForwardTime: 0.060  ,  TotalTime: 0.072  ,  Loss/total: 0.45532  ,  Loss/giou: 0.13253  ,  Loss/l1: 0.00773  ,  Loss/location: 0.12084  ,  pro_loss: 0.15373  ,  IoU: 0.87480  ,  Loss/sim: 0.00000
[train: Epoch 29, 1300 / 1875] FPS: 444.9 (457.7)  ,  DataTime: 0.006 (0.006)  ,  ForwardTime: 0.060  ,  TotalTime: 0.072  ,  Loss/total: 0.45563  ,  Loss/giou: 0.13260  ,  Loss/l1: 0.00773  ,  Loss/location: 0.12103  ,  pro_loss: 0.15361  ,  IoU: 0.87472  ,  Loss/sim: 0.00000
[train: Epoch 29, 1350 / 1875] FPS: 445.1 (452.6)  ,  DataTime: 0.006 (0.006)  ,  ForwardTime: 0.060  ,  TotalTime: 0.072  ,  Loss/total: 0.45552  ,  Loss/giou: 0.13251  ,  Loss/l1: 0.00773  ,  Loss/location: 0.12113  ,  pro_loss: 0.15364  ,  IoU: 0.87479  ,  Loss/sim: 0.00000
[train: Epoch 29, 1400 / 1875] FPS: 445.2 (468.8)  ,  DataTime: 0.006 (0.006)  ,  ForwardTime: 0.060  ,  TotalTime: 0.072  ,  Loss/total: 0.45510  ,  Loss/giou: 0.13251  ,  Loss/l1: 0.00772  ,  Loss/location: 0.12076  ,  pro_loss: 0.15360  ,  IoU: 0.87480  ,  Loss/sim: 0.00000
[train: Epoch 29, 1450 / 1875] FPS: 445.2 (449.6)  ,  DataTime: 0.006 (0.006)  ,  ForwardTime: 0.060  ,  TotalTime: 0.072  ,  Loss/total: 0.45592  ,  Loss/giou: 0.13262  ,  Loss/l1: 0.00773  ,  Loss/location: 0.12129  ,  pro_loss: 0.15370  ,  IoU: 0.87470  ,  Loss/sim: 0.00000
[train: Epoch 29, 1500 / 1875] FPS: 445.4 (460.3)  ,  DataTime: 0.006 (0.006)  ,  ForwardTime: 0.060  ,  TotalTime: 0.072  ,  Loss/total: 0.45557  ,  Loss/giou: 0.13255  ,  Loss/l1: 0.00772  ,  Loss/location: 0.12110  ,  pro_loss: 0.15372  ,  IoU: 0.87475  ,  Loss/sim: 0.00000
[train: Epoch 29, 1550 / 1875] FPS: 445.5 (439.3)  ,  DataTime: 0.006 (0.006)  ,  ForwardTime: 0.060  ,  TotalTime: 0.072  ,  Loss/total: 0.45547  ,  Loss/giou: 0.13246  ,  Loss/l1: 0.00771  ,  Loss/location: 0.12125  ,  pro_loss: 0.15364  ,  IoU: 0.87481  ,  Loss/sim: 0.00000
[train: Epoch 29, 1600 / 1875] FPS: 445.5 (443.5)  ,  DataTime: 0.006 (0.006)  ,  ForwardTime: 0.060  ,  TotalTime: 0.072  ,  Loss/total: 0.45544  ,  Loss/giou: 0.13236  ,  Loss/l1: 0.00770  ,  Loss/location: 0.12153  ,  pro_loss: 0.15335  ,  IoU: 0.87489  ,  Loss/sim: 0.00000
[train: Epoch 29, 1650 / 1875] FPS: 445.7 (441.1)  ,  DataTime: 0.006 (0.006)  ,  ForwardTime: 0.060  ,  TotalTime: 0.072  ,  Loss/total: 0.45527  ,  Loss/giou: 0.13239  ,  Loss/l1: 0.00771  ,  Loss/location: 0.12131  ,  pro_loss: 0.15325  ,  IoU: 0.87487  ,  Loss/sim: 0.00000
[train: Epoch 29, 1700 / 1875] FPS: 445.8 (435.8)  ,  DataTime: 0.006 (0.006)  ,  ForwardTime: 0.060  ,  TotalTime: 0.072  ,  Loss/total: 0.45522  ,  Loss/giou: 0.13236  ,  Loss/l1: 0.00771  ,  Loss/location: 0.12131  ,  pro_loss: 0.15322  ,  IoU: 0.87490  ,  Loss/sim: 0.00000
[train: Epoch 29, 1750 / 1875] FPS: 445.8 (457.6)  ,  DataTime: 0.006 (0.006)  ,  ForwardTime: 0.060  ,  TotalTime: 0.072  ,  Loss/total: 0.45525  ,  Loss/giou: 0.13249  ,  Loss/l1: 0.00772  ,  Loss/location: 0.12100  ,  pro_loss: 0.15330  ,  IoU: 0.87478  ,  Loss/sim: 0.00000
[train: Epoch 29, 1800 / 1875] FPS: 445.9 (461.3)  ,  DataTime: 0.006 (0.006)  ,  ForwardTime: 0.060  ,  TotalTime: 0.072  ,  Loss/total: 0.45526  ,  Loss/giou: 0.13251  ,  Loss/l1: 0.00772  ,  Loss/location: 0.12097  ,  pro_loss: 0.15335  ,  IoU: 0.87476  ,  Loss/sim: 0.00000
[train: Epoch 29, 1850 / 1875] FPS: 446.1 (481.4)  ,  DataTime: 0.006 (0.006)  ,  ForwardTime: 0.060  ,  TotalTime: 0.072  ,  Loss/total: 0.45510  ,  Loss/giou: 0.13237  ,  Loss/l1: 0.00771  ,  Loss/location: 0.12111  ,  pro_loss: 0.15349  ,  IoU: 0.87487  ,  Loss/sim: 0.00000
[train: Epoch 29, 1875 / 1875] FPS: 446.4 (494.0)  ,  DataTime: 0.006 (0.006)  ,  ForwardTime: 0.060  ,  TotalTime: 0.072  ,  Loss/total: 0.45521  ,  Loss/giou: 0.13235  ,  Loss/l1: 0.00771  ,  Loss/location: 0.12126  ,  pro_loss: 0.15352  ,  IoU: 0.87488  ,  Loss/sim: 0.00000
[train: Epoch 30, 50 / 1875] FPS: 367.4 (458.4)  ,  DataTime: 0.021 (0.006)  ,  ForwardTime: 0.060  ,  TotalTime: 0.087  ,  Loss/total: 0.46086  ,  Loss/giou: 0.13365  ,  Loss/l1: 0.00808  ,  Loss/location: 0.12264  ,  pro_loss: 0.15250  ,  IoU: 0.87432  ,  Loss/sim: 0.00000
[train: Epoch 30, 100 / 1875] FPS: 404.1 (420.9)  ,  DataTime: 0.013 (0.006)  ,  ForwardTime: 0.060  ,  TotalTime: 0.079  ,  Loss/total: 0.45318  ,  Loss/giou: 0.13254  ,  Loss/l1: 0.00782  ,  Loss/location: 0.11838  ,  pro_loss: 0.15313  ,  IoU: 0.87478  ,  Loss/sim: 0.00000
[train: Epoch 30, 150 / 1875] FPS: 417.7 (457.4)  ,  DataTime: 0.011 (0.006)  ,  ForwardTime: 0.060  ,  TotalTime: 0.077  ,  Loss/total: 0.45591  ,  Loss/giou: 0.13320  ,  Loss/l1: 0.00786  ,  Loss/location: 0.11944  ,  pro_loss: 0.15382  ,  IoU: 0.87423  ,  Loss/sim: 0.00000
[train: Epoch 30, 200 / 1875] FPS: 424.5 (416.8)  ,  DataTime: 0.010 (0.006)  ,  ForwardTime: 0.060  ,  TotalTime: 0.075  ,  Loss/total: 0.45754  ,  Loss/giou: 0.13304  ,  Loss/l1: 0.00786  ,  Loss/location: 0.12149  ,  pro_loss: 0.15333  ,  IoU: 0.87453  ,  Loss/sim: 0.00000
[train: Epoch 30, 250 / 1875] FPS: 429.1 (452.5)  ,  DataTime: 0.009 (0.006)  ,  ForwardTime: 0.060  ,  TotalTime: 0.075  ,  Loss/total: 0.45774  ,  Loss/giou: 0.13283  ,  Loss/l1: 0.00786  ,  Loss/location: 0.12226  ,  pro_loss: 0.15267  ,  IoU: 0.87467  ,  Loss/sim: 0.00000
[train: Epoch 30, 300 / 1875] FPS: 432.1 (425.2)  ,  DataTime: 0.008 (0.006)  ,  ForwardTime: 0.060  ,  TotalTime: 0.074  ,  Loss/total: 0.45430  ,  Loss/giou: 0.13197  ,  Loss/l1: 0.00773  ,  Loss/location: 0.12125  ,  pro_loss: 0.15226  ,  IoU: 0.87527  ,  Loss/sim: 0.00000
[train: Epoch 30, 350 / 1875] FPS: 434.3 (442.8)  ,  DataTime: 0.008 (0.006)  ,  ForwardTime: 0.060  ,  TotalTime: 0.074  ,  Loss/total: 0.45461  ,  Loss/giou: 0.13230  ,  Loss/l1: 0.00778  ,  Loss/location: 0.12056  ,  pro_loss: 0.15274  ,  IoU: 0.87508  ,  Loss/sim: 0.00000
[train: Epoch 30, 400 / 1875] FPS: 436.2 (460.6)  ,  DataTime: 0.008 (0.006)  ,  ForwardTime: 0.060  ,  TotalTime: 0.073  ,  Loss/total: 0.45767  ,  Loss/giou: 0.13360  ,  Loss/l1: 0.00787  ,  Loss/location: 0.12056  ,  pro_loss: 0.15281  ,  IoU: 0.87396  ,  Loss/sim: 0.00000
[train: Epoch 30, 450 / 1875] FPS: 437.4 (465.2)  ,  DataTime: 0.007 (0.006)  ,  ForwardTime: 0.060  ,  TotalTime: 0.073  ,  Loss/total: 0.45952  ,  Loss/giou: 0.13397  ,  Loss/l1: 0.00791  ,  Loss/location: 0.12151  ,  pro_loss: 0.15259  ,  IoU: 0.87366  ,  Loss/sim: 0.00000
[train: Epoch 30, 500 / 1875] FPS: 437.9 (440.8)  ,  DataTime: 0.007 (0.006)  ,  ForwardTime: 0.060  ,  TotalTime: 0.073  ,  Loss/total: 0.45959  ,  Loss/giou: 0.13378  ,  Loss/l1: 0.00791  ,  Loss/location: 0.12166  ,  pro_loss: 0.15402  ,  IoU: 0.87382  ,  Loss/sim: 0.00000
[train: Epoch 30, 550 / 1875] FPS: 439.0 (426.8)  ,  DataTime: 0.007 (0.006)  ,  ForwardTime: 0.060  ,  TotalTime: 0.073  ,  Loss/total: 0.45860  ,  Loss/giou: 0.13369  ,  Loss/l1: 0.00788  ,  Loss/location: 0.12103  ,  pro_loss: 0.15396  ,  IoU: 0.87385  ,  Loss/sim: 0.00000
[train: Epoch 30, 600 / 1875] FPS: 439.5 (475.6)  ,  DataTime: 0.007 (0.006)  ,  ForwardTime: 0.060  ,  TotalTime: 0.073  ,  Loss/total: 0.45916  ,  Loss/giou: 0.13371  ,  Loss/l1: 0.00786  ,  Loss/location: 0.12160  ,  pro_loss: 0.15420  ,  IoU: 0.87386  ,  Loss/sim: 0.00000
[train: Epoch 30, 650 / 1875] FPS: 439.8 (453.9)  ,  DataTime: 0.007 (0.006)  ,  ForwardTime: 0.060  ,  TotalTime: 0.073  ,  Loss/total: 0.45949  ,  Loss/giou: 0.13390  ,  Loss/l1: 0.00789  ,  Loss/location: 0.12135  ,  pro_loss: 0.15455  ,  IoU: 0.87381  ,  Loss/sim: 0.00000
[train: Epoch 30, 700 / 1875] FPS: 440.3 (444.6)  ,  DataTime: 0.007 (0.006)  ,  ForwardTime: 0.060  ,  TotalTime: 0.073  ,  Loss/total: 0.45835  ,  Loss/giou: 0.13359  ,  Loss/l1: 0.00787  ,  Loss/location: 0.12092  ,  pro_loss: 0.15455  ,  IoU: 0.87405  ,  Loss/sim: 0.00000
[train: Epoch 30, 750 / 1875] FPS: 440.9 (433.4)  ,  DataTime: 0.007 (0.006)  ,  ForwardTime: 0.060  ,  TotalTime: 0.073  ,  Loss/total: 0.45849  ,  Loss/giou: 0.13353  ,  Loss/l1: 0.00787  ,  Loss/location: 0.12117  ,  pro_loss: 0.15461  ,  IoU: 0.87408  ,  Loss/sim: 0.00000
[train: Epoch 30, 800 / 1875] FPS: 441.2 (447.2)  ,  DataTime: 0.007 (0.006)  ,  ForwardTime: 0.060  ,  TotalTime: 0.073  ,  Loss/total: 0.45841  ,  Loss/giou: 0.13362  ,  Loss/l1: 0.00787  ,  Loss/location: 0.12081  ,  pro_loss: 0.15513  ,  IoU: 0.87402  ,  Loss/sim: 0.00000
[train: Epoch 30, 850 / 1875] FPS: 441.6 (465.1)  ,  DataTime: 0.007 (0.006)  ,  ForwardTime: 0.060  ,  TotalTime: 0.072  ,  Loss/total: 0.45831  ,  Loss/giou: 0.13351  ,  Loss/l1: 0.00785  ,  Loss/location: 0.12105  ,  pro_loss: 0.15501  ,  IoU: 0.87413  ,  Loss/sim: 0.00000
[train: Epoch 30, 900 / 1875] FPS: 442.1 (428.0)  ,  DataTime: 0.007 (0.006)  ,  ForwardTime: 0.060  ,  TotalTime: 0.072  ,  Loss/total: 0.45800  ,  Loss/giou: 0.13365  ,  Loss/l1: 0.00787  ,  Loss/location: 0.12033  ,  pro_loss: 0.15514  ,  IoU: 0.87405  ,  Loss/sim: 0.00000
[train: Epoch 30, 950 / 1875] FPS: 442.3 (455.1)  ,  DataTime: 0.007 (0.006)  ,  ForwardTime: 0.060  ,  TotalTime: 0.072  ,  Loss/total: 0.45772  ,  Loss/giou: 0.13356  ,  Loss/l1: 0.00788  ,  Loss/location: 0.12024  ,  pro_loss: 0.15489  ,  IoU: 0.87415  ,  Loss/sim: 0.00000
[train: Epoch 30, 1000 / 1875] FPS: 442.4 (425.5)  ,  DataTime: 0.006 (0.006)  ,  ForwardTime: 0.060  ,  TotalTime: 0.072  ,  Loss/total: 0.45728  ,  Loss/giou: 0.13347  ,  Loss/l1: 0.00786  ,  Loss/location: 0.12007  ,  pro_loss: 0.15493  ,  IoU: 0.87420  ,  Loss/sim: 0.00000
[train: Epoch 30, 1050 / 1875] FPS: 442.7 (471.5)  ,  DataTime: 0.006 (0.006)  ,  ForwardTime: 0.060  ,  TotalTime: 0.072  ,  Loss/total: 0.45697  ,  Loss/giou: 0.13338  ,  Loss/l1: 0.00783  ,  Loss/location: 0.12004  ,  pro_loss: 0.15504  ,  IoU: 0.87425  ,  Loss/sim: 0.00000
[train: Epoch 30, 1100 / 1875] FPS: 442.9 (460.4)  ,  DataTime: 0.006 (0.006)  ,  ForwardTime: 0.060  ,  TotalTime: 0.072  ,  Loss/total: 0.45727  ,  Loss/giou: 0.13349  ,  Loss/l1: 0.00784  ,  Loss/location: 0.12006  ,  pro_loss: 0.15522  ,  IoU: 0.87412  ,  Loss/sim: 0.00000
[train: Epoch 30, 1150 / 1875] FPS: 443.1 (465.5)  ,  DataTime: 0.006 (0.006)  ,  ForwardTime: 0.060  ,  TotalTime: 0.072  ,  Loss/total: 0.45725  ,  Loss/giou: 0.13332  ,  Loss/l1: 0.00782  ,  Loss/location: 0.12047  ,  pro_loss: 0.15518  ,  IoU: 0.87425  ,  Loss/sim: 0.00000
[train: Epoch 30, 1200 / 1875] FPS: 443.3 (442.7)  ,  DataTime: 0.006 (0.006)  ,  ForwardTime: 0.060  ,  TotalTime: 0.072  ,  Loss/total: 0.45689  ,  Loss/giou: 0.13327  ,  Loss/l1: 0.00781  ,  Loss/location: 0.12023  ,  pro_loss: 0.15544  ,  IoU: 0.87428  ,  Loss/sim: 0.00000
[train: Epoch 30, 1250 / 1875] FPS: 443.6 (468.7)  ,  DataTime: 0.006 (0.006)  ,  ForwardTime: 0.060  ,  TotalTime: 0.072  ,  Loss/total: 0.45586  ,  Loss/giou: 0.13308  ,  Loss/l1: 0.00779  ,  Loss/location: 0.11970  ,  pro_loss: 0.15517  ,  IoU: 0.87444  ,  Loss/sim: 0.00000
[train: Epoch 30, 1300 / 1875] FPS: 443.9 (453.5)  ,  DataTime: 0.006 (0.006)  ,  ForwardTime: 0.060  ,  TotalTime: 0.072  ,  Loss/total: 0.45559  ,  Loss/giou: 0.13291  ,  Loss/l1: 0.00777  ,  Loss/location: 0.11992  ,  pro_loss: 0.15502  ,  IoU: 0.87455  ,  Loss/sim: 0.00000
[train: Epoch 30, 1350 / 1875] FPS: 444.2 (472.7)  ,  DataTime: 0.006 (0.006)  ,  ForwardTime: 0.060  ,  TotalTime: 0.072  ,  Loss/total: 0.45501  ,  Loss/giou: 0.13282  ,  Loss/l1: 0.00776  ,  Loss/location: 0.11958  ,  pro_loss: 0.15498  ,  IoU: 0.87460  ,  Loss/sim: 0.00000
[train: Epoch 30, 1400 / 1875] FPS: 444.4 (466.1)  ,  DataTime: 0.006 (0.006)  ,  ForwardTime: 0.060  ,  TotalTime: 0.072  ,  Loss/total: 0.45449  ,  Loss/giou: 0.13261  ,  Loss/l1: 0.00774  ,  Loss/location: 0.11957  ,  pro_loss: 0.15496  ,  IoU: 0.87476  ,  Loss/sim: 0.00000
[train: Epoch 30, 1450 / 1875] FPS: 444.6 (437.3)  ,  DataTime: 0.006 (0.006)  ,  ForwardTime: 0.060  ,  TotalTime: 0.072  ,  Loss/total: 0.45445  ,  Loss/giou: 0.13265  ,  Loss/l1: 0.00774  ,  Loss/location: 0.11938  ,  pro_loss: 0.15522  ,  IoU: 0.87477  ,  Loss/sim: 0.00000
[train: Epoch 30, 1500 / 1875] FPS: 444.8 (441.6)  ,  DataTime: 0.006 (0.006)  ,  ForwardTime: 0.060  ,  TotalTime: 0.072  ,  Loss/total: 0.45505  ,  Loss/giou: 0.13283  ,  Loss/l1: 0.00775  ,  Loss/location: 0.11952  ,  pro_loss: 0.15552  ,  IoU: 0.87464  ,  Loss/sim: 0.00000
[train: Epoch 30, 1550 / 1875] FPS: 444.8 (458.7)  ,  DataTime: 0.006 (0.006)  ,  ForwardTime: 0.060  ,  TotalTime: 0.072  ,  Loss/total: 0.45526  ,  Loss/giou: 0.13282  ,  Loss/l1: 0.00775  ,  Loss/location: 0.11975  ,  pro_loss: 0.15555  ,  IoU: 0.87465  ,  Loss/sim: 0.00000
[train: Epoch 30, 1600 / 1875] FPS: 444.8 (440.4)  ,  DataTime: 0.006 (0.006)  ,  ForwardTime: 0.060  ,  TotalTime: 0.072  ,  Loss/total: 0.45556  ,  Loss/giou: 0.13292  ,  Loss/l1: 0.00776  ,  Loss/location: 0.11981  ,  pro_loss: 0.15557  ,  IoU: 0.87455  ,  Loss/sim: 0.00000
[train: Epoch 30, 1650 / 1875] FPS: 445.0 (436.5)  ,  DataTime: 0.006 (0.006)  ,  ForwardTime: 0.060  ,  TotalTime: 0.072  ,  Loss/total: 0.45529  ,  Loss/giou: 0.13267  ,  Loss/l1: 0.00774  ,  Loss/location: 0.12010  ,  pro_loss: 0.15580  ,  IoU: 0.87478  ,  Loss/sim: 0.00000
[train: Epoch 30, 1700 / 1875] FPS: 445.1 (442.5)  ,  DataTime: 0.006 (0.006)  ,  ForwardTime: 0.060  ,  TotalTime: 0.072  ,  Loss/total: 0.45496  ,  Loss/giou: 0.13261  ,  Loss/l1: 0.00773  ,  Loss/location: 0.11992  ,  pro_loss: 0.15584  ,  IoU: 0.87480  ,  Loss/sim: 0.00000
[train: Epoch 30, 1750 / 1875] FPS: 445.1 (469.1)  ,  DataTime: 0.006 (0.006)  ,  ForwardTime: 0.060  ,  TotalTime: 0.072  ,  Loss/total: 0.45536  ,  Loss/giou: 0.13270  ,  Loss/l1: 0.00774  ,  Loss/location: 0.12006  ,  pro_loss: 0.15592  ,  IoU: 0.87473  ,  Loss/sim: 0.00000
[train: Epoch 30, 1800 / 1875] FPS: 445.1 (411.0)  ,  DataTime: 0.006 (0.006)  ,  ForwardTime: 0.060  ,  TotalTime: 0.072  ,  Loss/total: 0.45538  ,  Loss/giou: 0.13271  ,  Loss/l1: 0.00775  ,  Loss/location: 0.12010  ,  pro_loss: 0.15568  ,  IoU: 0.87471  ,  Loss/sim: 0.00000
[train: Epoch 30, 1850 / 1875] FPS: 445.2 (469.8)  ,  DataTime: 0.006 (0.006)  ,  ForwardTime: 0.060  ,  TotalTime: 0.072  ,  Loss/total: 0.45529  ,  Loss/giou: 0.13269  ,  Loss/l1: 0.00775  ,  Loss/location: 0.12003  ,  pro_loss: 0.15565  ,  IoU: 0.87472  ,  Loss/sim: 0.00000
[train: Epoch 30, 1875 / 1875] FPS: 445.5 (501.2)  ,  DataTime: 0.006 (0.006)  ,  ForwardTime: 0.060  ,  TotalTime: 0.072  ,  Loss/total: 0.45521  ,  Loss/giou: 0.13271  ,  Loss/l1: 0.00776  ,  Loss/location: 0.11986  ,  pro_loss: 0.15572  ,  IoU: 0.87470  ,  Loss/sim: 0.00000
[val: Epoch 30, 50 / 312] FPS: 79.6 (825.2)  ,  DataTime: 0.370 (0.007)  ,  ForwardTime: 0.025  ,  TotalTime: 0.402  ,  Loss/total: 0.87201  ,  Loss/giou: 0.22541  ,  Loss/l1: 0.01576  ,  Loss/location: 0.34184  ,  pro_loss: 0.00271  ,  IoU: 0.79126  ,  Loss/sim: 0.00000
[val: Epoch 30, 100 / 312] FPS: 81.5 (855.2)  ,  DataTime: 0.361 (0.006)  ,  ForwardTime: 0.025  ,  TotalTime: 0.393  ,  Loss/total: 0.91701  ,  Loss/giou: 0.23603  ,  Loss/l1: 0.01783  ,  Loss/location: 0.35518  ,  pro_loss: 0.00313  ,  IoU: 0.78437  ,  Loss/sim: 0.00000
[val: Epoch 30, 150 / 312] FPS: 84.2 (119.1)  ,  DataTime: 0.348 (0.007)  ,  ForwardTime: 0.025  ,  TotalTime: 0.380  ,  Loss/total: 0.91920  ,  Loss/giou: 0.23444  ,  Loss/l1: 0.01769  ,  Loss/location: 0.36122  ,  pro_loss: 0.00326  ,  IoU: 0.78572  ,  Loss/sim: 0.00000
[val: Epoch 30, 200 / 312] FPS: 85.6 (920.8)  ,  DataTime: 0.342 (0.006)  ,  ForwardTime: 0.025  ,  TotalTime: 0.374  ,  Loss/total: 0.91229  ,  Loss/giou: 0.23293  ,  Loss/l1: 0.01742  ,  Loss/location: 0.35859  ,  pro_loss: 0.00375  ,  IoU: 0.78663  ,  Loss/sim: 0.00000
[val: Epoch 30, 250 / 312] FPS: 84.6 (12.0)  ,  DataTime: 0.347 (0.006)  ,  ForwardTime: 0.025  ,  TotalTime: 0.378  ,  Loss/total: 0.91489  ,  Loss/giou: 0.23347  ,  Loss/l1: 0.01748  ,  Loss/location: 0.35985  ,  pro_loss: 0.00354  ,  IoU: 0.78623  ,  Loss/sim: 0.00000
[val: Epoch 30, 300 / 312] FPS: 86.8 (884.9)  ,  DataTime: 0.337 (0.006)  ,  ForwardTime: 0.025  ,  TotalTime: 0.369  ,  Loss/total: 0.91192  ,  Loss/giou: 0.23329  ,  Loss/l1: 0.01747  ,  Loss/location: 0.35723  ,  pro_loss: 0.00378  ,  IoU: 0.78626  ,  Loss/sim: 0.00000
[val: Epoch 30, 312 / 312] FPS: 88.1 (1021.0)  ,  DataTime: 0.332 (0.006)  ,  ForwardTime: 0.025  ,  TotalTime: 0.363  ,  Loss/total: 0.91152  ,  Loss/giou: 0.23326  ,  Loss/l1: 0.01750  ,  Loss/location: 0.35673  ,  pro_loss: 0.00377  ,  IoU: 0.78640  ,  Loss/sim: 0.00000
[train: Epoch 31, 50 / 1875] FPS: 89.4 (17.9)  ,  DataTime: 0.297 (0.005)  ,  ForwardTime: 0.056  ,  TotalTime: 0.358  ,  Loss/total: 0.43234  ,  Loss/giou: 0.12582  ,  Loss/l1: 0.00739  ,  Loss/location: 0.11266  ,  pro_loss: 0.15542  ,  IoU: 0.88116  ,  Loss/sim: 0.00000
[train: Epoch 31, 100 / 1875] FPS: 98.5 (489.1)  ,  DataTime: 0.264 (0.005)  ,  ForwardTime: 0.056  ,  TotalTime: 0.325  ,  Loss/total: 0.44303  ,  Loss/giou: 0.13027  ,  Loss/l1: 0.00763  ,  Loss/location: 0.11336  ,  pro_loss: 0.15500  ,  IoU: 0.87735  ,  Loss/sim: 0.00000
[train: Epoch 31, 150 / 1875] FPS: 105.6 (501.4)  ,  DataTime: 0.242 (0.005)  ,  ForwardTime: 0.056  ,  TotalTime: 0.303  ,  Loss/total: 0.44515  ,  Loss/giou: 0.12936  ,  Loss/l1: 0.00748  ,  Loss/location: 0.11748  ,  pro_loss: 0.15771  ,  IoU: 0.87774  ,  Loss/sim: 0.00000
[train: Epoch 31, 200 / 1875] FPS: 108.4 (498.9)  ,  DataTime: 0.234 (0.005)  ,  ForwardTime: 0.056  ,  TotalTime: 0.295  ,  Loss/total: 0.44295  ,  Loss/giou: 0.12906  ,  Loss/l1: 0.00747  ,  Loss/location: 0.11629  ,  pro_loss: 0.15589  ,  IoU: 0.87792  ,  Loss/sim: 0.00000
[train: Epoch 31, 250 / 1875] FPS: 108.4 (25.0)  ,  DataTime: 0.234 (0.005)  ,  ForwardTime: 0.056  ,  TotalTime: 0.295  ,  Loss/total: 0.44631  ,  Loss/giou: 0.13028  ,  Loss/l1: 0.00762  ,  Loss/location: 0.11632  ,  pro_loss: 0.15671  ,  IoU: 0.87703  ,  Loss/sim: 0.00000
[train: Epoch 31, 300 / 1875] FPS: 111.9 (43.9)  ,  DataTime: 0.225 (0.005)  ,  ForwardTime: 0.056  ,  TotalTime: 0.286  ,  Loss/total: 0.44827  ,  Loss/giou: 0.13132  ,  Loss/l1: 0.00772  ,  Loss/location: 0.11566  ,  pro_loss: 0.15674  ,  IoU: 0.87620  ,  Loss/sim: 0.00000
[train: Epoch 31, 350 / 1875] FPS: 113.2 (24.0)  ,  DataTime: 0.222 (0.005)  ,  ForwardTime: 0.056  ,  TotalTime: 0.283  ,  Loss/total: 0.44856  ,  Loss/giou: 0.13140  ,  Loss/l1: 0.00772  ,  Loss/location: 0.11581  ,  pro_loss: 0.15658  ,  IoU: 0.87611  ,  Loss/sim: 0.00000
[train: Epoch 31, 400 / 1875] FPS: 116.0 (497.8)  ,  DataTime: 0.215 (0.005)  ,  ForwardTime: 0.056  ,  TotalTime: 0.276  ,  Loss/total: 0.44924  ,  Loss/giou: 0.13112  ,  Loss/l1: 0.00769  ,  Loss/location: 0.11735  ,  pro_loss: 0.15612  ,  IoU: 0.87619  ,  Loss/sim: 0.00000
[train: Epoch 31, 450 / 1875] FPS: 117.4 (36.7)  ,  DataTime: 0.212 (0.005)  ,  ForwardTime: 0.056  ,  TotalTime: 0.273  ,  Loss/total: 0.45161  ,  Loss/giou: 0.13146  ,  Loss/l1: 0.00768  ,  Loss/location: 0.11901  ,  pro_loss: 0.15637  ,  IoU: 0.87587  ,  Loss/sim: 0.00000
[train: Epoch 31, 500 / 1875] FPS: 119.5 (508.1)  ,  DataTime: 0.207 (0.005)  ,  ForwardTime: 0.056  ,  TotalTime: 0.268  ,  Loss/total: 0.45361  ,  Loss/giou: 0.13179  ,  Loss/l1: 0.00771  ,  Loss/location: 0.12012  ,  pro_loss: 0.15688  ,  IoU: 0.87558  ,  Loss/sim: 0.00000
[train: Epoch 31, 550 / 1875] FPS: 121.6 (504.4)  ,  DataTime: 0.202 (0.005)  ,  ForwardTime: 0.056  ,  TotalTime: 0.263  ,  Loss/total: 0.45513  ,  Loss/giou: 0.13210  ,  Loss/l1: 0.00777  ,  Loss/location: 0.12077  ,  pro_loss: 0.15665  ,  IoU: 0.87532  ,  Loss/sim: 0.00000
[train: Epoch 31, 600 / 1875] FPS: 122.5 (512.0)  ,  DataTime: 0.200 (0.005)  ,  ForwardTime: 0.056  ,  TotalTime: 0.261  ,  Loss/total: 0.45453  ,  Loss/giou: 0.13172  ,  Loss/l1: 0.00774  ,  Loss/location: 0.12105  ,  pro_loss: 0.15674  ,  IoU: 0.87564  ,  Loss/sim: 0.00000
[train: Epoch 31, 650 / 1875] FPS: 124.6 (498.8)  ,  DataTime: 0.196 (0.005)  ,  ForwardTime: 0.056  ,  TotalTime: 0.257  ,  Loss/total: 0.45499  ,  Loss/giou: 0.13185  ,  Loss/l1: 0.00774  ,  Loss/location: 0.12122  ,  pro_loss: 0.15694  ,  IoU: 0.87552  ,  Loss/sim: 0.00000
[train: Epoch 31, 700 / 1875] FPS: 126.1 (114.9)  ,  DataTime: 0.193 (0.005)  ,  ForwardTime: 0.056  ,  TotalTime: 0.254  ,  Loss/total: 0.45384  ,  Loss/giou: 0.13143  ,  Loss/l1: 0.00770  ,  Loss/location: 0.12111  ,  pro_loss: 0.15671  ,  IoU: 0.87583  ,  Loss/sim: 0.00000
[train: Epoch 31, 750 / 1875] FPS: 126.7 (69.3)  ,  DataTime: 0.192 (0.005)  ,  ForwardTime: 0.056  ,  TotalTime: 0.253  ,  Loss/total: 0.45355  ,  Loss/giou: 0.13129  ,  Loss/l1: 0.00768  ,  Loss/location: 0.12120  ,  pro_loss: 0.15693  ,  IoU: 0.87591  ,  Loss/sim: 0.00000
[train: Epoch 31, 800 / 1875] FPS: 128.5 (501.2)  ,  DataTime: 0.188 (0.005)  ,  ForwardTime: 0.056  ,  TotalTime: 0.249  ,  Loss/total: 0.45403  ,  Loss/giou: 0.13163  ,  Loss/l1: 0.00770  ,  Loss/location: 0.12086  ,  pro_loss: 0.15697  ,  IoU: 0.87560  ,  Loss/sim: 0.00000
[train: Epoch 31, 850 / 1875] FPS: 130.2 (504.8)  ,  DataTime: 0.185 (0.005)  ,  ForwardTime: 0.056  ,  TotalTime: 0.246  ,  Loss/total: 0.45434  ,  Loss/giou: 0.13201  ,  Loss/l1: 0.00774  ,  Loss/location: 0.12020  ,  pro_loss: 0.15708  ,  IoU: 0.87540  ,  Loss/sim: 0.00000
[train: Epoch 31, 900 / 1875] FPS: 131.4 (504.3)  ,  DataTime: 0.183 (0.005)  ,  ForwardTime: 0.056  ,  TotalTime: 0.244  ,  Loss/total: 0.45462  ,  Loss/giou: 0.13199  ,  Loss/l1: 0.00777  ,  Loss/location: 0.12039  ,  pro_loss: 0.15704  ,  IoU: 0.87544  ,  Loss/sim: 0.00000
[train: Epoch 31, 950 / 1875] FPS: 132.8 (484.9)  ,  DataTime: 0.180 (0.005)  ,  ForwardTime: 0.056  ,  TotalTime: 0.241  ,  Loss/total: 0.45490  ,  Loss/giou: 0.13222  ,  Loss/l1: 0.00778  ,  Loss/location: 0.12023  ,  pro_loss: 0.15673  ,  IoU: 0.87525  ,  Loss/sim: 0.00000
[train: Epoch 31, 1000 / 1875] FPS: 134.1 (44.3)  ,  DataTime: 0.178 (0.005)  ,  ForwardTime: 0.056  ,  TotalTime: 0.239  ,  Loss/total: 0.45463  ,  Loss/giou: 0.13222  ,  Loss/l1: 0.00779  ,  Loss/location: 0.11997  ,  pro_loss: 0.15642  ,  IoU: 0.87528  ,  Loss/sim: 0.00000
[train: Epoch 31, 1050 / 1875] FPS: 135.5 (499.4)  ,  DataTime: 0.175 (0.005)  ,  ForwardTime: 0.056  ,  TotalTime: 0.236  ,  Loss/total: 0.45519  ,  Loss/giou: 0.13249  ,  Loss/l1: 0.00781  ,  Loss/location: 0.11986  ,  pro_loss: 0.15656  ,  IoU: 0.87511  ,  Loss/sim: 0.00000
[train: Epoch 31, 1100 / 1875] FPS: 136.9 (510.6)  ,  DataTime: 0.173 (0.005)  ,  ForwardTime: 0.056  ,  TotalTime: 0.234  ,  Loss/total: 0.45422  ,  Loss/giou: 0.13244  ,  Loss/l1: 0.00781  ,  Loss/location: 0.11900  ,  pro_loss: 0.15647  ,  IoU: 0.87515  ,  Loss/sim: 0.00000
[train: Epoch 31, 1150 / 1875] FPS: 137.9 (502.9)  ,  DataTime: 0.171 (0.005)  ,  ForwardTime: 0.056  ,  TotalTime: 0.232  ,  Loss/total: 0.45387  ,  Loss/giou: 0.13230  ,  Loss/l1: 0.00780  ,  Loss/location: 0.11904  ,  pro_loss: 0.15623  ,  IoU: 0.87525  ,  Loss/sim: 0.00000
[train: Epoch 31, 1200 / 1875] FPS: 139.1 (499.2)  ,  DataTime: 0.169 (0.005)  ,  ForwardTime: 0.056  ,  TotalTime: 0.230  ,  Loss/total: 0.45362  ,  Loss/giou: 0.13226  ,  Loss/l1: 0.00779  ,  Loss/location: 0.11893  ,  pro_loss: 0.15621  ,  IoU: 0.87529  ,  Loss/sim: 0.00000
[train: Epoch 31, 1250 / 1875] FPS: 140.7 (510.5)  ,  DataTime: 0.167 (0.005)  ,  ForwardTime: 0.056  ,  TotalTime: 0.227  ,  Loss/total: 0.45377  ,  Loss/giou: 0.13231  ,  Loss/l1: 0.00779  ,  Loss/location: 0.11896  ,  pro_loss: 0.15607  ,  IoU: 0.87522  ,  Loss/sim: 0.00000
[train: Epoch 31, 1300 / 1875] FPS: 142.2 (502.7)  ,  DataTime: 0.164 (0.005)  ,  ForwardTime: 0.056  ,  TotalTime: 0.225  ,  Loss/total: 0.45408  ,  Loss/giou: 0.13224  ,  Loss/l1: 0.00778  ,  Loss/location: 0.11944  ,  pro_loss: 0.15615  ,  IoU: 0.87528  ,  Loss/sim: 0.00000
[train: Epoch 31, 1350 / 1875] FPS: 143.0 (37.6)  ,  DataTime: 0.163 (0.005)  ,  ForwardTime: 0.056  ,  TotalTime: 0.224  ,  Loss/total: 0.45382  ,  Loss/giou: 0.13222  ,  Loss/l1: 0.00777  ,  Loss/location: 0.11931  ,  pro_loss: 0.15610  ,  IoU: 0.87529  ,  Loss/sim: 0.00000
[train: Epoch 31, 1400 / 1875] FPS: 144.6 (481.6)  ,  DataTime: 0.160 (0.005)  ,  ForwardTime: 0.056  ,  TotalTime: 0.221  ,  Loss/total: 0.45340  ,  Loss/giou: 0.13215  ,  Loss/l1: 0.00775  ,  Loss/location: 0.11911  ,  pro_loss: 0.15612  ,  IoU: 0.87534  ,  Loss/sim: 0.00000
[train: Epoch 31, 1450 / 1875] FPS: 145.7 (40.9)  ,  DataTime: 0.159 (0.005)  ,  ForwardTime: 0.056  ,  TotalTime: 0.220  ,  Loss/total: 0.45420  ,  Loss/giou: 0.13221  ,  Loss/l1: 0.00776  ,  Loss/location: 0.11972  ,  pro_loss: 0.15625  ,  IoU: 0.87528  ,  Loss/sim: 0.00000
[train: Epoch 31, 1500 / 1875] FPS: 147.2 (499.8)  ,  DataTime: 0.156 (0.005)  ,  ForwardTime: 0.056  ,  TotalTime: 0.217  ,  Loss/total: 0.45382  ,  Loss/giou: 0.13221  ,  Loss/l1: 0.00776  ,  Loss/location: 0.11930  ,  pro_loss: 0.15650  ,  IoU: 0.87526  ,  Loss/sim: 0.00000
[train: Epoch 31, 1550 / 1875] FPS: 148.6 (494.7)  ,  DataTime: 0.154 (0.005)  ,  ForwardTime: 0.056  ,  TotalTime: 0.215  ,  Loss/total: 0.45402  ,  Loss/giou: 0.13222  ,  Loss/l1: 0.00775  ,  Loss/location: 0.11949  ,  pro_loss: 0.15667  ,  IoU: 0.87526  ,  Loss/sim: 0.00000
[train: Epoch 31, 1600 / 1875] FPS: 150.5 (502.3)  ,  DataTime: 0.152 (0.005)  ,  ForwardTime: 0.056  ,  TotalTime: 0.213  ,  Loss/total: 0.45449  ,  Loss/giou: 0.13227  ,  Loss/l1: 0.00776  ,  Loss/location: 0.11975  ,  pro_loss: 0.15692  ,  IoU: 0.87521  ,  Loss/sim: 0.00000
[train: Epoch 31, 1650 / 1875] FPS: 151.6 (505.2)  ,  DataTime: 0.150 (0.005)  ,  ForwardTime: 0.056  ,  TotalTime: 0.211  ,  Loss/total: 0.45384  ,  Loss/giou: 0.13219  ,  Loss/l1: 0.00775  ,  Loss/location: 0.11929  ,  pro_loss: 0.15698  ,  IoU: 0.87528  ,  Loss/sim: 0.00000
[train: Epoch 31, 1700 / 1875] FPS: 152.8 (253.5)  ,  DataTime: 0.148 (0.005)  ,  ForwardTime: 0.056  ,  TotalTime: 0.209  ,  Loss/total: 0.45392  ,  Loss/giou: 0.13221  ,  Loss/l1: 0.00775  ,  Loss/location: 0.11933  ,  pro_loss: 0.15715  ,  IoU: 0.87524  ,  Loss/sim: 0.00000
[train: Epoch 31, 1750 / 1875] FPS: 154.0 (514.0)  ,  DataTime: 0.147 (0.005)  ,  ForwardTime: 0.056  ,  TotalTime: 0.208  ,  Loss/total: 0.45390  ,  Loss/giou: 0.13229  ,  Loss/l1: 0.00775  ,  Loss/location: 0.11919  ,  pro_loss: 0.15700  ,  IoU: 0.87516  ,  Loss/sim: 0.00000
[train: Epoch 31, 1800 / 1875] FPS: 155.5 (491.8)  ,  DataTime: 0.145 (0.005)  ,  ForwardTime: 0.056  ,  TotalTime: 0.206  ,  Loss/total: 0.45396  ,  Loss/giou: 0.13238  ,  Loss/l1: 0.00775  ,  Loss/location: 0.11907  ,  pro_loss: 0.15699  ,  IoU: 0.87508  ,  Loss/sim: 0.00000
[train: Epoch 31, 1850 / 1875] FPS: 156.5 (72.7)  ,  DataTime: 0.144 (0.005)  ,  ForwardTime: 0.056  ,  TotalTime: 0.205  ,  Loss/total: 0.45423  ,  Loss/giou: 0.13237  ,  Loss/l1: 0.00775  ,  Loss/location: 0.11934  ,  pro_loss: 0.15710  ,  IoU: 0.87511  ,  Loss/sim: 0.00000
[train: Epoch 31, 1875 / 1875] FPS: 157.4 (516.1)  ,  DataTime: 0.142 (0.005)  ,  ForwardTime: 0.056  ,  TotalTime: 0.203  ,  Loss/total: 0.45405  ,  Loss/giou: 0.13238  ,  Loss/l1: 0.00775  ,  Loss/location: 0.11910  ,  pro_loss: 0.15706  ,  IoU: 0.87510  ,  Loss/sim: 0.00000
[train: Epoch 32, 50 / 1875] FPS: 198.7 (484.9)  ,  DataTime: 0.099 (0.005)  ,  ForwardTime: 0.057  ,  TotalTime: 0.161  ,  Loss/total: 0.46293  ,  Loss/giou: 0.13280  ,  Loss/l1: 0.00795  ,  Loss/location: 0.12681  ,  pro_loss: 0.15375  ,  IoU: 0.87455  ,  Loss/sim: 0.00000
[train: Epoch 32, 100 / 1875] FPS: 200.4 (489.9)  ,  DataTime: 0.098 (0.005)  ,  ForwardTime: 0.057  ,  TotalTime: 0.160  ,  Loss/total: 0.45061  ,  Loss/giou: 0.13071  ,  Loss/l1: 0.00761  ,  Loss/location: 0.12085  ,  pro_loss: 0.15135  ,  IoU: 0.87611  ,  Loss/sim: 0.00000
[train: Epoch 32, 150 / 1875] FPS: 214.0 (498.1)  ,  DataTime: 0.088 (0.005)  ,  ForwardTime: 0.057  ,  TotalTime: 0.150  ,  Loss/total: 0.45108  ,  Loss/giou: 0.12935  ,  Loss/l1: 0.00746  ,  Loss/location: 0.12463  ,  pro_loss: 0.15208  ,  IoU: 0.87715  ,  Loss/sim: 0.00000
[train: Epoch 32, 200 / 1875] FPS: 218.1 (501.4)  ,  DataTime: 0.085 (0.005)  ,  ForwardTime: 0.057  ,  TotalTime: 0.147  ,  Loss/total: 0.45142  ,  Loss/giou: 0.12957  ,  Loss/l1: 0.00751  ,  Loss/location: 0.12414  ,  pro_loss: 0.15292  ,  IoU: 0.87715  ,  Loss/sim: 0.00000
[train: Epoch 32, 250 / 1875] FPS: 223.3 (472.6)  ,  DataTime: 0.082 (0.005)  ,  ForwardTime: 0.057  ,  TotalTime: 0.143  ,  Loss/total: 0.44943  ,  Loss/giou: 0.12952  ,  Loss/l1: 0.00750  ,  Loss/location: 0.12209  ,  pro_loss: 0.15408  ,  IoU: 0.87725  ,  Loss/sim: 0.00000
[train: Epoch 32, 300 / 1875] FPS: 232.1 (494.6)  ,  DataTime: 0.076 (0.005)  ,  ForwardTime: 0.057  ,  TotalTime: 0.138  ,  Loss/total: 0.44947  ,  Loss/giou: 0.13055  ,  Loss/l1: 0.00755  ,  Loss/location: 0.11966  ,  pro_loss: 0.15469  ,  IoU: 0.87636  ,  Loss/sim: 0.00000
[train: Epoch 32, 350 / 1875] FPS: 234.7 (210.2)  ,  DataTime: 0.075 (0.005)  ,  ForwardTime: 0.057  ,  TotalTime: 0.136  ,  Loss/total: 0.44837  ,  Loss/giou: 0.13050  ,  Loss/l1: 0.00757  ,  Loss/location: 0.11860  ,  pro_loss: 0.15464  ,  IoU: 0.87638  ,  Loss/sim: 0.00000
[train: Epoch 32, 400 / 1875] FPS: 234.4 (59.9)  ,  DataTime: 0.075 (0.005)  ,  ForwardTime: 0.057  ,  TotalTime: 0.137  ,  Loss/total: 0.44846  ,  Loss/giou: 0.13049  ,  Loss/l1: 0.00754  ,  Loss/location: 0.11871  ,  pro_loss: 0.15521  ,  IoU: 0.87642  ,  Loss/sim: 0.00000
[train: Epoch 32, 450 / 1875] FPS: 238.3 (498.1)  ,  DataTime: 0.073 (0.005)  ,  ForwardTime: 0.057  ,  TotalTime: 0.134  ,  Loss/total: 0.44903  ,  Loss/giou: 0.13060  ,  Loss/l1: 0.00754  ,  Loss/location: 0.11905  ,  pro_loss: 0.15546  ,  IoU: 0.87622  ,  Loss/sim: 0.00000
[train: Epoch 32, 500 / 1875] FPS: 237.8 (502.3)  ,  DataTime: 0.073 (0.005)  ,  ForwardTime: 0.057  ,  TotalTime: 0.135  ,  Loss/total: 0.44752  ,  Loss/giou: 0.13049  ,  Loss/l1: 0.00754  ,  Loss/location: 0.11770  ,  pro_loss: 0.15571  ,  IoU: 0.87637  ,  Loss/sim: 0.00000
[train: Epoch 32, 550 / 1875] FPS: 237.7 (503.2)  ,  DataTime: 0.073 (0.005)  ,  ForwardTime: 0.057  ,  TotalTime: 0.135  ,  Loss/total: 0.44800  ,  Loss/giou: 0.13074  ,  Loss/l1: 0.00754  ,  Loss/location: 0.11767  ,  pro_loss: 0.15576  ,  IoU: 0.87619  ,  Loss/sim: 0.00000
[train: Epoch 32, 600 / 1875] FPS: 241.7 (491.3)  ,  DataTime: 0.071 (0.005)  ,  ForwardTime: 0.057  ,  TotalTime: 0.132  ,  Loss/total: 0.44797  ,  Loss/giou: 0.13068  ,  Loss/l1: 0.00752  ,  Loss/location: 0.11795  ,  pro_loss: 0.15535  ,  IoU: 0.87623  ,  Loss/sim: 0.00000
[train: Epoch 32, 650 / 1875] FPS: 240.8 (490.4)  ,  DataTime: 0.071 (0.005)  ,  ForwardTime: 0.057  ,  TotalTime: 0.133  ,  Loss/total: 0.44913  ,  Loss/giou: 0.13111  ,  Loss/l1: 0.00755  ,  Loss/location: 0.11809  ,  pro_loss: 0.15535  ,  IoU: 0.87591  ,  Loss/sim: 0.00000
[train: Epoch 32, 700 / 1875] FPS: 243.1 (472.5)  ,  DataTime: 0.070 (0.005)  ,  ForwardTime: 0.057  ,  TotalTime: 0.132  ,  Loss/total: 0.45071  ,  Loss/giou: 0.13139  ,  Loss/l1: 0.00759  ,  Loss/location: 0.11884  ,  pro_loss: 0.15563  ,  IoU: 0.87569  ,  Loss/sim: 0.00000
[train: Epoch 32, 750 / 1875] FPS: 245.3 (49.7)  ,  DataTime: 0.069 (0.005)  ,  ForwardTime: 0.057  ,  TotalTime: 0.130  ,  Loss/total: 0.45069  ,  Loss/giou: 0.13128  ,  Loss/l1: 0.00760  ,  Loss/location: 0.11897  ,  pro_loss: 0.15589  ,  IoU: 0.87579  ,  Loss/sim: 0.00000
[train: Epoch 32, 800 / 1875] FPS: 248.4 (491.1)  ,  DataTime: 0.067 (0.005)  ,  ForwardTime: 0.057  ,  TotalTime: 0.129  ,  Loss/total: 0.45187  ,  Loss/giou: 0.13169  ,  Loss/l1: 0.00765  ,  Loss/location: 0.11902  ,  pro_loss: 0.15618  ,  IoU: 0.87551  ,  Loss/sim: 0.00000
[train: Epoch 32, 850 / 1875] FPS: 250.7 (492.0)  ,  DataTime: 0.066 (0.005)  ,  ForwardTime: 0.057  ,  TotalTime: 0.128  ,  Loss/total: 0.45199  ,  Loss/giou: 0.13163  ,  Loss/l1: 0.00765  ,  Loss/location: 0.11935  ,  pro_loss: 0.15577  ,  IoU: 0.87558  ,  Loss/sim: 0.00000
[train: Epoch 32, 900 / 1875] FPS: 252.5 (451.3)  ,  DataTime: 0.065 (0.005)  ,  ForwardTime: 0.057  ,  TotalTime: 0.127  ,  Loss/total: 0.45194  ,  Loss/giou: 0.13154  ,  Loss/l1: 0.00765  ,  Loss/location: 0.11951  ,  pro_loss: 0.15564  ,  IoU: 0.87563  ,  Loss/sim: 0.00000
[train: Epoch 32, 950 / 1875] FPS: 254.1 (491.3)  ,  DataTime: 0.064 (0.005)  ,  ForwardTime: 0.057  ,  TotalTime: 0.126  ,  Loss/total: 0.45240  ,  Loss/giou: 0.13164  ,  Loss/l1: 0.00767  ,  Loss/location: 0.11967  ,  pro_loss: 0.15559  ,  IoU: 0.87558  ,  Loss/sim: 0.00000
[train: Epoch 32, 1000 / 1875] FPS: 255.4 (466.1)  ,  DataTime: 0.063 (0.005)  ,  ForwardTime: 0.057  ,  TotalTime: 0.125  ,  Loss/total: 0.45315  ,  Loss/giou: 0.13184  ,  Loss/l1: 0.00768  ,  Loss/location: 0.11993  ,  pro_loss: 0.15560  ,  IoU: 0.87541  ,  Loss/sim: 0.00000
[train: Epoch 32, 1050 / 1875] FPS: 257.1 (205.2)  ,  DataTime: 0.063 (0.005)  ,  ForwardTime: 0.057  ,  TotalTime: 0.124  ,  Loss/total: 0.45326  ,  Loss/giou: 0.13193  ,  Loss/l1: 0.00770  ,  Loss/location: 0.11977  ,  pro_loss: 0.15570  ,  IoU: 0.87536  ,  Loss/sim: 0.00000
[train: Epoch 32, 1100 / 1875] FPS: 258.6 (475.5)  ,  DataTime: 0.062 (0.005)  ,  ForwardTime: 0.057  ,  TotalTime: 0.124  ,  Loss/total: 0.45428  ,  Loss/giou: 0.13208  ,  Loss/l1: 0.00769  ,  Loss/location: 0.12054  ,  pro_loss: 0.15570  ,  IoU: 0.87521  ,  Loss/sim: 0.00000
[train: Epoch 32, 1150 / 1875] FPS: 261.0 (264.1)  ,  DataTime: 0.061 (0.005)  ,  ForwardTime: 0.057  ,  TotalTime: 0.123  ,  Loss/total: 0.45449  ,  Loss/giou: 0.13206  ,  Loss/l1: 0.00770  ,  Loss/location: 0.12073  ,  pro_loss: 0.15580  ,  IoU: 0.87522  ,  Loss/sim: 0.00000
[train: Epoch 32, 1200 / 1875] FPS: 262.4 (493.0)  ,  DataTime: 0.060 (0.005)  ,  ForwardTime: 0.057  ,  TotalTime: 0.122  ,  Loss/total: 0.45484  ,  Loss/giou: 0.13203  ,  Loss/l1: 0.00771  ,  Loss/location: 0.12102  ,  pro_loss: 0.15586  ,  IoU: 0.87527  ,  Loss/sim: 0.00000
[train: Epoch 32, 1250 / 1875] FPS: 263.7 (40.9)  ,  DataTime: 0.059 (0.005)  ,  ForwardTime: 0.057  ,  TotalTime: 0.121  ,  Loss/total: 0.45478  ,  Loss/giou: 0.13223  ,  Loss/l1: 0.00772  ,  Loss/location: 0.12054  ,  pro_loss: 0.15584  ,  IoU: 0.87513  ,  Loss/sim: 0.00000
[train: Epoch 32, 1300 / 1875] FPS: 265.4 (483.9)  ,  DataTime: 0.059 (0.005)  ,  ForwardTime: 0.057  ,  TotalTime: 0.121  ,  Loss/total: 0.45501  ,  Loss/giou: 0.13231  ,  Loss/l1: 0.00773  ,  Loss/location: 0.12061  ,  pro_loss: 0.15569  ,  IoU: 0.87506  ,  Loss/sim: 0.00000
[train: Epoch 32, 1350 / 1875] FPS: 266.0 (497.1)  ,  DataTime: 0.058 (0.005)  ,  ForwardTime: 0.057  ,  TotalTime: 0.120  ,  Loss/total: 0.45614  ,  Loss/giou: 0.13255  ,  Loss/l1: 0.00774  ,  Loss/location: 0.12120  ,  pro_loss: 0.15567  ,  IoU: 0.87487  ,  Loss/sim: 0.00000
[train: Epoch 32, 1400 / 1875] FPS: 269.4 (488.4)  ,  DataTime: 0.057 (0.005)  ,  ForwardTime: 0.057  ,  TotalTime: 0.119  ,  Loss/total: 0.45655  ,  Loss/giou: 0.13257  ,  Loss/l1: 0.00775  ,  Loss/location: 0.12157  ,  pro_loss: 0.15540  ,  IoU: 0.87484  ,  Loss/sim: 0.00000
[train: Epoch 32, 1450 / 1875] FPS: 271.2 (506.2)  ,  DataTime: 0.056 (0.005)  ,  ForwardTime: 0.057  ,  TotalTime: 0.118  ,  Loss/total: 0.45663  ,  Loss/giou: 0.13250  ,  Loss/l1: 0.00775  ,  Loss/location: 0.12180  ,  pro_loss: 0.15547  ,  IoU: 0.87491  ,  Loss/sim: 0.00000
[train: Epoch 32, 1500 / 1875] FPS: 272.3 (499.9)  ,  DataTime: 0.055 (0.005)  ,  ForwardTime: 0.057  ,  TotalTime: 0.118  ,  Loss/total: 0.45738  ,  Loss/giou: 0.13265  ,  Loss/l1: 0.00777  ,  Loss/location: 0.12206  ,  pro_loss: 0.15576  ,  IoU: 0.87481  ,  Loss/sim: 0.00000
[train: Epoch 32, 1550 / 1875] FPS: 274.7 (477.4)  ,  DataTime: 0.054 (0.005)  ,  ForwardTime: 0.057  ,  TotalTime: 0.116  ,  Loss/total: 0.45786  ,  Loss/giou: 0.13277  ,  Loss/l1: 0.00777  ,  Loss/location: 0.12232  ,  pro_loss: 0.15564  ,  IoU: 0.87470  ,  Loss/sim: 0.00000
[train: Epoch 32, 1600 / 1875] FPS: 275.8 (472.8)  ,  DataTime: 0.054 (0.005)  ,  ForwardTime: 0.057  ,  TotalTime: 0.116  ,  Loss/total: 0.45744  ,  Loss/giou: 0.13268  ,  Loss/l1: 0.00776  ,  Loss/location: 0.12213  ,  pro_loss: 0.15565  ,  IoU: 0.87477  ,  Loss/sim: 0.00000
[train: Epoch 32, 1650 / 1875] FPS: 276.7 (148.2)  ,  DataTime: 0.053 (0.005)  ,  ForwardTime: 0.057  ,  TotalTime: 0.116  ,  Loss/total: 0.45745  ,  Loss/giou: 0.13273  ,  Loss/l1: 0.00776  ,  Loss/location: 0.12207  ,  pro_loss: 0.15558  ,  IoU: 0.87472  ,  Loss/sim: 0.00000
[train: Epoch 32, 1700 / 1875] FPS: 277.8 (447.6)  ,  DataTime: 0.053 (0.005)  ,  ForwardTime: 0.057  ,  TotalTime: 0.115  ,  Loss/total: 0.45717  ,  Loss/giou: 0.13273  ,  Loss/l1: 0.00777  ,  Loss/location: 0.12169  ,  pro_loss: 0.15569  ,  IoU: 0.87473  ,  Loss/sim: 0.00000
[train: Epoch 32, 1750 / 1875] FPS: 279.5 (485.7)  ,  DataTime: 0.052 (0.005)  ,  ForwardTime: 0.057  ,  TotalTime: 0.115  ,  Loss/total: 0.45713  ,  Loss/giou: 0.13274  ,  Loss/l1: 0.00778  ,  Loss/location: 0.12164  ,  pro_loss: 0.15564  ,  IoU: 0.87473  ,  Loss/sim: 0.00000
[train: Epoch 32, 1800 / 1875] FPS: 281.6 (439.5)  ,  DataTime: 0.051 (0.005)  ,  ForwardTime: 0.057  ,  TotalTime: 0.114  ,  Loss/total: 0.45734  ,  Loss/giou: 0.13281  ,  Loss/l1: 0.00778  ,  Loss/location: 0.12164  ,  pro_loss: 0.15576  ,  IoU: 0.87468  ,  Loss/sim: 0.00000
[train: Epoch 32, 1850 / 1875] FPS: 283.5 (473.8)  ,  DataTime: 0.051 (0.005)  ,  ForwardTime: 0.057  ,  TotalTime: 0.113  ,  Loss/total: 0.45792  ,  Loss/giou: 0.13294  ,  Loss/l1: 0.00779  ,  Loss/location: 0.12195  ,  pro_loss: 0.15563  ,  IoU: 0.87458  ,  Loss/sim: 0.00000
[train: Epoch 32, 1875 / 1875] FPS: 284.9 (512.6)  ,  DataTime: 0.050 (0.005)  ,  ForwardTime: 0.057  ,  TotalTime: 0.112  ,  Loss/total: 0.45774  ,  Loss/giou: 0.13291  ,  Loss/l1: 0.00780  ,  Loss/location: 0.12179  ,  pro_loss: 0.15552  ,  IoU: 0.87462  ,  Loss/sim: 0.00000
[train: Epoch 33, 50 / 1875] FPS: 295.1 (472.2)  ,  DataTime: 0.045 (0.006)  ,  ForwardTime: 0.058  ,  TotalTime: 0.108  ,  Loss/total: 0.46062  ,  Loss/giou: 0.13198  ,  Loss/l1: 0.00790  ,  Loss/location: 0.12490  ,  pro_loss: 0.16125  ,  IoU: 0.87567  ,  Loss/sim: 0.00000
[train: Epoch 33, 100 / 1875] FPS: 310.3 (491.8)  ,  DataTime: 0.040 (0.006)  ,  ForwardTime: 0.058  ,  TotalTime: 0.103  ,  Loss/total: 0.45185  ,  Loss/giou: 0.13002  ,  Loss/l1: 0.00763  ,  Loss/location: 0.12165  ,  pro_loss: 0.16010  ,  IoU: 0.87672  ,  Loss/sim: 0.00000
[train: Epoch 33, 150 / 1875] FPS: 323.2 (472.0)  ,  DataTime: 0.035 (0.006)  ,  ForwardTime: 0.058  ,  TotalTime: 0.099  ,  Loss/total: 0.45382  ,  Loss/giou: 0.13084  ,  Loss/l1: 0.00771  ,  Loss/location: 0.12178  ,  pro_loss: 0.15896  ,  IoU: 0.87617  ,  Loss/sim: 0.00000
[train: Epoch 33, 200 / 1875] FPS: 330.0 (469.0)  ,  DataTime: 0.033 (0.006)  ,  ForwardTime: 0.058  ,  TotalTime: 0.097  ,  Loss/total: 0.45225  ,  Loss/giou: 0.13116  ,  Loss/l1: 0.00768  ,  Loss/location: 0.12036  ,  pro_loss: 0.15578  ,  IoU: 0.87597  ,  Loss/sim: 0.00000
[train: Epoch 33, 250 / 1875] FPS: 337.6 (466.0)  ,  DataTime: 0.031 (0.006)  ,  ForwardTime: 0.058  ,  TotalTime: 0.095  ,  Loss/total: 0.45434  ,  Loss/giou: 0.13168  ,  Loss/l1: 0.00774  ,  Loss/location: 0.12112  ,  pro_loss: 0.15583  ,  IoU: 0.87565  ,  Loss/sim: 0.00000
[train: Epoch 33, 300 / 1875] FPS: 345.0 (210.2)  ,  DataTime: 0.029 (0.006)  ,  ForwardTime: 0.058  ,  TotalTime: 0.093  ,  Loss/total: 0.45653  ,  Loss/giou: 0.13221  ,  Loss/l1: 0.00777  ,  Loss/location: 0.12212  ,  pro_loss: 0.15576  ,  IoU: 0.87516  ,  Loss/sim: 0.00000
[train: Epoch 33, 350 / 1875] FPS: 349.5 (494.9)  ,  DataTime: 0.028 (0.006)  ,  ForwardTime: 0.058  ,  TotalTime: 0.092  ,  Loss/total: 0.45578  ,  Loss/giou: 0.13160  ,  Loss/l1: 0.00769  ,  Loss/location: 0.12291  ,  pro_loss: 0.15607  ,  IoU: 0.87552  ,  Loss/sim: 0.00000
[train: Epoch 33, 400 / 1875] FPS: 353.2 (91.4)  ,  DataTime: 0.027 (0.006)  ,  ForwardTime: 0.059  ,  TotalTime: 0.091  ,  Loss/total: 0.45471  ,  Loss/giou: 0.13149  ,  Loss/l1: 0.00767  ,  Loss/location: 0.12220  ,  pro_loss: 0.15581  ,  IoU: 0.87558  ,  Loss/sim: 0.00000
[train: Epoch 33, 450 / 1875] FPS: 352.4 (92.3)  ,  DataTime: 0.027 (0.006)  ,  ForwardTime: 0.058  ,  TotalTime: 0.091  ,  Loss/total: 0.45492  ,  Loss/giou: 0.13172  ,  Loss/l1: 0.00767  ,  Loss/location: 0.12184  ,  pro_loss: 0.15644  ,  IoU: 0.87529  ,  Loss/sim: 0.00000
[train: Epoch 33, 500 / 1875] FPS: 359.1 (496.2)  ,  DataTime: 0.025 (0.006)  ,  ForwardTime: 0.059  ,  TotalTime: 0.089  ,  Loss/total: 0.45530  ,  Loss/giou: 0.13196  ,  Loss/l1: 0.00772  ,  Loss/location: 0.12153  ,  pro_loss: 0.15619  ,  IoU: 0.87516  ,  Loss/sim: 0.00000
[train: Epoch 33, 550 / 1875] FPS: 361.9 (457.7)  ,  DataTime: 0.024 (0.006)  ,  ForwardTime: 0.059  ,  TotalTime: 0.088  ,  Loss/total: 0.45283  ,  Loss/giou: 0.13145  ,  Loss/l1: 0.00768  ,  Loss/location: 0.12030  ,  pro_loss: 0.15616  ,  IoU: 0.87567  ,  Loss/sim: 0.00000
[train: Epoch 33, 600 / 1875] FPS: 361.9 (469.2)  ,  DataTime: 0.024 (0.006)  ,  ForwardTime: 0.059  ,  TotalTime: 0.088  ,  Loss/total: 0.45252  ,  Loss/giou: 0.13138  ,  Loss/l1: 0.00767  ,  Loss/location: 0.12026  ,  pro_loss: 0.15576  ,  IoU: 0.87573  ,  Loss/sim: 0.00000
[train: Epoch 33, 650 / 1875] FPS: 364.4 (466.8)  ,  DataTime: 0.024 (0.006)  ,  ForwardTime: 0.059  ,  TotalTime: 0.088  ,  Loss/total: 0.45164  ,  Loss/giou: 0.13120  ,  Loss/l1: 0.00766  ,  Loss/location: 0.11984  ,  pro_loss: 0.15542  ,  IoU: 0.87582  ,  Loss/sim: 0.00000
[train: Epoch 33, 700 / 1875] FPS: 366.6 (490.7)  ,  DataTime: 0.023 (0.006)  ,  ForwardTime: 0.059  ,  TotalTime: 0.087  ,  Loss/total: 0.45242  ,  Loss/giou: 0.13148  ,  Loss/l1: 0.00767  ,  Loss/location: 0.12006  ,  pro_loss: 0.15515  ,  IoU: 0.87556  ,  Loss/sim: 0.00000
[train: Epoch 33, 750 / 1875] FPS: 369.5 (472.0)  ,  DataTime: 0.022 (0.006)  ,  ForwardTime: 0.059  ,  TotalTime: 0.087  ,  Loss/total: 0.45227  ,  Loss/giou: 0.13125  ,  Loss/l1: 0.00766  ,  Loss/location: 0.12033  ,  pro_loss: 0.15572  ,  IoU: 0.87572  ,  Loss/sim: 0.00000
[train: Epoch 33, 800 / 1875] FPS: 372.1 (463.9)  ,  DataTime: 0.022 (0.006)  ,  ForwardTime: 0.059  ,  TotalTime: 0.086  ,  Loss/total: 0.45207  ,  Loss/giou: 0.13117  ,  Loss/l1: 0.00763  ,  Loss/location: 0.12044  ,  pro_loss: 0.15561  ,  IoU: 0.87577  ,  Loss/sim: 0.00000
[train: Epoch 33, 850 / 1875] FPS: 371.3 (285.3)  ,  DataTime: 0.022 (0.006)  ,  ForwardTime: 0.059  ,  TotalTime: 0.086  ,  Loss/total: 0.45228  ,  Loss/giou: 0.13138  ,  Loss/l1: 0.00765  ,  Loss/location: 0.12021  ,  pro_loss: 0.15516  ,  IoU: 0.87563  ,  Loss/sim: 0.00000
[train: Epoch 33, 900 / 1875] FPS: 372.7 (451.6)  ,  DataTime: 0.022 (0.006)  ,  ForwardTime: 0.059  ,  TotalTime: 0.086  ,  Loss/total: 0.45157  ,  Loss/giou: 0.13141  ,  Loss/l1: 0.00766  ,  Loss/location: 0.11941  ,  pro_loss: 0.15514  ,  IoU: 0.87563  ,  Loss/sim: 0.00000
[train: Epoch 33, 950 / 1875] FPS: 374.5 (483.0)  ,  DataTime: 0.021 (0.006)  ,  ForwardTime: 0.059  ,  TotalTime: 0.085  ,  Loss/total: 0.45177  ,  Loss/giou: 0.13146  ,  Loss/l1: 0.00766  ,  Loss/location: 0.11957  ,  pro_loss: 0.15489  ,  IoU: 0.87558  ,  Loss/sim: 0.00000
[train: Epoch 33, 1000 / 1875] FPS: 373.7 (460.8)  ,  DataTime: 0.021 (0.006)  ,  ForwardTime: 0.059  ,  TotalTime: 0.086  ,  Loss/total: 0.45219  ,  Loss/giou: 0.13141  ,  Loss/l1: 0.00766  ,  Loss/location: 0.12007  ,  pro_loss: 0.15498  ,  IoU: 0.87566  ,  Loss/sim: 0.00000
[train: Epoch 33, 1050 / 1875] FPS: 375.4 (459.3)  ,  DataTime: 0.021 (0.006)  ,  ForwardTime: 0.059  ,  TotalTime: 0.085  ,  Loss/total: 0.45220  ,  Loss/giou: 0.13129  ,  Loss/l1: 0.00765  ,  Loss/location: 0.12038  ,  pro_loss: 0.15495  ,  IoU: 0.87577  ,  Loss/sim: 0.00000
[train: Epoch 33, 1100 / 1875] FPS: 377.2 (478.1)  ,  DataTime: 0.020 (0.006)  ,  ForwardTime: 0.059  ,  TotalTime: 0.085  ,  Loss/total: 0.45299  ,  Loss/giou: 0.13137  ,  Loss/l1: 0.00765  ,  Loss/location: 0.12095  ,  pro_loss: 0.15514  ,  IoU: 0.87572  ,  Loss/sim: 0.00000
[train: Epoch 33, 1150 / 1875] FPS: 379.5 (458.3)  ,  DataTime: 0.020 (0.006)  ,  ForwardTime: 0.059  ,  TotalTime: 0.084  ,  Loss/total: 0.45258  ,  Loss/giou: 0.13133  ,  Loss/l1: 0.00765  ,  Loss/location: 0.12071  ,  pro_loss: 0.15482  ,  IoU: 0.87577  ,  Loss/sim: 0.00000
[train: Epoch 33, 1200 / 1875] FPS: 382.1 (456.0)  ,  DataTime: 0.019 (0.006)  ,  ForwardTime: 0.059  ,  TotalTime: 0.084  ,  Loss/total: 0.45221  ,  Loss/giou: 0.13117  ,  Loss/l1: 0.00765  ,  Loss/location: 0.12063  ,  pro_loss: 0.15498  ,  IoU: 0.87593  ,  Loss/sim: 0.00000
[train: Epoch 33, 1250 / 1875] FPS: 382.7 (442.4)  ,  DataTime: 0.019 (0.006)  ,  ForwardTime: 0.059  ,  TotalTime: 0.084  ,  Loss/total: 0.45223  ,  Loss/giou: 0.13126  ,  Loss/l1: 0.00765  ,  Loss/location: 0.12041  ,  pro_loss: 0.15513  ,  IoU: 0.87587  ,  Loss/sim: 0.00000
[train: Epoch 33, 1300 / 1875] FPS: 382.8 (466.8)  ,  DataTime: 0.019 (0.006)  ,  ForwardTime: 0.059  ,  TotalTime: 0.084  ,  Loss/total: 0.45304  ,  Loss/giou: 0.13142  ,  Loss/l1: 0.00766  ,  Loss/location: 0.12083  ,  pro_loss: 0.15525  ,  IoU: 0.87572  ,  Loss/sim: 0.00000
[train: Epoch 33, 1350 / 1875] FPS: 384.7 (389.5)  ,  DataTime: 0.019 (0.006)  ,  ForwardTime: 0.059  ,  TotalTime: 0.083  ,  Loss/total: 0.45414  ,  Loss/giou: 0.13167  ,  Loss/l1: 0.00768  ,  Loss/location: 0.12139  ,  pro_loss: 0.15503  ,  IoU: 0.87551  ,  Loss/sim: 0.00000
[train: Epoch 33, 1400 / 1875] FPS: 386.4 (472.1)  ,  DataTime: 0.018 (0.006)  ,  ForwardTime: 0.059  ,  TotalTime: 0.083  ,  Loss/total: 0.45448  ,  Loss/giou: 0.13178  ,  Loss/l1: 0.00768  ,  Loss/location: 0.12149  ,  pro_loss: 0.15502  ,  IoU: 0.87541  ,  Loss/sim: 0.00000
[train: Epoch 33, 1450 / 1875] FPS: 385.9 (477.7)  ,  DataTime: 0.018 (0.006)  ,  ForwardTime: 0.059  ,  TotalTime: 0.083  ,  Loss/total: 0.45408  ,  Loss/giou: 0.13167  ,  Loss/l1: 0.00768  ,  Loss/location: 0.12137  ,  pro_loss: 0.15487  ,  IoU: 0.87552  ,  Loss/sim: 0.00000
[train: Epoch 33, 1500 / 1875] FPS: 386.8 (487.3)  ,  DataTime: 0.018 (0.006)  ,  ForwardTime: 0.059  ,  TotalTime: 0.083  ,  Loss/total: 0.45396  ,  Loss/giou: 0.13159  ,  Loss/l1: 0.00768  ,  Loss/location: 0.12137  ,  pro_loss: 0.15504  ,  IoU: 0.87558  ,  Loss/sim: 0.00000
[train: Epoch 33, 1550 / 1875] FPS: 387.8 (482.4)  ,  DataTime: 0.018 (0.006)  ,  ForwardTime: 0.059  ,  TotalTime: 0.083  ,  Loss/total: 0.45407  ,  Loss/giou: 0.13168  ,  Loss/l1: 0.00769  ,  Loss/location: 0.12124  ,  pro_loss: 0.15515  ,  IoU: 0.87551  ,  Loss/sim: 0.00000
[train: Epoch 33, 1600 / 1875] FPS: 389.6 (469.2)  ,  DataTime: 0.018 (0.006)  ,  ForwardTime: 0.059  ,  TotalTime: 0.082  ,  Loss/total: 0.45457  ,  Loss/giou: 0.13176  ,  Loss/l1: 0.00769  ,  Loss/location: 0.12159  ,  pro_loss: 0.15510  ,  IoU: 0.87543  ,  Loss/sim: 0.00000
[train: Epoch 33, 1650 / 1875] FPS: 391.2 (443.6)  ,  DataTime: 0.017 (0.006)  ,  ForwardTime: 0.059  ,  TotalTime: 0.082  ,  Loss/total: 0.45468  ,  Loss/giou: 0.13182  ,  Loss/l1: 0.00770  ,  Loss/location: 0.12153  ,  pro_loss: 0.15497  ,  IoU: 0.87540  ,  Loss/sim: 0.00000
[train: Epoch 33, 1700 / 1875] FPS: 392.6 (448.5)  ,  DataTime: 0.017 (0.006)  ,  ForwardTime: 0.059  ,  TotalTime: 0.082  ,  Loss/total: 0.45474  ,  Loss/giou: 0.13189  ,  Loss/l1: 0.00772  ,  Loss/location: 0.12139  ,  pro_loss: 0.15499  ,  IoU: 0.87534  ,  Loss/sim: 0.00000
[train: Epoch 33, 1750 / 1875] FPS: 394.1 (467.8)  ,  DataTime: 0.016 (0.006)  ,  ForwardTime: 0.059  ,  TotalTime: 0.081  ,  Loss/total: 0.45479  ,  Loss/giou: 0.13194  ,  Loss/l1: 0.00772  ,  Loss/location: 0.12131  ,  pro_loss: 0.15488  ,  IoU: 0.87529  ,  Loss/sim: 0.00000
[train: Epoch 33, 1800 / 1875] FPS: 394.8 (473.1)  ,  DataTime: 0.016 (0.006)  ,  ForwardTime: 0.059  ,  TotalTime: 0.081  ,  Loss/total: 0.45543  ,  Loss/giou: 0.13215  ,  Loss/l1: 0.00775  ,  Loss/location: 0.12140  ,  pro_loss: 0.15493  ,  IoU: 0.87513  ,  Loss/sim: 0.00000
[train: Epoch 33, 1850 / 1875] FPS: 395.5 (439.9)  ,  DataTime: 0.016 (0.006)  ,  ForwardTime: 0.059  ,  TotalTime: 0.081  ,  Loss/total: 0.45563  ,  Loss/giou: 0.13223  ,  Loss/l1: 0.00776  ,  Loss/location: 0.12143  ,  pro_loss: 0.15490  ,  IoU: 0.87507  ,  Loss/sim: 0.00000
[train: Epoch 33, 1875 / 1875] FPS: 395.6 (496.7)  ,  DataTime: 0.016 (0.006)  ,  ForwardTime: 0.059  ,  TotalTime: 0.081  ,  Loss/total: 0.45579  ,  Loss/giou: 0.13230  ,  Loss/l1: 0.00776  ,  Loss/location: 0.12146  ,  pro_loss: 0.15478  ,  IoU: 0.87501  ,  Loss/sim: 0.00000
[train: Epoch 34, 50 / 1875] FPS: 338.5 (470.5)  ,  DataTime: 0.029 (0.006)  ,  ForwardTime: 0.060  ,  TotalTime: 0.095  ,  Loss/total: 0.45166  ,  Loss/giou: 0.12771  ,  Loss/l1: 0.00770  ,  Loss/location: 0.12705  ,  pro_loss: 0.15354  ,  IoU: 0.87900  ,  Loss/sim: 0.00000
[train: Epoch 34, 100 / 1875] FPS: 383.5 (420.5)  ,  DataTime: 0.017 (0.006)  ,  ForwardTime: 0.060  ,  TotalTime: 0.083  ,  Loss/total: 0.44548  ,  Loss/giou: 0.12883  ,  Loss/l1: 0.00760  ,  Loss/location: 0.11914  ,  pro_loss: 0.15354  ,  IoU: 0.87799  ,  Loss/sim: 0.00000
[train: Epoch 34, 150 / 1875] FPS: 402.8 (474.5)  ,  DataTime: 0.013 (0.006)  ,  ForwardTime: 0.060  ,  TotalTime: 0.079  ,  Loss/total: 0.44209  ,  Loss/giou: 0.12894  ,  Loss/l1: 0.00750  ,  Loss/location: 0.11602  ,  pro_loss: 0.15354  ,  IoU: 0.87809  ,  Loss/sim: 0.00000
[train: Epoch 34, 200 / 1875] FPS: 413.5 (424.9)  ,  DataTime: 0.011 (0.006)  ,  ForwardTime: 0.060  ,  TotalTime: 0.077  ,  Loss/total: 0.44570  ,  Loss/giou: 0.12944  ,  Loss/l1: 0.00752  ,  Loss/location: 0.11855  ,  pro_loss: 0.15323  ,  IoU: 0.87766  ,  Loss/sim: 0.00000
[train: Epoch 34, 250 / 1875] FPS: 420.1 (444.5)  ,  DataTime: 0.010 (0.006)  ,  ForwardTime: 0.060  ,  TotalTime: 0.076  ,  Loss/total: 0.45141  ,  Loss/giou: 0.13111  ,  Loss/l1: 0.00761  ,  Loss/location: 0.12006  ,  pro_loss: 0.15550  ,  IoU: 0.87622  ,  Loss/sim: 0.00000
[train: Epoch 34, 300 / 1875] FPS: 423.0 (466.5)  ,  DataTime: 0.009 (0.006)  ,  ForwardTime: 0.060  ,  TotalTime: 0.076  ,  Loss/total: 0.45358  ,  Loss/giou: 0.13241  ,  Loss/l1: 0.00772  ,  Loss/location: 0.11909  ,  pro_loss: 0.15538  ,  IoU: 0.87513  ,  Loss/sim: 0.00000
[train: Epoch 34, 350 / 1875] FPS: 426.5 (442.7)  ,  DataTime: 0.009 (0.006)  ,  ForwardTime: 0.060  ,  TotalTime: 0.075  ,  Loss/total: 0.45397  ,  Loss/giou: 0.13235  ,  Loss/l1: 0.00770  ,  Loss/location: 0.11973  ,  pro_loss: 0.15527  ,  IoU: 0.87511  ,  Loss/sim: 0.00000
[train: Epoch 34, 400 / 1875] FPS: 428.8 (439.6)  ,  DataTime: 0.008 (0.006)  ,  ForwardTime: 0.060  ,  TotalTime: 0.075  ,  Loss/total: 0.45337  ,  Loss/giou: 0.13197  ,  Loss/l1: 0.00764  ,  Loss/location: 0.12030  ,  pro_loss: 0.15464  ,  IoU: 0.87536  ,  Loss/sim: 0.00000
[train: Epoch 34, 450 / 1875] FPS: 430.7 (436.8)  ,  DataTime: 0.008 (0.006)  ,  ForwardTime: 0.060  ,  TotalTime: 0.074  ,  Loss/total: 0.45241  ,  Loss/giou: 0.13169  ,  Loss/l1: 0.00764  ,  Loss/location: 0.11988  ,  pro_loss: 0.15468  ,  IoU: 0.87566  ,  Loss/sim: 0.00000
[train: Epoch 34, 500 / 1875] FPS: 432.2 (465.8)  ,  DataTime: 0.008 (0.006)  ,  ForwardTime: 0.060  ,  TotalTime: 0.074  ,  Loss/total: 0.45296  ,  Loss/giou: 0.13166  ,  Loss/l1: 0.00763  ,  Loss/location: 0.12060  ,  pro_loss: 0.15429  ,  IoU: 0.87569  ,  Loss/sim: 0.00000
[train: Epoch 34, 550 / 1875] FPS: 433.7 (464.2)  ,  DataTime: 0.008 (0.006)  ,  ForwardTime: 0.060  ,  TotalTime: 0.074  ,  Loss/total: 0.45154  ,  Loss/giou: 0.13129  ,  Loss/l1: 0.00762  ,  Loss/location: 0.12005  ,  pro_loss: 0.15413  ,  IoU: 0.87601  ,  Loss/sim: 0.00000
[train: Epoch 34, 600 / 1875] FPS: 434.7 (479.7)  ,  DataTime: 0.008 (0.006)  ,  ForwardTime: 0.060  ,  TotalTime: 0.074  ,  Loss/total: 0.44974  ,  Loss/giou: 0.13064  ,  Loss/l1: 0.00756  ,  Loss/location: 0.11977  ,  pro_loss: 0.15455  ,  IoU: 0.87652  ,  Loss/sim: 0.00000
[train: Epoch 34, 650 / 1875] FPS: 436.0 (460.7)  ,  DataTime: 0.007 (0.006)  ,  ForwardTime: 0.060  ,  TotalTime: 0.073  ,  Loss/total: 0.45092  ,  Loss/giou: 0.13107  ,  Loss/l1: 0.00760  ,  Loss/location: 0.11987  ,  pro_loss: 0.15447  ,  IoU: 0.87617  ,  Loss/sim: 0.00000
[train: Epoch 34, 700 / 1875] FPS: 436.8 (441.5)  ,  DataTime: 0.007 (0.006)  ,  ForwardTime: 0.060  ,  TotalTime: 0.073  ,  Loss/total: 0.45121  ,  Loss/giou: 0.13104  ,  Loss/l1: 0.00762  ,  Loss/location: 0.12007  ,  pro_loss: 0.15485  ,  IoU: 0.87620  ,  Loss/sim: 0.00000
[train: Epoch 34, 750 / 1875] FPS: 437.7 (453.6)  ,  DataTime: 0.007 (0.006)  ,  ForwardTime: 0.060  ,  TotalTime: 0.073  ,  Loss/total: 0.45079  ,  Loss/giou: 0.13067  ,  Loss/l1: 0.00759  ,  Loss/location: 0.12042  ,  pro_loss: 0.15531  ,  IoU: 0.87652  ,  Loss/sim: 0.00000
[train: Epoch 34, 800 / 1875] FPS: 438.4 (427.1)  ,  DataTime: 0.007 (0.006)  ,  ForwardTime: 0.060  ,  TotalTime: 0.073  ,  Loss/total: 0.44977  ,  Loss/giou: 0.13035  ,  Loss/l1: 0.00756  ,  Loss/location: 0.12022  ,  pro_loss: 0.15509  ,  IoU: 0.87674  ,  Loss/sim: 0.00000
[train: Epoch 34, 850 / 1875] FPS: 439.1 (456.8)  ,  DataTime: 0.007 (0.006)  ,  ForwardTime: 0.060  ,  TotalTime: 0.073  ,  Loss/total: 0.45041  ,  Loss/giou: 0.13051  ,  Loss/l1: 0.00757  ,  Loss/location: 0.12048  ,  pro_loss: 0.15536  ,  IoU: 0.87661  ,  Loss/sim: 0.00000
[train: Epoch 34, 900 / 1875] FPS: 439.8 (438.0)  ,  DataTime: 0.007 (0.006)  ,  ForwardTime: 0.060  ,  TotalTime: 0.073  ,  Loss/total: 0.44976  ,  Loss/giou: 0.13045  ,  Loss/l1: 0.00757  ,  Loss/location: 0.11993  ,  pro_loss: 0.15551  ,  IoU: 0.87663  ,  Loss/sim: 0.00000
[train: Epoch 34, 950 / 1875] FPS: 440.2 (458.1)  ,  DataTime: 0.007 (0.006)  ,  ForwardTime: 0.060  ,  TotalTime: 0.073  ,  Loss/total: 0.44960  ,  Loss/giou: 0.13044  ,  Loss/l1: 0.00757  ,  Loss/location: 0.11978  ,  pro_loss: 0.15553  ,  IoU: 0.87659  ,  Loss/sim: 0.00000
[train: Epoch 34, 1000 / 1875] FPS: 440.7 (447.3)  ,  DataTime: 0.007 (0.006)  ,  ForwardTime: 0.060  ,  TotalTime: 0.073  ,  Loss/total: 0.44975  ,  Loss/giou: 0.13049  ,  Loss/l1: 0.00756  ,  Loss/location: 0.11979  ,  pro_loss: 0.15589  ,  IoU: 0.87653  ,  Loss/sim: 0.00000
[train: Epoch 34, 1050 / 1875] FPS: 441.0 (417.7)  ,  DataTime: 0.007 (0.006)  ,  ForwardTime: 0.060  ,  TotalTime: 0.073  ,  Loss/total: 0.44960  ,  Loss/giou: 0.13050  ,  Loss/l1: 0.00756  ,  Loss/location: 0.11957  ,  pro_loss: 0.15615  ,  IoU: 0.87652  ,  Loss/sim: 0.00000
[train: Epoch 34, 1100 / 1875] FPS: 441.3 (445.2)  ,  DataTime: 0.007 (0.006)  ,  ForwardTime: 0.060  ,  TotalTime: 0.073  ,  Loss/total: 0.44984  ,  Loss/giou: 0.13076  ,  Loss/l1: 0.00758  ,  Loss/location: 0.11914  ,  pro_loss: 0.15626  ,  IoU: 0.87630  ,  Loss/sim: 0.00000
[train: Epoch 34, 1150 / 1875] FPS: 441.4 (458.1)  ,  DataTime: 0.007 (0.006)  ,  ForwardTime: 0.060  ,  TotalTime: 0.072  ,  Loss/total: 0.44978  ,  Loss/giou: 0.13079  ,  Loss/l1: 0.00758  ,  Loss/location: 0.11899  ,  pro_loss: 0.15644  ,  IoU: 0.87628  ,  Loss/sim: 0.00000
[train: Epoch 34, 1200 / 1875] FPS: 441.7 (421.7)  ,  DataTime: 0.007 (0.006)  ,  ForwardTime: 0.060  ,  TotalTime: 0.072  ,  Loss/total: 0.44976  ,  Loss/giou: 0.13075  ,  Loss/l1: 0.00758  ,  Loss/location: 0.11910  ,  pro_loss: 0.15630  ,  IoU: 0.87634  ,  Loss/sim: 0.00000
[train: Epoch 34, 1250 / 1875] FPS: 442.0 (456.1)  ,  DataTime: 0.007 (0.006)  ,  ForwardTime: 0.060  ,  TotalTime: 0.072  ,  Loss/total: 0.45032  ,  Loss/giou: 0.13069  ,  Loss/l1: 0.00757  ,  Loss/location: 0.11989  ,  pro_loss: 0.15613  ,  IoU: 0.87638  ,  Loss/sim: 0.00000
[train: Epoch 34, 1300 / 1875] FPS: 442.2 (453.2)  ,  DataTime: 0.006 (0.006)  ,  ForwardTime: 0.060  ,  TotalTime: 0.072  ,  Loss/total: 0.45029  ,  Loss/giou: 0.13064  ,  Loss/l1: 0.00757  ,  Loss/location: 0.11990  ,  pro_loss: 0.15640  ,  IoU: 0.87642  ,  Loss/sim: 0.00000
[train: Epoch 34, 1350 / 1875] FPS: 442.4 (445.4)  ,  DataTime: 0.006 (0.006)  ,  ForwardTime: 0.060  ,  TotalTime: 0.072  ,  Loss/total: 0.45052  ,  Loss/giou: 0.13063  ,  Loss/l1: 0.00757  ,  Loss/location: 0.12014  ,  pro_loss: 0.15644  ,  IoU: 0.87642  ,  Loss/sim: 0.00000
[train: Epoch 34, 1400 / 1875] FPS: 442.7 (447.9)  ,  DataTime: 0.006 (0.006)  ,  ForwardTime: 0.060  ,  TotalTime: 0.072  ,  Loss/total: 0.45083  ,  Loss/giou: 0.13073  ,  Loss/l1: 0.00757  ,  Loss/location: 0.12023  ,  pro_loss: 0.15652  ,  IoU: 0.87632  ,  Loss/sim: 0.00000
[train: Epoch 34, 1450 / 1875] FPS: 442.9 (473.2)  ,  DataTime: 0.006 (0.006)  ,  ForwardTime: 0.060  ,  TotalTime: 0.072  ,  Loss/total: 0.45043  ,  Loss/giou: 0.13072  ,  Loss/l1: 0.00756  ,  Loss/location: 0.11992  ,  pro_loss: 0.15647  ,  IoU: 0.87630  ,  Loss/sim: 0.00000
[train: Epoch 34, 1500 / 1875] FPS: 443.2 (445.9)  ,  DataTime: 0.006 (0.006)  ,  ForwardTime: 0.060  ,  TotalTime: 0.072  ,  Loss/total: 0.45051  ,  Loss/giou: 0.13066  ,  Loss/l1: 0.00756  ,  Loss/location: 0.12009  ,  pro_loss: 0.15641  ,  IoU: 0.87635  ,  Loss/sim: 0.00000
[train: Epoch 34, 1550 / 1875] FPS: 443.5 (455.8)  ,  DataTime: 0.006 (0.006)  ,  ForwardTime: 0.060  ,  TotalTime: 0.072  ,  Loss/total: 0.45073  ,  Loss/giou: 0.13079  ,  Loss/l1: 0.00757  ,  Loss/location: 0.12007  ,  pro_loss: 0.15609  ,  IoU: 0.87625  ,  Loss/sim: 0.00000
[train: Epoch 34, 1600 / 1875] FPS: 443.6 (448.8)  ,  DataTime: 0.006 (0.006)  ,  ForwardTime: 0.060  ,  TotalTime: 0.072  ,  Loss/total: 0.45107  ,  Loss/giou: 0.13093  ,  Loss/l1: 0.00759  ,  Loss/location: 0.12006  ,  pro_loss: 0.15606  ,  IoU: 0.87617  ,  Loss/sim: 0.00000
[train: Epoch 34, 1650 / 1875] FPS: 443.7 (433.1)  ,  DataTime: 0.006 (0.006)  ,  ForwardTime: 0.060  ,  TotalTime: 0.072  ,  Loss/total: 0.45155  ,  Loss/giou: 0.13106  ,  Loss/l1: 0.00760  ,  Loss/location: 0.12022  ,  pro_loss: 0.15599  ,  IoU: 0.87604  ,  Loss/sim: 0.00000
[train: Epoch 34, 1700 / 1875] FPS: 443.9 (444.1)  ,  DataTime: 0.006 (0.006)  ,  ForwardTime: 0.060  ,  TotalTime: 0.072  ,  Loss/total: 0.45157  ,  Loss/giou: 0.13100  ,  Loss/l1: 0.00759  ,  Loss/location: 0.12039  ,  pro_loss: 0.15609  ,  IoU: 0.87609  ,  Loss/sim: 0.00000
[train: Epoch 34, 1750 / 1875] FPS: 444.1 (446.1)  ,  DataTime: 0.006 (0.006)  ,  ForwardTime: 0.060  ,  TotalTime: 0.072  ,  Loss/total: 0.45148  ,  Loss/giou: 0.13098  ,  Loss/l1: 0.00759  ,  Loss/location: 0.12036  ,  pro_loss: 0.15606  ,  IoU: 0.87610  ,  Loss/sim: 0.00000
[train: Epoch 34, 1800 / 1875] FPS: 444.3 (388.6)  ,  DataTime: 0.006 (0.006)  ,  ForwardTime: 0.060  ,  TotalTime: 0.072  ,  Loss/total: 0.45149  ,  Loss/giou: 0.13110  ,  Loss/l1: 0.00759  ,  Loss/location: 0.12013  ,  pro_loss: 0.15612  ,  IoU: 0.87600  ,  Loss/sim: 0.00000
[train: Epoch 34, 1850 / 1875] FPS: 444.4 (450.3)  ,  DataTime: 0.006 (0.006)  ,  ForwardTime: 0.060  ,  TotalTime: 0.072  ,  Loss/total: 0.45144  ,  Loss/giou: 0.13108  ,  Loss/l1: 0.00759  ,  Loss/location: 0.12008  ,  pro_loss: 0.15621  ,  IoU: 0.87603  ,  Loss/sim: 0.00000
[train: Epoch 34, 1875 / 1875] FPS: 444.8 (496.5)  ,  DataTime: 0.006 (0.006)  ,  ForwardTime: 0.060  ,  TotalTime: 0.072  ,  Loss/total: 0.45156  ,  Loss/giou: 0.13111  ,  Loss/l1: 0.00760  ,  Loss/location: 0.12009  ,  pro_loss: 0.15630  ,  IoU: 0.87601  ,  Loss/sim: 0.00000
[train: Epoch 35, 50 / 1875] FPS: 366.3 (393.6)  ,  DataTime: 0.021 (0.006)  ,  ForwardTime: 0.061  ,  TotalTime: 0.087  ,  Loss/total: 0.44278  ,  Loss/giou: 0.13092  ,  Loss/l1: 0.00756  ,  Loss/location: 0.11201  ,  pro_loss: 0.15563  ,  IoU: 0.87565  ,  Loss/sim: 0.00000
[train: Epoch 35, 100 / 1875] FPS: 403.9 (397.9)  ,  DataTime: 0.013 (0.006)  ,  ForwardTime: 0.060  ,  TotalTime: 0.079  ,  Loss/total: 0.43895  ,  Loss/giou: 0.12830  ,  Loss/l1: 0.00747  ,  Loss/location: 0.11396  ,  pro_loss: 0.15521  ,  IoU: 0.87826  ,  Loss/sim: 0.00000
[train: Epoch 35, 150 / 1875] FPS: 418.6 (470.3)  ,  DataTime: 0.011 (0.006)  ,  ForwardTime: 0.060  ,  TotalTime: 0.076  ,  Loss/total: 0.44237  ,  Loss/giou: 0.12902  ,  Loss/l1: 0.00741  ,  Loss/location: 0.11604  ,  pro_loss: 0.15618  ,  IoU: 0.87749  ,  Loss/sim: 0.00000
[train: Epoch 35, 200 / 1875] FPS: 425.5 (442.2)  ,  DataTime: 0.009 (0.006)  ,  ForwardTime: 0.060  ,  TotalTime: 0.075  ,  Loss/total: 0.44864  ,  Loss/giou: 0.13045  ,  Loss/l1: 0.00750  ,  Loss/location: 0.11920  ,  pro_loss: 0.15516  ,  IoU: 0.87623  ,  Loss/sim: 0.00000
[train: Epoch 35, 250 / 1875] FPS: 430.2 (446.6)  ,  DataTime: 0.009 (0.006)  ,  ForwardTime: 0.060  ,  TotalTime: 0.074  ,  Loss/total: 0.44934  ,  Loss/giou: 0.13130  ,  Loss/l1: 0.00762  ,  Loss/location: 0.11759  ,  pro_loss: 0.15517  ,  IoU: 0.87576  ,  Loss/sim: 0.00000
[train: Epoch 35, 300 / 1875] FPS: 432.8 (445.0)  ,  DataTime: 0.008 (0.006)  ,  ForwardTime: 0.060  ,  TotalTime: 0.074  ,  Loss/total: 0.44788  ,  Loss/giou: 0.13033  ,  Loss/l1: 0.00755  ,  Loss/location: 0.11819  ,  pro_loss: 0.15625  ,  IoU: 0.87647  ,  Loss/sim: 0.00000
[train: Epoch 35, 350 / 1875] FPS: 434.6 (458.3)  ,  DataTime: 0.008 (0.006)  ,  ForwardTime: 0.060  ,  TotalTime: 0.074  ,  Loss/total: 0.44678  ,  Loss/giou: 0.12978  ,  Loss/l1: 0.00752  ,  Loss/location: 0.11850  ,  pro_loss: 0.15565  ,  IoU: 0.87703  ,  Loss/sim: 0.00000
[train: Epoch 35, 400 / 1875] FPS: 436.5 (451.9)  ,  DataTime: 0.008 (0.006)  ,  ForwardTime: 0.060  ,  TotalTime: 0.073  ,  Loss/total: 0.44711  ,  Loss/giou: 0.12984  ,  Loss/l1: 0.00755  ,  Loss/location: 0.11874  ,  pro_loss: 0.15477  ,  IoU: 0.87713  ,  Loss/sim: 0.00000
[train: Epoch 35, 450 / 1875] FPS: 437.8 (434.7)  ,  DataTime: 0.007 (0.006)  ,  ForwardTime: 0.060  ,  TotalTime: 0.073  ,  Loss/total: 0.45203  ,  Loss/giou: 0.13077  ,  Loss/l1: 0.00764  ,  Loss/location: 0.12119  ,  pro_loss: 0.15565  ,  IoU: 0.87639  ,  Loss/sim: 0.00000
[train: Epoch 35, 500 / 1875] FPS: 439.0 (429.3)  ,  DataTime: 0.007 (0.006)  ,  ForwardTime: 0.060  ,  TotalTime: 0.073  ,  Loss/total: 0.45174  ,  Loss/giou: 0.13090  ,  Loss/l1: 0.00771  ,  Loss/location: 0.12028  ,  pro_loss: 0.15548  ,  IoU: 0.87637  ,  Loss/sim: 0.00000
[train: Epoch 35, 550 / 1875] FPS: 440.0 (469.9)  ,  DataTime: 0.007 (0.006)  ,  ForwardTime: 0.060  ,  TotalTime: 0.073  ,  Loss/total: 0.45081  ,  Loss/giou: 0.13055  ,  Loss/l1: 0.00767  ,  Loss/location: 0.12030  ,  pro_loss: 0.15528  ,  IoU: 0.87666  ,  Loss/sim: 0.00000
[train: Epoch 35, 600 / 1875] FPS: 440.5 (458.6)  ,  DataTime: 0.007 (0.006)  ,  ForwardTime: 0.060  ,  TotalTime: 0.073  ,  Loss/total: 0.45063  ,  Loss/giou: 0.13042  ,  Loss/l1: 0.00767  ,  Loss/location: 0.12039  ,  pro_loss: 0.15530  ,  IoU: 0.87673  ,  Loss/sim: 0.00000
[train: Epoch 35, 650 / 1875] FPS: 441.3 (449.1)  ,  DataTime: 0.007 (0.006)  ,  ForwardTime: 0.060  ,  TotalTime: 0.073  ,  Loss/total: 0.45190  ,  Loss/giou: 0.13088  ,  Loss/l1: 0.00768  ,  Loss/location: 0.12068  ,  pro_loss: 0.15524  ,  IoU: 0.87629  ,  Loss/sim: 0.00000
[train: Epoch 35, 700 / 1875] FPS: 441.9 (472.6)  ,  DataTime: 0.007 (0.006)  ,  ForwardTime: 0.060  ,  TotalTime: 0.072  ,  Loss/total: 0.45057  ,  Loss/giou: 0.13067  ,  Loss/l1: 0.00766  ,  Loss/location: 0.11993  ,  pro_loss: 0.15512  ,  IoU: 0.87644  ,  Loss/sim: 0.00000
[train: Epoch 35, 750 / 1875] FPS: 442.4 (452.1)  ,  DataTime: 0.007 (0.006)  ,  ForwardTime: 0.060  ,  TotalTime: 0.072  ,  Loss/total: 0.44924  ,  Loss/giou: 0.13028  ,  Loss/l1: 0.00761  ,  Loss/location: 0.11960  ,  pro_loss: 0.15501  ,  IoU: 0.87671  ,  Loss/sim: 0.00000
[train: Epoch 35, 800 / 1875] FPS: 443.1 (426.9)  ,  DataTime: 0.007 (0.006)  ,  ForwardTime: 0.060  ,  TotalTime: 0.072  ,  Loss/total: 0.44876  ,  Loss/giou: 0.13023  ,  Loss/l1: 0.00761  ,  Loss/location: 0.11927  ,  pro_loss: 0.15488  ,  IoU: 0.87682  ,  Loss/sim: 0.00000
[train: Epoch 35, 850 / 1875] FPS: 443.6 (456.2)  ,  DataTime: 0.006 (0.006)  ,  ForwardTime: 0.060  ,  TotalTime: 0.072  ,  Loss/total: 0.44970  ,  Loss/giou: 0.13053  ,  Loss/l1: 0.00763  ,  Loss/location: 0.11957  ,  pro_loss: 0.15467  ,  IoU: 0.87661  ,  Loss/sim: 0.00000
[train: Epoch 35, 900 / 1875] FPS: 443.8 (470.2)  ,  DataTime: 0.006 (0.006)  ,  ForwardTime: 0.060  ,  TotalTime: 0.072  ,  Loss/total: 0.45032  ,  Loss/giou: 0.13065  ,  Loss/l1: 0.00767  ,  Loss/location: 0.11978  ,  pro_loss: 0.15446  ,  IoU: 0.87654  ,  Loss/sim: 0.00000
[train: Epoch 35, 950 / 1875] FPS: 444.2 (446.6)  ,  DataTime: 0.006 (0.006)  ,  ForwardTime: 0.060  ,  TotalTime: 0.072  ,  Loss/total: 0.45005  ,  Loss/giou: 0.13068  ,  Loss/l1: 0.00766  ,  Loss/location: 0.11950  ,  pro_loss: 0.15440  ,  IoU: 0.87651  ,  Loss/sim: 0.00000
[train: Epoch 35, 1000 / 1875] FPS: 444.4 (439.8)  ,  DataTime: 0.006 (0.006)  ,  ForwardTime: 0.060  ,  TotalTime: 0.072  ,  Loss/total: 0.45023  ,  Loss/giou: 0.13079  ,  Loss/l1: 0.00767  ,  Loss/location: 0.11940  ,  pro_loss: 0.15456  ,  IoU: 0.87643  ,  Loss/sim: 0.00000
[train: Epoch 35, 1050 / 1875] FPS: 444.6 (488.1)  ,  DataTime: 0.006 (0.006)  ,  ForwardTime: 0.060  ,  TotalTime: 0.072  ,  Loss/total: 0.45088  ,  Loss/giou: 0.13083  ,  Loss/l1: 0.00767  ,  Loss/location: 0.11987  ,  pro_loss: 0.15501  ,  IoU: 0.87642  ,  Loss/sim: 0.00000
[train: Epoch 35, 1100 / 1875] FPS: 444.7 (446.2)  ,  DataTime: 0.006 (0.006)  ,  ForwardTime: 0.060  ,  TotalTime: 0.072  ,  Loss/total: 0.45093  ,  Loss/giou: 0.13081  ,  Loss/l1: 0.00766  ,  Loss/location: 0.11999  ,  pro_loss: 0.15505  ,  IoU: 0.87644  ,  Loss/sim: 0.00000
[train: Epoch 35, 1150 / 1875] FPS: 444.8 (453.1)  ,  DataTime: 0.006 (0.006)  ,  ForwardTime: 0.060  ,  TotalTime: 0.072  ,  Loss/total: 0.45145  ,  Loss/giou: 0.13111  ,  Loss/l1: 0.00768  ,  Loss/location: 0.11985  ,  pro_loss: 0.15492  ,  IoU: 0.87620  ,  Loss/sim: 0.00000
[train: Epoch 35, 1200 / 1875] FPS: 445.1 (456.4)  ,  DataTime: 0.006 (0.006)  ,  ForwardTime: 0.060  ,  TotalTime: 0.072  ,  Loss/total: 0.45106  ,  Loss/giou: 0.13098  ,  Loss/l1: 0.00767  ,  Loss/location: 0.11975  ,  pro_loss: 0.15492  ,  IoU: 0.87630  ,  Loss/sim: 0.00000
[train: Epoch 35, 1250 / 1875] FPS: 445.3 (482.1)  ,  DataTime: 0.006 (0.006)  ,  ForwardTime: 0.060  ,  TotalTime: 0.072  ,  Loss/total: 0.45038  ,  Loss/giou: 0.13093  ,  Loss/l1: 0.00766  ,  Loss/location: 0.11923  ,  pro_loss: 0.15493  ,  IoU: 0.87632  ,  Loss/sim: 0.00000
[train: Epoch 35, 1300 / 1875] FPS: 445.6 (431.9)  ,  DataTime: 0.006 (0.006)  ,  ForwardTime: 0.060  ,  TotalTime: 0.072  ,  Loss/total: 0.45047  ,  Loss/giou: 0.13090  ,  Loss/l1: 0.00765  ,  Loss/location: 0.11944  ,  pro_loss: 0.15483  ,  IoU: 0.87631  ,  Loss/sim: 0.00000
[train: Epoch 35, 1350 / 1875] FPS: 445.6 (456.1)  ,  DataTime: 0.006 (0.006)  ,  ForwardTime: 0.060  ,  TotalTime: 0.072  ,  Loss/total: 0.45055  ,  Loss/giou: 0.13091  ,  Loss/l1: 0.00765  ,  Loss/location: 0.11957  ,  pro_loss: 0.15452  ,  IoU: 0.87630  ,  Loss/sim: 0.00000
[train: Epoch 35, 1400 / 1875] FPS: 445.8 (441.7)  ,  DataTime: 0.006 (0.006)  ,  ForwardTime: 0.060  ,  TotalTime: 0.072  ,  Loss/total: 0.45041  ,  Loss/giou: 0.13094  ,  Loss/l1: 0.00766  ,  Loss/location: 0.11932  ,  pro_loss: 0.15463  ,  IoU: 0.87628  ,  Loss/sim: 0.00000
[train: Epoch 35, 1450 / 1875] FPS: 446.0 (448.7)  ,  DataTime: 0.006 (0.006)  ,  ForwardTime: 0.060  ,  TotalTime: 0.072  ,  Loss/total: 0.45021  ,  Loss/giou: 0.13098  ,  Loss/l1: 0.00767  ,  Loss/location: 0.11903  ,  pro_loss: 0.15446  ,  IoU: 0.87627  ,  Loss/sim: 0.00000
[train: Epoch 35, 1500 / 1875] FPS: 446.1 (380.9)  ,  DataTime: 0.006 (0.006)  ,  ForwardTime: 0.060  ,  TotalTime: 0.072  ,  Loss/total: 0.44976  ,  Loss/giou: 0.13085  ,  Loss/l1: 0.00765  ,  Loss/location: 0.11897  ,  pro_loss: 0.15425  ,  IoU: 0.87636  ,  Loss/sim: 0.00000
[train: Epoch 35, 1550 / 1875] FPS: 446.2 (434.1)  ,  DataTime: 0.006 (0.006)  ,  ForwardTime: 0.060  ,  TotalTime: 0.072  ,  Loss/total: 0.44936  ,  Loss/giou: 0.13078  ,  Loss/l1: 0.00764  ,  Loss/location: 0.11875  ,  pro_loss: 0.15439  ,  IoU: 0.87641  ,  Loss/sim: 0.00000
[train: Epoch 35, 1600 / 1875] FPS: 446.3 (422.9)  ,  DataTime: 0.006 (0.006)  ,  ForwardTime: 0.060  ,  TotalTime: 0.072  ,  Loss/total: 0.44934  ,  Loss/giou: 0.13071  ,  Loss/l1: 0.00764  ,  Loss/location: 0.11886  ,  pro_loss: 0.15443  ,  IoU: 0.87649  ,  Loss/sim: 0.00000
[train: Epoch 35, 1650 / 1875] FPS: 446.3 (445.7)  ,  DataTime: 0.006 (0.006)  ,  ForwardTime: 0.060  ,  TotalTime: 0.072  ,  Loss/total: 0.44939  ,  Loss/giou: 0.13060  ,  Loss/l1: 0.00763  ,  Loss/location: 0.11916  ,  pro_loss: 0.15451  ,  IoU: 0.87656  ,  Loss/sim: 0.00000
[train: Epoch 35, 1700 / 1875] FPS: 446.4 (437.2)  ,  DataTime: 0.006 (0.006)  ,  ForwardTime: 0.060  ,  TotalTime: 0.072  ,  Loss/total: 0.45013  ,  Loss/giou: 0.13066  ,  Loss/l1: 0.00764  ,  Loss/location: 0.11970  ,  pro_loss: 0.15466  ,  IoU: 0.87652  ,  Loss/sim: 0.00000
[train: Epoch 35, 1750 / 1875] FPS: 446.5 (438.5)  ,  DataTime: 0.006 (0.006)  ,  ForwardTime: 0.060  ,  TotalTime: 0.072  ,  Loss/total: 0.45033  ,  Loss/giou: 0.13078  ,  Loss/l1: 0.00764  ,  Loss/location: 0.11959  ,  pro_loss: 0.15482  ,  IoU: 0.87644  ,  Loss/sim: 0.00000
[train: Epoch 35, 1800 / 1875] FPS: 446.6 (454.3)  ,  DataTime: 0.006 (0.006)  ,  ForwardTime: 0.060  ,  TotalTime: 0.072  ,  Loss/total: 0.45078  ,  Loss/giou: 0.13083  ,  Loss/l1: 0.00764  ,  Loss/location: 0.11996  ,  pro_loss: 0.15473  ,  IoU: 0.87639  ,  Loss/sim: 0.00000
[train: Epoch 35, 1850 / 1875] FPS: 446.7 (479.7)  ,  DataTime: 0.006 (0.006)  ,  ForwardTime: 0.060  ,  TotalTime: 0.072  ,  Loss/total: 0.45091  ,  Loss/giou: 0.13088  ,  Loss/l1: 0.00766  ,  Loss/location: 0.11999  ,  pro_loss: 0.15445  ,  IoU: 0.87635  ,  Loss/sim: 0.00000
[train: Epoch 35, 1875 / 1875] FPS: 447.1 (496.9)  ,  DataTime: 0.006 (0.006)  ,  ForwardTime: 0.060  ,  TotalTime: 0.072  ,  Loss/total: 0.45073  ,  Loss/giou: 0.13080  ,  Loss/l1: 0.00764  ,  Loss/location: 0.12002  ,  pro_loss: 0.15446  ,  IoU: 0.87640  ,  Loss/sim: 0.00000
[val: Epoch 35, 50 / 312] FPS: 88.7 (73.2)  ,  DataTime: 0.328 (0.007)  ,  ForwardTime: 0.025  ,  TotalTime: 0.361  ,  Loss/total: 0.91421  ,  Loss/giou: 0.24032  ,  Loss/l1: 0.01830  ,  Loss/location: 0.34187  ,  pro_loss: 0.00104  ,  IoU: 0.78014  ,  Loss/sim: 0.00000
[val: Epoch 35, 100 / 312] FPS: 79.9 (9.5)  ,  DataTime: 0.369 (0.007)  ,  ForwardTime: 0.025  ,  TotalTime: 0.401  ,  Loss/total: 0.91602  ,  Loss/giou: 0.23718  ,  Loss/l1: 0.01815  ,  Loss/location: 0.35071  ,  pro_loss: 0.00104  ,  IoU: 0.78400  ,  Loss/sim: 0.00000
[val: Epoch 35, 150 / 312] FPS: 80.4 (720.7)  ,  DataTime: 0.366 (0.007)  ,  ForwardTime: 0.025  ,  TotalTime: 0.398  ,  Loss/total: 0.89922  ,  Loss/giou: 0.23303  ,  Loss/l1: 0.01763  ,  Loss/location: 0.34474  ,  pro_loss: 0.00125  ,  IoU: 0.78681  ,  Loss/sim: 0.00000
[val: Epoch 35, 200 / 312] FPS: 80.4 (928.7)  ,  DataTime: 0.366 (0.006)  ,  ForwardTime: 0.025  ,  TotalTime: 0.398  ,  Loss/total: 0.89218  ,  Loss/giou: 0.23056  ,  Loss/l1: 0.01729  ,  Loss/location: 0.34432  ,  pro_loss: 0.00156  ,  IoU: 0.78859  ,  Loss/sim: 0.00000
[val: Epoch 35, 250 / 312] FPS: 81.7 (878.6)  ,  DataTime: 0.360 (0.006)  ,  ForwardTime: 0.025  ,  TotalTime: 0.392  ,  Loss/total: 0.90283  ,  Loss/giou: 0.23266  ,  Loss/l1: 0.01760  ,  Loss/location: 0.34924  ,  pro_loss: 0.00142  ,  IoU: 0.78716  ,  Loss/sim: 0.00000
[val: Epoch 35, 300 / 312] FPS: 81.5 (24.5)  ,  DataTime: 0.361 (0.006)  ,  ForwardTime: 0.025  ,  TotalTime: 0.393  ,  Loss/total: 0.90056  ,  Loss/giou: 0.23286  ,  Loss/l1: 0.01751  ,  Loss/location: 0.34704  ,  pro_loss: 0.00132  ,  IoU: 0.78670  ,  Loss/sim: 0.00000
[val: Epoch 35, 312 / 312] FPS: 82.6 (1002.8)  ,  DataTime: 0.356 (0.006)  ,  ForwardTime: 0.025  ,  TotalTime: 0.387  ,  Loss/total: 0.90524  ,  Loss/giou: 0.23353  ,  Loss/l1: 0.01762  ,  Loss/location: 0.34983  ,  pro_loss: 0.00130  ,  IoU: 0.78615  ,  Loss/sim: 0.00000
[train: Epoch 36, 50 / 1875] FPS: 65.0 (501.0)  ,  DataTime: 0.430 (0.005)  ,  ForwardTime: 0.057  ,  TotalTime: 0.492  ,  Loss/total: 0.43090  ,  Loss/giou: 0.12598  ,  Loss/l1: 0.00726  ,  Loss/location: 0.11042  ,  pro_loss: 0.16125  ,  IoU: 0.88007  ,  Loss/sim: 0.00000
[train: Epoch 36, 100 / 1875] FPS: 69.7 (490.2)  ,  DataTime: 0.397 (0.005)  ,  ForwardTime: 0.057  ,  TotalTime: 0.459  ,  Loss/total: 0.43939  ,  Loss/giou: 0.12722  ,  Loss/l1: 0.00728  ,  Loss/location: 0.11669  ,  pro_loss: 0.15917  ,  IoU: 0.87933  ,  Loss/sim: 0.00000
[train: Epoch 36, 150 / 1875] FPS: 74.3 (486.3)  ,  DataTime: 0.370 (0.005)  ,  ForwardTime: 0.056  ,  TotalTime: 0.431  ,  Loss/total: 0.44212  ,  Loss/giou: 0.12832  ,  Loss/l1: 0.00745  ,  Loss/location: 0.11663  ,  pro_loss: 0.15806  ,  IoU: 0.87857  ,  Loss/sim: 0.00000
[train: Epoch 36, 200 / 1875] FPS: 75.8 (499.9)  ,  DataTime: 0.361 (0.005)  ,  ForwardTime: 0.057  ,  TotalTime: 0.422  ,  Loss/total: 0.44024  ,  Loss/giou: 0.12760  ,  Loss/l1: 0.00737  ,  Loss/location: 0.11708  ,  pro_loss: 0.15557  ,  IoU: 0.87902  ,  Loss/sim: 0.00000
[train: Epoch 36, 250 / 1875] FPS: 78.4 (497.3)  ,  DataTime: 0.347 (0.005)  ,  ForwardTime: 0.057  ,  TotalTime: 0.408  ,  Loss/total: 0.44093  ,  Loss/giou: 0.12779  ,  Loss/l1: 0.00739  ,  Loss/location: 0.11774  ,  pro_loss: 0.15325  ,  IoU: 0.87872  ,  Loss/sim: 0.00000
[train: Epoch 36, 300 / 1875] FPS: 79.2 (42.8)  ,  DataTime: 0.343 (0.005)  ,  ForwardTime: 0.057  ,  TotalTime: 0.404  ,  Loss/total: 0.44011  ,  Loss/giou: 0.12808  ,  Loss/l1: 0.00742  ,  Loss/location: 0.11625  ,  pro_loss: 0.15313  ,  IoU: 0.87861  ,  Loss/sim: 0.00000
[train: Epoch 36, 350 / 1875] FPS: 80.3 (26.8)  ,  DataTime: 0.338 (0.005)  ,  ForwardTime: 0.057  ,  TotalTime: 0.399  ,  Loss/total: 0.44404  ,  Loss/giou: 0.12854  ,  Loss/l1: 0.00748  ,  Loss/location: 0.11886  ,  pro_loss: 0.15351  ,  IoU: 0.87822  ,  Loss/sim: 0.00000
[train: Epoch 36, 400 / 1875] FPS: 82.0 (68.2)  ,  DataTime: 0.329 (0.005)  ,  ForwardTime: 0.057  ,  TotalTime: 0.390  ,  Loss/total: 0.44485  ,  Loss/giou: 0.12886  ,  Loss/l1: 0.00747  ,  Loss/location: 0.11912  ,  pro_loss: 0.15333  ,  IoU: 0.87793  ,  Loss/sim: 0.00000
[train: Epoch 36, 450 / 1875] FPS: 83.1 (126.8)  ,  DataTime: 0.324 (0.005)  ,  ForwardTime: 0.057  ,  TotalTime: 0.385  ,  Loss/total: 0.44591  ,  Loss/giou: 0.12929  ,  Loss/l1: 0.00748  ,  Loss/location: 0.11925  ,  pro_loss: 0.15333  ,  IoU: 0.87757  ,  Loss/sim: 0.00000
[train: Epoch 36, 500 / 1875] FPS: 83.6 (41.1)  ,  DataTime: 0.322 (0.005)  ,  ForwardTime: 0.057  ,  TotalTime: 0.383  ,  Loss/total: 0.44672  ,  Loss/giou: 0.12953  ,  Loss/l1: 0.00752  ,  Loss/location: 0.11954  ,  pro_loss: 0.15267  ,  IoU: 0.87742  ,  Loss/sim: 0.00000
[train: Epoch 36, 550 / 1875] FPS: 84.5 (33.3)  ,  DataTime: 0.318 (0.005)  ,  ForwardTime: 0.056  ,  TotalTime: 0.379  ,  Loss/total: 0.44758  ,  Loss/giou: 0.12950  ,  Loss/l1: 0.00752  ,  Loss/location: 0.12055  ,  pro_loss: 0.15220  ,  IoU: 0.87740  ,  Loss/sim: 0.00000
[train: Epoch 36, 600 / 1875] FPS: 85.6 (487.4)  ,  DataTime: 0.313 (0.005)  ,  ForwardTime: 0.056  ,  TotalTime: 0.374  ,  Loss/total: 0.44828  ,  Loss/giou: 0.12968  ,  Loss/l1: 0.00753  ,  Loss/location: 0.12089  ,  pro_loss: 0.15196  ,  IoU: 0.87730  ,  Loss/sim: 0.00000
[train: Epoch 36, 650 / 1875] FPS: 86.4 (498.9)  ,  DataTime: 0.310 (0.005)  ,  ForwardTime: 0.057  ,  TotalTime: 0.371  ,  Loss/total: 0.44893  ,  Loss/giou: 0.12986  ,  Loss/l1: 0.00755  ,  Loss/location: 0.12102  ,  pro_loss: 0.15228  ,  IoU: 0.87716  ,  Loss/sim: 0.00000
[train: Epoch 36, 700 / 1875] FPS: 88.0 (503.4)  ,  DataTime: 0.302 (0.005)  ,  ForwardTime: 0.056  ,  TotalTime: 0.363  ,  Loss/total: 0.44959  ,  Loss/giou: 0.13013  ,  Loss/l1: 0.00757  ,  Loss/location: 0.12099  ,  pro_loss: 0.15238  ,  IoU: 0.87698  ,  Loss/sim: 0.00000
[train: Epoch 36, 750 / 1875] FPS: 88.8 (500.4)  ,  DataTime: 0.299 (0.005)  ,  ForwardTime: 0.056  ,  TotalTime: 0.360  ,  Loss/total: 0.45018  ,  Loss/giou: 0.13055  ,  Loss/l1: 0.00759  ,  Loss/location: 0.12066  ,  pro_loss: 0.15242  ,  IoU: 0.87659  ,  Loss/sim: 0.00000
[train: Epoch 36, 800 / 1875] FPS: 90.2 (487.1)  ,  DataTime: 0.294 (0.005)  ,  ForwardTime: 0.056  ,  TotalTime: 0.355  ,  Loss/total: 0.44831  ,  Loss/giou: 0.13013  ,  Loss/l1: 0.00755  ,  Loss/location: 0.11992  ,  pro_loss: 0.15199  ,  IoU: 0.87695  ,  Loss/sim: 0.00000
[train: Epoch 36, 850 / 1875] FPS: 90.9 (506.7)  ,  DataTime: 0.291 (0.005)  ,  ForwardTime: 0.056  ,  TotalTime: 0.352  ,  Loss/total: 0.44796  ,  Loss/giou: 0.13004  ,  Loss/l1: 0.00754  ,  Loss/location: 0.11969  ,  pro_loss: 0.15234  ,  IoU: 0.87702  ,  Loss/sim: 0.00000
[train: Epoch 36, 900 / 1875] FPS: 92.2 (506.2)  ,  DataTime: 0.286 (0.005)  ,  ForwardTime: 0.056  ,  TotalTime: 0.347  ,  Loss/total: 0.44727  ,  Loss/giou: 0.12980  ,  Loss/l1: 0.00752  ,  Loss/location: 0.11964  ,  pro_loss: 0.15226  ,  IoU: 0.87722  ,  Loss/sim: 0.00000
[train: Epoch 36, 950 / 1875] FPS: 92.6 (33.4)  ,  DataTime: 0.285 (0.005)  ,  ForwardTime: 0.056  ,  TotalTime: 0.346  ,  Loss/total: 0.44586  ,  Loss/giou: 0.12960  ,  Loss/l1: 0.00751  ,  Loss/location: 0.11871  ,  pro_loss: 0.15216  ,  IoU: 0.87738  ,  Loss/sim: 0.00000
[train: Epoch 36, 1000 / 1875] FPS: 93.7 (507.2)  ,  DataTime: 0.281 (0.005)  ,  ForwardTime: 0.056  ,  TotalTime: 0.342  ,  Loss/total: 0.44580  ,  Loss/giou: 0.12954  ,  Loss/l1: 0.00751  ,  Loss/location: 0.11872  ,  pro_loss: 0.15232  ,  IoU: 0.87743  ,  Loss/sim: 0.00000
[train: Epoch 36, 1050 / 1875] FPS: 94.8 (511.8)  ,  DataTime: 0.277 (0.005)  ,  ForwardTime: 0.056  ,  TotalTime: 0.338  ,  Loss/total: 0.44623  ,  Loss/giou: 0.12968  ,  Loss/l1: 0.00752  ,  Loss/location: 0.11874  ,  pro_loss: 0.15253  ,  IoU: 0.87735  ,  Loss/sim: 0.00000
[train: Epoch 36, 1100 / 1875] FPS: 95.7 (508.7)  ,  DataTime: 0.273 (0.005)  ,  ForwardTime: 0.056  ,  TotalTime: 0.334  ,  Loss/total: 0.44640  ,  Loss/giou: 0.12980  ,  Loss/l1: 0.00754  ,  Loss/location: 0.11862  ,  pro_loss: 0.15240  ,  IoU: 0.87726  ,  Loss/sim: 0.00000
[train: Epoch 36, 1150 / 1875] FPS: 96.3 (22.9)  ,  DataTime: 0.271 (0.005)  ,  ForwardTime: 0.056  ,  TotalTime: 0.332  ,  Loss/total: 0.44683  ,  Loss/giou: 0.12996  ,  Loss/l1: 0.00755  ,  Loss/location: 0.11869  ,  pro_loss: 0.15227  ,  IoU: 0.87713  ,  Loss/sim: 0.00000
[train: Epoch 36, 1200 / 1875] FPS: 97.5 (507.1)  ,  DataTime: 0.267 (0.005)  ,  ForwardTime: 0.056  ,  TotalTime: 0.328  ,  Loss/total: 0.44589  ,  Loss/giou: 0.12966  ,  Loss/l1: 0.00753  ,  Loss/location: 0.11848  ,  pro_loss: 0.15213  ,  IoU: 0.87736  ,  Loss/sim: 0.00000
[train: Epoch 36, 1250 / 1875] FPS: 98.5 (52.0)  ,  DataTime: 0.264 (0.005)  ,  ForwardTime: 0.056  ,  TotalTime: 0.325  ,  Loss/total: 0.44632  ,  Loss/giou: 0.12987  ,  Loss/l1: 0.00754  ,  Loss/location: 0.11847  ,  pro_loss: 0.15202  ,  IoU: 0.87717  ,  Loss/sim: 0.00000
[train: Epoch 36, 1300 / 1875] FPS: 99.7 (83.3)  ,  DataTime: 0.260 (0.005)  ,  ForwardTime: 0.056  ,  TotalTime: 0.321  ,  Loss/total: 0.44637  ,  Loss/giou: 0.13007  ,  Loss/l1: 0.00758  ,  Loss/location: 0.11794  ,  pro_loss: 0.15204  ,  IoU: 0.87705  ,  Loss/sim: 0.00000
[train: Epoch 36, 1350 / 1875] FPS: 100.3 (30.4)  ,  DataTime: 0.258 (0.005)  ,  ForwardTime: 0.056  ,  TotalTime: 0.319  ,  Loss/total: 0.44673  ,  Loss/giou: 0.13016  ,  Loss/l1: 0.00759  ,  Loss/location: 0.11809  ,  pro_loss: 0.15198  ,  IoU: 0.87698  ,  Loss/sim: 0.00000
[train: Epoch 36, 1400 / 1875] FPS: 101.4 (505.0)  ,  DataTime: 0.255 (0.005)  ,  ForwardTime: 0.056  ,  TotalTime: 0.316  ,  Loss/total: 0.44625  ,  Loss/giou: 0.13001  ,  Loss/l1: 0.00758  ,  Loss/location: 0.11791  ,  pro_loss: 0.15211  ,  IoU: 0.87709  ,  Loss/sim: 0.00000
[train: Epoch 36, 1450 / 1875] FPS: 102.4 (495.9)  ,  DataTime: 0.251 (0.005)  ,  ForwardTime: 0.056  ,  TotalTime: 0.312  ,  Loss/total: 0.44651  ,  Loss/giou: 0.13009  ,  Loss/l1: 0.00758  ,  Loss/location: 0.11802  ,  pro_loss: 0.15207  ,  IoU: 0.87701  ,  Loss/sim: 0.00000
[train: Epoch 36, 1500 / 1875] FPS: 103.3 (506.8)  ,  DataTime: 0.249 (0.005)  ,  ForwardTime: 0.056  ,  TotalTime: 0.310  ,  Loss/total: 0.44662  ,  Loss/giou: 0.13013  ,  Loss/l1: 0.00758  ,  Loss/location: 0.11803  ,  pro_loss: 0.15200  ,  IoU: 0.87699  ,  Loss/sim: 0.00000
[train: Epoch 36, 1550 / 1875] FPS: 104.2 (500.6)  ,  DataTime: 0.246 (0.005)  ,  ForwardTime: 0.056  ,  TotalTime: 0.307  ,  Loss/total: 0.44682  ,  Loss/giou: 0.13021  ,  Loss/l1: 0.00760  ,  Loss/location: 0.11798  ,  pro_loss: 0.15206  ,  IoU: 0.87698  ,  Loss/sim: 0.00000
[train: Epoch 36, 1600 / 1875] FPS: 105.2 (495.8)  ,  DataTime: 0.243 (0.005)  ,  ForwardTime: 0.056  ,  TotalTime: 0.304  ,  Loss/total: 0.44696  ,  Loss/giou: 0.13021  ,  Loss/l1: 0.00760  ,  Loss/location: 0.11809  ,  pro_loss: 0.15216  ,  IoU: 0.87699  ,  Loss/sim: 0.00000
[train: Epoch 36, 1650 / 1875] FPS: 106.2 (512.1)  ,  DataTime: 0.240 (0.005)  ,  ForwardTime: 0.056  ,  TotalTime: 0.301  ,  Loss/total: 0.44709  ,  Loss/giou: 0.13027  ,  Loss/l1: 0.00760  ,  Loss/location: 0.11812  ,  pro_loss: 0.15207  ,  IoU: 0.87693  ,  Loss/sim: 0.00000
[train: Epoch 36, 1700 / 1875] FPS: 107.1 (507.5)  ,  DataTime: 0.238 (0.005)  ,  ForwardTime: 0.056  ,  TotalTime: 0.299  ,  Loss/total: 0.44736  ,  Loss/giou: 0.13029  ,  Loss/l1: 0.00761  ,  Loss/location: 0.11830  ,  pro_loss: 0.15222  ,  IoU: 0.87693  ,  Loss/sim: 0.00000
[train: Epoch 36, 1750 / 1875] FPS: 107.8 (53.8)  ,  DataTime: 0.236 (0.005)  ,  ForwardTime: 0.056  ,  TotalTime: 0.297  ,  Loss/total: 0.44766  ,  Loss/giou: 0.13031  ,  Loss/l1: 0.00761  ,  Loss/location: 0.11853  ,  pro_loss: 0.15241  ,  IoU: 0.87690  ,  Loss/sim: 0.00000
[train: Epoch 36, 1800 / 1875] FPS: 108.8 (504.4)  ,  DataTime: 0.233 (0.005)  ,  ForwardTime: 0.056  ,  TotalTime: 0.294  ,  Loss/total: 0.44800  ,  Loss/giou: 0.13045  ,  Loss/l1: 0.00762  ,  Loss/location: 0.11849  ,  pro_loss: 0.15251  ,  IoU: 0.87677  ,  Loss/sim: 0.00000
[train: Epoch 36, 1850 / 1875] FPS: 109.6 (35.9)  ,  DataTime: 0.231 (0.005)  ,  ForwardTime: 0.056  ,  TotalTime: 0.292  ,  Loss/total: 0.44776  ,  Loss/giou: 0.13044  ,  Loss/l1: 0.00762  ,  Loss/location: 0.11826  ,  pro_loss: 0.15265  ,  IoU: 0.87680  ,  Loss/sim: 0.00000
[train: Epoch 36, 1875 / 1875] FPS: 110.4 (516.5)  ,  DataTime: 0.229 (0.005)  ,  ForwardTime: 0.056  ,  TotalTime: 0.290  ,  Loss/total: 0.44754  ,  Loss/giou: 0.13033  ,  Loss/l1: 0.00761  ,  Loss/location: 0.11828  ,  pro_loss: 0.15261  ,  IoU: 0.87688  ,  Loss/sim: 0.00000
[train: Epoch 37, 50 / 1875] FPS: 131.9 (502.4)  ,  DataTime: 0.181 (0.005)  ,  ForwardTime: 0.056  ,  TotalTime: 0.243  ,  Loss/total: 0.44308  ,  Loss/giou: 0.12878  ,  Loss/l1: 0.00741  ,  Loss/location: 0.11830  ,  pro_loss: 0.15083  ,  IoU: 0.87743  ,  Loss/sim: 0.00000
[train: Epoch 37, 100 / 1875] FPS: 144.1 (503.3)  ,  DataTime: 0.161 (0.005)  ,  ForwardTime: 0.056  ,  TotalTime: 0.222  ,  Loss/total: 0.45205  ,  Loss/giou: 0.13047  ,  Loss/l1: 0.00780  ,  Loss/location: 0.12151  ,  pro_loss: 0.15302  ,  IoU: 0.87682  ,  Loss/sim: 0.00000
[train: Epoch 37, 150 / 1875] FPS: 148.2 (500.2)  ,  DataTime: 0.155 (0.005)  ,  ForwardTime: 0.056  ,  TotalTime: 0.216  ,  Loss/total: 0.45145  ,  Loss/giou: 0.13086  ,  Loss/l1: 0.00782  ,  Loss/location: 0.11915  ,  pro_loss: 0.15743  ,  IoU: 0.87647  ,  Loss/sim: 0.00000
[train: Epoch 37, 200 / 1875] FPS: 154.7 (495.2)  ,  DataTime: 0.146 (0.005)  ,  ForwardTime: 0.056  ,  TotalTime: 0.207  ,  Loss/total: 0.45100  ,  Loss/giou: 0.13071  ,  Loss/l1: 0.00776  ,  Loss/location: 0.11938  ,  pro_loss: 0.15703  ,  IoU: 0.87669  ,  Loss/sim: 0.00000
[train: Epoch 37, 250 / 1875] FPS: 156.5 (482.7)  ,  DataTime: 0.143 (0.005)  ,  ForwardTime: 0.056  ,  TotalTime: 0.204  ,  Loss/total: 0.44987  ,  Loss/giou: 0.13034  ,  Loss/l1: 0.00773  ,  Loss/location: 0.11941  ,  pro_loss: 0.15558  ,  IoU: 0.87686  ,  Loss/sim: 0.00000
[train: Epoch 37, 300 / 1875] FPS: 157.6 (503.9)  ,  DataTime: 0.142 (0.005)  ,  ForwardTime: 0.056  ,  TotalTime: 0.203  ,  Loss/total: 0.44973  ,  Loss/giou: 0.13055  ,  Loss/l1: 0.00776  ,  Loss/location: 0.11856  ,  pro_loss: 0.15622  ,  IoU: 0.87671  ,  Loss/sim: 0.00000
[train: Epoch 37, 350 / 1875] FPS: 158.4 (507.3)  ,  DataTime: 0.141 (0.005)  ,  ForwardTime: 0.056  ,  TotalTime: 0.202  ,  Loss/total: 0.44871  ,  Loss/giou: 0.13041  ,  Loss/l1: 0.00774  ,  Loss/location: 0.11803  ,  pro_loss: 0.15571  ,  IoU: 0.87688  ,  Loss/sim: 0.00000
[train: Epoch 37, 400 / 1875] FPS: 160.4 (505.8)  ,  DataTime: 0.139 (0.005)  ,  ForwardTime: 0.056  ,  TotalTime: 0.199  ,  Loss/total: 0.44992  ,  Loss/giou: 0.13035  ,  Loss/l1: 0.00771  ,  Loss/location: 0.11937  ,  pro_loss: 0.15646  ,  IoU: 0.87687  ,  Loss/sim: 0.00000
[train: Epoch 37, 450 / 1875] FPS: 163.8 (505.5)  ,  DataTime: 0.134 (0.005)  ,  ForwardTime: 0.056  ,  TotalTime: 0.195  ,  Loss/total: 0.45283  ,  Loss/giou: 0.13076  ,  Loss/l1: 0.00772  ,  Loss/location: 0.12156  ,  pro_loss: 0.15567  ,  IoU: 0.87643  ,  Loss/sim: 0.00000
[train: Epoch 37, 500 / 1875] FPS: 165.5 (503.6)  ,  DataTime: 0.132 (0.005)  ,  ForwardTime: 0.056  ,  TotalTime: 0.193  ,  Loss/total: 0.45250  ,  Loss/giou: 0.13058  ,  Loss/l1: 0.00770  ,  Loss/location: 0.12169  ,  pro_loss: 0.15567  ,  IoU: 0.87658  ,  Loss/sim: 0.00000
[train: Epoch 37, 550 / 1875] FPS: 166.9 (508.0)  ,  DataTime: 0.131 (0.005)  ,  ForwardTime: 0.056  ,  TotalTime: 0.192  ,  Loss/total: 0.44962  ,  Loss/giou: 0.13017  ,  Loss/l1: 0.00765  ,  Loss/location: 0.12005  ,  pro_loss: 0.15508  ,  IoU: 0.87690  ,  Loss/sim: 0.00000
[train: Epoch 37, 600 / 1875] FPS: 168.1 (500.0)  ,  DataTime: 0.129 (0.005)  ,  ForwardTime: 0.056  ,  TotalTime: 0.190  ,  Loss/total: 0.45043  ,  Loss/giou: 0.13044  ,  Loss/l1: 0.00765  ,  Loss/location: 0.12025  ,  pro_loss: 0.15514  ,  IoU: 0.87667  ,  Loss/sim: 0.00000
[train: Epoch 37, 650 / 1875] FPS: 170.0 (54.9)  ,  DataTime: 0.127 (0.005)  ,  ForwardTime: 0.056  ,  TotalTime: 0.188  ,  Loss/total: 0.45070  ,  Loss/giou: 0.13044  ,  Loss/l1: 0.00764  ,  Loss/location: 0.12065  ,  pro_loss: 0.15487  ,  IoU: 0.87669  ,  Loss/sim: 0.00000
[train: Epoch 37, 700 / 1875] FPS: 169.7 (35.6)  ,  DataTime: 0.128 (0.005)  ,  ForwardTime: 0.056  ,  TotalTime: 0.189  ,  Loss/total: 0.45140  ,  Loss/giou: 0.13057  ,  Loss/l1: 0.00768  ,  Loss/location: 0.12088  ,  pro_loss: 0.15497  ,  IoU: 0.87661  ,  Loss/sim: 0.00000
[train: Epoch 37, 750 / 1875] FPS: 172.0 (57.4)  ,  DataTime: 0.125 (0.005)  ,  ForwardTime: 0.056  ,  TotalTime: 0.186  ,  Loss/total: 0.45076  ,  Loss/giou: 0.13029  ,  Loss/l1: 0.00765  ,  Loss/location: 0.12078  ,  pro_loss: 0.15585  ,  IoU: 0.87682  ,  Loss/sim: 0.00000
[train: Epoch 37, 800 / 1875] FPS: 173.9 (500.5)  ,  DataTime: 0.123 (0.005)  ,  ForwardTime: 0.056  ,  TotalTime: 0.184  ,  Loss/total: 0.45117  ,  Loss/giou: 0.13030  ,  Loss/l1: 0.00763  ,  Loss/location: 0.12124  ,  pro_loss: 0.15592  ,  IoU: 0.87676  ,  Loss/sim: 0.00000
[train: Epoch 37, 850 / 1875] FPS: 175.2 (496.2)  ,  DataTime: 0.122 (0.005)  ,  ForwardTime: 0.056  ,  TotalTime: 0.183  ,  Loss/total: 0.45098  ,  Loss/giou: 0.13043  ,  Loss/l1: 0.00764  ,  Loss/location: 0.12084  ,  pro_loss: 0.15540  ,  IoU: 0.87667  ,  Loss/sim: 0.00000
[train: Epoch 37, 900 / 1875] FPS: 176.9 (505.1)  ,  DataTime: 0.120 (0.005)  ,  ForwardTime: 0.056  ,  TotalTime: 0.181  ,  Loss/total: 0.45195  ,  Loss/giou: 0.13063  ,  Loss/l1: 0.00764  ,  Loss/location: 0.12140  ,  pro_loss: 0.15538  ,  IoU: 0.87648  ,  Loss/sim: 0.00000
[train: Epoch 37, 950 / 1875] FPS: 177.1 (28.3)  ,  DataTime: 0.120 (0.005)  ,  ForwardTime: 0.056  ,  TotalTime: 0.181  ,  Loss/total: 0.45169  ,  Loss/giou: 0.13064  ,  Loss/l1: 0.00764  ,  Loss/location: 0.12112  ,  pro_loss: 0.15549  ,  IoU: 0.87650  ,  Loss/sim: 0.00000
[train: Epoch 37, 1000 / 1875] FPS: 179.1 (494.1)  ,  DataTime: 0.118 (0.005)  ,  ForwardTime: 0.056  ,  TotalTime: 0.179  ,  Loss/total: 0.45138  ,  Loss/giou: 0.13066  ,  Loss/l1: 0.00764  ,  Loss/location: 0.12085  ,  pro_loss: 0.15500  ,  IoU: 0.87648  ,  Loss/sim: 0.00000
[train: Epoch 37, 1050 / 1875] FPS: 181.1 (504.5)  ,  DataTime: 0.116 (0.005)  ,  ForwardTime: 0.056  ,  TotalTime: 0.177  ,  Loss/total: 0.45216  ,  Loss/giou: 0.13081  ,  Loss/l1: 0.00765  ,  Loss/location: 0.12132  ,  pro_loss: 0.15495  ,  IoU: 0.87637  ,  Loss/sim: 0.00000
[train: Epoch 37, 1100 / 1875] FPS: 182.2 (133.7)  ,  DataTime: 0.115 (0.005)  ,  ForwardTime: 0.056  ,  TotalTime: 0.176  ,  Loss/total: 0.45289  ,  Loss/giou: 0.13093  ,  Loss/l1: 0.00767  ,  Loss/location: 0.12169  ,  pro_loss: 0.15509  ,  IoU: 0.87630  ,  Loss/sim: 0.00000
[train: Epoch 37, 1150 / 1875] FPS: 183.1 (500.1)  ,  DataTime: 0.114 (0.005)  ,  ForwardTime: 0.056  ,  TotalTime: 0.175  ,  Loss/total: 0.45314  ,  Loss/giou: 0.13118  ,  Loss/l1: 0.00769  ,  Loss/location: 0.12138  ,  pro_loss: 0.15484  ,  IoU: 0.87608  ,  Loss/sim: 0.00000
[train: Epoch 37, 1200 / 1875] FPS: 184.9 (496.3)  ,  DataTime: 0.112 (0.005)  ,  ForwardTime: 0.056  ,  TotalTime: 0.173  ,  Loss/total: 0.45336  ,  Loss/giou: 0.13140  ,  Loss/l1: 0.00769  ,  Loss/location: 0.12115  ,  pro_loss: 0.15472  ,  IoU: 0.87590  ,  Loss/sim: 0.00000
[train: Epoch 37, 1250 / 1875] FPS: 185.7 (505.0)  ,  DataTime: 0.111 (0.005)  ,  ForwardTime: 0.056  ,  TotalTime: 0.172  ,  Loss/total: 0.45382  ,  Loss/giou: 0.13152  ,  Loss/l1: 0.00768  ,  Loss/location: 0.12138  ,  pro_loss: 0.15492  ,  IoU: 0.87577  ,  Loss/sim: 0.00000
[train: Epoch 37, 1300 / 1875] FPS: 187.0 (477.1)  ,  DataTime: 0.110 (0.005)  ,  ForwardTime: 0.056  ,  TotalTime: 0.171  ,  Loss/total: 0.45383  ,  Loss/giou: 0.13155  ,  Loss/l1: 0.00769  ,  Loss/location: 0.12133  ,  pro_loss: 0.15480  ,  IoU: 0.87574  ,  Loss/sim: 0.00000
[train: Epoch 37, 1350 / 1875] FPS: 188.4 (503.1)  ,  DataTime: 0.109 (0.005)  ,  ForwardTime: 0.056  ,  TotalTime: 0.170  ,  Loss/total: 0.45401  ,  Loss/giou: 0.13168  ,  Loss/l1: 0.00770  ,  Loss/location: 0.12113  ,  pro_loss: 0.15513  ,  IoU: 0.87566  ,  Loss/sim: 0.00000
[train: Epoch 37, 1400 / 1875] FPS: 189.2 (508.0)  ,  DataTime: 0.108 (0.005)  ,  ForwardTime: 0.056  ,  TotalTime: 0.169  ,  Loss/total: 0.45375  ,  Loss/giou: 0.13166  ,  Loss/l1: 0.00769  ,  Loss/location: 0.12098  ,  pro_loss: 0.15504  ,  IoU: 0.87568  ,  Loss/sim: 0.00000
[train: Epoch 37, 1450 / 1875] FPS: 190.7 (458.4)  ,  DataTime: 0.107 (0.005)  ,  ForwardTime: 0.056  ,  TotalTime: 0.168  ,  Loss/total: 0.45266  ,  Loss/giou: 0.13142  ,  Loss/l1: 0.00767  ,  Loss/location: 0.12049  ,  pro_loss: 0.15503  ,  IoU: 0.87589  ,  Loss/sim: 0.00000
[train: Epoch 37, 1500 / 1875] FPS: 191.7 (496.6)  ,  DataTime: 0.106 (0.005)  ,  ForwardTime: 0.056  ,  TotalTime: 0.167  ,  Loss/total: 0.45302  ,  Loss/giou: 0.13153  ,  Loss/l1: 0.00769  ,  Loss/location: 0.12056  ,  pro_loss: 0.15486  ,  IoU: 0.87582  ,  Loss/sim: 0.00000
[train: Epoch 37, 1550 / 1875] FPS: 192.8 (498.8)  ,  DataTime: 0.105 (0.005)  ,  ForwardTime: 0.056  ,  TotalTime: 0.166  ,  Loss/total: 0.45304  ,  Loss/giou: 0.13153  ,  Loss/l1: 0.00768  ,  Loss/location: 0.12062  ,  pro_loss: 0.15473  ,  IoU: 0.87579  ,  Loss/sim: 0.00000
[train: Epoch 37, 1600 / 1875] FPS: 194.1 (51.8)  ,  DataTime: 0.104 (0.005)  ,  ForwardTime: 0.056  ,  TotalTime: 0.165  ,  Loss/total: 0.45256  ,  Loss/giou: 0.13138  ,  Loss/l1: 0.00767  ,  Loss/location: 0.12051  ,  pro_loss: 0.15477  ,  IoU: 0.87591  ,  Loss/sim: 0.00000
[train: Epoch 37, 1650 / 1875] FPS: 195.8 (496.2)  ,  DataTime: 0.102 (0.005)  ,  ForwardTime: 0.056  ,  TotalTime: 0.163  ,  Loss/total: 0.45267  ,  Loss/giou: 0.13146  ,  Loss/l1: 0.00767  ,  Loss/location: 0.12046  ,  pro_loss: 0.15472  ,  IoU: 0.87585  ,  Loss/sim: 0.00000
[train: Epoch 37, 1700 / 1875] FPS: 196.4 (500.9)  ,  DataTime: 0.102 (0.005)  ,  ForwardTime: 0.056  ,  TotalTime: 0.163  ,  Loss/total: 0.45253  ,  Loss/giou: 0.13143  ,  Loss/l1: 0.00767  ,  Loss/location: 0.12036  ,  pro_loss: 0.15474  ,  IoU: 0.87588  ,  Loss/sim: 0.00000
[train: Epoch 37, 1750 / 1875] FPS: 198.2 (498.4)  ,  DataTime: 0.100 (0.005)  ,  ForwardTime: 0.056  ,  TotalTime: 0.161  ,  Loss/total: 0.45239  ,  Loss/giou: 0.13125  ,  Loss/l1: 0.00766  ,  Loss/location: 0.12064  ,  pro_loss: 0.15473  ,  IoU: 0.87602  ,  Loss/sim: 0.00000
[train: Epoch 37, 1800 / 1875] FPS: 199.7 (483.8)  ,  DataTime: 0.099 (0.005)  ,  ForwardTime: 0.056  ,  TotalTime: 0.160  ,  Loss/total: 0.45233  ,  Loss/giou: 0.13124  ,  Loss/l1: 0.00766  ,  Loss/location: 0.12067  ,  pro_loss: 0.15444  ,  IoU: 0.87602  ,  Loss/sim: 0.00000
[train: Epoch 37, 1850 / 1875] FPS: 200.9 (474.8)  ,  DataTime: 0.098 (0.005)  ,  ForwardTime: 0.056  ,  TotalTime: 0.159  ,  Loss/total: 0.45232  ,  Loss/giou: 0.13124  ,  Loss/l1: 0.00766  ,  Loss/location: 0.12070  ,  pro_loss: 0.15434  ,  IoU: 0.87602  ,  Loss/sim: 0.00000
[train: Epoch 37, 1875 / 1875] FPS: 201.8 (504.4)  ,  DataTime: 0.097 (0.005)  ,  ForwardTime: 0.056  ,  TotalTime: 0.159  ,  Loss/total: 0.45248  ,  Loss/giou: 0.13128  ,  Loss/l1: 0.00766  ,  Loss/location: 0.12074  ,  pro_loss: 0.15435  ,  IoU: 0.87597  ,  Loss/sim: 0.00000
[train: Epoch 38, 50 / 1875] FPS: 204.2 (465.1)  ,  DataTime: 0.095 (0.005)  ,  ForwardTime: 0.057  ,  TotalTime: 0.157  ,  Loss/total: 0.45708  ,  Loss/giou: 0.13224  ,  Loss/l1: 0.00766  ,  Loss/location: 0.12513  ,  pro_loss: 0.14583  ,  IoU: 0.87528  ,  Loss/sim: 0.00000
[train: Epoch 38, 100 / 1875] FPS: 232.5 (489.8)  ,  DataTime: 0.076 (0.005)  ,  ForwardTime: 0.057  ,  TotalTime: 0.138  ,  Loss/total: 0.44856  ,  Loss/giou: 0.13154  ,  Loss/l1: 0.00776  ,  Loss/location: 0.11718  ,  pro_loss: 0.14750  ,  IoU: 0.87591  ,  Loss/sim: 0.00000
[train: Epoch 38, 150 / 1875] FPS: 239.5 (496.2)  ,  DataTime: 0.072 (0.005)  ,  ForwardTime: 0.057  ,  TotalTime: 0.134  ,  Loss/total: 0.44868  ,  Loss/giou: 0.13132  ,  Loss/l1: 0.00775  ,  Loss/location: 0.11780  ,  pro_loss: 0.14743  ,  IoU: 0.87598  ,  Loss/sim: 0.00000
[train: Epoch 38, 200 / 1875] FPS: 246.9 (499.4)  ,  DataTime: 0.068 (0.005)  ,  ForwardTime: 0.057  ,  TotalTime: 0.130  ,  Loss/total: 0.44921  ,  Loss/giou: 0.13152  ,  Loss/l1: 0.00774  ,  Loss/location: 0.11773  ,  pro_loss: 0.14875  ,  IoU: 0.87582  ,  Loss/sim: 0.00000
[train: Epoch 38, 250 / 1875] FPS: 249.2 (498.9)  ,  DataTime: 0.067 (0.005)  ,  ForwardTime: 0.057  ,  TotalTime: 0.128  ,  Loss/total: 0.45215  ,  Loss/giou: 0.13169  ,  Loss/l1: 0.00776  ,  Loss/location: 0.12006  ,  pro_loss: 0.14950  ,  IoU: 0.87561  ,  Loss/sim: 0.00000
[train: Epoch 38, 300 / 1875] FPS: 253.0 (488.3)  ,  DataTime: 0.065 (0.005)  ,  ForwardTime: 0.057  ,  TotalTime: 0.126  ,  Loss/total: 0.45321  ,  Loss/giou: 0.13213  ,  Loss/l1: 0.00780  ,  Loss/location: 0.12015  ,  pro_loss: 0.14903  ,  IoU: 0.87524  ,  Loss/sim: 0.00000
[train: Epoch 38, 350 / 1875] FPS: 256.2 (471.2)  ,  DataTime: 0.063 (0.005)  ,  ForwardTime: 0.057  ,  TotalTime: 0.125  ,  Loss/total: 0.45098  ,  Loss/giou: 0.13173  ,  Loss/l1: 0.00778  ,  Loss/location: 0.11870  ,  pro_loss: 0.14967  ,  IoU: 0.87557  ,  Loss/sim: 0.00000
[train: Epoch 38, 400 / 1875] FPS: 259.2 (493.3)  ,  DataTime: 0.062 (0.005)  ,  ForwardTime: 0.057  ,  TotalTime: 0.123  ,  Loss/total: 0.45056  ,  Loss/giou: 0.13174  ,  Loss/l1: 0.00771  ,  Loss/location: 0.11853  ,  pro_loss: 0.15008  ,  IoU: 0.87545  ,  Loss/sim: 0.00000
[train: Epoch 38, 450 / 1875] FPS: 261.1 (480.7)  ,  DataTime: 0.061 (0.005)  ,  ForwardTime: 0.057  ,  TotalTime: 0.123  ,  Loss/total: 0.45292  ,  Loss/giou: 0.13197  ,  Loss/l1: 0.00775  ,  Loss/location: 0.12014  ,  pro_loss: 0.15042  ,  IoU: 0.87530  ,  Loss/sim: 0.00000
[train: Epoch 38, 500 / 1875] FPS: 259.4 (499.5)  ,  DataTime: 0.061 (0.005)  ,  ForwardTime: 0.057  ,  TotalTime: 0.123  ,  Loss/total: 0.45008  ,  Loss/giou: 0.13150  ,  Loss/l1: 0.00771  ,  Loss/location: 0.11841  ,  pro_loss: 0.15052  ,  IoU: 0.87569  ,  Loss/sim: 0.00000
[train: Epoch 38, 550 / 1875] FPS: 260.2 (468.7)  ,  DataTime: 0.061 (0.005)  ,  ForwardTime: 0.057  ,  TotalTime: 0.123  ,  Loss/total: 0.45026  ,  Loss/giou: 0.13148  ,  Loss/l1: 0.00773  ,  Loss/location: 0.11853  ,  pro_loss: 0.15053  ,  IoU: 0.87577  ,  Loss/sim: 0.00000
[train: Epoch 38, 600 / 1875] FPS: 259.3 (26.9)  ,  DataTime: 0.062 (0.005)  ,  ForwardTime: 0.057  ,  TotalTime: 0.123  ,  Loss/total: 0.44918  ,  Loss/giou: 0.13124  ,  Loss/l1: 0.00769  ,  Loss/location: 0.11816  ,  pro_loss: 0.15056  ,  IoU: 0.87595  ,  Loss/sim: 0.00000
[train: Epoch 38, 650 / 1875] FPS: 264.0 (477.1)  ,  DataTime: 0.059 (0.005)  ,  ForwardTime: 0.057  ,  TotalTime: 0.121  ,  Loss/total: 0.44945  ,  Loss/giou: 0.13142  ,  Loss/l1: 0.00770  ,  Loss/location: 0.11809  ,  pro_loss: 0.14997  ,  IoU: 0.87584  ,  Loss/sim: 0.00000
[train: Epoch 38, 700 / 1875] FPS: 267.0 (467.0)  ,  DataTime: 0.058 (0.005)  ,  ForwardTime: 0.057  ,  TotalTime: 0.120  ,  Loss/total: 0.45000  ,  Loss/giou: 0.13136  ,  Loss/l1: 0.00769  ,  Loss/location: 0.11885  ,  pro_loss: 0.14982  ,  IoU: 0.87588  ,  Loss/sim: 0.00000
[train: Epoch 38, 750 / 1875] FPS: 265.9 (486.4)  ,  DataTime: 0.058 (0.005)  ,  ForwardTime: 0.057  ,  TotalTime: 0.120  ,  Loss/total: 0.45016  ,  Loss/giou: 0.13141  ,  Loss/l1: 0.00770  ,  Loss/location: 0.11888  ,  pro_loss: 0.14999  ,  IoU: 0.87585  ,  Loss/sim: 0.00000
[train: Epoch 38, 800 / 1875] FPS: 268.1 (448.4)  ,  DataTime: 0.057 (0.005)  ,  ForwardTime: 0.057  ,  TotalTime: 0.119  ,  Loss/total: 0.44832  ,  Loss/giou: 0.13101  ,  Loss/l1: 0.00767  ,  Loss/location: 0.11800  ,  pro_loss: 0.14977  ,  IoU: 0.87616  ,  Loss/sim: 0.00000
[train: Epoch 38, 850 / 1875] FPS: 267.8 (507.1)  ,  DataTime: 0.058 (0.005)  ,  ForwardTime: 0.057  ,  TotalTime: 0.119  ,  Loss/total: 0.44847  ,  Loss/giou: 0.13098  ,  Loss/l1: 0.00765  ,  Loss/location: 0.11829  ,  pro_loss: 0.14982  ,  IoU: 0.87620  ,  Loss/sim: 0.00000
[train: Epoch 38, 900 / 1875] FPS: 270.0 (470.2)  ,  DataTime: 0.057 (0.005)  ,  ForwardTime: 0.057  ,  TotalTime: 0.119  ,  Loss/total: 0.44944  ,  Loss/giou: 0.13121  ,  Loss/l1: 0.00767  ,  Loss/location: 0.11871  ,  pro_loss: 0.14988  ,  IoU: 0.87600  ,  Loss/sim: 0.00000
[train: Epoch 38, 950 / 1875] FPS: 273.6 (450.3)  ,  DataTime: 0.055 (0.005)  ,  ForwardTime: 0.057  ,  TotalTime: 0.117  ,  Loss/total: 0.44870  ,  Loss/giou: 0.13118  ,  Loss/l1: 0.00765  ,  Loss/location: 0.11810  ,  pro_loss: 0.15003  ,  IoU: 0.87601  ,  Loss/sim: 0.00000
[train: Epoch 38, 1000 / 1875] FPS: 274.2 (42.0)  ,  DataTime: 0.055 (0.005)  ,  ForwardTime: 0.057  ,  TotalTime: 0.117  ,  Loss/total: 0.44865  ,  Loss/giou: 0.13109  ,  Loss/l1: 0.00764  ,  Loss/location: 0.11822  ,  pro_loss: 0.15020  ,  IoU: 0.87607  ,  Loss/sim: 0.00000
[train: Epoch 38, 1050 / 1875] FPS: 275.4 (474.2)  ,  DataTime: 0.054 (0.005)  ,  ForwardTime: 0.057  ,  TotalTime: 0.116  ,  Loss/total: 0.44898  ,  Loss/giou: 0.13107  ,  Loss/l1: 0.00766  ,  Loss/location: 0.11847  ,  pro_loss: 0.15038  ,  IoU: 0.87612  ,  Loss/sim: 0.00000
[train: Epoch 38, 1100 / 1875] FPS: 276.8 (494.5)  ,  DataTime: 0.054 (0.005)  ,  ForwardTime: 0.057  ,  TotalTime: 0.116  ,  Loss/total: 0.44964  ,  Loss/giou: 0.13129  ,  Loss/l1: 0.00768  ,  Loss/location: 0.11863  ,  pro_loss: 0.15021  ,  IoU: 0.87591  ,  Loss/sim: 0.00000
[train: Epoch 38, 1150 / 1875] FPS: 279.2 (475.5)  ,  DataTime: 0.053 (0.005)  ,  ForwardTime: 0.057  ,  TotalTime: 0.115  ,  Loss/total: 0.45000  ,  Loss/giou: 0.13133  ,  Loss/l1: 0.00768  ,  Loss/location: 0.11887  ,  pro_loss: 0.15038  ,  IoU: 0.87590  ,  Loss/sim: 0.00000
[train: Epoch 38, 1200 / 1875] FPS: 279.8 (473.8)  ,  DataTime: 0.052 (0.005)  ,  ForwardTime: 0.057  ,  TotalTime: 0.114  ,  Loss/total: 0.45007  ,  Loss/giou: 0.13139  ,  Loss/l1: 0.00768  ,  Loss/location: 0.11880  ,  pro_loss: 0.15044  ,  IoU: 0.87586  ,  Loss/sim: 0.00000
[train: Epoch 38, 1250 / 1875] FPS: 281.5 (496.5)  ,  DataTime: 0.052 (0.005)  ,  ForwardTime: 0.057  ,  TotalTime: 0.114  ,  Loss/total: 0.44943  ,  Loss/giou: 0.13127  ,  Loss/l1: 0.00766  ,  Loss/location: 0.11847  ,  pro_loss: 0.15053  ,  IoU: 0.87594  ,  Loss/sim: 0.00000
[train: Epoch 38, 1300 / 1875] FPS: 282.2 (73.7)  ,  DataTime: 0.051 (0.005)  ,  ForwardTime: 0.057  ,  TotalTime: 0.113  ,  Loss/total: 0.44910  ,  Loss/giou: 0.13118  ,  Loss/l1: 0.00766  ,  Loss/location: 0.11832  ,  pro_loss: 0.15072  ,  IoU: 0.87602  ,  Loss/sim: 0.00000
[train: Epoch 38, 1350 / 1875] FPS: 284.2 (459.6)  ,  DataTime: 0.050 (0.005)  ,  ForwardTime: 0.057  ,  TotalTime: 0.113  ,  Loss/total: 0.44937  ,  Loss/giou: 0.13120  ,  Loss/l1: 0.00765  ,  Loss/location: 0.11856  ,  pro_loss: 0.15061  ,  IoU: 0.87600  ,  Loss/sim: 0.00000
[train: Epoch 38, 1400 / 1875] FPS: 284.5 (495.5)  ,  DataTime: 0.050 (0.005)  ,  ForwardTime: 0.057  ,  TotalTime: 0.112  ,  Loss/total: 0.44959  ,  Loss/giou: 0.13128  ,  Loss/l1: 0.00766  ,  Loss/location: 0.11860  ,  pro_loss: 0.15067  ,  IoU: 0.87594  ,  Loss/sim: 0.00000
[train: Epoch 38, 1450 / 1875] FPS: 285.8 (139.4)  ,  DataTime: 0.050 (0.005)  ,  ForwardTime: 0.057  ,  TotalTime: 0.112  ,  Loss/total: 0.44967  ,  Loss/giou: 0.13124  ,  Loss/l1: 0.00767  ,  Loss/location: 0.11870  ,  pro_loss: 0.15074  ,  IoU: 0.87599  ,  Loss/sim: 0.00000
[train: Epoch 38, 1500 / 1875] FPS: 285.8 (491.6)  ,  DataTime: 0.050 (0.005)  ,  ForwardTime: 0.057  ,  TotalTime: 0.112  ,  Loss/total: 0.44990  ,  Loss/giou: 0.13125  ,  Loss/l1: 0.00767  ,  Loss/location: 0.11888  ,  pro_loss: 0.15085  ,  IoU: 0.87600  ,  Loss/sim: 0.00000
[train: Epoch 38, 1550 / 1875] FPS: 286.8 (184.9)  ,  DataTime: 0.049 (0.005)  ,  ForwardTime: 0.057  ,  TotalTime: 0.112  ,  Loss/total: 0.44986  ,  Loss/giou: 0.13138  ,  Loss/l1: 0.00768  ,  Loss/location: 0.11851  ,  pro_loss: 0.15093  ,  IoU: 0.87590  ,  Loss/sim: 0.00000
[train: Epoch 38, 1600 / 1875] FPS: 287.1 (494.6)  ,  DataTime: 0.049 (0.005)  ,  ForwardTime: 0.057  ,  TotalTime: 0.111  ,  Loss/total: 0.44968  ,  Loss/giou: 0.13136  ,  Loss/l1: 0.00767  ,  Loss/location: 0.11844  ,  pro_loss: 0.15074  ,  IoU: 0.87592  ,  Loss/sim: 0.00000
[train: Epoch 38, 1650 / 1875] FPS: 287.8 (481.2)  ,  DataTime: 0.049 (0.005)  ,  ForwardTime: 0.057  ,  TotalTime: 0.111  ,  Loss/total: 0.45007  ,  Loss/giou: 0.13139  ,  Loss/l1: 0.00768  ,  Loss/location: 0.11877  ,  pro_loss: 0.15069  ,  IoU: 0.87590  ,  Loss/sim: 0.00000
[train: Epoch 38, 1700 / 1875] FPS: 290.1 (492.6)  ,  DataTime: 0.048 (0.005)  ,  ForwardTime: 0.057  ,  TotalTime: 0.110  ,  Loss/total: 0.44922  ,  Loss/giou: 0.13125  ,  Loss/l1: 0.00766  ,  Loss/location: 0.11827  ,  pro_loss: 0.15080  ,  IoU: 0.87601  ,  Loss/sim: 0.00000
[train: Epoch 38, 1750 / 1875] FPS: 290.6 (482.9)  ,  DataTime: 0.048 (0.005)  ,  ForwardTime: 0.057  ,  TotalTime: 0.110  ,  Loss/total: 0.44916  ,  Loss/giou: 0.13125  ,  Loss/l1: 0.00766  ,  Loss/location: 0.11821  ,  pro_loss: 0.15076  ,  IoU: 0.87599  ,  Loss/sim: 0.00000
[train: Epoch 38, 1800 / 1875] FPS: 291.9 (488.9)  ,  DataTime: 0.047 (0.005)  ,  ForwardTime: 0.057  ,  TotalTime: 0.110  ,  Loss/total: 0.44899  ,  Loss/giou: 0.13116  ,  Loss/l1: 0.00766  ,  Loss/location: 0.11825  ,  pro_loss: 0.15069  ,  IoU: 0.87609  ,  Loss/sim: 0.00000
[train: Epoch 38, 1850 / 1875] FPS: 293.3 (491.6)  ,  DataTime: 0.047 (0.005)  ,  ForwardTime: 0.057  ,  TotalTime: 0.109  ,  Loss/total: 0.44870  ,  Loss/giou: 0.13111  ,  Loss/l1: 0.00765  ,  Loss/location: 0.11810  ,  pro_loss: 0.15062  ,  IoU: 0.87613  ,  Loss/sim: 0.00000
[train: Epoch 38, 1875 / 1875] FPS: 293.7 (517.1)  ,  DataTime: 0.047 (0.005)  ,  ForwardTime: 0.057  ,  TotalTime: 0.109  ,  Loss/total: 0.44855  ,  Loss/giou: 0.13108  ,  Loss/l1: 0.00765  ,  Loss/location: 0.11801  ,  pro_loss: 0.15061  ,  IoU: 0.87615  ,  Loss/sim: 0.00000
[train: Epoch 39, 50 / 1875] FPS: 245.7 (116.3)  ,  DataTime: 0.067 (0.006)  ,  ForwardTime: 0.057  ,  TotalTime: 0.130  ,  Loss/total: 0.47024  ,  Loss/giou: 0.13613  ,  Loss/l1: 0.00791  ,  Loss/location: 0.12837  ,  pro_loss: 0.15042  ,  IoU: 0.87183  ,  Loss/sim: 0.00000
[train: Epoch 39, 100 / 1875] FPS: 297.8 (223.1)  ,  DataTime: 0.044 (0.005)  ,  ForwardTime: 0.058  ,  TotalTime: 0.107  ,  Loss/total: 0.47541  ,  Loss/giou: 0.13783  ,  Loss/l1: 0.00825  ,  Loss/location: 0.12822  ,  pro_loss: 0.15146  ,  IoU: 0.87038  ,  Loss/sim: 0.00000
[train: Epoch 39, 150 / 1875] FPS: 313.1 (472.4)  ,  DataTime: 0.039 (0.005)  ,  ForwardTime: 0.058  ,  TotalTime: 0.102  ,  Loss/total: 0.47064  ,  Loss/giou: 0.13702  ,  Loss/l1: 0.00813  ,  Loss/location: 0.12550  ,  pro_loss: 0.15236  ,  IoU: 0.87093  ,  Loss/sim: 0.00000
[train: Epoch 39, 200 / 1875] FPS: 320.4 (467.0)  ,  DataTime: 0.036 (0.006)  ,  ForwardTime: 0.058  ,  TotalTime: 0.100  ,  Loss/total: 0.46373  ,  Loss/giou: 0.13546  ,  Loss/l1: 0.00798  ,  Loss/location: 0.12226  ,  pro_loss: 0.15323  ,  IoU: 0.87229  ,  Loss/sim: 0.00000
[train: Epoch 39, 250 / 1875] FPS: 329.5 (488.8)  ,  DataTime: 0.033 (0.006)  ,  ForwardTime: 0.058  ,  TotalTime: 0.097  ,  Loss/total: 0.45615  ,  Loss/giou: 0.13323  ,  Loss/l1: 0.00780  ,  Loss/location: 0.12001  ,  pro_loss: 0.15346  ,  IoU: 0.87412  ,  Loss/sim: 0.00000
[train: Epoch 39, 300 / 1875] FPS: 334.7 (469.5)  ,  DataTime: 0.032 (0.006)  ,  ForwardTime: 0.058  ,  TotalTime: 0.096  ,  Loss/total: 0.45282  ,  Loss/giou: 0.13216  ,  Loss/l1: 0.00770  ,  Loss/location: 0.11922  ,  pro_loss: 0.15382  ,  IoU: 0.87504  ,  Loss/sim: 0.00000
[train: Epoch 39, 350 / 1875] FPS: 333.9 (495.4)  ,  DataTime: 0.032 (0.006)  ,  ForwardTime: 0.058  ,  TotalTime: 0.096  ,  Loss/total: 0.45538  ,  Loss/giou: 0.13240  ,  Loss/l1: 0.00772  ,  Loss/location: 0.12129  ,  pro_loss: 0.15351  ,  IoU: 0.87483  ,  Loss/sim: 0.00000
[train: Epoch 39, 400 / 1875] FPS: 340.8 (486.9)  ,  DataTime: 0.030 (0.006)  ,  ForwardTime: 0.058  ,  TotalTime: 0.094  ,  Loss/total: 0.45462  ,  Loss/giou: 0.13242  ,  Loss/l1: 0.00773  ,  Loss/location: 0.12055  ,  pro_loss: 0.15297  ,  IoU: 0.87491  ,  Loss/sim: 0.00000
[train: Epoch 39, 450 / 1875] FPS: 341.9 (469.0)  ,  DataTime: 0.030 (0.006)  ,  ForwardTime: 0.058  ,  TotalTime: 0.094  ,  Loss/total: 0.45289  ,  Loss/giou: 0.13198  ,  Loss/l1: 0.00772  ,  Loss/location: 0.11982  ,  pro_loss: 0.15252  ,  IoU: 0.87538  ,  Loss/sim: 0.00000
[train: Epoch 39, 500 / 1875] FPS: 345.7 (484.4)  ,  DataTime: 0.029 (0.006)  ,  ForwardTime: 0.058  ,  TotalTime: 0.093  ,  Loss/total: 0.45196  ,  Loss/giou: 0.13155  ,  Loss/l1: 0.00769  ,  Loss/location: 0.11994  ,  pro_loss: 0.15248  ,  IoU: 0.87581  ,  Loss/sim: 0.00000
[train: Epoch 39, 550 / 1875] FPS: 346.2 (456.3)  ,  DataTime: 0.029 (0.006)  ,  ForwardTime: 0.058  ,  TotalTime: 0.092  ,  Loss/total: 0.45158  ,  Loss/giou: 0.13152  ,  Loss/l1: 0.00767  ,  Loss/location: 0.11980  ,  pro_loss: 0.15201  ,  IoU: 0.87583  ,  Loss/sim: 0.00000
[train: Epoch 39, 600 / 1875] FPS: 344.8 (476.9)  ,  DataTime: 0.029 (0.006)  ,  ForwardTime: 0.058  ,  TotalTime: 0.093  ,  Loss/total: 0.45000  ,  Loss/giou: 0.13105  ,  Loss/l1: 0.00764  ,  Loss/location: 0.11922  ,  pro_loss: 0.15240  ,  IoU: 0.87620  ,  Loss/sim: 0.00000
[train: Epoch 39, 650 / 1875] FPS: 346.2 (480.1)  ,  DataTime: 0.029 (0.006)  ,  ForwardTime: 0.058  ,  TotalTime: 0.092  ,  Loss/total: 0.44941  ,  Loss/giou: 0.13105  ,  Loss/l1: 0.00764  ,  Loss/location: 0.11856  ,  pro_loss: 0.15277  ,  IoU: 0.87617  ,  Loss/sim: 0.00000
[train: Epoch 39, 700 / 1875] FPS: 346.5 (117.1)  ,  DataTime: 0.029 (0.006)  ,  ForwardTime: 0.058  ,  TotalTime: 0.092  ,  Loss/total: 0.44980  ,  Loss/giou: 0.13125  ,  Loss/l1: 0.00766  ,  Loss/location: 0.11854  ,  pro_loss: 0.15240  ,  IoU: 0.87599  ,  Loss/sim: 0.00000
[train: Epoch 39, 750 / 1875] FPS: 350.7 (485.1)  ,  DataTime: 0.027 (0.006)  ,  ForwardTime: 0.058  ,  TotalTime: 0.091  ,  Loss/total: 0.44989  ,  Loss/giou: 0.13140  ,  Loss/l1: 0.00766  ,  Loss/location: 0.11835  ,  pro_loss: 0.15218  ,  IoU: 0.87588  ,  Loss/sim: 0.00000
[train: Epoch 39, 800 / 1875] FPS: 350.2 (484.8)  ,  DataTime: 0.028 (0.006)  ,  ForwardTime: 0.058  ,  TotalTime: 0.091  ,  Loss/total: 0.44990  ,  Loss/giou: 0.13159  ,  Loss/l1: 0.00770  ,  Loss/location: 0.11775  ,  pro_loss: 0.15240  ,  IoU: 0.87577  ,  Loss/sim: 0.00000
[train: Epoch 39, 850 / 1875] FPS: 348.3 (490.7)  ,  DataTime: 0.028 (0.005)  ,  ForwardTime: 0.058  ,  TotalTime: 0.092  ,  Loss/total: 0.44946  ,  Loss/giou: 0.13152  ,  Loss/l1: 0.00768  ,  Loss/location: 0.11751  ,  pro_loss: 0.15255  ,  IoU: 0.87582  ,  Loss/sim: 0.00000
[train: Epoch 39, 900 / 1875] FPS: 349.5 (487.6)  ,  DataTime: 0.028 (0.006)  ,  ForwardTime: 0.058  ,  TotalTime: 0.092  ,  Loss/total: 0.45036  ,  Loss/giou: 0.13151  ,  Loss/l1: 0.00768  ,  Loss/location: 0.11846  ,  pro_loss: 0.15248  ,  IoU: 0.87585  ,  Loss/sim: 0.00000
[train: Epoch 39, 950 / 1875] FPS: 351.7 (478.9)  ,  DataTime: 0.027 (0.006)  ,  ForwardTime: 0.058  ,  TotalTime: 0.091  ,  Loss/total: 0.45083  ,  Loss/giou: 0.13178  ,  Loss/l1: 0.00769  ,  Loss/location: 0.11833  ,  pro_loss: 0.15242  ,  IoU: 0.87563  ,  Loss/sim: 0.00000
[train: Epoch 39, 1000 / 1875] FPS: 353.0 (433.0)  ,  DataTime: 0.027 (0.006)  ,  ForwardTime: 0.058  ,  TotalTime: 0.091  ,  Loss/total: 0.45075  ,  Loss/giou: 0.13176  ,  Loss/l1: 0.00770  ,  Loss/location: 0.11824  ,  pro_loss: 0.15247  ,  IoU: 0.87567  ,  Loss/sim: 0.00000
[train: Epoch 39, 1050 / 1875] FPS: 354.1 (489.4)  ,  DataTime: 0.027 (0.006)  ,  ForwardTime: 0.058  ,  TotalTime: 0.090  ,  Loss/total: 0.45072  ,  Loss/giou: 0.13178  ,  Loss/l1: 0.00770  ,  Loss/location: 0.11816  ,  pro_loss: 0.15247  ,  IoU: 0.87569  ,  Loss/sim: 0.00000
[train: Epoch 39, 1100 / 1875] FPS: 355.8 (487.4)  ,  DataTime: 0.026 (0.006)  ,  ForwardTime: 0.058  ,  TotalTime: 0.090  ,  Loss/total: 0.45074  ,  Loss/giou: 0.13163  ,  Loss/l1: 0.00768  ,  Loss/location: 0.11854  ,  pro_loss: 0.15270  ,  IoU: 0.87578  ,  Loss/sim: 0.00000
[train: Epoch 39, 1150 / 1875] FPS: 357.9 (454.5)  ,  DataTime: 0.025 (0.006)  ,  ForwardTime: 0.058  ,  TotalTime: 0.089  ,  Loss/total: 0.45033  ,  Loss/giou: 0.13138  ,  Loss/l1: 0.00766  ,  Loss/location: 0.11869  ,  pro_loss: 0.15278  ,  IoU: 0.87597  ,  Loss/sim: 0.00000
[train: Epoch 39, 1200 / 1875] FPS: 360.2 (456.0)  ,  DataTime: 0.025 (0.006)  ,  ForwardTime: 0.058  ,  TotalTime: 0.089  ,  Loss/total: 0.45029  ,  Loss/giou: 0.13126  ,  Loss/l1: 0.00765  ,  Loss/location: 0.11893  ,  pro_loss: 0.15293  ,  IoU: 0.87606  ,  Loss/sim: 0.00000
[train: Epoch 39, 1250 / 1875] FPS: 362.6 (474.6)  ,  DataTime: 0.024 (0.006)  ,  ForwardTime: 0.058  ,  TotalTime: 0.088  ,  Loss/total: 0.45041  ,  Loss/giou: 0.13125  ,  Loss/l1: 0.00765  ,  Loss/location: 0.11905  ,  pro_loss: 0.15308  ,  IoU: 0.87604  ,  Loss/sim: 0.00000
[train: Epoch 39, 1300 / 1875] FPS: 363.8 (451.0)  ,  DataTime: 0.024 (0.006)  ,  ForwardTime: 0.059  ,  TotalTime: 0.088  ,  Loss/total: 0.45054  ,  Loss/giou: 0.13141  ,  Loss/l1: 0.00766  ,  Loss/location: 0.11878  ,  pro_loss: 0.15306  ,  IoU: 0.87592  ,  Loss/sim: 0.00000
[train: Epoch 39, 1350 / 1875] FPS: 364.8 (480.1)  ,  DataTime: 0.024 (0.006)  ,  ForwardTime: 0.059  ,  TotalTime: 0.088  ,  Loss/total: 0.44976  ,  Loss/giou: 0.13119  ,  Loss/l1: 0.00765  ,  Loss/location: 0.11850  ,  pro_loss: 0.15318  ,  IoU: 0.87608  ,  Loss/sim: 0.00000
[train: Epoch 39, 1400 / 1875] FPS: 366.1 (458.0)  ,  DataTime: 0.023 (0.006)  ,  ForwardTime: 0.059  ,  TotalTime: 0.087  ,  Loss/total: 0.44993  ,  Loss/giou: 0.13121  ,  Loss/l1: 0.00764  ,  Loss/location: 0.11866  ,  pro_loss: 0.15312  ,  IoU: 0.87604  ,  Loss/sim: 0.00000
[train: Epoch 39, 1450 / 1875] FPS: 367.2 (446.5)  ,  DataTime: 0.023 (0.006)  ,  ForwardTime: 0.059  ,  TotalTime: 0.087  ,  Loss/total: 0.44941  ,  Loss/giou: 0.13112  ,  Loss/l1: 0.00763  ,  Loss/location: 0.11835  ,  pro_loss: 0.15346  ,  IoU: 0.87610  ,  Loss/sim: 0.00000
[train: Epoch 39, 1500 / 1875] FPS: 369.1 (397.6)  ,  DataTime: 0.023 (0.006)  ,  ForwardTime: 0.059  ,  TotalTime: 0.087  ,  Loss/total: 0.44973  ,  Loss/giou: 0.13124  ,  Loss/l1: 0.00763  ,  Loss/location: 0.11836  ,  pro_loss: 0.15365  ,  IoU: 0.87600  ,  Loss/sim: 0.00000
[train: Epoch 39, 1550 / 1875] FPS: 370.9 (441.9)  ,  DataTime: 0.022 (0.006)  ,  ForwardTime: 0.059  ,  TotalTime: 0.086  ,  Loss/total: 0.44961  ,  Loss/giou: 0.13112  ,  Loss/l1: 0.00762  ,  Loss/location: 0.11854  ,  pro_loss: 0.15362  ,  IoU: 0.87610  ,  Loss/sim: 0.00000
[train: Epoch 39, 1600 / 1875] FPS: 371.6 (414.6)  ,  DataTime: 0.022 (0.006)  ,  ForwardTime: 0.059  ,  TotalTime: 0.086  ,  Loss/total: 0.44949  ,  Loss/giou: 0.13108  ,  Loss/l1: 0.00762  ,  Loss/location: 0.11849  ,  pro_loss: 0.15372  ,  IoU: 0.87613  ,  Loss/sim: 0.00000
[train: Epoch 39, 1650 / 1875] FPS: 372.8 (461.0)  ,  DataTime: 0.022 (0.006)  ,  ForwardTime: 0.059  ,  TotalTime: 0.086  ,  Loss/total: 0.44917  ,  Loss/giou: 0.13096  ,  Loss/l1: 0.00761  ,  Loss/location: 0.11844  ,  pro_loss: 0.15389  ,  IoU: 0.87624  ,  Loss/sim: 0.00000
[train: Epoch 39, 1700 / 1875] FPS: 372.9 (471.6)  ,  DataTime: 0.022 (0.006)  ,  ForwardTime: 0.059  ,  TotalTime: 0.086  ,  Loss/total: 0.44945  ,  Loss/giou: 0.13095  ,  Loss/l1: 0.00760  ,  Loss/location: 0.11876  ,  pro_loss: 0.15397  ,  IoU: 0.87624  ,  Loss/sim: 0.00000
[train: Epoch 39, 1750 / 1875] FPS: 373.3 (460.7)  ,  DataTime: 0.021 (0.006)  ,  ForwardTime: 0.059  ,  TotalTime: 0.086  ,  Loss/total: 0.44949  ,  Loss/giou: 0.13093  ,  Loss/l1: 0.00760  ,  Loss/location: 0.11880  ,  pro_loss: 0.15400  ,  IoU: 0.87626  ,  Loss/sim: 0.00000
[train: Epoch 39, 1800 / 1875] FPS: 374.0 (471.1)  ,  DataTime: 0.021 (0.006)  ,  ForwardTime: 0.059  ,  TotalTime: 0.086  ,  Loss/total: 0.44978  ,  Loss/giou: 0.13103  ,  Loss/l1: 0.00763  ,  Loss/location: 0.11879  ,  pro_loss: 0.15391  ,  IoU: 0.87623  ,  Loss/sim: 0.00000
[train: Epoch 39, 1850 / 1875] FPS: 375.7 (478.0)  ,  DataTime: 0.021 (0.006)  ,  ForwardTime: 0.059  ,  TotalTime: 0.085  ,  Loss/total: 0.45042  ,  Loss/giou: 0.13118  ,  Loss/l1: 0.00764  ,  Loss/location: 0.11911  ,  pro_loss: 0.15382  ,  IoU: 0.87612  ,  Loss/sim: 0.00000
[train: Epoch 39, 1875 / 1875] FPS: 376.8 (516.4)  ,  DataTime: 0.021 (0.006)  ,  ForwardTime: 0.059  ,  TotalTime: 0.085  ,  Loss/total: 0.45068  ,  Loss/giou: 0.13124  ,  Loss/l1: 0.00764  ,  Loss/location: 0.11922  ,  pro_loss: 0.15389  ,  IoU: 0.87607  ,  Loss/sim: 0.00000
[train: Epoch 40, 50 / 1875] FPS: 357.8 (455.8)  ,  DataTime: 0.024 (0.006)  ,  ForwardTime: 0.060  ,  TotalTime: 0.089  ,  Loss/total: 0.44751  ,  Loss/giou: 0.12690  ,  Loss/l1: 0.00750  ,  Loss/location: 0.12645  ,  pro_loss: 0.14875  ,  IoU: 0.88029  ,  Loss/sim: 0.00000
[train: Epoch 40, 100 / 1875] FPS: 399.2 (454.2)  ,  DataTime: 0.015 (0.006)  ,  ForwardTime: 0.060  ,  TotalTime: 0.080  ,  Loss/total: 0.44373  ,  Loss/giou: 0.12795  ,  Loss/l1: 0.00744  ,  Loss/location: 0.12021  ,  pro_loss: 0.15208  ,  IoU: 0.87902  ,  Loss/sim: 0.00000
[train: Epoch 40, 150 / 1875] FPS: 402.8 (448.7)  ,  DataTime: 0.014 (0.006)  ,  ForwardTime: 0.059  ,  TotalTime: 0.079  ,  Loss/total: 0.44550  ,  Loss/giou: 0.12863  ,  Loss/l1: 0.00742  ,  Loss/location: 0.12105  ,  pro_loss: 0.15042  ,  IoU: 0.87855  ,  Loss/sim: 0.00000
[train: Epoch 40, 200 / 1875] FPS: 403.6 (469.0)  ,  DataTime: 0.014 (0.006)  ,  ForwardTime: 0.059  ,  TotalTime: 0.079  ,  Loss/total: 0.44704  ,  Loss/giou: 0.12955  ,  Loss/l1: 0.00747  ,  Loss/location: 0.12060  ,  pro_loss: 0.14990  ,  IoU: 0.87765  ,  Loss/sim: 0.00000
[train: Epoch 40, 250 / 1875] FPS: 411.8 (445.9)  ,  DataTime: 0.013 (0.006)  ,  ForwardTime: 0.059  ,  TotalTime: 0.078  ,  Loss/total: 0.44842  ,  Loss/giou: 0.13023  ,  Loss/l1: 0.00751  ,  Loss/location: 0.12055  ,  pro_loss: 0.14925  ,  IoU: 0.87698  ,  Loss/sim: 0.00000
[train: Epoch 40, 300 / 1875] FPS: 416.0 (463.6)  ,  DataTime: 0.012 (0.006)  ,  ForwardTime: 0.059  ,  TotalTime: 0.077  ,  Loss/total: 0.45087  ,  Loss/giou: 0.13077  ,  Loss/l1: 0.00758  ,  Loss/location: 0.12140  ,  pro_loss: 0.15014  ,  IoU: 0.87648  ,  Loss/sim: 0.00000
[train: Epoch 40, 350 / 1875] FPS: 415.7 (202.5)  ,  DataTime: 0.012 (0.006)  ,  ForwardTime: 0.059  ,  TotalTime: 0.077  ,  Loss/total: 0.45114  ,  Loss/giou: 0.13098  ,  Loss/l1: 0.00760  ,  Loss/location: 0.12120  ,  pro_loss: 0.15006  ,  IoU: 0.87637  ,  Loss/sim: 0.00000
[train: Epoch 40, 400 / 1875] FPS: 416.6 (243.5)  ,  DataTime: 0.012 (0.006)  ,  ForwardTime: 0.059  ,  TotalTime: 0.077  ,  Loss/total: 0.45168  ,  Loss/giou: 0.13096  ,  Loss/l1: 0.00759  ,  Loss/location: 0.12182  ,  pro_loss: 0.15008  ,  IoU: 0.87634  ,  Loss/sim: 0.00000
[train: Epoch 40, 450 / 1875] FPS: 415.4 (455.5)  ,  DataTime: 0.012 (0.006)  ,  ForwardTime: 0.059  ,  TotalTime: 0.077  ,  Loss/total: 0.45309  ,  Loss/giou: 0.13098  ,  Loss/l1: 0.00759  ,  Loss/location: 0.12294  ,  pro_loss: 0.15109  ,  IoU: 0.87631  ,  Loss/sim: 0.00000
[train: Epoch 40, 500 / 1875] FPS: 418.7 (422.1)  ,  DataTime: 0.011 (0.006)  ,  ForwardTime: 0.059  ,  TotalTime: 0.076  ,  Loss/total: 0.45166  ,  Loss/giou: 0.13098  ,  Loss/l1: 0.00762  ,  Loss/location: 0.12148  ,  pro_loss: 0.15069  ,  IoU: 0.87636  ,  Loss/sim: 0.00000
[train: Epoch 40, 550 / 1875] FPS: 418.9 (484.9)  ,  DataTime: 0.011 (0.006)  ,  ForwardTime: 0.059  ,  TotalTime: 0.076  ,  Loss/total: 0.45207  ,  Loss/giou: 0.13124  ,  Loss/l1: 0.00764  ,  Loss/location: 0.12126  ,  pro_loss: 0.15057  ,  IoU: 0.87615  ,  Loss/sim: 0.00000
[train: Epoch 40, 600 / 1875] FPS: 421.3 (477.4)  ,  DataTime: 0.011 (0.006)  ,  ForwardTime: 0.059  ,  TotalTime: 0.076  ,  Loss/total: 0.45129  ,  Loss/giou: 0.13096  ,  Loss/l1: 0.00764  ,  Loss/location: 0.12103  ,  pro_loss: 0.15076  ,  IoU: 0.87636  ,  Loss/sim: 0.00000
[train: Epoch 40, 650 / 1875] FPS: 422.4 (482.6)  ,  DataTime: 0.010 (0.006)  ,  ForwardTime: 0.059  ,  TotalTime: 0.076  ,  Loss/total: 0.45030  ,  Loss/giou: 0.13100  ,  Loss/l1: 0.00763  ,  Loss/location: 0.12004  ,  pro_loss: 0.15061  ,  IoU: 0.87626  ,  Loss/sim: 0.00000
[train: Epoch 40, 700 / 1875] FPS: 423.8 (468.4)  ,  DataTime: 0.010 (0.006)  ,  ForwardTime: 0.059  ,  TotalTime: 0.075  ,  Loss/total: 0.45139  ,  Loss/giou: 0.13117  ,  Loss/l1: 0.00767  ,  Loss/location: 0.12058  ,  pro_loss: 0.15051  ,  IoU: 0.87618  ,  Loss/sim: 0.00000
[train: Epoch 40, 750 / 1875] FPS: 425.2 (453.7)  ,  DataTime: 0.010 (0.006)  ,  ForwardTime: 0.059  ,  TotalTime: 0.075  ,  Loss/total: 0.45040  ,  Loss/giou: 0.13103  ,  Loss/l1: 0.00766  ,  Loss/location: 0.11996  ,  pro_loss: 0.15044  ,  IoU: 0.87628  ,  Loss/sim: 0.00000
[train: Epoch 40, 800 / 1875] FPS: 425.7 (348.7)  ,  DataTime: 0.010 (0.006)  ,  ForwardTime: 0.060  ,  TotalTime: 0.075  ,  Loss/total: 0.45045  ,  Loss/giou: 0.13101  ,  Loss/l1: 0.00766  ,  Loss/location: 0.12001  ,  pro_loss: 0.15052  ,  IoU: 0.87629  ,  Loss/sim: 0.00000
[train: Epoch 40, 850 / 1875] FPS: 426.2 (462.0)  ,  DataTime: 0.010 (0.006)  ,  ForwardTime: 0.060  ,  TotalTime: 0.075  ,  Loss/total: 0.45010  ,  Loss/giou: 0.13086  ,  Loss/l1: 0.00766  ,  Loss/location: 0.12002  ,  pro_loss: 0.15047  ,  IoU: 0.87646  ,  Loss/sim: 0.00000
[train: Epoch 40, 900 / 1875] FPS: 427.3 (467.4)  ,  DataTime: 0.009 (0.006)  ,  ForwardTime: 0.060  ,  TotalTime: 0.075  ,  Loss/total: 0.44908  ,  Loss/giou: 0.13051  ,  Loss/l1: 0.00761  ,  Loss/location: 0.11993  ,  pro_loss: 0.15032  ,  IoU: 0.87671  ,  Loss/sim: 0.00000
[train: Epoch 40, 950 / 1875] FPS: 423.8 (470.3)  ,  DataTime: 0.010 (0.006)  ,  ForwardTime: 0.060  ,  TotalTime: 0.076  ,  Loss/total: 0.44883  ,  Loss/giou: 0.13034  ,  Loss/l1: 0.00761  ,  Loss/location: 0.11997  ,  pro_loss: 0.15068  ,  IoU: 0.87684  ,  Loss/sim: 0.00000
[train: Epoch 40, 1000 / 1875] FPS: 424.2 (445.5)  ,  DataTime: 0.010 (0.006)  ,  ForwardTime: 0.060  ,  TotalTime: 0.075  ,  Loss/total: 0.44862  ,  Loss/giou: 0.13028  ,  Loss/l1: 0.00760  ,  Loss/location: 0.11981  ,  pro_loss: 0.15132  ,  IoU: 0.87685  ,  Loss/sim: 0.00000
[train: Epoch 40, 1050 / 1875] FPS: 424.5 (440.1)  ,  DataTime: 0.010 (0.006)  ,  ForwardTime: 0.060  ,  TotalTime: 0.075  ,  Loss/total: 0.44982  ,  Loss/giou: 0.13077  ,  Loss/l1: 0.00764  ,  Loss/location: 0.11985  ,  pro_loss: 0.15124  ,  IoU: 0.87648  ,  Loss/sim: 0.00000
[train: Epoch 40, 1100 / 1875] FPS: 425.5 (480.0)  ,  DataTime: 0.010 (0.006)  ,  ForwardTime: 0.060  ,  TotalTime: 0.075  ,  Loss/total: 0.44975  ,  Loss/giou: 0.13068  ,  Loss/l1: 0.00763  ,  Loss/location: 0.11994  ,  pro_loss: 0.15154  ,  IoU: 0.87651  ,  Loss/sim: 0.00000
[train: Epoch 40, 1150 / 1875] FPS: 426.3 (385.4)  ,  DataTime: 0.009 (0.006)  ,  ForwardTime: 0.060  ,  TotalTime: 0.075  ,  Loss/total: 0.45000  ,  Loss/giou: 0.13076  ,  Loss/l1: 0.00763  ,  Loss/location: 0.11998  ,  pro_loss: 0.15177  ,  IoU: 0.87646  ,  Loss/sim: 0.00000
[train: Epoch 40, 1200 / 1875] FPS: 427.4 (455.6)  ,  DataTime: 0.009 (0.006)  ,  ForwardTime: 0.060  ,  TotalTime: 0.075  ,  Loss/total: 0.44971  ,  Loss/giou: 0.13068  ,  Loss/l1: 0.00762  ,  Loss/location: 0.11991  ,  pro_loss: 0.15185  ,  IoU: 0.87654  ,  Loss/sim: 0.00000
[train: Epoch 40, 1250 / 1875] FPS: 428.3 (471.0)  ,  DataTime: 0.009 (0.006)  ,  ForwardTime: 0.060  ,  TotalTime: 0.075  ,  Loss/total: 0.45059  ,  Loss/giou: 0.13082  ,  Loss/l1: 0.00763  ,  Loss/location: 0.12040  ,  pro_loss: 0.15197  ,  IoU: 0.87642  ,  Loss/sim: 0.00000
[train: Epoch 40, 1300 / 1875] FPS: 428.9 (453.5)  ,  DataTime: 0.009 (0.006)  ,  ForwardTime: 0.060  ,  TotalTime: 0.075  ,  Loss/total: 0.45095  ,  Loss/giou: 0.13099  ,  Loss/l1: 0.00763  ,  Loss/location: 0.12042  ,  pro_loss: 0.15187  ,  IoU: 0.87627  ,  Loss/sim: 0.00000
[train: Epoch 40, 1350 / 1875] FPS: 429.7 (467.8)  ,  DataTime: 0.009 (0.006)  ,  ForwardTime: 0.060  ,  TotalTime: 0.074  ,  Loss/total: 0.45071  ,  Loss/giou: 0.13097  ,  Loss/l1: 0.00763  ,  Loss/location: 0.12014  ,  pro_loss: 0.15246  ,  IoU: 0.87628  ,  Loss/sim: 0.00000
[train: Epoch 40, 1400 / 1875] FPS: 430.3 (470.1)  ,  DataTime: 0.009 (0.006)  ,  ForwardTime: 0.060  ,  TotalTime: 0.074  ,  Loss/total: 0.45073  ,  Loss/giou: 0.13094  ,  Loss/l1: 0.00762  ,  Loss/location: 0.12024  ,  pro_loss: 0.15249  ,  IoU: 0.87631  ,  Loss/sim: 0.00000
[train: Epoch 40, 1450 / 1875] FPS: 431.0 (437.8)  ,  DataTime: 0.009 (0.006)  ,  ForwardTime: 0.060  ,  TotalTime: 0.074  ,  Loss/total: 0.45038  ,  Loss/giou: 0.13099  ,  Loss/l1: 0.00762  ,  Loss/location: 0.11981  ,  pro_loss: 0.15242  ,  IoU: 0.87625  ,  Loss/sim: 0.00000
[train: Epoch 40, 1500 / 1875] FPS: 431.5 (459.3)  ,  DataTime: 0.009 (0.006)  ,  ForwardTime: 0.060  ,  TotalTime: 0.074  ,  Loss/total: 0.45057  ,  Loss/giou: 0.13108  ,  Loss/l1: 0.00763  ,  Loss/location: 0.11978  ,  pro_loss: 0.15237  ,  IoU: 0.87620  ,  Loss/sim: 0.00000
[train: Epoch 40, 1550 / 1875] FPS: 432.1 (453.8)  ,  DataTime: 0.008 (0.006)  ,  ForwardTime: 0.060  ,  TotalTime: 0.074  ,  Loss/total: 0.45029  ,  Loss/giou: 0.13104  ,  Loss/l1: 0.00763  ,  Loss/location: 0.11959  ,  pro_loss: 0.15234  ,  IoU: 0.87624  ,  Loss/sim: 0.00000
[train: Epoch 40, 1600 / 1875] FPS: 432.7 (397.6)  ,  DataTime: 0.008 (0.006)  ,  ForwardTime: 0.060  ,  TotalTime: 0.074  ,  Loss/total: 0.45025  ,  Loss/giou: 0.13106  ,  Loss/l1: 0.00763  ,  Loss/location: 0.11951  ,  pro_loss: 0.15227  ,  IoU: 0.87622  ,  Loss/sim: 0.00000
[train: Epoch 40, 1650 / 1875] FPS: 433.2 (444.9)  ,  DataTime: 0.008 (0.006)  ,  ForwardTime: 0.060  ,  TotalTime: 0.074  ,  Loss/total: 0.45011  ,  Loss/giou: 0.13104  ,  Loss/l1: 0.00764  ,  Loss/location: 0.11940  ,  pro_loss: 0.15225  ,  IoU: 0.87626  ,  Loss/sim: 0.00000
[train: Epoch 40, 1700 / 1875] FPS: 433.7 (423.6)  ,  DataTime: 0.008 (0.006)  ,  ForwardTime: 0.060  ,  TotalTime: 0.074  ,  Loss/total: 0.45005  ,  Loss/giou: 0.13103  ,  Loss/l1: 0.00765  ,  Loss/location: 0.11931  ,  pro_loss: 0.15221  ,  IoU: 0.87629  ,  Loss/sim: 0.00000
[train: Epoch 40, 1750 / 1875] FPS: 434.0 (440.5)  ,  DataTime: 0.008 (0.006)  ,  ForwardTime: 0.060  ,  TotalTime: 0.074  ,  Loss/total: 0.45003  ,  Loss/giou: 0.13102  ,  Loss/l1: 0.00764  ,  Loss/location: 0.11932  ,  pro_loss: 0.15220  ,  IoU: 0.87628  ,  Loss/sim: 0.00000
[train: Epoch 40, 1800 / 1875] FPS: 434.4 (465.0)  ,  DataTime: 0.008 (0.006)  ,  ForwardTime: 0.060  ,  TotalTime: 0.074  ,  Loss/total: 0.44969  ,  Loss/giou: 0.13090  ,  Loss/l1: 0.00763  ,  Loss/location: 0.11927  ,  pro_loss: 0.15233  ,  IoU: 0.87639  ,  Loss/sim: 0.00000
[train: Epoch 40, 1850 / 1875] FPS: 434.7 (431.0)  ,  DataTime: 0.008 (0.006)  ,  ForwardTime: 0.060  ,  TotalTime: 0.074  ,  Loss/total: 0.44960  ,  Loss/giou: 0.13080  ,  Loss/l1: 0.00762  ,  Loss/location: 0.11944  ,  pro_loss: 0.15221  ,  IoU: 0.87647  ,  Loss/sim: 0.00000
[train: Epoch 40, 1875 / 1875] FPS: 435.3 (511.7)  ,  DataTime: 0.008 (0.006)  ,  ForwardTime: 0.060  ,  TotalTime: 0.074  ,  Loss/total: 0.44924  ,  Loss/giou: 0.13077  ,  Loss/l1: 0.00762  ,  Loss/location: 0.11915  ,  pro_loss: 0.15223  ,  IoU: 0.87651  ,  Loss/sim: 0.00000
[val: Epoch 40, 50 / 312] FPS: 79.0 (944.7)  ,  DataTime: 0.374 (0.006)  ,  ForwardTime: 0.025  ,  TotalTime: 0.405  ,  Loss/total: 0.86709  ,  Loss/giou: 0.22081  ,  Loss/l1: 0.01686  ,  Loss/location: 0.34073  ,  pro_loss: 0.00229  ,  IoU: 0.79741  ,  Loss/sim: 0.00000
[val: Epoch 40, 100 / 312] FPS: 82.5 (858.8)  ,  DataTime: 0.356 (0.006)  ,  ForwardTime: 0.025  ,  TotalTime: 0.388  ,  Loss/total: 0.87490  ,  Loss/giou: 0.22617  ,  Loss/l1: 0.01725  ,  Loss/location: 0.33583  ,  pro_loss: 0.00250  ,  IoU: 0.79337  ,  Loss/sim: 0.00000
[val: Epoch 40, 150 / 312] FPS: 86.2 (942.9)  ,  DataTime: 0.340 (0.006)  ,  ForwardTime: 0.025  ,  TotalTime: 0.371  ,  Loss/total: 0.88983  ,  Loss/giou: 0.23065  ,  Loss/l1: 0.01784  ,  Loss/location: 0.33879  ,  pro_loss: 0.00278  ,  IoU: 0.79031  ,  Loss/sim: 0.00000
[val: Epoch 40, 200 / 312] FPS: 88.5 (891.9)  ,  DataTime: 0.330 (0.006)  ,  ForwardTime: 0.025  ,  TotalTime: 0.362  ,  Loss/total: 0.88906  ,  Loss/giou: 0.23044  ,  Loss/l1: 0.01784  ,  Loss/location: 0.33848  ,  pro_loss: 0.00255  ,  IoU: 0.79035  ,  Loss/sim: 0.00000
[val: Epoch 40, 250 / 312] FPS: 87.5 (961.7)  ,  DataTime: 0.334 (0.006)  ,  ForwardTime: 0.025  ,  TotalTime: 0.366  ,  Loss/total: 0.88856  ,  Loss/giou: 0.23063  ,  Loss/l1: 0.01773  ,  Loss/location: 0.33814  ,  pro_loss: 0.00246  ,  IoU: 0.78994  ,  Loss/sim: 0.00000
[val: Epoch 40, 300 / 312] FPS: 88.0 (933.5)  ,  DataTime: 0.332 (0.006)  ,  ForwardTime: 0.025  ,  TotalTime: 0.364  ,  Loss/total: 0.89246  ,  Loss/giou: 0.23157  ,  Loss/l1: 0.01771  ,  Loss/location: 0.34031  ,  pro_loss: 0.00247  ,  IoU: 0.78881  ,  Loss/sim: 0.00000
[val: Epoch 40, 312 / 312] FPS: 90.0 (145.4)  ,  DataTime: 0.324 (0.006)  ,  ForwardTime: 0.025  ,  TotalTime: 0.356  ,  Loss/total: 0.89154  ,  Loss/giou: 0.23160  ,  Loss/l1: 0.01774  ,  Loss/location: 0.33915  ,  pro_loss: 0.00250  ,  IoU: 0.78881  ,  Loss/sim: 0.00000
[train: Epoch 41, 50 / 1875] FPS: 374.3 (483.6)  ,  DataTime: 0.022 (0.006)  ,  ForwardTime: 0.058  ,  TotalTime: 0.085  ,  Loss/total: 0.43064  ,  Loss/giou: 0.12739  ,  Loss/l1: 0.00716  ,  Loss/location: 0.10957  ,  pro_loss: 0.15250  ,  IoU: 0.87857  ,  Loss/sim: 0.00000
[train: Epoch 41, 100 / 1875] FPS: 396.1 (407.5)  ,  DataTime: 0.016 (0.006)  ,  ForwardTime: 0.059  ,  TotalTime: 0.081  ,  Loss/total: 0.44212  ,  Loss/giou: 0.12907  ,  Loss/l1: 0.00740  ,  Loss/location: 0.11658  ,  pro_loss: 0.15198  ,  IoU: 0.87751  ,  Loss/sim: 0.00000
[train: Epoch 41, 150 / 1875] FPS: 405.4 (414.9)  ,  DataTime: 0.014 (0.006)  ,  ForwardTime: 0.059  ,  TotalTime: 0.079  ,  Loss/total: 0.44771  ,  Loss/giou: 0.13160  ,  Loss/l1: 0.00761  ,  Loss/location: 0.11659  ,  pro_loss: 0.14944  ,  IoU: 0.87562  ,  Loss/sim: 0.00000
[train: Epoch 41, 200 / 1875] FPS: 414.7 (435.0)  ,  DataTime: 0.012 (0.006)  ,  ForwardTime: 0.059  ,  TotalTime: 0.077  ,  Loss/total: 0.44716  ,  Loss/giou: 0.13049  ,  Loss/l1: 0.00761  ,  Loss/location: 0.11835  ,  pro_loss: 0.14891  ,  IoU: 0.87675  ,  Loss/sim: 0.00000
[train: Epoch 41, 250 / 1875] FPS: 420.5 (444.0)  ,  DataTime: 0.011 (0.006)  ,  ForwardTime: 0.059  ,  TotalTime: 0.076  ,  Loss/total: 0.44791  ,  Loss/giou: 0.13091  ,  Loss/l1: 0.00768  ,  Loss/location: 0.11772  ,  pro_loss: 0.14975  ,  IoU: 0.87655  ,  Loss/sim: 0.00000
[train: Epoch 41, 300 / 1875] FPS: 424.7 (461.2)  ,  DataTime: 0.010 (0.006)  ,  ForwardTime: 0.060  ,  TotalTime: 0.075  ,  Loss/total: 0.44726  ,  Loss/giou: 0.13079  ,  Loss/l1: 0.00768  ,  Loss/location: 0.11720  ,  pro_loss: 0.15049  ,  IoU: 0.87666  ,  Loss/sim: 0.00000
[train: Epoch 41, 350 / 1875] FPS: 428.5 (454.0)  ,  DataTime: 0.009 (0.006)  ,  ForwardTime: 0.060  ,  TotalTime: 0.075  ,  Loss/total: 0.44869  ,  Loss/giou: 0.13100  ,  Loss/l1: 0.00769  ,  Loss/location: 0.11805  ,  pro_loss: 0.15086  ,  IoU: 0.87649  ,  Loss/sim: 0.00000
[train: Epoch 41, 400 / 1875] FPS: 430.8 (454.3)  ,  DataTime: 0.009 (0.006)  ,  ForwardTime: 0.060  ,  TotalTime: 0.074  ,  Loss/total: 0.44742  ,  Loss/giou: 0.13102  ,  Loss/l1: 0.00769  ,  Loss/location: 0.11685  ,  pro_loss: 0.15044  ,  IoU: 0.87652  ,  Loss/sim: 0.00000
[train: Epoch 41, 450 / 1875] FPS: 433.2 (492.0)  ,  DataTime: 0.008 (0.006)  ,  ForwardTime: 0.060  ,  TotalTime: 0.074  ,  Loss/total: 0.44644  ,  Loss/giou: 0.13081  ,  Loss/l1: 0.00764  ,  Loss/location: 0.11639  ,  pro_loss: 0.15111  ,  IoU: 0.87662  ,  Loss/sim: 0.00000
[train: Epoch 41, 500 / 1875] FPS: 434.8 (440.7)  ,  DataTime: 0.008 (0.006)  ,  ForwardTime: 0.060  ,  TotalTime: 0.074  ,  Loss/total: 0.44634  ,  Loss/giou: 0.13035  ,  Loss/l1: 0.00762  ,  Loss/location: 0.11737  ,  pro_loss: 0.15094  ,  IoU: 0.87699  ,  Loss/sim: 0.00000
[train: Epoch 41, 550 / 1875] FPS: 435.8 (472.5)  ,  DataTime: 0.008 (0.006)  ,  ForwardTime: 0.060  ,  TotalTime: 0.073  ,  Loss/total: 0.44514  ,  Loss/giou: 0.13046  ,  Loss/l1: 0.00762  ,  Loss/location: 0.11582  ,  pro_loss: 0.15148  ,  IoU: 0.87688  ,  Loss/sim: 0.00000
[train: Epoch 41, 600 / 1875] FPS: 436.7 (459.7)  ,  DataTime: 0.008 (0.006)  ,  ForwardTime: 0.060  ,  TotalTime: 0.073  ,  Loss/total: 0.44567  ,  Loss/giou: 0.13067  ,  Loss/l1: 0.00763  ,  Loss/location: 0.11593  ,  pro_loss: 0.15120  ,  IoU: 0.87671  ,  Loss/sim: 0.00000
[train: Epoch 41, 650 / 1875] FPS: 437.6 (474.2)  ,  DataTime: 0.008 (0.006)  ,  ForwardTime: 0.060  ,  TotalTime: 0.073  ,  Loss/total: 0.44643  ,  Loss/giou: 0.13095  ,  Loss/l1: 0.00767  ,  Loss/location: 0.11583  ,  pro_loss: 0.15163  ,  IoU: 0.87649  ,  Loss/sim: 0.00000
[train: Epoch 41, 700 / 1875] FPS: 438.3 (456.9)  ,  DataTime: 0.007 (0.006)  ,  ForwardTime: 0.060  ,  TotalTime: 0.073  ,  Loss/total: 0.44607  ,  Loss/giou: 0.13054  ,  Loss/l1: 0.00764  ,  Loss/location: 0.11643  ,  pro_loss: 0.15185  ,  IoU: 0.87678  ,  Loss/sim: 0.00000
[train: Epoch 41, 750 / 1875] FPS: 439.2 (442.6)  ,  DataTime: 0.007 (0.006)  ,  ForwardTime: 0.060  ,  TotalTime: 0.073  ,  Loss/total: 0.44483  ,  Loss/giou: 0.13025  ,  Loss/l1: 0.00761  ,  Loss/location: 0.11592  ,  pro_loss: 0.15171  ,  IoU: 0.87703  ,  Loss/sim: 0.00000
[train: Epoch 41, 800 / 1875] FPS: 439.3 (231.3)  ,  DataTime: 0.007 (0.006)  ,  ForwardTime: 0.060  ,  TotalTime: 0.073  ,  Loss/total: 0.44469  ,  Loss/giou: 0.13016  ,  Loss/l1: 0.00760  ,  Loss/location: 0.11596  ,  pro_loss: 0.15208  ,  IoU: 0.87708  ,  Loss/sim: 0.00000
[train: Epoch 41, 850 / 1875] FPS: 440.2 (476.7)  ,  DataTime: 0.007 (0.006)  ,  ForwardTime: 0.060  ,  TotalTime: 0.073  ,  Loss/total: 0.44524  ,  Loss/giou: 0.13012  ,  Loss/l1: 0.00761  ,  Loss/location: 0.11651  ,  pro_loss: 0.15232  ,  IoU: 0.87711  ,  Loss/sim: 0.00000
[train: Epoch 41, 900 / 1875] FPS: 440.5 (451.0)  ,  DataTime: 0.007 (0.006)  ,  ForwardTime: 0.060  ,  TotalTime: 0.073  ,  Loss/total: 0.44410  ,  Loss/giou: 0.12984  ,  Loss/l1: 0.00757  ,  Loss/location: 0.11604  ,  pro_loss: 0.15255  ,  IoU: 0.87731  ,  Loss/sim: 0.00000
[train: Epoch 41, 950 / 1875] FPS: 440.9 (459.1)  ,  DataTime: 0.007 (0.006)  ,  ForwardTime: 0.060  ,  TotalTime: 0.073  ,  Loss/total: 0.44347  ,  Loss/giou: 0.12965  ,  Loss/l1: 0.00755  ,  Loss/location: 0.11597  ,  pro_loss: 0.15233  ,  IoU: 0.87743  ,  Loss/sim: 0.00000
[train: Epoch 41, 1000 / 1875] FPS: 441.6 (463.1)  ,  DataTime: 0.007 (0.006)  ,  ForwardTime: 0.060  ,  TotalTime: 0.072  ,  Loss/total: 0.44448  ,  Loss/giou: 0.12973  ,  Loss/l1: 0.00757  ,  Loss/location: 0.11652  ,  pro_loss: 0.15315  ,  IoU: 0.87740  ,  Loss/sim: 0.00000
[train: Epoch 41, 1050 / 1875] FPS: 441.8 (486.9)  ,  DataTime: 0.007 (0.006)  ,  ForwardTime: 0.060  ,  TotalTime: 0.072  ,  Loss/total: 0.44419  ,  Loss/giou: 0.12971  ,  Loss/l1: 0.00756  ,  Loss/location: 0.11630  ,  pro_loss: 0.15323  ,  IoU: 0.87742  ,  Loss/sim: 0.00000
[train: Epoch 41, 1100 / 1875] FPS: 442.2 (407.5)  ,  DataTime: 0.007 (0.006)  ,  ForwardTime: 0.060  ,  TotalTime: 0.072  ,  Loss/total: 0.44544  ,  Loss/giou: 0.12997  ,  Loss/l1: 0.00759  ,  Loss/location: 0.11693  ,  pro_loss: 0.15307  ,  IoU: 0.87722  ,  Loss/sim: 0.00000
[train: Epoch 41, 1150 / 1875] FPS: 442.4 (466.0)  ,  DataTime: 0.007 (0.006)  ,  ForwardTime: 0.060  ,  TotalTime: 0.072  ,  Loss/total: 0.44577  ,  Loss/giou: 0.13002  ,  Loss/l1: 0.00760  ,  Loss/location: 0.11710  ,  pro_loss: 0.15323  ,  IoU: 0.87719  ,  Loss/sim: 0.00000
[train: Epoch 41, 1200 / 1875] FPS: 442.6 (453.1)  ,  DataTime: 0.007 (0.006)  ,  ForwardTime: 0.060  ,  TotalTime: 0.072  ,  Loss/total: 0.44626  ,  Loss/giou: 0.13003  ,  Loss/l1: 0.00760  ,  Loss/location: 0.11762  ,  pro_loss: 0.15292  ,  IoU: 0.87721  ,  Loss/sim: 0.00000
[train: Epoch 41, 1250 / 1875] FPS: 442.9 (414.6)  ,  DataTime: 0.007 (0.006)  ,  ForwardTime: 0.060  ,  TotalTime: 0.072  ,  Loss/total: 0.44588  ,  Loss/giou: 0.12991  ,  Loss/l1: 0.00759  ,  Loss/location: 0.11758  ,  pro_loss: 0.15278  ,  IoU: 0.87731  ,  Loss/sim: 0.00000
[train: Epoch 41, 1300 / 1875] FPS: 443.2 (415.2)  ,  DataTime: 0.007 (0.006)  ,  ForwardTime: 0.060  ,  TotalTime: 0.072  ,  Loss/total: 0.44554  ,  Loss/giou: 0.12987  ,  Loss/l1: 0.00758  ,  Loss/location: 0.11731  ,  pro_loss: 0.15284  ,  IoU: 0.87734  ,  Loss/sim: 0.00000
[train: Epoch 41, 1350 / 1875] FPS: 443.6 (474.7)  ,  DataTime: 0.007 (0.006)  ,  ForwardTime: 0.060  ,  TotalTime: 0.072  ,  Loss/total: 0.44520  ,  Loss/giou: 0.12976  ,  Loss/l1: 0.00758  ,  Loss/location: 0.11723  ,  pro_loss: 0.15282  ,  IoU: 0.87742  ,  Loss/sim: 0.00000
[train: Epoch 41, 1400 / 1875] FPS: 443.9 (460.5)  ,  DataTime: 0.006 (0.006)  ,  ForwardTime: 0.060  ,  TotalTime: 0.072  ,  Loss/total: 0.44537  ,  Loss/giou: 0.12987  ,  Loss/l1: 0.00759  ,  Loss/location: 0.11713  ,  pro_loss: 0.15278  ,  IoU: 0.87732  ,  Loss/sim: 0.00000
[train: Epoch 41, 1450 / 1875] FPS: 444.0 (464.7)  ,  DataTime: 0.006 (0.006)  ,  ForwardTime: 0.060  ,  TotalTime: 0.072  ,  Loss/total: 0.44541  ,  Loss/giou: 0.12985  ,  Loss/l1: 0.00758  ,  Loss/location: 0.11722  ,  pro_loss: 0.15290  ,  IoU: 0.87731  ,  Loss/sim: 0.00000
[train: Epoch 41, 1500 / 1875] FPS: 444.1 (464.0)  ,  DataTime: 0.006 (0.006)  ,  ForwardTime: 0.060  ,  TotalTime: 0.072  ,  Loss/total: 0.44511  ,  Loss/giou: 0.12975  ,  Loss/l1: 0.00758  ,  Loss/location: 0.11707  ,  pro_loss: 0.15330  ,  IoU: 0.87742  ,  Loss/sim: 0.00000
[train: Epoch 41, 1550 / 1875] FPS: 444.4 (454.9)  ,  DataTime: 0.006 (0.006)  ,  ForwardTime: 0.060  ,  TotalTime: 0.072  ,  Loss/total: 0.44499  ,  Loss/giou: 0.12969  ,  Loss/l1: 0.00757  ,  Loss/location: 0.11715  ,  pro_loss: 0.15316  ,  IoU: 0.87746  ,  Loss/sim: 0.00000
[train: Epoch 41, 1600 / 1875] FPS: 444.4 (479.8)  ,  DataTime: 0.006 (0.006)  ,  ForwardTime: 0.060  ,  TotalTime: 0.072  ,  Loss/total: 0.44507  ,  Loss/giou: 0.12971  ,  Loss/l1: 0.00757  ,  Loss/location: 0.11714  ,  pro_loss: 0.15326  ,  IoU: 0.87748  ,  Loss/sim: 0.00000
[train: Epoch 41, 1650 / 1875] FPS: 444.5 (443.5)  ,  DataTime: 0.006 (0.006)  ,  ForwardTime: 0.060  ,  TotalTime: 0.072  ,  Loss/total: 0.44544  ,  Loss/giou: 0.12975  ,  Loss/l1: 0.00757  ,  Loss/location: 0.11743  ,  pro_loss: 0.15323  ,  IoU: 0.87746  ,  Loss/sim: 0.00000
[train: Epoch 41, 1700 / 1875] FPS: 444.7 (465.8)  ,  DataTime: 0.006 (0.006)  ,  ForwardTime: 0.060  ,  TotalTime: 0.072  ,  Loss/total: 0.44543  ,  Loss/giou: 0.12968  ,  Loss/l1: 0.00757  ,  Loss/location: 0.11757  ,  pro_loss: 0.15329  ,  IoU: 0.87751  ,  Loss/sim: 0.00000
[train: Epoch 41, 1750 / 1875] FPS: 444.8 (456.2)  ,  DataTime: 0.006 (0.006)  ,  ForwardTime: 0.060  ,  TotalTime: 0.072  ,  Loss/total: 0.44560  ,  Loss/giou: 0.12985  ,  Loss/l1: 0.00757  ,  Loss/location: 0.11738  ,  pro_loss: 0.15319  ,  IoU: 0.87738  ,  Loss/sim: 0.00000
[train: Epoch 41, 1800 / 1875] FPS: 444.9 (466.8)  ,  DataTime: 0.006 (0.006)  ,  ForwardTime: 0.060  ,  TotalTime: 0.072  ,  Loss/total: 0.44634  ,  Loss/giou: 0.12992  ,  Loss/l1: 0.00758  ,  Loss/location: 0.11794  ,  pro_loss: 0.15329  ,  IoU: 0.87733  ,  Loss/sim: 0.00000
[train: Epoch 41, 1850 / 1875] FPS: 445.0 (460.0)  ,  DataTime: 0.006 (0.006)  ,  ForwardTime: 0.060  ,  TotalTime: 0.072  ,  Loss/total: 0.44664  ,  Loss/giou: 0.12994  ,  Loss/l1: 0.00758  ,  Loss/location: 0.11817  ,  pro_loss: 0.15342  ,  IoU: 0.87731  ,  Loss/sim: 0.00000
[train: Epoch 41, 1875 / 1875] FPS: 445.4 (502.1)  ,  DataTime: 0.006 (0.006)  ,  ForwardTime: 0.060  ,  TotalTime: 0.072  ,  Loss/total: 0.44662  ,  Loss/giou: 0.12998  ,  Loss/l1: 0.00759  ,  Loss/location: 0.11802  ,  pro_loss: 0.15345  ,  IoU: 0.87728  ,  Loss/sim: 0.00000
[train: Epoch 42, 50 / 1875] FPS: 369.6 (451.3)  ,  DataTime: 0.020 (0.006)  ,  ForwardTime: 0.060  ,  TotalTime: 0.087  ,  Loss/total: 0.44157  ,  Loss/giou: 0.12940  ,  Loss/l1: 0.00747  ,  Loss/location: 0.11435  ,  pro_loss: 0.15521  ,  IoU: 0.87836  ,  Loss/sim: 0.00000
[train: Epoch 42, 100 / 1875] FPS: 406.4 (446.4)  ,  DataTime: 0.013 (0.006)  ,  ForwardTime: 0.060  ,  TotalTime: 0.079  ,  Loss/total: 0.45390  ,  Loss/giou: 0.13091  ,  Loss/l1: 0.00770  ,  Loss/location: 0.12222  ,  pro_loss: 0.15677  ,  IoU: 0.87684  ,  Loss/sim: 0.00000
[train: Epoch 42, 150 / 1875] FPS: 419.6 (445.6)  ,  DataTime: 0.010 (0.006)  ,  ForwardTime: 0.060  ,  TotalTime: 0.076  ,  Loss/total: 0.44998  ,  Loss/giou: 0.13001  ,  Loss/l1: 0.00761  ,  Loss/location: 0.12110  ,  pro_loss: 0.15417  ,  IoU: 0.87740  ,  Loss/sim: 0.00000
[train: Epoch 42, 200 / 1875] FPS: 426.4 (463.5)  ,  DataTime: 0.009 (0.006)  ,  ForwardTime: 0.060  ,  TotalTime: 0.075  ,  Loss/total: 0.44293  ,  Loss/giou: 0.12789  ,  Loss/l1: 0.00741  ,  Loss/location: 0.11932  ,  pro_loss: 0.15380  ,  IoU: 0.87902  ,  Loss/sim: 0.00000
[train: Epoch 42, 250 / 1875] FPS: 430.8 (435.8)  ,  DataTime: 0.009 (0.006)  ,  ForwardTime: 0.060  ,  TotalTime: 0.074  ,  Loss/total: 0.44399  ,  Loss/giou: 0.12868  ,  Loss/l1: 0.00749  ,  Loss/location: 0.11871  ,  pro_loss: 0.15233  ,  IoU: 0.87835  ,  Loss/sim: 0.00000
[train: Epoch 42, 300 / 1875] FPS: 434.1 (455.9)  ,  DataTime: 0.008 (0.006)  ,  ForwardTime: 0.060  ,  TotalTime: 0.074  ,  Loss/total: 0.44189  ,  Loss/giou: 0.12814  ,  Loss/l1: 0.00747  ,  Loss/location: 0.11776  ,  pro_loss: 0.15247  ,  IoU: 0.87889  ,  Loss/sim: 0.00000
[train: Epoch 42, 350 / 1875] FPS: 436.2 (447.1)  ,  DataTime: 0.008 (0.006)  ,  ForwardTime: 0.060  ,  TotalTime: 0.073  ,  Loss/total: 0.44154  ,  Loss/giou: 0.12829  ,  Loss/l1: 0.00746  ,  Loss/location: 0.11711  ,  pro_loss: 0.15283  ,  IoU: 0.87878  ,  Loss/sim: 0.00000
[train: Epoch 42, 400 / 1875] FPS: 437.4 (468.8)  ,  DataTime: 0.007 (0.006)  ,  ForwardTime: 0.060  ,  TotalTime: 0.073  ,  Loss/total: 0.44248  ,  Loss/giou: 0.12837  ,  Loss/l1: 0.00743  ,  Loss/location: 0.11788  ,  pro_loss: 0.15346  ,  IoU: 0.87862  ,  Loss/sim: 0.00000
[train: Epoch 42, 450 / 1875] FPS: 438.5 (466.7)  ,  DataTime: 0.007 (0.006)  ,  ForwardTime: 0.060  ,  TotalTime: 0.073  ,  Loss/total: 0.44235  ,  Loss/giou: 0.12811  ,  Loss/l1: 0.00742  ,  Loss/location: 0.11810  ,  pro_loss: 0.15468  ,  IoU: 0.87884  ,  Loss/sim: 0.00000
[train: Epoch 42, 500 / 1875] FPS: 439.6 (398.8)  ,  DataTime: 0.007 (0.006)  ,  ForwardTime: 0.060  ,  TotalTime: 0.073  ,  Loss/total: 0.44286  ,  Loss/giou: 0.12835  ,  Loss/l1: 0.00746  ,  Loss/location: 0.11786  ,  pro_loss: 0.15508  ,  IoU: 0.87869  ,  Loss/sim: 0.00000
[train: Epoch 42, 550 / 1875] FPS: 440.4 (457.7)  ,  DataTime: 0.007 (0.006)  ,  ForwardTime: 0.060  ,  TotalTime: 0.073  ,  Loss/total: 0.44273  ,  Loss/giou: 0.12838  ,  Loss/l1: 0.00747  ,  Loss/location: 0.11762  ,  pro_loss: 0.15504  ,  IoU: 0.87865  ,  Loss/sim: 0.00000
[train: Epoch 42, 600 / 1875] FPS: 441.3 (426.0)  ,  DataTime: 0.007 (0.006)  ,  ForwardTime: 0.060  ,  TotalTime: 0.073  ,  Loss/total: 0.44331  ,  Loss/giou: 0.12858  ,  Loss/l1: 0.00747  ,  Loss/location: 0.11787  ,  pro_loss: 0.15479  ,  IoU: 0.87846  ,  Loss/sim: 0.00000
[train: Epoch 42, 650 / 1875] FPS: 442.2 (443.8)  ,  DataTime: 0.007 (0.006)  ,  ForwardTime: 0.060  ,  TotalTime: 0.072  ,  Loss/total: 0.44276  ,  Loss/giou: 0.12834  ,  Loss/l1: 0.00745  ,  Loss/location: 0.11784  ,  pro_loss: 0.15490  ,  IoU: 0.87864  ,  Loss/sim: 0.00000
[train: Epoch 42, 700 / 1875] FPS: 442.6 (440.1)  ,  DataTime: 0.007 (0.006)  ,  ForwardTime: 0.060  ,  TotalTime: 0.072  ,  Loss/total: 0.44135  ,  Loss/giou: 0.12814  ,  Loss/l1: 0.00743  ,  Loss/location: 0.11704  ,  pro_loss: 0.15443  ,  IoU: 0.87884  ,  Loss/sim: 0.00000
[train: Epoch 42, 750 / 1875] FPS: 443.2 (442.1)  ,  DataTime: 0.007 (0.006)  ,  ForwardTime: 0.060  ,  TotalTime: 0.072  ,  Loss/total: 0.44199  ,  Loss/giou: 0.12841  ,  Loss/l1: 0.00749  ,  Loss/location: 0.11682  ,  pro_loss: 0.15451  ,  IoU: 0.87868  ,  Loss/sim: 0.00000
[train: Epoch 42, 800 / 1875] FPS: 443.8 (434.9)  ,  DataTime: 0.006 (0.006)  ,  ForwardTime: 0.060  ,  TotalTime: 0.072  ,  Loss/total: 0.44231  ,  Loss/giou: 0.12869  ,  Loss/l1: 0.00752  ,  Loss/location: 0.11648  ,  pro_loss: 0.15431  ,  IoU: 0.87850  ,  Loss/sim: 0.00000
[train: Epoch 42, 850 / 1875] FPS: 444.0 (464.2)  ,  DataTime: 0.006 (0.006)  ,  ForwardTime: 0.060  ,  TotalTime: 0.072  ,  Loss/total: 0.44280  ,  Loss/giou: 0.12893  ,  Loss/l1: 0.00753  ,  Loss/location: 0.11634  ,  pro_loss: 0.15487  ,  IoU: 0.87829  ,  Loss/sim: 0.00000
[train: Epoch 42, 900 / 1875] FPS: 444.0 (433.3)  ,  DataTime: 0.006 (0.006)  ,  ForwardTime: 0.060  ,  TotalTime: 0.072  ,  Loss/total: 0.44316  ,  Loss/giou: 0.12905  ,  Loss/l1: 0.00754  ,  Loss/location: 0.11637  ,  pro_loss: 0.15505  ,  IoU: 0.87824  ,  Loss/sim: 0.00000
[train: Epoch 42, 950 / 1875] FPS: 444.2 (447.8)  ,  DataTime: 0.006 (0.006)  ,  ForwardTime: 0.060  ,  TotalTime: 0.072  ,  Loss/total: 0.44282  ,  Loss/giou: 0.12910  ,  Loss/l1: 0.00753  ,  Loss/location: 0.11595  ,  pro_loss: 0.15514  ,  IoU: 0.87817  ,  Loss/sim: 0.00000
[train: Epoch 42, 1000 / 1875] FPS: 444.6 (452.4)  ,  DataTime: 0.006 (0.006)  ,  ForwardTime: 0.060  ,  TotalTime: 0.072  ,  Loss/total: 0.44360  ,  Loss/giou: 0.12933  ,  Loss/l1: 0.00755  ,  Loss/location: 0.11622  ,  pro_loss: 0.15496  ,  IoU: 0.87795  ,  Loss/sim: 0.00000
[train: Epoch 42, 1050 / 1875] FPS: 444.9 (437.1)  ,  DataTime: 0.006 (0.006)  ,  ForwardTime: 0.060  ,  TotalTime: 0.072  ,  Loss/total: 0.44344  ,  Loss/giou: 0.12938  ,  Loss/l1: 0.00754  ,  Loss/location: 0.11600  ,  pro_loss: 0.15487  ,  IoU: 0.87786  ,  Loss/sim: 0.00000
[train: Epoch 42, 1100 / 1875] FPS: 445.3 (418.1)  ,  DataTime: 0.006 (0.006)  ,  ForwardTime: 0.060  ,  TotalTime: 0.072  ,  Loss/total: 0.44315  ,  Loss/giou: 0.12935  ,  Loss/l1: 0.00753  ,  Loss/location: 0.11582  ,  pro_loss: 0.15494  ,  IoU: 0.87789  ,  Loss/sim: 0.00000
[train: Epoch 42, 1150 / 1875] FPS: 445.5 (491.1)  ,  DataTime: 0.006 (0.006)  ,  ForwardTime: 0.060  ,  TotalTime: 0.072  ,  Loss/total: 0.44310  ,  Loss/giou: 0.12940  ,  Loss/l1: 0.00753  ,  Loss/location: 0.11567  ,  pro_loss: 0.15489  ,  IoU: 0.87786  ,  Loss/sim: 0.00000
[train: Epoch 42, 1200 / 1875] FPS: 445.7 (479.9)  ,  DataTime: 0.006 (0.006)  ,  ForwardTime: 0.060  ,  TotalTime: 0.072  ,  Loss/total: 0.44409  ,  Loss/giou: 0.12959  ,  Loss/l1: 0.00754  ,  Loss/location: 0.11624  ,  pro_loss: 0.15491  ,  IoU: 0.87768  ,  Loss/sim: 0.00000
[train: Epoch 42, 1250 / 1875] FPS: 445.9 (450.3)  ,  DataTime: 0.006 (0.006)  ,  ForwardTime: 0.060  ,  TotalTime: 0.072  ,  Loss/total: 0.44420  ,  Loss/giou: 0.12952  ,  Loss/l1: 0.00753  ,  Loss/location: 0.11652  ,  pro_loss: 0.15489  ,  IoU: 0.87773  ,  Loss/sim: 0.00000
[train: Epoch 42, 1300 / 1875] FPS: 446.0 (481.4)  ,  DataTime: 0.006 (0.006)  ,  ForwardTime: 0.060  ,  TotalTime: 0.072  ,  Loss/total: 0.44417  ,  Loss/giou: 0.12949  ,  Loss/l1: 0.00752  ,  Loss/location: 0.11665  ,  pro_loss: 0.15469  ,  IoU: 0.87772  ,  Loss/sim: 0.00000
[train: Epoch 42, 1350 / 1875] FPS: 446.2 (467.3)  ,  DataTime: 0.006 (0.006)  ,  ForwardTime: 0.060  ,  TotalTime: 0.072  ,  Loss/total: 0.44396  ,  Loss/giou: 0.12943  ,  Loss/l1: 0.00752  ,  Loss/location: 0.11657  ,  pro_loss: 0.15458  ,  IoU: 0.87777  ,  Loss/sim: 0.00000
[train: Epoch 42, 1400 / 1875] FPS: 446.3 (480.7)  ,  DataTime: 0.006 (0.006)  ,  ForwardTime: 0.060  ,  TotalTime: 0.072  ,  Loss/total: 0.44449  ,  Loss/giou: 0.12963  ,  Loss/l1: 0.00754  ,  Loss/location: 0.11657  ,  pro_loss: 0.15476  ,  IoU: 0.87763  ,  Loss/sim: 0.00000
[train: Epoch 42, 1450 / 1875] FPS: 446.3 (463.8)  ,  DataTime: 0.006 (0.006)  ,  ForwardTime: 0.060  ,  TotalTime: 0.072  ,  Loss/total: 0.44446  ,  Loss/giou: 0.12960  ,  Loss/l1: 0.00754  ,  Loss/location: 0.11662  ,  pro_loss: 0.15471  ,  IoU: 0.87765  ,  Loss/sim: 0.00000
[train: Epoch 42, 1500 / 1875] FPS: 446.5 (474.9)  ,  DataTime: 0.006 (0.006)  ,  ForwardTime: 0.060  ,  TotalTime: 0.072  ,  Loss/total: 0.44414  ,  Loss/giou: 0.12946  ,  Loss/l1: 0.00753  ,  Loss/location: 0.11664  ,  pro_loss: 0.15473  ,  IoU: 0.87776  ,  Loss/sim: 0.00000
[train: Epoch 42, 1550 / 1875] FPS: 446.2 (405.7)  ,  DataTime: 0.006 (0.006)  ,  ForwardTime: 0.060  ,  TotalTime: 0.072  ,  Loss/total: 0.44419  ,  Loss/giou: 0.12943  ,  Loss/l1: 0.00753  ,  Loss/location: 0.11674  ,  pro_loss: 0.15474  ,  IoU: 0.87778  ,  Loss/sim: 0.00000
[train: Epoch 42, 1600 / 1875] FPS: 446.4 (447.4)  ,  DataTime: 0.006 (0.006)  ,  ForwardTime: 0.060  ,  TotalTime: 0.072  ,  Loss/total: 0.44399  ,  Loss/giou: 0.12935  ,  Loss/l1: 0.00753  ,  Loss/location: 0.11673  ,  pro_loss: 0.15453  ,  IoU: 0.87784  ,  Loss/sim: 0.00000
[train: Epoch 42, 1650 / 1875] FPS: 446.6 (448.4)  ,  DataTime: 0.006 (0.006)  ,  ForwardTime: 0.060  ,  TotalTime: 0.072  ,  Loss/total: 0.44402  ,  Loss/giou: 0.12933  ,  Loss/l1: 0.00753  ,  Loss/location: 0.11678  ,  pro_loss: 0.15462  ,  IoU: 0.87785  ,  Loss/sim: 0.00000
[train: Epoch 42, 1700 / 1875] FPS: 446.6 (428.3)  ,  DataTime: 0.006 (0.006)  ,  ForwardTime: 0.060  ,  TotalTime: 0.072  ,  Loss/total: 0.44488  ,  Loss/giou: 0.12949  ,  Loss/l1: 0.00755  ,  Loss/location: 0.11721  ,  pro_loss: 0.15472  ,  IoU: 0.87771  ,  Loss/sim: 0.00000
[train: Epoch 42, 1750 / 1875] FPS: 446.7 (443.9)  ,  DataTime: 0.006 (0.006)  ,  ForwardTime: 0.060  ,  TotalTime: 0.072  ,  Loss/total: 0.44502  ,  Loss/giou: 0.12958  ,  Loss/l1: 0.00756  ,  Loss/location: 0.11716  ,  pro_loss: 0.15468  ,  IoU: 0.87764  ,  Loss/sim: 0.00000
[train: Epoch 42, 1800 / 1875] FPS: 446.7 (469.5)  ,  DataTime: 0.006 (0.006)  ,  ForwardTime: 0.060  ,  TotalTime: 0.072  ,  Loss/total: 0.44476  ,  Loss/giou: 0.12959  ,  Loss/l1: 0.00756  ,  Loss/location: 0.11690  ,  pro_loss: 0.15448  ,  IoU: 0.87761  ,  Loss/sim: 0.00000
[train: Epoch 42, 1850 / 1875] FPS: 446.8 (439.2)  ,  DataTime: 0.006 (0.006)  ,  ForwardTime: 0.060  ,  TotalTime: 0.072  ,  Loss/total: 0.44428  ,  Loss/giou: 0.12954  ,  Loss/l1: 0.00755  ,  Loss/location: 0.11656  ,  pro_loss: 0.15440  ,  IoU: 0.87765  ,  Loss/sim: 0.00000
[train: Epoch 42, 1875 / 1875] FPS: 447.2 (499.0)  ,  DataTime: 0.006 (0.006)  ,  ForwardTime: 0.060  ,  TotalTime: 0.072  ,  Loss/total: 0.44423  ,  Loss/giou: 0.12951  ,  Loss/l1: 0.00755  ,  Loss/location: 0.11657  ,  pro_loss: 0.15446  ,  IoU: 0.87768  ,  Loss/sim: 0.00000
[train: Epoch 43, 50 / 1875] FPS: 375.1 (434.4)  ,  DataTime: 0.017 (0.007)  ,  ForwardTime: 0.061  ,  TotalTime: 0.085  ,  Loss/total: 0.43918  ,  Loss/giou: 0.12850  ,  Loss/l1: 0.00713  ,  Loss/location: 0.11537  ,  pro_loss: 0.15564  ,  IoU: 0.87775  ,  Loss/sim: 0.00000
[train: Epoch 43, 100 / 1875] FPS: 409.1 (457.1)  ,  DataTime: 0.011 (0.006)  ,  ForwardTime: 0.061  ,  TotalTime: 0.078  ,  Loss/total: 0.44878  ,  Loss/giou: 0.12939  ,  Loss/l1: 0.00738  ,  Loss/location: 0.12218  ,  pro_loss: 0.15470  ,  IoU: 0.87720  ,  Loss/sim: 0.00000
[train: Epoch 43, 150 / 1875] FPS: 421.1 (470.0)  ,  DataTime: 0.010 (0.006)  ,  ForwardTime: 0.060  ,  TotalTime: 0.076  ,  Loss/total: 0.44731  ,  Loss/giou: 0.12858  ,  Loss/l1: 0.00733  ,  Loss/location: 0.12235  ,  pro_loss: 0.15570  ,  IoU: 0.87781  ,  Loss/sim: 0.00000
[train: Epoch 43, 200 / 1875] FPS: 428.5 (439.8)  ,  DataTime: 0.009 (0.006)  ,  ForwardTime: 0.060  ,  TotalTime: 0.075  ,  Loss/total: 0.44373  ,  Loss/giou: 0.12779  ,  Loss/l1: 0.00734  ,  Loss/location: 0.12026  ,  pro_loss: 0.15605  ,  IoU: 0.87856  ,  Loss/sim: 0.00000
[train: Epoch 43, 250 / 1875] FPS: 432.8 (447.2)  ,  DataTime: 0.008 (0.006)  ,  ForwardTime: 0.060  ,  TotalTime: 0.074  ,  Loss/total: 0.44192  ,  Loss/giou: 0.12727  ,  Loss/l1: 0.00728  ,  Loss/location: 0.12014  ,  pro_loss: 0.15409  ,  IoU: 0.87895  ,  Loss/sim: 0.00000
[train: Epoch 43, 300 / 1875] FPS: 435.5 (457.4)  ,  DataTime: 0.008 (0.006)  ,  ForwardTime: 0.060  ,  TotalTime: 0.073  ,  Loss/total: 0.44599  ,  Loss/giou: 0.12857  ,  Loss/l1: 0.00745  ,  Loss/location: 0.12068  ,  pro_loss: 0.15452  ,  IoU: 0.87807  ,  Loss/sim: 0.00000
[train: Epoch 43, 350 / 1875] FPS: 437.3 (466.4)  ,  DataTime: 0.007 (0.006)  ,  ForwardTime: 0.060  ,  TotalTime: 0.073  ,  Loss/total: 0.44398  ,  Loss/giou: 0.12840  ,  Loss/l1: 0.00746  ,  Loss/location: 0.11913  ,  pro_loss: 0.15387  ,  IoU: 0.87827  ,  Loss/sim: 0.00000
[train: Epoch 43, 400 / 1875] FPS: 439.0 (453.1)  ,  DataTime: 0.007 (0.006)  ,  ForwardTime: 0.060  ,  TotalTime: 0.073  ,  Loss/total: 0.44529  ,  Loss/giou: 0.12892  ,  Loss/l1: 0.00750  ,  Loss/location: 0.11928  ,  pro_loss: 0.15347  ,  IoU: 0.87788  ,  Loss/sim: 0.00000
[train: Epoch 43, 450 / 1875] FPS: 440.1 (423.6)  ,  DataTime: 0.007 (0.006)  ,  ForwardTime: 0.060  ,  TotalTime: 0.073  ,  Loss/total: 0.44494  ,  Loss/giou: 0.12915  ,  Loss/l1: 0.00753  ,  Loss/location: 0.11811  ,  pro_loss: 0.15449  ,  IoU: 0.87773  ,  Loss/sim: 0.00000
[train: Epoch 43, 500 / 1875] FPS: 440.7 (474.1)  ,  DataTime: 0.007 (0.006)  ,  ForwardTime: 0.060  ,  TotalTime: 0.073  ,  Loss/total: 0.44591  ,  Loss/giou: 0.12937  ,  Loss/l1: 0.00755  ,  Loss/location: 0.11838  ,  pro_loss: 0.15517  ,  IoU: 0.87755  ,  Loss/sim: 0.00000
[train: Epoch 43, 550 / 1875] FPS: 441.5 (434.2)  ,  DataTime: 0.007 (0.006)  ,  ForwardTime: 0.060  ,  TotalTime: 0.072  ,  Loss/total: 0.44533  ,  Loss/giou: 0.12920  ,  Loss/l1: 0.00755  ,  Loss/location: 0.11812  ,  pro_loss: 0.15519  ,  IoU: 0.87766  ,  Loss/sim: 0.00000
[train: Epoch 43, 600 / 1875] FPS: 442.1 (464.7)  ,  DataTime: 0.007 (0.006)  ,  ForwardTime: 0.060  ,  TotalTime: 0.072  ,  Loss/total: 0.44404  ,  Loss/giou: 0.12869  ,  Loss/l1: 0.00752  ,  Loss/location: 0.11804  ,  pro_loss: 0.15514  ,  IoU: 0.87809  ,  Loss/sim: 0.00000
[train: Epoch 43, 650 / 1875] FPS: 442.5 (375.9)  ,  DataTime: 0.006 (0.006)  ,  ForwardTime: 0.060  ,  TotalTime: 0.072  ,  Loss/total: 0.44445  ,  Loss/giou: 0.12882  ,  Loss/l1: 0.00753  ,  Loss/location: 0.11810  ,  pro_loss: 0.15519  ,  IoU: 0.87799  ,  Loss/sim: 0.00000
[train: Epoch 43, 700 / 1875] FPS: 443.0 (471.9)  ,  DataTime: 0.006 (0.006)  ,  ForwardTime: 0.060  ,  TotalTime: 0.072  ,  Loss/total: 0.44489  ,  Loss/giou: 0.12922  ,  Loss/l1: 0.00755  ,  Loss/location: 0.11759  ,  pro_loss: 0.15551  ,  IoU: 0.87769  ,  Loss/sim: 0.00000
[train: Epoch 43, 750 / 1875] FPS: 443.4 (436.6)  ,  DataTime: 0.006 (0.006)  ,  ForwardTime: 0.060  ,  TotalTime: 0.072  ,  Loss/total: 0.44422  ,  Loss/giou: 0.12902  ,  Loss/l1: 0.00752  ,  Loss/location: 0.11750  ,  pro_loss: 0.15552  ,  IoU: 0.87785  ,  Loss/sim: 0.00000
[train: Epoch 43, 800 / 1875] FPS: 443.7 (452.0)  ,  DataTime: 0.006 (0.006)  ,  ForwardTime: 0.060  ,  TotalTime: 0.072  ,  Loss/total: 0.44407  ,  Loss/giou: 0.12904  ,  Loss/l1: 0.00751  ,  Loss/location: 0.11738  ,  pro_loss: 0.15543  ,  IoU: 0.87781  ,  Loss/sim: 0.00000
[train: Epoch 43, 850 / 1875] FPS: 444.1 (424.0)  ,  DataTime: 0.006 (0.006)  ,  ForwardTime: 0.060  ,  TotalTime: 0.072  ,  Loss/total: 0.44439  ,  Loss/giou: 0.12915  ,  Loss/l1: 0.00752  ,  Loss/location: 0.11742  ,  pro_loss: 0.15532  ,  IoU: 0.87775  ,  Loss/sim: 0.00000
[train: Epoch 43, 900 / 1875] FPS: 444.4 (464.4)  ,  DataTime: 0.006 (0.006)  ,  ForwardTime: 0.060  ,  TotalTime: 0.072  ,  Loss/total: 0.44403  ,  Loss/giou: 0.12921  ,  Loss/l1: 0.00753  ,  Loss/location: 0.11689  ,  pro_loss: 0.15544  ,  IoU: 0.87773  ,  Loss/sim: 0.00000
[train: Epoch 43, 950 / 1875] FPS: 444.6 (445.8)  ,  DataTime: 0.006 (0.006)  ,  ForwardTime: 0.060  ,  TotalTime: 0.072  ,  Loss/total: 0.44502  ,  Loss/giou: 0.12951  ,  Loss/l1: 0.00756  ,  Loss/location: 0.11713  ,  pro_loss: 0.15535  ,  IoU: 0.87750  ,  Loss/sim: 0.00000
[train: Epoch 43, 1000 / 1875] FPS: 444.8 (469.1)  ,  DataTime: 0.006 (0.006)  ,  ForwardTime: 0.060  ,  TotalTime: 0.072  ,  Loss/total: 0.44449  ,  Loss/giou: 0.12937  ,  Loss/l1: 0.00756  ,  Loss/location: 0.11699  ,  pro_loss: 0.15487  ,  IoU: 0.87762  ,  Loss/sim: 0.00000
[train: Epoch 43, 1050 / 1875] FPS: 445.0 (444.7)  ,  DataTime: 0.006 (0.006)  ,  ForwardTime: 0.060  ,  TotalTime: 0.072  ,  Loss/total: 0.44461  ,  Loss/giou: 0.12934  ,  Loss/l1: 0.00755  ,  Loss/location: 0.11720  ,  pro_loss: 0.15493  ,  IoU: 0.87763  ,  Loss/sim: 0.00000
[train: Epoch 43, 1100 / 1875] FPS: 445.3 (449.9)  ,  DataTime: 0.006 (0.006)  ,  ForwardTime: 0.060  ,  TotalTime: 0.072  ,  Loss/total: 0.44557  ,  Loss/giou: 0.12959  ,  Loss/l1: 0.00757  ,  Loss/location: 0.11754  ,  pro_loss: 0.15498  ,  IoU: 0.87744  ,  Loss/sim: 0.00000
[train: Epoch 43, 1150 / 1875] FPS: 445.5 (422.4)  ,  DataTime: 0.006 (0.006)  ,  ForwardTime: 0.060  ,  TotalTime: 0.072  ,  Loss/total: 0.44534  ,  Loss/giou: 0.12945  ,  Loss/l1: 0.00756  ,  Loss/location: 0.11764  ,  pro_loss: 0.15504  ,  IoU: 0.87757  ,  Loss/sim: 0.00000
[train: Epoch 43, 1200 / 1875] FPS: 445.8 (449.0)  ,  DataTime: 0.006 (0.006)  ,  ForwardTime: 0.060  ,  TotalTime: 0.072  ,  Loss/total: 0.44594  ,  Loss/giou: 0.12947  ,  Loss/l1: 0.00756  ,  Loss/location: 0.11820  ,  pro_loss: 0.15500  ,  IoU: 0.87753  ,  Loss/sim: 0.00000
[train: Epoch 43, 1250 / 1875] FPS: 446.1 (449.5)  ,  DataTime: 0.006 (0.006)  ,  ForwardTime: 0.060  ,  TotalTime: 0.072  ,  Loss/total: 0.44527  ,  Loss/giou: 0.12928  ,  Loss/l1: 0.00754  ,  Loss/location: 0.11804  ,  pro_loss: 0.15484  ,  IoU: 0.87769  ,  Loss/sim: 0.00000
[train: Epoch 43, 1300 / 1875] FPS: 446.4 (451.0)  ,  DataTime: 0.006 (0.006)  ,  ForwardTime: 0.060  ,  TotalTime: 0.072  ,  Loss/total: 0.44488  ,  Loss/giou: 0.12919  ,  Loss/l1: 0.00754  ,  Loss/location: 0.11783  ,  pro_loss: 0.15483  ,  IoU: 0.87778  ,  Loss/sim: 0.00000
[train: Epoch 43, 1350 / 1875] FPS: 446.7 (467.0)  ,  DataTime: 0.006 (0.006)  ,  ForwardTime: 0.060  ,  TotalTime: 0.072  ,  Loss/total: 0.44427  ,  Loss/giou: 0.12901  ,  Loss/l1: 0.00752  ,  Loss/location: 0.11766  ,  pro_loss: 0.15496  ,  IoU: 0.87791  ,  Loss/sim: 0.00000
[train: Epoch 43, 1400 / 1875] FPS: 446.7 (455.8)  ,  DataTime: 0.006 (0.006)  ,  ForwardTime: 0.060  ,  TotalTime: 0.072  ,  Loss/total: 0.44442  ,  Loss/giou: 0.12905  ,  Loss/l1: 0.00752  ,  Loss/location: 0.11773  ,  pro_loss: 0.15499  ,  IoU: 0.87786  ,  Loss/sim: 0.00000
[train: Epoch 43, 1450 / 1875] FPS: 446.9 (446.1)  ,  DataTime: 0.006 (0.006)  ,  ForwardTime: 0.060  ,  TotalTime: 0.072  ,  Loss/total: 0.44469  ,  Loss/giou: 0.12908  ,  Loss/l1: 0.00751  ,  Loss/location: 0.11797  ,  pro_loss: 0.15507  ,  IoU: 0.87784  ,  Loss/sim: 0.00000
[train: Epoch 43, 1500 / 1875] FPS: 447.1 (449.9)  ,  DataTime: 0.006 (0.006)  ,  ForwardTime: 0.060  ,  TotalTime: 0.072  ,  Loss/total: 0.44478  ,  Loss/giou: 0.12891  ,  Loss/l1: 0.00749  ,  Loss/location: 0.11848  ,  pro_loss: 0.15507  ,  IoU: 0.87798  ,  Loss/sim: 0.00000
[train: Epoch 43, 1550 / 1875] FPS: 447.3 (462.1)  ,  DataTime: 0.006 (0.006)  ,  ForwardTime: 0.060  ,  TotalTime: 0.072  ,  Loss/total: 0.44444  ,  Loss/giou: 0.12884  ,  Loss/l1: 0.00748  ,  Loss/location: 0.11836  ,  pro_loss: 0.15497  ,  IoU: 0.87803  ,  Loss/sim: 0.00000
[train: Epoch 43, 1600 / 1875] FPS: 447.4 (444.8)  ,  DataTime: 0.006 (0.006)  ,  ForwardTime: 0.060  ,  TotalTime: 0.072  ,  Loss/total: 0.44433  ,  Loss/giou: 0.12884  ,  Loss/l1: 0.00748  ,  Loss/location: 0.11823  ,  pro_loss: 0.15508  ,  IoU: 0.87802  ,  Loss/sim: 0.00000
[train: Epoch 43, 1650 / 1875] FPS: 447.5 (459.9)  ,  DataTime: 0.006 (0.006)  ,  ForwardTime: 0.060  ,  TotalTime: 0.072  ,  Loss/total: 0.44443  ,  Loss/giou: 0.12884  ,  Loss/l1: 0.00748  ,  Loss/location: 0.11825  ,  pro_loss: 0.15540  ,  IoU: 0.87801  ,  Loss/sim: 0.00000
[train: Epoch 43, 1700 / 1875] FPS: 447.5 (457.0)  ,  DataTime: 0.006 (0.006)  ,  ForwardTime: 0.060  ,  TotalTime: 0.072  ,  Loss/total: 0.44504  ,  Loss/giou: 0.12897  ,  Loss/l1: 0.00750  ,  Loss/location: 0.11852  ,  pro_loss: 0.15544  ,  IoU: 0.87794  ,  Loss/sim: 0.00000
[train: Epoch 43, 1750 / 1875] FPS: 447.5 (430.5)  ,  DataTime: 0.006 (0.006)  ,  ForwardTime: 0.060  ,  TotalTime: 0.072  ,  Loss/total: 0.44502  ,  Loss/giou: 0.12901  ,  Loss/l1: 0.00750  ,  Loss/location: 0.11838  ,  pro_loss: 0.15556  ,  IoU: 0.87789  ,  Loss/sim: 0.00000
[train: Epoch 43, 1800 / 1875] FPS: 447.5 (451.8)  ,  DataTime: 0.006 (0.006)  ,  ForwardTime: 0.060  ,  TotalTime: 0.072  ,  Loss/total: 0.44400  ,  Loss/giou: 0.12883  ,  Loss/l1: 0.00748  ,  Loss/location: 0.11784  ,  pro_loss: 0.15540  ,  IoU: 0.87806  ,  Loss/sim: 0.00000
[train: Epoch 43, 1850 / 1875] FPS: 447.5 (440.3)  ,  DataTime: 0.006 (0.006)  ,  ForwardTime: 0.060  ,  TotalTime: 0.072  ,  Loss/total: 0.44387  ,  Loss/giou: 0.12879  ,  Loss/l1: 0.00748  ,  Loss/location: 0.11785  ,  pro_loss: 0.15530  ,  IoU: 0.87810  ,  Loss/sim: 0.00000
[train: Epoch 43, 1875 / 1875] FPS: 447.8 (515.4)  ,  DataTime: 0.006 (0.006)  ,  ForwardTime: 0.060  ,  TotalTime: 0.071  ,  Loss/total: 0.44399  ,  Loss/giou: 0.12884  ,  Loss/l1: 0.00748  ,  Loss/location: 0.11784  ,  pro_loss: 0.15530  ,  IoU: 0.87805  ,  Loss/sim: 0.00000
[train: Epoch 44, 50 / 1875] FPS: 373.8 (421.6)  ,  DataTime: 0.018 (0.007)  ,  ForwardTime: 0.061  ,  TotalTime: 0.086  ,  Loss/total: 0.45638  ,  Loss/giou: 0.12756  ,  Loss/l1: 0.00755  ,  Loss/location: 0.13168  ,  pro_loss: 0.15917  ,  IoU: 0.87934  ,  Loss/sim: 0.00000
[train: Epoch 44, 100 / 1875] FPS: 408.3 (440.6)  ,  DataTime: 0.012 (0.006)  ,  ForwardTime: 0.060  ,  TotalTime: 0.078  ,  Loss/total: 0.45673  ,  Loss/giou: 0.12909  ,  Loss/l1: 0.00773  ,  Loss/location: 0.12835  ,  pro_loss: 0.15760  ,  IoU: 0.87838  ,  Loss/sim: 0.00000
[train: Epoch 44, 150 / 1875] FPS: 420.5 (431.0)  ,  DataTime: 0.010 (0.006)  ,  ForwardTime: 0.060  ,  TotalTime: 0.076  ,  Loss/total: 0.45338  ,  Loss/giou: 0.12932  ,  Loss/l1: 0.00760  ,  Loss/location: 0.12531  ,  pro_loss: 0.15715  ,  IoU: 0.87799  ,  Loss/sim: 0.00000
[train: Epoch 44, 200 / 1875] FPS: 261.6 (30.1)  ,  DataTime: 0.057 (0.006)  ,  ForwardTime: 0.059  ,  TotalTime: 0.122  ,  Loss/total: 0.45210  ,  Loss/giou: 0.12921  ,  Loss/l1: 0.00763  ,  Loss/location: 0.12446  ,  pro_loss: 0.15526  ,  IoU: 0.87824  ,  Loss/sim: 0.00000
[train: Epoch 44, 250 / 1875] FPS: 209.3 (491.8)  ,  DataTime: 0.088 (0.006)  ,  ForwardTime: 0.059  ,  TotalTime: 0.153  ,  Loss/total: 0.44953  ,  Loss/giou: 0.12973  ,  Loss/l1: 0.00765  ,  Loss/location: 0.12068  ,  pro_loss: 0.15563  ,  IoU: 0.87778  ,  Loss/sim: 0.00000
[train: Epoch 44, 300 / 1875] FPS: 189.9 (482.1)  ,  DataTime: 0.104 (0.006)  ,  ForwardTime: 0.058  ,  TotalTime: 0.168  ,  Loss/total: 0.44754  ,  Loss/giou: 0.12936  ,  Loss/l1: 0.00759  ,  Loss/location: 0.11971  ,  pro_loss: 0.15590  ,  IoU: 0.87796  ,  Loss/sim: 0.00000
[train: Epoch 44, 350 / 1875] FPS: 175.2 (487.3)  ,  DataTime: 0.119 (0.006)  ,  ForwardTime: 0.058  ,  TotalTime: 0.183  ,  Loss/total: 0.44386  ,  Loss/giou: 0.12826  ,  Loss/l1: 0.00749  ,  Loss/location: 0.11869  ,  pro_loss: 0.15592  ,  IoU: 0.87883  ,  Loss/sim: 0.00000
[train: Epoch 44, 400 / 1875] FPS: 165.6 (492.2)  ,  DataTime: 0.130 (0.006)  ,  ForwardTime: 0.058  ,  TotalTime: 0.193  ,  Loss/total: 0.44312  ,  Loss/giou: 0.12830  ,  Loss/l1: 0.00749  ,  Loss/location: 0.11793  ,  pro_loss: 0.15570  ,  IoU: 0.87873  ,  Loss/sim: 0.00000
[train: Epoch 44, 450 / 1875] FPS: 157.6 (17.4)  ,  DataTime: 0.140 (0.006)  ,  ForwardTime: 0.058  ,  TotalTime: 0.203  ,  Loss/total: 0.44300  ,  Loss/giou: 0.12857  ,  Loss/l1: 0.00753  ,  Loss/location: 0.11708  ,  pro_loss: 0.15574  ,  IoU: 0.87847  ,  Loss/sim: 0.00000
[train: Epoch 44, 500 / 1875] FPS: 157.3 (491.7)  ,  DataTime: 0.140 (0.005)  ,  ForwardTime: 0.058  ,  TotalTime: 0.203  ,  Loss/total: 0.44219  ,  Loss/giou: 0.12861  ,  Loss/l1: 0.00751  ,  Loss/location: 0.11635  ,  pro_loss: 0.15548  ,  IoU: 0.87836  ,  Loss/sim: 0.00000
[train: Epoch 44, 550 / 1875] FPS: 155.0 (494.6)  ,  DataTime: 0.144 (0.005)  ,  ForwardTime: 0.057  ,  TotalTime: 0.206  ,  Loss/total: 0.44243  ,  Loss/giou: 0.12878  ,  Loss/l1: 0.00756  ,  Loss/location: 0.11604  ,  pro_loss: 0.15500  ,  IoU: 0.87827  ,  Loss/sim: 0.00000
[train: Epoch 44, 600 / 1875] FPS: 151.9 (32.1)  ,  DataTime: 0.148 (0.005)  ,  ForwardTime: 0.057  ,  TotalTime: 0.211  ,  Loss/total: 0.44332  ,  Loss/giou: 0.12903  ,  Loss/l1: 0.00756  ,  Loss/location: 0.11643  ,  pro_loss: 0.15516  ,  IoU: 0.87805  ,  Loss/sim: 0.00000
[train: Epoch 44, 650 / 1875] FPS: 150.6 (499.3)  ,  DataTime: 0.150 (0.005)  ,  ForwardTime: 0.057  ,  TotalTime: 0.213  ,  Loss/total: 0.44381  ,  Loss/giou: 0.12933  ,  Loss/l1: 0.00755  ,  Loss/location: 0.11638  ,  pro_loss: 0.15502  ,  IoU: 0.87777  ,  Loss/sim: 0.00000
[train: Epoch 44, 700 / 1875] FPS: 150.5 (48.0)  ,  DataTime: 0.150 (0.005)  ,  ForwardTime: 0.057  ,  TotalTime: 0.213  ,  Loss/total: 0.44404  ,  Loss/giou: 0.12948  ,  Loss/l1: 0.00757  ,  Loss/location: 0.11615  ,  pro_loss: 0.15539  ,  IoU: 0.87767  ,  Loss/sim: 0.00000
[train: Epoch 44, 750 / 1875] FPS: 151.2 (482.4)  ,  DataTime: 0.149 (0.005)  ,  ForwardTime: 0.057  ,  TotalTime: 0.212  ,  Loss/total: 0.44242  ,  Loss/giou: 0.12910  ,  Loss/l1: 0.00752  ,  Loss/location: 0.11544  ,  pro_loss: 0.15579  ,  IoU: 0.87796  ,  Loss/sim: 0.00000
[train: Epoch 44, 800 / 1875] FPS: 150.3 (49.7)  ,  DataTime: 0.151 (0.005)  ,  ForwardTime: 0.057  ,  TotalTime: 0.213  ,  Loss/total: 0.44265  ,  Loss/giou: 0.12912  ,  Loss/l1: 0.00751  ,  Loss/location: 0.11565  ,  pro_loss: 0.15600  ,  IoU: 0.87792  ,  Loss/sim: 0.00000
[train: Epoch 44, 850 / 1875] FPS: 149.5 (11.9)  ,  DataTime: 0.152 (0.005)  ,  ForwardTime: 0.057  ,  TotalTime: 0.214  ,  Loss/total: 0.44279  ,  Loss/giou: 0.12884  ,  Loss/l1: 0.00749  ,  Loss/location: 0.11653  ,  pro_loss: 0.15571  ,  IoU: 0.87812  ,  Loss/sim: 0.00000
[train: Epoch 44, 900 / 1875] FPS: 150.5 (138.3)  ,  DataTime: 0.150 (0.005)  ,  ForwardTime: 0.057  ,  TotalTime: 0.213  ,  Loss/total: 0.44327  ,  Loss/giou: 0.12905  ,  Loss/l1: 0.00749  ,  Loss/location: 0.11659  ,  pro_loss: 0.15572  ,  IoU: 0.87796  ,  Loss/sim: 0.00000
[train: Epoch 44, 950 / 1875] FPS: 150.4 (496.3)  ,  DataTime: 0.151 (0.005)  ,  ForwardTime: 0.057  ,  TotalTime: 0.213  ,  Loss/total: 0.44459  ,  Loss/giou: 0.12929  ,  Loss/l1: 0.00751  ,  Loss/location: 0.11736  ,  pro_loss: 0.15541  ,  IoU: 0.87777  ,  Loss/sim: 0.00000
[train: Epoch 44, 1000 / 1875] FPS: 150.7 (488.8)  ,  DataTime: 0.150 (0.005)  ,  ForwardTime: 0.057  ,  TotalTime: 0.212  ,  Loss/total: 0.44530  ,  Loss/giou: 0.12958  ,  Loss/l1: 0.00755  ,  Loss/location: 0.11730  ,  pro_loss: 0.15545  ,  IoU: 0.87755  ,  Loss/sim: 0.00000
[train: Epoch 44, 1050 / 1875] FPS: 151.0 (484.0)  ,  DataTime: 0.150 (0.005)  ,  ForwardTime: 0.057  ,  TotalTime: 0.212  ,  Loss/total: 0.44562  ,  Loss/giou: 0.12955  ,  Loss/l1: 0.00754  ,  Loss/location: 0.11772  ,  pro_loss: 0.15539  ,  IoU: 0.87755  ,  Loss/sim: 0.00000
[train: Epoch 44, 1100 / 1875] FPS: 151.9 (481.9)  ,  DataTime: 0.149 (0.005)  ,  ForwardTime: 0.057  ,  TotalTime: 0.211  ,  Loss/total: 0.44598  ,  Loss/giou: 0.12961  ,  Loss/l1: 0.00756  ,  Loss/location: 0.11788  ,  pro_loss: 0.15542  ,  IoU: 0.87752  ,  Loss/sim: 0.00000
[train: Epoch 44, 1150 / 1875] FPS: 152.4 (492.4)  ,  DataTime: 0.148 (0.005)  ,  ForwardTime: 0.057  ,  TotalTime: 0.210  ,  Loss/total: 0.44631  ,  Loss/giou: 0.12963  ,  Loss/l1: 0.00756  ,  Loss/location: 0.11824  ,  pro_loss: 0.15512  ,  IoU: 0.87750  ,  Loss/sim: 0.00000
[train: Epoch 44, 1200 / 1875] FPS: 153.3 (477.7)  ,  DataTime: 0.147 (0.005)  ,  ForwardTime: 0.057  ,  TotalTime: 0.209  ,  Loss/total: 0.44606  ,  Loss/giou: 0.12944  ,  Loss/l1: 0.00754  ,  Loss/location: 0.11842  ,  pro_loss: 0.15526  ,  IoU: 0.87764  ,  Loss/sim: 0.00000
[train: Epoch 44, 1250 / 1875] FPS: 153.8 (494.9)  ,  DataTime: 0.146 (0.005)  ,  ForwardTime: 0.057  ,  TotalTime: 0.208  ,  Loss/total: 0.44624  ,  Loss/giou: 0.12946  ,  Loss/l1: 0.00754  ,  Loss/location: 0.11855  ,  pro_loss: 0.15526  ,  IoU: 0.87763  ,  Loss/sim: 0.00000
[train: Epoch 44, 1300 / 1875] FPS: 155.1 (490.4)  ,  DataTime: 0.144 (0.005)  ,  ForwardTime: 0.057  ,  TotalTime: 0.206  ,  Loss/total: 0.44557  ,  Loss/giou: 0.12946  ,  Loss/l1: 0.00755  ,  Loss/location: 0.11787  ,  pro_loss: 0.15526  ,  IoU: 0.87765  ,  Loss/sim: 0.00000
[train: Epoch 44, 1350 / 1875] FPS: 156.0 (501.4)  ,  DataTime: 0.143 (0.005)  ,  ForwardTime: 0.057  ,  TotalTime: 0.205  ,  Loss/total: 0.44630  ,  Loss/giou: 0.12966  ,  Loss/l1: 0.00757  ,  Loss/location: 0.11800  ,  pro_loss: 0.15551  ,  IoU: 0.87752  ,  Loss/sim: 0.00000
[train: Epoch 44, 1400 / 1875] FPS: 156.7 (497.7)  ,  DataTime: 0.142 (0.005)  ,  ForwardTime: 0.057  ,  TotalTime: 0.204  ,  Loss/total: 0.44658  ,  Loss/giou: 0.12969  ,  Loss/l1: 0.00758  ,  Loss/location: 0.11821  ,  pro_loss: 0.15546  ,  IoU: 0.87748  ,  Loss/sim: 0.00000
[train: Epoch 44, 1450 / 1875] FPS: 157.9 (502.0)  ,  DataTime: 0.141 (0.005)  ,  ForwardTime: 0.057  ,  TotalTime: 0.203  ,  Loss/total: 0.44664  ,  Loss/giou: 0.12959  ,  Loss/l1: 0.00757  ,  Loss/location: 0.11852  ,  pro_loss: 0.15550  ,  IoU: 0.87756  ,  Loss/sim: 0.00000
[train: Epoch 44, 1500 / 1875] FPS: 159.1 (470.1)  ,  DataTime: 0.139 (0.005)  ,  ForwardTime: 0.057  ,  TotalTime: 0.201  ,  Loss/total: 0.44696  ,  Loss/giou: 0.12962  ,  Loss/l1: 0.00757  ,  Loss/location: 0.11877  ,  pro_loss: 0.15552  ,  IoU: 0.87754  ,  Loss/sim: 0.00000
[train: Epoch 44, 1550 / 1875] FPS: 160.4 (480.2)  ,  DataTime: 0.138 (0.005)  ,  ForwardTime: 0.057  ,  TotalTime: 0.199  ,  Loss/total: 0.44752  ,  Loss/giou: 0.12978  ,  Loss/l1: 0.00759  ,  Loss/location: 0.11886  ,  pro_loss: 0.15573  ,  IoU: 0.87743  ,  Loss/sim: 0.00000
[train: Epoch 44, 1600 / 1875] FPS: 161.4 (79.5)  ,  DataTime: 0.136 (0.005)  ,  ForwardTime: 0.057  ,  TotalTime: 0.198  ,  Loss/total: 0.44753  ,  Loss/giou: 0.12981  ,  Loss/l1: 0.00759  ,  Loss/location: 0.11879  ,  pro_loss: 0.15574  ,  IoU: 0.87740  ,  Loss/sim: 0.00000
[train: Epoch 44, 1650 / 1875] FPS: 162.6 (493.2)  ,  DataTime: 0.135 (0.005)  ,  ForwardTime: 0.057  ,  TotalTime: 0.197  ,  Loss/total: 0.44763  ,  Loss/giou: 0.12978  ,  Loss/l1: 0.00759  ,  Loss/location: 0.11893  ,  pro_loss: 0.15597  ,  IoU: 0.87743  ,  Loss/sim: 0.00000
[train: Epoch 44, 1700 / 1875] FPS: 163.6 (494.6)  ,  DataTime: 0.134 (0.005)  ,  ForwardTime: 0.057  ,  TotalTime: 0.196  ,  Loss/total: 0.44723  ,  Loss/giou: 0.12973  ,  Loss/l1: 0.00758  ,  Loss/location: 0.11865  ,  pro_loss: 0.15608  ,  IoU: 0.87746  ,  Loss/sim: 0.00000
[train: Epoch 44, 1750 / 1875] FPS: 164.7 (57.9)  ,  DataTime: 0.132 (0.005)  ,  ForwardTime: 0.057  ,  TotalTime: 0.194  ,  Loss/total: 0.44721  ,  Loss/giou: 0.12985  ,  Loss/l1: 0.00759  ,  Loss/location: 0.11837  ,  pro_loss: 0.15602  ,  IoU: 0.87737  ,  Loss/sim: 0.00000
[train: Epoch 44, 1800 / 1875] FPS: 165.1 (26.0)  ,  DataTime: 0.132 (0.005)  ,  ForwardTime: 0.057  ,  TotalTime: 0.194  ,  Loss/total: 0.44723  ,  Loss/giou: 0.12982  ,  Loss/l1: 0.00759  ,  Loss/location: 0.11847  ,  pro_loss: 0.15597  ,  IoU: 0.87739  ,  Loss/sim: 0.00000
[train: Epoch 44, 1850 / 1875] FPS: 166.4 (505.3)  ,  DataTime: 0.131 (0.005)  ,  ForwardTime: 0.057  ,  TotalTime: 0.192  ,  Loss/total: 0.44716  ,  Loss/giou: 0.12977  ,  Loss/l1: 0.00758  ,  Loss/location: 0.11851  ,  pro_loss: 0.15606  ,  IoU: 0.87743  ,  Loss/sim: 0.00000
[train: Epoch 44, 1875 / 1875] FPS: 167.2 (493.2)  ,  DataTime: 0.130 (0.005)  ,  ForwardTime: 0.057  ,  TotalTime: 0.191  ,  Loss/total: 0.44670  ,  Loss/giou: 0.12969  ,  Loss/l1: 0.00757  ,  Loss/location: 0.11823  ,  pro_loss: 0.15607  ,  IoU: 0.87750  ,  Loss/sim: 0.00000
[train: Epoch 45, 50 / 1875] FPS: 200.6 (487.2)  ,  DataTime: 0.098 (0.005)  ,  ForwardTime: 0.056  ,  TotalTime: 0.160  ,  Loss/total: 0.43904  ,  Loss/giou: 0.12778  ,  Loss/l1: 0.00739  ,  Loss/location: 0.11575  ,  pro_loss: 0.15396  ,  IoU: 0.87944  ,  Loss/sim: 0.00000
[train: Epoch 45, 100 / 1875] FPS: 197.1 (496.0)  ,  DataTime: 0.101 (0.005)  ,  ForwardTime: 0.057  ,  TotalTime: 0.162  ,  Loss/total: 0.44146  ,  Loss/giou: 0.12805  ,  Loss/l1: 0.00744  ,  Loss/location: 0.11704  ,  pro_loss: 0.15552  ,  IoU: 0.87905  ,  Loss/sim: 0.00000
[train: Epoch 45, 150 / 1875] FPS: 212.6 (65.0)  ,  DataTime: 0.089 (0.005)  ,  ForwardTime: 0.057  ,  TotalTime: 0.150  ,  Loss/total: 0.44176  ,  Loss/giou: 0.12818  ,  Loss/l1: 0.00740  ,  Loss/location: 0.11750  ,  pro_loss: 0.15458  ,  IoU: 0.87883  ,  Loss/sim: 0.00000
[train: Epoch 45, 200 / 1875] FPS: 216.9 (482.8)  ,  DataTime: 0.086 (0.005)  ,  ForwardTime: 0.057  ,  TotalTime: 0.148  ,  Loss/total: 0.44170  ,  Loss/giou: 0.12816  ,  Loss/l1: 0.00749  ,  Loss/location: 0.11707  ,  pro_loss: 0.15427  ,  IoU: 0.87898  ,  Loss/sim: 0.00000
[train: Epoch 45, 250 / 1875] FPS: 216.7 (44.8)  ,  DataTime: 0.086 (0.005)  ,  ForwardTime: 0.057  ,  TotalTime: 0.148  ,  Loss/total: 0.44193  ,  Loss/giou: 0.12777  ,  Loss/l1: 0.00744  ,  Loss/location: 0.11817  ,  pro_loss: 0.15492  ,  IoU: 0.87917  ,  Loss/sim: 0.00000
[train: Epoch 45, 300 / 1875] FPS: 220.3 (485.0)  ,  DataTime: 0.083 (0.005)  ,  ForwardTime: 0.057  ,  TotalTime: 0.145  ,  Loss/total: 0.44006  ,  Loss/giou: 0.12751  ,  Loss/l1: 0.00747  ,  Loss/location: 0.11681  ,  pro_loss: 0.15441  ,  IoU: 0.87944  ,  Loss/sim: 0.00000
[train: Epoch 45, 350 / 1875] FPS: 224.5 (499.4)  ,  DataTime: 0.081 (0.005)  ,  ForwardTime: 0.057  ,  TotalTime: 0.143  ,  Loss/total: 0.44169  ,  Loss/giou: 0.12804  ,  Loss/l1: 0.00750  ,  Loss/location: 0.11744  ,  pro_loss: 0.15345  ,  IoU: 0.87901  ,  Loss/sim: 0.00000
[train: Epoch 45, 400 / 1875] FPS: 225.9 (501.7)  ,  DataTime: 0.080 (0.005)  ,  ForwardTime: 0.057  ,  TotalTime: 0.142  ,  Loss/total: 0.44391  ,  Loss/giou: 0.12858  ,  Loss/l1: 0.00750  ,  Loss/location: 0.11860  ,  pro_loss: 0.15323  ,  IoU: 0.87856  ,  Loss/sim: 0.00000
[train: Epoch 45, 450 / 1875] FPS: 224.1 (480.6)  ,  DataTime: 0.081 (0.005)  ,  ForwardTime: 0.057  ,  TotalTime: 0.143  ,  Loss/total: 0.44395  ,  Loss/giou: 0.12851  ,  Loss/l1: 0.00751  ,  Loss/location: 0.11864  ,  pro_loss: 0.15370  ,  IoU: 0.87855  ,  Loss/sim: 0.00000
[train: Epoch 45, 500 / 1875] FPS: 227.2 (493.0)  ,  DataTime: 0.079 (0.005)  ,  ForwardTime: 0.057  ,  TotalTime: 0.141  ,  Loss/total: 0.44526  ,  Loss/giou: 0.12885  ,  Loss/l1: 0.00759  ,  Loss/location: 0.11879  ,  pro_loss: 0.15404  ,  IoU: 0.87841  ,  Loss/sim: 0.00000
[train: Epoch 45, 550 / 1875] FPS: 230.3 (487.2)  ,  DataTime: 0.077 (0.005)  ,  ForwardTime: 0.057  ,  TotalTime: 0.139  ,  Loss/total: 0.44517  ,  Loss/giou: 0.12911  ,  Loss/l1: 0.00758  ,  Loss/location: 0.11806  ,  pro_loss: 0.15496  ,  IoU: 0.87816  ,  Loss/sim: 0.00000
[train: Epoch 45, 600 / 1875] FPS: 232.3 (487.8)  ,  DataTime: 0.076 (0.005)  ,  ForwardTime: 0.057  ,  TotalTime: 0.138  ,  Loss/total: 0.44394  ,  Loss/giou: 0.12895  ,  Loss/l1: 0.00755  ,  Loss/location: 0.11739  ,  pro_loss: 0.15458  ,  IoU: 0.87823  ,  Loss/sim: 0.00000
[train: Epoch 45, 650 / 1875] FPS: 234.9 (483.7)  ,  DataTime: 0.074 (0.005)  ,  ForwardTime: 0.057  ,  TotalTime: 0.136  ,  Loss/total: 0.44421  ,  Loss/giou: 0.12886  ,  Loss/l1: 0.00754  ,  Loss/location: 0.11787  ,  pro_loss: 0.15471  ,  IoU: 0.87827  ,  Loss/sim: 0.00000
[train: Epoch 45, 700 / 1875] FPS: 237.5 (489.3)  ,  DataTime: 0.073 (0.005)  ,  ForwardTime: 0.057  ,  TotalTime: 0.135  ,  Loss/total: 0.44490  ,  Loss/giou: 0.12915  ,  Loss/l1: 0.00757  ,  Loss/location: 0.11773  ,  pro_loss: 0.15512  ,  IoU: 0.87808  ,  Loss/sim: 0.00000
[train: Epoch 45, 750 / 1875] FPS: 241.4 (469.1)  ,  DataTime: 0.071 (0.005)  ,  ForwardTime: 0.057  ,  TotalTime: 0.133  ,  Loss/total: 0.44481  ,  Loss/giou: 0.12938  ,  Loss/l1: 0.00756  ,  Loss/location: 0.11713  ,  pro_loss: 0.15549  ,  IoU: 0.87786  ,  Loss/sim: 0.00000
[train: Epoch 45, 800 / 1875] FPS: 241.4 (36.8)  ,  DataTime: 0.071 (0.005)  ,  ForwardTime: 0.057  ,  TotalTime: 0.133  ,  Loss/total: 0.44567  ,  Loss/giou: 0.12977  ,  Loss/l1: 0.00760  ,  Loss/location: 0.11696  ,  pro_loss: 0.15591  ,  IoU: 0.87754  ,  Loss/sim: 0.00000
[train: Epoch 45, 850 / 1875] FPS: 243.7 (483.4)  ,  DataTime: 0.069 (0.005)  ,  ForwardTime: 0.057  ,  TotalTime: 0.131  ,  Loss/total: 0.44623  ,  Loss/giou: 0.12990  ,  Loss/l1: 0.00760  ,  Loss/location: 0.11729  ,  pro_loss: 0.15577  ,  IoU: 0.87740  ,  Loss/sim: 0.00000
[train: Epoch 45, 900 / 1875] FPS: 246.3 (493.1)  ,  DataTime: 0.068 (0.005)  ,  ForwardTime: 0.057  ,  TotalTime: 0.130  ,  Loss/total: 0.44569  ,  Loss/giou: 0.12988  ,  Loss/l1: 0.00762  ,  Loss/location: 0.11673  ,  pro_loss: 0.15560  ,  IoU: 0.87748  ,  Loss/sim: 0.00000
[train: Epoch 45, 950 / 1875] FPS: 247.1 (468.8)  ,  DataTime: 0.068 (0.005)  ,  ForwardTime: 0.057  ,  TotalTime: 0.130  ,  Loss/total: 0.44631  ,  Loss/giou: 0.12990  ,  Loss/l1: 0.00762  ,  Loss/location: 0.11725  ,  pro_loss: 0.15571  ,  IoU: 0.87749  ,  Loss/sim: 0.00000
[train: Epoch 45, 1000 / 1875] FPS: 249.9 (474.6)  ,  DataTime: 0.066 (0.005)  ,  ForwardTime: 0.057  ,  TotalTime: 0.128  ,  Loss/total: 0.44578  ,  Loss/giou: 0.12978  ,  Loss/l1: 0.00761  ,  Loss/location: 0.11701  ,  pro_loss: 0.15580  ,  IoU: 0.87762  ,  Loss/sim: 0.00000
[train: Epoch 45, 1050 / 1875] FPS: 250.7 (49.9)  ,  DataTime: 0.066 (0.005)  ,  ForwardTime: 0.057  ,  TotalTime: 0.128  ,  Loss/total: 0.44521  ,  Loss/giou: 0.12954  ,  Loss/l1: 0.00758  ,  Loss/location: 0.11699  ,  pro_loss: 0.15622  ,  IoU: 0.87779  ,  Loss/sim: 0.00000
[train: Epoch 45, 1100 / 1875] FPS: 253.1 (464.7)  ,  DataTime: 0.064 (0.005)  ,  ForwardTime: 0.057  ,  TotalTime: 0.126  ,  Loss/total: 0.44492  ,  Loss/giou: 0.12941  ,  Loss/l1: 0.00757  ,  Loss/location: 0.11710  ,  pro_loss: 0.15591  ,  IoU: 0.87788  ,  Loss/sim: 0.00000
[train: Epoch 45, 1150 / 1875] FPS: 255.2 (481.3)  ,  DataTime: 0.063 (0.005)  ,  ForwardTime: 0.057  ,  TotalTime: 0.125  ,  Loss/total: 0.44502  ,  Loss/giou: 0.12958  ,  Loss/l1: 0.00758  ,  Loss/location: 0.11676  ,  pro_loss: 0.15611  ,  IoU: 0.87776  ,  Loss/sim: 0.00000
[train: Epoch 45, 1200 / 1875] FPS: 257.1 (209.9)  ,  DataTime: 0.062 (0.005)  ,  ForwardTime: 0.057  ,  TotalTime: 0.124  ,  Loss/total: 0.44574  ,  Loss/giou: 0.12979  ,  Loss/l1: 0.00760  ,  Loss/location: 0.11690  ,  pro_loss: 0.15632  ,  IoU: 0.87760  ,  Loss/sim: 0.00000
[train: Epoch 45, 1250 / 1875] FPS: 257.5 (491.1)  ,  DataTime: 0.062 (0.005)  ,  ForwardTime: 0.057  ,  TotalTime: 0.124  ,  Loss/total: 0.44522  ,  Loss/giou: 0.12962  ,  Loss/l1: 0.00758  ,  Loss/location: 0.11683  ,  pro_loss: 0.15620  ,  IoU: 0.87770  ,  Loss/sim: 0.00000
[train: Epoch 45, 1300 / 1875] FPS: 259.5 (498.3)  ,  DataTime: 0.061 (0.005)  ,  ForwardTime: 0.057  ,  TotalTime: 0.123  ,  Loss/total: 0.44529  ,  Loss/giou: 0.12972  ,  Loss/l1: 0.00760  ,  Loss/location: 0.11666  ,  pro_loss: 0.15602  ,  IoU: 0.87762  ,  Loss/sim: 0.00000
[train: Epoch 45, 1350 / 1875] FPS: 260.8 (506.9)  ,  DataTime: 0.061 (0.005)  ,  ForwardTime: 0.057  ,  TotalTime: 0.123  ,  Loss/total: 0.44552  ,  Loss/giou: 0.12968  ,  Loss/l1: 0.00760  ,  Loss/location: 0.11693  ,  pro_loss: 0.15608  ,  IoU: 0.87767  ,  Loss/sim: 0.00000
[train: Epoch 45, 1400 / 1875] FPS: 262.1 (484.4)  ,  DataTime: 0.060 (0.005)  ,  ForwardTime: 0.057  ,  TotalTime: 0.122  ,  Loss/total: 0.44524  ,  Loss/giou: 0.12950  ,  Loss/l1: 0.00758  ,  Loss/location: 0.11717  ,  pro_loss: 0.15597  ,  IoU: 0.87780  ,  Loss/sim: 0.00000
[train: Epoch 45, 1450 / 1875] FPS: 263.2 (470.5)  ,  DataTime: 0.060 (0.005)  ,  ForwardTime: 0.057  ,  TotalTime: 0.122  ,  Loss/total: 0.44455  ,  Loss/giou: 0.12923  ,  Loss/l1: 0.00755  ,  Loss/location: 0.11716  ,  pro_loss: 0.15581  ,  IoU: 0.87802  ,  Loss/sim: 0.00000
[train: Epoch 45, 1500 / 1875] FPS: 265.1 (488.3)  ,  DataTime: 0.059 (0.005)  ,  ForwardTime: 0.057  ,  TotalTime: 0.121  ,  Loss/total: 0.44493  ,  Loss/giou: 0.12928  ,  Loss/l1: 0.00756  ,  Loss/location: 0.11743  ,  pro_loss: 0.15574  ,  IoU: 0.87796  ,  Loss/sim: 0.00000
[train: Epoch 45, 1550 / 1875] FPS: 267.0 (491.3)  ,  DataTime: 0.058 (0.005)  ,  ForwardTime: 0.057  ,  TotalTime: 0.120  ,  Loss/total: 0.44524  ,  Loss/giou: 0.12933  ,  Loss/l1: 0.00756  ,  Loss/location: 0.11763  ,  pro_loss: 0.15581  ,  IoU: 0.87792  ,  Loss/sim: 0.00000
[train: Epoch 45, 1600 / 1875] FPS: 267.9 (490.0)  ,  DataTime: 0.057 (0.005)  ,  ForwardTime: 0.057  ,  TotalTime: 0.119  ,  Loss/total: 0.44533  ,  Loss/giou: 0.12928  ,  Loss/l1: 0.00756  ,  Loss/location: 0.11783  ,  pro_loss: 0.15574  ,  IoU: 0.87797  ,  Loss/sim: 0.00000
[train: Epoch 45, 1650 / 1875] FPS: 270.0 (497.3)  ,  DataTime: 0.056 (0.005)  ,  ForwardTime: 0.057  ,  TotalTime: 0.119  ,  Loss/total: 0.44507  ,  Loss/giou: 0.12929  ,  Loss/l1: 0.00755  ,  Loss/location: 0.11757  ,  pro_loss: 0.15576  ,  IoU: 0.87794  ,  Loss/sim: 0.00000
[train: Epoch 45, 1700 / 1875] FPS: 271.1 (325.4)  ,  DataTime: 0.056 (0.005)  ,  ForwardTime: 0.057  ,  TotalTime: 0.118  ,  Loss/total: 0.44542  ,  Loss/giou: 0.12929  ,  Loss/l1: 0.00755  ,  Loss/location: 0.11794  ,  pro_loss: 0.15580  ,  IoU: 0.87792  ,  Loss/sim: 0.00000
[train: Epoch 45, 1750 / 1875] FPS: 272.5 (491.2)  ,  DataTime: 0.055 (0.005)  ,  ForwardTime: 0.057  ,  TotalTime: 0.117  ,  Loss/total: 0.44499  ,  Loss/giou: 0.12922  ,  Loss/l1: 0.00754  ,  Loss/location: 0.11770  ,  pro_loss: 0.15580  ,  IoU: 0.87797  ,  Loss/sim: 0.00000
[train: Epoch 45, 1800 / 1875] FPS: 274.5 (471.1)  ,  DataTime: 0.054 (0.005)  ,  ForwardTime: 0.057  ,  TotalTime: 0.117  ,  Loss/total: 0.44504  ,  Loss/giou: 0.12917  ,  Loss/l1: 0.00753  ,  Loss/location: 0.11791  ,  pro_loss: 0.15568  ,  IoU: 0.87802  ,  Loss/sim: 0.00000
[train: Epoch 45, 1850 / 1875] FPS: 276.2 (476.0)  ,  DataTime: 0.054 (0.005)  ,  ForwardTime: 0.057  ,  TotalTime: 0.116  ,  Loss/total: 0.44494  ,  Loss/giou: 0.12917  ,  Loss/l1: 0.00753  ,  Loss/location: 0.11778  ,  pro_loss: 0.15581  ,  IoU: 0.87803  ,  Loss/sim: 0.00000
[train: Epoch 45, 1875 / 1875] FPS: 277.3 (507.8)  ,  DataTime: 0.053 (0.005)  ,  ForwardTime: 0.057  ,  TotalTime: 0.115  ,  Loss/total: 0.44490  ,  Loss/giou: 0.12917  ,  Loss/l1: 0.00753  ,  Loss/location: 0.11777  ,  pro_loss: 0.15568  ,  IoU: 0.87802  ,  Loss/sim: 0.00000
[val: Epoch 45, 50 / 312] FPS: 78.2 (53.3)  ,  DataTime: 0.377 (0.006)  ,  ForwardTime: 0.025  ,  TotalTime: 0.409  ,  Loss/total: 0.89734  ,  Loss/giou: 0.23488  ,  Loss/l1: 0.01723  ,  Loss/location: 0.34090  ,  pro_loss: 0.00250  ,  IoU: 0.78545  ,  Loss/sim: 0.00000
[val: Epoch 45, 100 / 312] FPS: 77.9 (913.8)  ,  DataTime: 0.380 (0.006)  ,  ForwardTime: 0.025  ,  TotalTime: 0.411  ,  Loss/total: 0.89472  ,  Loss/giou: 0.23379  ,  Loss/l1: 0.01717  ,  Loss/location: 0.34091  ,  pro_loss: 0.00198  ,  IoU: 0.78605  ,  Loss/sim: 0.00000
[val: Epoch 45, 150 / 312] FPS: 77.4 (857.8)  ,  DataTime: 0.382 (0.006)  ,  ForwardTime: 0.025  ,  TotalTime: 0.413  ,  Loss/total: 0.90583  ,  Loss/giou: 0.23566  ,  Loss/l1: 0.01770  ,  Loss/location: 0.34560  ,  pro_loss: 0.00201  ,  IoU: 0.78491  ,  Loss/sim: 0.00000
[val: Epoch 45, 200 / 312] FPS: 80.6 (893.8)  ,  DataTime: 0.366 (0.006)  ,  ForwardTime: 0.025  ,  TotalTime: 0.397  ,  Loss/total: 0.89967  ,  Loss/giou: 0.23465  ,  Loss/l1: 0.01739  ,  Loss/location: 0.34297  ,  pro_loss: 0.00229  ,  IoU: 0.78511  ,  Loss/sim: 0.00000
[val: Epoch 45, 250 / 312] FPS: 80.4 (136.2)  ,  DataTime: 0.366 (0.006)  ,  ForwardTime: 0.025  ,  TotalTime: 0.398  ,  Loss/total: 0.90290  ,  Loss/giou: 0.23427  ,  Loss/l1: 0.01753  ,  Loss/location: 0.34626  ,  pro_loss: 0.00217  ,  IoU: 0.78552  ,  Loss/sim: 0.00000
[val: Epoch 45, 300 / 312] FPS: 80.0 (957.6)  ,  DataTime: 0.369 (0.006)  ,  ForwardTime: 0.025  ,  TotalTime: 0.400  ,  Loss/total: 0.90267  ,  Loss/giou: 0.23497  ,  Loss/l1: 0.01767  ,  Loss/location: 0.34397  ,  pro_loss: 0.00208  ,  IoU: 0.78554  ,  Loss/sim: 0.00000
[val: Epoch 45, 312 / 312] FPS: 81.3 (996.1)  ,  DataTime: 0.362 (0.006)  ,  ForwardTime: 0.025  ,  TotalTime: 0.394  ,  Loss/total: 0.90220  ,  Loss/giou: 0.23468  ,  Loss/l1: 0.01763  ,  Loss/location: 0.34429  ,  pro_loss: 0.00204  ,  IoU: 0.78570  ,  Loss/sim: 0.00000
[train: Epoch 46, 50 / 1875] FPS: 62.3 (501.4)  ,  DataTime: 0.452 (0.005)  ,  ForwardTime: 0.056  ,  TotalTime: 0.513  ,  Loss/total: 0.43320  ,  Loss/giou: 0.12658  ,  Loss/l1: 0.00764  ,  Loss/location: 0.11148  ,  pro_loss: 0.15167  ,  IoU: 0.88110  ,  Loss/sim: 0.00000
[train: Epoch 46, 100 / 1875] FPS: 67.2 (506.5)  ,  DataTime: 0.415 (0.005)  ,  ForwardTime: 0.056  ,  TotalTime: 0.476  ,  Loss/total: 0.43341  ,  Loss/giou: 0.12688  ,  Loss/l1: 0.00733  ,  Loss/location: 0.11242  ,  pro_loss: 0.15281  ,  IoU: 0.88012  ,  Loss/sim: 0.00000
[train: Epoch 46, 150 / 1875] FPS: 71.1 (489.2)  ,  DataTime: 0.389 (0.005)  ,  ForwardTime: 0.056  ,  TotalTime: 0.450  ,  Loss/total: 0.43302  ,  Loss/giou: 0.12694  ,  Loss/l1: 0.00731  ,  Loss/location: 0.11207  ,  pro_loss: 0.15264  ,  IoU: 0.87991  ,  Loss/sim: 0.00000
[train: Epoch 46, 200 / 1875] FPS: 73.8 (351.9)  ,  DataTime: 0.372 (0.005)  ,  ForwardTime: 0.056  ,  TotalTime: 0.433  ,  Loss/total: 0.43485  ,  Loss/giou: 0.12654  ,  Loss/l1: 0.00735  ,  Loss/location: 0.11398  ,  pro_loss: 0.15531  ,  IoU: 0.88046  ,  Loss/sim: 0.00000
[train: Epoch 46, 250 / 1875] FPS: 74.9 (498.6)  ,  DataTime: 0.366 (0.005)  ,  ForwardTime: 0.056  ,  TotalTime: 0.427  ,  Loss/total: 0.43541  ,  Loss/giou: 0.12680  ,  Loss/l1: 0.00742  ,  Loss/location: 0.11374  ,  pro_loss: 0.15479  ,  IoU: 0.88016  ,  Loss/sim: 0.00000
[train: Epoch 46, 300 / 1875] FPS: 76.6 (205.4)  ,  DataTime: 0.357 (0.005)  ,  ForwardTime: 0.057  ,  TotalTime: 0.418  ,  Loss/total: 0.43319  ,  Loss/giou: 0.12670  ,  Loss/l1: 0.00736  ,  Loss/location: 0.11200  ,  pro_loss: 0.15490  ,  IoU: 0.88014  ,  Loss/sim: 0.00000
[train: Epoch 46, 350 / 1875] FPS: 76.8 (495.1)  ,  DataTime: 0.355 (0.005)  ,  ForwardTime: 0.057  ,  TotalTime: 0.417  ,  Loss/total: 0.43489  ,  Loss/giou: 0.12698  ,  Loss/l1: 0.00737  ,  Loss/location: 0.11314  ,  pro_loss: 0.15482  ,  IoU: 0.87983  ,  Loss/sim: 0.00000
[train: Epoch 46, 400 / 1875] FPS: 77.3 (13.4)  ,  DataTime: 0.353 (0.005)  ,  ForwardTime: 0.057  ,  TotalTime: 0.414  ,  Loss/total: 0.43486  ,  Loss/giou: 0.12672  ,  Loss/l1: 0.00736  ,  Loss/location: 0.11383  ,  pro_loss: 0.15386  ,  IoU: 0.88004  ,  Loss/sim: 0.00000
[train: Epoch 46, 450 / 1875] FPS: 79.0 (508.4)  ,  DataTime: 0.344 (0.005)  ,  ForwardTime: 0.057  ,  TotalTime: 0.405  ,  Loss/total: 0.43517  ,  Loss/giou: 0.12667  ,  Loss/l1: 0.00736  ,  Loss/location: 0.11418  ,  pro_loss: 0.15445  ,  IoU: 0.88005  ,  Loss/sim: 0.00000
[train: Epoch 46, 500 / 1875] FPS: 80.2 (504.1)  ,  DataTime: 0.338 (0.005)  ,  ForwardTime: 0.056  ,  TotalTime: 0.399  ,  Loss/total: 0.43568  ,  Loss/giou: 0.12678  ,  Loss/l1: 0.00735  ,  Loss/location: 0.11436  ,  pro_loss: 0.15508  ,  IoU: 0.87995  ,  Loss/sim: 0.00000
[train: Epoch 46, 550 / 1875] FPS: 81.0 (511.1)  ,  DataTime: 0.334 (0.005)  ,  ForwardTime: 0.056  ,  TotalTime: 0.395  ,  Loss/total: 0.43631  ,  Loss/giou: 0.12686  ,  Loss/l1: 0.00735  ,  Loss/location: 0.11491  ,  pro_loss: 0.15466  ,  IoU: 0.87987  ,  Loss/sim: 0.00000
[train: Epoch 46, 600 / 1875] FPS: 81.9 (501.2)  ,  DataTime: 0.329 (0.005)  ,  ForwardTime: 0.056  ,  TotalTime: 0.390  ,  Loss/total: 0.43557  ,  Loss/giou: 0.12699  ,  Loss/l1: 0.00734  ,  Loss/location: 0.11395  ,  pro_loss: 0.15486  ,  IoU: 0.87972  ,  Loss/sim: 0.00000
[train: Epoch 46, 650 / 1875] FPS: 83.1 (174.4)  ,  DataTime: 0.324 (0.005)  ,  ForwardTime: 0.056  ,  TotalTime: 0.385  ,  Loss/total: 0.43608  ,  Loss/giou: 0.12739  ,  Loss/l1: 0.00737  ,  Loss/location: 0.11342  ,  pro_loss: 0.15511  ,  IoU: 0.87933  ,  Loss/sim: 0.00000
[train: Epoch 46, 700 / 1875] FPS: 84.0 (496.3)  ,  DataTime: 0.320 (0.005)  ,  ForwardTime: 0.056  ,  TotalTime: 0.381  ,  Loss/total: 0.43486  ,  Loss/giou: 0.12706  ,  Loss/l1: 0.00734  ,  Loss/location: 0.11302  ,  pro_loss: 0.15508  ,  IoU: 0.87958  ,  Loss/sim: 0.00000
[train: Epoch 46, 750 / 1875] FPS: 85.1 (507.3)  ,  DataTime: 0.315 (0.005)  ,  ForwardTime: 0.056  ,  TotalTime: 0.376  ,  Loss/total: 0.43483  ,  Loss/giou: 0.12715  ,  Loss/l1: 0.00733  ,  Loss/location: 0.11291  ,  pro_loss: 0.15472  ,  IoU: 0.87951  ,  Loss/sim: 0.00000
[train: Epoch 46, 800 / 1875] FPS: 86.5 (507.0)  ,  DataTime: 0.309 (0.005)  ,  ForwardTime: 0.056  ,  TotalTime: 0.370  ,  Loss/total: 0.43632  ,  Loss/giou: 0.12739  ,  Loss/l1: 0.00734  ,  Loss/location: 0.11384  ,  pro_loss: 0.15500  ,  IoU: 0.87931  ,  Loss/sim: 0.00000
[train: Epoch 46, 850 / 1875] FPS: 87.1 (509.1)  ,  DataTime: 0.306 (0.005)  ,  ForwardTime: 0.056  ,  TotalTime: 0.367  ,  Loss/total: 0.43660  ,  Loss/giou: 0.12755  ,  Loss/l1: 0.00735  ,  Loss/location: 0.11381  ,  pro_loss: 0.15473  ,  IoU: 0.87916  ,  Loss/sim: 0.00000
[train: Epoch 46, 900 / 1875] FPS: 87.8 (494.5)  ,  DataTime: 0.304 (0.005)  ,  ForwardTime: 0.056  ,  TotalTime: 0.365  ,  Loss/total: 0.43697  ,  Loss/giou: 0.12746  ,  Loss/l1: 0.00735  ,  Loss/location: 0.11434  ,  pro_loss: 0.15482  ,  IoU: 0.87923  ,  Loss/sim: 0.00000
[train: Epoch 46, 950 / 1875] FPS: 89.0 (491.2)  ,  DataTime: 0.298 (0.005)  ,  ForwardTime: 0.056  ,  TotalTime: 0.359  ,  Loss/total: 0.43710  ,  Loss/giou: 0.12736  ,  Loss/l1: 0.00735  ,  Loss/location: 0.11460  ,  pro_loss: 0.15515  ,  IoU: 0.87931  ,  Loss/sim: 0.00000
[train: Epoch 46, 1000 / 1875] FPS: 90.3 (490.0)  ,  DataTime: 0.293 (0.005)  ,  ForwardTime: 0.056  ,  TotalTime: 0.354  ,  Loss/total: 0.43822  ,  Loss/giou: 0.12756  ,  Loss/l1: 0.00738  ,  Loss/location: 0.11510  ,  pro_loss: 0.15557  ,  IoU: 0.87913  ,  Loss/sim: 0.00000
[train: Epoch 46, 1050 / 1875] FPS: 91.3 (245.8)  ,  DataTime: 0.289 (0.005)  ,  ForwardTime: 0.056  ,  TotalTime: 0.350  ,  Loss/total: 0.43946  ,  Loss/giou: 0.12786  ,  Loss/l1: 0.00741  ,  Loss/location: 0.11550  ,  pro_loss: 0.15585  ,  IoU: 0.87890  ,  Loss/sim: 0.00000
[train: Epoch 46, 1100 / 1875] FPS: 92.4 (507.6)  ,  DataTime: 0.286 (0.005)  ,  ForwardTime: 0.056  ,  TotalTime: 0.346  ,  Loss/total: 0.43949  ,  Loss/giou: 0.12776  ,  Loss/l1: 0.00741  ,  Loss/location: 0.11579  ,  pro_loss: 0.15577  ,  IoU: 0.87900  ,  Loss/sim: 0.00000
[train: Epoch 46, 1150 / 1875] FPS: 93.0 (508.3)  ,  DataTime: 0.283 (0.005)  ,  ForwardTime: 0.056  ,  TotalTime: 0.344  ,  Loss/total: 0.44007  ,  Loss/giou: 0.12790  ,  Loss/l1: 0.00742  ,  Loss/location: 0.11603  ,  pro_loss: 0.15570  ,  IoU: 0.87888  ,  Loss/sim: 0.00000
[train: Epoch 46, 1200 / 1875] FPS: 93.7 (19.6)  ,  DataTime: 0.281 (0.005)  ,  ForwardTime: 0.056  ,  TotalTime: 0.342  ,  Loss/total: 0.44058  ,  Loss/giou: 0.12811  ,  Loss/l1: 0.00744  ,  Loss/location: 0.11601  ,  pro_loss: 0.15573  ,  IoU: 0.87872  ,  Loss/sim: 0.00000
[train: Epoch 46, 1250 / 1875] FPS: 94.6 (498.8)  ,  DataTime: 0.277 (0.005)  ,  ForwardTime: 0.056  ,  TotalTime: 0.338  ,  Loss/total: 0.44057  ,  Loss/giou: 0.12810  ,  Loss/l1: 0.00744  ,  Loss/location: 0.11603  ,  pro_loss: 0.15564  ,  IoU: 0.87872  ,  Loss/sim: 0.00000
[train: Epoch 46, 1300 / 1875] FPS: 95.8 (505.6)  ,  DataTime: 0.273 (0.005)  ,  ForwardTime: 0.056  ,  TotalTime: 0.334  ,  Loss/total: 0.44087  ,  Loss/giou: 0.12826  ,  Loss/l1: 0.00745  ,  Loss/location: 0.11604  ,  pro_loss: 0.15536  ,  IoU: 0.87857  ,  Loss/sim: 0.00000
[train: Epoch 46, 1350 / 1875] FPS: 96.8 (499.7)  ,  DataTime: 0.270 (0.005)  ,  ForwardTime: 0.056  ,  TotalTime: 0.331  ,  Loss/total: 0.44165  ,  Loss/giou: 0.12845  ,  Loss/l1: 0.00747  ,  Loss/location: 0.11634  ,  pro_loss: 0.15536  ,  IoU: 0.87842  ,  Loss/sim: 0.00000
[train: Epoch 46, 1400 / 1875] FPS: 97.7 (507.4)  ,  DataTime: 0.267 (0.005)  ,  ForwardTime: 0.056  ,  TotalTime: 0.327  ,  Loss/total: 0.44143  ,  Loss/giou: 0.12838  ,  Loss/l1: 0.00745  ,  Loss/location: 0.11632  ,  pro_loss: 0.15542  ,  IoU: 0.87847  ,  Loss/sim: 0.00000
[train: Epoch 46, 1450 / 1875] FPS: 98.6 (496.1)  ,  DataTime: 0.264 (0.005)  ,  ForwardTime: 0.056  ,  TotalTime: 0.324  ,  Loss/total: 0.44192  ,  Loss/giou: 0.12846  ,  Loss/l1: 0.00746  ,  Loss/location: 0.11664  ,  pro_loss: 0.15530  ,  IoU: 0.87841  ,  Loss/sim: 0.00000
[train: Epoch 46, 1500 / 1875] FPS: 99.5 (35.1)  ,  DataTime: 0.261 (0.005)  ,  ForwardTime: 0.056  ,  TotalTime: 0.322  ,  Loss/total: 0.44238  ,  Loss/giou: 0.12848  ,  Loss/l1: 0.00746  ,  Loss/location: 0.11702  ,  pro_loss: 0.15547  ,  IoU: 0.87838  ,  Loss/sim: 0.00000
[train: Epoch 46, 1550 / 1875] FPS: 100.6 (506.2)  ,  DataTime: 0.257 (0.005)  ,  ForwardTime: 0.056  ,  TotalTime: 0.318  ,  Loss/total: 0.44231  ,  Loss/giou: 0.12849  ,  Loss/l1: 0.00746  ,  Loss/location: 0.11697  ,  pro_loss: 0.15540  ,  IoU: 0.87836  ,  Loss/sim: 0.00000
[train: Epoch 46, 1600 / 1875] FPS: 101.2 (18.7)  ,  DataTime: 0.255 (0.005)  ,  ForwardTime: 0.056  ,  TotalTime: 0.316  ,  Loss/total: 0.44219  ,  Loss/giou: 0.12862  ,  Loss/l1: 0.00747  ,  Loss/location: 0.11653  ,  pro_loss: 0.15545  ,  IoU: 0.87825  ,  Loss/sim: 0.00000
[train: Epoch 46, 1650 / 1875] FPS: 102.4 (505.4)  ,  DataTime: 0.252 (0.005)  ,  ForwardTime: 0.056  ,  TotalTime: 0.313  ,  Loss/total: 0.44227  ,  Loss/giou: 0.12855  ,  Loss/l1: 0.00746  ,  Loss/location: 0.11676  ,  pro_loss: 0.15551  ,  IoU: 0.87829  ,  Loss/sim: 0.00000
[train: Epoch 46, 1700 / 1875] FPS: 103.3 (509.4)  ,  DataTime: 0.249 (0.005)  ,  ForwardTime: 0.056  ,  TotalTime: 0.310  ,  Loss/total: 0.44210  ,  Loss/giou: 0.12850  ,  Loss/l1: 0.00745  ,  Loss/location: 0.11670  ,  pro_loss: 0.15558  ,  IoU: 0.87833  ,  Loss/sim: 0.00000
[train: Epoch 46, 1750 / 1875] FPS: 104.0 (493.3)  ,  DataTime: 0.247 (0.005)  ,  ForwardTime: 0.056  ,  TotalTime: 0.308  ,  Loss/total: 0.44267  ,  Loss/giou: 0.12867  ,  Loss/l1: 0.00747  ,  Loss/location: 0.11686  ,  pro_loss: 0.15569  ,  IoU: 0.87820  ,  Loss/sim: 0.00000
[train: Epoch 46, 1800 / 1875] FPS: 105.0 (501.9)  ,  DataTime: 0.244 (0.005)  ,  ForwardTime: 0.056  ,  TotalTime: 0.305  ,  Loss/total: 0.44265  ,  Loss/giou: 0.12866  ,  Loss/l1: 0.00747  ,  Loss/location: 0.11683  ,  pro_loss: 0.15576  ,  IoU: 0.87822  ,  Loss/sim: 0.00000
[train: Epoch 46, 1850 / 1875] FPS: 105.9 (508.2)  ,  DataTime: 0.241 (0.005)  ,  ForwardTime: 0.056  ,  TotalTime: 0.302  ,  Loss/total: 0.44261  ,  Loss/giou: 0.12867  ,  Loss/l1: 0.00747  ,  Loss/location: 0.11676  ,  pro_loss: 0.15574  ,  IoU: 0.87823  ,  Loss/sim: 0.00000
[train: Epoch 46, 1875 / 1875] FPS: 106.6 (516.9)  ,  DataTime: 0.239 (0.005)  ,  ForwardTime: 0.056  ,  TotalTime: 0.300  ,  Loss/total: 0.44255  ,  Loss/giou: 0.12858  ,  Loss/l1: 0.00747  ,  Loss/location: 0.11687  ,  pro_loss: 0.15589  ,  IoU: 0.87831  ,  Loss/sim: 0.00000
[train: Epoch 47, 50 / 1875] FPS: 128.0 (43.8)  ,  DataTime: 0.189 (0.005)  ,  ForwardTime: 0.056  ,  TotalTime: 0.250  ,  Loss/total: 0.43624  ,  Loss/giou: 0.12445  ,  Loss/l1: 0.00742  ,  Loss/location: 0.11961  ,  pro_loss: 0.15313  ,  IoU: 0.88120  ,  Loss/sim: 0.00000
[train: Epoch 47, 100 / 1875] FPS: 152.1 (501.9)  ,  DataTime: 0.149 (0.005)  ,  ForwardTime: 0.056  ,  TotalTime: 0.210  ,  Loss/total: 0.43576  ,  Loss/giou: 0.12593  ,  Loss/l1: 0.00741  ,  Loss/location: 0.11527  ,  pro_loss: 0.15792  ,  IoU: 0.88031  ,  Loss/sim: 0.00000
[train: Epoch 47, 150 / 1875] FPS: 153.8 (71.2)  ,  DataTime: 0.147 (0.005)  ,  ForwardTime: 0.056  ,  TotalTime: 0.208  ,  Loss/total: 0.44006  ,  Loss/giou: 0.12717  ,  Loss/l1: 0.00746  ,  Loss/location: 0.11727  ,  pro_loss: 0.15583  ,  IoU: 0.87923  ,  Loss/sim: 0.00000
[train: Epoch 47, 200 / 1875] FPS: 155.9 (491.2)  ,  DataTime: 0.144 (0.005)  ,  ForwardTime: 0.056  ,  TotalTime: 0.205  ,  Loss/total: 0.43945  ,  Loss/giou: 0.12768  ,  Loss/l1: 0.00747  ,  Loss/location: 0.11592  ,  pro_loss: 0.15417  ,  IoU: 0.87887  ,  Loss/sim: 0.00000
[train: Epoch 47, 250 / 1875] FPS: 158.7 (510.6)  ,  DataTime: 0.141 (0.005)  ,  ForwardTime: 0.056  ,  TotalTime: 0.202  ,  Loss/total: 0.44053  ,  Loss/giou: 0.12764  ,  Loss/l1: 0.00756  ,  Loss/location: 0.11647  ,  pro_loss: 0.15496  ,  IoU: 0.87900  ,  Loss/sim: 0.00000
[train: Epoch 47, 300 / 1875] FPS: 162.3 (504.7)  ,  DataTime: 0.136 (0.005)  ,  ForwardTime: 0.056  ,  TotalTime: 0.197  ,  Loss/total: 0.44220  ,  Loss/giou: 0.12838  ,  Loss/l1: 0.00755  ,  Loss/location: 0.11681  ,  pro_loss: 0.15434  ,  IoU: 0.87838  ,  Loss/sim: 0.00000
[train: Epoch 47, 350 / 1875] FPS: 162.8 (34.1)  ,  DataTime: 0.135 (0.005)  ,  ForwardTime: 0.056  ,  TotalTime: 0.197  ,  Loss/total: 0.44318  ,  Loss/giou: 0.12862  ,  Loss/l1: 0.00758  ,  Loss/location: 0.11727  ,  pro_loss: 0.15393  ,  IoU: 0.87813  ,  Loss/sim: 0.00000
[train: Epoch 47, 400 / 1875] FPS: 165.5 (500.7)  ,  DataTime: 0.132 (0.005)  ,  ForwardTime: 0.056  ,  TotalTime: 0.193  ,  Loss/total: 0.44372  ,  Loss/giou: 0.12898  ,  Loss/l1: 0.00760  ,  Loss/location: 0.11701  ,  pro_loss: 0.15362  ,  IoU: 0.87788  ,  Loss/sim: 0.00000
[train: Epoch 47, 450 / 1875] FPS: 165.8 (505.9)  ,  DataTime: 0.132 (0.005)  ,  ForwardTime: 0.056  ,  TotalTime: 0.193  ,  Loss/total: 0.44275  ,  Loss/giou: 0.12902  ,  Loss/l1: 0.00760  ,  Loss/location: 0.11607  ,  pro_loss: 0.15329  ,  IoU: 0.87786  ,  Loss/sim: 0.00000
[train: Epoch 47, 500 / 1875] FPS: 166.5 (505.2)  ,  DataTime: 0.131 (0.005)  ,  ForwardTime: 0.056  ,  TotalTime: 0.192  ,  Loss/total: 0.44309  ,  Loss/giou: 0.12875  ,  Loss/l1: 0.00758  ,  Loss/location: 0.11693  ,  pro_loss: 0.15383  ,  IoU: 0.87817  ,  Loss/sim: 0.00000
[train: Epoch 47, 550 / 1875] FPS: 168.7 (506.8)  ,  DataTime: 0.129 (0.005)  ,  ForwardTime: 0.056  ,  TotalTime: 0.190  ,  Loss/total: 0.44325  ,  Loss/giou: 0.12873  ,  Loss/l1: 0.00757  ,  Loss/location: 0.11717  ,  pro_loss: 0.15379  ,  IoU: 0.87823  ,  Loss/sim: 0.00000
[train: Epoch 47, 600 / 1875] FPS: 168.9 (38.5)  ,  DataTime: 0.128 (0.005)  ,  ForwardTime: 0.056  ,  TotalTime: 0.189  ,  Loss/total: 0.44156  ,  Loss/giou: 0.12825  ,  Loss/l1: 0.00752  ,  Loss/location: 0.11668  ,  pro_loss: 0.15387  ,  IoU: 0.87863  ,  Loss/sim: 0.00000
[train: Epoch 47, 650 / 1875] FPS: 171.8 (407.4)  ,  DataTime: 0.125 (0.005)  ,  ForwardTime: 0.056  ,  TotalTime: 0.186  ,  Loss/total: 0.44120  ,  Loss/giou: 0.12807  ,  Loss/l1: 0.00750  ,  Loss/location: 0.11675  ,  pro_loss: 0.15394  ,  IoU: 0.87880  ,  Loss/sim: 0.00000
[train: Epoch 47, 700 / 1875] FPS: 170.4 (499.4)  ,  DataTime: 0.127 (0.005)  ,  ForwardTime: 0.056  ,  TotalTime: 0.188  ,  Loss/total: 0.43991  ,  Loss/giou: 0.12774  ,  Loss/l1: 0.00745  ,  Loss/location: 0.11639  ,  pro_loss: 0.15393  ,  IoU: 0.87905  ,  Loss/sim: 0.00000
[train: Epoch 47, 750 / 1875] FPS: 172.2 (39.0)  ,  DataTime: 0.125 (0.005)  ,  ForwardTime: 0.056  ,  TotalTime: 0.186  ,  Loss/total: 0.43947  ,  Loss/giou: 0.12774  ,  Loss/l1: 0.00746  ,  Loss/location: 0.11587  ,  pro_loss: 0.15400  ,  IoU: 0.87905  ,  Loss/sim: 0.00000
[train: Epoch 47, 800 / 1875] FPS: 172.9 (505.9)  ,  DataTime: 0.124 (0.005)  ,  ForwardTime: 0.056  ,  TotalTime: 0.185  ,  Loss/total: 0.43883  ,  Loss/giou: 0.12763  ,  Loss/l1: 0.00745  ,  Loss/location: 0.11547  ,  pro_loss: 0.15414  ,  IoU: 0.87914  ,  Loss/sim: 0.00000
[train: Epoch 47, 850 / 1875] FPS: 174.5 (495.3)  ,  DataTime: 0.122 (0.005)  ,  ForwardTime: 0.056  ,  TotalTime: 0.183  ,  Loss/total: 0.43817  ,  Loss/giou: 0.12751  ,  Loss/l1: 0.00744  ,  Loss/location: 0.11506  ,  pro_loss: 0.15446  ,  IoU: 0.87926  ,  Loss/sim: 0.00000
[train: Epoch 47, 900 / 1875] FPS: 176.1 (500.0)  ,  DataTime: 0.121 (0.005)  ,  ForwardTime: 0.056  ,  TotalTime: 0.182  ,  Loss/total: 0.43773  ,  Loss/giou: 0.12728  ,  Loss/l1: 0.00742  ,  Loss/location: 0.11524  ,  pro_loss: 0.15420  ,  IoU: 0.87944  ,  Loss/sim: 0.00000
[train: Epoch 47, 950 / 1875] FPS: 177.3 (497.1)  ,  DataTime: 0.119 (0.005)  ,  ForwardTime: 0.056  ,  TotalTime: 0.180  ,  Loss/total: 0.43842  ,  Loss/giou: 0.12756  ,  Loss/l1: 0.00743  ,  Loss/location: 0.11530  ,  pro_loss: 0.15420  ,  IoU: 0.87921  ,  Loss/sim: 0.00000
[train: Epoch 47, 1000 / 1875] FPS: 178.1 (501.3)  ,  DataTime: 0.119 (0.005)  ,  ForwardTime: 0.056  ,  TotalTime: 0.180  ,  Loss/total: 0.43806  ,  Loss/giou: 0.12756  ,  Loss/l1: 0.00744  ,  Loss/location: 0.11486  ,  pro_loss: 0.15442  ,  IoU: 0.87925  ,  Loss/sim: 0.00000
[train: Epoch 47, 1050 / 1875] FPS: 179.6 (497.8)  ,  DataTime: 0.117 (0.005)  ,  ForwardTime: 0.056  ,  TotalTime: 0.178  ,  Loss/total: 0.43829  ,  Loss/giou: 0.12757  ,  Loss/l1: 0.00745  ,  Loss/location: 0.11496  ,  pro_loss: 0.15456  ,  IoU: 0.87923  ,  Loss/sim: 0.00000
[train: Epoch 47, 1100 / 1875] FPS: 181.7 (313.9)  ,  DataTime: 0.115 (0.005)  ,  ForwardTime: 0.056  ,  TotalTime: 0.176  ,  Loss/total: 0.43807  ,  Loss/giou: 0.12763  ,  Loss/l1: 0.00745  ,  Loss/location: 0.11466  ,  pro_loss: 0.15448  ,  IoU: 0.87919  ,  Loss/sim: 0.00000
[train: Epoch 47, 1150 / 1875] FPS: 182.0 (502.3)  ,  DataTime: 0.115 (0.005)  ,  ForwardTime: 0.056  ,  TotalTime: 0.176  ,  Loss/total: 0.43794  ,  Loss/giou: 0.12756  ,  Loss/l1: 0.00744  ,  Loss/location: 0.11472  ,  pro_loss: 0.15442  ,  IoU: 0.87923  ,  Loss/sim: 0.00000
[train: Epoch 47, 1200 / 1875] FPS: 183.8 (499.5)  ,  DataTime: 0.113 (0.005)  ,  ForwardTime: 0.056  ,  TotalTime: 0.174  ,  Loss/total: 0.43851  ,  Loss/giou: 0.12765  ,  Loss/l1: 0.00745  ,  Loss/location: 0.11509  ,  pro_loss: 0.15438  ,  IoU: 0.87916  ,  Loss/sim: 0.00000
[train: Epoch 47, 1250 / 1875] FPS: 185.2 (487.9)  ,  DataTime: 0.112 (0.005)  ,  ForwardTime: 0.056  ,  TotalTime: 0.173  ,  Loss/total: 0.43811  ,  Loss/giou: 0.12751  ,  Loss/l1: 0.00745  ,  Loss/location: 0.11496  ,  pro_loss: 0.15448  ,  IoU: 0.87930  ,  Loss/sim: 0.00000
[train: Epoch 47, 1300 / 1875] FPS: 186.2 (497.6)  ,  DataTime: 0.111 (0.005)  ,  ForwardTime: 0.056  ,  TotalTime: 0.172  ,  Loss/total: 0.43889  ,  Loss/giou: 0.12761  ,  Loss/l1: 0.00745  ,  Loss/location: 0.11550  ,  pro_loss: 0.15454  ,  IoU: 0.87919  ,  Loss/sim: 0.00000
[train: Epoch 47, 1350 / 1875] FPS: 187.5 (53.2)  ,  DataTime: 0.110 (0.005)  ,  ForwardTime: 0.056  ,  TotalTime: 0.171  ,  Loss/total: 0.43941  ,  Loss/giou: 0.12771  ,  Loss/l1: 0.00745  ,  Loss/location: 0.11590  ,  pro_loss: 0.15431  ,  IoU: 0.87907  ,  Loss/sim: 0.00000
[train: Epoch 47, 1400 / 1875] FPS: 189.0 (505.0)  ,  DataTime: 0.108 (0.005)  ,  ForwardTime: 0.056  ,  TotalTime: 0.169  ,  Loss/total: 0.43950  ,  Loss/giou: 0.12782  ,  Loss/l1: 0.00745  ,  Loss/location: 0.11572  ,  pro_loss: 0.15434  ,  IoU: 0.87898  ,  Loss/sim: 0.00000
[train: Epoch 47, 1450 / 1875] FPS: 190.2 (503.0)  ,  DataTime: 0.107 (0.005)  ,  ForwardTime: 0.056  ,  TotalTime: 0.168  ,  Loss/total: 0.43908  ,  Loss/giou: 0.12770  ,  Loss/l1: 0.00744  ,  Loss/location: 0.11555  ,  pro_loss: 0.15455  ,  IoU: 0.87908  ,  Loss/sim: 0.00000
[train: Epoch 47, 1500 / 1875] FPS: 191.2 (77.5)  ,  DataTime: 0.106 (0.005)  ,  ForwardTime: 0.056  ,  TotalTime: 0.167  ,  Loss/total: 0.43974  ,  Loss/giou: 0.12770  ,  Loss/l1: 0.00745  ,  Loss/location: 0.11619  ,  pro_loss: 0.15455  ,  IoU: 0.87911  ,  Loss/sim: 0.00000
[train: Epoch 47, 1550 / 1875] FPS: 192.4 (502.1)  ,  DataTime: 0.105 (0.005)  ,  ForwardTime: 0.056  ,  TotalTime: 0.166  ,  Loss/total: 0.43997  ,  Loss/giou: 0.12769  ,  Loss/l1: 0.00745  ,  Loss/location: 0.11652  ,  pro_loss: 0.15423  ,  IoU: 0.87911  ,  Loss/sim: 0.00000
[train: Epoch 47, 1600 / 1875] FPS: 193.9 (505.9)  ,  DataTime: 0.104 (0.005)  ,  ForwardTime: 0.056  ,  TotalTime: 0.165  ,  Loss/total: 0.43976  ,  Loss/giou: 0.12761  ,  Loss/l1: 0.00743  ,  Loss/location: 0.11654  ,  pro_loss: 0.15422  ,  IoU: 0.87916  ,  Loss/sim: 0.00000
[train: Epoch 47, 1650 / 1875] FPS: 194.4 (161.4)  ,  DataTime: 0.103 (0.005)  ,  ForwardTime: 0.056  ,  TotalTime: 0.165  ,  Loss/total: 0.43995  ,  Loss/giou: 0.12767  ,  Loss/l1: 0.00744  ,  Loss/location: 0.11656  ,  pro_loss: 0.15430  ,  IoU: 0.87913  ,  Loss/sim: 0.00000
[train: Epoch 47, 1700 / 1875] FPS: 195.3 (501.6)  ,  DataTime: 0.103 (0.005)  ,  ForwardTime: 0.056  ,  TotalTime: 0.164  ,  Loss/total: 0.44019  ,  Loss/giou: 0.12781  ,  Loss/l1: 0.00744  ,  Loss/location: 0.11647  ,  pro_loss: 0.15442  ,  IoU: 0.87900  ,  Loss/sim: 0.00000
[train: Epoch 47, 1750 / 1875] FPS: 196.7 (502.5)  ,  DataTime: 0.101 (0.005)  ,  ForwardTime: 0.056  ,  TotalTime: 0.163  ,  Loss/total: 0.44033  ,  Loss/giou: 0.12784  ,  Loss/l1: 0.00744  ,  Loss/location: 0.11653  ,  pro_loss: 0.15454  ,  IoU: 0.87896  ,  Loss/sim: 0.00000
[train: Epoch 47, 1800 / 1875] FPS: 198.2 (502.4)  ,  DataTime: 0.100 (0.005)  ,  ForwardTime: 0.056  ,  TotalTime: 0.161  ,  Loss/total: 0.44058  ,  Loss/giou: 0.12794  ,  Loss/l1: 0.00744  ,  Loss/location: 0.11659  ,  pro_loss: 0.15452  ,  IoU: 0.87887  ,  Loss/sim: 0.00000
[train: Epoch 47, 1850 / 1875] FPS: 198.8 (31.6)  ,  DataTime: 0.100 (0.005)  ,  ForwardTime: 0.056  ,  TotalTime: 0.161  ,  Loss/total: 0.44059  ,  Loss/giou: 0.12802  ,  Loss/l1: 0.00744  ,  Loss/location: 0.11643  ,  pro_loss: 0.15450  ,  IoU: 0.87881  ,  Loss/sim: 0.00000
[train: Epoch 47, 1875 / 1875] FPS: 199.8 (516.6)  ,  DataTime: 0.099 (0.005)  ,  ForwardTime: 0.056  ,  TotalTime: 0.160  ,  Loss/total: 0.44084  ,  Loss/giou: 0.12802  ,  Loss/l1: 0.00745  ,  Loss/location: 0.11667  ,  pro_loss: 0.15446  ,  IoU: 0.87880  ,  Loss/sim: 0.00000
[train: Epoch 48, 50 / 1875] FPS: 222.9 (480.5)  ,  DataTime: 0.082 (0.005)  ,  ForwardTime: 0.057  ,  TotalTime: 0.144  ,  Loss/total: 0.44176  ,  Loss/giou: 0.12581  ,  Loss/l1: 0.00742  ,  Loss/location: 0.12110  ,  pro_loss: 0.15958  ,  IoU: 0.88076  ,  Loss/sim: 0.00000
[train: Epoch 48, 100 / 1875] FPS: 218.7 (496.5)  ,  DataTime: 0.085 (0.005)  ,  ForwardTime: 0.057  ,  TotalTime: 0.146  ,  Loss/total: 0.45207  ,  Loss/giou: 0.12883  ,  Loss/l1: 0.00767  ,  Loss/location: 0.12442  ,  pro_loss: 0.15813  ,  IoU: 0.87850  ,  Loss/sim: 0.00000
[train: Epoch 48, 150 / 1875] FPS: 236.3 (502.2)  ,  DataTime: 0.074 (0.005)  ,  ForwardTime: 0.057  ,  TotalTime: 0.135  ,  Loss/total: 0.44973  ,  Loss/giou: 0.12799  ,  Loss/l1: 0.00760  ,  Loss/location: 0.12452  ,  pro_loss: 0.15611  ,  IoU: 0.87923  ,  Loss/sim: 0.00000
[train: Epoch 48, 200 / 1875] FPS: 239.1 (492.8)  ,  DataTime: 0.072 (0.005)  ,  ForwardTime: 0.057  ,  TotalTime: 0.134  ,  Loss/total: 0.44840  ,  Loss/giou: 0.12746  ,  Loss/l1: 0.00749  ,  Loss/location: 0.12498  ,  pro_loss: 0.15521  ,  IoU: 0.87946  ,  Loss/sim: 0.00000
[train: Epoch 48, 250 / 1875] FPS: 245.2 (119.9)  ,  DataTime: 0.069 (0.005)  ,  ForwardTime: 0.057  ,  TotalTime: 0.131  ,  Loss/total: 0.44825  ,  Loss/giou: 0.12805  ,  Loss/l1: 0.00751  ,  Loss/location: 0.12332  ,  pro_loss: 0.15650  ,  IoU: 0.87893  ,  Loss/sim: 0.00000
[train: Epoch 48, 300 / 1875] FPS: 247.0 (485.6)  ,  DataTime: 0.068 (0.005)  ,  ForwardTime: 0.057  ,  TotalTime: 0.130  ,  Loss/total: 0.44888  ,  Loss/giou: 0.12864  ,  Loss/l1: 0.00752  ,  Loss/location: 0.12290  ,  pro_loss: 0.15552  ,  IoU: 0.87837  ,  Loss/sim: 0.00000
[train: Epoch 48, 350 / 1875] FPS: 246.8 (74.3)  ,  DataTime: 0.068 (0.005)  ,  ForwardTime: 0.057  ,  TotalTime: 0.130  ,  Loss/total: 0.44816  ,  Loss/giou: 0.12880  ,  Loss/l1: 0.00754  ,  Loss/location: 0.12182  ,  pro_loss: 0.15509  ,  IoU: 0.87827  ,  Loss/sim: 0.00000
[train: Epoch 48, 400 / 1875] FPS: 255.3 (491.2)  ,  DataTime: 0.064 (0.005)  ,  ForwardTime: 0.057  ,  TotalTime: 0.125  ,  Loss/total: 0.44615  ,  Loss/giou: 0.12860  ,  Loss/l1: 0.00754  ,  Loss/location: 0.12006  ,  pro_loss: 0.15586  ,  IoU: 0.87842  ,  Loss/sim: 0.00000
[train: Epoch 48, 450 / 1875] FPS: 255.7 (75.3)  ,  DataTime: 0.063 (0.005)  ,  ForwardTime: 0.057  ,  TotalTime: 0.125  ,  Loss/total: 0.44592  ,  Loss/giou: 0.12831  ,  Loss/l1: 0.00753  ,  Loss/location: 0.12055  ,  pro_loss: 0.15544  ,  IoU: 0.87871  ,  Loss/sim: 0.00000
[train: Epoch 48, 500 / 1875] FPS: 255.3 (483.8)  ,  DataTime: 0.064 (0.005)  ,  ForwardTime: 0.057  ,  TotalTime: 0.125  ,  Loss/total: 0.44655  ,  Loss/giou: 0.12898  ,  Loss/l1: 0.00760  ,  Loss/location: 0.11954  ,  pro_loss: 0.15515  ,  IoU: 0.87820  ,  Loss/sim: 0.00000
[train: Epoch 48, 550 / 1875] FPS: 256.1 (478.0)  ,  DataTime: 0.063 (0.005)  ,  ForwardTime: 0.057  ,  TotalTime: 0.125  ,  Loss/total: 0.44629  ,  Loss/giou: 0.12913  ,  Loss/l1: 0.00763  ,  Loss/location: 0.11881  ,  pro_loss: 0.15530  ,  IoU: 0.87808  ,  Loss/sim: 0.00000
[train: Epoch 48, 600 / 1875] FPS: 258.1 (497.3)  ,  DataTime: 0.062 (0.005)  ,  ForwardTime: 0.057  ,  TotalTime: 0.124  ,  Loss/total: 0.44655  ,  Loss/giou: 0.12924  ,  Loss/l1: 0.00765  ,  Loss/location: 0.11884  ,  pro_loss: 0.15477  ,  IoU: 0.87802  ,  Loss/sim: 0.00000
[train: Epoch 48, 650 / 1875] FPS: 259.3 (472.0)  ,  DataTime: 0.062 (0.005)  ,  ForwardTime: 0.057  ,  TotalTime: 0.123  ,  Loss/total: 0.44786  ,  Loss/giou: 0.12978  ,  Loss/l1: 0.00770  ,  Loss/location: 0.11874  ,  pro_loss: 0.15522  ,  IoU: 0.87762  ,  Loss/sim: 0.00000
[train: Epoch 48, 700 / 1875] FPS: 263.8 (501.5)  ,  DataTime: 0.059 (0.005)  ,  ForwardTime: 0.057  ,  TotalTime: 0.121  ,  Loss/total: 0.44780  ,  Loss/giou: 0.12987  ,  Loss/l1: 0.00772  ,  Loss/location: 0.11842  ,  pro_loss: 0.15510  ,  IoU: 0.87754  ,  Loss/sim: 0.00000
[train: Epoch 48, 750 / 1875] FPS: 263.3 (497.6)  ,  DataTime: 0.060 (0.005)  ,  ForwardTime: 0.057  ,  TotalTime: 0.122  ,  Loss/total: 0.44844  ,  Loss/giou: 0.12990  ,  Loss/l1: 0.00772  ,  Loss/location: 0.11902  ,  pro_loss: 0.15508  ,  IoU: 0.87753  ,  Loss/sim: 0.00000
[train: Epoch 48, 800 / 1875] FPS: 265.8 (175.3)  ,  DataTime: 0.059 (0.005)  ,  ForwardTime: 0.057  ,  TotalTime: 0.120  ,  Loss/total: 0.44795  ,  Loss/giou: 0.12991  ,  Loss/l1: 0.00772  ,  Loss/location: 0.11846  ,  pro_loss: 0.15529  ,  IoU: 0.87758  ,  Loss/sim: 0.00000
[train: Epoch 48, 850 / 1875] FPS: 265.8 (491.1)  ,  DataTime: 0.059 (0.005)  ,  ForwardTime: 0.057  ,  TotalTime: 0.120  ,  Loss/total: 0.44731  ,  Loss/giou: 0.12981  ,  Loss/l1: 0.00771  ,  Loss/location: 0.11809  ,  pro_loss: 0.15527  ,  IoU: 0.87766  ,  Loss/sim: 0.00000
[train: Epoch 48, 900 / 1875] FPS: 267.1 (502.2)  ,  DataTime: 0.058 (0.005)  ,  ForwardTime: 0.057  ,  TotalTime: 0.120  ,  Loss/total: 0.44762  ,  Loss/giou: 0.12982  ,  Loss/l1: 0.00770  ,  Loss/location: 0.11843  ,  pro_loss: 0.15532  ,  IoU: 0.87762  ,  Loss/sim: 0.00000
[train: Epoch 48, 950 / 1875] FPS: 268.7 (493.7)  ,  DataTime: 0.057 (0.005)  ,  ForwardTime: 0.057  ,  TotalTime: 0.119  ,  Loss/total: 0.44756  ,  Loss/giou: 0.12976  ,  Loss/l1: 0.00768  ,  Loss/location: 0.11860  ,  pro_loss: 0.15526  ,  IoU: 0.87766  ,  Loss/sim: 0.00000
[train: Epoch 48, 1000 / 1875] FPS: 269.5 (59.6)  ,  DataTime: 0.057 (0.005)  ,  ForwardTime: 0.057  ,  TotalTime: 0.119  ,  Loss/total: 0.44695  ,  Loss/giou: 0.12970  ,  Loss/l1: 0.00766  ,  Loss/location: 0.11807  ,  pro_loss: 0.15576  ,  IoU: 0.87771  ,  Loss/sim: 0.00000
[train: Epoch 48, 1050 / 1875] FPS: 270.4 (487.1)  ,  DataTime: 0.056 (0.005)  ,  ForwardTime: 0.057  ,  TotalTime: 0.118  ,  Loss/total: 0.44617  ,  Loss/giou: 0.12954  ,  Loss/l1: 0.00765  ,  Loss/location: 0.11762  ,  pro_loss: 0.15607  ,  IoU: 0.87781  ,  Loss/sim: 0.00000
[train: Epoch 48, 1100 / 1875] FPS: 272.7 (484.3)  ,  DataTime: 0.055 (0.005)  ,  ForwardTime: 0.057  ,  TotalTime: 0.117  ,  Loss/total: 0.44602  ,  Loss/giou: 0.12947  ,  Loss/l1: 0.00763  ,  Loss/location: 0.11774  ,  pro_loss: 0.15582  ,  IoU: 0.87787  ,  Loss/sim: 0.00000
[train: Epoch 48, 1150 / 1875] FPS: 273.3 (505.4)  ,  DataTime: 0.055 (0.005)  ,  ForwardTime: 0.057  ,  TotalTime: 0.117  ,  Loss/total: 0.44599  ,  Loss/giou: 0.12938  ,  Loss/l1: 0.00762  ,  Loss/location: 0.11802  ,  pro_loss: 0.15561  ,  IoU: 0.87791  ,  Loss/sim: 0.00000
[train: Epoch 48, 1200 / 1875] FPS: 274.6 (499.3)  ,  DataTime: 0.055 (0.005)  ,  ForwardTime: 0.057  ,  TotalTime: 0.117  ,  Loss/total: 0.44659  ,  Loss/giou: 0.12945  ,  Loss/l1: 0.00762  ,  Loss/location: 0.11841  ,  pro_loss: 0.15579  ,  IoU: 0.87782  ,  Loss/sim: 0.00000
[train: Epoch 48, 1250 / 1875] FPS: 276.3 (460.7)  ,  DataTime: 0.054 (0.005)  ,  ForwardTime: 0.057  ,  TotalTime: 0.116  ,  Loss/total: 0.44686  ,  Loss/giou: 0.12952  ,  Loss/l1: 0.00762  ,  Loss/location: 0.11850  ,  pro_loss: 0.15597  ,  IoU: 0.87777  ,  Loss/sim: 0.00000
[train: Epoch 48, 1300 / 1875] FPS: 276.8 (504.8)  ,  DataTime: 0.054 (0.005)  ,  ForwardTime: 0.057  ,  TotalTime: 0.116  ,  Loss/total: 0.44717  ,  Loss/giou: 0.12972  ,  Loss/l1: 0.00763  ,  Loss/location: 0.11843  ,  pro_loss: 0.15567  ,  IoU: 0.87760  ,  Loss/sim: 0.00000
[train: Epoch 48, 1350 / 1875] FPS: 278.5 (491.5)  ,  DataTime: 0.053 (0.005)  ,  ForwardTime: 0.057  ,  TotalTime: 0.115  ,  Loss/total: 0.44716  ,  Loss/giou: 0.12981  ,  Loss/l1: 0.00763  ,  Loss/location: 0.11833  ,  pro_loss: 0.15529  ,  IoU: 0.87750  ,  Loss/sim: 0.00000
[train: Epoch 48, 1400 / 1875] FPS: 281.0 (490.9)  ,  DataTime: 0.052 (0.005)  ,  ForwardTime: 0.057  ,  TotalTime: 0.114  ,  Loss/total: 0.44707  ,  Loss/giou: 0.12984  ,  Loss/l1: 0.00763  ,  Loss/location: 0.11820  ,  pro_loss: 0.15523  ,  IoU: 0.87745  ,  Loss/sim: 0.00000
[train: Epoch 48, 1450 / 1875] FPS: 281.5 (498.0)  ,  DataTime: 0.052 (0.005)  ,  ForwardTime: 0.057  ,  TotalTime: 0.114  ,  Loss/total: 0.44686  ,  Loss/giou: 0.12976  ,  Loss/l1: 0.00761  ,  Loss/location: 0.11824  ,  pro_loss: 0.15516  ,  IoU: 0.87749  ,  Loss/sim: 0.00000
[train: Epoch 48, 1500 / 1875] FPS: 283.2 (501.4)  ,  DataTime: 0.051 (0.005)  ,  ForwardTime: 0.057  ,  TotalTime: 0.113  ,  Loss/total: 0.44667  ,  Loss/giou: 0.12969  ,  Loss/l1: 0.00761  ,  Loss/location: 0.11821  ,  pro_loss: 0.15523  ,  IoU: 0.87752  ,  Loss/sim: 0.00000
[train: Epoch 48, 1550 / 1875] FPS: 284.5 (486.5)  ,  DataTime: 0.050 (0.005)  ,  ForwardTime: 0.057  ,  TotalTime: 0.112  ,  Loss/total: 0.44660  ,  Loss/giou: 0.12969  ,  Loss/l1: 0.00761  ,  Loss/location: 0.11815  ,  pro_loss: 0.15521  ,  IoU: 0.87751  ,  Loss/sim: 0.00000
[train: Epoch 48, 1600 / 1875] FPS: 285.6 (456.1)  ,  DataTime: 0.050 (0.005)  ,  ForwardTime: 0.057  ,  TotalTime: 0.112  ,  Loss/total: 0.44666  ,  Loss/giou: 0.12970  ,  Loss/l1: 0.00761  ,  Loss/location: 0.11817  ,  pro_loss: 0.15526  ,  IoU: 0.87750  ,  Loss/sim: 0.00000
[train: Epoch 48, 1650 / 1875] FPS: 285.9 (477.2)  ,  DataTime: 0.050 (0.005)  ,  ForwardTime: 0.057  ,  TotalTime: 0.112  ,  Loss/total: 0.44712  ,  Loss/giou: 0.12975  ,  Loss/l1: 0.00763  ,  Loss/location: 0.11845  ,  pro_loss: 0.15516  ,  IoU: 0.87749  ,  Loss/sim: 0.00000
[train: Epoch 48, 1700 / 1875] FPS: 286.7 (490.1)  ,  DataTime: 0.049 (0.005)  ,  ForwardTime: 0.057  ,  TotalTime: 0.112  ,  Loss/total: 0.44708  ,  Loss/giou: 0.12974  ,  Loss/l1: 0.00764  ,  Loss/location: 0.11841  ,  pro_loss: 0.15507  ,  IoU: 0.87753  ,  Loss/sim: 0.00000
[train: Epoch 48, 1750 / 1875] FPS: 287.4 (456.6)  ,  DataTime: 0.049 (0.005)  ,  ForwardTime: 0.057  ,  TotalTime: 0.111  ,  Loss/total: 0.44682  ,  Loss/giou: 0.12973  ,  Loss/l1: 0.00764  ,  Loss/location: 0.11819  ,  pro_loss: 0.15496  ,  IoU: 0.87754  ,  Loss/sim: 0.00000
[train: Epoch 48, 1800 / 1875] FPS: 288.3 (491.5)  ,  DataTime: 0.049 (0.005)  ,  ForwardTime: 0.057  ,  TotalTime: 0.111  ,  Loss/total: 0.44681  ,  Loss/giou: 0.12980  ,  Loss/l1: 0.00763  ,  Loss/location: 0.11803  ,  pro_loss: 0.15497  ,  IoU: 0.87747  ,  Loss/sim: 0.00000
[train: Epoch 48, 1850 / 1875] FPS: 289.3 (491.6)  ,  DataTime: 0.048 (0.005)  ,  ForwardTime: 0.057  ,  TotalTime: 0.111  ,  Loss/total: 0.44639  ,  Loss/giou: 0.12967  ,  Loss/l1: 0.00762  ,  Loss/location: 0.11793  ,  pro_loss: 0.15506  ,  IoU: 0.87757  ,  Loss/sim: 0.00000
[train: Epoch 48, 1875 / 1875] FPS: 290.0 (509.3)  ,  DataTime: 0.048 (0.005)  ,  ForwardTime: 0.057  ,  TotalTime: 0.110  ,  Loss/total: 0.44674  ,  Loss/giou: 0.12978  ,  Loss/l1: 0.00763  ,  Loss/location: 0.11803  ,  pro_loss: 0.15511  ,  IoU: 0.87749  ,  Loss/sim: 0.00000
[train: Epoch 49, 50 / 1875] FPS: 284.3 (423.2)  ,  DataTime: 0.050 (0.005)  ,  ForwardTime: 0.058  ,  TotalTime: 0.113  ,  Loss/total: 0.45343  ,  Loss/giou: 0.12940  ,  Loss/l1: 0.00752  ,  Loss/location: 0.12502  ,  pro_loss: 0.16000  ,  IoU: 0.87776  ,  Loss/sim: 0.00000
[train: Epoch 49, 100 / 1875] FPS: 304.2 (477.3)  ,  DataTime: 0.042 (0.005)  ,  ForwardTime: 0.058  ,  TotalTime: 0.105  ,  Loss/total: 0.44597  ,  Loss/giou: 0.12905  ,  Loss/l1: 0.00758  ,  Loss/location: 0.11876  ,  pro_loss: 0.15604  ,  IoU: 0.87816  ,  Loss/sim: 0.00000
[train: Epoch 49, 150 / 1875] FPS: 314.7 (54.2)  ,  DataTime: 0.039 (0.005)  ,  ForwardTime: 0.058  ,  TotalTime: 0.102  ,  Loss/total: 0.45101  ,  Loss/giou: 0.12968  ,  Loss/l1: 0.00770  ,  Loss/location: 0.12194  ,  pro_loss: 0.15611  ,  IoU: 0.87771  ,  Loss/sim: 0.00000
[train: Epoch 49, 200 / 1875] FPS: 322.7 (498.7)  ,  DataTime: 0.036 (0.005)  ,  ForwardTime: 0.058  ,  TotalTime: 0.099  ,  Loss/total: 0.44551  ,  Loss/giou: 0.12841  ,  Loss/l1: 0.00755  ,  Loss/location: 0.12009  ,  pro_loss: 0.15427  ,  IoU: 0.87865  ,  Loss/sim: 0.00000
[train: Epoch 49, 250 / 1875] FPS: 336.1 (462.3)  ,  DataTime: 0.032 (0.005)  ,  ForwardTime: 0.058  ,  TotalTime: 0.095  ,  Loss/total: 0.44313  ,  Loss/giou: 0.12828  ,  Loss/l1: 0.00757  ,  Loss/location: 0.11777  ,  pro_loss: 0.15483  ,  IoU: 0.87887  ,  Loss/sim: 0.00000
[train: Epoch 49, 300 / 1875] FPS: 338.4 (464.0)  ,  DataTime: 0.031 (0.005)  ,  ForwardTime: 0.058  ,  TotalTime: 0.095  ,  Loss/total: 0.44338  ,  Loss/giou: 0.12846  ,  Loss/l1: 0.00757  ,  Loss/location: 0.11769  ,  pro_loss: 0.15458  ,  IoU: 0.87867  ,  Loss/sim: 0.00000
[train: Epoch 49, 350 / 1875] FPS: 344.3 (476.2)  ,  DataTime: 0.029 (0.005)  ,  ForwardTime: 0.058  ,  TotalTime: 0.093  ,  Loss/total: 0.44093  ,  Loss/giou: 0.12773  ,  Loss/l1: 0.00751  ,  Loss/location: 0.11691  ,  pro_loss: 0.15491  ,  IoU: 0.87920  ,  Loss/sim: 0.00000
[train: Epoch 49, 400 / 1875] FPS: 346.0 (434.5)  ,  DataTime: 0.029 (0.005)  ,  ForwardTime: 0.058  ,  TotalTime: 0.092  ,  Loss/total: 0.44274  ,  Loss/giou: 0.12804  ,  Loss/l1: 0.00752  ,  Loss/location: 0.11792  ,  pro_loss: 0.15560  ,  IoU: 0.87896  ,  Loss/sim: 0.00000
[train: Epoch 49, 450 / 1875] FPS: 349.0 (486.4)  ,  DataTime: 0.028 (0.005)  ,  ForwardTime: 0.058  ,  TotalTime: 0.092  ,  Loss/total: 0.43908  ,  Loss/giou: 0.12768  ,  Loss/l1: 0.00748  ,  Loss/location: 0.11518  ,  pro_loss: 0.15572  ,  IoU: 0.87931  ,  Loss/sim: 0.00000
[train: Epoch 49, 500 / 1875] FPS: 356.1 (454.3)  ,  DataTime: 0.026 (0.005)  ,  ForwardTime: 0.058  ,  TotalTime: 0.090  ,  Loss/total: 0.44002  ,  Loss/giou: 0.12772  ,  Loss/l1: 0.00748  ,  Loss/location: 0.11614  ,  pro_loss: 0.15521  ,  IoU: 0.87920  ,  Loss/sim: 0.00000
[train: Epoch 49, 550 / 1875] FPS: 356.2 (478.7)  ,  DataTime: 0.026 (0.005)  ,  ForwardTime: 0.058  ,  TotalTime: 0.090  ,  Loss/total: 0.44074  ,  Loss/giou: 0.12788  ,  Loss/l1: 0.00748  ,  Loss/location: 0.11647  ,  pro_loss: 0.15563  ,  IoU: 0.87902  ,  Loss/sim: 0.00000
[train: Epoch 49, 600 / 1875] FPS: 359.2 (499.6)  ,  DataTime: 0.025 (0.005)  ,  ForwardTime: 0.058  ,  TotalTime: 0.089  ,  Loss/total: 0.44099  ,  Loss/giou: 0.12805  ,  Loss/l1: 0.00746  ,  Loss/location: 0.11654  ,  pro_loss: 0.15514  ,  IoU: 0.87884  ,  Loss/sim: 0.00000
[train: Epoch 49, 650 / 1875] FPS: 361.6 (493.5)  ,  DataTime: 0.025 (0.005)  ,  ForwardTime: 0.058  ,  TotalTime: 0.089  ,  Loss/total: 0.44119  ,  Loss/giou: 0.12795  ,  Loss/l1: 0.00745  ,  Loss/location: 0.11708  ,  pro_loss: 0.15487  ,  IoU: 0.87886  ,  Loss/sim: 0.00000
[train: Epoch 49, 700 / 1875] FPS: 363.7 (467.3)  ,  DataTime: 0.024 (0.005)  ,  ForwardTime: 0.058  ,  TotalTime: 0.088  ,  Loss/total: 0.44173  ,  Loss/giou: 0.12815  ,  Loss/l1: 0.00746  ,  Loss/location: 0.11712  ,  pro_loss: 0.15510  ,  IoU: 0.87867  ,  Loss/sim: 0.00000
[train: Epoch 49, 750 / 1875] FPS: 365.3 (439.0)  ,  DataTime: 0.024 (0.005)  ,  ForwardTime: 0.058  ,  TotalTime: 0.088  ,  Loss/total: 0.44178  ,  Loss/giou: 0.12787  ,  Loss/l1: 0.00745  ,  Loss/location: 0.11775  ,  pro_loss: 0.15514  ,  IoU: 0.87891  ,  Loss/sim: 0.00000
[train: Epoch 49, 800 / 1875] FPS: 365.0 (471.9)  ,  DataTime: 0.024 (0.005)  ,  ForwardTime: 0.058  ,  TotalTime: 0.088  ,  Loss/total: 0.44079  ,  Loss/giou: 0.12771  ,  Loss/l1: 0.00744  ,  Loss/location: 0.11714  ,  pro_loss: 0.15516  ,  IoU: 0.87907  ,  Loss/sim: 0.00000
[train: Epoch 49, 850 / 1875] FPS: 364.6 (464.9)  ,  DataTime: 0.024 (0.005)  ,  ForwardTime: 0.058  ,  TotalTime: 0.088  ,  Loss/total: 0.44110  ,  Loss/giou: 0.12761  ,  Loss/l1: 0.00742  ,  Loss/location: 0.11770  ,  pro_loss: 0.15528  ,  IoU: 0.87912  ,  Loss/sim: 0.00000
[train: Epoch 49, 900 / 1875] FPS: 366.8 (482.9)  ,  DataTime: 0.023 (0.005)  ,  ForwardTime: 0.058  ,  TotalTime: 0.087  ,  Loss/total: 0.44090  ,  Loss/giou: 0.12735  ,  Loss/l1: 0.00740  ,  Loss/location: 0.11808  ,  pro_loss: 0.15565  ,  IoU: 0.87934  ,  Loss/sim: 0.00000
[train: Epoch 49, 950 / 1875] FPS: 368.4 (470.5)  ,  DataTime: 0.023 (0.005)  ,  ForwardTime: 0.058  ,  TotalTime: 0.087  ,  Loss/total: 0.44013  ,  Loss/giou: 0.12721  ,  Loss/l1: 0.00739  ,  Loss/location: 0.11761  ,  pro_loss: 0.15579  ,  IoU: 0.87945  ,  Loss/sim: 0.00000
[train: Epoch 49, 1000 / 1875] FPS: 370.3 (404.8)  ,  DataTime: 0.022 (0.005)  ,  ForwardTime: 0.058  ,  TotalTime: 0.086  ,  Loss/total: 0.44076  ,  Loss/giou: 0.12721  ,  Loss/l1: 0.00738  ,  Loss/location: 0.11829  ,  pro_loss: 0.15580  ,  IoU: 0.87943  ,  Loss/sim: 0.00000
[train: Epoch 49, 1050 / 1875] FPS: 371.8 (448.8)  ,  DataTime: 0.022 (0.005)  ,  ForwardTime: 0.059  ,  TotalTime: 0.086  ,  Loss/total: 0.44078  ,  Loss/giou: 0.12719  ,  Loss/l1: 0.00738  ,  Loss/location: 0.11831  ,  pro_loss: 0.15592  ,  IoU: 0.87949  ,  Loss/sim: 0.00000
[train: Epoch 49, 1100 / 1875] FPS: 373.4 (480.6)  ,  DataTime: 0.022 (0.005)  ,  ForwardTime: 0.059  ,  TotalTime: 0.086  ,  Loss/total: 0.44090  ,  Loss/giou: 0.12729  ,  Loss/l1: 0.00739  ,  Loss/location: 0.11817  ,  pro_loss: 0.15592  ,  IoU: 0.87943  ,  Loss/sim: 0.00000
[train: Epoch 49, 1150 / 1875] FPS: 374.6 (482.6)  ,  DataTime: 0.021 (0.005)  ,  ForwardTime: 0.059  ,  TotalTime: 0.085  ,  Loss/total: 0.44201  ,  Loss/giou: 0.12758  ,  Loss/l1: 0.00741  ,  Loss/location: 0.11858  ,  pro_loss: 0.15601  ,  IoU: 0.87922  ,  Loss/sim: 0.00000
[train: Epoch 49, 1200 / 1875] FPS: 376.6 (440.8)  ,  DataTime: 0.021 (0.006)  ,  ForwardTime: 0.059  ,  TotalTime: 0.085  ,  Loss/total: 0.44157  ,  Loss/giou: 0.12752  ,  Loss/l1: 0.00740  ,  Loss/location: 0.11835  ,  pro_loss: 0.15579  ,  IoU: 0.87927  ,  Loss/sim: 0.00000
[train: Epoch 49, 1250 / 1875] FPS: 376.4 (498.0)  ,  DataTime: 0.021 (0.006)  ,  ForwardTime: 0.059  ,  TotalTime: 0.085  ,  Loss/total: 0.44254  ,  Loss/giou: 0.12769  ,  Loss/l1: 0.00741  ,  Loss/location: 0.11896  ,  pro_loss: 0.15565  ,  IoU: 0.87911  ,  Loss/sim: 0.00000
[train: Epoch 49, 1300 / 1875] FPS: 377.9 (443.8)  ,  DataTime: 0.021 (0.006)  ,  ForwardTime: 0.059  ,  TotalTime: 0.085  ,  Loss/total: 0.44176  ,  Loss/giou: 0.12758  ,  Loss/l1: 0.00739  ,  Loss/location: 0.11857  ,  pro_loss: 0.15539  ,  IoU: 0.87919  ,  Loss/sim: 0.00000
[train: Epoch 49, 1350 / 1875] FPS: 378.2 (496.1)  ,  DataTime: 0.021 (0.006)  ,  ForwardTime: 0.059  ,  TotalTime: 0.085  ,  Loss/total: 0.44167  ,  Loss/giou: 0.12757  ,  Loss/l1: 0.00740  ,  Loss/location: 0.11851  ,  pro_loss: 0.15506  ,  IoU: 0.87921  ,  Loss/sim: 0.00000
[train: Epoch 49, 1400 / 1875] FPS: 379.3 (471.4)  ,  DataTime: 0.020 (0.006)  ,  ForwardTime: 0.059  ,  TotalTime: 0.084  ,  Loss/total: 0.44191  ,  Loss/giou: 0.12762  ,  Loss/l1: 0.00741  ,  Loss/location: 0.11862  ,  pro_loss: 0.15510  ,  IoU: 0.87917  ,  Loss/sim: 0.00000
[train: Epoch 49, 1450 / 1875] FPS: 379.5 (491.8)  ,  DataTime: 0.020 (0.006)  ,  ForwardTime: 0.059  ,  TotalTime: 0.084  ,  Loss/total: 0.44195  ,  Loss/giou: 0.12771  ,  Loss/l1: 0.00743  ,  Loss/location: 0.11836  ,  pro_loss: 0.15511  ,  IoU: 0.87912  ,  Loss/sim: 0.00000
[train: Epoch 49, 1500 / 1875] FPS: 381.2 (496.8)  ,  DataTime: 0.020 (0.006)  ,  ForwardTime: 0.059  ,  TotalTime: 0.084  ,  Loss/total: 0.44182  ,  Loss/giou: 0.12773  ,  Loss/l1: 0.00742  ,  Loss/location: 0.11821  ,  pro_loss: 0.15526  ,  IoU: 0.87909  ,  Loss/sim: 0.00000
[train: Epoch 49, 1550 / 1875] FPS: 381.2 (416.7)  ,  DataTime: 0.020 (0.006)  ,  ForwardTime: 0.059  ,  TotalTime: 0.084  ,  Loss/total: 0.44154  ,  Loss/giou: 0.12773  ,  Loss/l1: 0.00742  ,  Loss/location: 0.11793  ,  pro_loss: 0.15526  ,  IoU: 0.87909  ,  Loss/sim: 0.00000
[train: Epoch 49, 1600 / 1875] FPS: 382.8 (470.5)  ,  DataTime: 0.019 (0.006)  ,  ForwardTime: 0.059  ,  TotalTime: 0.084  ,  Loss/total: 0.44226  ,  Loss/giou: 0.12798  ,  Loss/l1: 0.00744  ,  Loss/location: 0.11800  ,  pro_loss: 0.15544  ,  IoU: 0.87889  ,  Loss/sim: 0.00000
[train: Epoch 49, 1650 / 1875] FPS: 383.3 (455.3)  ,  DataTime: 0.019 (0.006)  ,  ForwardTime: 0.059  ,  TotalTime: 0.083  ,  Loss/total: 0.44205  ,  Loss/giou: 0.12792  ,  Loss/l1: 0.00743  ,  Loss/location: 0.11797  ,  pro_loss: 0.15535  ,  IoU: 0.87893  ,  Loss/sim: 0.00000
[train: Epoch 49, 1700 / 1875] FPS: 383.0 (480.5)  ,  DataTime: 0.019 (0.006)  ,  ForwardTime: 0.059  ,  TotalTime: 0.084  ,  Loss/total: 0.44236  ,  Loss/giou: 0.12793  ,  Loss/l1: 0.00744  ,  Loss/location: 0.11825  ,  pro_loss: 0.15524  ,  IoU: 0.87891  ,  Loss/sim: 0.00000
[train: Epoch 49, 1750 / 1875] FPS: 384.7 (367.6)  ,  DataTime: 0.019 (0.006)  ,  ForwardTime: 0.059  ,  TotalTime: 0.083  ,  Loss/total: 0.44190  ,  Loss/giou: 0.12795  ,  Loss/l1: 0.00744  ,  Loss/location: 0.11779  ,  pro_loss: 0.15500  ,  IoU: 0.87890  ,  Loss/sim: 0.00000
[train: Epoch 49, 1800 / 1875] FPS: 386.2 (468.0)  ,  DataTime: 0.019 (0.006)  ,  ForwardTime: 0.059  ,  TotalTime: 0.083  ,  Loss/total: 0.44214  ,  Loss/giou: 0.12807  ,  Loss/l1: 0.00744  ,  Loss/location: 0.11774  ,  pro_loss: 0.15517  ,  IoU: 0.87880  ,  Loss/sim: 0.00000
[train: Epoch 49, 1850 / 1875] FPS: 386.6 (219.7)  ,  DataTime: 0.018 (0.006)  ,  ForwardTime: 0.059  ,  TotalTime: 0.083  ,  Loss/total: 0.44196  ,  Loss/giou: 0.12801  ,  Loss/l1: 0.00744  ,  Loss/location: 0.11769  ,  pro_loss: 0.15510  ,  IoU: 0.87885  ,  Loss/sim: 0.00000
[train: Epoch 49, 1875 / 1875] FPS: 387.3 (507.3)  ,  DataTime: 0.018 (0.006)  ,  ForwardTime: 0.059  ,  TotalTime: 0.083  ,  Loss/total: 0.44176  ,  Loss/giou: 0.12802  ,  Loss/l1: 0.00744  ,  Loss/location: 0.11750  ,  pro_loss: 0.15507  ,  IoU: 0.87883  ,  Loss/sim: 0.00000
[train: Epoch 50, 50 / 1875] FPS: 326.1 (448.5)  ,  DataTime: 0.033 (0.006)  ,  ForwardTime: 0.060  ,  TotalTime: 0.098  ,  Loss/total: 0.45125  ,  Loss/giou: 0.13151  ,  Loss/l1: 0.00763  ,  Loss/location: 0.11836  ,  pro_loss: 0.15854  ,  IoU: 0.87570  ,  Loss/sim: 0.00000
[train: Epoch 50, 100 / 1875] FPS: 375.0 (460.9)  ,  DataTime: 0.020 (0.006)  ,  ForwardTime: 0.060  ,  TotalTime: 0.085  ,  Loss/total: 0.44697  ,  Loss/giou: 0.12920  ,  Loss/l1: 0.00759  ,  Loss/location: 0.11947  ,  pro_loss: 0.15583  ,  IoU: 0.87750  ,  Loss/sim: 0.00000
[train: Epoch 50, 150 / 1875] FPS: 369.3 (75.3)  ,  DataTime: 0.021 (0.006)  ,  ForwardTime: 0.059  ,  TotalTime: 0.087  ,  Loss/total: 0.44266  ,  Loss/giou: 0.12903  ,  Loss/l1: 0.00750  ,  Loss/location: 0.11654  ,  pro_loss: 0.15292  ,  IoU: 0.87770  ,  Loss/sim: 0.00000
[train: Epoch 50, 200 / 1875] FPS: 386.5 (419.0)  ,  DataTime: 0.017 (0.006)  ,  ForwardTime: 0.059  ,  TotalTime: 0.083  ,  Loss/total: 0.43843  ,  Loss/giou: 0.12808  ,  Loss/l1: 0.00738  ,  Loss/location: 0.11439  ,  pro_loss: 0.15500  ,  IoU: 0.87855  ,  Loss/sim: 0.00000
[train: Epoch 50, 250 / 1875] FPS: 397.0 (468.0)  ,  DataTime: 0.015 (0.006)  ,  ForwardTime: 0.060  ,  TotalTime: 0.081  ,  Loss/total: 0.43619  ,  Loss/giou: 0.12834  ,  Loss/l1: 0.00742  ,  Loss/location: 0.11170  ,  pro_loss: 0.15354  ,  IoU: 0.87856  ,  Loss/sim: 0.00000
[train: Epoch 50, 300 / 1875] FPS: 405.2 (355.0)  ,  DataTime: 0.013 (0.006)  ,  ForwardTime: 0.060  ,  TotalTime: 0.079  ,  Loss/total: 0.43732  ,  Loss/giou: 0.12852  ,  Loss/l1: 0.00751  ,  Loss/location: 0.11190  ,  pro_loss: 0.15427  ,  IoU: 0.87844  ,  Loss/sim: 0.00000
[train: Epoch 50, 350 / 1875] FPS: 410.4 (473.9)  ,  DataTime: 0.012 (0.006)  ,  ForwardTime: 0.060  ,  TotalTime: 0.078  ,  Loss/total: 0.43635  ,  Loss/giou: 0.12815  ,  Loss/l1: 0.00745  ,  Loss/location: 0.11192  ,  pro_loss: 0.15440  ,  IoU: 0.87876  ,  Loss/sim: 0.00000
[train: Epoch 50, 400 / 1875] FPS: 414.4 (417.2)  ,  DataTime: 0.012 (0.006)  ,  ForwardTime: 0.060  ,  TotalTime: 0.077  ,  Loss/total: 0.44019  ,  Loss/giou: 0.12894  ,  Loss/l1: 0.00756  ,  Loss/location: 0.11357  ,  pro_loss: 0.15474  ,  IoU: 0.87817  ,  Loss/sim: 0.00000
[train: Epoch 50, 450 / 1875] FPS: 417.3 (445.7)  ,  DataTime: 0.011 (0.006)  ,  ForwardTime: 0.060  ,  TotalTime: 0.077  ,  Loss/total: 0.43894  ,  Loss/giou: 0.12827  ,  Loss/l1: 0.00751  ,  Loss/location: 0.11391  ,  pro_loss: 0.15479  ,  IoU: 0.87875  ,  Loss/sim: 0.00000
[train: Epoch 50, 500 / 1875] FPS: 420.7 (454.5)  ,  DataTime: 0.010 (0.006)  ,  ForwardTime: 0.060  ,  TotalTime: 0.076  ,  Loss/total: 0.43813  ,  Loss/giou: 0.12784  ,  Loss/l1: 0.00747  ,  Loss/location: 0.11410  ,  pro_loss: 0.15504  ,  IoU: 0.87905  ,  Loss/sim: 0.00000
[train: Epoch 50, 550 / 1875] FPS: 422.6 (455.6)  ,  DataTime: 0.010 (0.006)  ,  ForwardTime: 0.060  ,  TotalTime: 0.076  ,  Loss/total: 0.43871  ,  Loss/giou: 0.12822  ,  Loss/l1: 0.00747  ,  Loss/location: 0.11384  ,  pro_loss: 0.15534  ,  IoU: 0.87874  ,  Loss/sim: 0.00000
[train: Epoch 50, 600 / 1875] FPS: 424.9 (454.5)  ,  DataTime: 0.010 (0.006)  ,  ForwardTime: 0.060  ,  TotalTime: 0.075  ,  Loss/total: 0.43901  ,  Loss/giou: 0.12825  ,  Loss/l1: 0.00750  ,  Loss/location: 0.11395  ,  pro_loss: 0.15526  ,  IoU: 0.87876  ,  Loss/sim: 0.00000
[train: Epoch 50, 650 / 1875] FPS: 425.4 (463.3)  ,  DataTime: 0.010 (0.006)  ,  ForwardTime: 0.060  ,  TotalTime: 0.075  ,  Loss/total: 0.44001  ,  Loss/giou: 0.12831  ,  Loss/l1: 0.00748  ,  Loss/location: 0.11486  ,  pro_loss: 0.15570  ,  IoU: 0.87860  ,  Loss/sim: 0.00000
[train: Epoch 50, 700 / 1875] FPS: 422.5 (434.1)  ,  DataTime: 0.010 (0.006)  ,  ForwardTime: 0.060  ,  TotalTime: 0.076  ,  Loss/total: 0.43975  ,  Loss/giou: 0.12825  ,  Loss/l1: 0.00747  ,  Loss/location: 0.11470  ,  pro_loss: 0.15603  ,  IoU: 0.87860  ,  Loss/sim: 0.00000
[train: Epoch 50, 750 / 1875] FPS: 424.2 (442.8)  ,  DataTime: 0.010 (0.006)  ,  ForwardTime: 0.060  ,  TotalTime: 0.075  ,  Loss/total: 0.43892  ,  Loss/giou: 0.12811  ,  Loss/l1: 0.00746  ,  Loss/location: 0.11421  ,  pro_loss: 0.15606  ,  IoU: 0.87872  ,  Loss/sim: 0.00000
[train: Epoch 50, 800 / 1875] FPS: 425.7 (496.1)  ,  DataTime: 0.010 (0.006)  ,  ForwardTime: 0.060  ,  TotalTime: 0.075  ,  Loss/total: 0.44057  ,  Loss/giou: 0.12831  ,  Loss/l1: 0.00748  ,  Loss/location: 0.11528  ,  pro_loss: 0.15634  ,  IoU: 0.87855  ,  Loss/sim: 0.00000
[train: Epoch 50, 850 / 1875] FPS: 425.5 (464.9)  ,  DataTime: 0.010 (0.006)  ,  ForwardTime: 0.060  ,  TotalTime: 0.075  ,  Loss/total: 0.44071  ,  Loss/giou: 0.12823  ,  Loss/l1: 0.00747  ,  Loss/location: 0.11573  ,  pro_loss: 0.15585  ,  IoU: 0.87863  ,  Loss/sim: 0.00000
[train: Epoch 50, 900 / 1875] FPS: 426.4 (201.5)  ,  DataTime: 0.010 (0.006)  ,  ForwardTime: 0.060  ,  TotalTime: 0.075  ,  Loss/total: 0.44011  ,  Loss/giou: 0.12806  ,  Loss/l1: 0.00745  ,  Loss/location: 0.11559  ,  pro_loss: 0.15571  ,  IoU: 0.87874  ,  Loss/sim: 0.00000
[train: Epoch 50, 950 / 1875] FPS: 427.2 (427.9)  ,  DataTime: 0.009 (0.006)  ,  ForwardTime: 0.060  ,  TotalTime: 0.075  ,  Loss/total: 0.44097  ,  Loss/giou: 0.12835  ,  Loss/l1: 0.00747  ,  Loss/location: 0.11574  ,  pro_loss: 0.15579  ,  IoU: 0.87855  ,  Loss/sim: 0.00000
[train: Epoch 50, 1000 / 1875] FPS: 428.2 (466.2)  ,  DataTime: 0.009 (0.006)  ,  ForwardTime: 0.060  ,  TotalTime: 0.075  ,  Loss/total: 0.44059  ,  Loss/giou: 0.12825  ,  Loss/l1: 0.00749  ,  Loss/location: 0.11549  ,  pro_loss: 0.15592  ,  IoU: 0.87866  ,  Loss/sim: 0.00000
[train: Epoch 50, 1050 / 1875] FPS: 429.2 (464.3)  ,  DataTime: 0.009 (0.006)  ,  ForwardTime: 0.060  ,  TotalTime: 0.075  ,  Loss/total: 0.44076  ,  Loss/giou: 0.12830  ,  Loss/l1: 0.00750  ,  Loss/location: 0.11541  ,  pro_loss: 0.15621  ,  IoU: 0.87865  ,  Loss/sim: 0.00000
[train: Epoch 50, 1100 / 1875] FPS: 429.9 (446.5)  ,  DataTime: 0.009 (0.006)  ,  ForwardTime: 0.060  ,  TotalTime: 0.074  ,  Loss/total: 0.44038  ,  Loss/giou: 0.12834  ,  Loss/l1: 0.00749  ,  Loss/location: 0.11491  ,  pro_loss: 0.15664  ,  IoU: 0.87859  ,  Loss/sim: 0.00000
[train: Epoch 50, 1150 / 1875] FPS: 430.6 (427.1)  ,  DataTime: 0.009 (0.006)  ,  ForwardTime: 0.060  ,  TotalTime: 0.074  ,  Loss/total: 0.44133  ,  Loss/giou: 0.12841  ,  Loss/l1: 0.00749  ,  Loss/location: 0.11572  ,  pro_loss: 0.15665  ,  IoU: 0.87854  ,  Loss/sim: 0.00000
[train: Epoch 50, 1200 / 1875] FPS: 431.5 (440.7)  ,  DataTime: 0.009 (0.006)  ,  ForwardTime: 0.060  ,  TotalTime: 0.074  ,  Loss/total: 0.44050  ,  Loss/giou: 0.12824  ,  Loss/l1: 0.00747  ,  Loss/location: 0.11531  ,  pro_loss: 0.15672  ,  IoU: 0.87866  ,  Loss/sim: 0.00000
[train: Epoch 50, 1250 / 1875] FPS: 432.3 (439.1)  ,  DataTime: 0.008 (0.006)  ,  ForwardTime: 0.060  ,  TotalTime: 0.074  ,  Loss/total: 0.44065  ,  Loss/giou: 0.12822  ,  Loss/l1: 0.00747  ,  Loss/location: 0.11545  ,  pro_loss: 0.15702  ,  IoU: 0.87870  ,  Loss/sim: 0.00000
[train: Epoch 50, 1300 / 1875] FPS: 433.1 (437.5)  ,  DataTime: 0.008 (0.006)  ,  ForwardTime: 0.060  ,  TotalTime: 0.074  ,  Loss/total: 0.43995  ,  Loss/giou: 0.12796  ,  Loss/l1: 0.00745  ,  Loss/location: 0.11539  ,  pro_loss: 0.15704  ,  IoU: 0.87889  ,  Loss/sim: 0.00000
[train: Epoch 50, 1350 / 1875] FPS: 433.7 (441.3)  ,  DataTime: 0.008 (0.006)  ,  ForwardTime: 0.060  ,  TotalTime: 0.074  ,  Loss/total: 0.44030  ,  Loss/giou: 0.12800  ,  Loss/l1: 0.00746  ,  Loss/location: 0.11553  ,  pro_loss: 0.15728  ,  IoU: 0.87887  ,  Loss/sim: 0.00000
[train: Epoch 50, 1400 / 1875] FPS: 434.2 (434.3)  ,  DataTime: 0.008 (0.006)  ,  ForwardTime: 0.060  ,  TotalTime: 0.074  ,  Loss/total: 0.44073  ,  Loss/giou: 0.12809  ,  Loss/l1: 0.00746  ,  Loss/location: 0.11580  ,  pro_loss: 0.15717  ,  IoU: 0.87877  ,  Loss/sim: 0.00000
[train: Epoch 50, 1450 / 1875] FPS: 434.9 (458.6)  ,  DataTime: 0.008 (0.006)  ,  ForwardTime: 0.060  ,  TotalTime: 0.074  ,  Loss/total: 0.44060  ,  Loss/giou: 0.12797  ,  Loss/l1: 0.00745  ,  Loss/location: 0.11596  ,  pro_loss: 0.15709  ,  IoU: 0.87888  ,  Loss/sim: 0.00000
[train: Epoch 50, 1500 / 1875] FPS: 435.3 (466.3)  ,  DataTime: 0.008 (0.006)  ,  ForwardTime: 0.060  ,  TotalTime: 0.074  ,  Loss/total: 0.44060  ,  Loss/giou: 0.12795  ,  Loss/l1: 0.00745  ,  Loss/location: 0.11601  ,  pro_loss: 0.15708  ,  IoU: 0.87889  ,  Loss/sim: 0.00000
[train: Epoch 50, 1550 / 1875] FPS: 435.7 (425.2)  ,  DataTime: 0.008 (0.006)  ,  ForwardTime: 0.060  ,  TotalTime: 0.073  ,  Loss/total: 0.44006  ,  Loss/giou: 0.12791  ,  Loss/l1: 0.00745  ,  Loss/location: 0.11563  ,  pro_loss: 0.15692  ,  IoU: 0.87892  ,  Loss/sim: 0.00000
[train: Epoch 50, 1600 / 1875] FPS: 436.2 (457.2)  ,  DataTime: 0.008 (0.006)  ,  ForwardTime: 0.060  ,  TotalTime: 0.073  ,  Loss/total: 0.43991  ,  Loss/giou: 0.12791  ,  Loss/l1: 0.00744  ,  Loss/location: 0.11550  ,  pro_loss: 0.15684  ,  IoU: 0.87891  ,  Loss/sim: 0.00000
[train: Epoch 50, 1650 / 1875] FPS: 436.4 (460.6)  ,  DataTime: 0.008 (0.006)  ,  ForwardTime: 0.060  ,  TotalTime: 0.073  ,  Loss/total: 0.44014  ,  Loss/giou: 0.12788  ,  Loss/l1: 0.00744  ,  Loss/location: 0.11582  ,  pro_loss: 0.15684  ,  IoU: 0.87893  ,  Loss/sim: 0.00000
[train: Epoch 50, 1700 / 1875] FPS: 436.6 (440.9)  ,  DataTime: 0.008 (0.006)  ,  ForwardTime: 0.060  ,  TotalTime: 0.073  ,  Loss/total: 0.44066  ,  Loss/giou: 0.12811  ,  Loss/l1: 0.00746  ,  Loss/location: 0.11579  ,  pro_loss: 0.15676  ,  IoU: 0.87875  ,  Loss/sim: 0.00000
[train: Epoch 50, 1750 / 1875] FPS: 437.0 (468.3)  ,  DataTime: 0.008 (0.006)  ,  ForwardTime: 0.060  ,  TotalTime: 0.073  ,  Loss/total: 0.44088  ,  Loss/giou: 0.12821  ,  Loss/l1: 0.00749  ,  Loss/location: 0.11569  ,  pro_loss: 0.15657  ,  IoU: 0.87868  ,  Loss/sim: 0.00000
[train: Epoch 50, 1800 / 1875] FPS: 437.3 (485.6)  ,  DataTime: 0.007 (0.006)  ,  ForwardTime: 0.060  ,  TotalTime: 0.073  ,  Loss/total: 0.44100  ,  Loss/giou: 0.12822  ,  Loss/l1: 0.00749  ,  Loss/location: 0.11575  ,  pro_loss: 0.15672  ,  IoU: 0.87867  ,  Loss/sim: 0.00000
[train: Epoch 50, 1850 / 1875] FPS: 437.6 (438.8)  ,  DataTime: 0.007 (0.006)  ,  ForwardTime: 0.060  ,  TotalTime: 0.073  ,  Loss/total: 0.44112  ,  Loss/giou: 0.12832  ,  Loss/l1: 0.00750  ,  Loss/location: 0.11565  ,  pro_loss: 0.15669  ,  IoU: 0.87859  ,  Loss/sim: 0.00000
[train: Epoch 50, 1875 / 1875] FPS: 438.1 (505.9)  ,  DataTime: 0.007 (0.006)  ,  ForwardTime: 0.060  ,  TotalTime: 0.073  ,  Loss/total: 0.44092  ,  Loss/giou: 0.12820  ,  Loss/l1: 0.00749  ,  Loss/location: 0.11576  ,  pro_loss: 0.15668  ,  IoU: 0.87868  ,  Loss/sim: 0.00000
[val: Epoch 50, 50 / 312] FPS: 74.0 (956.7)  ,  DataTime: 0.401 (0.006)  ,  ForwardTime: 0.025  ,  TotalTime: 0.432  ,  Loss/total: 0.92900  ,  Loss/giou: 0.23363  ,  Loss/l1: 0.01731  ,  Loss/location: 0.37479  ,  pro_loss: 0.00208  ,  IoU: 0.78684  ,  Loss/sim: 0.00000
[val: Epoch 50, 100 / 312] FPS: 82.9 (910.3)  ,  DataTime: 0.355 (0.006)  ,  ForwardTime: 0.025  ,  TotalTime: 0.386  ,  Loss/total: 0.92076  ,  Loss/giou: 0.23414  ,  Loss/l1: 0.01747  ,  Loss/location: 0.36470  ,  pro_loss: 0.00219  ,  IoU: 0.78646  ,  Loss/sim: 0.00000
[val: Epoch 50, 150 / 312] FPS: 85.3 (936.0)  ,  DataTime: 0.344 (0.006)  ,  ForwardTime: 0.025  ,  TotalTime: 0.375  ,  Loss/total: 0.91862  ,  Loss/giou: 0.23584  ,  Loss/l1: 0.01769  ,  Loss/location: 0.35810  ,  pro_loss: 0.00201  ,  IoU: 0.78495  ,  Loss/sim: 0.00000
[val: Epoch 50, 200 / 312] FPS: 87.3 (882.7)  ,  DataTime: 0.336 (0.006)  ,  ForwardTime: 0.025  ,  TotalTime: 0.366  ,  Loss/total: 0.91122  ,  Loss/giou: 0.23439  ,  Loss/l1: 0.01739  ,  Loss/location: 0.35506  ,  pro_loss: 0.00224  ,  IoU: 0.78587  ,  Loss/sim: 0.00000
[val: Epoch 50, 250 / 312] FPS: 86.6 (10.9)  ,  DataTime: 0.339 (0.006)  ,  ForwardTime: 0.025  ,  TotalTime: 0.369  ,  Loss/total: 0.90414  ,  Loss/giou: 0.23255  ,  Loss/l1: 0.01729  ,  Loss/location: 0.35210  ,  pro_loss: 0.00238  ,  IoU: 0.78728  ,  Loss/sim: 0.00000
[val: Epoch 50, 300 / 312] FPS: 88.2 (990.1)  ,  DataTime: 0.332 (0.006)  ,  ForwardTime: 0.025  ,  TotalTime: 0.363  ,  Loss/total: 0.89588  ,  Loss/giou: 0.23006  ,  Loss/l1: 0.01708  ,  Loss/location: 0.34988  ,  pro_loss: 0.00233  ,  IoU: 0.78911  ,  Loss/sim: 0.00000
[val: Epoch 50, 312 / 312] FPS: 90.5 (1029.5)  ,  DataTime: 0.323 (0.006)  ,  ForwardTime: 0.025  ,  TotalTime: 0.354  ,  Loss/total: 0.89386  ,  Loss/giou: 0.22945  ,  Loss/l1: 0.01700  ,  Loss/location: 0.34946  ,  pro_loss: 0.00244  ,  IoU: 0.78951  ,  Loss/sim: 0.00000
