[train: Epoch 1, 50 / 1875] FPS: 35.7 (204.3)  ,  DataTime: 0.562 (0.011)  ,  ForwardTime: 0.322  ,  TotalTime: 0.895  ,  Loss/total: 6.73657  ,  Loss/ce: 6.71438  ,  IoU: 0.07264  ,  pro_loss: 0.11092
[train: Epoch 1, 100 / 1875] FPS: 38.2 (207.0)  ,  DataTime: 0.597 (0.011)  ,  ForwardTime: 0.229  ,  TotalTime: 0.837  ,  Loss/total: 6.50850  ,  Loss/ce: 6.48690  ,  IoU: 0.05672  ,  pro_loss: 0.10800
[train: Epoch 1, 150 / 1875] FPS: 40.5 (27.7)  ,  DataTime: 0.581 (0.011)  ,  ForwardTime: 0.198  ,  TotalTime: 0.790  ,  Loss/total: 6.29781  ,  Loss/ce: 6.27459  ,  IoU: 0.04677  ,  pro_loss: 0.11609
[train: Epoch 1, 200 / 1875] FPS: 41.2 (207.2)  ,  DataTime: 0.582 (0.011)  ,  ForwardTime: 0.183  ,  TotalTime: 0.776  ,  Loss/total: 6.10826  ,  Loss/ce: 6.08132  ,  IoU: 0.04253  ,  pro_loss: 0.13472
[train: Epoch 1, 250 / 1875] FPS: 42.3 (209.6)  ,  DataTime: 0.572 (0.011)  ,  ForwardTime: 0.174  ,  TotalTime: 0.757  ,  Loss/total: 5.97703  ,  Loss/ce: 5.94687  ,  IoU: 0.04135  ,  pro_loss: 0.15078
[train: Epoch 1, 300 / 1875] FPS: 43.3 (207.1)  ,  DataTime: 0.561 (0.011)  ,  ForwardTime: 0.168  ,  TotalTime: 0.739  ,  Loss/total: 5.88290  ,  Loss/ce: 5.84963  ,  IoU: 0.03892  ,  pro_loss: 0.16633
[train: Epoch 1, 350 / 1875] FPS: 44.1 (205.8)  ,  DataTime: 0.552 (0.011)  ,  ForwardTime: 0.163  ,  TotalTime: 0.726  ,  Loss/total: 5.81159  ,  Loss/ce: 5.77543  ,  IoU: 0.03649  ,  pro_loss: 0.18083
[train: Epoch 1, 400 / 1875] FPS: 44.9 (210.2)  ,  DataTime: 0.542 (0.011)  ,  ForwardTime: 0.160  ,  TotalTime: 0.713  ,  Loss/total: 5.75356  ,  Loss/ce: 5.71492  ,  IoU: 0.03497  ,  pro_loss: 0.19321
[train: Epoch 1, 450 / 1875] FPS: 45.2 (207.8)  ,  DataTime: 0.540 (0.011)  ,  ForwardTime: 0.157  ,  TotalTime: 0.708  ,  Loss/total: 5.70498  ,  Loss/ce: 5.66425  ,  IoU: 0.03446  ,  pro_loss: 0.20364
[train: Epoch 1, 500 / 1875] FPS: 45.2 (8.2)  ,  DataTime: 0.542 (0.011)  ,  ForwardTime: 0.155  ,  TotalTime: 0.708  ,  Loss/total: 5.66203  ,  Loss/ce: 5.61972  ,  IoU: 0.03398  ,  pro_loss: 0.21153
[train: Epoch 1, 550 / 1875] FPS: 45.9 (205.2)  ,  DataTime: 0.532 (0.011)  ,  ForwardTime: 0.153  ,  TotalTime: 0.697  ,  Loss/total: 5.62368  ,  Loss/ce: 5.58002  ,  IoU: 0.03403  ,  pro_loss: 0.21827
[train: Epoch 1, 600 / 1875] FPS: 46.3 (205.4)  ,  DataTime: 0.528 (0.011)  ,  ForwardTime: 0.152  ,  TotalTime: 0.691  ,  Loss/total: 5.58954  ,  Loss/ce: 5.54469  ,  IoU: 0.03414  ,  pro_loss: 0.22423
[train: Epoch 1, 650 / 1875] FPS: 46.8 (205.5)  ,  DataTime: 0.521 (0.011)  ,  ForwardTime: 0.151  ,  TotalTime: 0.683  ,  Loss/total: 5.55880  ,  Loss/ce: 5.51300  ,  IoU: 0.03472  ,  pro_loss: 0.22900
[train: Epoch 1, 700 / 1875] FPS: 47.4 (200.7)  ,  DataTime: 0.515 (0.011)  ,  ForwardTime: 0.150  ,  TotalTime: 0.676  ,  Loss/total: 5.53043  ,  Loss/ce: 5.48382  ,  IoU: 0.03811  ,  pro_loss: 0.23305
[train: Epoch 1, 750 / 1875] FPS: 47.7 (17.2)  ,  DataTime: 0.511 (0.011)  ,  ForwardTime: 0.149  ,  TotalTime: 0.671  ,  Loss/total: 5.50412  ,  Loss/ce: 5.45691  ,  IoU: 0.04221  ,  pro_loss: 0.23609
[train: Epoch 1, 800 / 1875] FPS: 48.3 (207.8)  ,  DataTime: 0.503 (0.011)  ,  ForwardTime: 0.148  ,  TotalTime: 0.663  ,  Loss/total: 5.47831  ,  Loss/ce: 5.43058  ,  IoU: 0.04624  ,  pro_loss: 0.23865
[train: Epoch 1, 850 / 1875] FPS: 48.5 (40.4)  ,  DataTime: 0.501 (0.011)  ,  ForwardTime: 0.148  ,  TotalTime: 0.660  ,  Loss/total: 5.45368  ,  Loss/ce: 5.40550  ,  IoU: 0.05013  ,  pro_loss: 0.24090
[train: Epoch 1, 900 / 1875] FPS: 48.9 (207.5)  ,  DataTime: 0.497 (0.011)  ,  ForwardTime: 0.147  ,  TotalTime: 0.654  ,  Loss/total: 5.43104  ,  Loss/ce: 5.38244  ,  IoU: 0.05506  ,  pro_loss: 0.24302
[train: Epoch 1, 950 / 1875] FPS: 49.1 (204.6)  ,  DataTime: 0.495 (0.011)  ,  ForwardTime: 0.146  ,  TotalTime: 0.652  ,  Loss/total: 5.40963  ,  Loss/ce: 5.36088  ,  IoU: 0.05997  ,  pro_loss: 0.24375
[train: Epoch 1, 1000 / 1875] FPS: 49.5 (202.6)  ,  DataTime: 0.490 (0.011)  ,  ForwardTime: 0.146  ,  TotalTime: 0.647  ,  Loss/total: 5.38765  ,  Loss/ce: 5.33963  ,  IoU: 0.06474  ,  pro_loss: 0.24012
[train: Epoch 1, 1050 / 1875] FPS: 49.8 (201.1)  ,  DataTime: 0.486 (0.011)  ,  ForwardTime: 0.146  ,  TotalTime: 0.643  ,  Loss/total: 5.36678  ,  Loss/ce: 5.31944  ,  IoU: 0.06970  ,  pro_loss: 0.23669
[train: Epoch 1, 1100 / 1875] FPS: 49.5 (206.0)  ,  DataTime: 0.490 (0.011)  ,  ForwardTime: 0.145  ,  TotalTime: 0.646  ,  Loss/total: 5.34711  ,  Loss/ce: 5.30040  ,  IoU: 0.07472  ,  pro_loss: 0.23355
[train: Epoch 1, 1150 / 1875] FPS: 49.9 (207.1)  ,  DataTime: 0.485 (0.011)  ,  ForwardTime: 0.145  ,  TotalTime: 0.641  ,  Loss/total: 5.32831  ,  Loss/ce: 5.28218  ,  IoU: 0.07968  ,  pro_loss: 0.23067
[train: Epoch 1, 1200 / 1875] FPS: 50.1 (197.3)  ,  DataTime: 0.483 (0.011)  ,  ForwardTime: 0.144  ,  TotalTime: 0.638  ,  Loss/total: 5.31018  ,  Loss/ce: 5.26457  ,  IoU: 0.08412  ,  pro_loss: 0.22803
[train: Epoch 1, 1250 / 1875] FPS: 50.2 (209.0)  ,  DataTime: 0.482 (0.011)  ,  ForwardTime: 0.144  ,  TotalTime: 0.637  ,  Loss/total: 5.29241  ,  Loss/ce: 5.24729  ,  IoU: 0.08874  ,  pro_loss: 0.22559
[train: Epoch 1, 1300 / 1875] FPS: 50.5 (204.1)  ,  DataTime: 0.479 (0.011)  ,  ForwardTime: 0.144  ,  TotalTime: 0.634  ,  Loss/total: 5.27572  ,  Loss/ce: 5.23105  ,  IoU: 0.09365  ,  pro_loss: 0.22334
[train: Epoch 1, 1350 / 1875] FPS: 50.6 (201.0)  ,  DataTime: 0.478 (0.011)  ,  ForwardTime: 0.144  ,  TotalTime: 0.632  ,  Loss/total: 5.25927  ,  Loss/ce: 5.21502  ,  IoU: 0.09834  ,  pro_loss: 0.22126
[train: Epoch 1, 1400 / 1875] FPS: 50.7 (12.3)  ,  DataTime: 0.476 (0.011)  ,  ForwardTime: 0.143  ,  TotalTime: 0.631  ,  Loss/total: 5.24376  ,  Loss/ce: 5.19989  ,  IoU: 0.10361  ,  pro_loss: 0.21932
[train: Epoch 1, 1450 / 1875] FPS: 50.9 (205.3)  ,  DataTime: 0.474 (0.011)  ,  ForwardTime: 0.143  ,  TotalTime: 0.628  ,  Loss/total: 5.22873  ,  Loss/ce: 5.18523  ,  IoU: 0.10874  ,  pro_loss: 0.21752
[train: Epoch 1, 1500 / 1875] FPS: 51.1 (204.5)  ,  DataTime: 0.472 (0.011)  ,  ForwardTime: 0.143  ,  TotalTime: 0.626  ,  Loss/total: 5.21422  ,  Loss/ce: 5.17106  ,  IoU: 0.11419  ,  pro_loss: 0.21583
[train: Epoch 1, 1550 / 1875] FPS: 51.4 (207.3)  ,  DataTime: 0.469 (0.011)  ,  ForwardTime: 0.143  ,  TotalTime: 0.623  ,  Loss/total: 5.19969  ,  Loss/ce: 5.15684  ,  IoU: 0.11928  ,  pro_loss: 0.21425
[train: Epoch 1, 1600 / 1875] FPS: 51.5 (207.0)  ,  DataTime: 0.468 (0.011)  ,  ForwardTime: 0.142  ,  TotalTime: 0.621  ,  Loss/total: 5.18597  ,  Loss/ce: 5.14342  ,  IoU: 0.12427  ,  pro_loss: 0.21277
[train: Epoch 1, 1650 / 1875] FPS: 51.7 (207.9)  ,  DataTime: 0.465 (0.011)  ,  ForwardTime: 0.142  ,  TotalTime: 0.619  ,  Loss/total: 5.17242  ,  Loss/ce: 5.13014  ,  IoU: 0.12941  ,  pro_loss: 0.21138
[train: Epoch 1, 1700 / 1875] FPS: 51.9 (106.6)  ,  DataTime: 0.463 (0.011)  ,  ForwardTime: 0.142  ,  TotalTime: 0.617  ,  Loss/total: 5.15915  ,  Loss/ce: 5.11713  ,  IoU: 0.13444  ,  pro_loss: 0.21007
[train: Epoch 1, 1750 / 1875] FPS: 52.1 (204.3)  ,  DataTime: 0.461 (0.011)  ,  ForwardTime: 0.142  ,  TotalTime: 0.614  ,  Loss/total: 5.14557  ,  Loss/ce: 5.10380  ,  IoU: 0.13956  ,  pro_loss: 0.20884
[train: Epoch 1, 1800 / 1875] FPS: 52.3 (209.6)  ,  DataTime: 0.459 (0.011)  ,  ForwardTime: 0.142  ,  TotalTime: 0.612  ,  Loss/total: 5.13302  ,  Loss/ce: 5.09148  ,  IoU: 0.14411  ,  pro_loss: 0.20767
[train: Epoch 1, 1850 / 1875] FPS: 52.4 (9.6)  ,  DataTime: 0.458 (0.011)  ,  ForwardTime: 0.142  ,  TotalTime: 0.611  ,  Loss/total: 5.12037  ,  Loss/ce: 5.07906  ,  IoU: 0.14862  ,  pro_loss: 0.20657
[train: Epoch 1, 1875 / 1875] FPS: 52.7 (210.4)  ,  DataTime: 0.454 (0.011)  ,  ForwardTime: 0.142  ,  TotalTime: 0.607  ,  Loss/total: 5.11414  ,  Loss/ce: 5.07293  ,  IoU: 0.15102  ,  pro_loss: 0.20604
[train: Epoch 2, 50 / 1875] FPS: 48.1 (88.6)  ,  DataTime: 0.517 (0.011)  ,  ForwardTime: 0.137  ,  TotalTime: 0.665  ,  Loss/total: 4.65479  ,  Loss/ce: 4.62142  ,  IoU: 0.33306  ,  pro_loss: 0.16684
[train: Epoch 2, 100 / 1875] FPS: 50.3 (207.4)  ,  DataTime: 0.488 (0.011)  ,  ForwardTime: 0.137  ,  TotalTime: 0.636  ,  Loss/total: 4.65844  ,  Loss/ce: 4.62507  ,  IoU: 0.33712  ,  pro_loss: 0.16683
[train: Epoch 2, 150 / 1875] FPS: 52.8 (209.8)  ,  DataTime: 0.458 (0.011)  ,  ForwardTime: 0.137  ,  TotalTime: 0.606  ,  Loss/total: 4.65659  ,  Loss/ce: 4.62323  ,  IoU: 0.33436  ,  pro_loss: 0.16683
[train: Epoch 2, 200 / 1875] FPS: 54.3 (8.2)  ,  DataTime: 0.442 (0.011)  ,  ForwardTime: 0.137  ,  TotalTime: 0.590  ,  Loss/total: 4.65012  ,  Loss/ce: 4.61676  ,  IoU: 0.33742  ,  pro_loss: 0.16683
[train: Epoch 2, 250 / 1875] FPS: 56.5 (201.2)  ,  DataTime: 0.418 (0.011)  ,  ForwardTime: 0.137  ,  TotalTime: 0.566  ,  Loss/total: 4.64145  ,  Loss/ce: 4.60808  ,  IoU: 0.34210  ,  pro_loss: 0.16683
[train: Epoch 2, 300 / 1875] FPS: 57.8 (207.3)  ,  DataTime: 0.406 (0.011)  ,  ForwardTime: 0.137  ,  TotalTime: 0.554  ,  Loss/total: 4.63431  ,  Loss/ce: 4.60095  ,  IoU: 0.34565  ,  pro_loss: 0.16682
[train: Epoch 2, 350 / 1875] FPS: 58.9 (207.2)  ,  DataTime: 0.395 (0.011)  ,  ForwardTime: 0.137  ,  TotalTime: 0.543  ,  Loss/total: 4.62874  ,  Loss/ce: 4.59538  ,  IoU: 0.34882  ,  pro_loss: 0.16682
[train: Epoch 2, 400 / 1875] FPS: 59.8 (202.4)  ,  DataTime: 0.387 (0.011)  ,  ForwardTime: 0.137  ,  TotalTime: 0.535  ,  Loss/total: 4.62158  ,  Loss/ce: 4.58822  ,  IoU: 0.35105  ,  pro_loss: 0.16681
[train: Epoch 2, 450 / 1875] FPS: 59.7 (9.4)  ,  DataTime: 0.388 (0.011)  ,  ForwardTime: 0.137  ,  TotalTime: 0.536  ,  Loss/total: 4.61509  ,  Loss/ce: 4.58173  ,  IoU: 0.35515  ,  pro_loss: 0.16680
[train: Epoch 2, 500 / 1875] FPS: 60.6 (206.7)  ,  DataTime: 0.380 (0.011)  ,  ForwardTime: 0.137  ,  TotalTime: 0.528  ,  Loss/total: 4.60898  ,  Loss/ce: 4.57562  ,  IoU: 0.35884  ,  pro_loss: 0.16680
[train: Epoch 2, 550 / 1875] FPS: 61.6 (29.9)  ,  DataTime: 0.371 (0.011)  ,  ForwardTime: 0.137  ,  TotalTime: 0.520  ,  Loss/total: 4.60318  ,  Loss/ce: 4.56982  ,  IoU: 0.36120  ,  pro_loss: 0.16680
[train: Epoch 2, 600 / 1875] FPS: 61.6 (209.2)  ,  DataTime: 0.372 (0.011)  ,  ForwardTime: 0.137  ,  TotalTime: 0.520  ,  Loss/total: 4.59857  ,  Loss/ce: 4.56521  ,  IoU: 0.36548  ,  pro_loss: 0.16680
[train: Epoch 2, 650 / 1875] FPS: 62.0 (201.5)  ,  DataTime: 0.368 (0.011)  ,  ForwardTime: 0.137  ,  TotalTime: 0.516  ,  Loss/total: 4.59323  ,  Loss/ce: 4.55987  ,  IoU: 0.36924  ,  pro_loss: 0.16680
[train: Epoch 2, 700 / 1875] FPS: 62.2 (205.1)  ,  DataTime: 0.367 (0.011)  ,  ForwardTime: 0.137  ,  TotalTime: 0.515  ,  Loss/total: 4.58809  ,  Loss/ce: 4.55473  ,  IoU: 0.37146  ,  pro_loss: 0.16680
[train: Epoch 2, 750 / 1875] FPS: 62.6 (204.3)  ,  DataTime: 0.363 (0.011)  ,  ForwardTime: 0.137  ,  TotalTime: 0.511  ,  Loss/total: 4.58266  ,  Loss/ce: 4.54930  ,  IoU: 0.37404  ,  pro_loss: 0.16680
[train: Epoch 2, 800 / 1875] FPS: 63.0 (206.6)  ,  DataTime: 0.360 (0.011)  ,  ForwardTime: 0.137  ,  TotalTime: 0.508  ,  Loss/total: 4.57868  ,  Loss/ce: 4.54532  ,  IoU: 0.37641  ,  pro_loss: 0.16679
[train: Epoch 2, 850 / 1875] FPS: 63.5 (209.1)  ,  DataTime: 0.356 (0.011)  ,  ForwardTime: 0.137  ,  TotalTime: 0.504  ,  Loss/total: 4.57473  ,  Loss/ce: 4.54137  ,  IoU: 0.37917  ,  pro_loss: 0.16679
[train: Epoch 2, 900 / 1875] FPS: 63.7 (206.9)  ,  DataTime: 0.354 (0.011)  ,  ForwardTime: 0.137  ,  TotalTime: 0.502  ,  Loss/total: 4.56976  ,  Loss/ce: 4.53641  ,  IoU: 0.38174  ,  pro_loss: 0.16679
[train: Epoch 2, 950 / 1875] FPS: 63.9 (208.2)  ,  DataTime: 0.352 (0.012)  ,  ForwardTime: 0.137  ,  TotalTime: 0.501  ,  Loss/total: 4.56519  ,  Loss/ce: 4.53184  ,  IoU: 0.38384  ,  pro_loss: 0.16678
[train: Epoch 2, 1000 / 1875] FPS: 64.3 (28.1)  ,  DataTime: 0.350 (0.012)  ,  ForwardTime: 0.137  ,  TotalTime: 0.498  ,  Loss/total: 4.56041  ,  Loss/ce: 4.52706  ,  IoU: 0.38604  ,  pro_loss: 0.16678
[train: Epoch 2, 1050 / 1875] FPS: 64.5 (201.2)  ,  DataTime: 0.348 (0.012)  ,  ForwardTime: 0.137  ,  TotalTime: 0.496  ,  Loss/total: 4.55539  ,  Loss/ce: 4.52203  ,  IoU: 0.38887  ,  pro_loss: 0.16678
[train: Epoch 2, 1100 / 1875] FPS: 64.8 (199.2)  ,  DataTime: 0.345 (0.012)  ,  ForwardTime: 0.137  ,  TotalTime: 0.494  ,  Loss/total: 4.55041  ,  Loss/ce: 4.51706  ,  IoU: 0.39139  ,  pro_loss: 0.16678
[train: Epoch 2, 1150 / 1875] FPS: 65.0 (15.6)  ,  DataTime: 0.344 (0.012)  ,  ForwardTime: 0.137  ,  TotalTime: 0.492  ,  Loss/total: 4.54629  ,  Loss/ce: 4.51294  ,  IoU: 0.39426  ,  pro_loss: 0.16678
[train: Epoch 2, 1200 / 1875] FPS: 65.1 (208.1)  ,  DataTime: 0.343 (0.012)  ,  ForwardTime: 0.137  ,  TotalTime: 0.492  ,  Loss/total: 4.54195  ,  Loss/ce: 4.50860  ,  IoU: 0.39704  ,  pro_loss: 0.16677
[train: Epoch 2, 1250 / 1875] FPS: 65.0 (11.5)  ,  DataTime: 0.344 (0.012)  ,  ForwardTime: 0.137  ,  TotalTime: 0.492  ,  Loss/total: 4.53774  ,  Loss/ce: 4.50439  ,  IoU: 0.39896  ,  pro_loss: 0.16677
[train: Epoch 2, 1300 / 1875] FPS: 65.2 (24.0)  ,  DataTime: 0.343 (0.012)  ,  ForwardTime: 0.137  ,  TotalTime: 0.491  ,  Loss/total: 4.53317  ,  Loss/ce: 4.49982  ,  IoU: 0.40103  ,  pro_loss: 0.16677
[train: Epoch 2, 1350 / 1875] FPS: 65.2 (206.4)  ,  DataTime: 0.343 (0.012)  ,  ForwardTime: 0.137  ,  TotalTime: 0.491  ,  Loss/total: 4.52841  ,  Loss/ce: 4.49506  ,  IoU: 0.40352  ,  pro_loss: 0.16677
[train: Epoch 2, 1400 / 1875] FPS: 65.2 (61.9)  ,  DataTime: 0.343 (0.012)  ,  ForwardTime: 0.137  ,  TotalTime: 0.491  ,  Loss/total: 4.52420  ,  Loss/ce: 4.49085  ,  IoU: 0.40570  ,  pro_loss: 0.16677
[train: Epoch 2, 1450 / 1875] FPS: 64.8 (203.9)  ,  DataTime: 0.345 (0.012)  ,  ForwardTime: 0.137  ,  TotalTime: 0.494  ,  Loss/total: 4.51934  ,  Loss/ce: 4.48599  ,  IoU: 0.40842  ,  pro_loss: 0.16677
[train: Epoch 2, 1500 / 1875] FPS: 64.4 (18.2)  ,  DataTime: 0.349 (0.012)  ,  ForwardTime: 0.137  ,  TotalTime: 0.497  ,  Loss/total: 4.51457  ,  Loss/ce: 4.48122  ,  IoU: 0.41099  ,  pro_loss: 0.16677
[train: Epoch 2, 1550 / 1875] FPS: 64.0 (195.5)  ,  DataTime: 0.352 (0.012)  ,  ForwardTime: 0.137  ,  TotalTime: 0.500  ,  Loss/total: 4.51027  ,  Loss/ce: 4.47692  ,  IoU: 0.41298  ,  pro_loss: 0.16676
[train: Epoch 2, 1600 / 1875] FPS: 63.9 (207.1)  ,  DataTime: 0.352 (0.012)  ,  ForwardTime: 0.137  ,  TotalTime: 0.501  ,  Loss/total: 4.50622  ,  Loss/ce: 4.47287  ,  IoU: 0.41495  ,  pro_loss: 0.16676
[train: Epoch 2, 1650 / 1875] FPS: 63.4 (201.7)  ,  DataTime: 0.356 (0.012)  ,  ForwardTime: 0.137  ,  TotalTime: 0.504  ,  Loss/total: 4.50213  ,  Loss/ce: 4.46877  ,  IoU: 0.41720  ,  pro_loss: 0.16676
[train: Epoch 2, 1700 / 1875] FPS: 63.1 (205.6)  ,  DataTime: 0.359 (0.012)  ,  ForwardTime: 0.137  ,  TotalTime: 0.507  ,  Loss/total: 4.49860  ,  Loss/ce: 4.46525  ,  IoU: 0.41901  ,  pro_loss: 0.16676
[train: Epoch 2, 1750 / 1875] FPS: 63.0 (196.2)  ,  DataTime: 0.359 (0.012)  ,  ForwardTime: 0.137  ,  TotalTime: 0.508  ,  Loss/total: 4.49397  ,  Loss/ce: 4.46062  ,  IoU: 0.42100  ,  pro_loss: 0.16676
[train: Epoch 2, 1800 / 1875] FPS: 62.9 (197.5)  ,  DataTime: 0.360 (0.012)  ,  ForwardTime: 0.137  ,  TotalTime: 0.508  ,  Loss/total: 4.48950  ,  Loss/ce: 4.45615  ,  IoU: 0.42292  ,  pro_loss: 0.16676
[train: Epoch 2, 1850 / 1875] FPS: 62.6 (204.5)  ,  DataTime: 0.362 (0.012)  ,  ForwardTime: 0.137  ,  TotalTime: 0.511  ,  Loss/total: 4.48570  ,  Loss/ce: 4.45235  ,  IoU: 0.42467  ,  pro_loss: 0.16675
[train: Epoch 2, 1875 / 1875] FPS: 62.8 (209.5)  ,  DataTime: 0.361 (0.012)  ,  ForwardTime: 0.137  ,  TotalTime: 0.509  ,  Loss/total: 4.48371  ,  Loss/ce: 4.45036  ,  IoU: 0.42561  ,  pro_loss: 0.16675
[train: Epoch 3, 50 / 1875] FPS: 53.3 (45.0)  ,  DataTime: 0.453 (0.011)  ,  ForwardTime: 0.137  ,  TotalTime: 0.601  ,  Loss/total: 4.31744  ,  Loss/ce: 4.28410  ,  IoU: 0.51027  ,  pro_loss: 0.16670
[train: Epoch 3, 100 / 1875] FPS: 55.7 (198.1)  ,  DataTime: 0.427 (0.011)  ,  ForwardTime: 0.137  ,  TotalTime: 0.575  ,  Loss/total: 4.31392  ,  Loss/ce: 4.28058  ,  IoU: 0.50785  ,  pro_loss: 0.16670
[train: Epoch 3, 150 / 1875] FPS: 57.2 (209.7)  ,  DataTime: 0.412 (0.011)  ,  ForwardTime: 0.137  ,  TotalTime: 0.560  ,  Loss/total: 4.31971  ,  Loss/ce: 4.28637  ,  IoU: 0.50739  ,  pro_loss: 0.16670
[train: Epoch 3, 200 / 1875] FPS: 58.4 (203.9)  ,  DataTime: 0.400 (0.011)  ,  ForwardTime: 0.137  ,  TotalTime: 0.548  ,  Loss/total: 4.31989  ,  Loss/ce: 4.28655  ,  IoU: 0.50642  ,  pro_loss: 0.16670
[train: Epoch 3, 250 / 1875] FPS: 57.2 (13.8)  ,  DataTime: 0.411 (0.011)  ,  ForwardTime: 0.137  ,  TotalTime: 0.559  ,  Loss/total: 4.31768  ,  Loss/ce: 4.28434  ,  IoU: 0.50359  ,  pro_loss: 0.16669
[train: Epoch 3, 300 / 1875] FPS: 59.2 (201.7)  ,  DataTime: 0.392 (0.011)  ,  ForwardTime: 0.137  ,  TotalTime: 0.540  ,  Loss/total: 4.31292  ,  Loss/ce: 4.27958  ,  IoU: 0.50506  ,  pro_loss: 0.16669
[train: Epoch 3, 350 / 1875] FPS: 59.5 (202.9)  ,  DataTime: 0.390 (0.011)  ,  ForwardTime: 0.137  ,  TotalTime: 0.538  ,  Loss/total: 4.30771  ,  Loss/ce: 4.27437  ,  IoU: 0.50804  ,  pro_loss: 0.16669
[train: Epoch 3, 400 / 1875] FPS: 59.8 (206.3)  ,  DataTime: 0.387 (0.011)  ,  ForwardTime: 0.137  ,  TotalTime: 0.535  ,  Loss/total: 4.30342  ,  Loss/ce: 4.27008  ,  IoU: 0.50928  ,  pro_loss: 0.16670
[train: Epoch 3, 450 / 1875] FPS: 59.6 (208.7)  ,  DataTime: 0.389 (0.011)  ,  ForwardTime: 0.137  ,  TotalTime: 0.537  ,  Loss/total: 4.29967  ,  Loss/ce: 4.26633  ,  IoU: 0.51053  ,  pro_loss: 0.16670
[train: Epoch 3, 500 / 1875] FPS: 60.0 (207.6)  ,  DataTime: 0.385 (0.011)  ,  ForwardTime: 0.137  ,  TotalTime: 0.533  ,  Loss/total: 4.29631  ,  Loss/ce: 4.26297  ,  IoU: 0.51176  ,  pro_loss: 0.16670
[train: Epoch 3, 550 / 1875] FPS: 59.9 (50.9)  ,  DataTime: 0.386 (0.011)  ,  ForwardTime: 0.137  ,  TotalTime: 0.534  ,  Loss/total: 4.29333  ,  Loss/ce: 4.25999  ,  IoU: 0.51405  ,  pro_loss: 0.16670
[train: Epoch 3, 600 / 1875] FPS: 59.8 (14.9)  ,  DataTime: 0.387 (0.011)  ,  ForwardTime: 0.137  ,  TotalTime: 0.535  ,  Loss/total: 4.29161  ,  Loss/ce: 4.25827  ,  IoU: 0.51524  ,  pro_loss: 0.16670
[train: Epoch 3, 650 / 1875] FPS: 60.2 (206.2)  ,  DataTime: 0.383 (0.012)  ,  ForwardTime: 0.137  ,  TotalTime: 0.531  ,  Loss/total: 4.28899  ,  Loss/ce: 4.25566  ,  IoU: 0.51679  ,  pro_loss: 0.16670
[train: Epoch 3, 700 / 1875] FPS: 60.1 (197.7)  ,  DataTime: 0.384 (0.012)  ,  ForwardTime: 0.137  ,  TotalTime: 0.533  ,  Loss/total: 4.28696  ,  Loss/ce: 4.25362  ,  IoU: 0.51757  ,  pro_loss: 0.16669
[train: Epoch 3, 750 / 1875] FPS: 60.3 (207.2)  ,  DataTime: 0.382 (0.012)  ,  ForwardTime: 0.137  ,  TotalTime: 0.531  ,  Loss/total: 4.28349  ,  Loss/ce: 4.25015  ,  IoU: 0.51834  ,  pro_loss: 0.16669
[train: Epoch 3, 800 / 1875] FPS: 60.1 (31.7)  ,  DataTime: 0.384 (0.012)  ,  ForwardTime: 0.137  ,  TotalTime: 0.532  ,  Loss/total: 4.28164  ,  Loss/ce: 4.24830  ,  IoU: 0.51888  ,  pro_loss: 0.16670
[train: Epoch 3, 850 / 1875] FPS: 60.3 (204.4)  ,  DataTime: 0.382 (0.012)  ,  ForwardTime: 0.137  ,  TotalTime: 0.531  ,  Loss/total: 4.27918  ,  Loss/ce: 4.24584  ,  IoU: 0.52072  ,  pro_loss: 0.16669
[train: Epoch 3, 900 / 1875] FPS: 60.2 (203.9)  ,  DataTime: 0.383 (0.012)  ,  ForwardTime: 0.137  ,  TotalTime: 0.532  ,  Loss/total: 4.27693  ,  Loss/ce: 4.24359  ,  IoU: 0.52181  ,  pro_loss: 0.16670
[train: Epoch 3, 950 / 1875] FPS: 60.4 (206.5)  ,  DataTime: 0.381 (0.012)  ,  ForwardTime: 0.137  ,  TotalTime: 0.530  ,  Loss/total: 4.27396  ,  Loss/ce: 4.24062  ,  IoU: 0.52294  ,  pro_loss: 0.16669
[train: Epoch 3, 1000 / 1875] FPS: 60.4 (203.0)  ,  DataTime: 0.382 (0.012)  ,  ForwardTime: 0.137  ,  TotalTime: 0.530  ,  Loss/total: 4.27135  ,  Loss/ce: 4.23801  ,  IoU: 0.52439  ,  pro_loss: 0.16670
[train: Epoch 3, 1050 / 1875] FPS: 60.8 (206.0)  ,  DataTime: 0.378 (0.012)  ,  ForwardTime: 0.137  ,  TotalTime: 0.526  ,  Loss/total: 4.26867  ,  Loss/ce: 4.23533  ,  IoU: 0.52539  ,  pro_loss: 0.16670
[train: Epoch 3, 1100 / 1875] FPS: 60.7 (204.6)  ,  DataTime: 0.378 (0.012)  ,  ForwardTime: 0.137  ,  TotalTime: 0.527  ,  Loss/total: 4.26622  ,  Loss/ce: 4.23288  ,  IoU: 0.52652  ,  pro_loss: 0.16670
[train: Epoch 3, 1150 / 1875] FPS: 60.8 (203.9)  ,  DataTime: 0.377 (0.012)  ,  ForwardTime: 0.137  ,  TotalTime: 0.526  ,  Loss/total: 4.26269  ,  Loss/ce: 4.22935  ,  IoU: 0.52733  ,  pro_loss: 0.16670
[train: Epoch 3, 1200 / 1875] FPS: 61.0 (15.2)  ,  DataTime: 0.376 (0.012)  ,  ForwardTime: 0.137  ,  TotalTime: 0.525  ,  Loss/total: 4.26018  ,  Loss/ce: 4.22684  ,  IoU: 0.52858  ,  pro_loss: 0.16670
[train: Epoch 3, 1250 / 1875] FPS: 61.0 (206.2)  ,  DataTime: 0.376 (0.012)  ,  ForwardTime: 0.137  ,  TotalTime: 0.524  ,  Loss/total: 4.25811  ,  Loss/ce: 4.22477  ,  IoU: 0.52957  ,  pro_loss: 0.16670
[train: Epoch 3, 1300 / 1875] FPS: 61.3 (209.3)  ,  DataTime: 0.373 (0.012)  ,  ForwardTime: 0.137  ,  TotalTime: 0.522  ,  Loss/total: 4.25620  ,  Loss/ce: 4.22286  ,  IoU: 0.53039  ,  pro_loss: 0.16669
[train: Epoch 3, 1350 / 1875] FPS: 61.3 (205.3)  ,  DataTime: 0.374 (0.012)  ,  ForwardTime: 0.137  ,  TotalTime: 0.522  ,  Loss/total: 4.25348  ,  Loss/ce: 4.22014  ,  IoU: 0.53146  ,  pro_loss: 0.16669
[train: Epoch 3, 1400 / 1875] FPS: 61.2 (9.0)  ,  DataTime: 0.374 (0.012)  ,  ForwardTime: 0.137  ,  TotalTime: 0.522  ,  Loss/total: 4.25120  ,  Loss/ce: 4.21786  ,  IoU: 0.53203  ,  pro_loss: 0.16669
[train: Epoch 3, 1450 / 1875] FPS: 61.5 (204.2)  ,  DataTime: 0.372 (0.012)  ,  ForwardTime: 0.137  ,  TotalTime: 0.521  ,  Loss/total: 4.24863  ,  Loss/ce: 4.21529  ,  IoU: 0.53312  ,  pro_loss: 0.16669
[train: Epoch 3, 1500 / 1875] FPS: 61.5 (206.9)  ,  DataTime: 0.371 (0.012)  ,  ForwardTime: 0.137  ,  TotalTime: 0.520  ,  Loss/total: 4.24624  ,  Loss/ce: 4.21290  ,  IoU: 0.53380  ,  pro_loss: 0.16669
[train: Epoch 3, 1550 / 1875] FPS: 61.6 (203.0)  ,  DataTime: 0.371 (0.012)  ,  ForwardTime: 0.137  ,  TotalTime: 0.520  ,  Loss/total: 4.24396  ,  Loss/ce: 4.21062  ,  IoU: 0.53461  ,  pro_loss: 0.16669
[train: Epoch 3, 1600 / 1875] FPS: 61.4 (203.0)  ,  DataTime: 0.372 (0.012)  ,  ForwardTime: 0.137  ,  TotalTime: 0.521  ,  Loss/total: 4.24189  ,  Loss/ce: 4.20855  ,  IoU: 0.53545  ,  pro_loss: 0.16669
[train: Epoch 3, 1650 / 1875] FPS: 61.1 (203.6)  ,  DataTime: 0.375 (0.012)  ,  ForwardTime: 0.137  ,  TotalTime: 0.523  ,  Loss/total: 4.23938  ,  Loss/ce: 4.20604  ,  IoU: 0.53634  ,  pro_loss: 0.16669
[train: Epoch 3, 1700 / 1875] FPS: 61.0 (9.1)  ,  DataTime: 0.376 (0.012)  ,  ForwardTime: 0.137  ,  TotalTime: 0.525  ,  Loss/total: 4.23709  ,  Loss/ce: 4.20375  ,  IoU: 0.53733  ,  pro_loss: 0.16669
[train: Epoch 3, 1750 / 1875] FPS: 60.9 (201.6)  ,  DataTime: 0.377 (0.012)  ,  ForwardTime: 0.137  ,  TotalTime: 0.525  ,  Loss/total: 4.23495  ,  Loss/ce: 4.20161  ,  IoU: 0.53829  ,  pro_loss: 0.16669
[train: Epoch 3, 1800 / 1875] FPS: 60.9 (201.9)  ,  DataTime: 0.377 (0.012)  ,  ForwardTime: 0.137  ,  TotalTime: 0.525  ,  Loss/total: 4.23282  ,  Loss/ce: 4.19948  ,  IoU: 0.53893  ,  pro_loss: 0.16669
[train: Epoch 3, 1850 / 1875] FPS: 60.7 (203.5)  ,  DataTime: 0.378 (0.012)  ,  ForwardTime: 0.137  ,  TotalTime: 0.527  ,  Loss/total: 4.23037  ,  Loss/ce: 4.19703  ,  IoU: 0.53970  ,  pro_loss: 0.16669
[train: Epoch 3, 1875 / 1875] FPS: 60.9 (209.7)  ,  DataTime: 0.377 (0.012)  ,  ForwardTime: 0.137  ,  TotalTime: 0.525  ,  Loss/total: 4.22917  ,  Loss/ce: 4.19583  ,  IoU: 0.54008  ,  pro_loss: 0.16669
[train: Epoch 4, 50 / 1875] FPS: 53.2 (205.1)  ,  DataTime: 0.453 (0.011)  ,  ForwardTime: 0.137  ,  TotalTime: 0.601  ,  Loss/total: 4.15873  ,  Loss/ce: 4.12539  ,  IoU: 0.56792  ,  pro_loss: 0.16669
[train: Epoch 4, 100 / 1875] FPS: 54.1 (12.1)  ,  DataTime: 0.443 (0.012)  ,  ForwardTime: 0.137  ,  TotalTime: 0.591  ,  Loss/total: 4.14887  ,  Loss/ce: 4.11553  ,  IoU: 0.56897  ,  pro_loss: 0.16668
[train: Epoch 4, 150 / 1875] FPS: 56.7 (197.3)  ,  DataTime: 0.416 (0.011)  ,  ForwardTime: 0.137  ,  TotalTime: 0.564  ,  Loss/total: 4.14610  ,  Loss/ce: 4.11276  ,  IoU: 0.56979  ,  pro_loss: 0.16668
[train: Epoch 4, 200 / 1875] FPS: 58.1 (201.8)  ,  DataTime: 0.403 (0.012)  ,  ForwardTime: 0.137  ,  TotalTime: 0.551  ,  Loss/total: 4.14062  ,  Loss/ce: 4.10728  ,  IoU: 0.57274  ,  pro_loss: 0.16667
[train: Epoch 4, 250 / 1875] FPS: 58.1 (209.8)  ,  DataTime: 0.403 (0.011)  ,  ForwardTime: 0.137  ,  TotalTime: 0.551  ,  Loss/total: 4.13805  ,  Loss/ce: 4.10471  ,  IoU: 0.57435  ,  pro_loss: 0.16667
[train: Epoch 4, 300 / 1875] FPS: 58.3 (207.1)  ,  DataTime: 0.401 (0.011)  ,  ForwardTime: 0.137  ,  TotalTime: 0.549  ,  Loss/total: 4.13698  ,  Loss/ce: 4.10365  ,  IoU: 0.57302  ,  pro_loss: 0.16667
[train: Epoch 4, 350 / 1875] FPS: 59.4 (207.7)  ,  DataTime: 0.391 (0.011)  ,  ForwardTime: 0.137  ,  TotalTime: 0.539  ,  Loss/total: 4.13460  ,  Loss/ce: 4.10126  ,  IoU: 0.57385  ,  pro_loss: 0.16667
[train: Epoch 4, 400 / 1875] FPS: 60.1 (202.3)  ,  DataTime: 0.384 (0.011)  ,  ForwardTime: 0.137  ,  TotalTime: 0.532  ,  Loss/total: 4.13186  ,  Loss/ce: 4.09852  ,  IoU: 0.57486  ,  pro_loss: 0.16667
[train: Epoch 4, 450 / 1875] FPS: 59.9 (13.1)  ,  DataTime: 0.386 (0.011)  ,  ForwardTime: 0.137  ,  TotalTime: 0.534  ,  Loss/total: 4.13100  ,  Loss/ce: 4.09766  ,  IoU: 0.57590  ,  pro_loss: 0.16667
[train: Epoch 4, 500 / 1875] FPS: 60.6 (204.1)  ,  DataTime: 0.380 (0.011)  ,  ForwardTime: 0.137  ,  TotalTime: 0.528  ,  Loss/total: 4.12894  ,  Loss/ce: 4.09560  ,  IoU: 0.57714  ,  pro_loss: 0.16668
[train: Epoch 4, 550 / 1875] FPS: 61.0 (204.6)  ,  DataTime: 0.376 (0.012)  ,  ForwardTime: 0.137  ,  TotalTime: 0.525  ,  Loss/total: 4.12626  ,  Loss/ce: 4.09292  ,  IoU: 0.57835  ,  pro_loss: 0.16668
[train: Epoch 4, 600 / 1875] FPS: 60.8 (206.0)  ,  DataTime: 0.378 (0.012)  ,  ForwardTime: 0.137  ,  TotalTime: 0.526  ,  Loss/total: 4.12387  ,  Loss/ce: 4.09054  ,  IoU: 0.57917  ,  pro_loss: 0.16667
[train: Epoch 4, 650 / 1875] FPS: 61.3 (201.7)  ,  DataTime: 0.374 (0.012)  ,  ForwardTime: 0.137  ,  TotalTime: 0.522  ,  Loss/total: 4.12238  ,  Loss/ce: 4.08904  ,  IoU: 0.57966  ,  pro_loss: 0.16667
[train: Epoch 4, 700 / 1875] FPS: 61.6 (205.7)  ,  DataTime: 0.371 (0.012)  ,  ForwardTime: 0.137  ,  TotalTime: 0.520  ,  Loss/total: 4.11921  ,  Loss/ce: 4.08588  ,  IoU: 0.58105  ,  pro_loss: 0.16668
[train: Epoch 4, 750 / 1875] FPS: 61.9 (205.1)  ,  DataTime: 0.368 (0.011)  ,  ForwardTime: 0.137  ,  TotalTime: 0.517  ,  Loss/total: 4.11886  ,  Loss/ce: 4.08552  ,  IoU: 0.58078  ,  pro_loss: 0.16668
[train: Epoch 4, 800 / 1875] FPS: 61.6 (7.1)  ,  DataTime: 0.372 (0.011)  ,  ForwardTime: 0.137  ,  TotalTime: 0.520  ,  Loss/total: 4.11891  ,  Loss/ce: 4.08557  ,  IoU: 0.58139  ,  pro_loss: 0.16668
[train: Epoch 4, 850 / 1875] FPS: 62.3 (207.2)  ,  DataTime: 0.365 (0.011)  ,  ForwardTime: 0.137  ,  TotalTime: 0.513  ,  Loss/total: 4.11865  ,  Loss/ce: 4.08532  ,  IoU: 0.58198  ,  pro_loss: 0.16668
[train: Epoch 4, 900 / 1875] FPS: 62.4 (207.4)  ,  DataTime: 0.364 (0.012)  ,  ForwardTime: 0.137  ,  TotalTime: 0.513  ,  Loss/total: 4.11762  ,  Loss/ce: 4.08429  ,  IoU: 0.58238  ,  pro_loss: 0.16668
[train: Epoch 4, 950 / 1875] FPS: 62.6 (203.9)  ,  DataTime: 0.363 (0.012)  ,  ForwardTime: 0.137  ,  TotalTime: 0.511  ,  Loss/total: 4.11597  ,  Loss/ce: 4.08263  ,  IoU: 0.58263  ,  pro_loss: 0.16668
[train: Epoch 4, 1000 / 1875] FPS: 62.9 (206.5)  ,  DataTime: 0.361 (0.011)  ,  ForwardTime: 0.137  ,  TotalTime: 0.509  ,  Loss/total: 4.11483  ,  Loss/ce: 4.08149  ,  IoU: 0.58309  ,  pro_loss: 0.16668
[train: Epoch 4, 1050 / 1875] FPS: 63.0 (204.9)  ,  DataTime: 0.359 (0.012)  ,  ForwardTime: 0.137  ,  TotalTime: 0.508  ,  Loss/total: 4.11339  ,  Loss/ce: 4.08005  ,  IoU: 0.58388  ,  pro_loss: 0.16668
[train: Epoch 4, 1100 / 1875] FPS: 63.2 (207.8)  ,  DataTime: 0.358 (0.012)  ,  ForwardTime: 0.137  ,  TotalTime: 0.506  ,  Loss/total: 4.11142  ,  Loss/ce: 4.07808  ,  IoU: 0.58466  ,  pro_loss: 0.16668
[train: Epoch 4, 1150 / 1875] FPS: 63.1 (206.5)  ,  DataTime: 0.359 (0.012)  ,  ForwardTime: 0.137  ,  TotalTime: 0.507  ,  Loss/total: 4.11013  ,  Loss/ce: 4.07680  ,  IoU: 0.58506  ,  pro_loss: 0.16668
[train: Epoch 4, 1200 / 1875] FPS: 63.5 (206.5)  ,  DataTime: 0.356 (0.012)  ,  ForwardTime: 0.137  ,  TotalTime: 0.504  ,  Loss/total: 4.10912  ,  Loss/ce: 4.07578  ,  IoU: 0.58502  ,  pro_loss: 0.16668
[train: Epoch 4, 1250 / 1875] FPS: 63.7 (207.6)  ,  DataTime: 0.354 (0.012)  ,  ForwardTime: 0.137  ,  TotalTime: 0.502  ,  Loss/total: 4.10766  ,  Loss/ce: 4.07432  ,  IoU: 0.58543  ,  pro_loss: 0.16668
[train: Epoch 4, 1300 / 1875] FPS: 63.8 (204.7)  ,  DataTime: 0.354 (0.012)  ,  ForwardTime: 0.137  ,  TotalTime: 0.502  ,  Loss/total: 4.10642  ,  Loss/ce: 4.07308  ,  IoU: 0.58596  ,  pro_loss: 0.16668
[train: Epoch 4, 1350 / 1875] FPS: 63.8 (28.7)  ,  DataTime: 0.353 (0.012)  ,  ForwardTime: 0.137  ,  TotalTime: 0.501  ,  Loss/total: 4.10556  ,  Loss/ce: 4.07222  ,  IoU: 0.58625  ,  pro_loss: 0.16668
[train: Epoch 4, 1400 / 1875] FPS: 64.0 (203.5)  ,  DataTime: 0.352 (0.012)  ,  ForwardTime: 0.137  ,  TotalTime: 0.500  ,  Loss/total: 4.10373  ,  Loss/ce: 4.07039  ,  IoU: 0.58677  ,  pro_loss: 0.16668
[train: Epoch 4, 1450 / 1875] FPS: 63.9 (10.7)  ,  DataTime: 0.352 (0.012)  ,  ForwardTime: 0.137  ,  TotalTime: 0.501  ,  Loss/total: 4.10205  ,  Loss/ce: 4.06872  ,  IoU: 0.58741  ,  pro_loss: 0.16668
[train: Epoch 4, 1500 / 1875] FPS: 64.2 (207.8)  ,  DataTime: 0.350 (0.012)  ,  ForwardTime: 0.137  ,  TotalTime: 0.499  ,  Loss/total: 4.09969  ,  Loss/ce: 4.06635  ,  IoU: 0.58766  ,  pro_loss: 0.16668
[train: Epoch 4, 1550 / 1875] FPS: 64.5 (205.5)  ,  DataTime: 0.348 (0.012)  ,  ForwardTime: 0.137  ,  TotalTime: 0.496  ,  Loss/total: 4.09840  ,  Loss/ce: 4.06506  ,  IoU: 0.58803  ,  pro_loss: 0.16668
[train: Epoch 4, 1600 / 1875] FPS: 64.6 (207.6)  ,  DataTime: 0.347 (0.012)  ,  ForwardTime: 0.137  ,  TotalTime: 0.495  ,  Loss/total: 4.09743  ,  Loss/ce: 4.06409  ,  IoU: 0.58847  ,  pro_loss: 0.16668
[train: Epoch 4, 1650 / 1875] FPS: 64.9 (109.7)  ,  DataTime: 0.345 (0.012)  ,  ForwardTime: 0.137  ,  TotalTime: 0.493  ,  Loss/total: 4.09619  ,  Loss/ce: 4.06286  ,  IoU: 0.58893  ,  pro_loss: 0.16668
[train: Epoch 4, 1700 / 1875] FPS: 65.2 (201.3)  ,  DataTime: 0.343 (0.012)  ,  ForwardTime: 0.137  ,  TotalTime: 0.491  ,  Loss/total: 4.09490  ,  Loss/ce: 4.06156  ,  IoU: 0.58936  ,  pro_loss: 0.16668
[train: Epoch 4, 1750 / 1875] FPS: 65.1 (202.7)  ,  DataTime: 0.343 (0.012)  ,  ForwardTime: 0.137  ,  TotalTime: 0.491  ,  Loss/total: 4.09350  ,  Loss/ce: 4.06017  ,  IoU: 0.58973  ,  pro_loss: 0.16668
[train: Epoch 4, 1800 / 1875] FPS: 65.3 (202.8)  ,  DataTime: 0.341 (0.012)  ,  ForwardTime: 0.137  ,  TotalTime: 0.490  ,  Loss/total: 4.09218  ,  Loss/ce: 4.05884  ,  IoU: 0.59025  ,  pro_loss: 0.16668
[train: Epoch 4, 1850 / 1875] FPS: 65.5 (206.3)  ,  DataTime: 0.340 (0.012)  ,  ForwardTime: 0.137  ,  TotalTime: 0.488  ,  Loss/total: 4.09016  ,  Loss/ce: 4.05683  ,  IoU: 0.59093  ,  pro_loss: 0.16668
[train: Epoch 4, 1875 / 1875] FPS: 65.7 (199.7)  ,  DataTime: 0.339 (0.012)  ,  ForwardTime: 0.137  ,  TotalTime: 0.487  ,  Loss/total: 4.08946  ,  Loss/ce: 4.05613  ,  IoU: 0.59110  ,  pro_loss: 0.16668
[train: Epoch 5, 50 / 1875] FPS: 62.9 (201.5)  ,  DataTime: 0.360 (0.012)  ,  ForwardTime: 0.137  ,  TotalTime: 0.509  ,  Loss/total: 4.03129  ,  Loss/ce: 3.99796  ,  IoU: 0.61461  ,  pro_loss: 0.16666
[train: Epoch 5, 100 / 1875] FPS: 63.3 (206.5)  ,  DataTime: 0.357 (0.012)  ,  ForwardTime: 0.137  ,  TotalTime: 0.506  ,  Loss/total: 4.03914  ,  Loss/ce: 4.00580  ,  IoU: 0.61382  ,  pro_loss: 0.16667
[train: Epoch 5, 150 / 1875] FPS: 66.1 (209.1)  ,  DataTime: 0.336 (0.012)  ,  ForwardTime: 0.137  ,  TotalTime: 0.484  ,  Loss/total: 4.03578  ,  Loss/ce: 4.00244  ,  IoU: 0.61279  ,  pro_loss: 0.16667
[train: Epoch 5, 200 / 1875] FPS: 66.7 (207.7)  ,  DataTime: 0.331 (0.012)  ,  ForwardTime: 0.137  ,  TotalTime: 0.479  ,  Loss/total: 4.03835  ,  Loss/ce: 4.00502  ,  IoU: 0.61034  ,  pro_loss: 0.16667
[train: Epoch 5, 250 / 1875] FPS: 67.4 (205.9)  ,  DataTime: 0.326 (0.012)  ,  ForwardTime: 0.137  ,  TotalTime: 0.475  ,  Loss/total: 4.03905  ,  Loss/ce: 4.00572  ,  IoU: 0.60935  ,  pro_loss: 0.16667
[train: Epoch 5, 300 / 1875] FPS: 67.7 (207.0)  ,  DataTime: 0.324 (0.012)  ,  ForwardTime: 0.137  ,  TotalTime: 0.473  ,  Loss/total: 4.03965  ,  Loss/ce: 4.00632  ,  IoU: 0.61007  ,  pro_loss: 0.16667
[train: Epoch 5, 350 / 1875] FPS: 68.1 (200.5)  ,  DataTime: 0.321 (0.012)  ,  ForwardTime: 0.137  ,  TotalTime: 0.470  ,  Loss/total: 4.03851  ,  Loss/ce: 4.00518  ,  IoU: 0.61082  ,  pro_loss: 0.16667
[train: Epoch 5, 400 / 1875] FPS: 67.2 (206.7)  ,  DataTime: 0.327 (0.012)  ,  ForwardTime: 0.137  ,  TotalTime: 0.476  ,  Loss/total: 4.03754  ,  Loss/ce: 4.00420  ,  IoU: 0.61168  ,  pro_loss: 0.16667
[train: Epoch 5, 450 / 1875] FPS: 68.0 (201.4)  ,  DataTime: 0.321 (0.012)  ,  ForwardTime: 0.137  ,  TotalTime: 0.470  ,  Loss/total: 4.03628  ,  Loss/ce: 4.00295  ,  IoU: 0.61217  ,  pro_loss: 0.16667
[train: Epoch 5, 500 / 1875] FPS: 68.4 (47.2)  ,  DataTime: 0.319 (0.012)  ,  ForwardTime: 0.137  ,  TotalTime: 0.468  ,  Loss/total: 4.03513  ,  Loss/ce: 4.00180  ,  IoU: 0.61280  ,  pro_loss: 0.16667
[train: Epoch 5, 550 / 1875] FPS: 68.3 (203.5)  ,  DataTime: 0.320 (0.012)  ,  ForwardTime: 0.137  ,  TotalTime: 0.469  ,  Loss/total: 4.03362  ,  Loss/ce: 4.00028  ,  IoU: 0.61361  ,  pro_loss: 0.16667
[train: Epoch 5, 600 / 1875] FPS: 68.2 (144.8)  ,  DataTime: 0.320 (0.012)  ,  ForwardTime: 0.137  ,  TotalTime: 0.469  ,  Loss/total: 4.03179  ,  Loss/ce: 3.99845  ,  IoU: 0.61383  ,  pro_loss: 0.16667
[train: Epoch 5, 650 / 1875] FPS: 67.9 (203.1)  ,  DataTime: 0.322 (0.012)  ,  ForwardTime: 0.137  ,  TotalTime: 0.471  ,  Loss/total: 4.02963  ,  Loss/ce: 3.99629  ,  IoU: 0.61432  ,  pro_loss: 0.16667
[train: Epoch 5, 700 / 1875] FPS: 67.2 (8.9)  ,  DataTime: 0.327 (0.012)  ,  ForwardTime: 0.137  ,  TotalTime: 0.476  ,  Loss/total: 4.02844  ,  Loss/ce: 3.99510  ,  IoU: 0.61445  ,  pro_loss: 0.16667
[train: Epoch 5, 750 / 1875] FPS: 67.5 (205.4)  ,  DataTime: 0.325 (0.012)  ,  ForwardTime: 0.137  ,  TotalTime: 0.474  ,  Loss/total: 4.02654  ,  Loss/ce: 3.99320  ,  IoU: 0.61527  ,  pro_loss: 0.16667
[train: Epoch 5, 800 / 1875] FPS: 67.7 (201.5)  ,  DataTime: 0.324 (0.012)  ,  ForwardTime: 0.137  ,  TotalTime: 0.473  ,  Loss/total: 4.02623  ,  Loss/ce: 3.99290  ,  IoU: 0.61558  ,  pro_loss: 0.16667
[train: Epoch 5, 850 / 1875] FPS: 67.5 (70.4)  ,  DataTime: 0.325 (0.012)  ,  ForwardTime: 0.137  ,  TotalTime: 0.474  ,  Loss/total: 4.02630  ,  Loss/ce: 3.99297  ,  IoU: 0.61545  ,  pro_loss: 0.16667
[train: Epoch 5, 900 / 1875] FPS: 67.2 (200.3)  ,  DataTime: 0.327 (0.012)  ,  ForwardTime: 0.137  ,  TotalTime: 0.476  ,  Loss/total: 4.02457  ,  Loss/ce: 3.99123  ,  IoU: 0.61581  ,  pro_loss: 0.16667
[train: Epoch 5, 950 / 1875] FPS: 66.8 (206.1)  ,  DataTime: 0.330 (0.012)  ,  ForwardTime: 0.137  ,  TotalTime: 0.479  ,  Loss/total: 4.02433  ,  Loss/ce: 3.99100  ,  IoU: 0.61620  ,  pro_loss: 0.16667
[train: Epoch 5, 1000 / 1875] FPS: 66.4 (205.0)  ,  DataTime: 0.333 (0.012)  ,  ForwardTime: 0.137  ,  TotalTime: 0.482  ,  Loss/total: 4.02205  ,  Loss/ce: 3.98872  ,  IoU: 0.61691  ,  pro_loss: 0.16667
[train: Epoch 5, 1050 / 1875] FPS: 66.2 (200.2)  ,  DataTime: 0.334 (0.012)  ,  ForwardTime: 0.137  ,  TotalTime: 0.483  ,  Loss/total: 4.02139  ,  Loss/ce: 3.98806  ,  IoU: 0.61719  ,  pro_loss: 0.16667
[train: Epoch 5, 1100 / 1875] FPS: 66.0 (205.1)  ,  DataTime: 0.336 (0.012)  ,  ForwardTime: 0.137  ,  TotalTime: 0.485  ,  Loss/total: 4.01981  ,  Loss/ce: 3.98647  ,  IoU: 0.61748  ,  pro_loss: 0.16667
[train: Epoch 5, 1150 / 1875] FPS: 65.7 (200.8)  ,  DataTime: 0.338 (0.012)  ,  ForwardTime: 0.137  ,  TotalTime: 0.487  ,  Loss/total: 4.01759  ,  Loss/ce: 3.98426  ,  IoU: 0.61821  ,  pro_loss: 0.16667
[train: Epoch 5, 1200 / 1875] FPS: 65.5 (206.4)  ,  DataTime: 0.339 (0.012)  ,  ForwardTime: 0.137  ,  TotalTime: 0.488  ,  Loss/total: 4.01645  ,  Loss/ce: 3.98312  ,  IoU: 0.61855  ,  pro_loss: 0.16667
[train: Epoch 5, 1250 / 1875] FPS: 65.3 (208.8)  ,  DataTime: 0.341 (0.012)  ,  ForwardTime: 0.137  ,  TotalTime: 0.490  ,  Loss/total: 4.01485  ,  Loss/ce: 3.98151  ,  IoU: 0.61923  ,  pro_loss: 0.16667
[train: Epoch 5, 1300 / 1875] FPS: 64.9 (12.5)  ,  DataTime: 0.344 (0.012)  ,  ForwardTime: 0.137  ,  TotalTime: 0.493  ,  Loss/total: 4.01306  ,  Loss/ce: 3.97972  ,  IoU: 0.61980  ,  pro_loss: 0.16667
[train: Epoch 5, 1350 / 1875] FPS: 64.8 (197.5)  ,  DataTime: 0.345 (0.012)  ,  ForwardTime: 0.137  ,  TotalTime: 0.494  ,  Loss/total: 4.01156  ,  Loss/ce: 3.97822  ,  IoU: 0.62048  ,  pro_loss: 0.16667
[train: Epoch 5, 1400 / 1875] FPS: 64.8 (201.6)  ,  DataTime: 0.345 (0.012)  ,  ForwardTime: 0.137  ,  TotalTime: 0.494  ,  Loss/total: 4.01066  ,  Loss/ce: 3.97733  ,  IoU: 0.62101  ,  pro_loss: 0.16667
[train: Epoch 5, 1450 / 1875] FPS: 64.6 (186.0)  ,  DataTime: 0.347 (0.012)  ,  ForwardTime: 0.137  ,  TotalTime: 0.496  ,  Loss/total: 4.01055  ,  Loss/ce: 3.97722  ,  IoU: 0.62104  ,  pro_loss: 0.16667
[train: Epoch 5, 1500 / 1875] FPS: 64.2 (11.5)  ,  DataTime: 0.350 (0.012)  ,  ForwardTime: 0.137  ,  TotalTime: 0.499  ,  Loss/total: 4.00979  ,  Loss/ce: 3.97646  ,  IoU: 0.62134  ,  pro_loss: 0.16667
[train: Epoch 5, 1550 / 1875] FPS: 64.0 (206.0)  ,  DataTime: 0.351 (0.012)  ,  ForwardTime: 0.137  ,  TotalTime: 0.500  ,  Loss/total: 4.00874  ,  Loss/ce: 3.97540  ,  IoU: 0.62142  ,  pro_loss: 0.16667
[train: Epoch 5, 1600 / 1875] FPS: 64.0 (28.5)  ,  DataTime: 0.351 (0.012)  ,  ForwardTime: 0.137  ,  TotalTime: 0.500  ,  Loss/total: 4.00758  ,  Loss/ce: 3.97425  ,  IoU: 0.62166  ,  pro_loss: 0.16667
[train: Epoch 5, 1650 / 1875] FPS: 63.6 (195.0)  ,  DataTime: 0.354 (0.012)  ,  ForwardTime: 0.137  ,  TotalTime: 0.503  ,  Loss/total: 4.00671  ,  Loss/ce: 3.97338  ,  IoU: 0.62171  ,  pro_loss: 0.16667
[train: Epoch 5, 1700 / 1875] FPS: 63.5 (60.0)  ,  DataTime: 0.355 (0.012)  ,  ForwardTime: 0.137  ,  TotalTime: 0.504  ,  Loss/total: 4.00585  ,  Loss/ce: 3.97252  ,  IoU: 0.62186  ,  pro_loss: 0.16667
[train: Epoch 5, 1750 / 1875] FPS: 63.5 (63.3)  ,  DataTime: 0.355 (0.012)  ,  ForwardTime: 0.137  ,  TotalTime: 0.504  ,  Loss/total: 4.00496  ,  Loss/ce: 3.97163  ,  IoU: 0.62222  ,  pro_loss: 0.16667
[train: Epoch 5, 1800 / 1875] FPS: 63.4 (202.9)  ,  DataTime: 0.356 (0.012)  ,  ForwardTime: 0.137  ,  TotalTime: 0.505  ,  Loss/total: 4.00387  ,  Loss/ce: 3.97054  ,  IoU: 0.62245  ,  pro_loss: 0.16667
[train: Epoch 5, 1850 / 1875] FPS: 63.0 (11.9)  ,  DataTime: 0.359 (0.012)  ,  ForwardTime: 0.137  ,  TotalTime: 0.508  ,  Loss/total: 4.00294  ,  Loss/ce: 3.96961  ,  IoU: 0.62283  ,  pro_loss: 0.16667
[train: Epoch 5, 1875 / 1875] FPS: 63.2 (208.3)  ,  DataTime: 0.358 (0.012)  ,  ForwardTime: 0.137  ,  TotalTime: 0.507  ,  Loss/total: 4.00285  ,  Loss/ce: 3.96951  ,  IoU: 0.62310  ,  pro_loss: 0.16667
[val: Epoch 5, 50 / 312] FPS: 43.1 (26.6)  ,  DataTime: 0.626 (0.013)  ,  ForwardTime: 0.103  ,  TotalTime: 0.742  ,  Loss/total: nan  ,  Loss/giou: 0.38873  ,  Loss/l1: 0.03311  ,  Loss/location: nan  ,  pro_loss: 0.16667  ,  IoU: 0.64114
[val: Epoch 5, 100 / 312] FPS: 47.8 (371.6)  ,  DataTime: 0.570 (0.014)  ,  ForwardTime: 0.086  ,  TotalTime: 0.669  ,  Loss/total: nan  ,  Loss/giou: 0.38731  ,  Loss/l1: 0.03249  ,  Loss/location: nan  ,  pro_loss: 0.16667  ,  IoU: 0.64189
[val: Epoch 5, 150 / 312] FPS: 49.3 (343.3)  ,  DataTime: 0.554 (0.014)  ,  ForwardTime: 0.081  ,  TotalTime: 0.648  ,  Loss/total: nan  ,  Loss/giou: 0.38527  ,  Loss/l1: 0.03253  ,  Loss/location: nan  ,  pro_loss: 0.16667  ,  IoU: 0.64324
[val: Epoch 5, 200 / 312] FPS: 51.2 (340.0)  ,  DataTime: 0.533 (0.014)  ,  ForwardTime: 0.078  ,  TotalTime: 0.625  ,  Loss/total: nan  ,  Loss/giou: 0.38423  ,  Loss/l1: 0.03239  ,  Loss/location: nan  ,  pro_loss: 0.16667  ,  IoU: 0.64443
[val: Epoch 5, 250 / 312] FPS: 52.4 (350.0)  ,  DataTime: 0.521 (0.014)  ,  ForwardTime: 0.076  ,  TotalTime: 0.610  ,  Loss/total: nan  ,  Loss/giou: 0.38327  ,  Loss/l1: 0.03214  ,  Loss/location: nan  ,  pro_loss: 0.16667  ,  IoU: 0.64496
[val: Epoch 5, 300 / 312] FPS: 52.7 (352.2)  ,  DataTime: 0.518 (0.014)  ,  ForwardTime: 0.075  ,  TotalTime: 0.607  ,  Loss/total: nan  ,  Loss/giou: 0.38355  ,  Loss/l1: 0.03203  ,  Loss/location: nan  ,  pro_loss: 0.16667  ,  IoU: 0.64457
[val: Epoch 5, 312 / 312] FPS: 54.0 (380.8)  ,  DataTime: 0.504 (0.014)  ,  ForwardTime: 0.075  ,  TotalTime: 0.593  ,  Loss/total: nan  ,  Loss/giou: 0.38299  ,  Loss/l1: 0.03199  ,  Loss/location: nan  ,  pro_loss: 0.16667  ,  IoU: 0.64504
[train: Epoch 6, 50 / 1875] FPS: 53.3 (206.4)  ,  DataTime: 0.452 (0.012)  ,  ForwardTime: 0.137  ,  TotalTime: 0.601  ,  Loss/total: 3.96287  ,  Loss/ce: 3.92954  ,  IoU: 0.63598  ,  pro_loss: 0.16665
[train: Epoch 6, 100 / 1875] FPS: 54.8 (203.0)  ,  DataTime: 0.435 (0.012)  ,  ForwardTime: 0.137  ,  TotalTime: 0.584  ,  Loss/total: 3.97094  ,  Loss/ce: 3.93761  ,  IoU: 0.63441  ,  pro_loss: 0.16665
[train: Epoch 6, 150 / 1875] FPS: 56.3 (201.1)  ,  DataTime: 0.420 (0.012)  ,  ForwardTime: 0.137  ,  TotalTime: 0.568  ,  Loss/total: 3.96986  ,  Loss/ce: 3.93653  ,  IoU: 0.63533  ,  pro_loss: 0.16665
[train: Epoch 6, 200 / 1875] FPS: 57.3 (209.3)  ,  DataTime: 0.410 (0.012)  ,  ForwardTime: 0.137  ,  TotalTime: 0.558  ,  Loss/total: 3.97246  ,  Loss/ce: 3.93912  ,  IoU: 0.63393  ,  pro_loss: 0.16666
[train: Epoch 6, 250 / 1875] FPS: 56.5 (203.6)  ,  DataTime: 0.418 (0.012)  ,  ForwardTime: 0.137  ,  TotalTime: 0.567  ,  Loss/total: 3.97030  ,  Loss/ce: 3.93697  ,  IoU: 0.63511  ,  pro_loss: 0.16666
[train: Epoch 6, 300 / 1875] FPS: 57.4 (207.4)  ,  DataTime: 0.409 (0.012)  ,  ForwardTime: 0.137  ,  TotalTime: 0.558  ,  Loss/total: 3.96908  ,  Loss/ce: 3.93575  ,  IoU: 0.63578  ,  pro_loss: 0.16667
[train: Epoch 6, 350 / 1875] FPS: 58.3 (204.5)  ,  DataTime: 0.400 (0.012)  ,  ForwardTime: 0.137  ,  TotalTime: 0.549  ,  Loss/total: 3.96677  ,  Loss/ce: 3.93344  ,  IoU: 0.63532  ,  pro_loss: 0.16667
[train: Epoch 6, 400 / 1875] FPS: 58.2 (200.9)  ,  DataTime: 0.401 (0.012)  ,  ForwardTime: 0.137  ,  TotalTime: 0.549  ,  Loss/total: 3.96624  ,  Loss/ce: 3.93291  ,  IoU: 0.63650  ,  pro_loss: 0.16667
[train: Epoch 6, 450 / 1875] FPS: 58.0 (208.1)  ,  DataTime: 0.403 (0.012)  ,  ForwardTime: 0.137  ,  TotalTime: 0.552  ,  Loss/total: 3.96706  ,  Loss/ce: 3.93372  ,  IoU: 0.63643  ,  pro_loss: 0.16667
[train: Epoch 6, 500 / 1875] FPS: 57.8 (202.3)  ,  DataTime: 0.405 (0.012)  ,  ForwardTime: 0.137  ,  TotalTime: 0.554  ,  Loss/total: 3.96522  ,  Loss/ce: 3.93189  ,  IoU: 0.63697  ,  pro_loss: 0.16667
[train: Epoch 6, 550 / 1875] FPS: 58.5 (197.4)  ,  DataTime: 0.398 (0.012)  ,  ForwardTime: 0.137  ,  TotalTime: 0.547  ,  Loss/total: 3.96292  ,  Loss/ce: 3.92958  ,  IoU: 0.63739  ,  pro_loss: 0.16667
[train: Epoch 6, 600 / 1875] FPS: 58.7 (205.4)  ,  DataTime: 0.396 (0.012)  ,  ForwardTime: 0.137  ,  TotalTime: 0.545  ,  Loss/total: 3.96182  ,  Loss/ce: 3.92848  ,  IoU: 0.63798  ,  pro_loss: 0.16667
[train: Epoch 6, 650 / 1875] FPS: 58.7 (205.9)  ,  DataTime: 0.396 (0.012)  ,  ForwardTime: 0.137  ,  TotalTime: 0.545  ,  Loss/total: 3.96132  ,  Loss/ce: 3.92799  ,  IoU: 0.63767  ,  pro_loss: 0.16667
[train: Epoch 6, 700 / 1875] FPS: 58.8 (206.1)  ,  DataTime: 0.395 (0.012)  ,  ForwardTime: 0.137  ,  TotalTime: 0.544  ,  Loss/total: 3.95940  ,  Loss/ce: 3.92607  ,  IoU: 0.63827  ,  pro_loss: 0.16667
[train: Epoch 6, 750 / 1875] FPS: 59.1 (204.8)  ,  DataTime: 0.392 (0.012)  ,  ForwardTime: 0.137  ,  TotalTime: 0.541  ,  Loss/total: 3.95906  ,  Loss/ce: 3.92573  ,  IoU: 0.63846  ,  pro_loss: 0.16667
[train: Epoch 6, 800 / 1875] FPS: 59.4 (203.3)  ,  DataTime: 0.390 (0.012)  ,  ForwardTime: 0.137  ,  TotalTime: 0.539  ,  Loss/total: 3.95856  ,  Loss/ce: 3.92523  ,  IoU: 0.63878  ,  pro_loss: 0.16667
[train: Epoch 6, 850 / 1875] FPS: 59.4 (205.8)  ,  DataTime: 0.390 (0.012)  ,  ForwardTime: 0.137  ,  TotalTime: 0.539  ,  Loss/total: 3.95865  ,  Loss/ce: 3.92531  ,  IoU: 0.63907  ,  pro_loss: 0.16667
[train: Epoch 6, 900 / 1875] FPS: 59.2 (202.4)  ,  DataTime: 0.392 (0.012)  ,  ForwardTime: 0.137  ,  TotalTime: 0.541  ,  Loss/total: 3.95836  ,  Loss/ce: 3.92503  ,  IoU: 0.63961  ,  pro_loss: 0.16667
[train: Epoch 6, 950 / 1875] FPS: 59.3 (206.6)  ,  DataTime: 0.391 (0.012)  ,  ForwardTime: 0.137  ,  TotalTime: 0.540  ,  Loss/total: 3.95787  ,  Loss/ce: 3.92453  ,  IoU: 0.64018  ,  pro_loss: 0.16667
[train: Epoch 6, 1000 / 1875] FPS: 59.8 (203.9)  ,  DataTime: 0.386 (0.012)  ,  ForwardTime: 0.137  ,  TotalTime: 0.535  ,  Loss/total: 3.95729  ,  Loss/ce: 3.92396  ,  IoU: 0.63996  ,  pro_loss: 0.16667
[train: Epoch 6, 1050 / 1875] FPS: 59.9 (208.0)  ,  DataTime: 0.385 (0.012)  ,  ForwardTime: 0.137  ,  TotalTime: 0.534  ,  Loss/total: 3.95629  ,  Loss/ce: 3.92296  ,  IoU: 0.64054  ,  pro_loss: 0.16667
[train: Epoch 6, 1100 / 1875] FPS: 59.9 (199.3)  ,  DataTime: 0.386 (0.012)  ,  ForwardTime: 0.137  ,  TotalTime: 0.535  ,  Loss/total: 3.95548  ,  Loss/ce: 3.92214  ,  IoU: 0.64104  ,  pro_loss: 0.16667
[train: Epoch 6, 1150 / 1875] FPS: 60.0 (201.4)  ,  DataTime: 0.384 (0.012)  ,  ForwardTime: 0.137  ,  TotalTime: 0.533  ,  Loss/total: 3.95571  ,  Loss/ce: 3.92238  ,  IoU: 0.64102  ,  pro_loss: 0.16667
[train: Epoch 6, 1200 / 1875] FPS: 60.0 (205.8)  ,  DataTime: 0.384 (0.012)  ,  ForwardTime: 0.137  ,  TotalTime: 0.533  ,  Loss/total: 3.95417  ,  Loss/ce: 3.92084  ,  IoU: 0.64143  ,  pro_loss: 0.16667
[train: Epoch 6, 1250 / 1875] FPS: 60.2 (203.4)  ,  DataTime: 0.382 (0.012)  ,  ForwardTime: 0.137  ,  TotalTime: 0.531  ,  Loss/total: 3.95364  ,  Loss/ce: 3.92031  ,  IoU: 0.64190  ,  pro_loss: 0.16667
[train: Epoch 6, 1300 / 1875] FPS: 60.2 (206.9)  ,  DataTime: 0.382 (0.012)  ,  ForwardTime: 0.137  ,  TotalTime: 0.531  ,  Loss/total: 3.95320  ,  Loss/ce: 3.91986  ,  IoU: 0.64192  ,  pro_loss: 0.16667
[train: Epoch 6, 1350 / 1875] FPS: 59.6 (205.1)  ,  DataTime: 0.388 (0.012)  ,  ForwardTime: 0.137  ,  TotalTime: 0.537  ,  Loss/total: 3.95217  ,  Loss/ce: 3.91884  ,  IoU: 0.64243  ,  pro_loss: 0.16667
[train: Epoch 6, 1400 / 1875] FPS: 59.5 (201.8)  ,  DataTime: 0.389 (0.012)  ,  ForwardTime: 0.137  ,  TotalTime: 0.538  ,  Loss/total: 3.95123  ,  Loss/ce: 3.91790  ,  IoU: 0.64288  ,  pro_loss: 0.16667
[train: Epoch 6, 1450 / 1875] FPS: 59.0 (202.7)  ,  DataTime: 0.393 (0.012)  ,  ForwardTime: 0.137  ,  TotalTime: 0.542  ,  Loss/total: 3.94975  ,  Loss/ce: 3.91641  ,  IoU: 0.64324  ,  pro_loss: 0.16667
[train: Epoch 6, 1500 / 1875] FPS: 58.6 (207.2)  ,  DataTime: 0.397 (0.012)  ,  ForwardTime: 0.137  ,  TotalTime: 0.546  ,  Loss/total: 3.94932  ,  Loss/ce: 3.91598  ,  IoU: 0.64333  ,  pro_loss: 0.16667
[train: Epoch 6, 1550 / 1875] FPS: 58.3 (24.4)  ,  DataTime: 0.399 (0.012)  ,  ForwardTime: 0.137  ,  TotalTime: 0.548  ,  Loss/total: 3.94842  ,  Loss/ce: 3.91509  ,  IoU: 0.64364  ,  pro_loss: 0.16667
[train: Epoch 6, 1600 / 1875] FPS: 58.3 (196.6)  ,  DataTime: 0.400 (0.012)  ,  ForwardTime: 0.137  ,  TotalTime: 0.549  ,  Loss/total: 3.94796  ,  Loss/ce: 3.91463  ,  IoU: 0.64376  ,  pro_loss: 0.16667
[train: Epoch 6, 1650 / 1875] FPS: 58.0 (206.0)  ,  DataTime: 0.402 (0.012)  ,  ForwardTime: 0.137  ,  TotalTime: 0.552  ,  Loss/total: 3.94733  ,  Loss/ce: 3.91399  ,  IoU: 0.64393  ,  pro_loss: 0.16667
[train: Epoch 6, 1700 / 1875] FPS: 58.1 (207.1)  ,  DataTime: 0.402 (0.012)  ,  ForwardTime: 0.137  ,  TotalTime: 0.551  ,  Loss/total: 3.94638  ,  Loss/ce: 3.91305  ,  IoU: 0.64430  ,  pro_loss: 0.16667
[train: Epoch 6, 1750 / 1875] FPS: 57.9 (204.9)  ,  DataTime: 0.403 (0.012)  ,  ForwardTime: 0.137  ,  TotalTime: 0.552  ,  Loss/total: 3.94523  ,  Loss/ce: 3.91190  ,  IoU: 0.64474  ,  pro_loss: 0.16667
[train: Epoch 6, 1800 / 1875] FPS: 57.9 (205.9)  ,  DataTime: 0.404 (0.012)  ,  ForwardTime: 0.137  ,  TotalTime: 0.553  ,  Loss/total: 3.94454  ,  Loss/ce: 3.91120  ,  IoU: 0.64495  ,  pro_loss: 0.16667
[train: Epoch 6, 1850 / 1875] FPS: 57.8 (11.5)  ,  DataTime: 0.405 (0.012)  ,  ForwardTime: 0.137  ,  TotalTime: 0.554  ,  Loss/total: 3.94360  ,  Loss/ce: 3.91027  ,  IoU: 0.64515  ,  pro_loss: 0.16667
[train: Epoch 6, 1875 / 1875] FPS: 57.7 (208.6)  ,  DataTime: 0.405 (0.012)  ,  ForwardTime: 0.137  ,  TotalTime: 0.554  ,  Loss/total: 3.94328  ,  Loss/ce: 3.90995  ,  IoU: 0.64534  ,  pro_loss: 0.16667
[train: Epoch 7, 50 / 1875] FPS: 46.3 (206.5)  ,  DataTime: 0.542 (0.011)  ,  ForwardTime: 0.138  ,  TotalTime: 0.692  ,  Loss/total: 3.91762  ,  Loss/ce: 3.88429  ,  IoU: 0.65900  ,  pro_loss: 0.16668
[train: Epoch 7, 100 / 1875] FPS: 52.6 (207.2)  ,  DataTime: 0.459 (0.011)  ,  ForwardTime: 0.137  ,  TotalTime: 0.608  ,  Loss/total: 3.91852  ,  Loss/ce: 3.88518  ,  IoU: 0.65547  ,  pro_loss: 0.16667
[train: Epoch 7, 150 / 1875] FPS: 53.1 (10.1)  ,  DataTime: 0.454 (0.011)  ,  ForwardTime: 0.137  ,  TotalTime: 0.603  ,  Loss/total: 3.92120  ,  Loss/ce: 3.88787  ,  IoU: 0.65240  ,  pro_loss: 0.16667
[train: Epoch 7, 200 / 1875] FPS: 53.2 (201.8)  ,  DataTime: 0.453 (0.011)  ,  ForwardTime: 0.137  ,  TotalTime: 0.601  ,  Loss/total: 3.91922  ,  Loss/ce: 3.88589  ,  IoU: 0.65530  ,  pro_loss: 0.16668
[train: Epoch 7, 250 / 1875] FPS: 54.2 (205.8)  ,  DataTime: 0.442 (0.012)  ,  ForwardTime: 0.137  ,  TotalTime: 0.590  ,  Loss/total: 3.91895  ,  Loss/ce: 3.88562  ,  IoU: 0.65637  ,  pro_loss: 0.16668
[train: Epoch 7, 300 / 1875] FPS: 54.6 (205.3)  ,  DataTime: 0.437 (0.012)  ,  ForwardTime: 0.137  ,  TotalTime: 0.586  ,  Loss/total: 3.91481  ,  Loss/ce: 3.88148  ,  IoU: 0.65671  ,  pro_loss: 0.16668
[train: Epoch 7, 350 / 1875] FPS: 55.2 (45.8)  ,  DataTime: 0.431 (0.012)  ,  ForwardTime: 0.137  ,  TotalTime: 0.580  ,  Loss/total: 3.91479  ,  Loss/ce: 3.88145  ,  IoU: 0.65579  ,  pro_loss: 0.16668
[train: Epoch 7, 400 / 1875] FPS: 55.7 (206.9)  ,  DataTime: 0.426 (0.012)  ,  ForwardTime: 0.137  ,  TotalTime: 0.575  ,  Loss/total: 3.91540  ,  Loss/ce: 3.88206  ,  IoU: 0.65658  ,  pro_loss: 0.16668
[train: Epoch 7, 450 / 1875] FPS: 55.9 (12.7)  ,  DataTime: 0.424 (0.012)  ,  ForwardTime: 0.137  ,  TotalTime: 0.573  ,  Loss/total: 3.91237  ,  Loss/ce: 3.87903  ,  IoU: 0.65729  ,  pro_loss: 0.16667
[train: Epoch 7, 500 / 1875] FPS: 56.6 (205.2)  ,  DataTime: 0.417 (0.012)  ,  ForwardTime: 0.137  ,  TotalTime: 0.566  ,  Loss/total: 3.91407  ,  Loss/ce: 3.88074  ,  IoU: 0.65700  ,  pro_loss: 0.16667
[train: Epoch 7, 550 / 1875] FPS: 57.1 (204.4)  ,  DataTime: 0.412 (0.012)  ,  ForwardTime: 0.137  ,  TotalTime: 0.560  ,  Loss/total: 3.91573  ,  Loss/ce: 3.88239  ,  IoU: 0.65668  ,  pro_loss: 0.16667
[train: Epoch 7, 600 / 1875] FPS: 57.0 (201.9)  ,  DataTime: 0.413 (0.012)  ,  ForwardTime: 0.137  ,  TotalTime: 0.562  ,  Loss/total: 3.91535  ,  Loss/ce: 3.88202  ,  IoU: 0.65732  ,  pro_loss: 0.16667
[train: Epoch 7, 650 / 1875] FPS: 57.9 (206.0)  ,  DataTime: 0.404 (0.012)  ,  ForwardTime: 0.137  ,  TotalTime: 0.553  ,  Loss/total: 3.91536  ,  Loss/ce: 3.88203  ,  IoU: 0.65725  ,  pro_loss: 0.16667
[train: Epoch 7, 700 / 1875] FPS: 58.1 (206.4)  ,  DataTime: 0.402 (0.012)  ,  ForwardTime: 0.137  ,  TotalTime: 0.551  ,  Loss/total: 3.91298  ,  Loss/ce: 3.87965  ,  IoU: 0.65693  ,  pro_loss: 0.16667
[train: Epoch 7, 750 / 1875] FPS: 58.4 (203.0)  ,  DataTime: 0.399 (0.012)  ,  ForwardTime: 0.137  ,  TotalTime: 0.548  ,  Loss/total: 3.91090  ,  Loss/ce: 3.87756  ,  IoU: 0.65688  ,  pro_loss: 0.16667
[train: Epoch 7, 800 / 1875] FPS: 58.8 (204.3)  ,  DataTime: 0.395 (0.012)  ,  ForwardTime: 0.137  ,  TotalTime: 0.544  ,  Loss/total: 3.91192  ,  Loss/ce: 3.87859  ,  IoU: 0.65665  ,  pro_loss: 0.16667
[train: Epoch 7, 850 / 1875] FPS: 58.7 (205.1)  ,  DataTime: 0.396 (0.012)  ,  ForwardTime: 0.137  ,  TotalTime: 0.545  ,  Loss/total: 3.91062  ,  Loss/ce: 3.87728  ,  IoU: 0.65738  ,  pro_loss: 0.16667
[train: Epoch 7, 900 / 1875] FPS: 59.1 (206.7)  ,  DataTime: 0.393 (0.012)  ,  ForwardTime: 0.137  ,  TotalTime: 0.541  ,  Loss/total: 3.90860  ,  Loss/ce: 3.87526  ,  IoU: 0.65824  ,  pro_loss: 0.16667
[train: Epoch 7, 950 / 1875] FPS: 59.5 (205.7)  ,  DataTime: 0.389 (0.012)  ,  ForwardTime: 0.137  ,  TotalTime: 0.538  ,  Loss/total: 3.90809  ,  Loss/ce: 3.87475  ,  IoU: 0.65849  ,  pro_loss: 0.16667
[train: Epoch 7, 1000 / 1875] FPS: 59.9 (198.5)  ,  DataTime: 0.385 (0.012)  ,  ForwardTime: 0.137  ,  TotalTime: 0.534  ,  Loss/total: 3.90757  ,  Loss/ce: 3.87423  ,  IoU: 0.65876  ,  pro_loss: 0.16667
[train: Epoch 7, 1050 / 1875] FPS: 59.9 (205.4)  ,  DataTime: 0.385 (0.012)  ,  ForwardTime: 0.137  ,  TotalTime: 0.534  ,  Loss/total: 3.90687  ,  Loss/ce: 3.87353  ,  IoU: 0.65895  ,  pro_loss: 0.16667
[train: Epoch 7, 1100 / 1875] FPS: 60.1 (205.5)  ,  DataTime: 0.384 (0.012)  ,  ForwardTime: 0.137  ,  TotalTime: 0.532  ,  Loss/total: 3.90682  ,  Loss/ce: 3.87349  ,  IoU: 0.65899  ,  pro_loss: 0.16667
[train: Epoch 7, 1150 / 1875] FPS: 60.7 (203.0)  ,  DataTime: 0.379 (0.012)  ,  ForwardTime: 0.137  ,  TotalTime: 0.528  ,  Loss/total: 3.90530  ,  Loss/ce: 3.87197  ,  IoU: 0.65927  ,  pro_loss: 0.16667
[train: Epoch 7, 1200 / 1875] FPS: 60.8 (204.8)  ,  DataTime: 0.377 (0.012)  ,  ForwardTime: 0.137  ,  TotalTime: 0.526  ,  Loss/total: 3.90445  ,  Loss/ce: 3.87111  ,  IoU: 0.65959  ,  pro_loss: 0.16667
[train: Epoch 7, 1250 / 1875] FPS: 61.0 (207.5)  ,  DataTime: 0.376 (0.012)  ,  ForwardTime: 0.137  ,  TotalTime: 0.525  ,  Loss/total: 3.90394  ,  Loss/ce: 3.87061  ,  IoU: 0.65978  ,  pro_loss: 0.16667
[train: Epoch 7, 1300 / 1875] FPS: 61.3 (205.2)  ,  DataTime: 0.373 (0.012)  ,  ForwardTime: 0.137  ,  TotalTime: 0.522  ,  Loss/total: 3.90282  ,  Loss/ce: 3.86948  ,  IoU: 0.65986  ,  pro_loss: 0.16667
[train: Epoch 7, 1350 / 1875] FPS: 61.4 (14.6)  ,  DataTime: 0.372 (0.012)  ,  ForwardTime: 0.137  ,  TotalTime: 0.521  ,  Loss/total: 3.90255  ,  Loss/ce: 3.86921  ,  IoU: 0.65969  ,  pro_loss: 0.16667
[train: Epoch 7, 1400 / 1875] FPS: 61.9 (206.4)  ,  DataTime: 0.368 (0.012)  ,  ForwardTime: 0.137  ,  TotalTime: 0.517  ,  Loss/total: 3.90141  ,  Loss/ce: 3.86807  ,  IoU: 0.66018  ,  pro_loss: 0.16667
[train: Epoch 7, 1450 / 1875] FPS: 62.1 (29.6)  ,  DataTime: 0.366 (0.012)  ,  ForwardTime: 0.137  ,  TotalTime: 0.515  ,  Loss/total: 3.90125  ,  Loss/ce: 3.86792  ,  IoU: 0.66035  ,  pro_loss: 0.16667
[train: Epoch 7, 1500 / 1875] FPS: 62.3 (200.7)  ,  DataTime: 0.365 (0.012)  ,  ForwardTime: 0.137  ,  TotalTime: 0.513  ,  Loss/total: 3.90083  ,  Loss/ce: 3.86750  ,  IoU: 0.66058  ,  pro_loss: 0.16667
[train: Epoch 7, 1550 / 1875] FPS: 62.3 (13.7)  ,  DataTime: 0.365 (0.012)  ,  ForwardTime: 0.137  ,  TotalTime: 0.514  ,  Loss/total: 3.90027  ,  Loss/ce: 3.86694  ,  IoU: 0.66089  ,  pro_loss: 0.16667
[train: Epoch 7, 1600 / 1875] FPS: 62.3 (31.8)  ,  DataTime: 0.365 (0.012)  ,  ForwardTime: 0.137  ,  TotalTime: 0.513  ,  Loss/total: 3.89931  ,  Loss/ce: 3.86598  ,  IoU: 0.66114  ,  pro_loss: 0.16667
[train: Epoch 7, 1650 / 1875] FPS: 62.5 (195.9)  ,  DataTime: 0.363 (0.012)  ,  ForwardTime: 0.137  ,  TotalTime: 0.512  ,  Loss/total: 3.89821  ,  Loss/ce: 3.86488  ,  IoU: 0.66163  ,  pro_loss: 0.16667
[train: Epoch 7, 1700 / 1875] FPS: 62.5 (16.1)  ,  DataTime: 0.363 (0.012)  ,  ForwardTime: 0.137  ,  TotalTime: 0.512  ,  Loss/total: 3.89808  ,  Loss/ce: 3.86475  ,  IoU: 0.66147  ,  pro_loss: 0.16667
[train: Epoch 7, 1750 / 1875] FPS: 62.6 (110.5)  ,  DataTime: 0.363 (0.012)  ,  ForwardTime: 0.137  ,  TotalTime: 0.511  ,  Loss/total: 3.89740  ,  Loss/ce: 3.86407  ,  IoU: 0.66177  ,  pro_loss: 0.16667
[train: Epoch 7, 1800 / 1875] FPS: 62.7 (200.0)  ,  DataTime: 0.361 (0.012)  ,  ForwardTime: 0.137  ,  TotalTime: 0.510  ,  Loss/total: 3.89674  ,  Loss/ce: 3.86341  ,  IoU: 0.66201  ,  pro_loss: 0.16667
[train: Epoch 7, 1850 / 1875] FPS: 62.8 (36.6)  ,  DataTime: 0.360 (0.012)  ,  ForwardTime: 0.137  ,  TotalTime: 0.509  ,  Loss/total: 3.89635  ,  Loss/ce: 3.86302  ,  IoU: 0.66202  ,  pro_loss: 0.16667
[train: Epoch 7, 1875 / 1875] FPS: 63.0 (210.2)  ,  DataTime: 0.359 (0.012)  ,  ForwardTime: 0.137  ,  TotalTime: 0.508  ,  Loss/total: 3.89604  ,  Loss/ce: 3.86270  ,  IoU: 0.66209  ,  pro_loss: 0.16667
[train: Epoch 8, 50 / 1875] FPS: 61.5 (201.3)  ,  DataTime: 0.372 (0.012)  ,  ForwardTime: 0.137  ,  TotalTime: 0.520  ,  Loss/total: 3.86089  ,  Loss/ce: 3.82756  ,  IoU: 0.66577  ,  pro_loss: 0.16667
[train: Epoch 8, 100 / 1875] FPS: 67.1 (203.0)  ,  DataTime: 0.328 (0.012)  ,  ForwardTime: 0.137  ,  TotalTime: 0.477  ,  Loss/total: 3.85648  ,  Loss/ce: 3.82315  ,  IoU: 0.66842  ,  pro_loss: 0.16666
[train: Epoch 8, 150 / 1875] FPS: 66.6 (208.6)  ,  DataTime: 0.332 (0.012)  ,  ForwardTime: 0.137  ,  TotalTime: 0.480  ,  Loss/total: 3.85763  ,  Loss/ce: 3.82429  ,  IoU: 0.67027  ,  pro_loss: 0.16667
[train: Epoch 8, 200 / 1875] FPS: 66.5 (66.8)  ,  DataTime: 0.332 (0.012)  ,  ForwardTime: 0.137  ,  TotalTime: 0.481  ,  Loss/total: 3.85956  ,  Loss/ce: 3.82623  ,  IoU: 0.66953  ,  pro_loss: 0.16667
[train: Epoch 8, 250 / 1875] FPS: 68.3 (205.1)  ,  DataTime: 0.320 (0.012)  ,  ForwardTime: 0.137  ,  TotalTime: 0.468  ,  Loss/total: 3.86284  ,  Loss/ce: 3.82950  ,  IoU: 0.66979  ,  pro_loss: 0.16667
[train: Epoch 8, 300 / 1875] FPS: 68.5 (208.6)  ,  DataTime: 0.318 (0.012)  ,  ForwardTime: 0.137  ,  TotalTime: 0.467  ,  Loss/total: 3.86318  ,  Loss/ce: 3.82985  ,  IoU: 0.67058  ,  pro_loss: 0.16667
[train: Epoch 8, 350 / 1875] FPS: 68.3 (205.7)  ,  DataTime: 0.320 (0.012)  ,  ForwardTime: 0.137  ,  TotalTime: 0.468  ,  Loss/total: 3.86324  ,  Loss/ce: 3.82990  ,  IoU: 0.66915  ,  pro_loss: 0.16667
[train: Epoch 8, 400 / 1875] FPS: 68.4 (17.8)  ,  DataTime: 0.319 (0.012)  ,  ForwardTime: 0.137  ,  TotalTime: 0.468  ,  Loss/total: 3.86399  ,  Loss/ce: 3.83065  ,  IoU: 0.66893  ,  pro_loss: 0.16667
[train: Epoch 8, 450 / 1875] FPS: 67.0 (205.3)  ,  DataTime: 0.329 (0.012)  ,  ForwardTime: 0.137  ,  TotalTime: 0.477  ,  Loss/total: 3.86611  ,  Loss/ce: 3.83278  ,  IoU: 0.66891  ,  pro_loss: 0.16667
[train: Epoch 8, 500 / 1875] FPS: 66.8 (12.4)  ,  DataTime: 0.330 (0.012)  ,  ForwardTime: 0.137  ,  TotalTime: 0.479  ,  Loss/total: 3.86524  ,  Loss/ce: 3.83191  ,  IoU: 0.66933  ,  pro_loss: 0.16666
[train: Epoch 8, 550 / 1875] FPS: 66.3 (206.1)  ,  DataTime: 0.333 (0.012)  ,  ForwardTime: 0.137  ,  TotalTime: 0.482  ,  Loss/total: 3.86576  ,  Loss/ce: 3.83243  ,  IoU: 0.66961  ,  pro_loss: 0.16666
[train: Epoch 8, 600 / 1875] FPS: 65.8 (205.3)  ,  DataTime: 0.337 (0.012)  ,  ForwardTime: 0.137  ,  TotalTime: 0.486  ,  Loss/total: 3.86685  ,  Loss/ce: 3.83351  ,  IoU: 0.66926  ,  pro_loss: 0.16666
[train: Epoch 8, 650 / 1875] FPS: 65.7 (204.5)  ,  DataTime: 0.338 (0.012)  ,  ForwardTime: 0.137  ,  TotalTime: 0.487  ,  Loss/total: 3.86440  ,  Loss/ce: 3.83107  ,  IoU: 0.66997  ,  pro_loss: 0.16667
[train: Epoch 8, 700 / 1875] FPS: 64.9 (15.3)  ,  DataTime: 0.344 (0.012)  ,  ForwardTime: 0.137  ,  TotalTime: 0.493  ,  Loss/total: 3.86390  ,  Loss/ce: 3.83057  ,  IoU: 0.67011  ,  pro_loss: 0.16666
[train: Epoch 8, 750 / 1875] FPS: 64.8 (204.6)  ,  DataTime: 0.345 (0.012)  ,  ForwardTime: 0.137  ,  TotalTime: 0.494  ,  Loss/total: 3.86285  ,  Loss/ce: 3.82951  ,  IoU: 0.66997  ,  pro_loss: 0.16666
[train: Epoch 8, 800 / 1875] FPS: 64.6 (16.1)  ,  DataTime: 0.346 (0.012)  ,  ForwardTime: 0.137  ,  TotalTime: 0.495  ,  Loss/total: 3.86344  ,  Loss/ce: 3.83011  ,  IoU: 0.66933  ,  pro_loss: 0.16667
[train: Epoch 8, 850 / 1875] FPS: 64.3 (10.3)  ,  DataTime: 0.348 (0.012)  ,  ForwardTime: 0.137  ,  TotalTime: 0.497  ,  Loss/total: 3.86212  ,  Loss/ce: 3.82879  ,  IoU: 0.66970  ,  pro_loss: 0.16667
[train: Epoch 8, 900 / 1875] FPS: 64.0 (203.0)  ,  DataTime: 0.351 (0.012)  ,  ForwardTime: 0.137  ,  TotalTime: 0.500  ,  Loss/total: 3.86118  ,  Loss/ce: 3.82785  ,  IoU: 0.66999  ,  pro_loss: 0.16667
[train: Epoch 8, 950 / 1875] FPS: 64.1 (209.2)  ,  DataTime: 0.350 (0.012)  ,  ForwardTime: 0.137  ,  TotalTime: 0.499  ,  Loss/total: 3.86010  ,  Loss/ce: 3.82676  ,  IoU: 0.67052  ,  pro_loss: 0.16666
[train: Epoch 8, 1000 / 1875] FPS: 63.6 (200.8)  ,  DataTime: 0.354 (0.012)  ,  ForwardTime: 0.137  ,  TotalTime: 0.503  ,  Loss/total: 3.85945  ,  Loss/ce: 3.82611  ,  IoU: 0.67093  ,  pro_loss: 0.16666
[train: Epoch 8, 1050 / 1875] FPS: 63.4 (204.9)  ,  DataTime: 0.356 (0.012)  ,  ForwardTime: 0.137  ,  TotalTime: 0.505  ,  Loss/total: 3.85868  ,  Loss/ce: 3.82535  ,  IoU: 0.67128  ,  pro_loss: 0.16666
[train: Epoch 8, 1100 / 1875] FPS: 63.3 (202.3)  ,  DataTime: 0.357 (0.012)  ,  ForwardTime: 0.137  ,  TotalTime: 0.506  ,  Loss/total: 3.85816  ,  Loss/ce: 3.82483  ,  IoU: 0.67152  ,  pro_loss: 0.16666
[train: Epoch 8, 1150 / 1875] FPS: 63.1 (205.1)  ,  DataTime: 0.358 (0.012)  ,  ForwardTime: 0.137  ,  TotalTime: 0.507  ,  Loss/total: 3.85965  ,  Loss/ce: 3.82632  ,  IoU: 0.67146  ,  pro_loss: 0.16666
[train: Epoch 8, 1200 / 1875] FPS: 63.2 (204.3)  ,  DataTime: 0.357 (0.012)  ,  ForwardTime: 0.137  ,  TotalTime: 0.506  ,  Loss/total: 3.85803  ,  Loss/ce: 3.82469  ,  IoU: 0.67194  ,  pro_loss: 0.16666
[train: Epoch 8, 1250 / 1875] FPS: 63.0 (205.7)  ,  DataTime: 0.359 (0.012)  ,  ForwardTime: 0.137  ,  TotalTime: 0.508  ,  Loss/total: 3.85770  ,  Loss/ce: 3.82437  ,  IoU: 0.67219  ,  pro_loss: 0.16666
[train: Epoch 8, 1300 / 1875] FPS: 62.9 (14.9)  ,  DataTime: 0.360 (0.012)  ,  ForwardTime: 0.137  ,  TotalTime: 0.509  ,  Loss/total: 3.85809  ,  Loss/ce: 3.82476  ,  IoU: 0.67217  ,  pro_loss: 0.16666
[train: Epoch 8, 1350 / 1875] FPS: 63.0 (202.6)  ,  DataTime: 0.359 (0.012)  ,  ForwardTime: 0.137  ,  TotalTime: 0.508  ,  Loss/total: 3.85775  ,  Loss/ce: 3.82442  ,  IoU: 0.67203  ,  pro_loss: 0.16666
[train: Epoch 8, 1400 / 1875] FPS: 63.0 (201.2)  ,  DataTime: 0.359 (0.012)  ,  ForwardTime: 0.137  ,  TotalTime: 0.508  ,  Loss/total: 3.85719  ,  Loss/ce: 3.82386  ,  IoU: 0.67203  ,  pro_loss: 0.16666
[train: Epoch 8, 1450 / 1875] FPS: 62.9 (202.7)  ,  DataTime: 0.360 (0.012)  ,  ForwardTime: 0.137  ,  TotalTime: 0.509  ,  Loss/total: 3.85743  ,  Loss/ce: 3.82410  ,  IoU: 0.67218  ,  pro_loss: 0.16666
[train: Epoch 8, 1500 / 1875] FPS: 62.9 (201.4)  ,  DataTime: 0.360 (0.012)  ,  ForwardTime: 0.137  ,  TotalTime: 0.509  ,  Loss/total: 3.85748  ,  Loss/ce: 3.82415  ,  IoU: 0.67207  ,  pro_loss: 0.16666
[train: Epoch 8, 1550 / 1875] FPS: 62.9 (208.7)  ,  DataTime: 0.360 (0.012)  ,  ForwardTime: 0.137  ,  TotalTime: 0.508  ,  Loss/total: 3.85821  ,  Loss/ce: 3.82487  ,  IoU: 0.67202  ,  pro_loss: 0.16666
[train: Epoch 8, 1600 / 1875] FPS: 62.9 (205.8)  ,  DataTime: 0.360 (0.012)  ,  ForwardTime: 0.137  ,  TotalTime: 0.509  ,  Loss/total: 3.85774  ,  Loss/ce: 3.82441  ,  IoU: 0.67230  ,  pro_loss: 0.16666
[train: Epoch 8, 1650 / 1875] FPS: 62.9 (26.0)  ,  DataTime: 0.360 (0.012)  ,  ForwardTime: 0.137  ,  TotalTime: 0.508  ,  Loss/total: 3.85774  ,  Loss/ce: 3.82441  ,  IoU: 0.67255  ,  pro_loss: 0.16666
[train: Epoch 8, 1700 / 1875] FPS: 62.8 (208.0)  ,  DataTime: 0.361 (0.012)  ,  ForwardTime: 0.137  ,  TotalTime: 0.510  ,  Loss/total: 3.85768  ,  Loss/ce: 3.82435  ,  IoU: 0.67253  ,  pro_loss: 0.16666
[train: Epoch 8, 1750 / 1875] FPS: 63.0 (68.1)  ,  DataTime: 0.359 (0.012)  ,  ForwardTime: 0.137  ,  TotalTime: 0.508  ,  Loss/total: 3.85759  ,  Loss/ce: 3.82426  ,  IoU: 0.67287  ,  pro_loss: 0.16666
[train: Epoch 8, 1800 / 1875] FPS: 63.1 (205.1)  ,  DataTime: 0.359 (0.012)  ,  ForwardTime: 0.137  ,  TotalTime: 0.508  ,  Loss/total: 3.85718  ,  Loss/ce: 3.82385  ,  IoU: 0.67306  ,  pro_loss: 0.16666
[train: Epoch 8, 1850 / 1875] FPS: 63.1 (199.4)  ,  DataTime: 0.358 (0.012)  ,  ForwardTime: 0.137  ,  TotalTime: 0.507  ,  Loss/total: 3.85668  ,  Loss/ce: 3.82335  ,  IoU: 0.67313  ,  pro_loss: 0.16666
[train: Epoch 8, 1875 / 1875] FPS: 63.2 (131.2)  ,  DataTime: 0.357 (0.012)  ,  ForwardTime: 0.137  ,  TotalTime: 0.506  ,  Loss/total: 3.85679  ,  Loss/ce: 3.82345  ,  IoU: 0.67316  ,  pro_loss: 0.16666
[train: Epoch 9, 50 / 1875] FPS: 61.9 (206.1)  ,  DataTime: 0.364 (0.012)  ,  ForwardTime: 0.141  ,  TotalTime: 0.517  ,  Loss/total: 3.83519  ,  Loss/ce: 3.80185  ,  IoU: 0.67594  ,  pro_loss: 0.16668
[train: Epoch 9, 100 / 1875] FPS: 63.1 (199.6)  ,  DataTime: 0.356 (0.012)  ,  ForwardTime: 0.139  ,  TotalTime: 0.507  ,  Loss/total: 3.83331  ,  Loss/ce: 3.79997  ,  IoU: 0.67889  ,  pro_loss: 0.16667
[train: Epoch 9, 150 / 1875] FPS: 63.8 (201.8)  ,  DataTime: 0.351 (0.012)  ,  ForwardTime: 0.138  ,  TotalTime: 0.501  ,  Loss/total: 3.84105  ,  Loss/ce: 3.80772  ,  IoU: 0.67934  ,  pro_loss: 0.16667
[train: Epoch 9, 200 / 1875] FPS: 65.7 (206.6)  ,  DataTime: 0.337 (0.012)  ,  ForwardTime: 0.138  ,  TotalTime: 0.487  ,  Loss/total: 3.83670  ,  Loss/ce: 3.80336  ,  IoU: 0.67957  ,  pro_loss: 0.16667
[train: Epoch 9, 250 / 1875] FPS: 65.0 (207.8)  ,  DataTime: 0.343 (0.012)  ,  ForwardTime: 0.138  ,  TotalTime: 0.492  ,  Loss/total: 3.83315  ,  Loss/ce: 3.79982  ,  IoU: 0.68027  ,  pro_loss: 0.16666
[train: Epoch 9, 300 / 1875] FPS: 65.9 (199.8)  ,  DataTime: 0.337 (0.012)  ,  ForwardTime: 0.137  ,  TotalTime: 0.486  ,  Loss/total: 3.83379  ,  Loss/ce: 3.80046  ,  IoU: 0.68058  ,  pro_loss: 0.16666
[train: Epoch 9, 350 / 1875] FPS: 66.0 (208.2)  ,  DataTime: 0.335 (0.012)  ,  ForwardTime: 0.137  ,  TotalTime: 0.485  ,  Loss/total: 3.83092  ,  Loss/ce: 3.79758  ,  IoU: 0.68124  ,  pro_loss: 0.16666
[train: Epoch 9, 400 / 1875] FPS: 66.2 (18.6)  ,  DataTime: 0.334 (0.012)  ,  ForwardTime: 0.137  ,  TotalTime: 0.483  ,  Loss/total: 3.82901  ,  Loss/ce: 3.79568  ,  IoU: 0.68192  ,  pro_loss: 0.16666
[train: Epoch 9, 450 / 1875] FPS: 66.6 (207.2)  ,  DataTime: 0.332 (0.012)  ,  ForwardTime: 0.137  ,  TotalTime: 0.481  ,  Loss/total: 3.82853  ,  Loss/ce: 3.79520  ,  IoU: 0.68169  ,  pro_loss: 0.16666
[train: Epoch 9, 500 / 1875] FPS: 67.3 (70.8)  ,  DataTime: 0.326 (0.012)  ,  ForwardTime: 0.137  ,  TotalTime: 0.475  ,  Loss/total: 3.83064  ,  Loss/ce: 3.79731  ,  IoU: 0.68148  ,  pro_loss: 0.16666
[train: Epoch 9, 550 / 1875] FPS: 67.8 (199.4)  ,  DataTime: 0.323 (0.012)  ,  ForwardTime: 0.137  ,  TotalTime: 0.472  ,  Loss/total: 3.82843  ,  Loss/ce: 3.79510  ,  IoU: 0.68215  ,  pro_loss: 0.16666
[train: Epoch 9, 600 / 1875] FPS: 67.7 (36.3)  ,  DataTime: 0.324 (0.012)  ,  ForwardTime: 0.137  ,  TotalTime: 0.473  ,  Loss/total: 3.82780  ,  Loss/ce: 3.79447  ,  IoU: 0.68275  ,  pro_loss: 0.16666
[train: Epoch 9, 650 / 1875] FPS: 67.9 (200.3)  ,  DataTime: 0.322 (0.012)  ,  ForwardTime: 0.137  ,  TotalTime: 0.471  ,  Loss/total: 3.82571  ,  Loss/ce: 3.79238  ,  IoU: 0.68305  ,  pro_loss: 0.16665
[train: Epoch 9, 700 / 1875] FPS: 67.9 (203.9)  ,  DataTime: 0.322 (0.012)  ,  ForwardTime: 0.137  ,  TotalTime: 0.471  ,  Loss/total: 3.82478  ,  Loss/ce: 3.79145  ,  IoU: 0.68341  ,  pro_loss: 0.16665
[train: Epoch 9, 750 / 1875] FPS: 68.1 (202.3)  ,  DataTime: 0.321 (0.012)  ,  ForwardTime: 0.137  ,  TotalTime: 0.470  ,  Loss/total: 3.82493  ,  Loss/ce: 3.79160  ,  IoU: 0.68350  ,  pro_loss: 0.16665
[train: Epoch 9, 800 / 1875] FPS: 68.1 (209.4)  ,  DataTime: 0.321 (0.012)  ,  ForwardTime: 0.137  ,  TotalTime: 0.470  ,  Loss/total: 3.82531  ,  Loss/ce: 3.79198  ,  IoU: 0.68323  ,  pro_loss: 0.16665
[train: Epoch 9, 850 / 1875] FPS: 68.2 (10.9)  ,  DataTime: 0.321 (0.012)  ,  ForwardTime: 0.137  ,  TotalTime: 0.469  ,  Loss/total: 3.82644  ,  Loss/ce: 3.79310  ,  IoU: 0.68255  ,  pro_loss: 0.16666
[train: Epoch 9, 900 / 1875] FPS: 68.8 (205.2)  ,  DataTime: 0.317 (0.012)  ,  ForwardTime: 0.137  ,  TotalTime: 0.465  ,  Loss/total: 3.82648  ,  Loss/ce: 3.79315  ,  IoU: 0.68265  ,  pro_loss: 0.16666
[train: Epoch 9, 950 / 1875] FPS: 68.6 (207.6)  ,  DataTime: 0.318 (0.012)  ,  ForwardTime: 0.137  ,  TotalTime: 0.466  ,  Loss/total: 3.82628  ,  Loss/ce: 3.79294  ,  IoU: 0.68285  ,  pro_loss: 0.16666
[train: Epoch 9, 1000 / 1875] FPS: 69.2 (148.5)  ,  DataTime: 0.314 (0.012)  ,  ForwardTime: 0.137  ,  TotalTime: 0.462  ,  Loss/total: 3.82686  ,  Loss/ce: 3.79353  ,  IoU: 0.68291  ,  pro_loss: 0.16665
[train: Epoch 9, 1050 / 1875] FPS: 69.2 (71.9)  ,  DataTime: 0.313 (0.012)  ,  ForwardTime: 0.137  ,  TotalTime: 0.462  ,  Loss/total: 3.82748  ,  Loss/ce: 3.79414  ,  IoU: 0.68293  ,  pro_loss: 0.16665
[train: Epoch 9, 1100 / 1875] FPS: 68.8 (205.1)  ,  DataTime: 0.316 (0.012)  ,  ForwardTime: 0.137  ,  TotalTime: 0.465  ,  Loss/total: 3.82629  ,  Loss/ce: 3.79296  ,  IoU: 0.68281  ,  pro_loss: 0.16666
[train: Epoch 9, 1150 / 1875] FPS: 69.2 (206.4)  ,  DataTime: 0.313 (0.012)  ,  ForwardTime: 0.137  ,  TotalTime: 0.462  ,  Loss/total: 3.82587  ,  Loss/ce: 3.79253  ,  IoU: 0.68304  ,  pro_loss: 0.16666
[train: Epoch 9, 1200 / 1875] FPS: 69.4 (203.2)  ,  DataTime: 0.312 (0.012)  ,  ForwardTime: 0.137  ,  TotalTime: 0.461  ,  Loss/total: 3.82424  ,  Loss/ce: 3.79091  ,  IoU: 0.68326  ,  pro_loss: 0.16666
[train: Epoch 9, 1250 / 1875] FPS: 69.4 (48.3)  ,  DataTime: 0.312 (0.012)  ,  ForwardTime: 0.137  ,  TotalTime: 0.461  ,  Loss/total: 3.82382  ,  Loss/ce: 3.79048  ,  IoU: 0.68349  ,  pro_loss: 0.16666
[train: Epoch 9, 1300 / 1875] FPS: 69.6 (204.2)  ,  DataTime: 0.311 (0.012)  ,  ForwardTime: 0.137  ,  TotalTime: 0.460  ,  Loss/total: 3.82251  ,  Loss/ce: 3.78918  ,  IoU: 0.68399  ,  pro_loss: 0.16666
[train: Epoch 9, 1350 / 1875] FPS: 69.7 (40.9)  ,  DataTime: 0.310 (0.012)  ,  ForwardTime: 0.137  ,  TotalTime: 0.459  ,  Loss/total: 3.82305  ,  Loss/ce: 3.78972  ,  IoU: 0.68381  ,  pro_loss: 0.16666
[train: Epoch 9, 1400 / 1875] FPS: 69.9 (205.4)  ,  DataTime: 0.309 (0.012)  ,  ForwardTime: 0.137  ,  TotalTime: 0.458  ,  Loss/total: 3.82265  ,  Loss/ce: 3.78932  ,  IoU: 0.68404  ,  pro_loss: 0.16666
[train: Epoch 9, 1450 / 1875] FPS: 70.1 (202.0)  ,  DataTime: 0.308 (0.012)  ,  ForwardTime: 0.137  ,  TotalTime: 0.456  ,  Loss/total: 3.82249  ,  Loss/ce: 3.78916  ,  IoU: 0.68409  ,  pro_loss: 0.16666
[train: Epoch 9, 1500 / 1875] FPS: 70.0 (205.5)  ,  DataTime: 0.308 (0.012)  ,  ForwardTime: 0.137  ,  TotalTime: 0.457  ,  Loss/total: 3.82282  ,  Loss/ce: 3.78949  ,  IoU: 0.68406  ,  pro_loss: 0.16665
[train: Epoch 9, 1550 / 1875] FPS: 70.0 (16.3)  ,  DataTime: 0.308 (0.012)  ,  ForwardTime: 0.137  ,  TotalTime: 0.457  ,  Loss/total: 3.82164  ,  Loss/ce: 3.78831  ,  IoU: 0.68434  ,  pro_loss: 0.16665
[train: Epoch 9, 1600 / 1875] FPS: 70.0 (205.4)  ,  DataTime: 0.308 (0.012)  ,  ForwardTime: 0.137  ,  TotalTime: 0.457  ,  Loss/total: 3.82109  ,  Loss/ce: 3.78776  ,  IoU: 0.68444  ,  pro_loss: 0.16665
[train: Epoch 9, 1650 / 1875] FPS: 70.2 (205.7)  ,  DataTime: 0.307 (0.012)  ,  ForwardTime: 0.137  ,  TotalTime: 0.456  ,  Loss/total: 3.82164  ,  Loss/ce: 3.78831  ,  IoU: 0.68434  ,  pro_loss: 0.16665
[train: Epoch 9, 1700 / 1875] FPS: 70.3 (202.4)  ,  DataTime: 0.306 (0.012)  ,  ForwardTime: 0.137  ,  TotalTime: 0.455  ,  Loss/total: 3.82162  ,  Loss/ce: 3.78829  ,  IoU: 0.68426  ,  pro_loss: 0.16665
[train: Epoch 9, 1750 / 1875] FPS: 70.1 (65.4)  ,  DataTime: 0.307 (0.012)  ,  ForwardTime: 0.137  ,  TotalTime: 0.456  ,  Loss/total: 3.82087  ,  Loss/ce: 3.78754  ,  IoU: 0.68447  ,  pro_loss: 0.16665
[train: Epoch 9, 1800 / 1875] FPS: 69.9 (203.2)  ,  DataTime: 0.309 (0.012)  ,  ForwardTime: 0.137  ,  TotalTime: 0.458  ,  Loss/total: 3.82002  ,  Loss/ce: 3.78669  ,  IoU: 0.68467  ,  pro_loss: 0.16665
[train: Epoch 9, 1850 / 1875] FPS: 69.6 (203.4)  ,  DataTime: 0.311 (0.012)  ,  ForwardTime: 0.137  ,  TotalTime: 0.460  ,  Loss/total: 3.81886  ,  Loss/ce: 3.78553  ,  IoU: 0.68516  ,  pro_loss: 0.16665
[train: Epoch 9, 1875 / 1875] FPS: 69.8 (204.8)  ,  DataTime: 0.310 (0.012)  ,  ForwardTime: 0.137  ,  TotalTime: 0.459  ,  Loss/total: 3.81870  ,  Loss/ce: 3.78537  ,  IoU: 0.68524  ,  pro_loss: 0.16665
[train: Epoch 10, 50 / 1875] FPS: 53.2 (206.3)  ,  DataTime: 0.453 (0.012)  ,  ForwardTime: 0.137  ,  TotalTime: 0.601  ,  Loss/total: 3.80024  ,  Loss/ce: 3.76694  ,  IoU: 0.69513  ,  pro_loss: 0.16652
[train: Epoch 10, 100 / 1875] FPS: 57.2 (204.1)  ,  DataTime: 0.411 (0.012)  ,  ForwardTime: 0.137  ,  TotalTime: 0.559  ,  Loss/total: 3.80051  ,  Loss/ce: 3.76720  ,  IoU: 0.69596  ,  pro_loss: 0.16657
[train: Epoch 10, 150 / 1875] FPS: 59.8 (203.4)  ,  DataTime: 0.386 (0.012)  ,  ForwardTime: 0.137  ,  TotalTime: 0.535  ,  Loss/total: 3.80079  ,  Loss/ce: 3.76747  ,  IoU: 0.69458  ,  pro_loss: 0.16660
[train: Epoch 10, 200 / 1875] FPS: 59.6 (12.1)  ,  DataTime: 0.388 (0.012)  ,  ForwardTime: 0.137  ,  TotalTime: 0.537  ,  Loss/total: 3.80107  ,  Loss/ce: 3.76774  ,  IoU: 0.69219  ,  pro_loss: 0.16661
[train: Epoch 10, 250 / 1875] FPS: 60.8 (205.1)  ,  DataTime: 0.377 (0.012)  ,  ForwardTime: 0.137  ,  TotalTime: 0.526  ,  Loss/total: 3.79960  ,  Loss/ce: 3.76628  ,  IoU: 0.69145  ,  pro_loss: 0.16662
[train: Epoch 10, 300 / 1875] FPS: 60.5 (205.7)  ,  DataTime: 0.380 (0.012)  ,  ForwardTime: 0.137  ,  TotalTime: 0.529  ,  Loss/total: 3.80187  ,  Loss/ce: 3.76855  ,  IoU: 0.69081  ,  pro_loss: 0.16661
[train: Epoch 10, 350 / 1875] FPS: 60.0 (6.7)  ,  DataTime: 0.384 (0.012)  ,  ForwardTime: 0.137  ,  TotalTime: 0.533  ,  Loss/total: 3.80216  ,  Loss/ce: 3.76883  ,  IoU: 0.69096  ,  pro_loss: 0.16662
[train: Epoch 10, 400 / 1875] FPS: 60.8 (29.0)  ,  DataTime: 0.378 (0.012)  ,  ForwardTime: 0.137  ,  TotalTime: 0.526  ,  Loss/total: 3.80032  ,  Loss/ce: 3.76699  ,  IoU: 0.69188  ,  pro_loss: 0.16662
[train: Epoch 10, 450 / 1875] FPS: 61.2 (206.2)  ,  DataTime: 0.374 (0.012)  ,  ForwardTime: 0.137  ,  TotalTime: 0.523  ,  Loss/total: 3.80278  ,  Loss/ce: 3.76945  ,  IoU: 0.69166  ,  pro_loss: 0.16663
[train: Epoch 10, 500 / 1875] FPS: 61.1 (205.5)  ,  DataTime: 0.375 (0.012)  ,  ForwardTime: 0.137  ,  TotalTime: 0.523  ,  Loss/total: 3.79969  ,  Loss/ce: 3.76636  ,  IoU: 0.69215  ,  pro_loss: 0.16663
[train: Epoch 10, 550 / 1875] FPS: 61.7 (201.7)  ,  DataTime: 0.370 (0.012)  ,  ForwardTime: 0.137  ,  TotalTime: 0.519  ,  Loss/total: 3.80095  ,  Loss/ce: 3.76762  ,  IoU: 0.69170  ,  pro_loss: 0.16663
[train: Epoch 10, 600 / 1875] FPS: 61.7 (206.1)  ,  DataTime: 0.370 (0.012)  ,  ForwardTime: 0.137  ,  TotalTime: 0.518  ,  Loss/total: 3.80268  ,  Loss/ce: 3.76935  ,  IoU: 0.69168  ,  pro_loss: 0.16664
[train: Epoch 10, 650 / 1875] FPS: 61.8 (11.6)  ,  DataTime: 0.369 (0.012)  ,  ForwardTime: 0.137  ,  TotalTime: 0.518  ,  Loss/total: 3.80193  ,  Loss/ce: 3.76860  ,  IoU: 0.69180  ,  pro_loss: 0.16664
[train: Epoch 10, 700 / 1875] FPS: 61.9 (205.2)  ,  DataTime: 0.368 (0.012)  ,  ForwardTime: 0.137  ,  TotalTime: 0.517  ,  Loss/total: 3.80053  ,  Loss/ce: 3.76720  ,  IoU: 0.69182  ,  pro_loss: 0.16664
[train: Epoch 10, 750 / 1875] FPS: 62.3 (19.4)  ,  DataTime: 0.365 (0.012)  ,  ForwardTime: 0.137  ,  TotalTime: 0.514  ,  Loss/total: 3.79970  ,  Loss/ce: 3.76637  ,  IoU: 0.69226  ,  pro_loss: 0.16664
[train: Epoch 10, 800 / 1875] FPS: 62.5 (204.3)  ,  DataTime: 0.363 (0.012)  ,  ForwardTime: 0.137  ,  TotalTime: 0.512  ,  Loss/total: 3.79857  ,  Loss/ce: 3.76524  ,  IoU: 0.69261  ,  pro_loss: 0.16664
[train: Epoch 10, 850 / 1875] FPS: 62.9 (205.3)  ,  DataTime: 0.360 (0.012)  ,  ForwardTime: 0.137  ,  TotalTime: 0.509  ,  Loss/total: 3.79700  ,  Loss/ce: 3.76368  ,  IoU: 0.69351  ,  pro_loss: 0.16665
[train: Epoch 10, 900 / 1875] FPS: 62.9 (201.6)  ,  DataTime: 0.360 (0.012)  ,  ForwardTime: 0.137  ,  TotalTime: 0.509  ,  Loss/total: 3.79621  ,  Loss/ce: 3.76288  ,  IoU: 0.69391  ,  pro_loss: 0.16665
[train: Epoch 10, 950 / 1875] FPS: 63.2 (205.3)  ,  DataTime: 0.357 (0.012)  ,  ForwardTime: 0.137  ,  TotalTime: 0.506  ,  Loss/total: 3.79675  ,  Loss/ce: 3.76342  ,  IoU: 0.69370  ,  pro_loss: 0.16665
[train: Epoch 10, 1000 / 1875] FPS: 63.3 (14.1)  ,  DataTime: 0.357 (0.012)  ,  ForwardTime: 0.137  ,  TotalTime: 0.506  ,  Loss/total: 3.79757  ,  Loss/ce: 3.76424  ,  IoU: 0.69362  ,  pro_loss: 0.16665
[train: Epoch 10, 1050 / 1875] FPS: 63.2 (201.1)  ,  DataTime: 0.358 (0.012)  ,  ForwardTime: 0.137  ,  TotalTime: 0.506  ,  Loss/total: 3.79655  ,  Loss/ce: 3.76322  ,  IoU: 0.69378  ,  pro_loss: 0.16665
[train: Epoch 10, 1100 / 1875] FPS: 63.5 (203.5)  ,  DataTime: 0.355 (0.012)  ,  ForwardTime: 0.137  ,  TotalTime: 0.504  ,  Loss/total: 3.79661  ,  Loss/ce: 3.76328  ,  IoU: 0.69356  ,  pro_loss: 0.16665
[train: Epoch 10, 1150 / 1875] FPS: 63.3 (201.5)  ,  DataTime: 0.356 (0.012)  ,  ForwardTime: 0.137  ,  TotalTime: 0.505  ,  Loss/total: 3.79576  ,  Loss/ce: 3.76243  ,  IoU: 0.69361  ,  pro_loss: 0.16666
[train: Epoch 10, 1200 / 1875] FPS: 63.3 (204.0)  ,  DataTime: 0.357 (0.012)  ,  ForwardTime: 0.137  ,  TotalTime: 0.506  ,  Loss/total: 3.79601  ,  Loss/ce: 3.76268  ,  IoU: 0.69336  ,  pro_loss: 0.16666
[train: Epoch 10, 1250 / 1875] FPS: 63.4 (39.4)  ,  DataTime: 0.356 (0.012)  ,  ForwardTime: 0.137  ,  TotalTime: 0.505  ,  Loss/total: 3.79583  ,  Loss/ce: 3.76250  ,  IoU: 0.69344  ,  pro_loss: 0.16665
[train: Epoch 10, 1300 / 1875] FPS: 63.7 (204.6)  ,  DataTime: 0.353 (0.012)  ,  ForwardTime: 0.137  ,  TotalTime: 0.502  ,  Loss/total: 3.79614  ,  Loss/ce: 3.76281  ,  IoU: 0.69349  ,  pro_loss: 0.16665
[train: Epoch 10, 1350 / 1875] FPS: 63.6 (19.3)  ,  DataTime: 0.354 (0.012)  ,  ForwardTime: 0.137  ,  TotalTime: 0.503  ,  Loss/total: 3.79680  ,  Loss/ce: 3.76347  ,  IoU: 0.69336  ,  pro_loss: 0.16665
[train: Epoch 10, 1400 / 1875] FPS: 63.8 (46.0)  ,  DataTime: 0.353 (0.012)  ,  ForwardTime: 0.137  ,  TotalTime: 0.502  ,  Loss/total: 3.79715  ,  Loss/ce: 3.76382  ,  IoU: 0.69330  ,  pro_loss: 0.16665
[train: Epoch 10, 1450 / 1875] FPS: 63.9 (207.9)  ,  DataTime: 0.352 (0.012)  ,  ForwardTime: 0.137  ,  TotalTime: 0.501  ,  Loss/total: 3.79655  ,  Loss/ce: 3.76322  ,  IoU: 0.69332  ,  pro_loss: 0.16665
[train: Epoch 10, 1500 / 1875] FPS: 64.1 (203.7)  ,  DataTime: 0.351 (0.012)  ,  ForwardTime: 0.137  ,  TotalTime: 0.500  ,  Loss/total: 3.79649  ,  Loss/ce: 3.76316  ,  IoU: 0.69348  ,  pro_loss: 0.16665
[train: Epoch 10, 1550 / 1875] FPS: 64.1 (48.2)  ,  DataTime: 0.350 (0.012)  ,  ForwardTime: 0.137  ,  TotalTime: 0.499  ,  Loss/total: 3.79466  ,  Loss/ce: 3.76133  ,  IoU: 0.69385  ,  pro_loss: 0.16665
[train: Epoch 10, 1600 / 1875] FPS: 63.9 (14.7)  ,  DataTime: 0.352 (0.012)  ,  ForwardTime: 0.137  ,  TotalTime: 0.501  ,  Loss/total: 3.79488  ,  Loss/ce: 3.76155  ,  IoU: 0.69360  ,  pro_loss: 0.16665
[train: Epoch 10, 1650 / 1875] FPS: 63.8 (17.8)  ,  DataTime: 0.353 (0.012)  ,  ForwardTime: 0.137  ,  TotalTime: 0.502  ,  Loss/total: 3.79428  ,  Loss/ce: 3.76095  ,  IoU: 0.69367  ,  pro_loss: 0.16665
[train: Epoch 10, 1700 / 1875] FPS: 63.8 (202.6)  ,  DataTime: 0.353 (0.012)  ,  ForwardTime: 0.137  ,  TotalTime: 0.502  ,  Loss/total: 3.79370  ,  Loss/ce: 3.76037  ,  IoU: 0.69368  ,  pro_loss: 0.16665
[train: Epoch 10, 1750 / 1875] FPS: 63.7 (203.1)  ,  DataTime: 0.353 (0.012)  ,  ForwardTime: 0.137  ,  TotalTime: 0.502  ,  Loss/total: 3.79340  ,  Loss/ce: 3.76007  ,  IoU: 0.69366  ,  pro_loss: 0.16665
[train: Epoch 10, 1800 / 1875] FPS: 63.7 (145.9)  ,  DataTime: 0.354 (0.012)  ,  ForwardTime: 0.137  ,  TotalTime: 0.503  ,  Loss/total: 3.79250  ,  Loss/ce: 3.75917  ,  IoU: 0.69395  ,  pro_loss: 0.16665
[train: Epoch 10, 1850 / 1875] FPS: 63.5 (14.8)  ,  DataTime: 0.355 (0.012)  ,  ForwardTime: 0.137  ,  TotalTime: 0.504  ,  Loss/total: 3.79248  ,  Loss/ce: 3.75915  ,  IoU: 0.69391  ,  pro_loss: 0.16665
[train: Epoch 10, 1875 / 1875] FPS: 63.8 (209.0)  ,  DataTime: 0.353 (0.012)  ,  ForwardTime: 0.137  ,  TotalTime: 0.502  ,  Loss/total: 3.79211  ,  Loss/ce: 3.75877  ,  IoU: 0.69401  ,  pro_loss: 0.16665
[val: Epoch 10, 50 / 312] FPS: 47.0 (33.0)  ,  DataTime: 0.598 (0.014)  ,  ForwardTime: 0.070  ,  TotalTime: 0.681  ,  Loss/total: nan  ,  Loss/giou: 0.33976  ,  Loss/l1: 0.02824  ,  Loss/location: nan  ,  pro_loss: 0.16667  ,  IoU: 0.68288
[val: Epoch 10, 100 / 312] FPS: 50.9 (351.6)  ,  DataTime: 0.546 (0.013)  ,  ForwardTime: 0.069  ,  TotalTime: 0.629  ,  Loss/total: nan  ,  Loss/giou: 0.33805  ,  Loss/l1: 0.02826  ,  Loss/location: nan  ,  pro_loss: 0.16666  ,  IoU: 0.68526
[val: Epoch 10, 150 / 312] FPS: 53.5 (353.5)  ,  DataTime: 0.515 (0.014)  ,  ForwardTime: 0.069  ,  TotalTime: 0.598  ,  Loss/total: nan  ,  Loss/giou: 0.34411  ,  Loss/l1: 0.02866  ,  Loss/location: nan  ,  pro_loss: 0.16667  ,  IoU: 0.68054
[val: Epoch 10, 200 / 312] FPS: 55.3 (351.0)  ,  DataTime: 0.496 (0.014)  ,  ForwardTime: 0.069  ,  TotalTime: 0.579  ,  Loss/total: nan  ,  Loss/giou: 0.34193  ,  Loss/l1: 0.02813  ,  Loss/location: nan  ,  pro_loss: 0.16667  ,  IoU: 0.68201
[val: Epoch 10, 250 / 312] FPS: 56.0 (330.3)  ,  DataTime: 0.489 (0.014)  ,  ForwardTime: 0.070  ,  TotalTime: 0.572  ,  Loss/total: nan  ,  Loss/giou: 0.34175  ,  Loss/l1: 0.02801  ,  Loss/location: nan  ,  pro_loss: 0.16667  ,  IoU: 0.68206
[val: Epoch 10, 300 / 312] FPS: 56.7 (340.1)  ,  DataTime: 0.481 (0.014)  ,  ForwardTime: 0.070  ,  TotalTime: 0.564  ,  Loss/total: nan  ,  Loss/giou: 0.34297  ,  Loss/l1: 0.02837  ,  Loss/location: nan  ,  pro_loss: 0.16667  ,  IoU: 0.68133
[val: Epoch 10, 312 / 312] FPS: 57.0 (73.1)  ,  DataTime: 0.478 (0.014)  ,  ForwardTime: 0.069  ,  TotalTime: 0.561  ,  Loss/total: nan  ,  Loss/giou: 0.34282  ,  Loss/l1: 0.02839  ,  Loss/location: nan  ,  pro_loss: 0.16667  ,  IoU: 0.68137
[train: Epoch 11, 50 / 1875] FPS: 55.0 (53.1)  ,  DataTime: 0.432 (0.012)  ,  ForwardTime: 0.137  ,  TotalTime: 0.581  ,  Loss/total: 3.78541  ,  Loss/ce: 3.75208  ,  IoU: 0.69100  ,  pro_loss: 0.16666
[train: Epoch 11, 100 / 1875] FPS: 56.6 (202.3)  ,  DataTime: 0.415 (0.012)  ,  ForwardTime: 0.138  ,  TotalTime: 0.565  ,  Loss/total: 3.77667  ,  Loss/ce: 3.74334  ,  IoU: 0.69367  ,  pro_loss: 0.16662
[train: Epoch 11, 150 / 1875] FPS: 57.4 (204.9)  ,  DataTime: 0.407 (0.013)  ,  ForwardTime: 0.137  ,  TotalTime: 0.557  ,  Loss/total: 3.77957  ,  Loss/ce: 3.74623  ,  IoU: 0.69375  ,  pro_loss: 0.16667
[train: Epoch 11, 200 / 1875] FPS: 58.1 (12.9)  ,  DataTime: 0.401 (0.013)  ,  ForwardTime: 0.137  ,  TotalTime: 0.551  ,  Loss/total: 3.78105  ,  Loss/ce: 3.74771  ,  IoU: 0.69532  ,  pro_loss: 0.16669
[train: Epoch 11, 250 / 1875] FPS: 58.3 (208.3)  ,  DataTime: 0.400 (0.013)  ,  ForwardTime: 0.137  ,  TotalTime: 0.549  ,  Loss/total: 3.78199  ,  Loss/ce: 3.74866  ,  IoU: 0.69568  ,  pro_loss: 0.16667
[train: Epoch 11, 300 / 1875] FPS: 59.2 (204.9)  ,  DataTime: 0.391 (0.012)  ,  ForwardTime: 0.137  ,  TotalTime: 0.541  ,  Loss/total: 3.77945  ,  Loss/ce: 3.74612  ,  IoU: 0.69640  ,  pro_loss: 0.16667
[train: Epoch 11, 350 / 1875] FPS: 60.1 (204.4)  ,  DataTime: 0.384 (0.012)  ,  ForwardTime: 0.137  ,  TotalTime: 0.533  ,  Loss/total: 3.77760  ,  Loss/ce: 3.74427  ,  IoU: 0.69668  ,  pro_loss: 0.16667
[train: Epoch 11, 400 / 1875] FPS: 59.9 (12.5)  ,  DataTime: 0.385 (0.012)  ,  ForwardTime: 0.137  ,  TotalTime: 0.534  ,  Loss/total: 3.77370  ,  Loss/ce: 3.74037  ,  IoU: 0.69821  ,  pro_loss: 0.16665
[train: Epoch 11, 450 / 1875] FPS: 60.6 (204.9)  ,  DataTime: 0.379 (0.012)  ,  ForwardTime: 0.137  ,  TotalTime: 0.528  ,  Loss/total: 3.77691  ,  Loss/ce: 3.74358  ,  IoU: 0.69773  ,  pro_loss: 0.16665
[train: Epoch 11, 500 / 1875] FPS: 60.3 (202.8)  ,  DataTime: 0.382 (0.012)  ,  ForwardTime: 0.137  ,  TotalTime: 0.531  ,  Loss/total: 3.77590  ,  Loss/ce: 3.74257  ,  IoU: 0.69763  ,  pro_loss: 0.16665
[train: Epoch 11, 550 / 1875] FPS: 60.4 (206.0)  ,  DataTime: 0.381 (0.012)  ,  ForwardTime: 0.137  ,  TotalTime: 0.530  ,  Loss/total: 3.77548  ,  Loss/ce: 3.74215  ,  IoU: 0.69809  ,  pro_loss: 0.16665
[train: Epoch 11, 600 / 1875] FPS: 60.4 (10.8)  ,  DataTime: 0.381 (0.012)  ,  ForwardTime: 0.137  ,  TotalTime: 0.530  ,  Loss/total: 3.77537  ,  Loss/ce: 3.74204  ,  IoU: 0.69782  ,  pro_loss: 0.16665
[train: Epoch 11, 650 / 1875] FPS: 60.3 (203.6)  ,  DataTime: 0.382 (0.012)  ,  ForwardTime: 0.137  ,  TotalTime: 0.531  ,  Loss/total: 3.77377  ,  Loss/ce: 3.74044  ,  IoU: 0.69829  ,  pro_loss: 0.16664
[train: Epoch 11, 700 / 1875] FPS: 60.4 (201.6)  ,  DataTime: 0.380 (0.012)  ,  ForwardTime: 0.137  ,  TotalTime: 0.530  ,  Loss/total: 3.77223  ,  Loss/ce: 3.73890  ,  IoU: 0.69886  ,  pro_loss: 0.16665
[train: Epoch 11, 750 / 1875] FPS: 60.4 (206.5)  ,  DataTime: 0.380 (0.012)  ,  ForwardTime: 0.137  ,  TotalTime: 0.530  ,  Loss/total: 3.77255  ,  Loss/ce: 3.73922  ,  IoU: 0.69864  ,  pro_loss: 0.16665
[train: Epoch 11, 800 / 1875] FPS: 60.5 (20.6)  ,  DataTime: 0.380 (0.012)  ,  ForwardTime: 0.137  ,  TotalTime: 0.529  ,  Loss/total: 3.77370  ,  Loss/ce: 3.74037  ,  IoU: 0.69830  ,  pro_loss: 0.16665
[train: Epoch 11, 850 / 1875] FPS: 60.7 (201.3)  ,  DataTime: 0.378 (0.012)  ,  ForwardTime: 0.137  ,  TotalTime: 0.527  ,  Loss/total: 3.77413  ,  Loss/ce: 3.74080  ,  IoU: 0.69826  ,  pro_loss: 0.16665
[train: Epoch 11, 900 / 1875] FPS: 60.6 (204.8)  ,  DataTime: 0.379 (0.012)  ,  ForwardTime: 0.137  ,  TotalTime: 0.528  ,  Loss/total: 3.77477  ,  Loss/ce: 3.74145  ,  IoU: 0.69813  ,  pro_loss: 0.16665
[train: Epoch 11, 950 / 1875] FPS: 61.1 (199.6)  ,  DataTime: 0.374 (0.012)  ,  ForwardTime: 0.137  ,  TotalTime: 0.524  ,  Loss/total: 3.77433  ,  Loss/ce: 3.74100  ,  IoU: 0.69821  ,  pro_loss: 0.16665
[train: Epoch 11, 1000 / 1875] FPS: 60.7 (7.4)  ,  DataTime: 0.378 (0.012)  ,  ForwardTime: 0.137  ,  TotalTime: 0.527  ,  Loss/total: 3.77395  ,  Loss/ce: 3.74062  ,  IoU: 0.69853  ,  pro_loss: 0.16665
[train: Epoch 11, 1050 / 1875] FPS: 61.3 (203.8)  ,  DataTime: 0.373 (0.012)  ,  ForwardTime: 0.137  ,  TotalTime: 0.522  ,  Loss/total: 3.77249  ,  Loss/ce: 3.73916  ,  IoU: 0.69901  ,  pro_loss: 0.16665
[train: Epoch 11, 1100 / 1875] FPS: 61.3 (205.0)  ,  DataTime: 0.373 (0.012)  ,  ForwardTime: 0.137  ,  TotalTime: 0.522  ,  Loss/total: 3.77192  ,  Loss/ce: 3.73859  ,  IoU: 0.69917  ,  pro_loss: 0.16664
[train: Epoch 11, 1150 / 1875] FPS: 61.6 (203.0)  ,  DataTime: 0.370 (0.012)  ,  ForwardTime: 0.137  ,  TotalTime: 0.519  ,  Loss/total: 3.77157  ,  Loss/ce: 3.73824  ,  IoU: 0.69902  ,  pro_loss: 0.16665
[train: Epoch 11, 1200 / 1875] FPS: 61.9 (205.2)  ,  DataTime: 0.368 (0.012)  ,  ForwardTime: 0.137  ,  TotalTime: 0.517  ,  Loss/total: 3.77221  ,  Loss/ce: 3.73888  ,  IoU: 0.69913  ,  pro_loss: 0.16664
[train: Epoch 11, 1250 / 1875] FPS: 62.1 (202.4)  ,  DataTime: 0.366 (0.012)  ,  ForwardTime: 0.137  ,  TotalTime: 0.516  ,  Loss/total: 3.77147  ,  Loss/ce: 3.73814  ,  IoU: 0.69944  ,  pro_loss: 0.16664
[train: Epoch 11, 1300 / 1875] FPS: 62.3 (204.7)  ,  DataTime: 0.365 (0.012)  ,  ForwardTime: 0.137  ,  TotalTime: 0.514  ,  Loss/total: 3.77086  ,  Loss/ce: 3.73753  ,  IoU: 0.69972  ,  pro_loss: 0.16665
[train: Epoch 11, 1350 / 1875] FPS: 62.3 (203.0)  ,  DataTime: 0.365 (0.012)  ,  ForwardTime: 0.137  ,  TotalTime: 0.514  ,  Loss/total: 3.77036  ,  Loss/ce: 3.73703  ,  IoU: 0.69985  ,  pro_loss: 0.16665
[train: Epoch 11, 1400 / 1875] FPS: 62.1 (14.0)  ,  DataTime: 0.366 (0.012)  ,  ForwardTime: 0.137  ,  TotalTime: 0.516  ,  Loss/total: 3.76990  ,  Loss/ce: 3.73657  ,  IoU: 0.69995  ,  pro_loss: 0.16665
[train: Epoch 11, 1450 / 1875] FPS: 62.3 (205.9)  ,  DataTime: 0.364 (0.012)  ,  ForwardTime: 0.137  ,  TotalTime: 0.514  ,  Loss/total: 3.77017  ,  Loss/ce: 3.73684  ,  IoU: 0.70005  ,  pro_loss: 0.16665
[train: Epoch 11, 1500 / 1875] FPS: 62.3 (196.0)  ,  DataTime: 0.364 (0.012)  ,  ForwardTime: 0.137  ,  TotalTime: 0.513  ,  Loss/total: 3.77096  ,  Loss/ce: 3.73763  ,  IoU: 0.69993  ,  pro_loss: 0.16665
[train: Epoch 11, 1550 / 1875] FPS: 62.5 (202.6)  ,  DataTime: 0.363 (0.012)  ,  ForwardTime: 0.137  ,  TotalTime: 0.512  ,  Loss/total: 3.77097  ,  Loss/ce: 3.73764  ,  IoU: 0.70002  ,  pro_loss: 0.16665
[train: Epoch 11, 1600 / 1875] FPS: 62.4 (28.0)  ,  DataTime: 0.364 (0.012)  ,  ForwardTime: 0.137  ,  TotalTime: 0.513  ,  Loss/total: 3.77030  ,  Loss/ce: 3.73697  ,  IoU: 0.70019  ,  pro_loss: 0.16665
[train: Epoch 11, 1650 / 1875] FPS: 62.4 (195.6)  ,  DataTime: 0.364 (0.012)  ,  ForwardTime: 0.137  ,  TotalTime: 0.513  ,  Loss/total: 3.77060  ,  Loss/ce: 3.73727  ,  IoU: 0.70019  ,  pro_loss: 0.16665
[train: Epoch 11, 1700 / 1875] FPS: 62.5 (203.6)  ,  DataTime: 0.363 (0.012)  ,  ForwardTime: 0.137  ,  TotalTime: 0.512  ,  Loss/total: 3.77014  ,  Loss/ce: 3.73681  ,  IoU: 0.70045  ,  pro_loss: 0.16665
[train: Epoch 11, 1750 / 1875] FPS: 62.6 (204.7)  ,  DataTime: 0.362 (0.012)  ,  ForwardTime: 0.137  ,  TotalTime: 0.511  ,  Loss/total: 3.77014  ,  Loss/ce: 3.73681  ,  IoU: 0.70046  ,  pro_loss: 0.16664
[train: Epoch 11, 1800 / 1875] FPS: 62.4 (36.0)  ,  DataTime: 0.364 (0.012)  ,  ForwardTime: 0.137  ,  TotalTime: 0.513  ,  Loss/total: 3.77060  ,  Loss/ce: 3.73727  ,  IoU: 0.70034  ,  pro_loss: 0.16664
[train: Epoch 11, 1850 / 1875] FPS: 62.5 (203.1)  ,  DataTime: 0.363 (0.012)  ,  ForwardTime: 0.137  ,  TotalTime: 0.512  ,  Loss/total: 3.77076  ,  Loss/ce: 3.73743  ,  IoU: 0.70026  ,  pro_loss: 0.16664
[train: Epoch 11, 1875 / 1875] FPS: 62.7 (207.5)  ,  DataTime: 0.361 (0.012)  ,  ForwardTime: 0.137  ,  TotalTime: 0.510  ,  Loss/total: 3.77083  ,  Loss/ce: 3.73751  ,  IoU: 0.70026  ,  pro_loss: 0.16664
[train: Epoch 12, 50 / 1875] FPS: 51.8 (204.5)  ,  DataTime: 0.468 (0.013)  ,  ForwardTime: 0.137  ,  TotalTime: 0.618  ,  Loss/total: 3.74669  ,  Loss/ce: 3.71336  ,  IoU: 0.70588  ,  pro_loss: 0.16665
[train: Epoch 12, 100 / 1875] FPS: 58.7 (199.3)  ,  DataTime: 0.396 (0.013)  ,  ForwardTime: 0.137  ,  TotalTime: 0.545  ,  Loss/total: 3.75195  ,  Loss/ce: 3.71861  ,  IoU: 0.70357  ,  pro_loss: 0.16667
[train: Epoch 12, 150 / 1875] FPS: 59.4 (206.0)  ,  DataTime: 0.389 (0.013)  ,  ForwardTime: 0.137  ,  TotalTime: 0.538  ,  Loss/total: 3.76040  ,  Loss/ce: 3.72707  ,  IoU: 0.70446  ,  pro_loss: 0.16667
[train: Epoch 12, 200 / 1875] FPS: 59.3 (9.0)  ,  DataTime: 0.391 (0.013)  ,  ForwardTime: 0.137  ,  TotalTime: 0.540  ,  Loss/total: 3.75416  ,  Loss/ce: 3.72084  ,  IoU: 0.70564  ,  pro_loss: 0.16664
[train: Epoch 12, 250 / 1875] FPS: 61.1 (206.8)  ,  DataTime: 0.375 (0.012)  ,  ForwardTime: 0.137  ,  TotalTime: 0.524  ,  Loss/total: 3.75104  ,  Loss/ce: 3.71771  ,  IoU: 0.70637  ,  pro_loss: 0.16663
[train: Epoch 12, 300 / 1875] FPS: 61.1 (16.7)  ,  DataTime: 0.374 (0.012)  ,  ForwardTime: 0.137  ,  TotalTime: 0.524  ,  Loss/total: 3.74996  ,  Loss/ce: 3.71663  ,  IoU: 0.70637  ,  pro_loss: 0.16664
[train: Epoch 12, 350 / 1875] FPS: 61.5 (47.0)  ,  DataTime: 0.371 (0.012)  ,  ForwardTime: 0.137  ,  TotalTime: 0.520  ,  Loss/total: 3.74963  ,  Loss/ce: 3.71631  ,  IoU: 0.70642  ,  pro_loss: 0.16664
[train: Epoch 12, 400 / 1875] FPS: 61.9 (202.0)  ,  DataTime: 0.368 (0.012)  ,  ForwardTime: 0.137  ,  TotalTime: 0.517  ,  Loss/total: 3.75088  ,  Loss/ce: 3.71755  ,  IoU: 0.70694  ,  pro_loss: 0.16664
[train: Epoch 12, 450 / 1875] FPS: 61.9 (208.1)  ,  DataTime: 0.368 (0.012)  ,  ForwardTime: 0.137  ,  TotalTime: 0.517  ,  Loss/total: 3.75214  ,  Loss/ce: 3.71881  ,  IoU: 0.70653  ,  pro_loss: 0.16665
[train: Epoch 12, 500 / 1875] FPS: 62.0 (9.0)  ,  DataTime: 0.367 (0.012)  ,  ForwardTime: 0.137  ,  TotalTime: 0.517  ,  Loss/total: 3.75423  ,  Loss/ce: 3.72090  ,  IoU: 0.70579  ,  pro_loss: 0.16665
[train: Epoch 12, 550 / 1875] FPS: 62.4 (205.2)  ,  DataTime: 0.364 (0.012)  ,  ForwardTime: 0.137  ,  TotalTime: 0.513  ,  Loss/total: 3.75420  ,  Loss/ce: 3.72087  ,  IoU: 0.70602  ,  pro_loss: 0.16665
[train: Epoch 12, 600 / 1875] FPS: 62.4 (203.5)  ,  DataTime: 0.364 (0.012)  ,  ForwardTime: 0.137  ,  TotalTime: 0.513  ,  Loss/total: 3.75619  ,  Loss/ce: 3.72286  ,  IoU: 0.70513  ,  pro_loss: 0.16665
[train: Epoch 12, 650 / 1875] FPS: 62.3 (204.9)  ,  DataTime: 0.365 (0.012)  ,  ForwardTime: 0.137  ,  TotalTime: 0.514  ,  Loss/total: 3.75602  ,  Loss/ce: 3.72269  ,  IoU: 0.70539  ,  pro_loss: 0.16664
[train: Epoch 12, 700 / 1875] FPS: 62.8 (202.2)  ,  DataTime: 0.360 (0.012)  ,  ForwardTime: 0.137  ,  TotalTime: 0.509  ,  Loss/total: 3.75626  ,  Loss/ce: 3.72293  ,  IoU: 0.70516  ,  pro_loss: 0.16664
[train: Epoch 12, 750 / 1875] FPS: 62.8 (203.6)  ,  DataTime: 0.360 (0.012)  ,  ForwardTime: 0.137  ,  TotalTime: 0.509  ,  Loss/total: 3.75503  ,  Loss/ce: 3.72170  ,  IoU: 0.70509  ,  pro_loss: 0.16664
[train: Epoch 12, 800 / 1875] FPS: 63.1 (204.8)  ,  DataTime: 0.358 (0.012)  ,  ForwardTime: 0.137  ,  TotalTime: 0.507  ,  Loss/total: 3.75645  ,  Loss/ce: 3.72312  ,  IoU: 0.70457  ,  pro_loss: 0.16665
[train: Epoch 12, 850 / 1875] FPS: 62.8 (203.1)  ,  DataTime: 0.361 (0.012)  ,  ForwardTime: 0.137  ,  TotalTime: 0.510  ,  Loss/total: 3.75666  ,  Loss/ce: 3.72333  ,  IoU: 0.70446  ,  pro_loss: 0.16666
[train: Epoch 12, 900 / 1875] FPS: 63.4 (205.5)  ,  DataTime: 0.356 (0.012)  ,  ForwardTime: 0.137  ,  TotalTime: 0.505  ,  Loss/total: 3.75645  ,  Loss/ce: 3.72312  ,  IoU: 0.70473  ,  pro_loss: 0.16665
[train: Epoch 12, 950 / 1875] FPS: 63.0 (10.6)  ,  DataTime: 0.359 (0.012)  ,  ForwardTime: 0.137  ,  TotalTime: 0.508  ,  Loss/total: 3.75710  ,  Loss/ce: 3.72377  ,  IoU: 0.70455  ,  pro_loss: 0.16665
[train: Epoch 12, 1000 / 1875] FPS: 63.4 (203.4)  ,  DataTime: 0.356 (0.012)  ,  ForwardTime: 0.137  ,  TotalTime: 0.505  ,  Loss/total: 3.75695  ,  Loss/ce: 3.72362  ,  IoU: 0.70470  ,  pro_loss: 0.16665
[train: Epoch 12, 1050 / 1875] FPS: 63.7 (19.3)  ,  DataTime: 0.353 (0.012)  ,  ForwardTime: 0.137  ,  TotalTime: 0.502  ,  Loss/total: 3.75580  ,  Loss/ce: 3.72247  ,  IoU: 0.70469  ,  pro_loss: 0.16665
[train: Epoch 12, 1100 / 1875] FPS: 63.9 (22.2)  ,  DataTime: 0.351 (0.012)  ,  ForwardTime: 0.137  ,  TotalTime: 0.500  ,  Loss/total: 3.75501  ,  Loss/ce: 3.72168  ,  IoU: 0.70451  ,  pro_loss: 0.16665
[train: Epoch 12, 1150 / 1875] FPS: 64.0 (202.3)  ,  DataTime: 0.351 (0.012)  ,  ForwardTime: 0.137  ,  TotalTime: 0.500  ,  Loss/total: 3.75425  ,  Loss/ce: 3.72092  ,  IoU: 0.70481  ,  pro_loss: 0.16664
[train: Epoch 12, 1200 / 1875] FPS: 63.7 (10.4)  ,  DataTime: 0.353 (0.012)  ,  ForwardTime: 0.137  ,  TotalTime: 0.503  ,  Loss/total: 3.75413  ,  Loss/ce: 3.72080  ,  IoU: 0.70500  ,  pro_loss: 0.16664
[train: Epoch 12, 1250 / 1875] FPS: 63.9 (203.9)  ,  DataTime: 0.352 (0.012)  ,  ForwardTime: 0.137  ,  TotalTime: 0.501  ,  Loss/total: 3.75419  ,  Loss/ce: 3.72086  ,  IoU: 0.70499  ,  pro_loss: 0.16664
[train: Epoch 12, 1300 / 1875] FPS: 64.0 (203.9)  ,  DataTime: 0.351 (0.012)  ,  ForwardTime: 0.137  ,  TotalTime: 0.500  ,  Loss/total: 3.75332  ,  Loss/ce: 3.71999  ,  IoU: 0.70504  ,  pro_loss: 0.16664
[train: Epoch 12, 1350 / 1875] FPS: 63.9 (199.1)  ,  DataTime: 0.352 (0.012)  ,  ForwardTime: 0.137  ,  TotalTime: 0.501  ,  Loss/total: 3.75319  ,  Loss/ce: 3.71986  ,  IoU: 0.70494  ,  pro_loss: 0.16663
[train: Epoch 12, 1400 / 1875] FPS: 64.0 (203.8)  ,  DataTime: 0.351 (0.012)  ,  ForwardTime: 0.137  ,  TotalTime: 0.500  ,  Loss/total: 3.75236  ,  Loss/ce: 3.71904  ,  IoU: 0.70517  ,  pro_loss: 0.16663
[train: Epoch 12, 1450 / 1875] FPS: 64.1 (208.0)  ,  DataTime: 0.351 (0.012)  ,  ForwardTime: 0.137  ,  TotalTime: 0.500  ,  Loss/total: 3.75281  ,  Loss/ce: 3.71948  ,  IoU: 0.70516  ,  pro_loss: 0.16663
[train: Epoch 12, 1500 / 1875] FPS: 64.1 (200.4)  ,  DataTime: 0.350 (0.012)  ,  ForwardTime: 0.137  ,  TotalTime: 0.499  ,  Loss/total: 3.75200  ,  Loss/ce: 3.71867  ,  IoU: 0.70539  ,  pro_loss: 0.16664
[train: Epoch 12, 1550 / 1875] FPS: 64.2 (206.4)  ,  DataTime: 0.349 (0.012)  ,  ForwardTime: 0.137  ,  TotalTime: 0.498  ,  Loss/total: 3.75198  ,  Loss/ce: 3.71865  ,  IoU: 0.70544  ,  pro_loss: 0.16664
[train: Epoch 12, 1600 / 1875] FPS: 64.3 (203.8)  ,  DataTime: 0.349 (0.012)  ,  ForwardTime: 0.137  ,  TotalTime: 0.498  ,  Loss/total: 3.75108  ,  Loss/ce: 3.71775  ,  IoU: 0.70566  ,  pro_loss: 0.16664
[train: Epoch 12, 1650 / 1875] FPS: 64.5 (203.9)  ,  DataTime: 0.347 (0.012)  ,  ForwardTime: 0.137  ,  TotalTime: 0.496  ,  Loss/total: 3.75081  ,  Loss/ce: 3.71748  ,  IoU: 0.70566  ,  pro_loss: 0.16664
[train: Epoch 12, 1700 / 1875] FPS: 64.2 (204.8)  ,  DataTime: 0.349 (0.012)  ,  ForwardTime: 0.137  ,  TotalTime: 0.498  ,  Loss/total: 3.75100  ,  Loss/ce: 3.71767  ,  IoU: 0.70562  ,  pro_loss: 0.16664
[train: Epoch 12, 1750 / 1875] FPS: 64.3 (202.3)  ,  DataTime: 0.348 (0.012)  ,  ForwardTime: 0.137  ,  TotalTime: 0.497  ,  Loss/total: 3.75011  ,  Loss/ce: 3.71679  ,  IoU: 0.70583  ,  pro_loss: 0.16664
[train: Epoch 12, 1800 / 1875] FPS: 64.4 (202.6)  ,  DataTime: 0.348 (0.012)  ,  ForwardTime: 0.137  ,  TotalTime: 0.497  ,  Loss/total: 3.74992  ,  Loss/ce: 3.71659  ,  IoU: 0.70572  ,  pro_loss: 0.16664
[train: Epoch 12, 1850 / 1875] FPS: 64.4 (204.5)  ,  DataTime: 0.348 (0.012)  ,  ForwardTime: 0.137  ,  TotalTime: 0.497  ,  Loss/total: 3.74949  ,  Loss/ce: 3.71616  ,  IoU: 0.70576  ,  pro_loss: 0.16664
[train: Epoch 12, 1875 / 1875] FPS: 64.6 (204.8)  ,  DataTime: 0.347 (0.012)  ,  ForwardTime: 0.137  ,  TotalTime: 0.496  ,  Loss/total: 3.74953  ,  Loss/ce: 3.71620  ,  IoU: 0.70570  ,  pro_loss: 0.16664
[train: Epoch 13, 50 / 1875] FPS: 52.1 (203.2)  ,  DataTime: 0.461 (0.013)  ,  ForwardTime: 0.140  ,  TotalTime: 0.614  ,  Loss/total: 3.74810  ,  Loss/ce: 3.71480  ,  IoU: 0.71300  ,  pro_loss: 0.16649
[train: Epoch 13, 100 / 1875] FPS: 57.5 (207.2)  ,  DataTime: 0.406 (0.012)  ,  ForwardTime: 0.139  ,  TotalTime: 0.557  ,  Loss/total: 3.73625  ,  Loss/ce: 3.70294  ,  IoU: 0.71454  ,  pro_loss: 0.16651
[train: Epoch 13, 150 / 1875] FPS: 60.6 (201.9)  ,  DataTime: 0.378 (0.012)  ,  ForwardTime: 0.138  ,  TotalTime: 0.528  ,  Loss/total: 3.73289  ,  Loss/ce: 3.69957  ,  IoU: 0.71379  ,  pro_loss: 0.16658
[train: Epoch 13, 200 / 1875] FPS: 61.5 (206.3)  ,  DataTime: 0.370 (0.012)  ,  ForwardTime: 0.138  ,  TotalTime: 0.520  ,  Loss/total: 3.74296  ,  Loss/ce: 3.70965  ,  IoU: 0.71143  ,  pro_loss: 0.16659
[train: Epoch 13, 250 / 1875] FPS: 61.7 (201.9)  ,  DataTime: 0.369 (0.012)  ,  ForwardTime: 0.138  ,  TotalTime: 0.519  ,  Loss/total: 3.73662  ,  Loss/ce: 3.70331  ,  IoU: 0.71201  ,  pro_loss: 0.16659
[train: Epoch 13, 300 / 1875] FPS: 62.5 (202.7)  ,  DataTime: 0.363 (0.012)  ,  ForwardTime: 0.137  ,  TotalTime: 0.512  ,  Loss/total: 3.73577  ,  Loss/ce: 3.70245  ,  IoU: 0.71246  ,  pro_loss: 0.16660
[train: Epoch 13, 350 / 1875] FPS: 62.8 (62.6)  ,  DataTime: 0.360 (0.012)  ,  ForwardTime: 0.137  ,  TotalTime: 0.510  ,  Loss/total: 3.73514  ,  Loss/ce: 3.70182  ,  IoU: 0.71260  ,  pro_loss: 0.16658
[train: Epoch 13, 400 / 1875] FPS: 63.2 (205.7)  ,  DataTime: 0.357 (0.012)  ,  ForwardTime: 0.137  ,  TotalTime: 0.506  ,  Loss/total: 3.73655  ,  Loss/ce: 3.70323  ,  IoU: 0.71205  ,  pro_loss: 0.16659
[train: Epoch 13, 450 / 1875] FPS: 63.0 (206.3)  ,  DataTime: 0.359 (0.012)  ,  ForwardTime: 0.137  ,  TotalTime: 0.508  ,  Loss/total: 3.73699  ,  Loss/ce: 3.70367  ,  IoU: 0.71128  ,  pro_loss: 0.16661
[train: Epoch 13, 500 / 1875] FPS: 63.2 (26.7)  ,  DataTime: 0.357 (0.012)  ,  ForwardTime: 0.137  ,  TotalTime: 0.506  ,  Loss/total: 3.73797  ,  Loss/ce: 3.70464  ,  IoU: 0.71146  ,  pro_loss: 0.16663
[train: Epoch 13, 550 / 1875] FPS: 63.8 (203.8)  ,  DataTime: 0.352 (0.012)  ,  ForwardTime: 0.137  ,  TotalTime: 0.501  ,  Loss/total: 3.73790  ,  Loss/ce: 3.70457  ,  IoU: 0.71030  ,  pro_loss: 0.16664
[train: Epoch 13, 600 / 1875] FPS: 64.1 (205.2)  ,  DataTime: 0.350 (0.012)  ,  ForwardTime: 0.137  ,  TotalTime: 0.499  ,  Loss/total: 3.73717  ,  Loss/ce: 3.70384  ,  IoU: 0.71069  ,  pro_loss: 0.16664
[train: Epoch 13, 650 / 1875] FPS: 63.7 (8.4)  ,  DataTime: 0.354 (0.012)  ,  ForwardTime: 0.137  ,  TotalTime: 0.503  ,  Loss/total: 3.73598  ,  Loss/ce: 3.70266  ,  IoU: 0.71060  ,  pro_loss: 0.16663
[train: Epoch 13, 700 / 1875] FPS: 64.3 (192.1)  ,  DataTime: 0.349 (0.012)  ,  ForwardTime: 0.137  ,  TotalTime: 0.498  ,  Loss/total: 3.73576  ,  Loss/ce: 3.70243  ,  IoU: 0.71059  ,  pro_loss: 0.16664
[train: Epoch 13, 750 / 1875] FPS: 64.4 (202.1)  ,  DataTime: 0.348 (0.012)  ,  ForwardTime: 0.137  ,  TotalTime: 0.497  ,  Loss/total: 3.73633  ,  Loss/ce: 3.70300  ,  IoU: 0.71011  ,  pro_loss: 0.16664
[train: Epoch 13, 800 / 1875] FPS: 64.8 (207.1)  ,  DataTime: 0.345 (0.012)  ,  ForwardTime: 0.137  ,  TotalTime: 0.494  ,  Loss/total: 3.73688  ,  Loss/ce: 3.70355  ,  IoU: 0.70965  ,  pro_loss: 0.16664
[train: Epoch 13, 850 / 1875] FPS: 64.8 (206.2)  ,  DataTime: 0.345 (0.012)  ,  ForwardTime: 0.137  ,  TotalTime: 0.494  ,  Loss/total: 3.73618  ,  Loss/ce: 3.70285  ,  IoU: 0.70971  ,  pro_loss: 0.16663
[train: Epoch 13, 900 / 1875] FPS: 65.0 (204.1)  ,  DataTime: 0.343 (0.012)  ,  ForwardTime: 0.137  ,  TotalTime: 0.492  ,  Loss/total: 3.73528  ,  Loss/ce: 3.70195  ,  IoU: 0.71008  ,  pro_loss: 0.16663
[train: Epoch 13, 950 / 1875] FPS: 65.5 (205.1)  ,  DataTime: 0.340 (0.012)  ,  ForwardTime: 0.137  ,  TotalTime: 0.489  ,  Loss/total: 3.73544  ,  Loss/ce: 3.70211  ,  IoU: 0.71010  ,  pro_loss: 0.16664
[train: Epoch 13, 1000 / 1875] FPS: 65.7 (201.2)  ,  DataTime: 0.338 (0.012)  ,  ForwardTime: 0.137  ,  TotalTime: 0.487  ,  Loss/total: 3.73515  ,  Loss/ce: 3.70182  ,  IoU: 0.71027  ,  pro_loss: 0.16664
[train: Epoch 13, 1050 / 1875] FPS: 65.5 (14.0)  ,  DataTime: 0.339 (0.012)  ,  ForwardTime: 0.137  ,  TotalTime: 0.488  ,  Loss/total: 3.73528  ,  Loss/ce: 3.70195  ,  IoU: 0.71017  ,  pro_loss: 0.16664
[train: Epoch 13, 1100 / 1875] FPS: 65.8 (202.6)  ,  DataTime: 0.337 (0.012)  ,  ForwardTime: 0.137  ,  TotalTime: 0.486  ,  Loss/total: 3.73493  ,  Loss/ce: 3.70160  ,  IoU: 0.71048  ,  pro_loss: 0.16665
[train: Epoch 13, 1150 / 1875] FPS: 65.9 (198.6)  ,  DataTime: 0.336 (0.012)  ,  ForwardTime: 0.137  ,  TotalTime: 0.485  ,  Loss/total: 3.73456  ,  Loss/ce: 3.70123  ,  IoU: 0.71060  ,  pro_loss: 0.16665
[train: Epoch 13, 1200 / 1875] FPS: 65.8 (14.7)  ,  DataTime: 0.337 (0.012)  ,  ForwardTime: 0.137  ,  TotalTime: 0.486  ,  Loss/total: 3.73480  ,  Loss/ce: 3.70147  ,  IoU: 0.71075  ,  pro_loss: 0.16665
[train: Epoch 13, 1250 / 1875] FPS: 66.0 (205.2)  ,  DataTime: 0.336 (0.012)  ,  ForwardTime: 0.137  ,  TotalTime: 0.485  ,  Loss/total: 3.73395  ,  Loss/ce: 3.70062  ,  IoU: 0.71120  ,  pro_loss: 0.16666
[train: Epoch 13, 1300 / 1875] FPS: 66.0 (199.4)  ,  DataTime: 0.336 (0.012)  ,  ForwardTime: 0.137  ,  TotalTime: 0.485  ,  Loss/total: 3.73380  ,  Loss/ce: 3.70046  ,  IoU: 0.71105  ,  pro_loss: 0.16666
[train: Epoch 13, 1350 / 1875] FPS: 66.2 (25.1)  ,  DataTime: 0.334 (0.012)  ,  ForwardTime: 0.137  ,  TotalTime: 0.483  ,  Loss/total: 3.73326  ,  Loss/ce: 3.69993  ,  IoU: 0.71098  ,  pro_loss: 0.16666
[train: Epoch 13, 1400 / 1875] FPS: 66.3 (206.7)  ,  DataTime: 0.333 (0.012)  ,  ForwardTime: 0.137  ,  TotalTime: 0.483  ,  Loss/total: 3.73270  ,  Loss/ce: 3.69937  ,  IoU: 0.71114  ,  pro_loss: 0.16666
[train: Epoch 13, 1450 / 1875] FPS: 66.4 (202.7)  ,  DataTime: 0.333 (0.012)  ,  ForwardTime: 0.137  ,  TotalTime: 0.482  ,  Loss/total: 3.73296  ,  Loss/ce: 3.69963  ,  IoU: 0.71113  ,  pro_loss: 0.16666
[train: Epoch 13, 1500 / 1875] FPS: 66.6 (196.3)  ,  DataTime: 0.332 (0.012)  ,  ForwardTime: 0.137  ,  TotalTime: 0.481  ,  Loss/total: 3.73177  ,  Loss/ce: 3.69844  ,  IoU: 0.71130  ,  pro_loss: 0.16666
[train: Epoch 13, 1550 / 1875] FPS: 66.8 (205.1)  ,  DataTime: 0.330 (0.012)  ,  ForwardTime: 0.137  ,  TotalTime: 0.479  ,  Loss/total: 3.73119  ,  Loss/ce: 3.69786  ,  IoU: 0.71154  ,  pro_loss: 0.16666
[train: Epoch 13, 1600 / 1875] FPS: 67.0 (206.3)  ,  DataTime: 0.329 (0.012)  ,  ForwardTime: 0.137  ,  TotalTime: 0.478  ,  Loss/total: 3.73120  ,  Loss/ce: 3.69787  ,  IoU: 0.71149  ,  pro_loss: 0.16666
[train: Epoch 13, 1650 / 1875] FPS: 67.0 (14.7)  ,  DataTime: 0.328 (0.012)  ,  ForwardTime: 0.137  ,  TotalTime: 0.477  ,  Loss/total: 3.73098  ,  Loss/ce: 3.69765  ,  IoU: 0.71131  ,  pro_loss: 0.16666
[train: Epoch 13, 1700 / 1875] FPS: 67.1 (209.1)  ,  DataTime: 0.328 (0.012)  ,  ForwardTime: 0.137  ,  TotalTime: 0.477  ,  Loss/total: 3.73038  ,  Loss/ce: 3.69704  ,  IoU: 0.71144  ,  pro_loss: 0.16666
[train: Epoch 13, 1750 / 1875] FPS: 67.3 (202.1)  ,  DataTime: 0.326 (0.012)  ,  ForwardTime: 0.137  ,  TotalTime: 0.475  ,  Loss/total: 3.73066  ,  Loss/ce: 3.69733  ,  IoU: 0.71143  ,  pro_loss: 0.16666
[train: Epoch 13, 1800 / 1875] FPS: 67.5 (197.7)  ,  DataTime: 0.325 (0.012)  ,  ForwardTime: 0.137  ,  TotalTime: 0.474  ,  Loss/total: 3.73065  ,  Loss/ce: 3.69732  ,  IoU: 0.71130  ,  pro_loss: 0.16666
[train: Epoch 13, 1850 / 1875] FPS: 67.4 (203.0)  ,  DataTime: 0.326 (0.012)  ,  ForwardTime: 0.137  ,  TotalTime: 0.475  ,  Loss/total: 3.73063  ,  Loss/ce: 3.69730  ,  IoU: 0.71142  ,  pro_loss: 0.16666
[train: Epoch 13, 1875 / 1875] FPS: 67.6 (207.1)  ,  DataTime: 0.324 (0.012)  ,  ForwardTime: 0.137  ,  TotalTime: 0.473  ,  Loss/total: 3.73046  ,  Loss/ce: 3.69712  ,  IoU: 0.71141  ,  pro_loss: 0.16666
[train: Epoch 14, 50 / 1875] FPS: 58.5 (202.7)  ,  DataTime: 0.398 (0.013)  ,  ForwardTime: 0.137  ,  TotalTime: 0.547  ,  Loss/total: 3.72034  ,  Loss/ce: 3.68700  ,  IoU: 0.70672  ,  pro_loss: 0.16671
[train: Epoch 14, 100 / 1875] FPS: 63.7 (205.9)  ,  DataTime: 0.353 (0.013)  ,  ForwardTime: 0.137  ,  TotalTime: 0.502  ,  Loss/total: 3.71710  ,  Loss/ce: 3.68377  ,  IoU: 0.71468  ,  pro_loss: 0.16668
[train: Epoch 14, 150 / 1875] FPS: 67.5 (198.0)  ,  DataTime: 0.325 (0.013)  ,  ForwardTime: 0.137  ,  TotalTime: 0.474  ,  Loss/total: 3.71845  ,  Loss/ce: 3.68512  ,  IoU: 0.71201  ,  pro_loss: 0.16668
[train: Epoch 14, 200 / 1875] FPS: 67.9 (205.8)  ,  DataTime: 0.322 (0.013)  ,  ForwardTime: 0.137  ,  TotalTime: 0.471  ,  Loss/total: 3.71954  ,  Loss/ce: 3.68620  ,  IoU: 0.71305  ,  pro_loss: 0.16670
[train: Epoch 14, 250 / 1875] FPS: 68.1 (203.7)  ,  DataTime: 0.321 (0.013)  ,  ForwardTime: 0.137  ,  TotalTime: 0.470  ,  Loss/total: 3.71819  ,  Loss/ce: 3.68486  ,  IoU: 0.71331  ,  pro_loss: 0.16669
[train: Epoch 14, 300 / 1875] FPS: 67.6 (206.4)  ,  DataTime: 0.324 (0.012)  ,  ForwardTime: 0.137  ,  TotalTime: 0.474  ,  Loss/total: 3.71556  ,  Loss/ce: 3.68222  ,  IoU: 0.71452  ,  pro_loss: 0.16667
[train: Epoch 14, 350 / 1875] FPS: 67.9 (16.2)  ,  DataTime: 0.322 (0.012)  ,  ForwardTime: 0.137  ,  TotalTime: 0.472  ,  Loss/total: 3.71540  ,  Loss/ce: 3.68207  ,  IoU: 0.71468  ,  pro_loss: 0.16667
[train: Epoch 14, 400 / 1875] FPS: 68.2 (205.2)  ,  DataTime: 0.320 (0.012)  ,  ForwardTime: 0.137  ,  TotalTime: 0.469  ,  Loss/total: 3.71691  ,  Loss/ce: 3.68358  ,  IoU: 0.71461  ,  pro_loss: 0.16666
[train: Epoch 14, 450 / 1875] FPS: 68.6 (201.9)  ,  DataTime: 0.317 (0.012)  ,  ForwardTime: 0.137  ,  TotalTime: 0.466  ,  Loss/total: 3.71597  ,  Loss/ce: 3.68263  ,  IoU: 0.71487  ,  pro_loss: 0.16666
[train: Epoch 14, 500 / 1875] FPS: 68.8 (192.7)  ,  DataTime: 0.316 (0.012)  ,  ForwardTime: 0.137  ,  TotalTime: 0.465  ,  Loss/total: 3.71961  ,  Loss/ce: 3.68628  ,  IoU: 0.71396  ,  pro_loss: 0.16665
[train: Epoch 14, 550 / 1875] FPS: 68.8 (15.8)  ,  DataTime: 0.316 (0.012)  ,  ForwardTime: 0.137  ,  TotalTime: 0.465  ,  Loss/total: 3.71759  ,  Loss/ce: 3.68426  ,  IoU: 0.71439  ,  pro_loss: 0.16665
[train: Epoch 14, 600 / 1875] FPS: 69.4 (203.8)  ,  DataTime: 0.312 (0.012)  ,  ForwardTime: 0.137  ,  TotalTime: 0.461  ,  Loss/total: 3.71765  ,  Loss/ce: 3.68432  ,  IoU: 0.71385  ,  pro_loss: 0.16666
[train: Epoch 14, 650 / 1875] FPS: 70.0 (203.3)  ,  DataTime: 0.308 (0.012)  ,  ForwardTime: 0.137  ,  TotalTime: 0.457  ,  Loss/total: 3.71655  ,  Loss/ce: 3.68322  ,  IoU: 0.71423  ,  pro_loss: 0.16666
[train: Epoch 14, 700 / 1875] FPS: 70.2 (205.2)  ,  DataTime: 0.307 (0.012)  ,  ForwardTime: 0.137  ,  TotalTime: 0.456  ,  Loss/total: 3.71606  ,  Loss/ce: 3.68273  ,  IoU: 0.71421  ,  pro_loss: 0.16666
[train: Epoch 14, 750 / 1875] FPS: 70.6 (202.9)  ,  DataTime: 0.305 (0.012)  ,  ForwardTime: 0.137  ,  TotalTime: 0.454  ,  Loss/total: 3.71622  ,  Loss/ce: 3.68289  ,  IoU: 0.71382  ,  pro_loss: 0.16666
[train: Epoch 14, 800 / 1875] FPS: 70.2 (204.3)  ,  DataTime: 0.307 (0.012)  ,  ForwardTime: 0.137  ,  TotalTime: 0.456  ,  Loss/total: 3.71636  ,  Loss/ce: 3.68303  ,  IoU: 0.71364  ,  pro_loss: 0.16666
[train: Epoch 14, 850 / 1875] FPS: 70.6 (21.0)  ,  DataTime: 0.305 (0.012)  ,  ForwardTime: 0.137  ,  TotalTime: 0.453  ,  Loss/total: 3.71561  ,  Loss/ce: 3.68228  ,  IoU: 0.71400  ,  pro_loss: 0.16667
[train: Epoch 14, 900 / 1875] FPS: 70.6 (201.6)  ,  DataTime: 0.304 (0.012)  ,  ForwardTime: 0.137  ,  TotalTime: 0.453  ,  Loss/total: 3.71472  ,  Loss/ce: 3.68139  ,  IoU: 0.71422  ,  pro_loss: 0.16666
[train: Epoch 14, 950 / 1875] FPS: 69.6 (201.5)  ,  DataTime: 0.311 (0.012)  ,  ForwardTime: 0.137  ,  TotalTime: 0.460  ,  Loss/total: 3.71554  ,  Loss/ce: 3.68221  ,  IoU: 0.71438  ,  pro_loss: 0.16666
[train: Epoch 14, 1000 / 1875] FPS: 69.3 (203.1)  ,  DataTime: 0.313 (0.012)  ,  ForwardTime: 0.137  ,  TotalTime: 0.462  ,  Loss/total: 3.71431  ,  Loss/ce: 3.68098  ,  IoU: 0.71498  ,  pro_loss: 0.16666
[train: Epoch 14, 1050 / 1875] FPS: 69.3 (204.3)  ,  DataTime: 0.313 (0.012)  ,  ForwardTime: 0.137  ,  TotalTime: 0.462  ,  Loss/total: 3.71540  ,  Loss/ce: 3.68207  ,  IoU: 0.71476  ,  pro_loss: 0.16666
[train: Epoch 14, 1100 / 1875] FPS: 69.0 (200.4)  ,  DataTime: 0.315 (0.012)  ,  ForwardTime: 0.137  ,  TotalTime: 0.464  ,  Loss/total: 3.71643  ,  Loss/ce: 3.68310  ,  IoU: 0.71447  ,  pro_loss: 0.16666
[train: Epoch 14, 1150 / 1875] FPS: 68.6 (199.0)  ,  DataTime: 0.317 (0.012)  ,  ForwardTime: 0.137  ,  TotalTime: 0.466  ,  Loss/total: 3.71601  ,  Loss/ce: 3.68268  ,  IoU: 0.71466  ,  pro_loss: 0.16665
[train: Epoch 14, 1200 / 1875] FPS: 68.3 (20.5)  ,  DataTime: 0.319 (0.012)  ,  ForwardTime: 0.137  ,  TotalTime: 0.468  ,  Loss/total: 3.71674  ,  Loss/ce: 3.68341  ,  IoU: 0.71435  ,  pro_loss: 0.16665
[train: Epoch 14, 1250 / 1875] FPS: 68.3 (206.0)  ,  DataTime: 0.320 (0.012)  ,  ForwardTime: 0.137  ,  TotalTime: 0.469  ,  Loss/total: 3.71671  ,  Loss/ce: 3.68338  ,  IoU: 0.71445  ,  pro_loss: 0.16665
[train: Epoch 14, 1300 / 1875] FPS: 67.8 (204.3)  ,  DataTime: 0.323 (0.012)  ,  ForwardTime: 0.137  ,  TotalTime: 0.472  ,  Loss/total: 3.71658  ,  Loss/ce: 3.68325  ,  IoU: 0.71456  ,  pro_loss: 0.16666
[train: Epoch 14, 1350 / 1875] FPS: 67.7 (205.3)  ,  DataTime: 0.323 (0.012)  ,  ForwardTime: 0.137  ,  TotalTime: 0.472  ,  Loss/total: 3.71599  ,  Loss/ce: 3.68266  ,  IoU: 0.71463  ,  pro_loss: 0.16665
[train: Epoch 14, 1400 / 1875] FPS: 67.5 (197.4)  ,  DataTime: 0.325 (0.012)  ,  ForwardTime: 0.137  ,  TotalTime: 0.474  ,  Loss/total: 3.71584  ,  Loss/ce: 3.68251  ,  IoU: 0.71463  ,  pro_loss: 0.16665
[train: Epoch 14, 1450 / 1875] FPS: 67.4 (191.5)  ,  DataTime: 0.326 (0.012)  ,  ForwardTime: 0.137  ,  TotalTime: 0.475  ,  Loss/total: 3.71506  ,  Loss/ce: 3.68173  ,  IoU: 0.71465  ,  pro_loss: 0.16665
[train: Epoch 14, 1500 / 1875] FPS: 66.9 (202.2)  ,  DataTime: 0.329 (0.012)  ,  ForwardTime: 0.137  ,  TotalTime: 0.478  ,  Loss/total: 3.71422  ,  Loss/ce: 3.68089  ,  IoU: 0.71489  ,  pro_loss: 0.16665
[train: Epoch 14, 1550 / 1875] FPS: 66.8 (204.1)  ,  DataTime: 0.330 (0.012)  ,  ForwardTime: 0.137  ,  TotalTime: 0.479  ,  Loss/total: 3.71402  ,  Loss/ce: 3.68069  ,  IoU: 0.71492  ,  pro_loss: 0.16665
[train: Epoch 14, 1600 / 1875] FPS: 66.8 (201.4)  ,  DataTime: 0.330 (0.012)  ,  ForwardTime: 0.137  ,  TotalTime: 0.479  ,  Loss/total: 3.71257  ,  Loss/ce: 3.67924  ,  IoU: 0.71520  ,  pro_loss: 0.16665
[train: Epoch 14, 1650 / 1875] FPS: 66.7 (204.3)  ,  DataTime: 0.331 (0.012)  ,  ForwardTime: 0.137  ,  TotalTime: 0.480  ,  Loss/total: 3.71239  ,  Loss/ce: 3.67906  ,  IoU: 0.71515  ,  pro_loss: 0.16665
[train: Epoch 14, 1700 / 1875] FPS: 66.5 (204.0)  ,  DataTime: 0.332 (0.012)  ,  ForwardTime: 0.137  ,  TotalTime: 0.481  ,  Loss/total: 3.71240  ,  Loss/ce: 3.67907  ,  IoU: 0.71495  ,  pro_loss: 0.16665
[train: Epoch 14, 1750 / 1875] FPS: 66.6 (206.9)  ,  DataTime: 0.332 (0.012)  ,  ForwardTime: 0.137  ,  TotalTime: 0.481  ,  Loss/total: 3.71229  ,  Loss/ce: 3.67896  ,  IoU: 0.71481  ,  pro_loss: 0.16665
[train: Epoch 14, 1800 / 1875] FPS: 66.4 (207.1)  ,  DataTime: 0.333 (0.012)  ,  ForwardTime: 0.137  ,  TotalTime: 0.482  ,  Loss/total: 3.71177  ,  Loss/ce: 3.67844  ,  IoU: 0.71490  ,  pro_loss: 0.16665
[train: Epoch 14, 1850 / 1875] FPS: 66.3 (204.6)  ,  DataTime: 0.334 (0.012)  ,  ForwardTime: 0.137  ,  TotalTime: 0.483  ,  Loss/total: 3.71188  ,  Loss/ce: 3.67855  ,  IoU: 0.71500  ,  pro_loss: 0.16665
[train: Epoch 14, 1875 / 1875] FPS: 66.3 (160.0)  ,  DataTime: 0.334 (0.012)  ,  ForwardTime: 0.137  ,  TotalTime: 0.483  ,  Loss/total: 3.71202  ,  Loss/ce: 3.67869  ,  IoU: 0.71501  ,  pro_loss: 0.16665
[train: Epoch 15, 50 / 1875] FPS: 51.0 (12.8)  ,  DataTime: 0.478 (0.013)  ,  ForwardTime: 0.137  ,  TotalTime: 0.628  ,  Loss/total: 3.71027  ,  Loss/ce: 3.67696  ,  IoU: 0.71223  ,  pro_loss: 0.16653
[train: Epoch 15, 100 / 1875] FPS: 56.6 (23.2)  ,  DataTime: 0.416 (0.013)  ,  ForwardTime: 0.137  ,  TotalTime: 0.566  ,  Loss/total: 3.70852  ,  Loss/ce: 3.67519  ,  IoU: 0.71532  ,  pro_loss: 0.16663
[train: Epoch 15, 150 / 1875] FPS: 57.8 (202.9)  ,  DataTime: 0.404 (0.013)  ,  ForwardTime: 0.137  ,  TotalTime: 0.554  ,  Loss/total: 3.70205  ,  Loss/ce: 3.66873  ,  IoU: 0.71659  ,  pro_loss: 0.16664
[train: Epoch 15, 200 / 1875] FPS: 59.5 (203.1)  ,  DataTime: 0.388 (0.012)  ,  ForwardTime: 0.137  ,  TotalTime: 0.538  ,  Loss/total: 3.70256  ,  Loss/ce: 3.66924  ,  IoU: 0.71616  ,  pro_loss: 0.16660
[train: Epoch 15, 250 / 1875] FPS: 61.0 (203.9)  ,  DataTime: 0.375 (0.012)  ,  ForwardTime: 0.137  ,  TotalTime: 0.524  ,  Loss/total: 3.70301  ,  Loss/ce: 3.66968  ,  IoU: 0.71631  ,  pro_loss: 0.16662
[train: Epoch 15, 300 / 1875] FPS: 60.4 (11.0)  ,  DataTime: 0.381 (0.012)  ,  ForwardTime: 0.137  ,  TotalTime: 0.530  ,  Loss/total: 3.70146  ,  Loss/ce: 3.66814  ,  IoU: 0.71621  ,  pro_loss: 0.16661
[train: Epoch 15, 350 / 1875] FPS: 61.6 (42.4)  ,  DataTime: 0.371 (0.012)  ,  ForwardTime: 0.137  ,  TotalTime: 0.520  ,  Loss/total: 3.70459  ,  Loss/ce: 3.67126  ,  IoU: 0.71640  ,  pro_loss: 0.16663
[train: Epoch 15, 400 / 1875] FPS: 61.4 (15.9)  ,  DataTime: 0.372 (0.012)  ,  ForwardTime: 0.137  ,  TotalTime: 0.521  ,  Loss/total: 3.70448  ,  Loss/ce: 3.67115  ,  IoU: 0.71712  ,  pro_loss: 0.16664
[train: Epoch 15, 450 / 1875] FPS: 62.0 (199.6)  ,  DataTime: 0.367 (0.012)  ,  ForwardTime: 0.137  ,  TotalTime: 0.516  ,  Loss/total: 3.70377  ,  Loss/ce: 3.67045  ,  IoU: 0.71720  ,  pro_loss: 0.16663
[train: Epoch 15, 500 / 1875] FPS: 62.5 (205.3)  ,  DataTime: 0.363 (0.012)  ,  ForwardTime: 0.137  ,  TotalTime: 0.512  ,  Loss/total: 3.70362  ,  Loss/ce: 3.67029  ,  IoU: 0.71751  ,  pro_loss: 0.16662
[train: Epoch 15, 550 / 1875] FPS: 62.4 (13.3)  ,  DataTime: 0.363 (0.012)  ,  ForwardTime: 0.137  ,  TotalTime: 0.513  ,  Loss/total: 3.70358  ,  Loss/ce: 3.67026  ,  IoU: 0.71778  ,  pro_loss: 0.16662
[train: Epoch 15, 600 / 1875] FPS: 62.1 (208.3)  ,  DataTime: 0.366 (0.012)  ,  ForwardTime: 0.137  ,  TotalTime: 0.516  ,  Loss/total: 3.70209  ,  Loss/ce: 3.66876  ,  IoU: 0.71810  ,  pro_loss: 0.16664
[train: Epoch 15, 650 / 1875] FPS: 62.5 (201.8)  ,  DataTime: 0.363 (0.012)  ,  ForwardTime: 0.137  ,  TotalTime: 0.512  ,  Loss/total: 3.70184  ,  Loss/ce: 3.66851  ,  IoU: 0.71762  ,  pro_loss: 0.16664
[train: Epoch 15, 700 / 1875] FPS: 62.9 (207.1)  ,  DataTime: 0.359 (0.012)  ,  ForwardTime: 0.137  ,  TotalTime: 0.508  ,  Loss/total: 3.70246  ,  Loss/ce: 3.66913  ,  IoU: 0.71751  ,  pro_loss: 0.16663
[train: Epoch 15, 750 / 1875] FPS: 62.6 (12.9)  ,  DataTime: 0.362 (0.012)  ,  ForwardTime: 0.137  ,  TotalTime: 0.511  ,  Loss/total: 3.70267  ,  Loss/ce: 3.66934  ,  IoU: 0.71768  ,  pro_loss: 0.16663
[train: Epoch 15, 800 / 1875] FPS: 62.8 (201.7)  ,  DataTime: 0.360 (0.012)  ,  ForwardTime: 0.137  ,  TotalTime: 0.510  ,  Loss/total: 3.70227  ,  Loss/ce: 3.66895  ,  IoU: 0.71758  ,  pro_loss: 0.16663
[train: Epoch 15, 850 / 1875] FPS: 62.8 (202.6)  ,  DataTime: 0.361 (0.012)  ,  ForwardTime: 0.137  ,  TotalTime: 0.510  ,  Loss/total: 3.70209  ,  Loss/ce: 3.66877  ,  IoU: 0.71710  ,  pro_loss: 0.16662
[train: Epoch 15, 900 / 1875] FPS: 63.1 (200.4)  ,  DataTime: 0.358 (0.012)  ,  ForwardTime: 0.137  ,  TotalTime: 0.507  ,  Loss/total: 3.70200  ,  Loss/ce: 3.66867  ,  IoU: 0.71767  ,  pro_loss: 0.16662
[train: Epoch 15, 950 / 1875] FPS: 63.3 (40.1)  ,  DataTime: 0.357 (0.012)  ,  ForwardTime: 0.137  ,  TotalTime: 0.506  ,  Loss/total: 3.70181  ,  Loss/ce: 3.66849  ,  IoU: 0.71788  ,  pro_loss: 0.16661
[train: Epoch 15, 1000 / 1875] FPS: 63.2 (205.0)  ,  DataTime: 0.357 (0.012)  ,  ForwardTime: 0.137  ,  TotalTime: 0.506  ,  Loss/total: 3.70182  ,  Loss/ce: 3.66849  ,  IoU: 0.71779  ,  pro_loss: 0.16662
[train: Epoch 15, 1050 / 1875] FPS: 63.4 (202.4)  ,  DataTime: 0.356 (0.012)  ,  ForwardTime: 0.137  ,  TotalTime: 0.505  ,  Loss/total: 3.70181  ,  Loss/ce: 3.66848  ,  IoU: 0.71806  ,  pro_loss: 0.16663
[train: Epoch 15, 1100 / 1875] FPS: 63.5 (202.7)  ,  DataTime: 0.355 (0.012)  ,  ForwardTime: 0.137  ,  TotalTime: 0.504  ,  Loss/total: 3.70192  ,  Loss/ce: 3.66860  ,  IoU: 0.71800  ,  pro_loss: 0.16663
[train: Epoch 15, 1150 / 1875] FPS: 63.4 (12.0)  ,  DataTime: 0.356 (0.012)  ,  ForwardTime: 0.137  ,  TotalTime: 0.505  ,  Loss/total: 3.70170  ,  Loss/ce: 3.66838  ,  IoU: 0.71834  ,  pro_loss: 0.16663
[train: Epoch 15, 1200 / 1875] FPS: 63.6 (201.3)  ,  DataTime: 0.354 (0.012)  ,  ForwardTime: 0.137  ,  TotalTime: 0.503  ,  Loss/total: 3.70082  ,  Loss/ce: 3.66750  ,  IoU: 0.71849  ,  pro_loss: 0.16663
[train: Epoch 15, 1250 / 1875] FPS: 63.8 (208.3)  ,  DataTime: 0.353 (0.012)  ,  ForwardTime: 0.137  ,  TotalTime: 0.502  ,  Loss/total: 3.70080  ,  Loss/ce: 3.66747  ,  IoU: 0.71853  ,  pro_loss: 0.16663
[train: Epoch 15, 1300 / 1875] FPS: 63.8 (203.9)  ,  DataTime: 0.352 (0.012)  ,  ForwardTime: 0.137  ,  TotalTime: 0.502  ,  Loss/total: 3.70055  ,  Loss/ce: 3.66722  ,  IoU: 0.71856  ,  pro_loss: 0.16663
[train: Epoch 15, 1350 / 1875] FPS: 63.8 (11.5)  ,  DataTime: 0.352 (0.012)  ,  ForwardTime: 0.137  ,  TotalTime: 0.501  ,  Loss/total: 3.70012  ,  Loss/ce: 3.66680  ,  IoU: 0.71847  ,  pro_loss: 0.16663
[train: Epoch 15, 1400 / 1875] FPS: 64.1 (21.6)  ,  DataTime: 0.350 (0.012)  ,  ForwardTime: 0.137  ,  TotalTime: 0.499  ,  Loss/total: 3.69999  ,  Loss/ce: 3.66666  ,  IoU: 0.71835  ,  pro_loss: 0.16663
[train: Epoch 15, 1450 / 1875] FPS: 64.1 (206.5)  ,  DataTime: 0.350 (0.012)  ,  ForwardTime: 0.137  ,  TotalTime: 0.499  ,  Loss/total: 3.69997  ,  Loss/ce: 3.66664  ,  IoU: 0.71836  ,  pro_loss: 0.16664
[train: Epoch 15, 1500 / 1875] FPS: 64.3 (198.4)  ,  DataTime: 0.348 (0.012)  ,  ForwardTime: 0.137  ,  TotalTime: 0.497  ,  Loss/total: 3.69991  ,  Loss/ce: 3.66658  ,  IoU: 0.71835  ,  pro_loss: 0.16665
[train: Epoch 15, 1550 / 1875] FPS: 64.3 (203.7)  ,  DataTime: 0.349 (0.012)  ,  ForwardTime: 0.137  ,  TotalTime: 0.498  ,  Loss/total: 3.70036  ,  Loss/ce: 3.66703  ,  IoU: 0.71813  ,  pro_loss: 0.16665
[train: Epoch 15, 1600 / 1875] FPS: 64.5 (207.2)  ,  DataTime: 0.347 (0.012)  ,  ForwardTime: 0.137  ,  TotalTime: 0.496  ,  Loss/total: 3.69970  ,  Loss/ce: 3.66637  ,  IoU: 0.71811  ,  pro_loss: 0.16665
[train: Epoch 15, 1650 / 1875] FPS: 64.6 (204.5)  ,  DataTime: 0.346 (0.012)  ,  ForwardTime: 0.137  ,  TotalTime: 0.495  ,  Loss/total: 3.69880  ,  Loss/ce: 3.66547  ,  IoU: 0.71840  ,  pro_loss: 0.16665
[train: Epoch 15, 1700 / 1875] FPS: 64.7 (204.5)  ,  DataTime: 0.345 (0.012)  ,  ForwardTime: 0.137  ,  TotalTime: 0.494  ,  Loss/total: 3.69749  ,  Loss/ce: 3.66416  ,  IoU: 0.71862  ,  pro_loss: 0.16664
[train: Epoch 15, 1750 / 1875] FPS: 64.8 (10.2)  ,  DataTime: 0.345 (0.012)  ,  ForwardTime: 0.137  ,  TotalTime: 0.494  ,  Loss/total: 3.69730  ,  Loss/ce: 3.66397  ,  IoU: 0.71870  ,  pro_loss: 0.16664
[train: Epoch 15, 1800 / 1875] FPS: 64.8 (71.1)  ,  DataTime: 0.345 (0.012)  ,  ForwardTime: 0.137  ,  TotalTime: 0.494  ,  Loss/total: 3.69673  ,  Loss/ce: 3.66340  ,  IoU: 0.71894  ,  pro_loss: 0.16664
[train: Epoch 15, 1850 / 1875] FPS: 64.7 (199.9)  ,  DataTime: 0.346 (0.012)  ,  ForwardTime: 0.137  ,  TotalTime: 0.495  ,  Loss/total: 3.69645  ,  Loss/ce: 3.66312  ,  IoU: 0.71906  ,  pro_loss: 0.16665
[train: Epoch 15, 1875 / 1875] FPS: 64.9 (206.1)  ,  DataTime: 0.344 (0.012)  ,  ForwardTime: 0.137  ,  TotalTime: 0.493  ,  Loss/total: 3.69627  ,  Loss/ce: 3.66294  ,  IoU: 0.71914  ,  pro_loss: 0.16665
[val: Epoch 15, 50 / 312] FPS: 41.8 (7.5)  ,  DataTime: 0.683 (0.014)  ,  ForwardTime: 0.069  ,  TotalTime: 0.766  ,  Loss/total: nan  ,  Loss/giou: 0.30606  ,  Loss/l1: 0.02553  ,  Loss/location: nan  ,  pro_loss: 0.16667  ,  IoU: 0.71514
[val: Epoch 15, 100 / 312] FPS: 48.6 (300.6)  ,  DataTime: 0.575 (0.014)  ,  ForwardTime: 0.069  ,  TotalTime: 0.658  ,  Loss/total: nan  ,  Loss/giou: 0.30847  ,  Loss/l1: 0.02579  ,  Loss/location: nan  ,  pro_loss: 0.16667  ,  IoU: 0.71201
[val: Epoch 15, 150 / 312] FPS: 51.8 (334.6)  ,  DataTime: 0.534 (0.014)  ,  ForwardTime: 0.069  ,  TotalTime: 0.617  ,  Loss/total: nan  ,  Loss/giou: 0.31131  ,  Loss/l1: 0.02632  ,  Loss/location: nan  ,  pro_loss: 0.16667  ,  IoU: 0.71038
[val: Epoch 15, 200 / 312] FPS: 53.3 (328.7)  ,  DataTime: 0.517 (0.014)  ,  ForwardTime: 0.069  ,  TotalTime: 0.601  ,  Loss/total: nan  ,  Loss/giou: 0.31019  ,  Loss/l1: 0.02597  ,  Loss/location: nan  ,  pro_loss: 0.16667  ,  IoU: 0.71093
[val: Epoch 15, 250 / 312] FPS: 52.3 (358.8)  ,  DataTime: 0.528 (0.014)  ,  ForwardTime: 0.069  ,  TotalTime: 0.612  ,  Loss/total: nan  ,  Loss/giou: 0.30870  ,  Loss/l1: 0.02614  ,  Loss/location: nan  ,  pro_loss: 0.16667  ,  IoU: 0.71257
[val: Epoch 15, 300 / 312] FPS: 51.6 (10.8)  ,  DataTime: 0.538 (0.014)  ,  ForwardTime: 0.069  ,  TotalTime: 0.621  ,  Loss/total: nan  ,  Loss/giou: 0.30759  ,  Loss/l1: 0.02600  ,  Loss/location: nan  ,  pro_loss: 0.16667  ,  IoU: 0.71357
[val: Epoch 15, 312 / 312] FPS: 52.9 (370.8)  ,  DataTime: 0.522 (0.014)  ,  ForwardTime: 0.069  ,  TotalTime: 0.605  ,  Loss/total: nan  ,  Loss/giou: 0.30693  ,  Loss/l1: 0.02592  ,  Loss/location: nan  ,  pro_loss: 0.16667  ,  IoU: 0.71418
[train: Epoch 16, 50 / 1875] FPS: 46.4 (10.6)  ,  DataTime: 0.541 (0.012)  ,  ForwardTime: 0.137  ,  TotalTime: 0.690  ,  Loss/total: 3.69953  ,  Loss/ce: 3.66620  ,  IoU: 0.71434  ,  pro_loss: 0.16665
[train: Epoch 16, 100 / 1875] FPS: 53.9 (201.7)  ,  DataTime: 0.445 (0.012)  ,  ForwardTime: 0.137  ,  TotalTime: 0.594  ,  Loss/total: 3.69888  ,  Loss/ce: 3.66555  ,  IoU: 0.71577  ,  pro_loss: 0.16662
[train: Epoch 16, 150 / 1875] FPS: 55.1 (204.8)  ,  DataTime: 0.432 (0.012)  ,  ForwardTime: 0.137  ,  TotalTime: 0.581  ,  Loss/total: 3.69832  ,  Loss/ce: 3.66500  ,  IoU: 0.71706  ,  pro_loss: 0.16661
[train: Epoch 16, 200 / 1875] FPS: 57.0 (205.5)  ,  DataTime: 0.413 (0.012)  ,  ForwardTime: 0.137  ,  TotalTime: 0.561  ,  Loss/total: 3.70044  ,  Loss/ce: 3.66712  ,  IoU: 0.71515  ,  pro_loss: 0.16657
[train: Epoch 16, 250 / 1875] FPS: 56.9 (11.1)  ,  DataTime: 0.414 (0.012)  ,  ForwardTime: 0.137  ,  TotalTime: 0.562  ,  Loss/total: 3.70017  ,  Loss/ce: 3.66684  ,  IoU: 0.71651  ,  pro_loss: 0.16662
[train: Epoch 16, 300 / 1875] FPS: 57.9 (24.2)  ,  DataTime: 0.404 (0.012)  ,  ForwardTime: 0.137  ,  TotalTime: 0.553  ,  Loss/total: 3.69777  ,  Loss/ce: 3.66445  ,  IoU: 0.71794  ,  pro_loss: 0.16662
[train: Epoch 16, 350 / 1875] FPS: 58.0 (202.4)  ,  DataTime: 0.403 (0.012)  ,  ForwardTime: 0.137  ,  TotalTime: 0.552  ,  Loss/total: 3.69656  ,  Loss/ce: 3.66323  ,  IoU: 0.71834  ,  pro_loss: 0.16663
[train: Epoch 16, 400 / 1875] FPS: 58.9 (204.0)  ,  DataTime: 0.395 (0.012)  ,  ForwardTime: 0.137  ,  TotalTime: 0.543  ,  Loss/total: 3.69734  ,  Loss/ce: 3.66401  ,  IoU: 0.71866  ,  pro_loss: 0.16664
[train: Epoch 16, 450 / 1875] FPS: 59.2 (208.2)  ,  DataTime: 0.392 (0.012)  ,  ForwardTime: 0.137  ,  TotalTime: 0.540  ,  Loss/total: 3.69672  ,  Loss/ce: 3.66339  ,  IoU: 0.71856  ,  pro_loss: 0.16665
[train: Epoch 16, 500 / 1875] FPS: 58.2 (203.9)  ,  DataTime: 0.401 (0.012)  ,  ForwardTime: 0.137  ,  TotalTime: 0.550  ,  Loss/total: 3.69641  ,  Loss/ce: 3.66308  ,  IoU: 0.71885  ,  pro_loss: 0.16665
[train: Epoch 16, 550 / 1875] FPS: 59.0 (205.7)  ,  DataTime: 0.393 (0.012)  ,  ForwardTime: 0.137  ,  TotalTime: 0.542  ,  Loss/total: 3.69834  ,  Loss/ce: 3.66501  ,  IoU: 0.71924  ,  pro_loss: 0.16664
[train: Epoch 16, 600 / 1875] FPS: 59.2 (20.9)  ,  DataTime: 0.392 (0.012)  ,  ForwardTime: 0.137  ,  TotalTime: 0.540  ,  Loss/total: 3.69497  ,  Loss/ce: 3.66164  ,  IoU: 0.72023  ,  pro_loss: 0.16664
[train: Epoch 16, 650 / 1875] FPS: 59.5 (205.4)  ,  DataTime: 0.389 (0.012)  ,  ForwardTime: 0.137  ,  TotalTime: 0.538  ,  Loss/total: 3.69466  ,  Loss/ce: 3.66133  ,  IoU: 0.72035  ,  pro_loss: 0.16666
[train: Epoch 16, 700 / 1875] FPS: 59.4 (9.7)  ,  DataTime: 0.390 (0.012)  ,  ForwardTime: 0.137  ,  TotalTime: 0.539  ,  Loss/total: 3.69373  ,  Loss/ce: 3.66040  ,  IoU: 0.72136  ,  pro_loss: 0.16666
[train: Epoch 16, 750 / 1875] FPS: 59.5 (205.9)  ,  DataTime: 0.389 (0.012)  ,  ForwardTime: 0.137  ,  TotalTime: 0.538  ,  Loss/total: 3.69332  ,  Loss/ce: 3.65998  ,  IoU: 0.72154  ,  pro_loss: 0.16666
[train: Epoch 16, 800 / 1875] FPS: 59.7 (203.1)  ,  DataTime: 0.387 (0.012)  ,  ForwardTime: 0.137  ,  TotalTime: 0.536  ,  Loss/total: 3.69228  ,  Loss/ce: 3.65895  ,  IoU: 0.72230  ,  pro_loss: 0.16666
[train: Epoch 16, 850 / 1875] FPS: 59.9 (204.4)  ,  DataTime: 0.386 (0.012)  ,  ForwardTime: 0.137  ,  TotalTime: 0.535  ,  Loss/total: 3.69193  ,  Loss/ce: 3.65860  ,  IoU: 0.72230  ,  pro_loss: 0.16666
[train: Epoch 16, 900 / 1875] FPS: 59.9 (203.8)  ,  DataTime: 0.385 (0.012)  ,  ForwardTime: 0.137  ,  TotalTime: 0.534  ,  Loss/total: 3.69111  ,  Loss/ce: 3.65778  ,  IoU: 0.72199  ,  pro_loss: 0.16666
[train: Epoch 16, 950 / 1875] FPS: 60.2 (29.5)  ,  DataTime: 0.383 (0.012)  ,  ForwardTime: 0.137  ,  TotalTime: 0.531  ,  Loss/total: 3.69041  ,  Loss/ce: 3.65708  ,  IoU: 0.72216  ,  pro_loss: 0.16666
[train: Epoch 16, 1000 / 1875] FPS: 60.3 (207.6)  ,  DataTime: 0.382 (0.012)  ,  ForwardTime: 0.137  ,  TotalTime: 0.531  ,  Loss/total: 3.68945  ,  Loss/ce: 3.65612  ,  IoU: 0.72209  ,  pro_loss: 0.16666
[train: Epoch 16, 1050 / 1875] FPS: 60.5 (203.4)  ,  DataTime: 0.380 (0.012)  ,  ForwardTime: 0.137  ,  TotalTime: 0.529  ,  Loss/total: 3.68869  ,  Loss/ce: 3.65536  ,  IoU: 0.72221  ,  pro_loss: 0.16666
[train: Epoch 16, 1100 / 1875] FPS: 60.8 (201.5)  ,  DataTime: 0.378 (0.012)  ,  ForwardTime: 0.137  ,  TotalTime: 0.526  ,  Loss/total: 3.68912  ,  Loss/ce: 3.65579  ,  IoU: 0.72172  ,  pro_loss: 0.16665
[train: Epoch 16, 1150 / 1875] FPS: 60.9 (206.0)  ,  DataTime: 0.376 (0.012)  ,  ForwardTime: 0.137  ,  TotalTime: 0.525  ,  Loss/total: 3.68871  ,  Loss/ce: 3.65538  ,  IoU: 0.72155  ,  pro_loss: 0.16665
[train: Epoch 16, 1200 / 1875] FPS: 61.0 (208.6)  ,  DataTime: 0.376 (0.012)  ,  ForwardTime: 0.137  ,  TotalTime: 0.524  ,  Loss/total: 3.68923  ,  Loss/ce: 3.65590  ,  IoU: 0.72146  ,  pro_loss: 0.16665
[train: Epoch 16, 1250 / 1875] FPS: 60.9 (204.0)  ,  DataTime: 0.377 (0.012)  ,  ForwardTime: 0.137  ,  TotalTime: 0.525  ,  Loss/total: 3.68910  ,  Loss/ce: 3.65577  ,  IoU: 0.72151  ,  pro_loss: 0.16665
[train: Epoch 16, 1300 / 1875] FPS: 61.3 (46.7)  ,  DataTime: 0.374 (0.012)  ,  ForwardTime: 0.137  ,  TotalTime: 0.522  ,  Loss/total: 3.68871  ,  Loss/ce: 3.65538  ,  IoU: 0.72160  ,  pro_loss: 0.16664
[train: Epoch 16, 1350 / 1875] FPS: 61.5 (201.8)  ,  DataTime: 0.371 (0.012)  ,  ForwardTime: 0.137  ,  TotalTime: 0.520  ,  Loss/total: 3.68857  ,  Loss/ce: 3.65524  ,  IoU: 0.72174  ,  pro_loss: 0.16665
[train: Epoch 16, 1400 / 1875] FPS: 61.5 (199.4)  ,  DataTime: 0.372 (0.012)  ,  ForwardTime: 0.137  ,  TotalTime: 0.521  ,  Loss/total: 3.68761  ,  Loss/ce: 3.65428  ,  IoU: 0.72185  ,  pro_loss: 0.16665
[train: Epoch 16, 1450 / 1875] FPS: 61.6 (203.1)  ,  DataTime: 0.371 (0.012)  ,  ForwardTime: 0.137  ,  TotalTime: 0.520  ,  Loss/total: 3.68639  ,  Loss/ce: 3.65306  ,  IoU: 0.72208  ,  pro_loss: 0.16664
[train: Epoch 16, 1500 / 1875] FPS: 61.7 (26.3)  ,  DataTime: 0.370 (0.012)  ,  ForwardTime: 0.137  ,  TotalTime: 0.518  ,  Loss/total: 3.68516  ,  Loss/ce: 3.65183  ,  IoU: 0.72220  ,  pro_loss: 0.16665
[train: Epoch 16, 1550 / 1875] FPS: 61.8 (207.1)  ,  DataTime: 0.369 (0.012)  ,  ForwardTime: 0.137  ,  TotalTime: 0.517  ,  Loss/total: 3.68430  ,  Loss/ce: 3.65097  ,  IoU: 0.72241  ,  pro_loss: 0.16664
[train: Epoch 16, 1600 / 1875] FPS: 62.1 (93.3)  ,  DataTime: 0.367 (0.012)  ,  ForwardTime: 0.137  ,  TotalTime: 0.516  ,  Loss/total: 3.68467  ,  Loss/ce: 3.65134  ,  IoU: 0.72245  ,  pro_loss: 0.16664
[train: Epoch 16, 1650 / 1875] FPS: 62.2 (203.6)  ,  DataTime: 0.366 (0.012)  ,  ForwardTime: 0.137  ,  TotalTime: 0.515  ,  Loss/total: 3.68458  ,  Loss/ce: 3.65125  ,  IoU: 0.72238  ,  pro_loss: 0.16663
[train: Epoch 16, 1700 / 1875] FPS: 61.9 (9.0)  ,  DataTime: 0.368 (0.012)  ,  ForwardTime: 0.137  ,  TotalTime: 0.517  ,  Loss/total: 3.68396  ,  Loss/ce: 3.65063  ,  IoU: 0.72261  ,  pro_loss: 0.16664
[train: Epoch 16, 1750 / 1875] FPS: 62.2 (205.4)  ,  DataTime: 0.366 (0.012)  ,  ForwardTime: 0.137  ,  TotalTime: 0.515  ,  Loss/total: 3.68473  ,  Loss/ce: 3.65140  ,  IoU: 0.72254  ,  pro_loss: 0.16664
[train: Epoch 16, 1800 / 1875] FPS: 62.2 (202.1)  ,  DataTime: 0.365 (0.012)  ,  ForwardTime: 0.137  ,  TotalTime: 0.514  ,  Loss/total: 3.68427  ,  Loss/ce: 3.65095  ,  IoU: 0.72280  ,  pro_loss: 0.16663
[train: Epoch 16, 1850 / 1875] FPS: 62.4 (21.5)  ,  DataTime: 0.364 (0.012)  ,  ForwardTime: 0.137  ,  TotalTime: 0.513  ,  Loss/total: 3.68384  ,  Loss/ce: 3.65051  ,  IoU: 0.72307  ,  pro_loss: 0.16664
[train: Epoch 16, 1875 / 1875] FPS: 62.7 (211.0)  ,  DataTime: 0.362 (0.012)  ,  ForwardTime: 0.137  ,  TotalTime: 0.510  ,  Loss/total: 3.68378  ,  Loss/ce: 3.65045  ,  IoU: 0.72308  ,  pro_loss: 0.16663
[train: Epoch 17, 50 / 1875] FPS: 53.9 (12.5)  ,  DataTime: 0.445 (0.011)  ,  ForwardTime: 0.137  ,  TotalTime: 0.593  ,  Loss/total: 3.67263  ,  Loss/ce: 3.63932  ,  IoU: 0.72049  ,  pro_loss: 0.16659
[train: Epoch 17, 100 / 1875] FPS: 60.7 (13.9)  ,  DataTime: 0.379 (0.012)  ,  ForwardTime: 0.137  ,  TotalTime: 0.528  ,  Loss/total: 3.67743  ,  Loss/ce: 3.64412  ,  IoU: 0.72178  ,  pro_loss: 0.16657
[train: Epoch 17, 150 / 1875] FPS: 64.7 (205.2)  ,  DataTime: 0.346 (0.012)  ,  ForwardTime: 0.137  ,  TotalTime: 0.495  ,  Loss/total: 3.68265  ,  Loss/ce: 3.64932  ,  IoU: 0.72169  ,  pro_loss: 0.16660
[train: Epoch 17, 200 / 1875] FPS: 65.7 (23.4)  ,  DataTime: 0.339 (0.012)  ,  ForwardTime: 0.137  ,  TotalTime: 0.487  ,  Loss/total: 3.68103  ,  Loss/ce: 3.64771  ,  IoU: 0.72276  ,  pro_loss: 0.16660
[train: Epoch 17, 250 / 1875] FPS: 65.6 (204.9)  ,  DataTime: 0.339 (0.012)  ,  ForwardTime: 0.137  ,  TotalTime: 0.488  ,  Loss/total: 3.68076  ,  Loss/ce: 3.64743  ,  IoU: 0.72253  ,  pro_loss: 0.16661
[train: Epoch 17, 300 / 1875] FPS: 66.3 (209.1)  ,  DataTime: 0.334 (0.012)  ,  ForwardTime: 0.137  ,  TotalTime: 0.483  ,  Loss/total: 3.67484  ,  Loss/ce: 3.64151  ,  IoU: 0.72460  ,  pro_loss: 0.16666
[train: Epoch 17, 350 / 1875] FPS: 66.7 (32.1)  ,  DataTime: 0.331 (0.012)  ,  ForwardTime: 0.137  ,  TotalTime: 0.479  ,  Loss/total: 3.67488  ,  Loss/ce: 3.64155  ,  IoU: 0.72450  ,  pro_loss: 0.16665
[train: Epoch 17, 400 / 1875] FPS: 67.2 (207.0)  ,  DataTime: 0.328 (0.012)  ,  ForwardTime: 0.137  ,  TotalTime: 0.477  ,  Loss/total: 3.67269  ,  Loss/ce: 3.63936  ,  IoU: 0.72598  ,  pro_loss: 0.16666
[train: Epoch 17, 450 / 1875] FPS: 67.4 (202.3)  ,  DataTime: 0.326 (0.012)  ,  ForwardTime: 0.137  ,  TotalTime: 0.475  ,  Loss/total: 3.66853  ,  Loss/ce: 3.63520  ,  IoU: 0.72674  ,  pro_loss: 0.16667
[train: Epoch 17, 500 / 1875] FPS: 68.0 (206.0)  ,  DataTime: 0.322 (0.012)  ,  ForwardTime: 0.137  ,  TotalTime: 0.470  ,  Loss/total: 3.66842  ,  Loss/ce: 3.63508  ,  IoU: 0.72724  ,  pro_loss: 0.16667
[train: Epoch 17, 550 / 1875] FPS: 67.9 (204.1)  ,  DataTime: 0.323 (0.012)  ,  ForwardTime: 0.137  ,  TotalTime: 0.471  ,  Loss/total: 3.66765  ,  Loss/ce: 3.63432  ,  IoU: 0.72813  ,  pro_loss: 0.16666
[train: Epoch 17, 600 / 1875] FPS: 68.3 (207.1)  ,  DataTime: 0.320 (0.012)  ,  ForwardTime: 0.137  ,  TotalTime: 0.469  ,  Loss/total: 3.66758  ,  Loss/ce: 3.63424  ,  IoU: 0.72817  ,  pro_loss: 0.16668
[train: Epoch 17, 650 / 1875] FPS: 68.6 (204.1)  ,  DataTime: 0.318 (0.012)  ,  ForwardTime: 0.137  ,  TotalTime: 0.467  ,  Loss/total: 3.66802  ,  Loss/ce: 3.63468  ,  IoU: 0.72797  ,  pro_loss: 0.16668
[train: Epoch 17, 700 / 1875] FPS: 69.1 (206.1)  ,  DataTime: 0.314 (0.012)  ,  ForwardTime: 0.137  ,  TotalTime: 0.463  ,  Loss/total: 3.66875  ,  Loss/ce: 3.63542  ,  IoU: 0.72774  ,  pro_loss: 0.16668
[train: Epoch 17, 750 / 1875] FPS: 68.6 (15.0)  ,  DataTime: 0.318 (0.012)  ,  ForwardTime: 0.137  ,  TotalTime: 0.466  ,  Loss/total: 3.66888  ,  Loss/ce: 3.63554  ,  IoU: 0.72751  ,  pro_loss: 0.16668
[train: Epoch 17, 800 / 1875] FPS: 69.0 (206.4)  ,  DataTime: 0.315 (0.012)  ,  ForwardTime: 0.137  ,  TotalTime: 0.464  ,  Loss/total: 3.66915  ,  Loss/ce: 3.63581  ,  IoU: 0.72711  ,  pro_loss: 0.16668
[train: Epoch 17, 850 / 1875] FPS: 69.6 (205.8)  ,  DataTime: 0.311 (0.012)  ,  ForwardTime: 0.137  ,  TotalTime: 0.460  ,  Loss/total: 3.67053  ,  Loss/ce: 3.63719  ,  IoU: 0.72723  ,  pro_loss: 0.16669
[train: Epoch 17, 900 / 1875] FPS: 69.9 (201.4)  ,  DataTime: 0.309 (0.012)  ,  ForwardTime: 0.137  ,  TotalTime: 0.458  ,  Loss/total: 3.66991  ,  Loss/ce: 3.63658  ,  IoU: 0.72728  ,  pro_loss: 0.16668
[train: Epoch 17, 950 / 1875] FPS: 69.7 (204.7)  ,  DataTime: 0.310 (0.012)  ,  ForwardTime: 0.137  ,  TotalTime: 0.459  ,  Loss/total: 3.67044  ,  Loss/ce: 3.63711  ,  IoU: 0.72678  ,  pro_loss: 0.16668
[train: Epoch 17, 1000 / 1875] FPS: 70.1 (206.7)  ,  DataTime: 0.308 (0.012)  ,  ForwardTime: 0.137  ,  TotalTime: 0.457  ,  Loss/total: 3.67028  ,  Loss/ce: 3.63695  ,  IoU: 0.72697  ,  pro_loss: 0.16668
[train: Epoch 17, 1050 / 1875] FPS: 70.1 (206.3)  ,  DataTime: 0.308 (0.012)  ,  ForwardTime: 0.137  ,  TotalTime: 0.456  ,  Loss/total: 3.67125  ,  Loss/ce: 3.63792  ,  IoU: 0.72649  ,  pro_loss: 0.16668
[train: Epoch 17, 1100 / 1875] FPS: 70.4 (200.3)  ,  DataTime: 0.306 (0.012)  ,  ForwardTime: 0.137  ,  TotalTime: 0.455  ,  Loss/total: 3.67201  ,  Loss/ce: 3.63867  ,  IoU: 0.72648  ,  pro_loss: 0.16668
[train: Epoch 17, 1150 / 1875] FPS: 70.2 (202.9)  ,  DataTime: 0.307 (0.012)  ,  ForwardTime: 0.137  ,  TotalTime: 0.456  ,  Loss/total: 3.67148  ,  Loss/ce: 3.63814  ,  IoU: 0.72656  ,  pro_loss: 0.16668
[train: Epoch 17, 1200 / 1875] FPS: 70.3 (204.4)  ,  DataTime: 0.306 (0.012)  ,  ForwardTime: 0.137  ,  TotalTime: 0.455  ,  Loss/total: 3.67172  ,  Loss/ce: 3.63839  ,  IoU: 0.72654  ,  pro_loss: 0.16667
[train: Epoch 17, 1250 / 1875] FPS: 70.3 (9.7)  ,  DataTime: 0.306 (0.012)  ,  ForwardTime: 0.137  ,  TotalTime: 0.455  ,  Loss/total: 3.67142  ,  Loss/ce: 3.63809  ,  IoU: 0.72645  ,  pro_loss: 0.16667
[train: Epoch 17, 1300 / 1875] FPS: 70.5 (204.4)  ,  DataTime: 0.305 (0.012)  ,  ForwardTime: 0.137  ,  TotalTime: 0.454  ,  Loss/total: 3.67052  ,  Loss/ce: 3.63719  ,  IoU: 0.72647  ,  pro_loss: 0.16667
[train: Epoch 17, 1350 / 1875] FPS: 70.7 (206.8)  ,  DataTime: 0.304 (0.012)  ,  ForwardTime: 0.137  ,  TotalTime: 0.453  ,  Loss/total: 3.67074  ,  Loss/ce: 3.63741  ,  IoU: 0.72654  ,  pro_loss: 0.16667
[train: Epoch 17, 1400 / 1875] FPS: 70.6 (15.4)  ,  DataTime: 0.304 (0.012)  ,  ForwardTime: 0.137  ,  TotalTime: 0.453  ,  Loss/total: 3.67121  ,  Loss/ce: 3.63788  ,  IoU: 0.72629  ,  pro_loss: 0.16667
[train: Epoch 17, 1450 / 1875] FPS: 70.8 (204.3)  ,  DataTime: 0.303 (0.012)  ,  ForwardTime: 0.137  ,  TotalTime: 0.452  ,  Loss/total: 3.67040  ,  Loss/ce: 3.63707  ,  IoU: 0.72630  ,  pro_loss: 0.16667
[train: Epoch 17, 1500 / 1875] FPS: 71.0 (199.3)  ,  DataTime: 0.302 (0.012)  ,  ForwardTime: 0.137  ,  TotalTime: 0.451  ,  Loss/total: 3.67068  ,  Loss/ce: 3.63735  ,  IoU: 0.72632  ,  pro_loss: 0.16666
[train: Epoch 17, 1550 / 1875] FPS: 71.1 (203.9)  ,  DataTime: 0.301 (0.012)  ,  ForwardTime: 0.137  ,  TotalTime: 0.450  ,  Loss/total: 3.66907  ,  Loss/ce: 3.63574  ,  IoU: 0.72666  ,  pro_loss: 0.16666
[train: Epoch 17, 1600 / 1875] FPS: 71.1 (203.4)  ,  DataTime: 0.301 (0.012)  ,  ForwardTime: 0.137  ,  TotalTime: 0.450  ,  Loss/total: 3.66942  ,  Loss/ce: 3.63609  ,  IoU: 0.72653  ,  pro_loss: 0.16666
[train: Epoch 17, 1650 / 1875] FPS: 71.2 (19.3)  ,  DataTime: 0.300 (0.012)  ,  ForwardTime: 0.137  ,  TotalTime: 0.449  ,  Loss/total: 3.66909  ,  Loss/ce: 3.63576  ,  IoU: 0.72656  ,  pro_loss: 0.16665
[train: Epoch 17, 1700 / 1875] FPS: 71.3 (204.9)  ,  DataTime: 0.300 (0.012)  ,  ForwardTime: 0.137  ,  TotalTime: 0.449  ,  Loss/total: 3.66846  ,  Loss/ce: 3.63513  ,  IoU: 0.72667  ,  pro_loss: 0.16665
[train: Epoch 17, 1750 / 1875] FPS: 71.3 (208.0)  ,  DataTime: 0.300 (0.012)  ,  ForwardTime: 0.137  ,  TotalTime: 0.449  ,  Loss/total: 3.66827  ,  Loss/ce: 3.63494  ,  IoU: 0.72679  ,  pro_loss: 0.16665
[train: Epoch 17, 1800 / 1875] FPS: 71.2 (17.3)  ,  DataTime: 0.300 (0.012)  ,  ForwardTime: 0.137  ,  TotalTime: 0.449  ,  Loss/total: 3.66855  ,  Loss/ce: 3.63522  ,  IoU: 0.72692  ,  pro_loss: 0.16665
[train: Epoch 17, 1850 / 1875] FPS: 71.3 (205.4)  ,  DataTime: 0.300 (0.012)  ,  ForwardTime: 0.137  ,  TotalTime: 0.449  ,  Loss/total: 3.66861  ,  Loss/ce: 3.63528  ,  IoU: 0.72686  ,  pro_loss: 0.16664
[train: Epoch 17, 1875 / 1875] FPS: 71.5 (210.9)  ,  DataTime: 0.298 (0.012)  ,  ForwardTime: 0.137  ,  TotalTime: 0.447  ,  Loss/total: 3.66812  ,  Loss/ce: 3.63479  ,  IoU: 0.72700  ,  pro_loss: 0.16664
[train: Epoch 18, 50 / 1875] FPS: 66.0 (203.6)  ,  DataTime: 0.336 (0.012)  ,  ForwardTime: 0.137  ,  TotalTime: 0.485  ,  Loss/total: 3.65799  ,  Loss/ce: 3.62469  ,  IoU: 0.73171  ,  pro_loss: 0.16648
[train: Epoch 18, 100 / 1875] FPS: 70.1 (203.5)  ,  DataTime: 0.307 (0.012)  ,  ForwardTime: 0.137  ,  TotalTime: 0.456  ,  Loss/total: 3.66253  ,  Loss/ce: 3.62922  ,  IoU: 0.72715  ,  pro_loss: 0.16655
[train: Epoch 18, 150 / 1875] FPS: 70.9 (200.7)  ,  DataTime: 0.303 (0.012)  ,  ForwardTime: 0.137  ,  TotalTime: 0.451  ,  Loss/total: 3.65599  ,  Loss/ce: 3.62267  ,  IoU: 0.73005  ,  pro_loss: 0.16657
[train: Epoch 18, 200 / 1875] FPS: 72.3 (39.1)  ,  DataTime: 0.294 (0.012)  ,  ForwardTime: 0.137  ,  TotalTime: 0.442  ,  Loss/total: 3.65286  ,  Loss/ce: 3.61954  ,  IoU: 0.73072  ,  pro_loss: 0.16661
[train: Epoch 18, 250 / 1875] FPS: 72.5 (205.9)  ,  DataTime: 0.292 (0.012)  ,  ForwardTime: 0.137  ,  TotalTime: 0.441  ,  Loss/total: 3.64651  ,  Loss/ce: 3.61318  ,  IoU: 0.73286  ,  pro_loss: 0.16665
[train: Epoch 18, 300 / 1875] FPS: 73.1 (199.7)  ,  DataTime: 0.289 (0.012)  ,  ForwardTime: 0.137  ,  TotalTime: 0.438  ,  Loss/total: 3.65111  ,  Loss/ce: 3.61778  ,  IoU: 0.73186  ,  pro_loss: 0.16665
[train: Epoch 18, 350 / 1875] FPS: 73.5 (204.5)  ,  DataTime: 0.286 (0.012)  ,  ForwardTime: 0.137  ,  TotalTime: 0.435  ,  Loss/total: 3.65444  ,  Loss/ce: 3.62111  ,  IoU: 0.73071  ,  pro_loss: 0.16664
[train: Epoch 18, 400 / 1875] FPS: 74.2 (205.1)  ,  DataTime: 0.282 (0.012)  ,  ForwardTime: 0.137  ,  TotalTime: 0.431  ,  Loss/total: 3.65716  ,  Loss/ce: 3.62383  ,  IoU: 0.72962  ,  pro_loss: 0.16665
[train: Epoch 18, 450 / 1875] FPS: 73.5 (10.0)  ,  DataTime: 0.286 (0.012)  ,  ForwardTime: 0.137  ,  TotalTime: 0.435  ,  Loss/total: 3.65810  ,  Loss/ce: 3.62478  ,  IoU: 0.72941  ,  pro_loss: 0.16663
[train: Epoch 18, 500 / 1875] FPS: 74.2 (201.6)  ,  DataTime: 0.282 (0.012)  ,  ForwardTime: 0.137  ,  TotalTime: 0.431  ,  Loss/total: 3.65788  ,  Loss/ce: 3.62455  ,  IoU: 0.72949  ,  pro_loss: 0.16664
[train: Epoch 18, 550 / 1875] FPS: 74.4 (205.0)  ,  DataTime: 0.281 (0.012)  ,  ForwardTime: 0.137  ,  TotalTime: 0.430  ,  Loss/total: 3.65841  ,  Loss/ce: 3.62508  ,  IoU: 0.72935  ,  pro_loss: 0.16664
[train: Epoch 18, 600 / 1875] FPS: 75.2 (199.8)  ,  DataTime: 0.277 (0.012)  ,  ForwardTime: 0.137  ,  TotalTime: 0.426  ,  Loss/total: 3.65782  ,  Loss/ce: 3.62449  ,  IoU: 0.72904  ,  pro_loss: 0.16663
[train: Epoch 18, 650 / 1875] FPS: 75.4 (205.0)  ,  DataTime: 0.275 (0.012)  ,  ForwardTime: 0.137  ,  TotalTime: 0.424  ,  Loss/total: 3.65854  ,  Loss/ce: 3.62521  ,  IoU: 0.72874  ,  pro_loss: 0.16663
[train: Epoch 18, 700 / 1875] FPS: 75.3 (206.7)  ,  DataTime: 0.276 (0.012)  ,  ForwardTime: 0.137  ,  TotalTime: 0.425  ,  Loss/total: 3.65693  ,  Loss/ce: 3.62361  ,  IoU: 0.72896  ,  pro_loss: 0.16663
[train: Epoch 18, 750 / 1875] FPS: 75.4 (24.5)  ,  DataTime: 0.275 (0.012)  ,  ForwardTime: 0.137  ,  TotalTime: 0.424  ,  Loss/total: 3.65665  ,  Loss/ce: 3.62333  ,  IoU: 0.72894  ,  pro_loss: 0.16663
[train: Epoch 18, 800 / 1875] FPS: 75.3 (205.2)  ,  DataTime: 0.276 (0.012)  ,  ForwardTime: 0.137  ,  TotalTime: 0.425  ,  Loss/total: 3.65559  ,  Loss/ce: 3.62227  ,  IoU: 0.72938  ,  pro_loss: 0.16662
[train: Epoch 18, 850 / 1875] FPS: 75.0 (207.8)  ,  DataTime: 0.278 (0.012)  ,  ForwardTime: 0.137  ,  TotalTime: 0.427  ,  Loss/total: 3.65645  ,  Loss/ce: 3.62312  ,  IoU: 0.72913  ,  pro_loss: 0.16662
[train: Epoch 18, 900 / 1875] FPS: 75.2 (204.4)  ,  DataTime: 0.276 (0.012)  ,  ForwardTime: 0.137  ,  TotalTime: 0.425  ,  Loss/total: 3.65617  ,  Loss/ce: 3.62285  ,  IoU: 0.72955  ,  pro_loss: 0.16662
[train: Epoch 18, 950 / 1875] FPS: 74.6 (11.2)  ,  DataTime: 0.280 (0.012)  ,  ForwardTime: 0.137  ,  TotalTime: 0.429  ,  Loss/total: 3.65589  ,  Loss/ce: 3.62256  ,  IoU: 0.72978  ,  pro_loss: 0.16662
[train: Epoch 18, 1000 / 1875] FPS: 74.7 (199.6)  ,  DataTime: 0.279 (0.012)  ,  ForwardTime: 0.137  ,  TotalTime: 0.429  ,  Loss/total: 3.65545  ,  Loss/ce: 3.62212  ,  IoU: 0.72972  ,  pro_loss: 0.16662
[train: Epoch 18, 1050 / 1875] FPS: 74.8 (204.3)  ,  DataTime: 0.278 (0.012)  ,  ForwardTime: 0.137  ,  TotalTime: 0.428  ,  Loss/total: 3.65498  ,  Loss/ce: 3.62165  ,  IoU: 0.72987  ,  pro_loss: 0.16662
[train: Epoch 18, 1100 / 1875] FPS: 75.0 (203.3)  ,  DataTime: 0.278 (0.012)  ,  ForwardTime: 0.137  ,  TotalTime: 0.427  ,  Loss/total: 3.65460  ,  Loss/ce: 3.62127  ,  IoU: 0.73025  ,  pro_loss: 0.16663
[train: Epoch 18, 1150 / 1875] FPS: 75.1 (96.4)  ,  DataTime: 0.277 (0.012)  ,  ForwardTime: 0.137  ,  TotalTime: 0.426  ,  Loss/total: 3.65471  ,  Loss/ce: 3.62138  ,  IoU: 0.73020  ,  pro_loss: 0.16663
[train: Epoch 18, 1200 / 1875] FPS: 74.8 (202.4)  ,  DataTime: 0.279 (0.012)  ,  ForwardTime: 0.137  ,  TotalTime: 0.428  ,  Loss/total: 3.65453  ,  Loss/ce: 3.62121  ,  IoU: 0.73033  ,  pro_loss: 0.16663
[train: Epoch 18, 1250 / 1875] FPS: 74.7 (203.4)  ,  DataTime: 0.279 (0.012)  ,  ForwardTime: 0.137  ,  TotalTime: 0.428  ,  Loss/total: 3.65407  ,  Loss/ce: 3.62074  ,  IoU: 0.73044  ,  pro_loss: 0.16663
[train: Epoch 18, 1300 / 1875] FPS: 74.8 (201.1)  ,  DataTime: 0.279 (0.012)  ,  ForwardTime: 0.137  ,  TotalTime: 0.428  ,  Loss/total: 3.65487  ,  Loss/ce: 3.62154  ,  IoU: 0.73029  ,  pro_loss: 0.16663
[train: Epoch 18, 1350 / 1875] FPS: 74.4 (198.5)  ,  DataTime: 0.281 (0.012)  ,  ForwardTime: 0.137  ,  TotalTime: 0.430  ,  Loss/total: 3.65509  ,  Loss/ce: 3.62176  ,  IoU: 0.73010  ,  pro_loss: 0.16664
[train: Epoch 18, 1400 / 1875] FPS: 73.6 (13.9)  ,  DataTime: 0.286 (0.012)  ,  ForwardTime: 0.137  ,  TotalTime: 0.435  ,  Loss/total: 3.65577  ,  Loss/ce: 3.62244  ,  IoU: 0.72992  ,  pro_loss: 0.16664
[train: Epoch 18, 1450 / 1875] FPS: 73.4 (203.4)  ,  DataTime: 0.287 (0.012)  ,  ForwardTime: 0.137  ,  TotalTime: 0.436  ,  Loss/total: 3.65491  ,  Loss/ce: 3.62158  ,  IoU: 0.73011  ,  pro_loss: 0.16664
[train: Epoch 18, 1500 / 1875] FPS: 72.8 (11.6)  ,  DataTime: 0.290 (0.012)  ,  ForwardTime: 0.137  ,  TotalTime: 0.440  ,  Loss/total: 3.65511  ,  Loss/ce: 3.62179  ,  IoU: 0.73012  ,  pro_loss: 0.16664
[train: Epoch 18, 1550 / 1875] FPS: 72.6 (206.6)  ,  DataTime: 0.291 (0.012)  ,  ForwardTime: 0.137  ,  TotalTime: 0.441  ,  Loss/total: 3.65529  ,  Loss/ce: 3.62196  ,  IoU: 0.73010  ,  pro_loss: 0.16664
[train: Epoch 18, 1600 / 1875] FPS: 72.4 (22.0)  ,  DataTime: 0.293 (0.012)  ,  ForwardTime: 0.137  ,  TotalTime: 0.442  ,  Loss/total: 3.65601  ,  Loss/ce: 3.62268  ,  IoU: 0.73009  ,  pro_loss: 0.16665
[train: Epoch 18, 1650 / 1875] FPS: 72.2 (42.4)  ,  DataTime: 0.294 (0.012)  ,  ForwardTime: 0.137  ,  TotalTime: 0.443  ,  Loss/total: 3.65515  ,  Loss/ce: 3.62183  ,  IoU: 0.73018  ,  pro_loss: 0.16665
[train: Epoch 18, 1700 / 1875] FPS: 71.7 (200.4)  ,  DataTime: 0.297 (0.012)  ,  ForwardTime: 0.137  ,  TotalTime: 0.446  ,  Loss/total: 3.65506  ,  Loss/ce: 3.62173  ,  IoU: 0.73023  ,  pro_loss: 0.16665
[train: Epoch 18, 1750 / 1875] FPS: 71.2 (11.3)  ,  DataTime: 0.300 (0.012)  ,  ForwardTime: 0.137  ,  TotalTime: 0.450  ,  Loss/total: 3.65545  ,  Loss/ce: 3.62212  ,  IoU: 0.73018  ,  pro_loss: 0.16665
[train: Epoch 18, 1800 / 1875] FPS: 71.1 (205.8)  ,  DataTime: 0.301 (0.012)  ,  ForwardTime: 0.137  ,  TotalTime: 0.450  ,  Loss/total: 3.65552  ,  Loss/ce: 3.62218  ,  IoU: 0.73008  ,  pro_loss: 0.16665
[train: Epoch 18, 1850 / 1875] FPS: 70.7 (206.1)  ,  DataTime: 0.303 (0.012)  ,  ForwardTime: 0.137  ,  TotalTime: 0.452  ,  Loss/total: 3.65530  ,  Loss/ce: 3.62197  ,  IoU: 0.73013  ,  pro_loss: 0.16666
[train: Epoch 18, 1875 / 1875] FPS: 70.8 (208.5)  ,  DataTime: 0.303 (0.012)  ,  ForwardTime: 0.137  ,  TotalTime: 0.452  ,  Loss/total: 3.65522  ,  Loss/ce: 3.62189  ,  IoU: 0.73015  ,  pro_loss: 0.16666
[train: Epoch 19, 50 / 1875] FPS: 53.1 (206.9)  ,  DataTime: 0.454 (0.013)  ,  ForwardTime: 0.137  ,  TotalTime: 0.603  ,  Loss/total: 3.66626  ,  Loss/ce: 3.63294  ,  IoU: 0.72910  ,  pro_loss: 0.16659
[train: Epoch 19, 100 / 1875] FPS: 58.4 (197.8)  ,  DataTime: 0.399 (0.012)  ,  ForwardTime: 0.137  ,  TotalTime: 0.548  ,  Loss/total: 3.66293  ,  Loss/ce: 3.62961  ,  IoU: 0.73074  ,  pro_loss: 0.16661
[train: Epoch 19, 150 / 1875] FPS: 58.2 (206.5)  ,  DataTime: 0.401 (0.012)  ,  ForwardTime: 0.137  ,  TotalTime: 0.550  ,  Loss/total: 3.65998  ,  Loss/ce: 3.62665  ,  IoU: 0.73003  ,  pro_loss: 0.16664
[train: Epoch 19, 200 / 1875] FPS: 58.9 (25.7)  ,  DataTime: 0.394 (0.012)  ,  ForwardTime: 0.137  ,  TotalTime: 0.543  ,  Loss/total: 3.65817  ,  Loss/ce: 3.62484  ,  IoU: 0.72976  ,  pro_loss: 0.16663
[train: Epoch 19, 250 / 1875] FPS: 60.2 (202.0)  ,  DataTime: 0.383 (0.012)  ,  ForwardTime: 0.137  ,  TotalTime: 0.532  ,  Loss/total: 3.66057  ,  Loss/ce: 3.62724  ,  IoU: 0.72855  ,  pro_loss: 0.16665
[train: Epoch 19, 300 / 1875] FPS: 61.4 (203.7)  ,  DataTime: 0.372 (0.012)  ,  ForwardTime: 0.137  ,  TotalTime: 0.521  ,  Loss/total: 3.65903  ,  Loss/ce: 3.62570  ,  IoU: 0.72940  ,  pro_loss: 0.16666
[train: Epoch 19, 350 / 1875] FPS: 60.6 (205.1)  ,  DataTime: 0.379 (0.012)  ,  ForwardTime: 0.137  ,  TotalTime: 0.528  ,  Loss/total: 3.65628  ,  Loss/ce: 3.62295  ,  IoU: 0.72954  ,  pro_loss: 0.16665
[train: Epoch 19, 400 / 1875] FPS: 61.2 (205.2)  ,  DataTime: 0.374 (0.012)  ,  ForwardTime: 0.137  ,  TotalTime: 0.523  ,  Loss/total: 3.65382  ,  Loss/ce: 3.62049  ,  IoU: 0.72963  ,  pro_loss: 0.16665
[train: Epoch 19, 450 / 1875] FPS: 61.5 (206.5)  ,  DataTime: 0.371 (0.012)  ,  ForwardTime: 0.137  ,  TotalTime: 0.520  ,  Loss/total: 3.65256  ,  Loss/ce: 3.61923  ,  IoU: 0.72984  ,  pro_loss: 0.16665
[train: Epoch 19, 500 / 1875] FPS: 61.9 (201.2)  ,  DataTime: 0.368 (0.012)  ,  ForwardTime: 0.137  ,  TotalTime: 0.517  ,  Loss/total: 3.65308  ,  Loss/ce: 3.61975  ,  IoU: 0.73006  ,  pro_loss: 0.16665
[train: Epoch 19, 550 / 1875] FPS: 62.4 (205.6)  ,  DataTime: 0.364 (0.012)  ,  ForwardTime: 0.137  ,  TotalTime: 0.513  ,  Loss/total: 3.65243  ,  Loss/ce: 3.61910  ,  IoU: 0.73026  ,  pro_loss: 0.16665
[train: Epoch 19, 600 / 1875] FPS: 62.5 (201.8)  ,  DataTime: 0.363 (0.012)  ,  ForwardTime: 0.137  ,  TotalTime: 0.512  ,  Loss/total: 3.65092  ,  Loss/ce: 3.61759  ,  IoU: 0.73081  ,  pro_loss: 0.16665
[train: Epoch 19, 650 / 1875] FPS: 62.9 (65.2)  ,  DataTime: 0.360 (0.012)  ,  ForwardTime: 0.137  ,  TotalTime: 0.509  ,  Loss/total: 3.65147  ,  Loss/ce: 3.61814  ,  IoU: 0.73112  ,  pro_loss: 0.16665
[train: Epoch 19, 700 / 1875] FPS: 62.7 (202.9)  ,  DataTime: 0.362 (0.012)  ,  ForwardTime: 0.137  ,  TotalTime: 0.511  ,  Loss/total: 3.65225  ,  Loss/ce: 3.61892  ,  IoU: 0.73080  ,  pro_loss: 0.16665
[train: Epoch 19, 750 / 1875] FPS: 63.0 (208.3)  ,  DataTime: 0.359 (0.012)  ,  ForwardTime: 0.137  ,  TotalTime: 0.508  ,  Loss/total: 3.65271  ,  Loss/ce: 3.61938  ,  IoU: 0.73045  ,  pro_loss: 0.16666
[train: Epoch 19, 800 / 1875] FPS: 63.3 (192.4)  ,  DataTime: 0.357 (0.012)  ,  ForwardTime: 0.137  ,  TotalTime: 0.506  ,  Loss/total: 3.65008  ,  Loss/ce: 3.61675  ,  IoU: 0.73121  ,  pro_loss: 0.16666
[train: Epoch 19, 850 / 1875] FPS: 63.0 (197.1)  ,  DataTime: 0.359 (0.012)  ,  ForwardTime: 0.137  ,  TotalTime: 0.508  ,  Loss/total: 3.64893  ,  Loss/ce: 3.61560  ,  IoU: 0.73150  ,  pro_loss: 0.16667
[train: Epoch 19, 900 / 1875] FPS: 63.1 (206.5)  ,  DataTime: 0.358 (0.012)  ,  ForwardTime: 0.137  ,  TotalTime: 0.507  ,  Loss/total: 3.64884  ,  Loss/ce: 3.61550  ,  IoU: 0.73131  ,  pro_loss: 0.16666
[train: Epoch 19, 950 / 1875] FPS: 63.4 (201.7)  ,  DataTime: 0.355 (0.012)  ,  ForwardTime: 0.137  ,  TotalTime: 0.504  ,  Loss/total: 3.64932  ,  Loss/ce: 3.61599  ,  IoU: 0.73091  ,  pro_loss: 0.16666
[train: Epoch 19, 1000 / 1875] FPS: 63.5 (199.0)  ,  DataTime: 0.355 (0.012)  ,  ForwardTime: 0.137  ,  TotalTime: 0.504  ,  Loss/total: 3.64845  ,  Loss/ce: 3.61512  ,  IoU: 0.73119  ,  pro_loss: 0.16665
[train: Epoch 19, 1050 / 1875] FPS: 63.5 (205.7)  ,  DataTime: 0.355 (0.012)  ,  ForwardTime: 0.137  ,  TotalTime: 0.504  ,  Loss/total: 3.64856  ,  Loss/ce: 3.61523  ,  IoU: 0.73112  ,  pro_loss: 0.16666
[train: Epoch 19, 1100 / 1875] FPS: 63.3 (208.0)  ,  DataTime: 0.356 (0.012)  ,  ForwardTime: 0.137  ,  TotalTime: 0.505  ,  Loss/total: 3.64691  ,  Loss/ce: 3.61357  ,  IoU: 0.73163  ,  pro_loss: 0.16666
[train: Epoch 19, 1150 / 1875] FPS: 63.7 (206.0)  ,  DataTime: 0.353 (0.012)  ,  ForwardTime: 0.137  ,  TotalTime: 0.502  ,  Loss/total: 3.64665  ,  Loss/ce: 3.61332  ,  IoU: 0.73190  ,  pro_loss: 0.16666
[train: Epoch 19, 1200 / 1875] FPS: 63.7 (41.0)  ,  DataTime: 0.354 (0.012)  ,  ForwardTime: 0.137  ,  TotalTime: 0.503  ,  Loss/total: 3.64670  ,  Loss/ce: 3.61337  ,  IoU: 0.73193  ,  pro_loss: 0.16666
[train: Epoch 19, 1250 / 1875] FPS: 63.7 (203.3)  ,  DataTime: 0.354 (0.012)  ,  ForwardTime: 0.137  ,  TotalTime: 0.503  ,  Loss/total: 3.64588  ,  Loss/ce: 3.61255  ,  IoU: 0.73240  ,  pro_loss: 0.16666
[train: Epoch 19, 1300 / 1875] FPS: 63.9 (206.5)  ,  DataTime: 0.352 (0.012)  ,  ForwardTime: 0.137  ,  TotalTime: 0.501  ,  Loss/total: 3.64484  ,  Loss/ce: 3.61151  ,  IoU: 0.73280  ,  pro_loss: 0.16666
[train: Epoch 19, 1350 / 1875] FPS: 64.2 (205.2)  ,  DataTime: 0.349 (0.012)  ,  ForwardTime: 0.137  ,  TotalTime: 0.498  ,  Loss/total: 3.64434  ,  Loss/ce: 3.61101  ,  IoU: 0.73268  ,  pro_loss: 0.16666
[train: Epoch 19, 1400 / 1875] FPS: 64.1 (201.3)  ,  DataTime: 0.350 (0.012)  ,  ForwardTime: 0.137  ,  TotalTime: 0.499  ,  Loss/total: 3.64449  ,  Loss/ce: 3.61116  ,  IoU: 0.73256  ,  pro_loss: 0.16666
[train: Epoch 19, 1450 / 1875] FPS: 64.3 (204.1)  ,  DataTime: 0.349 (0.012)  ,  ForwardTime: 0.137  ,  TotalTime: 0.498  ,  Loss/total: 3.64523  ,  Loss/ce: 3.61190  ,  IoU: 0.73248  ,  pro_loss: 0.16665
[train: Epoch 19, 1500 / 1875] FPS: 64.4 (76.1)  ,  DataTime: 0.348 (0.012)  ,  ForwardTime: 0.137  ,  TotalTime: 0.497  ,  Loss/total: 3.64398  ,  Loss/ce: 3.61065  ,  IoU: 0.73277  ,  pro_loss: 0.16665
[train: Epoch 19, 1550 / 1875] FPS: 64.4 (200.8)  ,  DataTime: 0.348 (0.012)  ,  ForwardTime: 0.137  ,  TotalTime: 0.497  ,  Loss/total: 3.64381  ,  Loss/ce: 3.61048  ,  IoU: 0.73299  ,  pro_loss: 0.16665
[train: Epoch 19, 1600 / 1875] FPS: 64.5 (196.0)  ,  DataTime: 0.347 (0.012)  ,  ForwardTime: 0.137  ,  TotalTime: 0.496  ,  Loss/total: 3.64353  ,  Loss/ce: 3.61020  ,  IoU: 0.73312  ,  pro_loss: 0.16665
[train: Epoch 19, 1650 / 1875] FPS: 64.5 (203.0)  ,  DataTime: 0.347 (0.012)  ,  ForwardTime: 0.137  ,  TotalTime: 0.496  ,  Loss/total: 3.64413  ,  Loss/ce: 3.61080  ,  IoU: 0.73290  ,  pro_loss: 0.16665
[train: Epoch 19, 1700 / 1875] FPS: 64.5 (207.1)  ,  DataTime: 0.347 (0.012)  ,  ForwardTime: 0.137  ,  TotalTime: 0.496  ,  Loss/total: 3.64355  ,  Loss/ce: 3.61022  ,  IoU: 0.73314  ,  pro_loss: 0.16665
[train: Epoch 19, 1750 / 1875] FPS: 64.2 (205.2)  ,  DataTime: 0.349 (0.012)  ,  ForwardTime: 0.137  ,  TotalTime: 0.498  ,  Loss/total: 3.64384  ,  Loss/ce: 3.61051  ,  IoU: 0.73314  ,  pro_loss: 0.16665
[train: Epoch 19, 1800 / 1875] FPS: 64.4 (198.4)  ,  DataTime: 0.348 (0.012)  ,  ForwardTime: 0.137  ,  TotalTime: 0.497  ,  Loss/total: 3.64305  ,  Loss/ce: 3.60972  ,  IoU: 0.73358  ,  pro_loss: 0.16665
[train: Epoch 19, 1850 / 1875] FPS: 64.3 (15.2)  ,  DataTime: 0.349 (0.012)  ,  ForwardTime: 0.137  ,  TotalTime: 0.498  ,  Loss/total: 3.64375  ,  Loss/ce: 3.61042  ,  IoU: 0.73348  ,  pro_loss: 0.16664
[train: Epoch 19, 1875 / 1875] FPS: 64.5 (60.3)  ,  DataTime: 0.347 (0.012)  ,  ForwardTime: 0.137  ,  TotalTime: 0.496  ,  Loss/total: 3.64325  ,  Loss/ce: 3.60992  ,  IoU: 0.73358  ,  pro_loss: 0.16664
[train: Epoch 20, 50 / 1875] FPS: 57.9 (20.0)  ,  DataTime: 0.404 (0.012)  ,  ForwardTime: 0.137  ,  TotalTime: 0.553  ,  Loss/total: 3.64176  ,  Loss/ce: 3.60845  ,  IoU: 0.73592  ,  pro_loss: 0.16654
[train: Epoch 20, 100 / 1875] FPS: 58.9 (203.8)  ,  DataTime: 0.395 (0.012)  ,  ForwardTime: 0.137  ,  TotalTime: 0.543  ,  Loss/total: 3.64542  ,  Loss/ce: 3.61210  ,  IoU: 0.73537  ,  pro_loss: 0.16661
[train: Epoch 20, 150 / 1875] FPS: 62.3 (206.1)  ,  DataTime: 0.365 (0.012)  ,  ForwardTime: 0.137  ,  TotalTime: 0.514  ,  Loss/total: 3.64754  ,  Loss/ce: 3.61424  ,  IoU: 0.73099  ,  pro_loss: 0.16653
[train: Epoch 20, 200 / 1875] FPS: 63.6 (203.4)  ,  DataTime: 0.354 (0.012)  ,  ForwardTime: 0.137  ,  TotalTime: 0.503  ,  Loss/total: 3.64355  ,  Loss/ce: 3.61023  ,  IoU: 0.73291  ,  pro_loss: 0.16658
[train: Epoch 20, 250 / 1875] FPS: 63.6 (207.1)  ,  DataTime: 0.354 (0.012)  ,  ForwardTime: 0.137  ,  TotalTime: 0.503  ,  Loss/total: 3.64096  ,  Loss/ce: 3.60764  ,  IoU: 0.73312  ,  pro_loss: 0.16660
[train: Epoch 20, 300 / 1875] FPS: 63.6 (204.8)  ,  DataTime: 0.354 (0.012)  ,  ForwardTime: 0.137  ,  TotalTime: 0.503  ,  Loss/total: 3.64129  ,  Loss/ce: 3.60796  ,  IoU: 0.73162  ,  pro_loss: 0.16664
[train: Epoch 20, 350 / 1875] FPS: 64.6 (207.3)  ,  DataTime: 0.346 (0.012)  ,  ForwardTime: 0.137  ,  TotalTime: 0.495  ,  Loss/total: 3.63946  ,  Loss/ce: 3.60613  ,  IoU: 0.73206  ,  pro_loss: 0.16661
[train: Epoch 20, 400 / 1875] FPS: 63.5 (206.2)  ,  DataTime: 0.355 (0.012)  ,  ForwardTime: 0.137  ,  TotalTime: 0.504  ,  Loss/total: 3.64035  ,  Loss/ce: 3.60702  ,  IoU: 0.73185  ,  pro_loss: 0.16662
[train: Epoch 20, 450 / 1875] FPS: 64.0 (208.5)  ,  DataTime: 0.351 (0.012)  ,  ForwardTime: 0.137  ,  TotalTime: 0.500  ,  Loss/total: 3.63896  ,  Loss/ce: 3.60563  ,  IoU: 0.73273  ,  pro_loss: 0.16665
[train: Epoch 20, 500 / 1875] FPS: 64.8 (202.5)  ,  DataTime: 0.345 (0.012)  ,  ForwardTime: 0.137  ,  TotalTime: 0.494  ,  Loss/total: 3.63485  ,  Loss/ce: 3.60152  ,  IoU: 0.73410  ,  pro_loss: 0.16663
[train: Epoch 20, 550 / 1875] FPS: 65.2 (203.0)  ,  DataTime: 0.342 (0.012)  ,  ForwardTime: 0.137  ,  TotalTime: 0.491  ,  Loss/total: 3.63540  ,  Loss/ce: 3.60208  ,  IoU: 0.73390  ,  pro_loss: 0.16662
[train: Epoch 20, 600 / 1875] FPS: 65.4 (206.2)  ,  DataTime: 0.341 (0.012)  ,  ForwardTime: 0.137  ,  TotalTime: 0.490  ,  Loss/total: 3.63633  ,  Loss/ce: 3.60301  ,  IoU: 0.73401  ,  pro_loss: 0.16661
[train: Epoch 20, 650 / 1875] FPS: 65.5 (140.1)  ,  DataTime: 0.340 (0.012)  ,  ForwardTime: 0.137  ,  TotalTime: 0.488  ,  Loss/total: 3.63572  ,  Loss/ce: 3.60240  ,  IoU: 0.73418  ,  pro_loss: 0.16662
[train: Epoch 20, 700 / 1875] FPS: 65.7 (208.1)  ,  DataTime: 0.338 (0.012)  ,  ForwardTime: 0.137  ,  TotalTime: 0.487  ,  Loss/total: 3.63730  ,  Loss/ce: 3.60398  ,  IoU: 0.73380  ,  pro_loss: 0.16663
[train: Epoch 20, 750 / 1875] FPS: 65.4 (10.7)  ,  DataTime: 0.340 (0.012)  ,  ForwardTime: 0.137  ,  TotalTime: 0.489  ,  Loss/total: 3.63795  ,  Loss/ce: 3.60462  ,  IoU: 0.73382  ,  pro_loss: 0.16663
[train: Epoch 20, 800 / 1875] FPS: 65.7 (75.9)  ,  DataTime: 0.338 (0.012)  ,  ForwardTime: 0.137  ,  TotalTime: 0.487  ,  Loss/total: 3.63856  ,  Loss/ce: 3.60524  ,  IoU: 0.73376  ,  pro_loss: 0.16664
[train: Epoch 20, 850 / 1875] FPS: 66.0 (202.1)  ,  DataTime: 0.336 (0.012)  ,  ForwardTime: 0.137  ,  TotalTime: 0.485  ,  Loss/total: 3.63786  ,  Loss/ce: 3.60453  ,  IoU: 0.73376  ,  pro_loss: 0.16663
[train: Epoch 20, 900 / 1875] FPS: 65.6 (208.0)  ,  DataTime: 0.339 (0.012)  ,  ForwardTime: 0.137  ,  TotalTime: 0.488  ,  Loss/total: 3.63652  ,  Loss/ce: 3.60319  ,  IoU: 0.73444  ,  pro_loss: 0.16663
[train: Epoch 20, 950 / 1875] FPS: 65.9 (208.0)  ,  DataTime: 0.337 (0.012)  ,  ForwardTime: 0.137  ,  TotalTime: 0.486  ,  Loss/total: 3.63535  ,  Loss/ce: 3.60202  ,  IoU: 0.73478  ,  pro_loss: 0.16663
[train: Epoch 20, 1000 / 1875] FPS: 66.1 (200.4)  ,  DataTime: 0.335 (0.012)  ,  ForwardTime: 0.137  ,  TotalTime: 0.484  ,  Loss/total: 3.63545  ,  Loss/ce: 3.60212  ,  IoU: 0.73487  ,  pro_loss: 0.16663
[train: Epoch 20, 1050 / 1875] FPS: 66.3 (204.3)  ,  DataTime: 0.334 (0.012)  ,  ForwardTime: 0.137  ,  TotalTime: 0.483  ,  Loss/total: 3.63499  ,  Loss/ce: 3.60166  ,  IoU: 0.73487  ,  pro_loss: 0.16664
[train: Epoch 20, 1100 / 1875] FPS: 66.6 (203.2)  ,  DataTime: 0.331 (0.012)  ,  ForwardTime: 0.137  ,  TotalTime: 0.480  ,  Loss/total: 3.63478  ,  Loss/ce: 3.60145  ,  IoU: 0.73488  ,  pro_loss: 0.16664
[train: Epoch 20, 1150 / 1875] FPS: 66.6 (51.7)  ,  DataTime: 0.332 (0.012)  ,  ForwardTime: 0.137  ,  TotalTime: 0.481  ,  Loss/total: 3.63400  ,  Loss/ce: 3.60067  ,  IoU: 0.73490  ,  pro_loss: 0.16664
[train: Epoch 20, 1200 / 1875] FPS: 66.7 (206.5)  ,  DataTime: 0.331 (0.012)  ,  ForwardTime: 0.137  ,  TotalTime: 0.480  ,  Loss/total: 3.63574  ,  Loss/ce: 3.60241  ,  IoU: 0.73452  ,  pro_loss: 0.16664
[train: Epoch 20, 1250 / 1875] FPS: 66.9 (20.7)  ,  DataTime: 0.329 (0.012)  ,  ForwardTime: 0.137  ,  TotalTime: 0.478  ,  Loss/total: 3.63510  ,  Loss/ce: 3.60178  ,  IoU: 0.73472  ,  pro_loss: 0.16664
[train: Epoch 20, 1300 / 1875] FPS: 67.0 (200.2)  ,  DataTime: 0.328 (0.012)  ,  ForwardTime: 0.137  ,  TotalTime: 0.477  ,  Loss/total: 3.63522  ,  Loss/ce: 3.60189  ,  IoU: 0.73483  ,  pro_loss: 0.16664
[train: Epoch 20, 1350 / 1875] FPS: 67.2 (204.4)  ,  DataTime: 0.327 (0.012)  ,  ForwardTime: 0.137  ,  TotalTime: 0.476  ,  Loss/total: 3.63564  ,  Loss/ce: 3.60231  ,  IoU: 0.73460  ,  pro_loss: 0.16664
[train: Epoch 20, 1400 / 1875] FPS: 67.5 (203.5)  ,  DataTime: 0.325 (0.012)  ,  ForwardTime: 0.137  ,  TotalTime: 0.474  ,  Loss/total: 3.63427  ,  Loss/ce: 3.60095  ,  IoU: 0.73461  ,  pro_loss: 0.16665
[train: Epoch 20, 1450 / 1875] FPS: 67.2 (11.8)  ,  DataTime: 0.327 (0.012)  ,  ForwardTime: 0.137  ,  TotalTime: 0.476  ,  Loss/total: 3.63388  ,  Loss/ce: 3.60055  ,  IoU: 0.73460  ,  pro_loss: 0.16665
[train: Epoch 20, 1500 / 1875] FPS: 67.5 (197.9)  ,  DataTime: 0.325 (0.012)  ,  ForwardTime: 0.137  ,  TotalTime: 0.474  ,  Loss/total: 3.63480  ,  Loss/ce: 3.60147  ,  IoU: 0.73442  ,  pro_loss: 0.16664
[train: Epoch 20, 1550 / 1875] FPS: 67.6 (204.8)  ,  DataTime: 0.324 (0.012)  ,  ForwardTime: 0.137  ,  TotalTime: 0.473  ,  Loss/total: 3.63424  ,  Loss/ce: 3.60091  ,  IoU: 0.73442  ,  pro_loss: 0.16664
[train: Epoch 20, 1600 / 1875] FPS: 67.6 (205.4)  ,  DataTime: 0.325 (0.012)  ,  ForwardTime: 0.137  ,  TotalTime: 0.474  ,  Loss/total: 3.63460  ,  Loss/ce: 3.60127  ,  IoU: 0.73410  ,  pro_loss: 0.16664
[train: Epoch 20, 1650 / 1875] FPS: 67.6 (11.8)  ,  DataTime: 0.324 (0.012)  ,  ForwardTime: 0.137  ,  TotalTime: 0.474  ,  Loss/total: 3.63530  ,  Loss/ce: 3.60197  ,  IoU: 0.73400  ,  pro_loss: 0.16664
[train: Epoch 20, 1700 / 1875] FPS: 67.8 (203.3)  ,  DataTime: 0.323 (0.012)  ,  ForwardTime: 0.137  ,  TotalTime: 0.472  ,  Loss/total: 3.63505  ,  Loss/ce: 3.60172  ,  IoU: 0.73405  ,  pro_loss: 0.16664
[train: Epoch 20, 1750 / 1875] FPS: 67.8 (200.4)  ,  DataTime: 0.323 (0.012)  ,  ForwardTime: 0.137  ,  TotalTime: 0.472  ,  Loss/total: 3.63502  ,  Loss/ce: 3.60169  ,  IoU: 0.73414  ,  pro_loss: 0.16664
[train: Epoch 20, 1800 / 1875] FPS: 68.0 (202.5)  ,  DataTime: 0.321 (0.012)  ,  ForwardTime: 0.137  ,  TotalTime: 0.470  ,  Loss/total: 3.63477  ,  Loss/ce: 3.60144  ,  IoU: 0.73412  ,  pro_loss: 0.16664
[train: Epoch 20, 1850 / 1875] FPS: 68.1 (202.5)  ,  DataTime: 0.321 (0.012)  ,  ForwardTime: 0.137  ,  TotalTime: 0.470  ,  Loss/total: 3.63525  ,  Loss/ce: 3.60192  ,  IoU: 0.73418  ,  pro_loss: 0.16664
[train: Epoch 20, 1875 / 1875] FPS: 68.2 (208.1)  ,  DataTime: 0.320 (0.012)  ,  ForwardTime: 0.137  ,  TotalTime: 0.469  ,  Loss/total: 3.63489  ,  Loss/ce: 3.60157  ,  IoU: 0.73422  ,  pro_loss: 0.16664
[val: Epoch 20, 50 / 312] FPS: 47.5 (350.9)  ,  DataTime: 0.590 (0.014)  ,  ForwardTime: 0.070  ,  TotalTime: 0.674  ,  Loss/total: nan  ,  Loss/giou: 0.30117  ,  Loss/l1: 0.02770  ,  Loss/location: nan  ,  pro_loss: 0.16667  ,  IoU: 0.72133
[val: Epoch 20, 100 / 312] FPS: 53.9 (359.7)  ,  DataTime: 0.510 (0.014)  ,  ForwardTime: 0.070  ,  TotalTime: 0.594  ,  Loss/total: nan  ,  Loss/giou: 0.29778  ,  Loss/l1: 0.02680  ,  Loss/location: nan  ,  pro_loss: 0.16667  ,  IoU: 0.72385
[val: Epoch 20, 150 / 312] FPS: 56.9 (352.9)  ,  DataTime: 0.479 (0.014)  ,  ForwardTime: 0.070  ,  TotalTime: 0.563  ,  Loss/total: nan  ,  Loss/giou: 0.29772  ,  Loss/l1: 0.02674  ,  Loss/location: nan  ,  pro_loss: 0.16667  ,  IoU: 0.72399
[val: Epoch 20, 200 / 312] FPS: 58.2 (363.2)  ,  DataTime: 0.467 (0.014)  ,  ForwardTime: 0.070  ,  TotalTime: 0.550  ,  Loss/total: nan  ,  Loss/giou: 0.29866  ,  Loss/l1: 0.02666  ,  Loss/location: nan  ,  pro_loss: 0.16667  ,  IoU: 0.72294
[val: Epoch 20, 250 / 312] FPS: 59.0 (353.0)  ,  DataTime: 0.459 (0.014)  ,  ForwardTime: 0.070  ,  TotalTime: 0.543  ,  Loss/total: nan  ,  Loss/giou: 0.29574  ,  Loss/l1: 0.02605  ,  Loss/location: nan  ,  pro_loss: 0.16667  ,  IoU: 0.72498
[val: Epoch 20, 300 / 312] FPS: 59.4 (325.9)  ,  DataTime: 0.455 (0.014)  ,  ForwardTime: 0.070  ,  TotalTime: 0.539  ,  Loss/total: nan  ,  Loss/giou: 0.29544  ,  Loss/l1: 0.02600  ,  Loss/location: nan  ,  pro_loss: 0.16667  ,  IoU: 0.72555
[val: Epoch 20, 312 / 312] FPS: 60.5 (370.5)  ,  DataTime: 0.445 (0.014)  ,  ForwardTime: 0.069  ,  TotalTime: 0.529  ,  Loss/total: nan  ,  Loss/giou: 0.29553  ,  Loss/l1: 0.02601  ,  Loss/location: nan  ,  pro_loss: 0.16667  ,  IoU: 0.72565
[train: Epoch 21, 50 / 1875] FPS: 59.5 (205.7)  ,  DataTime: 0.389 (0.012)  ,  ForwardTime: 0.137  ,  TotalTime: 0.538  ,  Loss/total: 3.63317  ,  Loss/ce: 3.59982  ,  IoU: 0.73401  ,  pro_loss: 0.16678
[train: Epoch 21, 100 / 1875] FPS: 64.1 (206.0)  ,  DataTime: 0.350 (0.012)  ,  ForwardTime: 0.137  ,  TotalTime: 0.499  ,  Loss/total: 3.61674  ,  Loss/ce: 3.58340  ,  IoU: 0.73923  ,  pro_loss: 0.16671
[train: Epoch 21, 150 / 1875] FPS: 68.0 (198.6)  ,  DataTime: 0.321 (0.012)  ,  ForwardTime: 0.137  ,  TotalTime: 0.470  ,  Loss/total: 3.61707  ,  Loss/ce: 3.58374  ,  IoU: 0.73881  ,  pro_loss: 0.16666
[train: Epoch 21, 200 / 1875] FPS: 66.8 (201.6)  ,  DataTime: 0.330 (0.012)  ,  ForwardTime: 0.137  ,  TotalTime: 0.479  ,  Loss/total: 3.62314  ,  Loss/ce: 3.58981  ,  IoU: 0.73707  ,  pro_loss: 0.16667
[train: Epoch 21, 250 / 1875] FPS: 67.4 (207.5)  ,  DataTime: 0.326 (0.012)  ,  ForwardTime: 0.137  ,  TotalTime: 0.475  ,  Loss/total: 3.62202  ,  Loss/ce: 3.58868  ,  IoU: 0.73820  ,  pro_loss: 0.16668
[train: Epoch 21, 300 / 1875] FPS: 69.1 (201.8)  ,  DataTime: 0.314 (0.012)  ,  ForwardTime: 0.137  ,  TotalTime: 0.463  ,  Loss/total: 3.62217  ,  Loss/ce: 3.58883  ,  IoU: 0.73823  ,  pro_loss: 0.16669
[train: Epoch 21, 350 / 1875] FPS: 69.3 (197.7)  ,  DataTime: 0.312 (0.012)  ,  ForwardTime: 0.137  ,  TotalTime: 0.461  ,  Loss/total: 3.62202  ,  Loss/ce: 3.58868  ,  IoU: 0.73790  ,  pro_loss: 0.16669
[train: Epoch 21, 400 / 1875] FPS: 70.0 (207.8)  ,  DataTime: 0.308 (0.012)  ,  ForwardTime: 0.137  ,  TotalTime: 0.457  ,  Loss/total: 3.62315  ,  Loss/ce: 3.58981  ,  IoU: 0.73766  ,  pro_loss: 0.16670
[train: Epoch 21, 450 / 1875] FPS: 70.3 (206.8)  ,  DataTime: 0.306 (0.012)  ,  ForwardTime: 0.137  ,  TotalTime: 0.455  ,  Loss/total: 3.62389  ,  Loss/ce: 3.59055  ,  IoU: 0.73682  ,  pro_loss: 0.16669
[train: Epoch 21, 500 / 1875] FPS: 70.2 (18.8)  ,  DataTime: 0.307 (0.012)  ,  ForwardTime: 0.137  ,  TotalTime: 0.456  ,  Loss/total: 3.62429  ,  Loss/ce: 3.59095  ,  IoU: 0.73668  ,  pro_loss: 0.16669
[train: Epoch 21, 550 / 1875] FPS: 71.1 (206.0)  ,  DataTime: 0.301 (0.012)  ,  ForwardTime: 0.137  ,  TotalTime: 0.450  ,  Loss/total: 3.62519  ,  Loss/ce: 3.59186  ,  IoU: 0.73633  ,  pro_loss: 0.16668
[train: Epoch 21, 600 / 1875] FPS: 70.8 (204.2)  ,  DataTime: 0.303 (0.012)  ,  ForwardTime: 0.137  ,  TotalTime: 0.452  ,  Loss/total: 3.62432  ,  Loss/ce: 3.59098  ,  IoU: 0.73679  ,  pro_loss: 0.16669
[train: Epoch 21, 650 / 1875] FPS: 70.8 (202.8)  ,  DataTime: 0.303 (0.012)  ,  ForwardTime: 0.137  ,  TotalTime: 0.452  ,  Loss/total: 3.62549  ,  Loss/ce: 3.59215  ,  IoU: 0.73663  ,  pro_loss: 0.16669
[train: Epoch 21, 700 / 1875] FPS: 71.2 (157.7)  ,  DataTime: 0.300 (0.012)  ,  ForwardTime: 0.137  ,  TotalTime: 0.449  ,  Loss/total: 3.62532  ,  Loss/ce: 3.59198  ,  IoU: 0.73645  ,  pro_loss: 0.16669
[train: Epoch 21, 750 / 1875] FPS: 71.4 (203.6)  ,  DataTime: 0.299 (0.012)  ,  ForwardTime: 0.137  ,  TotalTime: 0.448  ,  Loss/total: 3.62736  ,  Loss/ce: 3.59402  ,  IoU: 0.73586  ,  pro_loss: 0.16670
[train: Epoch 21, 800 / 1875] FPS: 71.5 (200.2)  ,  DataTime: 0.299 (0.012)  ,  ForwardTime: 0.137  ,  TotalTime: 0.448  ,  Loss/total: 3.62656  ,  Loss/ce: 3.59322  ,  IoU: 0.73593  ,  pro_loss: 0.16669
[train: Epoch 21, 850 / 1875] FPS: 71.6 (196.0)  ,  DataTime: 0.298 (0.012)  ,  ForwardTime: 0.137  ,  TotalTime: 0.447  ,  Loss/total: 3.62631  ,  Loss/ce: 3.59297  ,  IoU: 0.73628  ,  pro_loss: 0.16669
[train: Epoch 21, 900 / 1875] FPS: 71.3 (11.3)  ,  DataTime: 0.300 (0.012)  ,  ForwardTime: 0.137  ,  TotalTime: 0.449  ,  Loss/total: 3.62576  ,  Loss/ce: 3.59242  ,  IoU: 0.73611  ,  pro_loss: 0.16669
[train: Epoch 21, 950 / 1875] FPS: 71.7 (201.9)  ,  DataTime: 0.297 (0.012)  ,  ForwardTime: 0.137  ,  TotalTime: 0.446  ,  Loss/total: 3.62558  ,  Loss/ce: 3.59224  ,  IoU: 0.73607  ,  pro_loss: 0.16668
[train: Epoch 21, 1000 / 1875] FPS: 71.6 (204.0)  ,  DataTime: 0.298 (0.012)  ,  ForwardTime: 0.137  ,  TotalTime: 0.447  ,  Loss/total: 3.62670  ,  Loss/ce: 3.59336  ,  IoU: 0.73603  ,  pro_loss: 0.16669
[train: Epoch 21, 1050 / 1875] FPS: 71.7 (200.0)  ,  DataTime: 0.297 (0.012)  ,  ForwardTime: 0.137  ,  TotalTime: 0.446  ,  Loss/total: 3.62631  ,  Loss/ce: 3.59298  ,  IoU: 0.73621  ,  pro_loss: 0.16668
[train: Epoch 21, 1100 / 1875] FPS: 71.6 (206.3)  ,  DataTime: 0.298 (0.012)  ,  ForwardTime: 0.137  ,  TotalTime: 0.447  ,  Loss/total: 3.62579  ,  Loss/ce: 3.59246  ,  IoU: 0.73633  ,  pro_loss: 0.16668
[train: Epoch 21, 1150 / 1875] FPS: 71.8 (198.2)  ,  DataTime: 0.296 (0.012)  ,  ForwardTime: 0.137  ,  TotalTime: 0.446  ,  Loss/total: 3.62580  ,  Loss/ce: 3.59246  ,  IoU: 0.73675  ,  pro_loss: 0.16669
[train: Epoch 21, 1200 / 1875] FPS: 72.0 (205.6)  ,  DataTime: 0.295 (0.012)  ,  ForwardTime: 0.137  ,  TotalTime: 0.444  ,  Loss/total: 3.62626  ,  Loss/ce: 3.59293  ,  IoU: 0.73681  ,  pro_loss: 0.16667
[train: Epoch 21, 1250 / 1875] FPS: 71.8 (78.0)  ,  DataTime: 0.297 (0.012)  ,  ForwardTime: 0.137  ,  TotalTime: 0.446  ,  Loss/total: 3.62744  ,  Loss/ce: 3.59410  ,  IoU: 0.73662  ,  pro_loss: 0.16667
[train: Epoch 21, 1300 / 1875] FPS: 71.9 (202.0)  ,  DataTime: 0.296 (0.012)  ,  ForwardTime: 0.137  ,  TotalTime: 0.445  ,  Loss/total: 3.62602  ,  Loss/ce: 3.59269  ,  IoU: 0.73688  ,  pro_loss: 0.16667
[train: Epoch 21, 1350 / 1875] FPS: 71.5 (202.5)  ,  DataTime: 0.298 (0.012)  ,  ForwardTime: 0.137  ,  TotalTime: 0.447  ,  Loss/total: 3.62588  ,  Loss/ce: 3.59255  ,  IoU: 0.73708  ,  pro_loss: 0.16667
[train: Epoch 21, 1400 / 1875] FPS: 71.2 (198.8)  ,  DataTime: 0.300 (0.012)  ,  ForwardTime: 0.137  ,  TotalTime: 0.450  ,  Loss/total: 3.62497  ,  Loss/ce: 3.59164  ,  IoU: 0.73739  ,  pro_loss: 0.16667
[train: Epoch 21, 1450 / 1875] FPS: 71.0 (24.9)  ,  DataTime: 0.302 (0.012)  ,  ForwardTime: 0.137  ,  TotalTime: 0.451  ,  Loss/total: 3.62487  ,  Loss/ce: 3.59153  ,  IoU: 0.73731  ,  pro_loss: 0.16667
[train: Epoch 21, 1500 / 1875] FPS: 70.6 (203.7)  ,  DataTime: 0.304 (0.012)  ,  ForwardTime: 0.137  ,  TotalTime: 0.453  ,  Loss/total: 3.62460  ,  Loss/ce: 3.59127  ,  IoU: 0.73752  ,  pro_loss: 0.16667
[train: Epoch 21, 1550 / 1875] FPS: 70.3 (204.7)  ,  DataTime: 0.306 (0.012)  ,  ForwardTime: 0.137  ,  TotalTime: 0.455  ,  Loss/total: 3.62503  ,  Loss/ce: 3.59170  ,  IoU: 0.73750  ,  pro_loss: 0.16667
[train: Epoch 21, 1600 / 1875] FPS: 70.0 (33.2)  ,  DataTime: 0.308 (0.012)  ,  ForwardTime: 0.137  ,  TotalTime: 0.457  ,  Loss/total: 3.62462  ,  Loss/ce: 3.59129  ,  IoU: 0.73760  ,  pro_loss: 0.16667
[train: Epoch 21, 1650 / 1875] FPS: 69.8 (202.3)  ,  DataTime: 0.309 (0.012)  ,  ForwardTime: 0.137  ,  TotalTime: 0.459  ,  Loss/total: 3.62457  ,  Loss/ce: 3.59124  ,  IoU: 0.73777  ,  pro_loss: 0.16667
[train: Epoch 21, 1700 / 1875] FPS: 69.7 (206.8)  ,  DataTime: 0.310 (0.012)  ,  ForwardTime: 0.137  ,  TotalTime: 0.459  ,  Loss/total: 3.62507  ,  Loss/ce: 3.59173  ,  IoU: 0.73774  ,  pro_loss: 0.16667
[train: Epoch 21, 1750 / 1875] FPS: 69.5 (49.7)  ,  DataTime: 0.311 (0.012)  ,  ForwardTime: 0.137  ,  TotalTime: 0.460  ,  Loss/total: 3.62419  ,  Loss/ce: 3.59086  ,  IoU: 0.73806  ,  pro_loss: 0.16667
[train: Epoch 21, 1800 / 1875] FPS: 69.5 (206.3)  ,  DataTime: 0.311 (0.012)  ,  ForwardTime: 0.137  ,  TotalTime: 0.460  ,  Loss/total: 3.62475  ,  Loss/ce: 3.59142  ,  IoU: 0.73797  ,  pro_loss: 0.16666
[train: Epoch 21, 1850 / 1875] FPS: 69.3 (207.6)  ,  DataTime: 0.313 (0.012)  ,  ForwardTime: 0.137  ,  TotalTime: 0.462  ,  Loss/total: 3.62447  ,  Loss/ce: 3.59113  ,  IoU: 0.73808  ,  pro_loss: 0.16667
[train: Epoch 21, 1875 / 1875] FPS: 69.5 (209.8)  ,  DataTime: 0.311 (0.012)  ,  ForwardTime: 0.137  ,  TotalTime: 0.460  ,  Loss/total: 3.62446  ,  Loss/ce: 3.59113  ,  IoU: 0.73809  ,  pro_loss: 0.16667
[train: Epoch 22, 50 / 1875] FPS: 57.8 (200.9)  ,  DataTime: 0.404 (0.012)  ,  ForwardTime: 0.137  ,  TotalTime: 0.553  ,  Loss/total: 3.61005  ,  Loss/ce: 3.57670  ,  IoU: 0.74098  ,  pro_loss: 0.16672
[train: Epoch 22, 100 / 1875] FPS: 60.2 (12.3)  ,  DataTime: 0.383 (0.012)  ,  ForwardTime: 0.137  ,  TotalTime: 0.532  ,  Loss/total: 3.61206  ,  Loss/ce: 3.57874  ,  IoU: 0.73933  ,  pro_loss: 0.16658
[train: Epoch 22, 150 / 1875] FPS: 63.3 (203.0)  ,  DataTime: 0.357 (0.012)  ,  ForwardTime: 0.137  ,  TotalTime: 0.505  ,  Loss/total: 3.61322  ,  Loss/ce: 3.57990  ,  IoU: 0.73917  ,  pro_loss: 0.16660
[train: Epoch 22, 200 / 1875] FPS: 64.3 (206.8)  ,  DataTime: 0.349 (0.012)  ,  ForwardTime: 0.137  ,  TotalTime: 0.498  ,  Loss/total: 3.60932  ,  Loss/ce: 3.57599  ,  IoU: 0.73860  ,  pro_loss: 0.16661
[train: Epoch 22, 250 / 1875] FPS: 64.9 (201.0)  ,  DataTime: 0.345 (0.012)  ,  ForwardTime: 0.137  ,  TotalTime: 0.493  ,  Loss/total: 3.61251  ,  Loss/ce: 3.57918  ,  IoU: 0.73876  ,  pro_loss: 0.16663
[train: Epoch 22, 300 / 1875] FPS: 65.5 (208.5)  ,  DataTime: 0.340 (0.012)  ,  ForwardTime: 0.137  ,  TotalTime: 0.489  ,  Loss/total: 3.61004  ,  Loss/ce: 3.57670  ,  IoU: 0.73879  ,  pro_loss: 0.16666
[train: Epoch 22, 350 / 1875] FPS: 65.6 (14.3)  ,  DataTime: 0.339 (0.012)  ,  ForwardTime: 0.137  ,  TotalTime: 0.488  ,  Loss/total: 3.61154  ,  Loss/ce: 3.57821  ,  IoU: 0.73891  ,  pro_loss: 0.16665
[train: Epoch 22, 400 / 1875] FPS: 65.6 (12.7)  ,  DataTime: 0.339 (0.012)  ,  ForwardTime: 0.137  ,  TotalTime: 0.488  ,  Loss/total: 3.61426  ,  Loss/ce: 3.58093  ,  IoU: 0.73833  ,  pro_loss: 0.16665
[train: Epoch 22, 450 / 1875] FPS: 66.7 (202.3)  ,  DataTime: 0.331 (0.012)  ,  ForwardTime: 0.137  ,  TotalTime: 0.480  ,  Loss/total: 3.61759  ,  Loss/ce: 3.58426  ,  IoU: 0.73801  ,  pro_loss: 0.16665
[train: Epoch 22, 500 / 1875] FPS: 66.9 (208.5)  ,  DataTime: 0.329 (0.012)  ,  ForwardTime: 0.137  ,  TotalTime: 0.478  ,  Loss/total: 3.61982  ,  Loss/ce: 3.58649  ,  IoU: 0.73777  ,  pro_loss: 0.16665
[train: Epoch 22, 550 / 1875] FPS: 67.7 (201.5)  ,  DataTime: 0.324 (0.012)  ,  ForwardTime: 0.137  ,  TotalTime: 0.472  ,  Loss/total: 3.61988  ,  Loss/ce: 3.58655  ,  IoU: 0.73796  ,  pro_loss: 0.16664
[train: Epoch 22, 600 / 1875] FPS: 67.7 (200.9)  ,  DataTime: 0.324 (0.012)  ,  ForwardTime: 0.137  ,  TotalTime: 0.473  ,  Loss/total: 3.61941  ,  Loss/ce: 3.58608  ,  IoU: 0.73812  ,  pro_loss: 0.16664
[train: Epoch 22, 650 / 1875] FPS: 67.6 (205.8)  ,  DataTime: 0.324 (0.012)  ,  ForwardTime: 0.137  ,  TotalTime: 0.473  ,  Loss/total: 3.61866  ,  Loss/ce: 3.58533  ,  IoU: 0.73805  ,  pro_loss: 0.16663
[train: Epoch 22, 700 / 1875] FPS: 67.9 (202.7)  ,  DataTime: 0.323 (0.012)  ,  ForwardTime: 0.137  ,  TotalTime: 0.471  ,  Loss/total: 3.61694  ,  Loss/ce: 3.58361  ,  IoU: 0.73841  ,  pro_loss: 0.16663
[train: Epoch 22, 750 / 1875] FPS: 68.0 (22.0)  ,  DataTime: 0.322 (0.012)  ,  ForwardTime: 0.137  ,  TotalTime: 0.471  ,  Loss/total: 3.61899  ,  Loss/ce: 3.58566  ,  IoU: 0.73828  ,  pro_loss: 0.16664
[train: Epoch 22, 800 / 1875] FPS: 68.0 (8.0)  ,  DataTime: 0.322 (0.012)  ,  ForwardTime: 0.137  ,  TotalTime: 0.471  ,  Loss/total: 3.62068  ,  Loss/ce: 3.58735  ,  IoU: 0.73841  ,  pro_loss: 0.16664
[train: Epoch 22, 850 / 1875] FPS: 68.5 (204.6)  ,  DataTime: 0.318 (0.012)  ,  ForwardTime: 0.137  ,  TotalTime: 0.467  ,  Loss/total: 3.62106  ,  Loss/ce: 3.58773  ,  IoU: 0.73825  ,  pro_loss: 0.16664
[train: Epoch 22, 900 / 1875] FPS: 68.6 (17.5)  ,  DataTime: 0.317 (0.012)  ,  ForwardTime: 0.137  ,  TotalTime: 0.466  ,  Loss/total: 3.61974  ,  Loss/ce: 3.58641  ,  IoU: 0.73874  ,  pro_loss: 0.16663
[train: Epoch 22, 950 / 1875] FPS: 68.8 (207.2)  ,  DataTime: 0.316 (0.012)  ,  ForwardTime: 0.137  ,  TotalTime: 0.465  ,  Loss/total: 3.61936  ,  Loss/ce: 3.58604  ,  IoU: 0.73879  ,  pro_loss: 0.16663
[train: Epoch 22, 1000 / 1875] FPS: 69.0 (207.4)  ,  DataTime: 0.315 (0.012)  ,  ForwardTime: 0.137  ,  TotalTime: 0.464  ,  Loss/total: 3.61885  ,  Loss/ce: 3.58552  ,  IoU: 0.73874  ,  pro_loss: 0.16663
[train: Epoch 22, 1050 / 1875] FPS: 69.3 (206.1)  ,  DataTime: 0.313 (0.012)  ,  ForwardTime: 0.137  ,  TotalTime: 0.461  ,  Loss/total: 3.61866  ,  Loss/ce: 3.58534  ,  IoU: 0.73890  ,  pro_loss: 0.16664
[train: Epoch 22, 1100 / 1875] FPS: 69.2 (15.7)  ,  DataTime: 0.314 (0.012)  ,  ForwardTime: 0.137  ,  TotalTime: 0.462  ,  Loss/total: 3.61949  ,  Loss/ce: 3.58616  ,  IoU: 0.73878  ,  pro_loss: 0.16664
[train: Epoch 22, 1150 / 1875] FPS: 69.5 (209.2)  ,  DataTime: 0.312 (0.012)  ,  ForwardTime: 0.137  ,  TotalTime: 0.461  ,  Loss/total: 3.61909  ,  Loss/ce: 3.58576  ,  IoU: 0.73867  ,  pro_loss: 0.16665
[train: Epoch 22, 1200 / 1875] FPS: 69.8 (204.0)  ,  DataTime: 0.310 (0.012)  ,  ForwardTime: 0.137  ,  TotalTime: 0.459  ,  Loss/total: 3.61801  ,  Loss/ce: 3.58468  ,  IoU: 0.73861  ,  pro_loss: 0.16665
[train: Epoch 22, 1250 / 1875] FPS: 69.8 (197.2)  ,  DataTime: 0.309 (0.012)  ,  ForwardTime: 0.137  ,  TotalTime: 0.458  ,  Loss/total: 3.61863  ,  Loss/ce: 3.58530  ,  IoU: 0.73847  ,  pro_loss: 0.16665
[train: Epoch 22, 1300 / 1875] FPS: 69.9 (198.9)  ,  DataTime: 0.309 (0.012)  ,  ForwardTime: 0.137  ,  TotalTime: 0.458  ,  Loss/total: 3.61802  ,  Loss/ce: 3.58469  ,  IoU: 0.73843  ,  pro_loss: 0.16665
[train: Epoch 22, 1350 / 1875] FPS: 69.6 (194.5)  ,  DataTime: 0.311 (0.012)  ,  ForwardTime: 0.137  ,  TotalTime: 0.460  ,  Loss/total: 3.61866  ,  Loss/ce: 3.58533  ,  IoU: 0.73831  ,  pro_loss: 0.16665
[train: Epoch 22, 1400 / 1875] FPS: 69.6 (199.9)  ,  DataTime: 0.311 (0.012)  ,  ForwardTime: 0.137  ,  TotalTime: 0.460  ,  Loss/total: 3.61834  ,  Loss/ce: 3.58501  ,  IoU: 0.73847  ,  pro_loss: 0.16665
[train: Epoch 22, 1450 / 1875] FPS: 69.6 (193.3)  ,  DataTime: 0.310 (0.012)  ,  ForwardTime: 0.137  ,  TotalTime: 0.460  ,  Loss/total: 3.61815  ,  Loss/ce: 3.58482  ,  IoU: 0.73843  ,  pro_loss: 0.16665
[train: Epoch 22, 1500 / 1875] FPS: 69.7 (203.3)  ,  DataTime: 0.310 (0.012)  ,  ForwardTime: 0.137  ,  TotalTime: 0.459  ,  Loss/total: 3.61782  ,  Loss/ce: 3.58449  ,  IoU: 0.73839  ,  pro_loss: 0.16665
[train: Epoch 22, 1550 / 1875] FPS: 69.5 (10.6)  ,  DataTime: 0.311 (0.012)  ,  ForwardTime: 0.137  ,  TotalTime: 0.460  ,  Loss/total: 3.61719  ,  Loss/ce: 3.58386  ,  IoU: 0.73871  ,  pro_loss: 0.16665
[train: Epoch 22, 1600 / 1875] FPS: 69.7 (199.5)  ,  DataTime: 0.310 (0.012)  ,  ForwardTime: 0.137  ,  TotalTime: 0.459  ,  Loss/total: 3.61718  ,  Loss/ce: 3.58385  ,  IoU: 0.73881  ,  pro_loss: 0.16665
[train: Epoch 22, 1650 / 1875] FPS: 69.6 (201.6)  ,  DataTime: 0.310 (0.012)  ,  ForwardTime: 0.137  ,  TotalTime: 0.460  ,  Loss/total: 3.61684  ,  Loss/ce: 3.58350  ,  IoU: 0.73874  ,  pro_loss: 0.16666
[train: Epoch 22, 1700 / 1875] FPS: 69.7 (206.1)  ,  DataTime: 0.310 (0.012)  ,  ForwardTime: 0.137  ,  TotalTime: 0.459  ,  Loss/total: 3.61761  ,  Loss/ce: 3.58428  ,  IoU: 0.73855  ,  pro_loss: 0.16666
[train: Epoch 22, 1750 / 1875] FPS: 69.3 (8.6)  ,  DataTime: 0.312 (0.012)  ,  ForwardTime: 0.137  ,  TotalTime: 0.462  ,  Loss/total: 3.61640  ,  Loss/ce: 3.58307  ,  IoU: 0.73899  ,  pro_loss: 0.16666
[train: Epoch 22, 1800 / 1875] FPS: 69.5 (203.0)  ,  DataTime: 0.312 (0.012)  ,  ForwardTime: 0.137  ,  TotalTime: 0.461  ,  Loss/total: 3.61599  ,  Loss/ce: 3.58266  ,  IoU: 0.73902  ,  pro_loss: 0.16666
[train: Epoch 22, 1850 / 1875] FPS: 69.6 (199.6)  ,  DataTime: 0.311 (0.012)  ,  ForwardTime: 0.137  ,  TotalTime: 0.460  ,  Loss/total: 3.61598  ,  Loss/ce: 3.58265  ,  IoU: 0.73901  ,  pro_loss: 0.16666
[train: Epoch 22, 1875 / 1875] FPS: 69.8 (207.3)  ,  DataTime: 0.310 (0.012)  ,  ForwardTime: 0.137  ,  TotalTime: 0.459  ,  Loss/total: 3.61554  ,  Loss/ce: 3.58221  ,  IoU: 0.73912  ,  pro_loss: 0.16666
[train: Epoch 23, 50 / 1875] FPS: 60.1 (208.1)  ,  DataTime: 0.384 (0.012)  ,  ForwardTime: 0.137  ,  TotalTime: 0.533  ,  Loss/total: 3.60922  ,  Loss/ce: 3.57589  ,  IoU: 0.74140  ,  pro_loss: 0.16666
[train: Epoch 23, 100 / 1875] FPS: 63.2 (208.7)  ,  DataTime: 0.358 (0.012)  ,  ForwardTime: 0.137  ,  TotalTime: 0.507  ,  Loss/total: 3.60968  ,  Loss/ce: 3.57635  ,  IoU: 0.74515  ,  pro_loss: 0.16666
[train: Epoch 23, 150 / 1875] FPS: 65.9 (41.8)  ,  DataTime: 0.337 (0.012)  ,  ForwardTime: 0.137  ,  TotalTime: 0.485  ,  Loss/total: 3.59708  ,  Loss/ce: 3.56374  ,  IoU: 0.74754  ,  pro_loss: 0.16667
[train: Epoch 23, 200 / 1875] FPS: 68.0 (99.9)  ,  DataTime: 0.322 (0.012)  ,  ForwardTime: 0.137  ,  TotalTime: 0.471  ,  Loss/total: 3.60438  ,  Loss/ce: 3.57105  ,  IoU: 0.74467  ,  pro_loss: 0.16667
[train: Epoch 23, 250 / 1875] FPS: 69.2 (204.3)  ,  DataTime: 0.314 (0.012)  ,  ForwardTime: 0.137  ,  TotalTime: 0.463  ,  Loss/total: 3.60155  ,  Loss/ce: 3.56822  ,  IoU: 0.74335  ,  pro_loss: 0.16667
[train: Epoch 23, 300 / 1875] FPS: 68.5 (197.9)  ,  DataTime: 0.318 (0.012)  ,  ForwardTime: 0.137  ,  TotalTime: 0.467  ,  Loss/total: 3.60275  ,  Loss/ce: 3.56941  ,  IoU: 0.74243  ,  pro_loss: 0.16667
[train: Epoch 23, 350 / 1875] FPS: 68.9 (205.0)  ,  DataTime: 0.315 (0.012)  ,  ForwardTime: 0.137  ,  TotalTime: 0.464  ,  Loss/total: 3.60094  ,  Loss/ce: 3.56761  ,  IoU: 0.74415  ,  pro_loss: 0.16667
[train: Epoch 23, 400 / 1875] FPS: 68.5 (199.2)  ,  DataTime: 0.318 (0.012)  ,  ForwardTime: 0.137  ,  TotalTime: 0.467  ,  Loss/total: 3.59884  ,  Loss/ce: 3.56551  ,  IoU: 0.74525  ,  pro_loss: 0.16666
[train: Epoch 23, 450 / 1875] FPS: 68.2 (31.9)  ,  DataTime: 0.320 (0.012)  ,  ForwardTime: 0.137  ,  TotalTime: 0.469  ,  Loss/total: 3.59650  ,  Loss/ce: 3.56317  ,  IoU: 0.74559  ,  pro_loss: 0.16665
[train: Epoch 23, 500 / 1875] FPS: 68.2 (207.9)  ,  DataTime: 0.320 (0.012)  ,  ForwardTime: 0.137  ,  TotalTime: 0.469  ,  Loss/total: 3.59504  ,  Loss/ce: 3.56171  ,  IoU: 0.74506  ,  pro_loss: 0.16666
[train: Epoch 23, 550 / 1875] FPS: 68.6 (21.8)  ,  DataTime: 0.317 (0.012)  ,  ForwardTime: 0.137  ,  TotalTime: 0.466  ,  Loss/total: 3.59660  ,  Loss/ce: 3.56327  ,  IoU: 0.74422  ,  pro_loss: 0.16665
[train: Epoch 23, 600 / 1875] FPS: 69.0 (199.2)  ,  DataTime: 0.314 (0.012)  ,  ForwardTime: 0.137  ,  TotalTime: 0.464  ,  Loss/total: 3.59708  ,  Loss/ce: 3.56376  ,  IoU: 0.74382  ,  pro_loss: 0.16664
[train: Epoch 23, 650 / 1875] FPS: 68.7 (11.8)  ,  DataTime: 0.317 (0.012)  ,  ForwardTime: 0.137  ,  TotalTime: 0.466  ,  Loss/total: 3.59788  ,  Loss/ce: 3.56455  ,  IoU: 0.74357  ,  pro_loss: 0.16665
[train: Epoch 23, 700 / 1875] FPS: 69.0 (207.8)  ,  DataTime: 0.314 (0.012)  ,  ForwardTime: 0.137  ,  TotalTime: 0.463  ,  Loss/total: 3.59721  ,  Loss/ce: 3.56388  ,  IoU: 0.74388  ,  pro_loss: 0.16665
[train: Epoch 23, 750 / 1875] FPS: 69.3 (193.2)  ,  DataTime: 0.313 (0.012)  ,  ForwardTime: 0.137  ,  TotalTime: 0.462  ,  Loss/total: 3.59925  ,  Loss/ce: 3.56592  ,  IoU: 0.74303  ,  pro_loss: 0.16665
[train: Epoch 23, 800 / 1875] FPS: 69.5 (203.8)  ,  DataTime: 0.312 (0.012)  ,  ForwardTime: 0.137  ,  TotalTime: 0.461  ,  Loss/total: 3.59808  ,  Loss/ce: 3.56475  ,  IoU: 0.74347  ,  pro_loss: 0.16666
[train: Epoch 23, 850 / 1875] FPS: 69.8 (206.0)  ,  DataTime: 0.309 (0.012)  ,  ForwardTime: 0.137  ,  TotalTime: 0.458  ,  Loss/total: 3.59771  ,  Loss/ce: 3.56438  ,  IoU: 0.74389  ,  pro_loss: 0.16666
[train: Epoch 23, 900 / 1875] FPS: 69.3 (204.4)  ,  DataTime: 0.312 (0.012)  ,  ForwardTime: 0.137  ,  TotalTime: 0.461  ,  Loss/total: 3.59833  ,  Loss/ce: 3.56500  ,  IoU: 0.74340  ,  pro_loss: 0.16665
[train: Epoch 23, 950 / 1875] FPS: 69.6 (200.0)  ,  DataTime: 0.311 (0.012)  ,  ForwardTime: 0.137  ,  TotalTime: 0.460  ,  Loss/total: 3.59891  ,  Loss/ce: 3.56558  ,  IoU: 0.74320  ,  pro_loss: 0.16665
[train: Epoch 23, 1000 / 1875] FPS: 69.5 (200.6)  ,  DataTime: 0.311 (0.012)  ,  ForwardTime: 0.137  ,  TotalTime: 0.460  ,  Loss/total: 3.59859  ,  Loss/ce: 3.56526  ,  IoU: 0.74363  ,  pro_loss: 0.16665
[train: Epoch 23, 1050 / 1875] FPS: 69.0 (7.3)  ,  DataTime: 0.315 (0.012)  ,  ForwardTime: 0.137  ,  TotalTime: 0.464  ,  Loss/total: 3.59986  ,  Loss/ce: 3.56653  ,  IoU: 0.74344  ,  pro_loss: 0.16665
[train: Epoch 23, 1100 / 1875] FPS: 68.9 (207.0)  ,  DataTime: 0.315 (0.012)  ,  ForwardTime: 0.137  ,  TotalTime: 0.464  ,  Loss/total: 3.59900  ,  Loss/ce: 3.56567  ,  IoU: 0.74340  ,  pro_loss: 0.16665
[train: Epoch 23, 1150 / 1875] FPS: 69.1 (202.4)  ,  DataTime: 0.314 (0.012)  ,  ForwardTime: 0.137  ,  TotalTime: 0.463  ,  Loss/total: 3.59974  ,  Loss/ce: 3.56641  ,  IoU: 0.74340  ,  pro_loss: 0.16665
[train: Epoch 23, 1200 / 1875] FPS: 69.0 (204.9)  ,  DataTime: 0.315 (0.012)  ,  ForwardTime: 0.137  ,  TotalTime: 0.464  ,  Loss/total: 3.59933  ,  Loss/ce: 3.56600  ,  IoU: 0.74333  ,  pro_loss: 0.16665
[train: Epoch 23, 1250 / 1875] FPS: 69.0 (204.4)  ,  DataTime: 0.315 (0.012)  ,  ForwardTime: 0.137  ,  TotalTime: 0.464  ,  Loss/total: 3.59939  ,  Loss/ce: 3.56606  ,  IoU: 0.74314  ,  pro_loss: 0.16665
[train: Epoch 23, 1300 / 1875] FPS: 69.1 (202.8)  ,  DataTime: 0.314 (0.012)  ,  ForwardTime: 0.137  ,  TotalTime: 0.463  ,  Loss/total: 3.59852  ,  Loss/ce: 3.56518  ,  IoU: 0.74329  ,  pro_loss: 0.16665
[train: Epoch 23, 1350 / 1875] FPS: 68.7 (199.3)  ,  DataTime: 0.317 (0.012)  ,  ForwardTime: 0.137  ,  TotalTime: 0.466  ,  Loss/total: 3.59809  ,  Loss/ce: 3.56476  ,  IoU: 0.74356  ,  pro_loss: 0.16666
[train: Epoch 23, 1400 / 1875] FPS: 68.6 (205.9)  ,  DataTime: 0.317 (0.012)  ,  ForwardTime: 0.137  ,  TotalTime: 0.466  ,  Loss/total: 3.59861  ,  Loss/ce: 3.56528  ,  IoU: 0.74353  ,  pro_loss: 0.16666
[train: Epoch 23, 1450 / 1875] FPS: 68.7 (198.4)  ,  DataTime: 0.316 (0.012)  ,  ForwardTime: 0.137  ,  TotalTime: 0.465  ,  Loss/total: 3.59884  ,  Loss/ce: 3.56551  ,  IoU: 0.74340  ,  pro_loss: 0.16665
[train: Epoch 23, 1500 / 1875] FPS: 68.6 (208.0)  ,  DataTime: 0.317 (0.012)  ,  ForwardTime: 0.137  ,  TotalTime: 0.466  ,  Loss/total: 3.59773  ,  Loss/ce: 3.56440  ,  IoU: 0.74361  ,  pro_loss: 0.16665
[train: Epoch 23, 1550 / 1875] FPS: 68.6 (28.5)  ,  DataTime: 0.318 (0.012)  ,  ForwardTime: 0.137  ,  TotalTime: 0.467  ,  Loss/total: 3.59784  ,  Loss/ce: 3.56451  ,  IoU: 0.74359  ,  pro_loss: 0.16665
[train: Epoch 23, 1600 / 1875] FPS: 68.3 (203.4)  ,  DataTime: 0.319 (0.012)  ,  ForwardTime: 0.137  ,  TotalTime: 0.468  ,  Loss/total: 3.59798  ,  Loss/ce: 3.56465  ,  IoU: 0.74355  ,  pro_loss: 0.16665
[train: Epoch 23, 1650 / 1875] FPS: 68.5 (206.8)  ,  DataTime: 0.318 (0.012)  ,  ForwardTime: 0.137  ,  TotalTime: 0.467  ,  Loss/total: 3.59752  ,  Loss/ce: 3.56419  ,  IoU: 0.74365  ,  pro_loss: 0.16666
[train: Epoch 23, 1700 / 1875] FPS: 68.2 (198.1)  ,  DataTime: 0.320 (0.012)  ,  ForwardTime: 0.137  ,  TotalTime: 0.469  ,  Loss/total: 3.59768  ,  Loss/ce: 3.56434  ,  IoU: 0.74358  ,  pro_loss: 0.16666
[train: Epoch 23, 1750 / 1875] FPS: 68.2 (203.3)  ,  DataTime: 0.320 (0.012)  ,  ForwardTime: 0.137  ,  TotalTime: 0.469  ,  Loss/total: 3.59696  ,  Loss/ce: 3.56363  ,  IoU: 0.74373  ,  pro_loss: 0.16666
[train: Epoch 23, 1800 / 1875] FPS: 68.1 (200.1)  ,  DataTime: 0.321 (0.012)  ,  ForwardTime: 0.137  ,  TotalTime: 0.470  ,  Loss/total: 3.59738  ,  Loss/ce: 3.56405  ,  IoU: 0.74357  ,  pro_loss: 0.16666
[train: Epoch 23, 1850 / 1875] FPS: 68.2 (201.4)  ,  DataTime: 0.320 (0.012)  ,  ForwardTime: 0.137  ,  TotalTime: 0.469  ,  Loss/total: 3.59727  ,  Loss/ce: 3.56393  ,  IoU: 0.74348  ,  pro_loss: 0.16666
[train: Epoch 23, 1875 / 1875] FPS: 68.3 (205.4)  ,  DataTime: 0.319 (0.012)  ,  ForwardTime: 0.137  ,  TotalTime: 0.469  ,  Loss/total: 3.59780  ,  Loss/ce: 3.56447  ,  IoU: 0.74336  ,  pro_loss: 0.16666
[train: Epoch 24, 50 / 1875] FPS: 58.5 (205.3)  ,  DataTime: 0.397 (0.012)  ,  ForwardTime: 0.138  ,  TotalTime: 0.547  ,  Loss/total: 3.60096  ,  Loss/ce: 3.56762  ,  IoU: 0.74214  ,  pro_loss: 0.16672
[train: Epoch 24, 100 / 1875] FPS: 60.8 (207.3)  ,  DataTime: 0.377 (0.012)  ,  ForwardTime: 0.137  ,  TotalTime: 0.526  ,  Loss/total: 3.60413  ,  Loss/ce: 3.57079  ,  IoU: 0.74377  ,  pro_loss: 0.16672
[train: Epoch 24, 150 / 1875] FPS: 61.4 (205.9)  ,  DataTime: 0.373 (0.012)  ,  ForwardTime: 0.137  ,  TotalTime: 0.522  ,  Loss/total: 3.59934  ,  Loss/ce: 3.56600  ,  IoU: 0.74351  ,  pro_loss: 0.16670
[train: Epoch 24, 200 / 1875] FPS: 62.9 (13.9)  ,  DataTime: 0.360 (0.012)  ,  ForwardTime: 0.137  ,  TotalTime: 0.509  ,  Loss/total: 3.59762  ,  Loss/ce: 3.56429  ,  IoU: 0.74158  ,  pro_loss: 0.16666
[train: Epoch 24, 250 / 1875] FPS: 63.7 (208.9)  ,  DataTime: 0.353 (0.012)  ,  ForwardTime: 0.137  ,  TotalTime: 0.502  ,  Loss/total: 3.59332  ,  Loss/ce: 3.55999  ,  IoU: 0.74266  ,  pro_loss: 0.16666
[train: Epoch 24, 300 / 1875] FPS: 64.0 (19.7)  ,  DataTime: 0.351 (0.012)  ,  ForwardTime: 0.137  ,  TotalTime: 0.500  ,  Loss/total: 3.59424  ,  Loss/ce: 3.56091  ,  IoU: 0.74363  ,  pro_loss: 0.16664
[train: Epoch 24, 350 / 1875] FPS: 64.7 (27.1)  ,  DataTime: 0.345 (0.012)  ,  ForwardTime: 0.137  ,  TotalTime: 0.494  ,  Loss/total: 3.59447  ,  Loss/ce: 3.56115  ,  IoU: 0.74387  ,  pro_loss: 0.16661
[train: Epoch 24, 400 / 1875] FPS: 64.6 (204.3)  ,  DataTime: 0.346 (0.012)  ,  ForwardTime: 0.137  ,  TotalTime: 0.495  ,  Loss/total: 3.59300  ,  Loss/ce: 3.55967  ,  IoU: 0.74376  ,  pro_loss: 0.16662
[train: Epoch 24, 450 / 1875] FPS: 65.5 (202.3)  ,  DataTime: 0.340 (0.012)  ,  ForwardTime: 0.137  ,  TotalTime: 0.489  ,  Loss/total: 3.59294  ,  Loss/ce: 3.55962  ,  IoU: 0.74395  ,  pro_loss: 0.16662
[train: Epoch 24, 500 / 1875] FPS: 66.1 (204.3)  ,  DataTime: 0.335 (0.012)  ,  ForwardTime: 0.137  ,  TotalTime: 0.484  ,  Loss/total: 3.59530  ,  Loss/ce: 3.56197  ,  IoU: 0.74304  ,  pro_loss: 0.16663
[train: Epoch 24, 550 / 1875] FPS: 66.3 (12.4)  ,  DataTime: 0.334 (0.012)  ,  ForwardTime: 0.137  ,  TotalTime: 0.483  ,  Loss/total: 3.59489  ,  Loss/ce: 3.56157  ,  IoU: 0.74289  ,  pro_loss: 0.16664
[train: Epoch 24, 600 / 1875] FPS: 66.4 (208.2)  ,  DataTime: 0.333 (0.012)  ,  ForwardTime: 0.137  ,  TotalTime: 0.482  ,  Loss/total: 3.59332  ,  Loss/ce: 3.55999  ,  IoU: 0.74284  ,  pro_loss: 0.16663
[train: Epoch 24, 650 / 1875] FPS: 66.9 (206.9)  ,  DataTime: 0.329 (0.012)  ,  ForwardTime: 0.137  ,  TotalTime: 0.478  ,  Loss/total: 3.59279  ,  Loss/ce: 3.55946  ,  IoU: 0.74303  ,  pro_loss: 0.16664
[train: Epoch 24, 700 / 1875] FPS: 67.6 (208.2)  ,  DataTime: 0.325 (0.012)  ,  ForwardTime: 0.137  ,  TotalTime: 0.474  ,  Loss/total: 3.59188  ,  Loss/ce: 3.55855  ,  IoU: 0.74328  ,  pro_loss: 0.16664
[train: Epoch 24, 750 / 1875] FPS: 67.8 (202.4)  ,  DataTime: 0.323 (0.012)  ,  ForwardTime: 0.137  ,  TotalTime: 0.472  ,  Loss/total: 3.59039  ,  Loss/ce: 3.55706  ,  IoU: 0.74386  ,  pro_loss: 0.16665
[train: Epoch 24, 800 / 1875] FPS: 67.8 (198.2)  ,  DataTime: 0.323 (0.012)  ,  ForwardTime: 0.137  ,  TotalTime: 0.472  ,  Loss/total: 3.59087  ,  Loss/ce: 3.55754  ,  IoU: 0.74375  ,  pro_loss: 0.16665
[train: Epoch 24, 850 / 1875] FPS: 68.0 (208.8)  ,  DataTime: 0.321 (0.012)  ,  ForwardTime: 0.137  ,  TotalTime: 0.470  ,  Loss/total: 3.59106  ,  Loss/ce: 3.55773  ,  IoU: 0.74373  ,  pro_loss: 0.16666
[train: Epoch 24, 900 / 1875] FPS: 68.2 (88.0)  ,  DataTime: 0.320 (0.012)  ,  ForwardTime: 0.137  ,  TotalTime: 0.469  ,  Loss/total: 3.59136  ,  Loss/ce: 3.55803  ,  IoU: 0.74378  ,  pro_loss: 0.16665
[train: Epoch 24, 950 / 1875] FPS: 68.5 (203.4)  ,  DataTime: 0.318 (0.012)  ,  ForwardTime: 0.137  ,  TotalTime: 0.467  ,  Loss/total: 3.59200  ,  Loss/ce: 3.55867  ,  IoU: 0.74394  ,  pro_loss: 0.16664
[train: Epoch 24, 1000 / 1875] FPS: 68.5 (206.0)  ,  DataTime: 0.319 (0.012)  ,  ForwardTime: 0.137  ,  TotalTime: 0.467  ,  Loss/total: 3.59160  ,  Loss/ce: 3.55827  ,  IoU: 0.74398  ,  pro_loss: 0.16664
[train: Epoch 24, 1050 / 1875] FPS: 68.7 (208.0)  ,  DataTime: 0.317 (0.012)  ,  ForwardTime: 0.137  ,  TotalTime: 0.466  ,  Loss/total: 3.59077  ,  Loss/ce: 3.55744  ,  IoU: 0.74444  ,  pro_loss: 0.16664
[train: Epoch 24, 1100 / 1875] FPS: 68.9 (199.5)  ,  DataTime: 0.316 (0.012)  ,  ForwardTime: 0.137  ,  TotalTime: 0.465  ,  Loss/total: 3.59155  ,  Loss/ce: 3.55822  ,  IoU: 0.74435  ,  pro_loss: 0.16664
[train: Epoch 24, 1150 / 1875] FPS: 68.5 (11.9)  ,  DataTime: 0.318 (0.012)  ,  ForwardTime: 0.137  ,  TotalTime: 0.467  ,  Loss/total: 3.59103  ,  Loss/ce: 3.55770  ,  IoU: 0.74464  ,  pro_loss: 0.16664
[train: Epoch 24, 1200 / 1875] FPS: 68.6 (204.1)  ,  DataTime: 0.317 (0.012)  ,  ForwardTime: 0.137  ,  TotalTime: 0.466  ,  Loss/total: 3.59133  ,  Loss/ce: 3.55801  ,  IoU: 0.74458  ,  pro_loss: 0.16664
[train: Epoch 24, 1250 / 1875] FPS: 68.7 (204.9)  ,  DataTime: 0.317 (0.012)  ,  ForwardTime: 0.137  ,  TotalTime: 0.466  ,  Loss/total: 3.59068  ,  Loss/ce: 3.55735  ,  IoU: 0.74462  ,  pro_loss: 0.16663
[train: Epoch 24, 1300 / 1875] FPS: 68.9 (203.0)  ,  DataTime: 0.316 (0.012)  ,  ForwardTime: 0.137  ,  TotalTime: 0.465  ,  Loss/total: 3.59028  ,  Loss/ce: 3.55695  ,  IoU: 0.74464  ,  pro_loss: 0.16664
[train: Epoch 24, 1350 / 1875] FPS: 68.6 (200.1)  ,  DataTime: 0.317 (0.012)  ,  ForwardTime: 0.137  ,  TotalTime: 0.466  ,  Loss/total: 3.58945  ,  Loss/ce: 3.55612  ,  IoU: 0.74484  ,  pro_loss: 0.16663
[train: Epoch 24, 1400 / 1875] FPS: 68.7 (200.3)  ,  DataTime: 0.317 (0.012)  ,  ForwardTime: 0.137  ,  TotalTime: 0.466  ,  Loss/total: 3.58951  ,  Loss/ce: 3.55618  ,  IoU: 0.74472  ,  pro_loss: 0.16663
[train: Epoch 24, 1450 / 1875] FPS: 68.9 (206.1)  ,  DataTime: 0.316 (0.012)  ,  ForwardTime: 0.137  ,  TotalTime: 0.465  ,  Loss/total: 3.58966  ,  Loss/ce: 3.55633  ,  IoU: 0.74469  ,  pro_loss: 0.16664
[train: Epoch 24, 1500 / 1875] FPS: 68.8 (201.9)  ,  DataTime: 0.316 (0.012)  ,  ForwardTime: 0.137  ,  TotalTime: 0.465  ,  Loss/total: 3.58940  ,  Loss/ce: 3.55607  ,  IoU: 0.74469  ,  pro_loss: 0.16664
[train: Epoch 24, 1550 / 1875] FPS: 68.8 (19.0)  ,  DataTime: 0.316 (0.012)  ,  ForwardTime: 0.137  ,  TotalTime: 0.465  ,  Loss/total: 3.58976  ,  Loss/ce: 3.55643  ,  IoU: 0.74462  ,  pro_loss: 0.16664
[train: Epoch 24, 1600 / 1875] FPS: 68.8 (201.7)  ,  DataTime: 0.316 (0.012)  ,  ForwardTime: 0.137  ,  TotalTime: 0.465  ,  Loss/total: 3.58987  ,  Loss/ce: 3.55654  ,  IoU: 0.74464  ,  pro_loss: 0.16664
[train: Epoch 24, 1650 / 1875] FPS: 68.9 (85.4)  ,  DataTime: 0.315 (0.012)  ,  ForwardTime: 0.137  ,  TotalTime: 0.464  ,  Loss/total: 3.58991  ,  Loss/ce: 3.55658  ,  IoU: 0.74469  ,  pro_loss: 0.16664
[train: Epoch 24, 1700 / 1875] FPS: 68.8 (195.8)  ,  DataTime: 0.316 (0.012)  ,  ForwardTime: 0.137  ,  TotalTime: 0.465  ,  Loss/total: 3.59078  ,  Loss/ce: 3.55745  ,  IoU: 0.74454  ,  pro_loss: 0.16664
[train: Epoch 24, 1750 / 1875] FPS: 69.0 (200.9)  ,  DataTime: 0.314 (0.012)  ,  ForwardTime: 0.137  ,  TotalTime: 0.464  ,  Loss/total: 3.59065  ,  Loss/ce: 3.55732  ,  IoU: 0.74460  ,  pro_loss: 0.16664
[train: Epoch 24, 1800 / 1875] FPS: 69.0 (205.5)  ,  DataTime: 0.315 (0.012)  ,  ForwardTime: 0.137  ,  TotalTime: 0.464  ,  Loss/total: 3.59100  ,  Loss/ce: 3.55767  ,  IoU: 0.74463  ,  pro_loss: 0.16663
[train: Epoch 24, 1850 / 1875] FPS: 69.1 (203.3)  ,  DataTime: 0.314 (0.012)  ,  ForwardTime: 0.137  ,  TotalTime: 0.463  ,  Loss/total: 3.59095  ,  Loss/ce: 3.55762  ,  IoU: 0.74481  ,  pro_loss: 0.16664
[train: Epoch 24, 1875 / 1875] FPS: 69.3 (206.8)  ,  DataTime: 0.313 (0.012)  ,  ForwardTime: 0.137  ,  TotalTime: 0.462  ,  Loss/total: 3.59093  ,  Loss/ce: 3.55761  ,  IoU: 0.74481  ,  pro_loss: 0.16664
[train: Epoch 25, 50 / 1875] FPS: 67.1 (200.2)  ,  DataTime: 0.328 (0.012)  ,  ForwardTime: 0.137  ,  TotalTime: 0.477  ,  Loss/total: 3.57760  ,  Loss/ce: 3.54425  ,  IoU: 0.75215  ,  pro_loss: 0.16676
[train: Epoch 25, 100 / 1875] FPS: 68.2 (189.8)  ,  DataTime: 0.320 (0.012)  ,  ForwardTime: 0.137  ,  TotalTime: 0.469  ,  Loss/total: 3.57298  ,  Loss/ce: 3.53965  ,  IoU: 0.75070  ,  pro_loss: 0.16668
[train: Epoch 25, 150 / 1875] FPS: 69.3 (203.5)  ,  DataTime: 0.313 (0.012)  ,  ForwardTime: 0.137  ,  TotalTime: 0.462  ,  Loss/total: 3.58139  ,  Loss/ce: 3.54806  ,  IoU: 0.74887  ,  pro_loss: 0.16667
[train: Epoch 25, 200 / 1875] FPS: 69.5 (203.0)  ,  DataTime: 0.311 (0.012)  ,  ForwardTime: 0.137  ,  TotalTime: 0.460  ,  Loss/total: 3.57847  ,  Loss/ce: 3.54513  ,  IoU: 0.74923  ,  pro_loss: 0.16669
[train: Epoch 25, 250 / 1875] FPS: 71.3 (208.6)  ,  DataTime: 0.300 (0.012)  ,  ForwardTime: 0.137  ,  TotalTime: 0.449  ,  Loss/total: 3.58106  ,  Loss/ce: 3.54772  ,  IoU: 0.74820  ,  pro_loss: 0.16669
[train: Epoch 25, 300 / 1875] FPS: 70.7 (16.8)  ,  DataTime: 0.304 (0.012)  ,  ForwardTime: 0.137  ,  TotalTime: 0.453  ,  Loss/total: 3.58231  ,  Loss/ce: 3.54897  ,  IoU: 0.74794  ,  pro_loss: 0.16671
[train: Epoch 25, 350 / 1875] FPS: 70.3 (206.6)  ,  DataTime: 0.306 (0.012)  ,  ForwardTime: 0.137  ,  TotalTime: 0.455  ,  Loss/total: 3.58448  ,  Loss/ce: 3.55114  ,  IoU: 0.74760  ,  pro_loss: 0.16669
[train: Epoch 25, 400 / 1875] FPS: 71.9 (207.0)  ,  DataTime: 0.296 (0.012)  ,  ForwardTime: 0.137  ,  TotalTime: 0.445  ,  Loss/total: 3.58384  ,  Loss/ce: 3.55050  ,  IoU: 0.74721  ,  pro_loss: 0.16670
[train: Epoch 25, 450 / 1875] FPS: 72.1 (205.4)  ,  DataTime: 0.295 (0.012)  ,  ForwardTime: 0.137  ,  TotalTime: 0.444  ,  Loss/total: 3.58470  ,  Loss/ce: 3.55137  ,  IoU: 0.74756  ,  pro_loss: 0.16669
[train: Epoch 25, 500 / 1875] FPS: 72.5 (204.2)  ,  DataTime: 0.292 (0.012)  ,  ForwardTime: 0.137  ,  TotalTime: 0.441  ,  Loss/total: 3.58343  ,  Loss/ce: 3.55009  ,  IoU: 0.74782  ,  pro_loss: 0.16668
[train: Epoch 25, 550 / 1875] FPS: 73.0 (200.7)  ,  DataTime: 0.290 (0.012)  ,  ForwardTime: 0.137  ,  TotalTime: 0.439  ,  Loss/total: 3.58554  ,  Loss/ce: 3.55221  ,  IoU: 0.74728  ,  pro_loss: 0.16665
[train: Epoch 25, 600 / 1875] FPS: 72.8 (207.3)  ,  DataTime: 0.291 (0.012)  ,  ForwardTime: 0.137  ,  TotalTime: 0.439  ,  Loss/total: 3.58798  ,  Loss/ce: 3.55464  ,  IoU: 0.74673  ,  pro_loss: 0.16667
[train: Epoch 25, 650 / 1875] FPS: 72.9 (207.1)  ,  DataTime: 0.290 (0.012)  ,  ForwardTime: 0.137  ,  TotalTime: 0.439  ,  Loss/total: 3.58577  ,  Loss/ce: 3.55244  ,  IoU: 0.74717  ,  pro_loss: 0.16666
[train: Epoch 25, 700 / 1875] FPS: 73.3 (200.8)  ,  DataTime: 0.288 (0.012)  ,  ForwardTime: 0.137  ,  TotalTime: 0.436  ,  Loss/total: 3.58727  ,  Loss/ce: 3.55393  ,  IoU: 0.74709  ,  pro_loss: 0.16666
[train: Epoch 25, 750 / 1875] FPS: 73.2 (202.5)  ,  DataTime: 0.288 (0.012)  ,  ForwardTime: 0.137  ,  TotalTime: 0.437  ,  Loss/total: 3.58840  ,  Loss/ce: 3.55507  ,  IoU: 0.74683  ,  pro_loss: 0.16665
[train: Epoch 25, 800 / 1875] FPS: 73.3 (206.4)  ,  DataTime: 0.288 (0.012)  ,  ForwardTime: 0.137  ,  TotalTime: 0.437  ,  Loss/total: 3.58817  ,  Loss/ce: 3.55485  ,  IoU: 0.74678  ,  pro_loss: 0.16664
[train: Epoch 25, 850 / 1875] FPS: 73.7 (200.6)  ,  DataTime: 0.286 (0.012)  ,  ForwardTime: 0.137  ,  TotalTime: 0.434  ,  Loss/total: 3.58813  ,  Loss/ce: 3.55480  ,  IoU: 0.74688  ,  pro_loss: 0.16666
[train: Epoch 25, 900 / 1875] FPS: 73.9 (200.9)  ,  DataTime: 0.284 (0.012)  ,  ForwardTime: 0.137  ,  TotalTime: 0.433  ,  Loss/total: 3.58810  ,  Loss/ce: 3.55476  ,  IoU: 0.74688  ,  pro_loss: 0.16666
[train: Epoch 25, 950 / 1875] FPS: 73.6 (85.7)  ,  DataTime: 0.286 (0.012)  ,  ForwardTime: 0.137  ,  TotalTime: 0.435  ,  Loss/total: 3.58880  ,  Loss/ce: 3.55547  ,  IoU: 0.74646  ,  pro_loss: 0.16665
[train: Epoch 25, 1000 / 1875] FPS: 73.5 (206.4)  ,  DataTime: 0.286 (0.012)  ,  ForwardTime: 0.137  ,  TotalTime: 0.435  ,  Loss/total: 3.58867  ,  Loss/ce: 3.55534  ,  IoU: 0.74654  ,  pro_loss: 0.16664
[train: Epoch 25, 1050 / 1875] FPS: 73.4 (202.7)  ,  DataTime: 0.287 (0.012)  ,  ForwardTime: 0.137  ,  TotalTime: 0.436  ,  Loss/total: 3.58816  ,  Loss/ce: 3.55484  ,  IoU: 0.74655  ,  pro_loss: 0.16664
[train: Epoch 25, 1100 / 1875] FPS: 73.4 (202.4)  ,  DataTime: 0.287 (0.012)  ,  ForwardTime: 0.137  ,  TotalTime: 0.436  ,  Loss/total: 3.58710  ,  Loss/ce: 3.55377  ,  IoU: 0.74675  ,  pro_loss: 0.16664
[train: Epoch 25, 1150 / 1875] FPS: 73.5 (203.0)  ,  DataTime: 0.286 (0.012)  ,  ForwardTime: 0.137  ,  TotalTime: 0.435  ,  Loss/total: 3.58736  ,  Loss/ce: 3.55404  ,  IoU: 0.74647  ,  pro_loss: 0.16664
[train: Epoch 25, 1200 / 1875] FPS: 73.3 (206.5)  ,  DataTime: 0.287 (0.012)  ,  ForwardTime: 0.137  ,  TotalTime: 0.436  ,  Loss/total: 3.58861  ,  Loss/ce: 3.55528  ,  IoU: 0.74634  ,  pro_loss: 0.16664
[train: Epoch 25, 1250 / 1875] FPS: 73.3 (203.4)  ,  DataTime: 0.287 (0.012)  ,  ForwardTime: 0.137  ,  TotalTime: 0.437  ,  Loss/total: 3.58817  ,  Loss/ce: 3.55484  ,  IoU: 0.74619  ,  pro_loss: 0.16665
[train: Epoch 25, 1300 / 1875] FPS: 73.4 (209.6)  ,  DataTime: 0.287 (0.012)  ,  ForwardTime: 0.137  ,  TotalTime: 0.436  ,  Loss/total: 3.58803  ,  Loss/ce: 3.55470  ,  IoU: 0.74597  ,  pro_loss: 0.16665
[train: Epoch 25, 1350 / 1875] FPS: 73.1 (199.4)  ,  DataTime: 0.288 (0.012)  ,  ForwardTime: 0.137  ,  TotalTime: 0.438  ,  Loss/total: 3.58686  ,  Loss/ce: 3.55353  ,  IoU: 0.74632  ,  pro_loss: 0.16665
[train: Epoch 25, 1400 / 1875] FPS: 73.3 (201.2)  ,  DataTime: 0.288 (0.012)  ,  ForwardTime: 0.137  ,  TotalTime: 0.437  ,  Loss/total: 3.58758  ,  Loss/ce: 3.55425  ,  IoU: 0.74610  ,  pro_loss: 0.16665
[train: Epoch 25, 1450 / 1875] FPS: 73.2 (201.3)  ,  DataTime: 0.288 (0.012)  ,  ForwardTime: 0.137  ,  TotalTime: 0.437  ,  Loss/total: 3.58662  ,  Loss/ce: 3.55329  ,  IoU: 0.74639  ,  pro_loss: 0.16665
[train: Epoch 25, 1500 / 1875] FPS: 73.0 (199.8)  ,  DataTime: 0.289 (0.012)  ,  ForwardTime: 0.137  ,  TotalTime: 0.439  ,  Loss/total: 3.58746  ,  Loss/ce: 3.55413  ,  IoU: 0.74626  ,  pro_loss: 0.16665
[train: Epoch 25, 1550 / 1875] FPS: 73.1 (204.6)  ,  DataTime: 0.289 (0.012)  ,  ForwardTime: 0.137  ,  TotalTime: 0.438  ,  Loss/total: 3.58719  ,  Loss/ce: 3.55386  ,  IoU: 0.74630  ,  pro_loss: 0.16665
[train: Epoch 25, 1600 / 1875] FPS: 72.8 (208.0)  ,  DataTime: 0.290 (0.012)  ,  ForwardTime: 0.137  ,  TotalTime: 0.440  ,  Loss/total: 3.58743  ,  Loss/ce: 3.55410  ,  IoU: 0.74612  ,  pro_loss: 0.16666
[train: Epoch 25, 1650 / 1875] FPS: 72.7 (199.4)  ,  DataTime: 0.291 (0.012)  ,  ForwardTime: 0.137  ,  TotalTime: 0.440  ,  Loss/total: 3.58738  ,  Loss/ce: 3.55404  ,  IoU: 0.74615  ,  pro_loss: 0.16666
[train: Epoch 25, 1700 / 1875] FPS: 72.7 (203.2)  ,  DataTime: 0.291 (0.012)  ,  ForwardTime: 0.137  ,  TotalTime: 0.440  ,  Loss/total: 3.58690  ,  Loss/ce: 3.55357  ,  IoU: 0.74629  ,  pro_loss: 0.16666
[train: Epoch 25, 1750 / 1875] FPS: 72.5 (202.3)  ,  DataTime: 0.292 (0.012)  ,  ForwardTime: 0.137  ,  TotalTime: 0.442  ,  Loss/total: 3.58724  ,  Loss/ce: 3.55391  ,  IoU: 0.74618  ,  pro_loss: 0.16666
[train: Epoch 25, 1800 / 1875] FPS: 72.1 (199.3)  ,  DataTime: 0.295 (0.012)  ,  ForwardTime: 0.137  ,  TotalTime: 0.444  ,  Loss/total: 3.58725  ,  Loss/ce: 3.55392  ,  IoU: 0.74622  ,  pro_loss: 0.16666
[train: Epoch 25, 1850 / 1875] FPS: 72.0 (204.9)  ,  DataTime: 0.295 (0.012)  ,  ForwardTime: 0.137  ,  TotalTime: 0.444  ,  Loss/total: 3.58676  ,  Loss/ce: 3.55343  ,  IoU: 0.74631  ,  pro_loss: 0.16666
[train: Epoch 25, 1875 / 1875] FPS: 72.1 (206.5)  ,  DataTime: 0.295 (0.012)  ,  ForwardTime: 0.137  ,  TotalTime: 0.444  ,  Loss/total: 3.58706  ,  Loss/ce: 3.55373  ,  IoU: 0.74616  ,  pro_loss: 0.16666
[val: Epoch 25, 50 / 312] FPS: 49.0 (20.3)  ,  DataTime: 0.569 (0.013)  ,  ForwardTime: 0.070  ,  TotalTime: 0.653  ,  Loss/total: nan  ,  Loss/giou: 0.27772  ,  Loss/l1: 0.02439  ,  Loss/location: nan  ,  pro_loss: 0.16667  ,  IoU: 0.74193
[val: Epoch 25, 100 / 312] FPS: 52.3 (318.4)  ,  DataTime: 0.529 (0.014)  ,  ForwardTime: 0.070  ,  TotalTime: 0.612  ,  Loss/total: nan  ,  Loss/giou: 0.28283  ,  Loss/l1: 0.02448  ,  Loss/location: nan  ,  pro_loss: 0.16667  ,  IoU: 0.73706
[val: Epoch 25, 150 / 312] FPS: 54.4 (346.6)  ,  DataTime: 0.505 (0.014)  ,  ForwardTime: 0.070  ,  TotalTime: 0.588  ,  Loss/total: nan  ,  Loss/giou: 0.28086  ,  Loss/l1: 0.02382  ,  Loss/location: nan  ,  pro_loss: 0.16667  ,  IoU: 0.73780
[val: Epoch 25, 200 / 312] FPS: 55.7 (320.7)  ,  DataTime: 0.491 (0.014)  ,  ForwardTime: 0.070  ,  TotalTime: 0.575  ,  Loss/total: nan  ,  Loss/giou: 0.28059  ,  Loss/l1: 0.02359  ,  Loss/location: nan  ,  pro_loss: 0.16667  ,  IoU: 0.73789
[val: Epoch 25, 250 / 312] FPS: 55.6 (299.4)  ,  DataTime: 0.492 (0.014)  ,  ForwardTime: 0.069  ,  TotalTime: 0.576  ,  Loss/total: nan  ,  Loss/giou: 0.28287  ,  Loss/l1: 0.02397  ,  Loss/location: nan  ,  pro_loss: 0.16667  ,  IoU: 0.73639
[val: Epoch 25, 300 / 312] FPS: 57.3 (309.5)  ,  DataTime: 0.474 (0.014)  ,  ForwardTime: 0.069  ,  TotalTime: 0.558  ,  Loss/total: nan  ,  Loss/giou: 0.28281  ,  Loss/l1: 0.02389  ,  Loss/location: nan  ,  pro_loss: 0.16667  ,  IoU: 0.73649
[val: Epoch 25, 312 / 312] FPS: 58.0 (371.4)  ,  DataTime: 0.468 (0.014)  ,  ForwardTime: 0.069  ,  TotalTime: 0.552  ,  Loss/total: nan  ,  Loss/giou: 0.28272  ,  Loss/l1: 0.02385  ,  Loss/location: nan  ,  pro_loss: 0.16667  ,  IoU: 0.73666
[train: Epoch 26, 50 / 1875] FPS: 50.7 (205.7)  ,  DataTime: 0.481 (0.013)  ,  ForwardTime: 0.137  ,  TotalTime: 0.631  ,  Loss/total: 3.58065  ,  Loss/ce: 3.54732  ,  IoU: 0.74929  ,  pro_loss: 0.16664
[train: Epoch 26, 100 / 1875] FPS: 58.7 (206.0)  ,  DataTime: 0.396 (0.012)  ,  ForwardTime: 0.137  ,  TotalTime: 0.545  ,  Loss/total: 3.56691  ,  Loss/ce: 3.53359  ,  IoU: 0.75239  ,  pro_loss: 0.16661
[train: Epoch 26, 150 / 1875] FPS: 57.9 (12.8)  ,  DataTime: 0.403 (0.013)  ,  ForwardTime: 0.137  ,  TotalTime: 0.553  ,  Loss/total: 3.57246  ,  Loss/ce: 3.53913  ,  IoU: 0.75082  ,  pro_loss: 0.16663
[train: Epoch 26, 200 / 1875] FPS: 58.8 (198.6)  ,  DataTime: 0.394 (0.013)  ,  ForwardTime: 0.137  ,  TotalTime: 0.544  ,  Loss/total: 3.57144  ,  Loss/ce: 3.53812  ,  IoU: 0.75035  ,  pro_loss: 0.16661
[train: Epoch 26, 250 / 1875] FPS: 59.9 (202.7)  ,  DataTime: 0.385 (0.013)  ,  ForwardTime: 0.137  ,  TotalTime: 0.534  ,  Loss/total: 3.57403  ,  Loss/ce: 3.54070  ,  IoU: 0.75034  ,  pro_loss: 0.16663
[train: Epoch 26, 300 / 1875] FPS: 60.3 (196.8)  ,  DataTime: 0.381 (0.013)  ,  ForwardTime: 0.137  ,  TotalTime: 0.531  ,  Loss/total: 3.58060  ,  Loss/ce: 3.54727  ,  IoU: 0.74995  ,  pro_loss: 0.16664
[train: Epoch 26, 350 / 1875] FPS: 59.5 (9.4)  ,  DataTime: 0.388 (0.013)  ,  ForwardTime: 0.137  ,  TotalTime: 0.538  ,  Loss/total: 3.58267  ,  Loss/ce: 3.54934  ,  IoU: 0.74917  ,  pro_loss: 0.16664
[train: Epoch 26, 400 / 1875] FPS: 60.6 (202.0)  ,  DataTime: 0.379 (0.013)  ,  ForwardTime: 0.137  ,  TotalTime: 0.528  ,  Loss/total: 3.58026  ,  Loss/ce: 3.54693  ,  IoU: 0.74978  ,  pro_loss: 0.16664
[train: Epoch 26, 450 / 1875] FPS: 60.7 (206.8)  ,  DataTime: 0.378 (0.013)  ,  ForwardTime: 0.137  ,  TotalTime: 0.527  ,  Loss/total: 3.57880  ,  Loss/ce: 3.54547  ,  IoU: 0.75019  ,  pro_loss: 0.16664
[train: Epoch 26, 500 / 1875] FPS: 61.3 (204.6)  ,  DataTime: 0.372 (0.013)  ,  ForwardTime: 0.137  ,  TotalTime: 0.522  ,  Loss/total: 3.57790  ,  Loss/ce: 3.54457  ,  IoU: 0.75016  ,  pro_loss: 0.16665
[train: Epoch 26, 550 / 1875] FPS: 61.4 (13.8)  ,  DataTime: 0.372 (0.012)  ,  ForwardTime: 0.137  ,  TotalTime: 0.521  ,  Loss/total: 3.57651  ,  Loss/ce: 3.54318  ,  IoU: 0.75057  ,  pro_loss: 0.16663
[train: Epoch 26, 600 / 1875] FPS: 61.5 (204.2)  ,  DataTime: 0.372 (0.012)  ,  ForwardTime: 0.137  ,  TotalTime: 0.521  ,  Loss/total: 3.57595  ,  Loss/ce: 3.54263  ,  IoU: 0.75107  ,  pro_loss: 0.16663
[train: Epoch 26, 650 / 1875] FPS: 61.8 (207.5)  ,  DataTime: 0.368 (0.012)  ,  ForwardTime: 0.137  ,  TotalTime: 0.518  ,  Loss/total: 3.57711  ,  Loss/ce: 3.54378  ,  IoU: 0.75075  ,  pro_loss: 0.16663
[train: Epoch 26, 700 / 1875] FPS: 61.5 (201.4)  ,  DataTime: 0.371 (0.012)  ,  ForwardTime: 0.137  ,  TotalTime: 0.521  ,  Loss/total: 3.57883  ,  Loss/ce: 3.54550  ,  IoU: 0.75011  ,  pro_loss: 0.16663
[train: Epoch 26, 750 / 1875] FPS: 61.8 (201.6)  ,  DataTime: 0.369 (0.012)  ,  ForwardTime: 0.137  ,  TotalTime: 0.518  ,  Loss/total: 3.58017  ,  Loss/ce: 3.54685  ,  IoU: 0.74990  ,  pro_loss: 0.16664
[train: Epoch 26, 800 / 1875] FPS: 61.7 (204.1)  ,  DataTime: 0.369 (0.012)  ,  ForwardTime: 0.137  ,  TotalTime: 0.518  ,  Loss/total: 3.58049  ,  Loss/ce: 3.54716  ,  IoU: 0.74957  ,  pro_loss: 0.16665
[train: Epoch 26, 850 / 1875] FPS: 61.8 (205.0)  ,  DataTime: 0.369 (0.012)  ,  ForwardTime: 0.137  ,  TotalTime: 0.518  ,  Loss/total: 3.58021  ,  Loss/ce: 3.54688  ,  IoU: 0.74953  ,  pro_loss: 0.16664
[train: Epoch 26, 900 / 1875] FPS: 61.9 (203.8)  ,  DataTime: 0.368 (0.012)  ,  ForwardTime: 0.137  ,  TotalTime: 0.517  ,  Loss/total: 3.58066  ,  Loss/ce: 3.54733  ,  IoU: 0.74905  ,  pro_loss: 0.16665
[train: Epoch 26, 950 / 1875] FPS: 62.3 (200.4)  ,  DataTime: 0.365 (0.012)  ,  ForwardTime: 0.137  ,  TotalTime: 0.514  ,  Loss/total: 3.58056  ,  Loss/ce: 3.54723  ,  IoU: 0.74929  ,  pro_loss: 0.16665
[train: Epoch 26, 1000 / 1875] FPS: 62.3 (203.2)  ,  DataTime: 0.364 (0.012)  ,  ForwardTime: 0.137  ,  TotalTime: 0.513  ,  Loss/total: 3.58067  ,  Loss/ce: 3.54734  ,  IoU: 0.74935  ,  pro_loss: 0.16665
[train: Epoch 26, 1050 / 1875] FPS: 62.2 (208.3)  ,  DataTime: 0.366 (0.012)  ,  ForwardTime: 0.137  ,  TotalTime: 0.515  ,  Loss/total: 3.58041  ,  Loss/ce: 3.54708  ,  IoU: 0.74961  ,  pro_loss: 0.16665
[train: Epoch 26, 1100 / 1875] FPS: 62.6 (205.0)  ,  DataTime: 0.362 (0.012)  ,  ForwardTime: 0.137  ,  TotalTime: 0.512  ,  Loss/total: 3.57987  ,  Loss/ce: 3.54654  ,  IoU: 0.74965  ,  pro_loss: 0.16665
[train: Epoch 26, 1150 / 1875] FPS: 62.2 (8.7)  ,  DataTime: 0.365 (0.012)  ,  ForwardTime: 0.137  ,  TotalTime: 0.514  ,  Loss/total: 3.57938  ,  Loss/ce: 3.54605  ,  IoU: 0.74981  ,  pro_loss: 0.16665
[train: Epoch 26, 1200 / 1875] FPS: 62.6 (91.9)  ,  DataTime: 0.362 (0.012)  ,  ForwardTime: 0.137  ,  TotalTime: 0.511  ,  Loss/total: 3.57967  ,  Loss/ce: 3.54634  ,  IoU: 0.74991  ,  pro_loss: 0.16665
[train: Epoch 26, 1250 / 1875] FPS: 62.8 (203.2)  ,  DataTime: 0.360 (0.012)  ,  ForwardTime: 0.137  ,  TotalTime: 0.509  ,  Loss/total: 3.57965  ,  Loss/ce: 3.54632  ,  IoU: 0.74996  ,  pro_loss: 0.16665
[train: Epoch 26, 1300 / 1875] FPS: 62.9 (203.9)  ,  DataTime: 0.360 (0.012)  ,  ForwardTime: 0.137  ,  TotalTime: 0.509  ,  Loss/total: 3.58011  ,  Loss/ce: 3.54678  ,  IoU: 0.74993  ,  pro_loss: 0.16665
[train: Epoch 26, 1350 / 1875] FPS: 62.9 (202.3)  ,  DataTime: 0.360 (0.012)  ,  ForwardTime: 0.137  ,  TotalTime: 0.509  ,  Loss/total: 3.58110  ,  Loss/ce: 3.54777  ,  IoU: 0.74968  ,  pro_loss: 0.16665
[train: Epoch 26, 1400 / 1875] FPS: 63.1 (51.3)  ,  DataTime: 0.358 (0.012)  ,  ForwardTime: 0.137  ,  TotalTime: 0.507  ,  Loss/total: 3.58106  ,  Loss/ce: 3.54773  ,  IoU: 0.74961  ,  pro_loss: 0.16665
[train: Epoch 26, 1450 / 1875] FPS: 62.9 (203.6)  ,  DataTime: 0.360 (0.012)  ,  ForwardTime: 0.137  ,  TotalTime: 0.509  ,  Loss/total: 3.58055  ,  Loss/ce: 3.54722  ,  IoU: 0.74974  ,  pro_loss: 0.16665
[train: Epoch 26, 1500 / 1875] FPS: 62.9 (199.8)  ,  DataTime: 0.360 (0.012)  ,  ForwardTime: 0.137  ,  TotalTime: 0.509  ,  Loss/total: 3.58024  ,  Loss/ce: 3.54691  ,  IoU: 0.74977  ,  pro_loss: 0.16665
[train: Epoch 26, 1550 / 1875] FPS: 62.7 (197.8)  ,  DataTime: 0.361 (0.012)  ,  ForwardTime: 0.137  ,  TotalTime: 0.510  ,  Loss/total: 3.57969  ,  Loss/ce: 3.54636  ,  IoU: 0.74977  ,  pro_loss: 0.16665
[train: Epoch 26, 1600 / 1875] FPS: 62.7 (202.4)  ,  DataTime: 0.362 (0.012)  ,  ForwardTime: 0.137  ,  TotalTime: 0.511  ,  Loss/total: 3.58001  ,  Loss/ce: 3.54668  ,  IoU: 0.74970  ,  pro_loss: 0.16665
[train: Epoch 26, 1650 / 1875] FPS: 62.7 (203.5)  ,  DataTime: 0.361 (0.012)  ,  ForwardTime: 0.137  ,  TotalTime: 0.510  ,  Loss/total: 3.58008  ,  Loss/ce: 3.54675  ,  IoU: 0.74972  ,  pro_loss: 0.16665
[train: Epoch 26, 1700 / 1875] FPS: 62.6 (203.9)  ,  DataTime: 0.362 (0.012)  ,  ForwardTime: 0.137  ,  TotalTime: 0.511  ,  Loss/total: 3.57949  ,  Loss/ce: 3.54616  ,  IoU: 0.74975  ,  pro_loss: 0.16665
[train: Epoch 26, 1750 / 1875] FPS: 62.6 (205.1)  ,  DataTime: 0.362 (0.012)  ,  ForwardTime: 0.137  ,  TotalTime: 0.511  ,  Loss/total: 3.57904  ,  Loss/ce: 3.54571  ,  IoU: 0.74993  ,  pro_loss: 0.16665
[train: Epoch 26, 1800 / 1875] FPS: 62.6 (205.9)  ,  DataTime: 0.362 (0.012)  ,  ForwardTime: 0.137  ,  TotalTime: 0.511  ,  Loss/total: 3.57887  ,  Loss/ce: 3.54554  ,  IoU: 0.74993  ,  pro_loss: 0.16665
[train: Epoch 26, 1850 / 1875] FPS: 62.5 (18.1)  ,  DataTime: 0.362 (0.012)  ,  ForwardTime: 0.137  ,  TotalTime: 0.512  ,  Loss/total: 3.57956  ,  Loss/ce: 3.54623  ,  IoU: 0.74958  ,  pro_loss: 0.16665
[train: Epoch 26, 1875 / 1875] FPS: 62.8 (210.1)  ,  DataTime: 0.360 (0.012)  ,  ForwardTime: 0.137  ,  TotalTime: 0.510  ,  Loss/total: 3.57949  ,  Loss/ce: 3.54615  ,  IoU: 0.74953  ,  pro_loss: 0.16665
[train: Epoch 27, 50 / 1875] FPS: 53.0 (206.5)  ,  DataTime: 0.454 (0.012)  ,  ForwardTime: 0.137  ,  TotalTime: 0.603  ,  Loss/total: 3.58071  ,  Loss/ce: 3.54738  ,  IoU: 0.74698  ,  pro_loss: 0.16664
[train: Epoch 27, 100 / 1875] FPS: 58.8 (205.5)  ,  DataTime: 0.395 (0.012)  ,  ForwardTime: 0.137  ,  TotalTime: 0.544  ,  Loss/total: 3.58031  ,  Loss/ce: 3.54699  ,  IoU: 0.74981  ,  pro_loss: 0.16663
[train: Epoch 27, 150 / 1875] FPS: 60.8 (208.5)  ,  DataTime: 0.378 (0.012)  ,  ForwardTime: 0.137  ,  TotalTime: 0.526  ,  Loss/total: 3.57615  ,  Loss/ce: 3.54282  ,  IoU: 0.75113  ,  pro_loss: 0.16665
[train: Epoch 27, 200 / 1875] FPS: 61.5 (207.4)  ,  DataTime: 0.371 (0.012)  ,  ForwardTime: 0.137  ,  TotalTime: 0.520  ,  Loss/total: 3.57610  ,  Loss/ce: 3.54277  ,  IoU: 0.75075  ,  pro_loss: 0.16663
[train: Epoch 27, 250 / 1875] FPS: 62.1 (203.7)  ,  DataTime: 0.366 (0.012)  ,  ForwardTime: 0.137  ,  TotalTime: 0.515  ,  Loss/total: 3.57243  ,  Loss/ce: 3.53910  ,  IoU: 0.75178  ,  pro_loss: 0.16663
[train: Epoch 27, 300 / 1875] FPS: 61.4 (9.8)  ,  DataTime: 0.372 (0.012)  ,  ForwardTime: 0.137  ,  TotalTime: 0.521  ,  Loss/total: 3.57286  ,  Loss/ce: 3.53954  ,  IoU: 0.75024  ,  pro_loss: 0.16663
[train: Epoch 27, 350 / 1875] FPS: 62.4 (204.8)  ,  DataTime: 0.364 (0.012)  ,  ForwardTime: 0.137  ,  TotalTime: 0.513  ,  Loss/total: 3.57207  ,  Loss/ce: 3.53874  ,  IoU: 0.75048  ,  pro_loss: 0.16663
[train: Epoch 27, 400 / 1875] FPS: 63.2 (208.3)  ,  DataTime: 0.357 (0.012)  ,  ForwardTime: 0.137  ,  TotalTime: 0.506  ,  Loss/total: 3.57289  ,  Loss/ce: 3.53957  ,  IoU: 0.74992  ,  pro_loss: 0.16662
[train: Epoch 27, 450 / 1875] FPS: 63.7 (202.3)  ,  DataTime: 0.354 (0.012)  ,  ForwardTime: 0.137  ,  TotalTime: 0.503  ,  Loss/total: 3.57418  ,  Loss/ce: 3.54085  ,  IoU: 0.75020  ,  pro_loss: 0.16663
[train: Epoch 27, 500 / 1875] FPS: 63.8 (206.8)  ,  DataTime: 0.352 (0.012)  ,  ForwardTime: 0.137  ,  TotalTime: 0.501  ,  Loss/total: 3.57512  ,  Loss/ce: 3.54179  ,  IoU: 0.74974  ,  pro_loss: 0.16662
[train: Epoch 27, 550 / 1875] FPS: 64.2 (45.4)  ,  DataTime: 0.350 (0.012)  ,  ForwardTime: 0.137  ,  TotalTime: 0.499  ,  Loss/total: 3.57488  ,  Loss/ce: 3.54156  ,  IoU: 0.74975  ,  pro_loss: 0.16663
[train: Epoch 27, 600 / 1875] FPS: 64.6 (205.2)  ,  DataTime: 0.346 (0.012)  ,  ForwardTime: 0.137  ,  TotalTime: 0.495  ,  Loss/total: 3.57373  ,  Loss/ce: 3.54040  ,  IoU: 0.74989  ,  pro_loss: 0.16663
[train: Epoch 27, 650 / 1875] FPS: 64.6 (16.4)  ,  DataTime: 0.346 (0.012)  ,  ForwardTime: 0.137  ,  TotalTime: 0.495  ,  Loss/total: 3.57239  ,  Loss/ce: 3.53906  ,  IoU: 0.75024  ,  pro_loss: 0.16663
[train: Epoch 27, 700 / 1875] FPS: 65.1 (206.2)  ,  DataTime: 0.343 (0.012)  ,  ForwardTime: 0.137  ,  TotalTime: 0.492  ,  Loss/total: 3.57262  ,  Loss/ce: 3.53929  ,  IoU: 0.74970  ,  pro_loss: 0.16664
[train: Epoch 27, 750 / 1875] FPS: 65.0 (205.5)  ,  DataTime: 0.344 (0.012)  ,  ForwardTime: 0.137  ,  TotalTime: 0.493  ,  Loss/total: 3.57232  ,  Loss/ce: 3.53899  ,  IoU: 0.74978  ,  pro_loss: 0.16665
[train: Epoch 27, 800 / 1875] FPS: 65.5 (204.9)  ,  DataTime: 0.340 (0.012)  ,  ForwardTime: 0.137  ,  TotalTime: 0.489  ,  Loss/total: 3.57095  ,  Loss/ce: 3.53761  ,  IoU: 0.75024  ,  pro_loss: 0.16666
[train: Epoch 27, 850 / 1875] FPS: 65.3 (202.2)  ,  DataTime: 0.341 (0.012)  ,  ForwardTime: 0.137  ,  TotalTime: 0.490  ,  Loss/total: 3.57004  ,  Loss/ce: 3.53671  ,  IoU: 0.75074  ,  pro_loss: 0.16666
[train: Epoch 27, 900 / 1875] FPS: 65.6 (207.4)  ,  DataTime: 0.339 (0.012)  ,  ForwardTime: 0.137  ,  TotalTime: 0.488  ,  Loss/total: 3.56939  ,  Loss/ce: 3.53605  ,  IoU: 0.75095  ,  pro_loss: 0.16665
[train: Epoch 27, 950 / 1875] FPS: 65.7 (202.3)  ,  DataTime: 0.338 (0.012)  ,  ForwardTime: 0.137  ,  TotalTime: 0.487  ,  Loss/total: 3.57021  ,  Loss/ce: 3.53688  ,  IoU: 0.75063  ,  pro_loss: 0.16665
[train: Epoch 27, 1000 / 1875] FPS: 65.6 (205.9)  ,  DataTime: 0.339 (0.012)  ,  ForwardTime: 0.137  ,  TotalTime: 0.488  ,  Loss/total: 3.57004  ,  Loss/ce: 3.53671  ,  IoU: 0.75052  ,  pro_loss: 0.16664
[train: Epoch 27, 1050 / 1875] FPS: 65.7 (194.3)  ,  DataTime: 0.338 (0.012)  ,  ForwardTime: 0.137  ,  TotalTime: 0.487  ,  Loss/total: 3.56970  ,  Loss/ce: 3.53637  ,  IoU: 0.75052  ,  pro_loss: 0.16665
[train: Epoch 27, 1100 / 1875] FPS: 66.1 (200.2)  ,  DataTime: 0.335 (0.012)  ,  ForwardTime: 0.137  ,  TotalTime: 0.484  ,  Loss/total: 3.56962  ,  Loss/ce: 3.53629  ,  IoU: 0.75070  ,  pro_loss: 0.16665
[train: Epoch 27, 1150 / 1875] FPS: 66.2 (201.2)  ,  DataTime: 0.335 (0.012)  ,  ForwardTime: 0.137  ,  TotalTime: 0.484  ,  Loss/total: 3.57050  ,  Loss/ce: 3.53717  ,  IoU: 0.75083  ,  pro_loss: 0.16665
[train: Epoch 27, 1200 / 1875] FPS: 66.2 (203.4)  ,  DataTime: 0.335 (0.012)  ,  ForwardTime: 0.137  ,  TotalTime: 0.483  ,  Loss/total: 3.57039  ,  Loss/ce: 3.53706  ,  IoU: 0.75088  ,  pro_loss: 0.16664
[train: Epoch 27, 1250 / 1875] FPS: 66.2 (11.3)  ,  DataTime: 0.334 (0.012)  ,  ForwardTime: 0.137  ,  TotalTime: 0.483  ,  Loss/total: 3.57021  ,  Loss/ce: 3.53688  ,  IoU: 0.75082  ,  pro_loss: 0.16664
[train: Epoch 27, 1300 / 1875] FPS: 66.7 (205.4)  ,  DataTime: 0.331 (0.012)  ,  ForwardTime: 0.137  ,  TotalTime: 0.480  ,  Loss/total: 3.56933  ,  Loss/ce: 3.53600  ,  IoU: 0.75105  ,  pro_loss: 0.16664
[train: Epoch 27, 1350 / 1875] FPS: 66.9 (205.7)  ,  DataTime: 0.330 (0.012)  ,  ForwardTime: 0.137  ,  TotalTime: 0.479  ,  Loss/total: 3.57034  ,  Loss/ce: 3.53701  ,  IoU: 0.75087  ,  pro_loss: 0.16664
[train: Epoch 27, 1400 / 1875] FPS: 66.7 (56.9)  ,  DataTime: 0.331 (0.012)  ,  ForwardTime: 0.137  ,  TotalTime: 0.480  ,  Loss/total: 3.57028  ,  Loss/ce: 3.53695  ,  IoU: 0.75084  ,  pro_loss: 0.16664
[train: Epoch 27, 1450 / 1875] FPS: 66.5 (200.9)  ,  DataTime: 0.332 (0.012)  ,  ForwardTime: 0.137  ,  TotalTime: 0.481  ,  Loss/total: 3.57072  ,  Loss/ce: 3.53739  ,  IoU: 0.75069  ,  pro_loss: 0.16664
[train: Epoch 27, 1500 / 1875] FPS: 66.5 (203.0)  ,  DataTime: 0.332 (0.012)  ,  ForwardTime: 0.137  ,  TotalTime: 0.482  ,  Loss/total: 3.57033  ,  Loss/ce: 3.53700  ,  IoU: 0.75080  ,  pro_loss: 0.16665
[train: Epoch 27, 1550 / 1875] FPS: 66.5 (202.0)  ,  DataTime: 0.332 (0.012)  ,  ForwardTime: 0.137  ,  TotalTime: 0.481  ,  Loss/total: 3.57055  ,  Loss/ce: 3.53722  ,  IoU: 0.75077  ,  pro_loss: 0.16665
[train: Epoch 27, 1600 / 1875] FPS: 66.3 (202.4)  ,  DataTime: 0.334 (0.012)  ,  ForwardTime: 0.137  ,  TotalTime: 0.483  ,  Loss/total: 3.57052  ,  Loss/ce: 3.53719  ,  IoU: 0.75074  ,  pro_loss: 0.16665
[train: Epoch 27, 1650 / 1875] FPS: 66.0 (200.9)  ,  DataTime: 0.336 (0.012)  ,  ForwardTime: 0.137  ,  TotalTime: 0.485  ,  Loss/total: 3.57004  ,  Loss/ce: 3.53671  ,  IoU: 0.75097  ,  pro_loss: 0.16665
[train: Epoch 27, 1700 / 1875] FPS: 66.0 (205.8)  ,  DataTime: 0.336 (0.012)  ,  ForwardTime: 0.137  ,  TotalTime: 0.485  ,  Loss/total: 3.56901  ,  Loss/ce: 3.53568  ,  IoU: 0.75125  ,  pro_loss: 0.16665
[train: Epoch 27, 1750 / 1875] FPS: 66.0 (201.3)  ,  DataTime: 0.335 (0.012)  ,  ForwardTime: 0.137  ,  TotalTime: 0.485  ,  Loss/total: 3.56867  ,  Loss/ce: 3.53534  ,  IoU: 0.75136  ,  pro_loss: 0.16665
[train: Epoch 27, 1800 / 1875] FPS: 65.8 (200.6)  ,  DataTime: 0.337 (0.012)  ,  ForwardTime: 0.137  ,  TotalTime: 0.486  ,  Loss/total: 3.56758  ,  Loss/ce: 3.53425  ,  IoU: 0.75147  ,  pro_loss: 0.16665
[train: Epoch 27, 1850 / 1875] FPS: 65.9 (197.4)  ,  DataTime: 0.337 (0.012)  ,  ForwardTime: 0.137  ,  TotalTime: 0.486  ,  Loss/total: 3.56708  ,  Loss/ce: 3.53375  ,  IoU: 0.75148  ,  pro_loss: 0.16665
[train: Epoch 27, 1875 / 1875] FPS: 66.1 (207.6)  ,  DataTime: 0.335 (0.012)  ,  ForwardTime: 0.137  ,  TotalTime: 0.484  ,  Loss/total: 3.56655  ,  Loss/ce: 3.53322  ,  IoU: 0.75157  ,  pro_loss: 0.16665
[train: Epoch 28, 50 / 1875] FPS: 53.2 (200.1)  ,  DataTime: 0.452 (0.012)  ,  ForwardTime: 0.137  ,  TotalTime: 0.601  ,  Loss/total: 3.56175  ,  Loss/ce: 3.52843  ,  IoU: 0.75900  ,  pro_loss: 0.16658
[train: Epoch 28, 100 / 1875] FPS: 59.4 (205.8)  ,  DataTime: 0.390 (0.012)  ,  ForwardTime: 0.137  ,  TotalTime: 0.539  ,  Loss/total: 3.55411  ,  Loss/ce: 3.52078  ,  IoU: 0.75842  ,  pro_loss: 0.16663
[train: Epoch 28, 150 / 1875] FPS: 61.5 (198.6)  ,  DataTime: 0.371 (0.012)  ,  ForwardTime: 0.137  ,  TotalTime: 0.520  ,  Loss/total: 3.55423  ,  Loss/ce: 3.52089  ,  IoU: 0.75680  ,  pro_loss: 0.16666
[train: Epoch 28, 200 / 1875] FPS: 61.8 (205.2)  ,  DataTime: 0.368 (0.012)  ,  ForwardTime: 0.137  ,  TotalTime: 0.517  ,  Loss/total: 3.54522  ,  Loss/ce: 3.51188  ,  IoU: 0.75740  ,  pro_loss: 0.16668
[train: Epoch 28, 250 / 1875] FPS: 62.3 (206.0)  ,  DataTime: 0.365 (0.012)  ,  ForwardTime: 0.137  ,  TotalTime: 0.514  ,  Loss/total: 3.54624  ,  Loss/ce: 3.51290  ,  IoU: 0.75622  ,  pro_loss: 0.16667
[train: Epoch 28, 300 / 1875] FPS: 63.8 (204.0)  ,  DataTime: 0.353 (0.012)  ,  ForwardTime: 0.137  ,  TotalTime: 0.502  ,  Loss/total: 3.55054  ,  Loss/ce: 3.51721  ,  IoU: 0.75650  ,  pro_loss: 0.16665
[train: Epoch 28, 350 / 1875] FPS: 64.3 (205.6)  ,  DataTime: 0.349 (0.012)  ,  ForwardTime: 0.137  ,  TotalTime: 0.498  ,  Loss/total: 3.55262  ,  Loss/ce: 3.51929  ,  IoU: 0.75619  ,  pro_loss: 0.16663
[train: Epoch 28, 400 / 1875] FPS: 64.1 (204.2)  ,  DataTime: 0.350 (0.012)  ,  ForwardTime: 0.137  ,  TotalTime: 0.500  ,  Loss/total: 3.55574  ,  Loss/ce: 3.52241  ,  IoU: 0.75455  ,  pro_loss: 0.16664
[train: Epoch 28, 450 / 1875] FPS: 64.9 (202.8)  ,  DataTime: 0.344 (0.012)  ,  ForwardTime: 0.137  ,  TotalTime: 0.493  ,  Loss/total: 3.55936  ,  Loss/ce: 3.52603  ,  IoU: 0.75369  ,  pro_loss: 0.16665
[train: Epoch 28, 500 / 1875] FPS: 65.3 (200.0)  ,  DataTime: 0.341 (0.012)  ,  ForwardTime: 0.137  ,  TotalTime: 0.490  ,  Loss/total: 3.55923  ,  Loss/ce: 3.52590  ,  IoU: 0.75384  ,  pro_loss: 0.16667
[train: Epoch 28, 550 / 1875] FPS: 65.5 (202.3)  ,  DataTime: 0.339 (0.012)  ,  ForwardTime: 0.137  ,  TotalTime: 0.488  ,  Loss/total: 3.56159  ,  Loss/ce: 3.52825  ,  IoU: 0.75338  ,  pro_loss: 0.16667
[train: Epoch 28, 600 / 1875] FPS: 65.6 (209.2)  ,  DataTime: 0.339 (0.012)  ,  ForwardTime: 0.137  ,  TotalTime: 0.488  ,  Loss/total: 3.56325  ,  Loss/ce: 3.52992  ,  IoU: 0.75279  ,  pro_loss: 0.16664
[train: Epoch 28, 650 / 1875] FPS: 65.8 (207.4)  ,  DataTime: 0.337 (0.012)  ,  ForwardTime: 0.137  ,  TotalTime: 0.486  ,  Loss/total: 3.56373  ,  Loss/ce: 3.53040  ,  IoU: 0.75284  ,  pro_loss: 0.16665
[train: Epoch 28, 700 / 1875] FPS: 66.1 (199.2)  ,  DataTime: 0.335 (0.012)  ,  ForwardTime: 0.137  ,  TotalTime: 0.484  ,  Loss/total: 3.56294  ,  Loss/ce: 3.52961  ,  IoU: 0.75290  ,  pro_loss: 0.16665
[train: Epoch 28, 750 / 1875] FPS: 66.3 (199.5)  ,  DataTime: 0.334 (0.012)  ,  ForwardTime: 0.137  ,  TotalTime: 0.483  ,  Loss/total: 3.56271  ,  Loss/ce: 3.52938  ,  IoU: 0.75306  ,  pro_loss: 0.16665
[train: Epoch 28, 800 / 1875] FPS: 66.5 (196.5)  ,  DataTime: 0.332 (0.012)  ,  ForwardTime: 0.137  ,  TotalTime: 0.481  ,  Loss/total: 3.56264  ,  Loss/ce: 3.52931  ,  IoU: 0.75292  ,  pro_loss: 0.16663
[train: Epoch 28, 850 / 1875] FPS: 66.7 (203.9)  ,  DataTime: 0.331 (0.012)  ,  ForwardTime: 0.137  ,  TotalTime: 0.480  ,  Loss/total: 3.56086  ,  Loss/ce: 3.52753  ,  IoU: 0.75340  ,  pro_loss: 0.16663
[train: Epoch 28, 900 / 1875] FPS: 66.5 (193.1)  ,  DataTime: 0.332 (0.012)  ,  ForwardTime: 0.137  ,  TotalTime: 0.481  ,  Loss/total: 3.56011  ,  Loss/ce: 3.52678  ,  IoU: 0.75371  ,  pro_loss: 0.16664
[train: Epoch 28, 950 / 1875] FPS: 66.6 (23.5)  ,  DataTime: 0.331 (0.012)  ,  ForwardTime: 0.137  ,  TotalTime: 0.480  ,  Loss/total: 3.56067  ,  Loss/ce: 3.52734  ,  IoU: 0.75355  ,  pro_loss: 0.16663
[train: Epoch 28, 1000 / 1875] FPS: 66.7 (199.9)  ,  DataTime: 0.331 (0.012)  ,  ForwardTime: 0.137  ,  TotalTime: 0.480  ,  Loss/total: 3.56144  ,  Loss/ce: 3.52811  ,  IoU: 0.75333  ,  pro_loss: 0.16664
[train: Epoch 28, 1050 / 1875] FPS: 66.9 (201.3)  ,  DataTime: 0.330 (0.012)  ,  ForwardTime: 0.137  ,  TotalTime: 0.479  ,  Loss/total: 3.56255  ,  Loss/ce: 3.52922  ,  IoU: 0.75276  ,  pro_loss: 0.16664
[train: Epoch 28, 1100 / 1875] FPS: 67.1 (206.9)  ,  DataTime: 0.328 (0.012)  ,  ForwardTime: 0.137  ,  TotalTime: 0.477  ,  Loss/total: 3.56241  ,  Loss/ce: 3.52908  ,  IoU: 0.75267  ,  pro_loss: 0.16664
[train: Epoch 28, 1150 / 1875] FPS: 67.1 (45.8)  ,  DataTime: 0.328 (0.012)  ,  ForwardTime: 0.137  ,  TotalTime: 0.477  ,  Loss/total: 3.56280  ,  Loss/ce: 3.52947  ,  IoU: 0.75264  ,  pro_loss: 0.16665
[train: Epoch 28, 1200 / 1875] FPS: 67.0 (205.4)  ,  DataTime: 0.329 (0.012)  ,  ForwardTime: 0.137  ,  TotalTime: 0.478  ,  Loss/total: 3.56231  ,  Loss/ce: 3.52898  ,  IoU: 0.75295  ,  pro_loss: 0.16664
[train: Epoch 28, 1250 / 1875] FPS: 67.2 (204.4)  ,  DataTime: 0.327 (0.012)  ,  ForwardTime: 0.137  ,  TotalTime: 0.476  ,  Loss/total: 3.56140  ,  Loss/ce: 3.52807  ,  IoU: 0.75317  ,  pro_loss: 0.16664
[train: Epoch 28, 1300 / 1875] FPS: 67.3 (205.0)  ,  DataTime: 0.326 (0.012)  ,  ForwardTime: 0.137  ,  TotalTime: 0.475  ,  Loss/total: 3.56084  ,  Loss/ce: 3.52752  ,  IoU: 0.75345  ,  pro_loss: 0.16664
[train: Epoch 28, 1350 / 1875] FPS: 67.3 (206.8)  ,  DataTime: 0.326 (0.012)  ,  ForwardTime: 0.137  ,  TotalTime: 0.475  ,  Loss/total: 3.55991  ,  Loss/ce: 3.52658  ,  IoU: 0.75378  ,  pro_loss: 0.16665
[train: Epoch 28, 1400 / 1875] FPS: 67.4 (208.3)  ,  DataTime: 0.326 (0.012)  ,  ForwardTime: 0.137  ,  TotalTime: 0.475  ,  Loss/total: 3.55926  ,  Loss/ce: 3.52593  ,  IoU: 0.75376  ,  pro_loss: 0.16665
[train: Epoch 28, 1450 / 1875] FPS: 67.3 (16.2)  ,  DataTime: 0.326 (0.012)  ,  ForwardTime: 0.137  ,  TotalTime: 0.476  ,  Loss/total: 3.55874  ,  Loss/ce: 3.52541  ,  IoU: 0.75406  ,  pro_loss: 0.16665
[train: Epoch 28, 1500 / 1875] FPS: 67.7 (206.2)  ,  DataTime: 0.324 (0.012)  ,  ForwardTime: 0.137  ,  TotalTime: 0.473  ,  Loss/total: 3.55855  ,  Loss/ce: 3.52522  ,  IoU: 0.75418  ,  pro_loss: 0.16665
[train: Epoch 28, 1550 / 1875] FPS: 67.8 (30.6)  ,  DataTime: 0.323 (0.012)  ,  ForwardTime: 0.137  ,  TotalTime: 0.472  ,  Loss/total: 3.55882  ,  Loss/ce: 3.52549  ,  IoU: 0.75391  ,  pro_loss: 0.16666
[train: Epoch 28, 1600 / 1875] FPS: 67.8 (202.0)  ,  DataTime: 0.323 (0.012)  ,  ForwardTime: 0.137  ,  TotalTime: 0.472  ,  Loss/total: 3.55968  ,  Loss/ce: 3.52634  ,  IoU: 0.75373  ,  pro_loss: 0.16666
[train: Epoch 28, 1650 / 1875] FPS: 67.9 (200.3)  ,  DataTime: 0.322 (0.012)  ,  ForwardTime: 0.137  ,  TotalTime: 0.471  ,  Loss/total: 3.55951  ,  Loss/ce: 3.52617  ,  IoU: 0.75368  ,  pro_loss: 0.16666
[train: Epoch 28, 1700 / 1875] FPS: 67.9 (57.8)  ,  DataTime: 0.322 (0.012)  ,  ForwardTime: 0.137  ,  TotalTime: 0.471  ,  Loss/total: 3.55958  ,  Loss/ce: 3.52625  ,  IoU: 0.75350  ,  pro_loss: 0.16666
[train: Epoch 28, 1750 / 1875] FPS: 67.7 (199.5)  ,  DataTime: 0.324 (0.012)  ,  ForwardTime: 0.137  ,  TotalTime: 0.473  ,  Loss/total: 3.55938  ,  Loss/ce: 3.52605  ,  IoU: 0.75368  ,  pro_loss: 0.16666
[train: Epoch 28, 1800 / 1875] FPS: 67.8 (195.8)  ,  DataTime: 0.323 (0.012)  ,  ForwardTime: 0.137  ,  TotalTime: 0.472  ,  Loss/total: 3.55958  ,  Loss/ce: 3.52625  ,  IoU: 0.75344  ,  pro_loss: 0.16666
[train: Epoch 28, 1850 / 1875] FPS: 67.6 (198.5)  ,  DataTime: 0.324 (0.012)  ,  ForwardTime: 0.137  ,  TotalTime: 0.473  ,  Loss/total: 3.55985  ,  Loss/ce: 3.52652  ,  IoU: 0.75322  ,  pro_loss: 0.16666
[train: Epoch 28, 1875 / 1875] FPS: 67.8 (208.0)  ,  DataTime: 0.323 (0.012)  ,  ForwardTime: 0.137  ,  TotalTime: 0.472  ,  Loss/total: 3.56008  ,  Loss/ce: 3.52675  ,  IoU: 0.75329  ,  pro_loss: 0.16666
[train: Epoch 29, 50 / 1875] FPS: 55.8 (18.1)  ,  DataTime: 0.426 (0.012)  ,  ForwardTime: 0.137  ,  TotalTime: 0.574  ,  Loss/total: 3.57031  ,  Loss/ce: 3.53700  ,  IoU: 0.75193  ,  pro_loss: 0.16658
[train: Epoch 29, 100 / 1875] FPS: 60.4 (204.1)  ,  DataTime: 0.381 (0.012)  ,  ForwardTime: 0.137  ,  TotalTime: 0.530  ,  Loss/total: 3.56575  ,  Loss/ce: 3.53241  ,  IoU: 0.75188  ,  pro_loss: 0.16668
[train: Epoch 29, 150 / 1875] FPS: 63.1 (201.9)  ,  DataTime: 0.358 (0.012)  ,  ForwardTime: 0.137  ,  TotalTime: 0.507  ,  Loss/total: 3.55662  ,  Loss/ce: 3.52328  ,  IoU: 0.75642  ,  pro_loss: 0.16670
[train: Epoch 29, 200 / 1875] FPS: 62.4 (196.6)  ,  DataTime: 0.365 (0.012)  ,  ForwardTime: 0.137  ,  TotalTime: 0.513  ,  Loss/total: 3.56562  ,  Loss/ce: 3.53228  ,  IoU: 0.75389  ,  pro_loss: 0.16667
[train: Epoch 29, 250 / 1875] FPS: 63.7 (202.3)  ,  DataTime: 0.354 (0.012)  ,  ForwardTime: 0.137  ,  TotalTime: 0.503  ,  Loss/total: 3.56296  ,  Loss/ce: 3.52963  ,  IoU: 0.75362  ,  pro_loss: 0.16663
[train: Epoch 29, 300 / 1875] FPS: 64.9 (203.7)  ,  DataTime: 0.345 (0.012)  ,  ForwardTime: 0.137  ,  TotalTime: 0.493  ,  Loss/total: 3.56535  ,  Loss/ce: 3.53203  ,  IoU: 0.75152  ,  pro_loss: 0.16660
[train: Epoch 29, 350 / 1875] FPS: 64.6 (9.9)  ,  DataTime: 0.346 (0.012)  ,  ForwardTime: 0.137  ,  TotalTime: 0.495  ,  Loss/total: 3.56780  ,  Loss/ce: 3.53448  ,  IoU: 0.75068  ,  pro_loss: 0.16660
[train: Epoch 29, 400 / 1875] FPS: 65.5 (196.9)  ,  DataTime: 0.339 (0.012)  ,  ForwardTime: 0.137  ,  TotalTime: 0.488  ,  Loss/total: 3.56773  ,  Loss/ce: 3.53441  ,  IoU: 0.75011  ,  pro_loss: 0.16660
[train: Epoch 29, 450 / 1875] FPS: 65.8 (207.1)  ,  DataTime: 0.338 (0.012)  ,  ForwardTime: 0.137  ,  TotalTime: 0.486  ,  Loss/total: 3.56385  ,  Loss/ce: 3.53053  ,  IoU: 0.75090  ,  pro_loss: 0.16662
[train: Epoch 29, 500 / 1875] FPS: 66.2 (201.1)  ,  DataTime: 0.335 (0.012)  ,  ForwardTime: 0.137  ,  TotalTime: 0.484  ,  Loss/total: 3.56291  ,  Loss/ce: 3.52958  ,  IoU: 0.75108  ,  pro_loss: 0.16663
[train: Epoch 29, 550 / 1875] FPS: 66.6 (198.3)  ,  DataTime: 0.331 (0.012)  ,  ForwardTime: 0.137  ,  TotalTime: 0.480  ,  Loss/total: 3.56304  ,  Loss/ce: 3.52972  ,  IoU: 0.75116  ,  pro_loss: 0.16663
[train: Epoch 29, 600 / 1875] FPS: 67.1 (46.5)  ,  DataTime: 0.328 (0.012)  ,  ForwardTime: 0.137  ,  TotalTime: 0.477  ,  Loss/total: 3.56377  ,  Loss/ce: 3.53044  ,  IoU: 0.75145  ,  pro_loss: 0.16664
[train: Epoch 29, 650 / 1875] FPS: 67.2 (207.0)  ,  DataTime: 0.327 (0.012)  ,  ForwardTime: 0.137  ,  TotalTime: 0.476  ,  Loss/total: 3.56278  ,  Loss/ce: 3.52945  ,  IoU: 0.75166  ,  pro_loss: 0.16664
[train: Epoch 29, 700 / 1875] FPS: 67.6 (28.5)  ,  DataTime: 0.324 (0.012)  ,  ForwardTime: 0.137  ,  TotalTime: 0.473  ,  Loss/total: 3.56375  ,  Loss/ce: 3.53042  ,  IoU: 0.75149  ,  pro_loss: 0.16664
[train: Epoch 29, 750 / 1875] FPS: 67.9 (207.0)  ,  DataTime: 0.322 (0.012)  ,  ForwardTime: 0.137  ,  TotalTime: 0.471  ,  Loss/total: 3.56389  ,  Loss/ce: 3.53056  ,  IoU: 0.75147  ,  pro_loss: 0.16664
[train: Epoch 29, 800 / 1875] FPS: 67.8 (9.3)  ,  DataTime: 0.323 (0.012)  ,  ForwardTime: 0.137  ,  TotalTime: 0.472  ,  Loss/total: 3.56358  ,  Loss/ce: 3.53025  ,  IoU: 0.75163  ,  pro_loss: 0.16665
[train: Epoch 29, 850 / 1875] FPS: 68.2 (207.3)  ,  DataTime: 0.320 (0.012)  ,  ForwardTime: 0.137  ,  TotalTime: 0.469  ,  Loss/total: 3.56321  ,  Loss/ce: 3.52988  ,  IoU: 0.75200  ,  pro_loss: 0.16666
[train: Epoch 29, 900 / 1875] FPS: 68.3 (203.8)  ,  DataTime: 0.319 (0.012)  ,  ForwardTime: 0.137  ,  TotalTime: 0.468  ,  Loss/total: 3.56280  ,  Loss/ce: 3.52946  ,  IoU: 0.75174  ,  pro_loss: 0.16666
[train: Epoch 29, 950 / 1875] FPS: 68.6 (203.2)  ,  DataTime: 0.318 (0.012)  ,  ForwardTime: 0.137  ,  TotalTime: 0.467  ,  Loss/total: 3.56305  ,  Loss/ce: 3.52972  ,  IoU: 0.75166  ,  pro_loss: 0.16665
[train: Epoch 29, 1000 / 1875] FPS: 68.6 (206.8)  ,  DataTime: 0.318 (0.012)  ,  ForwardTime: 0.137  ,  TotalTime: 0.467  ,  Loss/total: 3.56330  ,  Loss/ce: 3.52997  ,  IoU: 0.75177  ,  pro_loss: 0.16665
[train: Epoch 29, 1050 / 1875] FPS: 68.8 (202.9)  ,  DataTime: 0.316 (0.012)  ,  ForwardTime: 0.137  ,  TotalTime: 0.465  ,  Loss/total: 3.56265  ,  Loss/ce: 3.52932  ,  IoU: 0.75175  ,  pro_loss: 0.16665
[train: Epoch 29, 1100 / 1875] FPS: 68.8 (203.5)  ,  DataTime: 0.316 (0.012)  ,  ForwardTime: 0.137  ,  TotalTime: 0.465  ,  Loss/total: 3.56181  ,  Loss/ce: 3.52848  ,  IoU: 0.75192  ,  pro_loss: 0.16665
[train: Epoch 29, 1150 / 1875] FPS: 69.3 (203.1)  ,  DataTime: 0.313 (0.012)  ,  ForwardTime: 0.137  ,  TotalTime: 0.462  ,  Loss/total: 3.56168  ,  Loss/ce: 3.52835  ,  IoU: 0.75194  ,  pro_loss: 0.16666
[train: Epoch 29, 1200 / 1875] FPS: 69.4 (202.3)  ,  DataTime: 0.312 (0.012)  ,  ForwardTime: 0.137  ,  TotalTime: 0.461  ,  Loss/total: 3.56057  ,  Loss/ce: 3.52723  ,  IoU: 0.75227  ,  pro_loss: 0.16666
[train: Epoch 29, 1250 / 1875] FPS: 69.3 (10.8)  ,  DataTime: 0.313 (0.012)  ,  ForwardTime: 0.137  ,  TotalTime: 0.462  ,  Loss/total: 3.55927  ,  Loss/ce: 3.52594  ,  IoU: 0.75250  ,  pro_loss: 0.16666
[train: Epoch 29, 1300 / 1875] FPS: 69.3 (202.7)  ,  DataTime: 0.313 (0.012)  ,  ForwardTime: 0.137  ,  TotalTime: 0.462  ,  Loss/total: 3.55909  ,  Loss/ce: 3.52576  ,  IoU: 0.75278  ,  pro_loss: 0.16666
[train: Epoch 29, 1350 / 1875] FPS: 69.2 (204.8)  ,  DataTime: 0.313 (0.012)  ,  ForwardTime: 0.137  ,  TotalTime: 0.462  ,  Loss/total: 3.55954  ,  Loss/ce: 3.52621  ,  IoU: 0.75274  ,  pro_loss: 0.16665
[train: Epoch 29, 1400 / 1875] FPS: 69.4 (195.8)  ,  DataTime: 0.312 (0.012)  ,  ForwardTime: 0.137  ,  TotalTime: 0.461  ,  Loss/total: 3.55849  ,  Loss/ce: 3.52516  ,  IoU: 0.75287  ,  pro_loss: 0.16665
[train: Epoch 29, 1450 / 1875] FPS: 69.3 (39.2)  ,  DataTime: 0.313 (0.012)  ,  ForwardTime: 0.137  ,  TotalTime: 0.462  ,  Loss/total: 3.55843  ,  Loss/ce: 3.52510  ,  IoU: 0.75310  ,  pro_loss: 0.16666
[train: Epoch 29, 1500 / 1875] FPS: 69.4 (200.0)  ,  DataTime: 0.312 (0.012)  ,  ForwardTime: 0.137  ,  TotalTime: 0.461  ,  Loss/total: 3.55789  ,  Loss/ce: 3.52455  ,  IoU: 0.75319  ,  pro_loss: 0.16666
[train: Epoch 29, 1550 / 1875] FPS: 69.5 (205.2)  ,  DataTime: 0.311 (0.012)  ,  ForwardTime: 0.137  ,  TotalTime: 0.460  ,  Loss/total: 3.55807  ,  Loss/ce: 3.52474  ,  IoU: 0.75313  ,  pro_loss: 0.16665
[train: Epoch 29, 1600 / 1875] FPS: 69.6 (202.3)  ,  DataTime: 0.311 (0.012)  ,  ForwardTime: 0.137  ,  TotalTime: 0.460  ,  Loss/total: 3.55752  ,  Loss/ce: 3.52419  ,  IoU: 0.75333  ,  pro_loss: 0.16665
[train: Epoch 29, 1650 / 1875] FPS: 69.7 (208.8)  ,  DataTime: 0.310 (0.012)  ,  ForwardTime: 0.137  ,  TotalTime: 0.459  ,  Loss/total: 3.55722  ,  Loss/ce: 3.52389  ,  IoU: 0.75354  ,  pro_loss: 0.16665
[train: Epoch 29, 1700 / 1875] FPS: 69.8 (206.1)  ,  DataTime: 0.309 (0.012)  ,  ForwardTime: 0.137  ,  TotalTime: 0.458  ,  Loss/total: 3.55645  ,  Loss/ce: 3.52312  ,  IoU: 0.75375  ,  pro_loss: 0.16666
[train: Epoch 29, 1750 / 1875] FPS: 69.8 (208.7)  ,  DataTime: 0.310 (0.012)  ,  ForwardTime: 0.137  ,  TotalTime: 0.459  ,  Loss/total: 3.55672  ,  Loss/ce: 3.52339  ,  IoU: 0.75372  ,  pro_loss: 0.16666
[train: Epoch 29, 1800 / 1875] FPS: 70.0 (207.4)  ,  DataTime: 0.308 (0.012)  ,  ForwardTime: 0.137  ,  TotalTime: 0.457  ,  Loss/total: 3.55693  ,  Loss/ce: 3.52360  ,  IoU: 0.75367  ,  pro_loss: 0.16666
[train: Epoch 29, 1850 / 1875] FPS: 70.0 (14.7)  ,  DataTime: 0.308 (0.012)  ,  ForwardTime: 0.137  ,  TotalTime: 0.457  ,  Loss/total: 3.55678  ,  Loss/ce: 3.52345  ,  IoU: 0.75377  ,  pro_loss: 0.16666
[train: Epoch 29, 1875 / 1875] FPS: 70.2 (208.2)  ,  DataTime: 0.307 (0.012)  ,  ForwardTime: 0.137  ,  TotalTime: 0.456  ,  Loss/total: 3.55644  ,  Loss/ce: 3.52310  ,  IoU: 0.75379  ,  pro_loss: 0.16666
[train: Epoch 30, 50 / 1875] FPS: 63.1 (205.9)  ,  DataTime: 0.354 (0.012)  ,  ForwardTime: 0.141  ,  TotalTime: 0.507  ,  Loss/total: 3.56690  ,  Loss/ce: 3.53356  ,  IoU: 0.75864  ,  pro_loss: 0.16671
[train: Epoch 30, 100 / 1875] FPS: 64.5 (207.9)  ,  DataTime: 0.346 (0.012)  ,  ForwardTime: 0.139  ,  TotalTime: 0.496  ,  Loss/total: 3.55626  ,  Loss/ce: 3.52292  ,  IoU: 0.75613  ,  pro_loss: 0.16670
[train: Epoch 30, 150 / 1875] FPS: 70.1 (208.1)  ,  DataTime: 0.306 (0.012)  ,  ForwardTime: 0.138  ,  TotalTime: 0.456  ,  Loss/total: 3.56120  ,  Loss/ce: 3.52787  ,  IoU: 0.75582  ,  pro_loss: 0.16667
[train: Epoch 30, 200 / 1875] FPS: 70.0 (204.7)  ,  DataTime: 0.308 (0.012)  ,  ForwardTime: 0.138  ,  TotalTime: 0.457  ,  Loss/total: 3.55881  ,  Loss/ce: 3.52548  ,  IoU: 0.75460  ,  pro_loss: 0.16666
[train: Epoch 30, 250 / 1875] FPS: 71.3 (205.0)  ,  DataTime: 0.299 (0.012)  ,  ForwardTime: 0.138  ,  TotalTime: 0.449  ,  Loss/total: 3.55639  ,  Loss/ce: 3.52306  ,  IoU: 0.75571  ,  pro_loss: 0.16669
[train: Epoch 30, 300 / 1875] FPS: 71.4 (205.1)  ,  DataTime: 0.298 (0.012)  ,  ForwardTime: 0.138  ,  TotalTime: 0.448  ,  Loss/total: 3.55807  ,  Loss/ce: 3.52474  ,  IoU: 0.75637  ,  pro_loss: 0.16668
[train: Epoch 30, 350 / 1875] FPS: 70.6 (204.7)  ,  DataTime: 0.304 (0.012)  ,  ForwardTime: 0.137  ,  TotalTime: 0.453  ,  Loss/total: 3.55926  ,  Loss/ce: 3.52592  ,  IoU: 0.75542  ,  pro_loss: 0.16670
[train: Epoch 30, 400 / 1875] FPS: 70.4 (203.1)  ,  DataTime: 0.305 (0.012)  ,  ForwardTime: 0.137  ,  TotalTime: 0.455  ,  Loss/total: 3.55580  ,  Loss/ce: 3.52247  ,  IoU: 0.75585  ,  pro_loss: 0.16669
[train: Epoch 30, 450 / 1875] FPS: 70.7 (202.6)  ,  DataTime: 0.303 (0.012)  ,  ForwardTime: 0.137  ,  TotalTime: 0.453  ,  Loss/total: 3.55581  ,  Loss/ce: 3.52247  ,  IoU: 0.75553  ,  pro_loss: 0.16670
[train: Epoch 30, 500 / 1875] FPS: 70.2 (200.4)  ,  DataTime: 0.306 (0.012)  ,  ForwardTime: 0.137  ,  TotalTime: 0.456  ,  Loss/total: 3.55799  ,  Loss/ce: 3.52465  ,  IoU: 0.75536  ,  pro_loss: 0.16669
[train: Epoch 30, 550 / 1875] FPS: 70.1 (201.5)  ,  DataTime: 0.307 (0.012)  ,  ForwardTime: 0.137  ,  TotalTime: 0.457  ,  Loss/total: 3.55871  ,  Loss/ce: 3.52537  ,  IoU: 0.75507  ,  pro_loss: 0.16669
[train: Epoch 30, 600 / 1875] FPS: 69.7 (26.1)  ,  DataTime: 0.310 (0.012)  ,  ForwardTime: 0.137  ,  TotalTime: 0.459  ,  Loss/total: 3.55617  ,  Loss/ce: 3.52283  ,  IoU: 0.75589  ,  pro_loss: 0.16669
[train: Epoch 30, 650 / 1875] FPS: 69.2 (201.8)  ,  DataTime: 0.313 (0.012)  ,  ForwardTime: 0.137  ,  TotalTime: 0.462  ,  Loss/total: 3.55783  ,  Loss/ce: 3.52449  ,  IoU: 0.75576  ,  pro_loss: 0.16669
[train: Epoch 30, 700 / 1875] FPS: 68.9 (203.8)  ,  DataTime: 0.315 (0.012)  ,  ForwardTime: 0.137  ,  TotalTime: 0.464  ,  Loss/total: 3.55698  ,  Loss/ce: 3.52364  ,  IoU: 0.75602  ,  pro_loss: 0.16668
[train: Epoch 30, 750 / 1875] FPS: 69.0 (199.6)  ,  DataTime: 0.314 (0.012)  ,  ForwardTime: 0.137  ,  TotalTime: 0.464  ,  Loss/total: 3.55602  ,  Loss/ce: 3.52269  ,  IoU: 0.75599  ,  pro_loss: 0.16667
[train: Epoch 30, 800 / 1875] FPS: 68.5 (206.8)  ,  DataTime: 0.318 (0.012)  ,  ForwardTime: 0.137  ,  TotalTime: 0.467  ,  Loss/total: 3.55587  ,  Loss/ce: 3.52254  ,  IoU: 0.75586  ,  pro_loss: 0.16667
[train: Epoch 30, 850 / 1875] FPS: 68.6 (203.3)  ,  DataTime: 0.317 (0.012)  ,  ForwardTime: 0.137  ,  TotalTime: 0.466  ,  Loss/total: 3.55591  ,  Loss/ce: 3.52258  ,  IoU: 0.75600  ,  pro_loss: 0.16667
[train: Epoch 30, 900 / 1875] FPS: 68.4 (204.2)  ,  DataTime: 0.318 (0.012)  ,  ForwardTime: 0.137  ,  TotalTime: 0.468  ,  Loss/total: 3.55588  ,  Loss/ce: 3.52254  ,  IoU: 0.75598  ,  pro_loss: 0.16668
[train: Epoch 30, 950 / 1875] FPS: 68.3 (208.0)  ,  DataTime: 0.319 (0.012)  ,  ForwardTime: 0.137  ,  TotalTime: 0.468  ,  Loss/total: 3.55485  ,  Loss/ce: 3.52152  ,  IoU: 0.75622  ,  pro_loss: 0.16668
[train: Epoch 30, 1000 / 1875] FPS: 68.0 (207.0)  ,  DataTime: 0.321 (0.012)  ,  ForwardTime: 0.137  ,  TotalTime: 0.470  ,  Loss/total: 3.55411  ,  Loss/ce: 3.52077  ,  IoU: 0.75623  ,  pro_loss: 0.16667
[train: Epoch 30, 1050 / 1875] FPS: 68.1 (206.5)  ,  DataTime: 0.321 (0.012)  ,  ForwardTime: 0.137  ,  TotalTime: 0.470  ,  Loss/total: 3.55344  ,  Loss/ce: 3.52011  ,  IoU: 0.75624  ,  pro_loss: 0.16666
[train: Epoch 30, 1100 / 1875] FPS: 68.0 (205.6)  ,  DataTime: 0.321 (0.012)  ,  ForwardTime: 0.137  ,  TotalTime: 0.471  ,  Loss/total: 3.55393  ,  Loss/ce: 3.52060  ,  IoU: 0.75631  ,  pro_loss: 0.16666
[train: Epoch 30, 1150 / 1875] FPS: 68.1 (38.6)  ,  DataTime: 0.320 (0.012)  ,  ForwardTime: 0.137  ,  TotalTime: 0.470  ,  Loss/total: 3.55423  ,  Loss/ce: 3.52090  ,  IoU: 0.75647  ,  pro_loss: 0.16666
[train: Epoch 30, 1200 / 1875] FPS: 67.8 (16.2)  ,  DataTime: 0.322 (0.012)  ,  ForwardTime: 0.137  ,  TotalTime: 0.472  ,  Loss/total: 3.55427  ,  Loss/ce: 3.52094  ,  IoU: 0.75656  ,  pro_loss: 0.16666
[train: Epoch 30, 1250 / 1875] FPS: 67.8 (201.9)  ,  DataTime: 0.323 (0.012)  ,  ForwardTime: 0.137  ,  TotalTime: 0.472  ,  Loss/total: 3.55434  ,  Loss/ce: 3.52101  ,  IoU: 0.75649  ,  pro_loss: 0.16666
[train: Epoch 30, 1300 / 1875] FPS: 67.8 (203.5)  ,  DataTime: 0.323 (0.012)  ,  ForwardTime: 0.137  ,  TotalTime: 0.472  ,  Loss/total: 3.55322  ,  Loss/ce: 3.51988  ,  IoU: 0.75670  ,  pro_loss: 0.16666
[train: Epoch 30, 1350 / 1875] FPS: 67.8 (204.4)  ,  DataTime: 0.323 (0.012)  ,  ForwardTime: 0.137  ,  TotalTime: 0.472  ,  Loss/total: 3.55275  ,  Loss/ce: 3.51942  ,  IoU: 0.75678  ,  pro_loss: 0.16665
[train: Epoch 30, 1400 / 1875] FPS: 67.7 (204.9)  ,  DataTime: 0.324 (0.012)  ,  ForwardTime: 0.137  ,  TotalTime: 0.473  ,  Loss/total: 3.55178  ,  Loss/ce: 3.51845  ,  IoU: 0.75695  ,  pro_loss: 0.16665
[train: Epoch 30, 1450 / 1875] FPS: 67.6 (201.1)  ,  DataTime: 0.324 (0.012)  ,  ForwardTime: 0.137  ,  TotalTime: 0.473  ,  Loss/total: 3.55092  ,  Loss/ce: 3.51759  ,  IoU: 0.75709  ,  pro_loss: 0.16665
[train: Epoch 30, 1500 / 1875] FPS: 67.4 (198.1)  ,  DataTime: 0.325 (0.012)  ,  ForwardTime: 0.137  ,  TotalTime: 0.475  ,  Loss/total: 3.55002  ,  Loss/ce: 3.51669  ,  IoU: 0.75734  ,  pro_loss: 0.16664
[train: Epoch 30, 1550 / 1875] FPS: 67.3 (35.8)  ,  DataTime: 0.326 (0.012)  ,  ForwardTime: 0.137  ,  TotalTime: 0.476  ,  Loss/total: 3.55019  ,  Loss/ce: 3.51687  ,  IoU: 0.75721  ,  pro_loss: 0.16664
[train: Epoch 30, 1600 / 1875] FPS: 67.0 (202.3)  ,  DataTime: 0.328 (0.012)  ,  ForwardTime: 0.137  ,  TotalTime: 0.477  ,  Loss/total: 3.55078  ,  Loss/ce: 3.51745  ,  IoU: 0.75707  ,  pro_loss: 0.16664
[train: Epoch 30, 1650 / 1875] FPS: 66.8 (195.9)  ,  DataTime: 0.329 (0.012)  ,  ForwardTime: 0.137  ,  TotalTime: 0.479  ,  Loss/total: 3.55169  ,  Loss/ce: 3.51836  ,  IoU: 0.75698  ,  pro_loss: 0.16664
[train: Epoch 30, 1700 / 1875] FPS: 66.5 (206.0)  ,  DataTime: 0.332 (0.012)  ,  ForwardTime: 0.137  ,  TotalTime: 0.482  ,  Loss/total: 3.55145  ,  Loss/ce: 3.51812  ,  IoU: 0.75683  ,  pro_loss: 0.16665
[train: Epoch 30, 1750 / 1875] FPS: 66.1 (12.6)  ,  DataTime: 0.335 (0.012)  ,  ForwardTime: 0.137  ,  TotalTime: 0.484  ,  Loss/total: 3.55077  ,  Loss/ce: 3.51744  ,  IoU: 0.75685  ,  pro_loss: 0.16664
[train: Epoch 30, 1800 / 1875] FPS: 66.1 (120.0)  ,  DataTime: 0.335 (0.012)  ,  ForwardTime: 0.137  ,  TotalTime: 0.484  ,  Loss/total: 3.55053  ,  Loss/ce: 3.51720  ,  IoU: 0.75685  ,  pro_loss: 0.16665
[train: Epoch 30, 1850 / 1875] FPS: 65.8 (204.8)  ,  DataTime: 0.337 (0.012)  ,  ForwardTime: 0.137  ,  TotalTime: 0.486  ,  Loss/total: 3.55040  ,  Loss/ce: 3.51707  ,  IoU: 0.75682  ,  pro_loss: 0.16665
[train: Epoch 30, 1875 / 1875] FPS: 65.9 (186.3)  ,  DataTime: 0.336 (0.012)  ,  ForwardTime: 0.137  ,  TotalTime: 0.486  ,  Loss/total: 3.55059  ,  Loss/ce: 3.51727  ,  IoU: 0.75681  ,  pro_loss: 0.16665
[val: Epoch 30, 50 / 312] FPS: 44.0 (17.6)  ,  DataTime: 0.637 (0.013)  ,  ForwardTime: 0.077  ,  TotalTime: 0.727  ,  Loss/total: nan  ,  Loss/giou: 0.26234  ,  Loss/l1: 0.02264  ,  Loss/location: nan  ,  pro_loss: 0.16667  ,  IoU: 0.75453
[val: Epoch 30, 100 / 312] FPS: 48.1 (354.1)  ,  DataTime: 0.579 (0.013)  ,  ForwardTime: 0.073  ,  TotalTime: 0.665  ,  Loss/total: nan  ,  Loss/giou: 0.26841  ,  Loss/l1: 0.02274  ,  Loss/location: nan  ,  pro_loss: 0.16667  ,  IoU: 0.74891
[val: Epoch 30, 150 / 312] FPS: 49.7 (343.5)  ,  DataTime: 0.558 (0.014)  ,  ForwardTime: 0.072  ,  TotalTime: 0.644  ,  Loss/total: nan  ,  Loss/giou: 0.26830  ,  Loss/l1: 0.02306  ,  Loss/location: nan  ,  pro_loss: 0.16667  ,  IoU: 0.74962
[val: Epoch 30, 200 / 312] FPS: 51.5 (338.2)  ,  DataTime: 0.536 (0.014)  ,  ForwardTime: 0.071  ,  TotalTime: 0.622  ,  Loss/total: nan  ,  Loss/giou: 0.27060  ,  Loss/l1: 0.02339  ,  Loss/location: nan  ,  pro_loss: 0.16667  ,  IoU: 0.74823
[val: Epoch 30, 250 / 312] FPS: 52.6 (49.0)  ,  DataTime: 0.523 (0.014)  ,  ForwardTime: 0.071  ,  TotalTime: 0.608  ,  Loss/total: nan  ,  Loss/giou: 0.27267  ,  Loss/l1: 0.02373  ,  Loss/location: nan  ,  pro_loss: 0.16667  ,  IoU: 0.74674
[val: Epoch 30, 300 / 312] FPS: 52.8 (364.6)  ,  DataTime: 0.522 (0.014)  ,  ForwardTime: 0.071  ,  TotalTime: 0.606  ,  Loss/total: nan  ,  Loss/giou: 0.27276  ,  Loss/l1: 0.02372  ,  Loss/location: nan  ,  pro_loss: 0.16667  ,  IoU: 0.74670
[val: Epoch 30, 312 / 312] FPS: 54.1 (370.0)  ,  DataTime: 0.507 (0.014)  ,  ForwardTime: 0.071  ,  TotalTime: 0.592  ,  Loss/total: nan  ,  Loss/giou: 0.27298  ,  Loss/l1: 0.02374  ,  Loss/location: nan  ,  pro_loss: 0.16667  ,  IoU: 0.74652
[train: Epoch 31, 50 / 1875] FPS: 49.1 (208.6)  ,  DataTime: 0.504 (0.011)  ,  ForwardTime: 0.137  ,  TotalTime: 0.652  ,  Loss/total: 3.54577  ,  Loss/ce: 3.51243  ,  IoU: 0.75547  ,  pro_loss: 0.16667
[train: Epoch 31, 100 / 1875] FPS: 51.3 (205.0)  ,  DataTime: 0.475 (0.012)  ,  ForwardTime: 0.137  ,  TotalTime: 0.623  ,  Loss/total: 3.53905  ,  Loss/ce: 3.50570  ,  IoU: 0.75444  ,  pro_loss: 0.16671
[train: Epoch 31, 150 / 1875] FPS: 55.7 (203.9)  ,  DataTime: 0.426 (0.012)  ,  ForwardTime: 0.137  ,  TotalTime: 0.575  ,  Loss/total: 3.53894  ,  Loss/ce: 3.50560  ,  IoU: 0.75668  ,  pro_loss: 0.16669
[train: Epoch 31, 200 / 1875] FPS: 56.8 (205.1)  ,  DataTime: 0.415 (0.012)  ,  ForwardTime: 0.137  ,  TotalTime: 0.564  ,  Loss/total: 3.54305  ,  Loss/ce: 3.50972  ,  IoU: 0.75658  ,  pro_loss: 0.16665
[train: Epoch 31, 250 / 1875] FPS: 55.4 (15.0)  ,  DataTime: 0.429 (0.012)  ,  ForwardTime: 0.137  ,  TotalTime: 0.578  ,  Loss/total: 3.54652  ,  Loss/ce: 3.51319  ,  IoU: 0.75604  ,  pro_loss: 0.16667
[train: Epoch 31, 300 / 1875] FPS: 56.2 (201.5)  ,  DataTime: 0.421 (0.012)  ,  ForwardTime: 0.137  ,  TotalTime: 0.569  ,  Loss/total: 3.54714  ,  Loss/ce: 3.51380  ,  IoU: 0.75645  ,  pro_loss: 0.16666
[train: Epoch 31, 350 / 1875] FPS: 56.7 (201.3)  ,  DataTime: 0.416 (0.012)  ,  ForwardTime: 0.137  ,  TotalTime: 0.565  ,  Loss/total: 3.54714  ,  Loss/ce: 3.51381  ,  IoU: 0.75701  ,  pro_loss: 0.16668
[train: Epoch 31, 400 / 1875] FPS: 56.8 (206.7)  ,  DataTime: 0.414 (0.012)  ,  ForwardTime: 0.137  ,  TotalTime: 0.563  ,  Loss/total: 3.54584  ,  Loss/ce: 3.51250  ,  IoU: 0.75697  ,  pro_loss: 0.16669
[train: Epoch 31, 450 / 1875] FPS: 56.8 (11.2)  ,  DataTime: 0.415 (0.012)  ,  ForwardTime: 0.137  ,  TotalTime: 0.564  ,  Loss/total: 3.54482  ,  Loss/ce: 3.51148  ,  IoU: 0.75739  ,  pro_loss: 0.16670
[train: Epoch 31, 500 / 1875] FPS: 57.6 (206.3)  ,  DataTime: 0.407 (0.012)  ,  ForwardTime: 0.137  ,  TotalTime: 0.556  ,  Loss/total: 3.54471  ,  Loss/ce: 3.51137  ,  IoU: 0.75774  ,  pro_loss: 0.16671
[train: Epoch 31, 550 / 1875] FPS: 58.2 (203.6)  ,  DataTime: 0.401 (0.012)  ,  ForwardTime: 0.137  ,  TotalTime: 0.550  ,  Loss/total: 3.54607  ,  Loss/ce: 3.51273  ,  IoU: 0.75759  ,  pro_loss: 0.16668
[train: Epoch 31, 600 / 1875] FPS: 58.4 (207.6)  ,  DataTime: 0.399 (0.012)  ,  ForwardTime: 0.137  ,  TotalTime: 0.548  ,  Loss/total: 3.54582  ,  Loss/ce: 3.51248  ,  IoU: 0.75754  ,  pro_loss: 0.16667
[train: Epoch 31, 650 / 1875] FPS: 58.9 (33.5)  ,  DataTime: 0.395 (0.012)  ,  ForwardTime: 0.137  ,  TotalTime: 0.543  ,  Loss/total: 3.54486  ,  Loss/ce: 3.51152  ,  IoU: 0.75805  ,  pro_loss: 0.16668
[train: Epoch 31, 700 / 1875] FPS: 59.1 (208.4)  ,  DataTime: 0.392 (0.012)  ,  ForwardTime: 0.137  ,  TotalTime: 0.541  ,  Loss/total: 3.54335  ,  Loss/ce: 3.51001  ,  IoU: 0.75829  ,  pro_loss: 0.16668
[train: Epoch 31, 750 / 1875] FPS: 58.8 (205.6)  ,  DataTime: 0.396 (0.012)  ,  ForwardTime: 0.137  ,  TotalTime: 0.544  ,  Loss/total: 3.54266  ,  Loss/ce: 3.50933  ,  IoU: 0.75858  ,  pro_loss: 0.16667
[train: Epoch 31, 800 / 1875] FPS: 58.9 (205.9)  ,  DataTime: 0.394 (0.012)  ,  ForwardTime: 0.137  ,  TotalTime: 0.543  ,  Loss/total: 3.54220  ,  Loss/ce: 3.50887  ,  IoU: 0.75868  ,  pro_loss: 0.16667
[train: Epoch 31, 850 / 1875] FPS: 59.2 (203.2)  ,  DataTime: 0.392 (0.012)  ,  ForwardTime: 0.137  ,  TotalTime: 0.540  ,  Loss/total: 3.54230  ,  Loss/ce: 3.50897  ,  IoU: 0.75848  ,  pro_loss: 0.16666
[train: Epoch 31, 900 / 1875] FPS: 59.5 (200.7)  ,  DataTime: 0.389 (0.012)  ,  ForwardTime: 0.137  ,  TotalTime: 0.537  ,  Loss/total: 3.54233  ,  Loss/ce: 3.50899  ,  IoU: 0.75826  ,  pro_loss: 0.16666
[train: Epoch 31, 950 / 1875] FPS: 59.9 (202.6)  ,  DataTime: 0.386 (0.012)  ,  ForwardTime: 0.137  ,  TotalTime: 0.534  ,  Loss/total: 3.54163  ,  Loss/ce: 3.50830  ,  IoU: 0.75835  ,  pro_loss: 0.16666
[train: Epoch 31, 1000 / 1875] FPS: 59.9 (207.6)  ,  DataTime: 0.385 (0.012)  ,  ForwardTime: 0.137  ,  TotalTime: 0.534  ,  Loss/total: 3.54177  ,  Loss/ce: 3.50843  ,  IoU: 0.75798  ,  pro_loss: 0.16666
[train: Epoch 31, 1050 / 1875] FPS: 60.2 (204.2)  ,  DataTime: 0.383 (0.012)  ,  ForwardTime: 0.137  ,  TotalTime: 0.532  ,  Loss/total: 3.54188  ,  Loss/ce: 3.50855  ,  IoU: 0.75786  ,  pro_loss: 0.16667
[train: Epoch 31, 1100 / 1875] FPS: 60.5 (204.9)  ,  DataTime: 0.380 (0.012)  ,  ForwardTime: 0.137  ,  TotalTime: 0.529  ,  Loss/total: 3.54204  ,  Loss/ce: 3.50871  ,  IoU: 0.75777  ,  pro_loss: 0.16667
[train: Epoch 31, 1150 / 1875] FPS: 60.7 (205.4)  ,  DataTime: 0.378 (0.012)  ,  ForwardTime: 0.137  ,  TotalTime: 0.527  ,  Loss/total: 3.54233  ,  Loss/ce: 3.50900  ,  IoU: 0.75790  ,  pro_loss: 0.16667
[train: Epoch 31, 1200 / 1875] FPS: 60.9 (12.0)  ,  DataTime: 0.377 (0.012)  ,  ForwardTime: 0.137  ,  TotalTime: 0.525  ,  Loss/total: 3.54065  ,  Loss/ce: 3.50731  ,  IoU: 0.75832  ,  pro_loss: 0.16667
[train: Epoch 31, 1250 / 1875] FPS: 61.1 (205.0)  ,  DataTime: 0.375 (0.012)  ,  ForwardTime: 0.137  ,  TotalTime: 0.524  ,  Loss/total: 3.54125  ,  Loss/ce: 3.50791  ,  IoU: 0.75822  ,  pro_loss: 0.16667
[train: Epoch 31, 1300 / 1875] FPS: 61.3 (207.4)  ,  DataTime: 0.373 (0.012)  ,  ForwardTime: 0.137  ,  TotalTime: 0.522  ,  Loss/total: 3.54212  ,  Loss/ce: 3.50879  ,  IoU: 0.75812  ,  pro_loss: 0.16666
[train: Epoch 31, 1350 / 1875] FPS: 61.6 (205.4)  ,  DataTime: 0.371 (0.012)  ,  ForwardTime: 0.137  ,  TotalTime: 0.519  ,  Loss/total: 3.54156  ,  Loss/ce: 3.50823  ,  IoU: 0.75818  ,  pro_loss: 0.16666
[train: Epoch 31, 1400 / 1875] FPS: 61.8 (197.7)  ,  DataTime: 0.369 (0.012)  ,  ForwardTime: 0.137  ,  TotalTime: 0.518  ,  Loss/total: 3.54149  ,  Loss/ce: 3.50815  ,  IoU: 0.75818  ,  pro_loss: 0.16666
[train: Epoch 31, 1450 / 1875] FPS: 61.6 (10.0)  ,  DataTime: 0.371 (0.012)  ,  ForwardTime: 0.137  ,  TotalTime: 0.520  ,  Loss/total: 3.54154  ,  Loss/ce: 3.50820  ,  IoU: 0.75814  ,  pro_loss: 0.16666
[train: Epoch 31, 1500 / 1875] FPS: 61.7 (207.3)  ,  DataTime: 0.370 (0.012)  ,  ForwardTime: 0.137  ,  TotalTime: 0.518  ,  Loss/total: 3.54172  ,  Loss/ce: 3.50839  ,  IoU: 0.75810  ,  pro_loss: 0.16667
[train: Epoch 31, 1550 / 1875] FPS: 61.5 (16.1)  ,  DataTime: 0.371 (0.012)  ,  ForwardTime: 0.137  ,  TotalTime: 0.520  ,  Loss/total: 3.54142  ,  Loss/ce: 3.50809  ,  IoU: 0.75846  ,  pro_loss: 0.16666
[train: Epoch 31, 1600 / 1875] FPS: 61.4 (208.3)  ,  DataTime: 0.372 (0.012)  ,  ForwardTime: 0.137  ,  TotalTime: 0.521  ,  Loss/total: 3.54107  ,  Loss/ce: 3.50774  ,  IoU: 0.75852  ,  pro_loss: 0.16666
[train: Epoch 31, 1650 / 1875] FPS: 61.6 (204.4)  ,  DataTime: 0.370 (0.012)  ,  ForwardTime: 0.137  ,  TotalTime: 0.519  ,  Loss/total: 3.54075  ,  Loss/ce: 3.50742  ,  IoU: 0.75853  ,  pro_loss: 0.16665
[train: Epoch 31, 1700 / 1875] FPS: 61.4 (14.1)  ,  DataTime: 0.372 (0.012)  ,  ForwardTime: 0.137  ,  TotalTime: 0.521  ,  Loss/total: 3.54090  ,  Loss/ce: 3.50757  ,  IoU: 0.75868  ,  pro_loss: 0.16665
[train: Epoch 31, 1750 / 1875] FPS: 61.6 (207.3)  ,  DataTime: 0.371 (0.012)  ,  ForwardTime: 0.137  ,  TotalTime: 0.520  ,  Loss/total: 3.54041  ,  Loss/ce: 3.50708  ,  IoU: 0.75874  ,  pro_loss: 0.16666
[train: Epoch 31, 1800 / 1875] FPS: 61.8 (203.3)  ,  DataTime: 0.369 (0.012)  ,  ForwardTime: 0.137  ,  TotalTime: 0.518  ,  Loss/total: 3.54056  ,  Loss/ce: 3.50723  ,  IoU: 0.75882  ,  pro_loss: 0.16666
[train: Epoch 31, 1850 / 1875] FPS: 61.6 (7.1)  ,  DataTime: 0.371 (0.012)  ,  ForwardTime: 0.137  ,  TotalTime: 0.520  ,  Loss/total: 3.54028  ,  Loss/ce: 3.50694  ,  IoU: 0.75884  ,  pro_loss: 0.16666
[train: Epoch 31, 1875 / 1875] FPS: 61.9 (208.0)  ,  DataTime: 0.368 (0.012)  ,  ForwardTime: 0.137  ,  TotalTime: 0.517  ,  Loss/total: 3.54026  ,  Loss/ce: 3.50693  ,  IoU: 0.75881  ,  pro_loss: 0.16666
[train: Epoch 32, 50 / 1875] FPS: 54.6 (50.0)  ,  DataTime: 0.435 (0.013)  ,  ForwardTime: 0.138  ,  TotalTime: 0.586  ,  Loss/total: 3.53399  ,  Loss/ce: 3.50066  ,  IoU: 0.76319  ,  pro_loss: 0.16667
[train: Epoch 32, 100 / 1875] FPS: 56.5 (202.2)  ,  DataTime: 0.416 (0.012)  ,  ForwardTime: 0.137  ,  TotalTime: 0.566  ,  Loss/total: 3.53644  ,  Loss/ce: 3.50312  ,  IoU: 0.75877  ,  pro_loss: 0.16662
[train: Epoch 32, 150 / 1875] FPS: 57.6 (204.1)  ,  DataTime: 0.406 (0.013)  ,  ForwardTime: 0.137  ,  TotalTime: 0.556  ,  Loss/total: 3.54115  ,  Loss/ce: 3.50781  ,  IoU: 0.75798  ,  pro_loss: 0.16668
[train: Epoch 32, 200 / 1875] FPS: 59.2 (204.0)  ,  DataTime: 0.391 (0.012)  ,  ForwardTime: 0.137  ,  TotalTime: 0.540  ,  Loss/total: 3.54283  ,  Loss/ce: 3.50949  ,  IoU: 0.75761  ,  pro_loss: 0.16671
[train: Epoch 32, 250 / 1875] FPS: 58.4 (6.3)  ,  DataTime: 0.399 (0.012)  ,  ForwardTime: 0.137  ,  TotalTime: 0.548  ,  Loss/total: 3.53734  ,  Loss/ce: 3.50400  ,  IoU: 0.75806  ,  pro_loss: 0.16674
[train: Epoch 32, 300 / 1875] FPS: 59.7 (200.2)  ,  DataTime: 0.387 (0.012)  ,  ForwardTime: 0.137  ,  TotalTime: 0.536  ,  Loss/total: 3.53599  ,  Loss/ce: 3.50265  ,  IoU: 0.75862  ,  pro_loss: 0.16672
[train: Epoch 32, 350 / 1875] FPS: 60.3 (201.9)  ,  DataTime: 0.381 (0.012)  ,  ForwardTime: 0.137  ,  TotalTime: 0.531  ,  Loss/total: 3.53776  ,  Loss/ce: 3.50442  ,  IoU: 0.75809  ,  pro_loss: 0.16672
[train: Epoch 32, 400 / 1875] FPS: 60.7 (203.1)  ,  DataTime: 0.378 (0.012)  ,  ForwardTime: 0.137  ,  TotalTime: 0.527  ,  Loss/total: 3.53919  ,  Loss/ce: 3.50584  ,  IoU: 0.75773  ,  pro_loss: 0.16671
[train: Epoch 32, 450 / 1875] FPS: 60.6 (206.5)  ,  DataTime: 0.379 (0.012)  ,  ForwardTime: 0.137  ,  TotalTime: 0.528  ,  Loss/total: 3.53940  ,  Loss/ce: 3.50606  ,  IoU: 0.75787  ,  pro_loss: 0.16671
[train: Epoch 32, 500 / 1875] FPS: 60.8 (204.9)  ,  DataTime: 0.377 (0.012)  ,  ForwardTime: 0.137  ,  TotalTime: 0.526  ,  Loss/total: 3.54004  ,  Loss/ce: 3.50670  ,  IoU: 0.75773  ,  pro_loss: 0.16670
[train: Epoch 32, 550 / 1875] FPS: 60.9 (202.4)  ,  DataTime: 0.377 (0.012)  ,  ForwardTime: 0.137  ,  TotalTime: 0.526  ,  Loss/total: 3.54027  ,  Loss/ce: 3.50692  ,  IoU: 0.75819  ,  pro_loss: 0.16671
[train: Epoch 32, 600 / 1875] FPS: 61.2 (205.8)  ,  DataTime: 0.374 (0.012)  ,  ForwardTime: 0.137  ,  TotalTime: 0.523  ,  Loss/total: 3.54045  ,  Loss/ce: 3.50711  ,  IoU: 0.75812  ,  pro_loss: 0.16669
[train: Epoch 32, 650 / 1875] FPS: 61.4 (200.8)  ,  DataTime: 0.372 (0.012)  ,  ForwardTime: 0.137  ,  TotalTime: 0.521  ,  Loss/total: 3.54098  ,  Loss/ce: 3.50765  ,  IoU: 0.75792  ,  pro_loss: 0.16668
[train: Epoch 32, 700 / 1875] FPS: 61.6 (200.8)  ,  DataTime: 0.371 (0.012)  ,  ForwardTime: 0.137  ,  TotalTime: 0.520  ,  Loss/total: 3.54142  ,  Loss/ce: 3.50808  ,  IoU: 0.75779  ,  pro_loss: 0.16668
[train: Epoch 32, 750 / 1875] FPS: 61.2 (207.7)  ,  DataTime: 0.374 (0.012)  ,  ForwardTime: 0.137  ,  TotalTime: 0.523  ,  Loss/total: 3.53993  ,  Loss/ce: 3.50660  ,  IoU: 0.75808  ,  pro_loss: 0.16668
[train: Epoch 32, 800 / 1875] FPS: 61.5 (206.7)  ,  DataTime: 0.371 (0.012)  ,  ForwardTime: 0.137  ,  TotalTime: 0.520  ,  Loss/total: 3.53937  ,  Loss/ce: 3.50604  ,  IoU: 0.75808  ,  pro_loss: 0.16667
[train: Epoch 32, 850 / 1875] FPS: 61.6 (204.9)  ,  DataTime: 0.371 (0.012)  ,  ForwardTime: 0.137  ,  TotalTime: 0.520  ,  Loss/total: 3.53895  ,  Loss/ce: 3.50562  ,  IoU: 0.75824  ,  pro_loss: 0.16667
[train: Epoch 32, 900 / 1875] FPS: 61.9 (202.9)  ,  DataTime: 0.368 (0.012)  ,  ForwardTime: 0.137  ,  TotalTime: 0.517  ,  Loss/total: 3.53834  ,  Loss/ce: 3.50501  ,  IoU: 0.75857  ,  pro_loss: 0.16667
[train: Epoch 32, 950 / 1875] FPS: 61.9 (19.9)  ,  DataTime: 0.368 (0.012)  ,  ForwardTime: 0.137  ,  TotalTime: 0.517  ,  Loss/total: 3.53743  ,  Loss/ce: 3.50409  ,  IoU: 0.75863  ,  pro_loss: 0.16667
[train: Epoch 32, 1000 / 1875] FPS: 61.9 (202.9)  ,  DataTime: 0.368 (0.012)  ,  ForwardTime: 0.137  ,  TotalTime: 0.517  ,  Loss/total: 3.53781  ,  Loss/ce: 3.50448  ,  IoU: 0.75838  ,  pro_loss: 0.16668
[train: Epoch 32, 1050 / 1875] FPS: 62.1 (198.7)  ,  DataTime: 0.366 (0.012)  ,  ForwardTime: 0.137  ,  TotalTime: 0.515  ,  Loss/total: 3.53720  ,  Loss/ce: 3.50387  ,  IoU: 0.75856  ,  pro_loss: 0.16668
[train: Epoch 32, 1100 / 1875] FPS: 61.8 (11.3)  ,  DataTime: 0.368 (0.012)  ,  ForwardTime: 0.137  ,  TotalTime: 0.517  ,  Loss/total: 3.53703  ,  Loss/ce: 3.50370  ,  IoU: 0.75826  ,  pro_loss: 0.16668
[train: Epoch 32, 1150 / 1875] FPS: 62.1 (204.6)  ,  DataTime: 0.366 (0.012)  ,  ForwardTime: 0.137  ,  TotalTime: 0.515  ,  Loss/total: 3.53509  ,  Loss/ce: 3.50175  ,  IoU: 0.75853  ,  pro_loss: 0.16668
[train: Epoch 32, 1200 / 1875] FPS: 62.1 (200.0)  ,  DataTime: 0.366 (0.012)  ,  ForwardTime: 0.137  ,  TotalTime: 0.515  ,  Loss/total: 3.53528  ,  Loss/ce: 3.50195  ,  IoU: 0.75858  ,  pro_loss: 0.16668
[train: Epoch 32, 1250 / 1875] FPS: 62.5 (201.9)  ,  DataTime: 0.363 (0.012)  ,  ForwardTime: 0.137  ,  TotalTime: 0.512  ,  Loss/total: 3.53474  ,  Loss/ce: 3.50140  ,  IoU: 0.75904  ,  pro_loss: 0.16668
[train: Epoch 32, 1300 / 1875] FPS: 62.5 (204.6)  ,  DataTime: 0.363 (0.012)  ,  ForwardTime: 0.137  ,  TotalTime: 0.512  ,  Loss/total: 3.53488  ,  Loss/ce: 3.50154  ,  IoU: 0.75911  ,  pro_loss: 0.16668
[train: Epoch 32, 1350 / 1875] FPS: 62.6 (197.1)  ,  DataTime: 0.362 (0.012)  ,  ForwardTime: 0.137  ,  TotalTime: 0.511  ,  Loss/total: 3.53480  ,  Loss/ce: 3.50147  ,  IoU: 0.75891  ,  pro_loss: 0.16668
[train: Epoch 32, 1400 / 1875] FPS: 62.5 (205.1)  ,  DataTime: 0.363 (0.012)  ,  ForwardTime: 0.137  ,  TotalTime: 0.512  ,  Loss/total: 3.53435  ,  Loss/ce: 3.50101  ,  IoU: 0.75901  ,  pro_loss: 0.16668
[train: Epoch 32, 1450 / 1875] FPS: 62.5 (194.9)  ,  DataTime: 0.363 (0.012)  ,  ForwardTime: 0.137  ,  TotalTime: 0.512  ,  Loss/total: 3.53373  ,  Loss/ce: 3.50039  ,  IoU: 0.75926  ,  pro_loss: 0.16669
[train: Epoch 32, 1500 / 1875] FPS: 62.5 (204.9)  ,  DataTime: 0.363 (0.012)  ,  ForwardTime: 0.137  ,  TotalTime: 0.512  ,  Loss/total: 3.53292  ,  Loss/ce: 3.49959  ,  IoU: 0.75937  ,  pro_loss: 0.16668
[train: Epoch 32, 1550 / 1875] FPS: 62.5 (204.5)  ,  DataTime: 0.363 (0.012)  ,  ForwardTime: 0.137  ,  TotalTime: 0.512  ,  Loss/total: 3.53262  ,  Loss/ce: 3.49928  ,  IoU: 0.75948  ,  pro_loss: 0.16668
[train: Epoch 32, 1600 / 1875] FPS: 62.3 (205.0)  ,  DataTime: 0.365 (0.012)  ,  ForwardTime: 0.137  ,  TotalTime: 0.514  ,  Loss/total: 3.53226  ,  Loss/ce: 3.49893  ,  IoU: 0.75964  ,  pro_loss: 0.16668
[train: Epoch 32, 1650 / 1875] FPS: 62.2 (204.5)  ,  DataTime: 0.365 (0.012)  ,  ForwardTime: 0.137  ,  TotalTime: 0.514  ,  Loss/total: 3.53197  ,  Loss/ce: 3.49864  ,  IoU: 0.75961  ,  pro_loss: 0.16668
[train: Epoch 32, 1700 / 1875] FPS: 62.0 (10.7)  ,  DataTime: 0.367 (0.012)  ,  ForwardTime: 0.137  ,  TotalTime: 0.516  ,  Loss/total: 3.53118  ,  Loss/ce: 3.49785  ,  IoU: 0.75976  ,  pro_loss: 0.16668
[train: Epoch 32, 1750 / 1875] FPS: 62.1 (197.1)  ,  DataTime: 0.367 (0.012)  ,  ForwardTime: 0.137  ,  TotalTime: 0.516  ,  Loss/total: 3.53154  ,  Loss/ce: 3.49821  ,  IoU: 0.75949  ,  pro_loss: 0.16668
[train: Epoch 32, 1800 / 1875] FPS: 62.0 (208.4)  ,  DataTime: 0.367 (0.012)  ,  ForwardTime: 0.137  ,  TotalTime: 0.516  ,  Loss/total: 3.53140  ,  Loss/ce: 3.49807  ,  IoU: 0.75966  ,  pro_loss: 0.16668
[train: Epoch 32, 1850 / 1875] FPS: 62.1 (205.0)  ,  DataTime: 0.367 (0.012)  ,  ForwardTime: 0.137  ,  TotalTime: 0.516  ,  Loss/total: 3.53196  ,  Loss/ce: 3.49862  ,  IoU: 0.75965  ,  pro_loss: 0.16669
[train: Epoch 32, 1875 / 1875] FPS: 62.2 (208.1)  ,  DataTime: 0.365 (0.012)  ,  ForwardTime: 0.137  ,  TotalTime: 0.514  ,  Loss/total: 3.53144  ,  Loss/ce: 3.49811  ,  IoU: 0.75963  ,  pro_loss: 0.16669
[train: Epoch 33, 50 / 1875] FPS: 53.3 (209.7)  ,  DataTime: 0.452 (0.012)  ,  ForwardTime: 0.137  ,  TotalTime: 0.601  ,  Loss/total: 3.53679  ,  Loss/ce: 3.50347  ,  IoU: 0.75838  ,  pro_loss: 0.16660
[train: Epoch 33, 100 / 1875] FPS: 56.6 (206.6)  ,  DataTime: 0.417 (0.012)  ,  ForwardTime: 0.137  ,  TotalTime: 0.565  ,  Loss/total: 3.54038  ,  Loss/ce: 3.50704  ,  IoU: 0.75622  ,  pro_loss: 0.16669
[train: Epoch 33, 150 / 1875] FPS: 58.6 (206.3)  ,  DataTime: 0.397 (0.012)  ,  ForwardTime: 0.137  ,  TotalTime: 0.546  ,  Loss/total: 3.54251  ,  Loss/ce: 3.50917  ,  IoU: 0.75595  ,  pro_loss: 0.16670
[train: Epoch 33, 200 / 1875] FPS: 59.3 (207.0)  ,  DataTime: 0.391 (0.012)  ,  ForwardTime: 0.137  ,  TotalTime: 0.540  ,  Loss/total: 3.54045  ,  Loss/ce: 3.50711  ,  IoU: 0.75749  ,  pro_loss: 0.16671
[train: Epoch 33, 250 / 1875] FPS: 60.4 (204.8)  ,  DataTime: 0.381 (0.012)  ,  ForwardTime: 0.137  ,  TotalTime: 0.529  ,  Loss/total: 3.53584  ,  Loss/ce: 3.50250  ,  IoU: 0.75780  ,  pro_loss: 0.16668
[train: Epoch 33, 300 / 1875] FPS: 60.6 (202.0)  ,  DataTime: 0.379 (0.012)  ,  ForwardTime: 0.137  ,  TotalTime: 0.528  ,  Loss/total: 3.53442  ,  Loss/ce: 3.50108  ,  IoU: 0.75867  ,  pro_loss: 0.16667
[train: Epoch 33, 350 / 1875] FPS: 60.1 (205.0)  ,  DataTime: 0.384 (0.012)  ,  ForwardTime: 0.137  ,  TotalTime: 0.533  ,  Loss/total: 3.53279  ,  Loss/ce: 3.49946  ,  IoU: 0.75979  ,  pro_loss: 0.16665
[train: Epoch 33, 400 / 1875] FPS: 60.6 (206.8)  ,  DataTime: 0.379 (0.012)  ,  ForwardTime: 0.137  ,  TotalTime: 0.528  ,  Loss/total: 3.53193  ,  Loss/ce: 3.49859  ,  IoU: 0.76001  ,  pro_loss: 0.16665
[train: Epoch 33, 450 / 1875] FPS: 60.6 (22.8)  ,  DataTime: 0.379 (0.012)  ,  ForwardTime: 0.137  ,  TotalTime: 0.528  ,  Loss/total: 3.53241  ,  Loss/ce: 3.49908  ,  IoU: 0.76035  ,  pro_loss: 0.16666
[train: Epoch 33, 500 / 1875] FPS: 60.7 (205.8)  ,  DataTime: 0.378 (0.012)  ,  ForwardTime: 0.137  ,  TotalTime: 0.527  ,  Loss/total: 3.53207  ,  Loss/ce: 3.49874  ,  IoU: 0.76056  ,  pro_loss: 0.16666
[train: Epoch 33, 550 / 1875] FPS: 61.3 (205.4)  ,  DataTime: 0.373 (0.012)  ,  ForwardTime: 0.137  ,  TotalTime: 0.522  ,  Loss/total: 3.53101  ,  Loss/ce: 3.49768  ,  IoU: 0.76089  ,  pro_loss: 0.16667
[train: Epoch 33, 600 / 1875] FPS: 61.4 (207.9)  ,  DataTime: 0.372 (0.012)  ,  ForwardTime: 0.137  ,  TotalTime: 0.521  ,  Loss/total: 3.52909  ,  Loss/ce: 3.49575  ,  IoU: 0.76047  ,  pro_loss: 0.16667
[train: Epoch 33, 650 / 1875] FPS: 61.7 (129.7)  ,  DataTime: 0.370 (0.012)  ,  ForwardTime: 0.137  ,  TotalTime: 0.519  ,  Loss/total: 3.53008  ,  Loss/ce: 3.49674  ,  IoU: 0.76030  ,  pro_loss: 0.16667
[train: Epoch 33, 700 / 1875] FPS: 61.3 (208.5)  ,  DataTime: 0.373 (0.012)  ,  ForwardTime: 0.137  ,  TotalTime: 0.522  ,  Loss/total: 3.52771  ,  Loss/ce: 3.49437  ,  IoU: 0.76090  ,  pro_loss: 0.16667
[train: Epoch 33, 750 / 1875] FPS: 61.8 (201.4)  ,  DataTime: 0.369 (0.012)  ,  ForwardTime: 0.137  ,  TotalTime: 0.518  ,  Loss/total: 3.52720  ,  Loss/ce: 3.49387  ,  IoU: 0.76099  ,  pro_loss: 0.16667
[train: Epoch 33, 800 / 1875] FPS: 62.0 (194.3)  ,  DataTime: 0.367 (0.012)  ,  ForwardTime: 0.137  ,  TotalTime: 0.516  ,  Loss/total: 3.52627  ,  Loss/ce: 3.49294  ,  IoU: 0.76137  ,  pro_loss: 0.16667
[train: Epoch 33, 850 / 1875] FPS: 62.0 (204.6)  ,  DataTime: 0.367 (0.012)  ,  ForwardTime: 0.137  ,  TotalTime: 0.516  ,  Loss/total: 3.52771  ,  Loss/ce: 3.49438  ,  IoU: 0.76124  ,  pro_loss: 0.16666
[train: Epoch 33, 900 / 1875] FPS: 61.9 (12.3)  ,  DataTime: 0.368 (0.012)  ,  ForwardTime: 0.137  ,  TotalTime: 0.517  ,  Loss/total: 3.52946  ,  Loss/ce: 3.49612  ,  IoU: 0.76100  ,  pro_loss: 0.16666
[train: Epoch 33, 950 / 1875] FPS: 62.1 (204.2)  ,  DataTime: 0.366 (0.012)  ,  ForwardTime: 0.137  ,  TotalTime: 0.515  ,  Loss/total: 3.53123  ,  Loss/ce: 3.49790  ,  IoU: 0.76084  ,  pro_loss: 0.16666
[train: Epoch 33, 1000 / 1875] FPS: 62.4 (202.7)  ,  DataTime: 0.364 (0.012)  ,  ForwardTime: 0.137  ,  TotalTime: 0.513  ,  Loss/total: 3.53123  ,  Loss/ce: 3.49790  ,  IoU: 0.76068  ,  pro_loss: 0.16665
[train: Epoch 33, 1050 / 1875] FPS: 62.6 (205.2)  ,  DataTime: 0.362 (0.012)  ,  ForwardTime: 0.137  ,  TotalTime: 0.511  ,  Loss/total: 3.52985  ,  Loss/ce: 3.49652  ,  IoU: 0.76095  ,  pro_loss: 0.16665
[train: Epoch 33, 1100 / 1875] FPS: 62.5 (11.6)  ,  DataTime: 0.363 (0.012)  ,  ForwardTime: 0.137  ,  TotalTime: 0.512  ,  Loss/total: 3.52956  ,  Loss/ce: 3.49623  ,  IoU: 0.76101  ,  pro_loss: 0.16665
[train: Epoch 33, 1150 / 1875] FPS: 63.0 (206.1)  ,  DataTime: 0.359 (0.012)  ,  ForwardTime: 0.137  ,  TotalTime: 0.508  ,  Loss/total: 3.52825  ,  Loss/ce: 3.49492  ,  IoU: 0.76117  ,  pro_loss: 0.16664
[train: Epoch 33, 1200 / 1875] FPS: 63.0 (30.0)  ,  DataTime: 0.359 (0.012)  ,  ForwardTime: 0.137  ,  TotalTime: 0.508  ,  Loss/total: 3.52773  ,  Loss/ce: 3.49440  ,  IoU: 0.76132  ,  pro_loss: 0.16665
[train: Epoch 33, 1250 / 1875] FPS: 63.2 (209.5)  ,  DataTime: 0.357 (0.012)  ,  ForwardTime: 0.137  ,  TotalTime: 0.506  ,  Loss/total: 3.52744  ,  Loss/ce: 3.49411  ,  IoU: 0.76125  ,  pro_loss: 0.16665
[train: Epoch 33, 1300 / 1875] FPS: 63.4 (201.3)  ,  DataTime: 0.355 (0.012)  ,  ForwardTime: 0.137  ,  TotalTime: 0.504  ,  Loss/total: 3.52833  ,  Loss/ce: 3.49500  ,  IoU: 0.76099  ,  pro_loss: 0.16665
[train: Epoch 33, 1350 / 1875] FPS: 63.4 (207.3)  ,  DataTime: 0.356 (0.012)  ,  ForwardTime: 0.137  ,  TotalTime: 0.505  ,  Loss/total: 3.52872  ,  Loss/ce: 3.49540  ,  IoU: 0.76094  ,  pro_loss: 0.16664
[train: Epoch 33, 1400 / 1875] FPS: 63.4 (32.9)  ,  DataTime: 0.356 (0.012)  ,  ForwardTime: 0.137  ,  TotalTime: 0.505  ,  Loss/total: 3.52908  ,  Loss/ce: 3.49575  ,  IoU: 0.76069  ,  pro_loss: 0.16664
[train: Epoch 33, 1450 / 1875] FPS: 63.6 (204.1)  ,  DataTime: 0.354 (0.012)  ,  ForwardTime: 0.137  ,  TotalTime: 0.503  ,  Loss/total: 3.52882  ,  Loss/ce: 3.49549  ,  IoU: 0.76081  ,  pro_loss: 0.16665
[train: Epoch 33, 1500 / 1875] FPS: 63.8 (205.3)  ,  DataTime: 0.352 (0.012)  ,  ForwardTime: 0.137  ,  TotalTime: 0.501  ,  Loss/total: 3.52858  ,  Loss/ce: 3.49525  ,  IoU: 0.76084  ,  pro_loss: 0.16665
[train: Epoch 33, 1550 / 1875] FPS: 63.8 (10.8)  ,  DataTime: 0.352 (0.012)  ,  ForwardTime: 0.137  ,  TotalTime: 0.501  ,  Loss/total: 3.52892  ,  Loss/ce: 3.49559  ,  IoU: 0.76086  ,  pro_loss: 0.16665
[train: Epoch 33, 1600 / 1875] FPS: 64.0 (202.6)  ,  DataTime: 0.351 (0.012)  ,  ForwardTime: 0.137  ,  TotalTime: 0.500  ,  Loss/total: 3.53008  ,  Loss/ce: 3.49676  ,  IoU: 0.76047  ,  pro_loss: 0.16665
[train: Epoch 33, 1650 / 1875] FPS: 64.3 (196.6)  ,  DataTime: 0.349 (0.012)  ,  ForwardTime: 0.137  ,  TotalTime: 0.498  ,  Loss/total: 3.52983  ,  Loss/ce: 3.49650  ,  IoU: 0.76052  ,  pro_loss: 0.16665
[train: Epoch 33, 1700 / 1875] FPS: 64.3 (205.4)  ,  DataTime: 0.349 (0.012)  ,  ForwardTime: 0.137  ,  TotalTime: 0.498  ,  Loss/total: 3.52972  ,  Loss/ce: 3.49639  ,  IoU: 0.76066  ,  pro_loss: 0.16665
[train: Epoch 33, 1750 / 1875] FPS: 64.4 (52.4)  ,  DataTime: 0.348 (0.012)  ,  ForwardTime: 0.137  ,  TotalTime: 0.497  ,  Loss/total: 3.52904  ,  Loss/ce: 3.49571  ,  IoU: 0.76088  ,  pro_loss: 0.16665
[train: Epoch 33, 1800 / 1875] FPS: 64.4 (202.6)  ,  DataTime: 0.348 (0.012)  ,  ForwardTime: 0.137  ,  TotalTime: 0.497  ,  Loss/total: 3.52928  ,  Loss/ce: 3.49595  ,  IoU: 0.76079  ,  pro_loss: 0.16665
[train: Epoch 33, 1850 / 1875] FPS: 64.4 (200.9)  ,  DataTime: 0.348 (0.012)  ,  ForwardTime: 0.137  ,  TotalTime: 0.497  ,  Loss/total: 3.52937  ,  Loss/ce: 3.49604  ,  IoU: 0.76081  ,  pro_loss: 0.16665
[train: Epoch 33, 1875 / 1875] FPS: 64.7 (208.7)  ,  DataTime: 0.345 (0.012)  ,  ForwardTime: 0.137  ,  TotalTime: 0.494  ,  Loss/total: 3.52939  ,  Loss/ce: 3.49606  ,  IoU: 0.76080  ,  pro_loss: 0.16665
[train: Epoch 34, 50 / 1875] FPS: 56.0 (197.1)  ,  DataTime: 0.423 (0.012)  ,  ForwardTime: 0.137  ,  TotalTime: 0.572  ,  Loss/total: 3.51327  ,  Loss/ce: 3.47992  ,  IoU: 0.76319  ,  pro_loss: 0.16673
[train: Epoch 34, 100 / 1875] FPS: 60.9 (208.1)  ,  DataTime: 0.376 (0.012)  ,  ForwardTime: 0.137  ,  TotalTime: 0.525  ,  Loss/total: 3.52136  ,  Loss/ce: 3.48801  ,  IoU: 0.76375  ,  pro_loss: 0.16674
[train: Epoch 34, 150 / 1875] FPS: 63.1 (206.2)  ,  DataTime: 0.358 (0.012)  ,  ForwardTime: 0.137  ,  TotalTime: 0.507  ,  Loss/total: 3.52199  ,  Loss/ce: 3.48865  ,  IoU: 0.76156  ,  pro_loss: 0.16669
[train: Epoch 34, 200 / 1875] FPS: 65.2 (206.1)  ,  DataTime: 0.342 (0.012)  ,  ForwardTime: 0.137  ,  TotalTime: 0.491  ,  Loss/total: 3.52885  ,  Loss/ce: 3.49551  ,  IoU: 0.76043  ,  pro_loss: 0.16668
[train: Epoch 34, 250 / 1875] FPS: 65.4 (200.1)  ,  DataTime: 0.340 (0.012)  ,  ForwardTime: 0.137  ,  TotalTime: 0.489  ,  Loss/total: 3.52966  ,  Loss/ce: 3.49633  ,  IoU: 0.75936  ,  pro_loss: 0.16668
[train: Epoch 34, 300 / 1875] FPS: 66.3 (203.4)  ,  DataTime: 0.333 (0.012)  ,  ForwardTime: 0.137  ,  TotalTime: 0.482  ,  Loss/total: 3.52979  ,  Loss/ce: 3.49645  ,  IoU: 0.75933  ,  pro_loss: 0.16667
[train: Epoch 34, 350 / 1875] FPS: 66.5 (208.4)  ,  DataTime: 0.332 (0.012)  ,  ForwardTime: 0.137  ,  TotalTime: 0.481  ,  Loss/total: 3.52874  ,  Loss/ce: 3.49541  ,  IoU: 0.75956  ,  pro_loss: 0.16669
[train: Epoch 34, 400 / 1875] FPS: 67.2 (204.5)  ,  DataTime: 0.328 (0.012)  ,  ForwardTime: 0.137  ,  TotalTime: 0.476  ,  Loss/total: 3.52889  ,  Loss/ce: 3.49555  ,  IoU: 0.75998  ,  pro_loss: 0.16668
[train: Epoch 34, 450 / 1875] FPS: 67.5 (197.8)  ,  DataTime: 0.325 (0.012)  ,  ForwardTime: 0.137  ,  TotalTime: 0.474  ,  Loss/total: 3.52839  ,  Loss/ce: 3.49506  ,  IoU: 0.76030  ,  pro_loss: 0.16668
[train: Epoch 34, 500 / 1875] FPS: 67.8 (203.0)  ,  DataTime: 0.323 (0.012)  ,  ForwardTime: 0.137  ,  TotalTime: 0.472  ,  Loss/total: 3.52891  ,  Loss/ce: 3.49557  ,  IoU: 0.76096  ,  pro_loss: 0.16667
[train: Epoch 34, 550 / 1875] FPS: 68.1 (198.8)  ,  DataTime: 0.321 (0.012)  ,  ForwardTime: 0.137  ,  TotalTime: 0.470  ,  Loss/total: 3.52917  ,  Loss/ce: 3.49584  ,  IoU: 0.76067  ,  pro_loss: 0.16667
[train: Epoch 34, 600 / 1875] FPS: 67.7 (15.2)  ,  DataTime: 0.324 (0.012)  ,  ForwardTime: 0.137  ,  TotalTime: 0.473  ,  Loss/total: 3.52951  ,  Loss/ce: 3.49618  ,  IoU: 0.76090  ,  pro_loss: 0.16667
[train: Epoch 34, 650 / 1875] FPS: 68.6 (203.2)  ,  DataTime: 0.317 (0.012)  ,  ForwardTime: 0.137  ,  TotalTime: 0.466  ,  Loss/total: 3.53122  ,  Loss/ce: 3.49788  ,  IoU: 0.76039  ,  pro_loss: 0.16668
[train: Epoch 34, 700 / 1875] FPS: 68.8 (206.9)  ,  DataTime: 0.316 (0.012)  ,  ForwardTime: 0.137  ,  TotalTime: 0.465  ,  Loss/total: 3.53019  ,  Loss/ce: 3.49686  ,  IoU: 0.76101  ,  pro_loss: 0.16668
[train: Epoch 34, 750 / 1875] FPS: 69.0 (204.3)  ,  DataTime: 0.314 (0.012)  ,  ForwardTime: 0.137  ,  TotalTime: 0.463  ,  Loss/total: 3.52963  ,  Loss/ce: 3.49629  ,  IoU: 0.76095  ,  pro_loss: 0.16668
[train: Epoch 34, 800 / 1875] FPS: 69.3 (48.9)  ,  DataTime: 0.313 (0.012)  ,  ForwardTime: 0.137  ,  TotalTime: 0.462  ,  Loss/total: 3.52911  ,  Loss/ce: 3.49578  ,  IoU: 0.76142  ,  pro_loss: 0.16667
[train: Epoch 34, 850 / 1875] FPS: 69.6 (203.4)  ,  DataTime: 0.311 (0.012)  ,  ForwardTime: 0.137  ,  TotalTime: 0.460  ,  Loss/total: 3.52785  ,  Loss/ce: 3.49452  ,  IoU: 0.76181  ,  pro_loss: 0.16667
[train: Epoch 34, 900 / 1875] FPS: 69.7 (31.6)  ,  DataTime: 0.310 (0.012)  ,  ForwardTime: 0.137  ,  TotalTime: 0.459  ,  Loss/total: 3.52775  ,  Loss/ce: 3.49441  ,  IoU: 0.76190  ,  pro_loss: 0.16668
[train: Epoch 34, 950 / 1875] FPS: 69.9 (205.6)  ,  DataTime: 0.309 (0.012)  ,  ForwardTime: 0.137  ,  TotalTime: 0.458  ,  Loss/total: 3.52855  ,  Loss/ce: 3.49522  ,  IoU: 0.76145  ,  pro_loss: 0.16668
[train: Epoch 34, 1000 / 1875] FPS: 69.9 (24.0)  ,  DataTime: 0.308 (0.012)  ,  ForwardTime: 0.137  ,  TotalTime: 0.458  ,  Loss/total: 3.52857  ,  Loss/ce: 3.49523  ,  IoU: 0.76154  ,  pro_loss: 0.16668
[train: Epoch 34, 1050 / 1875] FPS: 70.2 (201.9)  ,  DataTime: 0.307 (0.012)  ,  ForwardTime: 0.137  ,  TotalTime: 0.456  ,  Loss/total: 3.52887  ,  Loss/ce: 3.49554  ,  IoU: 0.76143  ,  pro_loss: 0.16667
[train: Epoch 34, 1100 / 1875] FPS: 70.1 (202.3)  ,  DataTime: 0.307 (0.012)  ,  ForwardTime: 0.137  ,  TotalTime: 0.456  ,  Loss/total: 3.52855  ,  Loss/ce: 3.49522  ,  IoU: 0.76139  ,  pro_loss: 0.16667
[train: Epoch 34, 1150 / 1875] FPS: 70.3 (200.7)  ,  DataTime: 0.306 (0.012)  ,  ForwardTime: 0.137  ,  TotalTime: 0.455  ,  Loss/total: 3.52846  ,  Loss/ce: 3.49513  ,  IoU: 0.76140  ,  pro_loss: 0.16667
[train: Epoch 34, 1200 / 1875] FPS: 69.7 (201.6)  ,  DataTime: 0.310 (0.012)  ,  ForwardTime: 0.137  ,  TotalTime: 0.459  ,  Loss/total: 3.52857  ,  Loss/ce: 3.49524  ,  IoU: 0.76122  ,  pro_loss: 0.16667
[train: Epoch 34, 1250 / 1875] FPS: 69.6 (204.7)  ,  DataTime: 0.311 (0.012)  ,  ForwardTime: 0.137  ,  TotalTime: 0.460  ,  Loss/total: 3.52847  ,  Loss/ce: 3.49514  ,  IoU: 0.76116  ,  pro_loss: 0.16667
[train: Epoch 34, 1300 / 1875] FPS: 69.2 (204.9)  ,  DataTime: 0.313 (0.012)  ,  ForwardTime: 0.137  ,  TotalTime: 0.462  ,  Loss/total: 3.52786  ,  Loss/ce: 3.49453  ,  IoU: 0.76135  ,  pro_loss: 0.16667
[train: Epoch 34, 1350 / 1875] FPS: 69.4 (202.1)  ,  DataTime: 0.312 (0.012)  ,  ForwardTime: 0.137  ,  TotalTime: 0.461  ,  Loss/total: 3.52736  ,  Loss/ce: 3.49403  ,  IoU: 0.76143  ,  pro_loss: 0.16667
[train: Epoch 34, 1400 / 1875] FPS: 69.2 (203.2)  ,  DataTime: 0.313 (0.012)  ,  ForwardTime: 0.137  ,  TotalTime: 0.462  ,  Loss/total: 3.52709  ,  Loss/ce: 3.49375  ,  IoU: 0.76153  ,  pro_loss: 0.16667
[train: Epoch 34, 1450 / 1875] FPS: 69.3 (205.4)  ,  DataTime: 0.312 (0.012)  ,  ForwardTime: 0.137  ,  TotalTime: 0.462  ,  Loss/total: 3.52666  ,  Loss/ce: 3.49333  ,  IoU: 0.76157  ,  pro_loss: 0.16667
[train: Epoch 34, 1500 / 1875] FPS: 69.1 (206.9)  ,  DataTime: 0.314 (0.012)  ,  ForwardTime: 0.137  ,  TotalTime: 0.463  ,  Loss/total: 3.52606  ,  Loss/ce: 3.49273  ,  IoU: 0.76165  ,  pro_loss: 0.16667
[train: Epoch 34, 1550 / 1875] FPS: 69.5 (204.6)  ,  DataTime: 0.312 (0.012)  ,  ForwardTime: 0.137  ,  TotalTime: 0.461  ,  Loss/total: 3.52566  ,  Loss/ce: 3.49233  ,  IoU: 0.76163  ,  pro_loss: 0.16667
[train: Epoch 34, 1600 / 1875] FPS: 69.3 (205.0)  ,  DataTime: 0.312 (0.012)  ,  ForwardTime: 0.137  ,  TotalTime: 0.461  ,  Loss/total: 3.52488  ,  Loss/ce: 3.49155  ,  IoU: 0.76191  ,  pro_loss: 0.16667
[train: Epoch 34, 1650 / 1875] FPS: 69.2 (208.2)  ,  DataTime: 0.313 (0.012)  ,  ForwardTime: 0.137  ,  TotalTime: 0.462  ,  Loss/total: 3.52464  ,  Loss/ce: 3.49131  ,  IoU: 0.76206  ,  pro_loss: 0.16667
[train: Epoch 34, 1700 / 1875] FPS: 69.3 (205.1)  ,  DataTime: 0.312 (0.012)  ,  ForwardTime: 0.137  ,  TotalTime: 0.461  ,  Loss/total: 3.52455  ,  Loss/ce: 3.49122  ,  IoU: 0.76216  ,  pro_loss: 0.16667
[train: Epoch 34, 1750 / 1875] FPS: 69.4 (206.6)  ,  DataTime: 0.312 (0.012)  ,  ForwardTime: 0.137  ,  TotalTime: 0.461  ,  Loss/total: 3.52442  ,  Loss/ce: 3.49109  ,  IoU: 0.76222  ,  pro_loss: 0.16667
[train: Epoch 34, 1800 / 1875] FPS: 69.3 (14.6)  ,  DataTime: 0.312 (0.012)  ,  ForwardTime: 0.137  ,  TotalTime: 0.462  ,  Loss/total: 3.52404  ,  Loss/ce: 3.49071  ,  IoU: 0.76240  ,  pro_loss: 0.16667
[train: Epoch 34, 1850 / 1875] FPS: 69.4 (209.2)  ,  DataTime: 0.312 (0.012)  ,  ForwardTime: 0.137  ,  TotalTime: 0.461  ,  Loss/total: 3.52439  ,  Loss/ce: 3.49106  ,  IoU: 0.76236  ,  pro_loss: 0.16667
[train: Epoch 34, 1875 / 1875] FPS: 69.7 (210.8)  ,  DataTime: 0.310 (0.012)  ,  ForwardTime: 0.137  ,  TotalTime: 0.459  ,  Loss/total: 3.52455  ,  Loss/ce: 3.49122  ,  IoU: 0.76226  ,  pro_loss: 0.16667
[train: Epoch 35, 50 / 1875] FPS: 62.2 (203.2)  ,  DataTime: 0.366 (0.012)  ,  ForwardTime: 0.137  ,  TotalTime: 0.515  ,  Loss/total: 3.53501  ,  Loss/ce: 3.50168  ,  IoU: 0.76365  ,  pro_loss: 0.16667
[train: Epoch 35, 100 / 1875] FPS: 64.2 (16.8)  ,  DataTime: 0.350 (0.012)  ,  ForwardTime: 0.137  ,  TotalTime: 0.499  ,  Loss/total: 3.52637  ,  Loss/ce: 3.49303  ,  IoU: 0.76261  ,  pro_loss: 0.16674
[train: Epoch 35, 150 / 1875] FPS: 66.1 (203.9)  ,  DataTime: 0.335 (0.012)  ,  ForwardTime: 0.137  ,  TotalTime: 0.484  ,  Loss/total: 3.52223  ,  Loss/ce: 3.48889  ,  IoU: 0.76207  ,  pro_loss: 0.16669
[train: Epoch 35, 200 / 1875] FPS: 68.4 (198.9)  ,  DataTime: 0.319 (0.012)  ,  ForwardTime: 0.137  ,  TotalTime: 0.468  ,  Loss/total: 3.52180  ,  Loss/ce: 3.48846  ,  IoU: 0.76216  ,  pro_loss: 0.16670
[train: Epoch 35, 250 / 1875] FPS: 70.2 (205.1)  ,  DataTime: 0.307 (0.012)  ,  ForwardTime: 0.137  ,  TotalTime: 0.456  ,  Loss/total: 3.52490  ,  Loss/ce: 3.49157  ,  IoU: 0.76207  ,  pro_loss: 0.16667
[train: Epoch 35, 300 / 1875] FPS: 70.3 (204.9)  ,  DataTime: 0.306 (0.012)  ,  ForwardTime: 0.137  ,  TotalTime: 0.455  ,  Loss/total: 3.51926  ,  Loss/ce: 3.48593  ,  IoU: 0.76352  ,  pro_loss: 0.16667
[train: Epoch 35, 350 / 1875] FPS: 69.5 (206.2)  ,  DataTime: 0.312 (0.012)  ,  ForwardTime: 0.137  ,  TotalTime: 0.461  ,  Loss/total: 3.51670  ,  Loss/ce: 3.48337  ,  IoU: 0.76436  ,  pro_loss: 0.16667
[train: Epoch 35, 400 / 1875] FPS: 70.1 (91.7)  ,  DataTime: 0.308 (0.012)  ,  ForwardTime: 0.137  ,  TotalTime: 0.457  ,  Loss/total: 3.51725  ,  Loss/ce: 3.48391  ,  IoU: 0.76314  ,  pro_loss: 0.16669
[train: Epoch 35, 450 / 1875] FPS: 70.0 (203.4)  ,  DataTime: 0.308 (0.012)  ,  ForwardTime: 0.137  ,  TotalTime: 0.457  ,  Loss/total: 3.51716  ,  Loss/ce: 3.48383  ,  IoU: 0.76384  ,  pro_loss: 0.16669
[train: Epoch 35, 500 / 1875] FPS: 69.6 (197.1)  ,  DataTime: 0.311 (0.012)  ,  ForwardTime: 0.137  ,  TotalTime: 0.460  ,  Loss/total: 3.51830  ,  Loss/ce: 3.48496  ,  IoU: 0.76342  ,  pro_loss: 0.16668
[train: Epoch 35, 550 / 1875] FPS: 68.8 (204.6)  ,  DataTime: 0.316 (0.012)  ,  ForwardTime: 0.137  ,  TotalTime: 0.465  ,  Loss/total: 3.51715  ,  Loss/ce: 3.48382  ,  IoU: 0.76344  ,  pro_loss: 0.16668
[train: Epoch 35, 600 / 1875] FPS: 69.4 (34.4)  ,  DataTime: 0.312 (0.012)  ,  ForwardTime: 0.137  ,  TotalTime: 0.461  ,  Loss/total: 3.51840  ,  Loss/ce: 3.48506  ,  IoU: 0.76352  ,  pro_loss: 0.16667
[train: Epoch 35, 650 / 1875] FPS: 69.0 (18.8)  ,  DataTime: 0.314 (0.012)  ,  ForwardTime: 0.137  ,  TotalTime: 0.463  ,  Loss/total: 3.51850  ,  Loss/ce: 3.48517  ,  IoU: 0.76384  ,  pro_loss: 0.16667
[train: Epoch 35, 700 / 1875] FPS: 68.5 (200.4)  ,  DataTime: 0.318 (0.012)  ,  ForwardTime: 0.137  ,  TotalTime: 0.467  ,  Loss/total: 3.51838  ,  Loss/ce: 3.48505  ,  IoU: 0.76382  ,  pro_loss: 0.16667
[train: Epoch 35, 750 / 1875] FPS: 68.1 (204.8)  ,  DataTime: 0.321 (0.012)  ,  ForwardTime: 0.137  ,  TotalTime: 0.470  ,  Loss/total: 3.51807  ,  Loss/ce: 3.48473  ,  IoU: 0.76425  ,  pro_loss: 0.16666
[train: Epoch 35, 800 / 1875] FPS: 67.2 (9.4)  ,  DataTime: 0.327 (0.012)  ,  ForwardTime: 0.137  ,  TotalTime: 0.476  ,  Loss/total: 3.51712  ,  Loss/ce: 3.48379  ,  IoU: 0.76428  ,  pro_loss: 0.16666
[train: Epoch 35, 850 / 1875] FPS: 67.3 (201.4)  ,  DataTime: 0.326 (0.012)  ,  ForwardTime: 0.137  ,  TotalTime: 0.475  ,  Loss/total: 3.51733  ,  Loss/ce: 3.48399  ,  IoU: 0.76431  ,  pro_loss: 0.16667
[train: Epoch 35, 900 / 1875] FPS: 66.8 (10.6)  ,  DataTime: 0.330 (0.012)  ,  ForwardTime: 0.137  ,  TotalTime: 0.479  ,  Loss/total: 3.51692  ,  Loss/ce: 3.48358  ,  IoU: 0.76417  ,  pro_loss: 0.16667
[train: Epoch 35, 950 / 1875] FPS: 67.0 (91.8)  ,  DataTime: 0.329 (0.012)  ,  ForwardTime: 0.137  ,  TotalTime: 0.478  ,  Loss/total: 3.51748  ,  Loss/ce: 3.48415  ,  IoU: 0.76382  ,  pro_loss: 0.16668
[train: Epoch 35, 1000 / 1875] FPS: 66.6 (205.5)  ,  DataTime: 0.331 (0.012)  ,  ForwardTime: 0.137  ,  TotalTime: 0.480  ,  Loss/total: 3.51684  ,  Loss/ce: 3.48350  ,  IoU: 0.76403  ,  pro_loss: 0.16668
[train: Epoch 35, 1050 / 1875] FPS: 66.7 (204.7)  ,  DataTime: 0.330 (0.012)  ,  ForwardTime: 0.137  ,  TotalTime: 0.479  ,  Loss/total: 3.51890  ,  Loss/ce: 3.48556  ,  IoU: 0.76377  ,  pro_loss: 0.16668
[train: Epoch 35, 1100 / 1875] FPS: 66.6 (15.0)  ,  DataTime: 0.332 (0.012)  ,  ForwardTime: 0.137  ,  TotalTime: 0.481  ,  Loss/total: 3.51902  ,  Loss/ce: 3.48569  ,  IoU: 0.76368  ,  pro_loss: 0.16667
[train: Epoch 35, 1150 / 1875] FPS: 66.5 (205.1)  ,  DataTime: 0.332 (0.012)  ,  ForwardTime: 0.137  ,  TotalTime: 0.481  ,  Loss/total: 3.51996  ,  Loss/ce: 3.48662  ,  IoU: 0.76361  ,  pro_loss: 0.16668
[train: Epoch 35, 1200 / 1875] FPS: 66.5 (205.3)  ,  DataTime: 0.332 (0.012)  ,  ForwardTime: 0.137  ,  TotalTime: 0.481  ,  Loss/total: 3.52040  ,  Loss/ce: 3.48707  ,  IoU: 0.76344  ,  pro_loss: 0.16668
[train: Epoch 35, 1250 / 1875] FPS: 66.6 (204.7)  ,  DataTime: 0.332 (0.012)  ,  ForwardTime: 0.137  ,  TotalTime: 0.481  ,  Loss/total: 3.51888  ,  Loss/ce: 3.48554  ,  IoU: 0.76385  ,  pro_loss: 0.16668
[train: Epoch 35, 1300 / 1875] FPS: 66.4 (29.0)  ,  DataTime: 0.333 (0.012)  ,  ForwardTime: 0.137  ,  TotalTime: 0.482  ,  Loss/total: 3.51852  ,  Loss/ce: 3.48519  ,  IoU: 0.76379  ,  pro_loss: 0.16668
[train: Epoch 35, 1350 / 1875] FPS: 66.3 (204.7)  ,  DataTime: 0.334 (0.012)  ,  ForwardTime: 0.137  ,  TotalTime: 0.483  ,  Loss/total: 3.51798  ,  Loss/ce: 3.48465  ,  IoU: 0.76396  ,  pro_loss: 0.16668
[train: Epoch 35, 1400 / 1875] FPS: 66.4 (208.8)  ,  DataTime: 0.333 (0.012)  ,  ForwardTime: 0.137  ,  TotalTime: 0.482  ,  Loss/total: 3.51784  ,  Loss/ce: 3.48450  ,  IoU: 0.76378  ,  pro_loss: 0.16668
[train: Epoch 35, 1450 / 1875] FPS: 66.6 (206.5)  ,  DataTime: 0.332 (0.012)  ,  ForwardTime: 0.137  ,  TotalTime: 0.481  ,  Loss/total: 3.51797  ,  Loss/ce: 3.48464  ,  IoU: 0.76366  ,  pro_loss: 0.16668
[train: Epoch 35, 1500 / 1875] FPS: 66.6 (206.5)  ,  DataTime: 0.332 (0.012)  ,  ForwardTime: 0.137  ,  TotalTime: 0.481  ,  Loss/total: 3.51834  ,  Loss/ce: 3.48501  ,  IoU: 0.76354  ,  pro_loss: 0.16668
[train: Epoch 35, 1550 / 1875] FPS: 66.5 (202.8)  ,  DataTime: 0.332 (0.012)  ,  ForwardTime: 0.137  ,  TotalTime: 0.481  ,  Loss/total: 3.51785  ,  Loss/ce: 3.48451  ,  IoU: 0.76368  ,  pro_loss: 0.16668
[train: Epoch 35, 1600 / 1875] FPS: 66.6 (204.2)  ,  DataTime: 0.332 (0.012)  ,  ForwardTime: 0.137  ,  TotalTime: 0.481  ,  Loss/total: 3.51845  ,  Loss/ce: 3.48511  ,  IoU: 0.76358  ,  pro_loss: 0.16668
[train: Epoch 35, 1650 / 1875] FPS: 66.4 (15.4)  ,  DataTime: 0.333 (0.012)  ,  ForwardTime: 0.137  ,  TotalTime: 0.482  ,  Loss/total: 3.51853  ,  Loss/ce: 3.48519  ,  IoU: 0.76351  ,  pro_loss: 0.16668
[train: Epoch 35, 1700 / 1875] FPS: 66.1 (205.0)  ,  DataTime: 0.335 (0.012)  ,  ForwardTime: 0.137  ,  TotalTime: 0.484  ,  Loss/total: 3.51850  ,  Loss/ce: 3.48517  ,  IoU: 0.76347  ,  pro_loss: 0.16668
[train: Epoch 35, 1750 / 1875] FPS: 65.6 (206.5)  ,  DataTime: 0.339 (0.012)  ,  ForwardTime: 0.137  ,  TotalTime: 0.488  ,  Loss/total: 3.51871  ,  Loss/ce: 3.48538  ,  IoU: 0.76351  ,  pro_loss: 0.16668
[train: Epoch 35, 1800 / 1875] FPS: 64.7 (30.9)  ,  DataTime: 0.345 (0.012)  ,  ForwardTime: 0.137  ,  TotalTime: 0.494  ,  Loss/total: 3.51859  ,  Loss/ce: 3.48525  ,  IoU: 0.76346  ,  pro_loss: 0.16668
[train: Epoch 35, 1850 / 1875] FPS: 63.9 (207.6)  ,  DataTime: 0.352 (0.012)  ,  ForwardTime: 0.137  ,  TotalTime: 0.501  ,  Loss/total: 3.51882  ,  Loss/ce: 3.48548  ,  IoU: 0.76352  ,  pro_loss: 0.16668
[train: Epoch 35, 1875 / 1875] FPS: 63.9 (210.0)  ,  DataTime: 0.352 (0.012)  ,  ForwardTime: 0.137  ,  TotalTime: 0.501  ,  Loss/total: 3.51873  ,  Loss/ce: 3.48539  ,  IoU: 0.76354  ,  pro_loss: 0.16668
[val: Epoch 35, 50 / 312] FPS: 41.7 (9.4)  ,  DataTime: 0.684 (0.013)  ,  ForwardTime: 0.070  ,  TotalTime: 0.767  ,  Loss/total: nan  ,  Loss/giou: 0.26486  ,  Loss/l1: 0.02257  ,  Loss/location: nan  ,  pro_loss: 0.16667  ,  IoU: 0.75359
[val: Epoch 35, 100 / 312] FPS: 49.2 (357.8)  ,  DataTime: 0.568 (0.013)  ,  ForwardTime: 0.069  ,  TotalTime: 0.651  ,  Loss/total: nan  ,  Loss/giou: 0.26685  ,  Loss/l1: 0.02249  ,  Loss/location: nan  ,  pro_loss: 0.16667  ,  IoU: 0.75146
[val: Epoch 35, 150 / 312] FPS: 50.8 (18.7)  ,  DataTime: 0.548 (0.013)  ,  ForwardTime: 0.069  ,  TotalTime: 0.630  ,  Loss/total: nan  ,  Loss/giou: 0.26995  ,  Loss/l1: 0.02329  ,  Loss/location: nan  ,  pro_loss: 0.16667  ,  IoU: 0.74942
[val: Epoch 35, 200 / 312] FPS: 51.5 (118.5)  ,  DataTime: 0.539 (0.013)  ,  ForwardTime: 0.069  ,  TotalTime: 0.621  ,  Loss/total: nan  ,  Loss/giou: 0.27086  ,  Loss/l1: 0.02315  ,  Loss/location: nan  ,  pro_loss: 0.16667  ,  IoU: 0.74831
[val: Epoch 35, 250 / 312] FPS: 52.5 (350.7)  ,  DataTime: 0.526 (0.013)  ,  ForwardTime: 0.069  ,  TotalTime: 0.609  ,  Loss/total: nan  ,  Loss/giou: 0.27107  ,  Loss/l1: 0.02333  ,  Loss/location: nan  ,  pro_loss: 0.16667  ,  IoU: 0.74823
[val: Epoch 35, 300 / 312] FPS: 52.9 (357.4)  ,  DataTime: 0.522 (0.014)  ,  ForwardTime: 0.069  ,  TotalTime: 0.605  ,  Loss/total: nan  ,  Loss/giou: 0.27153  ,  Loss/l1: 0.02338  ,  Loss/location: nan  ,  pro_loss: 0.16667  ,  IoU: 0.74775
[val: Epoch 35, 312 / 312] FPS: 53.3 (371.9)  ,  DataTime: 0.517 (0.014)  ,  ForwardTime: 0.069  ,  TotalTime: 0.600  ,  Loss/total: nan  ,  Loss/giou: 0.27203  ,  Loss/l1: 0.02345  ,  Loss/location: nan  ,  pro_loss: 0.16667  ,  IoU: 0.74740
[train: Epoch 36, 50 / 1875] FPS: 55.2 (20.6)  ,  DataTime: 0.431 (0.012)  ,  ForwardTime: 0.137  ,  TotalTime: 0.580  ,  Loss/total: 3.51255  ,  Loss/ce: 3.47919  ,  IoU: 0.76428  ,  pro_loss: 0.16678
[train: Epoch 36, 100 / 1875] FPS: 59.6 (16.7)  ,  DataTime: 0.388 (0.012)  ,  ForwardTime: 0.137  ,  TotalTime: 0.537  ,  Loss/total: 3.51829  ,  Loss/ce: 3.48495  ,  IoU: 0.76181  ,  pro_loss: 0.16672
[train: Epoch 36, 150 / 1875] FPS: 61.6 (203.7)  ,  DataTime: 0.370 (0.012)  ,  ForwardTime: 0.137  ,  TotalTime: 0.520  ,  Loss/total: 3.51770  ,  Loss/ce: 3.48436  ,  IoU: 0.76302  ,  pro_loss: 0.16670
[train: Epoch 36, 200 / 1875] FPS: 62.3 (196.2)  ,  DataTime: 0.364 (0.013)  ,  ForwardTime: 0.137  ,  TotalTime: 0.514  ,  Loss/total: 3.51439  ,  Loss/ce: 3.48104  ,  IoU: 0.76516  ,  pro_loss: 0.16670
[train: Epoch 36, 250 / 1875] FPS: 61.6 (11.4)  ,  DataTime: 0.370 (0.012)  ,  ForwardTime: 0.137  ,  TotalTime: 0.520  ,  Loss/total: 3.51226  ,  Loss/ce: 3.47892  ,  IoU: 0.76548  ,  pro_loss: 0.16669
[train: Epoch 36, 300 / 1875] FPS: 62.1 (38.8)  ,  DataTime: 0.366 (0.012)  ,  ForwardTime: 0.137  ,  TotalTime: 0.516  ,  Loss/total: 3.51292  ,  Loss/ce: 3.47958  ,  IoU: 0.76571  ,  pro_loss: 0.16670
[train: Epoch 36, 350 / 1875] FPS: 62.0 (204.5)  ,  DataTime: 0.367 (0.012)  ,  ForwardTime: 0.137  ,  TotalTime: 0.516  ,  Loss/total: 3.50817  ,  Loss/ce: 3.47483  ,  IoU: 0.76613  ,  pro_loss: 0.16669
[train: Epoch 36, 400 / 1875] FPS: 62.7 (204.2)  ,  DataTime: 0.361 (0.012)  ,  ForwardTime: 0.137  ,  TotalTime: 0.510  ,  Loss/total: 3.50831  ,  Loss/ce: 3.47497  ,  IoU: 0.76623  ,  pro_loss: 0.16669
[train: Epoch 36, 450 / 1875] FPS: 63.2 (206.8)  ,  DataTime: 0.358 (0.012)  ,  ForwardTime: 0.137  ,  TotalTime: 0.507  ,  Loss/total: 3.51120  ,  Loss/ce: 3.47786  ,  IoU: 0.76579  ,  pro_loss: 0.16670
[train: Epoch 36, 500 / 1875] FPS: 62.6 (192.2)  ,  DataTime: 0.362 (0.012)  ,  ForwardTime: 0.137  ,  TotalTime: 0.511  ,  Loss/total: 3.51484  ,  Loss/ce: 3.48150  ,  IoU: 0.76555  ,  pro_loss: 0.16669
[train: Epoch 36, 550 / 1875] FPS: 62.7 (203.7)  ,  DataTime: 0.361 (0.012)  ,  ForwardTime: 0.137  ,  TotalTime: 0.511  ,  Loss/total: 3.51504  ,  Loss/ce: 3.48170  ,  IoU: 0.76568  ,  pro_loss: 0.16670
[train: Epoch 36, 600 / 1875] FPS: 63.2 (198.6)  ,  DataTime: 0.357 (0.013)  ,  ForwardTime: 0.137  ,  TotalTime: 0.506  ,  Loss/total: 3.51237  ,  Loss/ce: 3.47903  ,  IoU: 0.76593  ,  pro_loss: 0.16669
[train: Epoch 36, 650 / 1875] FPS: 62.9 (204.1)  ,  DataTime: 0.360 (0.013)  ,  ForwardTime: 0.137  ,  TotalTime: 0.509  ,  Loss/total: 3.51225  ,  Loss/ce: 3.47891  ,  IoU: 0.76616  ,  pro_loss: 0.16669
[train: Epoch 36, 700 / 1875] FPS: 62.9 (200.9)  ,  DataTime: 0.360 (0.013)  ,  ForwardTime: 0.137  ,  TotalTime: 0.509  ,  Loss/total: 3.51190  ,  Loss/ce: 3.47857  ,  IoU: 0.76610  ,  pro_loss: 0.16669
[train: Epoch 36, 750 / 1875] FPS: 62.6 (201.8)  ,  DataTime: 0.362 (0.013)  ,  ForwardTime: 0.137  ,  TotalTime: 0.511  ,  Loss/total: 3.51213  ,  Loss/ce: 3.47879  ,  IoU: 0.76596  ,  pro_loss: 0.16669
[train: Epoch 36, 800 / 1875] FPS: 62.8 (201.6)  ,  DataTime: 0.360 (0.013)  ,  ForwardTime: 0.137  ,  TotalTime: 0.509  ,  Loss/total: 3.51218  ,  Loss/ce: 3.47884  ,  IoU: 0.76589  ,  pro_loss: 0.16669
[train: Epoch 36, 850 / 1875] FPS: 62.5 (204.6)  ,  DataTime: 0.363 (0.013)  ,  ForwardTime: 0.137  ,  TotalTime: 0.512  ,  Loss/total: 3.51085  ,  Loss/ce: 3.47751  ,  IoU: 0.76629  ,  pro_loss: 0.16670
[train: Epoch 36, 900 / 1875] FPS: 62.7 (205.6)  ,  DataTime: 0.361 (0.013)  ,  ForwardTime: 0.137  ,  TotalTime: 0.510  ,  Loss/total: 3.51019  ,  Loss/ce: 3.47685  ,  IoU: 0.76662  ,  pro_loss: 0.16669
[train: Epoch 36, 950 / 1875] FPS: 62.5 (10.8)  ,  DataTime: 0.362 (0.013)  ,  ForwardTime: 0.137  ,  TotalTime: 0.512  ,  Loss/total: 3.51113  ,  Loss/ce: 3.47779  ,  IoU: 0.76663  ,  pro_loss: 0.16669
[train: Epoch 36, 1000 / 1875] FPS: 62.8 (199.8)  ,  DataTime: 0.361 (0.013)  ,  ForwardTime: 0.137  ,  TotalTime: 0.510  ,  Loss/total: 3.51196  ,  Loss/ce: 3.47863  ,  IoU: 0.76628  ,  pro_loss: 0.16669
[train: Epoch 36, 1050 / 1875] FPS: 62.7 (206.9)  ,  DataTime: 0.361 (0.013)  ,  ForwardTime: 0.137  ,  TotalTime: 0.510  ,  Loss/total: 3.51191  ,  Loss/ce: 3.47857  ,  IoU: 0.76602  ,  pro_loss: 0.16669
[train: Epoch 36, 1100 / 1875] FPS: 62.8 (23.9)  ,  DataTime: 0.360 (0.013)  ,  ForwardTime: 0.137  ,  TotalTime: 0.509  ,  Loss/total: 3.51174  ,  Loss/ce: 3.47841  ,  IoU: 0.76594  ,  pro_loss: 0.16668
[train: Epoch 36, 1150 / 1875] FPS: 62.6 (195.0)  ,  DataTime: 0.362 (0.013)  ,  ForwardTime: 0.137  ,  TotalTime: 0.511  ,  Loss/total: 3.51220  ,  Loss/ce: 3.47887  ,  IoU: 0.76566  ,  pro_loss: 0.16668
[train: Epoch 36, 1200 / 1875] FPS: 62.8 (205.9)  ,  DataTime: 0.360 (0.013)  ,  ForwardTime: 0.137  ,  TotalTime: 0.510  ,  Loss/total: 3.51138  ,  Loss/ce: 3.47805  ,  IoU: 0.76580  ,  pro_loss: 0.16668
[train: Epoch 36, 1250 / 1875] FPS: 62.7 (201.2)  ,  DataTime: 0.361 (0.013)  ,  ForwardTime: 0.137  ,  TotalTime: 0.510  ,  Loss/total: 3.51132  ,  Loss/ce: 3.47798  ,  IoU: 0.76571  ,  pro_loss: 0.16668
[train: Epoch 36, 1300 / 1875] FPS: 62.9 (202.0)  ,  DataTime: 0.360 (0.013)  ,  ForwardTime: 0.137  ,  TotalTime: 0.509  ,  Loss/total: 3.51011  ,  Loss/ce: 3.47677  ,  IoU: 0.76594  ,  pro_loss: 0.16668
[train: Epoch 36, 1350 / 1875] FPS: 62.8 (205.2)  ,  DataTime: 0.360 (0.012)  ,  ForwardTime: 0.137  ,  TotalTime: 0.510  ,  Loss/total: 3.50994  ,  Loss/ce: 3.47660  ,  IoU: 0.76608  ,  pro_loss: 0.16668
[train: Epoch 36, 1400 / 1875] FPS: 62.7 (11.6)  ,  DataTime: 0.361 (0.012)  ,  ForwardTime: 0.137  ,  TotalTime: 0.510  ,  Loss/total: 3.51037  ,  Loss/ce: 3.47703  ,  IoU: 0.76596  ,  pro_loss: 0.16668
[train: Epoch 36, 1450 / 1875] FPS: 62.9 (205.9)  ,  DataTime: 0.359 (0.012)  ,  ForwardTime: 0.137  ,  TotalTime: 0.509  ,  Loss/total: 3.51005  ,  Loss/ce: 3.47672  ,  IoU: 0.76587  ,  pro_loss: 0.16668
[train: Epoch 36, 1500 / 1875] FPS: 63.0 (204.8)  ,  DataTime: 0.359 (0.012)  ,  ForwardTime: 0.137  ,  TotalTime: 0.508  ,  Loss/total: 3.51011  ,  Loss/ce: 3.47677  ,  IoU: 0.76571  ,  pro_loss: 0.16668
[train: Epoch 36, 1550 / 1875] FPS: 62.9 (202.8)  ,  DataTime: 0.360 (0.012)  ,  ForwardTime: 0.137  ,  TotalTime: 0.509  ,  Loss/total: 3.50998  ,  Loss/ce: 3.47664  ,  IoU: 0.76574  ,  pro_loss: 0.16668
[train: Epoch 36, 1600 / 1875] FPS: 63.1 (206.1)  ,  DataTime: 0.358 (0.012)  ,  ForwardTime: 0.137  ,  TotalTime: 0.507  ,  Loss/total: 3.51054  ,  Loss/ce: 3.47720  ,  IoU: 0.76563  ,  pro_loss: 0.16668
[train: Epoch 36, 1650 / 1875] FPS: 63.2 (205.6)  ,  DataTime: 0.357 (0.012)  ,  ForwardTime: 0.137  ,  TotalTime: 0.507  ,  Loss/total: 3.51074  ,  Loss/ce: 3.47741  ,  IoU: 0.76557  ,  pro_loss: 0.16668
[train: Epoch 36, 1700 / 1875] FPS: 63.3 (203.9)  ,  DataTime: 0.357 (0.012)  ,  ForwardTime: 0.137  ,  TotalTime: 0.506  ,  Loss/total: 3.51039  ,  Loss/ce: 3.47706  ,  IoU: 0.76578  ,  pro_loss: 0.16668
[train: Epoch 36, 1750 / 1875] FPS: 63.3 (201.4)  ,  DataTime: 0.357 (0.012)  ,  ForwardTime: 0.137  ,  TotalTime: 0.506  ,  Loss/total: 3.51058  ,  Loss/ce: 3.47724  ,  IoU: 0.76574  ,  pro_loss: 0.16668
[train: Epoch 36, 1800 / 1875] FPS: 63.4 (207.6)  ,  DataTime: 0.355 (0.012)  ,  ForwardTime: 0.137  ,  TotalTime: 0.504  ,  Loss/total: 3.51100  ,  Loss/ce: 3.47766  ,  IoU: 0.76572  ,  pro_loss: 0.16668
[train: Epoch 36, 1850 / 1875] FPS: 63.5 (205.8)  ,  DataTime: 0.355 (0.012)  ,  ForwardTime: 0.137  ,  TotalTime: 0.504  ,  Loss/total: 3.51070  ,  Loss/ce: 3.47737  ,  IoU: 0.76576  ,  pro_loss: 0.16667
[train: Epoch 36, 1875 / 1875] FPS: 63.6 (207.0)  ,  DataTime: 0.354 (0.012)  ,  ForwardTime: 0.137  ,  TotalTime: 0.503  ,  Loss/total: 3.51048  ,  Loss/ce: 3.47715  ,  IoU: 0.76581  ,  pro_loss: 0.16667
[train: Epoch 37, 50 / 1875] FPS: 59.8 (206.2)  ,  DataTime: 0.387 (0.012)  ,  ForwardTime: 0.137  ,  TotalTime: 0.535  ,  Loss/total: 3.49549  ,  Loss/ce: 3.46215  ,  IoU: 0.76434  ,  pro_loss: 0.16671
[train: Epoch 37, 100 / 1875] FPS: 62.8 (200.8)  ,  DataTime: 0.361 (0.012)  ,  ForwardTime: 0.137  ,  TotalTime: 0.510  ,  Loss/total: 3.49699  ,  Loss/ce: 3.46364  ,  IoU: 0.76621  ,  pro_loss: 0.16673
[train: Epoch 37, 150 / 1875] FPS: 64.4 (207.8)  ,  DataTime: 0.349 (0.012)  ,  ForwardTime: 0.137  ,  TotalTime: 0.497  ,  Loss/total: 3.50209  ,  Loss/ce: 3.46875  ,  IoU: 0.76550  ,  pro_loss: 0.16670
[train: Epoch 37, 200 / 1875] FPS: 65.4 (207.0)  ,  DataTime: 0.341 (0.012)  ,  ForwardTime: 0.137  ,  TotalTime: 0.489  ,  Loss/total: 3.49809  ,  Loss/ce: 3.46475  ,  IoU: 0.76531  ,  pro_loss: 0.16670
[train: Epoch 37, 250 / 1875] FPS: 66.1 (207.4)  ,  DataTime: 0.335 (0.012)  ,  ForwardTime: 0.137  ,  TotalTime: 0.484  ,  Loss/total: 3.50540  ,  Loss/ce: 3.47206  ,  IoU: 0.76484  ,  pro_loss: 0.16668
[train: Epoch 37, 300 / 1875] FPS: 66.3 (207.1)  ,  DataTime: 0.334 (0.012)  ,  ForwardTime: 0.137  ,  TotalTime: 0.482  ,  Loss/total: 3.50824  ,  Loss/ce: 3.47490  ,  IoU: 0.76437  ,  pro_loss: 0.16669
[train: Epoch 37, 350 / 1875] FPS: 67.0 (63.5)  ,  DataTime: 0.329 (0.012)  ,  ForwardTime: 0.137  ,  TotalTime: 0.478  ,  Loss/total: 3.50661  ,  Loss/ce: 3.47327  ,  IoU: 0.76473  ,  pro_loss: 0.16668
[train: Epoch 37, 400 / 1875] FPS: 65.9 (209.4)  ,  DataTime: 0.337 (0.012)  ,  ForwardTime: 0.137  ,  TotalTime: 0.486  ,  Loss/total: 3.50669  ,  Loss/ce: 3.47335  ,  IoU: 0.76506  ,  pro_loss: 0.16669
[train: Epoch 37, 450 / 1875] FPS: 67.0 (199.8)  ,  DataTime: 0.329 (0.012)  ,  ForwardTime: 0.137  ,  TotalTime: 0.478  ,  Loss/total: 3.50615  ,  Loss/ce: 3.47281  ,  IoU: 0.76535  ,  pro_loss: 0.16669
[train: Epoch 37, 500 / 1875] FPS: 67.2 (204.3)  ,  DataTime: 0.328 (0.012)  ,  ForwardTime: 0.137  ,  TotalTime: 0.476  ,  Loss/total: 3.50776  ,  Loss/ce: 3.47442  ,  IoU: 0.76502  ,  pro_loss: 0.16669
[train: Epoch 37, 550 / 1875] FPS: 67.1 (202.7)  ,  DataTime: 0.328 (0.012)  ,  ForwardTime: 0.137  ,  TotalTime: 0.477  ,  Loss/total: 3.51208  ,  Loss/ce: 3.47874  ,  IoU: 0.76422  ,  pro_loss: 0.16669
[train: Epoch 37, 600 / 1875] FPS: 67.1 (205.0)  ,  DataTime: 0.328 (0.012)  ,  ForwardTime: 0.137  ,  TotalTime: 0.477  ,  Loss/total: 3.51211  ,  Loss/ce: 3.47878  ,  IoU: 0.76445  ,  pro_loss: 0.16669
[train: Epoch 37, 650 / 1875] FPS: 67.1 (199.4)  ,  DataTime: 0.328 (0.012)  ,  ForwardTime: 0.137  ,  TotalTime: 0.477  ,  Loss/total: 3.51225  ,  Loss/ce: 3.47891  ,  IoU: 0.76445  ,  pro_loss: 0.16669
[train: Epoch 37, 700 / 1875] FPS: 67.4 (204.0)  ,  DataTime: 0.326 (0.012)  ,  ForwardTime: 0.137  ,  TotalTime: 0.475  ,  Loss/total: 3.51011  ,  Loss/ce: 3.47677  ,  IoU: 0.76512  ,  pro_loss: 0.16668
[train: Epoch 37, 750 / 1875] FPS: 67.0 (14.0)  ,  DataTime: 0.329 (0.012)  ,  ForwardTime: 0.137  ,  TotalTime: 0.478  ,  Loss/total: 3.50796  ,  Loss/ce: 3.47462  ,  IoU: 0.76523  ,  pro_loss: 0.16668
[train: Epoch 37, 800 / 1875] FPS: 67.2 (204.6)  ,  DataTime: 0.327 (0.012)  ,  ForwardTime: 0.137  ,  TotalTime: 0.476  ,  Loss/total: 3.50799  ,  Loss/ce: 3.47466  ,  IoU: 0.76570  ,  pro_loss: 0.16668
[train: Epoch 37, 850 / 1875] FPS: 67.2 (205.0)  ,  DataTime: 0.327 (0.012)  ,  ForwardTime: 0.137  ,  TotalTime: 0.476  ,  Loss/total: 3.50887  ,  Loss/ce: 3.47553  ,  IoU: 0.76511  ,  pro_loss: 0.16668
[train: Epoch 37, 900 / 1875] FPS: 67.2 (200.9)  ,  DataTime: 0.327 (0.012)  ,  ForwardTime: 0.137  ,  TotalTime: 0.476  ,  Loss/total: 3.50836  ,  Loss/ce: 3.47502  ,  IoU: 0.76545  ,  pro_loss: 0.16668
[train: Epoch 37, 950 / 1875] FPS: 67.1 (206.9)  ,  DataTime: 0.328 (0.012)  ,  ForwardTime: 0.137  ,  TotalTime: 0.477  ,  Loss/total: 3.50707  ,  Loss/ce: 3.47374  ,  IoU: 0.76585  ,  pro_loss: 0.16668
[train: Epoch 37, 1000 / 1875] FPS: 67.3 (197.9)  ,  DataTime: 0.326 (0.012)  ,  ForwardTime: 0.137  ,  TotalTime: 0.475  ,  Loss/total: 3.50704  ,  Loss/ce: 3.47370  ,  IoU: 0.76582  ,  pro_loss: 0.16668
[train: Epoch 37, 1050 / 1875] FPS: 67.2 (201.9)  ,  DataTime: 0.327 (0.012)  ,  ForwardTime: 0.137  ,  TotalTime: 0.476  ,  Loss/total: 3.50797  ,  Loss/ce: 3.47464  ,  IoU: 0.76567  ,  pro_loss: 0.16668
[train: Epoch 37, 1100 / 1875] FPS: 66.9 (202.8)  ,  DataTime: 0.329 (0.012)  ,  ForwardTime: 0.137  ,  TotalTime: 0.478  ,  Loss/total: 3.50986  ,  Loss/ce: 3.47652  ,  IoU: 0.76507  ,  pro_loss: 0.16668
[train: Epoch 37, 1150 / 1875] FPS: 66.9 (30.5)  ,  DataTime: 0.329 (0.012)  ,  ForwardTime: 0.137  ,  TotalTime: 0.479  ,  Loss/total: 3.51003  ,  Loss/ce: 3.47670  ,  IoU: 0.76489  ,  pro_loss: 0.16668
[train: Epoch 37, 1200 / 1875] FPS: 66.7 (207.4)  ,  DataTime: 0.331 (0.012)  ,  ForwardTime: 0.137  ,  TotalTime: 0.480  ,  Loss/total: 3.51022  ,  Loss/ce: 3.47689  ,  IoU: 0.76489  ,  pro_loss: 0.16668
[train: Epoch 37, 1250 / 1875] FPS: 66.6 (201.6)  ,  DataTime: 0.332 (0.012)  ,  ForwardTime: 0.137  ,  TotalTime: 0.481  ,  Loss/total: 3.51087  ,  Loss/ce: 3.47753  ,  IoU: 0.76476  ,  pro_loss: 0.16668
[train: Epoch 37, 1300 / 1875] FPS: 66.0 (205.3)  ,  DataTime: 0.336 (0.012)  ,  ForwardTime: 0.137  ,  TotalTime: 0.485  ,  Loss/total: 3.51161  ,  Loss/ce: 3.47828  ,  IoU: 0.76465  ,  pro_loss: 0.16668
[train: Epoch 37, 1350 / 1875] FPS: 65.9 (203.4)  ,  DataTime: 0.336 (0.012)  ,  ForwardTime: 0.137  ,  TotalTime: 0.486  ,  Loss/total: 3.51116  ,  Loss/ce: 3.47782  ,  IoU: 0.76482  ,  pro_loss: 0.16668
[train: Epoch 37, 1400 / 1875] FPS: 65.9 (204.0)  ,  DataTime: 0.336 (0.012)  ,  ForwardTime: 0.137  ,  TotalTime: 0.486  ,  Loss/total: 3.51079  ,  Loss/ce: 3.47746  ,  IoU: 0.76497  ,  pro_loss: 0.16668
[train: Epoch 37, 1450 / 1875] FPS: 65.7 (22.7)  ,  DataTime: 0.338 (0.012)  ,  ForwardTime: 0.137  ,  TotalTime: 0.487  ,  Loss/total: 3.51050  ,  Loss/ce: 3.47717  ,  IoU: 0.76527  ,  pro_loss: 0.16668
[train: Epoch 37, 1500 / 1875] FPS: 65.5 (11.1)  ,  DataTime: 0.340 (0.012)  ,  ForwardTime: 0.137  ,  TotalTime: 0.489  ,  Loss/total: 3.51109  ,  Loss/ce: 3.47776  ,  IoU: 0.76528  ,  pro_loss: 0.16668
[train: Epoch 37, 1550 / 1875] FPS: 65.5 (201.6)  ,  DataTime: 0.339 (0.012)  ,  ForwardTime: 0.137  ,  TotalTime: 0.488  ,  Loss/total: 3.51038  ,  Loss/ce: 3.47705  ,  IoU: 0.76532  ,  pro_loss: 0.16667
[train: Epoch 37, 1600 / 1875] FPS: 65.2 (205.9)  ,  DataTime: 0.341 (0.012)  ,  ForwardTime: 0.137  ,  TotalTime: 0.491  ,  Loss/total: 3.51014  ,  Loss/ce: 3.47681  ,  IoU: 0.76553  ,  pro_loss: 0.16668
[train: Epoch 37, 1650 / 1875] FPS: 65.0 (9.5)  ,  DataTime: 0.343 (0.012)  ,  ForwardTime: 0.137  ,  TotalTime: 0.492  ,  Loss/total: 3.50988  ,  Loss/ce: 3.47655  ,  IoU: 0.76566  ,  pro_loss: 0.16667
[train: Epoch 37, 1700 / 1875] FPS: 65.0 (206.7)  ,  DataTime: 0.343 (0.012)  ,  ForwardTime: 0.137  ,  TotalTime: 0.493  ,  Loss/total: 3.50935  ,  Loss/ce: 3.47601  ,  IoU: 0.76594  ,  pro_loss: 0.16667
[train: Epoch 37, 1750 / 1875] FPS: 64.9 (203.3)  ,  DataTime: 0.344 (0.012)  ,  ForwardTime: 0.137  ,  TotalTime: 0.493  ,  Loss/total: 3.50903  ,  Loss/ce: 3.47570  ,  IoU: 0.76590  ,  pro_loss: 0.16667
[train: Epoch 37, 1800 / 1875] FPS: 64.8 (202.3)  ,  DataTime: 0.345 (0.012)  ,  ForwardTime: 0.137  ,  TotalTime: 0.494  ,  Loss/total: 3.50963  ,  Loss/ce: 3.47629  ,  IoU: 0.76577  ,  pro_loss: 0.16667
[train: Epoch 37, 1850 / 1875] FPS: 64.7 (12.1)  ,  DataTime: 0.346 (0.012)  ,  ForwardTime: 0.137  ,  TotalTime: 0.495  ,  Loss/total: 3.50926  ,  Loss/ce: 3.47592  ,  IoU: 0.76587  ,  pro_loss: 0.16667
[train: Epoch 37, 1875 / 1875] FPS: 64.9 (207.7)  ,  DataTime: 0.344 (0.012)  ,  ForwardTime: 0.137  ,  TotalTime: 0.493  ,  Loss/total: 3.50875  ,  Loss/ce: 3.47542  ,  IoU: 0.76597  ,  pro_loss: 0.16667
[train: Epoch 38, 50 / 1875] FPS: 52.4 (12.4)  ,  DataTime: 0.462 (0.012)  ,  ForwardTime: 0.137  ,  TotalTime: 0.611  ,  Loss/total: 3.52377  ,  Loss/ce: 3.49044  ,  IoU: 0.76245  ,  pro_loss: 0.16667
[train: Epoch 38, 100 / 1875] FPS: 58.1 (202.1)  ,  DataTime: 0.401 (0.012)  ,  ForwardTime: 0.137  ,  TotalTime: 0.550  ,  Loss/total: 3.51612  ,  Loss/ce: 3.48279  ,  IoU: 0.76374  ,  pro_loss: 0.16666
[train: Epoch 38, 150 / 1875] FPS: 59.0 (13.8)  ,  DataTime: 0.393 (0.012)  ,  ForwardTime: 0.137  ,  TotalTime: 0.542  ,  Loss/total: 3.50178  ,  Loss/ce: 3.46846  ,  IoU: 0.76510  ,  pro_loss: 0.16662
[train: Epoch 38, 200 / 1875] FPS: 58.4 (9.0)  ,  DataTime: 0.399 (0.013)  ,  ForwardTime: 0.137  ,  TotalTime: 0.548  ,  Loss/total: 3.50060  ,  Loss/ce: 3.46727  ,  IoU: 0.76391  ,  pro_loss: 0.16664
[train: Epoch 38, 250 / 1875] FPS: 59.6 (208.8)  ,  DataTime: 0.387 (0.012)  ,  ForwardTime: 0.137  ,  TotalTime: 0.537  ,  Loss/total: 3.49888  ,  Loss/ce: 3.46555  ,  IoU: 0.76555  ,  pro_loss: 0.16664
[train: Epoch 38, 300 / 1875] FPS: 60.2 (17.7)  ,  DataTime: 0.382 (0.012)  ,  ForwardTime: 0.137  ,  TotalTime: 0.531  ,  Loss/total: 3.49769  ,  Loss/ce: 3.46436  ,  IoU: 0.76659  ,  pro_loss: 0.16664
[train: Epoch 38, 350 / 1875] FPS: 61.0 (201.8)  ,  DataTime: 0.375 (0.012)  ,  ForwardTime: 0.137  ,  TotalTime: 0.525  ,  Loss/total: 3.49985  ,  Loss/ce: 3.46653  ,  IoU: 0.76591  ,  pro_loss: 0.16662
[train: Epoch 38, 400 / 1875] FPS: 60.6 (14.6)  ,  DataTime: 0.378 (0.012)  ,  ForwardTime: 0.137  ,  TotalTime: 0.528  ,  Loss/total: 3.49999  ,  Loss/ce: 3.46666  ,  IoU: 0.76586  ,  pro_loss: 0.16664
[train: Epoch 38, 450 / 1875] FPS: 61.0 (37.5)  ,  DataTime: 0.375 (0.012)  ,  ForwardTime: 0.137  ,  TotalTime: 0.524  ,  Loss/total: 3.49809  ,  Loss/ce: 3.46475  ,  IoU: 0.76610  ,  pro_loss: 0.16666
[train: Epoch 38, 500 / 1875] FPS: 61.6 (206.9)  ,  DataTime: 0.370 (0.012)  ,  ForwardTime: 0.137  ,  TotalTime: 0.519  ,  Loss/total: 3.49744  ,  Loss/ce: 3.46411  ,  IoU: 0.76636  ,  pro_loss: 0.16665
[train: Epoch 38, 550 / 1875] FPS: 61.6 (21.9)  ,  DataTime: 0.371 (0.012)  ,  ForwardTime: 0.137  ,  TotalTime: 0.520  ,  Loss/total: 3.49789  ,  Loss/ce: 3.46456  ,  IoU: 0.76697  ,  pro_loss: 0.16664
[train: Epoch 38, 600 / 1875] FPS: 61.5 (196.7)  ,  DataTime: 0.371 (0.012)  ,  ForwardTime: 0.137  ,  TotalTime: 0.520  ,  Loss/total: 3.49563  ,  Loss/ce: 3.46231  ,  IoU: 0.76752  ,  pro_loss: 0.16664
[train: Epoch 38, 650 / 1875] FPS: 62.0 (200.3)  ,  DataTime: 0.367 (0.012)  ,  ForwardTime: 0.137  ,  TotalTime: 0.516  ,  Loss/total: 3.49583  ,  Loss/ce: 3.46251  ,  IoU: 0.76722  ,  pro_loss: 0.16664
[train: Epoch 38, 700 / 1875] FPS: 61.9 (201.6)  ,  DataTime: 0.368 (0.012)  ,  ForwardTime: 0.137  ,  TotalTime: 0.517  ,  Loss/total: 3.49668  ,  Loss/ce: 3.46335  ,  IoU: 0.76706  ,  pro_loss: 0.16664
[train: Epoch 38, 750 / 1875] FPS: 61.8 (18.0)  ,  DataTime: 0.369 (0.012)  ,  ForwardTime: 0.137  ,  TotalTime: 0.518  ,  Loss/total: 3.49729  ,  Loss/ce: 3.46396  ,  IoU: 0.76681  ,  pro_loss: 0.16664
[train: Epoch 38, 800 / 1875] FPS: 61.8 (27.0)  ,  DataTime: 0.369 (0.012)  ,  ForwardTime: 0.137  ,  TotalTime: 0.518  ,  Loss/total: 3.49877  ,  Loss/ce: 3.46544  ,  IoU: 0.76648  ,  pro_loss: 0.16665
[train: Epoch 38, 850 / 1875] FPS: 61.7 (204.5)  ,  DataTime: 0.369 (0.012)  ,  ForwardTime: 0.137  ,  TotalTime: 0.518  ,  Loss/total: 3.49930  ,  Loss/ce: 3.46597  ,  IoU: 0.76647  ,  pro_loss: 0.16664
[train: Epoch 38, 900 / 1875] FPS: 62.0 (204.8)  ,  DataTime: 0.367 (0.012)  ,  ForwardTime: 0.137  ,  TotalTime: 0.516  ,  Loss/total: 3.50009  ,  Loss/ce: 3.46675  ,  IoU: 0.76629  ,  pro_loss: 0.16665
[train: Epoch 38, 950 / 1875] FPS: 62.0 (19.0)  ,  DataTime: 0.367 (0.012)  ,  ForwardTime: 0.137  ,  TotalTime: 0.516  ,  Loss/total: 3.49921  ,  Loss/ce: 3.46588  ,  IoU: 0.76668  ,  pro_loss: 0.16665
[train: Epoch 38, 1000 / 1875] FPS: 62.5 (205.1)  ,  DataTime: 0.363 (0.012)  ,  ForwardTime: 0.137  ,  TotalTime: 0.512  ,  Loss/total: 3.49987  ,  Loss/ce: 3.46654  ,  IoU: 0.76662  ,  pro_loss: 0.16666
[train: Epoch 38, 1050 / 1875] FPS: 62.4 (202.6)  ,  DataTime: 0.364 (0.012)  ,  ForwardTime: 0.137  ,  TotalTime: 0.513  ,  Loss/total: 3.49896  ,  Loss/ce: 3.46563  ,  IoU: 0.76679  ,  pro_loss: 0.16666
[train: Epoch 38, 1100 / 1875] FPS: 62.2 (207.6)  ,  DataTime: 0.366 (0.012)  ,  ForwardTime: 0.137  ,  TotalTime: 0.515  ,  Loss/total: 3.49891  ,  Loss/ce: 3.46558  ,  IoU: 0.76681  ,  pro_loss: 0.16665
[train: Epoch 38, 1150 / 1875] FPS: 62.5 (203.5)  ,  DataTime: 0.363 (0.012)  ,  ForwardTime: 0.137  ,  TotalTime: 0.512  ,  Loss/total: 3.49956  ,  Loss/ce: 3.46623  ,  IoU: 0.76682  ,  pro_loss: 0.16664
[train: Epoch 38, 1200 / 1875] FPS: 62.6 (202.4)  ,  DataTime: 0.362 (0.012)  ,  ForwardTime: 0.137  ,  TotalTime: 0.511  ,  Loss/total: 3.50130  ,  Loss/ce: 3.46797  ,  IoU: 0.76692  ,  pro_loss: 0.16665
[train: Epoch 38, 1250 / 1875] FPS: 62.7 (201.7)  ,  DataTime: 0.362 (0.012)  ,  ForwardTime: 0.137  ,  TotalTime: 0.511  ,  Loss/total: 3.50045  ,  Loss/ce: 3.46712  ,  IoU: 0.76720  ,  pro_loss: 0.16665
[train: Epoch 38, 1300 / 1875] FPS: 62.6 (203.4)  ,  DataTime: 0.362 (0.012)  ,  ForwardTime: 0.137  ,  TotalTime: 0.512  ,  Loss/total: 3.50051  ,  Loss/ce: 3.46717  ,  IoU: 0.76712  ,  pro_loss: 0.16666
[train: Epoch 38, 1350 / 1875] FPS: 62.6 (11.3)  ,  DataTime: 0.362 (0.012)  ,  ForwardTime: 0.137  ,  TotalTime: 0.511  ,  Loss/total: 3.49979  ,  Loss/ce: 3.46646  ,  IoU: 0.76707  ,  pro_loss: 0.16666
[train: Epoch 38, 1400 / 1875] FPS: 62.6 (205.3)  ,  DataTime: 0.362 (0.012)  ,  ForwardTime: 0.137  ,  TotalTime: 0.511  ,  Loss/total: 3.50019  ,  Loss/ce: 3.46686  ,  IoU: 0.76686  ,  pro_loss: 0.16666
[train: Epoch 38, 1450 / 1875] FPS: 62.8 (206.3)  ,  DataTime: 0.361 (0.012)  ,  ForwardTime: 0.137  ,  TotalTime: 0.510  ,  Loss/total: 3.50135  ,  Loss/ce: 3.46802  ,  IoU: 0.76656  ,  pro_loss: 0.16666
[train: Epoch 38, 1500 / 1875] FPS: 62.8 (202.9)  ,  DataTime: 0.361 (0.012)  ,  ForwardTime: 0.137  ,  TotalTime: 0.510  ,  Loss/total: 3.50095  ,  Loss/ce: 3.46762  ,  IoU: 0.76658  ,  pro_loss: 0.16666
[train: Epoch 38, 1550 / 1875] FPS: 62.7 (10.8)  ,  DataTime: 0.361 (0.012)  ,  ForwardTime: 0.137  ,  TotalTime: 0.511  ,  Loss/total: 3.50100  ,  Loss/ce: 3.46767  ,  IoU: 0.76658  ,  pro_loss: 0.16666
[train: Epoch 38, 1600 / 1875] FPS: 62.7 (201.9)  ,  DataTime: 0.361 (0.012)  ,  ForwardTime: 0.137  ,  TotalTime: 0.510  ,  Loss/total: 3.50078  ,  Loss/ce: 3.46745  ,  IoU: 0.76664  ,  pro_loss: 0.16666
[train: Epoch 38, 1650 / 1875] FPS: 62.7 (204.0)  ,  DataTime: 0.361 (0.012)  ,  ForwardTime: 0.137  ,  TotalTime: 0.510  ,  Loss/total: 3.50031  ,  Loss/ce: 3.46698  ,  IoU: 0.76672  ,  pro_loss: 0.16666
[train: Epoch 38, 1700 / 1875] FPS: 62.5 (196.2)  ,  DataTime: 0.363 (0.012)  ,  ForwardTime: 0.137  ,  TotalTime: 0.512  ,  Loss/total: 3.50058  ,  Loss/ce: 3.46724  ,  IoU: 0.76677  ,  pro_loss: 0.16666
[train: Epoch 38, 1750 / 1875] FPS: 62.6 (199.0)  ,  DataTime: 0.362 (0.012)  ,  ForwardTime: 0.137  ,  TotalTime: 0.511  ,  Loss/total: 3.50112  ,  Loss/ce: 3.46779  ,  IoU: 0.76670  ,  pro_loss: 0.16665
[train: Epoch 38, 1800 / 1875] FPS: 62.7 (203.8)  ,  DataTime: 0.362 (0.012)  ,  ForwardTime: 0.137  ,  TotalTime: 0.511  ,  Loss/total: 3.50113  ,  Loss/ce: 3.46780  ,  IoU: 0.76669  ,  pro_loss: 0.16666
[train: Epoch 38, 1850 / 1875] FPS: 62.7 (202.7)  ,  DataTime: 0.361 (0.012)  ,  ForwardTime: 0.137  ,  TotalTime: 0.511  ,  Loss/total: 3.50089  ,  Loss/ce: 3.46756  ,  IoU: 0.76682  ,  pro_loss: 0.16666
[train: Epoch 38, 1875 / 1875] FPS: 62.9 (206.3)  ,  DataTime: 0.360 (0.012)  ,  ForwardTime: 0.137  ,  TotalTime: 0.509  ,  Loss/total: 3.50103  ,  Loss/ce: 3.46770  ,  IoU: 0.76685  ,  pro_loss: 0.16667
[train: Epoch 39, 50 / 1875] FPS: 56.5 (207.6)  ,  DataTime: 0.418 (0.012)  ,  ForwardTime: 0.137  ,  TotalTime: 0.567  ,  Loss/total: 3.49306  ,  Loss/ce: 3.45975  ,  IoU: 0.77318  ,  pro_loss: 0.16657
[train: Epoch 39, 100 / 1875] FPS: 58.8 (17.8)  ,  DataTime: 0.395 (0.012)  ,  ForwardTime: 0.137  ,  TotalTime: 0.544  ,  Loss/total: 3.50844  ,  Loss/ce: 3.47512  ,  IoU: 0.76704  ,  pro_loss: 0.16659
[train: Epoch 39, 150 / 1875] FPS: 61.2 (205.2)  ,  DataTime: 0.374 (0.012)  ,  ForwardTime: 0.137  ,  TotalTime: 0.523  ,  Loss/total: 3.51191  ,  Loss/ce: 3.47859  ,  IoU: 0.76619  ,  pro_loss: 0.16659
[train: Epoch 39, 200 / 1875] FPS: 61.6 (19.3)  ,  DataTime: 0.370 (0.012)  ,  ForwardTime: 0.137  ,  TotalTime: 0.519  ,  Loss/total: 3.51023  ,  Loss/ce: 3.47691  ,  IoU: 0.76614  ,  pro_loss: 0.16658
[train: Epoch 39, 250 / 1875] FPS: 61.7 (205.7)  ,  DataTime: 0.370 (0.012)  ,  ForwardTime: 0.137  ,  TotalTime: 0.519  ,  Loss/total: 3.50965  ,  Loss/ce: 3.47634  ,  IoU: 0.76662  ,  pro_loss: 0.16656
[train: Epoch 39, 300 / 1875] FPS: 62.5 (209.0)  ,  DataTime: 0.364 (0.012)  ,  ForwardTime: 0.137  ,  TotalTime: 0.512  ,  Loss/total: 3.50989  ,  Loss/ce: 3.47658  ,  IoU: 0.76671  ,  pro_loss: 0.16657
[train: Epoch 39, 350 / 1875] FPS: 62.9 (204.0)  ,  DataTime: 0.360 (0.012)  ,  ForwardTime: 0.137  ,  TotalTime: 0.509  ,  Loss/total: 3.51229  ,  Loss/ce: 3.47897  ,  IoU: 0.76643  ,  pro_loss: 0.16660
[train: Epoch 39, 400 / 1875] FPS: 63.5 (32.3)  ,  DataTime: 0.356 (0.012)  ,  ForwardTime: 0.137  ,  TotalTime: 0.504  ,  Loss/total: 3.51059  ,  Loss/ce: 3.47727  ,  IoU: 0.76673  ,  pro_loss: 0.16661
[train: Epoch 39, 450 / 1875] FPS: 64.1 (207.5)  ,  DataTime: 0.350 (0.012)  ,  ForwardTime: 0.137  ,  TotalTime: 0.499  ,  Loss/total: 3.51073  ,  Loss/ce: 3.47741  ,  IoU: 0.76669  ,  pro_loss: 0.16662
[train: Epoch 39, 500 / 1875] FPS: 64.4 (204.2)  ,  DataTime: 0.348 (0.012)  ,  ForwardTime: 0.137  ,  TotalTime: 0.497  ,  Loss/total: 3.50720  ,  Loss/ce: 3.47388  ,  IoU: 0.76783  ,  pro_loss: 0.16663
[train: Epoch 39, 550 / 1875] FPS: 64.0 (202.0)  ,  DataTime: 0.351 (0.012)  ,  ForwardTime: 0.137  ,  TotalTime: 0.500  ,  Loss/total: 3.50443  ,  Loss/ce: 3.47111  ,  IoU: 0.76839  ,  pro_loss: 0.16662
[train: Epoch 39, 600 / 1875] FPS: 64.4 (200.1)  ,  DataTime: 0.348 (0.012)  ,  ForwardTime: 0.137  ,  TotalTime: 0.497  ,  Loss/total: 3.50269  ,  Loss/ce: 3.46937  ,  IoU: 0.76827  ,  pro_loss: 0.16663
[train: Epoch 39, 650 / 1875] FPS: 64.6 (198.0)  ,  DataTime: 0.347 (0.012)  ,  ForwardTime: 0.137  ,  TotalTime: 0.496  ,  Loss/total: 3.50329  ,  Loss/ce: 3.46997  ,  IoU: 0.76765  ,  pro_loss: 0.16664
[train: Epoch 39, 700 / 1875] FPS: 64.2 (10.1)  ,  DataTime: 0.350 (0.012)  ,  ForwardTime: 0.137  ,  TotalTime: 0.499  ,  Loss/total: 3.50383  ,  Loss/ce: 3.47051  ,  IoU: 0.76731  ,  pro_loss: 0.16664
[train: Epoch 39, 750 / 1875] FPS: 64.8 (51.8)  ,  DataTime: 0.345 (0.012)  ,  ForwardTime: 0.137  ,  TotalTime: 0.494  ,  Loss/total: 3.50231  ,  Loss/ce: 3.46898  ,  IoU: 0.76743  ,  pro_loss: 0.16664
[train: Epoch 39, 800 / 1875] FPS: 64.8 (205.8)  ,  DataTime: 0.345 (0.012)  ,  ForwardTime: 0.137  ,  TotalTime: 0.494  ,  Loss/total: 3.50233  ,  Loss/ce: 3.46900  ,  IoU: 0.76724  ,  pro_loss: 0.16663
[train: Epoch 39, 850 / 1875] FPS: 64.9 (200.2)  ,  DataTime: 0.344 (0.012)  ,  ForwardTime: 0.137  ,  TotalTime: 0.493  ,  Loss/total: 3.50231  ,  Loss/ce: 3.46898  ,  IoU: 0.76726  ,  pro_loss: 0.16664
[train: Epoch 39, 900 / 1875] FPS: 64.7 (200.4)  ,  DataTime: 0.346 (0.012)  ,  ForwardTime: 0.137  ,  TotalTime: 0.495  ,  Loss/total: 3.50203  ,  Loss/ce: 3.46871  ,  IoU: 0.76744  ,  pro_loss: 0.16664
[train: Epoch 39, 950 / 1875] FPS: 64.9 (202.6)  ,  DataTime: 0.344 (0.012)  ,  ForwardTime: 0.137  ,  TotalTime: 0.493  ,  Loss/total: 3.50315  ,  Loss/ce: 3.46982  ,  IoU: 0.76744  ,  pro_loss: 0.16665
[train: Epoch 39, 1000 / 1875] FPS: 64.5 (203.5)  ,  DataTime: 0.347 (0.012)  ,  ForwardTime: 0.137  ,  TotalTime: 0.496  ,  Loss/total: 3.50237  ,  Loss/ce: 3.46904  ,  IoU: 0.76769  ,  pro_loss: 0.16666
[train: Epoch 39, 1050 / 1875] FPS: 64.5 (64.9)  ,  DataTime: 0.347 (0.012)  ,  ForwardTime: 0.137  ,  TotalTime: 0.496  ,  Loss/total: 3.49996  ,  Loss/ce: 3.46663  ,  IoU: 0.76793  ,  pro_loss: 0.16666
[train: Epoch 39, 1100 / 1875] FPS: 64.3 (51.3)  ,  DataTime: 0.349 (0.012)  ,  ForwardTime: 0.137  ,  TotalTime: 0.498  ,  Loss/total: 3.49945  ,  Loss/ce: 3.46612  ,  IoU: 0.76837  ,  pro_loss: 0.16666
[train: Epoch 39, 1150 / 1875] FPS: 64.3 (200.1)  ,  DataTime: 0.349 (0.012)  ,  ForwardTime: 0.137  ,  TotalTime: 0.498  ,  Loss/total: 3.49897  ,  Loss/ce: 3.46564  ,  IoU: 0.76850  ,  pro_loss: 0.16666
[train: Epoch 39, 1200 / 1875] FPS: 63.6 (208.2)  ,  DataTime: 0.354 (0.012)  ,  ForwardTime: 0.137  ,  TotalTime: 0.503  ,  Loss/total: 3.49841  ,  Loss/ce: 3.46507  ,  IoU: 0.76857  ,  pro_loss: 0.16666
[train: Epoch 39, 1250 / 1875] FPS: 63.7 (202.4)  ,  DataTime: 0.353 (0.012)  ,  ForwardTime: 0.137  ,  TotalTime: 0.502  ,  Loss/total: 3.49851  ,  Loss/ce: 3.46517  ,  IoU: 0.76848  ,  pro_loss: 0.16667
[train: Epoch 39, 1300 / 1875] FPS: 63.7 (205.0)  ,  DataTime: 0.354 (0.012)  ,  ForwardTime: 0.137  ,  TotalTime: 0.503  ,  Loss/total: 3.49894  ,  Loss/ce: 3.46560  ,  IoU: 0.76836  ,  pro_loss: 0.16667
[train: Epoch 39, 1350 / 1875] FPS: 63.7 (204.5)  ,  DataTime: 0.353 (0.012)  ,  ForwardTime: 0.137  ,  TotalTime: 0.502  ,  Loss/total: 3.49872  ,  Loss/ce: 3.46539  ,  IoU: 0.76839  ,  pro_loss: 0.16667
[train: Epoch 39, 1400 / 1875] FPS: 63.4 (206.2)  ,  DataTime: 0.356 (0.012)  ,  ForwardTime: 0.137  ,  TotalTime: 0.505  ,  Loss/total: 3.49860  ,  Loss/ce: 3.46526  ,  IoU: 0.76856  ,  pro_loss: 0.16667
[train: Epoch 39, 1450 / 1875] FPS: 63.6 (206.6)  ,  DataTime: 0.354 (0.012)  ,  ForwardTime: 0.137  ,  TotalTime: 0.503  ,  Loss/total: 3.49875  ,  Loss/ce: 3.46542  ,  IoU: 0.76859  ,  pro_loss: 0.16667
[train: Epoch 39, 1500 / 1875] FPS: 63.7 (204.9)  ,  DataTime: 0.354 (0.012)  ,  ForwardTime: 0.137  ,  TotalTime: 0.503  ,  Loss/total: 3.49884  ,  Loss/ce: 3.46550  ,  IoU: 0.76861  ,  pro_loss: 0.16667
[train: Epoch 39, 1550 / 1875] FPS: 63.7 (202.2)  ,  DataTime: 0.353 (0.012)  ,  ForwardTime: 0.137  ,  TotalTime: 0.502  ,  Loss/total: 3.49938  ,  Loss/ce: 3.46604  ,  IoU: 0.76848  ,  pro_loss: 0.16667
[train: Epoch 39, 1600 / 1875] FPS: 63.6 (206.1)  ,  DataTime: 0.354 (0.012)  ,  ForwardTime: 0.137  ,  TotalTime: 0.503  ,  Loss/total: 3.49899  ,  Loss/ce: 3.46565  ,  IoU: 0.76856  ,  pro_loss: 0.16667
[train: Epoch 39, 1650 / 1875] FPS: 63.6 (13.1)  ,  DataTime: 0.354 (0.012)  ,  ForwardTime: 0.137  ,  TotalTime: 0.503  ,  Loss/total: 3.49981  ,  Loss/ce: 3.46648  ,  IoU: 0.76837  ,  pro_loss: 0.16667
[train: Epoch 39, 1700 / 1875] FPS: 63.6 (204.8)  ,  DataTime: 0.354 (0.012)  ,  ForwardTime: 0.137  ,  TotalTime: 0.503  ,  Loss/total: 3.49965  ,  Loss/ce: 3.46631  ,  IoU: 0.76839  ,  pro_loss: 0.16668
[train: Epoch 39, 1750 / 1875] FPS: 63.7 (203.5)  ,  DataTime: 0.353 (0.012)  ,  ForwardTime: 0.137  ,  TotalTime: 0.502  ,  Loss/total: 3.49918  ,  Loss/ce: 3.46584  ,  IoU: 0.76849  ,  pro_loss: 0.16668
[train: Epoch 39, 1800 / 1875] FPS: 63.7 (14.4)  ,  DataTime: 0.354 (0.012)  ,  ForwardTime: 0.137  ,  TotalTime: 0.503  ,  Loss/total: 3.49880  ,  Loss/ce: 3.46547  ,  IoU: 0.76849  ,  pro_loss: 0.16668
[train: Epoch 39, 1850 / 1875] FPS: 63.8 (203.6)  ,  DataTime: 0.353 (0.012)  ,  ForwardTime: 0.137  ,  TotalTime: 0.502  ,  Loss/total: 3.49897  ,  Loss/ce: 3.46563  ,  IoU: 0.76863  ,  pro_loss: 0.16668
[train: Epoch 39, 1875 / 1875] FPS: 63.9 (207.6)  ,  DataTime: 0.352 (0.012)  ,  ForwardTime: 0.137  ,  TotalTime: 0.501  ,  Loss/total: 3.49873  ,  Loss/ce: 3.46540  ,  IoU: 0.76864  ,  pro_loss: 0.16668
[train: Epoch 40, 50 / 1875] FPS: 54.0 (25.3)  ,  DataTime: 0.445 (0.012)  ,  ForwardTime: 0.137  ,  TotalTime: 0.593  ,  Loss/total: 3.52610  ,  Loss/ce: 3.49273  ,  IoU: 0.75974  ,  pro_loss: 0.16685
[train: Epoch 40, 100 / 1875] FPS: 57.8 (195.8)  ,  DataTime: 0.405 (0.012)  ,  ForwardTime: 0.137  ,  TotalTime: 0.554  ,  Loss/total: 3.51064  ,  Loss/ce: 3.47729  ,  IoU: 0.76368  ,  pro_loss: 0.16672
[train: Epoch 40, 150 / 1875] FPS: 61.7 (184.2)  ,  DataTime: 0.370 (0.012)  ,  ForwardTime: 0.137  ,  TotalTime: 0.519  ,  Loss/total: 3.49397  ,  Loss/ce: 3.46064  ,  IoU: 0.76811  ,  pro_loss: 0.16668
[train: Epoch 40, 200 / 1875] FPS: 60.9 (19.8)  ,  DataTime: 0.377 (0.012)  ,  ForwardTime: 0.137  ,  TotalTime: 0.525  ,  Loss/total: 3.49442  ,  Loss/ce: 3.46108  ,  IoU: 0.76855  ,  pro_loss: 0.16670
[train: Epoch 40, 250 / 1875] FPS: 62.3 (207.5)  ,  DataTime: 0.365 (0.012)  ,  ForwardTime: 0.137  ,  TotalTime: 0.514  ,  Loss/total: 3.50141  ,  Loss/ce: 3.46808  ,  IoU: 0.76833  ,  pro_loss: 0.16669
[train: Epoch 40, 300 / 1875] FPS: 63.6 (39.3)  ,  DataTime: 0.355 (0.012)  ,  ForwardTime: 0.137  ,  TotalTime: 0.503  ,  Loss/total: 3.49822  ,  Loss/ce: 3.46488  ,  IoU: 0.77002  ,  pro_loss: 0.16670
[train: Epoch 40, 350 / 1875] FPS: 63.1 (204.2)  ,  DataTime: 0.358 (0.012)  ,  ForwardTime: 0.137  ,  TotalTime: 0.507  ,  Loss/total: 3.49599  ,  Loss/ce: 3.46266  ,  IoU: 0.77006  ,  pro_loss: 0.16669
[train: Epoch 40, 400 / 1875] FPS: 64.0 (206.3)  ,  DataTime: 0.351 (0.012)  ,  ForwardTime: 0.137  ,  TotalTime: 0.500  ,  Loss/total: 3.49249  ,  Loss/ce: 3.45915  ,  IoU: 0.77087  ,  pro_loss: 0.16670
[train: Epoch 40, 450 / 1875] FPS: 64.4 (203.5)  ,  DataTime: 0.348 (0.012)  ,  ForwardTime: 0.137  ,  TotalTime: 0.497  ,  Loss/total: 3.49570  ,  Loss/ce: 3.46236  ,  IoU: 0.76992  ,  pro_loss: 0.16669
[train: Epoch 40, 500 / 1875] FPS: 64.8 (207.2)  ,  DataTime: 0.345 (0.012)  ,  ForwardTime: 0.137  ,  TotalTime: 0.494  ,  Loss/total: 3.49370  ,  Loss/ce: 3.46037  ,  IoU: 0.76973  ,  pro_loss: 0.16669
[train: Epoch 40, 550 / 1875] FPS: 64.9 (207.4)  ,  DataTime: 0.345 (0.012)  ,  ForwardTime: 0.137  ,  TotalTime: 0.493  ,  Loss/total: 3.49603  ,  Loss/ce: 3.46270  ,  IoU: 0.76991  ,  pro_loss: 0.16669
[train: Epoch 40, 600 / 1875] FPS: 65.1 (205.7)  ,  DataTime: 0.343 (0.012)  ,  ForwardTime: 0.137  ,  TotalTime: 0.492  ,  Loss/total: 3.49552  ,  Loss/ce: 3.46219  ,  IoU: 0.77011  ,  pro_loss: 0.16669
[train: Epoch 40, 650 / 1875] FPS: 65.2 (205.9)  ,  DataTime: 0.341 (0.012)  ,  ForwardTime: 0.137  ,  TotalTime: 0.490  ,  Loss/total: 3.49629  ,  Loss/ce: 3.46296  ,  IoU: 0.77008  ,  pro_loss: 0.16667
[train: Epoch 40, 700 / 1875] FPS: 65.7 (205.3)  ,  DataTime: 0.338 (0.012)  ,  ForwardTime: 0.137  ,  TotalTime: 0.487  ,  Loss/total: 3.49771  ,  Loss/ce: 3.46437  ,  IoU: 0.77023  ,  pro_loss: 0.16668
[train: Epoch 40, 750 / 1875] FPS: 65.4 (88.0)  ,  DataTime: 0.340 (0.012)  ,  ForwardTime: 0.137  ,  TotalTime: 0.489  ,  Loss/total: 3.49596  ,  Loss/ce: 3.46263  ,  IoU: 0.77072  ,  pro_loss: 0.16667
[train: Epoch 40, 800 / 1875] FPS: 65.5 (202.8)  ,  DataTime: 0.340 (0.012)  ,  ForwardTime: 0.137  ,  TotalTime: 0.489  ,  Loss/total: 3.49490  ,  Loss/ce: 3.46157  ,  IoU: 0.77122  ,  pro_loss: 0.16667
[train: Epoch 40, 850 / 1875] FPS: 65.5 (205.4)  ,  DataTime: 0.340 (0.012)  ,  ForwardTime: 0.137  ,  TotalTime: 0.489  ,  Loss/total: 3.49748  ,  Loss/ce: 3.46415  ,  IoU: 0.77036  ,  pro_loss: 0.16668
[train: Epoch 40, 900 / 1875] FPS: 65.8 (201.4)  ,  DataTime: 0.338 (0.012)  ,  ForwardTime: 0.137  ,  TotalTime: 0.487  ,  Loss/total: 3.49606  ,  Loss/ce: 3.46272  ,  IoU: 0.77074  ,  pro_loss: 0.16668
[train: Epoch 40, 950 / 1875] FPS: 65.6 (11.9)  ,  DataTime: 0.339 (0.012)  ,  ForwardTime: 0.137  ,  TotalTime: 0.488  ,  Loss/total: 3.49562  ,  Loss/ce: 3.46228  ,  IoU: 0.77098  ,  pro_loss: 0.16668
[train: Epoch 40, 1000 / 1875] FPS: 65.7 (204.9)  ,  DataTime: 0.338 (0.012)  ,  ForwardTime: 0.137  ,  TotalTime: 0.487  ,  Loss/total: 3.49351  ,  Loss/ce: 3.46018  ,  IoU: 0.77142  ,  pro_loss: 0.16668
[train: Epoch 40, 1050 / 1875] FPS: 65.9 (202.6)  ,  DataTime: 0.337 (0.012)  ,  ForwardTime: 0.137  ,  TotalTime: 0.486  ,  Loss/total: 3.49341  ,  Loss/ce: 3.46008  ,  IoU: 0.77136  ,  pro_loss: 0.16668
[train: Epoch 40, 1100 / 1875] FPS: 65.7 (201.9)  ,  DataTime: 0.338 (0.012)  ,  ForwardTime: 0.137  ,  TotalTime: 0.487  ,  Loss/total: 3.49283  ,  Loss/ce: 3.45949  ,  IoU: 0.77172  ,  pro_loss: 0.16668
[train: Epoch 40, 1150 / 1875] FPS: 65.8 (206.1)  ,  DataTime: 0.337 (0.012)  ,  ForwardTime: 0.137  ,  TotalTime: 0.486  ,  Loss/total: 3.49189  ,  Loss/ce: 3.45855  ,  IoU: 0.77175  ,  pro_loss: 0.16668
[train: Epoch 40, 1200 / 1875] FPS: 65.8 (200.3)  ,  DataTime: 0.337 (0.012)  ,  ForwardTime: 0.137  ,  TotalTime: 0.486  ,  Loss/total: 3.49205  ,  Loss/ce: 3.45872  ,  IoU: 0.77165  ,  pro_loss: 0.16668
[train: Epoch 40, 1250 / 1875] FPS: 65.9 (208.3)  ,  DataTime: 0.337 (0.012)  ,  ForwardTime: 0.137  ,  TotalTime: 0.486  ,  Loss/total: 3.49161  ,  Loss/ce: 3.45828  ,  IoU: 0.77154  ,  pro_loss: 0.16668
[train: Epoch 40, 1300 / 1875] FPS: 66.0 (198.7)  ,  DataTime: 0.336 (0.012)  ,  ForwardTime: 0.137  ,  TotalTime: 0.485  ,  Loss/total: 3.49100  ,  Loss/ce: 3.45767  ,  IoU: 0.77154  ,  pro_loss: 0.16669
[train: Epoch 40, 1350 / 1875] FPS: 65.8 (205.6)  ,  DataTime: 0.337 (0.012)  ,  ForwardTime: 0.137  ,  TotalTime: 0.486  ,  Loss/total: 3.49076  ,  Loss/ce: 3.45742  ,  IoU: 0.77166  ,  pro_loss: 0.16669
[train: Epoch 40, 1400 / 1875] FPS: 65.6 (204.9)  ,  DataTime: 0.339 (0.012)  ,  ForwardTime: 0.137  ,  TotalTime: 0.488  ,  Loss/total: 3.49067  ,  Loss/ce: 3.45733  ,  IoU: 0.77180  ,  pro_loss: 0.16669
[train: Epoch 40, 1450 / 1875] FPS: 65.8 (201.2)  ,  DataTime: 0.337 (0.012)  ,  ForwardTime: 0.137  ,  TotalTime: 0.486  ,  Loss/total: 3.49127  ,  Loss/ce: 3.45794  ,  IoU: 0.77161  ,  pro_loss: 0.16669
[train: Epoch 40, 1500 / 1875] FPS: 65.8 (200.8)  ,  DataTime: 0.338 (0.012)  ,  ForwardTime: 0.137  ,  TotalTime: 0.487  ,  Loss/total: 3.49145  ,  Loss/ce: 3.45812  ,  IoU: 0.77135  ,  pro_loss: 0.16668
[train: Epoch 40, 1550 / 1875] FPS: 65.8 (203.0)  ,  DataTime: 0.337 (0.012)  ,  ForwardTime: 0.137  ,  TotalTime: 0.486  ,  Loss/total: 3.49184  ,  Loss/ce: 3.45850  ,  IoU: 0.77143  ,  pro_loss: 0.16668
[train: Epoch 40, 1600 / 1875] FPS: 65.7 (41.9)  ,  DataTime: 0.338 (0.012)  ,  ForwardTime: 0.137  ,  TotalTime: 0.487  ,  Loss/total: 3.49170  ,  Loss/ce: 3.45837  ,  IoU: 0.77123  ,  pro_loss: 0.16668
[train: Epoch 40, 1650 / 1875] FPS: 65.7 (206.4)  ,  DataTime: 0.338 (0.012)  ,  ForwardTime: 0.137  ,  TotalTime: 0.487  ,  Loss/total: 3.49239  ,  Loss/ce: 3.45905  ,  IoU: 0.77101  ,  pro_loss: 0.16668
[train: Epoch 40, 1700 / 1875] FPS: 65.6 (204.5)  ,  DataTime: 0.339 (0.012)  ,  ForwardTime: 0.137  ,  TotalTime: 0.488  ,  Loss/total: 3.49300  ,  Loss/ce: 3.45966  ,  IoU: 0.77093  ,  pro_loss: 0.16668
[train: Epoch 40, 1750 / 1875] FPS: 65.8 (203.7)  ,  DataTime: 0.338 (0.012)  ,  ForwardTime: 0.137  ,  TotalTime: 0.487  ,  Loss/total: 3.49330  ,  Loss/ce: 3.45997  ,  IoU: 0.77089  ,  pro_loss: 0.16668
[train: Epoch 40, 1800 / 1875] FPS: 65.7 (205.1)  ,  DataTime: 0.338 (0.012)  ,  ForwardTime: 0.137  ,  TotalTime: 0.487  ,  Loss/total: 3.49271  ,  Loss/ce: 3.45938  ,  IoU: 0.77101  ,  pro_loss: 0.16668
[train: Epoch 40, 1850 / 1875] FPS: 65.9 (204.7)  ,  DataTime: 0.337 (0.012)  ,  ForwardTime: 0.137  ,  TotalTime: 0.486  ,  Loss/total: 3.49297  ,  Loss/ce: 3.45964  ,  IoU: 0.77075  ,  pro_loss: 0.16668
[train: Epoch 40, 1875 / 1875] FPS: 66.0 (209.2)  ,  DataTime: 0.336 (0.012)  ,  ForwardTime: 0.137  ,  TotalTime: 0.484  ,  Loss/total: 3.49280  ,  Loss/ce: 3.45946  ,  IoU: 0.77081  ,  pro_loss: 0.16668
[val: Epoch 40, 50 / 312] FPS: 49.0 (10.0)  ,  DataTime: 0.568 (0.014)  ,  ForwardTime: 0.071  ,  TotalTime: 0.653  ,  Loss/total: nan  ,  Loss/giou: 0.25619  ,  Loss/l1: 0.02145  ,  Loss/location: nan  ,  pro_loss: 0.16667  ,  IoU: 0.76005
[val: Epoch 40, 100 / 312] FPS: 55.2 (270.6)  ,  DataTime: 0.496 (0.014)  ,  ForwardTime: 0.070  ,  TotalTime: 0.580  ,  Loss/total: nan  ,  Loss/giou: 0.25498  ,  Loss/l1: 0.02099  ,  Loss/location: nan  ,  pro_loss: 0.16667  ,  IoU: 0.76117
[val: Epoch 40, 150 / 312] FPS: 56.4 (358.0)  ,  DataTime: 0.483 (0.014)  ,  ForwardTime: 0.070  ,  TotalTime: 0.567  ,  Loss/total: nan  ,  Loss/giou: 0.25647  ,  Loss/l1: 0.02119  ,  Loss/location: nan  ,  pro_loss: 0.16667  ,  IoU: 0.76021
[val: Epoch 40, 200 / 312] FPS: 57.8 (364.5)  ,  DataTime: 0.470 (0.014)  ,  ForwardTime: 0.070  ,  TotalTime: 0.553  ,  Loss/total: nan  ,  Loss/giou: 0.25887  ,  Loss/l1: 0.02163  ,  Loss/location: nan  ,  pro_loss: 0.16667  ,  IoU: 0.75862
[val: Epoch 40, 250 / 312] FPS: 58.6 (347.4)  ,  DataTime: 0.462 (0.014)  ,  ForwardTime: 0.070  ,  TotalTime: 0.546  ,  Loss/total: nan  ,  Loss/giou: 0.25969  ,  Loss/l1: 0.02196  ,  Loss/location: nan  ,  pro_loss: 0.16667  ,  IoU: 0.75818
[val: Epoch 40, 300 / 312] FPS: 59.5 (21.9)  ,  DataTime: 0.454 (0.014)  ,  ForwardTime: 0.070  ,  TotalTime: 0.538  ,  Loss/total: nan  ,  Loss/giou: 0.25951  ,  Loss/l1: 0.02188  ,  Loss/location: nan  ,  pro_loss: 0.16667  ,  IoU: 0.75804
[val: Epoch 40, 312 / 312] FPS: 60.2 (373.1)  ,  DataTime: 0.448 (0.014)  ,  ForwardTime: 0.070  ,  TotalTime: 0.532  ,  Loss/total: nan  ,  Loss/giou: 0.25960  ,  Loss/l1: 0.02184  ,  Loss/location: nan  ,  pro_loss: 0.16667  ,  IoU: 0.75795
[train: Epoch 41, 50 / 1875] FPS: 55.3 (19.1)  ,  DataTime: 0.429 (0.013)  ,  ForwardTime: 0.137  ,  TotalTime: 0.578  ,  Loss/total: 3.47224  ,  Loss/ce: 3.43891  ,  IoU: 0.77038  ,  pro_loss: 0.16664
[train: Epoch 41, 100 / 1875] FPS: 58.2 (14.5)  ,  DataTime: 0.400 (0.013)  ,  ForwardTime: 0.137  ,  TotalTime: 0.550  ,  Loss/total: 3.48365  ,  Loss/ce: 3.45032  ,  IoU: 0.77087  ,  pro_loss: 0.16662
[train: Epoch 41, 150 / 1875] FPS: 61.8 (202.8)  ,  DataTime: 0.368 (0.013)  ,  ForwardTime: 0.137  ,  TotalTime: 0.518  ,  Loss/total: 3.48588  ,  Loss/ce: 3.45255  ,  IoU: 0.77069  ,  pro_loss: 0.16664
[train: Epoch 41, 200 / 1875] FPS: 63.5 (203.6)  ,  DataTime: 0.354 (0.013)  ,  ForwardTime: 0.137  ,  TotalTime: 0.504  ,  Loss/total: 3.48553  ,  Loss/ce: 3.45220  ,  IoU: 0.77091  ,  pro_loss: 0.16665
[train: Epoch 41, 250 / 1875] FPS: 62.4 (197.8)  ,  DataTime: 0.363 (0.013)  ,  ForwardTime: 0.137  ,  TotalTime: 0.512  ,  Loss/total: 3.48076  ,  Loss/ce: 3.44743  ,  IoU: 0.77204  ,  pro_loss: 0.16663
[train: Epoch 41, 300 / 1875] FPS: 61.9 (206.8)  ,  DataTime: 0.368 (0.013)  ,  ForwardTime: 0.137  ,  TotalTime: 0.517  ,  Loss/total: 3.48007  ,  Loss/ce: 3.44675  ,  IoU: 0.77289  ,  pro_loss: 0.16663
[train: Epoch 41, 350 / 1875] FPS: 61.1 (198.7)  ,  DataTime: 0.374 (0.013)  ,  ForwardTime: 0.137  ,  TotalTime: 0.523  ,  Loss/total: 3.48169  ,  Loss/ce: 3.44837  ,  IoU: 0.77360  ,  pro_loss: 0.16663
[train: Epoch 41, 400 / 1875] FPS: 61.1 (205.2)  ,  DataTime: 0.374 (0.013)  ,  ForwardTime: 0.137  ,  TotalTime: 0.524  ,  Loss/total: 3.47524  ,  Loss/ce: 3.44191  ,  IoU: 0.77424  ,  pro_loss: 0.16663
[train: Epoch 41, 450 / 1875] FPS: 61.3 (207.1)  ,  DataTime: 0.372 (0.013)  ,  ForwardTime: 0.137  ,  TotalTime: 0.522  ,  Loss/total: 3.47355  ,  Loss/ce: 3.44023  ,  IoU: 0.77444  ,  pro_loss: 0.16664
[train: Epoch 41, 500 / 1875] FPS: 61.5 (198.3)  ,  DataTime: 0.371 (0.013)  ,  ForwardTime: 0.137  ,  TotalTime: 0.521  ,  Loss/total: 3.47224  ,  Loss/ce: 3.43891  ,  IoU: 0.77458  ,  pro_loss: 0.16664
[train: Epoch 41, 550 / 1875] FPS: 61.3 (208.3)  ,  DataTime: 0.372 (0.013)  ,  ForwardTime: 0.137  ,  TotalTime: 0.522  ,  Loss/total: 3.46976  ,  Loss/ce: 3.43643  ,  IoU: 0.77502  ,  pro_loss: 0.16664
[train: Epoch 41, 600 / 1875] FPS: 61.3 (208.6)  ,  DataTime: 0.372 (0.013)  ,  ForwardTime: 0.137  ,  TotalTime: 0.522  ,  Loss/total: 3.46701  ,  Loss/ce: 3.43369  ,  IoU: 0.77565  ,  pro_loss: 0.16664
[train: Epoch 41, 650 / 1875] FPS: 61.5 (204.5)  ,  DataTime: 0.371 (0.013)  ,  ForwardTime: 0.137  ,  TotalTime: 0.521  ,  Loss/total: 3.46495  ,  Loss/ce: 3.43162  ,  IoU: 0.77573  ,  pro_loss: 0.16664
[train: Epoch 41, 700 / 1875] FPS: 61.6 (208.6)  ,  DataTime: 0.370 (0.013)  ,  ForwardTime: 0.137  ,  TotalTime: 0.519  ,  Loss/total: 3.46385  ,  Loss/ce: 3.43052  ,  IoU: 0.77628  ,  pro_loss: 0.16665
[train: Epoch 41, 750 / 1875] FPS: 61.8 (38.1)  ,  DataTime: 0.368 (0.013)  ,  ForwardTime: 0.137  ,  TotalTime: 0.517  ,  Loss/total: 3.46204  ,  Loss/ce: 3.42871  ,  IoU: 0.77644  ,  pro_loss: 0.16665
[train: Epoch 41, 800 / 1875] FPS: 62.0 (202.1)  ,  DataTime: 0.367 (0.013)  ,  ForwardTime: 0.137  ,  TotalTime: 0.516  ,  Loss/total: 3.46033  ,  Loss/ce: 3.42700  ,  IoU: 0.77651  ,  pro_loss: 0.16665
[train: Epoch 41, 850 / 1875] FPS: 62.0 (22.6)  ,  DataTime: 0.367 (0.013)  ,  ForwardTime: 0.137  ,  TotalTime: 0.516  ,  Loss/total: 3.46089  ,  Loss/ce: 3.42756  ,  IoU: 0.77668  ,  pro_loss: 0.16666
[train: Epoch 41, 900 / 1875] FPS: 62.2 (204.2)  ,  DataTime: 0.365 (0.013)  ,  ForwardTime: 0.137  ,  TotalTime: 0.514  ,  Loss/total: 3.45994  ,  Loss/ce: 3.42661  ,  IoU: 0.77715  ,  pro_loss: 0.16665
[train: Epoch 41, 950 / 1875] FPS: 62.5 (203.8)  ,  DataTime: 0.363 (0.012)  ,  ForwardTime: 0.137  ,  TotalTime: 0.512  ,  Loss/total: 3.45822  ,  Loss/ce: 3.42488  ,  IoU: 0.77765  ,  pro_loss: 0.16665
[train: Epoch 41, 1000 / 1875] FPS: 62.4 (204.7)  ,  DataTime: 0.364 (0.012)  ,  ForwardTime: 0.137  ,  TotalTime: 0.513  ,  Loss/total: 3.45817  ,  Loss/ce: 3.42484  ,  IoU: 0.77780  ,  pro_loss: 0.16665
[train: Epoch 41, 1050 / 1875] FPS: 62.6 (205.3)  ,  DataTime: 0.362 (0.012)  ,  ForwardTime: 0.137  ,  TotalTime: 0.511  ,  Loss/total: 3.45716  ,  Loss/ce: 3.42383  ,  IoU: 0.77788  ,  pro_loss: 0.16665
[train: Epoch 41, 1100 / 1875] FPS: 62.3 (204.3)  ,  DataTime: 0.365 (0.012)  ,  ForwardTime: 0.137  ,  TotalTime: 0.514  ,  Loss/total: 3.45604  ,  Loss/ce: 3.42271  ,  IoU: 0.77803  ,  pro_loss: 0.16665
[train: Epoch 41, 1150 / 1875] FPS: 62.5 (207.3)  ,  DataTime: 0.363 (0.012)  ,  ForwardTime: 0.137  ,  TotalTime: 0.512  ,  Loss/total: 3.45552  ,  Loss/ce: 3.42219  ,  IoU: 0.77809  ,  pro_loss: 0.16665
[train: Epoch 41, 1200 / 1875] FPS: 62.8 (202.8)  ,  DataTime: 0.360 (0.012)  ,  ForwardTime: 0.137  ,  TotalTime: 0.509  ,  Loss/total: 3.45560  ,  Loss/ce: 3.42227  ,  IoU: 0.77809  ,  pro_loss: 0.16665
[train: Epoch 41, 1250 / 1875] FPS: 62.9 (205.9)  ,  DataTime: 0.359 (0.012)  ,  ForwardTime: 0.137  ,  TotalTime: 0.509  ,  Loss/total: 3.45514  ,  Loss/ce: 3.42181  ,  IoU: 0.77809  ,  pro_loss: 0.16666
[train: Epoch 41, 1300 / 1875] FPS: 63.1 (207.1)  ,  DataTime: 0.358 (0.012)  ,  ForwardTime: 0.137  ,  TotalTime: 0.507  ,  Loss/total: 3.45382  ,  Loss/ce: 3.42049  ,  IoU: 0.77839  ,  pro_loss: 0.16666
[train: Epoch 41, 1350 / 1875] FPS: 63.2 (204.4)  ,  DataTime: 0.357 (0.012)  ,  ForwardTime: 0.137  ,  TotalTime: 0.506  ,  Loss/total: 3.45221  ,  Loss/ce: 3.41887  ,  IoU: 0.77878  ,  pro_loss: 0.16666
[train: Epoch 41, 1400 / 1875] FPS: 63.4 (206.7)  ,  DataTime: 0.356 (0.012)  ,  ForwardTime: 0.137  ,  TotalTime: 0.505  ,  Loss/total: 3.45213  ,  Loss/ce: 3.41880  ,  IoU: 0.77890  ,  pro_loss: 0.16666
[train: Epoch 41, 1450 / 1875] FPS: 63.4 (83.3)  ,  DataTime: 0.356 (0.012)  ,  ForwardTime: 0.137  ,  TotalTime: 0.505  ,  Loss/total: 3.45240  ,  Loss/ce: 3.41906  ,  IoU: 0.77894  ,  pro_loss: 0.16666
[train: Epoch 41, 1500 / 1875] FPS: 63.2 (29.0)  ,  DataTime: 0.357 (0.012)  ,  ForwardTime: 0.137  ,  TotalTime: 0.506  ,  Loss/total: 3.45236  ,  Loss/ce: 3.41903  ,  IoU: 0.77909  ,  pro_loss: 0.16666
[train: Epoch 41, 1550 / 1875] FPS: 63.4 (205.8)  ,  DataTime: 0.356 (0.012)  ,  ForwardTime: 0.137  ,  TotalTime: 0.505  ,  Loss/total: 3.45240  ,  Loss/ce: 3.41907  ,  IoU: 0.77920  ,  pro_loss: 0.16666
[train: Epoch 41, 1600 / 1875] FPS: 63.4 (198.2)  ,  DataTime: 0.355 (0.012)  ,  ForwardTime: 0.137  ,  TotalTime: 0.504  ,  Loss/total: 3.45213  ,  Loss/ce: 3.41880  ,  IoU: 0.77932  ,  pro_loss: 0.16666
[train: Epoch 41, 1650 / 1875] FPS: 63.8 (88.0)  ,  DataTime: 0.353 (0.012)  ,  ForwardTime: 0.137  ,  TotalTime: 0.502  ,  Loss/total: 3.45196  ,  Loss/ce: 3.41863  ,  IoU: 0.77938  ,  pro_loss: 0.16666
[train: Epoch 41, 1700 / 1875] FPS: 63.9 (208.2)  ,  DataTime: 0.352 (0.012)  ,  ForwardTime: 0.137  ,  TotalTime: 0.501  ,  Loss/total: 3.45150  ,  Loss/ce: 3.41817  ,  IoU: 0.77935  ,  pro_loss: 0.16666
[train: Epoch 41, 1750 / 1875] FPS: 63.9 (13.0)  ,  DataTime: 0.352 (0.012)  ,  ForwardTime: 0.137  ,  TotalTime: 0.501  ,  Loss/total: 3.45115  ,  Loss/ce: 3.41782  ,  IoU: 0.77941  ,  pro_loss: 0.16666
[train: Epoch 41, 1800 / 1875] FPS: 64.0 (203.5)  ,  DataTime: 0.351 (0.012)  ,  ForwardTime: 0.137  ,  TotalTime: 0.500  ,  Loss/total: 3.45144  ,  Loss/ce: 3.41811  ,  IoU: 0.77938  ,  pro_loss: 0.16666
[train: Epoch 41, 1850 / 1875] FPS: 64.2 (16.3)  ,  DataTime: 0.349 (0.012)  ,  ForwardTime: 0.137  ,  TotalTime: 0.498  ,  Loss/total: 3.45097  ,  Loss/ce: 3.41764  ,  IoU: 0.77946  ,  pro_loss: 0.16666
[train: Epoch 41, 1875 / 1875] FPS: 64.6 (208.6)  ,  DataTime: 0.347 (0.012)  ,  ForwardTime: 0.137  ,  TotalTime: 0.496  ,  Loss/total: 3.45067  ,  Loss/ce: 3.41734  ,  IoU: 0.77954  ,  pro_loss: 0.16666
[train: Epoch 42, 50 / 1875] FPS: 63.6 (203.9)  ,  DataTime: 0.354 (0.012)  ,  ForwardTime: 0.137  ,  TotalTime: 0.503  ,  Loss/total: 3.44009  ,  Loss/ce: 3.40676  ,  IoU: 0.78343  ,  pro_loss: 0.16665
[train: Epoch 42, 100 / 1875] FPS: 64.3 (199.7)  ,  DataTime: 0.348 (0.012)  ,  ForwardTime: 0.137  ,  TotalTime: 0.497  ,  Loss/total: 3.44136  ,  Loss/ce: 3.40803  ,  IoU: 0.78205  ,  pro_loss: 0.16666
[train: Epoch 42, 150 / 1875] FPS: 65.3 (209.5)  ,  DataTime: 0.341 (0.012)  ,  ForwardTime: 0.137  ,  TotalTime: 0.490  ,  Loss/total: 3.43569  ,  Loss/ce: 3.40236  ,  IoU: 0.78318  ,  pro_loss: 0.16667
[train: Epoch 42, 200 / 1875] FPS: 64.9 (8.8)  ,  DataTime: 0.344 (0.012)  ,  ForwardTime: 0.137  ,  TotalTime: 0.493  ,  Loss/total: 3.43934  ,  Loss/ce: 3.40601  ,  IoU: 0.78257  ,  pro_loss: 0.16665
[train: Epoch 42, 250 / 1875] FPS: 66.8 (207.2)  ,  DataTime: 0.330 (0.012)  ,  ForwardTime: 0.137  ,  TotalTime: 0.479  ,  Loss/total: 3.43993  ,  Loss/ce: 3.40660  ,  IoU: 0.78224  ,  pro_loss: 0.16665
[train: Epoch 42, 300 / 1875] FPS: 68.3 (38.5)  ,  DataTime: 0.320 (0.012)  ,  ForwardTime: 0.137  ,  TotalTime: 0.468  ,  Loss/total: 3.43662  ,  Loss/ce: 3.40329  ,  IoU: 0.78301  ,  pro_loss: 0.16666
[train: Epoch 42, 350 / 1875] FPS: 68.2 (204.8)  ,  DataTime: 0.320 (0.012)  ,  ForwardTime: 0.137  ,  TotalTime: 0.469  ,  Loss/total: 3.43465  ,  Loss/ce: 3.40132  ,  IoU: 0.78351  ,  pro_loss: 0.16666
[train: Epoch 42, 400 / 1875] FPS: 68.9 (20.1)  ,  DataTime: 0.316 (0.012)  ,  ForwardTime: 0.137  ,  TotalTime: 0.465  ,  Loss/total: 3.43762  ,  Loss/ce: 3.40428  ,  IoU: 0.78265  ,  pro_loss: 0.16667
[train: Epoch 42, 450 / 1875] FPS: 68.8 (203.0)  ,  DataTime: 0.317 (0.012)  ,  ForwardTime: 0.137  ,  TotalTime: 0.465  ,  Loss/total: 3.44296  ,  Loss/ce: 3.40962  ,  IoU: 0.78212  ,  pro_loss: 0.16667
[train: Epoch 42, 500 / 1875] FPS: 69.0 (202.2)  ,  DataTime: 0.315 (0.012)  ,  ForwardTime: 0.137  ,  TotalTime: 0.464  ,  Loss/total: 3.44126  ,  Loss/ce: 3.40792  ,  IoU: 0.78240  ,  pro_loss: 0.16667
[train: Epoch 42, 550 / 1875] FPS: 69.0 (207.2)  ,  DataTime: 0.315 (0.012)  ,  ForwardTime: 0.137  ,  TotalTime: 0.464  ,  Loss/total: 3.44036  ,  Loss/ce: 3.40703  ,  IoU: 0.78304  ,  pro_loss: 0.16667
[train: Epoch 42, 600 / 1875] FPS: 69.7 (201.2)  ,  DataTime: 0.311 (0.012)  ,  ForwardTime: 0.137  ,  TotalTime: 0.459  ,  Loss/total: 3.44292  ,  Loss/ce: 3.40959  ,  IoU: 0.78265  ,  pro_loss: 0.16667
[train: Epoch 42, 650 / 1875] FPS: 69.8 (207.5)  ,  DataTime: 0.310 (0.012)  ,  ForwardTime: 0.137  ,  TotalTime: 0.458  ,  Loss/total: 3.44145  ,  Loss/ce: 3.40811  ,  IoU: 0.78285  ,  pro_loss: 0.16667
[train: Epoch 42, 700 / 1875] FPS: 69.9 (80.0)  ,  DataTime: 0.309 (0.012)  ,  ForwardTime: 0.137  ,  TotalTime: 0.458  ,  Loss/total: 3.44174  ,  Loss/ce: 3.40841  ,  IoU: 0.78269  ,  pro_loss: 0.16667
[train: Epoch 42, 750 / 1875] FPS: 69.5 (201.2)  ,  DataTime: 0.312 (0.012)  ,  ForwardTime: 0.137  ,  TotalTime: 0.461  ,  Loss/total: 3.44328  ,  Loss/ce: 3.40994  ,  IoU: 0.78232  ,  pro_loss: 0.16667
[train: Epoch 42, 800 / 1875] FPS: 69.3 (202.1)  ,  DataTime: 0.313 (0.012)  ,  ForwardTime: 0.137  ,  TotalTime: 0.462  ,  Loss/total: 3.44048  ,  Loss/ce: 3.40714  ,  IoU: 0.78320  ,  pro_loss: 0.16667
[train: Epoch 42, 850 / 1875] FPS: 68.9 (201.4)  ,  DataTime: 0.316 (0.012)  ,  ForwardTime: 0.137  ,  TotalTime: 0.464  ,  Loss/total: 3.44092  ,  Loss/ce: 3.40759  ,  IoU: 0.78315  ,  pro_loss: 0.16667
[train: Epoch 42, 900 / 1875] FPS: 68.1 (13.8)  ,  DataTime: 0.321 (0.012)  ,  ForwardTime: 0.137  ,  TotalTime: 0.470  ,  Loss/total: 3.44135  ,  Loss/ce: 3.40802  ,  IoU: 0.78310  ,  pro_loss: 0.16667
[train: Epoch 42, 950 / 1875] FPS: 67.4 (208.2)  ,  DataTime: 0.326 (0.012)  ,  ForwardTime: 0.137  ,  TotalTime: 0.475  ,  Loss/total: 3.43933  ,  Loss/ce: 3.40599  ,  IoU: 0.78339  ,  pro_loss: 0.16667
[train: Epoch 42, 1000 / 1875] FPS: 67.2 (205.6)  ,  DataTime: 0.328 (0.012)  ,  ForwardTime: 0.137  ,  TotalTime: 0.476  ,  Loss/total: 3.43794  ,  Loss/ce: 3.40461  ,  IoU: 0.78336  ,  pro_loss: 0.16667
[train: Epoch 42, 1050 / 1875] FPS: 66.7 (206.1)  ,  DataTime: 0.331 (0.012)  ,  ForwardTime: 0.137  ,  TotalTime: 0.479  ,  Loss/total: 3.43767  ,  Loss/ce: 3.40434  ,  IoU: 0.78354  ,  pro_loss: 0.16667
[train: Epoch 42, 1100 / 1875] FPS: 66.4 (207.3)  ,  DataTime: 0.333 (0.012)  ,  ForwardTime: 0.137  ,  TotalTime: 0.482  ,  Loss/total: 3.43717  ,  Loss/ce: 3.40384  ,  IoU: 0.78365  ,  pro_loss: 0.16667
[train: Epoch 42, 1150 / 1875] FPS: 66.3 (205.6)  ,  DataTime: 0.333 (0.012)  ,  ForwardTime: 0.137  ,  TotalTime: 0.482  ,  Loss/total: 3.43606  ,  Loss/ce: 3.40272  ,  IoU: 0.78369  ,  pro_loss: 0.16666
[train: Epoch 42, 1200 / 1875] FPS: 66.0 (21.1)  ,  DataTime: 0.336 (0.012)  ,  ForwardTime: 0.137  ,  TotalTime: 0.485  ,  Loss/total: 3.43622  ,  Loss/ce: 3.40289  ,  IoU: 0.78394  ,  pro_loss: 0.16666
[train: Epoch 42, 1250 / 1875] FPS: 65.6 (204.6)  ,  DataTime: 0.339 (0.012)  ,  ForwardTime: 0.137  ,  TotalTime: 0.488  ,  Loss/total: 3.43715  ,  Loss/ce: 3.40382  ,  IoU: 0.78371  ,  pro_loss: 0.16666
[train: Epoch 42, 1300 / 1875] FPS: 65.6 (202.6)  ,  DataTime: 0.339 (0.012)  ,  ForwardTime: 0.137  ,  TotalTime: 0.488  ,  Loss/total: 3.43764  ,  Loss/ce: 3.40431  ,  IoU: 0.78358  ,  pro_loss: 0.16666
[train: Epoch 42, 1350 / 1875] FPS: 65.3 (16.2)  ,  DataTime: 0.341 (0.012)  ,  ForwardTime: 0.137  ,  TotalTime: 0.490  ,  Loss/total: 3.43702  ,  Loss/ce: 3.40369  ,  IoU: 0.78352  ,  pro_loss: 0.16666
[train: Epoch 42, 1400 / 1875] FPS: 65.2 (197.9)  ,  DataTime: 0.342 (0.012)  ,  ForwardTime: 0.137  ,  TotalTime: 0.491  ,  Loss/total: 3.43692  ,  Loss/ce: 3.40358  ,  IoU: 0.78344  ,  pro_loss: 0.16666
[train: Epoch 42, 1450 / 1875] FPS: 64.8 (206.6)  ,  DataTime: 0.345 (0.012)  ,  ForwardTime: 0.137  ,  TotalTime: 0.493  ,  Loss/total: 3.43681  ,  Loss/ce: 3.40348  ,  IoU: 0.78349  ,  pro_loss: 0.16666
[train: Epoch 42, 1500 / 1875] FPS: 64.7 (200.2)  ,  DataTime: 0.345 (0.012)  ,  ForwardTime: 0.137  ,  TotalTime: 0.494  ,  Loss/total: 3.43726  ,  Loss/ce: 3.40393  ,  IoU: 0.78358  ,  pro_loss: 0.16666
[train: Epoch 42, 1550 / 1875] FPS: 64.5 (206.0)  ,  DataTime: 0.347 (0.012)  ,  ForwardTime: 0.137  ,  TotalTime: 0.496  ,  Loss/total: 3.43719  ,  Loss/ce: 3.40385  ,  IoU: 0.78349  ,  pro_loss: 0.16666
[train: Epoch 42, 1600 / 1875] FPS: 64.4 (208.2)  ,  DataTime: 0.348 (0.012)  ,  ForwardTime: 0.137  ,  TotalTime: 0.497  ,  Loss/total: 3.43556  ,  Loss/ce: 3.40223  ,  IoU: 0.78394  ,  pro_loss: 0.16666
[train: Epoch 42, 1650 / 1875] FPS: 64.2 (205.2)  ,  DataTime: 0.349 (0.012)  ,  ForwardTime: 0.137  ,  TotalTime: 0.498  ,  Loss/total: 3.43582  ,  Loss/ce: 3.40249  ,  IoU: 0.78389  ,  pro_loss: 0.16666
[train: Epoch 42, 1700 / 1875] FPS: 64.2 (38.0)  ,  DataTime: 0.350 (0.012)  ,  ForwardTime: 0.137  ,  TotalTime: 0.498  ,  Loss/total: 3.43586  ,  Loss/ce: 3.40252  ,  IoU: 0.78390  ,  pro_loss: 0.16666
[train: Epoch 42, 1750 / 1875] FPS: 64.2 (206.4)  ,  DataTime: 0.350 (0.012)  ,  ForwardTime: 0.137  ,  TotalTime: 0.499  ,  Loss/total: 3.43655  ,  Loss/ce: 3.40322  ,  IoU: 0.78374  ,  pro_loss: 0.16666
[train: Epoch 42, 1800 / 1875] FPS: 64.2 (205.4)  ,  DataTime: 0.350 (0.012)  ,  ForwardTime: 0.137  ,  TotalTime: 0.499  ,  Loss/total: 3.43658  ,  Loss/ce: 3.40325  ,  IoU: 0.78375  ,  pro_loss: 0.16666
[train: Epoch 42, 1850 / 1875] FPS: 63.9 (199.2)  ,  DataTime: 0.352 (0.012)  ,  ForwardTime: 0.137  ,  TotalTime: 0.501  ,  Loss/total: 3.43688  ,  Loss/ce: 3.40355  ,  IoU: 0.78364  ,  pro_loss: 0.16666
[train: Epoch 42, 1875 / 1875] FPS: 64.0 (208.0)  ,  DataTime: 0.352 (0.012)  ,  ForwardTime: 0.137  ,  TotalTime: 0.500  ,  Loss/total: 3.43703  ,  Loss/ce: 3.40370  ,  IoU: 0.78358  ,  pro_loss: 0.16666
[train: Epoch 43, 50 / 1875] FPS: 51.2 (205.4)  ,  DataTime: 0.475 (0.013)  ,  ForwardTime: 0.137  ,  TotalTime: 0.625  ,  Loss/total: 3.41709  ,  Loss/ce: 3.38376  ,  IoU: 0.78429  ,  pro_loss: 0.16666
[train: Epoch 43, 100 / 1875] FPS: 55.6 (201.2)  ,  DataTime: 0.426 (0.013)  ,  ForwardTime: 0.137  ,  TotalTime: 0.575  ,  Loss/total: 3.43869  ,  Loss/ce: 3.40536  ,  IoU: 0.78340  ,  pro_loss: 0.16665
[train: Epoch 43, 150 / 1875] FPS: 57.6 (202.9)  ,  DataTime: 0.406 (0.013)  ,  ForwardTime: 0.137  ,  TotalTime: 0.555  ,  Loss/total: 3.43675  ,  Loss/ce: 3.40342  ,  IoU: 0.78335  ,  pro_loss: 0.16667
[train: Epoch 43, 200 / 1875] FPS: 58.4 (198.0)  ,  DataTime: 0.399 (0.013)  ,  ForwardTime: 0.137  ,  TotalTime: 0.548  ,  Loss/total: 3.44009  ,  Loss/ce: 3.40675  ,  IoU: 0.78220  ,  pro_loss: 0.16667
[train: Epoch 43, 250 / 1875] FPS: 57.5 (204.3)  ,  DataTime: 0.407 (0.012)  ,  ForwardTime: 0.137  ,  TotalTime: 0.556  ,  Loss/total: 3.44180  ,  Loss/ce: 3.40847  ,  IoU: 0.78146  ,  pro_loss: 0.16667
[train: Epoch 43, 300 / 1875] FPS: 58.6 (204.0)  ,  DataTime: 0.397 (0.012)  ,  ForwardTime: 0.137  ,  TotalTime: 0.546  ,  Loss/total: 3.44132  ,  Loss/ce: 3.40799  ,  IoU: 0.78231  ,  pro_loss: 0.16666
[train: Epoch 43, 350 / 1875] FPS: 58.3 (12.5)  ,  DataTime: 0.400 (0.012)  ,  ForwardTime: 0.137  ,  TotalTime: 0.549  ,  Loss/total: 3.43828  ,  Loss/ce: 3.40495  ,  IoU: 0.78262  ,  pro_loss: 0.16663
[train: Epoch 43, 400 / 1875] FPS: 58.7 (205.4)  ,  DataTime: 0.396 (0.012)  ,  ForwardTime: 0.137  ,  TotalTime: 0.545  ,  Loss/total: 3.43623  ,  Loss/ce: 3.40290  ,  IoU: 0.78259  ,  pro_loss: 0.16664
[train: Epoch 43, 450 / 1875] FPS: 59.1 (205.4)  ,  DataTime: 0.393 (0.012)  ,  ForwardTime: 0.137  ,  TotalTime: 0.542  ,  Loss/total: 3.43614  ,  Loss/ce: 3.40281  ,  IoU: 0.78247  ,  pro_loss: 0.16663
[train: Epoch 43, 500 / 1875] FPS: 59.5 (206.8)  ,  DataTime: 0.389 (0.012)  ,  ForwardTime: 0.137  ,  TotalTime: 0.538  ,  Loss/total: 3.43779  ,  Loss/ce: 3.40447  ,  IoU: 0.78260  ,  pro_loss: 0.16664
[train: Epoch 43, 550 / 1875] FPS: 59.2 (205.4)  ,  DataTime: 0.392 (0.012)  ,  ForwardTime: 0.137  ,  TotalTime: 0.540  ,  Loss/total: 3.43529  ,  Loss/ce: 3.40196  ,  IoU: 0.78297  ,  pro_loss: 0.16663
[train: Epoch 43, 600 / 1875] FPS: 59.7 (201.5)  ,  DataTime: 0.387 (0.012)  ,  ForwardTime: 0.137  ,  TotalTime: 0.536  ,  Loss/total: 3.43432  ,  Loss/ce: 3.40099  ,  IoU: 0.78303  ,  pro_loss: 0.16664
[train: Epoch 43, 650 / 1875] FPS: 60.0 (201.2)  ,  DataTime: 0.384 (0.012)  ,  ForwardTime: 0.137  ,  TotalTime: 0.533  ,  Loss/total: 3.43160  ,  Loss/ce: 3.39827  ,  IoU: 0.78354  ,  pro_loss: 0.16664
[train: Epoch 43, 700 / 1875] FPS: 60.4 (202.8)  ,  DataTime: 0.381 (0.012)  ,  ForwardTime: 0.137  ,  TotalTime: 0.530  ,  Loss/total: 3.43212  ,  Loss/ce: 3.39879  ,  IoU: 0.78324  ,  pro_loss: 0.16665
[train: Epoch 43, 750 / 1875] FPS: 60.2 (9.6)  ,  DataTime: 0.383 (0.012)  ,  ForwardTime: 0.137  ,  TotalTime: 0.532  ,  Loss/total: 3.43155  ,  Loss/ce: 3.39822  ,  IoU: 0.78336  ,  pro_loss: 0.16665
[train: Epoch 43, 800 / 1875] FPS: 60.4 (199.4)  ,  DataTime: 0.381 (0.012)  ,  ForwardTime: 0.137  ,  TotalTime: 0.529  ,  Loss/total: 3.43152  ,  Loss/ce: 3.39819  ,  IoU: 0.78352  ,  pro_loss: 0.16666
[train: Epoch 43, 850 / 1875] FPS: 60.8 (205.4)  ,  DataTime: 0.377 (0.012)  ,  ForwardTime: 0.137  ,  TotalTime: 0.526  ,  Loss/total: 3.43138  ,  Loss/ce: 3.39805  ,  IoU: 0.78354  ,  pro_loss: 0.16666
[train: Epoch 43, 900 / 1875] FPS: 61.0 (14.0)  ,  DataTime: 0.376 (0.012)  ,  ForwardTime: 0.137  ,  TotalTime: 0.525  ,  Loss/total: 3.43145  ,  Loss/ce: 3.39812  ,  IoU: 0.78364  ,  pro_loss: 0.16666
[train: Epoch 43, 950 / 1875] FPS: 61.1 (203.8)  ,  DataTime: 0.375 (0.012)  ,  ForwardTime: 0.137  ,  TotalTime: 0.524  ,  Loss/total: 3.43034  ,  Loss/ce: 3.39701  ,  IoU: 0.78360  ,  pro_loss: 0.16666
[train: Epoch 43, 1000 / 1875] FPS: 61.0 (208.2)  ,  DataTime: 0.376 (0.012)  ,  ForwardTime: 0.137  ,  TotalTime: 0.525  ,  Loss/total: 3.43191  ,  Loss/ce: 3.39857  ,  IoU: 0.78332  ,  pro_loss: 0.16666
[train: Epoch 43, 1050 / 1875] FPS: 61.4 (206.1)  ,  DataTime: 0.373 (0.012)  ,  ForwardTime: 0.137  ,  TotalTime: 0.522  ,  Loss/total: 3.43037  ,  Loss/ce: 3.39704  ,  IoU: 0.78341  ,  pro_loss: 0.16666
[train: Epoch 43, 1100 / 1875] FPS: 61.3 (206.9)  ,  DataTime: 0.373 (0.012)  ,  ForwardTime: 0.137  ,  TotalTime: 0.522  ,  Loss/total: 3.43194  ,  Loss/ce: 3.39861  ,  IoU: 0.78316  ,  pro_loss: 0.16666
[train: Epoch 43, 1150 / 1875] FPS: 61.3 (203.5)  ,  DataTime: 0.373 (0.012)  ,  ForwardTime: 0.137  ,  TotalTime: 0.522  ,  Loss/total: 3.43190  ,  Loss/ce: 3.39856  ,  IoU: 0.78313  ,  pro_loss: 0.16666
[train: Epoch 43, 1200 / 1875] FPS: 61.5 (205.7)  ,  DataTime: 0.372 (0.012)  ,  ForwardTime: 0.137  ,  TotalTime: 0.520  ,  Loss/total: 3.43172  ,  Loss/ce: 3.39839  ,  IoU: 0.78318  ,  pro_loss: 0.16666
[train: Epoch 43, 1250 / 1875] FPS: 61.8 (205.0)  ,  DataTime: 0.369 (0.012)  ,  ForwardTime: 0.137  ,  TotalTime: 0.518  ,  Loss/total: 3.43227  ,  Loss/ce: 3.39893  ,  IoU: 0.78304  ,  pro_loss: 0.16666
[train: Epoch 43, 1300 / 1875] FPS: 61.9 (204.3)  ,  DataTime: 0.368 (0.012)  ,  ForwardTime: 0.137  ,  TotalTime: 0.517  ,  Loss/total: 3.43209  ,  Loss/ce: 3.39876  ,  IoU: 0.78304  ,  pro_loss: 0.16666
[train: Epoch 43, 1350 / 1875] FPS: 61.8 (198.5)  ,  DataTime: 0.369 (0.012)  ,  ForwardTime: 0.137  ,  TotalTime: 0.518  ,  Loss/total: 3.43278  ,  Loss/ce: 3.39945  ,  IoU: 0.78265  ,  pro_loss: 0.16666
[train: Epoch 43, 1400 / 1875] FPS: 61.9 (17.1)  ,  DataTime: 0.368 (0.012)  ,  ForwardTime: 0.137  ,  TotalTime: 0.517  ,  Loss/total: 3.43294  ,  Loss/ce: 3.39961  ,  IoU: 0.78266  ,  pro_loss: 0.16666
[train: Epoch 43, 1450 / 1875] FPS: 61.9 (204.3)  ,  DataTime: 0.368 (0.012)  ,  ForwardTime: 0.137  ,  TotalTime: 0.517  ,  Loss/total: 3.43332  ,  Loss/ce: 3.39999  ,  IoU: 0.78255  ,  pro_loss: 0.16666
[train: Epoch 43, 1500 / 1875] FPS: 62.3 (202.0)  ,  DataTime: 0.365 (0.012)  ,  ForwardTime: 0.137  ,  TotalTime: 0.514  ,  Loss/total: 3.43353  ,  Loss/ce: 3.40019  ,  IoU: 0.78265  ,  pro_loss: 0.16666
[train: Epoch 43, 1550 / 1875] FPS: 62.4 (202.4)  ,  DataTime: 0.364 (0.012)  ,  ForwardTime: 0.137  ,  TotalTime: 0.513  ,  Loss/total: 3.43375  ,  Loss/ce: 3.40042  ,  IoU: 0.78272  ,  pro_loss: 0.16666
[train: Epoch 43, 1600 / 1875] FPS: 62.5 (30.4)  ,  DataTime: 0.363 (0.012)  ,  ForwardTime: 0.137  ,  TotalTime: 0.512  ,  Loss/total: 3.43321  ,  Loss/ce: 3.39988  ,  IoU: 0.78276  ,  pro_loss: 0.16666
[train: Epoch 43, 1650 / 1875] FPS: 62.5 (203.9)  ,  DataTime: 0.363 (0.012)  ,  ForwardTime: 0.137  ,  TotalTime: 0.512  ,  Loss/total: 3.43297  ,  Loss/ce: 3.39964  ,  IoU: 0.78270  ,  pro_loss: 0.16666
[train: Epoch 43, 1700 / 1875] FPS: 62.8 (83.7)  ,  DataTime: 0.361 (0.012)  ,  ForwardTime: 0.137  ,  TotalTime: 0.510  ,  Loss/total: 3.43333  ,  Loss/ce: 3.39999  ,  IoU: 0.78247  ,  pro_loss: 0.16666
[train: Epoch 43, 1750 / 1875] FPS: 62.8 (208.3)  ,  DataTime: 0.361 (0.012)  ,  ForwardTime: 0.137  ,  TotalTime: 0.510  ,  Loss/total: 3.43397  ,  Loss/ce: 3.40064  ,  IoU: 0.78233  ,  pro_loss: 0.16666
[train: Epoch 43, 1800 / 1875] FPS: 62.7 (204.7)  ,  DataTime: 0.361 (0.012)  ,  ForwardTime: 0.137  ,  TotalTime: 0.510  ,  Loss/total: 3.43369  ,  Loss/ce: 3.40036  ,  IoU: 0.78245  ,  pro_loss: 0.16666
[train: Epoch 43, 1850 / 1875] FPS: 62.9 (206.3)  ,  DataTime: 0.360 (0.012)  ,  ForwardTime: 0.137  ,  TotalTime: 0.509  ,  Loss/total: 3.43295  ,  Loss/ce: 3.39961  ,  IoU: 0.78256  ,  pro_loss: 0.16666
[train: Epoch 43, 1875 / 1875] FPS: 63.1 (208.6)  ,  DataTime: 0.358 (0.012)  ,  ForwardTime: 0.137  ,  TotalTime: 0.507  ,  Loss/total: 3.43317  ,  Loss/ce: 3.39984  ,  IoU: 0.78253  ,  pro_loss: 0.16666
[train: Epoch 44, 50 / 1875] FPS: 55.6 (208.8)  ,  DataTime: 0.425 (0.012)  ,  ForwardTime: 0.138  ,  TotalTime: 0.575  ,  Loss/total: 3.43113  ,  Loss/ce: 3.39780  ,  IoU: 0.77913  ,  pro_loss: 0.16661
[train: Epoch 44, 100 / 1875] FPS: 62.2 (204.7)  ,  DataTime: 0.365 (0.012)  ,  ForwardTime: 0.137  ,  TotalTime: 0.514  ,  Loss/total: 3.42427  ,  Loss/ce: 3.39094  ,  IoU: 0.78417  ,  pro_loss: 0.16664
[train: Epoch 44, 150 / 1875] FPS: 63.5 (198.7)  ,  DataTime: 0.355 (0.012)  ,  ForwardTime: 0.137  ,  TotalTime: 0.504  ,  Loss/total: 3.42592  ,  Loss/ce: 3.39259  ,  IoU: 0.78367  ,  pro_loss: 0.16665
[train: Epoch 44, 200 / 1875] FPS: 63.1 (14.0)  ,  DataTime: 0.358 (0.012)  ,  ForwardTime: 0.137  ,  TotalTime: 0.507  ,  Loss/total: 3.43023  ,  Loss/ce: 3.39690  ,  IoU: 0.78327  ,  pro_loss: 0.16665
[train: Epoch 44, 250 / 1875] FPS: 64.9 (29.0)  ,  DataTime: 0.344 (0.012)  ,  ForwardTime: 0.137  ,  TotalTime: 0.493  ,  Loss/total: 3.42849  ,  Loss/ce: 3.39516  ,  IoU: 0.78394  ,  pro_loss: 0.16665
[train: Epoch 44, 300 / 1875] FPS: 65.9 (207.9)  ,  DataTime: 0.337 (0.012)  ,  ForwardTime: 0.137  ,  TotalTime: 0.486  ,  Loss/total: 3.42645  ,  Loss/ce: 3.39312  ,  IoU: 0.78424  ,  pro_loss: 0.16665
[train: Epoch 44, 350 / 1875] FPS: 64.6 (204.5)  ,  DataTime: 0.346 (0.012)  ,  ForwardTime: 0.137  ,  TotalTime: 0.495  ,  Loss/total: 3.43076  ,  Loss/ce: 3.39743  ,  IoU: 0.78300  ,  pro_loss: 0.16665
[train: Epoch 44, 400 / 1875] FPS: 62.2 (83.5)  ,  DataTime: 0.365 (0.012)  ,  ForwardTime: 0.137  ,  TotalTime: 0.514  ,  Loss/total: 3.42761  ,  Loss/ce: 3.39428  ,  IoU: 0.78399  ,  pro_loss: 0.16666
[train: Epoch 44, 450 / 1875] FPS: 62.4 (101.8)  ,  DataTime: 0.364 (0.012)  ,  ForwardTime: 0.137  ,  TotalTime: 0.513  ,  Loss/total: 3.42972  ,  Loss/ce: 3.39639  ,  IoU: 0.78385  ,  pro_loss: 0.16666
[train: Epoch 44, 500 / 1875] FPS: 61.8 (204.9)  ,  DataTime: 0.369 (0.012)  ,  ForwardTime: 0.137  ,  TotalTime: 0.518  ,  Loss/total: 3.42991  ,  Loss/ce: 3.39658  ,  IoU: 0.78380  ,  pro_loss: 0.16666
[train: Epoch 44, 550 / 1875] FPS: 61.5 (39.1)  ,  DataTime: 0.372 (0.012)  ,  ForwardTime: 0.137  ,  TotalTime: 0.520  ,  Loss/total: 3.43037  ,  Loss/ce: 3.39704  ,  IoU: 0.78381  ,  pro_loss: 0.16665
[train: Epoch 44, 600 / 1875] FPS: 61.1 (199.7)  ,  DataTime: 0.375 (0.012)  ,  ForwardTime: 0.137  ,  TotalTime: 0.524  ,  Loss/total: 3.42965  ,  Loss/ce: 3.39631  ,  IoU: 0.78415  ,  pro_loss: 0.16667
[train: Epoch 44, 650 / 1875] FPS: 60.1 (24.0)  ,  DataTime: 0.383 (0.012)  ,  ForwardTime: 0.137  ,  TotalTime: 0.532  ,  Loss/total: 3.43025  ,  Loss/ce: 3.39692  ,  IoU: 0.78402  ,  pro_loss: 0.16667
[train: Epoch 44, 700 / 1875] FPS: 60.4 (17.1)  ,  DataTime: 0.381 (0.012)  ,  ForwardTime: 0.137  ,  TotalTime: 0.530  ,  Loss/total: 3.43086  ,  Loss/ce: 3.39753  ,  IoU: 0.78369  ,  pro_loss: 0.16667
[train: Epoch 44, 750 / 1875] FPS: 60.7 (205.0)  ,  DataTime: 0.378 (0.012)  ,  ForwardTime: 0.137  ,  TotalTime: 0.527  ,  Loss/total: 3.43114  ,  Loss/ce: 3.39780  ,  IoU: 0.78361  ,  pro_loss: 0.16668
[train: Epoch 44, 800 / 1875] FPS: 60.9 (202.3)  ,  DataTime: 0.377 (0.012)  ,  ForwardTime: 0.137  ,  TotalTime: 0.526  ,  Loss/total: 3.43248  ,  Loss/ce: 3.39915  ,  IoU: 0.78322  ,  pro_loss: 0.16668
[train: Epoch 44, 850 / 1875] FPS: 60.6 (204.9)  ,  DataTime: 0.380 (0.012)  ,  ForwardTime: 0.137  ,  TotalTime: 0.528  ,  Loss/total: 3.43248  ,  Loss/ce: 3.39914  ,  IoU: 0.78343  ,  pro_loss: 0.16668
[train: Epoch 44, 900 / 1875] FPS: 60.8 (203.9)  ,  DataTime: 0.378 (0.012)  ,  ForwardTime: 0.137  ,  TotalTime: 0.527  ,  Loss/total: 3.43226  ,  Loss/ce: 3.39893  ,  IoU: 0.78328  ,  pro_loss: 0.16667
[train: Epoch 44, 950 / 1875] FPS: 60.5 (13.7)  ,  DataTime: 0.380 (0.012)  ,  ForwardTime: 0.137  ,  TotalTime: 0.529  ,  Loss/total: 3.43313  ,  Loss/ce: 3.39980  ,  IoU: 0.78311  ,  pro_loss: 0.16667
[train: Epoch 44, 1000 / 1875] FPS: 60.4 (203.5)  ,  DataTime: 0.381 (0.012)  ,  ForwardTime: 0.137  ,  TotalTime: 0.530  ,  Loss/total: 3.43451  ,  Loss/ce: 3.40118  ,  IoU: 0.78274  ,  pro_loss: 0.16668
[train: Epoch 44, 1050 / 1875] FPS: 60.6 (207.8)  ,  DataTime: 0.379 (0.012)  ,  ForwardTime: 0.137  ,  TotalTime: 0.528  ,  Loss/total: 3.43382  ,  Loss/ce: 3.40049  ,  IoU: 0.78304  ,  pro_loss: 0.16668
[train: Epoch 44, 1100 / 1875] FPS: 60.7 (198.9)  ,  DataTime: 0.379 (0.012)  ,  ForwardTime: 0.137  ,  TotalTime: 0.527  ,  Loss/total: 3.43250  ,  Loss/ce: 3.39916  ,  IoU: 0.78337  ,  pro_loss: 0.16667
[train: Epoch 44, 1150 / 1875] FPS: 60.8 (202.9)  ,  DataTime: 0.378 (0.012)  ,  ForwardTime: 0.137  ,  TotalTime: 0.527  ,  Loss/total: 3.43220  ,  Loss/ce: 3.39886  ,  IoU: 0.78373  ,  pro_loss: 0.16668
[train: Epoch 44, 1200 / 1875] FPS: 60.8 (27.0)  ,  DataTime: 0.378 (0.012)  ,  ForwardTime: 0.137  ,  TotalTime: 0.527  ,  Loss/total: 3.43179  ,  Loss/ce: 3.39846  ,  IoU: 0.78368  ,  pro_loss: 0.16668
[train: Epoch 44, 1250 / 1875] FPS: 60.7 (199.2)  ,  DataTime: 0.378 (0.012)  ,  ForwardTime: 0.137  ,  TotalTime: 0.527  ,  Loss/total: 3.43150  ,  Loss/ce: 3.39817  ,  IoU: 0.78368  ,  pro_loss: 0.16668
[train: Epoch 44, 1300 / 1875] FPS: 61.0 (202.8)  ,  DataTime: 0.376 (0.012)  ,  ForwardTime: 0.137  ,  TotalTime: 0.525  ,  Loss/total: 3.43107  ,  Loss/ce: 3.39774  ,  IoU: 0.78392  ,  pro_loss: 0.16668
[train: Epoch 44, 1350 / 1875] FPS: 60.9 (10.3)  ,  DataTime: 0.377 (0.012)  ,  ForwardTime: 0.137  ,  TotalTime: 0.526  ,  Loss/total: 3.43183  ,  Loss/ce: 3.39849  ,  IoU: 0.78377  ,  pro_loss: 0.16668
[train: Epoch 44, 1400 / 1875] FPS: 60.9 (205.2)  ,  DataTime: 0.376 (0.012)  ,  ForwardTime: 0.137  ,  TotalTime: 0.525  ,  Loss/total: 3.43137  ,  Loss/ce: 3.39804  ,  IoU: 0.78385  ,  pro_loss: 0.16668
[train: Epoch 44, 1450 / 1875] FPS: 61.1 (200.6)  ,  DataTime: 0.375 (0.012)  ,  ForwardTime: 0.137  ,  TotalTime: 0.524  ,  Loss/total: 3.43180  ,  Loss/ce: 3.39847  ,  IoU: 0.78364  ,  pro_loss: 0.16667
[train: Epoch 44, 1500 / 1875] FPS: 61.1 (144.8)  ,  DataTime: 0.375 (0.012)  ,  ForwardTime: 0.137  ,  TotalTime: 0.524  ,  Loss/total: 3.43169  ,  Loss/ce: 3.39835  ,  IoU: 0.78364  ,  pro_loss: 0.16667
[train: Epoch 44, 1550 / 1875] FPS: 61.2 (202.6)  ,  DataTime: 0.374 (0.012)  ,  ForwardTime: 0.137  ,  TotalTime: 0.523  ,  Loss/total: 3.43137  ,  Loss/ce: 3.39804  ,  IoU: 0.78363  ,  pro_loss: 0.16667
[train: Epoch 44, 1600 / 1875] FPS: 60.9 (12.0)  ,  DataTime: 0.376 (0.012)  ,  ForwardTime: 0.137  ,  TotalTime: 0.525  ,  Loss/total: 3.43150  ,  Loss/ce: 3.39816  ,  IoU: 0.78356  ,  pro_loss: 0.16668
[train: Epoch 44, 1650 / 1875] FPS: 61.1 (202.9)  ,  DataTime: 0.375 (0.012)  ,  ForwardTime: 0.137  ,  TotalTime: 0.524  ,  Loss/total: 3.43114  ,  Loss/ce: 3.39780  ,  IoU: 0.78347  ,  pro_loss: 0.16668
[train: Epoch 44, 1700 / 1875] FPS: 61.0 (29.6)  ,  DataTime: 0.376 (0.012)  ,  ForwardTime: 0.137  ,  TotalTime: 0.525  ,  Loss/total: 3.43194  ,  Loss/ce: 3.39861  ,  IoU: 0.78322  ,  pro_loss: 0.16667
[train: Epoch 44, 1750 / 1875] FPS: 60.9 (199.9)  ,  DataTime: 0.376 (0.012)  ,  ForwardTime: 0.137  ,  TotalTime: 0.525  ,  Loss/total: 3.43173  ,  Loss/ce: 3.39840  ,  IoU: 0.78342  ,  pro_loss: 0.16667
[train: Epoch 44, 1800 / 1875] FPS: 61.0 (203.1)  ,  DataTime: 0.376 (0.012)  ,  ForwardTime: 0.137  ,  TotalTime: 0.525  ,  Loss/total: 3.43110  ,  Loss/ce: 3.39776  ,  IoU: 0.78355  ,  pro_loss: 0.16667
[train: Epoch 44, 1850 / 1875] FPS: 60.9 (74.6)  ,  DataTime: 0.376 (0.012)  ,  ForwardTime: 0.137  ,  TotalTime: 0.525  ,  Loss/total: 3.43118  ,  Loss/ce: 3.39785  ,  IoU: 0.78354  ,  pro_loss: 0.16667
[train: Epoch 44, 1875 / 1875] FPS: 61.0 (71.3)  ,  DataTime: 0.376 (0.012)  ,  ForwardTime: 0.137  ,  TotalTime: 0.525  ,  Loss/total: 3.43099  ,  Loss/ce: 3.39765  ,  IoU: 0.78365  ,  pro_loss: 0.16667
[train: Epoch 45, 50 / 1875] FPS: 48.5 (207.4)  ,  DataTime: 0.510 (0.012)  ,  ForwardTime: 0.137  ,  TotalTime: 0.659  ,  Loss/total: 3.43957  ,  Loss/ce: 3.40623  ,  IoU: 0.78093  ,  pro_loss: 0.16667
[train: Epoch 45, 100 / 1875] FPS: 54.4 (204.5)  ,  DataTime: 0.440 (0.012)  ,  ForwardTime: 0.137  ,  TotalTime: 0.589  ,  Loss/total: 3.43214  ,  Loss/ce: 3.39880  ,  IoU: 0.78271  ,  pro_loss: 0.16668
[train: Epoch 45, 150 / 1875] FPS: 58.0 (203.7)  ,  DataTime: 0.403 (0.012)  ,  ForwardTime: 0.137  ,  TotalTime: 0.552  ,  Loss/total: 3.43454  ,  Loss/ce: 3.40121  ,  IoU: 0.78387  ,  pro_loss: 0.16667
[train: Epoch 45, 200 / 1875] FPS: 59.0 (202.0)  ,  DataTime: 0.393 (0.012)  ,  ForwardTime: 0.137  ,  TotalTime: 0.542  ,  Loss/total: 3.43493  ,  Loss/ce: 3.40160  ,  IoU: 0.78416  ,  pro_loss: 0.16665
[train: Epoch 45, 250 / 1875] FPS: 58.3 (84.9)  ,  DataTime: 0.400 (0.012)  ,  ForwardTime: 0.137  ,  TotalTime: 0.549  ,  Loss/total: 3.43243  ,  Loss/ce: 3.39910  ,  IoU: 0.78418  ,  pro_loss: 0.16664
[train: Epoch 45, 300 / 1875] FPS: 59.1 (206.7)  ,  DataTime: 0.392 (0.012)  ,  ForwardTime: 0.137  ,  TotalTime: 0.541  ,  Loss/total: 3.43390  ,  Loss/ce: 3.40057  ,  IoU: 0.78397  ,  pro_loss: 0.16664
[train: Epoch 45, 350 / 1875] FPS: 59.6 (208.6)  ,  DataTime: 0.388 (0.012)  ,  ForwardTime: 0.137  ,  TotalTime: 0.537  ,  Loss/total: 3.42935  ,  Loss/ce: 3.39602  ,  IoU: 0.78504  ,  pro_loss: 0.16666
[train: Epoch 45, 400 / 1875] FPS: 60.4 (200.2)  ,  DataTime: 0.381 (0.012)  ,  ForwardTime: 0.137  ,  TotalTime: 0.530  ,  Loss/total: 3.42790  ,  Loss/ce: 3.39457  ,  IoU: 0.78462  ,  pro_loss: 0.16666
[train: Epoch 45, 450 / 1875] FPS: 60.2 (44.1)  ,  DataTime: 0.383 (0.012)  ,  ForwardTime: 0.137  ,  TotalTime: 0.532  ,  Loss/total: 3.42747  ,  Loss/ce: 3.39414  ,  IoU: 0.78451  ,  pro_loss: 0.16665
[train: Epoch 45, 500 / 1875] FPS: 60.2 (201.5)  ,  DataTime: 0.383 (0.012)  ,  ForwardTime: 0.137  ,  TotalTime: 0.531  ,  Loss/total: 3.42664  ,  Loss/ce: 3.39331  ,  IoU: 0.78512  ,  pro_loss: 0.16665
[train: Epoch 45, 550 / 1875] FPS: 60.3 (133.6)  ,  DataTime: 0.382 (0.012)  ,  ForwardTime: 0.137  ,  TotalTime: 0.530  ,  Loss/total: 3.42430  ,  Loss/ce: 3.39097  ,  IoU: 0.78568  ,  pro_loss: 0.16665
[train: Epoch 45, 600 / 1875] FPS: 60.4 (200.9)  ,  DataTime: 0.381 (0.012)  ,  ForwardTime: 0.137  ,  TotalTime: 0.529  ,  Loss/total: 3.42698  ,  Loss/ce: 3.39365  ,  IoU: 0.78527  ,  pro_loss: 0.16665
[train: Epoch 45, 650 / 1875] FPS: 60.0 (11.7)  ,  DataTime: 0.385 (0.012)  ,  ForwardTime: 0.137  ,  TotalTime: 0.534  ,  Loss/total: 3.42582  ,  Loss/ce: 3.39249  ,  IoU: 0.78560  ,  pro_loss: 0.16665
[train: Epoch 45, 700 / 1875] FPS: 60.3 (206.3)  ,  DataTime: 0.382 (0.012)  ,  ForwardTime: 0.137  ,  TotalTime: 0.531  ,  Loss/total: 3.42759  ,  Loss/ce: 3.39426  ,  IoU: 0.78521  ,  pro_loss: 0.16665
[train: Epoch 45, 750 / 1875] FPS: 60.1 (205.9)  ,  DataTime: 0.383 (0.012)  ,  ForwardTime: 0.137  ,  TotalTime: 0.532  ,  Loss/total: 3.42646  ,  Loss/ce: 3.39313  ,  IoU: 0.78555  ,  pro_loss: 0.16665
[train: Epoch 45, 800 / 1875] FPS: 60.3 (199.5)  ,  DataTime: 0.382 (0.012)  ,  ForwardTime: 0.137  ,  TotalTime: 0.531  ,  Loss/total: 3.42818  ,  Loss/ce: 3.39485  ,  IoU: 0.78529  ,  pro_loss: 0.16665
[train: Epoch 45, 850 / 1875] FPS: 60.6 (199.5)  ,  DataTime: 0.379 (0.012)  ,  ForwardTime: 0.137  ,  TotalTime: 0.528  ,  Loss/total: 3.42831  ,  Loss/ce: 3.39498  ,  IoU: 0.78516  ,  pro_loss: 0.16665
[train: Epoch 45, 900 / 1875] FPS: 60.3 (206.8)  ,  DataTime: 0.382 (0.012)  ,  ForwardTime: 0.137  ,  TotalTime: 0.531  ,  Loss/total: 3.42683  ,  Loss/ce: 3.39350  ,  IoU: 0.78527  ,  pro_loss: 0.16665
[train: Epoch 45, 950 / 1875] FPS: 60.6 (206.8)  ,  DataTime: 0.380 (0.012)  ,  ForwardTime: 0.137  ,  TotalTime: 0.528  ,  Loss/total: 3.42735  ,  Loss/ce: 3.39402  ,  IoU: 0.78518  ,  pro_loss: 0.16665
[train: Epoch 45, 1000 / 1875] FPS: 60.7 (200.6)  ,  DataTime: 0.378 (0.012)  ,  ForwardTime: 0.137  ,  TotalTime: 0.527  ,  Loss/total: 3.42886  ,  Loss/ce: 3.39553  ,  IoU: 0.78499  ,  pro_loss: 0.16665
[train: Epoch 45, 1050 / 1875] FPS: 60.7 (202.9)  ,  DataTime: 0.378 (0.012)  ,  ForwardTime: 0.137  ,  TotalTime: 0.527  ,  Loss/total: 3.42790  ,  Loss/ce: 3.39457  ,  IoU: 0.78518  ,  pro_loss: 0.16665
[train: Epoch 45, 1100 / 1875] FPS: 60.9 (201.1)  ,  DataTime: 0.377 (0.012)  ,  ForwardTime: 0.137  ,  TotalTime: 0.526  ,  Loss/total: 3.42797  ,  Loss/ce: 3.39464  ,  IoU: 0.78498  ,  pro_loss: 0.16665
[train: Epoch 45, 1150 / 1875] FPS: 60.9 (204.8)  ,  DataTime: 0.377 (0.012)  ,  ForwardTime: 0.137  ,  TotalTime: 0.525  ,  Loss/total: 3.42862  ,  Loss/ce: 3.39529  ,  IoU: 0.78468  ,  pro_loss: 0.16665
[train: Epoch 45, 1200 / 1875] FPS: 60.9 (200.3)  ,  DataTime: 0.377 (0.012)  ,  ForwardTime: 0.137  ,  TotalTime: 0.525  ,  Loss/total: 3.42912  ,  Loss/ce: 3.39579  ,  IoU: 0.78452  ,  pro_loss: 0.16665
[train: Epoch 45, 1250 / 1875] FPS: 61.3 (207.1)  ,  DataTime: 0.373 (0.012)  ,  ForwardTime: 0.137  ,  TotalTime: 0.522  ,  Loss/total: 3.42909  ,  Loss/ce: 3.39576  ,  IoU: 0.78435  ,  pro_loss: 0.16665
[train: Epoch 45, 1300 / 1875] FPS: 61.2 (205.3)  ,  DataTime: 0.374 (0.012)  ,  ForwardTime: 0.137  ,  TotalTime: 0.523  ,  Loss/total: 3.42938  ,  Loss/ce: 3.39605  ,  IoU: 0.78431  ,  pro_loss: 0.16665
[train: Epoch 45, 1350 / 1875] FPS: 61.2 (201.3)  ,  DataTime: 0.374 (0.012)  ,  ForwardTime: 0.137  ,  TotalTime: 0.523  ,  Loss/total: 3.42900  ,  Loss/ce: 3.39567  ,  IoU: 0.78437  ,  pro_loss: 0.16666
[train: Epoch 45, 1400 / 1875] FPS: 61.3 (208.1)  ,  DataTime: 0.373 (0.012)  ,  ForwardTime: 0.137  ,  TotalTime: 0.522  ,  Loss/total: 3.42901  ,  Loss/ce: 3.39567  ,  IoU: 0.78417  ,  pro_loss: 0.16666
[train: Epoch 45, 1450 / 1875] FPS: 61.4 (16.2)  ,  DataTime: 0.372 (0.012)  ,  ForwardTime: 0.137  ,  TotalTime: 0.521  ,  Loss/total: 3.42920  ,  Loss/ce: 3.39587  ,  IoU: 0.78411  ,  pro_loss: 0.16666
[train: Epoch 45, 1500 / 1875] FPS: 61.5 (205.0)  ,  DataTime: 0.372 (0.012)  ,  ForwardTime: 0.137  ,  TotalTime: 0.521  ,  Loss/total: 3.42973  ,  Loss/ce: 3.39640  ,  IoU: 0.78398  ,  pro_loss: 0.16665
[train: Epoch 45, 1550 / 1875] FPS: 61.4 (11.4)  ,  DataTime: 0.372 (0.012)  ,  ForwardTime: 0.137  ,  TotalTime: 0.521  ,  Loss/total: 3.42960  ,  Loss/ce: 3.39627  ,  IoU: 0.78405  ,  pro_loss: 0.16665
[train: Epoch 45, 1600 / 1875] FPS: 61.6 (200.3)  ,  DataTime: 0.371 (0.012)  ,  ForwardTime: 0.137  ,  TotalTime: 0.520  ,  Loss/total: 3.43065  ,  Loss/ce: 3.39732  ,  IoU: 0.78394  ,  pro_loss: 0.16665
[train: Epoch 45, 1650 / 1875] FPS: 61.6 (202.2)  ,  DataTime: 0.371 (0.012)  ,  ForwardTime: 0.137  ,  TotalTime: 0.520  ,  Loss/total: 3.43048  ,  Loss/ce: 3.39715  ,  IoU: 0.78389  ,  pro_loss: 0.16665
[train: Epoch 45, 1700 / 1875] FPS: 61.6 (203.8)  ,  DataTime: 0.370 (0.012)  ,  ForwardTime: 0.137  ,  TotalTime: 0.519  ,  Loss/total: 3.43074  ,  Loss/ce: 3.39741  ,  IoU: 0.78389  ,  pro_loss: 0.16665
[train: Epoch 45, 1750 / 1875] FPS: 61.7 (199.1)  ,  DataTime: 0.370 (0.012)  ,  ForwardTime: 0.137  ,  TotalTime: 0.519  ,  Loss/total: 3.43141  ,  Loss/ce: 3.39808  ,  IoU: 0.78385  ,  pro_loss: 0.16665
[train: Epoch 45, 1800 / 1875] FPS: 61.8 (48.8)  ,  DataTime: 0.369 (0.012)  ,  ForwardTime: 0.137  ,  TotalTime: 0.518  ,  Loss/total: 3.43169  ,  Loss/ce: 3.39836  ,  IoU: 0.78383  ,  pro_loss: 0.16665
[train: Epoch 45, 1850 / 1875] FPS: 61.8 (205.9)  ,  DataTime: 0.369 (0.012)  ,  ForwardTime: 0.137  ,  TotalTime: 0.518  ,  Loss/total: 3.43208  ,  Loss/ce: 3.39875  ,  IoU: 0.78384  ,  pro_loss: 0.16665
[train: Epoch 45, 1875 / 1875] FPS: 61.9 (205.6)  ,  DataTime: 0.368 (0.012)  ,  ForwardTime: 0.137  ,  TotalTime: 0.517  ,  Loss/total: 3.43245  ,  Loss/ce: 3.39912  ,  IoU: 0.78385  ,  pro_loss: 0.16665
[val: Epoch 45, 50 / 312] FPS: 44.3 (372.8)  ,  DataTime: 0.638 (0.014)  ,  ForwardTime: 0.070  ,  TotalTime: 0.722  ,  Loss/total: nan  ,  Loss/giou: 0.25592  ,  Loss/l1: 0.02236  ,  Loss/location: nan  ,  pro_loss: 0.16667  ,  IoU: 0.76267
[val: Epoch 45, 100 / 312] FPS: 49.5 (343.9)  ,  DataTime: 0.564 (0.013)  ,  ForwardTime: 0.069  ,  TotalTime: 0.647  ,  Loss/total: nan  ,  Loss/giou: 0.25027  ,  Loss/l1: 0.02199  ,  Loss/location: nan  ,  pro_loss: 0.16667  ,  IoU: 0.76749
[val: Epoch 45, 150 / 312] FPS: 49.4 (362.4)  ,  DataTime: 0.565 (0.013)  ,  ForwardTime: 0.069  ,  TotalTime: 0.647  ,  Loss/total: nan  ,  Loss/giou: 0.24981  ,  Loss/l1: 0.02188  ,  Loss/location: nan  ,  pro_loss: 0.16667  ,  IoU: 0.76777
[val: Epoch 45, 200 / 312] FPS: 50.0 (17.5)  ,  DataTime: 0.557 (0.013)  ,  ForwardTime: 0.069  ,  TotalTime: 0.640  ,  Loss/total: nan  ,  Loss/giou: 0.25051  ,  Loss/l1: 0.02202  ,  Loss/location: nan  ,  pro_loss: 0.16667  ,  IoU: 0.76720
[val: Epoch 45, 250 / 312] FPS: 51.4 (349.3)  ,  DataTime: 0.540 (0.014)  ,  ForwardTime: 0.069  ,  TotalTime: 0.623  ,  Loss/total: nan  ,  Loss/giou: 0.24912  ,  Loss/l1: 0.02171  ,  Loss/location: nan  ,  pro_loss: 0.16667  ,  IoU: 0.76834
[val: Epoch 45, 300 / 312] FPS: 53.0 (356.0)  ,  DataTime: 0.521 (0.014)  ,  ForwardTime: 0.069  ,  TotalTime: 0.604  ,  Loss/total: nan  ,  Loss/giou: 0.24984  ,  Loss/l1: 0.02178  ,  Loss/location: nan  ,  pro_loss: 0.16667  ,  IoU: 0.76779
[val: Epoch 45, 312 / 312] FPS: 53.6 (23.2)  ,  DataTime: 0.515 (0.014)  ,  ForwardTime: 0.069  ,  TotalTime: 0.597  ,  Loss/total: nan  ,  Loss/giou: 0.24936  ,  Loss/l1: 0.02170  ,  Loss/location: nan  ,  pro_loss: 0.16667  ,  IoU: 0.76815
[train: Epoch 46, 50 / 1875] FPS: 54.3 (205.5)  ,  DataTime: 0.441 (0.012)  ,  ForwardTime: 0.137  ,  TotalTime: 0.590  ,  Loss/total: 3.44276  ,  Loss/ce: 3.40942  ,  IoU: 0.78003  ,  pro_loss: 0.16667
[train: Epoch 46, 100 / 1875] FPS: 56.4 (205.9)  ,  DataTime: 0.419 (0.012)  ,  ForwardTime: 0.137  ,  TotalTime: 0.568  ,  Loss/total: 3.44330  ,  Loss/ce: 3.40996  ,  IoU: 0.78189  ,  pro_loss: 0.16671
[train: Epoch 46, 150 / 1875] FPS: 57.5 (205.4)  ,  DataTime: 0.407 (0.012)  ,  ForwardTime: 0.137  ,  TotalTime: 0.556  ,  Loss/total: 3.43959  ,  Loss/ce: 3.40625  ,  IoU: 0.78252  ,  pro_loss: 0.16669
[train: Epoch 46, 200 / 1875] FPS: 59.4 (196.2)  ,  DataTime: 0.390 (0.012)  ,  ForwardTime: 0.137  ,  TotalTime: 0.539  ,  Loss/total: 3.43454  ,  Loss/ce: 3.40120  ,  IoU: 0.78211  ,  pro_loss: 0.16668
[train: Epoch 46, 250 / 1875] FPS: 59.5 (203.6)  ,  DataTime: 0.389 (0.012)  ,  ForwardTime: 0.137  ,  TotalTime: 0.538  ,  Loss/total: 3.43364  ,  Loss/ce: 3.40030  ,  IoU: 0.78355  ,  pro_loss: 0.16667
[train: Epoch 46, 300 / 1875] FPS: 59.8 (205.7)  ,  DataTime: 0.386 (0.012)  ,  ForwardTime: 0.137  ,  TotalTime: 0.535  ,  Loss/total: 3.43008  ,  Loss/ce: 3.39675  ,  IoU: 0.78403  ,  pro_loss: 0.16667
[train: Epoch 46, 350 / 1875] FPS: 59.1 (200.1)  ,  DataTime: 0.393 (0.012)  ,  ForwardTime: 0.137  ,  TotalTime: 0.541  ,  Loss/total: 3.42758  ,  Loss/ce: 3.39425  ,  IoU: 0.78464  ,  pro_loss: 0.16666
[train: Epoch 46, 400 / 1875] FPS: 59.2 (203.7)  ,  DataTime: 0.392 (0.012)  ,  ForwardTime: 0.137  ,  TotalTime: 0.541  ,  Loss/total: 3.42450  ,  Loss/ce: 3.39117  ,  IoU: 0.78495  ,  pro_loss: 0.16666
[train: Epoch 46, 450 / 1875] FPS: 58.7 (206.3)  ,  DataTime: 0.397 (0.012)  ,  ForwardTime: 0.137  ,  TotalTime: 0.546  ,  Loss/total: 3.42298  ,  Loss/ce: 3.38964  ,  IoU: 0.78498  ,  pro_loss: 0.16667
[train: Epoch 46, 500 / 1875] FPS: 58.8 (203.5)  ,  DataTime: 0.395 (0.012)  ,  ForwardTime: 0.137  ,  TotalTime: 0.544  ,  Loss/total: 3.42553  ,  Loss/ce: 3.39220  ,  IoU: 0.78490  ,  pro_loss: 0.16667
[train: Epoch 46, 550 / 1875] FPS: 59.3 (203.6)  ,  DataTime: 0.391 (0.012)  ,  ForwardTime: 0.137  ,  TotalTime: 0.540  ,  Loss/total: 3.42598  ,  Loss/ce: 3.39264  ,  IoU: 0.78435  ,  pro_loss: 0.16666
[train: Epoch 46, 600 / 1875] FPS: 59.4 (206.9)  ,  DataTime: 0.389 (0.012)  ,  ForwardTime: 0.137  ,  TotalTime: 0.538  ,  Loss/total: 3.42662  ,  Loss/ce: 3.39328  ,  IoU: 0.78414  ,  pro_loss: 0.16667
[train: Epoch 46, 650 / 1875] FPS: 59.4 (206.7)  ,  DataTime: 0.390 (0.012)  ,  ForwardTime: 0.137  ,  TotalTime: 0.539  ,  Loss/total: 3.42521  ,  Loss/ce: 3.39188  ,  IoU: 0.78412  ,  pro_loss: 0.16666
[train: Epoch 46, 700 / 1875] FPS: 59.5 (201.3)  ,  DataTime: 0.389 (0.012)  ,  ForwardTime: 0.137  ,  TotalTime: 0.538  ,  Loss/total: 3.42431  ,  Loss/ce: 3.39097  ,  IoU: 0.78421  ,  pro_loss: 0.16667
[train: Epoch 46, 750 / 1875] FPS: 59.6 (203.6)  ,  DataTime: 0.388 (0.012)  ,  ForwardTime: 0.137  ,  TotalTime: 0.537  ,  Loss/total: 3.42351  ,  Loss/ce: 3.39018  ,  IoU: 0.78448  ,  pro_loss: 0.16667
[train: Epoch 46, 800 / 1875] FPS: 59.9 (205.6)  ,  DataTime: 0.385 (0.012)  ,  ForwardTime: 0.137  ,  TotalTime: 0.534  ,  Loss/total: 3.42492  ,  Loss/ce: 3.39158  ,  IoU: 0.78410  ,  pro_loss: 0.16668
[train: Epoch 46, 850 / 1875] FPS: 59.8 (204.1)  ,  DataTime: 0.387 (0.012)  ,  ForwardTime: 0.137  ,  TotalTime: 0.536  ,  Loss/total: 3.42505  ,  Loss/ce: 3.39172  ,  IoU: 0.78414  ,  pro_loss: 0.16668
[train: Epoch 46, 900 / 1875] FPS: 60.2 (207.2)  ,  DataTime: 0.383 (0.012)  ,  ForwardTime: 0.137  ,  TotalTime: 0.532  ,  Loss/total: 3.42487  ,  Loss/ce: 3.39154  ,  IoU: 0.78401  ,  pro_loss: 0.16668
[train: Epoch 46, 950 / 1875] FPS: 59.8 (10.2)  ,  DataTime: 0.386 (0.012)  ,  ForwardTime: 0.137  ,  TotalTime: 0.535  ,  Loss/total: 3.42662  ,  Loss/ce: 3.39329  ,  IoU: 0.78401  ,  pro_loss: 0.16668
[train: Epoch 46, 1000 / 1875] FPS: 59.9 (203.6)  ,  DataTime: 0.385 (0.012)  ,  ForwardTime: 0.137  ,  TotalTime: 0.534  ,  Loss/total: 3.42681  ,  Loss/ce: 3.39347  ,  IoU: 0.78380  ,  pro_loss: 0.16669
[train: Epoch 46, 1050 / 1875] FPS: 59.8 (191.2)  ,  DataTime: 0.386 (0.012)  ,  ForwardTime: 0.137  ,  TotalTime: 0.535  ,  Loss/total: 3.42640  ,  Loss/ce: 3.39306  ,  IoU: 0.78393  ,  pro_loss: 0.16669
[train: Epoch 46, 1100 / 1875] FPS: 60.1 (205.1)  ,  DataTime: 0.383 (0.012)  ,  ForwardTime: 0.137  ,  TotalTime: 0.532  ,  Loss/total: 3.42524  ,  Loss/ce: 3.39190  ,  IoU: 0.78388  ,  pro_loss: 0.16669
[train: Epoch 46, 1150 / 1875] FPS: 60.1 (22.2)  ,  DataTime: 0.383 (0.012)  ,  ForwardTime: 0.137  ,  TotalTime: 0.532  ,  Loss/total: 3.42595  ,  Loss/ce: 3.39262  ,  IoU: 0.78380  ,  pro_loss: 0.16668
[train: Epoch 46, 1200 / 1875] FPS: 60.2 (203.4)  ,  DataTime: 0.383 (0.012)  ,  ForwardTime: 0.137  ,  TotalTime: 0.532  ,  Loss/total: 3.42632  ,  Loss/ce: 3.39299  ,  IoU: 0.78376  ,  pro_loss: 0.16668
[train: Epoch 46, 1250 / 1875] FPS: 60.2 (195.8)  ,  DataTime: 0.383 (0.012)  ,  ForwardTime: 0.137  ,  TotalTime: 0.531  ,  Loss/total: 3.42655  ,  Loss/ce: 3.39321  ,  IoU: 0.78377  ,  pro_loss: 0.16668
[train: Epoch 46, 1300 / 1875] FPS: 60.3 (205.1)  ,  DataTime: 0.382 (0.012)  ,  ForwardTime: 0.137  ,  TotalTime: 0.531  ,  Loss/total: 3.42645  ,  Loss/ce: 3.39311  ,  IoU: 0.78368  ,  pro_loss: 0.16668
[train: Epoch 46, 1350 / 1875] FPS: 60.4 (18.0)  ,  DataTime: 0.381 (0.012)  ,  ForwardTime: 0.137  ,  TotalTime: 0.530  ,  Loss/total: 3.42725  ,  Loss/ce: 3.39392  ,  IoU: 0.78341  ,  pro_loss: 0.16668
[train: Epoch 46, 1400 / 1875] FPS: 60.5 (205.7)  ,  DataTime: 0.380 (0.012)  ,  ForwardTime: 0.137  ,  TotalTime: 0.529  ,  Loss/total: 3.42725  ,  Loss/ce: 3.39392  ,  IoU: 0.78346  ,  pro_loss: 0.16668
[train: Epoch 46, 1450 / 1875] FPS: 60.6 (22.9)  ,  DataTime: 0.379 (0.012)  ,  ForwardTime: 0.137  ,  TotalTime: 0.528  ,  Loss/total: 3.42873  ,  Loss/ce: 3.39539  ,  IoU: 0.78312  ,  pro_loss: 0.16669
[train: Epoch 46, 1500 / 1875] FPS: 60.5 (13.7)  ,  DataTime: 0.380 (0.012)  ,  ForwardTime: 0.137  ,  TotalTime: 0.529  ,  Loss/total: 3.42797  ,  Loss/ce: 3.39464  ,  IoU: 0.78335  ,  pro_loss: 0.16669
[train: Epoch 46, 1550 / 1875] FPS: 60.6 (206.3)  ,  DataTime: 0.379 (0.012)  ,  ForwardTime: 0.137  ,  TotalTime: 0.528  ,  Loss/total: 3.42838  ,  Loss/ce: 3.39504  ,  IoU: 0.78313  ,  pro_loss: 0.16668
[train: Epoch 46, 1600 / 1875] FPS: 60.8 (36.0)  ,  DataTime: 0.378 (0.012)  ,  ForwardTime: 0.137  ,  TotalTime: 0.527  ,  Loss/total: 3.42845  ,  Loss/ce: 3.39512  ,  IoU: 0.78311  ,  pro_loss: 0.16668
[train: Epoch 46, 1650 / 1875] FPS: 60.9 (208.3)  ,  DataTime: 0.377 (0.012)  ,  ForwardTime: 0.137  ,  TotalTime: 0.526  ,  Loss/total: 3.42799  ,  Loss/ce: 3.39466  ,  IoU: 0.78314  ,  pro_loss: 0.16668
[train: Epoch 46, 1700 / 1875] FPS: 60.7 (205.7)  ,  DataTime: 0.379 (0.012)  ,  ForwardTime: 0.137  ,  TotalTime: 0.528  ,  Loss/total: 3.42809  ,  Loss/ce: 3.39475  ,  IoU: 0.78310  ,  pro_loss: 0.16668
[train: Epoch 46, 1750 / 1875] FPS: 60.8 (202.3)  ,  DataTime: 0.377 (0.012)  ,  ForwardTime: 0.137  ,  TotalTime: 0.526  ,  Loss/total: 3.42862  ,  Loss/ce: 3.39528  ,  IoU: 0.78309  ,  pro_loss: 0.16668
[train: Epoch 46, 1800 / 1875] FPS: 60.8 (207.7)  ,  DataTime: 0.377 (0.012)  ,  ForwardTime: 0.137  ,  TotalTime: 0.526  ,  Loss/total: 3.42815  ,  Loss/ce: 3.39481  ,  IoU: 0.78317  ,  pro_loss: 0.16668
[train: Epoch 46, 1850 / 1875] FPS: 60.9 (203.8)  ,  DataTime: 0.376 (0.012)  ,  ForwardTime: 0.137  ,  TotalTime: 0.525  ,  Loss/total: 3.42796  ,  Loss/ce: 3.39462  ,  IoU: 0.78321  ,  pro_loss: 0.16668
[train: Epoch 46, 1875 / 1875] FPS: 61.1 (204.6)  ,  DataTime: 0.375 (0.012)  ,  ForwardTime: 0.137  ,  TotalTime: 0.523  ,  Loss/total: 3.42756  ,  Loss/ce: 3.39422  ,  IoU: 0.78327  ,  pro_loss: 0.16669
[train: Epoch 47, 50 / 1875] FPS: 53.0 (8.9)  ,  DataTime: 0.453 (0.013)  ,  ForwardTime: 0.137  ,  TotalTime: 0.603  ,  Loss/total: 3.42845  ,  Loss/ce: 3.39512  ,  IoU: 0.78402  ,  pro_loss: 0.16665
[train: Epoch 47, 100 / 1875] FPS: 57.4 (208.9)  ,  DataTime: 0.408 (0.013)  ,  ForwardTime: 0.137  ,  TotalTime: 0.558  ,  Loss/total: 3.42265  ,  Loss/ce: 3.38930  ,  IoU: 0.78628  ,  pro_loss: 0.16676
[train: Epoch 47, 150 / 1875] FPS: 60.1 (204.5)  ,  DataTime: 0.383 (0.013)  ,  ForwardTime: 0.137  ,  TotalTime: 0.532  ,  Loss/total: 3.41873  ,  Loss/ce: 3.38538  ,  IoU: 0.78542  ,  pro_loss: 0.16672
[train: Epoch 47, 200 / 1875] FPS: 60.8 (201.4)  ,  DataTime: 0.377 (0.012)  ,  ForwardTime: 0.137  ,  TotalTime: 0.526  ,  Loss/total: 3.42703  ,  Loss/ce: 3.39368  ,  IoU: 0.78395  ,  pro_loss: 0.16673
[train: Epoch 47, 250 / 1875] FPS: 60.9 (207.9)  ,  DataTime: 0.376 (0.012)  ,  ForwardTime: 0.137  ,  TotalTime: 0.525  ,  Loss/total: 3.42173  ,  Loss/ce: 3.38839  ,  IoU: 0.78521  ,  pro_loss: 0.16671
[train: Epoch 47, 300 / 1875] FPS: 62.4 (204.2)  ,  DataTime: 0.363 (0.012)  ,  ForwardTime: 0.137  ,  TotalTime: 0.513  ,  Loss/total: 3.42564  ,  Loss/ce: 3.39230  ,  IoU: 0.78334  ,  pro_loss: 0.16668
[train: Epoch 47, 350 / 1875] FPS: 62.9 (203.9)  ,  DataTime: 0.360 (0.012)  ,  ForwardTime: 0.137  ,  TotalTime: 0.509  ,  Loss/total: 3.42821  ,  Loss/ce: 3.39487  ,  IoU: 0.78303  ,  pro_loss: 0.16669
[train: Epoch 47, 400 / 1875] FPS: 63.3 (28.2)  ,  DataTime: 0.357 (0.012)  ,  ForwardTime: 0.137  ,  TotalTime: 0.506  ,  Loss/total: 3.42637  ,  Loss/ce: 3.39303  ,  IoU: 0.78427  ,  pro_loss: 0.16670
[train: Epoch 47, 450 / 1875] FPS: 63.1 (24.2)  ,  DataTime: 0.358 (0.012)  ,  ForwardTime: 0.137  ,  TotalTime: 0.507  ,  Loss/total: 3.42805  ,  Loss/ce: 3.39471  ,  IoU: 0.78397  ,  pro_loss: 0.16670
[train: Epoch 47, 500 / 1875] FPS: 63.2 (206.7)  ,  DataTime: 0.357 (0.012)  ,  ForwardTime: 0.137  ,  TotalTime: 0.506  ,  Loss/total: 3.42742  ,  Loss/ce: 3.39408  ,  IoU: 0.78404  ,  pro_loss: 0.16670
[train: Epoch 47, 550 / 1875] FPS: 63.8 (205.3)  ,  DataTime: 0.353 (0.012)  ,  ForwardTime: 0.137  ,  TotalTime: 0.502  ,  Loss/total: 3.42882  ,  Loss/ce: 3.39548  ,  IoU: 0.78426  ,  pro_loss: 0.16669
[train: Epoch 47, 600 / 1875] FPS: 64.3 (53.0)  ,  DataTime: 0.349 (0.012)  ,  ForwardTime: 0.137  ,  TotalTime: 0.498  ,  Loss/total: 3.43004  ,  Loss/ce: 3.39670  ,  IoU: 0.78389  ,  pro_loss: 0.16669
[train: Epoch 47, 650 / 1875] FPS: 63.8 (196.5)  ,  DataTime: 0.352 (0.012)  ,  ForwardTime: 0.137  ,  TotalTime: 0.501  ,  Loss/total: 3.42967  ,  Loss/ce: 3.39633  ,  IoU: 0.78406  ,  pro_loss: 0.16669
[train: Epoch 47, 700 / 1875] FPS: 63.7 (13.4)  ,  DataTime: 0.353 (0.012)  ,  ForwardTime: 0.137  ,  TotalTime: 0.502  ,  Loss/total: 3.42920  ,  Loss/ce: 3.39586  ,  IoU: 0.78425  ,  pro_loss: 0.16669
[train: Epoch 47, 750 / 1875] FPS: 63.3 (196.3)  ,  DataTime: 0.356 (0.012)  ,  ForwardTime: 0.137  ,  TotalTime: 0.506  ,  Loss/total: 3.43008  ,  Loss/ce: 3.39674  ,  IoU: 0.78420  ,  pro_loss: 0.16669
[train: Epoch 47, 800 / 1875] FPS: 63.4 (205.2)  ,  DataTime: 0.356 (0.012)  ,  ForwardTime: 0.137  ,  TotalTime: 0.505  ,  Loss/total: 3.43124  ,  Loss/ce: 3.39790  ,  IoU: 0.78373  ,  pro_loss: 0.16669
[train: Epoch 47, 850 / 1875] FPS: 63.4 (204.6)  ,  DataTime: 0.356 (0.012)  ,  ForwardTime: 0.137  ,  TotalTime: 0.505  ,  Loss/total: 3.43354  ,  Loss/ce: 3.40020  ,  IoU: 0.78345  ,  pro_loss: 0.16669
[train: Epoch 47, 900 / 1875] FPS: 63.3 (16.1)  ,  DataTime: 0.357 (0.012)  ,  ForwardTime: 0.137  ,  TotalTime: 0.506  ,  Loss/total: 3.43453  ,  Loss/ce: 3.40119  ,  IoU: 0.78340  ,  pro_loss: 0.16669
[train: Epoch 47, 950 / 1875] FPS: 63.4 (15.7)  ,  DataTime: 0.355 (0.012)  ,  ForwardTime: 0.137  ,  TotalTime: 0.504  ,  Loss/total: 3.43423  ,  Loss/ce: 3.40089  ,  IoU: 0.78370  ,  pro_loss: 0.16669
[train: Epoch 47, 1000 / 1875] FPS: 63.6 (206.0)  ,  DataTime: 0.354 (0.012)  ,  ForwardTime: 0.137  ,  TotalTime: 0.503  ,  Loss/total: 3.43348  ,  Loss/ce: 3.40014  ,  IoU: 0.78393  ,  pro_loss: 0.16668
[train: Epoch 47, 1050 / 1875] FPS: 63.6 (203.5)  ,  DataTime: 0.354 (0.012)  ,  ForwardTime: 0.137  ,  TotalTime: 0.503  ,  Loss/total: 3.43606  ,  Loss/ce: 3.40273  ,  IoU: 0.78352  ,  pro_loss: 0.16668
[train: Epoch 47, 1100 / 1875] FPS: 63.6 (29.5)  ,  DataTime: 0.354 (0.012)  ,  ForwardTime: 0.137  ,  TotalTime: 0.503  ,  Loss/total: 3.43627  ,  Loss/ce: 3.40294  ,  IoU: 0.78328  ,  pro_loss: 0.16668
[train: Epoch 47, 1150 / 1875] FPS: 63.8 (205.4)  ,  DataTime: 0.353 (0.012)  ,  ForwardTime: 0.137  ,  TotalTime: 0.502  ,  Loss/total: 3.43730  ,  Loss/ce: 3.40396  ,  IoU: 0.78301  ,  pro_loss: 0.16668
[train: Epoch 47, 1200 / 1875] FPS: 63.8 (206.7)  ,  DataTime: 0.353 (0.012)  ,  ForwardTime: 0.137  ,  TotalTime: 0.502  ,  Loss/total: 3.43770  ,  Loss/ce: 3.40436  ,  IoU: 0.78300  ,  pro_loss: 0.16668
[train: Epoch 47, 1250 / 1875] FPS: 63.9 (204.9)  ,  DataTime: 0.352 (0.012)  ,  ForwardTime: 0.137  ,  TotalTime: 0.501  ,  Loss/total: 3.43602  ,  Loss/ce: 3.40268  ,  IoU: 0.78322  ,  pro_loss: 0.16669
[train: Epoch 47, 1300 / 1875] FPS: 63.9 (81.9)  ,  DataTime: 0.352 (0.012)  ,  ForwardTime: 0.137  ,  TotalTime: 0.501  ,  Loss/total: 3.43493  ,  Loss/ce: 3.40159  ,  IoU: 0.78328  ,  pro_loss: 0.16669
[train: Epoch 47, 1350 / 1875] FPS: 63.8 (203.7)  ,  DataTime: 0.353 (0.012)  ,  ForwardTime: 0.137  ,  TotalTime: 0.502  ,  Loss/total: 3.43393  ,  Loss/ce: 3.40059  ,  IoU: 0.78344  ,  pro_loss: 0.16669
[train: Epoch 47, 1400 / 1875] FPS: 63.8 (204.8)  ,  DataTime: 0.352 (0.012)  ,  ForwardTime: 0.137  ,  TotalTime: 0.501  ,  Loss/total: 3.43381  ,  Loss/ce: 3.40047  ,  IoU: 0.78344  ,  pro_loss: 0.16669
[train: Epoch 47, 1450 / 1875] FPS: 63.9 (203.8)  ,  DataTime: 0.352 (0.012)  ,  ForwardTime: 0.137  ,  TotalTime: 0.501  ,  Loss/total: 3.43411  ,  Loss/ce: 3.40077  ,  IoU: 0.78346  ,  pro_loss: 0.16669
[train: Epoch 47, 1500 / 1875] FPS: 64.1 (197.1)  ,  DataTime: 0.350 (0.012)  ,  ForwardTime: 0.137  ,  TotalTime: 0.499  ,  Loss/total: 3.43449  ,  Loss/ce: 3.40116  ,  IoU: 0.78340  ,  pro_loss: 0.16669
[train: Epoch 47, 1550 / 1875] FPS: 63.9 (202.9)  ,  DataTime: 0.352 (0.012)  ,  ForwardTime: 0.137  ,  TotalTime: 0.501  ,  Loss/total: 3.43551  ,  Loss/ce: 3.40218  ,  IoU: 0.78305  ,  pro_loss: 0.16669
[train: Epoch 47, 1600 / 1875] FPS: 64.2 (202.8)  ,  DataTime: 0.350 (0.012)  ,  ForwardTime: 0.137  ,  TotalTime: 0.499  ,  Loss/total: 3.43543  ,  Loss/ce: 3.40210  ,  IoU: 0.78303  ,  pro_loss: 0.16668
[train: Epoch 47, 1650 / 1875] FPS: 64.1 (17.3)  ,  DataTime: 0.350 (0.012)  ,  ForwardTime: 0.137  ,  TotalTime: 0.499  ,  Loss/total: 3.43571  ,  Loss/ce: 3.40238  ,  IoU: 0.78286  ,  pro_loss: 0.16668
[train: Epoch 47, 1700 / 1875] FPS: 64.3 (201.6)  ,  DataTime: 0.349 (0.012)  ,  ForwardTime: 0.137  ,  TotalTime: 0.498  ,  Loss/total: 3.43529  ,  Loss/ce: 3.40195  ,  IoU: 0.78287  ,  pro_loss: 0.16668
[train: Epoch 47, 1750 / 1875] FPS: 64.4 (203.9)  ,  DataTime: 0.348 (0.012)  ,  ForwardTime: 0.137  ,  TotalTime: 0.497  ,  Loss/total: 3.43461  ,  Loss/ce: 3.40128  ,  IoU: 0.78286  ,  pro_loss: 0.16668
[train: Epoch 47, 1800 / 1875] FPS: 64.4 (205.0)  ,  DataTime: 0.348 (0.012)  ,  ForwardTime: 0.137  ,  TotalTime: 0.497  ,  Loss/total: 3.43421  ,  Loss/ce: 3.40087  ,  IoU: 0.78295  ,  pro_loss: 0.16668
[train: Epoch 47, 1850 / 1875] FPS: 64.3 (13.2)  ,  DataTime: 0.348 (0.012)  ,  ForwardTime: 0.137  ,  TotalTime: 0.497  ,  Loss/total: 3.43394  ,  Loss/ce: 3.40060  ,  IoU: 0.78296  ,  pro_loss: 0.16668
[train: Epoch 47, 1875 / 1875] FPS: 64.6 (208.5)  ,  DataTime: 0.346 (0.012)  ,  ForwardTime: 0.137  ,  TotalTime: 0.495  ,  Loss/total: 3.43348  ,  Loss/ce: 3.40014  ,  IoU: 0.78305  ,  pro_loss: 0.16668
[train: Epoch 48, 50 / 1875] FPS: 60.2 (205.6)  ,  DataTime: 0.382 (0.012)  ,  ForwardTime: 0.137  ,  TotalTime: 0.531  ,  Loss/total: 3.45861  ,  Loss/ce: 3.42527  ,  IoU: 0.77845  ,  pro_loss: 0.16668
[train: Epoch 48, 100 / 1875] FPS: 62.3 (177.0)  ,  DataTime: 0.365 (0.012)  ,  ForwardTime: 0.137  ,  TotalTime: 0.514  ,  Loss/total: 3.44379  ,  Loss/ce: 3.41046  ,  IoU: 0.78040  ,  pro_loss: 0.16666
[train: Epoch 48, 150 / 1875] FPS: 64.7 (90.6)  ,  DataTime: 0.346 (0.012)  ,  ForwardTime: 0.137  ,  TotalTime: 0.495  ,  Loss/total: 3.43796  ,  Loss/ce: 3.40463  ,  IoU: 0.78076  ,  pro_loss: 0.16665
[train: Epoch 48, 200 / 1875] FPS: 64.7 (198.7)  ,  DataTime: 0.346 (0.012)  ,  ForwardTime: 0.137  ,  TotalTime: 0.495  ,  Loss/total: 3.43477  ,  Loss/ce: 3.40144  ,  IoU: 0.78098  ,  pro_loss: 0.16666
[train: Epoch 48, 250 / 1875] FPS: 63.7 (207.8)  ,  DataTime: 0.354 (0.012)  ,  ForwardTime: 0.137  ,  TotalTime: 0.502  ,  Loss/total: 3.43492  ,  Loss/ce: 3.40159  ,  IoU: 0.78063  ,  pro_loss: 0.16666
[train: Epoch 48, 300 / 1875] FPS: 64.8 (205.2)  ,  DataTime: 0.345 (0.012)  ,  ForwardTime: 0.137  ,  TotalTime: 0.494  ,  Loss/total: 3.43721  ,  Loss/ce: 3.40388  ,  IoU: 0.78092  ,  pro_loss: 0.16665
[train: Epoch 48, 350 / 1875] FPS: 64.7 (201.6)  ,  DataTime: 0.346 (0.012)  ,  ForwardTime: 0.137  ,  TotalTime: 0.495  ,  Loss/total: 3.43847  ,  Loss/ce: 3.40514  ,  IoU: 0.78053  ,  pro_loss: 0.16665
[train: Epoch 48, 400 / 1875] FPS: 64.8 (202.6)  ,  DataTime: 0.345 (0.012)  ,  ForwardTime: 0.137  ,  TotalTime: 0.493  ,  Loss/total: 3.43757  ,  Loss/ce: 3.40424  ,  IoU: 0.78096  ,  pro_loss: 0.16665
[train: Epoch 48, 450 / 1875] FPS: 65.3 (204.2)  ,  DataTime: 0.341 (0.012)  ,  ForwardTime: 0.137  ,  TotalTime: 0.490  ,  Loss/total: 3.43492  ,  Loss/ce: 3.40159  ,  IoU: 0.78151  ,  pro_loss: 0.16665
[train: Epoch 48, 500 / 1875] FPS: 65.6 (203.7)  ,  DataTime: 0.339 (0.012)  ,  ForwardTime: 0.137  ,  TotalTime: 0.488  ,  Loss/total: 3.43493  ,  Loss/ce: 3.40160  ,  IoU: 0.78146  ,  pro_loss: 0.16666
[train: Epoch 48, 550 / 1875] FPS: 65.6 (203.5)  ,  DataTime: 0.339 (0.012)  ,  ForwardTime: 0.137  ,  TotalTime: 0.488  ,  Loss/total: 3.43538  ,  Loss/ce: 3.40205  ,  IoU: 0.78161  ,  pro_loss: 0.16666
[train: Epoch 48, 600 / 1875] FPS: 64.8 (15.7)  ,  DataTime: 0.345 (0.012)  ,  ForwardTime: 0.137  ,  TotalTime: 0.494  ,  Loss/total: 3.43622  ,  Loss/ce: 3.40289  ,  IoU: 0.78144  ,  pro_loss: 0.16666
[train: Epoch 48, 650 / 1875] FPS: 64.9 (203.3)  ,  DataTime: 0.344 (0.012)  ,  ForwardTime: 0.137  ,  TotalTime: 0.493  ,  Loss/total: 3.43392  ,  Loss/ce: 3.40059  ,  IoU: 0.78187  ,  pro_loss: 0.16666
[train: Epoch 48, 700 / 1875] FPS: 64.8 (127.1)  ,  DataTime: 0.345 (0.012)  ,  ForwardTime: 0.137  ,  TotalTime: 0.494  ,  Loss/total: 3.43460  ,  Loss/ce: 3.40127  ,  IoU: 0.78180  ,  pro_loss: 0.16665
[train: Epoch 48, 750 / 1875] FPS: 65.1 (205.4)  ,  DataTime: 0.342 (0.012)  ,  ForwardTime: 0.137  ,  TotalTime: 0.491  ,  Loss/total: 3.43452  ,  Loss/ce: 3.40119  ,  IoU: 0.78184  ,  pro_loss: 0.16665
[train: Epoch 48, 800 / 1875] FPS: 63.8 (11.1)  ,  DataTime: 0.353 (0.012)  ,  ForwardTime: 0.137  ,  TotalTime: 0.502  ,  Loss/total: 3.43560  ,  Loss/ce: 3.40227  ,  IoU: 0.78209  ,  pro_loss: 0.16665
[train: Epoch 48, 850 / 1875] FPS: 63.7 (204.5)  ,  DataTime: 0.354 (0.012)  ,  ForwardTime: 0.137  ,  TotalTime: 0.503  ,  Loss/total: 3.43414  ,  Loss/ce: 3.40081  ,  IoU: 0.78249  ,  pro_loss: 0.16665
[train: Epoch 48, 900 / 1875] FPS: 63.7 (202.4)  ,  DataTime: 0.354 (0.012)  ,  ForwardTime: 0.137  ,  TotalTime: 0.503  ,  Loss/total: 3.43356  ,  Loss/ce: 3.40023  ,  IoU: 0.78272  ,  pro_loss: 0.16665
[train: Epoch 48, 950 / 1875] FPS: 63.3 (191.5)  ,  DataTime: 0.357 (0.012)  ,  ForwardTime: 0.137  ,  TotalTime: 0.506  ,  Loss/total: 3.43265  ,  Loss/ce: 3.39932  ,  IoU: 0.78303  ,  pro_loss: 0.16665
[train: Epoch 48, 1000 / 1875] FPS: 63.0 (16.3)  ,  DataTime: 0.359 (0.012)  ,  ForwardTime: 0.137  ,  TotalTime: 0.508  ,  Loss/total: 3.43222  ,  Loss/ce: 3.39889  ,  IoU: 0.78320  ,  pro_loss: 0.16665
[train: Epoch 48, 1050 / 1875] FPS: 62.9 (199.6)  ,  DataTime: 0.360 (0.012)  ,  ForwardTime: 0.137  ,  TotalTime: 0.509  ,  Loss/total: 3.43120  ,  Loss/ce: 3.39787  ,  IoU: 0.78325  ,  pro_loss: 0.16665
[train: Epoch 48, 1100 / 1875] FPS: 62.7 (202.2)  ,  DataTime: 0.361 (0.012)  ,  ForwardTime: 0.137  ,  TotalTime: 0.510  ,  Loss/total: 3.43088  ,  Loss/ce: 3.39755  ,  IoU: 0.78348  ,  pro_loss: 0.16665
[train: Epoch 48, 1150 / 1875] FPS: 62.6 (197.4)  ,  DataTime: 0.363 (0.012)  ,  ForwardTime: 0.137  ,  TotalTime: 0.512  ,  Loss/total: 3.42937  ,  Loss/ce: 3.39604  ,  IoU: 0.78371  ,  pro_loss: 0.16665
[train: Epoch 48, 1200 / 1875] FPS: 62.3 (14.8)  ,  DataTime: 0.364 (0.012)  ,  ForwardTime: 0.137  ,  TotalTime: 0.513  ,  Loss/total: 3.42979  ,  Loss/ce: 3.39646  ,  IoU: 0.78349  ,  pro_loss: 0.16665
[train: Epoch 48, 1250 / 1875] FPS: 62.2 (209.0)  ,  DataTime: 0.365 (0.012)  ,  ForwardTime: 0.137  ,  TotalTime: 0.514  ,  Loss/total: 3.43042  ,  Loss/ce: 3.39709  ,  IoU: 0.78340  ,  pro_loss: 0.16665
[train: Epoch 48, 1300 / 1875] FPS: 62.1 (204.5)  ,  DataTime: 0.366 (0.012)  ,  ForwardTime: 0.137  ,  TotalTime: 0.515  ,  Loss/total: 3.43048  ,  Loss/ce: 3.39715  ,  IoU: 0.78354  ,  pro_loss: 0.16665
[train: Epoch 48, 1350 / 1875] FPS: 62.3 (203.3)  ,  DataTime: 0.365 (0.012)  ,  ForwardTime: 0.137  ,  TotalTime: 0.514  ,  Loss/total: 3.43019  ,  Loss/ce: 3.39686  ,  IoU: 0.78369  ,  pro_loss: 0.16665
[train: Epoch 48, 1400 / 1875] FPS: 62.1 (16.1)  ,  DataTime: 0.366 (0.012)  ,  ForwardTime: 0.137  ,  TotalTime: 0.515  ,  Loss/total: 3.43043  ,  Loss/ce: 3.39710  ,  IoU: 0.78354  ,  pro_loss: 0.16665
[train: Epoch 48, 1450 / 1875] FPS: 62.3 (198.6)  ,  DataTime: 0.365 (0.012)  ,  ForwardTime: 0.137  ,  TotalTime: 0.514  ,  Loss/total: 3.43074  ,  Loss/ce: 3.39741  ,  IoU: 0.78342  ,  pro_loss: 0.16665
[train: Epoch 48, 1500 / 1875] FPS: 62.1 (37.9)  ,  DataTime: 0.366 (0.012)  ,  ForwardTime: 0.137  ,  TotalTime: 0.515  ,  Loss/total: 3.43125  ,  Loss/ce: 3.39792  ,  IoU: 0.78342  ,  pro_loss: 0.16665
[train: Epoch 48, 1550 / 1875] FPS: 62.2 (202.3)  ,  DataTime: 0.366 (0.012)  ,  ForwardTime: 0.137  ,  TotalTime: 0.515  ,  Loss/total: 3.43041  ,  Loss/ce: 3.39708  ,  IoU: 0.78361  ,  pro_loss: 0.16665
[train: Epoch 48, 1600 / 1875] FPS: 62.3 (202.2)  ,  DataTime: 0.365 (0.012)  ,  ForwardTime: 0.137  ,  TotalTime: 0.514  ,  Loss/total: 3.43072  ,  Loss/ce: 3.39739  ,  IoU: 0.78369  ,  pro_loss: 0.16665
[train: Epoch 48, 1650 / 1875] FPS: 61.9 (7.7)  ,  DataTime: 0.368 (0.012)  ,  ForwardTime: 0.137  ,  TotalTime: 0.517  ,  Loss/total: 3.42999  ,  Loss/ce: 3.39666  ,  IoU: 0.78370  ,  pro_loss: 0.16666
[train: Epoch 48, 1700 / 1875] FPS: 61.9 (203.2)  ,  DataTime: 0.368 (0.012)  ,  ForwardTime: 0.137  ,  TotalTime: 0.517  ,  Loss/total: 3.43040  ,  Loss/ce: 3.39707  ,  IoU: 0.78363  ,  pro_loss: 0.16666
[train: Epoch 48, 1750 / 1875] FPS: 61.8 (206.1)  ,  DataTime: 0.369 (0.012)  ,  ForwardTime: 0.137  ,  TotalTime: 0.518  ,  Loss/total: 3.43052  ,  Loss/ce: 3.39719  ,  IoU: 0.78345  ,  pro_loss: 0.16665
[train: Epoch 48, 1800 / 1875] FPS: 62.1 (200.3)  ,  DataTime: 0.366 (0.012)  ,  ForwardTime: 0.137  ,  TotalTime: 0.515  ,  Loss/total: 3.43056  ,  Loss/ce: 3.39722  ,  IoU: 0.78356  ,  pro_loss: 0.16665
[train: Epoch 48, 1850 / 1875] FPS: 61.9 (19.3)  ,  DataTime: 0.368 (0.012)  ,  ForwardTime: 0.137  ,  TotalTime: 0.517  ,  Loss/total: 3.43023  ,  Loss/ce: 3.39690  ,  IoU: 0.78361  ,  pro_loss: 0.16665
[train: Epoch 48, 1875 / 1875] FPS: 62.1 (207.7)  ,  DataTime: 0.366 (0.012)  ,  ForwardTime: 0.137  ,  TotalTime: 0.515  ,  Loss/total: 3.43032  ,  Loss/ce: 3.39699  ,  IoU: 0.78351  ,  pro_loss: 0.16665
[train: Epoch 49, 50 / 1875] FPS: 53.4 (203.7)  ,  DataTime: 0.451 (0.012)  ,  ForwardTime: 0.137  ,  TotalTime: 0.599  ,  Loss/total: 3.43807  ,  Loss/ce: 3.40473  ,  IoU: 0.78219  ,  pro_loss: 0.16667
[train: Epoch 49, 100 / 1875] FPS: 55.9 (204.8)  ,  DataTime: 0.424 (0.012)  ,  ForwardTime: 0.137  ,  TotalTime: 0.572  ,  Loss/total: 3.42452  ,  Loss/ce: 3.39119  ,  IoU: 0.78460  ,  pro_loss: 0.16668
[train: Epoch 49, 150 / 1875] FPS: 57.2 (205.6)  ,  DataTime: 0.411 (0.012)  ,  ForwardTime: 0.137  ,  TotalTime: 0.559  ,  Loss/total: 3.43004  ,  Loss/ce: 3.39670  ,  IoU: 0.78446  ,  pro_loss: 0.16671
[train: Epoch 49, 200 / 1875] FPS: 58.2 (209.2)  ,  DataTime: 0.402 (0.012)  ,  ForwardTime: 0.137  ,  TotalTime: 0.550  ,  Loss/total: 3.43141  ,  Loss/ce: 3.39807  ,  IoU: 0.78502  ,  pro_loss: 0.16669
[train: Epoch 49, 250 / 1875] FPS: 58.9 (193.9)  ,  DataTime: 0.394 (0.012)  ,  ForwardTime: 0.137  ,  TotalTime: 0.543  ,  Loss/total: 3.43054  ,  Loss/ce: 3.39720  ,  IoU: 0.78522  ,  pro_loss: 0.16670
[train: Epoch 49, 300 / 1875] FPS: 59.2 (204.1)  ,  DataTime: 0.392 (0.012)  ,  ForwardTime: 0.137  ,  TotalTime: 0.541  ,  Loss/total: 3.42964  ,  Loss/ce: 3.39630  ,  IoU: 0.78491  ,  pro_loss: 0.16669
[train: Epoch 49, 350 / 1875] FPS: 59.7 (10.6)  ,  DataTime: 0.388 (0.012)  ,  ForwardTime: 0.137  ,  TotalTime: 0.536  ,  Loss/total: 3.43276  ,  Loss/ce: 3.39942  ,  IoU: 0.78498  ,  pro_loss: 0.16668
[train: Epoch 49, 400 / 1875] FPS: 59.9 (202.1)  ,  DataTime: 0.385 (0.012)  ,  ForwardTime: 0.137  ,  TotalTime: 0.534  ,  Loss/total: 3.43562  ,  Loss/ce: 3.40228  ,  IoU: 0.78463  ,  pro_loss: 0.16668
[train: Epoch 49, 450 / 1875] FPS: 60.8 (209.1)  ,  DataTime: 0.378 (0.012)  ,  ForwardTime: 0.137  ,  TotalTime: 0.527  ,  Loss/total: 3.43084  ,  Loss/ce: 3.39751  ,  IoU: 0.78511  ,  pro_loss: 0.16668
[train: Epoch 49, 500 / 1875] FPS: 60.9 (203.9)  ,  DataTime: 0.377 (0.012)  ,  ForwardTime: 0.137  ,  TotalTime: 0.526  ,  Loss/total: 3.42978  ,  Loss/ce: 3.39644  ,  IoU: 0.78501  ,  pro_loss: 0.16667
[train: Epoch 49, 550 / 1875] FPS: 61.0 (201.0)  ,  DataTime: 0.376 (0.012)  ,  ForwardTime: 0.137  ,  TotalTime: 0.525  ,  Loss/total: 3.43058  ,  Loss/ce: 3.39725  ,  IoU: 0.78467  ,  pro_loss: 0.16668
[train: Epoch 49, 600 / 1875] FPS: 61.0 (208.2)  ,  DataTime: 0.376 (0.012)  ,  ForwardTime: 0.137  ,  TotalTime: 0.525  ,  Loss/total: 3.43148  ,  Loss/ce: 3.39814  ,  IoU: 0.78422  ,  pro_loss: 0.16667
[train: Epoch 49, 650 / 1875] FPS: 61.3 (207.4)  ,  DataTime: 0.374 (0.012)  ,  ForwardTime: 0.137  ,  TotalTime: 0.522  ,  Loss/total: 3.42962  ,  Loss/ce: 3.39629  ,  IoU: 0.78457  ,  pro_loss: 0.16667
[train: Epoch 49, 700 / 1875] FPS: 61.2 (203.4)  ,  DataTime: 0.374 (0.012)  ,  ForwardTime: 0.137  ,  TotalTime: 0.523  ,  Loss/total: 3.42944  ,  Loss/ce: 3.39610  ,  IoU: 0.78449  ,  pro_loss: 0.16667
[train: Epoch 49, 750 / 1875] FPS: 61.4 (192.0)  ,  DataTime: 0.373 (0.012)  ,  ForwardTime: 0.137  ,  TotalTime: 0.522  ,  Loss/total: 3.42812  ,  Loss/ce: 3.39479  ,  IoU: 0.78465  ,  pro_loss: 0.16666
[train: Epoch 49, 800 / 1875] FPS: 61.4 (204.5)  ,  DataTime: 0.373 (0.012)  ,  ForwardTime: 0.137  ,  TotalTime: 0.521  ,  Loss/total: 3.42757  ,  Loss/ce: 3.39424  ,  IoU: 0.78473  ,  pro_loss: 0.16667
[train: Epoch 49, 850 / 1875] FPS: 61.4 (206.0)  ,  DataTime: 0.372 (0.012)  ,  ForwardTime: 0.137  ,  TotalTime: 0.521  ,  Loss/total: 3.42736  ,  Loss/ce: 3.39403  ,  IoU: 0.78446  ,  pro_loss: 0.16666
[train: Epoch 49, 900 / 1875] FPS: 61.5 (201.3)  ,  DataTime: 0.372 (0.012)  ,  ForwardTime: 0.137  ,  TotalTime: 0.521  ,  Loss/total: 3.42697  ,  Loss/ce: 3.39364  ,  IoU: 0.78442  ,  pro_loss: 0.16666
[train: Epoch 49, 950 / 1875] FPS: 61.4 (192.7)  ,  DataTime: 0.372 (0.012)  ,  ForwardTime: 0.137  ,  TotalTime: 0.521  ,  Loss/total: 3.42758  ,  Loss/ce: 3.39425  ,  IoU: 0.78397  ,  pro_loss: 0.16667
[train: Epoch 49, 1000 / 1875] FPS: 61.4 (202.8)  ,  DataTime: 0.372 (0.012)  ,  ForwardTime: 0.137  ,  TotalTime: 0.521  ,  Loss/total: 3.42829  ,  Loss/ce: 3.39496  ,  IoU: 0.78381  ,  pro_loss: 0.16667
[train: Epoch 49, 1050 / 1875] FPS: 61.4 (203.3)  ,  DataTime: 0.372 (0.012)  ,  ForwardTime: 0.137  ,  TotalTime: 0.521  ,  Loss/total: 3.42979  ,  Loss/ce: 3.39646  ,  IoU: 0.78335  ,  pro_loss: 0.16668
[train: Epoch 49, 1100 / 1875] FPS: 61.3 (164.5)  ,  DataTime: 0.373 (0.012)  ,  ForwardTime: 0.137  ,  TotalTime: 0.522  ,  Loss/total: 3.43121  ,  Loss/ce: 3.39787  ,  IoU: 0.78316  ,  pro_loss: 0.16667
[train: Epoch 49, 1150 / 1875] FPS: 60.5 (18.2)  ,  DataTime: 0.380 (0.012)  ,  ForwardTime: 0.137  ,  TotalTime: 0.529  ,  Loss/total: 3.43070  ,  Loss/ce: 3.39736  ,  IoU: 0.78323  ,  pro_loss: 0.16667
[train: Epoch 49, 1200 / 1875] FPS: 59.1 (12.6)  ,  DataTime: 0.392 (0.012)  ,  ForwardTime: 0.137  ,  TotalTime: 0.541  ,  Loss/total: 3.43044  ,  Loss/ce: 3.39711  ,  IoU: 0.78336  ,  pro_loss: 0.16668
[train: Epoch 49, 1250 / 1875] FPS: 57.7 (206.5)  ,  DataTime: 0.405 (0.012)  ,  ForwardTime: 0.137  ,  TotalTime: 0.554  ,  Loss/total: 3.43037  ,  Loss/ce: 3.39704  ,  IoU: 0.78329  ,  pro_loss: 0.16667
[train: Epoch 49, 1300 / 1875] FPS: 56.8 (210.1)  ,  DataTime: 0.415 (0.012)  ,  ForwardTime: 0.137  ,  TotalTime: 0.563  ,  Loss/total: 3.42972  ,  Loss/ce: 3.39638  ,  IoU: 0.78336  ,  pro_loss: 0.16668
[train: Epoch 49, 1350 / 1875] FPS: 56.2 (12.4)  ,  DataTime: 0.421 (0.012)  ,  ForwardTime: 0.137  ,  TotalTime: 0.570  ,  Loss/total: 3.43042  ,  Loss/ce: 3.39708  ,  IoU: 0.78336  ,  pro_loss: 0.16668
[train: Epoch 49, 1400 / 1875] FPS: 55.8 (206.5)  ,  DataTime: 0.425 (0.012)  ,  ForwardTime: 0.137  ,  TotalTime: 0.574  ,  Loss/total: 3.43015  ,  Loss/ce: 3.39681  ,  IoU: 0.78334  ,  pro_loss: 0.16667
[train: Epoch 49, 1450 / 1875] FPS: 55.3 (208.8)  ,  DataTime: 0.430 (0.012)  ,  ForwardTime: 0.137  ,  TotalTime: 0.579  ,  Loss/total: 3.43096  ,  Loss/ce: 3.39763  ,  IoU: 0.78321  ,  pro_loss: 0.16667
[train: Epoch 49, 1500 / 1875] FPS: 55.0 (15.8)  ,  DataTime: 0.433 (0.012)  ,  ForwardTime: 0.137  ,  TotalTime: 0.582  ,  Loss/total: 3.43106  ,  Loss/ce: 3.39773  ,  IoU: 0.78318  ,  pro_loss: 0.16667
[train: Epoch 49, 1550 / 1875] FPS: 54.9 (199.5)  ,  DataTime: 0.434 (0.012)  ,  ForwardTime: 0.137  ,  TotalTime: 0.583  ,  Loss/total: 3.43177  ,  Loss/ce: 3.39844  ,  IoU: 0.78310  ,  pro_loss: 0.16667
[train: Epoch 49, 1600 / 1875] FPS: 54.6 (206.1)  ,  DataTime: 0.437 (0.012)  ,  ForwardTime: 0.137  ,  TotalTime: 0.586  ,  Loss/total: 3.43236  ,  Loss/ce: 3.39902  ,  IoU: 0.78286  ,  pro_loss: 0.16668
[train: Epoch 49, 1650 / 1875] FPS: 54.6 (204.7)  ,  DataTime: 0.437 (0.012)  ,  ForwardTime: 0.137  ,  TotalTime: 0.586  ,  Loss/total: 3.43195  ,  Loss/ce: 3.39862  ,  IoU: 0.78275  ,  pro_loss: 0.16668
[train: Epoch 49, 1700 / 1875] FPS: 54.9 (29.4)  ,  DataTime: 0.435 (0.012)  ,  ForwardTime: 0.137  ,  TotalTime: 0.583  ,  Loss/total: 3.43156  ,  Loss/ce: 3.39823  ,  IoU: 0.78287  ,  pro_loss: 0.16668
[train: Epoch 49, 1750 / 1875] FPS: 54.9 (11.9)  ,  DataTime: 0.434 (0.012)  ,  ForwardTime: 0.137  ,  TotalTime: 0.583  ,  Loss/total: 3.43121  ,  Loss/ce: 3.39787  ,  IoU: 0.78294  ,  pro_loss: 0.16668
[train: Epoch 49, 1800 / 1875] FPS: 55.2 (200.9)  ,  DataTime: 0.431 (0.012)  ,  ForwardTime: 0.137  ,  TotalTime: 0.579  ,  Loss/total: 3.43081  ,  Loss/ce: 3.39747  ,  IoU: 0.78299  ,  pro_loss: 0.16668
[train: Epoch 49, 1850 / 1875] FPS: 55.4 (202.5)  ,  DataTime: 0.428 (0.012)  ,  ForwardTime: 0.137  ,  TotalTime: 0.577  ,  Loss/total: 3.43129  ,  Loss/ce: 3.39795  ,  IoU: 0.78294  ,  pro_loss: 0.16668
[train: Epoch 49, 1875 / 1875] FPS: 55.6 (210.8)  ,  DataTime: 0.427 (0.012)  ,  ForwardTime: 0.137  ,  TotalTime: 0.575  ,  Loss/total: 3.43138  ,  Loss/ce: 3.39804  ,  IoU: 0.78295  ,  pro_loss: 0.16668
[train: Epoch 50, 50 / 1875] FPS: 55.2 (205.3)  ,  DataTime: 0.432 (0.011)  ,  ForwardTime: 0.137  ,  TotalTime: 0.580  ,  Loss/total: 3.42484  ,  Loss/ce: 3.39150  ,  IoU: 0.78328  ,  pro_loss: 0.16672
[train: Epoch 50, 100 / 1875] FPS: 59.2 (204.2)  ,  DataTime: 0.392 (0.011)  ,  ForwardTime: 0.137  ,  TotalTime: 0.540  ,  Loss/total: 3.41415  ,  Loss/ce: 3.38080  ,  IoU: 0.78538  ,  pro_loss: 0.16675
[train: Epoch 50, 150 / 1875] FPS: 60.8 (209.3)  ,  DataTime: 0.379 (0.011)  ,  ForwardTime: 0.137  ,  TotalTime: 0.527  ,  Loss/total: 3.41948  ,  Loss/ce: 3.38614  ,  IoU: 0.78550  ,  pro_loss: 0.16671
[train: Epoch 50, 200 / 1875] FPS: 63.5 (206.2)  ,  DataTime: 0.356 (0.011)  ,  ForwardTime: 0.137  ,  TotalTime: 0.504  ,  Loss/total: 3.41733  ,  Loss/ce: 3.38399  ,  IoU: 0.78651  ,  pro_loss: 0.16671
[train: Epoch 50, 250 / 1875] FPS: 62.9 (17.5)  ,  DataTime: 0.360 (0.012)  ,  ForwardTime: 0.137  ,  TotalTime: 0.508  ,  Loss/total: 3.42021  ,  Loss/ce: 3.38687  ,  IoU: 0.78664  ,  pro_loss: 0.16671
[train: Epoch 50, 300 / 1875] FPS: 63.0 (203.5)  ,  DataTime: 0.360 (0.012)  ,  ForwardTime: 0.137  ,  TotalTime: 0.508  ,  Loss/total: 3.42704  ,  Loss/ce: 3.39370  ,  IoU: 0.78547  ,  pro_loss: 0.16670
[train: Epoch 50, 350 / 1875] FPS: 64.0 (200.7)  ,  DataTime: 0.351 (0.012)  ,  ForwardTime: 0.137  ,  TotalTime: 0.500  ,  Loss/total: 3.42463  ,  Loss/ce: 3.39128  ,  IoU: 0.78600  ,  pro_loss: 0.16672
[train: Epoch 50, 400 / 1875] FPS: 63.6 (207.0)  ,  DataTime: 0.354 (0.012)  ,  ForwardTime: 0.137  ,  TotalTime: 0.503  ,  Loss/total: 3.42428  ,  Loss/ce: 3.39094  ,  IoU: 0.78566  ,  pro_loss: 0.16671
[train: Epoch 50, 450 / 1875] FPS: 63.0 (11.1)  ,  DataTime: 0.359 (0.012)  ,  ForwardTime: 0.137  ,  TotalTime: 0.508  ,  Loss/total: 3.42763  ,  Loss/ce: 3.39430  ,  IoU: 0.78513  ,  pro_loss: 0.16670
[train: Epoch 50, 500 / 1875] FPS: 63.4 (203.1)  ,  DataTime: 0.357 (0.012)  ,  ForwardTime: 0.137  ,  TotalTime: 0.505  ,  Loss/total: 3.42874  ,  Loss/ce: 3.39540  ,  IoU: 0.78483  ,  pro_loss: 0.16670
[train: Epoch 50, 550 / 1875] FPS: 63.9 (200.2)  ,  DataTime: 0.352 (0.012)  ,  ForwardTime: 0.137  ,  TotalTime: 0.501  ,  Loss/total: 3.42974  ,  Loss/ce: 3.39640  ,  IoU: 0.78409  ,  pro_loss: 0.16670
[train: Epoch 50, 600 / 1875] FPS: 64.0 (194.5)  ,  DataTime: 0.352 (0.012)  ,  ForwardTime: 0.137  ,  TotalTime: 0.500  ,  Loss/total: 3.42465  ,  Loss/ce: 3.39131  ,  IoU: 0.78515  ,  pro_loss: 0.16670
[train: Epoch 50, 650 / 1875] FPS: 63.8 (15.4)  ,  DataTime: 0.353 (0.012)  ,  ForwardTime: 0.137  ,  TotalTime: 0.501  ,  Loss/total: 3.42321  ,  Loss/ce: 3.38987  ,  IoU: 0.78529  ,  pro_loss: 0.16670
[train: Epoch 50, 700 / 1875] FPS: 64.2 (202.9)  ,  DataTime: 0.350 (0.012)  ,  ForwardTime: 0.137  ,  TotalTime: 0.498  ,  Loss/total: 3.42265  ,  Loss/ce: 3.38931  ,  IoU: 0.78522  ,  pro_loss: 0.16669
[train: Epoch 50, 750 / 1875] FPS: 64.4 (201.1)  ,  DataTime: 0.348 (0.012)  ,  ForwardTime: 0.137  ,  TotalTime: 0.497  ,  Loss/total: 3.42396  ,  Loss/ce: 3.39062  ,  IoU: 0.78506  ,  pro_loss: 0.16669
[train: Epoch 50, 800 / 1875] FPS: 64.0 (10.9)  ,  DataTime: 0.351 (0.012)  ,  ForwardTime: 0.137  ,  TotalTime: 0.500  ,  Loss/total: 3.42391  ,  Loss/ce: 3.39058  ,  IoU: 0.78493  ,  pro_loss: 0.16668
[train: Epoch 50, 850 / 1875] FPS: 64.3 (12.1)  ,  DataTime: 0.349 (0.012)  ,  ForwardTime: 0.137  ,  TotalTime: 0.498  ,  Loss/total: 3.42433  ,  Loss/ce: 3.39099  ,  IoU: 0.78465  ,  pro_loss: 0.16668
[train: Epoch 50, 900 / 1875] FPS: 64.2 (9.8)  ,  DataTime: 0.349 (0.012)  ,  ForwardTime: 0.137  ,  TotalTime: 0.498  ,  Loss/total: 3.42479  ,  Loss/ce: 3.39145  ,  IoU: 0.78453  ,  pro_loss: 0.16668
[train: Epoch 50, 950 / 1875] FPS: 64.3 (204.9)  ,  DataTime: 0.349 (0.012)  ,  ForwardTime: 0.137  ,  TotalTime: 0.498  ,  Loss/total: 3.42499  ,  Loss/ce: 3.39165  ,  IoU: 0.78452  ,  pro_loss: 0.16668
[train: Epoch 50, 1000 / 1875] FPS: 64.6 (206.5)  ,  DataTime: 0.347 (0.012)  ,  ForwardTime: 0.137  ,  TotalTime: 0.496  ,  Loss/total: 3.42493  ,  Loss/ce: 3.39159  ,  IoU: 0.78437  ,  pro_loss: 0.16668
[train: Epoch 50, 1050 / 1875] FPS: 64.8 (201.3)  ,  DataTime: 0.345 (0.012)  ,  ForwardTime: 0.137  ,  TotalTime: 0.494  ,  Loss/total: 3.42415  ,  Loss/ce: 3.39082  ,  IoU: 0.78460  ,  pro_loss: 0.16668
[train: Epoch 50, 1100 / 1875] FPS: 64.8 (19.5)  ,  DataTime: 0.345 (0.012)  ,  ForwardTime: 0.137  ,  TotalTime: 0.494  ,  Loss/total: 3.42294  ,  Loss/ce: 3.38960  ,  IoU: 0.78492  ,  pro_loss: 0.16668
[train: Epoch 50, 1150 / 1875] FPS: 65.0 (200.7)  ,  DataTime: 0.344 (0.012)  ,  ForwardTime: 0.137  ,  TotalTime: 0.493  ,  Loss/total: 3.42305  ,  Loss/ce: 3.38972  ,  IoU: 0.78499  ,  pro_loss: 0.16668
[train: Epoch 50, 1200 / 1875] FPS: 65.1 (200.5)  ,  DataTime: 0.343 (0.012)  ,  ForwardTime: 0.137  ,  TotalTime: 0.491  ,  Loss/total: 3.42207  ,  Loss/ce: 3.38873  ,  IoU: 0.78521  ,  pro_loss: 0.16668
[train: Epoch 50, 1250 / 1875] FPS: 65.2 (26.4)  ,  DataTime: 0.342 (0.012)  ,  ForwardTime: 0.137  ,  TotalTime: 0.491  ,  Loss/total: 3.42334  ,  Loss/ce: 3.39000  ,  IoU: 0.78499  ,  pro_loss: 0.16668
[train: Epoch 50, 1300 / 1875] FPS: 65.3 (202.0)  ,  DataTime: 0.341 (0.012)  ,  ForwardTime: 0.137  ,  TotalTime: 0.490  ,  Loss/total: 3.42406  ,  Loss/ce: 3.39072  ,  IoU: 0.78477  ,  pro_loss: 0.16668
[train: Epoch 50, 1350 / 1875] FPS: 65.4 (31.3)  ,  DataTime: 0.341 (0.012)  ,  ForwardTime: 0.137  ,  TotalTime: 0.489  ,  Loss/total: 3.42489  ,  Loss/ce: 3.39156  ,  IoU: 0.78448  ,  pro_loss: 0.16668
[train: Epoch 50, 1400 / 1875] FPS: 65.6 (203.6)  ,  DataTime: 0.339 (0.012)  ,  ForwardTime: 0.137  ,  TotalTime: 0.488  ,  Loss/total: 3.42445  ,  Loss/ce: 3.39111  ,  IoU: 0.78440  ,  pro_loss: 0.16668
[train: Epoch 50, 1450 / 1875] FPS: 65.4 (210.4)  ,  DataTime: 0.341 (0.012)  ,  ForwardTime: 0.137  ,  TotalTime: 0.489  ,  Loss/total: 3.42510  ,  Loss/ce: 3.39177  ,  IoU: 0.78442  ,  pro_loss: 0.16668
[train: Epoch 50, 1500 / 1875] FPS: 65.7 (206.2)  ,  DataTime: 0.338 (0.012)  ,  ForwardTime: 0.137  ,  TotalTime: 0.487  ,  Loss/total: 3.42573  ,  Loss/ce: 3.39240  ,  IoU: 0.78432  ,  pro_loss: 0.16667
[train: Epoch 50, 1550 / 1875] FPS: 65.8 (205.2)  ,  DataTime: 0.338 (0.012)  ,  ForwardTime: 0.137  ,  TotalTime: 0.486  ,  Loss/total: 3.42627  ,  Loss/ce: 3.39294  ,  IoU: 0.78420  ,  pro_loss: 0.16667
[train: Epoch 50, 1600 / 1875] FPS: 65.9 (204.4)  ,  DataTime: 0.337 (0.012)  ,  ForwardTime: 0.137  ,  TotalTime: 0.485  ,  Loss/total: 3.42601  ,  Loss/ce: 3.39268  ,  IoU: 0.78430  ,  pro_loss: 0.16668
[train: Epoch 50, 1650 / 1875] FPS: 66.0 (15.3)  ,  DataTime: 0.336 (0.012)  ,  ForwardTime: 0.137  ,  TotalTime: 0.485  ,  Loss/total: 3.42583  ,  Loss/ce: 3.39249  ,  IoU: 0.78419  ,  pro_loss: 0.16667
[train: Epoch 50, 1700 / 1875] FPS: 66.1 (201.0)  ,  DataTime: 0.335 (0.012)  ,  ForwardTime: 0.137  ,  TotalTime: 0.484  ,  Loss/total: 3.42628  ,  Loss/ce: 3.39294  ,  IoU: 0.78418  ,  pro_loss: 0.16668
[train: Epoch 50, 1750 / 1875] FPS: 66.1 (16.2)  ,  DataTime: 0.335 (0.012)  ,  ForwardTime: 0.137  ,  TotalTime: 0.484  ,  Loss/total: 3.42554  ,  Loss/ce: 3.39221  ,  IoU: 0.78428  ,  pro_loss: 0.16667
[train: Epoch 50, 1800 / 1875] FPS: 66.0 (202.9)  ,  DataTime: 0.336 (0.012)  ,  ForwardTime: 0.137  ,  TotalTime: 0.485  ,  Loss/total: 3.42566  ,  Loss/ce: 3.39232  ,  IoU: 0.78423  ,  pro_loss: 0.16668
[train: Epoch 50, 1850 / 1875] FPS: 65.9 (202.3)  ,  DataTime: 0.337 (0.012)  ,  ForwardTime: 0.137  ,  TotalTime: 0.486  ,  Loss/total: 3.42508  ,  Loss/ce: 3.39174  ,  IoU: 0.78432  ,  pro_loss: 0.16667
[train: Epoch 50, 1875 / 1875] FPS: 66.0 (209.1)  ,  DataTime: 0.336 (0.012)  ,  ForwardTime: 0.137  ,  TotalTime: 0.485  ,  Loss/total: 3.42483  ,  Loss/ce: 3.39150  ,  IoU: 0.78442  ,  pro_loss: 0.16668
[val: Epoch 50, 50 / 312] FPS: 46.2 (20.8)  ,  DataTime: 0.611 (0.013)  ,  ForwardTime: 0.069  ,  TotalTime: 0.693  ,  Loss/total: nan  ,  Loss/giou: 0.25632  ,  Loss/l1: 0.02374  ,  Loss/location: nan  ,  pro_loss: 0.16667  ,  IoU: 0.76260
[val: Epoch 50, 100 / 312] FPS: 48.0 (330.6)  ,  DataTime: 0.584 (0.013)  ,  ForwardTime: 0.069  ,  TotalTime: 0.666  ,  Loss/total: nan  ,  Loss/giou: 0.25208  ,  Loss/l1: 0.02269  ,  Loss/location: nan  ,  pro_loss: 0.16667  ,  IoU: 0.76599
[val: Epoch 50, 150 / 312] FPS: 50.8 (371.7)  ,  DataTime: 0.548 (0.013)  ,  ForwardTime: 0.069  ,  TotalTime: 0.630  ,  Loss/total: nan  ,  Loss/giou: 0.24850  ,  Loss/l1: 0.02214  ,  Loss/location: nan  ,  pro_loss: 0.16667  ,  IoU: 0.76863
[val: Epoch 50, 200 / 312] FPS: 51.3 (362.2)  ,  DataTime: 0.541 (0.013)  ,  ForwardTime: 0.069  ,  TotalTime: 0.623  ,  Loss/total: nan  ,  Loss/giou: 0.24846  ,  Loss/l1: 0.02183  ,  Loss/location: nan  ,  pro_loss: 0.16667  ,  IoU: 0.76846
[val: Epoch 50, 250 / 312] FPS: 52.8 (342.0)  ,  DataTime: 0.523 (0.013)  ,  ForwardTime: 0.069  ,  TotalTime: 0.606  ,  Loss/total: nan  ,  Loss/giou: 0.24841  ,  Loss/l1: 0.02158  ,  Loss/location: nan  ,  pro_loss: 0.16667  ,  IoU: 0.76838
[val: Epoch 50, 300 / 312] FPS: 54.3 (380.5)  ,  DataTime: 0.507 (0.013)  ,  ForwardTime: 0.070  ,  TotalTime: 0.590  ,  Loss/total: nan  ,  Loss/giou: 0.24925  ,  Loss/l1: 0.02173  ,  Loss/location: nan  ,  pro_loss: 0.16667  ,  IoU: 0.76802
[val: Epoch 50, 312 / 312] FPS: 54.8 (380.8)  ,  DataTime: 0.501 (0.013)  ,  ForwardTime: 0.069  ,  TotalTime: 0.584  ,  Loss/total: nan  ,  Loss/giou: 0.24843  ,  Loss/l1: 0.02166  ,  Loss/location: nan  ,  pro_loss: 0.16667  ,  IoU: 0.76875
