[train: Epoch 1, 50 / 625] FPS: 36.6 (504.9)  ,  DataTime: 0.801 (0.004)  ,  ForwardTime: 0.070  ,  TotalTime: 0.875  ,  Loss/total: 1.62801  ,  Loss/giou: 0.34082  ,  Loss/l1: 0.03215  ,  Loss/location: 0.75781  ,  pro_loss: 0.13896  ,  IoU: 0.69225
[train: Epoch 1, 100 / 625] FPS: 39.5 (502.8)  ,  DataTime: 0.743 (0.004)  ,  ForwardTime: 0.063  ,  TotalTime: 0.810  ,  Loss/total: 1.55122  ,  Loss/giou: 0.32830  ,  Loss/l1: 0.03152  ,  Loss/location: 0.70693  ,  pro_loss: 0.15054  ,  IoU: 0.70482
[train: Epoch 1, 150 / 625] FPS: 40.4 (505.9)  ,  DataTime: 0.728 (0.004)  ,  ForwardTime: 0.060  ,  TotalTime: 0.793  ,  Loss/total: 1.49089  ,  Loss/giou: 0.32230  ,  Loss/l1: 0.03087  ,  Loss/location: 0.66101  ,  pro_loss: 0.15453  ,  IoU: 0.70989
[train: Epoch 1, 200 / 625] FPS: 41.5 (119.6)  ,  DataTime: 0.707 (0.004)  ,  ForwardTime: 0.059  ,  TotalTime: 0.771  ,  Loss/total: 1.43404  ,  Loss/giou: 0.31462  ,  Loss/l1: 0.03024  ,  Loss/location: 0.62264  ,  pro_loss: 0.15480  ,  IoU: 0.71614
[train: Epoch 1, 250 / 625] FPS: 42.7 (501.6)  ,  DataTime: 0.687 (0.004)  ,  ForwardTime: 0.059  ,  TotalTime: 0.750  ,  Loss/total: 1.40994  ,  Loss/giou: 0.31214  ,  Loss/l1: 0.03050  ,  Loss/location: 0.60158  ,  pro_loss: 0.15792  ,  IoU: 0.71893
[train: Epoch 1, 300 / 625] FPS: 43.9 (502.7)  ,  DataTime: 0.667 (0.004)  ,  ForwardTime: 0.058  ,  TotalTime: 0.729  ,  Loss/total: 1.37150  ,  Loss/giou: 0.30723  ,  Loss/l1: 0.02995  ,  Loss/location: 0.57509  ,  pro_loss: 0.16101  ,  IoU: 0.72277
[train: Epoch 1, 50 / 625] FPS: 249.3 (131.0)  ,  DataTime: 0.053 (0.005)  ,  ForwardTime: 0.070  ,  TotalTime: 0.128  ,  Loss/total: 1.62801  ,  Loss/giou: 0.34082  ,  Loss/l1: 0.03215  ,  Loss/location: 0.75781  ,  pro_loss: 0.13896  ,  IoU: 0.69225
[train: Epoch 1, 100 / 625] FPS: 267.1 (303.4)  ,  DataTime: 0.052 (0.006)  ,  ForwardTime: 0.062  ,  TotalTime: 0.120  ,  Loss/total: 1.55122  ,  Loss/giou: 0.32830  ,  Loss/l1: 0.03152  ,  Loss/location: 0.70693  ,  pro_loss: 0.15054  ,  IoU: 0.70482
[train: Epoch 1, 150 / 625] FPS: 268.9 (134.1)  ,  DataTime: 0.053 (0.006)  ,  ForwardTime: 0.060  ,  TotalTime: 0.119  ,  Loss/total: 1.49089  ,  Loss/giou: 0.32230  ,  Loss/l1: 0.03087  ,  Loss/location: 0.66101  ,  pro_loss: 0.15453  ,  IoU: 0.70989
[train: Epoch 1, 200 / 625] FPS: 273.3 (149.5)  ,  DataTime: 0.053 (0.006)  ,  ForwardTime: 0.059  ,  TotalTime: 0.117  ,  Loss/total: 1.43404  ,  Loss/giou: 0.31462  ,  Loss/l1: 0.03024  ,  Loss/location: 0.62264  ,  pro_loss: 0.15480  ,  IoU: 0.71614
[train: Epoch 1, 250 / 625] FPS: 275.5 (280.0)  ,  DataTime: 0.052 (0.006)  ,  ForwardTime: 0.058  ,  TotalTime: 0.116  ,  Loss/total: 1.40994  ,  Loss/giou: 0.31214  ,  Loss/l1: 0.03050  ,  Loss/location: 0.60158  ,  pro_loss: 0.15792  ,  IoU: 0.71893
[train: Epoch 1, 300 / 625] FPS: 273.4 (123.2)  ,  DataTime: 0.054 (0.006)  ,  ForwardTime: 0.058  ,  TotalTime: 0.117  ,  Loss/total: 1.37150  ,  Loss/giou: 0.30723  ,  Loss/l1: 0.02995  ,  Loss/location: 0.57509  ,  pro_loss: 0.16101  ,  IoU: 0.72277
[train: Epoch 1, 350 / 625] FPS: 218.6 (44.5)  ,  DataTime: 0.083 (0.005)  ,  ForwardTime: 0.058  ,  TotalTime: 0.146  ,  Loss/total: 1.33760  ,  Loss/giou: 0.30257  ,  Loss/l1: 0.02934  ,  Loss/location: 0.55317  ,  pro_loss: 0.16295  ,  IoU: 0.72627
[train: Epoch 1, 400 / 625] FPS: 160.8 (19.7)  ,  DataTime: 0.136 (0.005)  ,  ForwardTime: 0.057  ,  TotalTime: 0.199  ,  Loss/total: 1.31564  ,  Loss/giou: 0.30011  ,  Loss/l1: 0.02897  ,  Loss/location: 0.53777  ,  pro_loss: 0.16396  ,  IoU: 0.72830
[train: Epoch 1, 450 / 625] FPS: 135.7 (516.1)  ,  DataTime: 0.173 (0.005)  ,  ForwardTime: 0.057  ,  TotalTime: 0.236  ,  Loss/total: 1.29349  ,  Loss/giou: 0.29729  ,  Loss/l1: 0.02853  ,  Loss/location: 0.52330  ,  pro_loss: 0.16491  ,  IoU: 0.73083
[train: Epoch 1, 500 / 625] FPS: 121.0 (15.6)  ,  DataTime: 0.202 (0.005)  ,  ForwardTime: 0.057  ,  TotalTime: 0.265  ,  Loss/total: 1.26758  ,  Loss/giou: 0.29298  ,  Loss/l1: 0.02781  ,  Loss/location: 0.50939  ,  pro_loss: 0.16584  ,  IoU: 0.73430
[train: Epoch 1, 550 / 625] FPS: 111.5 (503.1)  ,  DataTime: 0.225 (0.005)  ,  ForwardTime: 0.057  ,  TotalTime: 0.287  ,  Loss/total: 1.24818  ,  Loss/giou: 0.29020  ,  Loss/l1: 0.02738  ,  Loss/location: 0.49782  ,  pro_loss: 0.16546  ,  IoU: 0.73663
[train: Epoch 1, 600 / 625] FPS: 104.7 (19.4)  ,  DataTime: 0.244 (0.005)  ,  ForwardTime: 0.057  ,  TotalTime: 0.306  ,  Loss/total: 1.23640  ,  Loss/giou: 0.28856  ,  Loss/l1: 0.02722  ,  Loss/location: 0.49017  ,  pro_loss: 0.16505  ,  IoU: 0.73829
[train: Epoch 1, 625 / 625] FPS: 103.3 (527.8)  ,  DataTime: 0.248 (0.005)  ,  ForwardTime: 0.057  ,  TotalTime: 0.310  ,  Loss/total: 1.23106  ,  Loss/giou: 0.28764  ,  Loss/l1: 0.02712  ,  Loss/location: 0.48720  ,  pro_loss: 0.16495  ,  IoU: 0.73910
[train: Epoch 2, 50 / 625] FPS: 65.3 (20.4)  ,  DataTime: 0.431 (0.004)  ,  ForwardTime: 0.055  ,  TotalTime: 0.490  ,  Loss/total: 1.06465  ,  Loss/giou: 0.25947  ,  Loss/l1: 0.02365  ,  Loss/location: 0.39525  ,  pro_loss: 0.16104  ,  IoU: 0.76392
[train: Epoch 2, 100 / 625] FPS: 72.1 (515.4)  ,  DataTime: 0.384 (0.004)  ,  ForwardTime: 0.055  ,  TotalTime: 0.444  ,  Loss/total: 1.04237  ,  Loss/giou: 0.25610  ,  Loss/l1: 0.02229  ,  Loss/location: 0.38635  ,  pro_loss: 0.16177  ,  IoU: 0.76502
[train: Epoch 2, 150 / 625] FPS: 74.3 (512.1)  ,  DataTime: 0.371 (0.005)  ,  ForwardTime: 0.055  ,  TotalTime: 0.431  ,  Loss/total: 1.03274  ,  Loss/giou: 0.25265  ,  Loss/l1: 0.02229  ,  Loss/location: 0.38291  ,  pro_loss: 0.16549  ,  IoU: 0.76890
[train: Epoch 2, 200 / 625] FPS: 74.5 (500.3)  ,  DataTime: 0.370 (0.005)  ,  ForwardTime: 0.055  ,  TotalTime: 0.430  ,  Loss/total: 1.03851  ,  Loss/giou: 0.25535  ,  Loss/l1: 0.02258  ,  Loss/location: 0.38218  ,  pro_loss: 0.16349  ,  IoU: 0.76647
[train: Epoch 2, 250 / 625] FPS: 77.2 (511.7)  ,  DataTime: 0.355 (0.005)  ,  ForwardTime: 0.055  ,  TotalTime: 0.415  ,  Loss/total: 1.02810  ,  Loss/giou: 0.25343  ,  Loss/l1: 0.02223  ,  Loss/location: 0.37761  ,  pro_loss: 0.16233  ,  IoU: 0.76801
[train: Epoch 2, 300 / 625] FPS: 79.1 (520.6)  ,  DataTime: 0.345 (0.005)  ,  ForwardTime: 0.055  ,  TotalTime: 0.404  ,  Loss/total: 1.02259  ,  Loss/giou: 0.25246  ,  Loss/l1: 0.02218  ,  Loss/location: 0.37428  ,  pro_loss: 0.16247  ,  IoU: 0.76872
[train: Epoch 2, 350 / 625] FPS: 80.9 (92.9)  ,  DataTime: 0.336 (0.005)  ,  ForwardTime: 0.055  ,  TotalTime: 0.395  ,  Loss/total: 1.02626  ,  Loss/giou: 0.25342  ,  Loss/l1: 0.02244  ,  Loss/location: 0.37475  ,  pro_loss: 0.16238  ,  IoU: 0.76783
[train: Epoch 2, 400 / 625] FPS: 82.3 (513.1)  ,  DataTime: 0.329 (0.005)  ,  ForwardTime: 0.055  ,  TotalTime: 0.389  ,  Loss/total: 1.02329  ,  Loss/giou: 0.25286  ,  Loss/l1: 0.02223  ,  Loss/location: 0.37406  ,  pro_loss: 0.16190  ,  IoU: 0.76803
[train: Epoch 2, 450 / 625] FPS: 84.4 (488.1)  ,  DataTime: 0.319 (0.005)  ,  ForwardTime: 0.055  ,  TotalTime: 0.379  ,  Loss/total: 1.01970  ,  Loss/giou: 0.25183  ,  Loss/l1: 0.02218  ,  Loss/location: 0.37291  ,  pro_loss: 0.16123  ,  IoU: 0.76892
[train: Epoch 2, 500 / 625] FPS: 85.9 (33.3)  ,  DataTime: 0.313 (0.005)  ,  ForwardTime: 0.055  ,  TotalTime: 0.372  ,  Loss/total: 1.01521  ,  Loss/giou: 0.25073  ,  Loss/l1: 0.02217  ,  Loss/location: 0.37089  ,  pro_loss: 0.16006  ,  IoU: 0.77008
[train: Epoch 2, 550 / 625] FPS: 87.9 (500.6)  ,  DataTime: 0.304 (0.005)  ,  ForwardTime: 0.055  ,  TotalTime: 0.364  ,  Loss/total: 1.01330  ,  Loss/giou: 0.25030  ,  Loss/l1: 0.02211  ,  Loss/location: 0.37034  ,  pro_loss: 0.15911  ,  IoU: 0.77046
[train: Epoch 2, 600 / 625] FPS: 89.9 (83.5)  ,  DataTime: 0.296 (0.005)  ,  ForwardTime: 0.055  ,  TotalTime: 0.356  ,  Loss/total: 1.01304  ,  Loss/giou: 0.25034  ,  Loss/l1: 0.02205  ,  Loss/location: 0.37045  ,  pro_loss: 0.15832  ,  IoU: 0.77036
[train: Epoch 2, 625 / 625] FPS: 90.9 (527.8)  ,  DataTime: 0.293 (0.005)  ,  ForwardTime: 0.055  ,  TotalTime: 0.352  ,  Loss/total: 1.01574  ,  Loss/giou: 0.25123  ,  Loss/l1: 0.02225  ,  Loss/location: 0.37044  ,  pro_loss: 0.15803  ,  IoU: 0.76983
[train: Epoch 3, 50 / 625] FPS: 111.0 (71.8)  ,  DataTime: 0.229 (0.005)  ,  ForwardTime: 0.055  ,  TotalTime: 0.288  ,  Loss/total: 0.96681  ,  Loss/giou: 0.24172  ,  Loss/l1: 0.02137  ,  Loss/location: 0.34560  ,  pro_loss: 0.15466  ,  IoU: 0.77727
[train: Epoch 3, 100 / 625] FPS: 119.3 (508.6)  ,  DataTime: 0.208 (0.005)  ,  ForwardTime: 0.055  ,  TotalTime: 0.268  ,  Loss/total: 0.96480  ,  Loss/giou: 0.24065  ,  Loss/l1: 0.02093  ,  Loss/location: 0.34802  ,  pro_loss: 0.15431  ,  IoU: 0.77837
[train: Epoch 3, 150 / 625] FPS: 121.6 (510.7)  ,  DataTime: 0.203 (0.005)  ,  ForwardTime: 0.055  ,  TotalTime: 0.263  ,  Loss/total: 0.97216  ,  Loss/giou: 0.24130  ,  Loss/l1: 0.02076  ,  Loss/location: 0.35547  ,  pro_loss: 0.15155  ,  IoU: 0.77770
[train: Epoch 3, 200 / 625] FPS: 123.6 (516.0)  ,  DataTime: 0.199 (0.005)  ,  ForwardTime: 0.055  ,  TotalTime: 0.259  ,  Loss/total: 0.98944  ,  Loss/giou: 0.24488  ,  Loss/l1: 0.02140  ,  Loss/location: 0.36223  ,  pro_loss: 0.15231  ,  IoU: 0.77496
[train: Epoch 3, 250 / 625] FPS: 126.3 (517.3)  ,  DataTime: 0.194 (0.005)  ,  ForwardTime: 0.055  ,  TotalTime: 0.253  ,  Loss/total: 0.99033  ,  Loss/giou: 0.24488  ,  Loss/l1: 0.02148  ,  Loss/location: 0.36269  ,  pro_loss: 0.15252  ,  IoU: 0.77540
[train: Epoch 3, 300 / 625] FPS: 128.9 (512.5)  ,  DataTime: 0.188 (0.005)  ,  ForwardTime: 0.055  ,  TotalTime: 0.248  ,  Loss/total: 0.99407  ,  Loss/giou: 0.24570  ,  Loss/l1: 0.02181  ,  Loss/location: 0.36344  ,  pro_loss: 0.15078  ,  IoU: 0.77507
[train: Epoch 3, 350 / 625] FPS: 129.3 (515.4)  ,  DataTime: 0.188 (0.005)  ,  ForwardTime: 0.055  ,  TotalTime: 0.247  ,  Loss/total: 0.98857  ,  Loss/giou: 0.24424  ,  Loss/l1: 0.02169  ,  Loss/location: 0.36157  ,  pro_loss: 0.15034  ,  IoU: 0.77636
[train: Epoch 3, 400 / 625] FPS: 132.3 (506.3)  ,  DataTime: 0.182 (0.005)  ,  ForwardTime: 0.055  ,  TotalTime: 0.242  ,  Loss/total: 0.97972  ,  Loss/giou: 0.24174  ,  Loss/l1: 0.02126  ,  Loss/location: 0.36004  ,  pro_loss: 0.14952  ,  IoU: 0.77808
[train: Epoch 3, 450 / 625] FPS: 134.5 (126.4)  ,  DataTime: 0.178 (0.005)  ,  ForwardTime: 0.055  ,  TotalTime: 0.238  ,  Loss/total: 0.97857  ,  Loss/giou: 0.24146  ,  Loss/l1: 0.02123  ,  Loss/location: 0.35979  ,  pro_loss: 0.14860  ,  IoU: 0.77836
[train: Epoch 3, 500 / 625] FPS: 136.3 (109.0)  ,  DataTime: 0.175 (0.005)  ,  ForwardTime: 0.055  ,  TotalTime: 0.235  ,  Loss/total: 0.97521  ,  Loss/giou: 0.24040  ,  Loss/l1: 0.02115  ,  Loss/location: 0.35881  ,  pro_loss: 0.14930  ,  IoU: 0.77920
[train: Epoch 3, 550 / 625] FPS: 138.4 (82.8)  ,  DataTime: 0.171 (0.005)  ,  ForwardTime: 0.055  ,  TotalTime: 0.231  ,  Loss/total: 0.97156  ,  Loss/giou: 0.23929  ,  Loss/l1: 0.02093  ,  Loss/location: 0.35843  ,  pro_loss: 0.14944  ,  IoU: 0.78010
[train: Epoch 3, 600 / 625] FPS: 140.3 (100.4)  ,  DataTime: 0.168 (0.005)  ,  ForwardTime: 0.055  ,  TotalTime: 0.228  ,  Loss/total: 0.97104  ,  Loss/giou: 0.23899  ,  Loss/l1: 0.02092  ,  Loss/location: 0.35861  ,  pro_loss: 0.14910  ,  IoU: 0.78033
[train: Epoch 3, 625 / 625] FPS: 141.6 (340.6)  ,  DataTime: 0.166 (0.005)  ,  ForwardTime: 0.055  ,  TotalTime: 0.226  ,  Loss/total: 0.97333  ,  Loss/giou: 0.23969  ,  Loss/l1: 0.02103  ,  Loss/location: 0.35910  ,  pro_loss: 0.14854  ,  IoU: 0.77988
[train: Epoch 4, 50 / 625] FPS: 154.3 (493.4)  ,  DataTime: 0.147 (0.005)  ,  ForwardTime: 0.055  ,  TotalTime: 0.207  ,  Loss/total: 0.96292  ,  Loss/giou: 0.23711  ,  Loss/l1: 0.02037  ,  Loss/location: 0.35772  ,  pro_loss: 0.14563  ,  IoU: 0.78267
[train: Epoch 4, 100 / 625] FPS: 166.0 (506.1)  ,  DataTime: 0.132 (0.005)  ,  ForwardTime: 0.055  ,  TotalTime: 0.193  ,  Loss/total: 0.98282  ,  Loss/giou: 0.24258  ,  Loss/l1: 0.02144  ,  Loss/location: 0.36118  ,  pro_loss: 0.14646  ,  IoU: 0.77884
[train: Epoch 4, 150 / 625] FPS: 167.0 (82.2)  ,  DataTime: 0.131 (0.005)  ,  ForwardTime: 0.055  ,  TotalTime: 0.192  ,  Loss/total: 0.97363  ,  Loss/giou: 0.24089  ,  Loss/l1: 0.02122  ,  Loss/location: 0.35649  ,  pro_loss: 0.14639  ,  IoU: 0.78033
[train: Epoch 4, 200 / 625] FPS: 171.4 (508.3)  ,  DataTime: 0.126 (0.005)  ,  ForwardTime: 0.055  ,  TotalTime: 0.187  ,  Loss/total: 0.96048  ,  Loss/giou: 0.23621  ,  Loss/l1: 0.02059  ,  Loss/location: 0.35597  ,  pro_loss: 0.14578  ,  IoU: 0.78297
[train: Epoch 4, 250 / 625] FPS: 175.9 (58.7)  ,  DataTime: 0.122 (0.005)  ,  ForwardTime: 0.055  ,  TotalTime: 0.182  ,  Loss/total: 0.96055  ,  Loss/giou: 0.23618  ,  Loss/l1: 0.02038  ,  Loss/location: 0.35738  ,  pro_loss: 0.14450  ,  IoU: 0.78265
[train: Epoch 4, 300 / 625] FPS: 179.6 (505.6)  ,  DataTime: 0.118 (0.005)  ,  ForwardTime: 0.055  ,  TotalTime: 0.178  ,  Loss/total: 0.95154  ,  Loss/giou: 0.23405  ,  Loss/l1: 0.02017  ,  Loss/location: 0.35369  ,  pro_loss: 0.14452  ,  IoU: 0.78448
[train: Epoch 4, 350 / 625] FPS: 181.1 (78.5)  ,  DataTime: 0.116 (0.005)  ,  ForwardTime: 0.055  ,  TotalTime: 0.177  ,  Loss/total: 0.94775  ,  Loss/giou: 0.23335  ,  Loss/l1: 0.02008  ,  Loss/location: 0.35175  ,  pro_loss: 0.14450  ,  IoU: 0.78507
[train: Epoch 4, 400 / 625] FPS: 183.2 (505.4)  ,  DataTime: 0.114 (0.005)  ,  ForwardTime: 0.055  ,  TotalTime: 0.175  ,  Loss/total: 0.94542  ,  Loss/giou: 0.23284  ,  Loss/l1: 0.02003  ,  Loss/location: 0.35072  ,  pro_loss: 0.14425  ,  IoU: 0.78546
[train: Epoch 4, 450 / 625] FPS: 184.9 (108.2)  ,  DataTime: 0.113 (0.005)  ,  ForwardTime: 0.055  ,  TotalTime: 0.173  ,  Loss/total: 0.94893  ,  Loss/giou: 0.23319  ,  Loss/l1: 0.02015  ,  Loss/location: 0.35306  ,  pro_loss: 0.14359  ,  IoU: 0.78501
[train: Epoch 4, 500 / 625] FPS: 185.4 (99.4)  ,  DataTime: 0.112 (0.005)  ,  ForwardTime: 0.055  ,  TotalTime: 0.173  ,  Loss/total: 0.94549  ,  Loss/giou: 0.23265  ,  Loss/l1: 0.02010  ,  Loss/location: 0.35115  ,  pro_loss: 0.14269  ,  IoU: 0.78544
[train: Epoch 4, 550 / 625] FPS: 187.6 (489.4)  ,  DataTime: 0.110 (0.005)  ,  ForwardTime: 0.055  ,  TotalTime: 0.171  ,  Loss/total: 0.94577  ,  Loss/giou: 0.23281  ,  Loss/l1: 0.02012  ,  Loss/location: 0.35109  ,  pro_loss: 0.14222  ,  IoU: 0.78520
[train: Epoch 4, 600 / 625] FPS: 188.9 (111.3)  ,  DataTime: 0.109 (0.005)  ,  ForwardTime: 0.056  ,  TotalTime: 0.169  ,  Loss/total: 0.94062  ,  Loss/giou: 0.23158  ,  Loss/l1: 0.01992  ,  Loss/location: 0.34942  ,  pro_loss: 0.14221  ,  IoU: 0.78608
[train: Epoch 4, 625 / 625] FPS: 190.5 (511.7)  ,  DataTime: 0.107 (0.005)  ,  ForwardTime: 0.056  ,  TotalTime: 0.168  ,  Loss/total: 0.94168  ,  Loss/giou: 0.23167  ,  Loss/l1: 0.01998  ,  Loss/location: 0.35010  ,  pro_loss: 0.14172  ,  IoU: 0.78599
[train: Epoch 5, 50 / 625] FPS: 199.3 (91.9)  ,  DataTime: 0.100 (0.005)  ,  ForwardTime: 0.056  ,  TotalTime: 0.161  ,  Loss/total: 0.96147  ,  Loss/giou: 0.23302  ,  Loss/l1: 0.02088  ,  Loss/location: 0.36270  ,  pro_loss: 0.14152  ,  IoU: 0.78499
[train: Epoch 5, 100 / 625] FPS: 210.8 (504.7)  ,  DataTime: 0.091 (0.005)  ,  ForwardTime: 0.056  ,  TotalTime: 0.152  ,  Loss/total: 0.96563  ,  Loss/giou: 0.23530  ,  Loss/l1: 0.02062  ,  Loss/location: 0.36400  ,  pro_loss: 0.13972  ,  IoU: 0.78287
[train: Epoch 5, 150 / 625] FPS: 211.5 (86.1)  ,  DataTime: 0.090 (0.005)  ,  ForwardTime: 0.056  ,  TotalTime: 0.151  ,  Loss/total: 0.93891  ,  Loss/giou: 0.22972  ,  Loss/l1: 0.01938  ,  Loss/location: 0.35458  ,  pro_loss: 0.13995  ,  IoU: 0.78667
[train: Epoch 5, 200 / 625] FPS: 211.5 (480.7)  ,  DataTime: 0.090 (0.005)  ,  ForwardTime: 0.056  ,  TotalTime: 0.151  ,  Loss/total: 0.94374  ,  Loss/giou: 0.23180  ,  Loss/l1: 0.02007  ,  Loss/location: 0.35213  ,  pro_loss: 0.13830  ,  IoU: 0.78590
[train: Epoch 5, 250 / 625] FPS: 213.6 (80.3)  ,  DataTime: 0.089 (0.005)  ,  ForwardTime: 0.056  ,  TotalTime: 0.150  ,  Loss/total: 0.94144  ,  Loss/giou: 0.23203  ,  Loss/l1: 0.02012  ,  Loss/location: 0.34917  ,  pro_loss: 0.13793  ,  IoU: 0.78584
[train: Epoch 5, 300 / 625] FPS: 217.1 (496.0)  ,  DataTime: 0.086 (0.005)  ,  ForwardTime: 0.056  ,  TotalTime: 0.147  ,  Loss/total: 0.93637  ,  Loss/giou: 0.23047  ,  Loss/l1: 0.01986  ,  Loss/location: 0.34848  ,  pro_loss: 0.13824  ,  IoU: 0.78700
[train: Epoch 5, 350 / 625] FPS: 214.6 (86.6)  ,  DataTime: 0.088 (0.005)  ,  ForwardTime: 0.056  ,  TotalTime: 0.149  ,  Loss/total: 0.93545  ,  Loss/giou: 0.23096  ,  Loss/l1: 0.01992  ,  Loss/location: 0.34634  ,  pro_loss: 0.13792  ,  IoU: 0.78689
[train: Epoch 5, 400 / 625] FPS: 215.3 (489.0)  ,  DataTime: 0.087 (0.005)  ,  ForwardTime: 0.056  ,  TotalTime: 0.149  ,  Loss/total: 0.93449  ,  Loss/giou: 0.23087  ,  Loss/l1: 0.01981  ,  Loss/location: 0.34616  ,  pro_loss: 0.13758  ,  IoU: 0.78686
[train: Epoch 5, 450 / 625] FPS: 215.1 (71.4)  ,  DataTime: 0.088 (0.005)  ,  ForwardTime: 0.056  ,  TotalTime: 0.149  ,  Loss/total: 0.93195  ,  Loss/giou: 0.23047  ,  Loss/l1: 0.01976  ,  Loss/location: 0.34474  ,  pro_loss: 0.13732  ,  IoU: 0.78721
[train: Epoch 5, 500 / 625] FPS: 214.9 (493.9)  ,  DataTime: 0.088 (0.005)  ,  ForwardTime: 0.056  ,  TotalTime: 0.149  ,  Loss/total: 0.93122  ,  Loss/giou: 0.23005  ,  Loss/l1: 0.01967  ,  Loss/location: 0.34527  ,  pro_loss: 0.13746  ,  IoU: 0.78747
[train: Epoch 5, 550 / 625] FPS: 216.4 (114.0)  ,  DataTime: 0.087 (0.005)  ,  ForwardTime: 0.056  ,  TotalTime: 0.148  ,  Loss/total: 0.93174  ,  Loss/giou: 0.23001  ,  Loss/l1: 0.01967  ,  Loss/location: 0.34584  ,  pro_loss: 0.13775  ,  IoU: 0.78728
[train: Epoch 5, 600 / 625] FPS: 216.5 (80.5)  ,  DataTime: 0.087 (0.005)  ,  ForwardTime: 0.056  ,  TotalTime: 0.148  ,  Loss/total: 0.92524  ,  Loss/giou: 0.22825  ,  Loss/l1: 0.01947  ,  Loss/location: 0.34380  ,  pro_loss: 0.13785  ,  IoU: 0.78869
[train: Epoch 5, 625 / 625] FPS: 217.5 (526.6)  ,  DataTime: 0.086 (0.005)  ,  ForwardTime: 0.056  ,  TotalTime: 0.147  ,  Loss/total: 0.92665  ,  Loss/giou: 0.22830  ,  Loss/l1: 0.01949  ,  Loss/location: 0.34502  ,  pro_loss: 0.13790  ,  IoU: 0.78864
[val: Epoch 5, 50 / 156] FPS: 43.1 (1036.1)  ,  DataTime: 0.714 (0.004)  ,  ForwardTime: 0.024  ,  TotalTime: 0.742  ,  Loss/total: 0.87961  ,  Loss/giou: 0.22917  ,  Loss/l1: 0.01682  ,  Loss/location: 0.33360  ,  pro_loss: 0.01792  ,  IoU: 0.78503
[val: Epoch 5, 100 / 156] FPS: 45.8 (1039.2)  ,  DataTime: 0.670 (0.004)  ,  ForwardTime: 0.024  ,  TotalTime: 0.698  ,  Loss/total: 0.88700  ,  Loss/giou: 0.23257  ,  Loss/l1: 0.01711  ,  Loss/location: 0.33309  ,  pro_loss: 0.01604  ,  IoU: 0.78257
[val: Epoch 5, 150 / 156] FPS: 49.0 (1031.5)  ,  DataTime: 0.625 (0.004)  ,  ForwardTime: 0.024  ,  TotalTime: 0.653  ,  Loss/total: 0.87591  ,  Loss/giou: 0.23039  ,  Loss/l1: 0.01681  ,  Loss/location: 0.32777  ,  pro_loss: 0.01646  ,  IoU: 0.78385
[val: Epoch 5, 156 / 156] FPS: 50.3 (1062.7)  ,  DataTime: 0.608 (0.004)  ,  ForwardTime: 0.024  ,  TotalTime: 0.636  ,  Loss/total: 0.87708  ,  Loss/giou: 0.23049  ,  Loss/l1: 0.01688  ,  Loss/location: 0.32832  ,  pro_loss: 0.01696  ,  IoU: 0.78394
[train: Epoch 6, 50 / 625] FPS: 215.8 (514.2)  ,  DataTime: 0.088 (0.005)  ,  ForwardTime: 0.056  ,  TotalTime: 0.148  ,  Loss/total: 0.91594  ,  Loss/giou: 0.22694  ,  Loss/l1: 0.01920  ,  Loss/location: 0.33804  ,  pro_loss: 0.14021  ,  IoU: 0.78983
[train: Epoch 6, 100 / 625] FPS: 230.8 (477.5)  ,  DataTime: 0.078 (0.005)  ,  ForwardTime: 0.055  ,  TotalTime: 0.139  ,  Loss/total: 0.93573  ,  Loss/giou: 0.23005  ,  Loss/l1: 0.01960  ,  Loss/location: 0.34985  ,  pro_loss: 0.13887  ,  IoU: 0.78747
[train: Epoch 6, 150 / 625] FPS: 236.3 (505.8)  ,  DataTime: 0.075 (0.005)  ,  ForwardTime: 0.056  ,  TotalTime: 0.135  ,  Loss/total: 0.92299  ,  Loss/giou: 0.22748  ,  Loss/l1: 0.01918  ,  Loss/location: 0.34450  ,  pro_loss: 0.13806  ,  IoU: 0.78926
[train: Epoch 6, 200 / 625] FPS: 240.5 (506.7)  ,  DataTime: 0.072 (0.005)  ,  ForwardTime: 0.055  ,  TotalTime: 0.133  ,  Loss/total: 0.93409  ,  Loss/giou: 0.22941  ,  Loss/l1: 0.01961  ,  Loss/location: 0.34933  ,  pro_loss: 0.13943  ,  IoU: 0.78801
[train: Epoch 6, 250 / 625] FPS: 239.5 (508.4)  ,  DataTime: 0.073 (0.005)  ,  ForwardTime: 0.055  ,  TotalTime: 0.134  ,  Loss/total: 0.93065  ,  Loss/giou: 0.22908  ,  Loss/l1: 0.01973  ,  Loss/location: 0.34601  ,  pro_loss: 0.13905  ,  IoU: 0.78874
[train: Epoch 6, 300 / 625] FPS: 240.1 (501.5)  ,  DataTime: 0.073 (0.005)  ,  ForwardTime: 0.056  ,  TotalTime: 0.133  ,  Loss/total: 0.92749  ,  Loss/giou: 0.22859  ,  Loss/l1: 0.01968  ,  Loss/location: 0.34425  ,  pro_loss: 0.13841  ,  IoU: 0.78931
[train: Epoch 6, 350 / 625] FPS: 239.5 (494.6)  ,  DataTime: 0.073 (0.005)  ,  ForwardTime: 0.056  ,  TotalTime: 0.134  ,  Loss/total: 0.93225  ,  Loss/giou: 0.22929  ,  Loss/l1: 0.01975  ,  Loss/location: 0.34726  ,  pro_loss: 0.13834  ,  IoU: 0.78868
[train: Epoch 6, 400 / 625] FPS: 238.8 (496.4)  ,  DataTime: 0.073 (0.005)  ,  ForwardTime: 0.056  ,  TotalTime: 0.134  ,  Loss/total: 0.93160  ,  Loss/giou: 0.22900  ,  Loss/l1: 0.01970  ,  Loss/location: 0.34745  ,  pro_loss: 0.13828  ,  IoU: 0.78864
[train: Epoch 6, 450 / 625] FPS: 239.3 (493.2)  ,  DataTime: 0.073 (0.005)  ,  ForwardTime: 0.056  ,  TotalTime: 0.134  ,  Loss/total: 0.92326  ,  Loss/giou: 0.22692  ,  Loss/l1: 0.01932  ,  Loss/location: 0.34512  ,  pro_loss: 0.13839  ,  IoU: 0.79017
[train: Epoch 6, 500 / 625] FPS: 239.1 (495.3)  ,  DataTime: 0.073 (0.005)  ,  ForwardTime: 0.056  ,  TotalTime: 0.134  ,  Loss/total: 0.91856  ,  Loss/giou: 0.22608  ,  Loss/l1: 0.01919  ,  Loss/location: 0.34266  ,  pro_loss: 0.13893  ,  IoU: 0.79080
[train: Epoch 6, 550 / 625] FPS: 239.4 (499.6)  ,  DataTime: 0.073 (0.005)  ,  ForwardTime: 0.056  ,  TotalTime: 0.134  ,  Loss/total: 0.92020  ,  Loss/giou: 0.22618  ,  Loss/l1: 0.01917  ,  Loss/location: 0.34441  ,  pro_loss: 0.13785  ,  IoU: 0.79064
[train: Epoch 6, 600 / 625] FPS: 239.6 (502.7)  ,  DataTime: 0.072 (0.005)  ,  ForwardTime: 0.056  ,  TotalTime: 0.134  ,  Loss/total: 0.91902  ,  Loss/giou: 0.22587  ,  Loss/l1: 0.01910  ,  Loss/location: 0.34410  ,  pro_loss: 0.13836  ,  IoU: 0.79081
[train: Epoch 6, 625 / 625] FPS: 239.5 (107.9)  ,  DataTime: 0.072 (0.005)  ,  ForwardTime: 0.056  ,  TotalTime: 0.134  ,  Loss/total: 0.91808  ,  Loss/giou: 0.22570  ,  Loss/l1: 0.01910  ,  Loss/location: 0.34350  ,  pro_loss: 0.13833  ,  IoU: 0.79093
[train: Epoch 7, 50 / 625] FPS: 228.4 (97.9)  ,  DataTime: 0.079 (0.005)  ,  ForwardTime: 0.056  ,  TotalTime: 0.140  ,  Loss/total: 0.91380  ,  Loss/giou: 0.22542  ,  Loss/l1: 0.01885  ,  Loss/location: 0.34088  ,  pro_loss: 0.13915  ,  IoU: 0.79184
[train: Epoch 7, 100 / 625] FPS: 237.3 (504.6)  ,  DataTime: 0.073 (0.005)  ,  ForwardTime: 0.056  ,  TotalTime: 0.135  ,  Loss/total: 0.88776  ,  Loss/giou: 0.22134  ,  Loss/l1: 0.01844  ,  Loss/location: 0.32526  ,  pro_loss: 0.13822  ,  IoU: 0.79555
[train: Epoch 7, 150 / 625] FPS: 240.4 (115.4)  ,  DataTime: 0.072 (0.005)  ,  ForwardTime: 0.056  ,  TotalTime: 0.133  ,  Loss/total: 0.90084  ,  Loss/giou: 0.22291  ,  Loss/l1: 0.01891  ,  Loss/location: 0.33327  ,  pro_loss: 0.13609  ,  IoU: 0.79380
[train: Epoch 7, 200 / 625] FPS: 241.2 (486.0)  ,  DataTime: 0.071 (0.005)  ,  ForwardTime: 0.056  ,  TotalTime: 0.133  ,  Loss/total: 0.89371  ,  Loss/giou: 0.22084  ,  Loss/l1: 0.01846  ,  Loss/location: 0.33287  ,  pro_loss: 0.13421  ,  IoU: 0.79454
[train: Epoch 7, 250 / 625] FPS: 243.4 (167.2)  ,  DataTime: 0.070 (0.005)  ,  ForwardTime: 0.056  ,  TotalTime: 0.131  ,  Loss/total: 0.89411  ,  Loss/giou: 0.22064  ,  Loss/l1: 0.01856  ,  Loss/location: 0.33319  ,  pro_loss: 0.13417  ,  IoU: 0.79459
[train: Epoch 7, 300 / 625] FPS: 243.2 (491.5)  ,  DataTime: 0.070 (0.005)  ,  ForwardTime: 0.056  ,  TotalTime: 0.132  ,  Loss/total: 0.88670  ,  Loss/giou: 0.21946  ,  Loss/l1: 0.01832  ,  Loss/location: 0.32936  ,  pro_loss: 0.13410  ,  IoU: 0.79559
[train: Epoch 7, 350 / 625] FPS: 243.9 (182.7)  ,  DataTime: 0.070 (0.005)  ,  ForwardTime: 0.056  ,  TotalTime: 0.131  ,  Loss/total: 0.89117  ,  Loss/giou: 0.22055  ,  Loss/l1: 0.01848  ,  Loss/location: 0.33098  ,  pro_loss: 0.13355  ,  IoU: 0.79491
[train: Epoch 7, 400 / 625] FPS: 244.5 (470.6)  ,  DataTime: 0.069 (0.005)  ,  ForwardTime: 0.056  ,  TotalTime: 0.131  ,  Loss/total: 0.89328  ,  Loss/giou: 0.22032  ,  Loss/l1: 0.01852  ,  Loss/location: 0.33329  ,  pro_loss: 0.13381  ,  IoU: 0.79522
[train: Epoch 7, 450 / 625] FPS: 243.7 (96.4)  ,  DataTime: 0.070 (0.005)  ,  ForwardTime: 0.056  ,  TotalTime: 0.131  ,  Loss/total: 0.89360  ,  Loss/giou: 0.22035  ,  Loss/l1: 0.01856  ,  Loss/location: 0.33348  ,  pro_loss: 0.13317  ,  IoU: 0.79528
[train: Epoch 7, 500 / 625] FPS: 244.2 (210.6)  ,  DataTime: 0.069 (0.005)  ,  ForwardTime: 0.056  ,  TotalTime: 0.131  ,  Loss/total: 0.89285  ,  Loss/giou: 0.21996  ,  Loss/l1: 0.01852  ,  Loss/location: 0.33361  ,  pro_loss: 0.13363  ,  IoU: 0.79559
[train: Epoch 7, 550 / 625] FPS: 243.8 (89.7)  ,  DataTime: 0.070 (0.005)  ,  ForwardTime: 0.056  ,  TotalTime: 0.131  ,  Loss/total: 0.89357  ,  Loss/giou: 0.22042  ,  Loss/l1: 0.01850  ,  Loss/location: 0.33336  ,  pro_loss: 0.13428  ,  IoU: 0.79521
[train: Epoch 7, 600 / 625] FPS: 244.9 (476.1)  ,  DataTime: 0.069 (0.005)  ,  ForwardTime: 0.056  ,  TotalTime: 0.131  ,  Loss/total: 0.89572  ,  Loss/giou: 0.22063  ,  Loss/l1: 0.01862  ,  Loss/location: 0.33442  ,  pro_loss: 0.13481  ,  IoU: 0.79509
[train: Epoch 7, 625 / 625] FPS: 244.9 (524.1)  ,  DataTime: 0.069 (0.005)  ,  ForwardTime: 0.056  ,  TotalTime: 0.131  ,  Loss/total: 0.89441  ,  Loss/giou: 0.22054  ,  Loss/l1: 0.01858  ,  Loss/location: 0.33345  ,  pro_loss: 0.13483  ,  IoU: 0.79514
[train: Epoch 8, 50 / 625] FPS: 234.2 (148.7)  ,  DataTime: 0.075 (0.005)  ,  ForwardTime: 0.056  ,  TotalTime: 0.137  ,  Loss/total: 0.88777  ,  Loss/giou: 0.22402  ,  Loss/l1: 0.01911  ,  Loss/location: 0.31447  ,  pro_loss: 0.14854  ,  IoU: 0.79262
[train: Epoch 8, 100 / 625] FPS: 244.4 (176.6)  ,  DataTime: 0.069 (0.005)  ,  ForwardTime: 0.056  ,  TotalTime: 0.131  ,  Loss/total: 0.87004  ,  Loss/giou: 0.21750  ,  Loss/l1: 0.01786  ,  Loss/location: 0.31726  ,  pro_loss: 0.14240  ,  IoU: 0.79660
[train: Epoch 8, 150 / 625] FPS: 246.4 (268.9)  ,  DataTime: 0.068 (0.005)  ,  ForwardTime: 0.056  ,  TotalTime: 0.130  ,  Loss/total: 0.87775  ,  Loss/giou: 0.21838  ,  Loss/l1: 0.01840  ,  Loss/location: 0.32072  ,  pro_loss: 0.14125  ,  IoU: 0.79659
[train: Epoch 8, 200 / 625] FPS: 248.1 (136.2)  ,  DataTime: 0.067 (0.005)  ,  ForwardTime: 0.056  ,  TotalTime: 0.129  ,  Loss/total: 0.87936  ,  Loss/giou: 0.21733  ,  Loss/l1: 0.01817  ,  Loss/location: 0.32565  ,  pro_loss: 0.14089  ,  IoU: 0.79691
[train: Epoch 8, 250 / 625] FPS: 251.0 (493.1)  ,  DataTime: 0.066 (0.005)  ,  ForwardTime: 0.056  ,  TotalTime: 0.127  ,  Loss/total: 0.88249  ,  Loss/giou: 0.21849  ,  Loss/l1: 0.01829  ,  Loss/location: 0.32612  ,  pro_loss: 0.13963  ,  IoU: 0.79615
[train: Epoch 8, 300 / 625] FPS: 251.4 (163.5)  ,  DataTime: 0.065 (0.005)  ,  ForwardTime: 0.056  ,  TotalTime: 0.127  ,  Loss/total: 0.87645  ,  Loss/giou: 0.21721  ,  Loss/l1: 0.01804  ,  Loss/location: 0.32388  ,  pro_loss: 0.13977  ,  IoU: 0.79751
[train: Epoch 8, 350 / 625] FPS: 252.0 (474.1)  ,  DataTime: 0.065 (0.005)  ,  ForwardTime: 0.056  ,  TotalTime: 0.127  ,  Loss/total: 0.88077  ,  Loss/giou: 0.21798  ,  Loss/l1: 0.01819  ,  Loss/location: 0.32605  ,  pro_loss: 0.13903  ,  IoU: 0.79720
[train: Epoch 8, 400 / 625] FPS: 251.2 (132.9)  ,  DataTime: 0.066 (0.005)  ,  ForwardTime: 0.056  ,  TotalTime: 0.127  ,  Loss/total: 0.88437  ,  Loss/giou: 0.21884  ,  Loss/l1: 0.01842  ,  Loss/location: 0.32675  ,  pro_loss: 0.13917  ,  IoU: 0.79651
[train: Epoch 8, 450 / 625] FPS: 252.1 (154.4)  ,  DataTime: 0.065 (0.005)  ,  ForwardTime: 0.056  ,  TotalTime: 0.127  ,  Loss/total: 0.87834  ,  Loss/giou: 0.21780  ,  Loss/l1: 0.01815  ,  Loss/location: 0.32428  ,  pro_loss: 0.13866  ,  IoU: 0.79725
[train: Epoch 8, 500 / 625] FPS: 252.5 (205.5)  ,  DataTime: 0.065 (0.005)  ,  ForwardTime: 0.056  ,  TotalTime: 0.127  ,  Loss/total: 0.88025  ,  Loss/giou: 0.21832  ,  Loss/l1: 0.01814  ,  Loss/location: 0.32534  ,  pro_loss: 0.13788  ,  IoU: 0.79687
[train: Epoch 8, 550 / 625] FPS: 252.6 (472.4)  ,  DataTime: 0.065 (0.005)  ,  ForwardTime: 0.056  ,  TotalTime: 0.127  ,  Loss/total: 0.88273  ,  Loss/giou: 0.21854  ,  Loss/l1: 0.01826  ,  Loss/location: 0.32678  ,  pro_loss: 0.13768  ,  IoU: 0.79672
[train: Epoch 8, 600 / 625] FPS: 253.0 (250.3)  ,  DataTime: 0.065 (0.005)  ,  ForwardTime: 0.056  ,  TotalTime: 0.126  ,  Loss/total: 0.87890  ,  Loss/giou: 0.21788  ,  Loss/l1: 0.01816  ,  Loss/location: 0.32489  ,  pro_loss: 0.13714  ,  IoU: 0.79723
[train: Epoch 8, 625 / 625] FPS: 252.9 (188.5)  ,  DataTime: 0.065 (0.005)  ,  ForwardTime: 0.056  ,  TotalTime: 0.127  ,  Loss/total: 0.87868  ,  Loss/giou: 0.21776  ,  Loss/l1: 0.01817  ,  Loss/location: 0.32502  ,  pro_loss: 0.13657  ,  IoU: 0.79742
[train: Epoch 9, 50 / 625] FPS: 237.8 (489.0)  ,  DataTime: 0.073 (0.005)  ,  ForwardTime: 0.056  ,  TotalTime: 0.135  ,  Loss/total: 0.90058  ,  Loss/giou: 0.21988  ,  Loss/l1: 0.01943  ,  Loss/location: 0.33693  ,  pro_loss: 0.13377  ,  IoU: 0.79538
[train: Epoch 9, 100 / 625] FPS: 249.3 (474.8)  ,  DataTime: 0.066 (0.005)  ,  ForwardTime: 0.056  ,  TotalTime: 0.128  ,  Loss/total: 0.89427  ,  Loss/giou: 0.21736  ,  Loss/l1: 0.01887  ,  Loss/location: 0.33885  ,  pro_loss: 0.13168  ,  IoU: 0.79796
[train: Epoch 9, 150 / 625] FPS: 246.8 (101.8)  ,  DataTime: 0.068 (0.005)  ,  ForwardTime: 0.056  ,  TotalTime: 0.130  ,  Loss/total: 0.88819  ,  Loss/giou: 0.21737  ,  Loss/l1: 0.01903  ,  Loss/location: 0.33203  ,  pro_loss: 0.13140  ,  IoU: 0.79757
[train: Epoch 9, 200 / 625] FPS: 251.5 (485.7)  ,  DataTime: 0.065 (0.006)  ,  ForwardTime: 0.056  ,  TotalTime: 0.127  ,  Loss/total: 0.89266  ,  Loss/giou: 0.21945  ,  Loss/l1: 0.01928  ,  Loss/location: 0.33110  ,  pro_loss: 0.13136  ,  IoU: 0.79627
[train: Epoch 9, 250 / 625] FPS: 251.5 (131.8)  ,  DataTime: 0.065 (0.006)  ,  ForwardTime: 0.056  ,  TotalTime: 0.127  ,  Loss/total: 0.88140  ,  Loss/giou: 0.21768  ,  Loss/l1: 0.01877  ,  Loss/location: 0.32554  ,  pro_loss: 0.13334  ,  IoU: 0.79763
[train: Epoch 9, 300 / 625] FPS: 252.6 (492.3)  ,  DataTime: 0.065 (0.006)  ,  ForwardTime: 0.056  ,  TotalTime: 0.127  ,  Loss/total: 0.87550  ,  Loss/giou: 0.21647  ,  Loss/l1: 0.01849  ,  Loss/location: 0.32313  ,  pro_loss: 0.13500  ,  IoU: 0.79840
[train: Epoch 9, 350 / 625] FPS: 253.0 (148.4)  ,  DataTime: 0.065 (0.006)  ,  ForwardTime: 0.056  ,  TotalTime: 0.126  ,  Loss/total: 0.87212  ,  Loss/giou: 0.21554  ,  Loss/l1: 0.01825  ,  Loss/location: 0.32271  ,  pro_loss: 0.13527  ,  IoU: 0.79909
[train: Epoch 9, 400 / 625] FPS: 254.3 (490.1)  ,  DataTime: 0.064 (0.006)  ,  ForwardTime: 0.056  ,  TotalTime: 0.126  ,  Loss/total: 0.87418  ,  Loss/giou: 0.21627  ,  Loss/l1: 0.01838  ,  Loss/location: 0.32269  ,  pro_loss: 0.13524  ,  IoU: 0.79857
[train: Epoch 9, 450 / 625] FPS: 253.6 (493.5)  ,  DataTime: 0.064 (0.006)  ,  ForwardTime: 0.056  ,  TotalTime: 0.126  ,  Loss/total: 0.86886  ,  Loss/giou: 0.21515  ,  Loss/l1: 0.01811  ,  Loss/location: 0.32093  ,  pro_loss: 0.13533  ,  IoU: 0.79944
[train: Epoch 9, 500 / 625] FPS: 254.0 (487.8)  ,  DataTime: 0.064 (0.006)  ,  ForwardTime: 0.056  ,  TotalTime: 0.126  ,  Loss/total: 0.86970  ,  Loss/giou: 0.21517  ,  Loss/l1: 0.01810  ,  Loss/location: 0.32176  ,  pro_loss: 0.13546  ,  IoU: 0.79936
[train: Epoch 9, 550 / 625] FPS: 253.9 (494.4)  ,  DataTime: 0.064 (0.006)  ,  ForwardTime: 0.056  ,  TotalTime: 0.126  ,  Loss/total: 0.86824  ,  Loss/giou: 0.21487  ,  Loss/l1: 0.01804  ,  Loss/location: 0.32133  ,  pro_loss: 0.13476  ,  IoU: 0.79959
[train: Epoch 9, 600 / 625] FPS: 254.8 (489.1)  ,  DataTime: 0.064 (0.006)  ,  ForwardTime: 0.056  ,  TotalTime: 0.126  ,  Loss/total: 0.86290  ,  Loss/giou: 0.21371  ,  Loss/l1: 0.01783  ,  Loss/location: 0.31935  ,  pro_loss: 0.13495  ,  IoU: 0.80043
[train: Epoch 9, 625 / 625] FPS: 254.9 (145.3)  ,  DataTime: 0.064 (0.006)  ,  ForwardTime: 0.056  ,  TotalTime: 0.126  ,  Loss/total: 0.86227  ,  Loss/giou: 0.21335  ,  Loss/l1: 0.01781  ,  Loss/location: 0.31938  ,  pro_loss: 0.13564  ,  IoU: 0.80078
[train: Epoch 10, 50 / 625] FPS: 241.3 (483.3)  ,  DataTime: 0.071 (0.005)  ,  ForwardTime: 0.056  ,  TotalTime: 0.133  ,  Loss/total: 0.83052  ,  Loss/giou: 0.19930  ,  Loss/l1: 0.01551  ,  Loss/location: 0.32601  ,  pro_loss: 0.14187  ,  IoU: 0.81089
[train: Epoch 10, 100 / 625] FPS: 253.2 (489.0)  ,  DataTime: 0.064 (0.005)  ,  ForwardTime: 0.056  ,  TotalTime: 0.126  ,  Loss/total: 0.85617  ,  Loss/giou: 0.20660  ,  Loss/l1: 0.01648  ,  Loss/location: 0.33286  ,  pro_loss: 0.13854  ,  IoU: 0.80604
[train: Epoch 10, 150 / 625] FPS: 251.0 (490.6)  ,  DataTime: 0.066 (0.005)  ,  ForwardTime: 0.056  ,  TotalTime: 0.127  ,  Loss/total: 0.84551  ,  Loss/giou: 0.20617  ,  Loss/l1: 0.01649  ,  Loss/location: 0.32350  ,  pro_loss: 0.13604  ,  IoU: 0.80678
[train: Epoch 10, 200 / 625] FPS: 256.5 (474.3)  ,  DataTime: 0.063 (0.005)  ,  ForwardTime: 0.056  ,  TotalTime: 0.125  ,  Loss/total: 0.85540  ,  Loss/giou: 0.20918  ,  Loss/l1: 0.01701  ,  Loss/location: 0.32487  ,  pro_loss: 0.13552  ,  IoU: 0.80429
[train: Epoch 10, 250 / 625] FPS: 255.4 (490.6)  ,  DataTime: 0.063 (0.006)  ,  ForwardTime: 0.056  ,  TotalTime: 0.125  ,  Loss/total: 0.86863  ,  Loss/giou: 0.21168  ,  Loss/l1: 0.01750  ,  Loss/location: 0.33071  ,  pro_loss: 0.13534  ,  IoU: 0.80206
[train: Epoch 10, 300 / 625] FPS: 256.3 (491.4)  ,  DataTime: 0.063 (0.006)  ,  ForwardTime: 0.056  ,  TotalTime: 0.125  ,  Loss/total: 0.86415  ,  Loss/giou: 0.21136  ,  Loss/l1: 0.01735  ,  Loss/location: 0.32748  ,  pro_loss: 0.13594  ,  IoU: 0.80220
[train: Epoch 10, 350 / 625] FPS: 256.2 (487.9)  ,  DataTime: 0.063 (0.006)  ,  ForwardTime: 0.056  ,  TotalTime: 0.125  ,  Loss/total: 0.86384  ,  Loss/giou: 0.21115  ,  Loss/l1: 0.01750  ,  Loss/location: 0.32694  ,  pro_loss: 0.13560  ,  IoU: 0.80291
[train: Epoch 10, 400 / 625] FPS: 256.3 (485.6)  ,  DataTime: 0.063 (0.006)  ,  ForwardTime: 0.056  ,  TotalTime: 0.125  ,  Loss/total: 0.85750  ,  Loss/giou: 0.21012  ,  Loss/l1: 0.01734  ,  Loss/location: 0.32348  ,  pro_loss: 0.13532  ,  IoU: 0.80361
[train: Epoch 10, 450 / 625] FPS: 255.8 (486.5)  ,  DataTime: 0.063 (0.006)  ,  ForwardTime: 0.056  ,  TotalTime: 0.125  ,  Loss/total: 0.85572  ,  Loss/giou: 0.20989  ,  Loss/l1: 0.01732  ,  Loss/location: 0.32232  ,  pro_loss: 0.13503  ,  IoU: 0.80390
[train: Epoch 10, 500 / 625] FPS: 256.4 (485.5)  ,  DataTime: 0.063 (0.006)  ,  ForwardTime: 0.056  ,  TotalTime: 0.125  ,  Loss/total: 0.85549  ,  Loss/giou: 0.20963  ,  Loss/l1: 0.01729  ,  Loss/location: 0.32274  ,  pro_loss: 0.13531  ,  IoU: 0.80407
[train: Epoch 10, 550 / 625] FPS: 256.9 (489.3)  ,  DataTime: 0.063 (0.006)  ,  ForwardTime: 0.056  ,  TotalTime: 0.125  ,  Loss/total: 0.85607  ,  Loss/giou: 0.20972  ,  Loss/l1: 0.01737  ,  Loss/location: 0.32284  ,  pro_loss: 0.13460  ,  IoU: 0.80395
[train: Epoch 10, 600 / 625] FPS: 257.5 (159.7)  ,  DataTime: 0.062 (0.006)  ,  ForwardTime: 0.056  ,  TotalTime: 0.124  ,  Loss/total: 0.85436  ,  Loss/giou: 0.20938  ,  Loss/l1: 0.01735  ,  Loss/location: 0.32193  ,  pro_loss: 0.13465  ,  IoU: 0.80416
[train: Epoch 10, 625 / 625] FPS: 257.8 (248.1)  ,  DataTime: 0.062 (0.006)  ,  ForwardTime: 0.056  ,  TotalTime: 0.124  ,  Loss/total: 0.85409  ,  Loss/giou: 0.20926  ,  Loss/l1: 0.01733  ,  Loss/location: 0.32192  ,  pro_loss: 0.13490  ,  IoU: 0.80427
[val: Epoch 10, 50 / 156] FPS: 64.1 (1048.8)  ,  DataTime: 0.471 (0.004)  ,  ForwardTime: 0.024  ,  TotalTime: 0.499  ,  Loss/total: 0.86730  ,  Loss/giou: 0.22711  ,  Loss/l1: 0.01632  ,  Loss/location: 0.33037  ,  pro_loss: 0.00563  ,  IoU: 0.78643
[val: Epoch 10, 100 / 156] FPS: 65.0 (1035.8)  ,  DataTime: 0.464 (0.004)  ,  ForwardTime: 0.024  ,  TotalTime: 0.492  ,  Loss/total: 0.88452  ,  Loss/giou: 0.23146  ,  Loss/l1: 0.01700  ,  Loss/location: 0.33565  ,  pro_loss: 0.00479  ,  IoU: 0.78422
[val: Epoch 10, 150 / 156] FPS: 69.4 (1039.2)  ,  DataTime: 0.433 (0.004)  ,  ForwardTime: 0.024  ,  TotalTime: 0.461  ,  Loss/total: 0.88181  ,  Loss/giou: 0.23233  ,  Loss/l1: 0.01703  ,  Loss/location: 0.33093  ,  pro_loss: 0.00549  ,  IoU: 0.78348
[val: Epoch 10, 156 / 156] FPS: 70.6 (198.9)  ,  DataTime: 0.425 (0.004)  ,  ForwardTime: 0.024  ,  TotalTime: 0.453  ,  Loss/total: 0.87897  ,  Loss/giou: 0.23178  ,  Loss/l1: 0.01689  ,  Loss/location: 0.32988  ,  pro_loss: 0.00534  ,  IoU: 0.78366
[train: Epoch 11, 50 / 625] FPS: 256.6 (245.4)  ,  DataTime: 0.064 (0.005)  ,  ForwardTime: 0.056  ,  TotalTime: 0.125  ,  Loss/total: 0.85962  ,  Loss/giou: 0.21052  ,  Loss/l1: 0.01710  ,  Loss/location: 0.32524  ,  pro_loss: 0.13916  ,  IoU: 0.80195
[train: Epoch 11, 100 / 625] FPS: 267.8 (502.5)  ,  DataTime: 0.059 (0.005)  ,  ForwardTime: 0.055  ,  TotalTime: 0.119  ,  Loss/total: 0.88490  ,  Loss/giou: 0.21683  ,  Loss/l1: 0.01817  ,  Loss/location: 0.33295  ,  pro_loss: 0.13729  ,  IoU: 0.79705
[train: Epoch 11, 150 / 625] FPS: 269.6 (508.0)  ,  DataTime: 0.058 (0.005)  ,  ForwardTime: 0.055  ,  TotalTime: 0.119  ,  Loss/total: 0.88226  ,  Loss/giou: 0.21524  ,  Loss/l1: 0.01798  ,  Loss/location: 0.33380  ,  pro_loss: 0.14050  ,  IoU: 0.79826
[train: Epoch 11, 200 / 625] FPS: 272.6 (503.3)  ,  DataTime: 0.057 (0.005)  ,  ForwardTime: 0.055  ,  TotalTime: 0.117  ,  Loss/total: 0.87355  ,  Loss/giou: 0.21356  ,  Loss/l1: 0.01764  ,  Loss/location: 0.33062  ,  pro_loss: 0.13808  ,  IoU: 0.79951
[train: Epoch 11, 250 / 625] FPS: 269.0 (495.4)  ,  DataTime: 0.058 (0.005)  ,  ForwardTime: 0.056  ,  TotalTime: 0.119  ,  Loss/total: 0.86864  ,  Loss/giou: 0.21262  ,  Loss/l1: 0.01760  ,  Loss/location: 0.32792  ,  pro_loss: 0.13747  ,  IoU: 0.80062
[train: Epoch 11, 300 / 625] FPS: 268.9 (475.9)  ,  DataTime: 0.058 (0.005)  ,  ForwardTime: 0.056  ,  TotalTime: 0.119  ,  Loss/total: 0.86893  ,  Loss/giou: 0.21341  ,  Loss/l1: 0.01760  ,  Loss/location: 0.32658  ,  pro_loss: 0.13758  ,  IoU: 0.80004
[train: Epoch 11, 350 / 625] FPS: 267.2 (491.2)  ,  DataTime: 0.059 (0.005)  ,  ForwardTime: 0.056  ,  TotalTime: 0.120  ,  Loss/total: 0.86785  ,  Loss/giou: 0.21338  ,  Loss/l1: 0.01766  ,  Loss/location: 0.32544  ,  pro_loss: 0.13685  ,  IoU: 0.80023
[train: Epoch 11, 400 / 625] FPS: 267.4 (480.6)  ,  DataTime: 0.058 (0.005)  ,  ForwardTime: 0.056  ,  TotalTime: 0.120  ,  Loss/total: 0.86729  ,  Loss/giou: 0.21316  ,  Loss/l1: 0.01756  ,  Loss/location: 0.32572  ,  pro_loss: 0.13737  ,  IoU: 0.80042
[train: Epoch 11, 450 / 625] FPS: 267.2 (474.5)  ,  DataTime: 0.058 (0.005)  ,  ForwardTime: 0.056  ,  TotalTime: 0.120  ,  Loss/total: 0.86601  ,  Loss/giou: 0.21268  ,  Loss/l1: 0.01752  ,  Loss/location: 0.32564  ,  pro_loss: 0.13706  ,  IoU: 0.80077
[train: Epoch 11, 500 / 625] FPS: 266.2 (114.0)  ,  DataTime: 0.059 (0.005)  ,  ForwardTime: 0.056  ,  TotalTime: 0.120  ,  Loss/total: 0.86467  ,  Loss/giou: 0.21187  ,  Loss/l1: 0.01748  ,  Loss/location: 0.32616  ,  pro_loss: 0.13675  ,  IoU: 0.80159
[train: Epoch 11, 550 / 625] FPS: 266.4 (486.3)  ,  DataTime: 0.059 (0.005)  ,  ForwardTime: 0.056  ,  TotalTime: 0.120  ,  Loss/total: 0.86588  ,  Loss/giou: 0.21171  ,  Loss/l1: 0.01747  ,  Loss/location: 0.32773  ,  pro_loss: 0.13686  ,  IoU: 0.80170
[train: Epoch 11, 600 / 625] FPS: 265.6 (110.0)  ,  DataTime: 0.059 (0.005)  ,  ForwardTime: 0.056  ,  TotalTime: 0.120  ,  Loss/total: 0.86195  ,  Loss/giou: 0.21108  ,  Loss/l1: 0.01735  ,  Loss/location: 0.32571  ,  pro_loss: 0.13680  ,  IoU: 0.80228
[train: Epoch 11, 625 / 625] FPS: 265.7 (519.1)  ,  DataTime: 0.059 (0.005)  ,  ForwardTime: 0.056  ,  TotalTime: 0.120  ,  Loss/total: 0.86029  ,  Loss/giou: 0.21070  ,  Loss/l1: 0.01727  ,  Loss/location: 0.32515  ,  pro_loss: 0.13700  ,  IoU: 0.80256
[train: Epoch 12, 50 / 625] FPS: 246.7 (117.3)  ,  DataTime: 0.068 (0.005)  ,  ForwardTime: 0.056  ,  TotalTime: 0.130  ,  Loss/total: 0.86489  ,  Loss/giou: 0.21517  ,  Loss/l1: 0.01846  ,  Loss/location: 0.31631  ,  pro_loss: 0.12978  ,  IoU: 0.79915
[train: Epoch 12, 100 / 625] FPS: 253.5 (490.7)  ,  DataTime: 0.064 (0.005)  ,  ForwardTime: 0.056  ,  TotalTime: 0.126  ,  Loss/total: 0.85976  ,  Loss/giou: 0.21101  ,  Loss/l1: 0.01765  ,  Loss/location: 0.32209  ,  pro_loss: 0.13708  ,  IoU: 0.80235
[train: Epoch 12, 150 / 625] FPS: 254.0 (110.9)  ,  DataTime: 0.064 (0.005)  ,  ForwardTime: 0.056  ,  TotalTime: 0.126  ,  Loss/total: 0.85313  ,  Loss/giou: 0.21052  ,  Loss/l1: 0.01741  ,  Loss/location: 0.31764  ,  pro_loss: 0.13708  ,  IoU: 0.80238
[train: Epoch 12, 200 / 625] FPS: 255.7 (497.3)  ,  DataTime: 0.063 (0.005)  ,  ForwardTime: 0.056  ,  TotalTime: 0.125  ,  Loss/total: 0.86021  ,  Loss/giou: 0.21202  ,  Loss/l1: 0.01769  ,  Loss/location: 0.32027  ,  pro_loss: 0.13719  ,  IoU: 0.80178
[train: Epoch 12, 250 / 625] FPS: 257.3 (382.5)  ,  DataTime: 0.062 (0.005)  ,  ForwardTime: 0.056  ,  TotalTime: 0.124  ,  Loss/total: 0.86026  ,  Loss/giou: 0.21169  ,  Loss/l1: 0.01774  ,  Loss/location: 0.32058  ,  pro_loss: 0.13812  ,  IoU: 0.80198
[train: Epoch 12, 300 / 625] FPS: 257.5 (490.5)  ,  DataTime: 0.062 (0.005)  ,  ForwardTime: 0.056  ,  TotalTime: 0.124  ,  Loss/total: 0.85481  ,  Loss/giou: 0.21059  ,  Loss/l1: 0.01758  ,  Loss/location: 0.31811  ,  pro_loss: 0.13805  ,  IoU: 0.80311
[train: Epoch 12, 350 / 625] FPS: 258.0 (167.7)  ,  DataTime: 0.062 (0.005)  ,  ForwardTime: 0.056  ,  TotalTime: 0.124  ,  Loss/total: 0.84965  ,  Loss/giou: 0.20972  ,  Loss/l1: 0.01755  ,  Loss/location: 0.31500  ,  pro_loss: 0.13732  ,  IoU: 0.80405
[train: Epoch 12, 400 / 625] FPS: 258.7 (493.2)  ,  DataTime: 0.062 (0.005)  ,  ForwardTime: 0.056  ,  TotalTime: 0.124  ,  Loss/total: 0.84575  ,  Loss/giou: 0.20885  ,  Loss/l1: 0.01736  ,  Loss/location: 0.31375  ,  pro_loss: 0.13740  ,  IoU: 0.80468
[train: Epoch 12, 450 / 625] FPS: 259.8 (313.2)  ,  DataTime: 0.061 (0.006)  ,  ForwardTime: 0.056  ,  TotalTime: 0.123  ,  Loss/total: 0.84691  ,  Loss/giou: 0.20925  ,  Loss/l1: 0.01732  ,  Loss/location: 0.31436  ,  pro_loss: 0.13727  ,  IoU: 0.80435
[train: Epoch 12, 500 / 625] FPS: 259.4 (493.6)  ,  DataTime: 0.061 (0.006)  ,  ForwardTime: 0.056  ,  TotalTime: 0.123  ,  Loss/total: 0.84108  ,  Loss/giou: 0.20778  ,  Loss/l1: 0.01709  ,  Loss/location: 0.31259  ,  pro_loss: 0.13735  ,  IoU: 0.80552
[train: Epoch 12, 550 / 625] FPS: 260.0 (234.8)  ,  DataTime: 0.061 (0.006)  ,  ForwardTime: 0.056  ,  TotalTime: 0.123  ,  Loss/total: 0.83798  ,  Loss/giou: 0.20686  ,  Loss/l1: 0.01691  ,  Loss/location: 0.31224  ,  pro_loss: 0.13737  ,  IoU: 0.80625
[train: Epoch 12, 600 / 625] FPS: 260.0 (493.7)  ,  DataTime: 0.061 (0.006)  ,  ForwardTime: 0.056  ,  TotalTime: 0.123  ,  Loss/total: 0.83985  ,  Loss/giou: 0.20712  ,  Loss/l1: 0.01698  ,  Loss/location: 0.31323  ,  pro_loss: 0.13752  ,  IoU: 0.80611
[train: Epoch 12, 625 / 625] FPS: 260.6 (524.0)  ,  DataTime: 0.061 (0.006)  ,  ForwardTime: 0.056  ,  TotalTime: 0.123  ,  Loss/total: 0.84117  ,  Loss/giou: 0.20751  ,  Loss/l1: 0.01703  ,  Loss/location: 0.31345  ,  pro_loss: 0.13763  ,  IoU: 0.80580
[train: Epoch 13, 50 / 625] FPS: 245.1 (316.2)  ,  DataTime: 0.069 (0.006)  ,  ForwardTime: 0.056  ,  TotalTime: 0.131  ,  Loss/total: 0.88123  ,  Loss/giou: 0.21643  ,  Loss/l1: 0.01844  ,  Loss/location: 0.32661  ,  pro_loss: 0.14792  ,  IoU: 0.79798
[train: Epoch 13, 100 / 625] FPS: 257.6 (474.1)  ,  DataTime: 0.062 (0.006)  ,  ForwardTime: 0.056  ,  TotalTime: 0.124  ,  Loss/total: 0.86727  ,  Loss/giou: 0.21217  ,  Loss/l1: 0.01823  ,  Loss/location: 0.32331  ,  pro_loss: 0.14249  ,  IoU: 0.80198
[train: Epoch 13, 150 / 625] FPS: 257.4 (479.7)  ,  DataTime: 0.062 (0.006)  ,  ForwardTime: 0.056  ,  TotalTime: 0.124  ,  Loss/total: 0.86702  ,  Loss/giou: 0.21216  ,  Loss/l1: 0.01799  ,  Loss/location: 0.32485  ,  pro_loss: 0.13950  ,  IoU: 0.80176
[train: Epoch 13, 200 / 625] FPS: 259.7 (323.2)  ,  DataTime: 0.061 (0.006)  ,  ForwardTime: 0.056  ,  TotalTime: 0.123  ,  Loss/total: 0.86459  ,  Loss/giou: 0.21304  ,  Loss/l1: 0.01801  ,  Loss/location: 0.32081  ,  pro_loss: 0.13838  ,  IoU: 0.80147
[train: Epoch 13, 250 / 625] FPS: 259.4 (492.8)  ,  DataTime: 0.061 (0.006)  ,  ForwardTime: 0.056  ,  TotalTime: 0.123  ,  Loss/total: 0.85636  ,  Loss/giou: 0.21083  ,  Loss/l1: 0.01753  ,  Loss/location: 0.31893  ,  pro_loss: 0.14066  ,  IoU: 0.80320
[train: Epoch 13, 300 / 625] FPS: 260.4 (475.2)  ,  DataTime: 0.061 (0.006)  ,  ForwardTime: 0.056  ,  TotalTime: 0.123  ,  Loss/total: 0.85190  ,  Loss/giou: 0.20930  ,  Loss/l1: 0.01720  ,  Loss/location: 0.31914  ,  pro_loss: 0.14079  ,  IoU: 0.80439
[train: Epoch 13, 350 / 625] FPS: 259.7 (265.2)  ,  DataTime: 0.061 (0.006)  ,  ForwardTime: 0.056  ,  TotalTime: 0.123  ,  Loss/total: 0.85070  ,  Loss/giou: 0.20838  ,  Loss/l1: 0.01695  ,  Loss/location: 0.32116  ,  pro_loss: 0.14012  ,  IoU: 0.80488
[train: Epoch 13, 400 / 625] FPS: 260.5 (229.9)  ,  DataTime: 0.061 (0.006)  ,  ForwardTime: 0.056  ,  TotalTime: 0.123  ,  Loss/total: 0.85159  ,  Loss/giou: 0.20896  ,  Loss/l1: 0.01693  ,  Loss/location: 0.32095  ,  pro_loss: 0.14027  ,  IoU: 0.80460
[train: Epoch 13, 450 / 625] FPS: 260.2 (205.0)  ,  DataTime: 0.061 (0.006)  ,  ForwardTime: 0.056  ,  TotalTime: 0.123  ,  Loss/total: 0.84932  ,  Loss/giou: 0.20853  ,  Loss/l1: 0.01682  ,  Loss/location: 0.32011  ,  pro_loss: 0.14019  ,  IoU: 0.80500
[train: Epoch 13, 500 / 625] FPS: 260.7 (198.2)  ,  DataTime: 0.061 (0.006)  ,  ForwardTime: 0.056  ,  TotalTime: 0.123  ,  Loss/total: 0.84382  ,  Loss/giou: 0.20710  ,  Loss/l1: 0.01653  ,  Loss/location: 0.31890  ,  pro_loss: 0.14044  ,  IoU: 0.80591
[train: Epoch 13, 550 / 625] FPS: 260.3 (118.0)  ,  DataTime: 0.061 (0.006)  ,  ForwardTime: 0.056  ,  TotalTime: 0.123  ,  Loss/total: 0.84403  ,  Loss/giou: 0.20734  ,  Loss/l1: 0.01659  ,  Loss/location: 0.31848  ,  pro_loss: 0.13961  ,  IoU: 0.80560
[train: Epoch 13, 600 / 625] FPS: 260.6 (476.5)  ,  DataTime: 0.061 (0.006)  ,  ForwardTime: 0.056  ,  TotalTime: 0.123  ,  Loss/total: 0.84843  ,  Loss/giou: 0.20796  ,  Loss/l1: 0.01672  ,  Loss/location: 0.32101  ,  pro_loss: 0.13952  ,  IoU: 0.80505
[train: Epoch 13, 625 / 625] FPS: 260.9 (527.0)  ,  DataTime: 0.061 (0.006)  ,  ForwardTime: 0.056  ,  TotalTime: 0.123  ,  Loss/total: 0.84814  ,  Loss/giou: 0.20790  ,  Loss/l1: 0.01673  ,  Loss/location: 0.32084  ,  pro_loss: 0.13924  ,  IoU: 0.80514
[train: Epoch 14, 50 / 625] FPS: 239.8 (191.5)  ,  DataTime: 0.072 (0.005)  ,  ForwardTime: 0.056  ,  TotalTime: 0.133  ,  Loss/total: 0.82662  ,  Loss/giou: 0.20352  ,  Loss/l1: 0.01611  ,  Loss/location: 0.31285  ,  pro_loss: 0.13083  ,  IoU: 0.80923
[train: Epoch 14, 100 / 625] FPS: 249.5 (485.4)  ,  DataTime: 0.066 (0.005)  ,  ForwardTime: 0.056  ,  TotalTime: 0.128  ,  Loss/total: 0.83110  ,  Loss/giou: 0.20708  ,  Loss/l1: 0.01669  ,  Loss/location: 0.30630  ,  pro_loss: 0.13594  ,  IoU: 0.80658
[train: Epoch 14, 150 / 625] FPS: 250.8 (118.7)  ,  DataTime: 0.066 (0.005)  ,  ForwardTime: 0.057  ,  TotalTime: 0.128  ,  Loss/total: 0.83760  ,  Loss/giou: 0.20799  ,  Loss/l1: 0.01695  ,  Loss/location: 0.30953  ,  pro_loss: 0.13661  ,  IoU: 0.80568
[train: Epoch 14, 200 / 625] FPS: 254.9 (454.3)  ,  DataTime: 0.064 (0.006)  ,  ForwardTime: 0.057  ,  TotalTime: 0.126  ,  Loss/total: 0.83446  ,  Loss/giou: 0.20728  ,  Loss/l1: 0.01707  ,  Loss/location: 0.30709  ,  pro_loss: 0.13725  ,  IoU: 0.80643
[train: Epoch 14, 250 / 625] FPS: 255.9 (124.8)  ,  DataTime: 0.063 (0.006)  ,  ForwardTime: 0.057  ,  TotalTime: 0.125  ,  Loss/total: 0.83010  ,  Loss/giou: 0.20632  ,  Loss/l1: 0.01696  ,  Loss/location: 0.30507  ,  pro_loss: 0.13784  ,  IoU: 0.80698
[train: Epoch 14, 300 / 625] FPS: 257.8 (482.6)  ,  DataTime: 0.062 (0.006)  ,  ForwardTime: 0.057  ,  TotalTime: 0.124  ,  Loss/total: 0.82360  ,  Loss/giou: 0.20450  ,  Loss/l1: 0.01676  ,  Loss/location: 0.30344  ,  pro_loss: 0.13674  ,  IoU: 0.80851
[train: Epoch 14, 350 / 625] FPS: 257.2 (113.4)  ,  DataTime: 0.062 (0.005)  ,  ForwardTime: 0.057  ,  TotalTime: 0.124  ,  Loss/total: 0.82223  ,  Loss/giou: 0.20385  ,  Loss/l1: 0.01673  ,  Loss/location: 0.30369  ,  pro_loss: 0.13590  ,  IoU: 0.80898
[train: Epoch 14, 400 / 625] FPS: 258.2 (488.3)  ,  DataTime: 0.062 (0.006)  ,  ForwardTime: 0.057  ,  TotalTime: 0.124  ,  Loss/total: 0.82783  ,  Loss/giou: 0.20500  ,  Loss/l1: 0.01691  ,  Loss/location: 0.30611  ,  pro_loss: 0.13573  ,  IoU: 0.80810
[train: Epoch 14, 450 / 625] FPS: 258.1 (111.7)  ,  DataTime: 0.062 (0.006)  ,  ForwardTime: 0.057  ,  TotalTime: 0.124  ,  Loss/total: 0.82705  ,  Loss/giou: 0.20470  ,  Loss/l1: 0.01688  ,  Loss/location: 0.30607  ,  pro_loss: 0.13595  ,  IoU: 0.80837
[train: Epoch 14, 500 / 625] FPS: 259.2 (484.6)  ,  DataTime: 0.061 (0.006)  ,  ForwardTime: 0.057  ,  TotalTime: 0.123  ,  Loss/total: 0.82904  ,  Loss/giou: 0.20520  ,  Loss/l1: 0.01707  ,  Loss/location: 0.30601  ,  pro_loss: 0.13644  ,  IoU: 0.80817
[train: Epoch 14, 550 / 625] FPS: 258.6 (94.0)  ,  DataTime: 0.062 (0.006)  ,  ForwardTime: 0.057  ,  TotalTime: 0.124  ,  Loss/total: 0.82924  ,  Loss/giou: 0.20500  ,  Loss/l1: 0.01715  ,  Loss/location: 0.30633  ,  pro_loss: 0.13575  ,  IoU: 0.80847
[train: Epoch 14, 600 / 625] FPS: 259.5 (490.1)  ,  DataTime: 0.061 (0.006)  ,  ForwardTime: 0.056  ,  TotalTime: 0.123  ,  Loss/total: 0.82935  ,  Loss/giou: 0.20500  ,  Loss/l1: 0.01711  ,  Loss/location: 0.30667  ,  pro_loss: 0.13563  ,  IoU: 0.80838
[train: Epoch 14, 625 / 625] FPS: 259.9 (520.6)  ,  DataTime: 0.061 (0.006)  ,  ForwardTime: 0.056  ,  TotalTime: 0.123  ,  Loss/total: 0.82922  ,  Loss/giou: 0.20500  ,  Loss/l1: 0.01710  ,  Loss/location: 0.30656  ,  pro_loss: 0.13586  ,  IoU: 0.80831
[train: Epoch 15, 50 / 625] FPS: 244.2 (169.8)  ,  DataTime: 0.069 (0.005)  ,  ForwardTime: 0.056  ,  TotalTime: 0.131  ,  Loss/total: 0.81526  ,  Loss/giou: 0.20313  ,  Loss/l1: 0.01621  ,  Loss/location: 0.30268  ,  pro_loss: 0.12625  ,  IoU: 0.80903
[train: Epoch 15, 100 / 625] FPS: 256.8 (492.0)  ,  DataTime: 0.063 (0.005)  ,  ForwardTime: 0.056  ,  TotalTime: 0.125  ,  Loss/total: 0.83315  ,  Loss/giou: 0.20580  ,  Loss/l1: 0.01695  ,  Loss/location: 0.31041  ,  pro_loss: 0.13198  ,  IoU: 0.80747
[train: Epoch 15, 150 / 625] FPS: 257.7 (144.9)  ,  DataTime: 0.062 (0.005)  ,  ForwardTime: 0.056  ,  TotalTime: 0.124  ,  Loss/total: 0.82568  ,  Loss/giou: 0.20403  ,  Loss/l1: 0.01672  ,  Loss/location: 0.30703  ,  pro_loss: 0.13500  ,  IoU: 0.80884
[train: Epoch 15, 200 / 625] FPS: 259.1 (491.7)  ,  DataTime: 0.062 (0.005)  ,  ForwardTime: 0.056  ,  TotalTime: 0.123  ,  Loss/total: 0.82152  ,  Loss/giou: 0.20262  ,  Loss/l1: 0.01643  ,  Loss/location: 0.30675  ,  pro_loss: 0.13693  ,  IoU: 0.81003
[train: Epoch 15, 250 / 625] FPS: 259.9 (473.7)  ,  DataTime: 0.061 (0.005)  ,  ForwardTime: 0.056  ,  TotalTime: 0.123  ,  Loss/total: 0.81522  ,  Loss/giou: 0.20094  ,  Loss/l1: 0.01610  ,  Loss/location: 0.30544  ,  pro_loss: 0.13717  ,  IoU: 0.81122
[train: Epoch 15, 300 / 625] FPS: 260.7 (485.1)  ,  DataTime: 0.061 (0.005)  ,  ForwardTime: 0.056  ,  TotalTime: 0.123  ,  Loss/total: 0.81242  ,  Loss/giou: 0.20075  ,  Loss/l1: 0.01600  ,  Loss/location: 0.30327  ,  pro_loss: 0.13824  ,  IoU: 0.81117
[train: Epoch 15, 350 / 625] FPS: 260.6 (236.4)  ,  DataTime: 0.061 (0.005)  ,  ForwardTime: 0.056  ,  TotalTime: 0.123  ,  Loss/total: 0.81676  ,  Loss/giou: 0.20198  ,  Loss/l1: 0.01623  ,  Loss/location: 0.30398  ,  pro_loss: 0.13831  ,  IoU: 0.81035
[train: Epoch 15, 400 / 625] FPS: 260.8 (482.2)  ,  DataTime: 0.061 (0.005)  ,  ForwardTime: 0.056  ,  TotalTime: 0.123  ,  Loss/total: 0.81772  ,  Loss/giou: 0.20206  ,  Loss/l1: 0.01631  ,  Loss/location: 0.30441  ,  pro_loss: 0.13813  ,  IoU: 0.81042
[train: Epoch 15, 450 / 625] FPS: 261.0 (130.8)  ,  DataTime: 0.061 (0.005)  ,  ForwardTime: 0.056  ,  TotalTime: 0.123  ,  Loss/total: 0.81787  ,  Loss/giou: 0.20251  ,  Loss/l1: 0.01640  ,  Loss/location: 0.30328  ,  pro_loss: 0.13795  ,  IoU: 0.81013
[train: Epoch 15, 500 / 625] FPS: 261.2 (483.7)  ,  DataTime: 0.061 (0.006)  ,  ForwardTime: 0.056  ,  TotalTime: 0.123  ,  Loss/total: 0.81401  ,  Loss/giou: 0.20151  ,  Loss/l1: 0.01621  ,  Loss/location: 0.30237  ,  pro_loss: 0.13798  ,  IoU: 0.81078
[train: Epoch 15, 550 / 625] FPS: 261.7 (476.8)  ,  DataTime: 0.060 (0.006)  ,  ForwardTime: 0.056  ,  TotalTime: 0.122  ,  Loss/total: 0.81479  ,  Loss/giou: 0.20157  ,  Loss/l1: 0.01621  ,  Loss/location: 0.30305  ,  pro_loss: 0.13779  ,  IoU: 0.81062
[train: Epoch 15, 600 / 625] FPS: 261.1 (489.8)  ,  DataTime: 0.061 (0.006)  ,  ForwardTime: 0.056  ,  TotalTime: 0.123  ,  Loss/total: 0.81594  ,  Loss/giou: 0.20188  ,  Loss/l1: 0.01632  ,  Loss/location: 0.30310  ,  pro_loss: 0.13734  ,  IoU: 0.81037
[train: Epoch 15, 625 / 625] FPS: 261.4 (519.4)  ,  DataTime: 0.060 (0.006)  ,  ForwardTime: 0.056  ,  TotalTime: 0.122  ,  Loss/total: 0.81860  ,  Loss/giou: 0.20243  ,  Loss/l1: 0.01642  ,  Loss/location: 0.30412  ,  pro_loss: 0.13751  ,  IoU: 0.80995
[val: Epoch 15, 50 / 156] FPS: 86.4 (28.1)  ,  DataTime: 0.342 (0.005)  ,  ForwardTime: 0.024  ,  TotalTime: 0.370  ,  Loss/total: 0.86735  ,  Loss/giou: 0.22756  ,  Loss/l1: 0.01607  ,  Loss/location: 0.33029  ,  pro_loss: 0.00792  ,  IoU: 0.78582
[val: Epoch 15, 100 / 156] FPS: 96.2 (1033.2)  ,  DataTime: 0.304 (0.005)  ,  ForwardTime: 0.024  ,  TotalTime: 0.333  ,  Loss/total: 0.85827  ,  Loss/giou: 0.22839  ,  Loss/l1: 0.01655  ,  Loss/location: 0.31745  ,  pro_loss: 0.00656  ,  IoU: 0.78653
[val: Epoch 15, 150 / 156] FPS: 99.8 (38.1)  ,  DataTime: 0.292 (0.005)  ,  ForwardTime: 0.024  ,  TotalTime: 0.321  ,  Loss/total: 0.87043  ,  Loss/giou: 0.23041  ,  Loss/l1: 0.01674  ,  Loss/location: 0.32469  ,  pro_loss: 0.00618  ,  IoU: 0.78443
[val: Epoch 15, 156 / 156] FPS: 101.9 (1020.9)  ,  DataTime: 0.286 (0.005)  ,  ForwardTime: 0.024  ,  TotalTime: 0.314  ,  Loss/total: 0.87212  ,  Loss/giou: 0.23058  ,  Loss/l1: 0.01680  ,  Loss/location: 0.32573  ,  pro_loss: 0.00608  ,  IoU: 0.78445
[train: Epoch 16, 50 / 625] FPS: 255.4 (501.3)  ,  DataTime: 0.064 (0.006)  ,  ForwardTime: 0.055  ,  TotalTime: 0.125  ,  Loss/total: 0.82143  ,  Loss/giou: 0.19884  ,  Loss/l1: 0.01591  ,  Loss/location: 0.31851  ,  pro_loss: 0.12854  ,  IoU: 0.81207
[train: Epoch 16, 100 / 625] FPS: 270.3 (500.7)  ,  DataTime: 0.058 (0.005)  ,  ForwardTime: 0.055  ,  TotalTime: 0.118  ,  Loss/total: 0.82102  ,  Loss/giou: 0.19876  ,  Loss/l1: 0.01644  ,  Loss/location: 0.31457  ,  pro_loss: 0.13365  ,  IoU: 0.81250
[train: Epoch 16, 150 / 625] FPS: 274.5 (505.8)  ,  DataTime: 0.056 (0.005)  ,  ForwardTime: 0.055  ,  TotalTime: 0.117  ,  Loss/total: 0.82710  ,  Loss/giou: 0.20082  ,  Loss/l1: 0.01669  ,  Loss/location: 0.31487  ,  pro_loss: 0.13576  ,  IoU: 0.81065
[train: Epoch 16, 200 / 625] FPS: 275.0 (487.2)  ,  DataTime: 0.055 (0.005)  ,  ForwardTime: 0.056  ,  TotalTime: 0.116  ,  Loss/total: 0.81424  ,  Loss/giou: 0.19873  ,  Loss/l1: 0.01626  ,  Loss/location: 0.30848  ,  pro_loss: 0.13516  ,  IoU: 0.81218
[train: Epoch 16, 250 / 625] FPS: 273.1 (469.5)  ,  DataTime: 0.056 (0.005)  ,  ForwardTime: 0.056  ,  TotalTime: 0.117  ,  Loss/total: 0.81682  ,  Loss/giou: 0.20028  ,  Loss/l1: 0.01632  ,  Loss/location: 0.30766  ,  pro_loss: 0.13492  ,  IoU: 0.81108
[train: Epoch 16, 300 / 625] FPS: 270.9 (487.6)  ,  DataTime: 0.057 (0.005)  ,  ForwardTime: 0.056  ,  TotalTime: 0.118  ,  Loss/total: 0.82155  ,  Loss/giou: 0.20144  ,  Loss/l1: 0.01642  ,  Loss/location: 0.30956  ,  pro_loss: 0.13511  ,  IoU: 0.80993
[train: Epoch 16, 350 / 625] FPS: 269.5 (478.7)  ,  DataTime: 0.057 (0.006)  ,  ForwardTime: 0.056  ,  TotalTime: 0.119  ,  Loss/total: 0.81501  ,  Loss/giou: 0.20010  ,  Loss/l1: 0.01626  ,  Loss/location: 0.30627  ,  pro_loss: 0.13625  ,  IoU: 0.81106
[train: Epoch 16, 400 / 625] FPS: 268.9 (487.7)  ,  DataTime: 0.057 (0.006)  ,  ForwardTime: 0.056  ,  TotalTime: 0.119  ,  Loss/total: 0.81307  ,  Loss/giou: 0.19990  ,  Loss/l1: 0.01613  ,  Loss/location: 0.30558  ,  pro_loss: 0.13516  ,  IoU: 0.81126
[train: Epoch 16, 450 / 625] FPS: 267.5 (487.8)  ,  DataTime: 0.058 (0.006)  ,  ForwardTime: 0.056  ,  TotalTime: 0.120  ,  Loss/total: 0.81657  ,  Loss/giou: 0.20069  ,  Loss/l1: 0.01628  ,  Loss/location: 0.30666  ,  pro_loss: 0.13572  ,  IoU: 0.81087
[train: Epoch 16, 500 / 625] FPS: 267.6 (491.7)  ,  DataTime: 0.058 (0.006)  ,  ForwardTime: 0.056  ,  TotalTime: 0.120  ,  Loss/total: 0.81650  ,  Loss/giou: 0.20065  ,  Loss/l1: 0.01613  ,  Loss/location: 0.30737  ,  pro_loss: 0.13586  ,  IoU: 0.81084
[train: Epoch 16, 550 / 625] FPS: 267.1 (488.5)  ,  DataTime: 0.058 (0.006)  ,  ForwardTime: 0.056  ,  TotalTime: 0.120  ,  Loss/total: 0.81847  ,  Loss/giou: 0.20107  ,  Loss/l1: 0.01622  ,  Loss/location: 0.30812  ,  pro_loss: 0.13543  ,  IoU: 0.81050
[train: Epoch 16, 600 / 625] FPS: 267.2 (471.3)  ,  DataTime: 0.058 (0.006)  ,  ForwardTime: 0.056  ,  TotalTime: 0.120  ,  Loss/total: 0.82123  ,  Loss/giou: 0.20193  ,  Loss/l1: 0.01642  ,  Loss/location: 0.30820  ,  pro_loss: 0.13545  ,  IoU: 0.80992
[train: Epoch 16, 625 / 625] FPS: 266.7 (140.8)  ,  DataTime: 0.058 (0.006)  ,  ForwardTime: 0.056  ,  TotalTime: 0.120  ,  Loss/total: 0.82030  ,  Loss/giou: 0.20160  ,  Loss/l1: 0.01638  ,  Loss/location: 0.30816  ,  pro_loss: 0.13538  ,  IoU: 0.81026
[train: Epoch 17, 50 / 625] FPS: 243.0 (496.1)  ,  DataTime: 0.070 (0.005)  ,  ForwardTime: 0.056  ,  TotalTime: 0.132  ,  Loss/total: 0.80064  ,  Loss/giou: 0.19913  ,  Loss/l1: 0.01497  ,  Loss/location: 0.30247  ,  pro_loss: 0.12521  ,  IoU: 0.81042
[train: Epoch 17, 100 / 625] FPS: 258.0 (488.2)  ,  DataTime: 0.062 (0.005)  ,  ForwardTime: 0.057  ,  TotalTime: 0.124  ,  Loss/total: 0.82286  ,  Loss/giou: 0.20270  ,  Loss/l1: 0.01611  ,  Loss/location: 0.31079  ,  pro_loss: 0.13052  ,  IoU: 0.80855
[train: Epoch 17, 150 / 625] FPS: 259.0 (465.7)  ,  DataTime: 0.061 (0.005)  ,  ForwardTime: 0.057  ,  TotalTime: 0.124  ,  Loss/total: 0.81644  ,  Loss/giou: 0.20092  ,  Loss/l1: 0.01610  ,  Loss/location: 0.30787  ,  pro_loss: 0.13118  ,  IoU: 0.81055
[train: Epoch 17, 200 / 625] FPS: 262.0 (486.1)  ,  DataTime: 0.060 (0.006)  ,  ForwardTime: 0.057  ,  TotalTime: 0.122  ,  Loss/total: 0.83628  ,  Loss/giou: 0.20484  ,  Loss/l1: 0.01698  ,  Loss/location: 0.31512  ,  pro_loss: 0.13281  ,  IoU: 0.80786
[train: Epoch 17, 250 / 625] FPS: 262.2 (362.7)  ,  DataTime: 0.060 (0.006)  ,  ForwardTime: 0.057  ,  TotalTime: 0.122  ,  Loss/total: 0.83326  ,  Loss/giou: 0.20499  ,  Loss/l1: 0.01690  ,  Loss/location: 0.31214  ,  pro_loss: 0.13321  ,  IoU: 0.80775
[train: Epoch 17, 300 / 625] FPS: 262.8 (491.6)  ,  DataTime: 0.060 (0.006)  ,  ForwardTime: 0.057  ,  TotalTime: 0.122  ,  Loss/total: 0.82780  ,  Loss/giou: 0.20390  ,  Loss/l1: 0.01679  ,  Loss/location: 0.30938  ,  pro_loss: 0.13337  ,  IoU: 0.80881
[train: Epoch 17, 350 / 625] FPS: 262.6 (478.3)  ,  DataTime: 0.060 (0.006)  ,  ForwardTime: 0.057  ,  TotalTime: 0.122  ,  Loss/total: 0.82568  ,  Loss/giou: 0.20326  ,  Loss/l1: 0.01673  ,  Loss/location: 0.30861  ,  pro_loss: 0.13447  ,  IoU: 0.80937
[train: Epoch 17, 400 / 625] FPS: 263.4 (481.3)  ,  DataTime: 0.059 (0.006)  ,  ForwardTime: 0.057  ,  TotalTime: 0.122  ,  Loss/total: 0.83188  ,  Loss/giou: 0.20510  ,  Loss/l1: 0.01701  ,  Loss/location: 0.30981  ,  pro_loss: 0.13420  ,  IoU: 0.80816
[train: Epoch 17, 450 / 625] FPS: 262.5 (492.1)  ,  DataTime: 0.060 (0.006)  ,  ForwardTime: 0.057  ,  TotalTime: 0.122  ,  Loss/total: 0.83196  ,  Loss/giou: 0.20528  ,  Loss/l1: 0.01710  ,  Loss/location: 0.30913  ,  pro_loss: 0.13376  ,  IoU: 0.80802
[train: Epoch 17, 500 / 625] FPS: 263.2 (485.0)  ,  DataTime: 0.059 (0.006)  ,  ForwardTime: 0.057  ,  TotalTime: 0.122  ,  Loss/total: 0.82954  ,  Loss/giou: 0.20464  ,  Loss/l1: 0.01705  ,  Loss/location: 0.30823  ,  pro_loss: 0.13395  ,  IoU: 0.80858
[train: Epoch 17, 550 / 625] FPS: 262.7 (494.2)  ,  DataTime: 0.060 (0.006)  ,  ForwardTime: 0.057  ,  TotalTime: 0.122  ,  Loss/total: 0.82580  ,  Loss/giou: 0.20348  ,  Loss/l1: 0.01680  ,  Loss/location: 0.30802  ,  pro_loss: 0.13423  ,  IoU: 0.80935
[train: Epoch 17, 600 / 625] FPS: 262.8 (491.3)  ,  DataTime: 0.060 (0.006)  ,  ForwardTime: 0.057  ,  TotalTime: 0.122  ,  Loss/total: 0.82182  ,  Loss/giou: 0.20237  ,  Loss/l1: 0.01662  ,  Loss/location: 0.30711  ,  pro_loss: 0.13438  ,  IoU: 0.81035
[train: Epoch 17, 625 / 625] FPS: 262.4 (135.1)  ,  DataTime: 0.060 (0.006)  ,  ForwardTime: 0.057  ,  TotalTime: 0.122  ,  Loss/total: 0.82048  ,  Loss/giou: 0.20216  ,  Loss/l1: 0.01660  ,  Loss/location: 0.30634  ,  pro_loss: 0.13406  ,  IoU: 0.81052
[train: Epoch 18, 50 / 625] FPS: 241.0 (491.6)  ,  DataTime: 0.071 (0.005)  ,  ForwardTime: 0.056  ,  TotalTime: 0.133  ,  Loss/total: 0.76328  ,  Loss/giou: 0.19002  ,  Loss/l1: 0.01406  ,  Loss/location: 0.28650  ,  pro_loss: 0.13208  ,  IoU: 0.81898
[train: Epoch 18, 100 / 625] FPS: 253.3 (492.9)  ,  DataTime: 0.064 (0.006)  ,  ForwardTime: 0.056  ,  TotalTime: 0.126  ,  Loss/total: 0.80554  ,  Loss/giou: 0.19862  ,  Loss/l1: 0.01584  ,  Loss/location: 0.30244  ,  pro_loss: 0.13332  ,  IoU: 0.81231
[train: Epoch 18, 150 / 625] FPS: 253.7 (494.8)  ,  DataTime: 0.064 (0.006)  ,  ForwardTime: 0.056  ,  TotalTime: 0.126  ,  Loss/total: 0.80876  ,  Loss/giou: 0.19928  ,  Loss/l1: 0.01603  ,  Loss/location: 0.30341  ,  pro_loss: 0.13318  ,  IoU: 0.81162
[train: Epoch 18, 200 / 625] FPS: 256.5 (485.9)  ,  DataTime: 0.063 (0.006)  ,  ForwardTime: 0.056  ,  TotalTime: 0.125  ,  Loss/total: 0.81025  ,  Loss/giou: 0.19956  ,  Loss/l1: 0.01610  ,  Loss/location: 0.30447  ,  pro_loss: 0.13073  ,  IoU: 0.81175
[train: Epoch 18, 250 / 625] FPS: 256.7 (490.3)  ,  DataTime: 0.063 (0.006)  ,  ForwardTime: 0.056  ,  TotalTime: 0.125  ,  Loss/total: 0.80650  ,  Loss/giou: 0.19886  ,  Loss/l1: 0.01588  ,  Loss/location: 0.30316  ,  pro_loss: 0.13125  ,  IoU: 0.81218
[train: Epoch 18, 300 / 625] FPS: 259.7 (489.8)  ,  DataTime: 0.061 (0.006)  ,  ForwardTime: 0.056  ,  TotalTime: 0.123  ,  Loss/total: 0.80348  ,  Loss/giou: 0.19865  ,  Loss/l1: 0.01575  ,  Loss/location: 0.30091  ,  pro_loss: 0.13247  ,  IoU: 0.81235
[train: Epoch 18, 350 / 625] FPS: 259.5 (492.0)  ,  DataTime: 0.061 (0.006)  ,  ForwardTime: 0.056  ,  TotalTime: 0.123  ,  Loss/total: 0.80452  ,  Loss/giou: 0.19876  ,  Loss/l1: 0.01564  ,  Loss/location: 0.30229  ,  pro_loss: 0.13259  ,  IoU: 0.81228
[train: Epoch 18, 400 / 625] FPS: 260.5 (464.1)  ,  DataTime: 0.061 (0.006)  ,  ForwardTime: 0.056  ,  TotalTime: 0.123  ,  Loss/total: 0.80419  ,  Loss/giou: 0.19897  ,  Loss/l1: 0.01563  ,  Loss/location: 0.30162  ,  pro_loss: 0.13247  ,  IoU: 0.81214
[train: Epoch 18, 450 / 625] FPS: 261.0 (488.2)  ,  DataTime: 0.061 (0.006)  ,  ForwardTime: 0.056  ,  TotalTime: 0.123  ,  Loss/total: 0.80564  ,  Loss/giou: 0.19934  ,  Loss/l1: 0.01573  ,  Loss/location: 0.30169  ,  pro_loss: 0.13319  ,  IoU: 0.81184
[train: Epoch 18, 500 / 625] FPS: 261.2 (487.7)  ,  DataTime: 0.060 (0.006)  ,  ForwardTime: 0.056  ,  TotalTime: 0.122  ,  Loss/total: 0.80580  ,  Loss/giou: 0.19882  ,  Loss/l1: 0.01574  ,  Loss/location: 0.30295  ,  pro_loss: 0.13252  ,  IoU: 0.81232
[train: Epoch 18, 550 / 625] FPS: 260.9 (492.2)  ,  DataTime: 0.061 (0.006)  ,  ForwardTime: 0.056  ,  TotalTime: 0.123  ,  Loss/total: 0.80723  ,  Loss/giou: 0.19904  ,  Loss/l1: 0.01578  ,  Loss/location: 0.30386  ,  pro_loss: 0.13199  ,  IoU: 0.81210
[train: Epoch 18, 600 / 625] FPS: 261.6 (487.8)  ,  DataTime: 0.060 (0.006)  ,  ForwardTime: 0.056  ,  TotalTime: 0.122  ,  Loss/total: 0.80590  ,  Loss/giou: 0.19875  ,  Loss/l1: 0.01577  ,  Loss/location: 0.30316  ,  pro_loss: 0.13182  ,  IoU: 0.81256
[train: Epoch 18, 625 / 625] FPS: 261.9 (297.5)  ,  DataTime: 0.060 (0.006)  ,  ForwardTime: 0.056  ,  TotalTime: 0.122  ,  Loss/total: 0.80502  ,  Loss/giou: 0.19840  ,  Loss/l1: 0.01570  ,  Loss/location: 0.30329  ,  pro_loss: 0.13217  ,  IoU: 0.81284
[train: Epoch 19, 50 / 625] FPS: 240.5 (493.3)  ,  DataTime: 0.071 (0.006)  ,  ForwardTime: 0.057  ,  TotalTime: 0.133  ,  Loss/total: 0.82455  ,  Loss/giou: 0.20353  ,  Loss/l1: 0.01655  ,  Loss/location: 0.30809  ,  pro_loss: 0.13316  ,  IoU: 0.80949
[train: Epoch 19, 100 / 625] FPS: 252.8 (205.2)  ,  DataTime: 0.064 (0.006)  ,  ForwardTime: 0.057  ,  TotalTime: 0.127  ,  Loss/total: 0.82584  ,  Loss/giou: 0.20264  ,  Loss/l1: 0.01643  ,  Loss/location: 0.31172  ,  pro_loss: 0.13346  ,  IoU: 0.80932
[train: Epoch 19, 150 / 625] FPS: 255.5 (492.3)  ,  DataTime: 0.063 (0.006)  ,  ForwardTime: 0.057  ,  TotalTime: 0.125  ,  Loss/total: 0.81244  ,  Loss/giou: 0.19952  ,  Loss/l1: 0.01579  ,  Loss/location: 0.30745  ,  pro_loss: 0.13508  ,  IoU: 0.81130
[train: Epoch 19, 200 / 625] FPS: 257.0 (123.0)  ,  DataTime: 0.062 (0.006)  ,  ForwardTime: 0.057  ,  TotalTime: 0.125  ,  Loss/total: 0.81055  ,  Loss/giou: 0.19874  ,  Loss/l1: 0.01575  ,  Loss/location: 0.30714  ,  pro_loss: 0.13595  ,  IoU: 0.81223
[train: Epoch 19, 250 / 625] FPS: 258.4 (487.5)  ,  DataTime: 0.062 (0.006)  ,  ForwardTime: 0.057  ,  TotalTime: 0.124  ,  Loss/total: 0.80735  ,  Loss/giou: 0.19818  ,  Loss/l1: 0.01570  ,  Loss/location: 0.30561  ,  pro_loss: 0.13426  ,  IoU: 0.81283
[train: Epoch 19, 300 / 625] FPS: 258.4 (145.7)  ,  DataTime: 0.062 (0.006)  ,  ForwardTime: 0.057  ,  TotalTime: 0.124  ,  Loss/total: 0.80166  ,  Loss/giou: 0.19711  ,  Loss/l1: 0.01552  ,  Loss/location: 0.30281  ,  pro_loss: 0.13515  ,  IoU: 0.81365
[train: Epoch 19, 350 / 625] FPS: 259.8 (486.5)  ,  DataTime: 0.061 (0.006)  ,  ForwardTime: 0.057  ,  TotalTime: 0.123  ,  Loss/total: 0.80038  ,  Loss/giou: 0.19682  ,  Loss/l1: 0.01546  ,  Loss/location: 0.30242  ,  pro_loss: 0.13506  ,  IoU: 0.81378
[train: Epoch 19, 400 / 625] FPS: 260.0 (115.0)  ,  DataTime: 0.061 (0.006)  ,  ForwardTime: 0.057  ,  TotalTime: 0.123  ,  Loss/total: 0.80415  ,  Loss/giou: 0.19753  ,  Loss/l1: 0.01558  ,  Loss/location: 0.30432  ,  pro_loss: 0.13427  ,  IoU: 0.81326
[train: Epoch 19, 450 / 625] FPS: 260.6 (490.9)  ,  DataTime: 0.061 (0.006)  ,  ForwardTime: 0.057  ,  TotalTime: 0.123  ,  Loss/total: 0.80037  ,  Loss/giou: 0.19679  ,  Loss/l1: 0.01559  ,  Loss/location: 0.30203  ,  pro_loss: 0.13412  ,  IoU: 0.81405
[train: Epoch 19, 500 / 625] FPS: 261.0 (476.1)  ,  DataTime: 0.060 (0.006)  ,  ForwardTime: 0.057  ,  TotalTime: 0.123  ,  Loss/total: 0.79900  ,  Loss/giou: 0.19695  ,  Loss/l1: 0.01568  ,  Loss/location: 0.29982  ,  pro_loss: 0.13452  ,  IoU: 0.81410
[train: Epoch 19, 550 / 625] FPS: 260.6 (491.1)  ,  DataTime: 0.061 (0.006)  ,  ForwardTime: 0.057  ,  TotalTime: 0.123  ,  Loss/total: 0.80193  ,  Loss/giou: 0.19750  ,  Loss/l1: 0.01576  ,  Loss/location: 0.30123  ,  pro_loss: 0.13457  ,  IoU: 0.81370
[train: Epoch 19, 600 / 625] FPS: 261.2 (475.1)  ,  DataTime: 0.060 (0.006)  ,  ForwardTime: 0.057  ,  TotalTime: 0.122  ,  Loss/total: 0.80548  ,  Loss/giou: 0.19838  ,  Loss/l1: 0.01595  ,  Loss/location: 0.30216  ,  pro_loss: 0.13400  ,  IoU: 0.81294
[train: Epoch 19, 625 / 625] FPS: 260.9 (134.6)  ,  DataTime: 0.061 (0.006)  ,  ForwardTime: 0.056  ,  TotalTime: 0.123  ,  Loss/total: 0.80505  ,  Loss/giou: 0.19819  ,  Loss/l1: 0.01590  ,  Loss/location: 0.30227  ,  pro_loss: 0.13456  ,  IoU: 0.81313
[train: Epoch 20, 50 / 625] FPS: 244.7 (194.8)  ,  DataTime: 0.069 (0.005)  ,  ForwardTime: 0.057  ,  TotalTime: 0.131  ,  Loss/total: 0.77846  ,  Loss/giou: 0.19248  ,  Loss/l1: 0.01571  ,  Loss/location: 0.28719  ,  pro_loss: 0.13875  ,  IoU: 0.81935
[train: Epoch 20, 100 / 625] FPS: 251.9 (493.2)  ,  DataTime: 0.065 (0.005)  ,  ForwardTime: 0.056  ,  TotalTime: 0.127  ,  Loss/total: 0.80854  ,  Loss/giou: 0.19835  ,  Loss/l1: 0.01665  ,  Loss/location: 0.30156  ,  pro_loss: 0.13521  ,  IoU: 0.81380
[train: Epoch 20, 150 / 625] FPS: 256.5 (141.1)  ,  DataTime: 0.063 (0.005)  ,  ForwardTime: 0.056  ,  TotalTime: 0.125  ,  Loss/total: 0.80807  ,  Loss/giou: 0.19775  ,  Loss/l1: 0.01659  ,  Loss/location: 0.30304  ,  pro_loss: 0.13292  ,  IoU: 0.81428
[train: Epoch 20, 200 / 625] FPS: 258.8 (484.7)  ,  DataTime: 0.062 (0.005)  ,  ForwardTime: 0.056  ,  TotalTime: 0.124  ,  Loss/total: 0.80836  ,  Loss/giou: 0.19872  ,  Loss/l1: 0.01653  ,  Loss/location: 0.30173  ,  pro_loss: 0.13266  ,  IoU: 0.81348
[train: Epoch 20, 250 / 625] FPS: 259.1 (139.0)  ,  DataTime: 0.062 (0.006)  ,  ForwardTime: 0.056  ,  TotalTime: 0.124  ,  Loss/total: 0.81836  ,  Loss/giou: 0.20056  ,  Loss/l1: 0.01694  ,  Loss/location: 0.30599  ,  pro_loss: 0.13276  ,  IoU: 0.81221
[train: Epoch 20, 300 / 625] FPS: 260.2 (493.2)  ,  DataTime: 0.061 (0.006)  ,  ForwardTime: 0.056  ,  TotalTime: 0.123  ,  Loss/total: 0.81697  ,  Loss/giou: 0.20042  ,  Loss/l1: 0.01686  ,  Loss/location: 0.30524  ,  pro_loss: 0.13282  ,  IoU: 0.81205
[train: Epoch 20, 350 / 625] FPS: 260.7 (103.4)  ,  DataTime: 0.061 (0.006)  ,  ForwardTime: 0.056  ,  TotalTime: 0.123  ,  Loss/total: 0.82097  ,  Loss/giou: 0.20140  ,  Loss/l1: 0.01703  ,  Loss/location: 0.30632  ,  pro_loss: 0.13340  ,  IoU: 0.81131
[train: Epoch 20, 400 / 625] FPS: 262.4 (486.6)  ,  DataTime: 0.060 (0.006)  ,  ForwardTime: 0.056  ,  TotalTime: 0.122  ,  Loss/total: 0.82171  ,  Loss/giou: 0.20184  ,  Loss/l1: 0.01701  ,  Loss/location: 0.30636  ,  pro_loss: 0.13308  ,  IoU: 0.81089
[train: Epoch 20, 450 / 625] FPS: 261.7 (142.4)  ,  DataTime: 0.060 (0.006)  ,  ForwardTime: 0.056  ,  TotalTime: 0.122  ,  Loss/total: 0.81516  ,  Loss/giou: 0.20052  ,  Loss/l1: 0.01675  ,  Loss/location: 0.30379  ,  pro_loss: 0.13297  ,  IoU: 0.81194
[train: Epoch 20, 500 / 625] FPS: 262.6 (485.8)  ,  DataTime: 0.060 (0.006)  ,  ForwardTime: 0.056  ,  TotalTime: 0.122  ,  Loss/total: 0.81671  ,  Loss/giou: 0.20086  ,  Loss/l1: 0.01681  ,  Loss/location: 0.30443  ,  pro_loss: 0.13261  ,  IoU: 0.81173
[train: Epoch 20, 550 / 625] FPS: 262.4 (97.6)  ,  DataTime: 0.060 (0.006)  ,  ForwardTime: 0.056  ,  TotalTime: 0.122  ,  Loss/total: 0.81724  ,  Loss/giou: 0.20115  ,  Loss/l1: 0.01677  ,  Loss/location: 0.30466  ,  pro_loss: 0.13226  ,  IoU: 0.81135
[train: Epoch 20, 600 / 625] FPS: 262.9 (486.9)  ,  DataTime: 0.060 (0.006)  ,  ForwardTime: 0.056  ,  TotalTime: 0.122  ,  Loss/total: 0.81364  ,  Loss/giou: 0.20033  ,  Loss/l1: 0.01657  ,  Loss/location: 0.30370  ,  pro_loss: 0.13211  ,  IoU: 0.81195
[train: Epoch 20, 625 / 625] FPS: 263.5 (507.8)  ,  DataTime: 0.059 (0.006)  ,  ForwardTime: 0.056  ,  TotalTime: 0.121  ,  Loss/total: 0.81672  ,  Loss/giou: 0.20079  ,  Loss/l1: 0.01667  ,  Loss/location: 0.30532  ,  pro_loss: 0.13238  ,  IoU: 0.81159
[val: Epoch 20, 50 / 156] FPS: 120.5 (125.6)  ,  DataTime: 0.238 (0.005)  ,  ForwardTime: 0.023  ,  TotalTime: 0.266  ,  Loss/total: 0.91492  ,  Loss/giou: 0.24499  ,  Loss/l1: 0.01849  ,  Loss/location: 0.33207  ,  pro_loss: 0.00208  ,  IoU: 0.77364
[val: Epoch 20, 100 / 156] FPS: 123.6 (208.1)  ,  DataTime: 0.231 (0.005)  ,  ForwardTime: 0.024  ,  TotalTime: 0.259  ,  Loss/total: 0.91599  ,  Loss/giou: 0.24449  ,  Loss/l1: 0.01847  ,  Loss/location: 0.33422  ,  pro_loss: 0.00229  ,  IoU: 0.77481
[val: Epoch 20, 150 / 156] FPS: 131.3 (1069.4)  ,  DataTime: 0.216 (0.005)  ,  ForwardTime: 0.023  ,  TotalTime: 0.244  ,  Loss/total: 0.91273  ,  Loss/giou: 0.24259  ,  Loss/l1: 0.01850  ,  Loss/location: 0.33451  ,  pro_loss: 0.00264  ,  IoU: 0.77689
[val: Epoch 20, 156 / 156] FPS: 133.3 (458.4)  ,  DataTime: 0.212 (0.005)  ,  ForwardTime: 0.023  ,  TotalTime: 0.240  ,  Loss/total: 0.91232  ,  Loss/giou: 0.24238  ,  Loss/l1: 0.01840  ,  Loss/location: 0.33503  ,  pro_loss: 0.00260  ,  IoU: 0.77662
[train: Epoch 21, 50 / 625] FPS: 264.5 (311.8)  ,  DataTime: 0.060 (0.005)  ,  ForwardTime: 0.055  ,  TotalTime: 0.121  ,  Loss/total: 0.80998  ,  Loss/giou: 0.19761  ,  Loss/l1: 0.01589  ,  Loss/location: 0.30741  ,  pro_loss: 0.13958  ,  IoU: 0.81372
[train: Epoch 21, 100 / 625] FPS: 275.3 (502.9)  ,  DataTime: 0.055 (0.005)  ,  ForwardTime: 0.055  ,  TotalTime: 0.116  ,  Loss/total: 0.79367  ,  Loss/giou: 0.19648  ,  Loss/l1: 0.01569  ,  Loss/location: 0.29454  ,  pro_loss: 0.13864  ,  IoU: 0.81522
[train: Epoch 21, 150 / 625] FPS: 273.6 (211.7)  ,  DataTime: 0.056 (0.005)  ,  ForwardTime: 0.056  ,  TotalTime: 0.117  ,  Loss/total: 0.79603  ,  Loss/giou: 0.19686  ,  Loss/l1: 0.01559  ,  Loss/location: 0.29701  ,  pro_loss: 0.13680  ,  IoU: 0.81438
[train: Epoch 21, 200 / 625] FPS: 270.2 (498.4)  ,  DataTime: 0.057 (0.005)  ,  ForwardTime: 0.056  ,  TotalTime: 0.118  ,  Loss/total: 0.79980  ,  Loss/giou: 0.19820  ,  Loss/l1: 0.01557  ,  Loss/location: 0.29832  ,  pro_loss: 0.13625  ,  IoU: 0.81337
[train: Epoch 21, 250 / 625] FPS: 270.3 (476.4)  ,  DataTime: 0.057 (0.005)  ,  ForwardTime: 0.056  ,  TotalTime: 0.118  ,  Loss/total: 0.79316  ,  Loss/giou: 0.19675  ,  Loss/l1: 0.01535  ,  Loss/location: 0.29594  ,  pro_loss: 0.13492  ,  IoU: 0.81451
[train: Epoch 21, 300 / 625] FPS: 268.4 (491.4)  ,  DataTime: 0.058 (0.005)  ,  ForwardTime: 0.056  ,  TotalTime: 0.119  ,  Loss/total: 0.79354  ,  Loss/giou: 0.19636  ,  Loss/l1: 0.01543  ,  Loss/location: 0.29673  ,  pro_loss: 0.13455  ,  IoU: 0.81491
[train: Epoch 21, 350 / 625] FPS: 268.3 (476.7)  ,  DataTime: 0.058 (0.005)  ,  ForwardTime: 0.056  ,  TotalTime: 0.119  ,  Loss/total: 0.79090  ,  Loss/giou: 0.19607  ,  Loss/l1: 0.01533  ,  Loss/location: 0.29518  ,  pro_loss: 0.13455  ,  IoU: 0.81505
[train: Epoch 21, 400 / 625] FPS: 267.3 (487.3)  ,  DataTime: 0.058 (0.005)  ,  ForwardTime: 0.056  ,  TotalTime: 0.120  ,  Loss/total: 0.79018  ,  Loss/giou: 0.19594  ,  Loss/l1: 0.01544  ,  Loss/location: 0.29432  ,  pro_loss: 0.13398  ,  IoU: 0.81546
[train: Epoch 21, 450 / 625] FPS: 266.7 (488.0)  ,  DataTime: 0.058 (0.005)  ,  ForwardTime: 0.056  ,  TotalTime: 0.120  ,  Loss/total: 0.79467  ,  Loss/giou: 0.19668  ,  Loss/l1: 0.01562  ,  Loss/location: 0.29624  ,  pro_loss: 0.13484  ,  IoU: 0.81494
[train: Epoch 21, 500 / 625] FPS: 267.1 (464.0)  ,  DataTime: 0.058 (0.006)  ,  ForwardTime: 0.056  ,  TotalTime: 0.120  ,  Loss/total: 0.79409  ,  Loss/giou: 0.19637  ,  Loss/l1: 0.01555  ,  Loss/location: 0.29661  ,  pro_loss: 0.13485  ,  IoU: 0.81512
[train: Epoch 21, 550 / 625] FPS: 266.3 (486.1)  ,  DataTime: 0.058 (0.006)  ,  ForwardTime: 0.056  ,  TotalTime: 0.120  ,  Loss/total: 0.79360  ,  Loss/giou: 0.19613  ,  Loss/l1: 0.01547  ,  Loss/location: 0.29707  ,  pro_loss: 0.13462  ,  IoU: 0.81523
[train: Epoch 21, 600 / 625] FPS: 266.2 (487.0)  ,  DataTime: 0.058 (0.006)  ,  ForwardTime: 0.056  ,  TotalTime: 0.120  ,  Loss/total: 0.79246  ,  Loss/giou: 0.19577  ,  Loss/l1: 0.01540  ,  Loss/location: 0.29703  ,  pro_loss: 0.13451  ,  IoU: 0.81548
[train: Epoch 21, 625 / 625] FPS: 265.7 (131.2)  ,  DataTime: 0.059 (0.006)  ,  ForwardTime: 0.056  ,  TotalTime: 0.120  ,  Loss/total: 0.79218  ,  Loss/giou: 0.19574  ,  Loss/l1: 0.01538  ,  Loss/location: 0.29687  ,  pro_loss: 0.13478  ,  IoU: 0.81551
[train: Epoch 22, 50 / 625] FPS: 246.9 (494.1)  ,  DataTime: 0.068 (0.005)  ,  ForwardTime: 0.057  ,  TotalTime: 0.130  ,  Loss/total: 0.78370  ,  Loss/giou: 0.19244  ,  Loss/l1: 0.01486  ,  Loss/location: 0.29759  ,  pro_loss: 0.13479  ,  IoU: 0.81814
[train: Epoch 22, 100 / 625] FPS: 255.3 (488.6)  ,  DataTime: 0.063 (0.005)  ,  ForwardTime: 0.057  ,  TotalTime: 0.125  ,  Loss/total: 0.80673  ,  Loss/giou: 0.19633  ,  Loss/l1: 0.01556  ,  Loss/location: 0.30951  ,  pro_loss: 0.13375  ,  IoU: 0.81479
[train: Epoch 22, 150 / 625] FPS: 259.4 (479.3)  ,  DataTime: 0.061 (0.005)  ,  ForwardTime: 0.057  ,  TotalTime: 0.123  ,  Loss/total: 0.80650  ,  Loss/giou: 0.19650  ,  Loss/l1: 0.01554  ,  Loss/location: 0.30886  ,  pro_loss: 0.13472  ,  IoU: 0.81452
[train: Epoch 22, 200 / 625] FPS: 258.5 (487.3)  ,  DataTime: 0.062 (0.005)  ,  ForwardTime: 0.056  ,  TotalTime: 0.124  ,  Loss/total: 0.79795  ,  Loss/giou: 0.19479  ,  Loss/l1: 0.01526  ,  Loss/location: 0.30540  ,  pro_loss: 0.13323  ,  IoU: 0.81561
[train: Epoch 22, 250 / 625] FPS: 259.7 (465.5)  ,  DataTime: 0.061 (0.005)  ,  ForwardTime: 0.057  ,  TotalTime: 0.123  ,  Loss/total: 0.79530  ,  Loss/giou: 0.19411  ,  Loss/l1: 0.01527  ,  Loss/location: 0.30411  ,  pro_loss: 0.13317  ,  IoU: 0.81622
[train: Epoch 22, 300 / 625] FPS: 259.7 (494.5)  ,  DataTime: 0.061 (0.005)  ,  ForwardTime: 0.057  ,  TotalTime: 0.123  ,  Loss/total: 0.79112  ,  Loss/giou: 0.19319  ,  Loss/l1: 0.01509  ,  Loss/location: 0.30244  ,  pro_loss: 0.13420  ,  IoU: 0.81711
[train: Epoch 22, 350 / 625] FPS: 261.4 (490.5)  ,  DataTime: 0.060 (0.006)  ,  ForwardTime: 0.057  ,  TotalTime: 0.122  ,  Loss/total: 0.78952  ,  Loss/giou: 0.19298  ,  Loss/l1: 0.01497  ,  Loss/location: 0.30185  ,  pro_loss: 0.13426  ,  IoU: 0.81740
[train: Epoch 22, 400 / 625] FPS: 261.5 (485.5)  ,  DataTime: 0.060 (0.006)  ,  ForwardTime: 0.057  ,  TotalTime: 0.122  ,  Loss/total: 0.78861  ,  Loss/giou: 0.19271  ,  Loss/l1: 0.01506  ,  Loss/location: 0.30107  ,  pro_loss: 0.13412  ,  IoU: 0.81763
[train: Epoch 22, 450 / 625] FPS: 262.0 (227.6)  ,  DataTime: 0.060 (0.006)  ,  ForwardTime: 0.057  ,  TotalTime: 0.122  ,  Loss/total: 0.78706  ,  Loss/giou: 0.19236  ,  Loss/l1: 0.01492  ,  Loss/location: 0.30086  ,  pro_loss: 0.13452  ,  IoU: 0.81778
[train: Epoch 22, 500 / 625] FPS: 262.1 (494.5)  ,  DataTime: 0.060 (0.006)  ,  ForwardTime: 0.057  ,  TotalTime: 0.122  ,  Loss/total: 0.78807  ,  Loss/giou: 0.19251  ,  Loss/l1: 0.01499  ,  Loss/location: 0.30119  ,  pro_loss: 0.13450  ,  IoU: 0.81759
[train: Epoch 22, 550 / 625] FPS: 262.3 (128.1)  ,  DataTime: 0.060 (0.006)  ,  ForwardTime: 0.056  ,  TotalTime: 0.122  ,  Loss/total: 0.78929  ,  Loss/giou: 0.19324  ,  Loss/l1: 0.01510  ,  Loss/location: 0.30032  ,  pro_loss: 0.13483  ,  IoU: 0.81698
[train: Epoch 22, 600 / 625] FPS: 262.5 (485.6)  ,  DataTime: 0.060 (0.006)  ,  ForwardTime: 0.056  ,  TotalTime: 0.122  ,  Loss/total: 0.78982  ,  Loss/giou: 0.19362  ,  Loss/l1: 0.01516  ,  Loss/location: 0.29973  ,  pro_loss: 0.13528  ,  IoU: 0.81679
[train: Epoch 22, 625 / 625] FPS: 262.9 (525.8)  ,  DataTime: 0.060 (0.006)  ,  ForwardTime: 0.056  ,  TotalTime: 0.122  ,  Loss/total: 0.79175  ,  Loss/giou: 0.19395  ,  Loss/l1: 0.01522  ,  Loss/location: 0.30070  ,  pro_loss: 0.13525  ,  IoU: 0.81652
[train: Epoch 23, 50 / 625] FPS: 247.3 (390.1)  ,  DataTime: 0.067 (0.006)  ,  ForwardTime: 0.056  ,  TotalTime: 0.129  ,  Loss/total: 0.77880  ,  Loss/giou: 0.19032  ,  Loss/l1: 0.01462  ,  Loss/location: 0.29737  ,  pro_loss: 0.13854  ,  IoU: 0.81972
[train: Epoch 23, 100 / 625] FPS: 256.6 (479.5)  ,  DataTime: 0.063 (0.006)  ,  ForwardTime: 0.056  ,  TotalTime: 0.125  ,  Loss/total: 0.78678  ,  Loss/giou: 0.19372  ,  Loss/l1: 0.01507  ,  Loss/location: 0.29615  ,  pro_loss: 0.13927  ,  IoU: 0.81699
[train: Epoch 23, 150 / 625] FPS: 255.3 (492.0)  ,  DataTime: 0.063 (0.006)  ,  ForwardTime: 0.056  ,  TotalTime: 0.125  ,  Loss/total: 0.78323  ,  Loss/giou: 0.19332  ,  Loss/l1: 0.01506  ,  Loss/location: 0.29402  ,  pro_loss: 0.13632  ,  IoU: 0.81749
[train: Epoch 23, 200 / 625] FPS: 258.2 (494.0)  ,  DataTime: 0.062 (0.006)  ,  ForwardTime: 0.056  ,  TotalTime: 0.124  ,  Loss/total: 0.78086  ,  Loss/giou: 0.19292  ,  Loss/l1: 0.01490  ,  Loss/location: 0.29337  ,  pro_loss: 0.13573  ,  IoU: 0.81721
[train: Epoch 23, 250 / 625] FPS: 259.4 (495.0)  ,  DataTime: 0.061 (0.005)  ,  ForwardTime: 0.056  ,  TotalTime: 0.123  ,  Loss/total: 0.78522  ,  Loss/giou: 0.19353  ,  Loss/l1: 0.01492  ,  Loss/location: 0.29650  ,  pro_loss: 0.13533  ,  IoU: 0.81672
[train: Epoch 23, 300 / 625] FPS: 260.7 (492.7)  ,  DataTime: 0.061 (0.006)  ,  ForwardTime: 0.056  ,  TotalTime: 0.123  ,  Loss/total: 0.78246  ,  Loss/giou: 0.19266  ,  Loss/l1: 0.01475  ,  Loss/location: 0.29649  ,  pro_loss: 0.13451  ,  IoU: 0.81727
[train: Epoch 23, 350 / 625] FPS: 260.3 (493.9)  ,  DataTime: 0.061 (0.006)  ,  ForwardTime: 0.056  ,  TotalTime: 0.123  ,  Loss/total: 0.78069  ,  Loss/giou: 0.19195  ,  Loss/l1: 0.01471  ,  Loss/location: 0.29654  ,  pro_loss: 0.13357  ,  IoU: 0.81807
[train: Epoch 23, 400 / 625] FPS: 261.6 (485.0)  ,  DataTime: 0.060 (0.006)  ,  ForwardTime: 0.056  ,  TotalTime: 0.122  ,  Loss/total: 0.78346  ,  Loss/giou: 0.19266  ,  Loss/l1: 0.01476  ,  Loss/location: 0.29765  ,  pro_loss: 0.13344  ,  IoU: 0.81737
[train: Epoch 23, 450 / 625] FPS: 261.3 (484.7)  ,  DataTime: 0.060 (0.006)  ,  ForwardTime: 0.057  ,  TotalTime: 0.122  ,  Loss/total: 0.78607  ,  Loss/giou: 0.19354  ,  Loss/l1: 0.01495  ,  Loss/location: 0.29750  ,  pro_loss: 0.13377  ,  IoU: 0.81676
[train: Epoch 23, 500 / 625] FPS: 262.4 (475.6)  ,  DataTime: 0.060 (0.006)  ,  ForwardTime: 0.057  ,  TotalTime: 0.122  ,  Loss/total: 0.78562  ,  Loss/giou: 0.19339  ,  Loss/l1: 0.01506  ,  Loss/location: 0.29662  ,  pro_loss: 0.13450  ,  IoU: 0.81700
[train: Epoch 23, 550 / 625] FPS: 262.0 (484.9)  ,  DataTime: 0.060 (0.006)  ,  ForwardTime: 0.056  ,  TotalTime: 0.122  ,  Loss/total: 0.78787  ,  Loss/giou: 0.19380  ,  Loss/l1: 0.01519  ,  Loss/location: 0.29738  ,  pro_loss: 0.13460  ,  IoU: 0.81673
[train: Epoch 23, 600 / 625] FPS: 261.8 (479.5)  ,  DataTime: 0.060 (0.006)  ,  ForwardTime: 0.057  ,  TotalTime: 0.122  ,  Loss/total: 0.78721  ,  Loss/giou: 0.19363  ,  Loss/l1: 0.01514  ,  Loss/location: 0.29729  ,  pro_loss: 0.13469  ,  IoU: 0.81690
[train: Epoch 23, 625 / 625] FPS: 261.9 (132.3)  ,  DataTime: 0.060 (0.006)  ,  ForwardTime: 0.056  ,  TotalTime: 0.122  ,  Loss/total: 0.78695  ,  Loss/giou: 0.19365  ,  Loss/l1: 0.01510  ,  Loss/location: 0.29725  ,  pro_loss: 0.13458  ,  IoU: 0.81680
[train: Epoch 24, 50 / 625] FPS: 237.9 (492.6)  ,  DataTime: 0.073 (0.005)  ,  ForwardTime: 0.056  ,  TotalTime: 0.135  ,  Loss/total: 0.79782  ,  Loss/giou: 0.19581  ,  Loss/l1: 0.01593  ,  Loss/location: 0.29924  ,  pro_loss: 0.13646  ,  IoU: 0.81479
[train: Epoch 24, 100 / 625] FPS: 252.6 (493.3)  ,  DataTime: 0.065 (0.005)  ,  ForwardTime: 0.056  ,  TotalTime: 0.127  ,  Loss/total: 0.77926  ,  Loss/giou: 0.19115  ,  Loss/l1: 0.01533  ,  Loss/location: 0.29382  ,  pro_loss: 0.13239  ,  IoU: 0.81862
[train: Epoch 24, 150 / 625] FPS: 256.2 (318.2)  ,  DataTime: 0.063 (0.005)  ,  ForwardTime: 0.056  ,  TotalTime: 0.125  ,  Loss/total: 0.79354  ,  Loss/giou: 0.19466  ,  Loss/l1: 0.01587  ,  Loss/location: 0.29821  ,  pro_loss: 0.13333  ,  IoU: 0.81627
[train: Epoch 24, 200 / 625] FPS: 259.5 (489.0)  ,  DataTime: 0.061 (0.005)  ,  ForwardTime: 0.056  ,  TotalTime: 0.123  ,  Loss/total: 0.79690  ,  Loss/giou: 0.19467  ,  Loss/l1: 0.01594  ,  Loss/location: 0.30120  ,  pro_loss: 0.13344  ,  IoU: 0.81614
[train: Epoch 24, 250 / 625] FPS: 260.8 (316.7)  ,  DataTime: 0.061 (0.005)  ,  ForwardTime: 0.056  ,  TotalTime: 0.123  ,  Loss/total: 0.79514  ,  Loss/giou: 0.19435  ,  Loss/l1: 0.01572  ,  Loss/location: 0.30155  ,  pro_loss: 0.13142  ,  IoU: 0.81644
[train: Epoch 24, 300 / 625] FPS: 260.9 (492.3)  ,  DataTime: 0.061 (0.005)  ,  ForwardTime: 0.056  ,  TotalTime: 0.123  ,  Loss/total: 0.78241  ,  Loss/giou: 0.19130  ,  Loss/l1: 0.01518  ,  Loss/location: 0.29745  ,  pro_loss: 0.13215  ,  IoU: 0.81879
[train: Epoch 24, 350 / 625] FPS: 261.5 (165.1)  ,  DataTime: 0.060 (0.005)  ,  ForwardTime: 0.056  ,  TotalTime: 0.122  ,  Loss/total: 0.78240  ,  Loss/giou: 0.19194  ,  Loss/l1: 0.01527  ,  Loss/location: 0.29589  ,  pro_loss: 0.13131  ,  IoU: 0.81844
[train: Epoch 24, 400 / 625] FPS: 262.4 (420.2)  ,  DataTime: 0.060 (0.005)  ,  ForwardTime: 0.056  ,  TotalTime: 0.122  ,  Loss/total: 0.78246  ,  Loss/giou: 0.19225  ,  Loss/l1: 0.01517  ,  Loss/location: 0.29581  ,  pro_loss: 0.13138  ,  IoU: 0.81811
[train: Epoch 24, 450 / 625] FPS: 262.3 (327.6)  ,  DataTime: 0.060 (0.005)  ,  ForwardTime: 0.056  ,  TotalTime: 0.122  ,  Loss/total: 0.78002  ,  Loss/giou: 0.19181  ,  Loss/l1: 0.01518  ,  Loss/location: 0.29424  ,  pro_loss: 0.13123  ,  IoU: 0.81871
[train: Epoch 24, 500 / 625] FPS: 262.6 (487.3)  ,  DataTime: 0.060 (0.005)  ,  ForwardTime: 0.056  ,  TotalTime: 0.122  ,  Loss/total: 0.77839  ,  Loss/giou: 0.19142  ,  Loss/l1: 0.01513  ,  Loss/location: 0.29362  ,  pro_loss: 0.13150  ,  IoU: 0.81902
[train: Epoch 24, 550 / 625] FPS: 262.1 (185.6)  ,  DataTime: 0.060 (0.005)  ,  ForwardTime: 0.057  ,  TotalTime: 0.122  ,  Loss/total: 0.78001  ,  Loss/giou: 0.19193  ,  Loss/l1: 0.01526  ,  Loss/location: 0.29329  ,  pro_loss: 0.13269  ,  IoU: 0.81880
[train: Epoch 24, 600 / 625] FPS: 262.4 (486.3)  ,  DataTime: 0.060 (0.005)  ,  ForwardTime: 0.056  ,  TotalTime: 0.122  ,  Loss/total: 0.78177  ,  Loss/giou: 0.19236  ,  Loss/l1: 0.01523  ,  Loss/location: 0.29434  ,  pro_loss: 0.13280  ,  IoU: 0.81829
[train: Epoch 24, 625 / 625] FPS: 262.6 (512.9)  ,  DataTime: 0.060 (0.005)  ,  ForwardTime: 0.056  ,  TotalTime: 0.122  ,  Loss/total: 0.78369  ,  Loss/giou: 0.19285  ,  Loss/l1: 0.01529  ,  Loss/location: 0.29502  ,  pro_loss: 0.13259  ,  IoU: 0.81790
[train: Epoch 25, 50 / 625] FPS: 246.9 (492.9)  ,  DataTime: 0.067 (0.006)  ,  ForwardTime: 0.057  ,  TotalTime: 0.130  ,  Loss/total: 0.76910  ,  Loss/giou: 0.18851  ,  Loss/l1: 0.01433  ,  Loss/location: 0.29394  ,  pro_loss: 0.13250  ,  IoU: 0.82095
[train: Epoch 25, 100 / 625] FPS: 255.8 (491.3)  ,  DataTime: 0.063 (0.006)  ,  ForwardTime: 0.057  ,  TotalTime: 0.125  ,  Loss/total: 0.75605  ,  Loss/giou: 0.18525  ,  Loss/l1: 0.01429  ,  Loss/location: 0.28732  ,  pro_loss: 0.13386  ,  IoU: 0.82387
[train: Epoch 25, 150 / 625] FPS: 257.7 (144.5)  ,  DataTime: 0.062 (0.006)  ,  ForwardTime: 0.057  ,  TotalTime: 0.124  ,  Loss/total: 0.77126  ,  Loss/giou: 0.18780  ,  Loss/l1: 0.01457  ,  Loss/location: 0.29652  ,  pro_loss: 0.13140  ,  IoU: 0.82139
[train: Epoch 25, 200 / 625] FPS: 258.7 (492.2)  ,  DataTime: 0.062 (0.006)  ,  ForwardTime: 0.056  ,  TotalTime: 0.124  ,  Loss/total: 0.77646  ,  Loss/giou: 0.18976  ,  Loss/l1: 0.01480  ,  Loss/location: 0.29642  ,  pro_loss: 0.13266  ,  IoU: 0.81943
[train: Epoch 25, 250 / 625] FPS: 261.3 (181.6)  ,  DataTime: 0.060 (0.006)  ,  ForwardTime: 0.057  ,  TotalTime: 0.122  ,  Loss/total: 0.77403  ,  Loss/giou: 0.18946  ,  Loss/l1: 0.01493  ,  Loss/location: 0.29381  ,  pro_loss: 0.13326  ,  IoU: 0.81997
[train: Epoch 25, 300 / 625] FPS: 262.2 (487.0)  ,  DataTime: 0.060 (0.006)  ,  ForwardTime: 0.056  ,  TotalTime: 0.122  ,  Loss/total: 0.76530  ,  Loss/giou: 0.18814  ,  Loss/l1: 0.01470  ,  Loss/location: 0.28862  ,  pro_loss: 0.13452  ,  IoU: 0.82113
[train: Epoch 25, 350 / 625] FPS: 261.3 (105.8)  ,  DataTime: 0.060 (0.006)  ,  ForwardTime: 0.056  ,  TotalTime: 0.122  ,  Loss/total: 0.76346  ,  Loss/giou: 0.18741  ,  Loss/l1: 0.01455  ,  Loss/location: 0.28890  ,  pro_loss: 0.13500  ,  IoU: 0.82164
[train: Epoch 25, 400 / 625] FPS: 262.1 (488.8)  ,  DataTime: 0.060 (0.006)  ,  ForwardTime: 0.056  ,  TotalTime: 0.122  ,  Loss/total: 0.76851  ,  Loss/giou: 0.18851  ,  Loss/l1: 0.01471  ,  Loss/location: 0.29105  ,  pro_loss: 0.13443  ,  IoU: 0.82081
[train: Epoch 25, 450 / 625] FPS: 261.9 (101.8)  ,  DataTime: 0.060 (0.006)  ,  ForwardTime: 0.056  ,  TotalTime: 0.122  ,  Loss/total: 0.76730  ,  Loss/giou: 0.18843  ,  Loss/l1: 0.01461  ,  Loss/location: 0.29041  ,  pro_loss: 0.13489  ,  IoU: 0.82091
[train: Epoch 25, 500 / 625] FPS: 262.5 (485.4)  ,  DataTime: 0.060 (0.006)  ,  ForwardTime: 0.056  ,  TotalTime: 0.122  ,  Loss/total: 0.76822  ,  Loss/giou: 0.18871  ,  Loss/l1: 0.01464  ,  Loss/location: 0.29063  ,  pro_loss: 0.13475  ,  IoU: 0.82073
[train: Epoch 25, 550 / 625] FPS: 262.2 (132.8)  ,  DataTime: 0.060 (0.006)  ,  ForwardTime: 0.056  ,  TotalTime: 0.122  ,  Loss/total: 0.76890  ,  Loss/giou: 0.18872  ,  Loss/l1: 0.01462  ,  Loss/location: 0.29140  ,  pro_loss: 0.13481  ,  IoU: 0.82062
[train: Epoch 25, 600 / 625] FPS: 262.2 (479.8)  ,  DataTime: 0.060 (0.006)  ,  ForwardTime: 0.056  ,  TotalTime: 0.122  ,  Loss/total: 0.77157  ,  Loss/giou: 0.18922  ,  Loss/l1: 0.01467  ,  Loss/location: 0.29277  ,  pro_loss: 0.13505  ,  IoU: 0.82025
[train: Epoch 25, 625 / 625] FPS: 263.0 (525.1)  ,  DataTime: 0.060 (0.006)  ,  ForwardTime: 0.056  ,  TotalTime: 0.122  ,  Loss/total: 0.77035  ,  Loss/giou: 0.18912  ,  Loss/l1: 0.01464  ,  Loss/location: 0.29192  ,  pro_loss: 0.13502  ,  IoU: 0.82031
[val: Epoch 25, 50 / 156] FPS: 150.5 (1019.9)  ,  DataTime: 0.184 (0.005)  ,  ForwardTime: 0.024  ,  TotalTime: 0.213  ,  Loss/total: 0.87717  ,  Loss/giou: 0.23690  ,  Loss/l1: 0.01694  ,  Loss/location: 0.31777  ,  pro_loss: 0.00438  ,  IoU: 0.77856
[val: Epoch 25, 100 / 156] FPS: 159.6 (1059.3)  ,  DataTime: 0.172 (0.005)  ,  ForwardTime: 0.024  ,  TotalTime: 0.201  ,  Loss/total: 0.92024  ,  Loss/giou: 0.24225  ,  Loss/l1: 0.01819  ,  Loss/location: 0.34394  ,  pro_loss: 0.00438  ,  IoU: 0.77447
[val: Epoch 25, 150 / 156] FPS: 167.1 (1059.0)  ,  DataTime: 0.163 (0.005)  ,  ForwardTime: 0.024  ,  TotalTime: 0.191  ,  Loss/total: 0.89778  ,  Loss/giou: 0.23953  ,  Loss/l1: 0.01763  ,  Loss/location: 0.32969  ,  pro_loss: 0.00438  ,  IoU: 0.77658
[val: Epoch 25, 156 / 156] FPS: 166.6 (1031.5)  ,  DataTime: 0.164 (0.005)  ,  ForwardTime: 0.024  ,  TotalTime: 0.192  ,  Loss/total: 0.90104  ,  Loss/giou: 0.23950  ,  Loss/l1: 0.01761  ,  Loss/location: 0.33305  ,  pro_loss: 0.00454  ,  IoU: 0.77655
[train: Epoch 26, 50 / 625] FPS: 259.4 (500.7)  ,  DataTime: 0.063 (0.005)  ,  ForwardTime: 0.055  ,  TotalTime: 0.123  ,  Loss/total: 0.81360  ,  Loss/giou: 0.20055  ,  Loss/l1: 0.01663  ,  Loss/location: 0.30275  ,  pro_loss: 0.13313  ,  IoU: 0.81264
[train: Epoch 26, 100 / 625] FPS: 266.8 (475.4)  ,  DataTime: 0.059 (0.005)  ,  ForwardTime: 0.056  ,  TotalTime: 0.120  ,  Loss/total: 0.80997  ,  Loss/giou: 0.19753  ,  Loss/l1: 0.01641  ,  Loss/location: 0.30600  ,  pro_loss: 0.13427  ,  IoU: 0.81506
[train: Epoch 26, 150 / 625] FPS: 263.6 (488.4)  ,  DataTime: 0.060 (0.006)  ,  ForwardTime: 0.056  ,  TotalTime: 0.121  ,  Loss/total: 0.79458  ,  Loss/giou: 0.19510  ,  Loss/l1: 0.01581  ,  Loss/location: 0.29838  ,  pro_loss: 0.13479  ,  IoU: 0.81629
[train: Epoch 26, 200 / 625] FPS: 265.1 (473.6)  ,  DataTime: 0.059 (0.006)  ,  ForwardTime: 0.056  ,  TotalTime: 0.121  ,  Loss/total: 0.79199  ,  Loss/giou: 0.19472  ,  Loss/l1: 0.01557  ,  Loss/location: 0.29795  ,  pro_loss: 0.13370  ,  IoU: 0.81635
[train: Epoch 26, 250 / 625] FPS: 265.1 (492.7)  ,  DataTime: 0.059 (0.006)  ,  ForwardTime: 0.056  ,  TotalTime: 0.121  ,  Loss/total: 0.79068  ,  Loss/giou: 0.19480  ,  Loss/l1: 0.01554  ,  Loss/location: 0.29696  ,  pro_loss: 0.13204  ,  IoU: 0.81649
[train: Epoch 26, 300 / 625] FPS: 265.9 (484.0)  ,  DataTime: 0.059 (0.006)  ,  ForwardTime: 0.056  ,  TotalTime: 0.120  ,  Loss/total: 0.79233  ,  Loss/giou: 0.19505  ,  Loss/l1: 0.01561  ,  Loss/location: 0.29771  ,  pro_loss: 0.13240  ,  IoU: 0.81628
[train: Epoch 26, 350 / 625] FPS: 265.6 (488.5)  ,  DataTime: 0.059 (0.006)  ,  ForwardTime: 0.056  ,  TotalTime: 0.120  ,  Loss/total: 0.79408  ,  Loss/giou: 0.19561  ,  Loss/l1: 0.01571  ,  Loss/location: 0.29767  ,  pro_loss: 0.13316  ,  IoU: 0.81578
[train: Epoch 26, 400 / 625] FPS: 265.9 (478.9)  ,  DataTime: 0.059 (0.006)  ,  ForwardTime: 0.056  ,  TotalTime: 0.120  ,  Loss/total: 0.79337  ,  Loss/giou: 0.19516  ,  Loss/l1: 0.01569  ,  Loss/location: 0.29794  ,  pro_loss: 0.13326  ,  IoU: 0.81597
[train: Epoch 26, 450 / 625] FPS: 265.2 (489.8)  ,  DataTime: 0.059 (0.006)  ,  ForwardTime: 0.056  ,  TotalTime: 0.121  ,  Loss/total: 0.78896  ,  Loss/giou: 0.19413  ,  Loss/l1: 0.01545  ,  Loss/location: 0.29690  ,  pro_loss: 0.13271  ,  IoU: 0.81667
[train: Epoch 26, 500 / 625] FPS: 265.1 (490.7)  ,  DataTime: 0.059 (0.006)  ,  ForwardTime: 0.056  ,  TotalTime: 0.121  ,  Loss/total: 0.78897  ,  Loss/giou: 0.19397  ,  Loss/l1: 0.01542  ,  Loss/location: 0.29744  ,  pro_loss: 0.13252  ,  IoU: 0.81668
[train: Epoch 26, 550 / 625] FPS: 264.5 (488.6)  ,  DataTime: 0.059 (0.006)  ,  ForwardTime: 0.056  ,  TotalTime: 0.121  ,  Loss/total: 0.79087  ,  Loss/giou: 0.19497  ,  Loss/l1: 0.01559  ,  Loss/location: 0.29643  ,  pro_loss: 0.13286  ,  IoU: 0.81609
[train: Epoch 26, 600 / 625] FPS: 265.0 (472.1)  ,  DataTime: 0.059 (0.006)  ,  ForwardTime: 0.056  ,  TotalTime: 0.121  ,  Loss/total: 0.78943  ,  Loss/giou: 0.19465  ,  Loss/l1: 0.01550  ,  Loss/location: 0.29601  ,  pro_loss: 0.13309  ,  IoU: 0.81640
[train: Epoch 26, 625 / 625] FPS: 264.9 (175.3)  ,  DataTime: 0.059 (0.006)  ,  ForwardTime: 0.056  ,  TotalTime: 0.121  ,  Loss/total: 0.78651  ,  Loss/giou: 0.19404  ,  Loss/l1: 0.01544  ,  Loss/location: 0.29452  ,  pro_loss: 0.13353  ,  IoU: 0.81698
[train: Epoch 27, 50 / 625] FPS: 244.3 (497.1)  ,  DataTime: 0.069 (0.006)  ,  ForwardTime: 0.057  ,  TotalTime: 0.131  ,  Loss/total: 0.76373  ,  Loss/giou: 0.18781  ,  Loss/l1: 0.01418  ,  Loss/location: 0.28955  ,  pro_loss: 0.13833  ,  IoU: 0.82143
[train: Epoch 27, 100 / 625] FPS: 256.4 (478.2)  ,  DataTime: 0.063 (0.006)  ,  ForwardTime: 0.057  ,  TotalTime: 0.125  ,  Loss/total: 0.76440  ,  Loss/giou: 0.18683  ,  Loss/l1: 0.01417  ,  Loss/location: 0.29262  ,  pro_loss: 0.13625  ,  IoU: 0.82216
[train: Epoch 27, 150 / 625] FPS: 257.9 (494.8)  ,  DataTime: 0.062 (0.006)  ,  ForwardTime: 0.056  ,  TotalTime: 0.124  ,  Loss/total: 0.76697  ,  Loss/giou: 0.18798  ,  Loss/l1: 0.01471  ,  Loss/location: 0.29070  ,  pro_loss: 0.13368  ,  IoU: 0.82143
[train: Epoch 27, 200 / 625] FPS: 259.2 (490.6)  ,  DataTime: 0.061 (0.006)  ,  ForwardTime: 0.056  ,  TotalTime: 0.123  ,  Loss/total: 0.77750  ,  Loss/giou: 0.19056  ,  Loss/l1: 0.01508  ,  Loss/location: 0.29433  ,  pro_loss: 0.13333  ,  IoU: 0.81944
[train: Epoch 27, 250 / 625] FPS: 261.1 (479.4)  ,  DataTime: 0.061 (0.006)  ,  ForwardTime: 0.056  ,  TotalTime: 0.123  ,  Loss/total: 0.78268  ,  Loss/giou: 0.19178  ,  Loss/l1: 0.01518  ,  Loss/location: 0.29663  ,  pro_loss: 0.13283  ,  IoU: 0.81835
[train: Epoch 27, 300 / 625] FPS: 261.1 (491.4)  ,  DataTime: 0.061 (0.006)  ,  ForwardTime: 0.056  ,  TotalTime: 0.123  ,  Loss/total: 0.78455  ,  Loss/giou: 0.19182  ,  Loss/l1: 0.01520  ,  Loss/location: 0.29825  ,  pro_loss: 0.13323  ,  IoU: 0.81812
[train: Epoch 27, 350 / 625] FPS: 262.1 (482.3)  ,  DataTime: 0.060 (0.006)  ,  ForwardTime: 0.056  ,  TotalTime: 0.122  ,  Loss/total: 0.78841  ,  Loss/giou: 0.19282  ,  Loss/l1: 0.01538  ,  Loss/location: 0.29924  ,  pro_loss: 0.13321  ,  IoU: 0.81723
[train: Epoch 27, 400 / 625] FPS: 262.4 (488.9)  ,  DataTime: 0.060 (0.006)  ,  ForwardTime: 0.056  ,  TotalTime: 0.122  ,  Loss/total: 0.78732  ,  Loss/giou: 0.19256  ,  Loss/l1: 0.01531  ,  Loss/location: 0.29903  ,  pro_loss: 0.13302  ,  IoU: 0.81744
[train: Epoch 27, 450 / 625] FPS: 262.7 (486.3)  ,  DataTime: 0.060 (0.006)  ,  ForwardTime: 0.056  ,  TotalTime: 0.122  ,  Loss/total: 0.78729  ,  Loss/giou: 0.19234  ,  Loss/l1: 0.01532  ,  Loss/location: 0.29940  ,  pro_loss: 0.13306  ,  IoU: 0.81775
[train: Epoch 27, 500 / 625] FPS: 262.3 (488.5)  ,  DataTime: 0.060 (0.006)  ,  ForwardTime: 0.056  ,  TotalTime: 0.122  ,  Loss/total: 0.78396  ,  Loss/giou: 0.19204  ,  Loss/l1: 0.01523  ,  Loss/location: 0.29724  ,  pro_loss: 0.13248  ,  IoU: 0.81800
[train: Epoch 27, 550 / 625] FPS: 262.6 (483.6)  ,  DataTime: 0.060 (0.006)  ,  ForwardTime: 0.056  ,  TotalTime: 0.122  ,  Loss/total: 0.78765  ,  Loss/giou: 0.19287  ,  Loss/l1: 0.01543  ,  Loss/location: 0.29818  ,  pro_loss: 0.13292  ,  IoU: 0.81754
[train: Epoch 27, 600 / 625] FPS: 262.8 (487.6)  ,  DataTime: 0.060 (0.006)  ,  ForwardTime: 0.056  ,  TotalTime: 0.122  ,  Loss/total: 0.78920  ,  Loss/giou: 0.19333  ,  Loss/l1: 0.01551  ,  Loss/location: 0.29836  ,  pro_loss: 0.13326  ,  IoU: 0.81726
[train: Epoch 27, 625 / 625] FPS: 263.2 (508.5)  ,  DataTime: 0.060 (0.006)  ,  ForwardTime: 0.056  ,  TotalTime: 0.122  ,  Loss/total: 0.79092  ,  Loss/giou: 0.19372  ,  Loss/l1: 0.01561  ,  Loss/location: 0.29878  ,  pro_loss: 0.13317  ,  IoU: 0.81697
[train: Epoch 28, 50 / 625] FPS: 250.3 (365.4)  ,  DataTime: 0.066 (0.005)  ,  ForwardTime: 0.056  ,  TotalTime: 0.128  ,  Loss/total: 0.76516  ,  Loss/giou: 0.19013  ,  Loss/l1: 0.01398  ,  Loss/location: 0.28747  ,  pro_loss: 0.13771  ,  IoU: 0.81758
[train: Epoch 28, 100 / 625] FPS: 257.1 (482.0)  ,  DataTime: 0.063 (0.005)  ,  ForwardTime: 0.056  ,  TotalTime: 0.124  ,  Loss/total: 0.76364  ,  Loss/giou: 0.18799  ,  Loss/l1: 0.01440  ,  Loss/location: 0.28798  ,  pro_loss: 0.13833  ,  IoU: 0.82023
[train: Epoch 28, 150 / 625] FPS: 259.3 (492.7)  ,  DataTime: 0.062 (0.005)  ,  ForwardTime: 0.056  ,  TotalTime: 0.123  ,  Loss/total: 0.76434  ,  Loss/giou: 0.18693  ,  Loss/l1: 0.01451  ,  Loss/location: 0.29016  ,  pro_loss: 0.13875  ,  IoU: 0.82137
[train: Epoch 28, 200 / 625] FPS: 260.7 (471.6)  ,  DataTime: 0.061 (0.006)  ,  ForwardTime: 0.056  ,  TotalTime: 0.123  ,  Loss/total: 0.77198  ,  Loss/giou: 0.18838  ,  Loss/l1: 0.01457  ,  Loss/location: 0.29497  ,  pro_loss: 0.13703  ,  IoU: 0.82029
[train: Epoch 28, 250 / 625] FPS: 261.7 (487.5)  ,  DataTime: 0.060 (0.005)  ,  ForwardTime: 0.056  ,  TotalTime: 0.122  ,  Loss/total: 0.77795  ,  Loss/giou: 0.18975  ,  Loss/l1: 0.01475  ,  Loss/location: 0.29744  ,  pro_loss: 0.13629  ,  IoU: 0.81900
[train: Epoch 28, 300 / 625] FPS: 261.6 (255.7)  ,  DataTime: 0.060 (0.005)  ,  ForwardTime: 0.056  ,  TotalTime: 0.122  ,  Loss/total: 0.77946  ,  Loss/giou: 0.18924  ,  Loss/l1: 0.01479  ,  Loss/location: 0.29949  ,  pro_loss: 0.13778  ,  IoU: 0.81953
[train: Epoch 28, 350 / 625] FPS: 263.0 (489.0)  ,  DataTime: 0.060 (0.006)  ,  ForwardTime: 0.056  ,  TotalTime: 0.122  ,  Loss/total: 0.78140  ,  Loss/giou: 0.18989  ,  Loss/l1: 0.01486  ,  Loss/location: 0.29995  ,  pro_loss: 0.13697  ,  IoU: 0.81939
[train: Epoch 28, 400 / 625] FPS: 263.1 (484.2)  ,  DataTime: 0.060 (0.006)  ,  ForwardTime: 0.056  ,  TotalTime: 0.122  ,  Loss/total: 0.78081  ,  Loss/giou: 0.19016  ,  Loss/l1: 0.01490  ,  Loss/location: 0.29855  ,  pro_loss: 0.13708  ,  IoU: 0.81911
[train: Epoch 28, 450 / 625] FPS: 263.2 (485.6)  ,  DataTime: 0.060 (0.006)  ,  ForwardTime: 0.056  ,  TotalTime: 0.122  ,  Loss/total: 0.77681  ,  Loss/giou: 0.18923  ,  Loss/l1: 0.01470  ,  Loss/location: 0.29762  ,  pro_loss: 0.13630  ,  IoU: 0.81990
[train: Epoch 28, 500 / 625] FPS: 263.4 (486.8)  ,  DataTime: 0.059 (0.006)  ,  ForwardTime: 0.056  ,  TotalTime: 0.122  ,  Loss/total: 0.77438  ,  Loss/giou: 0.18903  ,  Loss/l1: 0.01469  ,  Loss/location: 0.29563  ,  pro_loss: 0.13625  ,  IoU: 0.82017
[train: Epoch 28, 550 / 625] FPS: 263.3 (286.1)  ,  DataTime: 0.060 (0.006)  ,  ForwardTime: 0.056  ,  TotalTime: 0.122  ,  Loss/total: 0.77433  ,  Loss/giou: 0.18917  ,  Loss/l1: 0.01475  ,  Loss/location: 0.29509  ,  pro_loss: 0.13583  ,  IoU: 0.82003
[train: Epoch 28, 600 / 625] FPS: 263.1 (484.8)  ,  DataTime: 0.060 (0.006)  ,  ForwardTime: 0.056  ,  TotalTime: 0.122  ,  Loss/total: 0.77795  ,  Loss/giou: 0.19004  ,  Loss/l1: 0.01489  ,  Loss/location: 0.29611  ,  pro_loss: 0.13642  ,  IoU: 0.81936
[train: Epoch 28, 625 / 625] FPS: 263.6 (443.8)  ,  DataTime: 0.059 (0.006)  ,  ForwardTime: 0.056  ,  TotalTime: 0.121  ,  Loss/total: 0.77785  ,  Loss/giou: 0.19023  ,  Loss/l1: 0.01493  ,  Loss/location: 0.29545  ,  pro_loss: 0.13645  ,  IoU: 0.81922
[train: Epoch 29, 50 / 625] FPS: 240.9 (495.6)  ,  DataTime: 0.071 (0.005)  ,  ForwardTime: 0.057  ,  TotalTime: 0.133  ,  Loss/total: 0.77164  ,  Loss/giou: 0.19112  ,  Loss/l1: 0.01450  ,  Loss/location: 0.28891  ,  pro_loss: 0.13980  ,  IoU: 0.81840
[train: Epoch 29, 100 / 625] FPS: 253.9 (486.8)  ,  DataTime: 0.064 (0.005)  ,  ForwardTime: 0.057  ,  TotalTime: 0.126  ,  Loss/total: 0.78057  ,  Loss/giou: 0.19313  ,  Loss/l1: 0.01493  ,  Loss/location: 0.29261  ,  pro_loss: 0.13532  ,  IoU: 0.81688
[train: Epoch 29, 150 / 625] FPS: 254.2 (493.2)  ,  DataTime: 0.064 (0.005)  ,  ForwardTime: 0.057  ,  TotalTime: 0.126  ,  Loss/total: 0.79752  ,  Loss/giou: 0.19592  ,  Loss/l1: 0.01552  ,  Loss/location: 0.30153  ,  pro_loss: 0.13285  ,  IoU: 0.81481
[train: Epoch 29, 200 / 625] FPS: 258.3 (487.0)  ,  DataTime: 0.062 (0.005)  ,  ForwardTime: 0.057  ,  TotalTime: 0.124  ,  Loss/total: 0.79521  ,  Loss/giou: 0.19519  ,  Loss/l1: 0.01553  ,  Loss/location: 0.30046  ,  pro_loss: 0.13365  ,  IoU: 0.81577
[train: Epoch 29, 250 / 625] FPS: 258.1 (486.0)  ,  DataTime: 0.062 (0.005)  ,  ForwardTime: 0.057  ,  TotalTime: 0.124  ,  Loss/total: 0.79042  ,  Loss/giou: 0.19346  ,  Loss/l1: 0.01536  ,  Loss/location: 0.30016  ,  pro_loss: 0.13267  ,  IoU: 0.81708
[train: Epoch 29, 300 / 625] FPS: 260.6 (489.9)  ,  DataTime: 0.061 (0.005)  ,  ForwardTime: 0.057  ,  TotalTime: 0.123  ,  Loss/total: 0.78327  ,  Loss/giou: 0.19191  ,  Loss/l1: 0.01507  ,  Loss/location: 0.29728  ,  pro_loss: 0.13410  ,  IoU: 0.81825
[train: Epoch 29, 350 / 625] FPS: 259.6 (487.9)  ,  DataTime: 0.061 (0.006)  ,  ForwardTime: 0.057  ,  TotalTime: 0.123  ,  Loss/total: 0.78135  ,  Loss/giou: 0.19165  ,  Loss/l1: 0.01508  ,  Loss/location: 0.29572  ,  pro_loss: 0.13465  ,  IoU: 0.81852
[train: Epoch 29, 400 / 625] FPS: 261.1 (484.8)  ,  DataTime: 0.061 (0.006)  ,  ForwardTime: 0.057  ,  TotalTime: 0.123  ,  Loss/total: 0.77980  ,  Loss/giou: 0.19150  ,  Loss/l1: 0.01501  ,  Loss/location: 0.29469  ,  pro_loss: 0.13516  ,  IoU: 0.81858
[train: Epoch 29, 450 / 625] FPS: 261.0 (489.6)  ,  DataTime: 0.061 (0.006)  ,  ForwardTime: 0.056  ,  TotalTime: 0.123  ,  Loss/total: 0.77754  ,  Loss/giou: 0.19122  ,  Loss/l1: 0.01499  ,  Loss/location: 0.29313  ,  pro_loss: 0.13507  ,  IoU: 0.81889
[train: Epoch 29, 500 / 625] FPS: 261.9 (469.6)  ,  DataTime: 0.060 (0.006)  ,  ForwardTime: 0.057  ,  TotalTime: 0.122  ,  Loss/total: 0.77284  ,  Loss/giou: 0.19043  ,  Loss/l1: 0.01492  ,  Loss/location: 0.29036  ,  pro_loss: 0.13502  ,  IoU: 0.81960
[train: Epoch 29, 550 / 625] FPS: 261.9 (490.8)  ,  DataTime: 0.060 (0.006)  ,  ForwardTime: 0.057  ,  TotalTime: 0.122  ,  Loss/total: 0.77497  ,  Loss/giou: 0.19074  ,  Loss/l1: 0.01505  ,  Loss/location: 0.29144  ,  pro_loss: 0.13406  ,  IoU: 0.81947
[train: Epoch 29, 600 / 625] FPS: 262.2 (476.2)  ,  DataTime: 0.060 (0.006)  ,  ForwardTime: 0.057  ,  TotalTime: 0.122  ,  Loss/total: 0.77446  ,  Loss/giou: 0.19078  ,  Loss/l1: 0.01505  ,  Loss/location: 0.29093  ,  pro_loss: 0.13363  ,  IoU: 0.81938
[train: Epoch 29, 625 / 625] FPS: 261.9 (117.1)  ,  DataTime: 0.060 (0.006)  ,  ForwardTime: 0.056  ,  TotalTime: 0.122  ,  Loss/total: 0.77547  ,  Loss/giou: 0.19081  ,  Loss/l1: 0.01507  ,  Loss/location: 0.29176  ,  pro_loss: 0.13365  ,  IoU: 0.81934
[train: Epoch 30, 50 / 625] FPS: 243.7 (491.2)  ,  DataTime: 0.069 (0.006)  ,  ForwardTime: 0.056  ,  TotalTime: 0.131  ,  Loss/total: 0.79078  ,  Loss/giou: 0.19376  ,  Loss/l1: 0.01540  ,  Loss/location: 0.29988  ,  pro_loss: 0.13188  ,  IoU: 0.81736
[train: Epoch 30, 100 / 625] FPS: 254.6 (486.2)  ,  DataTime: 0.064 (0.006)  ,  ForwardTime: 0.056  ,  TotalTime: 0.126  ,  Loss/total: 0.76348  ,  Loss/giou: 0.18660  ,  Loss/l1: 0.01453  ,  Loss/location: 0.29105  ,  pro_loss: 0.13302  ,  IoU: 0.82263
[train: Epoch 30, 150 / 625] FPS: 254.7 (166.6)  ,  DataTime: 0.064 (0.006)  ,  ForwardTime: 0.056  ,  TotalTime: 0.126  ,  Loss/total: 0.76533  ,  Loss/giou: 0.18621  ,  Loss/l1: 0.01436  ,  Loss/location: 0.29430  ,  pro_loss: 0.13417  ,  IoU: 0.82244
[train: Epoch 30, 200 / 625] FPS: 258.0 (491.0)  ,  DataTime: 0.062 (0.006)  ,  ForwardTime: 0.056  ,  TotalTime: 0.124  ,  Loss/total: 0.77563  ,  Loss/giou: 0.18834  ,  Loss/l1: 0.01482  ,  Loss/location: 0.29782  ,  pro_loss: 0.13516  ,  IoU: 0.82076
[train: Epoch 30, 250 / 625] FPS: 258.7 (273.6)  ,  DataTime: 0.062 (0.006)  ,  ForwardTime: 0.056  ,  TotalTime: 0.124  ,  Loss/total: 0.77265  ,  Loss/giou: 0.18825  ,  Loss/l1: 0.01469  ,  Loss/location: 0.29572  ,  pro_loss: 0.13496  ,  IoU: 0.82049
[train: Epoch 30, 300 / 625] FPS: 260.2 (493.1)  ,  DataTime: 0.061 (0.006)  ,  ForwardTime: 0.056  ,  TotalTime: 0.123  ,  Loss/total: 0.76786  ,  Loss/giou: 0.18737  ,  Loss/l1: 0.01458  ,  Loss/location: 0.29310  ,  pro_loss: 0.13570  ,  IoU: 0.82113
[train: Epoch 30, 350 / 625] FPS: 260.4 (488.3)  ,  DataTime: 0.061 (0.006)  ,  ForwardTime: 0.056  ,  TotalTime: 0.123  ,  Loss/total: 0.76659  ,  Loss/giou: 0.18748  ,  Loss/l1: 0.01463  ,  Loss/location: 0.29135  ,  pro_loss: 0.13560  ,  IoU: 0.82120
[train: Epoch 30, 400 / 625] FPS: 261.9 (490.0)  ,  DataTime: 0.060 (0.006)  ,  ForwardTime: 0.056  ,  TotalTime: 0.122  ,  Loss/total: 0.76589  ,  Loss/giou: 0.18770  ,  Loss/l1: 0.01464  ,  Loss/location: 0.29033  ,  pro_loss: 0.13469  ,  IoU: 0.82108
[train: Epoch 30, 450 / 625] FPS: 262.5 (490.1)  ,  DataTime: 0.060 (0.006)  ,  ForwardTime: 0.056  ,  TotalTime: 0.122  ,  Loss/total: 0.76362  ,  Loss/giou: 0.18761  ,  Loss/l1: 0.01456  ,  Loss/location: 0.28848  ,  pro_loss: 0.13549  ,  IoU: 0.82149
[train: Epoch 30, 500 / 625] FPS: 262.7 (140.7)  ,  DataTime: 0.060 (0.006)  ,  ForwardTime: 0.056  ,  TotalTime: 0.122  ,  Loss/total: 0.76427  ,  Loss/giou: 0.18806  ,  Loss/l1: 0.01463  ,  Loss/location: 0.28785  ,  pro_loss: 0.13586  ,  IoU: 0.82114
[train: Epoch 30, 550 / 625] FPS: 262.5 (475.6)  ,  DataTime: 0.060 (0.006)  ,  ForwardTime: 0.056  ,  TotalTime: 0.122  ,  Loss/total: 0.76323  ,  Loss/giou: 0.18825  ,  Loss/l1: 0.01458  ,  Loss/location: 0.28675  ,  pro_loss: 0.13551  ,  IoU: 0.82097
[train: Epoch 30, 600 / 625] FPS: 262.7 (197.1)  ,  DataTime: 0.060 (0.006)  ,  ForwardTime: 0.056  ,  TotalTime: 0.122  ,  Loss/total: 0.76221  ,  Loss/giou: 0.18835  ,  Loss/l1: 0.01457  ,  Loss/location: 0.28563  ,  pro_loss: 0.13528  ,  IoU: 0.82090
[train: Epoch 30, 625 / 625] FPS: 263.1 (254.5)  ,  DataTime: 0.060 (0.006)  ,  ForwardTime: 0.056  ,  TotalTime: 0.122  ,  Loss/total: 0.76166  ,  Loss/giou: 0.18816  ,  Loss/l1: 0.01455  ,  Loss/location: 0.28553  ,  pro_loss: 0.13527  ,  IoU: 0.82106
[val: Epoch 30, 50 / 156] FPS: 182.9 (219.0)  ,  DataTime: 0.146 (0.005)  ,  ForwardTime: 0.023  ,  TotalTime: 0.175  ,  Loss/total: 0.88234  ,  Loss/giou: 0.23645  ,  Loss/l1: 0.01623  ,  Loss/location: 0.32697  ,  pro_loss: 0.00667  ,  IoU: 0.77774
[val: Epoch 30, 100 / 156] FPS: 190.7 (1035.7)  ,  DataTime: 0.139 (0.005)  ,  ForwardTime: 0.023  ,  TotalTime: 0.168  ,  Loss/total: 0.88707  ,  Loss/giou: 0.23461  ,  Loss/l1: 0.01706  ,  Loss/location: 0.33118  ,  pro_loss: 0.00698  ,  IoU: 0.78103
[val: Epoch 30, 150 / 156] FPS: 198.9 (63.5)  ,  DataTime: 0.133 (0.005)  ,  ForwardTime: 0.023  ,  TotalTime: 0.161  ,  Loss/total: 0.89584  ,  Loss/giou: 0.23700  ,  Loss/l1: 0.01741  ,  Loss/location: 0.33339  ,  pro_loss: 0.00708  ,  IoU: 0.77936
[val: Epoch 30, 156 / 156] FPS: 202.1 (1085.0)  ,  DataTime: 0.130 (0.005)  ,  ForwardTime: 0.023  ,  TotalTime: 0.158  ,  Loss/total: 0.89845  ,  Loss/giou: 0.23788  ,  Loss/l1: 0.01756  ,  Loss/location: 0.33353  ,  pro_loss: 0.00694  ,  IoU: 0.77869
[train: Epoch 31, 50 / 625] FPS: 249.3 (493.6)  ,  DataTime: 0.067 (0.005)  ,  ForwardTime: 0.056  ,  TotalTime: 0.128  ,  Loss/total: 0.77641  ,  Loss/giou: 0.19310  ,  Loss/l1: 0.01580  ,  Loss/location: 0.28474  ,  pro_loss: 0.13229  ,  IoU: 0.81877
[train: Epoch 31, 100 / 625] FPS: 257.0 (146.7)  ,  DataTime: 0.063 (0.006)  ,  ForwardTime: 0.056  ,  TotalTime: 0.125  ,  Loss/total: 0.77339  ,  Loss/giou: 0.19184  ,  Loss/l1: 0.01482  ,  Loss/location: 0.28913  ,  pro_loss: 0.13240  ,  IoU: 0.81806
[train: Epoch 31, 150 / 625] FPS: 259.9 (164.9)  ,  DataTime: 0.061 (0.006)  ,  ForwardTime: 0.056  ,  TotalTime: 0.123  ,  Loss/total: 0.76522  ,  Loss/giou: 0.19048  ,  Loss/l1: 0.01457  ,  Loss/location: 0.28392  ,  pro_loss: 0.13750  ,  IoU: 0.81936
[train: Epoch 31, 200 / 625] FPS: 261.6 (477.0)  ,  DataTime: 0.060 (0.006)  ,  ForwardTime: 0.056  ,  TotalTime: 0.122  ,  Loss/total: 0.76977  ,  Loss/giou: 0.19181  ,  Loss/l1: 0.01487  ,  Loss/location: 0.28446  ,  pro_loss: 0.13678  ,  IoU: 0.81884
[train: Epoch 31, 250 / 625] FPS: 260.9 (103.1)  ,  DataTime: 0.061 (0.006)  ,  ForwardTime: 0.056  ,  TotalTime: 0.123  ,  Loss/total: 0.77067  ,  Loss/giou: 0.19148  ,  Loss/l1: 0.01490  ,  Loss/location: 0.28580  ,  pro_loss: 0.13700  ,  IoU: 0.81874
[train: Epoch 31, 300 / 625] FPS: 263.1 (467.2)  ,  DataTime: 0.060 (0.006)  ,  ForwardTime: 0.056  ,  TotalTime: 0.122  ,  Loss/total: 0.77396  ,  Loss/giou: 0.19188  ,  Loss/l1: 0.01496  ,  Loss/location: 0.28810  ,  pro_loss: 0.13653  ,  IoU: 0.81844
[train: Epoch 31, 350 / 625] FPS: 262.5 (166.2)  ,  DataTime: 0.060 (0.006)  ,  ForwardTime: 0.056  ,  TotalTime: 0.122  ,  Loss/total: 0.77221  ,  Loss/giou: 0.19119  ,  Loss/l1: 0.01487  ,  Loss/location: 0.28831  ,  pro_loss: 0.13572  ,  IoU: 0.81900
[train: Epoch 31, 400 / 625] FPS: 262.7 (142.4)  ,  DataTime: 0.060 (0.006)  ,  ForwardTime: 0.056  ,  TotalTime: 0.122  ,  Loss/total: 0.76833  ,  Loss/giou: 0.19006  ,  Loss/l1: 0.01478  ,  Loss/location: 0.28731  ,  pro_loss: 0.13498  ,  IoU: 0.82004
[train: Epoch 31, 450 / 625] FPS: 262.6 (113.6)  ,  DataTime: 0.060 (0.006)  ,  ForwardTime: 0.056  ,  TotalTime: 0.122  ,  Loss/total: 0.76782  ,  Loss/giou: 0.18991  ,  Loss/l1: 0.01470  ,  Loss/location: 0.28743  ,  pro_loss: 0.13528  ,  IoU: 0.82019
[train: Epoch 31, 500 / 625] FPS: 262.8 (469.4)  ,  DataTime: 0.060 (0.006)  ,  ForwardTime: 0.056  ,  TotalTime: 0.122  ,  Loss/total: 0.77198  ,  Loss/giou: 0.19064  ,  Loss/l1: 0.01483  ,  Loss/location: 0.28941  ,  pro_loss: 0.13575  ,  IoU: 0.81970
[train: Epoch 31, 550 / 625] FPS: 262.3 (116.2)  ,  DataTime: 0.060 (0.006)  ,  ForwardTime: 0.056  ,  TotalTime: 0.122  ,  Loss/total: 0.76915  ,  Loss/giou: 0.19006  ,  Loss/l1: 0.01480  ,  Loss/location: 0.28791  ,  pro_loss: 0.13565  ,  IoU: 0.82011
[train: Epoch 31, 600 / 625] FPS: 263.0 (486.3)  ,  DataTime: 0.060 (0.006)  ,  ForwardTime: 0.056  ,  TotalTime: 0.122  ,  Loss/total: 0.77076  ,  Loss/giou: 0.19046  ,  Loss/l1: 0.01485  ,  Loss/location: 0.28850  ,  pro_loss: 0.13533  ,  IoU: 0.81970
[train: Epoch 31, 625 / 625] FPS: 263.4 (524.9)  ,  DataTime: 0.060 (0.006)  ,  ForwardTime: 0.056  ,  TotalTime: 0.122  ,  Loss/total: 0.77072  ,  Loss/giou: 0.19051  ,  Loss/l1: 0.01486  ,  Loss/location: 0.28826  ,  pro_loss: 0.13562  ,  IoU: 0.81963
[train: Epoch 32, 50 / 625] FPS: 249.1 (313.0)  ,  DataTime: 0.067 (0.005)  ,  ForwardTime: 0.057  ,  TotalTime: 0.128  ,  Loss/total: 0.77102  ,  Loss/giou: 0.18966  ,  Loss/l1: 0.01468  ,  Loss/location: 0.29243  ,  pro_loss: 0.12937  ,  IoU: 0.81988
[train: Epoch 32, 100 / 625] FPS: 258.6 (482.2)  ,  DataTime: 0.062 (0.005)  ,  ForwardTime: 0.056  ,  TotalTime: 0.124  ,  Loss/total: 0.76333  ,  Loss/giou: 0.18733  ,  Loss/l1: 0.01452  ,  Loss/location: 0.29007  ,  pro_loss: 0.13001  ,  IoU: 0.82209
[train: Epoch 32, 150 / 625] FPS: 259.5 (470.8)  ,  DataTime: 0.061 (0.006)  ,  ForwardTime: 0.056  ,  TotalTime: 0.123  ,  Loss/total: 0.77193  ,  Loss/giou: 0.18869  ,  Loss/l1: 0.01512  ,  Loss/location: 0.29287  ,  pro_loss: 0.13036  ,  IoU: 0.82104
[train: Epoch 32, 200 / 625] FPS: 261.2 (491.4)  ,  DataTime: 0.061 (0.006)  ,  ForwardTime: 0.056  ,  TotalTime: 0.122  ,  Loss/total: 0.77770  ,  Loss/giou: 0.19025  ,  Loss/l1: 0.01526  ,  Loss/location: 0.29496  ,  pro_loss: 0.12975  ,  IoU: 0.81999
[train: Epoch 32, 250 / 625] FPS: 261.0 (427.0)  ,  DataTime: 0.061 (0.005)  ,  ForwardTime: 0.056  ,  TotalTime: 0.123  ,  Loss/total: 0.77754  ,  Loss/giou: 0.19088  ,  Loss/l1: 0.01541  ,  Loss/location: 0.29258  ,  pro_loss: 0.13076  ,  IoU: 0.81964
[train: Epoch 32, 300 / 625] FPS: 262.4 (487.9)  ,  DataTime: 0.060 (0.006)  ,  ForwardTime: 0.056  ,  TotalTime: 0.122  ,  Loss/total: 0.77808  ,  Loss/giou: 0.19087  ,  Loss/l1: 0.01535  ,  Loss/location: 0.29332  ,  pro_loss: 0.13125  ,  IoU: 0.81956
[train: Epoch 32, 350 / 625] FPS: 262.4 (459.5)  ,  DataTime: 0.060 (0.006)  ,  ForwardTime: 0.056  ,  TotalTime: 0.122  ,  Loss/total: 0.77654  ,  Loss/giou: 0.19071  ,  Loss/l1: 0.01523  ,  Loss/location: 0.29269  ,  pro_loss: 0.13143  ,  IoU: 0.81966
[train: Epoch 32, 400 / 625] FPS: 263.1 (482.4)  ,  DataTime: 0.060 (0.006)  ,  ForwardTime: 0.056  ,  TotalTime: 0.122  ,  Loss/total: 0.77238  ,  Loss/giou: 0.18994  ,  Loss/l1: 0.01508  ,  Loss/location: 0.29064  ,  pro_loss: 0.13240  ,  IoU: 0.82039
[train: Epoch 32, 450 / 625] FPS: 263.1 (224.8)  ,  DataTime: 0.060 (0.006)  ,  ForwardTime: 0.056  ,  TotalTime: 0.122  ,  Loss/total: 0.77047  ,  Loss/giou: 0.18901  ,  Loss/l1: 0.01489  ,  Loss/location: 0.29151  ,  pro_loss: 0.13244  ,  IoU: 0.82117
[train: Epoch 32, 500 / 625] FPS: 263.1 (492.0)  ,  DataTime: 0.060 (0.006)  ,  ForwardTime: 0.056  ,  TotalTime: 0.122  ,  Loss/total: 0.77101  ,  Loss/giou: 0.18943  ,  Loss/l1: 0.01494  ,  Loss/location: 0.29099  ,  pro_loss: 0.13236  ,  IoU: 0.82085
[train: Epoch 32, 550 / 625] FPS: 262.8 (97.7)  ,  DataTime: 0.060 (0.006)  ,  ForwardTime: 0.056  ,  TotalTime: 0.122  ,  Loss/total: 0.76876  ,  Loss/giou: 0.18927  ,  Loss/l1: 0.01484  ,  Loss/location: 0.28949  ,  pro_loss: 0.13256  ,  IoU: 0.82093
[train: Epoch 32, 600 / 625] FPS: 263.8 (486.8)  ,  DataTime: 0.059 (0.006)  ,  ForwardTime: 0.056  ,  TotalTime: 0.121  ,  Loss/total: 0.76746  ,  Loss/giou: 0.18922  ,  Loss/l1: 0.01476  ,  Loss/location: 0.28878  ,  pro_loss: 0.13223  ,  IoU: 0.82098
[train: Epoch 32, 625 / 625] FPS: 264.4 (513.0)  ,  DataTime: 0.059 (0.006)  ,  ForwardTime: 0.056  ,  TotalTime: 0.121  ,  Loss/total: 0.76810  ,  Loss/giou: 0.18949  ,  Loss/l1: 0.01480  ,  Loss/location: 0.28871  ,  pro_loss: 0.13212  ,  IoU: 0.82072
[train: Epoch 33, 50 / 625] FPS: 243.1 (146.1)  ,  DataTime: 0.070 (0.005)  ,  ForwardTime: 0.056  ,  TotalTime: 0.132  ,  Loss/total: 0.73786  ,  Loss/giou: 0.18517  ,  Loss/l1: 0.01450  ,  Loss/location: 0.26854  ,  pro_loss: 0.13229  ,  IoU: 0.82331
[train: Epoch 33, 100 / 625] FPS: 254.3 (487.1)  ,  DataTime: 0.064 (0.005)  ,  ForwardTime: 0.057  ,  TotalTime: 0.126  ,  Loss/total: 0.73725  ,  Loss/giou: 0.18383  ,  Loss/l1: 0.01386  ,  Loss/location: 0.27410  ,  pro_loss: 0.13094  ,  IoU: 0.82457
[train: Epoch 33, 150 / 625] FPS: 255.9 (198.1)  ,  DataTime: 0.063 (0.005)  ,  ForwardTime: 0.056  ,  TotalTime: 0.125  ,  Loss/total: 0.74077  ,  Loss/giou: 0.18403  ,  Loss/l1: 0.01384  ,  Loss/location: 0.27710  ,  pro_loss: 0.13194  ,  IoU: 0.82446
[train: Epoch 33, 200 / 625] FPS: 258.9 (486.4)  ,  DataTime: 0.062 (0.006)  ,  ForwardTime: 0.056  ,  TotalTime: 0.124  ,  Loss/total: 0.74512  ,  Loss/giou: 0.18432  ,  Loss/l1: 0.01425  ,  Loss/location: 0.27897  ,  pro_loss: 0.13135  ,  IoU: 0.82485
[train: Epoch 33, 250 / 625] FPS: 258.1 (135.7)  ,  DataTime: 0.062 (0.006)  ,  ForwardTime: 0.056  ,  TotalTime: 0.124  ,  Loss/total: 0.75311  ,  Loss/giou: 0.18629  ,  Loss/l1: 0.01457  ,  Loss/location: 0.28140  ,  pro_loss: 0.13133  ,  IoU: 0.82329
[train: Epoch 33, 300 / 625] FPS: 260.7 (486.6)  ,  DataTime: 0.061 (0.006)  ,  ForwardTime: 0.056  ,  TotalTime: 0.123  ,  Loss/total: 0.75544  ,  Loss/giou: 0.18675  ,  Loss/l1: 0.01459  ,  Loss/location: 0.28272  ,  pro_loss: 0.13142  ,  IoU: 0.82276
[train: Epoch 33, 350 / 625] FPS: 260.6 (300.4)  ,  DataTime: 0.061 (0.006)  ,  ForwardTime: 0.056  ,  TotalTime: 0.123  ,  Loss/total: 0.75158  ,  Loss/giou: 0.18572  ,  Loss/l1: 0.01437  ,  Loss/location: 0.28192  ,  pro_loss: 0.13191  ,  IoU: 0.82343
[train: Epoch 33, 400 / 625] FPS: 261.8 (490.9)  ,  DataTime: 0.060 (0.006)  ,  ForwardTime: 0.056  ,  TotalTime: 0.122  ,  Loss/total: 0.75799  ,  Loss/giou: 0.18688  ,  Loss/l1: 0.01458  ,  Loss/location: 0.28493  ,  pro_loss: 0.13208  ,  IoU: 0.82256
[train: Epoch 33, 450 / 625] FPS: 261.3 (467.1)  ,  DataTime: 0.060 (0.006)  ,  ForwardTime: 0.057  ,  TotalTime: 0.122  ,  Loss/total: 0.75735  ,  Loss/giou: 0.18673  ,  Loss/l1: 0.01439  ,  Loss/location: 0.28558  ,  pro_loss: 0.13174  ,  IoU: 0.82257
[train: Epoch 33, 500 / 625] FPS: 262.5 (477.0)  ,  DataTime: 0.060 (0.006)  ,  ForwardTime: 0.057  ,  TotalTime: 0.122  ,  Loss/total: 0.75845  ,  Loss/giou: 0.18710  ,  Loss/l1: 0.01447  ,  Loss/location: 0.28555  ,  pro_loss: 0.13165  ,  IoU: 0.82231
[train: Epoch 33, 550 / 625] FPS: 262.1 (117.7)  ,  DataTime: 0.060 (0.006)  ,  ForwardTime: 0.057  ,  TotalTime: 0.122  ,  Loss/total: 0.75712  ,  Loss/giou: 0.18679  ,  Loss/l1: 0.01436  ,  Loss/location: 0.28549  ,  pro_loss: 0.13123  ,  IoU: 0.82255
[train: Epoch 33, 600 / 625] FPS: 262.2 (475.3)  ,  DataTime: 0.060 (0.006)  ,  ForwardTime: 0.057  ,  TotalTime: 0.122  ,  Loss/total: 0.75600  ,  Loss/giou: 0.18643  ,  Loss/l1: 0.01424  ,  Loss/location: 0.28555  ,  pro_loss: 0.13193  ,  IoU: 0.82277
[train: Epoch 33, 625 / 625] FPS: 262.5 (521.7)  ,  DataTime: 0.060 (0.006)  ,  ForwardTime: 0.056  ,  TotalTime: 0.122  ,  Loss/total: 0.75607  ,  Loss/giou: 0.18635  ,  Loss/l1: 0.01427  ,  Loss/location: 0.28564  ,  pro_loss: 0.13182  ,  IoU: 0.82283
[train: Epoch 34, 50 / 625] FPS: 246.1 (264.5)  ,  DataTime: 0.068 (0.005)  ,  ForwardTime: 0.056  ,  TotalTime: 0.130  ,  Loss/total: 0.74841  ,  Loss/giou: 0.18663  ,  Loss/l1: 0.01414  ,  Loss/location: 0.27775  ,  pro_loss: 0.13354  ,  IoU: 0.82278
[train: Epoch 34, 100 / 625] FPS: 256.4 (491.2)  ,  DataTime: 0.063 (0.005)  ,  ForwardTime: 0.056  ,  TotalTime: 0.125  ,  Loss/total: 0.75140  ,  Loss/giou: 0.18745  ,  Loss/l1: 0.01424  ,  Loss/location: 0.27849  ,  pro_loss: 0.13396  ,  IoU: 0.82176
[train: Epoch 34, 150 / 625] FPS: 256.3 (196.0)  ,  DataTime: 0.063 (0.006)  ,  ForwardTime: 0.056  ,  TotalTime: 0.125  ,  Loss/total: 0.76128  ,  Loss/giou: 0.18979  ,  Loss/l1: 0.01496  ,  Loss/location: 0.27952  ,  pro_loss: 0.13687  ,  IoU: 0.82110
[train: Epoch 34, 200 / 625] FPS: 259.7 (486.9)  ,  DataTime: 0.061 (0.006)  ,  ForwardTime: 0.056  ,  TotalTime: 0.123  ,  Loss/total: 0.76492  ,  Loss/giou: 0.18948  ,  Loss/l1: 0.01496  ,  Loss/location: 0.28374  ,  pro_loss: 0.13714  ,  IoU: 0.82110
[train: Epoch 34, 250 / 625] FPS: 259.0 (123.3)  ,  DataTime: 0.061 (0.006)  ,  ForwardTime: 0.057  ,  TotalTime: 0.124  ,  Loss/total: 0.76821  ,  Loss/giou: 0.18968  ,  Loss/l1: 0.01504  ,  Loss/location: 0.28625  ,  pro_loss: 0.13696  ,  IoU: 0.82050
[train: Epoch 34, 300 / 625] FPS: 261.6 (478.9)  ,  DataTime: 0.060 (0.006)  ,  ForwardTime: 0.056  ,  TotalTime: 0.122  ,  Loss/total: 0.77947  ,  Loss/giou: 0.19135  ,  Loss/l1: 0.01562  ,  Loss/location: 0.29113  ,  pro_loss: 0.13767  ,  IoU: 0.81931
[train: Epoch 34, 350 / 625] FPS: 261.6 (209.1)  ,  DataTime: 0.060 (0.006)  ,  ForwardTime: 0.056  ,  TotalTime: 0.122  ,  Loss/total: 0.78186  ,  Loss/giou: 0.19187  ,  Loss/l1: 0.01558  ,  Loss/location: 0.29302  ,  pro_loss: 0.13589  ,  IoU: 0.81887
[train: Epoch 34, 400 / 625] FPS: 262.0 (221.6)  ,  DataTime: 0.060 (0.006)  ,  ForwardTime: 0.056  ,  TotalTime: 0.122  ,  Loss/total: 0.78012  ,  Loss/giou: 0.19126  ,  Loss/l1: 0.01560  ,  Loss/location: 0.29242  ,  pro_loss: 0.13578  ,  IoU: 0.81956
[train: Epoch 34, 450 / 625] FPS: 261.9 (143.8)  ,  DataTime: 0.060 (0.006)  ,  ForwardTime: 0.057  ,  TotalTime: 0.122  ,  Loss/total: 0.77713  ,  Loss/giou: 0.19046  ,  Loss/l1: 0.01549  ,  Loss/location: 0.29176  ,  pro_loss: 0.13505  ,  IoU: 0.82018
[train: Epoch 34, 500 / 625] FPS: 262.2 (114.8)  ,  DataTime: 0.060 (0.006)  ,  ForwardTime: 0.056  ,  TotalTime: 0.122  ,  Loss/total: 0.77373  ,  Loss/giou: 0.18974  ,  Loss/l1: 0.01535  ,  Loss/location: 0.29055  ,  pro_loss: 0.13487  ,  IoU: 0.82073
[train: Epoch 34, 550 / 625] FPS: 262.6 (491.2)  ,  DataTime: 0.060 (0.006)  ,  ForwardTime: 0.056  ,  TotalTime: 0.122  ,  Loss/total: 0.77338  ,  Loss/giou: 0.19013  ,  Loss/l1: 0.01542  ,  Loss/location: 0.28918  ,  pro_loss: 0.13428  ,  IoU: 0.82036
[train: Epoch 34, 600 / 625] FPS: 263.0 (158.7)  ,  DataTime: 0.060 (0.006)  ,  ForwardTime: 0.057  ,  TotalTime: 0.122  ,  Loss/total: 0.77444  ,  Loss/giou: 0.19044  ,  Loss/l1: 0.01545  ,  Loss/location: 0.28945  ,  pro_loss: 0.13417  ,  IoU: 0.82013
[train: Epoch 34, 625 / 625] FPS: 263.5 (203.9)  ,  DataTime: 0.059 (0.006)  ,  ForwardTime: 0.057  ,  TotalTime: 0.121  ,  Loss/total: 0.77383  ,  Loss/giou: 0.19033  ,  Loss/l1: 0.01541  ,  Loss/location: 0.28935  ,  pro_loss: 0.13380  ,  IoU: 0.82014
[train: Epoch 35, 50 / 625] FPS: 246.6 (492.0)  ,  DataTime: 0.067 (0.005)  ,  ForwardTime: 0.057  ,  TotalTime: 0.130  ,  Loss/total: 0.76015  ,  Loss/giou: 0.18582  ,  Loss/l1: 0.01455  ,  Loss/location: 0.28887  ,  pro_loss: 0.13458  ,  IoU: 0.82390
[train: Epoch 35, 100 / 625] FPS: 256.0 (489.2)  ,  DataTime: 0.063 (0.005)  ,  ForwardTime: 0.057  ,  TotalTime: 0.125  ,  Loss/total: 0.75578  ,  Loss/giou: 0.18646  ,  Loss/l1: 0.01446  ,  Loss/location: 0.28416  ,  pro_loss: 0.13198  ,  IoU: 0.82354
[train: Epoch 35, 150 / 625] FPS: 257.8 (428.9)  ,  DataTime: 0.062 (0.005)  ,  ForwardTime: 0.057  ,  TotalTime: 0.124  ,  Loss/total: 0.75393  ,  Loss/giou: 0.18543  ,  Loss/l1: 0.01428  ,  Loss/location: 0.28555  ,  pro_loss: 0.13070  ,  IoU: 0.82431
[train: Epoch 35, 200 / 625] FPS: 260.3 (487.0)  ,  DataTime: 0.061 (0.005)  ,  ForwardTime: 0.056  ,  TotalTime: 0.123  ,  Loss/total: 0.75887  ,  Loss/giou: 0.18650  ,  Loss/l1: 0.01431  ,  Loss/location: 0.28838  ,  pro_loss: 0.12964  ,  IoU: 0.82322
[train: Epoch 35, 250 / 625] FPS: 260.5 (480.6)  ,  DataTime: 0.061 (0.005)  ,  ForwardTime: 0.056  ,  TotalTime: 0.123  ,  Loss/total: 0.76355  ,  Loss/giou: 0.18677  ,  Loss/l1: 0.01444  ,  Loss/location: 0.29201  ,  pro_loss: 0.12892  ,  IoU: 0.82284
[train: Epoch 35, 300 / 625] FPS: 262.1 (486.0)  ,  DataTime: 0.060 (0.006)  ,  ForwardTime: 0.056  ,  TotalTime: 0.122  ,  Loss/total: 0.76092  ,  Loss/giou: 0.18667  ,  Loss/l1: 0.01434  ,  Loss/location: 0.29009  ,  pro_loss: 0.12885  ,  IoU: 0.82299
[train: Epoch 35, 350 / 625] FPS: 262.0 (489.8)  ,  DataTime: 0.060 (0.006)  ,  ForwardTime: 0.056  ,  TotalTime: 0.122  ,  Loss/total: 0.76134  ,  Loss/giou: 0.18652  ,  Loss/l1: 0.01445  ,  Loss/location: 0.29023  ,  pro_loss: 0.12923  ,  IoU: 0.82305
[train: Epoch 35, 400 / 625] FPS: 263.3 (491.5)  ,  DataTime: 0.060 (0.006)  ,  ForwardTime: 0.056  ,  TotalTime: 0.122  ,  Loss/total: 0.76014  ,  Loss/giou: 0.18667  ,  Loss/l1: 0.01441  ,  Loss/location: 0.28879  ,  pro_loss: 0.12964  ,  IoU: 0.82283
[train: Epoch 35, 450 / 625] FPS: 262.7 (492.9)  ,  DataTime: 0.060 (0.006)  ,  ForwardTime: 0.056  ,  TotalTime: 0.122  ,  Loss/total: 0.76362  ,  Loss/giou: 0.18732  ,  Loss/l1: 0.01461  ,  Loss/location: 0.29014  ,  pro_loss: 0.12880  ,  IoU: 0.82226
[train: Epoch 35, 500 / 625] FPS: 263.6 (471.5)  ,  DataTime: 0.059 (0.006)  ,  ForwardTime: 0.056  ,  TotalTime: 0.121  ,  Loss/total: 0.76721  ,  Loss/giou: 0.18866  ,  Loss/l1: 0.01477  ,  Loss/location: 0.29028  ,  pro_loss: 0.12881  ,  IoU: 0.82132
[train: Epoch 35, 550 / 625] FPS: 263.0 (393.6)  ,  DataTime: 0.060 (0.006)  ,  ForwardTime: 0.056  ,  TotalTime: 0.122  ,  Loss/total: 0.76694  ,  Loss/giou: 0.18873  ,  Loss/l1: 0.01474  ,  Loss/location: 0.29000  ,  pro_loss: 0.12885  ,  IoU: 0.82119
[train: Epoch 35, 600 / 625] FPS: 263.6 (490.1)  ,  DataTime: 0.059 (0.006)  ,  ForwardTime: 0.057  ,  TotalTime: 0.121  ,  Loss/total: 0.76532  ,  Loss/giou: 0.18808  ,  Loss/l1: 0.01471  ,  Loss/location: 0.28987  ,  pro_loss: 0.12873  ,  IoU: 0.82169
[train: Epoch 35, 625 / 625] FPS: 263.5 (155.9)  ,  DataTime: 0.059 (0.006)  ,  ForwardTime: 0.057  ,  TotalTime: 0.121  ,  Loss/total: 0.76633  ,  Loss/giou: 0.18824  ,  Loss/l1: 0.01473  ,  Loss/location: 0.29043  ,  pro_loss: 0.12890  ,  IoU: 0.82156
[val: Epoch 35, 50 / 156] FPS: 196.0 (1022.5)  ,  DataTime: 0.135 (0.005)  ,  ForwardTime: 0.023  ,  TotalTime: 0.163  ,  Loss/total: 0.85657  ,  Loss/giou: 0.22741  ,  Loss/l1: 0.01593  ,  Loss/location: 0.32161  ,  pro_loss: 0.00250  ,  IoU: 0.78635
[val: Epoch 35, 100 / 156] FPS: 213.6 (988.5)  ,  DataTime: 0.121 (0.005)  ,  ForwardTime: 0.023  ,  TotalTime: 0.150  ,  Loss/total: 0.86919  ,  Loss/giou: 0.23093  ,  Loss/l1: 0.01712  ,  Loss/location: 0.32119  ,  pro_loss: 0.00260  ,  IoU: 0.78428
[val: Epoch 35, 150 / 156] FPS: 224.3 (1039.2)  ,  DataTime: 0.114 (0.005)  ,  ForwardTime: 0.023  ,  TotalTime: 0.143  ,  Loss/total: 0.86434  ,  Loss/giou: 0.22887  ,  Loss/l1: 0.01691  ,  Loss/location: 0.32165  ,  pro_loss: 0.00208  ,  IoU: 0.78585
[val: Epoch 35, 156 / 156] FPS: 227.3 (1082.5)  ,  DataTime: 0.112 (0.005)  ,  ForwardTime: 0.023  ,  TotalTime: 0.141  ,  Loss/total: 0.87211  ,  Loss/giou: 0.23085  ,  Loss/l1: 0.01711  ,  Loss/location: 0.32441  ,  pro_loss: 0.00214  ,  IoU: 0.78451
[train: Epoch 36, 50 / 625] FPS: 243.0 (489.9)  ,  DataTime: 0.069 (0.005)  ,  ForwardTime: 0.057  ,  TotalTime: 0.132  ,  Loss/total: 0.76090  ,  Loss/giou: 0.18508  ,  Loss/l1: 0.01421  ,  Loss/location: 0.29406  ,  pro_loss: 0.12812  ,  IoU: 0.82351
[train: Epoch 36, 100 / 625] FPS: 254.2 (458.5)  ,  DataTime: 0.064 (0.006)  ,  ForwardTime: 0.057  ,  TotalTime: 0.126  ,  Loss/total: 0.75135  ,  Loss/giou: 0.18494  ,  Loss/l1: 0.01447  ,  Loss/location: 0.28411  ,  pro_loss: 0.12521  ,  IoU: 0.82354
[train: Epoch 36, 150 / 625] FPS: 256.1 (490.1)  ,  DataTime: 0.063 (0.006)  ,  ForwardTime: 0.057  ,  TotalTime: 0.125  ,  Loss/total: 0.74543  ,  Loss/giou: 0.18411  ,  Loss/l1: 0.01421  ,  Loss/location: 0.28120  ,  pro_loss: 0.12472  ,  IoU: 0.82395
[train: Epoch 36, 200 / 625] FPS: 259.5 (492.4)  ,  DataTime: 0.061 (0.006)  ,  ForwardTime: 0.057  ,  TotalTime: 0.123  ,  Loss/total: 0.75558  ,  Loss/giou: 0.18638  ,  Loss/l1: 0.01454  ,  Loss/location: 0.28472  ,  pro_loss: 0.12693  ,  IoU: 0.82211
[train: Epoch 36, 250 / 625] FPS: 259.8 (428.7)  ,  DataTime: 0.061 (0.006)  ,  ForwardTime: 0.057  ,  TotalTime: 0.123  ,  Loss/total: 0.75114  ,  Loss/giou: 0.18549  ,  Loss/l1: 0.01431  ,  Loss/location: 0.28312  ,  pro_loss: 0.12742  ,  IoU: 0.82298
[train: Epoch 36, 300 / 625] FPS: 260.5 (490.8)  ,  DataTime: 0.061 (0.006)  ,  ForwardTime: 0.057  ,  TotalTime: 0.123  ,  Loss/total: 0.74701  ,  Loss/giou: 0.18446  ,  Loss/l1: 0.01412  ,  Loss/location: 0.28192  ,  pro_loss: 0.12788  ,  IoU: 0.82395
[train: Epoch 36, 350 / 625] FPS: 260.7 (249.5)  ,  DataTime: 0.061 (0.006)  ,  ForwardTime: 0.057  ,  TotalTime: 0.123  ,  Loss/total: 0.74356  ,  Loss/giou: 0.18406  ,  Loss/l1: 0.01400  ,  Loss/location: 0.27973  ,  pro_loss: 0.12866  ,  IoU: 0.82413
[train: Epoch 36, 400 / 625] FPS: 261.9 (476.2)  ,  DataTime: 0.060 (0.006)  ,  ForwardTime: 0.056  ,  TotalTime: 0.122  ,  Loss/total: 0.74371  ,  Loss/giou: 0.18402  ,  Loss/l1: 0.01406  ,  Loss/location: 0.27971  ,  pro_loss: 0.12826  ,  IoU: 0.82430
[train: Epoch 36, 450 / 625] FPS: 261.8 (473.7)  ,  DataTime: 0.060 (0.006)  ,  ForwardTime: 0.057  ,  TotalTime: 0.122  ,  Loss/total: 0.74177  ,  Loss/giou: 0.18353  ,  Loss/l1: 0.01403  ,  Loss/location: 0.27894  ,  pro_loss: 0.12808  ,  IoU: 0.82472
[train: Epoch 36, 500 / 625] FPS: 262.6 (486.4)  ,  DataTime: 0.060 (0.006)  ,  ForwardTime: 0.057  ,  TotalTime: 0.122  ,  Loss/total: 0.74656  ,  Loss/giou: 0.18439  ,  Loss/l1: 0.01412  ,  Loss/location: 0.28151  ,  pro_loss: 0.12837  ,  IoU: 0.82423
[train: Epoch 36, 550 / 625] FPS: 262.0 (470.5)  ,  DataTime: 0.060 (0.006)  ,  ForwardTime: 0.057  ,  TotalTime: 0.122  ,  Loss/total: 0.74739  ,  Loss/giou: 0.18457  ,  Loss/l1: 0.01412  ,  Loss/location: 0.28221  ,  pro_loss: 0.12735  ,  IoU: 0.82405
[train: Epoch 36, 600 / 625] FPS: 262.5 (470.1)  ,  DataTime: 0.060 (0.006)  ,  ForwardTime: 0.057  ,  TotalTime: 0.122  ,  Loss/total: 0.74630  ,  Loss/giou: 0.18413  ,  Loss/l1: 0.01405  ,  Loss/location: 0.28218  ,  pro_loss: 0.12799  ,  IoU: 0.82437
[train: Epoch 36, 625 / 625] FPS: 262.5 (242.8)  ,  DataTime: 0.060 (0.006)  ,  ForwardTime: 0.056  ,  TotalTime: 0.122  ,  Loss/total: 0.74492  ,  Loss/giou: 0.18380  ,  Loss/l1: 0.01402  ,  Loss/location: 0.28161  ,  pro_loss: 0.12804  ,  IoU: 0.82469
[train: Epoch 37, 50 / 625] FPS: 246.0 (494.1)  ,  DataTime: 0.068 (0.006)  ,  ForwardTime: 0.056  ,  TotalTime: 0.130  ,  Loss/total: 0.77868  ,  Loss/giou: 0.19250  ,  Loss/l1: 0.01559  ,  Loss/location: 0.28933  ,  pro_loss: 0.13208  ,  IoU: 0.81912
[train: Epoch 37, 100 / 625] FPS: 256.7 (484.5)  ,  DataTime: 0.062 (0.006)  ,  ForwardTime: 0.056  ,  TotalTime: 0.125  ,  Loss/total: 0.76244  ,  Loss/giou: 0.18763  ,  Loss/l1: 0.01489  ,  Loss/location: 0.28746  ,  pro_loss: 0.12635  ,  IoU: 0.82267
[train: Epoch 37, 150 / 625] FPS: 258.8 (361.4)  ,  DataTime: 0.062 (0.006)  ,  ForwardTime: 0.056  ,  TotalTime: 0.124  ,  Loss/total: 0.75665  ,  Loss/giou: 0.18598  ,  Loss/l1: 0.01457  ,  Loss/location: 0.28633  ,  pro_loss: 0.12764  ,  IoU: 0.82369
[train: Epoch 37, 200 / 625] FPS: 261.8 (479.5)  ,  DataTime: 0.060 (0.006)  ,  ForwardTime: 0.056  ,  TotalTime: 0.122  ,  Loss/total: 0.75612  ,  Loss/giou: 0.18576  ,  Loss/l1: 0.01450  ,  Loss/location: 0.28652  ,  pro_loss: 0.12797  ,  IoU: 0.82398
[train: Epoch 37, 250 / 625] FPS: 261.5 (156.1)  ,  DataTime: 0.060 (0.006)  ,  ForwardTime: 0.056  ,  TotalTime: 0.122  ,  Loss/total: 0.75736  ,  Loss/giou: 0.18592  ,  Loss/l1: 0.01452  ,  Loss/location: 0.28710  ,  pro_loss: 0.12908  ,  IoU: 0.82396
[train: Epoch 37, 300 / 625] FPS: 262.6 (491.0)  ,  DataTime: 0.060 (0.006)  ,  ForwardTime: 0.056  ,  TotalTime: 0.122  ,  Loss/total: 0.75208  ,  Loss/giou: 0.18507  ,  Loss/l1: 0.01431  ,  Loss/location: 0.28446  ,  pro_loss: 0.12948  ,  IoU: 0.82435
[train: Epoch 37, 350 / 625] FPS: 262.5 (331.7)  ,  DataTime: 0.060 (0.006)  ,  ForwardTime: 0.056  ,  TotalTime: 0.122  ,  Loss/total: 0.75015  ,  Loss/giou: 0.18438  ,  Loss/l1: 0.01423  ,  Loss/location: 0.28433  ,  pro_loss: 0.12943  ,  IoU: 0.82486
[train: Epoch 37, 400 / 625] FPS: 263.5 (474.3)  ,  DataTime: 0.059 (0.006)  ,  ForwardTime: 0.056  ,  TotalTime: 0.121  ,  Loss/total: 0.74810  ,  Loss/giou: 0.18352  ,  Loss/l1: 0.01410  ,  Loss/location: 0.28464  ,  pro_loss: 0.12956  ,  IoU: 0.82549
[train: Epoch 37, 450 / 625] FPS: 263.4 (474.6)  ,  DataTime: 0.059 (0.006)  ,  ForwardTime: 0.056  ,  TotalTime: 0.122  ,  Loss/total: 0.75448  ,  Loss/giou: 0.18514  ,  Loss/l1: 0.01441  ,  Loss/location: 0.28624  ,  pro_loss: 0.12944  ,  IoU: 0.82422
[train: Epoch 37, 500 / 625] FPS: 263.3 (492.3)  ,  DataTime: 0.060 (0.006)  ,  ForwardTime: 0.056  ,  TotalTime: 0.122  ,  Loss/total: 0.75770  ,  Loss/giou: 0.18578  ,  Loss/l1: 0.01447  ,  Loss/location: 0.28791  ,  pro_loss: 0.12944  ,  IoU: 0.82372
[train: Epoch 37, 550 / 625] FPS: 263.6 (473.7)  ,  DataTime: 0.059 (0.006)  ,  ForwardTime: 0.056  ,  TotalTime: 0.121  ,  Loss/total: 0.75604  ,  Loss/giou: 0.18532  ,  Loss/l1: 0.01451  ,  Loss/location: 0.28699  ,  pro_loss: 0.12937  ,  IoU: 0.82421
[train: Epoch 37, 600 / 625] FPS: 263.1 (491.7)  ,  DataTime: 0.060 (0.006)  ,  ForwardTime: 0.056  ,  TotalTime: 0.122  ,  Loss/total: 0.75799  ,  Loss/giou: 0.18584  ,  Loss/l1: 0.01460  ,  Loss/location: 0.28748  ,  pro_loss: 0.12904  ,  IoU: 0.82387
[train: Epoch 37, 625 / 625] FPS: 263.6 (514.5)  ,  DataTime: 0.059 (0.006)  ,  ForwardTime: 0.056  ,  TotalTime: 0.121  ,  Loss/total: 0.75642  ,  Loss/giou: 0.18559  ,  Loss/l1: 0.01455  ,  Loss/location: 0.28665  ,  pro_loss: 0.12913  ,  IoU: 0.82400
[train: Epoch 38, 50 / 625] FPS: 243.6 (492.4)  ,  DataTime: 0.069 (0.005)  ,  ForwardTime: 0.057  ,  TotalTime: 0.131  ,  Loss/total: 0.73658  ,  Loss/giou: 0.18076  ,  Loss/l1: 0.01339  ,  Loss/location: 0.28267  ,  pro_loss: 0.12729  ,  IoU: 0.82692
[train: Epoch 38, 100 / 625] FPS: 255.6 (493.1)  ,  DataTime: 0.063 (0.005)  ,  ForwardTime: 0.057  ,  TotalTime: 0.125  ,  Loss/total: 0.74237  ,  Loss/giou: 0.18437  ,  Loss/l1: 0.01409  ,  Loss/location: 0.27741  ,  pro_loss: 0.12875  ,  IoU: 0.82470
[train: Epoch 38, 150 / 625] FPS: 254.6 (495.0)  ,  DataTime: 0.064 (0.005)  ,  ForwardTime: 0.057  ,  TotalTime: 0.126  ,  Loss/total: 0.74306  ,  Loss/giou: 0.18438  ,  Loss/l1: 0.01410  ,  Loss/location: 0.27812  ,  pro_loss: 0.12854  ,  IoU: 0.82466
[train: Epoch 38, 200 / 625] FPS: 259.0 (476.5)  ,  DataTime: 0.062 (0.006)  ,  ForwardTime: 0.056  ,  TotalTime: 0.124  ,  Loss/total: 0.74161  ,  Loss/giou: 0.18357  ,  Loss/l1: 0.01384  ,  Loss/location: 0.27946  ,  pro_loss: 0.12906  ,  IoU: 0.82504
[train: Epoch 38, 250 / 625] FPS: 260.1 (487.5)  ,  DataTime: 0.061 (0.006)  ,  ForwardTime: 0.057  ,  TotalTime: 0.123  ,  Loss/total: 0.74075  ,  Loss/giou: 0.18373  ,  Loss/l1: 0.01379  ,  Loss/location: 0.27862  ,  pro_loss: 0.12858  ,  IoU: 0.82509
[train: Epoch 38, 300 / 625] FPS: 261.1 (475.0)  ,  DataTime: 0.061 (0.006)  ,  ForwardTime: 0.056  ,  TotalTime: 0.123  ,  Loss/total: 0.73700  ,  Loss/giou: 0.18273  ,  Loss/l1: 0.01360  ,  Loss/location: 0.27781  ,  pro_loss: 0.12865  ,  IoU: 0.82612
[train: Epoch 38, 350 / 625] FPS: 261.0 (254.5)  ,  DataTime: 0.061 (0.006)  ,  ForwardTime: 0.056  ,  TotalTime: 0.123  ,  Loss/total: 0.73656  ,  Loss/giou: 0.18286  ,  Loss/l1: 0.01356  ,  Loss/location: 0.27726  ,  pro_loss: 0.12896  ,  IoU: 0.82598
[train: Epoch 38, 400 / 625] FPS: 262.1 (488.1)  ,  DataTime: 0.060 (0.006)  ,  ForwardTime: 0.056  ,  TotalTime: 0.122  ,  Loss/total: 0.73406  ,  Loss/giou: 0.18234  ,  Loss/l1: 0.01349  ,  Loss/location: 0.27608  ,  pro_loss: 0.12917  ,  IoU: 0.82637
[train: Epoch 38, 450 / 625] FPS: 262.3 (491.6)  ,  DataTime: 0.060 (0.006)  ,  ForwardTime: 0.056  ,  TotalTime: 0.122  ,  Loss/total: 0.73652  ,  Loss/giou: 0.18290  ,  Loss/l1: 0.01369  ,  Loss/location: 0.27662  ,  pro_loss: 0.12822  ,  IoU: 0.82595
[train: Epoch 38, 500 / 625] FPS: 262.4 (442.3)  ,  DataTime: 0.060 (0.006)  ,  ForwardTime: 0.056  ,  TotalTime: 0.122  ,  Loss/total: 0.73230  ,  Loss/giou: 0.18202  ,  Loss/l1: 0.01351  ,  Loss/location: 0.27519  ,  pro_loss: 0.12767  ,  IoU: 0.82662
[train: Epoch 38, 550 / 625] FPS: 261.8 (493.1)  ,  DataTime: 0.060 (0.006)  ,  ForwardTime: 0.056  ,  TotalTime: 0.122  ,  Loss/total: 0.73365  ,  Loss/giou: 0.18246  ,  Loss/l1: 0.01360  ,  Loss/location: 0.27523  ,  pro_loss: 0.12744  ,  IoU: 0.82625
[train: Epoch 38, 600 / 625] FPS: 262.8 (473.8)  ,  DataTime: 0.060 (0.006)  ,  ForwardTime: 0.056  ,  TotalTime: 0.122  ,  Loss/total: 0.73697  ,  Loss/giou: 0.18334  ,  Loss/l1: 0.01384  ,  Loss/location: 0.27568  ,  pro_loss: 0.12714  ,  IoU: 0.82561
[train: Epoch 38, 625 / 625] FPS: 262.7 (159.7)  ,  DataTime: 0.060 (0.006)  ,  ForwardTime: 0.056  ,  TotalTime: 0.122  ,  Loss/total: 0.73773  ,  Loss/giou: 0.18338  ,  Loss/l1: 0.01382  ,  Loss/location: 0.27646  ,  pro_loss: 0.12703  ,  IoU: 0.82555
[train: Epoch 39, 50 / 625] FPS: 247.8 (192.3)  ,  DataTime: 0.067 (0.006)  ,  ForwardTime: 0.057  ,  TotalTime: 0.129  ,  Loss/total: 0.74586  ,  Loss/giou: 0.18252  ,  Loss/l1: 0.01381  ,  Loss/location: 0.28613  ,  pro_loss: 0.12813  ,  IoU: 0.82574
[train: Epoch 39, 100 / 625] FPS: 258.4 (474.7)  ,  DataTime: 0.062 (0.006)  ,  ForwardTime: 0.057  ,  TotalTime: 0.124  ,  Loss/total: 0.76419  ,  Loss/giou: 0.18767  ,  Loss/l1: 0.01465  ,  Loss/location: 0.28961  ,  pro_loss: 0.13010  ,  IoU: 0.82196
[train: Epoch 39, 150 / 625] FPS: 260.3 (135.9)  ,  DataTime: 0.061 (0.006)  ,  ForwardTime: 0.057  ,  TotalTime: 0.123  ,  Loss/total: 0.76331  ,  Loss/giou: 0.18761  ,  Loss/l1: 0.01486  ,  Loss/location: 0.28780  ,  pro_loss: 0.13007  ,  IoU: 0.82240
[train: Epoch 39, 200 / 625] FPS: 262.8 (488.8)  ,  DataTime: 0.060 (0.006)  ,  ForwardTime: 0.057  ,  TotalTime: 0.122  ,  Loss/total: 0.75378  ,  Loss/giou: 0.18580  ,  Loss/l1: 0.01451  ,  Loss/location: 0.28360  ,  pro_loss: 0.13026  ,  IoU: 0.82376
[train: Epoch 39, 250 / 625] FPS: 263.0 (127.9)  ,  DataTime: 0.059 (0.006)  ,  ForwardTime: 0.057  ,  TotalTime: 0.122  ,  Loss/total: 0.75159  ,  Loss/giou: 0.18517  ,  Loss/l1: 0.01442  ,  Loss/location: 0.28346  ,  pro_loss: 0.12846  ,  IoU: 0.82411
[train: Epoch 39, 300 / 625] FPS: 263.7 (378.3)  ,  DataTime: 0.059 (0.006)  ,  ForwardTime: 0.057  ,  TotalTime: 0.121  ,  Loss/total: 0.74841  ,  Loss/giou: 0.18502  ,  Loss/l1: 0.01432  ,  Loss/location: 0.28112  ,  pro_loss: 0.12830  ,  IoU: 0.82439
[train: Epoch 39, 350 / 625] FPS: 263.7 (174.6)  ,  DataTime: 0.059 (0.006)  ,  ForwardTime: 0.056  ,  TotalTime: 0.121  ,  Loss/total: 0.74853  ,  Loss/giou: 0.18443  ,  Loss/l1: 0.01429  ,  Loss/location: 0.28265  ,  pro_loss: 0.12783  ,  IoU: 0.82484
[train: Epoch 39, 400 / 625] FPS: 263.6 (206.4)  ,  DataTime: 0.059 (0.006)  ,  ForwardTime: 0.056  ,  TotalTime: 0.121  ,  Loss/total: 0.75294  ,  Loss/giou: 0.18535  ,  Loss/l1: 0.01446  ,  Loss/location: 0.28432  ,  pro_loss: 0.12803  ,  IoU: 0.82402
[train: Epoch 39, 450 / 625] FPS: 263.6 (493.9)  ,  DataTime: 0.059 (0.006)  ,  ForwardTime: 0.056  ,  TotalTime: 0.121  ,  Loss/total: 0.75108  ,  Loss/giou: 0.18478  ,  Loss/l1: 0.01429  ,  Loss/location: 0.28467  ,  pro_loss: 0.12711  ,  IoU: 0.82438
[train: Epoch 39, 500 / 625] FPS: 263.0 (106.4)  ,  DataTime: 0.060 (0.006)  ,  ForwardTime: 0.056  ,  TotalTime: 0.122  ,  Loss/total: 0.74973  ,  Loss/giou: 0.18464  ,  Loss/l1: 0.01422  ,  Loss/location: 0.28386  ,  pro_loss: 0.12757  ,  IoU: 0.82448
[train: Epoch 39, 550 / 625] FPS: 263.5 (467.3)  ,  DataTime: 0.059 (0.006)  ,  ForwardTime: 0.056  ,  TotalTime: 0.121  ,  Loss/total: 0.74850  ,  Loss/giou: 0.18409  ,  Loss/l1: 0.01420  ,  Loss/location: 0.28379  ,  pro_loss: 0.12767  ,  IoU: 0.82497
[train: Epoch 39, 600 / 625] FPS: 262.9 (107.1)  ,  DataTime: 0.060 (0.006)  ,  ForwardTime: 0.056  ,  TotalTime: 0.122  ,  Loss/total: 0.75031  ,  Loss/giou: 0.18435  ,  Loss/l1: 0.01424  ,  Loss/location: 0.28494  ,  pro_loss: 0.12745  ,  IoU: 0.82472
[train: Epoch 39, 625 / 625] FPS: 263.2 (519.5)  ,  DataTime: 0.060 (0.006)  ,  ForwardTime: 0.056  ,  TotalTime: 0.122  ,  Loss/total: 0.75063  ,  Loss/giou: 0.18435  ,  Loss/l1: 0.01421  ,  Loss/location: 0.28542  ,  pro_loss: 0.12737  ,  IoU: 0.82465
[train: Epoch 40, 50 / 625] FPS: 245.7 (490.7)  ,  DataTime: 0.068 (0.006)  ,  ForwardTime: 0.057  ,  TotalTime: 0.130  ,  Loss/total: 0.74117  ,  Loss/giou: 0.18109  ,  Loss/l1: 0.01394  ,  Loss/location: 0.28278  ,  pro_loss: 0.13271  ,  IoU: 0.82755
[train: Epoch 40, 100 / 625] FPS: 255.1 (485.4)  ,  DataTime: 0.063 (0.006)  ,  ForwardTime: 0.057  ,  TotalTime: 0.125  ,  Loss/total: 0.74527  ,  Loss/giou: 0.18115  ,  Loss/l1: 0.01354  ,  Loss/location: 0.28920  ,  pro_loss: 0.13031  ,  IoU: 0.82751
[train: Epoch 40, 150 / 625] FPS: 257.3 (476.3)  ,  DataTime: 0.062 (0.006)  ,  ForwardTime: 0.057  ,  TotalTime: 0.124  ,  Loss/total: 0.75912  ,  Loss/giou: 0.18478  ,  Loss/l1: 0.01432  ,  Loss/location: 0.29190  ,  pro_loss: 0.13042  ,  IoU: 0.82516
[train: Epoch 40, 200 / 625] FPS: 260.7 (486.6)  ,  DataTime: 0.061 (0.006)  ,  ForwardTime: 0.057  ,  TotalTime: 0.123  ,  Loss/total: 0.75537  ,  Loss/giou: 0.18385  ,  Loss/l1: 0.01402  ,  Loss/location: 0.29151  ,  pro_loss: 0.13031  ,  IoU: 0.82553
[train: Epoch 40, 250 / 625] FPS: 259.9 (442.3)  ,  DataTime: 0.061 (0.006)  ,  ForwardTime: 0.057  ,  TotalTime: 0.123  ,  Loss/total: 0.74954  ,  Loss/giou: 0.18338  ,  Loss/l1: 0.01394  ,  Loss/location: 0.28713  ,  pro_loss: 0.12979  ,  IoU: 0.82580
[train: Epoch 40, 300 / 625] FPS: 261.5 (491.2)  ,  DataTime: 0.060 (0.006)  ,  ForwardTime: 0.056  ,  TotalTime: 0.122  ,  Loss/total: 0.74368  ,  Loss/giou: 0.18243  ,  Loss/l1: 0.01376  ,  Loss/location: 0.28393  ,  pro_loss: 0.13049  ,  IoU: 0.82648
[train: Epoch 40, 350 / 625] FPS: 261.4 (106.1)  ,  DataTime: 0.060 (0.006)  ,  ForwardTime: 0.056  ,  TotalTime: 0.122  ,  Loss/total: 0.74691  ,  Loss/giou: 0.18373  ,  Loss/l1: 0.01402  ,  Loss/location: 0.28316  ,  pro_loss: 0.13086  ,  IoU: 0.82556
[train: Epoch 40, 400 / 625] FPS: 262.3 (485.3)  ,  DataTime: 0.060 (0.006)  ,  ForwardTime: 0.056  ,  TotalTime: 0.122  ,  Loss/total: 0.74356  ,  Loss/giou: 0.18318  ,  Loss/l1: 0.01392  ,  Loss/location: 0.28152  ,  pro_loss: 0.13049  ,  IoU: 0.82604
[train: Epoch 40, 450 / 625] FPS: 261.4 (92.4)  ,  DataTime: 0.060 (0.006)  ,  ForwardTime: 0.056  ,  TotalTime: 0.122  ,  Loss/total: 0.74493  ,  Loss/giou: 0.18321  ,  Loss/l1: 0.01392  ,  Loss/location: 0.28281  ,  pro_loss: 0.13046  ,  IoU: 0.82593
[train: Epoch 40, 500 / 625] FPS: 262.0 (487.6)  ,  DataTime: 0.060 (0.006)  ,  ForwardTime: 0.056  ,  TotalTime: 0.122  ,  Loss/total: 0.74541  ,  Loss/giou: 0.18348  ,  Loss/l1: 0.01399  ,  Loss/location: 0.28246  ,  pro_loss: 0.13019  ,  IoU: 0.82563
[train: Epoch 40, 550 / 625] FPS: 261.7 (102.3)  ,  DataTime: 0.060 (0.006)  ,  ForwardTime: 0.056  ,  TotalTime: 0.122  ,  Loss/total: 0.74686  ,  Loss/giou: 0.18378  ,  Loss/l1: 0.01402  ,  Loss/location: 0.28322  ,  pro_loss: 0.12979  ,  IoU: 0.82543
[train: Epoch 40, 600 / 625] FPS: 262.7 (485.3)  ,  DataTime: 0.060 (0.006)  ,  ForwardTime: 0.056  ,  TotalTime: 0.122  ,  Loss/total: 0.74418  ,  Loss/giou: 0.18329  ,  Loss/l1: 0.01394  ,  Loss/location: 0.28193  ,  pro_loss: 0.12981  ,  IoU: 0.82574
[train: Epoch 40, 625 / 625] FPS: 263.2 (522.3)  ,  DataTime: 0.060 (0.006)  ,  ForwardTime: 0.056  ,  TotalTime: 0.122  ,  Loss/total: 0.74424  ,  Loss/giou: 0.18331  ,  Loss/l1: 0.01393  ,  Loss/location: 0.28207  ,  pro_loss: 0.12957  ,  IoU: 0.82566
[val: Epoch 40, 50 / 156] FPS: 231.2 (1005.1)  ,  DataTime: 0.109 (0.005)  ,  ForwardTime: 0.024  ,  TotalTime: 0.138  ,  Loss/total: 0.89811  ,  Loss/giou: 0.23480  ,  Loss/l1: 0.01677  ,  Loss/location: 0.34422  ,  pro_loss: 0.00229  ,  IoU: 0.78056
[val: Epoch 40, 100 / 156] FPS: 236.4 (1024.7)  ,  DataTime: 0.106 (0.005)  ,  ForwardTime: 0.024  ,  TotalTime: 0.135  ,  Loss/total: 0.86557  ,  Loss/giou: 0.22818  ,  Loss/l1: 0.01635  ,  Loss/location: 0.32704  ,  pro_loss: 0.00198  ,  IoU: 0.78580
[val: Epoch 40, 150 / 156] FPS: 239.3 (1026.7)  ,  DataTime: 0.105 (0.005)  ,  ForwardTime: 0.024  ,  TotalTime: 0.134  ,  Loss/total: 0.87676  ,  Loss/giou: 0.23097  ,  Loss/l1: 0.01699  ,  Loss/location: 0.32950  ,  pro_loss: 0.00188  ,  IoU: 0.78415
[val: Epoch 40, 156 / 156] FPS: 236.3 (1070.6)  ,  DataTime: 0.106 (0.005)  ,  ForwardTime: 0.024  ,  TotalTime: 0.135  ,  Loss/total: 0.87587  ,  Loss/giou: 0.23079  ,  Loss/l1: 0.01694  ,  Loss/location: 0.32924  ,  pro_loss: 0.00187  ,  IoU: 0.78424
[train: Epoch 41, 50 / 625] FPS: 244.8 (483.3)  ,  DataTime: 0.069 (0.005)  ,  ForwardTime: 0.056  ,  TotalTime: 0.131  ,  Loss/total: 0.72214  ,  Loss/giou: 0.17977  ,  Loss/l1: 0.01318  ,  Loss/location: 0.27093  ,  pro_loss: 0.12875  ,  IoU: 0.82833
[train: Epoch 41, 100 / 625] FPS: 257.1 (441.0)  ,  DataTime: 0.063 (0.005)  ,  ForwardTime: 0.056  ,  TotalTime: 0.124  ,  Loss/total: 0.72520  ,  Loss/giou: 0.18082  ,  Loss/l1: 0.01353  ,  Loss/location: 0.27023  ,  pro_loss: 0.12833  ,  IoU: 0.82826
[train: Epoch 41, 150 / 625] FPS: 258.0 (488.4)  ,  DataTime: 0.062 (0.005)  ,  ForwardTime: 0.056  ,  TotalTime: 0.124  ,  Loss/total: 0.73733  ,  Loss/giou: 0.18371  ,  Loss/l1: 0.01424  ,  Loss/location: 0.27288  ,  pro_loss: 0.12903  ,  IoU: 0.82634
[train: Epoch 41, 200 / 625] FPS: 259.2 (105.8)  ,  DataTime: 0.061 (0.006)  ,  ForwardTime: 0.057  ,  TotalTime: 0.123  ,  Loss/total: 0.74008  ,  Loss/giou: 0.18331  ,  Loss/l1: 0.01409  ,  Loss/location: 0.27716  ,  pro_loss: 0.12938  ,  IoU: 0.82645
[train: Epoch 41, 250 / 625] FPS: 261.0 (249.9)  ,  DataTime: 0.061 (0.006)  ,  ForwardTime: 0.057  ,  TotalTime: 0.123  ,  Loss/total: 0.74196  ,  Loss/giou: 0.18382  ,  Loss/l1: 0.01410  ,  Loss/location: 0.27807  ,  pro_loss: 0.12863  ,  IoU: 0.82569
[train: Epoch 41, 300 / 625] FPS: 262.0 (323.0)  ,  DataTime: 0.060 (0.006)  ,  ForwardTime: 0.056  ,  TotalTime: 0.122  ,  Loss/total: 0.74843  ,  Loss/giou: 0.18551  ,  Loss/l1: 0.01436  ,  Loss/location: 0.27987  ,  pro_loss: 0.12875  ,  IoU: 0.82445
[train: Epoch 41, 350 / 625] FPS: 261.6 (490.2)  ,  DataTime: 0.060 (0.006)  ,  ForwardTime: 0.057  ,  TotalTime: 0.122  ,  Loss/total: 0.74569  ,  Loss/giou: 0.18511  ,  Loss/l1: 0.01431  ,  Loss/location: 0.27818  ,  pro_loss: 0.12875  ,  IoU: 0.82474
[train: Epoch 41, 400 / 625] FPS: 262.0 (178.4)  ,  DataTime: 0.060 (0.006)  ,  ForwardTime: 0.056  ,  TotalTime: 0.122  ,  Loss/total: 0.74127  ,  Loss/giou: 0.18428  ,  Loss/l1: 0.01422  ,  Loss/location: 0.27598  ,  pro_loss: 0.12815  ,  IoU: 0.82551
[train: Epoch 41, 450 / 625] FPS: 262.6 (481.2)  ,  DataTime: 0.060 (0.006)  ,  ForwardTime: 0.056  ,  TotalTime: 0.122  ,  Loss/total: 0.74483  ,  Loss/giou: 0.18456  ,  Loss/l1: 0.01425  ,  Loss/location: 0.27886  ,  pro_loss: 0.12801  ,  IoU: 0.82527
[train: Epoch 41, 500 / 625] FPS: 262.8 (179.6)  ,  DataTime: 0.060 (0.006)  ,  ForwardTime: 0.056  ,  TotalTime: 0.122  ,  Loss/total: 0.74857  ,  Loss/giou: 0.18555  ,  Loss/l1: 0.01442  ,  Loss/location: 0.27992  ,  pro_loss: 0.12733  ,  IoU: 0.82430
[train: Epoch 41, 550 / 625] FPS: 262.3 (148.5)  ,  DataTime: 0.060 (0.006)  ,  ForwardTime: 0.056  ,  TotalTime: 0.122  ,  Loss/total: 0.74629  ,  Loss/giou: 0.18521  ,  Loss/l1: 0.01430  ,  Loss/location: 0.27898  ,  pro_loss: 0.12701  ,  IoU: 0.82449
[train: Epoch 41, 600 / 625] FPS: 262.2 (490.6)  ,  DataTime: 0.060 (0.006)  ,  ForwardTime: 0.056  ,  TotalTime: 0.122  ,  Loss/total: 0.74841  ,  Loss/giou: 0.18566  ,  Loss/l1: 0.01442  ,  Loss/location: 0.27971  ,  pro_loss: 0.12637  ,  IoU: 0.82418
[train: Epoch 41, 625 / 625] FPS: 262.4 (519.1)  ,  DataTime: 0.060 (0.006)  ,  ForwardTime: 0.056  ,  TotalTime: 0.122  ,  Loss/total: 0.74849  ,  Loss/giou: 0.18561  ,  Loss/l1: 0.01438  ,  Loss/location: 0.28017  ,  pro_loss: 0.12602  ,  IoU: 0.82415
[train: Epoch 42, 50 / 625] FPS: 243.6 (169.6)  ,  DataTime: 0.069 (0.006)  ,  ForwardTime: 0.057  ,  TotalTime: 0.131  ,  Loss/total: 0.74041  ,  Loss/giou: 0.18219  ,  Loss/l1: 0.01415  ,  Loss/location: 0.27984  ,  pro_loss: 0.12708  ,  IoU: 0.82688
[train: Epoch 42, 100 / 625] FPS: 253.2 (486.6)  ,  DataTime: 0.064 (0.006)  ,  ForwardTime: 0.057  ,  TotalTime: 0.126  ,  Loss/total: 0.73468  ,  Loss/giou: 0.18057  ,  Loss/l1: 0.01399  ,  Loss/location: 0.27799  ,  pro_loss: 0.12813  ,  IoU: 0.82854
[train: Epoch 42, 150 / 625] FPS: 256.4 (197.0)  ,  DataTime: 0.063 (0.006)  ,  ForwardTime: 0.057  ,  TotalTime: 0.125  ,  Loss/total: 0.73331  ,  Loss/giou: 0.18067  ,  Loss/l1: 0.01391  ,  Loss/location: 0.27680  ,  pro_loss: 0.12812  ,  IoU: 0.82866
[train: Epoch 42, 200 / 625] FPS: 260.8 (485.2)  ,  DataTime: 0.061 (0.006)  ,  ForwardTime: 0.057  ,  TotalTime: 0.123  ,  Loss/total: 0.73188  ,  Loss/giou: 0.18056  ,  Loss/l1: 0.01385  ,  Loss/location: 0.27589  ,  pro_loss: 0.12802  ,  IoU: 0.82835
[train: Epoch 42, 250 / 625] FPS: 259.8 (197.1)  ,  DataTime: 0.061 (0.006)  ,  ForwardTime: 0.057  ,  TotalTime: 0.123  ,  Loss/total: 0.73521  ,  Loss/giou: 0.18067  ,  Loss/l1: 0.01389  ,  Loss/location: 0.27877  ,  pro_loss: 0.12821  ,  IoU: 0.82815
[train: Epoch 42, 300 / 625] FPS: 261.4 (485.0)  ,  DataTime: 0.060 (0.006)  ,  ForwardTime: 0.057  ,  TotalTime: 0.122  ,  Loss/total: 0.73066  ,  Loss/giou: 0.17922  ,  Loss/l1: 0.01376  ,  Loss/location: 0.27784  ,  pro_loss: 0.12802  ,  IoU: 0.82934
[train: Epoch 42, 350 / 625] FPS: 261.2 (493.4)  ,  DataTime: 0.060 (0.006)  ,  ForwardTime: 0.057  ,  TotalTime: 0.123  ,  Loss/total: 0.73583  ,  Loss/giou: 0.18049  ,  Loss/l1: 0.01395  ,  Loss/location: 0.27940  ,  pro_loss: 0.12854  ,  IoU: 0.82832
[train: Epoch 42, 400 / 625] FPS: 262.2 (488.4)  ,  DataTime: 0.060 (0.006)  ,  ForwardTime: 0.057  ,  TotalTime: 0.122  ,  Loss/total: 0.74153  ,  Loss/giou: 0.18140  ,  Loss/l1: 0.01398  ,  Loss/location: 0.28328  ,  pro_loss: 0.12776  ,  IoU: 0.82754
[train: Epoch 42, 450 / 625] FPS: 261.1 (495.3)  ,  DataTime: 0.061 (0.006)  ,  ForwardTime: 0.057  ,  TotalTime: 0.123  ,  Loss/total: 0.74333  ,  Loss/giou: 0.18209  ,  Loss/l1: 0.01405  ,  Loss/location: 0.28314  ,  pro_loss: 0.12866  ,  IoU: 0.82685
[train: Epoch 42, 500 / 625] FPS: 262.4 (480.6)  ,  DataTime: 0.060 (0.006)  ,  ForwardTime: 0.057  ,  TotalTime: 0.122  ,  Loss/total: 0.74258  ,  Loss/giou: 0.18205  ,  Loss/l1: 0.01405  ,  Loss/location: 0.28239  ,  pro_loss: 0.12929  ,  IoU: 0.82696
[train: Epoch 42, 550 / 625] FPS: 262.1 (408.2)  ,  DataTime: 0.060 (0.006)  ,  ForwardTime: 0.056  ,  TotalTime: 0.122  ,  Loss/total: 0.74022  ,  Loss/giou: 0.18172  ,  Loss/l1: 0.01399  ,  Loss/location: 0.28096  ,  pro_loss: 0.12924  ,  IoU: 0.82729
[train: Epoch 42, 600 / 625] FPS: 262.2 (485.1)  ,  DataTime: 0.060 (0.006)  ,  ForwardTime: 0.056  ,  TotalTime: 0.122  ,  Loss/total: 0.73960  ,  Loss/giou: 0.18182  ,  Loss/l1: 0.01401  ,  Loss/location: 0.28013  ,  pro_loss: 0.12899  ,  IoU: 0.82725
[train: Epoch 42, 625 / 625] FPS: 262.2 (178.1)  ,  DataTime: 0.060 (0.006)  ,  ForwardTime: 0.056  ,  TotalTime: 0.122  ,  Loss/total: 0.74047  ,  Loss/giou: 0.18213  ,  Loss/l1: 0.01406  ,  Loss/location: 0.28014  ,  pro_loss: 0.12887  ,  IoU: 0.82694
[train: Epoch 43, 50 / 625] FPS: 240.3 (493.6)  ,  DataTime: 0.071 (0.005)  ,  ForwardTime: 0.056  ,  TotalTime: 0.133  ,  Loss/total: 0.72152  ,  Loss/giou: 0.18309  ,  Loss/l1: 0.01407  ,  Loss/location: 0.26077  ,  pro_loss: 0.12125  ,  IoU: 0.82752
[train: Epoch 43, 100 / 625] FPS: 252.3 (494.2)  ,  DataTime: 0.065 (0.005)  ,  ForwardTime: 0.056  ,  TotalTime: 0.127  ,  Loss/total: 0.70992  ,  Loss/giou: 0.17819  ,  Loss/l1: 0.01321  ,  Loss/location: 0.26241  ,  pro_loss: 0.12552  ,  IoU: 0.83063
[train: Epoch 43, 150 / 625] FPS: 255.8 (489.4)  ,  DataTime: 0.063 (0.006)  ,  ForwardTime: 0.056  ,  TotalTime: 0.125  ,  Loss/total: 0.72830  ,  Loss/giou: 0.18203  ,  Loss/l1: 0.01376  ,  Loss/location: 0.27022  ,  pro_loss: 0.12604  ,  IoU: 0.82734
[train: Epoch 43, 200 / 625] FPS: 259.2 (486.0)  ,  DataTime: 0.061 (0.006)  ,  ForwardTime: 0.056  ,  TotalTime: 0.123  ,  Loss/total: 0.72990  ,  Loss/giou: 0.18195  ,  Loss/l1: 0.01377  ,  Loss/location: 0.27197  ,  pro_loss: 0.12594  ,  IoU: 0.82717
[train: Epoch 43, 250 / 625] FPS: 259.2 (490.5)  ,  DataTime: 0.062 (0.006)  ,  ForwardTime: 0.056  ,  TotalTime: 0.123  ,  Loss/total: 0.72825  ,  Loss/giou: 0.18160  ,  Loss/l1: 0.01376  ,  Loss/location: 0.27107  ,  pro_loss: 0.12579  ,  IoU: 0.82735
[train: Epoch 43, 300 / 625] FPS: 260.8 (487.5)  ,  DataTime: 0.061 (0.006)  ,  ForwardTime: 0.056  ,  TotalTime: 0.123  ,  Loss/total: 0.73490  ,  Loss/giou: 0.18261  ,  Loss/l1: 0.01408  ,  Loss/location: 0.27402  ,  pro_loss: 0.12646  ,  IoU: 0.82654
[train: Epoch 43, 350 / 625] FPS: 260.1 (482.9)  ,  DataTime: 0.061 (0.006)  ,  ForwardTime: 0.056  ,  TotalTime: 0.123  ,  Loss/total: 0.73580  ,  Loss/giou: 0.18310  ,  Loss/l1: 0.01419  ,  Loss/location: 0.27322  ,  pro_loss: 0.12711  ,  IoU: 0.82625
[train: Epoch 43, 400 / 625] FPS: 261.1 (489.3)  ,  DataTime: 0.061 (0.006)  ,  ForwardTime: 0.056  ,  TotalTime: 0.123  ,  Loss/total: 0.73663  ,  Loss/giou: 0.18315  ,  Loss/l1: 0.01425  ,  Loss/location: 0.27364  ,  pro_loss: 0.12714  ,  IoU: 0.82624
[train: Epoch 43, 450 / 625] FPS: 261.8 (488.9)  ,  DataTime: 0.060 (0.006)  ,  ForwardTime: 0.056  ,  TotalTime: 0.122  ,  Loss/total: 0.74110  ,  Loss/giou: 0.18349  ,  Loss/l1: 0.01438  ,  Loss/location: 0.27678  ,  pro_loss: 0.12723  ,  IoU: 0.82604
[train: Epoch 43, 500 / 625] FPS: 262.0 (183.4)  ,  DataTime: 0.060 (0.006)  ,  ForwardTime: 0.056  ,  TotalTime: 0.122  ,  Loss/total: 0.74140  ,  Loss/giou: 0.18338  ,  Loss/l1: 0.01427  ,  Loss/location: 0.27790  ,  pro_loss: 0.12686  ,  IoU: 0.82604
[train: Epoch 43, 550 / 625] FPS: 261.9 (483.8)  ,  DataTime: 0.060 (0.006)  ,  ForwardTime: 0.056  ,  TotalTime: 0.122  ,  Loss/total: 0.74172  ,  Loss/giou: 0.18345  ,  Loss/l1: 0.01425  ,  Loss/location: 0.27810  ,  pro_loss: 0.12722  ,  IoU: 0.82590
[train: Epoch 43, 600 / 625] FPS: 262.2 (480.2)  ,  DataTime: 0.060 (0.006)  ,  ForwardTime: 0.056  ,  TotalTime: 0.122  ,  Loss/total: 0.74403  ,  Loss/giou: 0.18372  ,  Loss/l1: 0.01431  ,  Loss/location: 0.27958  ,  pro_loss: 0.12747  ,  IoU: 0.82567
[train: Epoch 43, 625 / 625] FPS: 262.0 (125.9)  ,  DataTime: 0.060 (0.006)  ,  ForwardTime: 0.056  ,  TotalTime: 0.122  ,  Loss/total: 0.74558  ,  Loss/giou: 0.18397  ,  Loss/l1: 0.01436  ,  Loss/location: 0.28031  ,  pro_loss: 0.12755  ,  IoU: 0.82545
[train: Epoch 44, 50 / 625] FPS: 243.7 (487.8)  ,  DataTime: 0.069 (0.005)  ,  ForwardTime: 0.056  ,  TotalTime: 0.131  ,  Loss/total: 0.72926  ,  Loss/giou: 0.17975  ,  Loss/l1: 0.01359  ,  Loss/location: 0.27545  ,  pro_loss: 0.13188  ,  IoU: 0.82883
[train: Epoch 44, 100 / 625] FPS: 254.2 (488.1)  ,  DataTime: 0.064 (0.005)  ,  ForwardTime: 0.056  ,  TotalTime: 0.126  ,  Loss/total: 0.74401  ,  Loss/giou: 0.18407  ,  Loss/l1: 0.01429  ,  Loss/location: 0.27855  ,  pro_loss: 0.12927  ,  IoU: 0.82559
[train: Epoch 44, 150 / 625] FPS: 257.3 (497.1)  ,  DataTime: 0.062 (0.005)  ,  ForwardTime: 0.056  ,  TotalTime: 0.124  ,  Loss/total: 0.74796  ,  Loss/giou: 0.18525  ,  Loss/l1: 0.01437  ,  Loss/location: 0.27974  ,  pro_loss: 0.12945  ,  IoU: 0.82430
[train: Epoch 44, 200 / 625] FPS: 259.9 (492.1)  ,  DataTime: 0.061 (0.005)  ,  ForwardTime: 0.056  ,  TotalTime: 0.123  ,  Loss/total: 0.74383  ,  Loss/giou: 0.18399  ,  Loss/l1: 0.01427  ,  Loss/location: 0.27842  ,  pro_loss: 0.13042  ,  IoU: 0.82529
[train: Epoch 44, 250 / 625] FPS: 260.4 (484.9)  ,  DataTime: 0.061 (0.006)  ,  ForwardTime: 0.056  ,  TotalTime: 0.123  ,  Loss/total: 0.73735  ,  Loss/giou: 0.18246  ,  Loss/l1: 0.01415  ,  Loss/location: 0.27563  ,  pro_loss: 0.13018  ,  IoU: 0.82665
[train: Epoch 44, 300 / 625] FPS: 261.4 (490.9)  ,  DataTime: 0.060 (0.006)  ,  ForwardTime: 0.056  ,  TotalTime: 0.122  ,  Loss/total: 0.73810  ,  Loss/giou: 0.18284  ,  Loss/l1: 0.01429  ,  Loss/location: 0.27481  ,  pro_loss: 0.13092  ,  IoU: 0.82674
[train: Epoch 44, 350 / 625] FPS: 261.5 (488.6)  ,  DataTime: 0.060 (0.006)  ,  ForwardTime: 0.056  ,  TotalTime: 0.122  ,  Loss/total: 0.74111  ,  Loss/giou: 0.18350  ,  Loss/l1: 0.01435  ,  Loss/location: 0.27610  ,  pro_loss: 0.13117  ,  IoU: 0.82616
[train: Epoch 44, 400 / 625] FPS: 261.9 (489.2)  ,  DataTime: 0.060 (0.006)  ,  ForwardTime: 0.057  ,  TotalTime: 0.122  ,  Loss/total: 0.74247  ,  Loss/giou: 0.18348  ,  Loss/l1: 0.01431  ,  Loss/location: 0.27789  ,  pro_loss: 0.13038  ,  IoU: 0.82607
[train: Epoch 44, 450 / 625] FPS: 262.0 (487.5)  ,  DataTime: 0.060 (0.006)  ,  ForwardTime: 0.057  ,  TotalTime: 0.122  ,  Loss/total: 0.74275  ,  Loss/giou: 0.18383  ,  Loss/l1: 0.01427  ,  Loss/location: 0.27776  ,  pro_loss: 0.12987  ,  IoU: 0.82577
[train: Epoch 44, 500 / 625] FPS: 262.7 (478.0)  ,  DataTime: 0.060 (0.006)  ,  ForwardTime: 0.057  ,  TotalTime: 0.122  ,  Loss/total: 0.74572  ,  Loss/giou: 0.18469  ,  Loss/l1: 0.01438  ,  Loss/location: 0.27857  ,  pro_loss: 0.12928  ,  IoU: 0.82519
[train: Epoch 44, 550 / 625] FPS: 262.7 (243.3)  ,  DataTime: 0.060 (0.006)  ,  ForwardTime: 0.057  ,  TotalTime: 0.122  ,  Loss/total: 0.74849  ,  Loss/giou: 0.18520  ,  Loss/l1: 0.01445  ,  Loss/location: 0.27995  ,  pro_loss: 0.12952  ,  IoU: 0.82465
[train: Epoch 44, 600 / 625] FPS: 263.6 (470.0)  ,  DataTime: 0.059 (0.006)  ,  ForwardTime: 0.056  ,  TotalTime: 0.121  ,  Loss/total: 0.74757  ,  Loss/giou: 0.18485  ,  Loss/l1: 0.01434  ,  Loss/location: 0.28030  ,  pro_loss: 0.12926  ,  IoU: 0.82490
[train: Epoch 44, 625 / 625] FPS: 263.5 (187.1)  ,  DataTime: 0.059 (0.006)  ,  ForwardTime: 0.056  ,  TotalTime: 0.121  ,  Loss/total: 0.74800  ,  Loss/giou: 0.18484  ,  Loss/l1: 0.01432  ,  Loss/location: 0.28079  ,  pro_loss: 0.12954  ,  IoU: 0.82488
[train: Epoch 45, 50 / 625] FPS: 243.4 (492.0)  ,  DataTime: 0.070 (0.005)  ,  ForwardTime: 0.056  ,  TotalTime: 0.131  ,  Loss/total: 0.73267  ,  Loss/giou: 0.17918  ,  Loss/l1: 0.01312  ,  Loss/location: 0.28241  ,  pro_loss: 0.13146  ,  IoU: 0.82935
[train: Epoch 45, 100 / 625] FPS: 252.5 (493.9)  ,  DataTime: 0.065 (0.005)  ,  ForwardTime: 0.057  ,  TotalTime: 0.127  ,  Loss/total: 0.74055  ,  Loss/giou: 0.18128  ,  Loss/l1: 0.01352  ,  Loss/location: 0.28434  ,  pro_loss: 0.13021  ,  IoU: 0.82719
[train: Epoch 45, 150 / 625] FPS: 255.2 (491.2)  ,  DataTime: 0.063 (0.005)  ,  ForwardTime: 0.057  ,  TotalTime: 0.125  ,  Loss/total: 0.75078  ,  Loss/giou: 0.18285  ,  Loss/l1: 0.01411  ,  Loss/location: 0.28898  ,  pro_loss: 0.12764  ,  IoU: 0.82600
[train: Epoch 45, 200 / 625] FPS: 259.4 (473.7)  ,  DataTime: 0.061 (0.005)  ,  ForwardTime: 0.056  ,  TotalTime: 0.123  ,  Loss/total: 0.74226  ,  Loss/giou: 0.18112  ,  Loss/l1: 0.01391  ,  Loss/location: 0.28466  ,  pro_loss: 0.12906  ,  IoU: 0.82754
[train: Epoch 45, 250 / 625] FPS: 259.8 (485.7)  ,  DataTime: 0.061 (0.005)  ,  ForwardTime: 0.056  ,  TotalTime: 0.123  ,  Loss/total: 0.73860  ,  Loss/giou: 0.18080  ,  Loss/l1: 0.01374  ,  Loss/location: 0.28280  ,  pro_loss: 0.12754  ,  IoU: 0.82758
[train: Epoch 45, 300 / 625] FPS: 261.1 (488.9)  ,  DataTime: 0.061 (0.005)  ,  ForwardTime: 0.056  ,  TotalTime: 0.123  ,  Loss/total: 0.74059  ,  Loss/giou: 0.18170  ,  Loss/l1: 0.01389  ,  Loss/location: 0.28241  ,  pro_loss: 0.12677  ,  IoU: 0.82691
[train: Epoch 45, 350 / 625] FPS: 261.3 (492.3)  ,  DataTime: 0.060 (0.006)  ,  ForwardTime: 0.057  ,  TotalTime: 0.122  ,  Loss/total: 0.74041  ,  Loss/giou: 0.18199  ,  Loss/l1: 0.01390  ,  Loss/location: 0.28157  ,  pro_loss: 0.12682  ,  IoU: 0.82665
[train: Epoch 45, 400 / 625] FPS: 262.6 (470.6)  ,  DataTime: 0.060 (0.006)  ,  ForwardTime: 0.056  ,  TotalTime: 0.122  ,  Loss/total: 0.74193  ,  Loss/giou: 0.18242  ,  Loss/l1: 0.01400  ,  Loss/location: 0.28168  ,  pro_loss: 0.12714  ,  IoU: 0.82640
[train: Epoch 45, 450 / 625] FPS: 262.2 (427.3)  ,  DataTime: 0.060 (0.006)  ,  ForwardTime: 0.056  ,  TotalTime: 0.122  ,  Loss/total: 0.74279  ,  Loss/giou: 0.18291  ,  Loss/l1: 0.01409  ,  Loss/location: 0.28102  ,  pro_loss: 0.12743  ,  IoU: 0.82606
[train: Epoch 45, 500 / 625] FPS: 262.8 (322.5)  ,  DataTime: 0.060 (0.006)  ,  ForwardTime: 0.056  ,  TotalTime: 0.122  ,  Loss/total: 0.74445  ,  Loss/giou: 0.18338  ,  Loss/l1: 0.01412  ,  Loss/location: 0.28160  ,  pro_loss: 0.12742  ,  IoU: 0.82575
[train: Epoch 45, 550 / 625] FPS: 263.2 (490.7)  ,  DataTime: 0.060 (0.006)  ,  ForwardTime: 0.056  ,  TotalTime: 0.122  ,  Loss/total: 0.74243  ,  Loss/giou: 0.18306  ,  Loss/l1: 0.01406  ,  Loss/location: 0.28058  ,  pro_loss: 0.12706  ,  IoU: 0.82603
[train: Epoch 45, 600 / 625] FPS: 263.2 (292.9)  ,  DataTime: 0.060 (0.006)  ,  ForwardTime: 0.056  ,  TotalTime: 0.122  ,  Loss/total: 0.73981  ,  Loss/giou: 0.18237  ,  Loss/l1: 0.01402  ,  Loss/location: 0.27941  ,  pro_loss: 0.12780  ,  IoU: 0.82668
[train: Epoch 45, 625 / 625] FPS: 263.3 (208.0)  ,  DataTime: 0.060 (0.006)  ,  ForwardTime: 0.056  ,  TotalTime: 0.122  ,  Loss/total: 0.74060  ,  Loss/giou: 0.18257  ,  Loss/l1: 0.01402  ,  Loss/location: 0.27980  ,  pro_loss: 0.12778  ,  IoU: 0.82646
[val: Epoch 45, 50 / 156] FPS: 239.8 (1002.6)  ,  DataTime: 0.105 (0.005)  ,  ForwardTime: 0.023  ,  TotalTime: 0.133  ,  Loss/total: 0.91350  ,  Loss/giou: 0.24059  ,  Loss/l1: 0.01753  ,  Loss/location: 0.34415  ,  pro_loss: 0.00250  ,  IoU: 0.77659
[val: Epoch 45, 100 / 156] FPS: 254.3 (1014.0)  ,  DataTime: 0.097 (0.005)  ,  ForwardTime: 0.023  ,  TotalTime: 0.126  ,  Loss/total: 0.90156  ,  Loss/giou: 0.23568  ,  Loss/l1: 0.01721  ,  Loss/location: 0.34374  ,  pro_loss: 0.00219  ,  IoU: 0.77973
[val: Epoch 45, 150 / 156] FPS: 254.6 (1035.4)  ,  DataTime: 0.097 (0.005)  ,  ForwardTime: 0.023  ,  TotalTime: 0.126  ,  Loss/total: 0.88797  ,  Loss/giou: 0.23246  ,  Loss/l1: 0.01689  ,  Loss/location: 0.33809  ,  pro_loss: 0.00243  ,  IoU: 0.78247
[val: Epoch 45, 156 / 156] FPS: 258.0 (1080.9)  ,  DataTime: 0.095 (0.005)  ,  ForwardTime: 0.023  ,  TotalTime: 0.124  ,  Loss/total: 0.88307  ,  Loss/giou: 0.23152  ,  Loss/l1: 0.01676  ,  Loss/location: 0.33575  ,  pro_loss: 0.00240  ,  IoU: 0.78320
[train: Epoch 46, 50 / 625] FPS: 243.6 (180.0)  ,  DataTime: 0.069 (0.006)  ,  ForwardTime: 0.056  ,  TotalTime: 0.131  ,  Loss/total: 0.75887  ,  Loss/giou: 0.19048  ,  Loss/l1: 0.01548  ,  Loss/location: 0.27354  ,  pro_loss: 0.13479  ,  IoU: 0.82076
[train: Epoch 46, 100 / 625] FPS: 254.9 (487.4)  ,  DataTime: 0.064 (0.006)  ,  ForwardTime: 0.057  ,  TotalTime: 0.126  ,  Loss/total: 0.76126  ,  Loss/giou: 0.18832  ,  Loss/l1: 0.01514  ,  Loss/location: 0.28241  ,  pro_loss: 0.13240  ,  IoU: 0.82222
[train: Epoch 46, 150 / 625] FPS: 258.4 (344.9)  ,  DataTime: 0.062 (0.006)  ,  ForwardTime: 0.057  ,  TotalTime: 0.124  ,  Loss/total: 0.76547  ,  Loss/giou: 0.18849  ,  Loss/l1: 0.01505  ,  Loss/location: 0.28663  ,  pro_loss: 0.13313  ,  IoU: 0.82176
[train: Epoch 46, 200 / 625] FPS: 261.6 (474.5)  ,  DataTime: 0.060 (0.005)  ,  ForwardTime: 0.057  ,  TotalTime: 0.122  ,  Loss/total: 0.76875  ,  Loss/giou: 0.18924  ,  Loss/l1: 0.01542  ,  Loss/location: 0.28678  ,  pro_loss: 0.13208  ,  IoU: 0.82157
[train: Epoch 46, 250 / 625] FPS: 261.9 (342.8)  ,  DataTime: 0.060 (0.006)  ,  ForwardTime: 0.057  ,  TotalTime: 0.122  ,  Loss/total: 0.75979  ,  Loss/giou: 0.18718  ,  Loss/l1: 0.01498  ,  Loss/location: 0.28424  ,  pro_loss: 0.13138  ,  IoU: 0.82316
[train: Epoch 46, 300 / 625] FPS: 263.1 (479.5)  ,  DataTime: 0.060 (0.006)  ,  ForwardTime: 0.057  ,  TotalTime: 0.122  ,  Loss/total: 0.75441  ,  Loss/giou: 0.18613  ,  Loss/l1: 0.01482  ,  Loss/location: 0.28186  ,  pro_loss: 0.13080  ,  IoU: 0.82411
[train: Epoch 46, 350 / 625] FPS: 262.2 (166.0)  ,  DataTime: 0.060 (0.006)  ,  ForwardTime: 0.057  ,  TotalTime: 0.122  ,  Loss/total: 0.75428  ,  Loss/giou: 0.18628  ,  Loss/l1: 0.01482  ,  Loss/location: 0.28162  ,  pro_loss: 0.13012  ,  IoU: 0.82406
[train: Epoch 46, 400 / 625] FPS: 263.7 (364.5)  ,  DataTime: 0.059 (0.006)  ,  ForwardTime: 0.057  ,  TotalTime: 0.121  ,  Loss/total: 0.75037  ,  Loss/giou: 0.18562  ,  Loss/l1: 0.01471  ,  Loss/location: 0.27963  ,  pro_loss: 0.12977  ,  IoU: 0.82457
[train: Epoch 46, 450 / 625] FPS: 263.3 (478.1)  ,  DataTime: 0.060 (0.006)  ,  ForwardTime: 0.057  ,  TotalTime: 0.122  ,  Loss/total: 0.75081  ,  Loss/giou: 0.18575  ,  Loss/l1: 0.01472  ,  Loss/location: 0.27969  ,  pro_loss: 0.13005  ,  IoU: 0.82453
[train: Epoch 46, 500 / 625] FPS: 262.9 (120.5)  ,  DataTime: 0.060 (0.006)  ,  ForwardTime: 0.056  ,  TotalTime: 0.122  ,  Loss/total: 0.75029  ,  Loss/giou: 0.18563  ,  Loss/l1: 0.01468  ,  Loss/location: 0.27967  ,  pro_loss: 0.12983  ,  IoU: 0.82454
[train: Epoch 46, 550 / 625] FPS: 263.6 (474.6)  ,  DataTime: 0.059 (0.006)  ,  ForwardTime: 0.056  ,  TotalTime: 0.121  ,  Loss/total: 0.74914  ,  Loss/giou: 0.18532  ,  Loss/l1: 0.01456  ,  Loss/location: 0.27971  ,  pro_loss: 0.12985  ,  IoU: 0.82467
[train: Epoch 46, 600 / 625] FPS: 263.4 (127.6)  ,  DataTime: 0.059 (0.006)  ,  ForwardTime: 0.056  ,  TotalTime: 0.121  ,  Loss/total: 0.74270  ,  Loss/giou: 0.18381  ,  Loss/l1: 0.01432  ,  Loss/location: 0.27749  ,  pro_loss: 0.12996  ,  IoU: 0.82587
[train: Epoch 46, 625 / 625] FPS: 263.7 (506.8)  ,  DataTime: 0.059 (0.006)  ,  ForwardTime: 0.056  ,  TotalTime: 0.121  ,  Loss/total: 0.74205  ,  Loss/giou: 0.18334  ,  Loss/l1: 0.01426  ,  Loss/location: 0.27805  ,  pro_loss: 0.13018  ,  IoU: 0.82621
[train: Epoch 47, 50 / 625] FPS: 251.0 (482.5)  ,  DataTime: 0.066 (0.006)  ,  ForwardTime: 0.056  ,  TotalTime: 0.127  ,  Loss/total: 0.77432  ,  Loss/giou: 0.18771  ,  Loss/l1: 0.01532  ,  Loss/location: 0.29658  ,  pro_loss: 0.12854  ,  IoU: 0.82332
[train: Epoch 47, 100 / 625] FPS: 259.0 (476.7)  ,  DataTime: 0.062 (0.006)  ,  ForwardTime: 0.056  ,  TotalTime: 0.124  ,  Loss/total: 0.76813  ,  Loss/giou: 0.18663  ,  Loss/l1: 0.01493  ,  Loss/location: 0.29377  ,  pro_loss: 0.13218  ,  IoU: 0.82333
[train: Epoch 47, 150 / 625] FPS: 257.6 (489.6)  ,  DataTime: 0.062 (0.006)  ,  ForwardTime: 0.056  ,  TotalTime: 0.124  ,  Loss/total: 0.74731  ,  Loss/giou: 0.18279  ,  Loss/l1: 0.01442  ,  Loss/location: 0.28367  ,  pro_loss: 0.12979  ,  IoU: 0.82678
[train: Epoch 47, 200 / 625] FPS: 260.0 (478.4)  ,  DataTime: 0.061 (0.006)  ,  ForwardTime: 0.056  ,  TotalTime: 0.123  ,  Loss/total: 0.74961  ,  Loss/giou: 0.18301  ,  Loss/l1: 0.01447  ,  Loss/location: 0.28532  ,  pro_loss: 0.12963  ,  IoU: 0.82648
[train: Epoch 47, 250 / 625] FPS: 260.8 (228.3)  ,  DataTime: 0.061 (0.006)  ,  ForwardTime: 0.056  ,  TotalTime: 0.123  ,  Loss/total: 0.75505  ,  Loss/giou: 0.18450  ,  Loss/l1: 0.01478  ,  Loss/location: 0.28650  ,  pro_loss: 0.12833  ,  IoU: 0.82505
[train: Epoch 47, 300 / 625] FPS: 261.0 (485.7)  ,  DataTime: 0.061 (0.005)  ,  ForwardTime: 0.056  ,  TotalTime: 0.123  ,  Loss/total: 0.75447  ,  Loss/giou: 0.18438  ,  Loss/l1: 0.01465  ,  Loss/location: 0.28699  ,  pro_loss: 0.12743  ,  IoU: 0.82519
[train: Epoch 47, 350 / 625] FPS: 260.6 (492.1)  ,  DataTime: 0.061 (0.005)  ,  ForwardTime: 0.056  ,  TotalTime: 0.123  ,  Loss/total: 0.74958  ,  Loss/giou: 0.18299  ,  Loss/l1: 0.01442  ,  Loss/location: 0.28608  ,  pro_loss: 0.12720  ,  IoU: 0.82618
[train: Epoch 47, 400 / 625] FPS: 260.9 (494.0)  ,  DataTime: 0.061 (0.006)  ,  ForwardTime: 0.056  ,  TotalTime: 0.123  ,  Loss/total: 0.74631  ,  Loss/giou: 0.18210  ,  Loss/l1: 0.01431  ,  Loss/location: 0.28502  ,  pro_loss: 0.12766  ,  IoU: 0.82682
[train: Epoch 47, 450 / 625] FPS: 260.5 (496.8)  ,  DataTime: 0.061 (0.006)  ,  ForwardTime: 0.056  ,  TotalTime: 0.123  ,  Loss/total: 0.74650  ,  Loss/giou: 0.18209  ,  Loss/l1: 0.01431  ,  Loss/location: 0.28529  ,  pro_loss: 0.12748  ,  IoU: 0.82683
[train: Epoch 47, 500 / 625] FPS: 261.9 (486.1)  ,  DataTime: 0.060 (0.006)  ,  ForwardTime: 0.056  ,  TotalTime: 0.122  ,  Loss/total: 0.74799  ,  Loss/giou: 0.18240  ,  Loss/l1: 0.01427  ,  Loss/location: 0.28623  ,  pro_loss: 0.12794  ,  IoU: 0.82645
[train: Epoch 47, 550 / 625] FPS: 261.5 (492.4)  ,  DataTime: 0.060 (0.006)  ,  ForwardTime: 0.056  ,  TotalTime: 0.122  ,  Loss/total: 0.75039  ,  Loss/giou: 0.18286  ,  Loss/l1: 0.01426  ,  Loss/location: 0.28766  ,  pro_loss: 0.12843  ,  IoU: 0.82595
[train: Epoch 47, 600 / 625] FPS: 262.3 (486.1)  ,  DataTime: 0.060 (0.006)  ,  ForwardTime: 0.056  ,  TotalTime: 0.122  ,  Loss/total: 0.74960  ,  Loss/giou: 0.18297  ,  Loss/l1: 0.01431  ,  Loss/location: 0.28656  ,  pro_loss: 0.12773  ,  IoU: 0.82593
[train: Epoch 47, 625 / 625] FPS: 262.0 (153.0)  ,  DataTime: 0.060 (0.006)  ,  ForwardTime: 0.056  ,  TotalTime: 0.122  ,  Loss/total: 0.75164  ,  Loss/giou: 0.18335  ,  Loss/l1: 0.01433  ,  Loss/location: 0.28766  ,  pro_loss: 0.12817  ,  IoU: 0.82559
[train: Epoch 48, 50 / 625] FPS: 243.1 (486.7)  ,  DataTime: 0.070 (0.005)  ,  ForwardTime: 0.056  ,  TotalTime: 0.132  ,  Loss/total: 0.77374  ,  Loss/giou: 0.18618  ,  Loss/l1: 0.01384  ,  Loss/location: 0.30647  ,  pro_loss: 0.12854  ,  IoU: 0.82218
[train: Epoch 48, 100 / 625] FPS: 258.2 (433.1)  ,  DataTime: 0.062 (0.005)  ,  ForwardTime: 0.056  ,  TotalTime: 0.124  ,  Loss/total: 0.75996  ,  Loss/giou: 0.18543  ,  Loss/l1: 0.01387  ,  Loss/location: 0.29402  ,  pro_loss: 0.12865  ,  IoU: 0.82320
[train: Epoch 48, 150 / 625] FPS: 258.8 (201.3)  ,  DataTime: 0.062 (0.005)  ,  ForwardTime: 0.056  ,  TotalTime: 0.124  ,  Loss/total: 0.75122  ,  Loss/giou: 0.18310  ,  Loss/l1: 0.01382  ,  Loss/location: 0.28997  ,  pro_loss: 0.12965  ,  IoU: 0.82511
[train: Epoch 48, 200 / 625] FPS: 260.3 (144.5)  ,  DataTime: 0.061 (0.005)  ,  ForwardTime: 0.056  ,  TotalTime: 0.123  ,  Loss/total: 0.75663  ,  Loss/giou: 0.18455  ,  Loss/l1: 0.01432  ,  Loss/location: 0.28973  ,  pro_loss: 0.13094  ,  IoU: 0.82480
[train: Epoch 48, 250 / 625] FPS: 261.3 (467.5)  ,  DataTime: 0.061 (0.005)  ,  ForwardTime: 0.056  ,  TotalTime: 0.122  ,  Loss/total: 0.75384  ,  Loss/giou: 0.18392  ,  Loss/l1: 0.01427  ,  Loss/location: 0.28850  ,  pro_loss: 0.13079  ,  IoU: 0.82529
[train: Epoch 48, 300 / 625] FPS: 262.6 (164.0)  ,  DataTime: 0.060 (0.005)  ,  ForwardTime: 0.056  ,  TotalTime: 0.122  ,  Loss/total: 0.74817  ,  Loss/giou: 0.18282  ,  Loss/l1: 0.01409  ,  Loss/location: 0.28566  ,  pro_loss: 0.13194  ,  IoU: 0.82613
[train: Epoch 48, 350 / 625] FPS: 262.8 (269.5)  ,  DataTime: 0.060 (0.006)  ,  ForwardTime: 0.056  ,  TotalTime: 0.122  ,  Loss/total: 0.74724  ,  Loss/giou: 0.18260  ,  Loss/l1: 0.01406  ,  Loss/location: 0.28557  ,  pro_loss: 0.13098  ,  IoU: 0.82629
[train: Epoch 48, 400 / 625] FPS: 263.7 (477.0)  ,  DataTime: 0.059 (0.006)  ,  ForwardTime: 0.056  ,  TotalTime: 0.121  ,  Loss/total: 0.74706  ,  Loss/giou: 0.18285  ,  Loss/l1: 0.01423  ,  Loss/location: 0.28415  ,  pro_loss: 0.13021  ,  IoU: 0.82638
[train: Epoch 48, 450 / 625] FPS: 263.4 (306.0)  ,  DataTime: 0.060 (0.006)  ,  ForwardTime: 0.056  ,  TotalTime: 0.122  ,  Loss/total: 0.74628  ,  Loss/giou: 0.18257  ,  Loss/l1: 0.01411  ,  Loss/location: 0.28451  ,  pro_loss: 0.13032  ,  IoU: 0.82647
[train: Epoch 48, 500 / 625] FPS: 262.6 (104.7)  ,  DataTime: 0.060 (0.006)  ,  ForwardTime: 0.056  ,  TotalTime: 0.122  ,  Loss/total: 0.74753  ,  Loss/giou: 0.18293  ,  Loss/l1: 0.01409  ,  Loss/location: 0.28516  ,  pro_loss: 0.13025  ,  IoU: 0.82620
[train: Epoch 48, 550 / 625] FPS: 262.9 (491.6)  ,  DataTime: 0.060 (0.006)  ,  ForwardTime: 0.056  ,  TotalTime: 0.122  ,  Loss/total: 0.74689  ,  Loss/giou: 0.18299  ,  Loss/l1: 0.01407  ,  Loss/location: 0.28457  ,  pro_loss: 0.12981  ,  IoU: 0.82607
[train: Epoch 48, 600 / 625] FPS: 263.0 (118.6)  ,  DataTime: 0.060 (0.006)  ,  ForwardTime: 0.056  ,  TotalTime: 0.122  ,  Loss/total: 0.74608  ,  Loss/giou: 0.18287  ,  Loss/l1: 0.01410  ,  Loss/location: 0.28395  ,  pro_loss: 0.12946  ,  IoU: 0.82621
[train: Epoch 48, 625 / 625] FPS: 263.5 (519.6)  ,  DataTime: 0.060 (0.006)  ,  ForwardTime: 0.056  ,  TotalTime: 0.121  ,  Loss/total: 0.74672  ,  Loss/giou: 0.18292  ,  Loss/l1: 0.01409  ,  Loss/location: 0.28449  ,  pro_loss: 0.12960  ,  IoU: 0.82620
[train: Epoch 49, 50 / 625] FPS: 250.3 (489.1)  ,  DataTime: 0.066 (0.005)  ,  ForwardTime: 0.056  ,  TotalTime: 0.128  ,  Loss/total: 0.73109  ,  Loss/giou: 0.18232  ,  Loss/l1: 0.01374  ,  Loss/location: 0.27181  ,  pro_loss: 0.12980  ,  IoU: 0.82709
[train: Epoch 49, 100 / 625] FPS: 257.9 (364.5)  ,  DataTime: 0.062 (0.005)  ,  ForwardTime: 0.056  ,  TotalTime: 0.124  ,  Loss/total: 0.73581  ,  Loss/giou: 0.18184  ,  Loss/l1: 0.01416  ,  Loss/location: 0.27436  ,  pro_loss: 0.13490  ,  IoU: 0.82784
[train: Epoch 49, 150 / 625] FPS: 257.9 (492.0)  ,  DataTime: 0.062 (0.005)  ,  ForwardTime: 0.056  ,  TotalTime: 0.124  ,  Loss/total: 0.73280  ,  Loss/giou: 0.18047  ,  Loss/l1: 0.01381  ,  Loss/location: 0.27600  ,  pro_loss: 0.13416  ,  IoU: 0.82838
[train: Epoch 49, 200 / 625] FPS: 260.6 (139.7)  ,  DataTime: 0.061 (0.005)  ,  ForwardTime: 0.056  ,  TotalTime: 0.123  ,  Loss/total: 0.73354  ,  Loss/giou: 0.18133  ,  Loss/l1: 0.01380  ,  Loss/location: 0.27534  ,  pro_loss: 0.13266  ,  IoU: 0.82742
[train: Epoch 49, 250 / 625] FPS: 261.6 (489.7)  ,  DataTime: 0.060 (0.005)  ,  ForwardTime: 0.056  ,  TotalTime: 0.122  ,  Loss/total: 0.74113  ,  Loss/giou: 0.18244  ,  Loss/l1: 0.01390  ,  Loss/location: 0.28028  ,  pro_loss: 0.13250  ,  IoU: 0.82635
[train: Epoch 49, 300 / 625] FPS: 261.0 (105.2)  ,  DataTime: 0.061 (0.005)  ,  ForwardTime: 0.056  ,  TotalTime: 0.123  ,  Loss/total: 0.73697  ,  Loss/giou: 0.18118  ,  Loss/l1: 0.01371  ,  Loss/location: 0.27962  ,  pro_loss: 0.13222  ,  IoU: 0.82747
[train: Epoch 49, 350 / 625] FPS: 262.0 (487.8)  ,  DataTime: 0.060 (0.005)  ,  ForwardTime: 0.056  ,  TotalTime: 0.122  ,  Loss/total: 0.74305  ,  Loss/giou: 0.18206  ,  Loss/l1: 0.01393  ,  Loss/location: 0.28316  ,  pro_loss: 0.13053  ,  IoU: 0.82674
[train: Epoch 49, 400 / 625] FPS: 261.2 (110.3)  ,  DataTime: 0.061 (0.005)  ,  ForwardTime: 0.056  ,  TotalTime: 0.123  ,  Loss/total: 0.73856  ,  Loss/giou: 0.18107  ,  Loss/l1: 0.01378  ,  Loss/location: 0.28129  ,  pro_loss: 0.13117  ,  IoU: 0.82756
[train: Epoch 49, 450 / 625] FPS: 262.3 (488.1)  ,  DataTime: 0.060 (0.005)  ,  ForwardTime: 0.056  ,  TotalTime: 0.122  ,  Loss/total: 0.74371  ,  Loss/giou: 0.18224  ,  Loss/l1: 0.01397  ,  Loss/location: 0.28328  ,  pro_loss: 0.13058  ,  IoU: 0.82657
[train: Epoch 49, 500 / 625] FPS: 261.6 (105.2)  ,  DataTime: 0.060 (0.005)  ,  ForwardTime: 0.056  ,  TotalTime: 0.122  ,  Loss/total: 0.74220  ,  Loss/giou: 0.18203  ,  Loss/l1: 0.01388  ,  Loss/location: 0.28274  ,  pro_loss: 0.13008  ,  IoU: 0.82687
[train: Epoch 49, 550 / 625] FPS: 262.0 (487.5)  ,  DataTime: 0.060 (0.005)  ,  ForwardTime: 0.056  ,  TotalTime: 0.122  ,  Loss/total: 0.74265  ,  Loss/giou: 0.18231  ,  Loss/l1: 0.01395  ,  Loss/location: 0.28223  ,  pro_loss: 0.13023  ,  IoU: 0.82665
[train: Epoch 49, 600 / 625] FPS: 261.5 (114.3)  ,  DataTime: 0.060 (0.006)  ,  ForwardTime: 0.056  ,  TotalTime: 0.122  ,  Loss/total: 0.74120  ,  Loss/giou: 0.18220  ,  Loss/l1: 0.01398  ,  Loss/location: 0.28088  ,  pro_loss: 0.13022  ,  IoU: 0.82680
[train: Epoch 49, 625 / 625] FPS: 261.8 (522.5)  ,  DataTime: 0.060 (0.005)  ,  ForwardTime: 0.056  ,  TotalTime: 0.122  ,  Loss/total: 0.74131  ,  Loss/giou: 0.18209  ,  Loss/l1: 0.01395  ,  Loss/location: 0.28134  ,  pro_loss: 0.13023  ,  IoU: 0.82685
[train: Epoch 50, 50 / 625] FPS: 244.8 (230.5)  ,  DataTime: 0.069 (0.005)  ,  ForwardTime: 0.056  ,  TotalTime: 0.131  ,  Loss/total: 0.73987  ,  Loss/giou: 0.18238  ,  Loss/l1: 0.01398  ,  Loss/location: 0.27939  ,  pro_loss: 0.12896  ,  IoU: 0.82657
[train: Epoch 50, 100 / 625] FPS: 256.0 (490.3)  ,  DataTime: 0.063 (0.005)  ,  ForwardTime: 0.056  ,  TotalTime: 0.125  ,  Loss/total: 0.72326  ,  Loss/giou: 0.17973  ,  Loss/l1: 0.01332  ,  Loss/location: 0.27119  ,  pro_loss: 0.13000  ,  IoU: 0.82883
[train: Epoch 50, 150 / 625] FPS: 258.7 (231.1)  ,  DataTime: 0.062 (0.005)  ,  ForwardTime: 0.056  ,  TotalTime: 0.124  ,  Loss/total: 0.72503  ,  Loss/giou: 0.17933  ,  Loss/l1: 0.01361  ,  Loss/location: 0.27267  ,  pro_loss: 0.12819  ,  IoU: 0.82899
[train: Epoch 50, 200 / 625] FPS: 258.6 (354.3)  ,  DataTime: 0.062 (0.005)  ,  ForwardTime: 0.056  ,  TotalTime: 0.124  ,  Loss/total: 0.72072  ,  Loss/giou: 0.17823  ,  Loss/l1: 0.01331  ,  Loss/location: 0.27183  ,  pro_loss: 0.12938  ,  IoU: 0.82956
[train: Epoch 50, 250 / 625] FPS: 259.3 (494.6)  ,  DataTime: 0.062 (0.005)  ,  ForwardTime: 0.056  ,  TotalTime: 0.123  ,  Loss/total: 0.72719  ,  Loss/giou: 0.17999  ,  Loss/l1: 0.01355  ,  Loss/location: 0.27364  ,  pro_loss: 0.12900  ,  IoU: 0.82836
[train: Epoch 50, 300 / 625] FPS: 259.8 (272.1)  ,  DataTime: 0.061 (0.005)  ,  ForwardTime: 0.056  ,  TotalTime: 0.123  ,  Loss/total: 0.72439  ,  Loss/giou: 0.17948  ,  Loss/l1: 0.01344  ,  Loss/location: 0.27258  ,  pro_loss: 0.12837  ,  IoU: 0.82890
[train: Epoch 50, 350 / 625] FPS: 260.0 (491.3)  ,  DataTime: 0.061 (0.005)  ,  ForwardTime: 0.056  ,  TotalTime: 0.123  ,  Loss/total: 0.72472  ,  Loss/giou: 0.17942  ,  Loss/l1: 0.01345  ,  Loss/location: 0.27310  ,  pro_loss: 0.12771  ,  IoU: 0.82878
[train: Epoch 50, 400 / 625] FPS: 260.4 (483.8)  ,  DataTime: 0.061 (0.006)  ,  ForwardTime: 0.056  ,  TotalTime: 0.123  ,  Loss/total: 0.72601  ,  Loss/giou: 0.17975  ,  Loss/l1: 0.01358  ,  Loss/location: 0.27295  ,  pro_loss: 0.12833  ,  IoU: 0.82856
[train: Epoch 50, 450 / 625] FPS: 260.9 (494.3)  ,  DataTime: 0.061 (0.005)  ,  ForwardTime: 0.056  ,  TotalTime: 0.123  ,  Loss/total: 0.72928  ,  Loss/giou: 0.18069  ,  Loss/l1: 0.01367  ,  Loss/location: 0.27386  ,  pro_loss: 0.12829  ,  IoU: 0.82772
[train: Epoch 50, 500 / 625] FPS: 261.5 (420.3)  ,  DataTime: 0.060 (0.005)  ,  ForwardTime: 0.056  ,  TotalTime: 0.122  ,  Loss/total: 0.73101  ,  Loss/giou: 0.18095  ,  Loss/l1: 0.01376  ,  Loss/location: 0.27467  ,  pro_loss: 0.12817  ,  IoU: 0.82755
[train: Epoch 50, 550 / 625] FPS: 261.8 (492.9)  ,  DataTime: 0.060 (0.005)  ,  ForwardTime: 0.056  ,  TotalTime: 0.122  ,  Loss/total: 0.72999  ,  Loss/giou: 0.18089  ,  Loss/l1: 0.01372  ,  Loss/location: 0.27386  ,  pro_loss: 0.12883  ,  IoU: 0.82760
[train: Epoch 50, 600 / 625] FPS: 262.0 (489.3)  ,  DataTime: 0.060 (0.005)  ,  ForwardTime: 0.056  ,  TotalTime: 0.122  ,  Loss/total: 0.72969  ,  Loss/giou: 0.18075  ,  Loss/l1: 0.01371  ,  Loss/location: 0.27383  ,  pro_loss: 0.12899  ,  IoU: 0.82786
[train: Epoch 50, 625 / 625] FPS: 261.9 (149.5)  ,  DataTime: 0.060 (0.005)  ,  ForwardTime: 0.056  ,  TotalTime: 0.122  ,  Loss/total: 0.72821  ,  Loss/giou: 0.18040  ,  Loss/l1: 0.01368  ,  Loss/location: 0.27317  ,  pro_loss: 0.12927  ,  IoU: 0.82813
[val: Epoch 50, 50 / 156] FPS: 237.4 (78.4)  ,  DataTime: 0.106 (0.005)  ,  ForwardTime: 0.024  ,  TotalTime: 0.135  ,  Loss/total: 0.88888  ,  Loss/giou: 0.23636  ,  Loss/l1: 0.01695  ,  Loss/location: 0.33089  ,  pro_loss: 0.00271  ,  IoU: 0.77780
[val: Epoch 50, 100 / 156] FPS: 257.8 (994.9)  ,  DataTime: 0.095 (0.005)  ,  ForwardTime: 0.024  ,  TotalTime: 0.124  ,  Loss/total: 0.87294  ,  Loss/giou: 0.23194  ,  Loss/l1: 0.01683  ,  Loss/location: 0.32443  ,  pro_loss: 0.00229  ,  IoU: 0.78234
[val: Epoch 50, 150 / 156] FPS: 258.3 (90.9)  ,  DataTime: 0.095 (0.005)  ,  ForwardTime: 0.024  ,  TotalTime: 0.124  ,  Loss/total: 0.89452  ,  Loss/giou: 0.23536  ,  Loss/l1: 0.01750  ,  Loss/location: 0.33580  ,  pro_loss: 0.00236  ,  IoU: 0.78031
[val: Epoch 50, 156 / 156] FPS: 262.5 (1082.9)  ,  DataTime: 0.093 (0.005)  ,  ForwardTime: 0.024  ,  TotalTime: 0.122  ,  Loss/total: 0.89170  ,  Loss/giou: 0.23491  ,  Loss/l1: 0.01750  ,  Loss/location: 0.33392  ,  pro_loss: 0.00227  ,  IoU: 0.78059
