[train: Epoch 1, 50 / 7500] FPS: 4.1 (22.2)  ,  DataTime: 0.064 (0.005)  ,  ForwardTime: 1.870  ,  TotalTime: 1.939  ,  Loss/total: 1.76502  ,  Loss/giou: 0.32223  ,  Loss/l1: 0.03260  ,  Loss/location: 0.93263  ,  pro_loss: 0.11771  ,  IoU: 0.70977  ,  Loss/sim: 1.56836  ,  Loss/distill: 5.39343
[train: Epoch 1, 100 / 7500] FPS: 6.9 (26.7)  ,  DataTime: 0.065 (0.005)  ,  ForwardTime: 1.084  ,  TotalTime: 1.155  ,  Loss/total: 1.37745  ,  Loss/giou: 0.27572  ,  Loss/l1: 0.02447  ,  Loss/location: 0.67776  ,  pro_loss: 0.12292  ,  IoU: 0.74828  ,  Loss/sim: 1.55699  ,  Loss/distill: 5.07551
[train: Epoch 1, 150 / 7500] FPS: 8.9 (23.3)  ,  DataTime: 0.071 (0.005)  ,  ForwardTime: 0.822  ,  TotalTime: 0.898  ,  Loss/total: 1.24276  ,  Loss/giou: 0.26142  ,  Loss/l1: 0.02204  ,  Loss/location: 0.58275  ,  pro_loss: 0.12833  ,  IoU: 0.76045  ,  Loss/sim: 1.54911  ,  Loss/distill: 4.89745
[train: Epoch 1, 200 / 7500] FPS: 10.5 (26.8)  ,  DataTime: 0.063 (0.005)  ,  ForwardTime: 0.691  ,  TotalTime: 0.760  ,  Loss/total: 1.14767  ,  Loss/giou: 0.25060  ,  Loss/l1: 0.02022  ,  Loss/location: 0.51765  ,  pro_loss: 0.13219  ,  IoU: 0.76947  ,  Loss/sim: 1.55318  ,  Loss/distill: 4.77246
[train: Epoch 1, 250 / 7500] FPS: 11.7 (26.8)  ,  DataTime: 0.068 (0.005)  ,  ForwardTime: 0.612  ,  TotalTime: 0.685  ,  Loss/total: 1.08177  ,  Loss/giou: 0.24334  ,  Loss/l1: 0.01919  ,  Loss/location: 0.47102  ,  pro_loss: 0.13425  ,  IoU: 0.77596  ,  Loss/sim: 1.55469  ,  Loss/distill: 4.68377
[train: Epoch 1, 300 / 7500] FPS: 12.5 (25.2)  ,  DataTime: 0.075 (0.005)  ,  ForwardTime: 0.559  ,  TotalTime: 0.639  ,  Loss/total: 1.05204  ,  Loss/giou: 0.24255  ,  Loss/l1: 0.01910  ,  Loss/location: 0.44304  ,  pro_loss: 0.13569  ,  IoU: 0.77750  ,  Loss/sim: 1.56002  ,  Loss/distill: 4.60222
[train: Epoch 1, 350 / 7500] FPS: 13.4 (27.2)  ,  DataTime: 0.069 (0.005)  ,  ForwardTime: 0.522  ,  TotalTime: 0.596  ,  Loss/total: 1.01339  ,  Loss/giou: 0.23766  ,  Loss/l1: 0.01830  ,  Loss/location: 0.41799  ,  pro_loss: 0.13667  ,  IoU: 0.78155  ,  Loss/sim: 1.55818  ,  Loss/distill: 4.53042
[train: Epoch 1, 400 / 7500] FPS: 14.1 (18.3)  ,  DataTime: 0.069 (0.005)  ,  ForwardTime: 0.494  ,  TotalTime: 0.569  ,  Loss/total: 0.98488  ,  Loss/giou: 0.23404  ,  Loss/l1: 0.01785  ,  Loss/location: 0.39883  ,  pro_loss: 0.13745  ,  IoU: 0.78474  ,  Loss/sim: 1.56093  ,  Loss/distill: 4.47458
[train: Epoch 1, 450 / 7500] FPS: 14.7 (27.4)  ,  DataTime: 0.068 (0.005)  ,  ForwardTime: 0.472  ,  TotalTime: 0.545  ,  Loss/total: 0.96368  ,  Loss/giou: 0.23185  ,  Loss/l1: 0.01758  ,  Loss/location: 0.38318  ,  pro_loss: 0.13852  ,  IoU: 0.78681  ,  Loss/sim: 1.56336  ,  Loss/distill: 4.42041
[train: Epoch 1, 500 / 7500] FPS: 15.1 (27.2)  ,  DataTime: 0.071 (0.005)  ,  ForwardTime: 0.454  ,  TotalTime: 0.530  ,  Loss/total: 0.95110  ,  Loss/giou: 0.23084  ,  Loss/l1: 0.01751  ,  Loss/location: 0.37283  ,  pro_loss: 0.13935  ,  IoU: 0.78809  ,  Loss/sim: 1.56604  ,  Loss/distill: 4.36869
[train: Epoch 1, 550 / 7500] FPS: 15.6 (14.3)  ,  DataTime: 0.069 (0.005)  ,  ForwardTime: 0.440  ,  TotalTime: 0.514  ,  Loss/total: 0.93542  ,  Loss/giou: 0.22866  ,  Loss/l1: 0.01723  ,  Loss/location: 0.36274  ,  pro_loss: 0.14009  ,  IoU: 0.78992  ,  Loss/sim: 1.56738  ,  Loss/distill: 4.31830
[train: Epoch 1, 600 / 7500] FPS: 16.0 (27.0)  ,  DataTime: 0.066 (0.005)  ,  ForwardTime: 0.428  ,  TotalTime: 0.499  ,  Loss/total: 0.92600  ,  Loss/giou: 0.22786  ,  Loss/l1: 0.01703  ,  Loss/location: 0.35572  ,  pro_loss: 0.14102  ,  IoU: 0.79059  ,  Loss/sim: 1.56796  ,  Loss/distill: 4.27392
[train: Epoch 1, 650 / 7500] FPS: 16.4 (26.6)  ,  DataTime: 0.064 (0.005)  ,  ForwardTime: 0.418  ,  TotalTime: 0.487  ,  Loss/total: 0.91462  ,  Loss/giou: 0.22665  ,  Loss/l1: 0.01694  ,  Loss/location: 0.34721  ,  pro_loss: 0.14138  ,  IoU: 0.79176  ,  Loss/sim: 1.56908  ,  Loss/distill: 4.23279
[train: Epoch 1, 700 / 7500] FPS: 16.3 (11.7)  ,  DataTime: 0.075 (0.005)  ,  ForwardTime: 0.410  ,  TotalTime: 0.490  ,  Loss/total: 0.90497  ,  Loss/giou: 0.22515  ,  Loss/l1: 0.01675  ,  Loss/location: 0.34140  ,  pro_loss: 0.14181  ,  IoU: 0.79298  ,  Loss/sim: 1.56659  ,  Loss/distill: 4.19181
[train: Epoch 1, 750 / 7500] FPS: 16.5 (10.2)  ,  DataTime: 0.076 (0.005)  ,  ForwardTime: 0.403  ,  TotalTime: 0.484  ,  Loss/total: 0.89396  ,  Loss/giou: 0.22319  ,  Loss/l1: 0.01654  ,  Loss/location: 0.33528  ,  pro_loss: 0.14222  ,  IoU: 0.79461  ,  Loss/sim: 1.56765  ,  Loss/distill: 4.15434
[train: Epoch 1, 800 / 7500] FPS: 16.8 (26.9)  ,  DataTime: 0.076 (0.005)  ,  ForwardTime: 0.396  ,  TotalTime: 0.477  ,  Loss/total: 0.88764  ,  Loss/giou: 0.22259  ,  Loss/l1: 0.01647  ,  Loss/location: 0.33051  ,  pro_loss: 0.14217  ,  IoU: 0.79526  ,  Loss/sim: 1.56829  ,  Loss/distill: 4.11989
[train: Epoch 1, 850 / 7500] FPS: 17.0 (27.2)  ,  DataTime: 0.077 (0.005)  ,  ForwardTime: 0.390  ,  TotalTime: 0.472  ,  Loss/total: 0.87918  ,  Loss/giou: 0.22112  ,  Loss/l1: 0.01625  ,  Loss/location: 0.32607  ,  pro_loss: 0.14239  ,  IoU: 0.79637  ,  Loss/sim: 1.56797  ,  Loss/distill: 4.08679
[train: Epoch 1, 900 / 7500] FPS: 17.2 (27.3)  ,  DataTime: 0.076 (0.005)  ,  ForwardTime: 0.385  ,  TotalTime: 0.466  ,  Loss/total: 0.87272  ,  Loss/giou: 0.22008  ,  Loss/l1: 0.01614  ,  Loss/location: 0.32224  ,  pro_loss: 0.14253  ,  IoU: 0.79734  ,  Loss/sim: 1.56711  ,  Loss/distill: 4.05530
[train: Epoch 1, 950 / 7500] FPS: 17.2 (22.6)  ,  DataTime: 0.079 (0.005)  ,  ForwardTime: 0.381  ,  TotalTime: 0.465  ,  Loss/total: 0.86895  ,  Loss/giou: 0.21981  ,  Loss/l1: 0.01613  ,  Loss/location: 0.31899  ,  pro_loss: 0.14276  ,  IoU: 0.79776  ,  Loss/sim: 1.56693  ,  Loss/distill: 4.02471
[train: Epoch 1, 1000 / 7500] FPS: 17.2 (27.8)  ,  DataTime: 0.083 (0.005)  ,  ForwardTime: 0.377  ,  TotalTime: 0.464  ,  Loss/total: 0.85946  ,  Loss/giou: 0.21802  ,  Loss/l1: 0.01591  ,  Loss/location: 0.31420  ,  pro_loss: 0.14269  ,  IoU: 0.79924  ,  Loss/sim: 1.56757  ,  Loss/distill: 3.99520
[train: Epoch 1, 1050 / 7500] FPS: 17.4 (27.0)  ,  DataTime: 0.082 (0.005)  ,  ForwardTime: 0.373  ,  TotalTime: 0.460  ,  Loss/total: 0.85682  ,  Loss/giou: 0.21782  ,  Loss/l1: 0.01592  ,  Loss/location: 0.31195  ,  pro_loss: 0.14257  ,  IoU: 0.79950  ,  Loss/sim: 1.56815  ,  Loss/distill: 3.96744
[train: Epoch 1, 1100 / 7500] FPS: 17.5 (28.0)  ,  DataTime: 0.083 (0.005)  ,  ForwardTime: 0.369  ,  TotalTime: 0.458  ,  Loss/total: 0.85030  ,  Loss/giou: 0.21669  ,  Loss/l1: 0.01580  ,  Loss/location: 0.30826  ,  pro_loss: 0.14278  ,  IoU: 0.80055  ,  Loss/sim: 1.56896  ,  Loss/distill: 3.93941
[train: Epoch 1, 1150 / 7500] FPS: 17.6 (18.9)  ,  DataTime: 0.084 (0.005)  ,  ForwardTime: 0.366  ,  TotalTime: 0.455  ,  Loss/total: 0.84382  ,  Loss/giou: 0.21544  ,  Loss/l1: 0.01567  ,  Loss/location: 0.30493  ,  pro_loss: 0.14275  ,  IoU: 0.80160  ,  Loss/sim: 1.56710  ,  Loss/distill: 3.91223
[train: Epoch 1, 50 / 1875] FPS: 4.2 (26.6)  ,  DataTime: 0.033 (0.005)  ,  ForwardTime: 1.863  ,  TotalTime: 1.901  ,  Loss/total: 1.76502  ,  Loss/giou: 0.32223  ,  Loss/l1: 0.03260  ,  Loss/location: 0.93263  ,  pro_loss: 0.11771  ,  IoU: 0.70977  ,  Loss/sim: 1.56836  ,  Loss/distill: 5.39343
[train: Epoch 1, 100 / 1875] FPS: 7.1 (27.1)  ,  DataTime: 0.035 (0.005)  ,  ForwardTime: 1.079  ,  TotalTime: 1.119  ,  Loss/total: 1.37745  ,  Loss/giou: 0.27572  ,  Loss/l1: 0.02447  ,  Loss/location: 0.67776  ,  pro_loss: 0.12292  ,  IoU: 0.74828  ,  Loss/sim: 1.55699  ,  Loss/distill: 5.07551
[train: Epoch 1, 150 / 1875] FPS: 9.1 (27.1)  ,  DataTime: 0.056 (0.005)  ,  ForwardTime: 0.820  ,  TotalTime: 0.882  ,  Loss/total: 1.24276  ,  Loss/giou: 0.26142  ,  Loss/l1: 0.02204  ,  Loss/location: 0.58275  ,  pro_loss: 0.12833  ,  IoU: 0.76045  ,  Loss/sim: 1.54911  ,  Loss/distill: 4.89745
[train: Epoch 1, 200 / 1875] FPS: 10.7 (26.9)  ,  DataTime: 0.051 (0.005)  ,  ForwardTime: 0.690  ,  TotalTime: 0.746  ,  Loss/total: 1.14767  ,  Loss/giou: 0.25060  ,  Loss/l1: 0.02022  ,  Loss/location: 0.51765  ,  pro_loss: 0.13219  ,  IoU: 0.76947  ,  Loss/sim: 1.55318  ,  Loss/distill: 4.77246
[train: Epoch 1, 250 / 1875] FPS: 11.9 (27.5)  ,  DataTime: 0.057 (0.005)  ,  ForwardTime: 0.612  ,  TotalTime: 0.674  ,  Loss/total: 1.08177  ,  Loss/giou: 0.24334  ,  Loss/l1: 0.01919  ,  Loss/location: 0.47102  ,  pro_loss: 0.13425  ,  IoU: 0.77596  ,  Loss/sim: 1.55469  ,  Loss/distill: 4.68377
[train: Epoch 1, 300 / 1875] FPS: 12.7 (27.3)  ,  DataTime: 0.065 (0.005)  ,  ForwardTime: 0.561  ,  TotalTime: 0.631  ,  Loss/total: 1.05204  ,  Loss/giou: 0.24255  ,  Loss/l1: 0.01910  ,  Loss/location: 0.44304  ,  pro_loss: 0.13569  ,  IoU: 0.77750  ,  Loss/sim: 1.56002  ,  Loss/distill: 4.60222
[train: Epoch 1, 350 / 1875] FPS: 13.6 (26.4)  ,  DataTime: 0.062 (0.005)  ,  ForwardTime: 0.524  ,  TotalTime: 0.590  ,  Loss/total: 1.01339  ,  Loss/giou: 0.23766  ,  Loss/l1: 0.01830  ,  Loss/location: 0.41799  ,  pro_loss: 0.13667  ,  IoU: 0.78155  ,  Loss/sim: 1.55818  ,  Loss/distill: 4.53042
[train: Epoch 1, 400 / 1875] FPS: 14.3 (27.1)  ,  DataTime: 0.058 (0.005)  ,  ForwardTime: 0.496  ,  TotalTime: 0.559  ,  Loss/total: 0.98488  ,  Loss/giou: 0.23404  ,  Loss/l1: 0.01785  ,  Loss/location: 0.39883  ,  pro_loss: 0.13745  ,  IoU: 0.78474  ,  Loss/sim: 1.56093  ,  Loss/distill: 4.47458
[train: Epoch 1, 450 / 1875] FPS: 14.7 (26.0)  ,  DataTime: 0.066 (0.005)  ,  ForwardTime: 0.474  ,  TotalTime: 0.546  ,  Loss/total: 0.96368  ,  Loss/giou: 0.23185  ,  Loss/l1: 0.01758  ,  Loss/location: 0.38318  ,  pro_loss: 0.13852  ,  IoU: 0.78681  ,  Loss/sim: 1.56336  ,  Loss/distill: 4.42041
[train: Epoch 1, 500 / 1875] FPS: 15.0 (27.2)  ,  DataTime: 0.071 (0.005)  ,  ForwardTime: 0.458  ,  TotalTime: 0.534  ,  Loss/total: 0.95110  ,  Loss/giou: 0.23084  ,  Loss/l1: 0.01751  ,  Loss/location: 0.37283  ,  pro_loss: 0.13935  ,  IoU: 0.78809  ,  Loss/sim: 1.56604  ,  Loss/distill: 4.36869
[train: Epoch 1, 550 / 1875] FPS: 15.4 (24.2)  ,  DataTime: 0.070 (0.005)  ,  ForwardTime: 0.444  ,  TotalTime: 0.519  ,  Loss/total: 0.93542  ,  Loss/giou: 0.22866  ,  Loss/l1: 0.01723  ,  Loss/location: 0.36274  ,  pro_loss: 0.14009  ,  IoU: 0.78992  ,  Loss/sim: 1.56738  ,  Loss/distill: 4.31830
[train: Epoch 1, 600 / 1875] FPS: 15.9 (27.1)  ,  DataTime: 0.067 (0.005)  ,  ForwardTime: 0.431  ,  TotalTime: 0.503  ,  Loss/total: 0.92600  ,  Loss/giou: 0.22786  ,  Loss/l1: 0.01703  ,  Loss/location: 0.35572  ,  pro_loss: 0.14102  ,  IoU: 0.79059  ,  Loss/sim: 1.56796  ,  Loss/distill: 4.27392
[train: Epoch 1, 650 / 1875] FPS: 16.2 (26.8)  ,  DataTime: 0.068 (0.005)  ,  ForwardTime: 0.421  ,  TotalTime: 0.494  ,  Loss/total: 0.91462  ,  Loss/giou: 0.22665  ,  Loss/l1: 0.01694  ,  Loss/location: 0.34721  ,  pro_loss: 0.14138  ,  IoU: 0.79176  ,  Loss/sim: 1.56908  ,  Loss/distill: 4.23279
[train: Epoch 1, 700 / 1875] FPS: 15.9 (23.0)  ,  DataTime: 0.086 (0.005)  ,  ForwardTime: 0.413  ,  TotalTime: 0.504  ,  Loss/total: 0.90497  ,  Loss/giou: 0.22515  ,  Loss/l1: 0.01675  ,  Loss/location: 0.34140  ,  pro_loss: 0.14181  ,  IoU: 0.79298  ,  Loss/sim: 1.56659  ,  Loss/distill: 4.19181
[train: Epoch 1, 750 / 1875] FPS: 15.8 (26.7)  ,  DataTime: 0.094 (0.005)  ,  ForwardTime: 0.406  ,  TotalTime: 0.506  ,  Loss/total: 0.89396  ,  Loss/giou: 0.22319  ,  Loss/l1: 0.01654  ,  Loss/location: 0.33528  ,  pro_loss: 0.14222  ,  IoU: 0.79461  ,  Loss/sim: 1.56765  ,  Loss/distill: 4.15434
[train: Epoch 1, 800 / 1875] FPS: 16.1 (27.3)  ,  DataTime: 0.093 (0.005)  ,  ForwardTime: 0.399  ,  TotalTime: 0.498  ,  Loss/total: 0.88764  ,  Loss/giou: 0.22259  ,  Loss/l1: 0.01647  ,  Loss/location: 0.33051  ,  pro_loss: 0.14217  ,  IoU: 0.79526  ,  Loss/sim: 1.56829  ,  Loss/distill: 4.11989
[train: Epoch 1, 850 / 1875] FPS: 16.0 (27.0)  ,  DataTime: 0.099 (0.005)  ,  ForwardTime: 0.395  ,  TotalTime: 0.499  ,  Loss/total: 0.87918  ,  Loss/giou: 0.22112  ,  Loss/l1: 0.01625  ,  Loss/location: 0.32607  ,  pro_loss: 0.14239  ,  IoU: 0.79637  ,  Loss/sim: 1.56797  ,  Loss/distill: 4.08679
[train: Epoch 1, 900 / 1875] FPS: 16.2 (27.5)  ,  DataTime: 0.098 (0.005)  ,  ForwardTime: 0.389  ,  TotalTime: 0.493  ,  Loss/total: 0.87272  ,  Loss/giou: 0.22008  ,  Loss/l1: 0.01614  ,  Loss/location: 0.32224  ,  pro_loss: 0.14253  ,  IoU: 0.79734  ,  Loss/sim: 1.56711  ,  Loss/distill: 4.05530
[train: Epoch 1, 950 / 1875] FPS: 16.3 (23.9)  ,  DataTime: 0.101 (0.005)  ,  ForwardTime: 0.384  ,  TotalTime: 0.490  ,  Loss/total: 0.86895  ,  Loss/giou: 0.21981  ,  Loss/l1: 0.01613  ,  Loss/location: 0.31899  ,  pro_loss: 0.14276  ,  IoU: 0.79776  ,  Loss/sim: 1.56693  ,  Loss/distill: 4.02471
[train: Epoch 1, 1000 / 1875] FPS: 16.2 (25.2)  ,  DataTime: 0.107 (0.005)  ,  ForwardTime: 0.380  ,  TotalTime: 0.492  ,  Loss/total: 0.85946  ,  Loss/giou: 0.21802  ,  Loss/l1: 0.01591  ,  Loss/location: 0.31420  ,  pro_loss: 0.14269  ,  IoU: 0.79924  ,  Loss/sim: 1.56757  ,  Loss/distill: 3.99520
[train: Epoch 1, 1050 / 1875] FPS: 16.3 (27.5)  ,  DataTime: 0.110 (0.005)  ,  ForwardTime: 0.377  ,  TotalTime: 0.492  ,  Loss/total: 0.85682  ,  Loss/giou: 0.21782  ,  Loss/l1: 0.01592  ,  Loss/location: 0.31195  ,  pro_loss: 0.14257  ,  IoU: 0.79950  ,  Loss/sim: 1.56815  ,  Loss/distill: 3.96744
[train: Epoch 1, 1100 / 1875] FPS: 16.4 (22.7)  ,  DataTime: 0.110 (0.005)  ,  ForwardTime: 0.373  ,  TotalTime: 0.488  ,  Loss/total: 0.85030  ,  Loss/giou: 0.21669  ,  Loss/l1: 0.01580  ,  Loss/location: 0.30826  ,  pro_loss: 0.14278  ,  IoU: 0.80055  ,  Loss/sim: 1.56896  ,  Loss/distill: 3.93941
[train: Epoch 1, 1150 / 1875] FPS: 16.5 (23.8)  ,  DataTime: 0.109 (0.005)  ,  ForwardTime: 0.370  ,  TotalTime: 0.484  ,  Loss/total: 0.84382  ,  Loss/giou: 0.21544  ,  Loss/l1: 0.01567  ,  Loss/location: 0.30493  ,  pro_loss: 0.14275  ,  IoU: 0.80160  ,  Loss/sim: 1.56710  ,  Loss/distill: 3.91223
[train: Epoch 1, 1200 / 1875] FPS: 16.3 (21.3)  ,  DataTime: 0.118 (0.005)  ,  ForwardTime: 0.367  ,  TotalTime: 0.490  ,  Loss/total: 0.84000  ,  Loss/giou: 0.21483  ,  Loss/l1: 0.01561  ,  Loss/location: 0.30265  ,  pro_loss: 0.14266  ,  IoU: 0.80212  ,  Loss/sim: 1.56668  ,  Loss/distill: 3.88748
[train: Epoch 1, 1250 / 1875] FPS: 16.4 (27.4)  ,  DataTime: 0.119 (0.005)  ,  ForwardTime: 0.364  ,  TotalTime: 0.488  ,  Loss/total: 0.83386  ,  Loss/giou: 0.21361  ,  Loss/l1: 0.01549  ,  Loss/location: 0.29957  ,  pro_loss: 0.14253  ,  IoU: 0.80317  ,  Loss/sim: 1.56683  ,  Loss/distill: 3.86385
[train: Epoch 1, 1300 / 1875] FPS: 16.4 (9.0)  ,  DataTime: 0.120 (0.005)  ,  ForwardTime: 0.362  ,  TotalTime: 0.487  ,  Loss/total: 0.83137  ,  Loss/giou: 0.21342  ,  Loss/l1: 0.01547  ,  Loss/location: 0.29765  ,  pro_loss: 0.14224  ,  IoU: 0.80336  ,  Loss/sim: 1.56756  ,  Loss/distill: 3.84178
[train: Epoch 1, 1350 / 1875] FPS: 16.4 (8.4)  ,  DataTime: 0.123 (0.005)  ,  ForwardTime: 0.360  ,  TotalTime: 0.488  ,  Loss/total: 0.82983  ,  Loss/giou: 0.21333  ,  Loss/l1: 0.01548  ,  Loss/location: 0.29631  ,  pro_loss: 0.14201  ,  IoU: 0.80349  ,  Loss/sim: 1.56731  ,  Loss/distill: 3.81941
[train: Epoch 1, 1400 / 1875] FPS: 16.3 (22.2)  ,  DataTime: 0.128 (0.005)  ,  ForwardTime: 0.357  ,  TotalTime: 0.490  ,  Loss/total: 0.82705  ,  Loss/giou: 0.21301  ,  Loss/l1: 0.01544  ,  Loss/location: 0.29433  ,  pro_loss: 0.14211  ,  IoU: 0.80381  ,  Loss/sim: 1.56714  ,  Loss/distill: 3.79860
[train: Epoch 1, 1450 / 1875] FPS: 16.3 (27.6)  ,  DataTime: 0.131 (0.005)  ,  ForwardTime: 0.355  ,  TotalTime: 0.491  ,  Loss/total: 0.82187  ,  Loss/giou: 0.21206  ,  Loss/l1: 0.01533  ,  Loss/location: 0.29162  ,  pro_loss: 0.14218  ,  IoU: 0.80459  ,  Loss/sim: 1.56797  ,  Loss/distill: 3.77747
[train: Epoch 1, 1500 / 1875] FPS: 16.3 (27.8)  ,  DataTime: 0.133 (0.005)  ,  ForwardTime: 0.353  ,  TotalTime: 0.491  ,  Loss/total: 0.81997  ,  Loss/giou: 0.21173  ,  Loss/l1: 0.01528  ,  Loss/location: 0.29062  ,  pro_loss: 0.14205  ,  IoU: 0.80489  ,  Loss/sim: 1.56756  ,  Loss/distill: 3.75601
[train: Epoch 1, 1550 / 1875] FPS: 16.3 (27.7)  ,  DataTime: 0.135 (0.005)  ,  ForwardTime: 0.351  ,  TotalTime: 0.491  ,  Loss/total: 0.81699  ,  Loss/giou: 0.21114  ,  Loss/l1: 0.01522  ,  Loss/location: 0.28919  ,  pro_loss: 0.14188  ,  IoU: 0.80539  ,  Loss/sim: 1.56699  ,  Loss/distill: 3.73531
[train: Epoch 1, 1600 / 1875] FPS: 16.2 (27.0)  ,  DataTime: 0.139 (0.005)  ,  ForwardTime: 0.350  ,  TotalTime: 0.493  ,  Loss/total: 0.81469  ,  Loss/giou: 0.21096  ,  Loss/l1: 0.01520  ,  Loss/location: 0.28737  ,  pro_loss: 0.14159  ,  IoU: 0.80561  ,  Loss/sim: 1.56684  ,  Loss/distill: 3.71578
[train: Epoch 1, 1650 / 1875] FPS: 16.2 (27.5)  ,  DataTime: 0.141 (0.005)  ,  ForwardTime: 0.348  ,  TotalTime: 0.494  ,  Loss/total: 0.81342  ,  Loss/giou: 0.21087  ,  Loss/l1: 0.01522  ,  Loss/location: 0.28621  ,  pro_loss: 0.14158  ,  IoU: 0.80581  ,  Loss/sim: 1.56803  ,  Loss/distill: 3.69787
[train: Epoch 1, 1700 / 1875] FPS: 16.3 (27.1)  ,  DataTime: 0.140 (0.005)  ,  ForwardTime: 0.347  ,  TotalTime: 0.492  ,  Loss/total: 0.81166  ,  Loss/giou: 0.21069  ,  Loss/l1: 0.01522  ,  Loss/location: 0.28485  ,  pro_loss: 0.14139  ,  IoU: 0.80602  ,  Loss/sim: 1.56733  ,  Loss/distill: 3.67887
[train: Epoch 1, 1750 / 1875] FPS: 16.3 (9.5)  ,  DataTime: 0.140 (0.005)  ,  ForwardTime: 0.345  ,  TotalTime: 0.490  ,  Loss/total: 0.80840  ,  Loss/giou: 0.21002  ,  Loss/l1: 0.01515  ,  Loss/location: 0.28332  ,  pro_loss: 0.14119  ,  IoU: 0.80657  ,  Loss/sim: 1.56776  ,  Loss/distill: 3.66115
[train: Epoch 1, 1800 / 1875] FPS: 16.3 (27.6)  ,  DataTime: 0.141 (0.005)  ,  ForwardTime: 0.344  ,  TotalTime: 0.490  ,  Loss/total: 0.80563  ,  Loss/giou: 0.20946  ,  Loss/l1: 0.01508  ,  Loss/location: 0.28207  ,  pro_loss: 0.14094  ,  IoU: 0.80703  ,  Loss/sim: 1.56753  ,  Loss/distill: 3.64277
[train: Epoch 1, 1850 / 1875] FPS: 16.3 (27.4)  ,  DataTime: 0.144 (0.005)  ,  ForwardTime: 0.342  ,  TotalTime: 0.491  ,  Loss/total: 0.80336  ,  Loss/giou: 0.20908  ,  Loss/l1: 0.01501  ,  Loss/location: 0.28097  ,  pro_loss: 0.14068  ,  IoU: 0.80732  ,  Loss/sim: 1.56756  ,  Loss/distill: 3.62529
[train: Epoch 1, 1875 / 1875] FPS: 16.3 (27.3)  ,  DataTime: 0.143 (0.005)  ,  ForwardTime: 0.342  ,  TotalTime: 0.489  ,  Loss/total: 0.80175  ,  Loss/giou: 0.20874  ,  Loss/l1: 0.01497  ,  Loss/location: 0.28025  ,  pro_loss: 0.14067  ,  IoU: 0.80757  ,  Loss/sim: 1.56732  ,  Loss/distill: 3.61695
[train: Epoch 2, 50 / 1875] FPS: 12.8 (27.2)  ,  DataTime: 0.205 (0.005)  ,  ForwardTime: 0.415  ,  TotalTime: 0.624  ,  Loss/total: 0.71500  ,  Loss/giou: 0.19343  ,  Loss/l1: 0.01380  ,  Loss/location: 0.23012  ,  pro_loss: 0.14063  ,  IoU: 0.82247  ,  Loss/sim: 1.56556  ,  Loss/distill: 2.97099
[train: Epoch 2, 100 / 1875] FPS: 15.0 (27.1)  ,  DataTime: 0.174 (0.005)  ,  ForwardTime: 0.356  ,  TotalTime: 0.535  ,  Loss/total: 0.71839  ,  Loss/giou: 0.19463  ,  Loss/l1: 0.01425  ,  Loss/location: 0.22893  ,  pro_loss: 0.14021  ,  IoU: 0.82187  ,  Loss/sim: 1.57546  ,  Loss/distill: 2.98167
[train: Epoch 2, 150 / 1875] FPS: 14.0 (27.4)  ,  DataTime: 0.225 (0.005)  ,  ForwardTime: 0.339  ,  TotalTime: 0.569  ,  Loss/total: 0.71419  ,  Loss/giou: 0.19209  ,  Loss/l1: 0.01378  ,  Loss/location: 0.23201  ,  pro_loss: 0.14097  ,  IoU: 0.82314  ,  Loss/sim: 1.56595  ,  Loss/distill: 2.97170
[train: Epoch 2, 200 / 1875] FPS: 14.9 (26.9)  ,  DataTime: 0.201 (0.005)  ,  ForwardTime: 0.330  ,  TotalTime: 0.535  ,  Loss/total: 0.72132  ,  Loss/giou: 0.19461  ,  Loss/l1: 0.01402  ,  Loss/location: 0.23287  ,  pro_loss: 0.14104  ,  IoU: 0.82119  ,  Loss/sim: 1.57291  ,  Loss/distill: 2.96265
[train: Epoch 2, 250 / 1875] FPS: 15.1 (27.2)  ,  DataTime: 0.203 (0.005)  ,  ForwardTime: 0.324  ,  TotalTime: 0.531  ,  Loss/total: 0.71768  ,  Loss/giou: 0.19281  ,  Loss/l1: 0.01378  ,  Loss/location: 0.23425  ,  pro_loss: 0.14000  ,  IoU: 0.82220  ,  Loss/sim: 1.57323  ,  Loss/distill: 2.95669
[train: Epoch 2, 300 / 1875] FPS: 15.2 (3.8)  ,  DataTime: 0.203 (0.005)  ,  ForwardTime: 0.319  ,  TotalTime: 0.526  ,  Loss/total: 0.71836  ,  Loss/giou: 0.19280  ,  Loss/l1: 0.01369  ,  Loss/location: 0.23557  ,  pro_loss: 0.13917  ,  IoU: 0.82206  ,  Loss/sim: 1.56831  ,  Loss/distill: 2.94637
[train: Epoch 2, 350 / 1875] FPS: 15.5 (27.4)  ,  DataTime: 0.197 (0.005)  ,  ForwardTime: 0.316  ,  TotalTime: 0.517  ,  Loss/total: 0.71364  ,  Loss/giou: 0.19162  ,  Loss/l1: 0.01351  ,  Loss/location: 0.23413  ,  pro_loss: 0.13911  ,  IoU: 0.82289  ,  Loss/sim: 1.56479  ,  Loss/distill: 2.93820
[train: Epoch 2, 400 / 1875] FPS: 15.4 (27.8)  ,  DataTime: 0.202 (0.005)  ,  ForwardTime: 0.313  ,  TotalTime: 0.520  ,  Loss/total: 0.71527  ,  Loss/giou: 0.19190  ,  Loss/l1: 0.01354  ,  Loss/location: 0.23520  ,  pro_loss: 0.13839  ,  IoU: 0.82277  ,  Loss/sim: 1.56204  ,  Loss/distill: 2.93157
[train: Epoch 2, 450 / 1875] FPS: 14.7 (27.7)  ,  DataTime: 0.229 (0.005)  ,  ForwardTime: 0.311  ,  TotalTime: 0.546  ,  Loss/total: 0.71809  ,  Loss/giou: 0.19333  ,  Loss/l1: 0.01358  ,  Loss/location: 0.23503  ,  pro_loss: 0.13806  ,  IoU: 0.82147  ,  Loss/sim: 1.56228  ,  Loss/distill: 2.92542
[train: Epoch 2, 500 / 1875] FPS: 14.7 (27.6)  ,  DataTime: 0.231 (0.005)  ,  ForwardTime: 0.310  ,  TotalTime: 0.546  ,  Loss/total: 0.71625  ,  Loss/giou: 0.19301  ,  Loss/l1: 0.01357  ,  Loss/location: 0.23393  ,  pro_loss: 0.13785  ,  IoU: 0.82180  ,  Loss/sim: 1.55951  ,  Loss/distill: 2.91556
[train: Epoch 2, 550 / 1875] FPS: 14.2 (27.7)  ,  DataTime: 0.249 (0.005)  ,  ForwardTime: 0.309  ,  TotalTime: 0.563  ,  Loss/total: 0.71925  ,  Loss/giou: 0.19397  ,  Loss/l1: 0.01365  ,  Loss/location: 0.23472  ,  pro_loss: 0.13733  ,  IoU: 0.82092  ,  Loss/sim: 1.55643  ,  Loss/distill: 2.90690
[train: Epoch 2, 600 / 1875] FPS: 14.2 (5.0)  ,  DataTime: 0.253 (0.005)  ,  ForwardTime: 0.308  ,  TotalTime: 0.565  ,  Loss/total: 0.72022  ,  Loss/giou: 0.19433  ,  Loss/l1: 0.01365  ,  Loss/location: 0.23492  ,  pro_loss: 0.13741  ,  IoU: 0.82058  ,  Loss/sim: 1.55461  ,  Loss/distill: 2.89860
[train: Epoch 2, 650 / 1875] FPS: 14.2 (26.4)  ,  DataTime: 0.252 (0.005)  ,  ForwardTime: 0.308  ,  TotalTime: 0.565  ,  Loss/total: 0.71895  ,  Loss/giou: 0.19404  ,  Loss/l1: 0.01357  ,  Loss/location: 0.23472  ,  pro_loss: 0.13705  ,  IoU: 0.82069  ,  Loss/sim: 1.55045  ,  Loss/distill: 2.88967
[train: Epoch 2, 700 / 1875] FPS: 14.2 (20.7)  ,  DataTime: 0.253 (0.005)  ,  ForwardTime: 0.308  ,  TotalTime: 0.565  ,  Loss/total: 0.72243  ,  Loss/giou: 0.19492  ,  Loss/l1: 0.01372  ,  Loss/location: 0.23569  ,  pro_loss: 0.13714  ,  IoU: 0.82008  ,  Loss/sim: 1.55043  ,  Loss/distill: 2.88005
[train: Epoch 2, 750 / 1875] FPS: 14.0 (5.9)  ,  DataTime: 0.258 (0.005)  ,  ForwardTime: 0.307  ,  TotalTime: 0.570  ,  Loss/total: 0.72111  ,  Loss/giou: 0.19461  ,  Loss/l1: 0.01364  ,  Loss/location: 0.23542  ,  pro_loss: 0.13681  ,  IoU: 0.82028  ,  Loss/sim: 1.55333  ,  Loss/distill: 2.87629
[train: Epoch 2, 800 / 1875] FPS: 14.1 (11.8)  ,  DataTime: 0.256 (0.005)  ,  ForwardTime: 0.306  ,  TotalTime: 0.567  ,  Loss/total: 0.72257  ,  Loss/giou: 0.19474  ,  Loss/l1: 0.01371  ,  Loss/location: 0.23638  ,  pro_loss: 0.13642  ,  IoU: 0.82024  ,  Loss/sim: 1.55174  ,  Loss/distill: 2.86838
[train: Epoch 2, 850 / 1875] FPS: 14.2 (27.7)  ,  DataTime: 0.252 (0.005)  ,  ForwardTime: 0.306  ,  TotalTime: 0.562  ,  Loss/total: 0.72012  ,  Loss/giou: 0.19399  ,  Loss/l1: 0.01362  ,  Loss/location: 0.23588  ,  pro_loss: 0.13636  ,  IoU: 0.82080  ,  Loss/sim: 1.55020  ,  Loss/distill: 2.85960
[train: Epoch 2, 900 / 1875] FPS: 14.3 (27.7)  ,  DataTime: 0.250 (0.005)  ,  ForwardTime: 0.305  ,  TotalTime: 0.560  ,  Loss/total: 0.71918  ,  Loss/giou: 0.19371  ,  Loss/l1: 0.01357  ,  Loss/location: 0.23590  ,  pro_loss: 0.13567  ,  IoU: 0.82094  ,  Loss/sim: 1.54872  ,  Loss/distill: 2.85297
[train: Epoch 2, 950 / 1875] FPS: 14.3 (20.6)  ,  DataTime: 0.249 (0.005)  ,  ForwardTime: 0.305  ,  TotalTime: 0.558  ,  Loss/total: 0.71993  ,  Loss/giou: 0.19368  ,  Loss/l1: 0.01359  ,  Loss/location: 0.23658  ,  pro_loss: 0.13564  ,  IoU: 0.82095  ,  Loss/sim: 1.54958  ,  Loss/distill: 2.84589
[train: Epoch 2, 1000 / 1875] FPS: 13.9 (27.7)  ,  DataTime: 0.265 (0.005)  ,  ForwardTime: 0.305  ,  TotalTime: 0.574  ,  Loss/total: 0.71937  ,  Loss/giou: 0.19367  ,  Loss/l1: 0.01355  ,  Loss/location: 0.23628  ,  pro_loss: 0.13558  ,  IoU: 0.82090  ,  Loss/sim: 1.54872  ,  Loss/distill: 2.83743
[train: Epoch 2, 1050 / 1875] FPS: 13.8 (19.2)  ,  DataTime: 0.269 (0.005)  ,  ForwardTime: 0.304  ,  TotalTime: 0.578  ,  Loss/total: 0.71859  ,  Loss/giou: 0.19322  ,  Loss/l1: 0.01349  ,  Loss/location: 0.23671  ,  pro_loss: 0.13557  ,  IoU: 0.82122  ,  Loss/sim: 1.54701  ,  Loss/distill: 2.82985
[train: Epoch 2, 1100 / 1875] FPS: 13.7 (27.3)  ,  DataTime: 0.274 (0.005)  ,  ForwardTime: 0.304  ,  TotalTime: 0.583  ,  Loss/total: 0.71784  ,  Loss/giou: 0.19292  ,  Loss/l1: 0.01345  ,  Loss/location: 0.23673  ,  pro_loss: 0.13565  ,  IoU: 0.82141  ,  Loss/sim: 1.54621  ,  Loss/distill: 2.82260
[train: Epoch 2, 1150 / 1875] FPS: 13.8 (27.9)  ,  DataTime: 0.273 (0.005)  ,  ForwardTime: 0.303  ,  TotalTime: 0.581  ,  Loss/total: 0.71940  ,  Loss/giou: 0.19337  ,  Loss/l1: 0.01349  ,  Loss/location: 0.23718  ,  pro_loss: 0.13581  ,  IoU: 0.82110  ,  Loss/sim: 1.54637  ,  Loss/distill: 2.81492
[train: Epoch 2, 1200 / 1875] FPS: 13.8 (6.0)  ,  DataTime: 0.270 (0.005)  ,  ForwardTime: 0.304  ,  TotalTime: 0.578  ,  Loss/total: 0.72027  ,  Loss/giou: 0.19350  ,  Loss/l1: 0.01350  ,  Loss/location: 0.23775  ,  pro_loss: 0.13579  ,  IoU: 0.82102  ,  Loss/sim: 1.54505  ,  Loss/distill: 2.80793
[train: Epoch 2, 1250 / 1875] FPS: 13.9 (25.4)  ,  DataTime: 0.268 (0.005)  ,  ForwardTime: 0.303  ,  TotalTime: 0.576  ,  Loss/total: 0.72034  ,  Loss/giou: 0.19352  ,  Loss/l1: 0.01352  ,  Loss/location: 0.23767  ,  pro_loss: 0.13590  ,  IoU: 0.82109  ,  Loss/sim: 1.54349  ,  Loss/distill: 2.80207
[train: Epoch 2, 1300 / 1875] FPS: 14.0 (9.3)  ,  DataTime: 0.265 (0.005)  ,  ForwardTime: 0.303  ,  TotalTime: 0.573  ,  Loss/total: 0.72082  ,  Loss/giou: 0.19360  ,  Loss/l1: 0.01351  ,  Loss/location: 0.23796  ,  pro_loss: 0.13615  ,  IoU: 0.82099  ,  Loss/sim: 1.54299  ,  Loss/distill: 2.79629
[train: Epoch 2, 1350 / 1875] FPS: 14.0 (27.4)  ,  DataTime: 0.263 (0.005)  ,  ForwardTime: 0.303  ,  TotalTime: 0.571  ,  Loss/total: 0.72029  ,  Loss/giou: 0.19344  ,  Loss/l1: 0.01350  ,  Loss/location: 0.23786  ,  pro_loss: 0.13592  ,  IoU: 0.82113  ,  Loss/sim: 1.54227  ,  Loss/distill: 2.78914
[train: Epoch 2, 1400 / 1875] FPS: 14.1 (20.9)  ,  DataTime: 0.258 (0.005)  ,  ForwardTime: 0.303  ,  TotalTime: 0.566  ,  Loss/total: 0.71887  ,  Loss/giou: 0.19288  ,  Loss/l1: 0.01344  ,  Loss/location: 0.23790  ,  pro_loss: 0.13560  ,  IoU: 0.82155  ,  Loss/sim: 1.54004  ,  Loss/distill: 2.78197
[train: Epoch 2, 1450 / 1875] FPS: 14.0 (21.5)  ,  DataTime: 0.265 (0.005)  ,  ForwardTime: 0.303  ,  TotalTime: 0.573  ,  Loss/total: 0.71831  ,  Loss/giou: 0.19282  ,  Loss/l1: 0.01346  ,  Loss/location: 0.23739  ,  pro_loss: 0.13549  ,  IoU: 0.82172  ,  Loss/sim: 1.54053  ,  Loss/distill: 2.77658
[train: Epoch 2, 1500 / 1875] FPS: 14.0 (27.4)  ,  DataTime: 0.263 (0.005)  ,  ForwardTime: 0.303  ,  TotalTime: 0.570  ,  Loss/total: 0.71853  ,  Loss/giou: 0.19274  ,  Loss/l1: 0.01346  ,  Loss/location: 0.23777  ,  pro_loss: 0.13554  ,  IoU: 0.82179  ,  Loss/sim: 1.53973  ,  Loss/distill: 2.77094
[train: Epoch 2, 1550 / 1875] FPS: 14.1 (27.2)  ,  DataTime: 0.261 (0.005)  ,  ForwardTime: 0.303  ,  TotalTime: 0.568  ,  Loss/total: 0.71632  ,  Loss/giou: 0.19219  ,  Loss/l1: 0.01340  ,  Loss/location: 0.23699  ,  pro_loss: 0.13540  ,  IoU: 0.82217  ,  Loss/sim: 1.53829  ,  Loss/distill: 2.76449
[train: Epoch 2, 1600 / 1875] FPS: 14.2 (27.3)  ,  DataTime: 0.257 (0.005)  ,  ForwardTime: 0.302  ,  TotalTime: 0.564  ,  Loss/total: 0.71593  ,  Loss/giou: 0.19224  ,  Loss/l1: 0.01340  ,  Loss/location: 0.23646  ,  pro_loss: 0.13545  ,  IoU: 0.82216  ,  Loss/sim: 1.53764  ,  Loss/distill: 2.75864
[train: Epoch 2, 1650 / 1875] FPS: 14.3 (27.4)  ,  DataTime: 0.254 (0.005)  ,  ForwardTime: 0.302  ,  TotalTime: 0.561  ,  Loss/total: 0.71402  ,  Loss/giou: 0.19183  ,  Loss/l1: 0.01336  ,  Loss/location: 0.23559  ,  pro_loss: 0.13549  ,  IoU: 0.82251  ,  Loss/sim: 1.53648  ,  Loss/distill: 2.75204
[train: Epoch 2, 1700 / 1875] FPS: 14.3 (27.3)  ,  DataTime: 0.251 (0.005)  ,  ForwardTime: 0.302  ,  TotalTime: 0.558  ,  Loss/total: 0.71432  ,  Loss/giou: 0.19190  ,  Loss/l1: 0.01337  ,  Loss/location: 0.23573  ,  pro_loss: 0.13532  ,  IoU: 0.82245  ,  Loss/sim: 1.53722  ,  Loss/distill: 2.74691
[train: Epoch 2, 1750 / 1875] FPS: 14.3 (9.6)  ,  DataTime: 0.251 (0.005)  ,  ForwardTime: 0.302  ,  TotalTime: 0.558  ,  Loss/total: 0.71340  ,  Loss/giou: 0.19169  ,  Loss/l1: 0.01334  ,  Loss/location: 0.23539  ,  pro_loss: 0.13538  ,  IoU: 0.82259  ,  Loss/sim: 1.53617  ,  Loss/distill: 2.74042
[train: Epoch 2, 1800 / 1875] FPS: 14.4 (27.6)  ,  DataTime: 0.249 (0.005)  ,  ForwardTime: 0.302  ,  TotalTime: 0.555  ,  Loss/total: 0.71246  ,  Loss/giou: 0.19149  ,  Loss/l1: 0.01330  ,  Loss/location: 0.23505  ,  pro_loss: 0.13538  ,  IoU: 0.82271  ,  Loss/sim: 1.53625  ,  Loss/distill: 2.73518
[train: Epoch 2, 1850 / 1875] FPS: 14.4 (26.9)  ,  DataTime: 0.247 (0.005)  ,  ForwardTime: 0.302  ,  TotalTime: 0.554  ,  Loss/total: 0.71263  ,  Loss/giou: 0.19146  ,  Loss/l1: 0.01331  ,  Loss/location: 0.23523  ,  pro_loss: 0.13529  ,  IoU: 0.82273  ,  Loss/sim: 1.53500  ,  Loss/distill: 2.72870
[train: Epoch 2, 1875 / 1875] FPS: 14.4 (27.7)  ,  DataTime: 0.248 (0.005)  ,  ForwardTime: 0.302  ,  TotalTime: 0.556  ,  Loss/total: 0.71234  ,  Loss/giou: 0.19149  ,  Loss/l1: 0.01330  ,  Loss/location: 0.23496  ,  pro_loss: 0.13522  ,  IoU: 0.82268  ,  Loss/sim: 1.53444  ,  Loss/distill: 2.72571
[train: Epoch 3, 50 / 1875] FPS: 13.7 (27.4)  ,  DataTime: 0.287 (0.005)  ,  ForwardTime: 0.294  ,  TotalTime: 0.585  ,  Loss/total: 0.78467  ,  Loss/giou: 0.21358  ,  Loss/l1: 0.01621  ,  Loss/location: 0.24866  ,  pro_loss: 0.13500  ,  IoU: 0.80749  ,  Loss/sim: 1.46100  ,  Loss/distill: 2.48207
[train: Epoch 3, 100 / 1875] FPS: 15.3 (27.1)  ,  DataTime: 0.219 (0.005)  ,  ForwardTime: 0.298  ,  TotalTime: 0.522  ,  Loss/total: 0.74705  ,  Loss/giou: 0.20135  ,  Loss/l1: 0.01483  ,  Loss/location: 0.24211  ,  pro_loss: 0.13646  ,  IoU: 0.81666  ,  Loss/sim: 1.47548  ,  Loss/distill: 2.47501
[train: Epoch 3, 150 / 1875] FPS: 16.1 (5.7)  ,  DataTime: 0.196 (0.005)  ,  ForwardTime: 0.296  ,  TotalTime: 0.496  ,  Loss/total: 0.74625  ,  Loss/giou: 0.20157  ,  Loss/l1: 0.01463  ,  Loss/location: 0.24203  ,  pro_loss: 0.13569  ,  IoU: 0.81580  ,  Loss/sim: 1.47284  ,  Loss/distill: 2.47493
[train: Epoch 3, 200 / 1875] FPS: 16.8 (27.5)  ,  DataTime: 0.175 (0.005)  ,  ForwardTime: 0.296  ,  TotalTime: 0.476  ,  Loss/total: 0.72420  ,  Loss/giou: 0.19627  ,  Loss/l1: 0.01402  ,  Loss/location: 0.23357  ,  pro_loss: 0.13583  ,  IoU: 0.82021  ,  Loss/sim: 1.47431  ,  Loss/distill: 2.47455
[train: Epoch 3, 250 / 1875] FPS: 17.0 (12.5)  ,  DataTime: 0.169 (0.005)  ,  ForwardTime: 0.296  ,  TotalTime: 0.470  ,  Loss/total: 0.71544  ,  Loss/giou: 0.19343  ,  Loss/l1: 0.01362  ,  Loss/location: 0.23237  ,  pro_loss: 0.13658  ,  IoU: 0.82208  ,  Loss/sim: 1.47446  ,  Loss/distill: 2.47367
[train: Epoch 3, 300 / 1875] FPS: 17.3 (18.3)  ,  DataTime: 0.162 (0.005)  ,  ForwardTime: 0.297  ,  TotalTime: 0.464  ,  Loss/total: 0.71374  ,  Loss/giou: 0.19192  ,  Loss/l1: 0.01353  ,  Loss/location: 0.23415  ,  pro_loss: 0.13667  ,  IoU: 0.82341  ,  Loss/sim: 1.47180  ,  Loss/distill: 2.46379
[train: Epoch 3, 350 / 1875] FPS: 17.6 (27.5)  ,  DataTime: 0.155 (0.005)  ,  ForwardTime: 0.296  ,  TotalTime: 0.456  ,  Loss/total: 0.70636  ,  Loss/giou: 0.19021  ,  Loss/l1: 0.01330  ,  Loss/location: 0.23132  ,  pro_loss: 0.13661  ,  IoU: 0.82480  ,  Loss/sim: 1.47136  ,  Loss/distill: 2.45855
[train: Epoch 3, 400 / 1875] FPS: 17.6 (27.0)  ,  DataTime: 0.154 (0.005)  ,  ForwardTime: 0.296  ,  TotalTime: 0.455  ,  Loss/total: 0.70819  ,  Loss/giou: 0.19062  ,  Loss/l1: 0.01326  ,  Loss/location: 0.23271  ,  pro_loss: 0.13583  ,  IoU: 0.82432  ,  Loss/sim: 1.47382  ,  Loss/distill: 2.45332
[train: Epoch 3, 450 / 1875] FPS: 17.5 (26.1)  ,  DataTime: 0.156 (0.005)  ,  ForwardTime: 0.297  ,  TotalTime: 0.458  ,  Loss/total: 0.70749  ,  Loss/giou: 0.19013  ,  Loss/l1: 0.01324  ,  Loss/location: 0.23325  ,  pro_loss: 0.13486  ,  IoU: 0.82471  ,  Loss/sim: 1.47715  ,  Loss/distill: 2.45482
[train: Epoch 3, 500 / 1875] FPS: 17.6 (22.9)  ,  DataTime: 0.153 (0.005)  ,  ForwardTime: 0.297  ,  TotalTime: 0.455  ,  Loss/total: 0.70600  ,  Loss/giou: 0.18980  ,  Loss/l1: 0.01316  ,  Loss/location: 0.23317  ,  pro_loss: 0.13333  ,  IoU: 0.82492  ,  Loss/sim: 1.47901  ,  Loss/distill: 2.45367
[train: Epoch 3, 550 / 1875] FPS: 17.7 (13.3)  ,  DataTime: 0.150 (0.005)  ,  ForwardTime: 0.297  ,  TotalTime: 0.452  ,  Loss/total: 0.70118  ,  Loss/giou: 0.18870  ,  Loss/l1: 0.01303  ,  Loss/location: 0.23107  ,  pro_loss: 0.13369  ,  IoU: 0.82580  ,  Loss/sim: 1.47830  ,  Loss/distill: 2.44937
[train: Epoch 3, 600 / 1875] FPS: 17.5 (27.5)  ,  DataTime: 0.155 (0.005)  ,  ForwardTime: 0.297  ,  TotalTime: 0.457  ,  Loss/total: 0.70020  ,  Loss/giou: 0.18870  ,  Loss/l1: 0.01305  ,  Loss/location: 0.22997  ,  pro_loss: 0.13387  ,  IoU: 0.82595  ,  Loss/sim: 1.47549  ,  Loss/distill: 2.44597
[train: Epoch 3, 650 / 1875] FPS: 17.5 (2.3)  ,  DataTime: 0.151 (0.005)  ,  ForwardTime: 0.302  ,  TotalTime: 0.458  ,  Loss/total: 0.70243  ,  Loss/giou: 0.18904  ,  Loss/l1: 0.01312  ,  Loss/location: 0.23134  ,  pro_loss: 0.13316  ,  IoU: 0.82567  ,  Loss/sim: 1.47562  ,  Loss/distill: 2.44304
[train: Epoch 3, 700 / 1875] FPS: 16.6 (5.1)  ,  DataTime: 0.175 (0.005)  ,  ForwardTime: 0.303  ,  TotalTime: 0.483  ,  Loss/total: 0.70501  ,  Loss/giou: 0.18952  ,  Loss/l1: 0.01315  ,  Loss/location: 0.23283  ,  pro_loss: 0.13302  ,  IoU: 0.82524  ,  Loss/sim: 1.47455  ,  Loss/distill: 2.43999
[train: Epoch 3, 750 / 1875] FPS: 16.7 (20.9)  ,  DataTime: 0.173 (0.005)  ,  ForwardTime: 0.303  ,  TotalTime: 0.480  ,  Loss/total: 0.70142  ,  Loss/giou: 0.18850  ,  Loss/l1: 0.01302  ,  Loss/location: 0.23188  ,  pro_loss: 0.13325  ,  IoU: 0.82595  ,  Loss/sim: 1.47455  ,  Loss/distill: 2.43572
[train: Epoch 3, 800 / 1875] FPS: 16.8 (27.0)  ,  DataTime: 0.169 (0.005)  ,  ForwardTime: 0.303  ,  TotalTime: 0.477  ,  Loss/total: 0.70134  ,  Loss/giou: 0.18838  ,  Loss/l1: 0.01300  ,  Loss/location: 0.23222  ,  pro_loss: 0.13297  ,  IoU: 0.82603  ,  Loss/sim: 1.47630  ,  Loss/distill: 2.43444
[train: Epoch 3, 850 / 1875] FPS: 16.8 (17.7)  ,  DataTime: 0.169 (0.005)  ,  ForwardTime: 0.302  ,  TotalTime: 0.476  ,  Loss/total: 0.70080  ,  Loss/giou: 0.18804  ,  Loss/l1: 0.01297  ,  Loss/location: 0.23246  ,  pro_loss: 0.13315  ,  IoU: 0.82624  ,  Loss/sim: 1.47671  ,  Loss/distill: 2.43225
[train: Epoch 3, 900 / 1875] FPS: 16.7 (27.2)  ,  DataTime: 0.172 (0.005)  ,  ForwardTime: 0.302  ,  TotalTime: 0.479  ,  Loss/total: 0.69893  ,  Loss/giou: 0.18759  ,  Loss/l1: 0.01295  ,  Loss/location: 0.23162  ,  pro_loss: 0.13294  ,  IoU: 0.82664  ,  Loss/sim: 1.47472  ,  Loss/distill: 2.42728
[train: Epoch 3, 950 / 1875] FPS: 16.8 (27.2)  ,  DataTime: 0.171 (0.005)  ,  ForwardTime: 0.302  ,  TotalTime: 0.478  ,  Loss/total: 0.69890  ,  Loss/giou: 0.18749  ,  Loss/l1: 0.01293  ,  Loss/location: 0.23182  ,  pro_loss: 0.13329  ,  IoU: 0.82671  ,  Loss/sim: 1.47336  ,  Loss/distill: 2.42281
[train: Epoch 3, 1000 / 1875] FPS: 16.6 (27.4)  ,  DataTime: 0.174 (0.005)  ,  ForwardTime: 0.302  ,  TotalTime: 0.481  ,  Loss/total: 0.70090  ,  Loss/giou: 0.18793  ,  Loss/l1: 0.01299  ,  Loss/location: 0.23275  ,  pro_loss: 0.13291  ,  IoU: 0.82630  ,  Loss/sim: 1.47344  ,  Loss/distill: 2.41956
[train: Epoch 3, 1050 / 1875] FPS: 16.8 (27.9)  ,  DataTime: 0.171 (0.005)  ,  ForwardTime: 0.301  ,  TotalTime: 0.477  ,  Loss/total: 0.69833  ,  Loss/giou: 0.18733  ,  Loss/l1: 0.01294  ,  Loss/location: 0.23160  ,  pro_loss: 0.13287  ,  IoU: 0.82680  ,  Loss/sim: 1.47351  ,  Loss/distill: 2.41541
[train: Epoch 3, 1100 / 1875] FPS: 16.7 (27.7)  ,  DataTime: 0.172 (0.005)  ,  ForwardTime: 0.301  ,  TotalTime: 0.478  ,  Loss/total: 0.69756  ,  Loss/giou: 0.18716  ,  Loss/l1: 0.01295  ,  Loss/location: 0.23121  ,  pro_loss: 0.13247  ,  IoU: 0.82697  ,  Loss/sim: 1.47477  ,  Loss/distill: 2.41270
[train: Epoch 3, 1150 / 1875] FPS: 16.7 (11.6)  ,  DataTime: 0.172 (0.005)  ,  ForwardTime: 0.301  ,  TotalTime: 0.478  ,  Loss/total: 0.69558  ,  Loss/giou: 0.18675  ,  Loss/l1: 0.01294  ,  Loss/location: 0.23006  ,  pro_loss: 0.13256  ,  IoU: 0.82734  ,  Loss/sim: 1.47671  ,  Loss/distill: 2.40942
[train: Epoch 3, 1200 / 1875] FPS: 16.6 (11.8)  ,  DataTime: 0.177 (0.005)  ,  ForwardTime: 0.301  ,  TotalTime: 0.483  ,  Loss/total: 0.69391  ,  Loss/giou: 0.18638  ,  Loss/l1: 0.01293  ,  Loss/location: 0.22921  ,  pro_loss: 0.13262  ,  IoU: 0.82763  ,  Loss/sim: 1.47775  ,  Loss/distill: 2.40601
[train: Epoch 3, 1250 / 1875] FPS: 16.6 (27.0)  ,  DataTime: 0.175 (0.005)  ,  ForwardTime: 0.301  ,  TotalTime: 0.481  ,  Loss/total: 0.69398  ,  Loss/giou: 0.18650  ,  Loss/l1: 0.01291  ,  Loss/location: 0.22918  ,  pro_loss: 0.13239  ,  IoU: 0.82743  ,  Loss/sim: 1.47939  ,  Loss/distill: 2.40403
[train: Epoch 3, 1300 / 1875] FPS: 16.5 (27.3)  ,  DataTime: 0.179 (0.005)  ,  ForwardTime: 0.301  ,  TotalTime: 0.485  ,  Loss/total: 0.69424  ,  Loss/giou: 0.18648  ,  Loss/l1: 0.01291  ,  Loss/location: 0.22953  ,  pro_loss: 0.13208  ,  IoU: 0.82746  ,  Loss/sim: 1.48107  ,  Loss/distill: 2.40210
[train: Epoch 3, 1350 / 1875] FPS: 16.6 (25.0)  ,  DataTime: 0.178 (0.005)  ,  ForwardTime: 0.301  ,  TotalTime: 0.483  ,  Loss/total: 0.69413  ,  Loss/giou: 0.18657  ,  Loss/l1: 0.01291  ,  Loss/location: 0.22924  ,  pro_loss: 0.13202  ,  IoU: 0.82739  ,  Loss/sim: 1.47997  ,  Loss/distill: 2.39856
[train: Epoch 3, 1400 / 1875] FPS: 16.6 (22.4)  ,  DataTime: 0.176 (0.005)  ,  ForwardTime: 0.301  ,  TotalTime: 0.481  ,  Loss/total: 0.69378  ,  Loss/giou: 0.18638  ,  Loss/l1: 0.01290  ,  Loss/location: 0.22930  ,  pro_loss: 0.13220  ,  IoU: 0.82758  ,  Loss/sim: 1.47914  ,  Loss/distill: 2.39568
[train: Epoch 3, 1450 / 1875] FPS: 16.5 (24.8)  ,  DataTime: 0.180 (0.005)  ,  ForwardTime: 0.300  ,  TotalTime: 0.485  ,  Loss/total: 0.69220  ,  Loss/giou: 0.18610  ,  Loss/l1: 0.01285  ,  Loss/location: 0.22850  ,  pro_loss: 0.13228  ,  IoU: 0.82778  ,  Loss/sim: 1.47781  ,  Loss/distill: 2.39157
[train: Epoch 3, 1500 / 1875] FPS: 16.5 (27.5)  ,  DataTime: 0.180 (0.005)  ,  ForwardTime: 0.301  ,  TotalTime: 0.486  ,  Loss/total: 0.69238  ,  Loss/giou: 0.18596  ,  Loss/l1: 0.01286  ,  Loss/location: 0.22895  ,  pro_loss: 0.13216  ,  IoU: 0.82790  ,  Loss/sim: 1.47793  ,  Loss/distill: 2.38791
[train: Epoch 3, 1550 / 1875] FPS: 16.5 (27.3)  ,  DataTime: 0.178 (0.005)  ,  ForwardTime: 0.300  ,  TotalTime: 0.484  ,  Loss/total: 0.69244  ,  Loss/giou: 0.18601  ,  Loss/l1: 0.01288  ,  Loss/location: 0.22881  ,  pro_loss: 0.13206  ,  IoU: 0.82794  ,  Loss/sim: 1.47649  ,  Loss/distill: 2.38454
[train: Epoch 3, 1600 / 1875] FPS: 16.5 (7.3)  ,  DataTime: 0.180 (0.005)  ,  ForwardTime: 0.301  ,  TotalTime: 0.485  ,  Loss/total: 0.69171  ,  Loss/giou: 0.18585  ,  Loss/l1: 0.01285  ,  Loss/location: 0.22855  ,  pro_loss: 0.13209  ,  IoU: 0.82803  ,  Loss/sim: 1.47642  ,  Loss/distill: 2.38136
[train: Epoch 3, 1650 / 1875] FPS: 16.5 (27.4)  ,  DataTime: 0.178 (0.005)  ,  ForwardTime: 0.301  ,  TotalTime: 0.483  ,  Loss/total: 0.69090  ,  Loss/giou: 0.18559  ,  Loss/l1: 0.01282  ,  Loss/location: 0.22839  ,  pro_loss: 0.13214  ,  IoU: 0.82823  ,  Loss/sim: 1.47635  ,  Loss/distill: 2.37767
[train: Epoch 3, 1700 / 1875] FPS: 16.4 (27.6)  ,  DataTime: 0.182 (0.005)  ,  ForwardTime: 0.301  ,  TotalTime: 0.487  ,  Loss/total: 0.69115  ,  Loss/giou: 0.18565  ,  Loss/l1: 0.01282  ,  Loss/location: 0.22854  ,  pro_loss: 0.13224  ,  IoU: 0.82816  ,  Loss/sim: 1.47534  ,  Loss/distill: 2.37459
[train: Epoch 3, 1750 / 1875] FPS: 16.4 (27.2)  ,  DataTime: 0.182 (0.005)  ,  ForwardTime: 0.301  ,  TotalTime: 0.487  ,  Loss/total: 0.69038  ,  Loss/giou: 0.18546  ,  Loss/l1: 0.01281  ,  Loss/location: 0.22824  ,  pro_loss: 0.13211  ,  IoU: 0.82834  ,  Loss/sim: 1.47510  ,  Loss/distill: 2.37134
[train: Epoch 3, 1800 / 1875] FPS: 16.4 (27.1)  ,  DataTime: 0.181 (0.005)  ,  ForwardTime: 0.301  ,  TotalTime: 0.487  ,  Loss/total: 0.69040  ,  Loss/giou: 0.18547  ,  Loss/l1: 0.01281  ,  Loss/location: 0.22825  ,  pro_loss: 0.13204  ,  IoU: 0.82832  ,  Loss/sim: 1.47453  ,  Loss/distill: 2.36776
[train: Epoch 3, 1850 / 1875] FPS: 16.5 (27.3)  ,  DataTime: 0.179 (0.005)  ,  ForwardTime: 0.301  ,  TotalTime: 0.485  ,  Loss/total: 0.69060  ,  Loss/giou: 0.18555  ,  Loss/l1: 0.01283  ,  Loss/location: 0.22817  ,  pro_loss: 0.13199  ,  IoU: 0.82824  ,  Loss/sim: 1.47384  ,  Loss/distill: 2.36462
[train: Epoch 3, 1875 / 1875] FPS: 16.5 (27.6)  ,  DataTime: 0.179 (0.005)  ,  ForwardTime: 0.301  ,  TotalTime: 0.485  ,  Loss/total: 0.69047  ,  Loss/giou: 0.18549  ,  Loss/l1: 0.01283  ,  Loss/location: 0.22813  ,  pro_loss: 0.13220  ,  IoU: 0.82829  ,  Loss/sim: 1.47370  ,  Loss/distill: 2.36298
[train: Epoch 4, 50 / 1875] FPS: 12.9 (27.0)  ,  DataTime: 0.316 (0.005)  ,  ForwardTime: 0.299  ,  TotalTime: 0.620  ,  Loss/total: 0.65727  ,  Loss/giou: 0.17443  ,  Loss/l1: 0.01159  ,  Loss/location: 0.22203  ,  pro_loss: 0.13833  ,  IoU: 0.83578  ,  Loss/sim: 1.46614  ,  Loss/distill: 2.23774
[train: Epoch 4, 100 / 1875] FPS: 15.2 (4.5)  ,  DataTime: 0.224 (0.005)  ,  ForwardTime: 0.298  ,  TotalTime: 0.527  ,  Loss/total: 0.65699  ,  Loss/giou: 0.17612  ,  Loss/l1: 0.01173  ,  Loss/location: 0.21849  ,  pro_loss: 0.13438  ,  IoU: 0.83433  ,  Loss/sim: 1.46768  ,  Loss/distill: 2.23985
[train: Epoch 4, 150 / 1875] FPS: 15.9 (27.3)  ,  DataTime: 0.197 (0.005)  ,  ForwardTime: 0.300  ,  TotalTime: 0.502  ,  Loss/total: 0.66420  ,  Loss/giou: 0.17696  ,  Loss/l1: 0.01192  ,  Loss/location: 0.22308  ,  pro_loss: 0.13424  ,  IoU: 0.83389  ,  Loss/sim: 1.47389  ,  Loss/distill: 2.24171
[train: Epoch 4, 200 / 1875] FPS: 16.6 (27.0)  ,  DataTime: 0.177 (0.005)  ,  ForwardTime: 0.300  ,  TotalTime: 0.483  ,  Loss/total: 0.67094  ,  Loss/giou: 0.18010  ,  Loss/l1: 0.01231  ,  Loss/location: 0.22146  ,  pro_loss: 0.13495  ,  IoU: 0.83203  ,  Loss/sim: 1.47437  ,  Loss/distill: 2.24237
[train: Epoch 4, 250 / 1875] FPS: 17.0 (22.4)  ,  DataTime: 0.167 (0.005)  ,  ForwardTime: 0.300  ,  TotalTime: 0.472  ,  Loss/total: 0.67080  ,  Loss/giou: 0.17952  ,  Loss/l1: 0.01227  ,  Loss/location: 0.22257  ,  pro_loss: 0.13538  ,  IoU: 0.83256  ,  Loss/sim: 1.47260  ,  Loss/distill: 2.23863
[train: Epoch 4, 300 / 1875] FPS: 16.1 (27.1)  ,  DataTime: 0.192 (0.005)  ,  ForwardTime: 0.298  ,  TotalTime: 0.495  ,  Loss/total: 0.67633  ,  Loss/giou: 0.18199  ,  Loss/l1: 0.01239  ,  Loss/location: 0.22264  ,  pro_loss: 0.13517  ,  IoU: 0.83069  ,  Loss/sim: 1.47136  ,  Loss/distill: 2.23506
[train: Epoch 4, 350 / 1875] FPS: 16.5 (27.0)  ,  DataTime: 0.181 (0.005)  ,  ForwardTime: 0.300  ,  TotalTime: 0.486  ,  Loss/total: 0.67632  ,  Loss/giou: 0.18217  ,  Loss/l1: 0.01245  ,  Loss/location: 0.22208  ,  pro_loss: 0.13455  ,  IoU: 0.83068  ,  Loss/sim: 1.47153  ,  Loss/distill: 2.23164
[train: Epoch 4, 400 / 1875] FPS: 15.6 (27.1)  ,  DataTime: 0.208 (0.005)  ,  ForwardTime: 0.300  ,  TotalTime: 0.513  ,  Loss/total: 0.68552  ,  Loss/giou: 0.18400  ,  Loss/l1: 0.01261  ,  Loss/location: 0.22673  ,  pro_loss: 0.13487  ,  IoU: 0.82914  ,  Loss/sim: 1.47323  ,  Loss/distill: 2.22976
[train: Epoch 4, 450 / 1875] FPS: 15.7 (27.5)  ,  DataTime: 0.206 (0.005)  ,  ForwardTime: 0.299  ,  TotalTime: 0.510  ,  Loss/total: 0.68468  ,  Loss/giou: 0.18365  ,  Loss/l1: 0.01258  ,  Loss/location: 0.22680  ,  pro_loss: 0.13461  ,  IoU: 0.82940  ,  Loss/sim: 1.47103  ,  Loss/distill: 2.22620
[train: Epoch 4, 500 / 1875] FPS: 16.0 (23.0)  ,  DataTime: 0.195 (0.005)  ,  ForwardTime: 0.298  ,  TotalTime: 0.499  ,  Loss/total: 0.68592  ,  Loss/giou: 0.18407  ,  Loss/l1: 0.01261  ,  Loss/location: 0.22706  ,  pro_loss: 0.13473  ,  IoU: 0.82906  ,  Loss/sim: 1.47183  ,  Loss/distill: 2.22597
[train: Epoch 4, 550 / 1875] FPS: 15.7 (27.5)  ,  DataTime: 0.200 (0.005)  ,  ForwardTime: 0.303  ,  TotalTime: 0.508  ,  Loss/total: 0.68618  ,  Loss/giou: 0.18397  ,  Loss/l1: 0.01264  ,  Loss/location: 0.22722  ,  pro_loss: 0.13545  ,  IoU: 0.82911  ,  Loss/sim: 1.47059  ,  Loss/distill: 2.22227
[train: Epoch 4, 600 / 1875] FPS: 16.0 (27.3)  ,  DataTime: 0.193 (0.005)  ,  ForwardTime: 0.302  ,  TotalTime: 0.499  ,  Loss/total: 0.68773  ,  Loss/giou: 0.18443  ,  Loss/l1: 0.01273  ,  Loss/location: 0.22732  ,  pro_loss: 0.13583  ,  IoU: 0.82869  ,  Loss/sim: 1.46950  ,  Loss/distill: 2.21776
[train: Epoch 4, 650 / 1875] FPS: 16.0 (22.2)  ,  DataTime: 0.194 (0.005)  ,  ForwardTime: 0.302  ,  TotalTime: 0.501  ,  Loss/total: 0.69121  ,  Loss/giou: 0.18542  ,  Loss/l1: 0.01279  ,  Loss/location: 0.22861  ,  pro_loss: 0.13530  ,  IoU: 0.82783  ,  Loss/sim: 1.46769  ,  Loss/distill: 2.21414
[train: Epoch 4, 700 / 1875] FPS: 16.1 (27.4)  ,  DataTime: 0.189 (0.005)  ,  ForwardTime: 0.302  ,  TotalTime: 0.495  ,  Loss/total: 0.69285  ,  Loss/giou: 0.18605  ,  Loss/l1: 0.01288  ,  Loss/location: 0.22863  ,  pro_loss: 0.13491  ,  IoU: 0.82732  ,  Loss/sim: 1.46584  ,  Loss/distill: 2.21115
[train: Epoch 4, 750 / 1875] FPS: 16.2 (27.1)  ,  DataTime: 0.185 (0.005)  ,  ForwardTime: 0.302  ,  TotalTime: 0.492  ,  Loss/total: 0.69286  ,  Loss/giou: 0.18610  ,  Loss/l1: 0.01288  ,  Loss/location: 0.22853  ,  pro_loss: 0.13486  ,  IoU: 0.82726  ,  Loss/sim: 1.46724  ,  Loss/distill: 2.21033
[train: Epoch 4, 800 / 1875] FPS: 16.2 (17.5)  ,  DataTime: 0.187 (0.005)  ,  ForwardTime: 0.303  ,  TotalTime: 0.495  ,  Loss/total: 0.69184  ,  Loss/giou: 0.18562  ,  Loss/l1: 0.01283  ,  Loss/location: 0.22869  ,  pro_loss: 0.13503  ,  IoU: 0.82759  ,  Loss/sim: 1.46483  ,  Loss/distill: 2.20779
[train: Epoch 4, 850 / 1875] FPS: 16.3 (27.3)  ,  DataTime: 0.183 (0.005)  ,  ForwardTime: 0.302  ,  TotalTime: 0.490  ,  Loss/total: 0.69161  ,  Loss/giou: 0.18573  ,  Loss/l1: 0.01290  ,  Loss/location: 0.22794  ,  pro_loss: 0.13493  ,  IoU: 0.82764  ,  Loss/sim: 1.46274  ,  Loss/distill: 2.20405
[train: Epoch 4, 900 / 1875] FPS: 16.0 (27.1)  ,  DataTime: 0.193 (0.005)  ,  ForwardTime: 0.303  ,  TotalTime: 0.501  ,  Loss/total: 0.69246  ,  Loss/giou: 0.18590  ,  Loss/l1: 0.01293  ,  Loss/location: 0.22828  ,  pro_loss: 0.13492  ,  IoU: 0.82756  ,  Loss/sim: 1.45985  ,  Loss/distill: 2.19993
[train: Epoch 4, 950 / 1875] FPS: 16.0 (27.5)  ,  DataTime: 0.192 (0.005)  ,  ForwardTime: 0.303  ,  TotalTime: 0.500  ,  Loss/total: 0.69120  ,  Loss/giou: 0.18540  ,  Loss/l1: 0.01287  ,  Loss/location: 0.22831  ,  pro_loss: 0.13500  ,  IoU: 0.82801  ,  Loss/sim: 1.45804  ,  Loss/distill: 2.19715
[train: Epoch 4, 1000 / 1875] FPS: 15.8 (27.2)  ,  DataTime: 0.197 (0.005)  ,  ForwardTime: 0.303  ,  TotalTime: 0.505  ,  Loss/total: 0.69032  ,  Loss/giou: 0.18520  ,  Loss/l1: 0.01284  ,  Loss/location: 0.22803  ,  pro_loss: 0.13478  ,  IoU: 0.82818  ,  Loss/sim: 1.45639  ,  Loss/distill: 2.19517
[train: Epoch 4, 1050 / 1875] FPS: 15.9 (27.3)  ,  DataTime: 0.196 (0.005)  ,  ForwardTime: 0.302  ,  TotalTime: 0.503  ,  Loss/total: 0.68863  ,  Loss/giou: 0.18461  ,  Loss/l1: 0.01276  ,  Loss/location: 0.22794  ,  pro_loss: 0.13465  ,  IoU: 0.82865  ,  Loss/sim: 1.45471  ,  Loss/distill: 2.19224
[train: Epoch 4, 1100 / 1875] FPS: 16.0 (27.5)  ,  DataTime: 0.195 (0.005)  ,  ForwardTime: 0.302  ,  TotalTime: 0.501  ,  Loss/total: 0.69093  ,  Loss/giou: 0.18537  ,  Loss/l1: 0.01286  ,  Loss/location: 0.22824  ,  pro_loss: 0.13451  ,  IoU: 0.82815  ,  Loss/sim: 1.45378  ,  Loss/distill: 2.18917
[train: Epoch 4, 1150 / 1875] FPS: 16.1 (27.1)  ,  DataTime: 0.191 (0.005)  ,  ForwardTime: 0.301  ,  TotalTime: 0.497  ,  Loss/total: 0.68969  ,  Loss/giou: 0.18503  ,  Loss/l1: 0.01285  ,  Loss/location: 0.22776  ,  pro_loss: 0.13430  ,  IoU: 0.82849  ,  Loss/sim: 1.45144  ,  Loss/distill: 2.18592
[train: Epoch 4, 1200 / 1875] FPS: 16.1 (27.0)  ,  DataTime: 0.191 (0.005)  ,  ForwardTime: 0.302  ,  TotalTime: 0.498  ,  Loss/total: 0.69019  ,  Loss/giou: 0.18527  ,  Loss/l1: 0.01293  ,  Loss/location: 0.22738  ,  pro_loss: 0.13446  ,  IoU: 0.82841  ,  Loss/sim: 1.45002  ,  Loss/distill: 2.18317
[train: Epoch 4, 1250 / 1875] FPS: 15.9 (27.2)  ,  DataTime: 0.197 (0.005)  ,  ForwardTime: 0.301  ,  TotalTime: 0.503  ,  Loss/total: 0.68938  ,  Loss/giou: 0.18508  ,  Loss/l1: 0.01291  ,  Loss/location: 0.22700  ,  pro_loss: 0.13468  ,  IoU: 0.82859  ,  Loss/sim: 1.44911  ,  Loss/distill: 2.18091
[train: Epoch 4, 1300 / 1875] FPS: 16.0 (27.4)  ,  DataTime: 0.195 (0.005)  ,  ForwardTime: 0.301  ,  TotalTime: 0.501  ,  Loss/total: 0.68800  ,  Loss/giou: 0.18478  ,  Loss/l1: 0.01287  ,  Loss/location: 0.22644  ,  pro_loss: 0.13462  ,  IoU: 0.82884  ,  Loss/sim: 1.44708  ,  Loss/distill: 2.17758
[train: Epoch 4, 1350 / 1875] FPS: 15.9 (27.6)  ,  DataTime: 0.196 (0.005)  ,  ForwardTime: 0.301  ,  TotalTime: 0.502  ,  Loss/total: 0.68691  ,  Loss/giou: 0.18461  ,  Loss/l1: 0.01284  ,  Loss/location: 0.22573  ,  pro_loss: 0.13511  ,  IoU: 0.82894  ,  Loss/sim: 1.44570  ,  Loss/distill: 2.17492
[train: Epoch 4, 1400 / 1875] FPS: 16.0 (21.7)  ,  DataTime: 0.195 (0.005)  ,  ForwardTime: 0.301  ,  TotalTime: 0.501  ,  Loss/total: 0.68766  ,  Loss/giou: 0.18465  ,  Loss/l1: 0.01286  ,  Loss/location: 0.22633  ,  pro_loss: 0.13505  ,  IoU: 0.82893  ,  Loss/sim: 1.44314  ,  Loss/distill: 2.17069
[train: Epoch 4, 1450 / 1875] FPS: 16.1 (8.9)  ,  DataTime: 0.192 (0.005)  ,  ForwardTime: 0.301  ,  TotalTime: 0.497  ,  Loss/total: 0.68915  ,  Loss/giou: 0.18493  ,  Loss/l1: 0.01292  ,  Loss/location: 0.22699  ,  pro_loss: 0.13489  ,  IoU: 0.82874  ,  Loss/sim: 1.44241  ,  Loss/distill: 2.16792
[train: Epoch 4, 1500 / 1875] FPS: 16.2 (4.3)  ,  DataTime: 0.190 (0.005)  ,  ForwardTime: 0.301  ,  TotalTime: 0.495  ,  Loss/total: 0.68943  ,  Loss/giou: 0.18494  ,  Loss/l1: 0.01293  ,  Loss/location: 0.22722  ,  pro_loss: 0.13486  ,  IoU: 0.82875  ,  Loss/sim: 1.44253  ,  Loss/distill: 2.16517
[train: Epoch 4, 1550 / 1875] FPS: 16.2 (25.2)  ,  DataTime: 0.188 (0.005)  ,  ForwardTime: 0.301  ,  TotalTime: 0.493  ,  Loss/total: 0.68961  ,  Loss/giou: 0.18504  ,  Loss/l1: 0.01294  ,  Loss/location: 0.22719  ,  pro_loss: 0.13466  ,  IoU: 0.82867  ,  Loss/sim: 1.44186  ,  Loss/distill: 2.16224
[train: Epoch 4, 1600 / 1875] FPS: 16.3 (27.1)  ,  DataTime: 0.186 (0.005)  ,  ForwardTime: 0.300  ,  TotalTime: 0.492  ,  Loss/total: 0.69005  ,  Loss/giou: 0.18510  ,  Loss/l1: 0.01292  ,  Loss/location: 0.22766  ,  pro_loss: 0.13441  ,  IoU: 0.82855  ,  Loss/sim: 1.44190  ,  Loss/distill: 2.16014
[train: Epoch 4, 1650 / 1875] FPS: 16.3 (27.7)  ,  DataTime: 0.185 (0.005)  ,  ForwardTime: 0.301  ,  TotalTime: 0.491  ,  Loss/total: 0.69022  ,  Loss/giou: 0.18500  ,  Loss/l1: 0.01291  ,  Loss/location: 0.22812  ,  pro_loss: 0.13422  ,  IoU: 0.82861  ,  Loss/sim: 1.44006  ,  Loss/distill: 2.15726
[train: Epoch 4, 1700 / 1875] FPS: 16.2 (23.8)  ,  DataTime: 0.187 (0.005)  ,  ForwardTime: 0.301  ,  TotalTime: 0.493  ,  Loss/total: 0.69022  ,  Loss/giou: 0.18524  ,  Loss/l1: 0.01292  ,  Loss/location: 0.22760  ,  pro_loss: 0.13398  ,  IoU: 0.82843  ,  Loss/sim: 1.43909  ,  Loss/distill: 2.15529
[train: Epoch 4, 1750 / 1875] FPS: 16.3 (22.7)  ,  DataTime: 0.185 (0.005)  ,  ForwardTime: 0.301  ,  TotalTime: 0.491  ,  Loss/total: 0.68971  ,  Loss/giou: 0.18511  ,  Loss/l1: 0.01289  ,  Loss/location: 0.22749  ,  pro_loss: 0.13403  ,  IoU: 0.82852  ,  Loss/sim: 1.43985  ,  Loss/distill: 2.15352
[train: Epoch 4, 1800 / 1875] FPS: 16.0 (27.1)  ,  DataTime: 0.195 (0.005)  ,  ForwardTime: 0.301  ,  TotalTime: 0.501  ,  Loss/total: 0.68998  ,  Loss/giou: 0.18518  ,  Loss/l1: 0.01288  ,  Loss/location: 0.22768  ,  pro_loss: 0.13400  ,  IoU: 0.82846  ,  Loss/sim: 1.43873  ,  Loss/distill: 2.15130
[train: Epoch 4, 1850 / 1875] FPS: 15.8 (26.8)  ,  DataTime: 0.202 (0.005)  ,  ForwardTime: 0.301  ,  TotalTime: 0.508  ,  Loss/total: 0.68948  ,  Loss/giou: 0.18516  ,  Loss/l1: 0.01287  ,  Loss/location: 0.22733  ,  pro_loss: 0.13376  ,  IoU: 0.82846  ,  Loss/sim: 1.43835  ,  Loss/distill: 2.14927
[train: Epoch 4, 1875 / 1875] FPS: 15.7 (27.5)  ,  DataTime: 0.202 (0.005)  ,  ForwardTime: 0.301  ,  TotalTime: 0.509  ,  Loss/total: 0.68922  ,  Loss/giou: 0.18510  ,  Loss/l1: 0.01287  ,  Loss/location: 0.22723  ,  pro_loss: 0.13365  ,  IoU: 0.82853  ,  Loss/sim: 1.43816  ,  Loss/distill: 2.14838
[train: Epoch 5, 50 / 1875] FPS: 9.4 (27.4)  ,  DataTime: 0.552 (0.005)  ,  ForwardTime: 0.296  ,  TotalTime: 0.853  ,  Loss/total: 0.72332  ,  Loss/giou: 0.19258  ,  Loss/l1: 0.01337  ,  Loss/location: 0.24406  ,  pro_loss: 0.13271  ,  IoU: 0.82270  ,  Loss/sim: 1.45010  ,  Loss/distill: 2.09383
[train: Epoch 5, 100 / 1875] FPS: 10.7 (27.0)  ,  DataTime: 0.447 (0.005)  ,  ForwardTime: 0.297  ,  TotalTime: 0.749  ,  Loss/total: 0.70888  ,  Loss/giou: 0.18799  ,  Loss/l1: 0.01283  ,  Loss/location: 0.24025  ,  pro_loss: 0.13896  ,  IoU: 0.82544  ,  Loss/sim: 1.44861  ,  Loss/distill: 2.07943
[train: Epoch 5, 150 / 1875] FPS: 12.5 (26.8)  ,  DataTime: 0.338 (0.005)  ,  ForwardTime: 0.298  ,  TotalTime: 0.641  ,  Loss/total: 0.70057  ,  Loss/giou: 0.18548  ,  Loss/l1: 0.01267  ,  Loss/location: 0.23866  ,  pro_loss: 0.13444  ,  IoU: 0.82803  ,  Loss/sim: 1.43947  ,  Loss/distill: 2.07957
[train: Epoch 5, 200 / 1875] FPS: 13.1 (3.4)  ,  DataTime: 0.309 (0.005)  ,  ForwardTime: 0.297  ,  TotalTime: 0.611  ,  Loss/total: 0.69735  ,  Loss/giou: 0.18634  ,  Loss/l1: 0.01266  ,  Loss/location: 0.23393  ,  pro_loss: 0.13365  ,  IoU: 0.82706  ,  Loss/sim: 1.44862  ,  Loss/distill: 2.08226
[train: Epoch 5, 250 / 1875] FPS: 14.0 (27.1)  ,  DataTime: 0.269 (0.005)  ,  ForwardTime: 0.297  ,  TotalTime: 0.571  ,  Loss/total: 0.70468  ,  Loss/giou: 0.18802  ,  Loss/l1: 0.01306  ,  Loss/location: 0.23594  ,  pro_loss: 0.13346  ,  IoU: 0.82590  ,  Loss/sim: 1.44537  ,  Loss/distill: 2.08346
[train: Epoch 5, 300 / 1875] FPS: 13.8 (27.3)  ,  DataTime: 0.277 (0.005)  ,  ForwardTime: 0.298  ,  TotalTime: 0.580  ,  Loss/total: 0.69727  ,  Loss/giou: 0.18661  ,  Loss/l1: 0.01289  ,  Loss/location: 0.23227  ,  pro_loss: 0.13309  ,  IoU: 0.82698  ,  Loss/sim: 1.44152  ,  Loss/distill: 2.07844
[train: Epoch 5, 350 / 1875] FPS: 14.2 (19.4)  ,  DataTime: 0.259 (0.005)  ,  ForwardTime: 0.298  ,  TotalTime: 0.562  ,  Loss/total: 0.69432  ,  Loss/giou: 0.18595  ,  Loss/l1: 0.01272  ,  Loss/location: 0.23157  ,  pro_loss: 0.13277  ,  IoU: 0.82734  ,  Loss/sim: 1.44129  ,  Loss/distill: 2.07853
[train: Epoch 5, 400 / 1875] FPS: 14.3 (27.2)  ,  DataTime: 0.253 (0.005)  ,  ForwardTime: 0.301  ,  TotalTime: 0.559  ,  Loss/total: 0.68940  ,  Loss/giou: 0.18413  ,  Loss/l1: 0.01250  ,  Loss/location: 0.23144  ,  pro_loss: 0.13250  ,  IoU: 0.82891  ,  Loss/sim: 1.43950  ,  Loss/distill: 2.07646
[train: Epoch 5, 450 / 1875] FPS: 14.1 (27.6)  ,  DataTime: 0.260 (0.005)  ,  ForwardTime: 0.302  ,  TotalTime: 0.567  ,  Loss/total: 0.68802  ,  Loss/giou: 0.18432  ,  Loss/l1: 0.01249  ,  Loss/location: 0.22956  ,  pro_loss: 0.13326  ,  IoU: 0.82898  ,  Loss/sim: 1.43567  ,  Loss/distill: 2.07375
[train: Epoch 5, 500 / 1875] FPS: 14.2 (27.3)  ,  DataTime: 0.256 (0.005)  ,  ForwardTime: 0.302  ,  TotalTime: 0.563  ,  Loss/total: 0.69043  ,  Loss/giou: 0.18480  ,  Loss/l1: 0.01268  ,  Loss/location: 0.23006  ,  pro_loss: 0.13335  ,  IoU: 0.82879  ,  Loss/sim: 1.43505  ,  Loss/distill: 2.07119
[train: Epoch 5, 550 / 1875] FPS: 14.0 (27.3)  ,  DataTime: 0.263 (0.005)  ,  ForwardTime: 0.302  ,  TotalTime: 0.570  ,  Loss/total: 0.69686  ,  Loss/giou: 0.18670  ,  Loss/l1: 0.01295  ,  Loss/location: 0.23144  ,  pro_loss: 0.13294  ,  IoU: 0.82745  ,  Loss/sim: 1.43400  ,  Loss/distill: 2.06715
[train: Epoch 5, 600 / 1875] FPS: 14.3 (27.3)  ,  DataTime: 0.254 (0.005)  ,  ForwardTime: 0.301  ,  TotalTime: 0.560  ,  Loss/total: 0.69547  ,  Loss/giou: 0.18654  ,  Loss/l1: 0.01287  ,  Loss/location: 0.23076  ,  pro_loss: 0.13281  ,  IoU: 0.82745  ,  Loss/sim: 1.43360  ,  Loss/distill: 2.06502
[train: Epoch 5, 650 / 1875] FPS: 14.3 (27.9)  ,  DataTime: 0.254 (0.005)  ,  ForwardTime: 0.301  ,  TotalTime: 0.561  ,  Loss/total: 0.69527  ,  Loss/giou: 0.18648  ,  Loss/l1: 0.01289  ,  Loss/location: 0.23058  ,  pro_loss: 0.13285  ,  IoU: 0.82745  ,  Loss/sim: 1.42943  ,  Loss/distill: 2.06211
[train: Epoch 5, 700 / 1875] FPS: 14.5 (27.3)  ,  DataTime: 0.246 (0.005)  ,  ForwardTime: 0.301  ,  TotalTime: 0.551  ,  Loss/total: 0.69605  ,  Loss/giou: 0.18686  ,  Loss/l1: 0.01288  ,  Loss/location: 0.23073  ,  pro_loss: 0.13249  ,  IoU: 0.82706  ,  Loss/sim: 1.43032  ,  Loss/distill: 2.06032
[train: Epoch 5, 750 / 1875] FPS: 14.7 (26.7)  ,  DataTime: 0.240 (0.005)  ,  ForwardTime: 0.301  ,  TotalTime: 0.545  ,  Loss/total: 0.69665  ,  Loss/giou: 0.18731  ,  Loss/l1: 0.01298  ,  Loss/location: 0.22991  ,  pro_loss: 0.13274  ,  IoU: 0.82689  ,  Loss/sim: 1.42930  ,  Loss/distill: 2.05712
[train: Epoch 5, 800 / 1875] FPS: 14.7 (23.5)  ,  DataTime: 0.240 (0.005)  ,  ForwardTime: 0.300  ,  TotalTime: 0.546  ,  Loss/total: 0.69568  ,  Loss/giou: 0.18697  ,  Loss/l1: 0.01294  ,  Loss/location: 0.22988  ,  pro_loss: 0.13227  ,  IoU: 0.82715  ,  Loss/sim: 1.42662  ,  Loss/distill: 2.05482
[train: Epoch 5, 850 / 1875] FPS: 14.8 (27.4)  ,  DataTime: 0.237 (0.005)  ,  ForwardTime: 0.300  ,  TotalTime: 0.542  ,  Loss/total: 0.69481  ,  Loss/giou: 0.18653  ,  Loss/l1: 0.01286  ,  Loss/location: 0.23036  ,  pro_loss: 0.13207  ,  IoU: 0.82747  ,  Loss/sim: 1.42839  ,  Loss/distill: 2.05432
[train: Epoch 5, 900 / 1875] FPS: 15.0 (27.1)  ,  DataTime: 0.230 (0.005)  ,  ForwardTime: 0.300  ,  TotalTime: 0.535  ,  Loss/total: 0.69495  ,  Loss/giou: 0.18681  ,  Loss/l1: 0.01294  ,  Loss/location: 0.22957  ,  pro_loss: 0.13176  ,  IoU: 0.82732  ,  Loss/sim: 1.42773  ,  Loss/distill: 2.05173
[train: Epoch 5, 950 / 1875] FPS: 14.9 (27.2)  ,  DataTime: 0.233 (0.005)  ,  ForwardTime: 0.299  ,  TotalTime: 0.537  ,  Loss/total: 0.69331  ,  Loss/giou: 0.18639  ,  Loss/l1: 0.01294  ,  Loss/location: 0.22880  ,  pro_loss: 0.13150  ,  IoU: 0.82770  ,  Loss/sim: 1.42924  ,  Loss/distill: 2.05066
[train: Epoch 5, 1000 / 1875] FPS: 15.0 (27.3)  ,  DataTime: 0.230 (0.005)  ,  ForwardTime: 0.300  ,  TotalTime: 0.535  ,  Loss/total: 0.69289  ,  Loss/giou: 0.18633  ,  Loss/l1: 0.01292  ,  Loss/location: 0.22864  ,  pro_loss: 0.13145  ,  IoU: 0.82777  ,  Loss/sim: 1.43101  ,  Loss/distill: 2.05103
[train: Epoch 5, 1050 / 1875] FPS: 14.8 (2.3)  ,  DataTime: 0.236 (0.005)  ,  ForwardTime: 0.300  ,  TotalTime: 0.541  ,  Loss/total: 0.69530  ,  Loss/giou: 0.18703  ,  Loss/l1: 0.01302  ,  Loss/location: 0.22910  ,  pro_loss: 0.13167  ,  IoU: 0.82739  ,  Loss/sim: 1.42989  ,  Loss/distill: 2.04965
[train: Epoch 5, 1100 / 1875] FPS: 14.9 (27.4)  ,  DataTime: 0.233 (0.005)  ,  ForwardTime: 0.300  ,  TotalTime: 0.538  ,  Loss/total: 0.69434  ,  Loss/giou: 0.18670  ,  Loss/l1: 0.01298  ,  Loss/location: 0.22900  ,  pro_loss: 0.13160  ,  IoU: 0.82760  ,  Loss/sim: 1.42833  ,  Loss/distill: 2.04754
[train: Epoch 5, 1150 / 1875] FPS: 14.8 (27.6)  ,  DataTime: 0.237 (0.005)  ,  ForwardTime: 0.300  ,  TotalTime: 0.542  ,  Loss/total: 0.69497  ,  Loss/giou: 0.18678  ,  Loss/l1: 0.01299  ,  Loss/location: 0.22946  ,  pro_loss: 0.13157  ,  IoU: 0.82749  ,  Loss/sim: 1.42819  ,  Loss/distill: 2.04536
[train: Epoch 5, 1200 / 1875] FPS: 14.7 (26.8)  ,  DataTime: 0.239 (0.005)  ,  ForwardTime: 0.301  ,  TotalTime: 0.544  ,  Loss/total: 0.69621  ,  Loss/giou: 0.18715  ,  Loss/l1: 0.01303  ,  Loss/location: 0.22977  ,  pro_loss: 0.13145  ,  IoU: 0.82724  ,  Loss/sim: 1.42769  ,  Loss/distill: 2.04374
[train: Epoch 5, 1250 / 1875] FPS: 14.4 (17.0)  ,  DataTime: 0.248 (0.005)  ,  ForwardTime: 0.304  ,  TotalTime: 0.556  ,  Loss/total: 0.69853  ,  Loss/giou: 0.18777  ,  Loss/l1: 0.01311  ,  Loss/location: 0.23054  ,  pro_loss: 0.13104  ,  IoU: 0.82673  ,  Loss/sim: 1.42763  ,  Loss/distill: 2.04203
[train: Epoch 5, 1300 / 1875] FPS: 14.5 (8.5)  ,  DataTime: 0.245 (0.005)  ,  ForwardTime: 0.304  ,  TotalTime: 0.554  ,  Loss/total: 0.69715  ,  Loss/giou: 0.18722  ,  Loss/l1: 0.01308  ,  Loss/location: 0.23046  ,  pro_loss: 0.13070  ,  IoU: 0.82722  ,  Loss/sim: 1.42738  ,  Loss/distill: 2.04016
[train: Epoch 5, 1350 / 1875] FPS: 14.5 (27.4)  ,  DataTime: 0.244 (0.005)  ,  ForwardTime: 0.303  ,  TotalTime: 0.553  ,  Loss/total: 0.69686  ,  Loss/giou: 0.18736  ,  Loss/l1: 0.01309  ,  Loss/location: 0.22984  ,  pro_loss: 0.13067  ,  IoU: 0.82712  ,  Loss/sim: 1.42679  ,  Loss/distill: 2.03839
[train: Epoch 5, 1400 / 1875] FPS: 14.5 (2.3)  ,  DataTime: 0.245 (0.005)  ,  ForwardTime: 0.304  ,  TotalTime: 0.553  ,  Loss/total: 0.69684  ,  Loss/giou: 0.18744  ,  Loss/l1: 0.01310  ,  Loss/location: 0.22964  ,  pro_loss: 0.13055  ,  IoU: 0.82703  ,  Loss/sim: 1.42695  ,  Loss/distill: 2.03702
[train: Epoch 5, 1450 / 1875] FPS: 14.6 (27.2)  ,  DataTime: 0.241 (0.005)  ,  ForwardTime: 0.304  ,  TotalTime: 0.550  ,  Loss/total: 0.69611  ,  Loss/giou: 0.18724  ,  Loss/l1: 0.01308  ,  Loss/location: 0.22943  ,  pro_loss: 0.13058  ,  IoU: 0.82724  ,  Loss/sim: 1.42666  ,  Loss/distill: 2.03603
[train: Epoch 5, 1500 / 1875] FPS: 14.6 (27.2)  ,  DataTime: 0.240 (0.005)  ,  ForwardTime: 0.303  ,  TotalTime: 0.548  ,  Loss/total: 0.69508  ,  Loss/giou: 0.18703  ,  Loss/l1: 0.01304  ,  Loss/location: 0.22903  ,  pro_loss: 0.13058  ,  IoU: 0.82737  ,  Loss/sim: 1.42569  ,  Loss/distill: 2.03488
[train: Epoch 5, 1550 / 1875] FPS: 14.6 (27.4)  ,  DataTime: 0.239 (0.005)  ,  ForwardTime: 0.303  ,  TotalTime: 0.547  ,  Loss/total: 0.69422  ,  Loss/giou: 0.18681  ,  Loss/l1: 0.01302  ,  Loss/location: 0.22862  ,  pro_loss: 0.13090  ,  IoU: 0.82755  ,  Loss/sim: 1.42552  ,  Loss/distill: 2.03248
[train: Epoch 5, 1600 / 1875] FPS: 14.6 (26.9)  ,  DataTime: 0.240 (0.005)  ,  ForwardTime: 0.304  ,  TotalTime: 0.549  ,  Loss/total: 0.69475  ,  Loss/giou: 0.18691  ,  Loss/l1: 0.01304  ,  Loss/location: 0.22892  ,  pro_loss: 0.13074  ,  IoU: 0.82744  ,  Loss/sim: 1.42603  ,  Loss/distill: 2.03100
[train: Epoch 5, 1650 / 1875] FPS: 14.7 (27.1)  ,  DataTime: 0.237 (0.005)  ,  ForwardTime: 0.304  ,  TotalTime: 0.545  ,  Loss/total: 0.69261  ,  Loss/giou: 0.18640  ,  Loss/l1: 0.01299  ,  Loss/location: 0.22802  ,  pro_loss: 0.13082  ,  IoU: 0.82784  ,  Loss/sim: 1.42666  ,  Loss/distill: 2.03056
[train: Epoch 5, 1700 / 1875] FPS: 14.7 (27.2)  ,  DataTime: 0.236 (0.005)  ,  ForwardTime: 0.303  ,  TotalTime: 0.544  ,  Loss/total: 0.69073  ,  Loss/giou: 0.18589  ,  Loss/l1: 0.01293  ,  Loss/location: 0.22743  ,  pro_loss: 0.13092  ,  IoU: 0.82821  ,  Loss/sim: 1.42630  ,  Loss/distill: 2.02982
[train: Epoch 5, 1750 / 1875] FPS: 14.8 (25.1)  ,  DataTime: 0.234 (0.005)  ,  ForwardTime: 0.303  ,  TotalTime: 0.542  ,  Loss/total: 0.69185  ,  Loss/giou: 0.18610  ,  Loss/l1: 0.01298  ,  Loss/location: 0.22792  ,  pro_loss: 0.13079  ,  IoU: 0.82807  ,  Loss/sim: 1.42807  ,  Loss/distill: 2.02867
[train: Epoch 5, 1800 / 1875] FPS: 14.8 (6.1)  ,  DataTime: 0.232 (0.005)  ,  ForwardTime: 0.303  ,  TotalTime: 0.540  ,  Loss/total: 0.69249  ,  Loss/giou: 0.18611  ,  Loss/l1: 0.01299  ,  Loss/location: 0.22846  ,  pro_loss: 0.13079  ,  IoU: 0.82806  ,  Loss/sim: 1.42800  ,  Loss/distill: 2.02764
[train: Epoch 5, 1850 / 1875] FPS: 14.9 (18.2)  ,  DataTime: 0.230 (0.005)  ,  ForwardTime: 0.303  ,  TotalTime: 0.538  ,  Loss/total: 0.69229  ,  Loss/giou: 0.18601  ,  Loss/l1: 0.01298  ,  Loss/location: 0.22850  ,  pro_loss: 0.13076  ,  IoU: 0.82815  ,  Loss/sim: 1.42847  ,  Loss/distill: 2.02657
[train: Epoch 5, 1875 / 1875] FPS: 14.8 (27.4)  ,  DataTime: 0.231 (0.005)  ,  ForwardTime: 0.303  ,  TotalTime: 0.540  ,  Loss/total: 0.69302  ,  Loss/giou: 0.18621  ,  Loss/l1: 0.01300  ,  Loss/location: 0.22878  ,  pro_loss: 0.13057  ,  IoU: 0.82797  ,  Loss/sim: 1.42803  ,  Loss/distill: 2.02586
[train: Epoch 1, 50 / 1875] FPS: 1.9 (13.1)  ,  DataTime: 0.456 (0.008)  ,  ForwardTime: 3.663  ,  TotalTime: 4.127  ,  Loss/total: 1.76502  ,  Loss/giou: 0.32223  ,  Loss/l1: 0.03260  ,  Loss/location: 0.93263  ,  pro_loss: 0.11771  ,  IoU: 0.70977  ,  Loss/sim: 1.56836  ,  Loss/distill: 5.39343
[train: Epoch 1, 100 / 1875] FPS: 3.3 (22.1)  ,  DataTime: 0.376 (0.007)  ,  ForwardTime: 2.023  ,  TotalTime: 2.407  ,  Loss/total: 1.37745  ,  Loss/giou: 0.27572  ,  Loss/l1: 0.02447  ,  Loss/location: 0.67776  ,  pro_loss: 0.12292  ,  IoU: 0.74828  ,  Loss/sim: 1.55699  ,  Loss/distill: 5.07551
[train: Epoch 1, 150 / 1875] FPS: 4.1 (23.9)  ,  DataTime: 0.445 (0.007)  ,  ForwardTime: 1.479  ,  TotalTime: 1.931  ,  Loss/total: 1.24276  ,  Loss/giou: 0.26142  ,  Loss/l1: 0.02204  ,  Loss/location: 0.58275  ,  pro_loss: 0.12833  ,  IoU: 0.76045  ,  Loss/sim: 1.54911  ,  Loss/distill: 4.89745
[train: Epoch 1, 200 / 1875] FPS: 4.9 (26.1)  ,  DataTime: 0.432 (0.006)  ,  ForwardTime: 1.195  ,  TotalTime: 1.633  ,  Loss/total: 1.14767  ,  Loss/giou: 0.25060  ,  Loss/l1: 0.02022  ,  Loss/location: 0.51765  ,  pro_loss: 0.13219  ,  IoU: 0.76947  ,  Loss/sim: 1.55318  ,  Loss/distill: 4.77246
[train: Epoch 1, 250 / 1875] FPS: 5.4 (4.2)  ,  DataTime: 0.443 (0.006)  ,  ForwardTime: 1.024  ,  TotalTime: 1.472  ,  Loss/total: 1.08177  ,  Loss/giou: 0.24334  ,  Loss/l1: 0.01919  ,  Loss/location: 0.47102  ,  pro_loss: 0.13425  ,  IoU: 0.77596  ,  Loss/sim: 1.55469  ,  Loss/distill: 4.68377
[train: Epoch 1, 300 / 1875] FPS: 6.0 (24.2)  ,  DataTime: 0.430 (0.006)  ,  ForwardTime: 0.907  ,  TotalTime: 1.343  ,  Loss/total: 1.05204  ,  Loss/giou: 0.24255  ,  Loss/l1: 0.01910  ,  Loss/location: 0.44304  ,  pro_loss: 0.13569  ,  IoU: 0.77750  ,  Loss/sim: 1.56002  ,  Loss/distill: 4.60222
[train: Epoch 1, 350 / 1875] FPS: 6.5 (25.9)  ,  DataTime: 0.405 (0.006)  ,  ForwardTime: 0.824  ,  TotalTime: 1.235  ,  Loss/total: 1.01339  ,  Loss/giou: 0.23766  ,  Loss/l1: 0.01830  ,  Loss/location: 0.41799  ,  pro_loss: 0.13667  ,  IoU: 0.78155  ,  Loss/sim: 1.55818  ,  Loss/distill: 4.53042
[train: Epoch 1, 400 / 1875] FPS: 6.9 (24.9)  ,  DataTime: 0.400 (0.006)  ,  ForwardTime: 0.762  ,  TotalTime: 1.168  ,  Loss/total: 0.98488  ,  Loss/giou: 0.23404  ,  Loss/l1: 0.01785  ,  Loss/location: 0.39883  ,  pro_loss: 0.13745  ,  IoU: 0.78474  ,  Loss/sim: 1.56093  ,  Loss/distill: 4.47458
[train: Epoch 1, 450 / 1875] FPS: 7.1 (3.2)  ,  DataTime: 0.404 (0.005)  ,  ForwardTime: 0.713  ,  TotalTime: 1.122  ,  Loss/total: 0.96368  ,  Loss/giou: 0.23185  ,  Loss/l1: 0.01758  ,  Loss/location: 0.38318  ,  pro_loss: 0.13852  ,  IoU: 0.78681  ,  Loss/sim: 1.56336  ,  Loss/distill: 4.42041
[train: Epoch 1, 500 / 1875] FPS: 7.4 (23.8)  ,  DataTime: 0.399 (0.005)  ,  ForwardTime: 0.674  ,  TotalTime: 1.078  ,  Loss/total: 0.95110  ,  Loss/giou: 0.23084  ,  Loss/l1: 0.01751  ,  Loss/location: 0.37283  ,  pro_loss: 0.13935  ,  IoU: 0.78809  ,  Loss/sim: 1.56604  ,  Loss/distill: 4.36869
[train: Epoch 1, 550 / 1875] FPS: 7.7 (8.4)  ,  DataTime: 0.392 (0.005)  ,  ForwardTime: 0.642  ,  TotalTime: 1.040  ,  Loss/total: 0.93542  ,  Loss/giou: 0.22866  ,  Loss/l1: 0.01723  ,  Loss/location: 0.36274  ,  pro_loss: 0.14009  ,  IoU: 0.78992  ,  Loss/sim: 1.56738  ,  Loss/distill: 4.31830
[train: Epoch 1, 600 / 1875] FPS: 7.9 (4.3)  ,  DataTime: 0.391 (0.005)  ,  ForwardTime: 0.615  ,  TotalTime: 1.011  ,  Loss/total: 0.92600  ,  Loss/giou: 0.22786  ,  Loss/l1: 0.01703  ,  Loss/location: 0.35572  ,  pro_loss: 0.14102  ,  IoU: 0.79059  ,  Loss/sim: 1.56796  ,  Loss/distill: 4.27392
[train: Epoch 1, 650 / 1875] FPS: 8.1 (5.5)  ,  DataTime: 0.387 (0.005)  ,  ForwardTime: 0.593  ,  TotalTime: 0.985  ,  Loss/total: 0.91462  ,  Loss/giou: 0.22665  ,  Loss/l1: 0.01694  ,  Loss/location: 0.34721  ,  pro_loss: 0.14138  ,  IoU: 0.79176  ,  Loss/sim: 1.56908  ,  Loss/distill: 4.23279
[train: Epoch 1, 50 / 2500] FPS: 2.3 (7.8)  ,  DataTime: 1.333 (0.002)  ,  ForwardTime: 1.222  ,  TotalTime: 2.557  ,  Loss/total: 1.83058  ,  Loss/giou: 0.34273  ,  Loss/l1: 0.03654  ,  Loss/location: 0.93643  ,  pro_loss: 0.12278  ,  IoU: 0.69206  ,  Loss/sim: 1.59610  ,  Loss/distill: 5.46314
[train: Epoch 1, 100 / 2500] FPS: 3.5 (7.6)  ,  DataTime: 1.011 (0.002)  ,  ForwardTime: 0.716  ,  TotalTime: 1.729  ,  Loss/total: 1.44147  ,  Loss/giou: 0.29119  ,  Loss/l1: 0.02674  ,  Loss/location: 0.69941  ,  pro_loss: 0.12306  ,  IoU: 0.73515  ,  Loss/sim: 1.58961  ,  Loss/distill: 5.12255
[train: Epoch 1, 150 / 2500] FPS: 4.3 (11.4)  ,  DataTime: 0.848 (0.002)  ,  ForwardTime: 0.547  ,  TotalTime: 1.397  ,  Loss/total: 1.29346  ,  Loss/giou: 0.27559  ,  Loss/l1: 0.02402  ,  Loss/location: 0.59565  ,  pro_loss: 0.12611  ,  IoU: 0.74874  ,  Loss/sim: 1.59275  ,  Loss/distill: 4.95955
[train: Epoch 1, 200 / 2500] FPS: 4.9 (8.3)  ,  DataTime: 0.763 (0.002)  ,  ForwardTime: 0.463  ,  TotalTime: 1.229  ,  Loss/total: 1.19201  ,  Loss/giou: 0.26130  ,  Loss/l1: 0.02214  ,  Loss/location: 0.53147  ,  pro_loss: 0.12972  ,  IoU: 0.76144  ,  Loss/sim: 1.58939  ,  Loss/distill: 4.83707
[train: Epoch 1, 250 / 2500] FPS: 5.2 (9.7)  ,  DataTime: 0.747 (0.002)  ,  ForwardTime: 0.413  ,  TotalTime: 1.162  ,  Loss/total: 1.12511  ,  Loss/giou: 0.25328  ,  Loss/l1: 0.02099  ,  Loss/location: 0.48619  ,  pro_loss: 0.13061  ,  IoU: 0.76858  ,  Loss/sim: 1.58783  ,  Loss/distill: 4.74723
[train: Epoch 1, 300 / 2500] FPS: 5.5 (8.2)  ,  DataTime: 0.718 (0.002)  ,  ForwardTime: 0.379  ,  TotalTime: 1.100  ,  Loss/total: 1.08882  ,  Loss/giou: 0.24895  ,  Loss/l1: 0.02061  ,  Loss/location: 0.45999  ,  pro_loss: 0.13306  ,  IoU: 0.77303  ,  Loss/sim: 1.58569  ,  Loss/distill: 4.66587
[train: Epoch 1, 350 / 2500] FPS: 5.8 (5.5)  ,  DataTime: 0.685 (0.002)  ,  ForwardTime: 0.355  ,  TotalTime: 1.042  ,  Loss/total: 1.06012  ,  Loss/giou: 0.24696  ,  Loss/l1: 0.02005  ,  Loss/location: 0.43777  ,  pro_loss: 0.13472  ,  IoU: 0.77446  ,  Loss/sim: 1.58549  ,  Loss/distill: 4.59520
[train: Epoch 1, 400 / 2500] FPS: 6.0 (9.6)  ,  DataTime: 0.659 (0.002)  ,  ForwardTime: 0.337  ,  TotalTime: 0.998  ,  Loss/total: 1.03654  ,  Loss/giou: 0.24437  ,  Loss/l1: 0.01960  ,  Loss/location: 0.42133  ,  pro_loss: 0.13635  ,  IoU: 0.77674  ,  Loss/sim: 1.58731  ,  Loss/distill: 4.53758
[train: Epoch 1, 450 / 2500] FPS: 6.3 (7.6)  ,  DataTime: 0.634 (0.002)  ,  ForwardTime: 0.323  ,  TotalTime: 0.959  ,  Loss/total: 1.01084  ,  Loss/giou: 0.24087  ,  Loss/l1: 0.01914  ,  Loss/location: 0.40473  ,  pro_loss: 0.13738  ,  IoU: 0.77965  ,  Loss/sim: 1.59033  ,  Loss/distill: 4.48679
[train: Epoch 1, 500 / 2500] FPS: 6.5 (8.3)  ,  DataTime: 0.612 (0.002)  ,  ForwardTime: 0.311  ,  TotalTime: 0.926  ,  Loss/total: 0.98601  ,  Loss/giou: 0.23664  ,  Loss/l1: 0.01860  ,  Loss/location: 0.39079  ,  pro_loss: 0.13850  ,  IoU: 0.78319  ,  Loss/sim: 1.58757  ,  Loss/distill: 4.43413
[train: Epoch 1, 550 / 2500] FPS: 6.6 (14.5)  ,  DataTime: 0.609 (0.002)  ,  ForwardTime: 0.302  ,  TotalTime: 0.913  ,  Loss/total: 0.96796  ,  Loss/giou: 0.23456  ,  Loss/l1: 0.01819  ,  Loss/location: 0.37884  ,  pro_loss: 0.13917  ,  IoU: 0.78479  ,  Loss/sim: 1.58792  ,  Loss/distill: 4.38607
[train: Epoch 1, 600 / 2500] FPS: 6.7 (8.9)  ,  DataTime: 0.593 (0.002)  ,  ForwardTime: 0.294  ,  TotalTime: 0.890  ,  Loss/total: 0.95768  ,  Loss/giou: 0.23372  ,  Loss/l1: 0.01802  ,  Loss/location: 0.37124  ,  pro_loss: 0.13868  ,  IoU: 0.78553  ,  Loss/sim: 1.58642  ,  Loss/distill: 4.34397
[train: Epoch 1, 650 / 2500] FPS: 6.8 (9.0)  ,  DataTime: 0.588 (0.002)  ,  ForwardTime: 0.288  ,  TotalTime: 0.878  ,  Loss/total: 0.94366  ,  Loss/giou: 0.23225  ,  Loss/l1: 0.01778  ,  Loss/location: 0.36129  ,  pro_loss: 0.13891  ,  IoU: 0.78691  ,  Loss/sim: 1.59104  ,  Loss/distill: 4.30271
[train: Epoch 1, 700 / 2500] FPS: 7.0 (8.1)  ,  DataTime: 0.578 (0.002)  ,  ForwardTime: 0.282  ,  TotalTime: 0.862  ,  Loss/total: 0.93171  ,  Loss/giou: 0.23101  ,  Loss/l1: 0.01762  ,  Loss/location: 0.35249  ,  pro_loss: 0.13968  ,  IoU: 0.78803  ,  Loss/sim: 1.59516  ,  Loss/distill: 4.26486
[train: Epoch 1, 750 / 2500] FPS: 6.9 (2.9)  ,  DataTime: 0.586 (0.002)  ,  ForwardTime: 0.278  ,  TotalTime: 0.866  ,  Loss/total: 0.92784  ,  Loss/giou: 0.23137  ,  Loss/l1: 0.01763  ,  Loss/location: 0.34774  ,  pro_loss: 0.14024  ,  IoU: 0.78801  ,  Loss/sim: 1.59554  ,  Loss/distill: 4.22880
[train: Epoch 1, 800 / 2500] FPS: 6.8 (14.7)  ,  DataTime: 0.612 (0.002)  ,  ForwardTime: 0.273  ,  TotalTime: 0.887  ,  Loss/total: 0.91958  ,  Loss/giou: 0.23028  ,  Loss/l1: 0.01749  ,  Loss/location: 0.34221  ,  pro_loss: 0.14097  ,  IoU: 0.78902  ,  Loss/sim: 1.59695  ,  Loss/distill: 4.19368
[train: Epoch 1, 850 / 2500] FPS: 6.9 (8.6)  ,  DataTime: 0.600 (0.002)  ,  ForwardTime: 0.270  ,  TotalTime: 0.871  ,  Loss/total: 0.91201  ,  Loss/giou: 0.22936  ,  Loss/l1: 0.01733  ,  Loss/location: 0.33727  ,  pro_loss: 0.14111  ,  IoU: 0.78975  ,  Loss/sim: 1.59854  ,  Loss/distill: 4.16256
[train: Epoch 1, 900 / 2500] FPS: 7.0 (9.5)  ,  DataTime: 0.590 (0.002)  ,  ForwardTime: 0.266  ,  TotalTime: 0.858  ,  Loss/total: 0.90784  ,  Loss/giou: 0.22902  ,  Loss/l1: 0.01735  ,  Loss/location: 0.33361  ,  pro_loss: 0.14147  ,  IoU: 0.79024  ,  Loss/sim: 1.59975  ,  Loss/distill: 4.13294
[train: Epoch 1, 950 / 2500] FPS: 7.1 (9.4)  ,  DataTime: 0.580 (0.002)  ,  ForwardTime: 0.263  ,  TotalTime: 0.846  ,  Loss/total: 0.90219  ,  Loss/giou: 0.22810  ,  Loss/l1: 0.01729  ,  Loss/location: 0.33004  ,  pro_loss: 0.14167  ,  IoU: 0.79121  ,  Loss/sim: 1.59910  ,  Loss/distill: 4.10273
[train: Epoch 1, 1000 / 2500] FPS: 7.2 (9.5)  ,  DataTime: 0.573 (0.002)  ,  ForwardTime: 0.261  ,  TotalTime: 0.836  ,  Loss/total: 0.89443  ,  Loss/giou: 0.22663  ,  Loss/l1: 0.01714  ,  Loss/location: 0.32600  ,  pro_loss: 0.14179  ,  IoU: 0.79253  ,  Loss/sim: 1.59848  ,  Loss/distill: 4.07388
[train: Epoch 1, 1050 / 2500] FPS: 7.2 (9.0)  ,  DataTime: 0.569 (0.002)  ,  ForwardTime: 0.258  ,  TotalTime: 0.829  ,  Loss/total: 0.88932  ,  Loss/giou: 0.22595  ,  Loss/l1: 0.01707  ,  Loss/location: 0.32257  ,  pro_loss: 0.14196  ,  IoU: 0.79308  ,  Loss/sim: 1.59589  ,  Loss/distill: 4.04388
[train: Epoch 1, 1100 / 2500] FPS: 7.3 (8.3)  ,  DataTime: 0.563 (0.002)  ,  ForwardTime: 0.256  ,  TotalTime: 0.822  ,  Loss/total: 0.88166  ,  Loss/giou: 0.22438  ,  Loss/l1: 0.01687  ,  Loss/location: 0.31905  ,  pro_loss: 0.14178  ,  IoU: 0.79430  ,  Loss/sim: 1.59298  ,  Loss/distill: 4.01609
[train: Epoch 1, 1150 / 2500] FPS: 7.4 (10.3)  ,  DataTime: 0.556 (0.002)  ,  ForwardTime: 0.254  ,  TotalTime: 0.812  ,  Loss/total: 0.87629  ,  Loss/giou: 0.22351  ,  Loss/l1: 0.01681  ,  Loss/location: 0.31568  ,  pro_loss: 0.14197  ,  IoU: 0.79514  ,  Loss/sim: 1.59271  ,  Loss/distill: 3.98981
[train: Epoch 1, 1200 / 2500] FPS: 7.5 (7.8)  ,  DataTime: 0.551 (0.002)  ,  ForwardTime: 0.252  ,  TotalTime: 0.805  ,  Loss/total: 0.87169  ,  Loss/giou: 0.22288  ,  Loss/l1: 0.01671  ,  Loss/location: 0.31290  ,  pro_loss: 0.14175  ,  IoU: 0.79569  ,  Loss/sim: 1.59225  ,  Loss/distill: 3.96564
[train: Epoch 1, 1250 / 2500] FPS: 7.5 (8.4)  ,  DataTime: 0.546 (0.002)  ,  ForwardTime: 0.250  ,  TotalTime: 0.799  ,  Loss/total: 0.86718  ,  Loss/giou: 0.22208  ,  Loss/l1: 0.01658  ,  Loss/location: 0.31066  ,  pro_loss: 0.14162  ,  IoU: 0.79629  ,  Loss/sim: 1.59341  ,  Loss/distill: 3.94217
[train: Epoch 1, 1300 / 2500] FPS: 7.6 (7.6)  ,  DataTime: 0.542 (0.002)  ,  ForwardTime: 0.249  ,  TotalTime: 0.793  ,  Loss/total: 0.86192  ,  Loss/giou: 0.22096  ,  Loss/l1: 0.01646  ,  Loss/location: 0.30830  ,  pro_loss: 0.14140  ,  IoU: 0.79723  ,  Loss/sim: 1.59094  ,  Loss/distill: 3.91934
[train: Epoch 1, 1350 / 2500] FPS: 7.6 (7.3)  ,  DataTime: 0.540 (0.002)  ,  ForwardTime: 0.247  ,  TotalTime: 0.789  ,  Loss/total: 0.85961  ,  Loss/giou: 0.22064  ,  Loss/l1: 0.01642  ,  Loss/location: 0.30685  ,  pro_loss: 0.14137  ,  IoU: 0.79758  ,  Loss/sim: 1.59000  ,  Loss/distill: 3.89702
[train: Epoch 1, 1400 / 2500] FPS: 7.7 (10.0)  ,  DataTime: 0.536 (0.002)  ,  ForwardTime: 0.246  ,  TotalTime: 0.784  ,  Loss/total: 0.85483  ,  Loss/giou: 0.21962  ,  Loss/l1: 0.01629  ,  Loss/location: 0.30482  ,  pro_loss: 0.14098  ,  IoU: 0.79842  ,  Loss/sim: 1.58967  ,  Loss/distill: 3.87532
[train: Epoch 1, 1450 / 2500] FPS: 7.7 (7.3)  ,  DataTime: 0.536 (0.002)  ,  ForwardTime: 0.245  ,  TotalTime: 0.783  ,  Loss/total: 0.85214  ,  Loss/giou: 0.21939  ,  Loss/l1: 0.01626  ,  Loss/location: 0.30272  ,  pro_loss: 0.14118  ,  IoU: 0.79861  ,  Loss/sim: 1.58908  ,  Loss/distill: 3.85419
[train: Epoch 1, 1500 / 2500] FPS: 7.7 (7.7)  ,  DataTime: 0.533 (0.002)  ,  ForwardTime: 0.244  ,  TotalTime: 0.778  ,  Loss/total: 0.84837  ,  Loss/giou: 0.21885  ,  Loss/l1: 0.01616  ,  Loss/location: 0.30053  ,  pro_loss: 0.14138  ,  IoU: 0.79905  ,  Loss/sim: 1.58933  ,  Loss/distill: 3.83308
[train: Epoch 1, 1550 / 2500] FPS: 7.7 (5.3)  ,  DataTime: 0.530 (0.002)  ,  ForwardTime: 0.243  ,  TotalTime: 0.775  ,  Loss/total: 0.84498  ,  Loss/giou: 0.21826  ,  Loss/l1: 0.01609  ,  Loss/location: 0.29868  ,  pro_loss: 0.14136  ,  IoU: 0.79960  ,  Loss/sim: 1.58781  ,  Loss/distill: 3.81306
[train: Epoch 1, 1600 / 2500] FPS: 7.8 (9.0)  ,  DataTime: 0.527 (0.002)  ,  ForwardTime: 0.242  ,  TotalTime: 0.771  ,  Loss/total: 0.84279  ,  Loss/giou: 0.21794  ,  Loss/l1: 0.01608  ,  Loss/location: 0.29713  ,  pro_loss: 0.14142  ,  IoU: 0.79999  ,  Loss/sim: 1.58722  ,  Loss/distill: 3.79378
[train: Epoch 1, 1650 / 2500] FPS: 7.8 (10.1)  ,  DataTime: 0.524 (0.002)  ,  ForwardTime: 0.241  ,  TotalTime: 0.767  ,  Loss/total: 0.84118  ,  Loss/giou: 0.21789  ,  Loss/l1: 0.01606  ,  Loss/location: 0.29578  ,  pro_loss: 0.14125  ,  IoU: 0.80005  ,  Loss/sim: 1.58647  ,  Loss/distill: 3.77427
[train: Epoch 1, 1700 / 2500] FPS: 7.9 (10.0)  ,  DataTime: 0.521 (0.002)  ,  ForwardTime: 0.240  ,  TotalTime: 0.763  ,  Loss/total: 0.83907  ,  Loss/giou: 0.21750  ,  Loss/l1: 0.01605  ,  Loss/location: 0.29457  ,  pro_loss: 0.14097  ,  IoU: 0.80044  ,  Loss/sim: 1.58610  ,  Loss/distill: 3.75491
[train: Epoch 1, 1750 / 2500] FPS: 7.9 (13.8)  ,  DataTime: 0.519 (0.002)  ,  ForwardTime: 0.239  ,  TotalTime: 0.760  ,  Loss/total: 0.83550  ,  Loss/giou: 0.21675  ,  Loss/l1: 0.01597  ,  Loss/location: 0.29292  ,  pro_loss: 0.14080  ,  IoU: 0.80114  ,  Loss/sim: 1.58483  ,  Loss/distill: 3.73689
[train: Epoch 1, 1800 / 2500] FPS: 7.9 (12.6)  ,  DataTime: 0.516 (0.002)  ,  ForwardTime: 0.238  ,  TotalTime: 0.757  ,  Loss/total: 0.83206  ,  Loss/giou: 0.21605  ,  Loss/l1: 0.01588  ,  Loss/location: 0.29135  ,  pro_loss: 0.14083  ,  IoU: 0.80170  ,  Loss/sim: 1.58495  ,  Loss/distill: 3.71894
[train: Epoch 1, 1850 / 2500] FPS: 8.0 (11.2)  ,  DataTime: 0.515 (0.002)  ,  ForwardTime: 0.237  ,  TotalTime: 0.754  ,  Loss/total: 0.82904  ,  Loss/giou: 0.21553  ,  Loss/l1: 0.01582  ,  Loss/location: 0.28966  ,  pro_loss: 0.14073  ,  IoU: 0.80213  ,  Loss/sim: 1.58469  ,  Loss/distill: 3.70183
[train: Epoch 1, 1900 / 2500] FPS: 8.0 (9.3)  ,  DataTime: 0.514 (0.002)  ,  ForwardTime: 0.237  ,  TotalTime: 0.753  ,  Loss/total: 0.82658  ,  Loss/giou: 0.21511  ,  Loss/l1: 0.01577  ,  Loss/location: 0.28833  ,  pro_loss: 0.14070  ,  IoU: 0.80246  ,  Loss/sim: 1.58302  ,  Loss/distill: 3.68474
[train: Epoch 1, 1950 / 2500] FPS: 8.0 (9.9)  ,  DataTime: 0.512 (0.002)  ,  ForwardTime: 0.236  ,  TotalTime: 0.750  ,  Loss/total: 0.82290  ,  Loss/giou: 0.21433  ,  Loss/l1: 0.01570  ,  Loss/location: 0.28659  ,  pro_loss: 0.14059  ,  IoU: 0.80309  ,  Loss/sim: 1.58201  ,  Loss/distill: 3.66710
[train: Epoch 1, 2000 / 2500] FPS: 8.0 (9.3)  ,  DataTime: 0.509 (0.002)  ,  ForwardTime: 0.235  ,  TotalTime: 0.747  ,  Loss/total: 0.82008  ,  Loss/giou: 0.21377  ,  Loss/l1: 0.01562  ,  Loss/location: 0.28530  ,  pro_loss: 0.14044  ,  IoU: 0.80356  ,  Loss/sim: 1.58096  ,  Loss/distill: 3.65066
[train: Epoch 1, 2050 / 2500] FPS: 8.1 (7.1)  ,  DataTime: 0.508 (0.002)  ,  ForwardTime: 0.235  ,  TotalTime: 0.745  ,  Loss/total: 0.81744  ,  Loss/giou: 0.21325  ,  Loss/l1: 0.01553  ,  Loss/location: 0.28420  ,  pro_loss: 0.14014  ,  IoU: 0.80393  ,  Loss/sim: 1.58081  ,  Loss/distill: 3.63547
[train: Epoch 1, 2100 / 2500] FPS: 8.1 (14.4)  ,  DataTime: 0.506 (0.002)  ,  ForwardTime: 0.234  ,  TotalTime: 0.742  ,  Loss/total: 0.81637  ,  Loss/giou: 0.21299  ,  Loss/l1: 0.01552  ,  Loss/location: 0.28375  ,  pro_loss: 0.14000  ,  IoU: 0.80415  ,  Loss/sim: 1.57916  ,  Loss/distill: 3.61912
[train: Epoch 1, 2150 / 2500] FPS: 8.1 (9.7)  ,  DataTime: 0.504 (0.002)  ,  ForwardTime: 0.233  ,  TotalTime: 0.739  ,  Loss/total: 0.81275  ,  Loss/giou: 0.21230  ,  Loss/l1: 0.01541  ,  Loss/location: 0.28207  ,  pro_loss: 0.13992  ,  IoU: 0.80471  ,  Loss/sim: 1.57764  ,  Loss/distill: 3.60355
[train: Epoch 1, 2200 / 2500] FPS: 8.1 (7.3)  ,  DataTime: 0.502 (0.002)  ,  ForwardTime: 0.233  ,  TotalTime: 0.737  ,  Loss/total: 0.81160  ,  Loss/giou: 0.21203  ,  Loss/l1: 0.01540  ,  Loss/location: 0.28152  ,  pro_loss: 0.13983  ,  IoU: 0.80501  ,  Loss/sim: 1.57597  ,  Loss/distill: 3.58815
[train: Epoch 1, 2250 / 2500] FPS: 8.2 (10.3)  ,  DataTime: 0.500 (0.002)  ,  ForwardTime: 0.232  ,  TotalTime: 0.735  ,  Loss/total: 0.80917  ,  Loss/giou: 0.21146  ,  Loss/l1: 0.01533  ,  Loss/location: 0.28064  ,  pro_loss: 0.13970  ,  IoU: 0.80547  ,  Loss/sim: 1.57361  ,  Loss/distill: 3.57349
[train: Epoch 1, 2300 / 2500] FPS: 8.2 (7.7)  ,  DataTime: 0.500 (0.002)  ,  ForwardTime: 0.232  ,  TotalTime: 0.733  ,  Loss/total: 0.80706  ,  Loss/giou: 0.21102  ,  Loss/l1: 0.01528  ,  Loss/location: 0.27968  ,  pro_loss: 0.13951  ,  IoU: 0.80586  ,  Loss/sim: 1.57159  ,  Loss/distill: 3.55904
[train: Epoch 1, 2350 / 2500] FPS: 8.2 (7.7)  ,  DataTime: 0.498 (0.002)  ,  ForwardTime: 0.231  ,  TotalTime: 0.732  ,  Loss/total: 0.80484  ,  Loss/giou: 0.21054  ,  Loss/l1: 0.01525  ,  Loss/location: 0.27863  ,  pro_loss: 0.13939  ,  IoU: 0.80628  ,  Loss/sim: 1.57013  ,  Loss/distill: 3.54450
[train: Epoch 1, 2400 / 2500] FPS: 8.2 (8.1)  ,  DataTime: 0.497 (0.002)  ,  ForwardTime: 0.231  ,  TotalTime: 0.730  ,  Loss/total: 0.80365  ,  Loss/giou: 0.21027  ,  Loss/l1: 0.01522  ,  Loss/location: 0.27812  ,  pro_loss: 0.13935  ,  IoU: 0.80652  ,  Loss/sim: 1.56916  ,  Loss/distill: 3.53030
[train: Epoch 1, 2450 / 2500] FPS: 8.2 (11.6)  ,  DataTime: 0.496 (0.002)  ,  ForwardTime: 0.231  ,  TotalTime: 0.729  ,  Loss/total: 0.80260  ,  Loss/giou: 0.21015  ,  Loss/l1: 0.01522  ,  Loss/location: 0.27731  ,  pro_loss: 0.13940  ,  IoU: 0.80665  ,  Loss/sim: 1.56805  ,  Loss/distill: 3.51690
[train: Epoch 1, 2500 / 2500] FPS: 8.3 (10.1)  ,  DataTime: 0.495 (0.002)  ,  ForwardTime: 0.230  ,  TotalTime: 0.727  ,  Loss/total: 0.80049  ,  Loss/giou: 0.20963  ,  Loss/l1: 0.01517  ,  Loss/location: 0.27650  ,  pro_loss: 0.13923  ,  IoU: 0.80711  ,  Loss/sim: 1.56738  ,  Loss/distill: 3.50334
[train: Epoch 2, 50 / 2500] FPS: 8.8 (10.9)  ,  DataTime: 0.471 (0.002)  ,  ForwardTime: 0.210  ,  TotalTime: 0.683  ,  Loss/total: 0.76590  ,  Loss/giou: 0.20653  ,  Loss/l1: 0.01466  ,  Loss/location: 0.25292  ,  pro_loss: 0.12861  ,  IoU: 0.81020  ,  Loss/sim: 1.55197  ,  Loss/distill: 2.86969
[train: Epoch 2, 100 / 2500] FPS: 9.0 (8.1)  ,  DataTime: 0.457 (0.002)  ,  ForwardTime: 0.209  ,  TotalTime: 0.668  ,  Loss/total: 0.73666  ,  Loss/giou: 0.19974  ,  Loss/l1: 0.01403  ,  Loss/location: 0.23964  ,  pro_loss: 0.13250  ,  IoU: 0.81616  ,  Loss/sim: 1.53479  ,  Loss/distill: 2.84061
[train: Epoch 2, 150 / 2500] FPS: 9.0 (10.1)  ,  DataTime: 0.454 (0.002)  ,  ForwardTime: 0.210  ,  TotalTime: 0.666  ,  Loss/total: 0.73650  ,  Loss/giou: 0.20003  ,  Loss/l1: 0.01399  ,  Loss/location: 0.23897  ,  pro_loss: 0.13324  ,  IoU: 0.81586  ,  Loss/sim: 1.54431  ,  Loss/distill: 2.83611
[train: Epoch 2, 200 / 2500] FPS: 9.0 (8.7)  ,  DataTime: 0.456 (0.002)  ,  ForwardTime: 0.210  ,  TotalTime: 0.668  ,  Loss/total: 0.72554  ,  Loss/giou: 0.19750  ,  Loss/l1: 0.01370  ,  Loss/location: 0.23429  ,  pro_loss: 0.13444  ,  IoU: 0.81789  ,  Loss/sim: 1.55011  ,  Loss/distill: 2.82771
[train: Epoch 2, 250 / 2500] FPS: 8.6 (9.1)  ,  DataTime: 0.487 (0.002)  ,  ForwardTime: 0.210  ,  TotalTime: 0.698  ,  Loss/total: 0.72115  ,  Loss/giou: 0.19558  ,  Loss/l1: 0.01356  ,  Loss/location: 0.23444  ,  pro_loss: 0.13433  ,  IoU: 0.81927  ,  Loss/sim: 1.53971  ,  Loss/distill: 2.81918
[train: Epoch 2, 300 / 2500] FPS: 8.7 (10.8)  ,  DataTime: 0.476 (0.002)  ,  ForwardTime: 0.210  ,  TotalTime: 0.687  ,  Loss/total: 0.71745  ,  Loss/giou: 0.19391  ,  Loss/l1: 0.01326  ,  Loss/location: 0.23570  ,  pro_loss: 0.13375  ,  IoU: 0.82033  ,  Loss/sim: 1.53615  ,  Loss/distill: 2.80792
[train: Epoch 2, 350 / 2500] FPS: 8.8 (9.1)  ,  DataTime: 0.470 (0.002)  ,  ForwardTime: 0.210  ,  TotalTime: 0.682  ,  Loss/total: 0.72361  ,  Loss/giou: 0.19530  ,  Loss/l1: 0.01356  ,  Loss/location: 0.23777  ,  pro_loss: 0.13286  ,  IoU: 0.81954  ,  Loss/sim: 1.53451  ,  Loss/distill: 2.80083
[train: Epoch 2, 400 / 2500] FPS: 8.8 (11.2)  ,  DataTime: 0.466 (0.002)  ,  ForwardTime: 0.210  ,  TotalTime: 0.678  ,  Loss/total: 0.72411  ,  Loss/giou: 0.19574  ,  Loss/l1: 0.01364  ,  Loss/location: 0.23696  ,  pro_loss: 0.13313  ,  IoU: 0.81937  ,  Loss/sim: 1.52719  ,  Loss/distill: 2.79320
[train: Epoch 2, 450 / 2500] FPS: 8.9 (9.7)  ,  DataTime: 0.460 (0.002)  ,  ForwardTime: 0.210  ,  TotalTime: 0.672  ,  Loss/total: 0.72502  ,  Loss/giou: 0.19563  ,  Loss/l1: 0.01375  ,  Loss/location: 0.23772  ,  pro_loss: 0.13210  ,  IoU: 0.81947  ,  Loss/sim: 1.52457  ,  Loss/distill: 2.78785
[train: Epoch 2, 500 / 2500] FPS: 9.0 (11.0)  ,  DataTime: 0.456 (0.002)  ,  ForwardTime: 0.210  ,  TotalTime: 0.668  ,  Loss/total: 0.73401  ,  Loss/giou: 0.19765  ,  Loss/l1: 0.01405  ,  Loss/location: 0.24116  ,  pro_loss: 0.13211  ,  IoU: 0.81814  ,  Loss/sim: 1.52397  ,  Loss/distill: 2.78630
[train: Epoch 2, 550 / 2500] FPS: 9.0 (10.0)  ,  DataTime: 0.457 (0.002)  ,  ForwardTime: 0.210  ,  TotalTime: 0.669  ,  Loss/total: 0.73463  ,  Loss/giou: 0.19756  ,  Loss/l1: 0.01413  ,  Loss/location: 0.24157  ,  pro_loss: 0.13207  ,  IoU: 0.81834  ,  Loss/sim: 1.52877  ,  Loss/distill: 2.78137
[train: Epoch 2, 600 / 2500] FPS: 9.0 (10.7)  ,  DataTime: 0.454 (0.002)  ,  ForwardTime: 0.211  ,  TotalTime: 0.667  ,  Loss/total: 0.73751  ,  Loss/giou: 0.19869  ,  Loss/l1: 0.01425  ,  Loss/location: 0.24166  ,  pro_loss: 0.13167  ,  IoU: 0.81762  ,  Loss/sim: 1.53120  ,  Loss/distill: 2.77530
[train: Epoch 2, 650 / 2500] FPS: 9.0 (10.0)  ,  DataTime: 0.451 (0.002)  ,  ForwardTime: 0.211  ,  TotalTime: 0.664  ,  Loss/total: 0.73003  ,  Loss/giou: 0.19686  ,  Loss/l1: 0.01407  ,  Loss/location: 0.23872  ,  pro_loss: 0.13197  ,  IoU: 0.81910  ,  Loss/sim: 1.53130  ,  Loss/distill: 2.76981
[train: Epoch 2, 700 / 2500] FPS: 9.0 (8.8)  ,  DataTime: 0.451 (0.002)  ,  ForwardTime: 0.211  ,  TotalTime: 0.664  ,  Loss/total: 0.72488  ,  Loss/giou: 0.19525  ,  Loss/l1: 0.01385  ,  Loss/location: 0.23801  ,  pro_loss: 0.13131  ,  IoU: 0.82031  ,  Loss/sim: 1.53160  ,  Loss/distill: 2.76454
[train: Epoch 2, 750 / 2500] FPS: 9.1 (11.0)  ,  DataTime: 0.448 (0.002)  ,  ForwardTime: 0.211  ,  TotalTime: 0.661  ,  Loss/total: 0.72240  ,  Loss/giou: 0.19456  ,  Loss/l1: 0.01373  ,  Loss/location: 0.23745  ,  pro_loss: 0.13150  ,  IoU: 0.82075  ,  Loss/sim: 1.53172  ,  Loss/distill: 2.76003
[train: Epoch 2, 800 / 2500] FPS: 9.1 (7.4)  ,  DataTime: 0.448 (0.002)  ,  ForwardTime: 0.211  ,  TotalTime: 0.661  ,  Loss/total: 0.71688  ,  Loss/giou: 0.19309  ,  Loss/l1: 0.01354  ,  Loss/location: 0.23587  ,  pro_loss: 0.13120  ,  IoU: 0.82183  ,  Loss/sim: 1.53135  ,  Loss/distill: 2.75483
[train: Epoch 2, 850 / 2500] FPS: 9.1 (10.6)  ,  DataTime: 0.448 (0.002)  ,  ForwardTime: 0.211  ,  TotalTime: 0.661  ,  Loss/total: 0.71896  ,  Loss/giou: 0.19370  ,  Loss/l1: 0.01362  ,  Loss/location: 0.23642  ,  pro_loss: 0.13093  ,  IoU: 0.82134  ,  Loss/sim: 1.53186  ,  Loss/distill: 2.74974
[train: Epoch 2, 900 / 2500] FPS: 9.1 (9.3)  ,  DataTime: 0.445 (0.002)  ,  ForwardTime: 0.211  ,  TotalTime: 0.658  ,  Loss/total: 0.72038  ,  Loss/giou: 0.19419  ,  Loss/l1: 0.01368  ,  Loss/location: 0.23656  ,  pro_loss: 0.13102  ,  IoU: 0.82093  ,  Loss/sim: 1.52963  ,  Loss/distill: 2.74499
[train: Epoch 2, 950 / 2500] FPS: 9.1 (13.5)  ,  DataTime: 0.444 (0.002)  ,  ForwardTime: 0.211  ,  TotalTime: 0.657  ,  Loss/total: 0.72163  ,  Loss/giou: 0.19453  ,  Loss/l1: 0.01371  ,  Loss/location: 0.23700  ,  pro_loss: 0.13072  ,  IoU: 0.82063  ,  Loss/sim: 1.52773  ,  Loss/distill: 2.73880
[train: Epoch 2, 1000 / 2500] FPS: 9.2 (10.8)  ,  DataTime: 0.441 (0.002)  ,  ForwardTime: 0.211  ,  TotalTime: 0.653  ,  Loss/total: 0.71919  ,  Loss/giou: 0.19395  ,  Loss/l1: 0.01368  ,  Loss/location: 0.23596  ,  pro_loss: 0.13044  ,  IoU: 0.82107  ,  Loss/sim: 1.52901  ,  Loss/distill: 2.73527
[train: Epoch 2, 1050 / 2500] FPS: 9.2 (9.5)  ,  DataTime: 0.442 (0.002)  ,  ForwardTime: 0.210  ,  TotalTime: 0.654  ,  Loss/total: 0.72106  ,  Loss/giou: 0.19428  ,  Loss/l1: 0.01371  ,  Loss/location: 0.23693  ,  pro_loss: 0.13087  ,  IoU: 0.82078  ,  Loss/sim: 1.52734  ,  Loss/distill: 2.72914
[train: Epoch 2, 1100 / 2500] FPS: 9.2 (12.1)  ,  DataTime: 0.442 (0.002)  ,  ForwardTime: 0.210  ,  TotalTime: 0.654  ,  Loss/total: 0.72054  ,  Loss/giou: 0.19413  ,  Loss/l1: 0.01366  ,  Loss/location: 0.23704  ,  pro_loss: 0.13048  ,  IoU: 0.82087  ,  Loss/sim: 1.52827  ,  Loss/distill: 2.72382
[train: Epoch 2, 1150 / 2500] FPS: 9.2 (10.1)  ,  DataTime: 0.441 (0.002)  ,  ForwardTime: 0.210  ,  TotalTime: 0.653  ,  Loss/total: 0.72083  ,  Loss/giou: 0.19408  ,  Loss/l1: 0.01369  ,  Loss/location: 0.23723  ,  pro_loss: 0.13066  ,  IoU: 0.82099  ,  Loss/sim: 1.52678  ,  Loss/distill: 2.71759
[train: Epoch 2, 1200 / 2500] FPS: 9.2 (12.0)  ,  DataTime: 0.439 (0.002)  ,  ForwardTime: 0.210  ,  TotalTime: 0.651  ,  Loss/total: 0.72003  ,  Loss/giou: 0.19403  ,  Loss/l1: 0.01366  ,  Loss/location: 0.23669  ,  pro_loss: 0.13064  ,  IoU: 0.82099  ,  Loss/sim: 1.52620  ,  Loss/distill: 2.71198
[train: Epoch 2, 1250 / 2500] FPS: 9.2 (10.4)  ,  DataTime: 0.439 (0.002)  ,  ForwardTime: 0.210  ,  TotalTime: 0.652  ,  Loss/total: 0.71947  ,  Loss/giou: 0.19382  ,  Loss/l1: 0.01363  ,  Loss/location: 0.23671  ,  pro_loss: 0.13053  ,  IoU: 0.82112  ,  Loss/sim: 1.52534  ,  Loss/distill: 2.70636
[train: Epoch 2, 1300 / 2500] FPS: 9.2 (17.7)  ,  DataTime: 0.438 (0.002)  ,  ForwardTime: 0.210  ,  TotalTime: 0.651  ,  Loss/total: 0.72099  ,  Loss/giou: 0.19427  ,  Loss/l1: 0.01366  ,  Loss/location: 0.23718  ,  pro_loss: 0.13056  ,  IoU: 0.82077  ,  Loss/sim: 1.52525  ,  Loss/distill: 2.70167
[train: Epoch 2, 1350 / 2500] FPS: 9.3 (10.7)  ,  DataTime: 0.436 (0.002)  ,  ForwardTime: 0.210  ,  TotalTime: 0.648  ,  Loss/total: 0.72214  ,  Loss/giou: 0.19459  ,  Loss/l1: 0.01367  ,  Loss/location: 0.23771  ,  pro_loss: 0.13037  ,  IoU: 0.82048  ,  Loss/sim: 1.52459  ,  Loss/distill: 2.69719
[train: Epoch 2, 1400 / 2500] FPS: 9.2 (12.2)  ,  DataTime: 0.437 (0.002)  ,  ForwardTime: 0.210  ,  TotalTime: 0.650  ,  Loss/total: 0.71939  ,  Loss/giou: 0.19392  ,  Loss/l1: 0.01358  ,  Loss/location: 0.23668  ,  pro_loss: 0.13064  ,  IoU: 0.82097  ,  Loss/sim: 1.52378  ,  Loss/distill: 2.69164
[train: Epoch 2, 1450 / 2500] FPS: 9.3 (10.5)  ,  DataTime: 0.436 (0.002)  ,  ForwardTime: 0.210  ,  TotalTime: 0.648  ,  Loss/total: 0.71752  ,  Loss/giou: 0.19342  ,  Loss/l1: 0.01352  ,  Loss/location: 0.23614  ,  pro_loss: 0.13049  ,  IoU: 0.82132  ,  Loss/sim: 1.52290  ,  Loss/distill: 2.68591
[train: Epoch 2, 1500 / 2500] FPS: 9.3 (10.4)  ,  DataTime: 0.436 (0.002)  ,  ForwardTime: 0.210  ,  TotalTime: 0.648  ,  Loss/total: 0.71896  ,  Loss/giou: 0.19367  ,  Loss/l1: 0.01353  ,  Loss/location: 0.23697  ,  pro_loss: 0.13062  ,  IoU: 0.82108  ,  Loss/sim: 1.52316  ,  Loss/distill: 2.68099
[train: Epoch 2, 1550 / 2500] FPS: 9.3 (9.9)  ,  DataTime: 0.435 (0.002)  ,  ForwardTime: 0.210  ,  TotalTime: 0.647  ,  Loss/total: 0.71901  ,  Loss/giou: 0.19370  ,  Loss/l1: 0.01355  ,  Loss/location: 0.23691  ,  pro_loss: 0.13063  ,  IoU: 0.82110  ,  Loss/sim: 1.52184  ,  Loss/distill: 2.67561
[train: Epoch 2, 1600 / 2500] FPS: 9.3 (11.9)  ,  DataTime: 0.434 (0.002)  ,  ForwardTime: 0.210  ,  TotalTime: 0.646  ,  Loss/total: 0.71875  ,  Loss/giou: 0.19366  ,  Loss/l1: 0.01353  ,  Loss/location: 0.23680  ,  pro_loss: 0.13068  ,  IoU: 0.82110  ,  Loss/sim: 1.52332  ,  Loss/distill: 2.67161
[train: Epoch 2, 1650 / 2500] FPS: 9.3 (11.0)  ,  DataTime: 0.433 (0.002)  ,  ForwardTime: 0.210  ,  TotalTime: 0.645  ,  Loss/total: 0.71879  ,  Loss/giou: 0.19370  ,  Loss/l1: 0.01354  ,  Loss/location: 0.23664  ,  pro_loss: 0.13091  ,  IoU: 0.82111  ,  Loss/sim: 1.52273  ,  Loss/distill: 2.66706
[train: Epoch 2, 1700 / 2500] FPS: 9.3 (15.7)  ,  DataTime: 0.436 (0.002)  ,  ForwardTime: 0.210  ,  TotalTime: 0.648  ,  Loss/total: 0.71725  ,  Loss/giou: 0.19325  ,  Loss/l1: 0.01348  ,  Loss/location: 0.23625  ,  pro_loss: 0.13114  ,  IoU: 0.82142  ,  Loss/sim: 1.52427  ,  Loss/distill: 2.66269
[train: Epoch 2, 1750 / 2500] FPS: 9.3 (9.5)  ,  DataTime: 0.435 (0.002)  ,  ForwardTime: 0.210  ,  TotalTime: 0.647  ,  Loss/total: 0.71746  ,  Loss/giou: 0.19319  ,  Loss/l1: 0.01349  ,  Loss/location: 0.23654  ,  pro_loss: 0.13124  ,  IoU: 0.82149  ,  Loss/sim: 1.52467  ,  Loss/distill: 2.65840
[train: Epoch 2, 1800 / 2500] FPS: 9.3 (12.6)  ,  DataTime: 0.436 (0.002)  ,  ForwardTime: 0.210  ,  TotalTime: 0.648  ,  Loss/total: 0.71819  ,  Loss/giou: 0.19330  ,  Loss/l1: 0.01350  ,  Loss/location: 0.23694  ,  pro_loss: 0.13164  ,  IoU: 0.82141  ,  Loss/sim: 1.52460  ,  Loss/distill: 2.65409
[train: Epoch 2, 1850 / 2500] FPS: 9.3 (8.2)  ,  DataTime: 0.436 (0.002)  ,  ForwardTime: 0.210  ,  TotalTime: 0.648  ,  Loss/total: 0.71791  ,  Loss/giou: 0.19308  ,  Loss/l1: 0.01347  ,  Loss/location: 0.23717  ,  pro_loss: 0.13183  ,  IoU: 0.82159  ,  Loss/sim: 1.52403  ,  Loss/distill: 2.64951
[train: Epoch 2, 1900 / 2500] FPS: 9.3 (8.4)  ,  DataTime: 0.436 (0.002)  ,  ForwardTime: 0.210  ,  TotalTime: 0.648  ,  Loss/total: 0.71740  ,  Loss/giou: 0.19300  ,  Loss/l1: 0.01346  ,  Loss/location: 0.23688  ,  pro_loss: 0.13184  ,  IoU: 0.82162  ,  Loss/sim: 1.52253  ,  Loss/distill: 2.64459
[train: Epoch 2, 1950 / 2500] FPS: 9.3 (8.9)  ,  DataTime: 0.435 (0.002)  ,  ForwardTime: 0.210  ,  TotalTime: 0.647  ,  Loss/total: 0.71746  ,  Loss/giou: 0.19298  ,  Loss/l1: 0.01348  ,  Loss/location: 0.23693  ,  pro_loss: 0.13178  ,  IoU: 0.82164  ,  Loss/sim: 1.52113  ,  Loss/distill: 2.64057
[train: Epoch 2, 2000 / 2500] FPS: 9.3 (11.8)  ,  DataTime: 0.434 (0.002)  ,  ForwardTime: 0.210  ,  TotalTime: 0.646  ,  Loss/total: 0.71580  ,  Loss/giou: 0.19256  ,  Loss/l1: 0.01343  ,  Loss/location: 0.23631  ,  pro_loss: 0.13190  ,  IoU: 0.82198  ,  Loss/sim: 1.52074  ,  Loss/distill: 2.63570
[train: Epoch 2, 2050 / 2500] FPS: 9.3 (11.6)  ,  DataTime: 0.434 (0.002)  ,  ForwardTime: 0.210  ,  TotalTime: 0.646  ,  Loss/total: 0.71639  ,  Loss/giou: 0.19273  ,  Loss/l1: 0.01345  ,  Loss/location: 0.23646  ,  pro_loss: 0.13180  ,  IoU: 0.82184  ,  Loss/sim: 1.52038  ,  Loss/distill: 2.63101
[train: Epoch 2, 2100 / 2500] FPS: 9.3 (11.3)  ,  DataTime: 0.433 (0.002)  ,  ForwardTime: 0.210  ,  TotalTime: 0.646  ,  Loss/total: 0.71599  ,  Loss/giou: 0.19266  ,  Loss/l1: 0.01344  ,  Loss/location: 0.23628  ,  pro_loss: 0.13184  ,  IoU: 0.82190  ,  Loss/sim: 1.52071  ,  Loss/distill: 2.62641
[train: Epoch 2, 2150 / 2500] FPS: 9.3 (10.1)  ,  DataTime: 0.433 (0.002)  ,  ForwardTime: 0.210  ,  TotalTime: 0.645  ,  Loss/total: 0.71580  ,  Loss/giou: 0.19264  ,  Loss/l1: 0.01346  ,  Loss/location: 0.23605  ,  pro_loss: 0.13174  ,  IoU: 0.82197  ,  Loss/sim: 1.51993  ,  Loss/distill: 2.62193
[train: Epoch 2, 2200 / 2500] FPS: 9.3 (13.9)  ,  DataTime: 0.434 (0.002)  ,  ForwardTime: 0.210  ,  TotalTime: 0.646  ,  Loss/total: 0.71410  ,  Loss/giou: 0.19219  ,  Loss/l1: 0.01342  ,  Loss/location: 0.23546  ,  pro_loss: 0.13177  ,  IoU: 0.82234  ,  Loss/sim: 1.51990  ,  Loss/distill: 2.61732
[train: Epoch 2, 2250 / 2500] FPS: 9.3 (11.1)  ,  DataTime: 0.433 (0.002)  ,  ForwardTime: 0.210  ,  TotalTime: 0.645  ,  Loss/total: 0.71370  ,  Loss/giou: 0.19218  ,  Loss/l1: 0.01339  ,  Loss/location: 0.23516  ,  pro_loss: 0.13191  ,  IoU: 0.82235  ,  Loss/sim: 1.52032  ,  Loss/distill: 2.61336
[train: Epoch 2, 2300 / 2500] FPS: 9.3 (8.5)  ,  DataTime: 0.433 (0.002)  ,  ForwardTime: 0.210  ,  TotalTime: 0.645  ,  Loss/total: 0.71317  ,  Loss/giou: 0.19204  ,  Loss/l1: 0.01338  ,  Loss/location: 0.23500  ,  pro_loss: 0.13191  ,  IoU: 0.82245  ,  Loss/sim: 1.51984  ,  Loss/distill: 2.60893
[train: Epoch 2, 2350 / 2500] FPS: 9.3 (12.3)  ,  DataTime: 0.432 (0.002)  ,  ForwardTime: 0.210  ,  TotalTime: 0.644  ,  Loss/total: 0.71180  ,  Loss/giou: 0.19171  ,  Loss/l1: 0.01335  ,  Loss/location: 0.23442  ,  pro_loss: 0.13205  ,  IoU: 0.82272  ,  Loss/sim: 1.51985  ,  Loss/distill: 2.60466
[train: Epoch 2, 2400 / 2500] FPS: 9.3 (11.6)  ,  DataTime: 0.432 (0.002)  ,  ForwardTime: 0.210  ,  TotalTime: 0.644  ,  Loss/total: 0.71284  ,  Loss/giou: 0.19187  ,  Loss/l1: 0.01338  ,  Loss/location: 0.23496  ,  pro_loss: 0.13205  ,  IoU: 0.82264  ,  Loss/sim: 1.51928  ,  Loss/distill: 2.60033
[train: Epoch 2, 2450 / 2500] FPS: 9.3 (6.4)  ,  DataTime: 0.432 (0.002)  ,  ForwardTime: 0.210  ,  TotalTime: 0.644  ,  Loss/total: 0.71223  ,  Loss/giou: 0.19177  ,  Loss/l1: 0.01336  ,  Loss/location: 0.23466  ,  pro_loss: 0.13199  ,  IoU: 0.82270  ,  Loss/sim: 1.51807  ,  Loss/distill: 2.59574
[train: Epoch 2, 2500 / 2500] FPS: 9.3 (11.1)  ,  DataTime: 0.432 (0.002)  ,  ForwardTime: 0.210  ,  TotalTime: 0.644  ,  Loss/total: 0.71237  ,  Loss/giou: 0.19172  ,  Loss/l1: 0.01337  ,  Loss/location: 0.23487  ,  pro_loss: 0.13197  ,  IoU: 0.82274  ,  Loss/sim: 1.51842  ,  Loss/distill: 2.59178
[train: Epoch 3, 50 / 2500] FPS: 8.9 (12.4)  ,  DataTime: 0.462 (0.002)  ,  ForwardTime: 0.209  ,  TotalTime: 0.673  ,  Loss/total: 0.70498  ,  Loss/giou: 0.19044  ,  Loss/l1: 0.01360  ,  Loss/location: 0.22902  ,  pro_loss: 0.13139  ,  IoU: 0.82553  ,  Loss/sim: 1.52030  ,  Loss/distill: 2.37398
[train: Epoch 3, 100 / 2500] FPS: 9.0 (4.7)  ,  DataTime: 0.456 (0.002)  ,  ForwardTime: 0.210  ,  TotalTime: 0.667  ,  Loss/total: 0.72094  ,  Loss/giou: 0.19195  ,  Loss/l1: 0.01378  ,  Loss/location: 0.24097  ,  pro_loss: 0.13181  ,  IoU: 0.82363  ,  Loss/sim: 1.51171  ,  Loss/distill: 2.37859
[train: Epoch 3, 150 / 2500] FPS: 9.0 (7.4)  ,  DataTime: 0.455 (0.002)  ,  ForwardTime: 0.209  ,  TotalTime: 0.666  ,  Loss/total: 0.72164  ,  Loss/giou: 0.19216  ,  Loss/l1: 0.01350  ,  Loss/location: 0.24292  ,  pro_loss: 0.13065  ,  IoU: 0.82208  ,  Loss/sim: 1.50433  ,  Loss/distill: 2.36689
[train: Epoch 3, 200 / 2500] FPS: 9.1 (10.1)  ,  DataTime: 0.447 (0.002)  ,  ForwardTime: 0.209  ,  TotalTime: 0.659  ,  Loss/total: 0.71564  ,  Loss/giou: 0.19104  ,  Loss/l1: 0.01318  ,  Loss/location: 0.24091  ,  pro_loss: 0.12993  ,  IoU: 0.82253  ,  Loss/sim: 1.49693  ,  Loss/distill: 2.36960
[train: Epoch 3, 250 / 2500] FPS: 9.1 (8.9)  ,  DataTime: 0.447 (0.002)  ,  ForwardTime: 0.209  ,  TotalTime: 0.658  ,  Loss/total: 0.71386  ,  Loss/giou: 0.19193  ,  Loss/l1: 0.01333  ,  Loss/location: 0.23673  ,  pro_loss: 0.12933  ,  IoU: 0.82209  ,  Loss/sim: 1.49960  ,  Loss/distill: 2.36574
[train: Epoch 3, 300 / 2500] FPS: 9.2 (12.0)  ,  DataTime: 0.440 (0.002)  ,  ForwardTime: 0.209  ,  TotalTime: 0.652  ,  Loss/total: 0.71145  ,  Loss/giou: 0.19162  ,  Loss/l1: 0.01342  ,  Loss/location: 0.23437  ,  pro_loss: 0.12977  ,  IoU: 0.82256  ,  Loss/sim: 1.50112  ,  Loss/distill: 2.36413
[train: Epoch 3, 350 / 2500] FPS: 9.3 (10.7)  ,  DataTime: 0.435 (0.002)  ,  ForwardTime: 0.209  ,  TotalTime: 0.647  ,  Loss/total: 0.70929  ,  Loss/giou: 0.19094  ,  Loss/l1: 0.01329  ,  Loss/location: 0.23442  ,  pro_loss: 0.12897  ,  IoU: 0.82287  ,  Loss/sim: 1.49077  ,  Loss/distill: 2.35703
[train: Epoch 3, 400 / 2500] FPS: 9.4 (11.8)  ,  DataTime: 0.430 (0.002)  ,  ForwardTime: 0.209  ,  TotalTime: 0.641  ,  Loss/total: 0.70616  ,  Loss/giou: 0.18966  ,  Loss/l1: 0.01308  ,  Loss/location: 0.23494  ,  pro_loss: 0.12854  ,  IoU: 0.82368  ,  Loss/sim: 1.48933  ,  Loss/distill: 2.35177
[train: Epoch 3, 450 / 2500] FPS: 9.4 (7.2)  ,  DataTime: 0.429 (0.002)  ,  ForwardTime: 0.209  ,  TotalTime: 0.641  ,  Loss/total: 0.70839  ,  Loss/giou: 0.19025  ,  Loss/l1: 0.01314  ,  Loss/location: 0.23559  ,  pro_loss: 0.12923  ,  IoU: 0.82338  ,  Loss/sim: 1.49129  ,  Loss/distill: 2.34858
[train: Epoch 3, 500 / 2500] FPS: 9.4 (13.7)  ,  DataTime: 0.428 (0.002)  ,  ForwardTime: 0.209  ,  TotalTime: 0.639  ,  Loss/total: 0.71080  ,  Loss/giou: 0.19100  ,  Loss/l1: 0.01328  ,  Loss/location: 0.23576  ,  pro_loss: 0.12925  ,  IoU: 0.82279  ,  Loss/sim: 1.48791  ,  Loss/distill: 2.34541
[train: Epoch 3, 550 / 2500] FPS: 9.4 (12.9)  ,  DataTime: 0.429 (0.002)  ,  ForwardTime: 0.209  ,  TotalTime: 0.640  ,  Loss/total: 0.71041  ,  Loss/giou: 0.19093  ,  Loss/l1: 0.01329  ,  Loss/location: 0.23534  ,  pro_loss: 0.13003  ,  IoU: 0.82291  ,  Loss/sim: 1.48415  ,  Loss/distill: 2.34011
[train: Epoch 3, 600 / 2500] FPS: 9.4 (7.8)  ,  DataTime: 0.430 (0.002)  ,  ForwardTime: 0.209  ,  TotalTime: 0.641  ,  Loss/total: 0.70582  ,  Loss/giou: 0.18961  ,  Loss/l1: 0.01316  ,  Loss/location: 0.23401  ,  pro_loss: 0.13025  ,  IoU: 0.82401  ,  Loss/sim: 1.48048  ,  Loss/distill: 2.33426
[train: Epoch 3, 650 / 2500] FPS: 9.4 (9.9)  ,  DataTime: 0.428 (0.002)  ,  ForwardTime: 0.209  ,  TotalTime: 0.639  ,  Loss/total: 0.70208  ,  Loss/giou: 0.18904  ,  Loss/l1: 0.01303  ,  Loss/location: 0.23205  ,  pro_loss: 0.13017  ,  IoU: 0.82437  ,  Loss/sim: 1.47922  ,  Loss/distill: 2.32969
[train: Epoch 3, 700 / 2500] FPS: 9.3 (10.8)  ,  DataTime: 0.434 (0.002)  ,  ForwardTime: 0.209  ,  TotalTime: 0.646  ,  Loss/total: 0.70116  ,  Loss/giou: 0.18890  ,  Loss/l1: 0.01301  ,  Loss/location: 0.23152  ,  pro_loss: 0.13004  ,  IoU: 0.82445  ,  Loss/sim: 1.47693  ,  Loss/distill: 2.32504
[train: Epoch 3, 750 / 2500] FPS: 9.3 (13.2)  ,  DataTime: 0.437 (0.002)  ,  ForwardTime: 0.209  ,  TotalTime: 0.649  ,  Loss/total: 0.70112  ,  Loss/giou: 0.18892  ,  Loss/l1: 0.01301  ,  Loss/location: 0.23146  ,  pro_loss: 0.13013  ,  IoU: 0.82436  ,  Loss/sim: 1.47331  ,  Loss/distill: 2.32236
[train: Epoch 3, 800 / 2500] FPS: 9.3 (7.8)  ,  DataTime: 0.437 (0.002)  ,  ForwardTime: 0.209  ,  TotalTime: 0.648  ,  Loss/total: 0.70408  ,  Loss/giou: 0.18979  ,  Loss/l1: 0.01311  ,  Loss/location: 0.23214  ,  pro_loss: 0.13017  ,  IoU: 0.82365  ,  Loss/sim: 1.47289  ,  Loss/distill: 2.31936
[train: Epoch 3, 850 / 2500] FPS: 9.3 (12.6)  ,  DataTime: 0.434 (0.002)  ,  ForwardTime: 0.209  ,  TotalTime: 0.646  ,  Loss/total: 0.70771  ,  Loss/giou: 0.19064  ,  Loss/l1: 0.01322  ,  Loss/location: 0.23337  ,  pro_loss: 0.13096  ,  IoU: 0.82297  ,  Loss/sim: 1.47378  ,  Loss/distill: 2.31755
[train: Epoch 3, 900 / 2500] FPS: 9.3 (13.4)  ,  DataTime: 0.434 (0.002)  ,  ForwardTime: 0.209  ,  TotalTime: 0.646  ,  Loss/total: 0.70591  ,  Loss/giou: 0.19026  ,  Loss/l1: 0.01316  ,  Loss/location: 0.23266  ,  pro_loss: 0.13091  ,  IoU: 0.82326  ,  Loss/sim: 1.47387  ,  Loss/distill: 2.31529
[train: Epoch 3, 950 / 2500] FPS: 9.3 (10.3)  ,  DataTime: 0.436 (0.002)  ,  ForwardTime: 0.209  ,  TotalTime: 0.647  ,  Loss/total: 0.70795  ,  Loss/giou: 0.19087  ,  Loss/l1: 0.01323  ,  Loss/location: 0.23318  ,  pro_loss: 0.13050  ,  IoU: 0.82277  ,  Loss/sim: 1.47216  ,  Loss/distill: 2.31237
[train: Epoch 3, 1000 / 2500] FPS: 9.3 (10.0)  ,  DataTime: 0.434 (0.002)  ,  ForwardTime: 0.209  ,  TotalTime: 0.646  ,  Loss/total: 0.70623  ,  Loss/giou: 0.19045  ,  Loss/l1: 0.01320  ,  Loss/location: 0.23256  ,  pro_loss: 0.13021  ,  IoU: 0.82312  ,  Loss/sim: 1.46990  ,  Loss/distill: 2.30971
[train: Epoch 3, 1050 / 2500] FPS: 9.3 (10.7)  ,  DataTime: 0.433 (0.002)  ,  ForwardTime: 0.209  ,  TotalTime: 0.644  ,  Loss/total: 0.70485  ,  Loss/giou: 0.19001  ,  Loss/l1: 0.01313  ,  Loss/location: 0.23234  ,  pro_loss: 0.13041  ,  IoU: 0.82348  ,  Loss/sim: 1.46926  ,  Loss/distill: 2.30607
[train: Epoch 3, 1100 / 2500] FPS: 9.3 (13.7)  ,  DataTime: 0.431 (0.002)  ,  ForwardTime: 0.209  ,  TotalTime: 0.642  ,  Loss/total: 0.70338  ,  Loss/giou: 0.18987  ,  Loss/l1: 0.01310  ,  Loss/location: 0.23128  ,  pro_loss: 0.13056  ,  IoU: 0.82364  ,  Loss/sim: 1.46713  ,  Loss/distill: 2.30480
[train: Epoch 3, 1150 / 2500] FPS: 9.4 (10.4)  ,  DataTime: 0.430 (0.002)  ,  ForwardTime: 0.209  ,  TotalTime: 0.641  ,  Loss/total: 0.70333  ,  Loss/giou: 0.18996  ,  Loss/l1: 0.01310  ,  Loss/location: 0.23100  ,  pro_loss: 0.13070  ,  IoU: 0.82358  ,  Loss/sim: 1.46685  ,  Loss/distill: 2.30226
[train: Epoch 3, 1200 / 2500] FPS: 9.3 (13.6)  ,  DataTime: 0.431 (0.002)  ,  ForwardTime: 0.209  ,  TotalTime: 0.642  ,  Loss/total: 0.70068  ,  Loss/giou: 0.18932  ,  Loss/l1: 0.01305  ,  Loss/location: 0.22983  ,  pro_loss: 0.13097  ,  IoU: 0.82418  ,  Loss/sim: 1.46425  ,  Loss/distill: 2.29870
[train: Epoch 3, 1250 / 2500] FPS: 9.4 (10.7)  ,  DataTime: 0.430 (0.002)  ,  ForwardTime: 0.209  ,  TotalTime: 0.642  ,  Loss/total: 0.69758  ,  Loss/giou: 0.18860  ,  Loss/l1: 0.01298  ,  Loss/location: 0.22849  ,  pro_loss: 0.13114  ,  IoU: 0.82474  ,  Loss/sim: 1.46413  ,  Loss/distill: 2.29516
[train: Epoch 3, 1300 / 2500] FPS: 9.4 (14.8)  ,  DataTime: 0.428 (0.002)  ,  ForwardTime: 0.209  ,  TotalTime: 0.640  ,  Loss/total: 0.69770  ,  Loss/giou: 0.18865  ,  Loss/l1: 0.01300  ,  Loss/location: 0.22838  ,  pro_loss: 0.13126  ,  IoU: 0.82481  ,  Loss/sim: 1.46287  ,  Loss/distill: 2.29316
[train: Epoch 3, 1350 / 2500] FPS: 9.4 (10.3)  ,  DataTime: 0.429 (0.002)  ,  ForwardTime: 0.209  ,  TotalTime: 0.640  ,  Loss/total: 0.69941  ,  Loss/giou: 0.18891  ,  Loss/l1: 0.01304  ,  Loss/location: 0.22939  ,  pro_loss: 0.13137  ,  IoU: 0.82468  ,  Loss/sim: 1.46251  ,  Loss/distill: 2.29054
[train: Epoch 3, 1400 / 2500] FPS: 9.4 (9.0)  ,  DataTime: 0.430 (0.002)  ,  ForwardTime: 0.209  ,  TotalTime: 0.642  ,  Loss/total: 0.69910  ,  Loss/giou: 0.18867  ,  Loss/l1: 0.01299  ,  Loss/location: 0.22973  ,  pro_loss: 0.13156  ,  IoU: 0.82482  ,  Loss/sim: 1.46204  ,  Loss/distill: 2.28799
[train: Epoch 3, 1450 / 2500] FPS: 9.3 (11.6)  ,  DataTime: 0.431 (0.002)  ,  ForwardTime: 0.209  ,  TotalTime: 0.642  ,  Loss/total: 0.69805  ,  Loss/giou: 0.18837  ,  Loss/l1: 0.01297  ,  Loss/location: 0.22943  ,  pro_loss: 0.13142  ,  IoU: 0.82505  ,  Loss/sim: 1.46149  ,  Loss/distill: 2.28490
[train: Epoch 3, 1500 / 2500] FPS: 9.4 (10.1)  ,  DataTime: 0.430 (0.002)  ,  ForwardTime: 0.209  ,  TotalTime: 0.641  ,  Loss/total: 0.69716  ,  Loss/giou: 0.18820  ,  Loss/l1: 0.01295  ,  Loss/location: 0.22904  ,  pro_loss: 0.13120  ,  IoU: 0.82521  ,  Loss/sim: 1.46033  ,  Loss/distill: 2.28228
[train: Epoch 3, 1550 / 2500] FPS: 9.4 (5.7)  ,  DataTime: 0.430 (0.002)  ,  ForwardTime: 0.209  ,  TotalTime: 0.641  ,  Loss/total: 0.69811  ,  Loss/giou: 0.18828  ,  Loss/l1: 0.01296  ,  Loss/location: 0.22981  ,  pro_loss: 0.13109  ,  IoU: 0.82517  ,  Loss/sim: 1.45984  ,  Loss/distill: 2.27970
[train: Epoch 3, 1600 / 2500] FPS: 9.4 (6.6)  ,  DataTime: 0.429 (0.002)  ,  ForwardTime: 0.209  ,  TotalTime: 0.641  ,  Loss/total: 0.69748  ,  Loss/giou: 0.18794  ,  Loss/l1: 0.01293  ,  Loss/location: 0.22999  ,  pro_loss: 0.13098  ,  IoU: 0.82548  ,  Loss/sim: 1.45907  ,  Loss/distill: 2.27699
[train: Epoch 3, 1650 / 2500] FPS: 9.4 (11.7)  ,  DataTime: 0.429 (0.002)  ,  ForwardTime: 0.209  ,  TotalTime: 0.640  ,  Loss/total: 0.69636  ,  Loss/giou: 0.18766  ,  Loss/l1: 0.01291  ,  Loss/location: 0.22954  ,  pro_loss: 0.13098  ,  IoU: 0.82573  ,  Loss/sim: 1.45833  ,  Loss/distill: 2.27434
[train: Epoch 3, 1700 / 2500] FPS: 9.4 (9.4)  ,  DataTime: 0.427 (0.002)  ,  ForwardTime: 0.209  ,  TotalTime: 0.639  ,  Loss/total: 0.69517  ,  Loss/giou: 0.18749  ,  Loss/l1: 0.01288  ,  Loss/location: 0.22886  ,  pro_loss: 0.13094  ,  IoU: 0.82588  ,  Loss/sim: 1.45703  ,  Loss/distill: 2.27128
[train: Epoch 3, 1750 / 2500] FPS: 9.4 (14.3)  ,  DataTime: 0.427 (0.002)  ,  ForwardTime: 0.209  ,  TotalTime: 0.638  ,  Loss/total: 0.69679  ,  Loss/giou: 0.18788  ,  Loss/l1: 0.01293  ,  Loss/location: 0.22949  ,  pro_loss: 0.13079  ,  IoU: 0.82562  ,  Loss/sim: 1.45775  ,  Loss/distill: 2.26940
[train: Epoch 3, 1800 / 2500] FPS: 9.4 (11.5)  ,  DataTime: 0.426 (0.002)  ,  ForwardTime: 0.209  ,  TotalTime: 0.638  ,  Loss/total: 0.69695  ,  Loss/giou: 0.18795  ,  Loss/l1: 0.01292  ,  Loss/location: 0.22950  ,  pro_loss: 0.13099  ,  IoU: 0.82556  ,  Loss/sim: 1.45757  ,  Loss/distill: 2.26688
[train: Epoch 3, 1850 / 2500] FPS: 9.4 (8.2)  ,  DataTime: 0.426 (0.002)  ,  ForwardTime: 0.209  ,  TotalTime: 0.637  ,  Loss/total: 0.69841  ,  Loss/giou: 0.18817  ,  Loss/l1: 0.01297  ,  Loss/location: 0.23021  ,  pro_loss: 0.13132  ,  IoU: 0.82543  ,  Loss/sim: 1.45652  ,  Loss/distill: 2.26413
[train: Epoch 3, 1900 / 2500] FPS: 9.4 (12.7)  ,  DataTime: 0.425 (0.002)  ,  ForwardTime: 0.209  ,  TotalTime: 0.637  ,  Loss/total: 0.69780  ,  Loss/giou: 0.18799  ,  Loss/l1: 0.01293  ,  Loss/location: 0.23019  ,  pro_loss: 0.13125  ,  IoU: 0.82553  ,  Loss/sim: 1.45522  ,  Loss/distill: 2.26130
[train: Epoch 3, 1950 / 2500] FPS: 9.4 (11.9)  ,  DataTime: 0.424 (0.002)  ,  ForwardTime: 0.209  ,  TotalTime: 0.635  ,  Loss/total: 0.69794  ,  Loss/giou: 0.18807  ,  Loss/l1: 0.01296  ,  Loss/location: 0.22999  ,  pro_loss: 0.13128  ,  IoU: 0.82552  ,  Loss/sim: 1.45451  ,  Loss/distill: 2.25908
[train: Epoch 3, 2000 / 2500] FPS: 9.5 (11.7)  ,  DataTime: 0.423 (0.002)  ,  ForwardTime: 0.209  ,  TotalTime: 0.634  ,  Loss/total: 0.69800  ,  Loss/giou: 0.18798  ,  Loss/l1: 0.01300  ,  Loss/location: 0.23009  ,  pro_loss: 0.13119  ,  IoU: 0.82566  ,  Loss/sim: 1.45356  ,  Loss/distill: 2.25643
[train: Epoch 3, 2050 / 2500] FPS: 9.5 (11.7)  ,  DataTime: 0.422 (0.002)  ,  ForwardTime: 0.209  ,  TotalTime: 0.633  ,  Loss/total: 0.69620  ,  Loss/giou: 0.18756  ,  Loss/l1: 0.01294  ,  Loss/location: 0.22942  ,  pro_loss: 0.13110  ,  IoU: 0.82596  ,  Loss/sim: 1.45269  ,  Loss/distill: 2.25408
[train: Epoch 3, 2100 / 2500] FPS: 9.5 (12.5)  ,  DataTime: 0.422 (0.002)  ,  ForwardTime: 0.209  ,  TotalTime: 0.633  ,  Loss/total: 0.69566  ,  Loss/giou: 0.18754  ,  Loss/l1: 0.01292  ,  Loss/location: 0.22902  ,  pro_loss: 0.13113  ,  IoU: 0.82599  ,  Loss/sim: 1.45225  ,  Loss/distill: 2.25274
[train: Epoch 3, 2150 / 2500] FPS: 9.5 (11.7)  ,  DataTime: 0.421 (0.002)  ,  ForwardTime: 0.209  ,  TotalTime: 0.633  ,  Loss/total: 0.69351  ,  Loss/giou: 0.18699  ,  Loss/l1: 0.01285  ,  Loss/location: 0.22824  ,  pro_loss: 0.13149  ,  IoU: 0.82643  ,  Loss/sim: 1.45114  ,  Loss/distill: 2.25001
[train: Epoch 3, 2200 / 2500] FPS: 9.5 (10.7)  ,  DataTime: 0.421 (0.002)  ,  ForwardTime: 0.209  ,  TotalTime: 0.632  ,  Loss/total: 0.69256  ,  Loss/giou: 0.18685  ,  Loss/l1: 0.01282  ,  Loss/location: 0.22775  ,  pro_loss: 0.13143  ,  IoU: 0.82654  ,  Loss/sim: 1.45045  ,  Loss/distill: 2.24801
[train: Epoch 3, 2250 / 2500] FPS: 9.5 (9.8)  ,  DataTime: 0.420 (0.002)  ,  ForwardTime: 0.209  ,  TotalTime: 0.631  ,  Loss/total: 0.69232  ,  Loss/giou: 0.18682  ,  Loss/l1: 0.01281  ,  Loss/location: 0.22761  ,  pro_loss: 0.13137  ,  IoU: 0.82658  ,  Loss/sim: 1.44999  ,  Loss/distill: 2.24571
[train: Epoch 3, 2300 / 2500] FPS: 9.5 (10.6)  ,  DataTime: 0.420 (0.002)  ,  ForwardTime: 0.209  ,  TotalTime: 0.631  ,  Loss/total: 0.69224  ,  Loss/giou: 0.18674  ,  Loss/l1: 0.01279  ,  Loss/location: 0.22781  ,  pro_loss: 0.13143  ,  IoU: 0.82663  ,  Loss/sim: 1.45017  ,  Loss/distill: 2.24364
[train: Epoch 3, 2350 / 2500] FPS: 9.5 (11.4)  ,  DataTime: 0.420 (0.002)  ,  ForwardTime: 0.209  ,  TotalTime: 0.631  ,  Loss/total: 0.69201  ,  Loss/giou: 0.18680  ,  Loss/l1: 0.01279  ,  Loss/location: 0.22746  ,  pro_loss: 0.13142  ,  IoU: 0.82659  ,  Loss/sim: 1.44942  ,  Loss/distill: 2.24090
[train: Epoch 3, 2400 / 2500] FPS: 9.5 (10.2)  ,  DataTime: 0.423 (0.002)  ,  ForwardTime: 0.209  ,  TotalTime: 0.634  ,  Loss/total: 0.69118  ,  Loss/giou: 0.18664  ,  Loss/l1: 0.01278  ,  Loss/location: 0.22700  ,  pro_loss: 0.13145  ,  IoU: 0.82675  ,  Loss/sim: 1.44920  ,  Loss/distill: 2.23820
[train: Epoch 3, 2450 / 2500] FPS: 9.5 (4.5)  ,  DataTime: 0.423 (0.002)  ,  ForwardTime: 0.209  ,  TotalTime: 0.634  ,  Loss/total: 0.69201  ,  Loss/giou: 0.18693  ,  Loss/l1: 0.01282  ,  Loss/location: 0.22705  ,  pro_loss: 0.13134  ,  IoU: 0.82657  ,  Loss/sim: 1.44859  ,  Loss/distill: 2.23618
[train: Epoch 3, 2500 / 2500] FPS: 9.5 (12.2)  ,  DataTime: 0.422 (0.002)  ,  ForwardTime: 0.209  ,  TotalTime: 0.633  ,  Loss/total: 0.69233  ,  Loss/giou: 0.18710  ,  Loss/l1: 0.01285  ,  Loss/location: 0.22691  ,  pro_loss: 0.13120  ,  IoU: 0.82646  ,  Loss/sim: 1.44906  ,  Loss/distill: 2.23446
[train: Epoch 4, 50 / 2500] FPS: 9.5 (8.2)  ,  DataTime: 0.418 (0.002)  ,  ForwardTime: 0.209  ,  TotalTime: 0.629  ,  Loss/total: 0.74038  ,  Loss/giou: 0.19945  ,  Loss/l1: 0.01409  ,  Loss/location: 0.24632  ,  pro_loss: 0.12000  ,  IoU: 0.81588  ,  Loss/sim: 1.42093  ,  Loss/distill: 2.12922
[train: Epoch 4, 100 / 2500] FPS: 9.6 (14.0)  ,  DataTime: 0.414 (0.002)  ,  ForwardTime: 0.209  ,  TotalTime: 0.626  ,  Loss/total: 0.72054  ,  Loss/giou: 0.19625  ,  Loss/l1: 0.01345  ,  Loss/location: 0.23588  ,  pro_loss: 0.12083  ,  IoU: 0.81820  ,  Loss/sim: 1.43755  ,  Loss/distill: 2.13990
[train: Epoch 4, 150 / 2500] FPS: 9.8 (6.6)  ,  DataTime: 0.399 (0.002)  ,  ForwardTime: 0.209  ,  TotalTime: 0.610  ,  Loss/total: 0.69518  ,  Loss/giou: 0.18855  ,  Loss/l1: 0.01290  ,  Loss/location: 0.22818  ,  pro_loss: 0.12324  ,  IoU: 0.82514  ,  Loss/sim: 1.44039  ,  Loss/distill: 2.13560
[train: Epoch 4, 200 / 2500] FPS: 9.8 (6.9)  ,  DataTime: 0.402 (0.002)  ,  ForwardTime: 0.209  ,  TotalTime: 0.614  ,  Loss/total: 0.70797  ,  Loss/giou: 0.19233  ,  Loss/l1: 0.01313  ,  Loss/location: 0.23204  ,  pro_loss: 0.12465  ,  IoU: 0.82231  ,  Loss/sim: 1.44055  ,  Loss/distill: 2.12893
[train: Epoch 4, 250 / 2500] FPS: 9.6 (3.3)  ,  DataTime: 0.411 (0.002)  ,  ForwardTime: 0.209  ,  TotalTime: 0.623  ,  Loss/total: 0.70522  ,  Loss/giou: 0.19076  ,  Loss/l1: 0.01315  ,  Loss/location: 0.23195  ,  pro_loss: 0.12639  ,  IoU: 0.82376  ,  Loss/sim: 1.44424  ,  Loss/distill: 2.13054
[train: Epoch 4, 300 / 2500] FPS: 9.7 (8.8)  ,  DataTime: 0.409 (0.002)  ,  ForwardTime: 0.210  ,  TotalTime: 0.620  ,  Loss/total: 0.70134  ,  Loss/giou: 0.19007  ,  Loss/l1: 0.01304  ,  Loss/location: 0.22993  ,  pro_loss: 0.12667  ,  IoU: 0.82429  ,  Loss/sim: 1.43955  ,  Loss/distill: 2.12503
[train: Epoch 4, 350 / 2500] FPS: 9.6 (10.2)  ,  DataTime: 0.413 (0.002)  ,  ForwardTime: 0.210  ,  TotalTime: 0.625  ,  Loss/total: 0.70041  ,  Loss/giou: 0.18930  ,  Loss/l1: 0.01299  ,  Loss/location: 0.23064  ,  pro_loss: 0.12746  ,  IoU: 0.82485  ,  Loss/sim: 1.43644  ,  Loss/distill: 2.12384
[train: Epoch 4, 400 / 2500] FPS: 9.7 (12.0)  ,  DataTime: 0.409 (0.002)  ,  ForwardTime: 0.209  ,  TotalTime: 0.621  ,  Loss/total: 0.69223  ,  Loss/giou: 0.18698  ,  Loss/l1: 0.01285  ,  Loss/location: 0.22775  ,  pro_loss: 0.12764  ,  IoU: 0.82684  ,  Loss/sim: 1.42823  ,  Loss/distill: 2.11410
[train: Epoch 4, 450 / 2500] FPS: 9.6 (8.8)  ,  DataTime: 0.413 (0.002)  ,  ForwardTime: 0.209  ,  TotalTime: 0.624  ,  Loss/total: 0.69630  ,  Loss/giou: 0.18755  ,  Loss/l1: 0.01308  ,  Loss/location: 0.22950  ,  pro_loss: 0.12812  ,  IoU: 0.82667  ,  Loss/sim: 1.42579  ,  Loss/distill: 2.11340
[train: Epoch 4, 500 / 2500] FPS: 9.6 (9.7)  ,  DataTime: 0.410 (0.002)  ,  ForwardTime: 0.209  ,  TotalTime: 0.622  ,  Loss/total: 0.69524  ,  Loss/giou: 0.18735  ,  Loss/l1: 0.01304  ,  Loss/location: 0.22897  ,  pro_loss: 0.12822  ,  IoU: 0.82678  ,  Loss/sim: 1.42434  ,  Loss/distill: 2.11329
[train: Epoch 4, 550 / 2500] FPS: 9.7 (11.2)  ,  DataTime: 0.408 (0.002)  ,  ForwardTime: 0.209  ,  TotalTime: 0.619  ,  Loss/total: 0.69088  ,  Loss/giou: 0.18601  ,  Loss/l1: 0.01291  ,  Loss/location: 0.22801  ,  pro_loss: 0.12798  ,  IoU: 0.82799  ,  Loss/sim: 1.42282  ,  Loss/distill: 2.10989
[train: Epoch 4, 600 / 2500] FPS: 9.7 (6.3)  ,  DataTime: 0.404 (0.002)  ,  ForwardTime: 0.209  ,  TotalTime: 0.616  ,  Loss/total: 0.68818  ,  Loss/giou: 0.18521  ,  Loss/l1: 0.01282  ,  Loss/location: 0.22729  ,  pro_loss: 0.12833  ,  IoU: 0.82856  ,  Loss/sim: 1.42574  ,  Loss/distill: 2.10815
[train: Epoch 4, 650 / 2500] FPS: 9.6 (9.5)  ,  DataTime: 0.412 (0.002)  ,  ForwardTime: 0.209  ,  TotalTime: 0.623  ,  Loss/total: 0.68820  ,  Loss/giou: 0.18544  ,  Loss/l1: 0.01283  ,  Loss/location: 0.22675  ,  pro_loss: 0.12859  ,  IoU: 0.82848  ,  Loss/sim: 1.42590  ,  Loss/distill: 2.10959
[train: Epoch 4, 700 / 2500] FPS: 9.6 (9.1)  ,  DataTime: 0.410 (0.002)  ,  ForwardTime: 0.209  ,  TotalTime: 0.622  ,  Loss/total: 0.69038  ,  Loss/giou: 0.18586  ,  Loss/l1: 0.01283  ,  Loss/location: 0.22804  ,  pro_loss: 0.12881  ,  IoU: 0.82810  ,  Loss/sim: 1.42716  ,  Loss/distill: 2.10804
[train: Epoch 4, 750 / 2500] FPS: 9.6 (12.9)  ,  DataTime: 0.411 (0.002)  ,  ForwardTime: 0.209  ,  TotalTime: 0.623  ,  Loss/total: 0.69129  ,  Loss/giou: 0.18630  ,  Loss/l1: 0.01282  ,  Loss/location: 0.22802  ,  pro_loss: 0.12919  ,  IoU: 0.82770  ,  Loss/sim: 1.42659  ,  Loss/distill: 2.10568
[train: Epoch 4, 800 / 2500] FPS: 9.6 (13.8)  ,  DataTime: 0.414 (0.002)  ,  ForwardTime: 0.209  ,  TotalTime: 0.625  ,  Loss/total: 0.69247  ,  Loss/giou: 0.18625  ,  Loss/l1: 0.01280  ,  Loss/location: 0.22933  ,  pro_loss: 0.12965  ,  IoU: 0.82758  ,  Loss/sim: 1.42633  ,  Loss/distill: 2.10412
[train: Epoch 4, 850 / 2500] FPS: 9.6 (10.3)  ,  DataTime: 0.412 (0.002)  ,  ForwardTime: 0.209  ,  TotalTime: 0.624  ,  Loss/total: 0.69576  ,  Loss/giou: 0.18721  ,  Loss/l1: 0.01302  ,  Loss/location: 0.22975  ,  pro_loss: 0.12895  ,  IoU: 0.82695  ,  Loss/sim: 1.42713  ,  Loss/distill: 2.10226
[train: Epoch 4, 900 / 2500] FPS: 9.6 (7.6)  ,  DataTime: 0.412 (0.002)  ,  ForwardTime: 0.209  ,  TotalTime: 0.624  ,  Loss/total: 0.69621  ,  Loss/giou: 0.18746  ,  Loss/l1: 0.01301  ,  Loss/location: 0.22980  ,  pro_loss: 0.12869  ,  IoU: 0.82664  ,  Loss/sim: 1.42915  ,  Loss/distill: 2.10174
[train: Epoch 4, 950 / 2500] FPS: 9.6 (11.8)  ,  DataTime: 0.414 (0.002)  ,  ForwardTime: 0.210  ,  TotalTime: 0.626  ,  Loss/total: 0.69615  ,  Loss/giou: 0.18736  ,  Loss/l1: 0.01301  ,  Loss/location: 0.22993  ,  pro_loss: 0.12858  ,  IoU: 0.82668  ,  Loss/sim: 1.42951  ,  Loss/distill: 2.10000
[train: Epoch 4, 1000 / 2500] FPS: 9.6 (11.5)  ,  DataTime: 0.414 (0.002)  ,  ForwardTime: 0.210  ,  TotalTime: 0.626  ,  Loss/total: 0.69560  ,  Loss/giou: 0.18686  ,  Loss/l1: 0.01302  ,  Loss/location: 0.23031  ,  pro_loss: 0.12875  ,  IoU: 0.82710  ,  Loss/sim: 1.42864  ,  Loss/distill: 2.09861
[train: Epoch 4, 1050 / 2500] FPS: 9.6 (10.6)  ,  DataTime: 0.413 (0.002)  ,  ForwardTime: 0.210  ,  TotalTime: 0.625  ,  Loss/total: 0.69233  ,  Loss/giou: 0.18616  ,  Loss/l1: 0.01291  ,  Loss/location: 0.22908  ,  pro_loss: 0.12833  ,  IoU: 0.82760  ,  Loss/sim: 1.42931  ,  Loss/distill: 2.09823
[train: Epoch 4, 1100 / 2500] FPS: 9.5 (10.1)  ,  DataTime: 0.417 (0.002)  ,  ForwardTime: 0.210  ,  TotalTime: 0.629  ,  Loss/total: 0.69267  ,  Loss/giou: 0.18624  ,  Loss/l1: 0.01293  ,  Loss/location: 0.22910  ,  pro_loss: 0.12854  ,  IoU: 0.82758  ,  Loss/sim: 1.42861  ,  Loss/distill: 2.09569
[train: Epoch 4, 1150 / 2500] FPS: 9.6 (11.8)  ,  DataTime: 0.417 (0.002)  ,  ForwardTime: 0.210  ,  TotalTime: 0.628  ,  Loss/total: 0.69165  ,  Loss/giou: 0.18603  ,  Loss/l1: 0.01290  ,  Loss/location: 0.22866  ,  pro_loss: 0.12868  ,  IoU: 0.82777  ,  Loss/sim: 1.42957  ,  Loss/distill: 2.09444
[train: Epoch 4, 1200 / 2500] FPS: 9.5 (11.4)  ,  DataTime: 0.417 (0.002)  ,  ForwardTime: 0.210  ,  TotalTime: 0.628  ,  Loss/total: 0.68904  ,  Loss/giou: 0.18540  ,  Loss/l1: 0.01284  ,  Loss/location: 0.22762  ,  pro_loss: 0.12861  ,  IoU: 0.82829  ,  Loss/sim: 1.42913  ,  Loss/distill: 2.09213
[train: Epoch 4, 1250 / 2500] FPS: 9.4 (12.3)  ,  DataTime: 0.425 (0.002)  ,  ForwardTime: 0.210  ,  TotalTime: 0.636  ,  Loss/total: 0.68655  ,  Loss/giou: 0.18465  ,  Loss/l1: 0.01274  ,  Loss/location: 0.22715  ,  pro_loss: 0.12856  ,  IoU: 0.82885  ,  Loss/sim: 1.43025  ,  Loss/distill: 2.09064
[train: Epoch 4, 1300 / 2500] FPS: 9.4 (9.9)  ,  DataTime: 0.423 (0.002)  ,  ForwardTime: 0.210  ,  TotalTime: 0.635  ,  Loss/total: 0.68752  ,  Loss/giou: 0.18478  ,  Loss/l1: 0.01279  ,  Loss/location: 0.22752  ,  pro_loss: 0.12896  ,  IoU: 0.82878  ,  Loss/sim: 1.43167  ,  Loss/distill: 2.08879
[train: Epoch 4, 1350 / 2500] FPS: 9.5 (8.6)  ,  DataTime: 0.423 (0.002)  ,  ForwardTime: 0.209  ,  TotalTime: 0.635  ,  Loss/total: 0.68731  ,  Loss/giou: 0.18493  ,  Loss/l1: 0.01278  ,  Loss/location: 0.22710  ,  pro_loss: 0.12882  ,  IoU: 0.82862  ,  Loss/sim: 1.43314  ,  Loss/distill: 2.08760
[train: Epoch 4, 1400 / 2500] FPS: 9.5 (9.4)  ,  DataTime: 0.423 (0.002)  ,  ForwardTime: 0.209  ,  TotalTime: 0.634  ,  Loss/total: 0.68750  ,  Loss/giou: 0.18495  ,  Loss/l1: 0.01274  ,  Loss/location: 0.22750  ,  pro_loss: 0.12846  ,  IoU: 0.82852  ,  Loss/sim: 1.43159  ,  Loss/distill: 2.08493
[train: Epoch 4, 1450 / 2500] FPS: 9.5 (11.4)  ,  DataTime: 0.420 (0.002)  ,  ForwardTime: 0.209  ,  TotalTime: 0.632  ,  Loss/total: 0.68931  ,  Loss/giou: 0.18550  ,  Loss/l1: 0.01280  ,  Loss/location: 0.22798  ,  pro_loss: 0.12819  ,  IoU: 0.82811  ,  Loss/sim: 1.43375  ,  Loss/distill: 2.08463
[train: Epoch 4, 1500 / 2500] FPS: 9.5 (6.6)  ,  DataTime: 0.419 (0.002)  ,  ForwardTime: 0.209  ,  TotalTime: 0.631  ,  Loss/total: 0.68876  ,  Loss/giou: 0.18544  ,  Loss/l1: 0.01277  ,  Loss/location: 0.22763  ,  pro_loss: 0.12846  ,  IoU: 0.82814  ,  Loss/sim: 1.43358  ,  Loss/distill: 2.08248
[train: Epoch 4, 1550 / 2500] FPS: 9.5 (8.5)  ,  DataTime: 0.417 (0.002)  ,  ForwardTime: 0.209  ,  TotalTime: 0.629  ,  Loss/total: 0.68793  ,  Loss/giou: 0.18535  ,  Loss/l1: 0.01276  ,  Loss/location: 0.22704  ,  pro_loss: 0.12845  ,  IoU: 0.82822  ,  Loss/sim: 1.43336  ,  Loss/distill: 2.08116
[train: Epoch 4, 1600 / 2500] FPS: 9.5 (11.4)  ,  DataTime: 0.418 (0.002)  ,  ForwardTime: 0.209  ,  TotalTime: 0.629  ,  Loss/total: 0.68810  ,  Loss/giou: 0.18546  ,  Loss/l1: 0.01276  ,  Loss/location: 0.22697  ,  pro_loss: 0.12852  ,  IoU: 0.82810  ,  Loss/sim: 1.43317  ,  Loss/distill: 2.07981
[train: Epoch 4, 1650 / 2500] FPS: 9.5 (10.3)  ,  DataTime: 0.417 (0.002)  ,  ForwardTime: 0.209  ,  TotalTime: 0.629  ,  Loss/total: 0.68699  ,  Loss/giou: 0.18529  ,  Loss/l1: 0.01275  ,  Loss/location: 0.22619  ,  pro_loss: 0.12871  ,  IoU: 0.82826  ,  Loss/sim: 1.43307  ,  Loss/distill: 2.07817
[train: Epoch 4, 1700 / 2500] FPS: 9.5 (11.0)  ,  DataTime: 0.417 (0.002)  ,  ForwardTime: 0.209  ,  TotalTime: 0.629  ,  Loss/total: 0.68617  ,  Loss/giou: 0.18517  ,  Loss/l1: 0.01273  ,  Loss/location: 0.22574  ,  pro_loss: 0.12864  ,  IoU: 0.82837  ,  Loss/sim: 1.43238  ,  Loss/distill: 2.07675
[train: Epoch 4, 1750 / 2500] FPS: 9.6 (7.8)  ,  DataTime: 0.416 (0.002)  ,  ForwardTime: 0.209  ,  TotalTime: 0.628  ,  Loss/total: 0.68615  ,  Loss/giou: 0.18512  ,  Loss/l1: 0.01271  ,  Loss/location: 0.22584  ,  pro_loss: 0.12894  ,  IoU: 0.82841  ,  Loss/sim: 1.43458  ,  Loss/distill: 2.07579
[train: Epoch 4, 1800 / 2500] FPS: 9.6 (7.6)  ,  DataTime: 0.416 (0.002)  ,  ForwardTime: 0.209  ,  TotalTime: 0.628  ,  Loss/total: 0.68652  ,  Loss/giou: 0.18519  ,  Loss/l1: 0.01274  ,  Loss/location: 0.22594  ,  pro_loss: 0.12894  ,  IoU: 0.82839  ,  Loss/sim: 1.43490  ,  Loss/distill: 2.07427
[train: Epoch 4, 1850 / 2500] FPS: 9.6 (5.6)  ,  DataTime: 0.416 (0.002)  ,  ForwardTime: 0.209  ,  TotalTime: 0.627  ,  Loss/total: 0.68601  ,  Loss/giou: 0.18507  ,  Loss/l1: 0.01272  ,  Loss/location: 0.22576  ,  pro_loss: 0.12908  ,  IoU: 0.82846  ,  Loss/sim: 1.43529  ,  Loss/distill: 2.07343
[train: Epoch 4, 1900 / 2500] FPS: 9.6 (14.1)  ,  DataTime: 0.417 (0.002)  ,  ForwardTime: 0.209  ,  TotalTime: 0.628  ,  Loss/total: 0.68494  ,  Loss/giou: 0.18474  ,  Loss/l1: 0.01268  ,  Loss/location: 0.22551  ,  pro_loss: 0.12920  ,  IoU: 0.82873  ,  Loss/sim: 1.43611  ,  Loss/distill: 2.07282
[train: Epoch 4, 1950 / 2500] FPS: 9.5 (6.9)  ,  DataTime: 0.420 (0.002)  ,  ForwardTime: 0.209  ,  TotalTime: 0.631  ,  Loss/total: 0.68493  ,  Loss/giou: 0.18481  ,  Loss/l1: 0.01268  ,  Loss/location: 0.22538  ,  pro_loss: 0.12905  ,  IoU: 0.82865  ,  Loss/sim: 1.43701  ,  Loss/distill: 2.07174
[train: Epoch 4, 2000 / 2500] FPS: 9.5 (13.0)  ,  DataTime: 0.423 (0.002)  ,  ForwardTime: 0.209  ,  TotalTime: 0.635  ,  Loss/total: 0.68576  ,  Loss/giou: 0.18485  ,  Loss/l1: 0.01268  ,  Loss/location: 0.22613  ,  pro_loss: 0.12904  ,  IoU: 0.82861  ,  Loss/sim: 1.43817  ,  Loss/distill: 2.07033
[train: Epoch 4, 2050 / 2500] FPS: 9.5 (13.0)  ,  DataTime: 0.422 (0.002)  ,  ForwardTime: 0.209  ,  TotalTime: 0.633  ,  Loss/total: 0.68583  ,  Loss/giou: 0.18478  ,  Loss/l1: 0.01267  ,  Loss/location: 0.22638  ,  pro_loss: 0.12909  ,  IoU: 0.82863  ,  Loss/sim: 1.43776  ,  Loss/distill: 2.06851
[train: Epoch 4, 2100 / 2500] FPS: 9.5 (9.2)  ,  DataTime: 0.422 (0.002)  ,  ForwardTime: 0.209  ,  TotalTime: 0.634  ,  Loss/total: 0.68664  ,  Loss/giou: 0.18487  ,  Loss/l1: 0.01270  ,  Loss/location: 0.22693  ,  pro_loss: 0.12898  ,  IoU: 0.82857  ,  Loss/sim: 1.43795  ,  Loss/distill: 2.06732
[train: Epoch 4, 2150 / 2500] FPS: 9.4 (12.9)  ,  DataTime: 0.426 (0.002)  ,  ForwardTime: 0.209  ,  TotalTime: 0.637  ,  Loss/total: 0.68642  ,  Loss/giou: 0.18468  ,  Loss/l1: 0.01268  ,  Loss/location: 0.22710  ,  pro_loss: 0.12918  ,  IoU: 0.82879  ,  Loss/sim: 1.43753  ,  Loss/distill: 2.06649
[train: Epoch 4, 2200 / 2500] FPS: 9.4 (9.2)  ,  DataTime: 0.425 (0.002)  ,  ForwardTime: 0.209  ,  TotalTime: 0.637  ,  Loss/total: 0.68586  ,  Loss/giou: 0.18453  ,  Loss/l1: 0.01266  ,  Loss/location: 0.22697  ,  pro_loss: 0.12912  ,  IoU: 0.82889  ,  Loss/sim: 1.43756  ,  Loss/distill: 2.06505
[train: Epoch 4, 2250 / 2500] FPS: 9.4 (12.1)  ,  DataTime: 0.425 (0.002)  ,  ForwardTime: 0.209  ,  TotalTime: 0.636  ,  Loss/total: 0.68663  ,  Loss/giou: 0.18474  ,  Loss/l1: 0.01269  ,  Loss/location: 0.22715  ,  pro_loss: 0.12922  ,  IoU: 0.82872  ,  Loss/sim: 1.43780  ,  Loss/distill: 2.06425
[train: Epoch 4, 2300 / 2500] FPS: 9.4 (8.2)  ,  DataTime: 0.424 (0.002)  ,  ForwardTime: 0.209  ,  TotalTime: 0.635  ,  Loss/total: 0.68634  ,  Loss/giou: 0.18473  ,  Loss/l1: 0.01269  ,  Loss/location: 0.22688  ,  pro_loss: 0.12924  ,  IoU: 0.82872  ,  Loss/sim: 1.43770  ,  Loss/distill: 2.06254
[train: Epoch 4, 2350 / 2500] FPS: 9.5 (11.3)  ,  DataTime: 0.423 (0.002)  ,  ForwardTime: 0.209  ,  TotalTime: 0.634  ,  Loss/total: 0.68529  ,  Loss/giou: 0.18447  ,  Loss/l1: 0.01265  ,  Loss/location: 0.22653  ,  pro_loss: 0.12936  ,  IoU: 0.82890  ,  Loss/sim: 1.43892  ,  Loss/distill: 2.06132
[train: Epoch 4, 2400 / 2500] FPS: 9.5 (9.7)  ,  DataTime: 0.422 (0.002)  ,  ForwardTime: 0.209  ,  TotalTime: 0.634  ,  Loss/total: 0.68510  ,  Loss/giou: 0.18438  ,  Loss/l1: 0.01265  ,  Loss/location: 0.22653  ,  pro_loss: 0.12932  ,  IoU: 0.82899  ,  Loss/sim: 1.43904  ,  Loss/distill: 2.06032
[train: Epoch 4, 2450 / 2500] FPS: 9.5 (8.8)  ,  DataTime: 0.422 (0.002)  ,  ForwardTime: 0.209  ,  TotalTime: 0.633  ,  Loss/total: 0.68435  ,  Loss/giou: 0.18414  ,  Loss/l1: 0.01263  ,  Loss/location: 0.22637  ,  pro_loss: 0.12920  ,  IoU: 0.82918  ,  Loss/sim: 1.43939  ,  Loss/distill: 2.05961
[train: Epoch 4, 2500 / 2500] FPS: 9.5 (11.3)  ,  DataTime: 0.421 (0.002)  ,  ForwardTime: 0.209  ,  TotalTime: 0.633  ,  Loss/total: 0.68315  ,  Loss/giou: 0.18377  ,  Loss/l1: 0.01258  ,  Loss/location: 0.22614  ,  pro_loss: 0.12931  ,  IoU: 0.82946  ,  Loss/sim: 1.43926  ,  Loss/distill: 2.05825
[train: Epoch 5, 50 / 2500] FPS: 9.9 (7.3)  ,  DataTime: 0.398 (0.002)  ,  ForwardTime: 0.209  ,  TotalTime: 0.609  ,  Loss/total: 0.72210  ,  Loss/giou: 0.19322  ,  Loss/l1: 0.01291  ,  Loss/location: 0.24276  ,  pro_loss: 0.13833  ,  IoU: 0.81990  ,  Loss/sim: 1.44989  ,  Loss/distill: 1.99271
[train: Epoch 5, 100 / 2500] FPS: 9.7 (17.0)  ,  DataTime: 0.405 (0.002)  ,  ForwardTime: 0.209  ,  TotalTime: 0.617  ,  Loss/total: 0.70474  ,  Loss/giou: 0.19076  ,  Loss/l1: 0.01298  ,  Loss/location: 0.23130  ,  pro_loss: 0.13167  ,  IoU: 0.82273  ,  Loss/sim: 1.43686  ,  Loss/distill: 1.99199
[train: Epoch 5, 150 / 2500] FPS: 9.8 (8.2)  ,  DataTime: 0.398 (0.002)  ,  ForwardTime: 0.209  ,  TotalTime: 0.609  ,  Loss/total: 0.69214  ,  Loss/giou: 0.18761  ,  Loss/l1: 0.01265  ,  Loss/location: 0.22687  ,  pro_loss: 0.13046  ,  IoU: 0.82523  ,  Loss/sim: 1.42668  ,  Loss/distill: 1.98707
[train: Epoch 5, 200 / 2500] FPS: 9.9 (12.7)  ,  DataTime: 0.395 (0.002)  ,  ForwardTime: 0.209  ,  TotalTime: 0.606  ,  Loss/total: 0.70084  ,  Loss/giou: 0.19255  ,  Loss/l1: 0.01318  ,  Loss/location: 0.22302  ,  pro_loss: 0.13063  ,  IoU: 0.82209  ,  Loss/sim: 1.42390  ,  Loss/distill: 1.98292
[train: Epoch 5, 250 / 2500] FPS: 10.0 (11.8)  ,  DataTime: 0.387 (0.002)  ,  ForwardTime: 0.209  ,  TotalTime: 0.599  ,  Loss/total: 0.70004  ,  Loss/giou: 0.19152  ,  Loss/l1: 0.01327  ,  Loss/location: 0.22377  ,  pro_loss: 0.13083  ,  IoU: 0.82327  ,  Loss/sim: 1.42847  ,  Loss/distill: 1.98538
[train: Epoch 5, 300 / 2500] FPS: 9.9 (11.6)  ,  DataTime: 0.396 (0.002)  ,  ForwardTime: 0.209  ,  TotalTime: 0.607  ,  Loss/total: 0.69801  ,  Loss/giou: 0.19071  ,  Loss/l1: 0.01310  ,  Loss/location: 0.22421  ,  pro_loss: 0.13102  ,  IoU: 0.82379  ,  Loss/sim: 1.43494  ,  Loss/distill: 1.98340
[train: Epoch 5, 350 / 2500] FPS: 9.9 (13.3)  ,  DataTime: 0.395 (0.002)  ,  ForwardTime: 0.209  ,  TotalTime: 0.606  ,  Loss/total: 0.70168  ,  Loss/giou: 0.19087  ,  Loss/l1: 0.01323  ,  Loss/location: 0.22720  ,  pro_loss: 0.12948  ,  IoU: 0.82378  ,  Loss/sim: 1.43558  ,  Loss/distill: 1.98176
[train: Epoch 5, 400 / 2500] FPS: 10.0 (15.4)  ,  DataTime: 0.390 (0.002)  ,  ForwardTime: 0.209  ,  TotalTime: 0.601  ,  Loss/total: 0.69809  ,  Loss/giou: 0.18954  ,  Loss/l1: 0.01321  ,  Loss/location: 0.22645  ,  pro_loss: 0.12917  ,  IoU: 0.82494  ,  Loss/sim: 1.43606  ,  Loss/distill: 1.98137
[train: Epoch 5, 450 / 2500] FPS: 10.0 (9.5)  ,  DataTime: 0.389 (0.002)  ,  ForwardTime: 0.209  ,  TotalTime: 0.600  ,  Loss/total: 0.68980  ,  Loss/giou: 0.18738  ,  Loss/l1: 0.01291  ,  Loss/location: 0.22385  ,  pro_loss: 0.12975  ,  IoU: 0.82658  ,  Loss/sim: 1.43567  ,  Loss/distill: 1.97975
[train: Epoch 5, 500 / 2500] FPS: 10.0 (12.8)  ,  DataTime: 0.389 (0.002)  ,  ForwardTime: 0.209  ,  TotalTime: 0.600  ,  Loss/total: 0.69059  ,  Loss/giou: 0.18702  ,  Loss/l1: 0.01286  ,  Loss/location: 0.22561  ,  pro_loss: 0.12975  ,  IoU: 0.82666  ,  Loss/sim: 1.43803  ,  Loss/distill: 1.98009
[train: Epoch 5, 550 / 2500] FPS: 9.9 (14.7)  ,  DataTime: 0.394 (0.002)  ,  ForwardTime: 0.209  ,  TotalTime: 0.605  ,  Loss/total: 0.68404  ,  Loss/giou: 0.18519  ,  Loss/l1: 0.01267  ,  Loss/location: 0.22357  ,  pro_loss: 0.13023  ,  IoU: 0.82810  ,  Loss/sim: 1.43611  ,  Loss/distill: 1.97942
[train: Epoch 5, 600 / 2500] FPS: 10.0 (12.4)  ,  DataTime: 0.391 (0.002)  ,  ForwardTime: 0.209  ,  TotalTime: 0.603  ,  Loss/total: 0.68139  ,  Loss/giou: 0.18463  ,  Loss/l1: 0.01264  ,  Loss/location: 0.22216  ,  pro_loss: 0.13035  ,  IoU: 0.82864  ,  Loss/sim: 1.43333  ,  Loss/distill: 1.97553
[train: Epoch 5, 650 / 2500] FPS: 9.9 (2.5)  ,  DataTime: 0.395 (0.002)  ,  ForwardTime: 0.209  ,  TotalTime: 0.606  ,  Loss/total: 0.68218  ,  Loss/giou: 0.18458  ,  Loss/l1: 0.01266  ,  Loss/location: 0.22293  ,  pro_loss: 0.13060  ,  IoU: 0.82867  ,  Loss/sim: 1.43665  ,  Loss/distill: 1.97596
[train: Epoch 5, 700 / 2500] FPS: 9.9 (9.7)  ,  DataTime: 0.396 (0.002)  ,  ForwardTime: 0.209  ,  TotalTime: 0.607  ,  Loss/total: 0.68479  ,  Loss/giou: 0.18447  ,  Loss/l1: 0.01275  ,  Loss/location: 0.22516  ,  pro_loss: 0.13115  ,  IoU: 0.82892  ,  Loss/sim: 1.43545  ,  Loss/distill: 1.97421
[train: Epoch 5, 750 / 2500] FPS: 9.9 (10.4)  ,  DataTime: 0.395 (0.002)  ,  ForwardTime: 0.209  ,  TotalTime: 0.606  ,  Loss/total: 0.68430  ,  Loss/giou: 0.18425  ,  Loss/l1: 0.01277  ,  Loss/location: 0.22498  ,  pro_loss: 0.13141  ,  IoU: 0.82928  ,  Loss/sim: 1.43396  ,  Loss/distill: 1.97370
[train: Epoch 5, 800 / 2500] FPS: 9.7 (9.7)  ,  DataTime: 0.407 (0.002)  ,  ForwardTime: 0.209  ,  TotalTime: 0.618  ,  Loss/total: 0.68521  ,  Loss/giou: 0.18433  ,  Loss/l1: 0.01276  ,  Loss/location: 0.22582  ,  pro_loss: 0.13132  ,  IoU: 0.82914  ,  Loss/sim: 1.43848  ,  Loss/distill: 1.97416
[train: Epoch 5, 850 / 2500] FPS: 9.6 (8.1)  ,  DataTime: 0.414 (0.002)  ,  ForwardTime: 0.210  ,  TotalTime: 0.626  ,  Loss/total: 0.68488  ,  Loss/giou: 0.18407  ,  Loss/l1: 0.01269  ,  Loss/location: 0.22645  ,  pro_loss: 0.13085  ,  IoU: 0.82917  ,  Loss/sim: 1.43780  ,  Loss/distill: 1.97356
[train: Epoch 5, 900 / 2500] FPS: 9.6 (13.2)  ,  DataTime: 0.413 (0.002)  ,  ForwardTime: 0.210  ,  TotalTime: 0.626  ,  Loss/total: 0.68352  ,  Loss/giou: 0.18370  ,  Loss/l1: 0.01267  ,  Loss/location: 0.22590  ,  pro_loss: 0.13099  ,  IoU: 0.82945  ,  Loss/sim: 1.43947  ,  Loss/distill: 1.97294
[train: Epoch 5, 950 / 2500] FPS: 9.6 (13.0)  ,  DataTime: 0.413 (0.002)  ,  ForwardTime: 0.210  ,  TotalTime: 0.626  ,  Loss/total: 0.68256  ,  Loss/giou: 0.18362  ,  Loss/l1: 0.01268  ,  Loss/location: 0.22495  ,  pro_loss: 0.13130  ,  IoU: 0.82954  ,  Loss/sim: 1.43997  ,  Loss/distill: 1.97227
[train: Epoch 5, 1000 / 2500] FPS: 9.6 (6.3)  ,  DataTime: 0.414 (0.002)  ,  ForwardTime: 0.210  ,  TotalTime: 0.627  ,  Loss/total: 0.68259  ,  Loss/giou: 0.18397  ,  Loss/l1: 0.01267  ,  Loss/location: 0.22447  ,  pro_loss: 0.13075  ,  IoU: 0.82919  ,  Loss/sim: 1.44190  ,  Loss/distill: 1.97169
[train: Epoch 5, 1050 / 2500] FPS: 9.6 (11.5)  ,  DataTime: 0.414 (0.002)  ,  ForwardTime: 0.210  ,  TotalTime: 0.627  ,  Loss/total: 0.68185  ,  Loss/giou: 0.18379  ,  Loss/l1: 0.01264  ,  Loss/location: 0.22421  ,  pro_loss: 0.13085  ,  IoU: 0.82931  ,  Loss/sim: 1.44098  ,  Loss/distill: 1.97097
[train: Epoch 5, 1100 / 2500] FPS: 9.6 (12.5)  ,  DataTime: 0.413 (0.002)  ,  ForwardTime: 0.210  ,  TotalTime: 0.626  ,  Loss/total: 0.68198  ,  Loss/giou: 0.18384  ,  Loss/l1: 0.01262  ,  Loss/location: 0.22431  ,  pro_loss: 0.13097  ,  IoU: 0.82921  ,  Loss/sim: 1.44514  ,  Loss/distill: 1.97067
[train: Epoch 5, 1150 / 2500] FPS: 9.6 (7.0)  ,  DataTime: 0.415 (0.002)  ,  ForwardTime: 0.210  ,  TotalTime: 0.627  ,  Loss/total: 0.67958  ,  Loss/giou: 0.18313  ,  Loss/l1: 0.01254  ,  Loss/location: 0.22378  ,  pro_loss: 0.13075  ,  IoU: 0.82979  ,  Loss/sim: 1.44440  ,  Loss/distill: 1.97030
[train: Epoch 5, 1200 / 2500] FPS: 9.5 (7.9)  ,  DataTime: 0.421 (0.002)  ,  ForwardTime: 0.210  ,  TotalTime: 0.634  ,  Loss/total: 0.67878  ,  Loss/giou: 0.18296  ,  Loss/l1: 0.01251  ,  Loss/location: 0.22347  ,  pro_loss: 0.13085  ,  IoU: 0.82989  ,  Loss/sim: 1.44367  ,  Loss/distill: 1.96949
[train: Epoch 5, 1250 / 2500] FPS: 9.4 (12.4)  ,  DataTime: 0.423 (0.002)  ,  ForwardTime: 0.210  ,  TotalTime: 0.636  ,  Loss/total: 0.67937  ,  Loss/giou: 0.18318  ,  Loss/l1: 0.01254  ,  Loss/location: 0.22337  ,  pro_loss: 0.13115  ,  IoU: 0.82973  ,  Loss/sim: 1.44326  ,  Loss/distill: 1.96826
[train: Epoch 5, 1300 / 2500] FPS: 9.5 (11.4)  ,  DataTime: 0.422 (0.002)  ,  ForwardTime: 0.210  ,  TotalTime: 0.634  ,  Loss/total: 0.68071  ,  Loss/giou: 0.18332  ,  Loss/l1: 0.01255  ,  Loss/location: 0.22441  ,  pro_loss: 0.13106  ,  IoU: 0.82959  ,  Loss/sim: 1.44351  ,  Loss/distill: 1.96698
[train: Epoch 5, 1350 / 2500] FPS: 9.4 (7.6)  ,  DataTime: 0.425 (0.002)  ,  ForwardTime: 0.210  ,  TotalTime: 0.637  ,  Loss/total: 0.67912  ,  Loss/giou: 0.18290  ,  Loss/l1: 0.01249  ,  Loss/location: 0.22392  ,  pro_loss: 0.13139  ,  IoU: 0.82988  ,  Loss/sim: 1.44427  ,  Loss/distill: 1.96549
[train: Epoch 5, 1400 / 2500] FPS: 9.4 (8.6)  ,  DataTime: 0.425 (0.002)  ,  ForwardTime: 0.210  ,  TotalTime: 0.637  ,  Loss/total: 0.67939  ,  Loss/giou: 0.18297  ,  Loss/l1: 0.01250  ,  Loss/location: 0.22402  ,  pro_loss: 0.13122  ,  IoU: 0.82982  ,  Loss/sim: 1.44451  ,  Loss/distill: 1.96435
[train: Epoch 5, 1450 / 2500] FPS: 9.4 (7.9)  ,  DataTime: 0.424 (0.002)  ,  ForwardTime: 0.210  ,  TotalTime: 0.636  ,  Loss/total: 0.68017  ,  Loss/giou: 0.18321  ,  Loss/l1: 0.01253  ,  Loss/location: 0.22415  ,  pro_loss: 0.13127  ,  IoU: 0.82968  ,  Loss/sim: 1.44543  ,  Loss/distill: 1.96349
[train: Epoch 5, 1500 / 2500] FPS: 9.4 (8.2)  ,  DataTime: 0.423 (0.002)  ,  ForwardTime: 0.210  ,  TotalTime: 0.635  ,  Loss/total: 0.67913  ,  Loss/giou: 0.18286  ,  Loss/l1: 0.01250  ,  Loss/location: 0.22398  ,  pro_loss: 0.13115  ,  IoU: 0.82992  ,  Loss/sim: 1.44617  ,  Loss/distill: 1.96225
[train: Epoch 5, 1550 / 2500] FPS: 9.5 (10.7)  ,  DataTime: 0.423 (0.002)  ,  ForwardTime: 0.210  ,  TotalTime: 0.635  ,  Loss/total: 0.67934  ,  Loss/giou: 0.18294  ,  Loss/l1: 0.01252  ,  Loss/location: 0.22394  ,  pro_loss: 0.13124  ,  IoU: 0.82992  ,  Loss/sim: 1.44700  ,  Loss/distill: 1.96150
[train: Epoch 5, 1600 / 2500] FPS: 9.4 (12.6)  ,  DataTime: 0.423 (0.002)  ,  ForwardTime: 0.210  ,  TotalTime: 0.635  ,  Loss/total: 0.68215  ,  Loss/giou: 0.18362  ,  Loss/l1: 0.01263  ,  Loss/location: 0.22485  ,  pro_loss: 0.13125  ,  IoU: 0.82943  ,  Loss/sim: 1.44781  ,  Loss/distill: 1.96185
[train: Epoch 5, 1650 / 2500] FPS: 9.4 (8.3)  ,  DataTime: 0.427 (0.002)  ,  ForwardTime: 0.210  ,  TotalTime: 0.639  ,  Loss/total: 0.68114  ,  Loss/giou: 0.18338  ,  Loss/l1: 0.01257  ,  Loss/location: 0.22455  ,  pro_loss: 0.13137  ,  IoU: 0.82956  ,  Loss/sim: 1.44733  ,  Loss/distill: 1.96025
[train: Epoch 5, 1700 / 2500] FPS: 9.4 (11.6)  ,  DataTime: 0.427 (0.002)  ,  ForwardTime: 0.210  ,  TotalTime: 0.639  ,  Loss/total: 0.67910  ,  Loss/giou: 0.18295  ,  Loss/l1: 0.01250  ,  Loss/location: 0.22372  ,  pro_loss: 0.13142  ,  IoU: 0.82986  ,  Loss/sim: 1.44667  ,  Loss/distill: 1.95906
[train: Epoch 5, 1750 / 2500] FPS: 9.4 (10.8)  ,  DataTime: 0.427 (0.002)  ,  ForwardTime: 0.210  ,  TotalTime: 0.639  ,  Loss/total: 0.68041  ,  Loss/giou: 0.18322  ,  Loss/l1: 0.01258  ,  Loss/location: 0.22410  ,  pro_loss: 0.13158  ,  IoU: 0.82975  ,  Loss/sim: 1.44629  ,  Loss/distill: 1.95839
[train: Epoch 5, 1800 / 2500] FPS: 9.4 (15.2)  ,  DataTime: 0.427 (0.002)  ,  ForwardTime: 0.210  ,  TotalTime: 0.639  ,  Loss/total: 0.67916  ,  Loss/giou: 0.18298  ,  Loss/l1: 0.01256  ,  Loss/location: 0.22338  ,  pro_loss: 0.13173  ,  IoU: 0.82994  ,  Loss/sim: 1.44550  ,  Loss/distill: 1.95752
[train: Epoch 5, 1850 / 2500] FPS: 9.4 (7.5)  ,  DataTime: 0.426 (0.002)  ,  ForwardTime: 0.210  ,  TotalTime: 0.638  ,  Loss/total: 0.67983  ,  Loss/giou: 0.18317  ,  Loss/l1: 0.01257  ,  Loss/location: 0.22361  ,  pro_loss: 0.13162  ,  IoU: 0.82977  ,  Loss/sim: 1.44628  ,  Loss/distill: 1.95702
[train: Epoch 5, 1900 / 2500] FPS: 9.4 (11.5)  ,  DataTime: 0.425 (0.002)  ,  ForwardTime: 0.210  ,  TotalTime: 0.637  ,  Loss/total: 0.67972  ,  Loss/giou: 0.18313  ,  Loss/l1: 0.01258  ,  Loss/location: 0.22361  ,  pro_loss: 0.13149  ,  IoU: 0.82981  ,  Loss/sim: 1.44568  ,  Loss/distill: 1.95615
[train: Epoch 5, 1950 / 2500] FPS: 9.4 (9.4)  ,  DataTime: 0.424 (0.002)  ,  ForwardTime: 0.210  ,  TotalTime: 0.636  ,  Loss/total: 0.67986  ,  Loss/giou: 0.18305  ,  Loss/l1: 0.01259  ,  Loss/location: 0.22375  ,  pro_loss: 0.13176  ,  IoU: 0.82989  ,  Loss/sim: 1.44469  ,  Loss/distill: 1.95509
[train: Epoch 5, 2000 / 2500] FPS: 9.4 (13.8)  ,  DataTime: 0.423 (0.002)  ,  ForwardTime: 0.210  ,  TotalTime: 0.635  ,  Loss/total: 0.68167  ,  Loss/giou: 0.18346  ,  Loss/l1: 0.01263  ,  Loss/location: 0.22455  ,  pro_loss: 0.13174  ,  IoU: 0.82956  ,  Loss/sim: 1.44417  ,  Loss/distill: 1.95406
[train: Epoch 5, 2050 / 2500] FPS: 9.4 (7.2)  ,  DataTime: 0.423 (0.002)  ,  ForwardTime: 0.210  ,  TotalTime: 0.635  ,  Loss/total: 0.68219  ,  Loss/giou: 0.18351  ,  Loss/l1: 0.01264  ,  Loss/location: 0.22496  ,  pro_loss: 0.13153  ,  IoU: 0.82952  ,  Loss/sim: 1.44403  ,  Loss/distill: 1.95327
[train: Epoch 5, 2100 / 2500] FPS: 9.5 (10.5)  ,  DataTime: 0.422 (0.002)  ,  ForwardTime: 0.210  ,  TotalTime: 0.634  ,  Loss/total: 0.68190  ,  Loss/giou: 0.18339  ,  Loss/l1: 0.01263  ,  Loss/location: 0.22503  ,  pro_loss: 0.13142  ,  IoU: 0.82965  ,  Loss/sim: 1.44440  ,  Loss/distill: 1.95274
[train: Epoch 5, 2150 / 2500] FPS: 9.4 (10.7)  ,  DataTime: 0.425 (0.002)  ,  ForwardTime: 0.210  ,  TotalTime: 0.637  ,  Loss/total: 0.68358  ,  Loss/giou: 0.18389  ,  Loss/l1: 0.01268  ,  Loss/location: 0.22547  ,  pro_loss: 0.13132  ,  IoU: 0.82925  ,  Loss/sim: 1.44405  ,  Loss/distill: 1.95152
[train: Epoch 5, 2200 / 2500] FPS: 9.4 (9.0)  ,  DataTime: 0.424 (0.002)  ,  ForwardTime: 0.210  ,  TotalTime: 0.636  ,  Loss/total: 0.68423  ,  Loss/giou: 0.18395  ,  Loss/l1: 0.01268  ,  Loss/location: 0.22597  ,  pro_loss: 0.13131  ,  IoU: 0.82919  ,  Loss/sim: 1.44446  ,  Loss/distill: 1.95088
[train: Epoch 5, 2250 / 2500] FPS: 9.4 (8.6)  ,  DataTime: 0.424 (0.002)  ,  ForwardTime: 0.210  ,  TotalTime: 0.635  ,  Loss/total: 0.68394  ,  Loss/giou: 0.18395  ,  Loss/l1: 0.01269  ,  Loss/location: 0.22564  ,  pro_loss: 0.13130  ,  IoU: 0.82921  ,  Loss/sim: 1.44455  ,  Loss/distill: 1.95012
[train: Epoch 5, 2300 / 2500] FPS: 9.5 (7.8)  ,  DataTime: 0.423 (0.002)  ,  ForwardTime: 0.210  ,  TotalTime: 0.635  ,  Loss/total: 0.68485  ,  Loss/giou: 0.18411  ,  Loss/l1: 0.01274  ,  Loss/location: 0.22600  ,  pro_loss: 0.13126  ,  IoU: 0.82918  ,  Loss/sim: 1.44425  ,  Loss/distill: 1.94938
[train: Epoch 5, 2350 / 2500] FPS: 9.5 (11.0)  ,  DataTime: 0.423 (0.002)  ,  ForwardTime: 0.210  ,  TotalTime: 0.634  ,  Loss/total: 0.68378  ,  Loss/giou: 0.18373  ,  Loss/l1: 0.01269  ,  Loss/location: 0.22597  ,  pro_loss: 0.13115  ,  IoU: 0.82945  ,  Loss/sim: 1.44494  ,  Loss/distill: 1.94865
[train: Epoch 5, 2400 / 2500] FPS: 9.5 (10.5)  ,  DataTime: 0.421 (0.002)  ,  ForwardTime: 0.210  ,  TotalTime: 0.633  ,  Loss/total: 0.68369  ,  Loss/giou: 0.18376  ,  Loss/l1: 0.01271  ,  Loss/location: 0.22571  ,  pro_loss: 0.13122  ,  IoU: 0.82947  ,  Loss/sim: 1.44512  ,  Loss/distill: 1.94819
[train: Epoch 5, 2450 / 2500] FPS: 9.5 (9.1)  ,  DataTime: 0.421 (0.002)  ,  ForwardTime: 0.210  ,  TotalTime: 0.633  ,  Loss/total: 0.68423  ,  Loss/giou: 0.18385  ,  Loss/l1: 0.01271  ,  Loss/location: 0.22606  ,  pro_loss: 0.13116  ,  IoU: 0.82943  ,  Loss/sim: 1.44463  ,  Loss/distill: 1.94721
[train: Epoch 5, 2500 / 2500] FPS: 9.5 (10.2)  ,  DataTime: 0.421 (0.002)  ,  ForwardTime: 0.210  ,  TotalTime: 0.633  ,  Loss/total: 0.68480  ,  Loss/giou: 0.18408  ,  Loss/l1: 0.01273  ,  Loss/location: 0.22610  ,  pro_loss: 0.13096  ,  IoU: 0.82924  ,  Loss/sim: 1.44475  ,  Loss/distill: 1.94684
[val: Epoch 5, 50 / 416] FPS: 7.9 (8.8)  ,  DataTime: 0.623 (0.002)  ,  ForwardTime: 0.139  ,  TotalTime: 0.764  ,  Loss/total: 0.74683  ,  Loss/giou: 0.19872  ,  Loss/l1: 0.01542  ,  Loss/location: 0.27137  ,  pro_loss: 0.00250  ,  IoU: 0.81853  ,  Loss/sim: 0.00000  ,  Loss/distill: 1.95879
[val: Epoch 5, 100 / 416] FPS: 8.1 (6.4)  ,  DataTime: 0.606 (0.002)  ,  ForwardTime: 0.133  ,  TotalTime: 0.740  ,  Loss/total: 0.76895  ,  Loss/giou: 0.20551  ,  Loss/l1: 0.01536  ,  Loss/location: 0.27989  ,  pro_loss: 0.00417  ,  IoU: 0.81218  ,  Loss/sim: 0.00000  ,  Loss/distill: 1.96191
[val: Epoch 5, 150 / 416] FPS: 8.3 (8.2)  ,  DataTime: 0.593 (0.002)  ,  ForwardTime: 0.131  ,  TotalTime: 0.726  ,  Loss/total: 0.79876  ,  Loss/giou: 0.21190  ,  Loss/l1: 0.01584  ,  Loss/location: 0.29451  ,  pro_loss: 0.00407  ,  IoU: 0.80606  ,  Loss/sim: 0.00000  ,  Loss/distill: 1.96907
[val: Epoch 5, 200 / 416] FPS: 8.2 (10.4)  ,  DataTime: 0.601 (0.002)  ,  ForwardTime: 0.130  ,  TotalTime: 0.733  ,  Loss/total: 0.78981  ,  Loss/giou: 0.20845  ,  Loss/l1: 0.01527  ,  Loss/location: 0.29539  ,  pro_loss: 0.00382  ,  IoU: 0.80805  ,  Loss/sim: 0.00000  ,  Loss/distill: 1.97106
[val: Epoch 5, 250 / 416] FPS: 8.2 (8.0)  ,  DataTime: 0.599 (0.002)  ,  ForwardTime: 0.129  ,  TotalTime: 0.730  ,  Loss/total: 0.80234  ,  Loss/giou: 0.21150  ,  Loss/l1: 0.01568  ,  Loss/location: 0.29974  ,  pro_loss: 0.00411  ,  IoU: 0.80586  ,  Loss/sim: 0.00000  ,  Loss/distill: 1.96730
[val: Epoch 5, 300 / 416] FPS: 8.1 (7.1)  ,  DataTime: 0.607 (0.002)  ,  ForwardTime: 0.129  ,  TotalTime: 0.737  ,  Loss/total: 0.79377  ,  Loss/giou: 0.20916  ,  Loss/l1: 0.01531  ,  Loss/location: 0.29773  ,  pro_loss: 0.00380  ,  IoU: 0.80720  ,  Loss/sim: 0.00000  ,  Loss/distill: 1.96615
[val: Epoch 5, 350 / 416] FPS: 7.9 (8.9)  ,  DataTime: 0.624 (0.002)  ,  ForwardTime: 0.129  ,  TotalTime: 0.755  ,  Loss/total: 0.80546  ,  Loss/giou: 0.21121  ,  Loss/l1: 0.01551  ,  Loss/location: 0.30438  ,  pro_loss: 0.00353  ,  IoU: 0.80526  ,  Loss/sim: 0.00000  ,  Loss/distill: 1.96762
[val: Epoch 5, 400 / 416] FPS: 8.0 (2.1)  ,  DataTime: 0.624 (0.002)  ,  ForwardTime: 0.128  ,  TotalTime: 0.754  ,  Loss/total: 0.80473  ,  Loss/giou: 0.21106  ,  Loss/l1: 0.01550  ,  Loss/location: 0.30405  ,  pro_loss: 0.00330  ,  IoU: 0.80547  ,  Loss/sim: 0.00000  ,  Loss/distill: 1.96753
[val: Epoch 5, 416 / 416] FPS: 8.0 (7.5)  ,  DataTime: 0.621 (0.002)  ,  ForwardTime: 0.128  ,  TotalTime: 0.751  ,  Loss/total: 0.80668  ,  Loss/giou: 0.21157  ,  Loss/l1: 0.01553  ,  Loss/location: 0.30485  ,  pro_loss: 0.00327  ,  IoU: 0.80498  ,  Loss/sim: 0.00000  ,  Loss/distill: 1.96924
[train: Epoch 6, 50 / 2500] FPS: 9.3 (7.1)  ,  DataTime: 0.432 (0.002)  ,  ForwardTime: 0.209  ,  TotalTime: 0.644  ,  Loss/total: 0.68501  ,  Loss/giou: 0.18203  ,  Loss/l1: 0.01354  ,  Loss/location: 0.22688  ,  pro_loss: 0.12833  ,  IoU: 0.83272  ,  Loss/sim: 1.45001  ,  Loss/distill: 1.92028
[train: Epoch 6, 100 / 2500] FPS: 9.1 (11.1)  ,  DataTime: 0.447 (0.002)  ,  ForwardTime: 0.209  ,  TotalTime: 0.659  ,  Loss/total: 0.70247  ,  Loss/giou: 0.18681  ,  Loss/l1: 0.01333  ,  Loss/location: 0.23602  ,  pro_loss: 0.12764  ,  IoU: 0.82835  ,  Loss/sim: 1.45110  ,  Loss/distill: 1.90338
[train: Epoch 6, 150 / 2500] FPS: 9.5 (11.7)  ,  DataTime: 0.421 (0.002)  ,  ForwardTime: 0.209  ,  TotalTime: 0.632  ,  Loss/total: 0.71552  ,  Loss/giou: 0.19064  ,  Loss/l1: 0.01356  ,  Loss/location: 0.24001  ,  pro_loss: 0.12889  ,  IoU: 0.82496  ,  Loss/sim: 1.45148  ,  Loss/distill: 1.90350
[train: Epoch 6, 200 / 2500] FPS: 9.6 (8.2)  ,  DataTime: 0.414 (0.002)  ,  ForwardTime: 0.209  ,  TotalTime: 0.625  ,  Loss/total: 0.72338  ,  Loss/giou: 0.19201  ,  Loss/l1: 0.01361  ,  Loss/location: 0.24444  ,  pro_loss: 0.13104  ,  IoU: 0.82339  ,  Loss/sim: 1.45473  ,  Loss/distill: 1.90881
[train: Epoch 6, 250 / 2500] FPS: 9.5 (7.2)  ,  DataTime: 0.423 (0.002)  ,  ForwardTime: 0.209  ,  TotalTime: 0.634  ,  Loss/total: 0.71667  ,  Loss/giou: 0.19071  ,  Loss/l1: 0.01338  ,  Loss/location: 0.24169  ,  pro_loss: 0.12989  ,  IoU: 0.82420  ,  Loss/sim: 1.45010  ,  Loss/distill: 1.90894
[train: Epoch 6, 300 / 2500] FPS: 9.5 (10.4)  ,  DataTime: 0.419 (0.002)  ,  ForwardTime: 0.209  ,  TotalTime: 0.631  ,  Loss/total: 0.70778  ,  Loss/giou: 0.18889  ,  Loss/l1: 0.01310  ,  Loss/location: 0.23757  ,  pro_loss: 0.13139  ,  IoU: 0.82553  ,  Loss/sim: 1.44483  ,  Loss/distill: 1.90389
[train: Epoch 6, 350 / 2500] FPS: 9.5 (10.5)  ,  DataTime: 0.418 (0.002)  ,  ForwardTime: 0.209  ,  TotalTime: 0.629  ,  Loss/total: 0.70956  ,  Loss/giou: 0.18920  ,  Loss/l1: 0.01314  ,  Loss/location: 0.23869  ,  pro_loss: 0.13056  ,  IoU: 0.82525  ,  Loss/sim: 1.43673  ,  Loss/distill: 1.89929
[train: Epoch 6, 400 / 2500] FPS: 9.6 (7.6)  ,  DataTime: 0.414 (0.002)  ,  ForwardTime: 0.209  ,  TotalTime: 0.625  ,  Loss/total: 0.70319  ,  Loss/giou: 0.18828  ,  Loss/l1: 0.01304  ,  Loss/location: 0.23480  ,  pro_loss: 0.12997  ,  IoU: 0.82595  ,  Loss/sim: 1.43400  ,  Loss/distill: 1.89667
[train: Epoch 6, 450 / 2500] FPS: 9.6 (9.1)  ,  DataTime: 0.411 (0.002)  ,  ForwardTime: 0.209  ,  TotalTime: 0.622  ,  Loss/total: 0.70483  ,  Loss/giou: 0.18894  ,  Loss/l1: 0.01307  ,  Loss/location: 0.23494  ,  pro_loss: 0.12997  ,  IoU: 0.82555  ,  Loss/sim: 1.43488  ,  Loss/distill: 1.89579
[train: Epoch 6, 500 / 2500] FPS: 9.6 (10.1)  ,  DataTime: 0.412 (0.002)  ,  ForwardTime: 0.209  ,  TotalTime: 0.623  ,  Loss/total: 0.69945  ,  Loss/giou: 0.18764  ,  Loss/l1: 0.01294  ,  Loss/location: 0.23281  ,  pro_loss: 0.12981  ,  IoU: 0.82663  ,  Loss/sim: 1.43413  ,  Loss/distill: 1.89398
[train: Epoch 6, 550 / 2500] FPS: 9.7 (7.9)  ,  DataTime: 0.408 (0.002)  ,  ForwardTime: 0.209  ,  TotalTime: 0.619  ,  Loss/total: 0.70223  ,  Loss/giou: 0.18827  ,  Loss/l1: 0.01317  ,  Loss/location: 0.23330  ,  pro_loss: 0.12942  ,  IoU: 0.82620  ,  Loss/sim: 1.43462  ,  Loss/distill: 1.89467
[train: Epoch 6, 600 / 2500] FPS: 9.7 (10.2)  ,  DataTime: 0.407 (0.002)  ,  ForwardTime: 0.209  ,  TotalTime: 0.618  ,  Loss/total: 0.69776  ,  Loss/giou: 0.18723  ,  Loss/l1: 0.01310  ,  Loss/location: 0.23117  ,  pro_loss: 0.12981  ,  IoU: 0.82720  ,  Loss/sim: 1.43499  ,  Loss/distill: 1.89226
[train: Epoch 6, 650 / 2500] FPS: 9.7 (7.9)  ,  DataTime: 0.405 (0.002)  ,  ForwardTime: 0.209  ,  TotalTime: 0.617  ,  Loss/total: 0.69633  ,  Loss/giou: 0.18693  ,  Loss/l1: 0.01315  ,  Loss/location: 0.23008  ,  pro_loss: 0.12996  ,  IoU: 0.82756  ,  Loss/sim: 1.43651  ,  Loss/distill: 1.89459
[train: Epoch 6, 700 / 2500] FPS: 9.8 (10.4)  ,  DataTime: 0.403 (0.002)  ,  ForwardTime: 0.209  ,  TotalTime: 0.615  ,  Loss/total: 0.69325  ,  Loss/giou: 0.18609  ,  Loss/l1: 0.01300  ,  Loss/location: 0.22950  ,  pro_loss: 0.12944  ,  IoU: 0.82807  ,  Loss/sim: 1.43647  ,  Loss/distill: 1.89088
[train: Epoch 6, 750 / 2500] FPS: 9.7 (9.8)  ,  DataTime: 0.404 (0.002)  ,  ForwardTime: 0.209  ,  TotalTime: 0.616  ,  Loss/total: 0.69321  ,  Loss/giou: 0.18603  ,  Loss/l1: 0.01297  ,  Loss/location: 0.22975  ,  pro_loss: 0.12943  ,  IoU: 0.82799  ,  Loss/sim: 1.43592  ,  Loss/distill: 1.89029
[train: Epoch 6, 800 / 2500] FPS: 9.8 (9.5)  ,  DataTime: 0.403 (0.002)  ,  ForwardTime: 0.209  ,  TotalTime: 0.615  ,  Loss/total: 0.69261  ,  Loss/giou: 0.18585  ,  Loss/l1: 0.01301  ,  Loss/location: 0.22934  ,  pro_loss: 0.12937  ,  IoU: 0.82830  ,  Loss/sim: 1.43188  ,  Loss/distill: 1.88682
[train: Epoch 6, 850 / 2500] FPS: 9.8 (12.1)  ,  DataTime: 0.402 (0.002)  ,  ForwardTime: 0.209  ,  TotalTime: 0.613  ,  Loss/total: 0.69034  ,  Loss/giou: 0.18512  ,  Loss/l1: 0.01293  ,  Loss/location: 0.22899  ,  pro_loss: 0.12891  ,  IoU: 0.82883  ,  Loss/sim: 1.42973  ,  Loss/distill: 1.88545
[train: Epoch 6, 900 / 2500] FPS: 9.8 (7.6)  ,  DataTime: 0.403 (0.002)  ,  ForwardTime: 0.209  ,  TotalTime: 0.614  ,  Loss/total: 0.68699  ,  Loss/giou: 0.18431  ,  Loss/l1: 0.01285  ,  Loss/location: 0.22774  ,  pro_loss: 0.12861  ,  IoU: 0.82943  ,  Loss/sim: 1.43288  ,  Loss/distill: 1.88669
[train: Epoch 6, 950 / 2500] FPS: 9.8 (9.1)  ,  DataTime: 0.403 (0.002)  ,  ForwardTime: 0.209  ,  TotalTime: 0.614  ,  Loss/total: 0.68791  ,  Loss/giou: 0.18465  ,  Loss/l1: 0.01285  ,  Loss/location: 0.22799  ,  pro_loss: 0.12848  ,  IoU: 0.82913  ,  Loss/sim: 1.43389  ,  Loss/distill: 1.88546
[train: Epoch 6, 1000 / 2500] FPS: 9.8 (10.1)  ,  DataTime: 0.402 (0.002)  ,  ForwardTime: 0.209  ,  TotalTime: 0.613  ,  Loss/total: 0.68720  ,  Loss/giou: 0.18468  ,  Loss/l1: 0.01284  ,  Loss/location: 0.22723  ,  pro_loss: 0.12875  ,  IoU: 0.82920  ,  Loss/sim: 1.43457  ,  Loss/distill: 1.88638
[train: Epoch 6, 1050 / 2500] FPS: 9.8 (9.5)  ,  DataTime: 0.402 (0.002)  ,  ForwardTime: 0.209  ,  TotalTime: 0.613  ,  Loss/total: 0.68757  ,  Loss/giou: 0.18479  ,  Loss/l1: 0.01284  ,  Loss/location: 0.22738  ,  pro_loss: 0.12868  ,  IoU: 0.82912  ,  Loss/sim: 1.43626  ,  Loss/distill: 1.88701
[train: Epoch 6, 1100 / 2500] FPS: 9.8 (8.0)  ,  DataTime: 0.401 (0.002)  ,  ForwardTime: 0.209  ,  TotalTime: 0.613  ,  Loss/total: 0.68488  ,  Loss/giou: 0.18404  ,  Loss/l1: 0.01278  ,  Loss/location: 0.22652  ,  pro_loss: 0.12864  ,  IoU: 0.82969  ,  Loss/sim: 1.43540  ,  Loss/distill: 1.88663
[train: Epoch 6, 1150 / 2500] FPS: 9.8 (9.0)  ,  DataTime: 0.401 (0.002)  ,  ForwardTime: 0.209  ,  TotalTime: 0.613  ,  Loss/total: 0.68503  ,  Loss/giou: 0.18407  ,  Loss/l1: 0.01280  ,  Loss/location: 0.22649  ,  pro_loss: 0.12865  ,  IoU: 0.82969  ,  Loss/sim: 1.43463  ,  Loss/distill: 1.88505
[train: Epoch 6, 1200 / 2500] FPS: 9.8 (9.5)  ,  DataTime: 0.401 (0.002)  ,  ForwardTime: 0.209  ,  TotalTime: 0.612  ,  Loss/total: 0.68566  ,  Loss/giou: 0.18418  ,  Loss/l1: 0.01282  ,  Loss/location: 0.22681  ,  pro_loss: 0.12862  ,  IoU: 0.82966  ,  Loss/sim: 1.43530  ,  Loss/distill: 1.88282
[train: Epoch 6, 1250 / 2500] FPS: 9.8 (10.8)  ,  DataTime: 0.403 (0.002)  ,  ForwardTime: 0.209  ,  TotalTime: 0.614  ,  Loss/total: 0.68558  ,  Loss/giou: 0.18417  ,  Loss/l1: 0.01283  ,  Loss/location: 0.22663  ,  pro_loss: 0.12885  ,  IoU: 0.82968  ,  Loss/sim: 1.43564  ,  Loss/distill: 1.88213
[train: Epoch 6, 1300 / 2500] FPS: 9.8 (12.5)  ,  DataTime: 0.404 (0.002)  ,  ForwardTime: 0.209  ,  TotalTime: 0.615  ,  Loss/total: 0.68541  ,  Loss/giou: 0.18402  ,  Loss/l1: 0.01285  ,  Loss/location: 0.22666  ,  pro_loss: 0.12884  ,  IoU: 0.82989  ,  Loss/sim: 1.43509  ,  Loss/distill: 1.88039
[train: Epoch 6, 1350 / 2500] FPS: 9.8 (11.6)  ,  DataTime: 0.403 (0.002)  ,  ForwardTime: 0.209  ,  TotalTime: 0.615  ,  Loss/total: 0.68771  ,  Loss/giou: 0.18470  ,  Loss/l1: 0.01293  ,  Loss/location: 0.22721  ,  pro_loss: 0.12885  ,  IoU: 0.82939  ,  Loss/sim: 1.43467  ,  Loss/distill: 1.87883
[train: Epoch 6, 1400 / 2500] FPS: 9.8 (13.3)  ,  DataTime: 0.402 (0.002)  ,  ForwardTime: 0.209  ,  TotalTime: 0.613  ,  Loss/total: 0.68663  ,  Loss/giou: 0.18435  ,  Loss/l1: 0.01289  ,  Loss/location: 0.22703  ,  pro_loss: 0.12890  ,  IoU: 0.82968  ,  Loss/sim: 1.43358  ,  Loss/distill: 1.87781
[train: Epoch 6, 1450 / 2500] FPS: 9.8 (7.0)  ,  DataTime: 0.401 (0.002)  ,  ForwardTime: 0.209  ,  TotalTime: 0.612  ,  Loss/total: 0.68745  ,  Loss/giou: 0.18443  ,  Loss/l1: 0.01290  ,  Loss/location: 0.22761  ,  pro_loss: 0.12922  ,  IoU: 0.82963  ,  Loss/sim: 1.43406  ,  Loss/distill: 1.87859
[train: Epoch 6, 1500 / 2500] FPS: 9.8 (12.4)  ,  DataTime: 0.400 (0.002)  ,  ForwardTime: 0.209  ,  TotalTime: 0.611  ,  Loss/total: 0.68571  ,  Loss/giou: 0.18394  ,  Loss/l1: 0.01286  ,  Loss/location: 0.22706  ,  pro_loss: 0.12896  ,  IoU: 0.83004  ,  Loss/sim: 1.43375  ,  Loss/distill: 1.87675
[train: Epoch 6, 1550 / 2500] FPS: 9.8 (14.5)  ,  DataTime: 0.399 (0.002)  ,  ForwardTime: 0.209  ,  TotalTime: 0.610  ,  Loss/total: 0.68627  ,  Loss/giou: 0.18411  ,  Loss/l1: 0.01292  ,  Loss/location: 0.22699  ,  pro_loss: 0.12904  ,  IoU: 0.82992  ,  Loss/sim: 1.43271  ,  Loss/distill: 1.87529
[train: Epoch 6, 1600 / 2500] FPS: 9.8 (14.1)  ,  DataTime: 0.399 (0.002)  ,  ForwardTime: 0.209  ,  TotalTime: 0.610  ,  Loss/total: 0.68556  ,  Loss/giou: 0.18385  ,  Loss/l1: 0.01287  ,  Loss/location: 0.22697  ,  pro_loss: 0.12926  ,  IoU: 0.83005  ,  Loss/sim: 1.43254  ,  Loss/distill: 1.87449
[train: Epoch 6, 1650 / 2500] FPS: 9.8 (11.8)  ,  DataTime: 0.399 (0.002)  ,  ForwardTime: 0.209  ,  TotalTime: 0.611  ,  Loss/total: 0.68623  ,  Loss/giou: 0.18400  ,  Loss/l1: 0.01288  ,  Loss/location: 0.22736  ,  pro_loss: 0.12910  ,  IoU: 0.82990  ,  Loss/sim: 1.43179  ,  Loss/distill: 1.87395
[train: Epoch 6, 1700 / 2500] FPS: 9.8 (9.5)  ,  DataTime: 0.399 (0.002)  ,  ForwardTime: 0.209  ,  TotalTime: 0.611  ,  Loss/total: 0.68589  ,  Loss/giou: 0.18385  ,  Loss/l1: 0.01288  ,  Loss/location: 0.22733  ,  pro_loss: 0.12897  ,  IoU: 0.83003  ,  Loss/sim: 1.43037  ,  Loss/distill: 1.87205
[train: Epoch 6, 1750 / 2500] FPS: 9.8 (7.9)  ,  DataTime: 0.398 (0.002)  ,  ForwardTime: 0.209  ,  TotalTime: 0.610  ,  Loss/total: 0.68530  ,  Loss/giou: 0.18366  ,  Loss/l1: 0.01285  ,  Loss/location: 0.22730  ,  pro_loss: 0.12897  ,  IoU: 0.83016  ,  Loss/sim: 1.43202  ,  Loss/distill: 1.87113
[train: Epoch 6, 1800 / 2500] FPS: 9.8 (9.5)  ,  DataTime: 0.398 (0.002)  ,  ForwardTime: 0.209  ,  TotalTime: 0.609  ,  Loss/total: 0.68431  ,  Loss/giou: 0.18343  ,  Loss/l1: 0.01283  ,  Loss/location: 0.22685  ,  pro_loss: 0.12897  ,  IoU: 0.83033  ,  Loss/sim: 1.43172  ,  Loss/distill: 1.87039
[train: Epoch 6, 1850 / 2500] FPS: 9.8 (8.9)  ,  DataTime: 0.398 (0.002)  ,  ForwardTime: 0.209  ,  TotalTime: 0.610  ,  Loss/total: 0.68380  ,  Loss/giou: 0.18344  ,  Loss/l1: 0.01282  ,  Loss/location: 0.22635  ,  pro_loss: 0.12911  ,  IoU: 0.83031  ,  Loss/sim: 1.43242  ,  Loss/distill: 1.86956
[train: Epoch 6, 1900 / 2500] FPS: 9.8 (8.3)  ,  DataTime: 0.398 (0.002)  ,  ForwardTime: 0.209  ,  TotalTime: 0.610  ,  Loss/total: 0.68380  ,  Loss/giou: 0.18337  ,  Loss/l1: 0.01280  ,  Loss/location: 0.22659  ,  pro_loss: 0.12907  ,  IoU: 0.83032  ,  Loss/sim: 1.43091  ,  Loss/distill: 1.86775
[train: Epoch 6, 1950 / 2500] FPS: 9.8 (7.7)  ,  DataTime: 0.401 (0.002)  ,  ForwardTime: 0.209  ,  TotalTime: 0.613  ,  Loss/total: 0.68454  ,  Loss/giou: 0.18357  ,  Loss/l1: 0.01283  ,  Loss/location: 0.22676  ,  pro_loss: 0.12926  ,  IoU: 0.83020  ,  Loss/sim: 1.43106  ,  Loss/distill: 1.86696
[train: Epoch 6, 2000 / 2500] FPS: 9.8 (9.9)  ,  DataTime: 0.401 (0.002)  ,  ForwardTime: 0.209  ,  TotalTime: 0.612  ,  Loss/total: 0.68334  ,  Loss/giou: 0.18336  ,  Loss/l1: 0.01279  ,  Loss/location: 0.22617  ,  pro_loss: 0.12916  ,  IoU: 0.83034  ,  Loss/sim: 1.43183  ,  Loss/distill: 1.86656
[train: Epoch 6, 2050 / 2500] FPS: 9.8 (9.8)  ,  DataTime: 0.401 (0.002)  ,  ForwardTime: 0.209  ,  TotalTime: 0.612  ,  Loss/total: 0.68331  ,  Loss/giou: 0.18341  ,  Loss/l1: 0.01279  ,  Loss/location: 0.22607  ,  pro_loss: 0.12911  ,  IoU: 0.83029  ,  Loss/sim: 1.43179  ,  Loss/distill: 1.86541
[train: Epoch 6, 2100 / 2500] FPS: 9.8 (8.6)  ,  DataTime: 0.400 (0.002)  ,  ForwardTime: 0.209  ,  TotalTime: 0.611  ,  Loss/total: 0.68307  ,  Loss/giou: 0.18339  ,  Loss/l1: 0.01276  ,  Loss/location: 0.22597  ,  pro_loss: 0.12918  ,  IoU: 0.83028  ,  Loss/sim: 1.43144  ,  Loss/distill: 1.86491
[train: Epoch 6, 2150 / 2500] FPS: 9.8 (10.0)  ,  DataTime: 0.399 (0.002)  ,  ForwardTime: 0.209  ,  TotalTime: 0.611  ,  Loss/total: 0.68173  ,  Loss/giou: 0.18301  ,  Loss/l1: 0.01272  ,  Loss/location: 0.22563  ,  pro_loss: 0.12912  ,  IoU: 0.83058  ,  Loss/sim: 1.43186  ,  Loss/distill: 1.86431
[train: Epoch 6, 2200 / 2500] FPS: 9.8 (7.2)  ,  DataTime: 0.399 (0.002)  ,  ForwardTime: 0.209  ,  TotalTime: 0.611  ,  Loss/total: 0.68152  ,  Loss/giou: 0.18291  ,  Loss/l1: 0.01269  ,  Loss/location: 0.22575  ,  pro_loss: 0.12916  ,  IoU: 0.83059  ,  Loss/sim: 1.43175  ,  Loss/distill: 1.86374
[train: Epoch 6, 2250 / 2500] FPS: 9.8 (9.8)  ,  DataTime: 0.398 (0.002)  ,  ForwardTime: 0.209  ,  TotalTime: 0.609  ,  Loss/total: 0.68068  ,  Loss/giou: 0.18267  ,  Loss/l1: 0.01267  ,  Loss/location: 0.22553  ,  pro_loss: 0.12914  ,  IoU: 0.83080  ,  Loss/sim: 1.43178  ,  Loss/distill: 1.86317
[train: Epoch 6, 2300 / 2500] FPS: 9.9 (13.5)  ,  DataTime: 0.397 (0.002)  ,  ForwardTime: 0.209  ,  TotalTime: 0.609  ,  Loss/total: 0.68068  ,  Loss/giou: 0.18267  ,  Loss/l1: 0.01266  ,  Loss/location: 0.22557  ,  pro_loss: 0.12892  ,  IoU: 0.83078  ,  Loss/sim: 1.43179  ,  Loss/distill: 1.86270
[train: Epoch 6, 2350 / 2500] FPS: 9.9 (17.6)  ,  DataTime: 0.397 (0.002)  ,  ForwardTime: 0.209  ,  TotalTime: 0.608  ,  Loss/total: 0.68168  ,  Loss/giou: 0.18294  ,  Loss/l1: 0.01269  ,  Loss/location: 0.22587  ,  pro_loss: 0.12901  ,  IoU: 0.83058  ,  Loss/sim: 1.43114  ,  Loss/distill: 1.86175
[train: Epoch 6, 2400 / 2500] FPS: 9.9 (6.4)  ,  DataTime: 0.397 (0.002)  ,  ForwardTime: 0.210  ,  TotalTime: 0.608  ,  Loss/total: 0.68030  ,  Loss/giou: 0.18255  ,  Loss/l1: 0.01263  ,  Loss/location: 0.22554  ,  pro_loss: 0.12912  ,  IoU: 0.83086  ,  Loss/sim: 1.43141  ,  Loss/distill: 1.86146
[train: Epoch 6, 2450 / 2500] FPS: 9.9 (11.2)  ,  DataTime: 0.396 (0.002)  ,  ForwardTime: 0.210  ,  TotalTime: 0.608  ,  Loss/total: 0.68020  ,  Loss/giou: 0.18257  ,  Loss/l1: 0.01263  ,  Loss/location: 0.22547  ,  pro_loss: 0.12896  ,  IoU: 0.83085  ,  Loss/sim: 1.43068  ,  Loss/distill: 1.86057
[train: Epoch 6, 2500 / 2500] FPS: 9.8 (11.7)  ,  DataTime: 0.398 (0.002)  ,  ForwardTime: 0.210  ,  TotalTime: 0.610  ,  Loss/total: 0.67960  ,  Loss/giou: 0.18256  ,  Loss/l1: 0.01261  ,  Loss/location: 0.22497  ,  pro_loss: 0.12899  ,  IoU: 0.83082  ,  Loss/sim: 1.43154  ,  Loss/distill: 1.86028
[train: Epoch 7, 50 / 2500] FPS: 10.0 (11.9)  ,  DataTime: 0.392 (0.002)  ,  ForwardTime: 0.209  ,  TotalTime: 0.603  ,  Loss/total: 0.66746  ,  Loss/giou: 0.18028  ,  Loss/l1: 0.01199  ,  Loss/location: 0.22054  ,  pro_loss: 0.12889  ,  IoU: 0.83153  ,  Loss/sim: 1.44726  ,  Loss/distill: 1.81820
[train: Epoch 7, 100 / 2500] FPS: 10.2 (12.7)  ,  DataTime: 0.378 (0.002)  ,  ForwardTime: 0.209  ,  TotalTime: 0.589  ,  Loss/total: 0.66358  ,  Loss/giou: 0.18349  ,  Loss/l1: 0.01187  ,  Loss/location: 0.21042  ,  pro_loss: 0.13083  ,  IoU: 0.83044  ,  Loss/sim: 1.46484  ,  Loss/distill: 1.82628
[train: Epoch 7, 150 / 2500] FPS: 10.2 (7.3)  ,  DataTime: 0.379 (0.002)  ,  ForwardTime: 0.209  ,  TotalTime: 0.590  ,  Loss/total: 0.67386  ,  Loss/giou: 0.18370  ,  Loss/l1: 0.01187  ,  Loss/location: 0.22002  ,  pro_loss: 0.13204  ,  IoU: 0.82925  ,  Loss/sim: 1.45356  ,  Loss/distill: 1.82336
[train: Epoch 7, 200 / 2500] FPS: 10.2 (9.5)  ,  DataTime: 0.378 (0.002)  ,  ForwardTime: 0.209  ,  TotalTime: 0.589  ,  Loss/total: 0.68641  ,  Loss/giou: 0.18556  ,  Loss/l1: 0.01226  ,  Loss/location: 0.22624  ,  pro_loss: 0.13535  ,  IoU: 0.82794  ,  Loss/sim: 1.44995  ,  Loss/distill: 1.82568
[train: Epoch 7, 250 / 2500] FPS: 10.1 (12.8)  ,  DataTime: 0.382 (0.002)  ,  ForwardTime: 0.209  ,  TotalTime: 0.593  ,  Loss/total: 0.68392  ,  Loss/giou: 0.18541  ,  Loss/l1: 0.01235  ,  Loss/location: 0.22369  ,  pro_loss: 0.13506  ,  IoU: 0.82822  ,  Loss/sim: 1.45384  ,  Loss/distill: 1.82902
[train: Epoch 7, 300 / 2500] FPS: 10.1 (9.7)  ,  DataTime: 0.386 (0.002)  ,  ForwardTime: 0.209  ,  TotalTime: 0.597  ,  Loss/total: 0.67270  ,  Loss/giou: 0.18262  ,  Loss/l1: 0.01209  ,  Loss/location: 0.21933  ,  pro_loss: 0.13519  ,  IoU: 0.83036  ,  Loss/sim: 1.44961  ,  Loss/distill: 1.82576
[train: Epoch 7, 350 / 2500] FPS: 9.6 (0.7)  ,  DataTime: 0.412 (0.002)  ,  ForwardTime: 0.209  ,  TotalTime: 0.623  ,  Loss/total: 0.66674  ,  Loss/giou: 0.18084  ,  Loss/l1: 0.01205  ,  Loss/location: 0.21734  ,  pro_loss: 0.13405  ,  IoU: 0.83192  ,  Loss/sim: 1.44602  ,  Loss/distill: 1.82560
[train: Epoch 7, 400 / 2500] FPS: 9.6 (11.1)  ,  DataTime: 0.412 (0.002)  ,  ForwardTime: 0.209  ,  TotalTime: 0.623  ,  Loss/total: 0.66485  ,  Loss/giou: 0.18069  ,  Loss/l1: 0.01199  ,  Loss/location: 0.21617  ,  pro_loss: 0.13351  ,  IoU: 0.83203  ,  Loss/sim: 1.45172  ,  Loss/distill: 1.82657
[train: Epoch 7, 450 / 2500] FPS: 9.6 (10.3)  ,  DataTime: 0.416 (0.002)  ,  ForwardTime: 0.209  ,  TotalTime: 0.627  ,  Loss/total: 0.67156  ,  Loss/giou: 0.18159  ,  Loss/l1: 0.01232  ,  Loss/location: 0.21951  ,  pro_loss: 0.13299  ,  IoU: 0.83180  ,  Loss/sim: 1.44962  ,  Loss/distill: 1.82497
[train: Epoch 7, 500 / 2500] FPS: 9.5 (9.3)  ,  DataTime: 0.418 (0.002)  ,  ForwardTime: 0.209  ,  TotalTime: 0.630  ,  Loss/total: 0.66666  ,  Loss/giou: 0.18112  ,  Loss/l1: 0.01218  ,  Loss/location: 0.21625  ,  pro_loss: 0.13294  ,  IoU: 0.83203  ,  Loss/sim: 1.44833  ,  Loss/distill: 1.82318
[train: Epoch 7, 550 / 2500] FPS: 9.6 (9.5)  ,  DataTime: 0.417 (0.002)  ,  ForwardTime: 0.209  ,  TotalTime: 0.628  ,  Loss/total: 0.67024  ,  Loss/giou: 0.18161  ,  Loss/l1: 0.01225  ,  Loss/location: 0.21850  ,  pro_loss: 0.13295  ,  IoU: 0.83163  ,  Loss/sim: 1.44876  ,  Loss/distill: 1.82494
[train: Epoch 7, 600 / 2500] FPS: 9.6 (11.0)  ,  DataTime: 0.414 (0.002)  ,  ForwardTime: 0.209  ,  TotalTime: 0.625  ,  Loss/total: 0.67339  ,  Loss/giou: 0.18215  ,  Loss/l1: 0.01239  ,  Loss/location: 0.21992  ,  pro_loss: 0.13280  ,  IoU: 0.83140  ,  Loss/sim: 1.44424  ,  Loss/distill: 1.82325
[train: Epoch 7, 650 / 2500] FPS: 9.7 (11.1)  ,  DataTime: 0.408 (0.002)  ,  ForwardTime: 0.209  ,  TotalTime: 0.619  ,  Loss/total: 0.66885  ,  Loss/giou: 0.18097  ,  Loss/l1: 0.01224  ,  Loss/location: 0.21845  ,  pro_loss: 0.13295  ,  IoU: 0.83221  ,  Loss/sim: 1.44472  ,  Loss/distill: 1.82105
[train: Epoch 7, 700 / 2500] FPS: 9.7 (9.8)  ,  DataTime: 0.407 (0.002)  ,  ForwardTime: 0.209  ,  TotalTime: 0.619  ,  Loss/total: 0.66516  ,  Loss/giou: 0.18029  ,  Loss/l1: 0.01219  ,  Loss/location: 0.21634  ,  pro_loss: 0.13321  ,  IoU: 0.83279  ,  Loss/sim: 1.44247  ,  Loss/distill: 1.82085
[train: Epoch 7, 750 / 2500] FPS: 9.7 (8.1)  ,  DataTime: 0.409 (0.002)  ,  ForwardTime: 0.209  ,  TotalTime: 0.620  ,  Loss/total: 0.66922  ,  Loss/giou: 0.18144  ,  Loss/l1: 0.01232  ,  Loss/location: 0.21741  ,  pro_loss: 0.13339  ,  IoU: 0.83185  ,  Loss/sim: 1.44213  ,  Loss/distill: 1.81975
[train: Epoch 7, 800 / 2500] FPS: 9.6 (10.7)  ,  DataTime: 0.410 (0.002)  ,  ForwardTime: 0.209  ,  TotalTime: 0.622  ,  Loss/total: 0.67115  ,  Loss/giou: 0.18205  ,  Loss/l1: 0.01249  ,  Loss/location: 0.21727  ,  pro_loss: 0.13344  ,  IoU: 0.83153  ,  Loss/sim: 1.44145  ,  Loss/distill: 1.81913
[train: Epoch 7, 850 / 2500] FPS: 9.6 (10.4)  ,  DataTime: 0.412 (0.002)  ,  ForwardTime: 0.209  ,  TotalTime: 0.623  ,  Loss/total: 0.67214  ,  Loss/giou: 0.18237  ,  Loss/l1: 0.01255  ,  Loss/location: 0.21729  ,  pro_loss: 0.13359  ,  IoU: 0.83132  ,  Loss/sim: 1.44482  ,  Loss/distill: 1.82042
[train: Epoch 7, 900 / 2500] FPS: 9.6 (12.3)  ,  DataTime: 0.414 (0.002)  ,  ForwardTime: 0.209  ,  TotalTime: 0.625  ,  Loss/total: 0.67052  ,  Loss/giou: 0.18188  ,  Loss/l1: 0.01249  ,  Loss/location: 0.21695  ,  pro_loss: 0.13349  ,  IoU: 0.83161  ,  Loss/sim: 1.44458  ,  Loss/distill: 1.82014
[train: Epoch 7, 950 / 2500] FPS: 9.6 (9.5)  ,  DataTime: 0.414 (0.002)  ,  ForwardTime: 0.209  ,  TotalTime: 0.626  ,  Loss/total: 0.67251  ,  Loss/giou: 0.18237  ,  Loss/l1: 0.01249  ,  Loss/location: 0.21797  ,  pro_loss: 0.13342  ,  IoU: 0.83115  ,  Loss/sim: 1.44532  ,  Loss/distill: 1.81975
[train: Epoch 7, 1000 / 2500] FPS: 9.6 (10.2)  ,  DataTime: 0.413 (0.002)  ,  ForwardTime: 0.209  ,  TotalTime: 0.624  ,  Loss/total: 0.67207  ,  Loss/giou: 0.18208  ,  Loss/l1: 0.01247  ,  Loss/location: 0.21831  ,  pro_loss: 0.13308  ,  IoU: 0.83132  ,  Loss/sim: 1.44453  ,  Loss/distill: 1.81894
[train: Epoch 7, 1050 / 2500] FPS: 9.6 (11.5)  ,  DataTime: 0.412 (0.002)  ,  ForwardTime: 0.209  ,  TotalTime: 0.623  ,  Loss/total: 0.67448  ,  Loss/giou: 0.18264  ,  Loss/l1: 0.01252  ,  Loss/location: 0.21938  ,  pro_loss: 0.13267  ,  IoU: 0.83084  ,  Loss/sim: 1.44385  ,  Loss/distill: 1.81833
[train: Epoch 7, 1100 / 2500] FPS: 9.7 (8.4)  ,  DataTime: 0.410 (0.002)  ,  ForwardTime: 0.209  ,  TotalTime: 0.622  ,  Loss/total: 0.67264  ,  Loss/giou: 0.18191  ,  Loss/l1: 0.01247  ,  Loss/location: 0.21921  ,  pro_loss: 0.13301  ,  IoU: 0.83143  ,  Loss/sim: 1.44529  ,  Loss/distill: 1.81893
[train: Epoch 7, 1150 / 2500] FPS: 9.7 (7.9)  ,  DataTime: 0.409 (0.002)  ,  ForwardTime: 0.209  ,  TotalTime: 0.620  ,  Loss/total: 0.67300  ,  Loss/giou: 0.18203  ,  Loss/l1: 0.01252  ,  Loss/location: 0.21907  ,  pro_loss: 0.13318  ,  IoU: 0.83147  ,  Loss/sim: 1.44513  ,  Loss/distill: 1.81675
[train: Epoch 7, 1200 / 2500] FPS: 9.7 (10.6)  ,  DataTime: 0.408 (0.002)  ,  ForwardTime: 0.209  ,  TotalTime: 0.620  ,  Loss/total: 0.67236  ,  Loss/giou: 0.18190  ,  Loss/l1: 0.01248  ,  Loss/location: 0.21887  ,  pro_loss: 0.13333  ,  IoU: 0.83154  ,  Loss/sim: 1.44677  ,  Loss/distill: 1.81610
[train: Epoch 7, 1250 / 2500] FPS: 9.7 (11.2)  ,  DataTime: 0.407 (0.002)  ,  ForwardTime: 0.209  ,  TotalTime: 0.618  ,  Loss/total: 0.67335  ,  Loss/giou: 0.18216  ,  Loss/l1: 0.01253  ,  Loss/location: 0.21911  ,  pro_loss: 0.13300  ,  IoU: 0.83137  ,  Loss/sim: 1.44624  ,  Loss/distill: 1.81594
[train: Epoch 7, 1300 / 2500] FPS: 9.7 (12.6)  ,  DataTime: 0.404 (0.002)  ,  ForwardTime: 0.209  ,  TotalTime: 0.616  ,  Loss/total: 0.67580  ,  Loss/giou: 0.18266  ,  Loss/l1: 0.01263  ,  Loss/location: 0.22013  ,  pro_loss: 0.13283  ,  IoU: 0.83102  ,  Loss/sim: 1.44688  ,  Loss/distill: 1.81619
[train: Epoch 7, 1350 / 2500] FPS: 9.7 (12.8)  ,  DataTime: 0.406 (0.002)  ,  ForwardTime: 0.209  ,  TotalTime: 0.618  ,  Loss/total: 0.67436  ,  Loss/giou: 0.18213  ,  Loss/l1: 0.01256  ,  Loss/location: 0.22004  ,  pro_loss: 0.13301  ,  IoU: 0.83144  ,  Loss/sim: 1.44517  ,  Loss/distill: 1.81541
[train: Epoch 7, 1400 / 2500] FPS: 9.7 (11.8)  ,  DataTime: 0.406 (0.002)  ,  ForwardTime: 0.209  ,  TotalTime: 0.618  ,  Loss/total: 0.67479  ,  Loss/giou: 0.18222  ,  Loss/l1: 0.01259  ,  Loss/location: 0.22012  ,  pro_loss: 0.13302  ,  IoU: 0.83142  ,  Loss/sim: 1.44464  ,  Loss/distill: 1.81488
[train: Epoch 7, 1450 / 2500] FPS: 9.7 (10.7)  ,  DataTime: 0.406 (0.002)  ,  ForwardTime: 0.209  ,  TotalTime: 0.617  ,  Loss/total: 0.67629  ,  Loss/giou: 0.18255  ,  Loss/l1: 0.01264  ,  Loss/location: 0.22068  ,  pro_loss: 0.13322  ,  IoU: 0.83114  ,  Loss/sim: 1.44567  ,  Loss/distill: 1.81422
[train: Epoch 7, 1500 / 2500] FPS: 9.7 (9.8)  ,  DataTime: 0.404 (0.002)  ,  ForwardTime: 0.209  ,  TotalTime: 0.616  ,  Loss/total: 0.67671  ,  Loss/giou: 0.18262  ,  Loss/l1: 0.01266  ,  Loss/location: 0.22088  ,  pro_loss: 0.13305  ,  IoU: 0.83104  ,  Loss/sim: 1.44417  ,  Loss/distill: 1.81347
[train: Epoch 7, 1550 / 2500] FPS: 9.7 (7.8)  ,  DataTime: 0.404 (0.002)  ,  ForwardTime: 0.209  ,  TotalTime: 0.616  ,  Loss/total: 0.67585  ,  Loss/giou: 0.18239  ,  Loss/l1: 0.01263  ,  Loss/location: 0.22068  ,  pro_loss: 0.13295  ,  IoU: 0.83118  ,  Loss/sim: 1.44224  ,  Loss/distill: 1.81212
[train: Epoch 7, 1600 / 2500] FPS: 9.8 (8.8)  ,  DataTime: 0.403 (0.002)  ,  ForwardTime: 0.209  ,  TotalTime: 0.615  ,  Loss/total: 0.67418  ,  Loss/giou: 0.18212  ,  Loss/l1: 0.01258  ,  Loss/location: 0.21983  ,  pro_loss: 0.13265  ,  IoU: 0.83135  ,  Loss/sim: 1.44168  ,  Loss/distill: 1.81160
[train: Epoch 7, 1650 / 2500] FPS: 9.8 (12.8)  ,  DataTime: 0.402 (0.002)  ,  ForwardTime: 0.209  ,  TotalTime: 0.614  ,  Loss/total: 0.67533  ,  Loss/giou: 0.18235  ,  Loss/l1: 0.01261  ,  Loss/location: 0.22044  ,  pro_loss: 0.13243  ,  IoU: 0.83113  ,  Loss/sim: 1.44106  ,  Loss/distill: 1.81102
[train: Epoch 7, 1700 / 2500] FPS: 9.8 (12.3)  ,  DataTime: 0.402 (0.002)  ,  ForwardTime: 0.209  ,  TotalTime: 0.613  ,  Loss/total: 0.67585  ,  Loss/giou: 0.18246  ,  Loss/l1: 0.01265  ,  Loss/location: 0.22056  ,  pro_loss: 0.13239  ,  IoU: 0.83108  ,  Loss/sim: 1.43940  ,  Loss/distill: 1.80944
[train: Epoch 7, 1750 / 2500] FPS: 9.8 (18.5)  ,  DataTime: 0.402 (0.002)  ,  ForwardTime: 0.209  ,  TotalTime: 0.613  ,  Loss/total: 0.67490  ,  Loss/giou: 0.18213  ,  Loss/l1: 0.01258  ,  Loss/location: 0.22060  ,  pro_loss: 0.13243  ,  IoU: 0.83126  ,  Loss/sim: 1.43786  ,  Loss/distill: 1.80829
[train: Epoch 7, 1800 / 2500] FPS: 9.8 (8.9)  ,  DataTime: 0.401 (0.002)  ,  ForwardTime: 0.209  ,  TotalTime: 0.613  ,  Loss/total: 0.67632  ,  Loss/giou: 0.18247  ,  Loss/l1: 0.01261  ,  Loss/location: 0.22121  ,  pro_loss: 0.13240  ,  IoU: 0.83100  ,  Loss/sim: 1.43760  ,  Loss/distill: 1.80819
[train: Epoch 7, 1850 / 2500] FPS: 9.8 (11.0)  ,  DataTime: 0.401 (0.002)  ,  ForwardTime: 0.209  ,  TotalTime: 0.612  ,  Loss/total: 0.67825  ,  Loss/giou: 0.18290  ,  Loss/l1: 0.01266  ,  Loss/location: 0.22200  ,  pro_loss: 0.13246  ,  IoU: 0.83064  ,  Loss/sim: 1.43821  ,  Loss/distill: 1.80835
[train: Epoch 7, 1900 / 2500] FPS: 9.8 (9.7)  ,  DataTime: 0.400 (0.002)  ,  ForwardTime: 0.209  ,  TotalTime: 0.612  ,  Loss/total: 0.67861  ,  Loss/giou: 0.18291  ,  Loss/l1: 0.01272  ,  Loss/location: 0.22203  ,  pro_loss: 0.13243  ,  IoU: 0.83076  ,  Loss/sim: 1.43738  ,  Loss/distill: 1.80806
[train: Epoch 7, 1950 / 2500] FPS: 9.8 (8.7)  ,  DataTime: 0.400 (0.002)  ,  ForwardTime: 0.209  ,  TotalTime: 0.612  ,  Loss/total: 0.67780  ,  Loss/giou: 0.18271  ,  Loss/l1: 0.01267  ,  Loss/location: 0.22189  ,  pro_loss: 0.13236  ,  IoU: 0.83088  ,  Loss/sim: 1.43704  ,  Loss/distill: 1.80800
[train: Epoch 7, 2000 / 2500] FPS: 9.8 (12.6)  ,  DataTime: 0.399 (0.002)  ,  ForwardTime: 0.209  ,  TotalTime: 0.610  ,  Loss/total: 0.67829  ,  Loss/giou: 0.18288  ,  Loss/l1: 0.01269  ,  Loss/location: 0.22191  ,  pro_loss: 0.13245  ,  IoU: 0.83074  ,  Loss/sim: 1.43783  ,  Loss/distill: 1.80767
[train: Epoch 7, 2050 / 2500] FPS: 9.8 (12.8)  ,  DataTime: 0.400 (0.002)  ,  ForwardTime: 0.209  ,  TotalTime: 0.611  ,  Loss/total: 0.67841  ,  Loss/giou: 0.18289  ,  Loss/l1: 0.01269  ,  Loss/location: 0.22204  ,  pro_loss: 0.13247  ,  IoU: 0.83069  ,  Loss/sim: 1.43794  ,  Loss/distill: 1.80700
[train: Epoch 7, 2100 / 2500] FPS: 9.8 (14.0)  ,  DataTime: 0.399 (0.002)  ,  ForwardTime: 0.209  ,  TotalTime: 0.611  ,  Loss/total: 0.67850  ,  Loss/giou: 0.18299  ,  Loss/l1: 0.01269  ,  Loss/location: 0.22194  ,  pro_loss: 0.13237  ,  IoU: 0.83060  ,  Loss/sim: 1.43818  ,  Loss/distill: 1.80686
[train: Epoch 7, 2150 / 2500] FPS: 9.8 (12.7)  ,  DataTime: 0.400 (0.002)  ,  ForwardTime: 0.209  ,  TotalTime: 0.611  ,  Loss/total: 0.67891  ,  Loss/giou: 0.18318  ,  Loss/l1: 0.01270  ,  Loss/location: 0.22192  ,  pro_loss: 0.13227  ,  IoU: 0.83046  ,  Loss/sim: 1.43842  ,  Loss/distill: 1.80691
[train: Epoch 7, 2200 / 2500] FPS: 9.8 (6.4)  ,  DataTime: 0.403 (0.002)  ,  ForwardTime: 0.209  ,  TotalTime: 0.614  ,  Loss/total: 0.67810  ,  Loss/giou: 0.18308  ,  Loss/l1: 0.01268  ,  Loss/location: 0.22143  ,  pro_loss: 0.13242  ,  IoU: 0.83055  ,  Loss/sim: 1.43916  ,  Loss/distill: 1.80636
[train: Epoch 7, 2250 / 2500] FPS: 9.8 (9.6)  ,  DataTime: 0.402 (0.002)  ,  ForwardTime: 0.209  ,  TotalTime: 0.613  ,  Loss/total: 0.67760  ,  Loss/giou: 0.18299  ,  Loss/l1: 0.01265  ,  Loss/location: 0.22121  ,  pro_loss: 0.13245  ,  IoU: 0.83061  ,  Loss/sim: 1.43839  ,  Loss/distill: 1.80540
[train: Epoch 7, 2300 / 2500] FPS: 9.8 (11.3)  ,  DataTime: 0.401 (0.002)  ,  ForwardTime: 0.209  ,  TotalTime: 0.612  ,  Loss/total: 0.67742  ,  Loss/giou: 0.18297  ,  Loss/l1: 0.01263  ,  Loss/location: 0.22119  ,  pro_loss: 0.13242  ,  IoU: 0.83059  ,  Loss/sim: 1.43856  ,  Loss/distill: 1.80512
[train: Epoch 7, 2350 / 2500] FPS: 9.8 (14.9)  ,  DataTime: 0.401 (0.002)  ,  ForwardTime: 0.209  ,  TotalTime: 0.613  ,  Loss/total: 0.67636  ,  Loss/giou: 0.18265  ,  Loss/l1: 0.01260  ,  Loss/location: 0.22089  ,  pro_loss: 0.13267  ,  IoU: 0.83086  ,  Loss/sim: 1.43751  ,  Loss/distill: 1.80404
[train: Epoch 7, 2400 / 2500] FPS: 9.8 (12.2)  ,  DataTime: 0.401 (0.002)  ,  ForwardTime: 0.209  ,  TotalTime: 0.612  ,  Loss/total: 0.67566  ,  Loss/giou: 0.18258  ,  Loss/l1: 0.01257  ,  Loss/location: 0.22046  ,  pro_loss: 0.13265  ,  IoU: 0.83089  ,  Loss/sim: 1.43775  ,  Loss/distill: 1.80318
[train: Epoch 7, 2450 / 2500] FPS: 9.8 (10.2)  ,  DataTime: 0.399 (0.002)  ,  ForwardTime: 0.209  ,  TotalTime: 0.611  ,  Loss/total: 0.67765  ,  Loss/giou: 0.18307  ,  Loss/l1: 0.01264  ,  Loss/location: 0.22113  ,  pro_loss: 0.13259  ,  IoU: 0.83049  ,  Loss/sim: 1.43882  ,  Loss/distill: 1.80331
[train: Epoch 7, 2500 / 2500] FPS: 9.8 (7.4)  ,  DataTime: 0.399 (0.002)  ,  ForwardTime: 0.209  ,  TotalTime: 0.610  ,  Loss/total: 0.67843  ,  Loss/giou: 0.18326  ,  Loss/l1: 0.01268  ,  Loss/location: 0.22131  ,  pro_loss: 0.13259  ,  IoU: 0.83040  ,  Loss/sim: 1.43867  ,  Loss/distill: 1.80303
[train: Epoch 8, 50 / 2500] FPS: 10.0 (8.4)  ,  DataTime: 0.388 (0.002)  ,  ForwardTime: 0.209  ,  TotalTime: 0.599  ,  Loss/total: 0.65914  ,  Loss/giou: 0.17447  ,  Loss/l1: 0.01203  ,  Loss/location: 0.22306  ,  pro_loss: 0.13167  ,  IoU: 0.83772  ,  Loss/sim: 1.40248  ,  Loss/distill: 1.74234
[train: Epoch 8, 100 / 2500] FPS: 9.8 (9.4)  ,  DataTime: 0.401 (0.002)  ,  ForwardTime: 0.209  ,  TotalTime: 0.613  ,  Loss/total: 0.68122  ,  Loss/giou: 0.18019  ,  Loss/l1: 0.01251  ,  Loss/location: 0.23045  ,  pro_loss: 0.13597  ,  IoU: 0.83306  ,  Loss/sim: 1.44452  ,  Loss/distill: 1.76477
[train: Epoch 8, 150 / 2500] FPS: 10.0 (9.9)  ,  DataTime: 0.389 (0.002)  ,  ForwardTime: 0.209  ,  TotalTime: 0.600  ,  Loss/total: 0.65182  ,  Loss/giou: 0.17467  ,  Loss/l1: 0.01179  ,  Loss/location: 0.21610  ,  pro_loss: 0.13398  ,  IoU: 0.83736  ,  Loss/sim: 1.43952  ,  Loss/distill: 1.75809
[train: Epoch 8, 200 / 2500] FPS: 10.0 (4.3)  ,  DataTime: 0.388 (0.002)  ,  ForwardTime: 0.209  ,  TotalTime: 0.599  ,  Loss/total: 0.66367  ,  Loss/giou: 0.17699  ,  Loss/l1: 0.01223  ,  Loss/location: 0.22094  ,  pro_loss: 0.13486  ,  IoU: 0.83593  ,  Loss/sim: 1.43696  ,  Loss/distill: 1.75914
[train: Epoch 8, 250 / 2500] FPS: 10.0 (6.5)  ,  DataTime: 0.386 (0.002)  ,  ForwardTime: 0.209  ,  TotalTime: 0.597  ,  Loss/total: 0.66675  ,  Loss/giou: 0.17883  ,  Loss/l1: 0.01223  ,  Loss/location: 0.22055  ,  pro_loss: 0.13367  ,  IoU: 0.83409  ,  Loss/sim: 1.43276  ,  Loss/distill: 1.75725
[train: Epoch 8, 300 / 2500] FPS: 10.0 (8.0)  ,  DataTime: 0.387 (0.002)  ,  ForwardTime: 0.209  ,  TotalTime: 0.598  ,  Loss/total: 0.67168  ,  Loss/giou: 0.18071  ,  Loss/l1: 0.01247  ,  Loss/location: 0.22079  ,  pro_loss: 0.13245  ,  IoU: 0.83265  ,  Loss/sim: 1.42949  ,  Loss/distill: 1.75785
[train: Epoch 8, 350 / 2500] FPS: 10.0 (9.3)  ,  DataTime: 0.389 (0.002)  ,  ForwardTime: 0.209  ,  TotalTime: 0.600  ,  Loss/total: 0.66554  ,  Loss/giou: 0.17977  ,  Loss/l1: 0.01231  ,  Loss/location: 0.21741  ,  pro_loss: 0.13206  ,  IoU: 0.83321  ,  Loss/sim: 1.43082  ,  Loss/distill: 1.75923
[train: Epoch 8, 400 / 2500] FPS: 10.1 (10.5)  ,  DataTime: 0.386 (0.002)  ,  ForwardTime: 0.209  ,  TotalTime: 0.597  ,  Loss/total: 0.67197  ,  Loss/giou: 0.18143  ,  Loss/l1: 0.01225  ,  Loss/location: 0.22068  ,  pro_loss: 0.13267  ,  IoU: 0.83141  ,  Loss/sim: 1.43209  ,  Loss/distill: 1.75883
[train: Epoch 8, 450 / 2500] FPS: 10.1 (9.1)  ,  DataTime: 0.382 (0.002)  ,  ForwardTime: 0.209  ,  TotalTime: 0.593  ,  Loss/total: 0.67243  ,  Loss/giou: 0.18149  ,  Loss/l1: 0.01222  ,  Loss/location: 0.22125  ,  pro_loss: 0.13247  ,  IoU: 0.83134  ,  Loss/sim: 1.43231  ,  Loss/distill: 1.75752
[train: Epoch 8, 500 / 2500] FPS: 10.1 (13.3)  ,  DataTime: 0.385 (0.002)  ,  ForwardTime: 0.209  ,  TotalTime: 0.596  ,  Loss/total: 0.67454  ,  Loss/giou: 0.18211  ,  Loss/l1: 0.01239  ,  Loss/location: 0.22135  ,  pro_loss: 0.13194  ,  IoU: 0.83112  ,  Loss/sim: 1.43747  ,  Loss/distill: 1.75793
[train: Epoch 8, 550 / 2500] FPS: 10.1 (10.7)  ,  DataTime: 0.383 (0.002)  ,  ForwardTime: 0.209  ,  TotalTime: 0.595  ,  Loss/total: 0.67108  ,  Loss/giou: 0.18123  ,  Loss/l1: 0.01234  ,  Loss/location: 0.21973  ,  pro_loss: 0.13270  ,  IoU: 0.83190  ,  Loss/sim: 1.43622  ,  Loss/distill: 1.75929
[train: Epoch 8, 600 / 2500] FPS: 10.1 (12.2)  ,  DataTime: 0.384 (0.002)  ,  ForwardTime: 0.209  ,  TotalTime: 0.595  ,  Loss/total: 0.66956  ,  Loss/giou: 0.18097  ,  Loss/l1: 0.01232  ,  Loss/location: 0.21881  ,  pro_loss: 0.13273  ,  IoU: 0.83213  ,  Loss/sim: 1.43593  ,  Loss/distill: 1.75865
[train: Epoch 8, 650 / 2500] FPS: 10.1 (10.6)  ,  DataTime: 0.384 (0.002)  ,  ForwardTime: 0.209  ,  TotalTime: 0.596  ,  Loss/total: 0.66762  ,  Loss/giou: 0.18021  ,  Loss/l1: 0.01230  ,  Loss/location: 0.21852  ,  pro_loss: 0.13265  ,  IoU: 0.83284  ,  Loss/sim: 1.43754  ,  Loss/distill: 1.76003
[train: Epoch 8, 700 / 2500] FPS: 10.1 (13.2)  ,  DataTime: 0.385 (0.002)  ,  ForwardTime: 0.209  ,  TotalTime: 0.596  ,  Loss/total: 0.66770  ,  Loss/giou: 0.18023  ,  Loss/l1: 0.01229  ,  Loss/location: 0.21858  ,  pro_loss: 0.13292  ,  IoU: 0.83285  ,  Loss/sim: 1.43808  ,  Loss/distill: 1.75997
[train: Epoch 8, 750 / 2500] FPS: 10.1 (9.9)  ,  DataTime: 0.386 (0.002)  ,  ForwardTime: 0.209  ,  TotalTime: 0.597  ,  Loss/total: 0.66569  ,  Loss/giou: 0.17980  ,  Loss/l1: 0.01224  ,  Loss/location: 0.21764  ,  pro_loss: 0.13302  ,  IoU: 0.83314  ,  Loss/sim: 1.43376  ,  Loss/distill: 1.75855
[train: Epoch 8, 800 / 2500] FPS: 10.0 (10.4)  ,  DataTime: 0.388 (0.002)  ,  ForwardTime: 0.209  ,  TotalTime: 0.599  ,  Loss/total: 0.66894  ,  Loss/giou: 0.18084  ,  Loss/l1: 0.01232  ,  Loss/location: 0.21841  ,  pro_loss: 0.13312  ,  IoU: 0.83225  ,  Loss/sim: 1.43076  ,  Loss/distill: 1.75720
[train: Epoch 8, 850 / 2500] FPS: 10.1 (9.5)  ,  DataTime: 0.385 (0.002)  ,  ForwardTime: 0.209  ,  TotalTime: 0.597  ,  Loss/total: 0.67390  ,  Loss/giou: 0.18209  ,  Loss/l1: 0.01252  ,  Loss/location: 0.21979  ,  pro_loss: 0.13340  ,  IoU: 0.83143  ,  Loss/sim: 1.43223  ,  Loss/distill: 1.75650
[train: Epoch 8, 900 / 2500] FPS: 10.1 (14.2)  ,  DataTime: 0.385 (0.002)  ,  ForwardTime: 0.209  ,  TotalTime: 0.596  ,  Loss/total: 0.67166  ,  Loss/giou: 0.18146  ,  Loss/l1: 0.01244  ,  Loss/location: 0.21914  ,  pro_loss: 0.13370  ,  IoU: 0.83179  ,  Loss/sim: 1.43244  ,  Loss/distill: 1.75546
[train: Epoch 8, 950 / 2500] FPS: 10.1 (10.3)  ,  DataTime: 0.383 (0.002)  ,  ForwardTime: 0.209  ,  TotalTime: 0.595  ,  Loss/total: 0.67397  ,  Loss/giou: 0.18222  ,  Loss/l1: 0.01249  ,  Loss/location: 0.21965  ,  pro_loss: 0.13385  ,  IoU: 0.83117  ,  Loss/sim: 1.43320  ,  Loss/distill: 1.75494
[train: Epoch 8, 1000 / 2500] FPS: 10.1 (11.3)  ,  DataTime: 0.383 (0.002)  ,  ForwardTime: 0.209  ,  TotalTime: 0.595  ,  Loss/total: 0.67751  ,  Loss/giou: 0.18308  ,  Loss/l1: 0.01262  ,  Loss/location: 0.22083  ,  pro_loss: 0.13378  ,  IoU: 0.83053  ,  Loss/sim: 1.43167  ,  Loss/distill: 1.75404
[train: Epoch 8, 1050 / 2500] FPS: 10.1 (10.8)  ,  DataTime: 0.384 (0.002)  ,  ForwardTime: 0.209  ,  TotalTime: 0.596  ,  Loss/total: 0.68049  ,  Loss/giou: 0.18384  ,  Loss/l1: 0.01269  ,  Loss/location: 0.22195  ,  pro_loss: 0.13382  ,  IoU: 0.82990  ,  Loss/sim: 1.43138  ,  Loss/distill: 1.75354
[train: Epoch 8, 1100 / 2500] FPS: 10.0 (13.5)  ,  DataTime: 0.391 (0.002)  ,  ForwardTime: 0.209  ,  TotalTime: 0.603  ,  Loss/total: 0.67956  ,  Loss/giou: 0.18364  ,  Loss/l1: 0.01267  ,  Loss/location: 0.22151  ,  pro_loss: 0.13390  ,  IoU: 0.83011  ,  Loss/sim: 1.43212  ,  Loss/distill: 1.75304
[train: Epoch 8, 1150 / 2500] FPS: 10.0 (9.9)  ,  DataTime: 0.390 (0.002)  ,  ForwardTime: 0.209  ,  TotalTime: 0.601  ,  Loss/total: 0.68069  ,  Loss/giou: 0.18376  ,  Loss/l1: 0.01274  ,  Loss/location: 0.22198  ,  pro_loss: 0.13409  ,  IoU: 0.83007  ,  Loss/sim: 1.43063  ,  Loss/distill: 1.75210
[train: Epoch 8, 1200 / 2500] FPS: 10.0 (11.3)  ,  DataTime: 0.392 (0.002)  ,  ForwardTime: 0.209  ,  TotalTime: 0.603  ,  Loss/total: 0.68087  ,  Loss/giou: 0.18372  ,  Loss/l1: 0.01273  ,  Loss/location: 0.22230  ,  pro_loss: 0.13424  ,  IoU: 0.83008  ,  Loss/sim: 1.43018  ,  Loss/distill: 1.75147
[train: Epoch 8, 1250 / 2500] FPS: 9.9 (10.1)  ,  DataTime: 0.392 (0.002)  ,  ForwardTime: 0.209  ,  TotalTime: 0.603  ,  Loss/total: 0.68069  ,  Loss/giou: 0.18365  ,  Loss/l1: 0.01272  ,  Loss/location: 0.22235  ,  pro_loss: 0.13408  ,  IoU: 0.83008  ,  Loss/sim: 1.43126  ,  Loss/distill: 1.75196
[train: Epoch 8, 1300 / 2500] FPS: 9.9 (10.4)  ,  DataTime: 0.394 (0.002)  ,  ForwardTime: 0.209  ,  TotalTime: 0.606  ,  Loss/total: 0.68008  ,  Loss/giou: 0.18325  ,  Loss/l1: 0.01267  ,  Loss/location: 0.22272  ,  pro_loss: 0.13433  ,  IoU: 0.83037  ,  Loss/sim: 1.43135  ,  Loss/distill: 1.75184
[train: Epoch 8, 1350 / 2500] FPS: 9.8 (9.6)  ,  DataTime: 0.402 (0.002)  ,  ForwardTime: 0.209  ,  TotalTime: 0.613  ,  Loss/total: 0.67742  ,  Loss/giou: 0.18249  ,  Loss/l1: 0.01259  ,  Loss/location: 0.22200  ,  pro_loss: 0.13427  ,  IoU: 0.83095  ,  Loss/sim: 1.43145  ,  Loss/distill: 1.75072
[train: Epoch 8, 1400 / 2500] FPS: 9.8 (6.5)  ,  DataTime: 0.401 (0.002)  ,  ForwardTime: 0.209  ,  TotalTime: 0.612  ,  Loss/total: 0.67504  ,  Loss/giou: 0.18203  ,  Loss/l1: 0.01251  ,  Loss/location: 0.22097  ,  pro_loss: 0.13418  ,  IoU: 0.83125  ,  Loss/sim: 1.43050  ,  Loss/distill: 1.75069
[train: Epoch 8, 1450 / 2500] FPS: 9.8 (13.8)  ,  DataTime: 0.400 (0.002)  ,  ForwardTime: 0.209  ,  TotalTime: 0.612  ,  Loss/total: 0.67483  ,  Loss/giou: 0.18201  ,  Loss/l1: 0.01252  ,  Loss/location: 0.22077  ,  pro_loss: 0.13407  ,  IoU: 0.83126  ,  Loss/sim: 1.43053  ,  Loss/distill: 1.75062
[train: Epoch 8, 1500 / 2500] FPS: 9.8 (12.1)  ,  DataTime: 0.400 (0.002)  ,  ForwardTime: 0.209  ,  TotalTime: 0.611  ,  Loss/total: 0.67332  ,  Loss/giou: 0.18158  ,  Loss/l1: 0.01250  ,  Loss/location: 0.22020  ,  pro_loss: 0.13425  ,  IoU: 0.83167  ,  Loss/sim: 1.42949  ,  Loss/distill: 1.75010
[train: Epoch 8, 1550 / 2500] FPS: 9.8 (11.7)  ,  DataTime: 0.399 (0.002)  ,  ForwardTime: 0.209  ,  TotalTime: 0.611  ,  Loss/total: 0.67168  ,  Loss/giou: 0.18123  ,  Loss/l1: 0.01247  ,  Loss/location: 0.21934  ,  pro_loss: 0.13451  ,  IoU: 0.83198  ,  Loss/sim: 1.42941  ,  Loss/distill: 1.74991
[train: Epoch 8, 1600 / 2500] FPS: 9.8 (8.9)  ,  DataTime: 0.398 (0.002)  ,  ForwardTime: 0.209  ,  TotalTime: 0.610  ,  Loss/total: 0.67216  ,  Loss/giou: 0.18138  ,  Loss/l1: 0.01251  ,  Loss/location: 0.21929  ,  pro_loss: 0.13463  ,  IoU: 0.83190  ,  Loss/sim: 1.43010  ,  Loss/distill: 1.74967
[train: Epoch 8, 1650 / 2500] FPS: 9.8 (10.7)  ,  DataTime: 0.398 (0.002)  ,  ForwardTime: 0.209  ,  TotalTime: 0.610  ,  Loss/total: 0.67102  ,  Loss/giou: 0.18119  ,  Loss/l1: 0.01249  ,  Loss/location: 0.21857  ,  pro_loss: 0.13497  ,  IoU: 0.83210  ,  Loss/sim: 1.42902  ,  Loss/distill: 1.74803
[train: Epoch 8, 1700 / 2500] FPS: 9.8 (10.0)  ,  DataTime: 0.399 (0.002)  ,  ForwardTime: 0.209  ,  TotalTime: 0.610  ,  Loss/total: 0.67079  ,  Loss/giou: 0.18111  ,  Loss/l1: 0.01248  ,  Loss/location: 0.21853  ,  pro_loss: 0.13511  ,  IoU: 0.83217  ,  Loss/sim: 1.42920  ,  Loss/distill: 1.74787
[train: Epoch 8, 1750 / 2500] FPS: 9.8 (14.6)  ,  DataTime: 0.399 (0.002)  ,  ForwardTime: 0.209  ,  TotalTime: 0.610  ,  Loss/total: 0.67024  ,  Loss/giou: 0.18095  ,  Loss/l1: 0.01245  ,  Loss/location: 0.21840  ,  pro_loss: 0.13514  ,  IoU: 0.83225  ,  Loss/sim: 1.42859  ,  Loss/distill: 1.74704
[train: Epoch 8, 1800 / 2500] FPS: 9.8 (11.2)  ,  DataTime: 0.399 (0.002)  ,  ForwardTime: 0.209  ,  TotalTime: 0.610  ,  Loss/total: 0.67214  ,  Loss/giou: 0.18145  ,  Loss/l1: 0.01250  ,  Loss/location: 0.21910  ,  pro_loss: 0.13497  ,  IoU: 0.83183  ,  Loss/sim: 1.42804  ,  Loss/distill: 1.74638
[train: Epoch 8, 1850 / 2500] FPS: 9.8 (8.5)  ,  DataTime: 0.399 (0.002)  ,  ForwardTime: 0.209  ,  TotalTime: 0.610  ,  Loss/total: 0.67221  ,  Loss/giou: 0.18155  ,  Loss/l1: 0.01253  ,  Loss/location: 0.21883  ,  pro_loss: 0.13499  ,  IoU: 0.83178  ,  Loss/sim: 1.42729  ,  Loss/distill: 1.74524
[train: Epoch 8, 1900 / 2500] FPS: 9.8 (8.2)  ,  DataTime: 0.399 (0.002)  ,  ForwardTime: 0.209  ,  TotalTime: 0.610  ,  Loss/total: 0.67370  ,  Loss/giou: 0.18185  ,  Loss/l1: 0.01256  ,  Loss/location: 0.21956  ,  pro_loss: 0.13495  ,  IoU: 0.83155  ,  Loss/sim: 1.42694  ,  Loss/distill: 1.74499
[train: Epoch 8, 1950 / 2500] FPS: 9.9 (12.5)  ,  DataTime: 0.398 (0.002)  ,  ForwardTime: 0.209  ,  TotalTime: 0.609  ,  Loss/total: 0.67434  ,  Loss/giou: 0.18195  ,  Loss/l1: 0.01257  ,  Loss/location: 0.21994  ,  pro_loss: 0.13496  ,  IoU: 0.83153  ,  Loss/sim: 1.42733  ,  Loss/distill: 1.74468
[train: Epoch 8, 2000 / 2500] FPS: 9.9 (8.8)  ,  DataTime: 0.397 (0.002)  ,  ForwardTime: 0.209  ,  TotalTime: 0.608  ,  Loss/total: 0.67509  ,  Loss/giou: 0.18212  ,  Loss/l1: 0.01261  ,  Loss/location: 0.22019  ,  pro_loss: 0.13494  ,  IoU: 0.83142  ,  Loss/sim: 1.42826  ,  Loss/distill: 1.74453
[train: Epoch 8, 2050 / 2500] FPS: 9.9 (12.0)  ,  DataTime: 0.396 (0.002)  ,  ForwardTime: 0.209  ,  TotalTime: 0.607  ,  Loss/total: 0.67488  ,  Loss/giou: 0.18208  ,  Loss/l1: 0.01260  ,  Loss/location: 0.22011  ,  pro_loss: 0.13489  ,  IoU: 0.83145  ,  Loss/sim: 1.42823  ,  Loss/distill: 1.74370
[train: Epoch 8, 2100 / 2500] FPS: 9.9 (10.9)  ,  DataTime: 0.395 (0.002)  ,  ForwardTime: 0.209  ,  TotalTime: 0.606  ,  Loss/total: 0.67376  ,  Loss/giou: 0.18175  ,  Loss/l1: 0.01256  ,  Loss/location: 0.21985  ,  pro_loss: 0.13492  ,  IoU: 0.83171  ,  Loss/sim: 1.42792  ,  Loss/distill: 1.74340
[train: Epoch 8, 2150 / 2500] FPS: 9.9 (10.5)  ,  DataTime: 0.394 (0.002)  ,  ForwardTime: 0.209  ,  TotalTime: 0.605  ,  Loss/total: 0.67447  ,  Loss/giou: 0.18183  ,  Loss/l1: 0.01257  ,  Loss/location: 0.22033  ,  pro_loss: 0.13491  ,  IoU: 0.83165  ,  Loss/sim: 1.42817  ,  Loss/distill: 1.74311
[train: Epoch 8, 2200 / 2500] FPS: 9.9 (10.8)  ,  DataTime: 0.394 (0.002)  ,  ForwardTime: 0.209  ,  TotalTime: 0.605  ,  Loss/total: 0.67458  ,  Loss/giou: 0.18179  ,  Loss/l1: 0.01257  ,  Loss/location: 0.22055  ,  pro_loss: 0.13481  ,  IoU: 0.83166  ,  Loss/sim: 1.42917  ,  Loss/distill: 1.74330
[train: Epoch 8, 2250 / 2500] FPS: 9.9 (10.0)  ,  DataTime: 0.394 (0.002)  ,  ForwardTime: 0.209  ,  TotalTime: 0.606  ,  Loss/total: 0.67508  ,  Loss/giou: 0.18194  ,  Loss/l1: 0.01258  ,  Loss/location: 0.22074  ,  pro_loss: 0.13474  ,  IoU: 0.83152  ,  Loss/sim: 1.42910  ,  Loss/distill: 1.74303
[train: Epoch 8, 2300 / 2500] FPS: 9.9 (11.4)  ,  DataTime: 0.393 (0.002)  ,  ForwardTime: 0.209  ,  TotalTime: 0.605  ,  Loss/total: 0.67413  ,  Loss/giou: 0.18157  ,  Loss/l1: 0.01253  ,  Loss/location: 0.22072  ,  pro_loss: 0.13480  ,  IoU: 0.83178  ,  Loss/sim: 1.42808  ,  Loss/distill: 1.74232
[train: Epoch 8, 2350 / 2500] FPS: 9.9 (10.5)  ,  DataTime: 0.393 (0.002)  ,  ForwardTime: 0.209  ,  TotalTime: 0.604  ,  Loss/total: 0.67270  ,  Loss/giou: 0.18110  ,  Loss/l1: 0.01248  ,  Loss/location: 0.22052  ,  pro_loss: 0.13474  ,  IoU: 0.83214  ,  Loss/sim: 1.42810  ,  Loss/distill: 1.74183
[train: Epoch 8, 2400 / 2500] FPS: 9.9 (14.8)  ,  DataTime: 0.394 (0.002)  ,  ForwardTime: 0.209  ,  TotalTime: 0.606  ,  Loss/total: 0.67179  ,  Loss/giou: 0.18091  ,  Loss/l1: 0.01246  ,  Loss/location: 0.22010  ,  pro_loss: 0.13469  ,  IoU: 0.83231  ,  Loss/sim: 1.42753  ,  Loss/distill: 1.74119
[train: Epoch 8, 2450 / 2500] FPS: 9.9 (11.7)  ,  DataTime: 0.395 (0.002)  ,  ForwardTime: 0.209  ,  TotalTime: 0.606  ,  Loss/total: 0.67183  ,  Loss/giou: 0.18082  ,  Loss/l1: 0.01245  ,  Loss/location: 0.22035  ,  pro_loss: 0.13478  ,  IoU: 0.83237  ,  Loss/sim: 1.42589  ,  Loss/distill: 1.74025
[train: Epoch 8, 2500 / 2500] FPS: 9.9 (8.9)  ,  DataTime: 0.395 (0.002)  ,  ForwardTime: 0.209  ,  TotalTime: 0.606  ,  Loss/total: 0.67141  ,  Loss/giou: 0.18064  ,  Loss/l1: 0.01245  ,  Loss/location: 0.22028  ,  pro_loss: 0.13487  ,  IoU: 0.83254  ,  Loss/sim: 1.42578  ,  Loss/distill: 1.73969
[train: Epoch 9, 50 / 2500] FPS: 10.5 (9.8)  ,  DataTime: 0.362 (0.002)  ,  ForwardTime: 0.209  ,  TotalTime: 0.574  ,  Loss/total: 0.66833  ,  Loss/giou: 0.18076  ,  Loss/l1: 0.01251  ,  Loss/location: 0.21774  ,  pro_loss: 0.12944  ,  IoU: 0.83189  ,  Loss/sim: 1.41474  ,  Loss/distill: 1.73165
[train: Epoch 9, 100 / 2500] FPS: 9.7 (8.8)  ,  DataTime: 0.408 (0.002)  ,  ForwardTime: 0.209  ,  TotalTime: 0.619  ,  Loss/total: 0.69005  ,  Loss/giou: 0.18332  ,  Loss/l1: 0.01321  ,  Loss/location: 0.22950  ,  pro_loss: 0.13611  ,  IoU: 0.83064  ,  Loss/sim: 1.40637  ,  Loss/distill: 1.71941
[train: Epoch 9, 150 / 2500] FPS: 9.6 (7.5)  ,  DataTime: 0.416 (0.002)  ,  ForwardTime: 0.209  ,  TotalTime: 0.627  ,  Loss/total: 0.69851  ,  Loss/giou: 0.18509  ,  Loss/l1: 0.01321  ,  Loss/location: 0.23437  ,  pro_loss: 0.13630  ,  IoU: 0.82869  ,  Loss/sim: 1.40900  ,  Loss/distill: 1.72019
[train: Epoch 9, 200 / 2500] FPS: 9.6 (8.1)  ,  DataTime: 0.415 (0.002)  ,  ForwardTime: 0.209  ,  TotalTime: 0.626  ,  Loss/total: 0.67622  ,  Loss/giou: 0.18002  ,  Loss/l1: 0.01262  ,  Loss/location: 0.22519  ,  pro_loss: 0.13618  ,  IoU: 0.83263  ,  Loss/sim: 1.40149  ,  Loss/distill: 1.71124
[train: Epoch 9, 250 / 2500] FPS: 9.6 (12.6)  ,  DataTime: 0.412 (0.002)  ,  ForwardTime: 0.209  ,  TotalTime: 0.623  ,  Loss/total: 0.69092  ,  Loss/giou: 0.18426  ,  Loss/l1: 0.01302  ,  Loss/location: 0.22964  ,  pro_loss: 0.13500  ,  IoU: 0.82926  ,  Loss/sim: 1.40675  ,  Loss/distill: 1.71424
[train: Epoch 9, 300 / 2500] FPS: 9.7 (8.9)  ,  DataTime: 0.409 (0.002)  ,  ForwardTime: 0.209  ,  TotalTime: 0.620  ,  Loss/total: 0.68390  ,  Loss/giou: 0.18280  ,  Loss/l1: 0.01290  ,  Loss/location: 0.22662  ,  pro_loss: 0.13264  ,  IoU: 0.83057  ,  Loss/sim: 1.40872  ,  Loss/distill: 1.71529
[train: Epoch 9, 350 / 2500] FPS: 9.6 (7.9)  ,  DataTime: 0.415 (0.002)  ,  ForwardTime: 0.209  ,  TotalTime: 0.626  ,  Loss/total: 0.68796  ,  Loss/giou: 0.18367  ,  Loss/l1: 0.01300  ,  Loss/location: 0.22870  ,  pro_loss: 0.13155  ,  IoU: 0.82995  ,  Loss/sim: 1.40734  ,  Loss/distill: 1.71271
[train: Epoch 9, 400 / 2500] FPS: 9.6 (14.5)  ,  DataTime: 0.412 (0.002)  ,  ForwardTime: 0.209  ,  TotalTime: 0.623  ,  Loss/total: 0.69144  ,  Loss/giou: 0.18494  ,  Loss/l1: 0.01309  ,  Loss/location: 0.22924  ,  pro_loss: 0.13122  ,  IoU: 0.82889  ,  Loss/sim: 1.40797  ,  Loss/distill: 1.71250
[train: Epoch 9, 450 / 2500] FPS: 9.7 (12.2)  ,  DataTime: 0.408 (0.002)  ,  ForwardTime: 0.209  ,  TotalTime: 0.619  ,  Loss/total: 0.69441  ,  Loss/giou: 0.18548  ,  Loss/l1: 0.01319  ,  Loss/location: 0.23086  ,  pro_loss: 0.13006  ,  IoU: 0.82871  ,  Loss/sim: 1.40447  ,  Loss/distill: 1.71072
[train: Epoch 9, 500 / 2500] FPS: 9.7 (10.4)  ,  DataTime: 0.408 (0.002)  ,  ForwardTime: 0.209  ,  TotalTime: 0.619  ,  Loss/total: 0.69637  ,  Loss/giou: 0.18579  ,  Loss/l1: 0.01321  ,  Loss/location: 0.23217  ,  pro_loss: 0.12986  ,  IoU: 0.82837  ,  Loss/sim: 1.40128  ,  Loss/distill: 1.71008
[train: Epoch 9, 550 / 2500] FPS: 9.7 (8.7)  ,  DataTime: 0.407 (0.002)  ,  ForwardTime: 0.209  ,  TotalTime: 0.618  ,  Loss/total: 0.69377  ,  Loss/giou: 0.18534  ,  Loss/l1: 0.01314  ,  Loss/location: 0.23080  ,  pro_loss: 0.12972  ,  IoU: 0.82882  ,  Loss/sim: 1.40061  ,  Loss/distill: 1.70711
[train: Epoch 9, 600 / 2500] FPS: 9.7 (10.6)  ,  DataTime: 0.407 (0.002)  ,  ForwardTime: 0.209  ,  TotalTime: 0.618  ,  Loss/total: 0.69676  ,  Loss/giou: 0.18603  ,  Loss/l1: 0.01317  ,  Loss/location: 0.23228  ,  pro_loss: 0.12970  ,  IoU: 0.82830  ,  Loss/sim: 1.40292  ,  Loss/distill: 1.70925
[train: Epoch 9, 650 / 2500] FPS: 9.7 (13.2)  ,  DataTime: 0.404 (0.002)  ,  ForwardTime: 0.209  ,  TotalTime: 0.616  ,  Loss/total: 0.69452  ,  Loss/giou: 0.18533  ,  Loss/l1: 0.01313  ,  Loss/location: 0.23166  ,  pro_loss: 0.12960  ,  IoU: 0.82891  ,  Loss/sim: 1.40192  ,  Loss/distill: 1.70925
[train: Epoch 9, 700 / 2500] FPS: 9.7 (11.6)  ,  DataTime: 0.405 (0.002)  ,  ForwardTime: 0.209  ,  TotalTime: 0.616  ,  Loss/total: 0.69130  ,  Loss/giou: 0.18421  ,  Loss/l1: 0.01295  ,  Loss/location: 0.23153  ,  pro_loss: 0.12974  ,  IoU: 0.82965  ,  Loss/sim: 1.39999  ,  Loss/distill: 1.70783
[train: Epoch 9, 750 / 2500] FPS: 9.7 (10.4)  ,  DataTime: 0.408 (0.002)  ,  ForwardTime: 0.209  ,  TotalTime: 0.619  ,  Loss/total: 0.68880  ,  Loss/giou: 0.18364  ,  Loss/l1: 0.01290  ,  Loss/location: 0.23048  ,  pro_loss: 0.12950  ,  IoU: 0.83017  ,  Loss/sim: 1.40132  ,  Loss/distill: 1.70845
[train: Epoch 9, 800 / 2500] FPS: 9.7 (5.1)  ,  DataTime: 0.409 (0.002)  ,  ForwardTime: 0.209  ,  TotalTime: 0.620  ,  Loss/total: 0.68633  ,  Loss/giou: 0.18294  ,  Loss/l1: 0.01283  ,  Loss/location: 0.22972  ,  pro_loss: 0.12967  ,  IoU: 0.83072  ,  Loss/sim: 1.40558  ,  Loss/distill: 1.71017
[train: Epoch 9, 850 / 2500] FPS: 9.7 (11.4)  ,  DataTime: 0.410 (0.002)  ,  ForwardTime: 0.209  ,  TotalTime: 0.621  ,  Loss/total: 0.68819  ,  Loss/giou: 0.18318  ,  Loss/l1: 0.01292  ,  Loss/location: 0.23070  ,  pro_loss: 0.12951  ,  IoU: 0.83063  ,  Loss/sim: 1.40628  ,  Loss/distill: 1.71063
[train: Epoch 9, 900 / 2500] FPS: 9.7 (9.3)  ,  DataTime: 0.410 (0.002)  ,  ForwardTime: 0.209  ,  TotalTime: 0.621  ,  Loss/total: 0.68953  ,  Loss/giou: 0.18362  ,  Loss/l1: 0.01296  ,  Loss/location: 0.23086  ,  pro_loss: 0.13003  ,  IoU: 0.83030  ,  Loss/sim: 1.40417  ,  Loss/distill: 1.70857
[train: Epoch 9, 950 / 2500] FPS: 9.6 (7.3)  ,  DataTime: 0.411 (0.002)  ,  ForwardTime: 0.209  ,  TotalTime: 0.622  ,  Loss/total: 0.68653  ,  Loss/giou: 0.18293  ,  Loss/l1: 0.01285  ,  Loss/location: 0.22981  ,  pro_loss: 0.13002  ,  IoU: 0.83085  ,  Loss/sim: 1.40343  ,  Loss/distill: 1.70740
[train: Epoch 9, 1000 / 2500] FPS: 9.6 (8.7)  ,  DataTime: 0.411 (0.002)  ,  ForwardTime: 0.209  ,  TotalTime: 0.622  ,  Loss/total: 0.68819  ,  Loss/giou: 0.18350  ,  Loss/l1: 0.01291  ,  Loss/location: 0.22998  ,  pro_loss: 0.13006  ,  IoU: 0.83037  ,  Loss/sim: 1.40381  ,  Loss/distill: 1.70785
[train: Epoch 9, 1050 / 2500] FPS: 9.7 (10.1)  ,  DataTime: 0.408 (0.002)  ,  ForwardTime: 0.209  ,  TotalTime: 0.619  ,  Loss/total: 0.68828  ,  Loss/giou: 0.18360  ,  Loss/l1: 0.01292  ,  Loss/location: 0.22983  ,  pro_loss: 0.13012  ,  IoU: 0.83039  ,  Loss/sim: 1.40220  ,  Loss/distill: 1.70727
[train: Epoch 9, 1100 / 2500] FPS: 9.7 (7.1)  ,  DataTime: 0.407 (0.002)  ,  ForwardTime: 0.209  ,  TotalTime: 0.619  ,  Loss/total: 0.68927  ,  Loss/giou: 0.18405  ,  Loss/l1: 0.01299  ,  Loss/location: 0.22960  ,  pro_loss: 0.13010  ,  IoU: 0.83008  ,  Loss/sim: 1.40172  ,  Loss/distill: 1.70720
[train: Epoch 9, 1150 / 2500] FPS: 9.7 (11.5)  ,  DataTime: 0.406 (0.002)  ,  ForwardTime: 0.209  ,  TotalTime: 0.617  ,  Loss/total: 0.68620  ,  Loss/giou: 0.18352  ,  Loss/l1: 0.01291  ,  Loss/location: 0.22798  ,  pro_loss: 0.13012  ,  IoU: 0.83050  ,  Loss/sim: 1.40206  ,  Loss/distill: 1.70610
[train: Epoch 9, 1200 / 2500] FPS: 9.7 (5.6)  ,  DataTime: 0.404 (0.002)  ,  ForwardTime: 0.209  ,  TotalTime: 0.615  ,  Loss/total: 0.68663  ,  Loss/giou: 0.18389  ,  Loss/l1: 0.01296  ,  Loss/location: 0.22738  ,  pro_loss: 0.13030  ,  IoU: 0.83026  ,  Loss/sim: 1.40276  ,  Loss/distill: 1.70554
[train: Epoch 9, 1250 / 2500] FPS: 9.8 (13.6)  ,  DataTime: 0.404 (0.002)  ,  ForwardTime: 0.209  ,  TotalTime: 0.615  ,  Loss/total: 0.68423  ,  Loss/giou: 0.18332  ,  Loss/l1: 0.01287  ,  Loss/location: 0.22652  ,  pro_loss: 0.13043  ,  IoU: 0.83063  ,  Loss/sim: 1.40282  ,  Loss/distill: 1.70501
[train: Epoch 9, 1300 / 2500] FPS: 9.8 (11.6)  ,  DataTime: 0.403 (0.002)  ,  ForwardTime: 0.209  ,  TotalTime: 0.614  ,  Loss/total: 0.68250  ,  Loss/giou: 0.18292  ,  Loss/l1: 0.01286  ,  Loss/location: 0.22569  ,  pro_loss: 0.13024  ,  IoU: 0.83099  ,  Loss/sim: 1.40339  ,  Loss/distill: 1.70502
[train: Epoch 9, 1350 / 2500] FPS: 9.8 (12.0)  ,  DataTime: 0.402 (0.002)  ,  ForwardTime: 0.209  ,  TotalTime: 0.614  ,  Loss/total: 0.68249  ,  Loss/giou: 0.18283  ,  Loss/l1: 0.01288  ,  Loss/location: 0.22571  ,  pro_loss: 0.13038  ,  IoU: 0.83113  ,  Loss/sim: 1.40384  ,  Loss/distill: 1.70518
[train: Epoch 9, 1400 / 2500] FPS: 9.8 (12.0)  ,  DataTime: 0.401 (0.002)  ,  ForwardTime: 0.209  ,  TotalTime: 0.612  ,  Loss/total: 0.68215  ,  Loss/giou: 0.18252  ,  Loss/l1: 0.01285  ,  Loss/location: 0.22624  ,  pro_loss: 0.13002  ,  IoU: 0.83142  ,  Loss/sim: 1.40566  ,  Loss/distill: 1.70596
[train: Epoch 9, 1450 / 2500] FPS: 9.8 (12.7)  ,  DataTime: 0.400 (0.002)  ,  ForwardTime: 0.209  ,  TotalTime: 0.611  ,  Loss/total: 0.68208  ,  Loss/giou: 0.18245  ,  Loss/l1: 0.01282  ,  Loss/location: 0.22645  ,  pro_loss: 0.13007  ,  IoU: 0.83144  ,  Loss/sim: 1.40561  ,  Loss/distill: 1.70581
[train: Epoch 9, 1500 / 2500] FPS: 9.8 (11.8)  ,  DataTime: 0.399 (0.002)  ,  ForwardTime: 0.209  ,  TotalTime: 0.610  ,  Loss/total: 0.68310  ,  Loss/giou: 0.18271  ,  Loss/l1: 0.01286  ,  Loss/location: 0.22677  ,  pro_loss: 0.12997  ,  IoU: 0.83126  ,  Loss/sim: 1.40601  ,  Loss/distill: 1.70595
[train: Epoch 9, 1550 / 2500] FPS: 9.8 (9.6)  ,  DataTime: 0.398 (0.002)  ,  ForwardTime: 0.209  ,  TotalTime: 0.609  ,  Loss/total: 0.68285  ,  Loss/giou: 0.18270  ,  Loss/l1: 0.01282  ,  Loss/location: 0.22675  ,  pro_loss: 0.12988  ,  IoU: 0.83121  ,  Loss/sim: 1.40612  ,  Loss/distill: 1.70585
[train: Epoch 9, 1600 / 2500] FPS: 9.8 (8.1)  ,  DataTime: 0.401 (0.002)  ,  ForwardTime: 0.209  ,  TotalTime: 0.613  ,  Loss/total: 0.68102  ,  Loss/giou: 0.18219  ,  Loss/l1: 0.01275  ,  Loss/location: 0.22635  ,  pro_loss: 0.12960  ,  IoU: 0.83156  ,  Loss/sim: 1.40737  ,  Loss/distill: 1.70604
[train: Epoch 9, 1650 / 2500] FPS: 9.8 (11.7)  ,  DataTime: 0.401 (0.002)  ,  ForwardTime: 0.209  ,  TotalTime: 0.612  ,  Loss/total: 0.67996  ,  Loss/giou: 0.18193  ,  Loss/l1: 0.01270  ,  Loss/location: 0.22609  ,  pro_loss: 0.12942  ,  IoU: 0.83170  ,  Loss/sim: 1.40758  ,  Loss/distill: 1.70561
[train: Epoch 9, 1700 / 2500] FPS: 9.8 (6.9)  ,  DataTime: 0.400 (0.002)  ,  ForwardTime: 0.209  ,  TotalTime: 0.612  ,  Loss/total: 0.67855  ,  Loss/giou: 0.18150  ,  Loss/l1: 0.01267  ,  Loss/location: 0.22572  ,  pro_loss: 0.12929  ,  IoU: 0.83207  ,  Loss/sim: 1.40772  ,  Loss/distill: 1.70493
[train: Epoch 9, 1750 / 2500] FPS: 9.8 (10.3)  ,  DataTime: 0.399 (0.002)  ,  ForwardTime: 0.209  ,  TotalTime: 0.611  ,  Loss/total: 0.67827  ,  Loss/giou: 0.18148  ,  Loss/l1: 0.01265  ,  Loss/location: 0.22557  ,  pro_loss: 0.12924  ,  IoU: 0.83207  ,  Loss/sim: 1.40704  ,  Loss/distill: 1.70405
[train: Epoch 9, 1800 / 2500] FPS: 9.8 (3.6)  ,  DataTime: 0.399 (0.002)  ,  ForwardTime: 0.209  ,  TotalTime: 0.610  ,  Loss/total: 0.67741  ,  Loss/giou: 0.18124  ,  Loss/l1: 0.01263  ,  Loss/location: 0.22534  ,  pro_loss: 0.12912  ,  IoU: 0.83227  ,  Loss/sim: 1.40686  ,  Loss/distill: 1.70354
[train: Epoch 9, 1850 / 2500] FPS: 9.8 (13.3)  ,  DataTime: 0.399 (0.002)  ,  ForwardTime: 0.209  ,  TotalTime: 0.610  ,  Loss/total: 0.67751  ,  Loss/giou: 0.18123  ,  Loss/l1: 0.01262  ,  Loss/location: 0.22553  ,  pro_loss: 0.12897  ,  IoU: 0.83225  ,  Loss/sim: 1.40616  ,  Loss/distill: 1.70277
[train: Epoch 9, 1900 / 2500] FPS: 9.8 (17.9)  ,  DataTime: 0.398 (0.002)  ,  ForwardTime: 0.209  ,  TotalTime: 0.609  ,  Loss/total: 0.67855  ,  Loss/giou: 0.18146  ,  Loss/l1: 0.01266  ,  Loss/location: 0.22592  ,  pro_loss: 0.12895  ,  IoU: 0.83207  ,  Loss/sim: 1.40698  ,  Loss/distill: 1.70267
[train: Epoch 9, 1950 / 2500] FPS: 9.9 (9.1)  ,  DataTime: 0.398 (0.002)  ,  ForwardTime: 0.209  ,  TotalTime: 0.609  ,  Loss/total: 0.67772  ,  Loss/giou: 0.18130  ,  Loss/l1: 0.01265  ,  Loss/location: 0.22548  ,  pro_loss: 0.12873  ,  IoU: 0.83220  ,  Loss/sim: 1.40715  ,  Loss/distill: 1.70211
[train: Epoch 9, 2000 / 2500] FPS: 9.8 (9.6)  ,  DataTime: 0.399 (0.002)  ,  ForwardTime: 0.209  ,  TotalTime: 0.610  ,  Loss/total: 0.67915  ,  Loss/giou: 0.18176  ,  Loss/l1: 0.01270  ,  Loss/location: 0.22576  ,  pro_loss: 0.12877  ,  IoU: 0.83180  ,  Loss/sim: 1.40768  ,  Loss/distill: 1.70212
[train: Epoch 9, 2050 / 2500] FPS: 9.8 (9.1)  ,  DataTime: 0.399 (0.002)  ,  ForwardTime: 0.209  ,  TotalTime: 0.610  ,  Loss/total: 0.68014  ,  Loss/giou: 0.18194  ,  Loss/l1: 0.01270  ,  Loss/location: 0.22642  ,  pro_loss: 0.12874  ,  IoU: 0.83162  ,  Loss/sim: 1.40823  ,  Loss/distill: 1.70190
[train: Epoch 9, 2100 / 2500] FPS: 9.8 (11.2)  ,  DataTime: 0.399 (0.002)  ,  ForwardTime: 0.209  ,  TotalTime: 0.610  ,  Loss/total: 0.67955  ,  Loss/giou: 0.18173  ,  Loss/l1: 0.01269  ,  Loss/location: 0.22630  ,  pro_loss: 0.12870  ,  IoU: 0.83179  ,  Loss/sim: 1.40778  ,  Loss/distill: 1.70101
[train: Epoch 9, 2150 / 2500] FPS: 9.8 (9.3)  ,  DataTime: 0.398 (0.002)  ,  ForwardTime: 0.209  ,  TotalTime: 0.610  ,  Loss/total: 0.67929  ,  Loss/giou: 0.18177  ,  Loss/l1: 0.01270  ,  Loss/location: 0.22582  ,  pro_loss: 0.12898  ,  IoU: 0.83178  ,  Loss/sim: 1.40850  ,  Loss/distill: 1.70092
[train: Epoch 9, 2200 / 2500] FPS: 9.9 (12.7)  ,  DataTime: 0.398 (0.002)  ,  ForwardTime: 0.209  ,  TotalTime: 0.609  ,  Loss/total: 0.67945  ,  Loss/giou: 0.18188  ,  Loss/l1: 0.01269  ,  Loss/location: 0.22575  ,  pro_loss: 0.12918  ,  IoU: 0.83167  ,  Loss/sim: 1.40749  ,  Loss/distill: 1.70043
[train: Epoch 9, 2250 / 2500] FPS: 9.8 (9.9)  ,  DataTime: 0.398 (0.002)  ,  ForwardTime: 0.209  ,  TotalTime: 0.610  ,  Loss/total: 0.67825  ,  Loss/giou: 0.18160  ,  Loss/l1: 0.01264  ,  Loss/location: 0.22535  ,  pro_loss: 0.12933  ,  IoU: 0.83184  ,  Loss/sim: 1.40731  ,  Loss/distill: 1.69975
[train: Epoch 9, 2300 / 2500] FPS: 9.8 (12.5)  ,  DataTime: 0.398 (0.002)  ,  ForwardTime: 0.209  ,  TotalTime: 0.610  ,  Loss/total: 0.67816  ,  Loss/giou: 0.18153  ,  Loss/l1: 0.01262  ,  Loss/location: 0.22551  ,  pro_loss: 0.12926  ,  IoU: 0.83187  ,  Loss/sim: 1.40788  ,  Loss/distill: 1.69894
[train: Epoch 9, 2350 / 2500] FPS: 9.9 (5.5)  ,  DataTime: 0.398 (0.002)  ,  ForwardTime: 0.209  ,  TotalTime: 0.609  ,  Loss/total: 0.67739  ,  Loss/giou: 0.18136  ,  Loss/l1: 0.01260  ,  Loss/location: 0.22519  ,  pro_loss: 0.12935  ,  IoU: 0.83199  ,  Loss/sim: 1.40740  ,  Loss/distill: 1.69812
[train: Epoch 9, 2400 / 2500] FPS: 9.8 (9.2)  ,  DataTime: 0.398 (0.002)  ,  ForwardTime: 0.209  ,  TotalTime: 0.609  ,  Loss/total: 0.67754  ,  Loss/giou: 0.18136  ,  Loss/l1: 0.01260  ,  Loss/location: 0.22537  ,  pro_loss: 0.12910  ,  IoU: 0.83199  ,  Loss/sim: 1.40820  ,  Loss/distill: 1.69783
[train: Epoch 9, 2450 / 2500] FPS: 9.9 (10.9)  ,  DataTime: 0.397 (0.002)  ,  ForwardTime: 0.209  ,  TotalTime: 0.609  ,  Loss/total: 0.67757  ,  Loss/giou: 0.18141  ,  Loss/l1: 0.01262  ,  Loss/location: 0.22524  ,  pro_loss: 0.12909  ,  IoU: 0.83196  ,  Loss/sim: 1.40847  ,  Loss/distill: 1.69761
[train: Epoch 9, 2500 / 2500] FPS: 9.9 (7.8)  ,  DataTime: 0.397 (0.002)  ,  ForwardTime: 0.209  ,  TotalTime: 0.608  ,  Loss/total: 0.67850  ,  Loss/giou: 0.18164  ,  Loss/l1: 0.01265  ,  Loss/location: 0.22554  ,  pro_loss: 0.12898  ,  IoU: 0.83179  ,  Loss/sim: 1.40767  ,  Loss/distill: 1.69619
[train: Epoch 10, 50 / 2500] FPS: 10.5 (11.9)  ,  DataTime: 0.359 (0.002)  ,  ForwardTime: 0.210  ,  TotalTime: 0.571  ,  Loss/total: 0.72263  ,  Loss/giou: 0.19550  ,  Loss/l1: 0.01440  ,  Loss/location: 0.23421  ,  pro_loss: 0.12389  ,  IoU: 0.82287  ,  Loss/sim: 1.43891  ,  Loss/distill: 1.68320
[train: Epoch 10, 100 / 2500] FPS: 10.2 (7.5)  ,  DataTime: 0.370 (0.002)  ,  ForwardTime: 0.218  ,  TotalTime: 0.591  ,  Loss/total: 0.68249  ,  Loss/giou: 0.18305  ,  Loss/l1: 0.01326  ,  Loss/location: 0.22391  ,  pro_loss: 0.12764  ,  IoU: 0.83222  ,  Loss/sim: 1.43898  ,  Loss/distill: 1.68672
[train: Epoch 10, 150 / 2500] FPS: 10.1 (13.5)  ,  DataTime: 0.379 (0.002)  ,  ForwardTime: 0.215  ,  TotalTime: 0.596  ,  Loss/total: 0.67541  ,  Loss/giou: 0.18054  ,  Loss/l1: 0.01292  ,  Loss/location: 0.22328  ,  pro_loss: 0.12926  ,  IoU: 0.83349  ,  Loss/sim: 1.41186  ,  Loss/distill: 1.67425
[train: Epoch 10, 200 / 2500] FPS: 10.2 (11.8)  ,  DataTime: 0.371 (0.002)  ,  ForwardTime: 0.214  ,  TotalTime: 0.587  ,  Loss/total: 0.67531  ,  Loss/giou: 0.18045  ,  Loss/l1: 0.01287  ,  Loss/location: 0.22362  ,  pro_loss: 0.12903  ,  IoU: 0.83364  ,  Loss/sim: 1.41316  ,  Loss/distill: 1.67486
[train: Epoch 10, 250 / 2500] FPS: 10.0 (9.9)  ,  DataTime: 0.383 (0.002)  ,  ForwardTime: 0.213  ,  TotalTime: 0.598  ,  Loss/total: 0.68268  ,  Loss/giou: 0.18286  ,  Loss/l1: 0.01304  ,  Loss/location: 0.22553  ,  pro_loss: 0.12811  ,  IoU: 0.83186  ,  Loss/sim: 1.41130  ,  Loss/distill: 1.67323
[train: Epoch 10, 300 / 2500] FPS: 10.0 (7.3)  ,  DataTime: 0.385 (0.002)  ,  ForwardTime: 0.212  ,  TotalTime: 0.599  ,  Loss/total: 0.67950  ,  Loss/giou: 0.18120  ,  Loss/l1: 0.01285  ,  Loss/location: 0.22653  ,  pro_loss: 0.12847  ,  IoU: 0.83289  ,  Loss/sim: 1.41204  ,  Loss/distill: 1.67142
[train: Epoch 10, 350 / 2500] FPS: 10.1 (14.4)  ,  DataTime: 0.382 (0.002)  ,  ForwardTime: 0.212  ,  TotalTime: 0.596  ,  Loss/total: 0.67973  ,  Loss/giou: 0.18169  ,  Loss/l1: 0.01289  ,  Loss/location: 0.22542  ,  pro_loss: 0.12940  ,  IoU: 0.83262  ,  Loss/sim: 1.41020  ,  Loss/distill: 1.66941
[train: Epoch 10, 400 / 2500] FPS: 10.0 (12.3)  ,  DataTime: 0.386 (0.002)  ,  ForwardTime: 0.212  ,  TotalTime: 0.600  ,  Loss/total: 0.68122  ,  Loss/giou: 0.18180  ,  Loss/l1: 0.01291  ,  Loss/location: 0.22655  ,  pro_loss: 0.12958  ,  IoU: 0.83231  ,  Loss/sim: 1.41677  ,  Loss/distill: 1.67082
[train: Epoch 10, 450 / 2500] FPS: 10.0 (9.4)  ,  DataTime: 0.387 (0.002)  ,  ForwardTime: 0.211  ,  TotalTime: 0.600  ,  Loss/total: 0.68329  ,  Loss/giou: 0.18235  ,  Loss/l1: 0.01295  ,  Loss/location: 0.22727  ,  pro_loss: 0.12966  ,  IoU: 0.83188  ,  Loss/sim: 1.41726  ,  Loss/distill: 1.67254
[train: Epoch 10, 500 / 2500] FPS: 10.1 (12.0)  ,  DataTime: 0.384 (0.002)  ,  ForwardTime: 0.211  ,  TotalTime: 0.597  ,  Loss/total: 0.67794  ,  Loss/giou: 0.18099  ,  Loss/l1: 0.01280  ,  Loss/location: 0.22543  ,  pro_loss: 0.12950  ,  IoU: 0.83288  ,  Loss/sim: 1.41709  ,  Loss/distill: 1.67050
[train: Epoch 10, 550 / 2500] FPS: 10.0 (8.6)  ,  DataTime: 0.386 (0.002)  ,  ForwardTime: 0.211  ,  TotalTime: 0.599  ,  Loss/total: 0.68301  ,  Loss/giou: 0.18210  ,  Loss/l1: 0.01292  ,  Loss/location: 0.22764  ,  pro_loss: 0.12972  ,  IoU: 0.83191  ,  Loss/sim: 1.41778  ,  Loss/distill: 1.67179
[train: Epoch 10, 600 / 2500] FPS: 10.1 (10.5)  ,  DataTime: 0.384 (0.002)  ,  ForwardTime: 0.211  ,  TotalTime: 0.597  ,  Loss/total: 0.68577  ,  Loss/giou: 0.18309  ,  Loss/l1: 0.01293  ,  Loss/location: 0.22839  ,  pro_loss: 0.12963  ,  IoU: 0.83114  ,  Loss/sim: 1.42006  ,  Loss/distill: 1.67130
[train: Epoch 10, 650 / 2500] FPS: 10.0 (9.3)  ,  DataTime: 0.389 (0.002)  ,  ForwardTime: 0.211  ,  TotalTime: 0.602  ,  Loss/total: 0.68897  ,  Loss/giou: 0.18380  ,  Loss/l1: 0.01302  ,  Loss/location: 0.22978  ,  pro_loss: 0.12936  ,  IoU: 0.83052  ,  Loss/sim: 1.41849  ,  Loss/distill: 1.67238
[train: Epoch 10, 700 / 2500] FPS: 10.0 (10.8)  ,  DataTime: 0.386 (0.002)  ,  ForwardTime: 0.210  ,  TotalTime: 0.599  ,  Loss/total: 0.69065  ,  Loss/giou: 0.18479  ,  Loss/l1: 0.01313  ,  Loss/location: 0.22888  ,  pro_loss: 0.12964  ,  IoU: 0.82983  ,  Loss/sim: 1.41930  ,  Loss/distill: 1.67193
[train: Epoch 10, 750 / 2500] FPS: 10.0 (10.4)  ,  DataTime: 0.386 (0.002)  ,  ForwardTime: 0.210  ,  TotalTime: 0.598  ,  Loss/total: 0.68985  ,  Loss/giou: 0.18451  ,  Loss/l1: 0.01312  ,  Loss/location: 0.22867  ,  pro_loss: 0.12969  ,  IoU: 0.83004  ,  Loss/sim: 1.41814  ,  Loss/distill: 1.67051
[train: Epoch 10, 800 / 2500] FPS: 10.0 (10.6)  ,  DataTime: 0.387 (0.002)  ,  ForwardTime: 0.210  ,  TotalTime: 0.599  ,  Loss/total: 0.68707  ,  Loss/giou: 0.18357  ,  Loss/l1: 0.01302  ,  Loss/location: 0.22828  ,  pro_loss: 0.12965  ,  IoU: 0.83082  ,  Loss/sim: 1.41630  ,  Loss/distill: 1.66876
[train: Epoch 10, 850 / 2500] FPS: 10.0 (17.7)  ,  DataTime: 0.387 (0.002)  ,  ForwardTime: 0.210  ,  TotalTime: 0.600  ,  Loss/total: 0.68418  ,  Loss/giou: 0.18305  ,  Loss/l1: 0.01297  ,  Loss/location: 0.22676  ,  pro_loss: 0.12925  ,  IoU: 0.83119  ,  Loss/sim: 1.41731  ,  Loss/distill: 1.66805
[train: Epoch 10, 900 / 2500] FPS: 10.0 (9.0)  ,  DataTime: 0.389 (0.002)  ,  ForwardTime: 0.210  ,  TotalTime: 0.601  ,  Loss/total: 0.68167  ,  Loss/giou: 0.18249  ,  Loss/l1: 0.01288  ,  Loss/location: 0.22585  ,  pro_loss: 0.12898  ,  IoU: 0.83158  ,  Loss/sim: 1.41331  ,  Loss/distill: 1.66545
[train: Epoch 10, 950 / 2500] FPS: 10.0 (10.4)  ,  DataTime: 0.388 (0.002)  ,  ForwardTime: 0.210  ,  TotalTime: 0.600  ,  Loss/total: 0.67961  ,  Loss/giou: 0.18159  ,  Loss/l1: 0.01274  ,  Loss/location: 0.22621  ,  pro_loss: 0.12946  ,  IoU: 0.83214  ,  Loss/sim: 1.41104  ,  Loss/distill: 1.66457
[train: Epoch 10, 1000 / 2500] FPS: 10.0 (10.7)  ,  DataTime: 0.387 (0.002)  ,  ForwardTime: 0.210  ,  TotalTime: 0.600  ,  Loss/total: 0.67911  ,  Loss/giou: 0.18178  ,  Loss/l1: 0.01273  ,  Loss/location: 0.22542  ,  pro_loss: 0.12940  ,  IoU: 0.83193  ,  Loss/sim: 1.41287  ,  Loss/distill: 1.66534
[train: Epoch 10, 1050 / 2500] FPS: 10.0 (1.6)  ,  DataTime: 0.390 (0.002)  ,  ForwardTime: 0.210  ,  TotalTime: 0.602  ,  Loss/total: 0.67915  ,  Loss/giou: 0.18175  ,  Loss/l1: 0.01267  ,  Loss/location: 0.22573  ,  pro_loss: 0.12963  ,  IoU: 0.83185  ,  Loss/sim: 1.41189  ,  Loss/distill: 1.66467
[train: Epoch 10, 1100 / 2500] FPS: 10.0 (12.2)  ,  DataTime: 0.390 (0.002)  ,  ForwardTime: 0.210  ,  TotalTime: 0.602  ,  Loss/total: 0.67996  ,  Loss/giou: 0.18192  ,  Loss/l1: 0.01273  ,  Loss/location: 0.22595  ,  pro_loss: 0.12955  ,  IoU: 0.83175  ,  Loss/sim: 1.41261  ,  Loss/distill: 1.66470
[train: Epoch 10, 1150 / 2500] FPS: 10.0 (13.5)  ,  DataTime: 0.386 (0.002)  ,  ForwardTime: 0.210  ,  TotalTime: 0.599  ,  Loss/total: 0.68167  ,  Loss/giou: 0.18256  ,  Loss/l1: 0.01279  ,  Loss/location: 0.22612  ,  pro_loss: 0.12931  ,  IoU: 0.83122  ,  Loss/sim: 1.41225  ,  Loss/distill: 1.66375
[train: Epoch 10, 1200 / 2500] FPS: 10.0 (13.9)  ,  DataTime: 0.387 (0.002)  ,  ForwardTime: 0.210  ,  TotalTime: 0.599  ,  Loss/total: 0.67908  ,  Loss/giou: 0.18194  ,  Loss/l1: 0.01271  ,  Loss/location: 0.22518  ,  pro_loss: 0.12933  ,  IoU: 0.83167  ,  Loss/sim: 1.41128  ,  Loss/distill: 1.66315
[train: Epoch 10, 1250 / 2500] FPS: 10.0 (12.0)  ,  DataTime: 0.386 (0.002)  ,  ForwardTime: 0.210  ,  TotalTime: 0.598  ,  Loss/total: 0.67903  ,  Loss/giou: 0.18197  ,  Loss/l1: 0.01270  ,  Loss/location: 0.22512  ,  pro_loss: 0.12917  ,  IoU: 0.83166  ,  Loss/sim: 1.41130  ,  Loss/distill: 1.66312
[train: Epoch 10, 1300 / 2500] FPS: 10.0 (8.7)  ,  DataTime: 0.388 (0.002)  ,  ForwardTime: 0.210  ,  TotalTime: 0.600  ,  Loss/total: 0.67748  ,  Loss/giou: 0.18158  ,  Loss/l1: 0.01263  ,  Loss/location: 0.22476  ,  pro_loss: 0.12900  ,  IoU: 0.83198  ,  Loss/sim: 1.41141  ,  Loss/distill: 1.66354
[train: Epoch 10, 1350 / 2500] FPS: 10.0 (10.9)  ,  DataTime: 0.390 (0.002)  ,  ForwardTime: 0.210  ,  TotalTime: 0.602  ,  Loss/total: 0.67725  ,  Loss/giou: 0.18151  ,  Loss/l1: 0.01262  ,  Loss/location: 0.22478  ,  pro_loss: 0.12876  ,  IoU: 0.83202  ,  Loss/sim: 1.40907  ,  Loss/distill: 1.66203
[train: Epoch 10, 1400 / 2500] FPS: 10.0 (8.7)  ,  DataTime: 0.390 (0.002)  ,  ForwardTime: 0.210  ,  TotalTime: 0.602  ,  Loss/total: 0.67627  ,  Loss/giou: 0.18137  ,  Loss/l1: 0.01261  ,  Loss/location: 0.22418  ,  pro_loss: 0.12839  ,  IoU: 0.83211  ,  Loss/sim: 1.40913  ,  Loss/distill: 1.66370
[train: Epoch 10, 1450 / 2500] FPS: 10.0 (7.8)  ,  DataTime: 0.390 (0.002)  ,  ForwardTime: 0.210  ,  TotalTime: 0.602  ,  Loss/total: 0.67613  ,  Loss/giou: 0.18130  ,  Loss/l1: 0.01260  ,  Loss/location: 0.22415  ,  pro_loss: 0.12875  ,  IoU: 0.83215  ,  Loss/sim: 1.41006  ,  Loss/distill: 1.66448
[train: Epoch 10, 1500 / 2500] FPS: 10.0 (8.0)  ,  DataTime: 0.390 (0.002)  ,  ForwardTime: 0.210  ,  TotalTime: 0.601  ,  Loss/total: 0.67464  ,  Loss/giou: 0.18086  ,  Loss/l1: 0.01256  ,  Loss/location: 0.22376  ,  pro_loss: 0.12884  ,  IoU: 0.83246  ,  Loss/sim: 1.40967  ,  Loss/distill: 1.66411
[train: Epoch 10, 1550 / 2500] FPS: 10.0 (11.4)  ,  DataTime: 0.390 (0.002)  ,  ForwardTime: 0.210  ,  TotalTime: 0.602  ,  Loss/total: 0.67662  ,  Loss/giou: 0.18133  ,  Loss/l1: 0.01260  ,  Loss/location: 0.22462  ,  pro_loss: 0.12858  ,  IoU: 0.83205  ,  Loss/sim: 1.41035  ,  Loss/distill: 1.66454
[train: Epoch 10, 1600 / 2500] FPS: 10.0 (11.3)  ,  DataTime: 0.390 (0.002)  ,  ForwardTime: 0.210  ,  TotalTime: 0.602  ,  Loss/total: 0.67495  ,  Loss/giou: 0.18091  ,  Loss/l1: 0.01256  ,  Loss/location: 0.22406  ,  pro_loss: 0.12821  ,  IoU: 0.83238  ,  Loss/sim: 1.41022  ,  Loss/distill: 1.66423
[train: Epoch 10, 1650 / 2500] FPS: 10.0 (11.0)  ,  DataTime: 0.390 (0.002)  ,  ForwardTime: 0.210  ,  TotalTime: 0.602  ,  Loss/total: 0.67431  ,  Loss/giou: 0.18089  ,  Loss/l1: 0.01254  ,  Loss/location: 0.22360  ,  pro_loss: 0.12811  ,  IoU: 0.83240  ,  Loss/sim: 1.41017  ,  Loss/distill: 1.66361
[train: Epoch 10, 1700 / 2500] FPS: 10.0 (12.1)  ,  DataTime: 0.389 (0.002)  ,  ForwardTime: 0.210  ,  TotalTime: 0.601  ,  Loss/total: 0.67361  ,  Loss/giou: 0.18062  ,  Loss/l1: 0.01253  ,  Loss/location: 0.22350  ,  pro_loss: 0.12812  ,  IoU: 0.83265  ,  Loss/sim: 1.40910  ,  Loss/distill: 1.66237
[train: Epoch 10, 1750 / 2500] FPS: 10.0 (8.7)  ,  DataTime: 0.391 (0.002)  ,  ForwardTime: 0.210  ,  TotalTime: 0.602  ,  Loss/total: 0.67314  ,  Loss/giou: 0.18064  ,  Loss/l1: 0.01251  ,  Loss/location: 0.22309  ,  pro_loss: 0.12792  ,  IoU: 0.83259  ,  Loss/sim: 1.40879  ,  Loss/distill: 1.66151
[train: Epoch 10, 1800 / 2500] FPS: 10.0 (11.8)  ,  DataTime: 0.390 (0.002)  ,  ForwardTime: 0.210  ,  TotalTime: 0.601  ,  Loss/total: 0.67327  ,  Loss/giou: 0.18063  ,  Loss/l1: 0.01252  ,  Loss/location: 0.22319  ,  pro_loss: 0.12800  ,  IoU: 0.83258  ,  Loss/sim: 1.40945  ,  Loss/distill: 1.66107
[train: Epoch 10, 1850 / 2500] FPS: 10.0 (11.5)  ,  DataTime: 0.389 (0.002)  ,  ForwardTime: 0.210  ,  TotalTime: 0.601  ,  Loss/total: 0.67269  ,  Loss/giou: 0.18051  ,  Loss/l1: 0.01250  ,  Loss/location: 0.22297  ,  pro_loss: 0.12793  ,  IoU: 0.83265  ,  Loss/sim: 1.40996  ,  Loss/distill: 1.66047
[train: Epoch 10, 1900 / 2500] FPS: 10.0 (9.1)  ,  DataTime: 0.388 (0.002)  ,  ForwardTime: 0.210  ,  TotalTime: 0.600  ,  Loss/total: 0.67270  ,  Loss/giou: 0.18062  ,  Loss/l1: 0.01249  ,  Loss/location: 0.22280  ,  pro_loss: 0.12792  ,  IoU: 0.83258  ,  Loss/sim: 1.40999  ,  Loss/distill: 1.66062
[train: Epoch 10, 1950 / 2500] FPS: 10.0 (14.5)  ,  DataTime: 0.389 (0.002)  ,  ForwardTime: 0.210  ,  TotalTime: 0.601  ,  Loss/total: 0.67158  ,  Loss/giou: 0.18033  ,  Loss/l1: 0.01244  ,  Loss/location: 0.22253  ,  pro_loss: 0.12797  ,  IoU: 0.83277  ,  Loss/sim: 1.41050  ,  Loss/distill: 1.66021
[train: Epoch 10, 2000 / 2500] FPS: 9.9 (7.1)  ,  DataTime: 0.394 (0.002)  ,  ForwardTime: 0.210  ,  TotalTime: 0.606  ,  Loss/total: 0.67128  ,  Loss/giou: 0.18022  ,  Loss/l1: 0.01242  ,  Loss/location: 0.22246  ,  pro_loss: 0.12836  ,  IoU: 0.83282  ,  Loss/sim: 1.41067  ,  Loss/distill: 1.66001
[train: Epoch 10, 2050 / 2500] FPS: 9.9 (9.4)  ,  DataTime: 0.394 (0.002)  ,  ForwardTime: 0.210  ,  TotalTime: 0.606  ,  Loss/total: 0.67286  ,  Loss/giou: 0.18045  ,  Loss/l1: 0.01248  ,  Loss/location: 0.22329  ,  pro_loss: 0.12828  ,  IoU: 0.83268  ,  Loss/sim: 1.40968  ,  Loss/distill: 1.65921
[train: Epoch 10, 2100 / 2500] FPS: 9.9 (9.9)  ,  DataTime: 0.394 (0.002)  ,  ForwardTime: 0.210  ,  TotalTime: 0.605  ,  Loss/total: 0.67200  ,  Loss/giou: 0.18023  ,  Loss/l1: 0.01246  ,  Loss/location: 0.22299  ,  pro_loss: 0.12819  ,  IoU: 0.83290  ,  Loss/sim: 1.40883  ,  Loss/distill: 1.65883
[train: Epoch 10, 2150 / 2500] FPS: 9.9 (8.6)  ,  DataTime: 0.393 (0.002)  ,  ForwardTime: 0.210  ,  TotalTime: 0.605  ,  Loss/total: 0.67270  ,  Loss/giou: 0.18058  ,  Loss/l1: 0.01248  ,  Loss/location: 0.22291  ,  pro_loss: 0.12811  ,  IoU: 0.83261  ,  Loss/sim: 1.40814  ,  Loss/distill: 1.65825
[train: Epoch 10, 2200 / 2500] FPS: 9.9 (15.0)  ,  DataTime: 0.393 (0.002)  ,  ForwardTime: 0.210  ,  TotalTime: 0.605  ,  Loss/total: 0.67347  ,  Loss/giou: 0.18081  ,  Loss/l1: 0.01250  ,  Loss/location: 0.22308  ,  pro_loss: 0.12826  ,  IoU: 0.83241  ,  Loss/sim: 1.40746  ,  Loss/distill: 1.65755
[train: Epoch 10, 2250 / 2500] FPS: 9.9 (16.8)  ,  DataTime: 0.392 (0.002)  ,  ForwardTime: 0.210  ,  TotalTime: 0.604  ,  Loss/total: 0.67239  ,  Loss/giou: 0.18060  ,  Loss/l1: 0.01246  ,  Loss/location: 0.22256  ,  pro_loss: 0.12852  ,  IoU: 0.83255  ,  Loss/sim: 1.40738  ,  Loss/distill: 1.65707
[train: Epoch 10, 2300 / 2500] FPS: 9.9 (12.1)  ,  DataTime: 0.391 (0.002)  ,  ForwardTime: 0.210  ,  TotalTime: 0.603  ,  Loss/total: 0.67194  ,  Loss/giou: 0.18050  ,  Loss/l1: 0.01244  ,  Loss/location: 0.22241  ,  pro_loss: 0.12861  ,  IoU: 0.83259  ,  Loss/sim: 1.40664  ,  Loss/distill: 1.65681
[train: Epoch 10, 2350 / 2500] FPS: 10.0 (15.7)  ,  DataTime: 0.391 (0.002)  ,  ForwardTime: 0.210  ,  TotalTime: 0.602  ,  Loss/total: 0.67246  ,  Loss/giou: 0.18066  ,  Loss/l1: 0.01245  ,  Loss/location: 0.22256  ,  pro_loss: 0.12869  ,  IoU: 0.83245  ,  Loss/sim: 1.40663  ,  Loss/distill: 1.65635
[train: Epoch 10, 2400 / 2500] FPS: 10.0 (9.8)  ,  DataTime: 0.390 (0.002)  ,  ForwardTime: 0.210  ,  TotalTime: 0.602  ,  Loss/total: 0.67236  ,  Loss/giou: 0.18063  ,  Loss/l1: 0.01246  ,  Loss/location: 0.22244  ,  pro_loss: 0.12887  ,  IoU: 0.83249  ,  Loss/sim: 1.40577  ,  Loss/distill: 1.65564
[train: Epoch 10, 2450 / 2500] FPS: 10.0 (10.1)  ,  DataTime: 0.390 (0.002)  ,  ForwardTime: 0.210  ,  TotalTime: 0.601  ,  Loss/total: 0.67291  ,  Loss/giou: 0.18067  ,  Loss/l1: 0.01248  ,  Loss/location: 0.22281  ,  pro_loss: 0.12874  ,  IoU: 0.83249  ,  Loss/sim: 1.40463  ,  Loss/distill: 1.65475
[train: Epoch 10, 2500 / 2500] FPS: 10.0 (13.7)  ,  DataTime: 0.389 (0.002)  ,  ForwardTime: 0.210  ,  TotalTime: 0.601  ,  Loss/total: 0.67328  ,  Loss/giou: 0.18089  ,  Loss/l1: 0.01250  ,  Loss/location: 0.22262  ,  pro_loss: 0.12871  ,  IoU: 0.83234  ,  Loss/sim: 1.40419  ,  Loss/distill: 1.65411
[val: Epoch 10, 50 / 416] FPS: 9.1 (9.8)  ,  DataTime: 0.530 (0.002)  ,  ForwardTime: 0.127  ,  TotalTime: 0.659  ,  Loss/total: 0.77528  ,  Loss/giou: 0.20251  ,  Loss/l1: 0.01404  ,  Loss/location: 0.29944  ,  pro_loss: 0.00139  ,  IoU: 0.80988  ,  Loss/sim: 0.00000  ,  Loss/distill: 1.61155
[val: Epoch 10, 100 / 416] FPS: 9.0 (7.8)  ,  DataTime: 0.537 (0.002)  ,  ForwardTime: 0.127  ,  TotalTime: 0.666  ,  Loss/total: 0.77933  ,  Loss/giou: 0.20296  ,  Loss/l1: 0.01425  ,  Loss/location: 0.30159  ,  pro_loss: 0.00125  ,  IoU: 0.81033  ,  Loss/sim: 0.00000  ,  Loss/distill: 1.61878
[val: Epoch 10, 150 / 416] FPS: 8.7 (8.3)  ,  DataTime: 0.559 (0.002)  ,  ForwardTime: 0.127  ,  TotalTime: 0.688  ,  Loss/total: 0.79297  ,  Loss/giou: 0.20761  ,  Loss/l1: 0.01499  ,  Loss/location: 0.30219  ,  pro_loss: 0.00157  ,  IoU: 0.80649  ,  Loss/sim: 0.00000  ,  Loss/distill: 1.61401
[val: Epoch 10, 200 / 416] FPS: 8.6 (6.6)  ,  DataTime: 0.567 (0.002)  ,  ForwardTime: 0.127  ,  TotalTime: 0.696  ,  Loss/total: 0.80940  ,  Loss/giou: 0.21212  ,  Loss/l1: 0.01558  ,  Loss/location: 0.30657  ,  pro_loss: 0.00167  ,  IoU: 0.80407  ,  Loss/sim: 0.00000  ,  Loss/distill: 1.61572
[val: Epoch 10, 250 / 416] FPS: 8.7 (7.8)  ,  DataTime: 0.560 (0.002)  ,  ForwardTime: 0.127  ,  TotalTime: 0.689  ,  Loss/total: 0.80061  ,  Loss/giou: 0.20965  ,  Loss/l1: 0.01525  ,  Loss/location: 0.30443  ,  pro_loss: 0.00150  ,  IoU: 0.80592  ,  Loss/sim: 0.00000  ,  Loss/distill: 1.61591
[val: Epoch 10, 300 / 416] FPS: 8.7 (6.3)  ,  DataTime: 0.561 (0.002)  ,  ForwardTime: 0.127  ,  TotalTime: 0.689  ,  Loss/total: 0.80287  ,  Loss/giou: 0.20934  ,  Loss/l1: 0.01540  ,  Loss/location: 0.30651  ,  pro_loss: 0.00176  ,  IoU: 0.80631  ,  Loss/sim: 0.00000  ,  Loss/distill: 1.61479
[val: Epoch 10, 350 / 416] FPS: 8.7 (10.0)  ,  DataTime: 0.560 (0.002)  ,  ForwardTime: 0.127  ,  TotalTime: 0.689  ,  Loss/total: 0.80874  ,  Loss/giou: 0.21056  ,  Loss/l1: 0.01542  ,  Loss/location: 0.30978  ,  pro_loss: 0.00194  ,  IoU: 0.80521  ,  Loss/sim: 0.00000  ,  Loss/distill: 1.61661
[val: Epoch 10, 400 / 416] FPS: 8.7 (12.0)  ,  DataTime: 0.558 (0.002)  ,  ForwardTime: 0.127  ,  TotalTime: 0.687  ,  Loss/total: 0.80214  ,  Loss/giou: 0.20925  ,  Loss/l1: 0.01537  ,  Loss/location: 0.30606  ,  pro_loss: 0.00194  ,  IoU: 0.80653  ,  Loss/sim: 0.00000  ,  Loss/distill: 1.61648
[val: Epoch 10, 416 / 416] FPS: 8.7 (8.4)  ,  DataTime: 0.557 (0.002)  ,  ForwardTime: 0.127  ,  TotalTime: 0.686  ,  Loss/total: 0.80216  ,  Loss/giou: 0.20932  ,  Loss/l1: 0.01535  ,  Loss/location: 0.30609  ,  pro_loss: 0.00187  ,  IoU: 0.80642  ,  Loss/sim: 0.00000  ,  Loss/distill: 1.61693
[train: Epoch 11, 50 / 2500] FPS: 9.8 (12.4)  ,  DataTime: 0.403 (0.002)  ,  ForwardTime: 0.209  ,  TotalTime: 0.614  ,  Loss/total: 0.64894  ,  Loss/giou: 0.17805  ,  Loss/l1: 0.01156  ,  Loss/location: 0.20867  ,  pro_loss: 0.12889  ,  IoU: 0.83413  ,  Loss/sim: 1.38122  ,  Loss/distill: 1.63007
[train: Epoch 11, 100 / 2500] FPS: 9.8 (14.2)  ,  DataTime: 0.403 (0.002)  ,  ForwardTime: 0.209  ,  TotalTime: 0.614  ,  Loss/total: 0.64797  ,  Loss/giou: 0.17429  ,  Loss/l1: 0.01127  ,  Loss/location: 0.21685  ,  pro_loss: 0.12792  ,  IoU: 0.83682  ,  Loss/sim: 1.39376  ,  Loss/distill: 1.63951
[train: Epoch 11, 150 / 2500] FPS: 10.0 (13.3)  ,  DataTime: 0.388 (0.002)  ,  ForwardTime: 0.209  ,  TotalTime: 0.600  ,  Loss/total: 0.64895  ,  Loss/giou: 0.17434  ,  Loss/l1: 0.01148  ,  Loss/location: 0.21671  ,  pro_loss: 0.12778  ,  IoU: 0.83710  ,  Loss/sim: 1.39032  ,  Loss/distill: 1.63690
[train: Epoch 11, 200 / 2500] FPS: 9.9 (10.7)  ,  DataTime: 0.392 (0.002)  ,  ForwardTime: 0.209  ,  TotalTime: 0.603  ,  Loss/total: 0.66240  ,  Loss/giou: 0.17802  ,  Loss/l1: 0.01210  ,  Loss/location: 0.21963  ,  pro_loss: 0.12799  ,  IoU: 0.83448  ,  Loss/sim: 1.38715  ,  Loss/distill: 1.63619
[train: Epoch 11, 250 / 2500] FPS: 9.9 (8.9)  ,  DataTime: 0.392 (0.002)  ,  ForwardTime: 0.209  ,  TotalTime: 0.603  ,  Loss/total: 0.68022  ,  Loss/giou: 0.18320  ,  Loss/l1: 0.01268  ,  Loss/location: 0.22455  ,  pro_loss: 0.12622  ,  IoU: 0.83042  ,  Loss/sim: 1.38234  ,  Loss/distill: 1.63046
[train: Epoch 11, 300 / 2500] FPS: 10.1 (10.9)  ,  DataTime: 0.385 (0.002)  ,  ForwardTime: 0.209  ,  TotalTime: 0.596  ,  Loss/total: 0.68186  ,  Loss/giou: 0.18305  ,  Loss/l1: 0.01268  ,  Loss/location: 0.22613  ,  pro_loss: 0.12801  ,  IoU: 0.83039  ,  Loss/sim: 1.37973  ,  Loss/distill: 1.62956
[train: Epoch 11, 350 / 2500] FPS: 10.0 (8.8)  ,  DataTime: 0.392 (0.002)  ,  ForwardTime: 0.209  ,  TotalTime: 0.603  ,  Loss/total: 0.67926  ,  Loss/giou: 0.18252  ,  Loss/l1: 0.01261  ,  Loss/location: 0.22511  ,  pro_loss: 0.12722  ,  IoU: 0.83092  ,  Loss/sim: 1.38156  ,  Loss/distill: 1.62768
[train: Epoch 11, 400 / 2500] FPS: 10.0 (11.4)  ,  DataTime: 0.388 (0.002)  ,  ForwardTime: 0.209  ,  TotalTime: 0.599  ,  Loss/total: 0.67665  ,  Loss/giou: 0.18145  ,  Loss/l1: 0.01246  ,  Loss/location: 0.22553  ,  pro_loss: 0.12660  ,  IoU: 0.83149  ,  Loss/sim: 1.38467  ,  Loss/distill: 1.62927
[train: Epoch 11, 450 / 2500] FPS: 10.1 (11.1)  ,  DataTime: 0.385 (0.002)  ,  ForwardTime: 0.209  ,  TotalTime: 0.596  ,  Loss/total: 0.66652  ,  Loss/giou: 0.17833  ,  Loss/l1: 0.01218  ,  Loss/location: 0.22291  ,  pro_loss: 0.12713  ,  IoU: 0.83397  ,  Loss/sim: 1.38436  ,  Loss/distill: 1.62953
[train: Epoch 11, 500 / 2500] FPS: 10.1 (9.3)  ,  DataTime: 0.383 (0.002)  ,  ForwardTime: 0.209  ,  TotalTime: 0.594  ,  Loss/total: 0.67432  ,  Loss/giou: 0.18019  ,  Loss/l1: 0.01246  ,  Loss/location: 0.22545  ,  pro_loss: 0.12794  ,  IoU: 0.83269  ,  Loss/sim: 1.38555  ,  Loss/distill: 1.63044
[train: Epoch 11, 550 / 2500] FPS: 10.2 (14.2)  ,  DataTime: 0.379 (0.002)  ,  ForwardTime: 0.209  ,  TotalTime: 0.591  ,  Loss/total: 0.67035  ,  Loss/giou: 0.17947  ,  Loss/l1: 0.01243  ,  Loss/location: 0.22301  ,  pro_loss: 0.12821  ,  IoU: 0.83341  ,  Loss/sim: 1.38711  ,  Loss/distill: 1.62954
[train: Epoch 11, 600 / 2500] FPS: 10.1 (13.4)  ,  DataTime: 0.380 (0.002)  ,  ForwardTime: 0.209  ,  TotalTime: 0.591  ,  Loss/total: 0.66544  ,  Loss/giou: 0.17866  ,  Loss/l1: 0.01227  ,  Loss/location: 0.22063  ,  pro_loss: 0.12766  ,  IoU: 0.83410  ,  Loss/sim: 1.38899  ,  Loss/distill: 1.63158
[train: Epoch 11, 650 / 2500] FPS: 10.1 (3.4)  ,  DataTime: 0.383 (0.002)  ,  ForwardTime: 0.209  ,  TotalTime: 0.594  ,  Loss/total: 0.67019  ,  Loss/giou: 0.18011  ,  Loss/l1: 0.01245  ,  Loss/location: 0.22164  ,  pro_loss: 0.12724  ,  IoU: 0.83316  ,  Loss/sim: 1.39076  ,  Loss/distill: 1.63418
[train: Epoch 11, 700 / 2500] FPS: 10.2 (8.2)  ,  DataTime: 0.380 (0.002)  ,  ForwardTime: 0.209  ,  TotalTime: 0.591  ,  Loss/total: 0.66992  ,  Loss/giou: 0.18008  ,  Loss/l1: 0.01245  ,  Loss/location: 0.22145  ,  pro_loss: 0.12710  ,  IoU: 0.83328  ,  Loss/sim: 1.39155  ,  Loss/distill: 1.63364
[train: Epoch 11, 750 / 2500] FPS: 10.2 (5.8)  ,  DataTime: 0.378 (0.002)  ,  ForwardTime: 0.209  ,  TotalTime: 0.589  ,  Loss/total: 0.66866  ,  Loss/giou: 0.17999  ,  Loss/l1: 0.01242  ,  Loss/location: 0.22054  ,  pro_loss: 0.12726  ,  IoU: 0.83328  ,  Loss/sim: 1.39097  ,  Loss/distill: 1.63409
[train: Epoch 11, 800 / 2500] FPS: 10.2 (7.7)  ,  DataTime: 0.378 (0.002)  ,  ForwardTime: 0.209  ,  TotalTime: 0.589  ,  Loss/total: 0.66750  ,  Loss/giou: 0.17995  ,  Loss/l1: 0.01233  ,  Loss/location: 0.21995  ,  pro_loss: 0.12701  ,  IoU: 0.83319  ,  Loss/sim: 1.39528  ,  Loss/distill: 1.63616
[train: Epoch 11, 850 / 2500] FPS: 10.2 (9.7)  ,  DataTime: 0.379 (0.002)  ,  ForwardTime: 0.209  ,  TotalTime: 0.590  ,  Loss/total: 0.66632  ,  Loss/giou: 0.17966  ,  Loss/l1: 0.01229  ,  Loss/location: 0.21957  ,  pro_loss: 0.12678  ,  IoU: 0.83335  ,  Loss/sim: 1.39655  ,  Loss/distill: 1.63810
[train: Epoch 11, 900 / 2500] FPS: 10.2 (8.2)  ,  DataTime: 0.378 (0.002)  ,  ForwardTime: 0.209  ,  TotalTime: 0.589  ,  Loss/total: 0.66891  ,  Loss/giou: 0.18053  ,  Loss/l1: 0.01236  ,  Loss/location: 0.22013  ,  pro_loss: 0.12668  ,  IoU: 0.83268  ,  Loss/sim: 1.39965  ,  Loss/distill: 1.63959
[train: Epoch 11, 950 / 2500] FPS: 10.2 (13.7)  ,  DataTime: 0.378 (0.002)  ,  ForwardTime: 0.209  ,  TotalTime: 0.589  ,  Loss/total: 0.67028  ,  Loss/giou: 0.18104  ,  Loss/l1: 0.01238  ,  Loss/location: 0.22025  ,  pro_loss: 0.12715  ,  IoU: 0.83231  ,  Loss/sim: 1.39936  ,  Loss/distill: 1.63896
[train: Epoch 11, 1000 / 2500] FPS: 10.2 (9.1)  ,  DataTime: 0.376 (0.002)  ,  ForwardTime: 0.209  ,  TotalTime: 0.588  ,  Loss/total: 0.67047  ,  Loss/giou: 0.18114  ,  Loss/l1: 0.01238  ,  Loss/location: 0.22023  ,  pro_loss: 0.12711  ,  IoU: 0.83217  ,  Loss/sim: 1.39972  ,  Loss/distill: 1.63856
[train: Epoch 11, 1050 / 2500] FPS: 10.2 (9.3)  ,  DataTime: 0.375 (0.002)  ,  ForwardTime: 0.209  ,  TotalTime: 0.586  ,  Loss/total: 0.66818  ,  Loss/giou: 0.18050  ,  Loss/l1: 0.01235  ,  Loss/location: 0.21939  ,  pro_loss: 0.12726  ,  IoU: 0.83268  ,  Loss/sim: 1.39919  ,  Loss/distill: 1.63731
[train: Epoch 11, 1100 / 2500] FPS: 10.2 (11.3)  ,  DataTime: 0.374 (0.002)  ,  ForwardTime: 0.209  ,  TotalTime: 0.586  ,  Loss/total: 0.66816  ,  Loss/giou: 0.18034  ,  Loss/l1: 0.01240  ,  Loss/location: 0.21940  ,  pro_loss: 0.12740  ,  IoU: 0.83289  ,  Loss/sim: 1.39839  ,  Loss/distill: 1.63675
[train: Epoch 11, 1150 / 2500] FPS: 10.2 (9.8)  ,  DataTime: 0.376 (0.002)  ,  ForwardTime: 0.209  ,  TotalTime: 0.587  ,  Loss/total: 0.66855  ,  Loss/giou: 0.18058  ,  Loss/l1: 0.01245  ,  Loss/location: 0.21911  ,  pro_loss: 0.12721  ,  IoU: 0.83274  ,  Loss/sim: 1.39768  ,  Loss/distill: 1.63567
[train: Epoch 11, 1200 / 2500] FPS: 10.3 (8.3)  ,  DataTime: 0.374 (0.002)  ,  ForwardTime: 0.209  ,  TotalTime: 0.585  ,  Loss/total: 0.66719  ,  Loss/giou: 0.18023  ,  Loss/l1: 0.01242  ,  Loss/location: 0.21849  ,  pro_loss: 0.12764  ,  IoU: 0.83301  ,  Loss/sim: 1.39721  ,  Loss/distill: 1.63438
[train: Epoch 11, 1250 / 2500] FPS: 10.2 (11.3)  ,  DataTime: 0.375 (0.002)  ,  ForwardTime: 0.209  ,  TotalTime: 0.586  ,  Loss/total: 0.66749  ,  Loss/giou: 0.18010  ,  Loss/l1: 0.01243  ,  Loss/location: 0.21899  ,  pro_loss: 0.12782  ,  IoU: 0.83307  ,  Loss/sim: 1.39749  ,  Loss/distill: 1.63400
[train: Epoch 11, 1300 / 2500] FPS: 10.2 (5.5)  ,  DataTime: 0.375 (0.002)  ,  ForwardTime: 0.209  ,  TotalTime: 0.586  ,  Loss/total: 0.67010  ,  Loss/giou: 0.18073  ,  Loss/l1: 0.01251  ,  Loss/location: 0.21992  ,  pro_loss: 0.12774  ,  IoU: 0.83258  ,  Loss/sim: 1.39722  ,  Loss/distill: 1.63393
[train: Epoch 11, 1350 / 2500] FPS: 10.2 (6.0)  ,  DataTime: 0.375 (0.002)  ,  ForwardTime: 0.209  ,  TotalTime: 0.586  ,  Loss/total: 0.66954  ,  Loss/giou: 0.18067  ,  Loss/l1: 0.01253  ,  Loss/location: 0.21934  ,  pro_loss: 0.12787  ,  IoU: 0.83268  ,  Loss/sim: 1.39811  ,  Loss/distill: 1.63389
[train: Epoch 11, 1400 / 2500] FPS: 10.2 (12.4)  ,  DataTime: 0.375 (0.002)  ,  ForwardTime: 0.209  ,  TotalTime: 0.586  ,  Loss/total: 0.66915  ,  Loss/giou: 0.18042  ,  Loss/l1: 0.01254  ,  Loss/location: 0.21945  ,  pro_loss: 0.12784  ,  IoU: 0.83296  ,  Loss/sim: 1.39646  ,  Loss/distill: 1.63309
[train: Epoch 11, 1450 / 2500] FPS: 10.3 (11.9)  ,  DataTime: 0.374 (0.002)  ,  ForwardTime: 0.209  ,  TotalTime: 0.585  ,  Loss/total: 0.66813  ,  Loss/giou: 0.18023  ,  Loss/l1: 0.01251  ,  Loss/location: 0.21893  ,  pro_loss: 0.12787  ,  IoU: 0.83306  ,  Loss/sim: 1.39585  ,  Loss/distill: 1.63232
[train: Epoch 11, 1500 / 2500] FPS: 10.2 (8.6)  ,  DataTime: 0.377 (0.002)  ,  ForwardTime: 0.209  ,  TotalTime: 0.588  ,  Loss/total: 0.66838  ,  Loss/giou: 0.18038  ,  Loss/l1: 0.01253  ,  Loss/location: 0.21878  ,  pro_loss: 0.12794  ,  IoU: 0.83298  ,  Loss/sim: 1.39630  ,  Loss/distill: 1.63191
[train: Epoch 11, 1550 / 2500] FPS: 10.2 (12.3)  ,  DataTime: 0.377 (0.002)  ,  ForwardTime: 0.209  ,  TotalTime: 0.588  ,  Loss/total: 0.66847  ,  Loss/giou: 0.18046  ,  Loss/l1: 0.01256  ,  Loss/location: 0.21860  ,  pro_loss: 0.12780  ,  IoU: 0.83295  ,  Loss/sim: 1.39733  ,  Loss/distill: 1.63230
[train: Epoch 11, 1600 / 2500] FPS: 10.2 (9.9)  ,  DataTime: 0.376 (0.002)  ,  ForwardTime: 0.209  ,  TotalTime: 0.587  ,  Loss/total: 0.66750  ,  Loss/giou: 0.18027  ,  Loss/l1: 0.01252  ,  Loss/location: 0.21823  ,  pro_loss: 0.12756  ,  IoU: 0.83307  ,  Loss/sim: 1.39940  ,  Loss/distill: 1.63251
[train: Epoch 11, 1650 / 2500] FPS: 10.2 (10.3)  ,  DataTime: 0.375 (0.002)  ,  ForwardTime: 0.209  ,  TotalTime: 0.587  ,  Loss/total: 0.66600  ,  Loss/giou: 0.18001  ,  Loss/l1: 0.01249  ,  Loss/location: 0.21736  ,  pro_loss: 0.12768  ,  IoU: 0.83328  ,  Loss/sim: 1.39949  ,  Loss/distill: 1.63225
[train: Epoch 11, 1700 / 2500] FPS: 10.2 (9.3)  ,  DataTime: 0.375 (0.002)  ,  ForwardTime: 0.209  ,  TotalTime: 0.587  ,  Loss/total: 0.66633  ,  Loss/giou: 0.17996  ,  Loss/l1: 0.01249  ,  Loss/location: 0.21780  ,  pro_loss: 0.12781  ,  IoU: 0.83334  ,  Loss/sim: 1.40080  ,  Loss/distill: 1.63288
[train: Epoch 11, 1750 / 2500] FPS: 10.2 (3.4)  ,  DataTime: 0.376 (0.002)  ,  ForwardTime: 0.209  ,  TotalTime: 0.587  ,  Loss/total: 0.66637  ,  Loss/giou: 0.17996  ,  Loss/l1: 0.01248  ,  Loss/location: 0.21789  ,  pro_loss: 0.12778  ,  IoU: 0.83331  ,  Loss/sim: 1.40092  ,  Loss/distill: 1.63303
[train: Epoch 11, 1800 / 2500] FPS: 10.2 (12.7)  ,  DataTime: 0.376 (0.002)  ,  ForwardTime: 0.209  ,  TotalTime: 0.587  ,  Loss/total: 0.66706  ,  Loss/giou: 0.18000  ,  Loss/l1: 0.01249  ,  Loss/location: 0.21845  ,  pro_loss: 0.12769  ,  IoU: 0.83329  ,  Loss/sim: 1.40122  ,  Loss/distill: 1.63374
[train: Epoch 11, 1850 / 2500] FPS: 10.2 (13.4)  ,  DataTime: 0.377 (0.002)  ,  ForwardTime: 0.209  ,  TotalTime: 0.589  ,  Loss/total: 0.67037  ,  Loss/giou: 0.18084  ,  Loss/l1: 0.01260  ,  Loss/location: 0.21954  ,  pro_loss: 0.12775  ,  IoU: 0.83264  ,  Loss/sim: 1.40094  ,  Loss/distill: 1.63370
[train: Epoch 11, 1900 / 2500] FPS: 10.2 (13.6)  ,  DataTime: 0.377 (0.002)  ,  ForwardTime: 0.209  ,  TotalTime: 0.588  ,  Loss/total: 0.66980  ,  Loss/giou: 0.18075  ,  Loss/l1: 0.01257  ,  Loss/location: 0.21930  ,  pro_loss: 0.12767  ,  IoU: 0.83269  ,  Loss/sim: 1.40051  ,  Loss/distill: 1.63296
[train: Epoch 11, 1950 / 2500] FPS: 10.2 (14.8)  ,  DataTime: 0.376 (0.002)  ,  ForwardTime: 0.209  ,  TotalTime: 0.588  ,  Loss/total: 0.66883  ,  Loss/giou: 0.18057  ,  Loss/l1: 0.01254  ,  Loss/location: 0.21884  ,  pro_loss: 0.12782  ,  IoU: 0.83278  ,  Loss/sim: 1.40015  ,  Loss/distill: 1.63273
[train: Epoch 11, 2000 / 2500] FPS: 10.2 (9.8)  ,  DataTime: 0.376 (0.002)  ,  ForwardTime: 0.209  ,  TotalTime: 0.587  ,  Loss/total: 0.67007  ,  Loss/giou: 0.18088  ,  Loss/l1: 0.01259  ,  Loss/location: 0.21920  ,  pro_loss: 0.12775  ,  IoU: 0.83264  ,  Loss/sim: 1.40149  ,  Loss/distill: 1.63376
[train: Epoch 11, 2050 / 2500] FPS: 10.2 (12.7)  ,  DataTime: 0.376 (0.002)  ,  ForwardTime: 0.209  ,  TotalTime: 0.587  ,  Loss/total: 0.67097  ,  Loss/giou: 0.18116  ,  Loss/l1: 0.01262  ,  Loss/location: 0.21936  ,  pro_loss: 0.12795  ,  IoU: 0.83241  ,  Loss/sim: 1.40197  ,  Loss/distill: 1.63432
[train: Epoch 11, 2100 / 2500] FPS: 10.2 (9.7)  ,  DataTime: 0.376 (0.002)  ,  ForwardTime: 0.209  ,  TotalTime: 0.587  ,  Loss/total: 0.67042  ,  Loss/giou: 0.18093  ,  Loss/l1: 0.01258  ,  Loss/location: 0.21946  ,  pro_loss: 0.12782  ,  IoU: 0.83256  ,  Loss/sim: 1.40175  ,  Loss/distill: 1.63352
[train: Epoch 11, 2150 / 2500] FPS: 10.2 (11.9)  ,  DataTime: 0.375 (0.002)  ,  ForwardTime: 0.209  ,  TotalTime: 0.586  ,  Loss/total: 0.66999  ,  Loss/giou: 0.18080  ,  Loss/l1: 0.01257  ,  Loss/location: 0.21941  ,  pro_loss: 0.12769  ,  IoU: 0.83264  ,  Loss/sim: 1.40136  ,  Loss/distill: 1.63311
[train: Epoch 11, 2200 / 2500] FPS: 10.2 (6.6)  ,  DataTime: 0.375 (0.002)  ,  ForwardTime: 0.209  ,  TotalTime: 0.586  ,  Loss/total: 0.67030  ,  Loss/giou: 0.18093  ,  Loss/l1: 0.01259  ,  Loss/location: 0.21939  ,  pro_loss: 0.12756  ,  IoU: 0.83255  ,  Loss/sim: 1.40266  ,  Loss/distill: 1.63319
[train: Epoch 11, 2250 / 2500] FPS: 10.2 (12.3)  ,  DataTime: 0.374 (0.002)  ,  ForwardTime: 0.209  ,  TotalTime: 0.586  ,  Loss/total: 0.67163  ,  Loss/giou: 0.18135  ,  Loss/l1: 0.01264  ,  Loss/location: 0.21965  ,  pro_loss: 0.12740  ,  IoU: 0.83222  ,  Loss/sim: 1.40423  ,  Loss/distill: 1.63309
[train: Epoch 11, 2300 / 2500] FPS: 10.3 (14.5)  ,  DataTime: 0.374 (0.002)  ,  ForwardTime: 0.209  ,  TotalTime: 0.585  ,  Loss/total: 0.67286  ,  Loss/giou: 0.18158  ,  Loss/l1: 0.01267  ,  Loss/location: 0.22030  ,  pro_loss: 0.12729  ,  IoU: 0.83201  ,  Loss/sim: 1.40386  ,  Loss/distill: 1.63316
[train: Epoch 11, 2350 / 2500] FPS: 10.3 (15.4)  ,  DataTime: 0.374 (0.002)  ,  ForwardTime: 0.209  ,  TotalTime: 0.585  ,  Loss/total: 0.67166  ,  Loss/giou: 0.18120  ,  Loss/l1: 0.01262  ,  Loss/location: 0.22006  ,  pro_loss: 0.12734  ,  IoU: 0.83228  ,  Loss/sim: 1.40413  ,  Loss/distill: 1.63316
[train: Epoch 11, 2400 / 2500] FPS: 10.3 (15.2)  ,  DataTime: 0.374 (0.002)  ,  ForwardTime: 0.209  ,  TotalTime: 0.585  ,  Loss/total: 0.67244  ,  Loss/giou: 0.18147  ,  Loss/l1: 0.01266  ,  Loss/location: 0.22013  ,  pro_loss: 0.12740  ,  IoU: 0.83210  ,  Loss/sim: 1.40493  ,  Loss/distill: 1.63364
[train: Epoch 11, 2450 / 2500] FPS: 10.3 (9.7)  ,  DataTime: 0.374 (0.002)  ,  ForwardTime: 0.209  ,  TotalTime: 0.585  ,  Loss/total: 0.67231  ,  Loss/giou: 0.18134  ,  Loss/l1: 0.01263  ,  Loss/location: 0.22040  ,  pro_loss: 0.12742  ,  IoU: 0.83218  ,  Loss/sim: 1.40480  ,  Loss/distill: 1.63366
[train: Epoch 11, 2500 / 2500] FPS: 10.3 (10.1)  ,  DataTime: 0.374 (0.002)  ,  ForwardTime: 0.209  ,  TotalTime: 0.585  ,  Loss/total: 0.67346  ,  Loss/giou: 0.18162  ,  Loss/l1: 0.01267  ,  Loss/location: 0.22076  ,  pro_loss: 0.12743  ,  IoU: 0.83199  ,  Loss/sim: 1.40444  ,  Loss/distill: 1.63346
[train: Epoch 12, 50 / 2500] FPS: 10.4 (8.2)  ,  DataTime: 0.365 (0.002)  ,  ForwardTime: 0.208  ,  TotalTime: 0.575  ,  Loss/total: 0.62184  ,  Loss/giou: 0.17124  ,  Loss/l1: 0.01157  ,  Loss/location: 0.19328  ,  pro_loss: 0.13806  ,  IoU: 0.84166  ,  Loss/sim: 1.40460  ,  Loss/distill: 1.62160
[train: Epoch 12, 100 / 2500] FPS: 9.7 (11.4)  ,  DataTime: 0.405 (0.002)  ,  ForwardTime: 0.209  ,  TotalTime: 0.616  ,  Loss/total: 0.64734  ,  Loss/giou: 0.17253  ,  Loss/l1: 0.01185  ,  Loss/location: 0.21561  ,  pro_loss: 0.13417  ,  IoU: 0.83960  ,  Loss/sim: 1.39465  ,  Loss/distill: 1.61771
[train: Epoch 12, 150 / 2500] FPS: 10.1 (8.0)  ,  DataTime: 0.383 (0.002)  ,  ForwardTime: 0.209  ,  TotalTime: 0.594  ,  Loss/total: 0.64574  ,  Loss/giou: 0.17279  ,  Loss/l1: 0.01187  ,  Loss/location: 0.21331  ,  pro_loss: 0.13454  ,  IoU: 0.83934  ,  Loss/sim: 1.40137  ,  Loss/distill: 1.62434
[train: Epoch 12, 200 / 2500] FPS: 10.1 (16.0)  ,  DataTime: 0.385 (0.002)  ,  ForwardTime: 0.209  ,  TotalTime: 0.596  ,  Loss/total: 0.66530  ,  Loss/giou: 0.17722  ,  Loss/l1: 0.01231  ,  Loss/location: 0.22208  ,  pro_loss: 0.13299  ,  IoU: 0.83561  ,  Loss/sim: 1.40004  ,  Loss/distill: 1.62614
[train: Epoch 12, 250 / 2500] FPS: 10.2 (9.2)  ,  DataTime: 0.380 (0.002)  ,  ForwardTime: 0.209  ,  TotalTime: 0.591  ,  Loss/total: 0.65316  ,  Loss/giou: 0.17593  ,  Loss/l1: 0.01209  ,  Loss/location: 0.21406  ,  pro_loss: 0.13100  ,  IoU: 0.83648  ,  Loss/sim: 1.40079  ,  Loss/distill: 1.62253
[train: Epoch 12, 300 / 2500] FPS: 10.1 (16.0)  ,  DataTime: 0.381 (0.002)  ,  ForwardTime: 0.209  ,  TotalTime: 0.591  ,  Loss/total: 0.65324  ,  Loss/giou: 0.17585  ,  Loss/l1: 0.01194  ,  Loss/location: 0.21497  ,  pro_loss: 0.13130  ,  IoU: 0.83631  ,  Loss/sim: 1.40376  ,  Loss/distill: 1.62215
[train: Epoch 12, 350 / 2500] FPS: 10.1 (11.7)  ,  DataTime: 0.382 (0.002)  ,  ForwardTime: 0.209  ,  TotalTime: 0.593  ,  Loss/total: 0.65152  ,  Loss/giou: 0.17615  ,  Loss/l1: 0.01188  ,  Loss/location: 0.21325  ,  pro_loss: 0.12988  ,  IoU: 0.83628  ,  Loss/sim: 1.39581  ,  Loss/distill: 1.62011
[train: Epoch 12, 400 / 2500] FPS: 10.2 (9.0)  ,  DataTime: 0.378 (0.002)  ,  ForwardTime: 0.209  ,  TotalTime: 0.588  ,  Loss/total: 0.65684  ,  Loss/giou: 0.17727  ,  Loss/l1: 0.01210  ,  Loss/location: 0.21529  ,  pro_loss: 0.12951  ,  IoU: 0.83550  ,  Loss/sim: 1.39901  ,  Loss/distill: 1.61922
[train: Epoch 12, 450 / 2500] FPS: 10.2 (11.6)  ,  DataTime: 0.377 (0.002)  ,  ForwardTime: 0.209  ,  TotalTime: 0.588  ,  Loss/total: 0.65602  ,  Loss/giou: 0.17690  ,  Loss/l1: 0.01203  ,  Loss/location: 0.21580  ,  pro_loss: 0.12840  ,  IoU: 0.83565  ,  Loss/sim: 1.39540  ,  Loss/distill: 1.61532
[train: Epoch 12, 500 / 2500] FPS: 10.2 (9.3)  ,  DataTime: 0.376 (0.002)  ,  ForwardTime: 0.209  ,  TotalTime: 0.586  ,  Loss/total: 0.65199  ,  Loss/giou: 0.17562  ,  Loss/l1: 0.01187  ,  Loss/location: 0.21509  ,  pro_loss: 0.12842  ,  IoU: 0.83662  ,  Loss/sim: 1.39392  ,  Loss/distill: 1.61672
[train: Epoch 12, 550 / 2500] FPS: 10.1 (7.6)  ,  DataTime: 0.382 (0.002)  ,  ForwardTime: 0.209  ,  TotalTime: 0.593  ,  Loss/total: 0.65598  ,  Loss/giou: 0.17641  ,  Loss/l1: 0.01206  ,  Loss/location: 0.21665  ,  pro_loss: 0.12806  ,  IoU: 0.83618  ,  Loss/sim: 1.39352  ,  Loss/distill: 1.61476
[train: Epoch 12, 600 / 2500] FPS: 10.2 (9.0)  ,  DataTime: 0.379 (0.002)  ,  ForwardTime: 0.209  ,  TotalTime: 0.590  ,  Loss/total: 0.65605  ,  Loss/giou: 0.17638  ,  Loss/l1: 0.01202  ,  Loss/location: 0.21696  ,  pro_loss: 0.12824  ,  IoU: 0.83610  ,  Loss/sim: 1.39459  ,  Loss/distill: 1.61407
[train: Epoch 12, 650 / 2500] FPS: 10.2 (12.7)  ,  DataTime: 0.379 (0.002)  ,  ForwardTime: 0.209  ,  TotalTime: 0.590  ,  Loss/total: 0.65647  ,  Loss/giou: 0.17657  ,  Loss/l1: 0.01200  ,  Loss/location: 0.21695  ,  pro_loss: 0.12878  ,  IoU: 0.83589  ,  Loss/sim: 1.39654  ,  Loss/distill: 1.61587
[train: Epoch 12, 700 / 2500] FPS: 10.2 (12.7)  ,  DataTime: 0.380 (0.002)  ,  ForwardTime: 0.209  ,  TotalTime: 0.591  ,  Loss/total: 0.65455  ,  Loss/giou: 0.17609  ,  Loss/l1: 0.01191  ,  Loss/location: 0.21651  ,  pro_loss: 0.12847  ,  IoU: 0.83626  ,  Loss/sim: 1.39672  ,  Loss/distill: 1.61482
[train: Epoch 12, 750 / 2500] FPS: 10.1 (8.8)  ,  DataTime: 0.382 (0.002)  ,  ForwardTime: 0.209  ,  TotalTime: 0.593  ,  Loss/total: 0.65339  ,  Loss/giou: 0.17601  ,  Loss/l1: 0.01188  ,  Loss/location: 0.21564  ,  pro_loss: 0.12869  ,  IoU: 0.83633  ,  Loss/sim: 1.39601  ,  Loss/distill: 1.61385
[train: Epoch 12, 800 / 2500] FPS: 10.1 (6.8)  ,  DataTime: 0.382 (0.002)  ,  ForwardTime: 0.209  ,  TotalTime: 0.593  ,  Loss/total: 0.65063  ,  Loss/giou: 0.17538  ,  Loss/l1: 0.01181  ,  Loss/location: 0.21449  ,  pro_loss: 0.12854  ,  IoU: 0.83685  ,  Loss/sim: 1.39703  ,  Loss/distill: 1.61335
[train: Epoch 12, 850 / 2500] FPS: 10.1 (11.4)  ,  DataTime: 0.381 (0.002)  ,  ForwardTime: 0.209  ,  TotalTime: 0.591  ,  Loss/total: 0.65335  ,  Loss/giou: 0.17588  ,  Loss/l1: 0.01191  ,  Loss/location: 0.21578  ,  pro_loss: 0.12837  ,  IoU: 0.83649  ,  Loss/sim: 1.39570  ,  Loss/distill: 1.61299
[train: Epoch 12, 900 / 2500] FPS: 10.1 (7.8)  ,  DataTime: 0.380 (0.002)  ,  ForwardTime: 0.209  ,  TotalTime: 0.591  ,  Loss/total: 0.65350  ,  Loss/giou: 0.17623  ,  Loss/l1: 0.01193  ,  Loss/location: 0.21521  ,  pro_loss: 0.12795  ,  IoU: 0.83623  ,  Loss/sim: 1.39355  ,  Loss/distill: 1.61150
[train: Epoch 12, 950 / 2500] FPS: 10.2 (9.6)  ,  DataTime: 0.380 (0.002)  ,  ForwardTime: 0.209  ,  TotalTime: 0.591  ,  Loss/total: 0.65961  ,  Loss/giou: 0.17786  ,  Loss/l1: 0.01220  ,  Loss/location: 0.21673  ,  pro_loss: 0.12770  ,  IoU: 0.83518  ,  Loss/sim: 1.39414  ,  Loss/distill: 1.61221
[train: Epoch 12, 1000 / 2500] FPS: 10.2 (8.8)  ,  DataTime: 0.379 (0.002)  ,  ForwardTime: 0.209  ,  TotalTime: 0.590  ,  Loss/total: 0.66114  ,  Loss/giou: 0.17827  ,  Loss/l1: 0.01230  ,  Loss/location: 0.21706  ,  pro_loss: 0.12736  ,  IoU: 0.83495  ,  Loss/sim: 1.39451  ,  Loss/distill: 1.61239
[train: Epoch 12, 1050 / 2500] FPS: 10.2 (9.2)  ,  DataTime: 0.380 (0.002)  ,  ForwardTime: 0.209  ,  TotalTime: 0.591  ,  Loss/total: 0.65979  ,  Loss/giou: 0.17795  ,  Loss/l1: 0.01225  ,  Loss/location: 0.21657  ,  pro_loss: 0.12750  ,  IoU: 0.83515  ,  Loss/sim: 1.39490  ,  Loss/distill: 1.61174
[train: Epoch 12, 1100 / 2500] FPS: 10.2 (13.4)  ,  DataTime: 0.380 (0.002)  ,  ForwardTime: 0.209  ,  TotalTime: 0.591  ,  Loss/total: 0.65960  ,  Loss/giou: 0.17767  ,  Loss/l1: 0.01223  ,  Loss/location: 0.21706  ,  pro_loss: 0.12727  ,  IoU: 0.83535  ,  Loss/sim: 1.39529  ,  Loss/distill: 1.61265
[train: Epoch 12, 1150 / 2500] FPS: 10.2 (7.5)  ,  DataTime: 0.378 (0.002)  ,  ForwardTime: 0.209  ,  TotalTime: 0.589  ,  Loss/total: 0.65952  ,  Loss/giou: 0.17775  ,  Loss/l1: 0.01224  ,  Loss/location: 0.21682  ,  pro_loss: 0.12687  ,  IoU: 0.83531  ,  Loss/sim: 1.39395  ,  Loss/distill: 1.61220
[train: Epoch 12, 1200 / 2500] FPS: 10.1 (8.6)  ,  DataTime: 0.382 (0.002)  ,  ForwardTime: 0.209  ,  TotalTime: 0.593  ,  Loss/total: 0.66083  ,  Loss/giou: 0.17817  ,  Loss/l1: 0.01225  ,  Loss/location: 0.21729  ,  pro_loss: 0.12679  ,  IoU: 0.83490  ,  Loss/sim: 1.39380  ,  Loss/distill: 1.61191
[train: Epoch 12, 1250 / 2500] FPS: 10.1 (10.9)  ,  DataTime: 0.381 (0.002)  ,  ForwardTime: 0.209  ,  TotalTime: 0.592  ,  Loss/total: 0.65829  ,  Loss/giou: 0.17764  ,  Loss/l1: 0.01222  ,  Loss/location: 0.21596  ,  pro_loss: 0.12672  ,  IoU: 0.83536  ,  Loss/sim: 1.39373  ,  Loss/distill: 1.61202
[train: Epoch 12, 1300 / 2500] FPS: 10.1 (8.9)  ,  DataTime: 0.381 (0.002)  ,  ForwardTime: 0.209  ,  TotalTime: 0.592  ,  Loss/total: 0.66015  ,  Loss/giou: 0.17809  ,  Loss/l1: 0.01227  ,  Loss/location: 0.21669  ,  pro_loss: 0.12672  ,  IoU: 0.83497  ,  Loss/sim: 1.39365  ,  Loss/distill: 1.61166
[train: Epoch 12, 1350 / 2500] FPS: 10.1 (11.4)  ,  DataTime: 0.384 (0.002)  ,  ForwardTime: 0.209  ,  TotalTime: 0.595  ,  Loss/total: 0.66170  ,  Loss/giou: 0.17852  ,  Loss/l1: 0.01230  ,  Loss/location: 0.21721  ,  pro_loss: 0.12667  ,  IoU: 0.83456  ,  Loss/sim: 1.39477  ,  Loss/distill: 1.61279
[train: Epoch 12, 1400 / 2500] FPS: 10.0 (10.2)  ,  DataTime: 0.386 (0.002)  ,  ForwardTime: 0.209  ,  TotalTime: 0.597  ,  Loss/total: 0.66108  ,  Loss/giou: 0.17827  ,  Loss/l1: 0.01227  ,  Loss/location: 0.21723  ,  pro_loss: 0.12686  ,  IoU: 0.83472  ,  Loss/sim: 1.39539  ,  Loss/distill: 1.61271
[train: Epoch 12, 1450 / 2500] FPS: 10.1 (17.1)  ,  DataTime: 0.385 (0.002)  ,  ForwardTime: 0.209  ,  TotalTime: 0.596  ,  Loss/total: 0.66188  ,  Loss/giou: 0.17832  ,  Loss/l1: 0.01228  ,  Loss/location: 0.21784  ,  pro_loss: 0.12695  ,  IoU: 0.83471  ,  Loss/sim: 1.39524  ,  Loss/distill: 1.61319
[train: Epoch 12, 1500 / 2500] FPS: 10.1 (9.0)  ,  DataTime: 0.384 (0.002)  ,  ForwardTime: 0.209  ,  TotalTime: 0.595  ,  Loss/total: 0.66380  ,  Loss/giou: 0.17876  ,  Loss/l1: 0.01232  ,  Loss/location: 0.21873  ,  pro_loss: 0.12677  ,  IoU: 0.83435  ,  Loss/sim: 1.39586  ,  Loss/distill: 1.61244
[train: Epoch 12, 1550 / 2500] FPS: 10.0 (8.2)  ,  DataTime: 0.387 (0.002)  ,  ForwardTime: 0.209  ,  TotalTime: 0.598  ,  Loss/total: 0.66270  ,  Loss/giou: 0.17856  ,  Loss/l1: 0.01230  ,  Loss/location: 0.21816  ,  pro_loss: 0.12651  ,  IoU: 0.83455  ,  Loss/sim: 1.39574  ,  Loss/distill: 1.61197
[train: Epoch 12, 1600 / 2500] FPS: 10.0 (11.0)  ,  DataTime: 0.388 (0.002)  ,  ForwardTime: 0.209  ,  TotalTime: 0.599  ,  Loss/total: 0.66201  ,  Loss/giou: 0.17843  ,  Loss/l1: 0.01227  ,  Loss/location: 0.21786  ,  pro_loss: 0.12672  ,  IoU: 0.83462  ,  Loss/sim: 1.39534  ,  Loss/distill: 1.61183
[train: Epoch 12, 1650 / 2500] FPS: 10.0 (7.1)  ,  DataTime: 0.387 (0.002)  ,  ForwardTime: 0.209  ,  TotalTime: 0.598  ,  Loss/total: 0.66329  ,  Loss/giou: 0.17870  ,  Loss/l1: 0.01234  ,  Loss/location: 0.21829  ,  pro_loss: 0.12651  ,  IoU: 0.83446  ,  Loss/sim: 1.39458  ,  Loss/distill: 1.61174
[train: Epoch 12, 1700 / 2500] FPS: 10.1 (10.0)  ,  DataTime: 0.386 (0.002)  ,  ForwardTime: 0.209  ,  TotalTime: 0.597  ,  Loss/total: 0.66274  ,  Loss/giou: 0.17864  ,  Loss/l1: 0.01232  ,  Loss/location: 0.21799  ,  pro_loss: 0.12645  ,  IoU: 0.83448  ,  Loss/sim: 1.39556  ,  Loss/distill: 1.61210
[train: Epoch 12, 1750 / 2500] FPS: 10.1 (10.8)  ,  DataTime: 0.386 (0.002)  ,  ForwardTime: 0.209  ,  TotalTime: 0.596  ,  Loss/total: 0.66343  ,  Loss/giou: 0.17880  ,  Loss/l1: 0.01232  ,  Loss/location: 0.21838  ,  pro_loss: 0.12621  ,  IoU: 0.83434  ,  Loss/sim: 1.39685  ,  Loss/distill: 1.61254
[train: Epoch 12, 1800 / 2500] FPS: 10.1 (12.2)  ,  DataTime: 0.386 (0.002)  ,  ForwardTime: 0.209  ,  TotalTime: 0.597  ,  Loss/total: 0.66194  ,  Loss/giou: 0.17841  ,  Loss/l1: 0.01226  ,  Loss/location: 0.21798  ,  pro_loss: 0.12612  ,  IoU: 0.83461  ,  Loss/sim: 1.39689  ,  Loss/distill: 1.61224
[train: Epoch 12, 1850 / 2500] FPS: 10.1 (13.9)  ,  DataTime: 0.385 (0.002)  ,  ForwardTime: 0.209  ,  TotalTime: 0.596  ,  Loss/total: 0.66230  ,  Loss/giou: 0.17837  ,  Loss/l1: 0.01225  ,  Loss/location: 0.21850  ,  pro_loss: 0.12603  ,  IoU: 0.83464  ,  Loss/sim: 1.39590  ,  Loss/distill: 1.61147
[train: Epoch 12, 1900 / 2500] FPS: 10.1 (9.6)  ,  DataTime: 0.384 (0.002)  ,  ForwardTime: 0.209  ,  TotalTime: 0.595  ,  Loss/total: 0.66262  ,  Loss/giou: 0.17848  ,  Loss/l1: 0.01225  ,  Loss/location: 0.21859  ,  pro_loss: 0.12607  ,  IoU: 0.83452  ,  Loss/sim: 1.39583  ,  Loss/distill: 1.61133
[train: Epoch 12, 1950 / 2500] FPS: 10.0 (10.8)  ,  DataTime: 0.387 (0.002)  ,  ForwardTime: 0.209  ,  TotalTime: 0.598  ,  Loss/total: 0.66272  ,  Loss/giou: 0.17837  ,  Loss/l1: 0.01226  ,  Loss/location: 0.21889  ,  pro_loss: 0.12603  ,  IoU: 0.83462  ,  Loss/sim: 1.39468  ,  Loss/distill: 1.61055
[train: Epoch 12, 2000 / 2500] FPS: 10.0 (11.5)  ,  DataTime: 0.388 (0.002)  ,  ForwardTime: 0.209  ,  TotalTime: 0.598  ,  Loss/total: 0.66165  ,  Loss/giou: 0.17814  ,  Loss/l1: 0.01224  ,  Loss/location: 0.21834  ,  pro_loss: 0.12607  ,  IoU: 0.83481  ,  Loss/sim: 1.39522  ,  Loss/distill: 1.61046
[train: Epoch 12, 2050 / 2500] FPS: 10.0 (14.3)  ,  DataTime: 0.387 (0.002)  ,  ForwardTime: 0.209  ,  TotalTime: 0.598  ,  Loss/total: 0.66039  ,  Loss/giou: 0.17775  ,  Loss/l1: 0.01220  ,  Loss/location: 0.21806  ,  pro_loss: 0.12601  ,  IoU: 0.83513  ,  Loss/sim: 1.39531  ,  Loss/distill: 1.61022
[train: Epoch 12, 2100 / 2500] FPS: 10.0 (10.0)  ,  DataTime: 0.390 (0.002)  ,  ForwardTime: 0.209  ,  TotalTime: 0.600  ,  Loss/total: 0.66192  ,  Loss/giou: 0.17811  ,  Loss/l1: 0.01224  ,  Loss/location: 0.21870  ,  pro_loss: 0.12601  ,  IoU: 0.83486  ,  Loss/sim: 1.39567  ,  Loss/distill: 1.60979
[train: Epoch 12, 2150 / 2500] FPS: 10.0 (8.0)  ,  DataTime: 0.389 (0.002)  ,  ForwardTime: 0.209  ,  TotalTime: 0.600  ,  Loss/total: 0.66083  ,  Loss/giou: 0.17784  ,  Loss/l1: 0.01221  ,  Loss/location: 0.21824  ,  pro_loss: 0.12618  ,  IoU: 0.83510  ,  Loss/sim: 1.39527  ,  Loss/distill: 1.60925
[train: Epoch 12, 2200 / 2500] FPS: 10.0 (8.1)  ,  DataTime: 0.390 (0.002)  ,  ForwardTime: 0.209  ,  TotalTime: 0.601  ,  Loss/total: 0.66214  ,  Loss/giou: 0.17819  ,  Loss/l1: 0.01224  ,  Loss/location: 0.21877  ,  pro_loss: 0.12593  ,  IoU: 0.83479  ,  Loss/sim: 1.39528  ,  Loss/distill: 1.60844
[train: Epoch 12, 2250 / 2500] FPS: 10.0 (11.9)  ,  DataTime: 0.389 (0.002)  ,  ForwardTime: 0.209  ,  TotalTime: 0.600  ,  Loss/total: 0.66144  ,  Loss/giou: 0.17805  ,  Loss/l1: 0.01224  ,  Loss/location: 0.21835  ,  pro_loss: 0.12589  ,  IoU: 0.83493  ,  Loss/sim: 1.39557  ,  Loss/distill: 1.60825
[train: Epoch 12, 2300 / 2500] FPS: 10.0 (13.3)  ,  DataTime: 0.389 (0.002)  ,  ForwardTime: 0.209  ,  TotalTime: 0.600  ,  Loss/total: 0.66077  ,  Loss/giou: 0.17787  ,  Loss/l1: 0.01224  ,  Loss/location: 0.21804  ,  pro_loss: 0.12588  ,  IoU: 0.83511  ,  Loss/sim: 1.39516  ,  Loss/distill: 1.60785
[train: Epoch 12, 2350 / 2500] FPS: 10.0 (12.2)  ,  DataTime: 0.388 (0.002)  ,  ForwardTime: 0.209  ,  TotalTime: 0.599  ,  Loss/total: 0.66272  ,  Loss/giou: 0.17834  ,  Loss/l1: 0.01231  ,  Loss/location: 0.21872  ,  pro_loss: 0.12586  ,  IoU: 0.83479  ,  Loss/sim: 1.39526  ,  Loss/distill: 1.60732
[train: Epoch 12, 2400 / 2500] FPS: 10.0 (9.3)  ,  DataTime: 0.388 (0.002)  ,  ForwardTime: 0.209  ,  TotalTime: 0.599  ,  Loss/total: 0.66205  ,  Loss/giou: 0.17809  ,  Loss/l1: 0.01227  ,  Loss/location: 0.21874  ,  pro_loss: 0.12580  ,  IoU: 0.83497  ,  Loss/sim: 1.39576  ,  Loss/distill: 1.60688
[train: Epoch 12, 2450 / 2500] FPS: 10.0 (11.4)  ,  DataTime: 0.388 (0.002)  ,  ForwardTime: 0.209  ,  TotalTime: 0.599  ,  Loss/total: 0.66166  ,  Loss/giou: 0.17804  ,  Loss/l1: 0.01227  ,  Loss/location: 0.21844  ,  pro_loss: 0.12586  ,  IoU: 0.83502  ,  Loss/sim: 1.39527  ,  Loss/distill: 1.60671
[train: Epoch 12, 2500 / 2500] FPS: 10.0 (13.2)  ,  DataTime: 0.389 (0.002)  ,  ForwardTime: 0.209  ,  TotalTime: 0.600  ,  Loss/total: 0.66227  ,  Loss/giou: 0.17819  ,  Loss/l1: 0.01229  ,  Loss/location: 0.21867  ,  pro_loss: 0.12582  ,  IoU: 0.83491  ,  Loss/sim: 1.39534  ,  Loss/distill: 1.60634
[train: Epoch 13, 50 / 2500] FPS: 9.8 (9.0)  ,  DataTime: 0.399 (0.002)  ,  ForwardTime: 0.209  ,  TotalTime: 0.610  ,  Loss/total: 0.65477  ,  Loss/giou: 0.17467  ,  Loss/l1: 0.01101  ,  Loss/location: 0.22481  ,  pro_loss: 0.12472  ,  IoU: 0.83583  ,  Loss/sim: 1.39697  ,  Loss/distill: 1.59377
[train: Epoch 13, 100 / 2500] FPS: 10.1 (10.7)  ,  DataTime: 0.386 (0.002)  ,  ForwardTime: 0.209  ,  TotalTime: 0.596  ,  Loss/total: 0.64712  ,  Loss/giou: 0.17447  ,  Loss/l1: 0.01142  ,  Loss/location: 0.21636  ,  pro_loss: 0.12069  ,  IoU: 0.83697  ,  Loss/sim: 1.41035  ,  Loss/distill: 1.59357
[train: Epoch 13, 150 / 2500] FPS: 10.2 (9.5)  ,  DataTime: 0.379 (0.002)  ,  ForwardTime: 0.209  ,  TotalTime: 0.590  ,  Loss/total: 0.67648  ,  Loss/giou: 0.18163  ,  Loss/l1: 0.01254  ,  Loss/location: 0.22506  ,  pro_loss: 0.12444  ,  IoU: 0.83145  ,  Loss/sim: 1.41601  ,  Loss/distill: 1.60027
[train: Epoch 13, 200 / 2500] FPS: 9.8 (10.3)  ,  DataTime: 0.401 (0.002)  ,  ForwardTime: 0.209  ,  TotalTime: 0.612  ,  Loss/total: 0.67811  ,  Loss/giou: 0.18163  ,  Loss/l1: 0.01284  ,  Loss/location: 0.22548  ,  pro_loss: 0.12285  ,  IoU: 0.83199  ,  Loss/sim: 1.41497  ,  Loss/distill: 1.60389
[train: Epoch 13, 250 / 2500] FPS: 10.0 (8.7)  ,  DataTime: 0.392 (0.002)  ,  ForwardTime: 0.209  ,  TotalTime: 0.603  ,  Loss/total: 0.67005  ,  Loss/giou: 0.18026  ,  Loss/l1: 0.01257  ,  Loss/location: 0.22189  ,  pro_loss: 0.12094  ,  IoU: 0.83269  ,  Loss/sim: 1.40780  ,  Loss/distill: 1.59309
[train: Epoch 13, 300 / 2500] FPS: 9.8 (7.2)  ,  DataTime: 0.401 (0.002)  ,  ForwardTime: 0.209  ,  TotalTime: 0.612  ,  Loss/total: 0.66567  ,  Loss/giou: 0.17916  ,  Loss/l1: 0.01250  ,  Loss/location: 0.21991  ,  pro_loss: 0.12167  ,  IoU: 0.83384  ,  Loss/sim: 1.41260  ,  Loss/distill: 1.59207
[train: Epoch 13, 350 / 2500] FPS: 9.9 (8.7)  ,  DataTime: 0.398 (0.002)  ,  ForwardTime: 0.209  ,  TotalTime: 0.609  ,  Loss/total: 0.67474  ,  Loss/giou: 0.18112  ,  Loss/l1: 0.01274  ,  Loss/location: 0.22409  ,  pro_loss: 0.12060  ,  IoU: 0.83232  ,  Loss/sim: 1.40983  ,  Loss/distill: 1.59382
[train: Epoch 13, 400 / 2500] FPS: 9.9 (13.1)  ,  DataTime: 0.397 (0.002)  ,  ForwardTime: 0.209  ,  TotalTime: 0.608  ,  Loss/total: 0.67553  ,  Loss/giou: 0.18166  ,  Loss/l1: 0.01275  ,  Loss/location: 0.22357  ,  pro_loss: 0.12153  ,  IoU: 0.83173  ,  Loss/sim: 1.41053  ,  Loss/distill: 1.59368
[train: Epoch 13, 450 / 2500] FPS: 9.7 (11.4)  ,  DataTime: 0.406 (0.002)  ,  ForwardTime: 0.209  ,  TotalTime: 0.617  ,  Loss/total: 0.67380  ,  Loss/giou: 0.18095  ,  Loss/l1: 0.01257  ,  Loss/location: 0.22401  ,  pro_loss: 0.12210  ,  IoU: 0.83218  ,  Loss/sim: 1.40706  ,  Loss/distill: 1.59145
[train: Epoch 13, 500 / 2500] FPS: 9.8 (10.1)  ,  DataTime: 0.402 (0.002)  ,  ForwardTime: 0.209  ,  TotalTime: 0.613  ,  Loss/total: 0.67287  ,  Loss/giou: 0.18085  ,  Loss/l1: 0.01253  ,  Loss/location: 0.22336  ,  pro_loss: 0.12289  ,  IoU: 0.83239  ,  Loss/sim: 1.40736  ,  Loss/distill: 1.59057
[train: Epoch 13, 550 / 2500] FPS: 9.6 (10.2)  ,  DataTime: 0.412 (0.002)  ,  ForwardTime: 0.209  ,  TotalTime: 0.623  ,  Loss/total: 0.67395  ,  Loss/giou: 0.18137  ,  Loss/l1: 0.01266  ,  Loss/location: 0.22253  ,  pro_loss: 0.12402  ,  IoU: 0.83216  ,  Loss/sim: 1.41038  ,  Loss/distill: 1.59129
[train: Epoch 13, 600 / 2500] FPS: 9.6 (6.4)  ,  DataTime: 0.414 (0.002)  ,  ForwardTime: 0.209  ,  TotalTime: 0.624  ,  Loss/total: 0.67586  ,  Loss/giou: 0.18155  ,  Loss/l1: 0.01261  ,  Loss/location: 0.22432  ,  pro_loss: 0.12384  ,  IoU: 0.83181  ,  Loss/sim: 1.40911  ,  Loss/distill: 1.58877
[train: Epoch 13, 650 / 2500] FPS: 9.6 (8.4)  ,  DataTime: 0.413 (0.002)  ,  ForwardTime: 0.209  ,  TotalTime: 0.624  ,  Loss/total: 0.67720  ,  Loss/giou: 0.18169  ,  Loss/l1: 0.01263  ,  Loss/location: 0.22527  ,  pro_loss: 0.12391  ,  IoU: 0.83164  ,  Loss/sim: 1.40932  ,  Loss/distill: 1.58955
[train: Epoch 13, 700 / 2500] FPS: 9.6 (11.6)  ,  DataTime: 0.416 (0.002)  ,  ForwardTime: 0.209  ,  TotalTime: 0.627  ,  Loss/total: 0.67580  ,  Loss/giou: 0.18162  ,  Loss/l1: 0.01262  ,  Loss/location: 0.22396  ,  pro_loss: 0.12458  ,  IoU: 0.83155  ,  Loss/sim: 1.40751  ,  Loss/distill: 1.58923
[train: Epoch 13, 750 / 2500] FPS: 9.6 (14.5)  ,  DataTime: 0.412 (0.002)  ,  ForwardTime: 0.209  ,  TotalTime: 0.623  ,  Loss/total: 0.67556  ,  Loss/giou: 0.18158  ,  Loss/l1: 0.01265  ,  Loss/location: 0.22370  ,  pro_loss: 0.12422  ,  IoU: 0.83184  ,  Loss/sim: 1.40674  ,  Loss/distill: 1.58982
[train: Epoch 13, 800 / 2500] FPS: 9.7 (10.8)  ,  DataTime: 0.410 (0.002)  ,  ForwardTime: 0.209  ,  TotalTime: 0.621  ,  Loss/total: 0.67349  ,  Loss/giou: 0.18122  ,  Loss/l1: 0.01261  ,  Loss/location: 0.22248  ,  pro_loss: 0.12458  ,  IoU: 0.83208  ,  Loss/sim: 1.40703  ,  Loss/distill: 1.58942
[train: Epoch 13, 850 / 2500] FPS: 9.7 (10.5)  ,  DataTime: 0.406 (0.002)  ,  ForwardTime: 0.209  ,  TotalTime: 0.617  ,  Loss/total: 0.67422  ,  Loss/giou: 0.18147  ,  Loss/l1: 0.01265  ,  Loss/location: 0.22240  ,  pro_loss: 0.12521  ,  IoU: 0.83190  ,  Loss/sim: 1.40773  ,  Loss/distill: 1.58982
[train: Epoch 13, 900 / 2500] FPS: 9.7 (11.3)  ,  DataTime: 0.405 (0.002)  ,  ForwardTime: 0.209  ,  TotalTime: 0.615  ,  Loss/total: 0.67213  ,  Loss/giou: 0.18091  ,  Loss/l1: 0.01259  ,  Loss/location: 0.22173  ,  pro_loss: 0.12526  ,  IoU: 0.83225  ,  Loss/sim: 1.40819  ,  Loss/distill: 1.58985
[train: Epoch 13, 950 / 2500] FPS: 9.8 (8.7)  ,  DataTime: 0.403 (0.002)  ,  ForwardTime: 0.209  ,  TotalTime: 0.614  ,  Loss/total: 0.67306  ,  Loss/giou: 0.18132  ,  Loss/l1: 0.01259  ,  Loss/location: 0.22179  ,  pro_loss: 0.12528  ,  IoU: 0.83185  ,  Loss/sim: 1.40657  ,  Loss/distill: 1.58913
[train: Epoch 13, 1000 / 2500] FPS: 9.8 (10.1)  ,  DataTime: 0.403 (0.002)  ,  ForwardTime: 0.209  ,  TotalTime: 0.614  ,  Loss/total: 0.67542  ,  Loss/giou: 0.18197  ,  Loss/l1: 0.01263  ,  Loss/location: 0.22265  ,  pro_loss: 0.12536  ,  IoU: 0.83130  ,  Loss/sim: 1.40761  ,  Loss/distill: 1.58916
[train: Epoch 13, 1050 / 2500] FPS: 9.8 (7.5)  ,  DataTime: 0.401 (0.002)  ,  ForwardTime: 0.209  ,  TotalTime: 0.612  ,  Loss/total: 0.67757  ,  Loss/giou: 0.18263  ,  Loss/l1: 0.01274  ,  Loss/location: 0.22288  ,  pro_loss: 0.12562  ,  IoU: 0.83087  ,  Loss/sim: 1.40869  ,  Loss/distill: 1.58796
[train: Epoch 13, 1100 / 2500] FPS: 9.8 (11.7)  ,  DataTime: 0.403 (0.002)  ,  ForwardTime: 0.209  ,  TotalTime: 0.614  ,  Loss/total: 0.67810  ,  Loss/giou: 0.18289  ,  Loss/l1: 0.01278  ,  Loss/location: 0.22271  ,  pro_loss: 0.12548  ,  IoU: 0.83069  ,  Loss/sim: 1.40735  ,  Loss/distill: 1.58745
[train: Epoch 13, 1150 / 2500] FPS: 9.8 (8.8)  ,  DataTime: 0.401 (0.002)  ,  ForwardTime: 0.209  ,  TotalTime: 0.612  ,  Loss/total: 0.67594  ,  Loss/giou: 0.18229  ,  Loss/l1: 0.01272  ,  Loss/location: 0.22202  ,  pro_loss: 0.12565  ,  IoU: 0.83120  ,  Loss/sim: 1.40686  ,  Loss/distill: 1.58647
[train: Epoch 13, 1200 / 2500] FPS: 9.8 (11.8)  ,  DataTime: 0.399 (0.002)  ,  ForwardTime: 0.209  ,  TotalTime: 0.610  ,  Loss/total: 0.67470  ,  Loss/giou: 0.18200  ,  Loss/l1: 0.01268  ,  Loss/location: 0.22158  ,  pro_loss: 0.12568  ,  IoU: 0.83148  ,  Loss/sim: 1.40647  ,  Loss/distill: 1.58589
[train: Epoch 13, 1250 / 2500] FPS: 9.8 (9.7)  ,  DataTime: 0.399 (0.002)  ,  ForwardTime: 0.209  ,  TotalTime: 0.610  ,  Loss/total: 0.67429  ,  Loss/giou: 0.18192  ,  Loss/l1: 0.01270  ,  Loss/location: 0.22116  ,  pro_loss: 0.12599  ,  IoU: 0.83159  ,  Loss/sim: 1.40699  ,  Loss/distill: 1.58591
[train: Epoch 13, 1300 / 2500] FPS: 9.8 (12.3)  ,  DataTime: 0.398 (0.002)  ,  ForwardTime: 0.209  ,  TotalTime: 0.609  ,  Loss/total: 0.67307  ,  Loss/giou: 0.18166  ,  Loss/l1: 0.01271  ,  Loss/location: 0.22029  ,  pro_loss: 0.12645  ,  IoU: 0.83188  ,  Loss/sim: 1.40791  ,  Loss/distill: 1.58553
[train: Epoch 13, 1350 / 2500] FPS: 9.9 (11.8)  ,  DataTime: 0.398 (0.002)  ,  ForwardTime: 0.209  ,  TotalTime: 0.609  ,  Loss/total: 0.67240  ,  Loss/giou: 0.18128  ,  Loss/l1: 0.01269  ,  Loss/location: 0.22045  ,  pro_loss: 0.12673  ,  IoU: 0.83216  ,  Loss/sim: 1.40697  ,  Loss/distill: 1.58410
[train: Epoch 13, 1400 / 2500] FPS: 9.9 (11.7)  ,  DataTime: 0.396 (0.002)  ,  ForwardTime: 0.209  ,  TotalTime: 0.607  ,  Loss/total: 0.67241  ,  Loss/giou: 0.18116  ,  Loss/l1: 0.01268  ,  Loss/location: 0.22075  ,  pro_loss: 0.12684  ,  IoU: 0.83221  ,  Loss/sim: 1.40635  ,  Loss/distill: 1.58404
[train: Epoch 13, 1450 / 2500] FPS: 9.9 (6.2)  ,  DataTime: 0.396 (0.002)  ,  ForwardTime: 0.209  ,  TotalTime: 0.607  ,  Loss/total: 0.67106  ,  Loss/giou: 0.18091  ,  Loss/l1: 0.01263  ,  Loss/location: 0.22012  ,  pro_loss: 0.12687  ,  IoU: 0.83241  ,  Loss/sim: 1.40563  ,  Loss/distill: 1.58355
[train: Epoch 13, 1500 / 2500] FPS: 9.9 (10.7)  ,  DataTime: 0.396 (0.002)  ,  ForwardTime: 0.209  ,  TotalTime: 0.607  ,  Loss/total: 0.67099  ,  Loss/giou: 0.18089  ,  Loss/l1: 0.01260  ,  Loss/location: 0.22027  ,  pro_loss: 0.12679  ,  IoU: 0.83238  ,  Loss/sim: 1.40545  ,  Loss/distill: 1.58318
[train: Epoch 13, 1550 / 2500] FPS: 9.9 (11.7)  ,  DataTime: 0.394 (0.002)  ,  ForwardTime: 0.209  ,  TotalTime: 0.605  ,  Loss/total: 0.66930  ,  Loss/giou: 0.18032  ,  Loss/l1: 0.01254  ,  Loss/location: 0.21995  ,  pro_loss: 0.12712  ,  IoU: 0.83289  ,  Loss/sim: 1.40371  ,  Loss/distill: 1.58208
[train: Epoch 13, 1600 / 2500] FPS: 9.9 (19.3)  ,  DataTime: 0.395 (0.002)  ,  ForwardTime: 0.209  ,  TotalTime: 0.606  ,  Loss/total: 0.66899  ,  Loss/giou: 0.18027  ,  Loss/l1: 0.01253  ,  Loss/location: 0.21979  ,  pro_loss: 0.12720  ,  IoU: 0.83290  ,  Loss/sim: 1.40322  ,  Loss/distill: 1.58194
[train: Epoch 13, 1650 / 2500] FPS: 9.9 (11.9)  ,  DataTime: 0.397 (0.002)  ,  ForwardTime: 0.209  ,  TotalTime: 0.608  ,  Loss/total: 0.66970  ,  Loss/giou: 0.18038  ,  Loss/l1: 0.01252  ,  Loss/location: 0.22032  ,  pro_loss: 0.12718  ,  IoU: 0.83279  ,  Loss/sim: 1.40355  ,  Loss/distill: 1.58252
[train: Epoch 13, 1700 / 2500] FPS: 9.9 (11.3)  ,  DataTime: 0.396 (0.002)  ,  ForwardTime: 0.209  ,  TotalTime: 0.607  ,  Loss/total: 0.66988  ,  Loss/giou: 0.18053  ,  Loss/l1: 0.01252  ,  Loss/location: 0.22014  ,  pro_loss: 0.12734  ,  IoU: 0.83264  ,  Loss/sim: 1.40299  ,  Loss/distill: 1.58209
[train: Epoch 13, 1750 / 2500] FPS: 9.9 (10.2)  ,  DataTime: 0.395 (0.002)  ,  ForwardTime: 0.209  ,  TotalTime: 0.606  ,  Loss/total: 0.67030  ,  Loss/giou: 0.18066  ,  Loss/l1: 0.01253  ,  Loss/location: 0.22025  ,  pro_loss: 0.12750  ,  IoU: 0.83251  ,  Loss/sim: 1.40235  ,  Loss/distill: 1.58215
[train: Epoch 13, 1800 / 2500] FPS: 9.9 (6.2)  ,  DataTime: 0.395 (0.002)  ,  ForwardTime: 0.209  ,  TotalTime: 0.605  ,  Loss/total: 0.66926  ,  Loss/giou: 0.18043  ,  Loss/l1: 0.01250  ,  Loss/location: 0.21977  ,  pro_loss: 0.12768  ,  IoU: 0.83270  ,  Loss/sim: 1.40219  ,  Loss/distill: 1.58250
[train: Epoch 13, 1850 / 2500] FPS: 9.9 (14.1)  ,  DataTime: 0.393 (0.002)  ,  ForwardTime: 0.209  ,  TotalTime: 0.604  ,  Loss/total: 0.67084  ,  Loss/giou: 0.18086  ,  Loss/l1: 0.01255  ,  Loss/location: 0.22020  ,  pro_loss: 0.12787  ,  IoU: 0.83242  ,  Loss/sim: 1.40188  ,  Loss/distill: 1.58221
[train: Epoch 13, 1900 / 2500] FPS: 9.9 (14.1)  ,  DataTime: 0.393 (0.002)  ,  ForwardTime: 0.209  ,  TotalTime: 0.604  ,  Loss/total: 0.67056  ,  Loss/giou: 0.18073  ,  Loss/l1: 0.01254  ,  Loss/location: 0.22020  ,  pro_loss: 0.12800  ,  IoU: 0.83258  ,  Loss/sim: 1.40077  ,  Loss/distill: 1.58152
[train: Epoch 13, 1950 / 2500] FPS: 9.9 (8.7)  ,  DataTime: 0.393 (0.002)  ,  ForwardTime: 0.209  ,  TotalTime: 0.604  ,  Loss/total: 0.66986  ,  Loss/giou: 0.18055  ,  Loss/l1: 0.01254  ,  Loss/location: 0.21990  ,  pro_loss: 0.12778  ,  IoU: 0.83277  ,  Loss/sim: 1.40049  ,  Loss/distill: 1.58078
[train: Epoch 13, 2000 / 2500] FPS: 10.0 (11.5)  ,  DataTime: 0.391 (0.002)  ,  ForwardTime: 0.209  ,  TotalTime: 0.602  ,  Loss/total: 0.67043  ,  Loss/giou: 0.18072  ,  Loss/l1: 0.01256  ,  Loss/location: 0.22006  ,  pro_loss: 0.12765  ,  IoU: 0.83266  ,  Loss/sim: 1.40082  ,  Loss/distill: 1.58020
[train: Epoch 13, 2050 / 2500] FPS: 10.0 (6.7)  ,  DataTime: 0.390 (0.002)  ,  ForwardTime: 0.209  ,  TotalTime: 0.601  ,  Loss/total: 0.67005  ,  Loss/giou: 0.18057  ,  Loss/l1: 0.01255  ,  Loss/location: 0.22007  ,  pro_loss: 0.12751  ,  IoU: 0.83278  ,  Loss/sim: 1.40085  ,  Loss/distill: 1.57961
[train: Epoch 13, 2100 / 2500] FPS: 10.0 (11.4)  ,  DataTime: 0.389 (0.002)  ,  ForwardTime: 0.209  ,  TotalTime: 0.600  ,  Loss/total: 0.67166  ,  Loss/giou: 0.18099  ,  Loss/l1: 0.01258  ,  Loss/location: 0.22071  ,  pro_loss: 0.12734  ,  IoU: 0.83242  ,  Loss/sim: 1.40157  ,  Loss/distill: 1.57934
[train: Epoch 13, 2150 / 2500] FPS: 10.0 (10.6)  ,  DataTime: 0.389 (0.002)  ,  ForwardTime: 0.209  ,  TotalTime: 0.600  ,  Loss/total: 0.67181  ,  Loss/giou: 0.18096  ,  Loss/l1: 0.01256  ,  Loss/location: 0.22105  ,  pro_loss: 0.12734  ,  IoU: 0.83242  ,  Loss/sim: 1.40153  ,  Loss/distill: 1.57912
[train: Epoch 13, 2200 / 2500] FPS: 10.0 (11.5)  ,  DataTime: 0.389 (0.002)  ,  ForwardTime: 0.209  ,  TotalTime: 0.600  ,  Loss/total: 0.67138  ,  Loss/giou: 0.18079  ,  Loss/l1: 0.01254  ,  Loss/location: 0.22097  ,  pro_loss: 0.12760  ,  IoU: 0.83255  ,  Loss/sim: 1.40085  ,  Loss/distill: 1.57848
[train: Epoch 13, 2250 / 2500] FPS: 10.0 (11.7)  ,  DataTime: 0.388 (0.002)  ,  ForwardTime: 0.209  ,  TotalTime: 0.599  ,  Loss/total: 0.67122  ,  Loss/giou: 0.18081  ,  Loss/l1: 0.01253  ,  Loss/location: 0.22084  ,  pro_loss: 0.12747  ,  IoU: 0.83255  ,  Loss/sim: 1.40124  ,  Loss/distill: 1.57807
[train: Epoch 13, 2300 / 2500] FPS: 10.0 (8.6)  ,  DataTime: 0.389 (0.002)  ,  ForwardTime: 0.209  ,  TotalTime: 0.600  ,  Loss/total: 0.67085  ,  Loss/giou: 0.18076  ,  Loss/l1: 0.01253  ,  Loss/location: 0.22058  ,  pro_loss: 0.12766  ,  IoU: 0.83259  ,  Loss/sim: 1.40177  ,  Loss/distill: 1.57801
[train: Epoch 13, 2350 / 2500] FPS: 10.0 (9.9)  ,  DataTime: 0.389 (0.002)  ,  ForwardTime: 0.209  ,  TotalTime: 0.600  ,  Loss/total: 0.67068  ,  Loss/giou: 0.18059  ,  Loss/l1: 0.01249  ,  Loss/location: 0.22090  ,  pro_loss: 0.12772  ,  IoU: 0.83269  ,  Loss/sim: 1.40154  ,  Loss/distill: 1.57723
[train: Epoch 13, 2400 / 2500] FPS: 10.0 (12.5)  ,  DataTime: 0.389 (0.002)  ,  ForwardTime: 0.209  ,  TotalTime: 0.599  ,  Loss/total: 0.67060  ,  Loss/giou: 0.18057  ,  Loss/l1: 0.01250  ,  Loss/location: 0.22080  ,  pro_loss: 0.12780  ,  IoU: 0.83272  ,  Loss/sim: 1.40012  ,  Loss/distill: 1.57588
[train: Epoch 13, 2450 / 2500] FPS: 10.0 (7.8)  ,  DataTime: 0.388 (0.002)  ,  ForwardTime: 0.209  ,  TotalTime: 0.599  ,  Loss/total: 0.67034  ,  Loss/giou: 0.18050  ,  Loss/l1: 0.01250  ,  Loss/location: 0.22068  ,  pro_loss: 0.12790  ,  IoU: 0.83275  ,  Loss/sim: 1.39913  ,  Loss/distill: 1.57484
[train: Epoch 13, 2500 / 2500] FPS: 10.0 (8.9)  ,  DataTime: 0.388 (0.002)  ,  ForwardTime: 0.209  ,  TotalTime: 0.599  ,  Loss/total: 0.66989  ,  Loss/giou: 0.18040  ,  Loss/l1: 0.01249  ,  Loss/location: 0.22046  ,  pro_loss: 0.12798  ,  IoU: 0.83283  ,  Loss/sim: 1.39870  ,  Loss/distill: 1.57430
[train: Epoch 14, 50 / 2500] FPS: 9.4 (13.0)  ,  DataTime: 0.429 (0.002)  ,  ForwardTime: 0.209  ,  TotalTime: 0.640  ,  Loss/total: 0.66743  ,  Loss/giou: 0.17368  ,  Loss/l1: 0.01196  ,  Loss/location: 0.23503  ,  pro_loss: 0.12333  ,  IoU: 0.83832  ,  Loss/sim: 1.37194  ,  Loss/distill: 1.53288
[train: Epoch 14, 100 / 2500] FPS: 9.8 (8.5)  ,  DataTime: 0.401 (0.002)  ,  ForwardTime: 0.209  ,  TotalTime: 0.612  ,  Loss/total: 0.66843  ,  Loss/giou: 0.17764  ,  Loss/l1: 0.01176  ,  Loss/location: 0.22870  ,  pro_loss: 0.12542  ,  IoU: 0.83497  ,  Loss/sim: 1.39118  ,  Loss/distill: 1.54447
[train: Epoch 14, 150 / 2500] FPS: 9.8 (15.3)  ,  DataTime: 0.400 (0.002)  ,  ForwardTime: 0.209  ,  TotalTime: 0.610  ,  Loss/total: 0.68096  ,  Loss/giou: 0.18215  ,  Loss/l1: 0.01243  ,  Loss/location: 0.22886  ,  pro_loss: 0.12519  ,  IoU: 0.83128  ,  Loss/sim: 1.38691  ,  Loss/distill: 1.54875
[train: Epoch 14, 200 / 2500] FPS: 9.8 (9.3)  ,  DataTime: 0.400 (0.002)  ,  ForwardTime: 0.209  ,  TotalTime: 0.611  ,  Loss/total: 0.68336  ,  Loss/giou: 0.18179  ,  Loss/l1: 0.01241  ,  Loss/location: 0.23160  ,  pro_loss: 0.12778  ,  IoU: 0.83143  ,  Loss/sim: 1.38570  ,  Loss/distill: 1.55345
[train: Epoch 14, 250 / 2500] FPS: 10.0 (9.5)  ,  DataTime: 0.392 (0.002)  ,  ForwardTime: 0.209  ,  TotalTime: 0.603  ,  Loss/total: 0.68691  ,  Loss/giou: 0.18341  ,  Loss/l1: 0.01250  ,  Loss/location: 0.23171  ,  pro_loss: 0.12656  ,  IoU: 0.82990  ,  Loss/sim: 1.39214  ,  Loss/distill: 1.55829
[train: Epoch 14, 300 / 2500] FPS: 9.9 (10.8)  ,  DataTime: 0.392 (0.002)  ,  ForwardTime: 0.209  ,  TotalTime: 0.603  ,  Loss/total: 0.67593  ,  Loss/giou: 0.18038  ,  Loss/l1: 0.01219  ,  Loss/location: 0.22816  ,  pro_loss: 0.12727  ,  IoU: 0.83237  ,  Loss/sim: 1.39528  ,  Loss/distill: 1.55744
[train: Epoch 14, 350 / 2500] FPS: 9.8 (10.4)  ,  DataTime: 0.399 (0.002)  ,  ForwardTime: 0.209  ,  TotalTime: 0.610  ,  Loss/total: 0.67334  ,  Loss/giou: 0.17990  ,  Loss/l1: 0.01218  ,  Loss/location: 0.22672  ,  pro_loss: 0.12663  ,  IoU: 0.83306  ,  Loss/sim: 1.39500  ,  Loss/distill: 1.55348
[train: Epoch 14, 400 / 2500] FPS: 9.9 (10.3)  ,  DataTime: 0.394 (0.002)  ,  ForwardTime: 0.209  ,  TotalTime: 0.605  ,  Loss/total: 0.67770  ,  Loss/giou: 0.18118  ,  Loss/l1: 0.01235  ,  Loss/location: 0.22787  ,  pro_loss: 0.12569  ,  IoU: 0.83196  ,  Loss/sim: 1.39345  ,  Loss/distill: 1.55477
[train: Epoch 14, 450 / 2500] FPS: 9.9 (11.4)  ,  DataTime: 0.392 (0.002)  ,  ForwardTime: 0.209  ,  TotalTime: 0.603  ,  Loss/total: 0.68135  ,  Loss/giou: 0.18249  ,  Loss/l1: 0.01266  ,  Loss/location: 0.22728  ,  pro_loss: 0.12593  ,  IoU: 0.83129  ,  Loss/sim: 1.39349  ,  Loss/distill: 1.55688
[train: Epoch 14, 500 / 2500] FPS: 10.0 (15.8)  ,  DataTime: 0.390 (0.002)  ,  ForwardTime: 0.209  ,  TotalTime: 0.601  ,  Loss/total: 0.68162  ,  Loss/giou: 0.18237  ,  Loss/l1: 0.01267  ,  Loss/location: 0.22769  ,  pro_loss: 0.12625  ,  IoU: 0.83125  ,  Loss/sim: 1.38880  ,  Loss/distill: 1.55420
[train: Epoch 14, 550 / 2500] FPS: 10.0 (11.0)  ,  DataTime: 0.390 (0.002)  ,  ForwardTime: 0.209  ,  TotalTime: 0.601  ,  Loss/total: 0.68338  ,  Loss/giou: 0.18278  ,  Loss/l1: 0.01286  ,  Loss/location: 0.22761  ,  pro_loss: 0.12657  ,  IoU: 0.83106  ,  Loss/sim: 1.38253  ,  Loss/distill: 1.54957
[train: Epoch 14, 600 / 2500] FPS: 10.0 (12.3)  ,  DataTime: 0.391 (0.002)  ,  ForwardTime: 0.209  ,  TotalTime: 0.601  ,  Loss/total: 0.67854  ,  Loss/giou: 0.18148  ,  Loss/l1: 0.01278  ,  Loss/location: 0.22585  ,  pro_loss: 0.12632  ,  IoU: 0.83224  ,  Loss/sim: 1.38097  ,  Loss/distill: 1.54935
[train: Epoch 14, 650 / 2500] FPS: 10.0 (9.9)  ,  DataTime: 0.392 (0.002)  ,  ForwardTime: 0.209  ,  TotalTime: 0.603  ,  Loss/total: 0.67311  ,  Loss/giou: 0.18014  ,  Loss/l1: 0.01256  ,  Loss/location: 0.22412  ,  pro_loss: 0.12658  ,  IoU: 0.83323  ,  Loss/sim: 1.38118  ,  Loss/distill: 1.54944
[train: Epoch 14, 700 / 2500] FPS: 10.0 (8.7)  ,  DataTime: 0.392 (0.002)  ,  ForwardTime: 0.209  ,  TotalTime: 0.603  ,  Loss/total: 0.67382  ,  Loss/giou: 0.18057  ,  Loss/l1: 0.01261  ,  Loss/location: 0.22383  ,  pro_loss: 0.12607  ,  IoU: 0.83288  ,  Loss/sim: 1.38292  ,  Loss/distill: 1.55016
[train: Epoch 14, 750 / 2500] FPS: 10.0 (11.4)  ,  DataTime: 0.391 (0.002)  ,  ForwardTime: 0.209  ,  TotalTime: 0.602  ,  Loss/total: 0.67571  ,  Loss/giou: 0.18072  ,  Loss/l1: 0.01258  ,  Loss/location: 0.22554  ,  pro_loss: 0.12611  ,  IoU: 0.83267  ,  Loss/sim: 1.38453  ,  Loss/distill: 1.55078
[train: Epoch 14, 800 / 2500] FPS: 10.0 (8.9)  ,  DataTime: 0.388 (0.002)  ,  ForwardTime: 0.209  ,  TotalTime: 0.599  ,  Loss/total: 0.67803  ,  Loss/giou: 0.18161  ,  Loss/l1: 0.01272  ,  Loss/location: 0.22536  ,  pro_loss: 0.12625  ,  IoU: 0.83220  ,  Loss/sim: 1.38533  ,  Loss/distill: 1.55130
[train: Epoch 14, 850 / 2500] FPS: 10.0 (11.0)  ,  DataTime: 0.387 (0.002)  ,  ForwardTime: 0.209  ,  TotalTime: 0.598  ,  Loss/total: 0.67745  ,  Loss/giou: 0.18162  ,  Loss/l1: 0.01270  ,  Loss/location: 0.22487  ,  pro_loss: 0.12620  ,  IoU: 0.83212  ,  Loss/sim: 1.38231  ,  Loss/distill: 1.54990
[train: Epoch 14, 900 / 2500] FPS: 10.0 (10.3)  ,  DataTime: 0.387 (0.002)  ,  ForwardTime: 0.209  ,  TotalTime: 0.598  ,  Loss/total: 0.67763  ,  Loss/giou: 0.18161  ,  Loss/l1: 0.01265  ,  Loss/location: 0.22527  ,  pro_loss: 0.12635  ,  IoU: 0.83219  ,  Loss/sim: 1.38408  ,  Loss/distill: 1.54936
[train: Epoch 14, 950 / 2500] FPS: 10.1 (15.3)  ,  DataTime: 0.386 (0.002)  ,  ForwardTime: 0.209  ,  TotalTime: 0.597  ,  Loss/total: 0.67803  ,  Loss/giou: 0.18149  ,  Loss/l1: 0.01266  ,  Loss/location: 0.22588  ,  pro_loss: 0.12639  ,  IoU: 0.83226  ,  Loss/sim: 1.38218  ,  Loss/distill: 1.54825
[train: Epoch 14, 1000 / 2500] FPS: 10.1 (13.0)  ,  DataTime: 0.385 (0.002)  ,  ForwardTime: 0.209  ,  TotalTime: 0.596  ,  Loss/total: 0.67788  ,  Loss/giou: 0.18155  ,  Loss/l1: 0.01273  ,  Loss/location: 0.22524  ,  pro_loss: 0.12642  ,  IoU: 0.83233  ,  Loss/sim: 1.38199  ,  Loss/distill: 1.54778
[train: Epoch 14, 1050 / 2500] FPS: 10.1 (17.1)  ,  DataTime: 0.383 (0.002)  ,  ForwardTime: 0.209  ,  TotalTime: 0.594  ,  Loss/total: 0.67738  ,  Loss/giou: 0.18154  ,  Loss/l1: 0.01278  ,  Loss/location: 0.22452  ,  pro_loss: 0.12652  ,  IoU: 0.83247  ,  Loss/sim: 1.38081  ,  Loss/distill: 1.54717
[train: Epoch 14, 1100 / 2500] FPS: 10.1 (9.5)  ,  DataTime: 0.384 (0.002)  ,  ForwardTime: 0.209  ,  TotalTime: 0.595  ,  Loss/total: 0.67727  ,  Loss/giou: 0.18160  ,  Loss/l1: 0.01279  ,  Loss/location: 0.22423  ,  pro_loss: 0.12640  ,  IoU: 0.83249  ,  Loss/sim: 1.38148  ,  Loss/distill: 1.54805
[train: Epoch 14, 1150 / 2500] FPS: 10.1 (7.7)  ,  DataTime: 0.383 (0.002)  ,  ForwardTime: 0.209  ,  TotalTime: 0.594  ,  Loss/total: 0.67643  ,  Loss/giou: 0.18146  ,  Loss/l1: 0.01279  ,  Loss/location: 0.22365  ,  pro_loss: 0.12667  ,  IoU: 0.83271  ,  Loss/sim: 1.38141  ,  Loss/distill: 1.54822
[train: Epoch 14, 1200 / 2500] FPS: 10.1 (7.6)  ,  DataTime: 0.383 (0.002)  ,  ForwardTime: 0.209  ,  TotalTime: 0.594  ,  Loss/total: 0.67758  ,  Loss/giou: 0.18193  ,  Loss/l1: 0.01283  ,  Loss/location: 0.22370  ,  pro_loss: 0.12650  ,  IoU: 0.83233  ,  Loss/sim: 1.38075  ,  Loss/distill: 1.54827
[train: Epoch 14, 1250 / 2500] FPS: 10.1 (13.8)  ,  DataTime: 0.384 (0.002)  ,  ForwardTime: 0.209  ,  TotalTime: 0.595  ,  Loss/total: 0.67860  ,  Loss/giou: 0.18218  ,  Loss/l1: 0.01287  ,  Loss/location: 0.22395  ,  pro_loss: 0.12662  ,  IoU: 0.83217  ,  Loss/sim: 1.37939  ,  Loss/distill: 1.54687
[train: Epoch 14, 1300 / 2500] FPS: 10.1 (9.9)  ,  DataTime: 0.384 (0.002)  ,  ForwardTime: 0.209  ,  TotalTime: 0.595  ,  Loss/total: 0.67872  ,  Loss/giou: 0.18212  ,  Loss/l1: 0.01285  ,  Loss/location: 0.22436  ,  pro_loss: 0.12644  ,  IoU: 0.83215  ,  Loss/sim: 1.38051  ,  Loss/distill: 1.54662
[train: Epoch 14, 1350 / 2500] FPS: 10.1 (9.8)  ,  DataTime: 0.385 (0.002)  ,  ForwardTime: 0.209  ,  TotalTime: 0.596  ,  Loss/total: 0.67875  ,  Loss/giou: 0.18220  ,  Loss/l1: 0.01288  ,  Loss/location: 0.22406  ,  pro_loss: 0.12658  ,  IoU: 0.83208  ,  Loss/sim: 1.38213  ,  Loss/distill: 1.54716
[train: Epoch 14, 1400 / 2500] FPS: 10.1 (10.0)  ,  DataTime: 0.384 (0.002)  ,  ForwardTime: 0.209  ,  TotalTime: 0.595  ,  Loss/total: 0.67621  ,  Loss/giou: 0.18165  ,  Loss/l1: 0.01283  ,  Loss/location: 0.22289  ,  pro_loss: 0.12647  ,  IoU: 0.83253  ,  Loss/sim: 1.38076  ,  Loss/distill: 1.54623
[train: Epoch 14, 1450 / 2500] FPS: 10.1 (9.0)  ,  DataTime: 0.384 (0.002)  ,  ForwardTime: 0.209  ,  TotalTime: 0.595  ,  Loss/total: 0.67535  ,  Loss/giou: 0.18141  ,  Loss/l1: 0.01280  ,  Loss/location: 0.22265  ,  pro_loss: 0.12654  ,  IoU: 0.83273  ,  Loss/sim: 1.38046  ,  Loss/distill: 1.54613
[train: Epoch 14, 1500 / 2500] FPS: 10.1 (10.0)  ,  DataTime: 0.384 (0.002)  ,  ForwardTime: 0.209  ,  TotalTime: 0.595  ,  Loss/total: 0.67455  ,  Loss/giou: 0.18126  ,  Loss/l1: 0.01278  ,  Loss/location: 0.22224  ,  pro_loss: 0.12657  ,  IoU: 0.83281  ,  Loss/sim: 1.38031  ,  Loss/distill: 1.54623
[train: Epoch 14, 1550 / 2500] FPS: 10.1 (7.2)  ,  DataTime: 0.384 (0.002)  ,  ForwardTime: 0.209  ,  TotalTime: 0.595  ,  Loss/total: 0.67363  ,  Loss/giou: 0.18079  ,  Loss/l1: 0.01275  ,  Loss/location: 0.22233  ,  pro_loss: 0.12692  ,  IoU: 0.83319  ,  Loss/sim: 1.38135  ,  Loss/distill: 1.54713
[train: Epoch 14, 1600 / 2500] FPS: 10.1 (12.9)  ,  DataTime: 0.385 (0.002)  ,  ForwardTime: 0.209  ,  TotalTime: 0.596  ,  Loss/total: 0.67331  ,  Loss/giou: 0.18064  ,  Loss/l1: 0.01275  ,  Loss/location: 0.22227  ,  pro_loss: 0.12723  ,  IoU: 0.83331  ,  Loss/sim: 1.38219  ,  Loss/distill: 1.54726
[train: Epoch 14, 1650 / 2500] FPS: 10.1 (11.8)  ,  DataTime: 0.384 (0.002)  ,  ForwardTime: 0.209  ,  TotalTime: 0.595  ,  Loss/total: 0.67387  ,  Loss/giou: 0.18080  ,  Loss/l1: 0.01275  ,  Loss/location: 0.22255  ,  pro_loss: 0.12696  ,  IoU: 0.83310  ,  Loss/sim: 1.38228  ,  Loss/distill: 1.54682
[train: Epoch 14, 1700 / 2500] FPS: 10.1 (10.7)  ,  DataTime: 0.384 (0.002)  ,  ForwardTime: 0.209  ,  TotalTime: 0.595  ,  Loss/total: 0.67419  ,  Loss/giou: 0.18091  ,  Loss/l1: 0.01276  ,  Loss/location: 0.22260  ,  pro_loss: 0.12697  ,  IoU: 0.83299  ,  Loss/sim: 1.38256  ,  Loss/distill: 1.54629
[train: Epoch 14, 1750 / 2500] FPS: 10.1 (10.6)  ,  DataTime: 0.384 (0.002)  ,  ForwardTime: 0.209  ,  TotalTime: 0.595  ,  Loss/total: 0.67548  ,  Loss/giou: 0.18131  ,  Loss/l1: 0.01280  ,  Loss/location: 0.22285  ,  pro_loss: 0.12706  ,  IoU: 0.83268  ,  Loss/sim: 1.38300  ,  Loss/distill: 1.54578
[train: Epoch 14, 1800 / 2500] FPS: 10.1 (9.8)  ,  DataTime: 0.383 (0.002)  ,  ForwardTime: 0.209  ,  TotalTime: 0.594  ,  Loss/total: 0.67518  ,  Loss/giou: 0.18134  ,  Loss/l1: 0.01281  ,  Loss/location: 0.22246  ,  pro_loss: 0.12697  ,  IoU: 0.83262  ,  Loss/sim: 1.38234  ,  Loss/distill: 1.54498
[train: Epoch 14, 1850 / 2500] FPS: 10.1 (19.4)  ,  DataTime: 0.383 (0.002)  ,  ForwardTime: 0.209  ,  TotalTime: 0.594  ,  Loss/total: 0.67507  ,  Loss/giou: 0.18132  ,  Loss/l1: 0.01281  ,  Loss/location: 0.22241  ,  pro_loss: 0.12690  ,  IoU: 0.83264  ,  Loss/sim: 1.38245  ,  Loss/distill: 1.54478
[train: Epoch 14, 1900 / 2500] FPS: 10.1 (8.3)  ,  DataTime: 0.383 (0.002)  ,  ForwardTime: 0.209  ,  TotalTime: 0.594  ,  Loss/total: 0.67415  ,  Loss/giou: 0.18099  ,  Loss/l1: 0.01276  ,  Loss/location: 0.22237  ,  pro_loss: 0.12698  ,  IoU: 0.83289  ,  Loss/sim: 1.38236  ,  Loss/distill: 1.54455
[train: Epoch 14, 1950 / 2500] FPS: 10.1 (8.7)  ,  DataTime: 0.384 (0.002)  ,  ForwardTime: 0.209  ,  TotalTime: 0.595  ,  Loss/total: 0.67439  ,  Loss/giou: 0.18108  ,  Loss/l1: 0.01277  ,  Loss/location: 0.22232  ,  pro_loss: 0.12729  ,  IoU: 0.83281  ,  Loss/sim: 1.38294  ,  Loss/distill: 1.54453
[train: Epoch 14, 2000 / 2500] FPS: 10.1 (12.6)  ,  DataTime: 0.383 (0.002)  ,  ForwardTime: 0.209  ,  TotalTime: 0.595  ,  Loss/total: 0.67456  ,  Loss/giou: 0.18098  ,  Loss/l1: 0.01276  ,  Loss/location: 0.22271  ,  pro_loss: 0.12756  ,  IoU: 0.83288  ,  Loss/sim: 1.38272  ,  Loss/distill: 1.54382
[train: Epoch 14, 2050 / 2500] FPS: 10.1 (12.2)  ,  DataTime: 0.382 (0.002)  ,  ForwardTime: 0.209  ,  TotalTime: 0.594  ,  Loss/total: 0.67385  ,  Loss/giou: 0.18075  ,  Loss/l1: 0.01274  ,  Loss/location: 0.22250  ,  pro_loss: 0.12770  ,  IoU: 0.83310  ,  Loss/sim: 1.38255  ,  Loss/distill: 1.54333
[train: Epoch 14, 2100 / 2500] FPS: 10.1 (10.7)  ,  DataTime: 0.381 (0.002)  ,  ForwardTime: 0.209  ,  TotalTime: 0.593  ,  Loss/total: 0.67350  ,  Loss/giou: 0.18062  ,  Loss/l1: 0.01272  ,  Loss/location: 0.22251  ,  pro_loss: 0.12769  ,  IoU: 0.83322  ,  Loss/sim: 1.38329  ,  Loss/distill: 1.54367
[train: Epoch 14, 2150 / 2500] FPS: 10.1 (11.1)  ,  DataTime: 0.381 (0.002)  ,  ForwardTime: 0.209  ,  TotalTime: 0.592  ,  Loss/total: 0.67379  ,  Loss/giou: 0.18067  ,  Loss/l1: 0.01273  ,  Loss/location: 0.22263  ,  pro_loss: 0.12790  ,  IoU: 0.83312  ,  Loss/sim: 1.38376  ,  Loss/distill: 1.54372
[train: Epoch 14, 2200 / 2500] FPS: 10.1 (11.0)  ,  DataTime: 0.380 (0.002)  ,  ForwardTime: 0.209  ,  TotalTime: 0.592  ,  Loss/total: 0.67268  ,  Loss/giou: 0.18039  ,  Loss/l1: 0.01269  ,  Loss/location: 0.22226  ,  pro_loss: 0.12800  ,  IoU: 0.83333  ,  Loss/sim: 1.38390  ,  Loss/distill: 1.54291
[train: Epoch 14, 2250 / 2500] FPS: 10.1 (10.5)  ,  DataTime: 0.383 (0.002)  ,  ForwardTime: 0.209  ,  TotalTime: 0.595  ,  Loss/total: 0.67214  ,  Loss/giou: 0.18029  ,  Loss/l1: 0.01270  ,  Loss/location: 0.22180  ,  pro_loss: 0.12826  ,  IoU: 0.83342  ,  Loss/sim: 1.38412  ,  Loss/distill: 1.54281
[train: Epoch 14, 2300 / 2500] FPS: 10.1 (8.7)  ,  DataTime: 0.383 (0.002)  ,  ForwardTime: 0.209  ,  TotalTime: 0.594  ,  Loss/total: 0.67352  ,  Loss/giou: 0.18069  ,  Loss/l1: 0.01274  ,  Loss/location: 0.22219  ,  pro_loss: 0.12832  ,  IoU: 0.83306  ,  Loss/sim: 1.38444  ,  Loss/distill: 1.54307
[train: Epoch 14, 2350 / 2500] FPS: 10.1 (10.4)  ,  DataTime: 0.383 (0.002)  ,  ForwardTime: 0.209  ,  TotalTime: 0.594  ,  Loss/total: 0.67372  ,  Loss/giou: 0.18076  ,  Loss/l1: 0.01273  ,  Loss/location: 0.22226  ,  pro_loss: 0.12849  ,  IoU: 0.83298  ,  Loss/sim: 1.38566  ,  Loss/distill: 1.54299
[train: Epoch 14, 2400 / 2500] FPS: 10.1 (12.0)  ,  DataTime: 0.382 (0.002)  ,  ForwardTime: 0.209  ,  TotalTime: 0.593  ,  Loss/total: 0.67479  ,  Loss/giou: 0.18101  ,  Loss/l1: 0.01277  ,  Loss/location: 0.22259  ,  pro_loss: 0.12867  ,  IoU: 0.83281  ,  Loss/sim: 1.38574  ,  Loss/distill: 1.54331
[train: Epoch 14, 2450 / 2500] FPS: 10.1 (8.4)  ,  DataTime: 0.382 (0.002)  ,  ForwardTime: 0.209  ,  TotalTime: 0.593  ,  Loss/total: 0.67393  ,  Loss/giou: 0.18073  ,  Loss/l1: 0.01274  ,  Loss/location: 0.22241  ,  pro_loss: 0.12875  ,  IoU: 0.83302  ,  Loss/sim: 1.38568  ,  Loss/distill: 1.54317
[train: Epoch 14, 2500 / 2500] FPS: 10.1 (11.8)  ,  DataTime: 0.381 (0.002)  ,  ForwardTime: 0.209  ,  TotalTime: 0.592  ,  Loss/total: 0.67390  ,  Loss/giou: 0.18075  ,  Loss/l1: 0.01275  ,  Loss/location: 0.22233  ,  pro_loss: 0.12869  ,  IoU: 0.83299  ,  Loss/sim: 1.38668  ,  Loss/distill: 1.54357
[train: Epoch 15, 50 / 2500] FPS: 9.8 (11.7)  ,  DataTime: 0.400 (0.002)  ,  ForwardTime: 0.209  ,  TotalTime: 0.611  ,  Loss/total: 0.71312  ,  Loss/giou: 0.19152  ,  Loss/l1: 0.01342  ,  Loss/location: 0.23567  ,  pro_loss: 0.13361  ,  IoU: 0.82444  ,  Loss/sim: 1.42994  ,  Loss/distill: 1.58078
[train: Epoch 15, 100 / 2500] FPS: 10.0 (13.1)  ,  DataTime: 0.390 (0.002)  ,  ForwardTime: 0.209  ,  TotalTime: 0.601  ,  Loss/total: 0.70909  ,  Loss/giou: 0.19311  ,  Loss/l1: 0.01342  ,  Loss/location: 0.22907  ,  pro_loss: 0.13056  ,  IoU: 0.82271  ,  Loss/sim: 1.40701  ,  Loss/distill: 1.55895
[train: Epoch 15, 150 / 2500] FPS: 10.2 (13.9)  ,  DataTime: 0.377 (0.002)  ,  ForwardTime: 0.209  ,  TotalTime: 0.587  ,  Loss/total: 0.68667  ,  Loss/giou: 0.18669  ,  Loss/l1: 0.01283  ,  Loss/location: 0.22191  ,  pro_loss: 0.13333  ,  IoU: 0.82808  ,  Loss/sim: 1.39496  ,  Loss/distill: 1.55464
[train: Epoch 15, 200 / 2500] FPS: 10.1 (9.4)  ,  DataTime: 0.382 (0.002)  ,  ForwardTime: 0.209  ,  TotalTime: 0.592  ,  Loss/total: 0.67509  ,  Loss/giou: 0.18261  ,  Loss/l1: 0.01232  ,  Loss/location: 0.22088  ,  pro_loss: 0.13403  ,  IoU: 0.83123  ,  Loss/sim: 1.40054  ,  Loss/distill: 1.55018
[train: Epoch 15, 250 / 2500] FPS: 10.3 (11.9)  ,  DataTime: 0.371 (0.002)  ,  ForwardTime: 0.209  ,  TotalTime: 0.581  ,  Loss/total: 0.68281  ,  Loss/giou: 0.18449  ,  Loss/l1: 0.01271  ,  Loss/location: 0.22300  ,  pro_loss: 0.13344  ,  IoU: 0.82989  ,  Loss/sim: 1.39534  ,  Loss/distill: 1.54874
[train: Epoch 15, 300 / 2500] FPS: 10.3 (10.3)  ,  DataTime: 0.373 (0.002)  ,  ForwardTime: 0.209  ,  TotalTime: 0.583  ,  Loss/total: 0.66999  ,  Loss/giou: 0.18115  ,  Loss/l1: 0.01230  ,  Loss/location: 0.21905  ,  pro_loss: 0.13278  ,  IoU: 0.83233  ,  Loss/sim: 1.39140  ,  Loss/distill: 1.54760
[train: Epoch 15, 350 / 2500] FPS: 10.3 (12.5)  ,  DataTime: 0.371 (0.002)  ,  ForwardTime: 0.209  ,  TotalTime: 0.582  ,  Loss/total: 0.67158  ,  Loss/giou: 0.18166  ,  Loss/l1: 0.01235  ,  Loss/location: 0.21949  ,  pro_loss: 0.13218  ,  IoU: 0.83171  ,  Loss/sim: 1.38562  ,  Loss/distill: 1.54233
[train: Epoch 15, 400 / 2500] FPS: 10.4 (8.3)  ,  DataTime: 0.368 (0.002)  ,  ForwardTime: 0.209  ,  TotalTime: 0.579  ,  Loss/total: 0.67023  ,  Loss/giou: 0.18167  ,  Loss/l1: 0.01229  ,  Loss/location: 0.21857  ,  pro_loss: 0.13149  ,  IoU: 0.83170  ,  Loss/sim: 1.38140  ,  Loss/distill: 1.53588
[train: Epoch 15, 450 / 2500] FPS: 10.4 (13.0)  ,  DataTime: 0.365 (0.002)  ,  ForwardTime: 0.209  ,  TotalTime: 0.575  ,  Loss/total: 0.67775  ,  Loss/giou: 0.18268  ,  Loss/l1: 0.01257  ,  Loss/location: 0.22266  ,  pro_loss: 0.13151  ,  IoU: 0.83104  ,  Loss/sim: 1.37684  ,  Loss/distill: 1.53672
[train: Epoch 15, 500 / 2500] FPS: 10.3 (8.3)  ,  DataTime: 0.369 (0.002)  ,  ForwardTime: 0.209  ,  TotalTime: 0.580  ,  Loss/total: 0.67523  ,  Loss/giou: 0.18185  ,  Loss/l1: 0.01250  ,  Loss/location: 0.22202  ,  pro_loss: 0.13222  ,  IoU: 0.83173  ,  Loss/sim: 1.37399  ,  Loss/distill: 1.53515
[train: Epoch 15, 550 / 2500] FPS: 10.3 (9.5)  ,  DataTime: 0.370 (0.002)  ,  ForwardTime: 0.209  ,  TotalTime: 0.580  ,  Loss/total: 0.67555  ,  Loss/giou: 0.18210  ,  Loss/l1: 0.01246  ,  Loss/location: 0.22191  ,  pro_loss: 0.13280  ,  IoU: 0.83144  ,  Loss/sim: 1.37357  ,  Loss/distill: 1.53310
[train: Epoch 15, 600 / 2500] FPS: 10.3 (13.1)  ,  DataTime: 0.372 (0.002)  ,  ForwardTime: 0.209  ,  TotalTime: 0.583  ,  Loss/total: 0.67281  ,  Loss/giou: 0.18131  ,  Loss/l1: 0.01238  ,  Loss/location: 0.22123  ,  pro_loss: 0.13236  ,  IoU: 0.83199  ,  Loss/sim: 1.37278  ,  Loss/distill: 1.53315
[train: Epoch 15, 650 / 2500] FPS: 10.3 (7.0)  ,  DataTime: 0.373 (0.002)  ,  ForwardTime: 0.209  ,  TotalTime: 0.584  ,  Loss/total: 0.67120  ,  Loss/giou: 0.18069  ,  Loss/l1: 0.01229  ,  Loss/location: 0.22131  ,  pro_loss: 0.13237  ,  IoU: 0.83240  ,  Loss/sim: 1.37139  ,  Loss/distill: 1.53118
[train: Epoch 15, 700 / 2500] FPS: 10.3 (9.9)  ,  DataTime: 0.372 (0.002)  ,  ForwardTime: 0.209  ,  TotalTime: 0.583  ,  Loss/total: 0.67282  ,  Loss/giou: 0.18125  ,  Loss/l1: 0.01239  ,  Loss/location: 0.22132  ,  pro_loss: 0.13226  ,  IoU: 0.83200  ,  Loss/sim: 1.37342  ,  Loss/distill: 1.53070
[train: Epoch 15, 750 / 2500] FPS: 10.3 (16.6)  ,  DataTime: 0.369 (0.002)  ,  ForwardTime: 0.209  ,  TotalTime: 0.580  ,  Loss/total: 0.66967  ,  Loss/giou: 0.18082  ,  Loss/l1: 0.01233  ,  Loss/location: 0.21939  ,  pro_loss: 0.13209  ,  IoU: 0.83238  ,  Loss/sim: 1.37407  ,  Loss/distill: 1.53054
[train: Epoch 15, 800 / 2500] FPS: 10.4 (12.3)  ,  DataTime: 0.367 (0.002)  ,  ForwardTime: 0.209  ,  TotalTime: 0.578  ,  Loss/total: 0.67006  ,  Loss/giou: 0.18116  ,  Loss/l1: 0.01239  ,  Loss/location: 0.21875  ,  pro_loss: 0.13215  ,  IoU: 0.83210  ,  Loss/sim: 1.37639  ,  Loss/distill: 1.53210
[train: Epoch 15, 850 / 2500] FPS: 10.4 (10.7)  ,  DataTime: 0.366 (0.002)  ,  ForwardTime: 0.209  ,  TotalTime: 0.577  ,  Loss/total: 0.67035  ,  Loss/giou: 0.18101  ,  Loss/l1: 0.01238  ,  Loss/location: 0.21937  ,  pro_loss: 0.13240  ,  IoU: 0.83222  ,  Loss/sim: 1.37775  ,  Loss/distill: 1.53129
[train: Epoch 15, 900 / 2500] FPS: 10.4 (12.4)  ,  DataTime: 0.365 (0.002)  ,  ForwardTime: 0.209  ,  TotalTime: 0.576  ,  Loss/total: 0.67147  ,  Loss/giou: 0.18127  ,  Loss/l1: 0.01239  ,  Loss/location: 0.21988  ,  pro_loss: 0.13248  ,  IoU: 0.83191  ,  Loss/sim: 1.37874  ,  Loss/distill: 1.53181
[train: Epoch 15, 950 / 2500] FPS: 10.4 (10.7)  ,  DataTime: 0.366 (0.002)  ,  ForwardTime: 0.209  ,  TotalTime: 0.577  ,  Loss/total: 0.67301  ,  Loss/giou: 0.18172  ,  Loss/l1: 0.01246  ,  Loss/location: 0.22020  ,  pro_loss: 0.13248  ,  IoU: 0.83156  ,  Loss/sim: 1.37975  ,  Loss/distill: 1.53152
[train: Epoch 15, 1000 / 2500] FPS: 10.4 (12.1)  ,  DataTime: 0.366 (0.002)  ,  ForwardTime: 0.209  ,  TotalTime: 0.577  ,  Loss/total: 0.67105  ,  Loss/giou: 0.18126  ,  Loss/l1: 0.01240  ,  Loss/location: 0.21949  ,  pro_loss: 0.13228  ,  IoU: 0.83183  ,  Loss/sim: 1.37971  ,  Loss/distill: 1.53082
[train: Epoch 15, 1050 / 2500] FPS: 10.4 (8.7)  ,  DataTime: 0.367 (0.002)  ,  ForwardTime: 0.209  ,  TotalTime: 0.578  ,  Loss/total: 0.67312  ,  Loss/giou: 0.18183  ,  Loss/l1: 0.01248  ,  Loss/location: 0.22007  ,  pro_loss: 0.13204  ,  IoU: 0.83137  ,  Loss/sim: 1.37949  ,  Loss/distill: 1.53101
[train: Epoch 15, 1100 / 2500] FPS: 10.4 (12.4)  ,  DataTime: 0.367 (0.002)  ,  ForwardTime: 0.209  ,  TotalTime: 0.577  ,  Loss/total: 0.67598  ,  Loss/giou: 0.18258  ,  Loss/l1: 0.01259  ,  Loss/location: 0.22095  ,  pro_loss: 0.13169  ,  IoU: 0.83085  ,  Loss/sim: 1.37906  ,  Loss/distill: 1.53064
[train: Epoch 15, 1150 / 2500] FPS: 10.4 (14.3)  ,  DataTime: 0.366 (0.002)  ,  ForwardTime: 0.209  ,  TotalTime: 0.577  ,  Loss/total: 0.67584  ,  Loss/giou: 0.18251  ,  Loss/l1: 0.01255  ,  Loss/location: 0.22121  ,  pro_loss: 0.13153  ,  IoU: 0.83084  ,  Loss/sim: 1.38045  ,  Loss/distill: 1.53092
[train: Epoch 15, 1200 / 2500] FPS: 10.4 (6.9)  ,  DataTime: 0.367 (0.002)  ,  ForwardTime: 0.209  ,  TotalTime: 0.578  ,  Loss/total: 0.67308  ,  Loss/giou: 0.18172  ,  Loss/l1: 0.01245  ,  Loss/location: 0.22054  ,  pro_loss: 0.13142  ,  IoU: 0.83141  ,  Loss/sim: 1.38016  ,  Loss/distill: 1.52941
[train: Epoch 15, 1250 / 2500] FPS: 10.4 (12.1)  ,  DataTime: 0.366 (0.002)  ,  ForwardTime: 0.209  ,  TotalTime: 0.576  ,  Loss/total: 0.67188  ,  Loss/giou: 0.18152  ,  Loss/l1: 0.01242  ,  Loss/location: 0.21985  ,  pro_loss: 0.13143  ,  IoU: 0.83158  ,  Loss/sim: 1.37880  ,  Loss/distill: 1.52888
[train: Epoch 15, 1300 / 2500] FPS: 10.4 (10.2)  ,  DataTime: 0.366 (0.002)  ,  ForwardTime: 0.209  ,  TotalTime: 0.577  ,  Loss/total: 0.67267  ,  Loss/giou: 0.18152  ,  Loss/l1: 0.01245  ,  Loss/location: 0.22058  ,  pro_loss: 0.13122  ,  IoU: 0.83163  ,  Loss/sim: 1.37866  ,  Loss/distill: 1.52832
[train: Epoch 15, 1350 / 2500] FPS: 10.4 (13.5)  ,  DataTime: 0.367 (0.002)  ,  ForwardTime: 0.209  ,  TotalTime: 0.578  ,  Loss/total: 0.67358  ,  Loss/giou: 0.18192  ,  Loss/l1: 0.01251  ,  Loss/location: 0.22047  ,  pro_loss: 0.13078  ,  IoU: 0.83136  ,  Loss/sim: 1.37721  ,  Loss/distill: 1.52700
[train: Epoch 15, 1400 / 2500] FPS: 10.4 (12.7)  ,  DataTime: 0.367 (0.002)  ,  ForwardTime: 0.209  ,  TotalTime: 0.578  ,  Loss/total: 0.67132  ,  Loss/giou: 0.18136  ,  Loss/l1: 0.01244  ,  Loss/location: 0.21973  ,  pro_loss: 0.13049  ,  IoU: 0.83179  ,  Loss/sim: 1.37802  ,  Loss/distill: 1.52547
[train: Epoch 15, 1450 / 2500] FPS: 10.4 (12.5)  ,  DataTime: 0.367 (0.002)  ,  ForwardTime: 0.209  ,  TotalTime: 0.578  ,  Loss/total: 0.66977  ,  Loss/giou: 0.18100  ,  Loss/l1: 0.01239  ,  Loss/location: 0.21918  ,  pro_loss: 0.13030  ,  IoU: 0.83205  ,  Loss/sim: 1.37803  ,  Loss/distill: 1.52579
[train: Epoch 15, 1500 / 2500] FPS: 10.4 (10.4)  ,  DataTime: 0.367 (0.002)  ,  ForwardTime: 0.209  ,  TotalTime: 0.578  ,  Loss/total: 0.66901  ,  Loss/giou: 0.18105  ,  Loss/l1: 0.01239  ,  Loss/location: 0.21833  ,  pro_loss: 0.13030  ,  IoU: 0.83207  ,  Loss/sim: 1.37760  ,  Loss/distill: 1.52465
[train: Epoch 15, 1550 / 2500] FPS: 10.4 (11.5)  ,  DataTime: 0.366 (0.002)  ,  ForwardTime: 0.209  ,  TotalTime: 0.577  ,  Loss/total: 0.66796  ,  Loss/giou: 0.18081  ,  Loss/l1: 0.01235  ,  Loss/location: 0.21794  ,  pro_loss: 0.13036  ,  IoU: 0.83222  ,  Loss/sim: 1.37609  ,  Loss/distill: 1.52423
[train: Epoch 15, 1600 / 2500] FPS: 10.4 (10.1)  ,  DataTime: 0.366 (0.002)  ,  ForwardTime: 0.209  ,  TotalTime: 0.577  ,  Loss/total: 0.66889  ,  Loss/giou: 0.18092  ,  Loss/l1: 0.01239  ,  Loss/location: 0.21843  ,  pro_loss: 0.13053  ,  IoU: 0.83222  ,  Loss/sim: 1.37611  ,  Loss/distill: 1.52416
[train: Epoch 15, 1650 / 2500] FPS: 10.4 (9.2)  ,  DataTime: 0.367 (0.002)  ,  ForwardTime: 0.209  ,  TotalTime: 0.577  ,  Loss/total: 0.66823  ,  Loss/giou: 0.18081  ,  Loss/l1: 0.01237  ,  Loss/location: 0.21813  ,  pro_loss: 0.13025  ,  IoU: 0.83233  ,  Loss/sim: 1.37651  ,  Loss/distill: 1.52368
[train: Epoch 15, 1700 / 2500] FPS: 10.4 (13.9)  ,  DataTime: 0.366 (0.002)  ,  ForwardTime: 0.209  ,  TotalTime: 0.577  ,  Loss/total: 0.66658  ,  Loss/giou: 0.18041  ,  Loss/l1: 0.01234  ,  Loss/location: 0.21744  ,  pro_loss: 0.13017  ,  IoU: 0.83267  ,  Loss/sim: 1.37636  ,  Loss/distill: 1.52305
[train: Epoch 15, 1750 / 2500] FPS: 10.4 (8.3)  ,  DataTime: 0.366 (0.002)  ,  ForwardTime: 0.209  ,  TotalTime: 0.577  ,  Loss/total: 0.66555  ,  Loss/giou: 0.18009  ,  Loss/l1: 0.01232  ,  Loss/location: 0.21713  ,  pro_loss: 0.13030  ,  IoU: 0.83296  ,  Loss/sim: 1.37673  ,  Loss/distill: 1.52335
[train: Epoch 15, 1800 / 2500] FPS: 10.4 (10.0)  ,  DataTime: 0.367 (0.002)  ,  ForwardTime: 0.209  ,  TotalTime: 0.578  ,  Loss/total: 0.66467  ,  Loss/giou: 0.17987  ,  Loss/l1: 0.01229  ,  Loss/location: 0.21685  ,  pro_loss: 0.13035  ,  IoU: 0.83313  ,  Loss/sim: 1.37632  ,  Loss/distill: 1.52286
[train: Epoch 15, 1850 / 2500] FPS: 10.4 (13.1)  ,  DataTime: 0.367 (0.002)  ,  ForwardTime: 0.209  ,  TotalTime: 0.578  ,  Loss/total: 0.66449  ,  Loss/giou: 0.17975  ,  Loss/l1: 0.01228  ,  Loss/location: 0.21691  ,  pro_loss: 0.13038  ,  IoU: 0.83326  ,  Loss/sim: 1.37499  ,  Loss/distill: 1.52229
[train: Epoch 15, 1900 / 2500] FPS: 10.4 (13.6)  ,  DataTime: 0.367 (0.002)  ,  ForwardTime: 0.209  ,  TotalTime: 0.578  ,  Loss/total: 0.66399  ,  Loss/giou: 0.17952  ,  Loss/l1: 0.01230  ,  Loss/location: 0.21677  ,  pro_loss: 0.13045  ,  IoU: 0.83349  ,  Loss/sim: 1.37412  ,  Loss/distill: 1.52183
[train: Epoch 15, 1950 / 2500] FPS: 10.3 (12.1)  ,  DataTime: 0.369 (0.002)  ,  ForwardTime: 0.209  ,  TotalTime: 0.580  ,  Loss/total: 0.66371  ,  Loss/giou: 0.17944  ,  Loss/l1: 0.01230  ,  Loss/location: 0.21671  ,  pro_loss: 0.13021  ,  IoU: 0.83353  ,  Loss/sim: 1.37412  ,  Loss/distill: 1.52143
[train: Epoch 15, 2000 / 2500] FPS: 10.4 (9.0)  ,  DataTime: 0.368 (0.002)  ,  ForwardTime: 0.209  ,  TotalTime: 0.579  ,  Loss/total: 0.66386  ,  Loss/giou: 0.17960  ,  Loss/l1: 0.01233  ,  Loss/location: 0.21639  ,  pro_loss: 0.13022  ,  IoU: 0.83339  ,  Loss/sim: 1.37516  ,  Loss/distill: 1.52132
[train: Epoch 15, 2050 / 2500] FPS: 10.4 (12.1)  ,  DataTime: 0.369 (0.002)  ,  ForwardTime: 0.209  ,  TotalTime: 0.580  ,  Loss/total: 0.66481  ,  Loss/giou: 0.17975  ,  Loss/l1: 0.01237  ,  Loss/location: 0.21688  ,  pro_loss: 0.13003  ,  IoU: 0.83332  ,  Loss/sim: 1.37472  ,  Loss/distill: 1.52102
[train: Epoch 15, 2100 / 2500] FPS: 10.4 (9.5)  ,  DataTime: 0.369 (0.002)  ,  ForwardTime: 0.209  ,  TotalTime: 0.580  ,  Loss/total: 0.66441  ,  Loss/giou: 0.17965  ,  Loss/l1: 0.01235  ,  Loss/location: 0.21679  ,  pro_loss: 0.12987  ,  IoU: 0.83337  ,  Loss/sim: 1.37535  ,  Loss/distill: 1.52115
[train: Epoch 15, 2150 / 2500] FPS: 10.3 (6.7)  ,  DataTime: 0.370 (0.002)  ,  ForwardTime: 0.209  ,  TotalTime: 0.580  ,  Loss/total: 0.66506  ,  Loss/giou: 0.17972  ,  Loss/l1: 0.01238  ,  Loss/location: 0.21715  ,  pro_loss: 0.12995  ,  IoU: 0.83337  ,  Loss/sim: 1.37462  ,  Loss/distill: 1.52039
[train: Epoch 15, 2200 / 2500] FPS: 10.3 (8.5)  ,  DataTime: 0.369 (0.002)  ,  ForwardTime: 0.209  ,  TotalTime: 0.580  ,  Loss/total: 0.66561  ,  Loss/giou: 0.17984  ,  Loss/l1: 0.01241  ,  Loss/location: 0.21730  ,  pro_loss: 0.13004  ,  IoU: 0.83333  ,  Loss/sim: 1.37485  ,  Loss/distill: 1.52019
[train: Epoch 15, 2250 / 2500] FPS: 10.3 (8.5)  ,  DataTime: 0.369 (0.002)  ,  ForwardTime: 0.209  ,  TotalTime: 0.580  ,  Loss/total: 0.66628  ,  Loss/giou: 0.18003  ,  Loss/l1: 0.01244  ,  Loss/location: 0.21745  ,  pro_loss: 0.12999  ,  IoU: 0.83316  ,  Loss/sim: 1.37548  ,  Loss/distill: 1.51981
[train: Epoch 15, 2300 / 2500] FPS: 10.3 (8.3)  ,  DataTime: 0.369 (0.002)  ,  ForwardTime: 0.209  ,  TotalTime: 0.580  ,  Loss/total: 0.66619  ,  Loss/giou: 0.17993  ,  Loss/l1: 0.01242  ,  Loss/location: 0.21764  ,  pro_loss: 0.13011  ,  IoU: 0.83318  ,  Loss/sim: 1.37495  ,  Loss/distill: 1.51922
[train: Epoch 15, 2350 / 2500] FPS: 10.3 (14.9)  ,  DataTime: 0.370 (0.002)  ,  ForwardTime: 0.209  ,  TotalTime: 0.581  ,  Loss/total: 0.66719  ,  Loss/giou: 0.18016  ,  Loss/l1: 0.01243  ,  Loss/location: 0.21813  ,  pro_loss: 0.13012  ,  IoU: 0.83295  ,  Loss/sim: 1.37560  ,  Loss/distill: 1.51916
[train: Epoch 15, 2400 / 2500] FPS: 10.3 (11.2)  ,  DataTime: 0.372 (0.002)  ,  ForwardTime: 0.209  ,  TotalTime: 0.583  ,  Loss/total: 0.66766  ,  Loss/giou: 0.18021  ,  Loss/l1: 0.01243  ,  Loss/location: 0.21852  ,  pro_loss: 0.12991  ,  IoU: 0.83290  ,  Loss/sim: 1.37594  ,  Loss/distill: 1.51917
[train: Epoch 15, 2450 / 2500] FPS: 10.3 (10.1)  ,  DataTime: 0.373 (0.002)  ,  ForwardTime: 0.209  ,  TotalTime: 0.584  ,  Loss/total: 0.66730  ,  Loss/giou: 0.18010  ,  Loss/l1: 0.01242  ,  Loss/location: 0.21851  ,  pro_loss: 0.12960  ,  IoU: 0.83299  ,  Loss/sim: 1.37482  ,  Loss/distill: 1.51859
[train: Epoch 15, 2500 / 2500] FPS: 10.3 (12.8)  ,  DataTime: 0.373 (0.002)  ,  ForwardTime: 0.209  ,  TotalTime: 0.583  ,  Loss/total: 0.66657  ,  Loss/giou: 0.17992  ,  Loss/l1: 0.01240  ,  Loss/location: 0.21825  ,  pro_loss: 0.12946  ,  IoU: 0.83317  ,  Loss/sim: 1.37496  ,  Loss/distill: 1.51851
[val: Epoch 15, 50 / 416] FPS: 8.5 (9.5)  ,  DataTime: 0.577 (0.002)  ,  ForwardTime: 0.127  ,  TotalTime: 0.706  ,  Loss/total: 0.82150  ,  Loss/giou: 0.21225  ,  Loss/l1: 0.01658  ,  Loss/location: 0.31355  ,  pro_loss: 0.00111  ,  IoU: 0.80569  ,  Loss/sim: 0.00000  ,  Loss/distill: 1.51470
[val: Epoch 15, 100 / 416] FPS: 8.7 (8.9)  ,  DataTime: 0.560 (0.002)  ,  ForwardTime: 0.127  ,  TotalTime: 0.688  ,  Loss/total: 0.80850  ,  Loss/giou: 0.21038  ,  Loss/l1: 0.01595  ,  Loss/location: 0.30746  ,  pro_loss: 0.00125  ,  IoU: 0.80735  ,  Loss/sim: 0.00000  ,  Loss/distill: 1.49867
[val: Epoch 15, 150 / 416] FPS: 8.8 (11.7)  ,  DataTime: 0.555 (0.002)  ,  ForwardTime: 0.127  ,  TotalTime: 0.683  ,  Loss/total: 0.81692  ,  Loss/giou: 0.21269  ,  Loss/l1: 0.01628  ,  Loss/location: 0.30958  ,  pro_loss: 0.00130  ,  IoU: 0.80521  ,  Loss/sim: 0.00000  ,  Loss/distill: 1.49996
[val: Epoch 15, 200 / 416] FPS: 8.7 (12.2)  ,  DataTime: 0.558 (0.002)  ,  ForwardTime: 0.127  ,  TotalTime: 0.687  ,  Loss/total: 0.80585  ,  Loss/giou: 0.21041  ,  Loss/l1: 0.01566  ,  Loss/location: 0.30616  ,  pro_loss: 0.00125  ,  IoU: 0.80636  ,  Loss/sim: 0.00000  ,  Loss/distill: 1.49954
[val: Epoch 15, 250 / 416] FPS: 8.7 (4.7)  ,  DataTime: 0.561 (0.002)  ,  ForwardTime: 0.127  ,  TotalTime: 0.690  ,  Loss/total: 0.79365  ,  Loss/giou: 0.20797  ,  Loss/l1: 0.01545  ,  Loss/location: 0.29991  ,  pro_loss: 0.00122  ,  IoU: 0.80827  ,  Loss/sim: 0.00000  ,  Loss/distill: 1.49920
[val: Epoch 15, 300 / 416] FPS: 8.8 (7.5)  ,  DataTime: 0.553 (0.002)  ,  ForwardTime: 0.127  ,  TotalTime: 0.682  ,  Loss/total: 0.79589  ,  Loss/giou: 0.20887  ,  Loss/l1: 0.01553  ,  Loss/location: 0.29995  ,  pro_loss: 0.00125  ,  IoU: 0.80783  ,  Loss/sim: 0.00000  ,  Loss/distill: 1.49991
[val: Epoch 15, 350 / 416] FPS: 8.4 (10.2)  ,  DataTime: 0.587 (0.002)  ,  ForwardTime: 0.127  ,  TotalTime: 0.716  ,  Loss/total: 0.79684  ,  Loss/giou: 0.20937  ,  Loss/l1: 0.01568  ,  Loss/location: 0.29917  ,  pro_loss: 0.00119  ,  IoU: 0.80765  ,  Loss/sim: 0.00000  ,  Loss/distill: 1.49994
[val: Epoch 15, 400 / 416] FPS: 8.5 (10.1)  ,  DataTime: 0.580 (0.002)  ,  ForwardTime: 0.127  ,  TotalTime: 0.709  ,  Loss/total: 0.79370  ,  Loss/giou: 0.20886  ,  Loss/l1: 0.01556  ,  Loss/location: 0.29767  ,  pro_loss: 0.00115  ,  IoU: 0.80784  ,  Loss/sim: 0.00000  ,  Loss/distill: 1.49757
[val: Epoch 15, 416 / 416] FPS: 8.5 (10.0)  ,  DataTime: 0.577 (0.002)  ,  ForwardTime: 0.127  ,  TotalTime: 0.706  ,  Loss/total: 0.79369  ,  Loss/giou: 0.20912  ,  Loss/l1: 0.01554  ,  Loss/location: 0.29724  ,  pro_loss: 0.00110  ,  IoU: 0.80752  ,  Loss/sim: 0.00000  ,  Loss/distill: 1.49773
[train: Epoch 16, 50 / 2500] FPS: 9.8 (9.1)  ,  DataTime: 0.400 (0.002)  ,  ForwardTime: 0.209  ,  TotalTime: 0.611  ,  Loss/total: 0.69777  ,  Loss/giou: 0.18571  ,  Loss/l1: 0.01322  ,  Loss/location: 0.23578  ,  pro_loss: 0.11944  ,  IoU: 0.82831  ,  Loss/sim: 1.40993  ,  Loss/distill: 1.49067
[train: Epoch 16, 100 / 2500] FPS: 9.8 (15.6)  ,  DataTime: 0.399 (0.002)  ,  ForwardTime: 0.209  ,  TotalTime: 0.610  ,  Loss/total: 0.72091  ,  Loss/giou: 0.19220  ,  Loss/l1: 0.01409  ,  Loss/location: 0.24090  ,  pro_loss: 0.12278  ,  IoU: 0.82425  ,  Loss/sim: 1.40288  ,  Loss/distill: 1.50073
[train: Epoch 16, 150 / 2500] FPS: 9.8 (9.3)  ,  DataTime: 0.400 (0.002)  ,  ForwardTime: 0.209  ,  TotalTime: 0.611  ,  Loss/total: 0.71255  ,  Loss/giou: 0.19138  ,  Loss/l1: 0.01392  ,  Loss/location: 0.23460  ,  pro_loss: 0.12500  ,  IoU: 0.82477  ,  Loss/sim: 1.39059  ,  Loss/distill: 1.50336
[train: Epoch 16, 200 / 2500] FPS: 9.8 (11.3)  ,  DataTime: 0.398 (0.002)  ,  ForwardTime: 0.209  ,  TotalTime: 0.609  ,  Loss/total: 0.70888  ,  Loss/giou: 0.19037  ,  Loss/l1: 0.01384  ,  Loss/location: 0.23354  ,  pro_loss: 0.12410  ,  IoU: 0.82531  ,  Loss/sim: 1.39842  ,  Loss/distill: 1.51036
[train: Epoch 16, 250 / 2500] FPS: 9.9 (14.4)  ,  DataTime: 0.398 (0.002)  ,  ForwardTime: 0.209  ,  TotalTime: 0.608  ,  Loss/total: 0.70254  ,  Loss/giou: 0.18843  ,  Loss/l1: 0.01350  ,  Loss/location: 0.23235  ,  pro_loss: 0.12628  ,  IoU: 0.82648  ,  Loss/sim: 1.39376  ,  Loss/distill: 1.50857
[train: Epoch 16, 300 / 2500] FPS: 9.9 (10.6)  ,  DataTime: 0.396 (0.002)  ,  ForwardTime: 0.209  ,  TotalTime: 0.606  ,  Loss/total: 0.69965  ,  Loss/giou: 0.18770  ,  Loss/l1: 0.01329  ,  Loss/location: 0.23177  ,  pro_loss: 0.12727  ,  IoU: 0.82660  ,  Loss/sim: 1.39577  ,  Loss/distill: 1.50915
[train: Epoch 16, 350 / 2500] FPS: 9.9 (6.2)  ,  DataTime: 0.394 (0.002)  ,  ForwardTime: 0.209  ,  TotalTime: 0.605  ,  Loss/total: 0.70004  ,  Loss/giou: 0.18746  ,  Loss/l1: 0.01331  ,  Loss/location: 0.23259  ,  pro_loss: 0.12694  ,  IoU: 0.82700  ,  Loss/sim: 1.39298  ,  Loss/distill: 1.50942
[train: Epoch 16, 400 / 2500] FPS: 9.8 (11.5)  ,  DataTime: 0.400 (0.002)  ,  ForwardTime: 0.209  ,  TotalTime: 0.611  ,  Loss/total: 0.69478  ,  Loss/giou: 0.18667  ,  Loss/l1: 0.01321  ,  Loss/location: 0.22938  ,  pro_loss: 0.12729  ,  IoU: 0.82774  ,  Loss/sim: 1.38942  ,  Loss/distill: 1.50754
[train: Epoch 16, 450 / 2500] FPS: 9.9 (9.6)  ,  DataTime: 0.397 (0.002)  ,  ForwardTime: 0.209  ,  TotalTime: 0.607  ,  Loss/total: 0.68983  ,  Loss/giou: 0.18533  ,  Loss/l1: 0.01310  ,  Loss/location: 0.22761  ,  pro_loss: 0.12725  ,  IoU: 0.82885  ,  Loss/sim: 1.39102  ,  Loss/distill: 1.50827
[train: Epoch 16, 500 / 2500] FPS: 9.9 (7.0)  ,  DataTime: 0.398 (0.002)  ,  ForwardTime: 0.209  ,  TotalTime: 0.609  ,  Loss/total: 0.68898  ,  Loss/giou: 0.18529  ,  Loss/l1: 0.01315  ,  Loss/location: 0.22675  ,  pro_loss: 0.12661  ,  IoU: 0.82921  ,  Loss/sim: 1.38985  ,  Loss/distill: 1.50790
[train: Epoch 16, 550 / 2500] FPS: 9.9 (15.6)  ,  DataTime: 0.396 (0.002)  ,  ForwardTime: 0.209  ,  TotalTime: 0.607  ,  Loss/total: 0.68433  ,  Loss/giou: 0.18410  ,  Loss/l1: 0.01297  ,  Loss/location: 0.22537  ,  pro_loss: 0.12664  ,  IoU: 0.83006  ,  Loss/sim: 1.38736  ,  Loss/distill: 1.50581
[train: Epoch 16, 600 / 2500] FPS: 9.9 (11.3)  ,  DataTime: 0.396 (0.002)  ,  ForwardTime: 0.209  ,  TotalTime: 0.607  ,  Loss/total: 0.68194  ,  Loss/giou: 0.18349  ,  Loss/l1: 0.01293  ,  Loss/location: 0.22444  ,  pro_loss: 0.12650  ,  IoU: 0.83070  ,  Loss/sim: 1.38399  ,  Loss/distill: 1.50403
[train: Epoch 16, 650 / 2500] FPS: 9.8 (9.3)  ,  DataTime: 0.401 (0.002)  ,  ForwardTime: 0.209  ,  TotalTime: 0.612  ,  Loss/total: 0.68213  ,  Loss/giou: 0.18373  ,  Loss/l1: 0.01300  ,  Loss/location: 0.22378  ,  pro_loss: 0.12669  ,  IoU: 0.83043  ,  Loss/sim: 1.38373  ,  Loss/distill: 1.50474
[train: Epoch 16, 700 / 2500] FPS: 9.9 (11.8)  ,  DataTime: 0.398 (0.002)  ,  ForwardTime: 0.209  ,  TotalTime: 0.609  ,  Loss/total: 0.68459  ,  Loss/giou: 0.18443  ,  Loss/l1: 0.01308  ,  Loss/location: 0.22430  ,  pro_loss: 0.12716  ,  IoU: 0.82997  ,  Loss/sim: 1.38488  ,  Loss/distill: 1.50529
[train: Epoch 16, 750 / 2500] FPS: 9.9 (10.3)  ,  DataTime: 0.395 (0.002)  ,  ForwardTime: 0.209  ,  TotalTime: 0.606  ,  Loss/total: 0.67923  ,  Loss/giou: 0.18308  ,  Loss/l1: 0.01296  ,  Loss/location: 0.22224  ,  pro_loss: 0.12735  ,  IoU: 0.83120  ,  Loss/sim: 1.38537  ,  Loss/distill: 1.50501
[train: Epoch 16, 800 / 2500] FPS: 9.9 (11.5)  ,  DataTime: 0.397 (0.002)  ,  ForwardTime: 0.209  ,  TotalTime: 0.607  ,  Loss/total: 0.67843  ,  Loss/giou: 0.18291  ,  Loss/l1: 0.01299  ,  Loss/location: 0.22162  ,  pro_loss: 0.12743  ,  IoU: 0.83142  ,  Loss/sim: 1.38482  ,  Loss/distill: 1.50402
[train: Epoch 16, 850 / 2500] FPS: 9.9 (11.9)  ,  DataTime: 0.396 (0.002)  ,  ForwardTime: 0.209  ,  TotalTime: 0.607  ,  Loss/total: 0.67574  ,  Loss/giou: 0.18250  ,  Loss/l1: 0.01293  ,  Loss/location: 0.21999  ,  pro_loss: 0.12765  ,  IoU: 0.83169  ,  Loss/sim: 1.38298  ,  Loss/distill: 1.50323
[train: Epoch 16, 900 / 2500] FPS: 9.9 (12.6)  ,  DataTime: 0.395 (0.002)  ,  ForwardTime: 0.210  ,  TotalTime: 0.607  ,  Loss/total: 0.67588  ,  Loss/giou: 0.18239  ,  Loss/l1: 0.01292  ,  Loss/location: 0.22031  ,  pro_loss: 0.12802  ,  IoU: 0.83179  ,  Loss/sim: 1.38171  ,  Loss/distill: 1.50248
[train: Epoch 16, 950 / 2500] FPS: 9.8 (8.8)  ,  DataTime: 0.399 (0.002)  ,  ForwardTime: 0.210  ,  TotalTime: 0.611  ,  Loss/total: 0.67582  ,  Loss/giou: 0.18231  ,  Loss/l1: 0.01289  ,  Loss/location: 0.22057  ,  pro_loss: 0.12791  ,  IoU: 0.83179  ,  Loss/sim: 1.38129  ,  Loss/distill: 1.50183
[train: Epoch 16, 1000 / 2500] FPS: 9.8 (10.2)  ,  DataTime: 0.398 (0.002)  ,  ForwardTime: 0.210  ,  TotalTime: 0.610  ,  Loss/total: 0.67287  ,  Loss/giou: 0.18165  ,  Loss/l1: 0.01281  ,  Loss/location: 0.21935  ,  pro_loss: 0.12806  ,  IoU: 0.83225  ,  Loss/sim: 1.38063  ,  Loss/distill: 1.50069
[train: Epoch 16, 1050 / 2500] FPS: 9.8 (15.5)  ,  DataTime: 0.398 (0.002)  ,  ForwardTime: 0.210  ,  TotalTime: 0.610  ,  Loss/total: 0.67097  ,  Loss/giou: 0.18117  ,  Loss/l1: 0.01274  ,  Loss/location: 0.21874  ,  pro_loss: 0.12807  ,  IoU: 0.83262  ,  Loss/sim: 1.38080  ,  Loss/distill: 1.50052
[train: Epoch 16, 1100 / 2500] FPS: 9.9 (6.9)  ,  DataTime: 0.397 (0.002)  ,  ForwardTime: 0.210  ,  TotalTime: 0.609  ,  Loss/total: 0.67251  ,  Loss/giou: 0.18141  ,  Loss/l1: 0.01278  ,  Loss/location: 0.21959  ,  pro_loss: 0.12818  ,  IoU: 0.83250  ,  Loss/sim: 1.38011  ,  Loss/distill: 1.50040
[train: Epoch 16, 1150 / 2500] FPS: 9.9 (10.1)  ,  DataTime: 0.397 (0.002)  ,  ForwardTime: 0.210  ,  TotalTime: 0.609  ,  Loss/total: 0.67296  ,  Loss/giou: 0.18133  ,  Loss/l1: 0.01276  ,  Loss/location: 0.22028  ,  pro_loss: 0.12815  ,  IoU: 0.83256  ,  Loss/sim: 1.37773  ,  Loss/distill: 1.49941
[train: Epoch 16, 1200 / 2500] FPS: 9.9 (9.2)  ,  DataTime: 0.396 (0.002)  ,  ForwardTime: 0.210  ,  TotalTime: 0.608  ,  Loss/total: 0.67479  ,  Loss/giou: 0.18162  ,  Loss/l1: 0.01282  ,  Loss/location: 0.22130  ,  pro_loss: 0.12780  ,  IoU: 0.83239  ,  Loss/sim: 1.37774  ,  Loss/distill: 1.49870
[train: Epoch 16, 1250 / 2500] FPS: 9.9 (9.6)  ,  DataTime: 0.397 (0.002)  ,  ForwardTime: 0.210  ,  TotalTime: 0.609  ,  Loss/total: 0.67375  ,  Loss/giou: 0.18145  ,  Loss/l1: 0.01279  ,  Loss/location: 0.22073  ,  pro_loss: 0.12800  ,  IoU: 0.83250  ,  Loss/sim: 1.37687  ,  Loss/distill: 1.49882
[train: Epoch 16, 1300 / 2500] FPS: 9.9 (9.0)  ,  DataTime: 0.396 (0.002)  ,  ForwardTime: 0.210  ,  TotalTime: 0.608  ,  Loss/total: 0.67271  ,  Loss/giou: 0.18111  ,  Loss/l1: 0.01272  ,  Loss/location: 0.22071  ,  pro_loss: 0.12796  ,  IoU: 0.83268  ,  Loss/sim: 1.37678  ,  Loss/distill: 1.49928
[train: Epoch 16, 1350 / 2500] FPS: 9.9 (18.1)  ,  DataTime: 0.394 (0.002)  ,  ForwardTime: 0.210  ,  TotalTime: 0.606  ,  Loss/total: 0.67091  ,  Loss/giou: 0.18085  ,  Loss/l1: 0.01265  ,  Loss/location: 0.21981  ,  pro_loss: 0.12789  ,  IoU: 0.83281  ,  Loss/sim: 1.37896  ,  Loss/distill: 1.50032
[train: Epoch 16, 1400 / 2500] FPS: 9.9 (11.3)  ,  DataTime: 0.393 (0.002)  ,  ForwardTime: 0.210  ,  TotalTime: 0.604  ,  Loss/total: 0.66916  ,  Loss/giou: 0.18045  ,  Loss/l1: 0.01262  ,  Loss/location: 0.21904  ,  pro_loss: 0.12784  ,  IoU: 0.83315  ,  Loss/sim: 1.37970  ,  Loss/distill: 1.50091
[train: Epoch 16, 1450 / 2500] FPS: 9.9 (10.3)  ,  DataTime: 0.393 (0.002)  ,  ForwardTime: 0.210  ,  TotalTime: 0.604  ,  Loss/total: 0.66778  ,  Loss/giou: 0.18011  ,  Loss/l1: 0.01256  ,  Loss/location: 0.21859  ,  pro_loss: 0.12791  ,  IoU: 0.83337  ,  Loss/sim: 1.38070  ,  Loss/distill: 1.50171
[train: Epoch 16, 1500 / 2500] FPS: 9.9 (8.7)  ,  DataTime: 0.393 (0.002)  ,  ForwardTime: 0.210  ,  TotalTime: 0.605  ,  Loss/total: 0.66664  ,  Loss/giou: 0.17987  ,  Loss/l1: 0.01251  ,  Loss/location: 0.21822  ,  pro_loss: 0.12775  ,  IoU: 0.83348  ,  Loss/sim: 1.38212  ,  Loss/distill: 1.50247
[train: Epoch 16, 1550 / 2500] FPS: 9.9 (7.9)  ,  DataTime: 0.392 (0.002)  ,  ForwardTime: 0.209  ,  TotalTime: 0.604  ,  Loss/total: 0.66834  ,  Loss/giou: 0.18021  ,  Loss/l1: 0.01254  ,  Loss/location: 0.21909  ,  pro_loss: 0.12773  ,  IoU: 0.83321  ,  Loss/sim: 1.38310  ,  Loss/distill: 1.50409
[train: Epoch 16, 1600 / 2500] FPS: 10.0 (12.8)  ,  DataTime: 0.391 (0.002)  ,  ForwardTime: 0.209  ,  TotalTime: 0.602  ,  Loss/total: 0.66823  ,  Loss/giou: 0.18014  ,  Loss/l1: 0.01257  ,  Loss/location: 0.21900  ,  pro_loss: 0.12760  ,  IoU: 0.83334  ,  Loss/sim: 1.38323  ,  Loss/distill: 1.50349
[train: Epoch 16, 1650 / 2500] FPS: 9.9 (9.0)  ,  DataTime: 0.393 (0.002)  ,  ForwardTime: 0.209  ,  TotalTime: 0.604  ,  Loss/total: 0.66828  ,  Loss/giou: 0.18024  ,  Loss/l1: 0.01258  ,  Loss/location: 0.21888  ,  pro_loss: 0.12720  ,  IoU: 0.83328  ,  Loss/sim: 1.38254  ,  Loss/distill: 1.50288
[train: Epoch 16, 1700 / 2500] FPS: 9.9 (11.9)  ,  DataTime: 0.392 (0.002)  ,  ForwardTime: 0.209  ,  TotalTime: 0.604  ,  Loss/total: 0.66894  ,  Loss/giou: 0.18040  ,  Loss/l1: 0.01262  ,  Loss/location: 0.21899  ,  pro_loss: 0.12734  ,  IoU: 0.83322  ,  Loss/sim: 1.38277  ,  Loss/distill: 1.50308
[train: Epoch 16, 1750 / 2500] FPS: 10.0 (9.5)  ,  DataTime: 0.391 (0.002)  ,  ForwardTime: 0.209  ,  TotalTime: 0.603  ,  Loss/total: 0.66920  ,  Loss/giou: 0.18054  ,  Loss/l1: 0.01264  ,  Loss/location: 0.21883  ,  pro_loss: 0.12750  ,  IoU: 0.83312  ,  Loss/sim: 1.38298  ,  Loss/distill: 1.50294
[train: Epoch 16, 1800 / 2500] FPS: 10.0 (12.0)  ,  DataTime: 0.390 (0.002)  ,  ForwardTime: 0.209  ,  TotalTime: 0.602  ,  Loss/total: 0.66985  ,  Loss/giou: 0.18067  ,  Loss/l1: 0.01266  ,  Loss/location: 0.21916  ,  pro_loss: 0.12745  ,  IoU: 0.83303  ,  Loss/sim: 1.38425  ,  Loss/distill: 1.50328
[train: Epoch 16, 1850 / 2500] FPS: 9.9 (11.3)  ,  DataTime: 0.394 (0.002)  ,  ForwardTime: 0.209  ,  TotalTime: 0.605  ,  Loss/total: 0.67020  ,  Loss/giou: 0.18079  ,  Loss/l1: 0.01267  ,  Loss/location: 0.21922  ,  pro_loss: 0.12736  ,  IoU: 0.83291  ,  Loss/sim: 1.38408  ,  Loss/distill: 1.50300
[train: Epoch 16, 1900 / 2500] FPS: 9.9 (5.4)  ,  DataTime: 0.393 (0.002)  ,  ForwardTime: 0.209  ,  TotalTime: 0.604  ,  Loss/total: 0.67110  ,  Loss/giou: 0.18107  ,  Loss/l1: 0.01269  ,  Loss/location: 0.21947  ,  pro_loss: 0.12738  ,  IoU: 0.83273  ,  Loss/sim: 1.38409  ,  Loss/distill: 1.50274
[train: Epoch 16, 1950 / 2500] FPS: 9.9 (7.0)  ,  DataTime: 0.392 (0.002)  ,  ForwardTime: 0.209  ,  TotalTime: 0.604  ,  Loss/total: 0.66964  ,  Loss/giou: 0.18069  ,  Loss/l1: 0.01263  ,  Loss/location: 0.21904  ,  pro_loss: 0.12744  ,  IoU: 0.83301  ,  Loss/sim: 1.38310  ,  Loss/distill: 1.50213
[train: Epoch 16, 2000 / 2500] FPS: 9.9 (12.1)  ,  DataTime: 0.397 (0.002)  ,  ForwardTime: 0.209  ,  TotalTime: 0.608  ,  Loss/total: 0.66999  ,  Loss/giou: 0.18084  ,  Loss/l1: 0.01266  ,  Loss/location: 0.21896  ,  pro_loss: 0.12740  ,  IoU: 0.83292  ,  Loss/sim: 1.38349  ,  Loss/distill: 1.50127
[train: Epoch 16, 2050 / 2500] FPS: 9.9 (9.9)  ,  DataTime: 0.396 (0.002)  ,  ForwardTime: 0.209  ,  TotalTime: 0.608  ,  Loss/total: 0.67060  ,  Loss/giou: 0.18090  ,  Loss/l1: 0.01269  ,  Loss/location: 0.21932  ,  pro_loss: 0.12728  ,  IoU: 0.83295  ,  Loss/sim: 1.38251  ,  Loss/distill: 1.50067
[train: Epoch 16, 2100 / 2500] FPS: 9.8 (11.5)  ,  DataTime: 0.398 (0.002)  ,  ForwardTime: 0.209  ,  TotalTime: 0.610  ,  Loss/total: 0.67006  ,  Loss/giou: 0.18073  ,  Loss/l1: 0.01267  ,  Loss/location: 0.21924  ,  pro_loss: 0.12721  ,  IoU: 0.83307  ,  Loss/sim: 1.38183  ,  Loss/distill: 1.49976
[train: Epoch 16, 2150 / 2500] FPS: 9.8 (10.7)  ,  DataTime: 0.398 (0.002)  ,  ForwardTime: 0.209  ,  TotalTime: 0.610  ,  Loss/total: 0.66981  ,  Loss/giou: 0.18063  ,  Loss/l1: 0.01268  ,  Loss/location: 0.21910  ,  pro_loss: 0.12747  ,  IoU: 0.83317  ,  Loss/sim: 1.38160  ,  Loss/distill: 1.49908
[train: Epoch 16, 2200 / 2500] FPS: 9.8 (15.4)  ,  DataTime: 0.398 (0.002)  ,  ForwardTime: 0.209  ,  TotalTime: 0.610  ,  Loss/total: 0.67086  ,  Loss/giou: 0.18084  ,  Loss/l1: 0.01270  ,  Loss/location: 0.21962  ,  pro_loss: 0.12747  ,  IoU: 0.83303  ,  Loss/sim: 1.38089  ,  Loss/distill: 1.49857
[train: Epoch 16, 2250 / 2500] FPS: 9.9 (16.5)  ,  DataTime: 0.398 (0.002)  ,  ForwardTime: 0.209  ,  TotalTime: 0.609  ,  Loss/total: 0.67196  ,  Loss/giou: 0.18108  ,  Loss/l1: 0.01274  ,  Loss/location: 0.22005  ,  pro_loss: 0.12747  ,  IoU: 0.83286  ,  Loss/sim: 1.38040  ,  Loss/distill: 1.49839
[train: Epoch 16, 2300 / 2500] FPS: 9.8 (6.9)  ,  DataTime: 0.398 (0.002)  ,  ForwardTime: 0.209  ,  TotalTime: 0.610  ,  Loss/total: 0.67159  ,  Loss/giou: 0.18086  ,  Loss/l1: 0.01269  ,  Loss/location: 0.22032  ,  pro_loss: 0.12745  ,  IoU: 0.83296  ,  Loss/sim: 1.38020  ,  Loss/distill: 1.49778
[train: Epoch 16, 2350 / 2500] FPS: 9.9 (13.5)  ,  DataTime: 0.397 (0.002)  ,  ForwardTime: 0.209  ,  TotalTime: 0.609  ,  Loss/total: 0.67002  ,  Loss/giou: 0.18042  ,  Loss/l1: 0.01264  ,  Loss/location: 0.21992  ,  pro_loss: 0.12751  ,  IoU: 0.83328  ,  Loss/sim: 1.38030  ,  Loss/distill: 1.49773
[train: Epoch 16, 2400 / 2500] FPS: 9.9 (14.7)  ,  DataTime: 0.397 (0.002)  ,  ForwardTime: 0.209  ,  TotalTime: 0.608  ,  Loss/total: 0.66898  ,  Loss/giou: 0.18025  ,  Loss/l1: 0.01260  ,  Loss/location: 0.21940  ,  pro_loss: 0.12739  ,  IoU: 0.83339  ,  Loss/sim: 1.38034  ,  Loss/distill: 1.49779
[train: Epoch 16, 2450 / 2500] FPS: 9.9 (7.0)  ,  DataTime: 0.397 (0.002)  ,  ForwardTime: 0.209  ,  TotalTime: 0.608  ,  Loss/total: 0.66935  ,  Loss/giou: 0.18042  ,  Loss/l1: 0.01262  ,  Loss/location: 0.21939  ,  pro_loss: 0.12720  ,  IoU: 0.83322  ,  Loss/sim: 1.38064  ,  Loss/distill: 1.49766
[train: Epoch 16, 2500 / 2500] FPS: 9.9 (12.8)  ,  DataTime: 0.396 (0.002)  ,  ForwardTime: 0.209  ,  TotalTime: 0.607  ,  Loss/total: 0.66892  ,  Loss/giou: 0.18041  ,  Loss/l1: 0.01263  ,  Loss/location: 0.21892  ,  pro_loss: 0.12731  ,  IoU: 0.83326  ,  Loss/sim: 1.38024  ,  Loss/distill: 1.49692
[train: Epoch 17, 50 / 2500] FPS: 9.2 (8.2)  ,  DataTime: 0.443 (0.002)  ,  ForwardTime: 0.209  ,  TotalTime: 0.653  ,  Loss/total: 0.64565  ,  Loss/giou: 0.17586  ,  Loss/l1: 0.01189  ,  Loss/location: 0.20811  ,  pro_loss: 0.12917  ,  IoU: 0.83574  ,  Loss/sim: 1.34700  ,  Loss/distill: 1.48477
[train: Epoch 17, 100 / 2500] FPS: 9.4 (9.8)  ,  DataTime: 0.426 (0.002)  ,  ForwardTime: 0.209  ,  TotalTime: 0.637  ,  Loss/total: 0.64753  ,  Loss/giou: 0.17437  ,  Loss/l1: 0.01164  ,  Loss/location: 0.21409  ,  pro_loss: 0.12972  ,  IoU: 0.83712  ,  Loss/sim: 1.32579  ,  Loss/distill: 1.46724
[train: Epoch 17, 150 / 2500] FPS: 9.2 (8.0)  ,  DataTime: 0.442 (0.002)  ,  ForwardTime: 0.209  ,  TotalTime: 0.653  ,  Loss/total: 0.64128  ,  Loss/giou: 0.17325  ,  Loss/l1: 0.01147  ,  Loss/location: 0.21048  ,  pro_loss: 0.13185  ,  IoU: 0.83784  ,  Loss/sim: 1.34365  ,  Loss/distill: 1.47601
[train: Epoch 17, 200 / 2500] FPS: 9.1 (9.8)  ,  DataTime: 0.449 (0.002)  ,  ForwardTime: 0.209  ,  TotalTime: 0.660  ,  Loss/total: 0.65602  ,  Loss/giou: 0.17688  ,  Loss/l1: 0.01191  ,  Loss/location: 0.21594  ,  pro_loss: 0.13097  ,  IoU: 0.83505  ,  Loss/sim: 1.34418  ,  Loss/distill: 1.47314
[train: Epoch 17, 250 / 2500] FPS: 9.3 (9.4)  ,  DataTime: 0.434 (0.002)  ,  ForwardTime: 0.209  ,  TotalTime: 0.645  ,  Loss/total: 0.64918  ,  Loss/giou: 0.17482  ,  Loss/l1: 0.01186  ,  Loss/location: 0.21395  ,  pro_loss: 0.12856  ,  IoU: 0.83677  ,  Loss/sim: 1.34269  ,  Loss/distill: 1.47169
[train: Epoch 17, 300 / 2500] FPS: 9.4 (8.6)  ,  DataTime: 0.429 (0.002)  ,  ForwardTime: 0.209  ,  TotalTime: 0.640  ,  Loss/total: 0.66275  ,  Loss/giou: 0.17880  ,  Loss/l1: 0.01236  ,  Loss/location: 0.21725  ,  pro_loss: 0.12769  ,  IoU: 0.83384  ,  Loss/sim: 1.35137  ,  Loss/distill: 1.47578
[train: Epoch 17, 350 / 2500] FPS: 9.4 (10.8)  ,  DataTime: 0.425 (0.002)  ,  ForwardTime: 0.209  ,  TotalTime: 0.636  ,  Loss/total: 0.66457  ,  Loss/giou: 0.17894  ,  Loss/l1: 0.01252  ,  Loss/location: 0.21804  ,  pro_loss: 0.12746  ,  IoU: 0.83395  ,  Loss/sim: 1.35029  ,  Loss/distill: 1.47237
[train: Epoch 17, 400 / 2500] FPS: 9.5 (8.9)  ,  DataTime: 0.421 (0.002)  ,  ForwardTime: 0.209  ,  TotalTime: 0.632  ,  Loss/total: 0.65912  ,  Loss/giou: 0.17837  ,  Loss/l1: 0.01238  ,  Loss/location: 0.21434  ,  pro_loss: 0.12785  ,  IoU: 0.83449  ,  Loss/sim: 1.35048  ,  Loss/distill: 1.47423
[train: Epoch 17, 450 / 2500] FPS: 9.6 (10.5)  ,  DataTime: 0.417 (0.002)  ,  ForwardTime: 0.209  ,  TotalTime: 0.627  ,  Loss/total: 0.65801  ,  Loss/giou: 0.17780  ,  Loss/l1: 0.01235  ,  Loss/location: 0.21481  ,  pro_loss: 0.12651  ,  IoU: 0.83492  ,  Loss/sim: 1.35336  ,  Loss/distill: 1.47394
[train: Epoch 17, 500 / 2500] FPS: 9.6 (10.4)  ,  DataTime: 0.412 (0.002)  ,  ForwardTime: 0.209  ,  TotalTime: 0.623  ,  Loss/total: 0.65892  ,  Loss/giou: 0.17792  ,  Loss/l1: 0.01240  ,  Loss/location: 0.21530  ,  pro_loss: 0.12600  ,  IoU: 0.83497  ,  Loss/sim: 1.35228  ,  Loss/distill: 1.47427
[train: Epoch 17, 550 / 2500] FPS: 9.7 (9.6)  ,  DataTime: 0.408 (0.002)  ,  ForwardTime: 0.209  ,  TotalTime: 0.618  ,  Loss/total: 0.66055  ,  Loss/giou: 0.17813  ,  Loss/l1: 0.01241  ,  Loss/location: 0.21642  ,  pro_loss: 0.12619  ,  IoU: 0.83487  ,  Loss/sim: 1.35734  ,  Loss/distill: 1.47649
[train: Epoch 17, 600 / 2500] FPS: 9.8 (12.4)  ,  DataTime: 0.404 (0.002)  ,  ForwardTime: 0.209  ,  TotalTime: 0.615  ,  Loss/total: 0.65832  ,  Loss/giou: 0.17724  ,  Loss/l1: 0.01236  ,  Loss/location: 0.21627  ,  pro_loss: 0.12604  ,  IoU: 0.83563  ,  Loss/sim: 1.35460  ,  Loss/distill: 1.47690
[train: Epoch 17, 650 / 2500] FPS: 9.8 (11.6)  ,  DataTime: 0.401 (0.002)  ,  ForwardTime: 0.209  ,  TotalTime: 0.612  ,  Loss/total: 0.65933  ,  Loss/giou: 0.17760  ,  Loss/l1: 0.01241  ,  Loss/location: 0.21641  ,  pro_loss: 0.12545  ,  IoU: 0.83531  ,  Loss/sim: 1.35420  ,  Loss/distill: 1.47777
[train: Epoch 17, 700 / 2500] FPS: 9.8 (8.9)  ,  DataTime: 0.402 (0.002)  ,  ForwardTime: 0.209  ,  TotalTime: 0.613  ,  Loss/total: 0.66031  ,  Loss/giou: 0.17770  ,  Loss/l1: 0.01237  ,  Loss/location: 0.21740  ,  pro_loss: 0.12546  ,  IoU: 0.83507  ,  Loss/sim: 1.35611  ,  Loss/distill: 1.47918
[train: Epoch 17, 750 / 2500] FPS: 9.7 (7.6)  ,  DataTime: 0.408 (0.002)  ,  ForwardTime: 0.209  ,  TotalTime: 0.619  ,  Loss/total: 0.66453  ,  Loss/giou: 0.17862  ,  Loss/l1: 0.01249  ,  Loss/location: 0.21915  ,  pro_loss: 0.12572  ,  IoU: 0.83432  ,  Loss/sim: 1.35575  ,  Loss/distill: 1.47907
[train: Epoch 17, 800 / 2500] FPS: 9.7 (10.1)  ,  DataTime: 0.406 (0.002)  ,  ForwardTime: 0.209  ,  TotalTime: 0.617  ,  Loss/total: 0.66401  ,  Loss/giou: 0.17856  ,  Loss/l1: 0.01245  ,  Loss/location: 0.21887  ,  pro_loss: 0.12603  ,  IoU: 0.83437  ,  Loss/sim: 1.35512  ,  Loss/distill: 1.47721
[train: Epoch 17, 850 / 2500] FPS: 9.7 (11.6)  ,  DataTime: 0.405 (0.002)  ,  ForwardTime: 0.209  ,  TotalTime: 0.615  ,  Loss/total: 0.66208  ,  Loss/giou: 0.17754  ,  Loss/l1: 0.01233  ,  Loss/location: 0.21958  ,  pro_loss: 0.12593  ,  IoU: 0.83516  ,  Loss/sim: 1.35335  ,  Loss/distill: 1.47591
[train: Epoch 17, 900 / 2500] FPS: 9.7 (7.3)  ,  DataTime: 0.405 (0.002)  ,  ForwardTime: 0.209  ,  TotalTime: 0.616  ,  Loss/total: 0.66182  ,  Loss/giou: 0.17743  ,  Loss/l1: 0.01228  ,  Loss/location: 0.21974  ,  pro_loss: 0.12634  ,  IoU: 0.83517  ,  Loss/sim: 1.35307  ,  Loss/distill: 1.47554
[train: Epoch 17, 950 / 2500] FPS: 9.8 (12.9)  ,  DataTime: 0.403 (0.002)  ,  ForwardTime: 0.209  ,  TotalTime: 0.614  ,  Loss/total: 0.66430  ,  Loss/giou: 0.17787  ,  Loss/l1: 0.01236  ,  Loss/location: 0.22089  ,  pro_loss: 0.12643  ,  IoU: 0.83488  ,  Loss/sim: 1.35574  ,  Loss/distill: 1.47694
[train: Epoch 17, 1000 / 2500] FPS: 9.8 (9.8)  ,  DataTime: 0.404 (0.002)  ,  ForwardTime: 0.209  ,  TotalTime: 0.615  ,  Loss/total: 0.66474  ,  Loss/giou: 0.17796  ,  Loss/l1: 0.01236  ,  Loss/location: 0.22110  ,  pro_loss: 0.12681  ,  IoU: 0.83477  ,  Loss/sim: 1.35837  ,  Loss/distill: 1.47750
[train: Epoch 17, 1050 / 2500] FPS: 9.8 (8.3)  ,  DataTime: 0.404 (0.002)  ,  ForwardTime: 0.209  ,  TotalTime: 0.615  ,  Loss/total: 0.66250  ,  Loss/giou: 0.17755  ,  Loss/l1: 0.01232  ,  Loss/location: 0.21989  ,  pro_loss: 0.12676  ,  IoU: 0.83516  ,  Loss/sim: 1.35868  ,  Loss/distill: 1.47752
[train: Epoch 17, 1100 / 2500] FPS: 9.8 (10.6)  ,  DataTime: 0.404 (0.002)  ,  ForwardTime: 0.209  ,  TotalTime: 0.615  ,  Loss/total: 0.66431  ,  Loss/giou: 0.17794  ,  Loss/l1: 0.01236  ,  Loss/location: 0.22064  ,  pro_loss: 0.12698  ,  IoU: 0.83488  ,  Loss/sim: 1.35977  ,  Loss/distill: 1.47742
[train: Epoch 17, 1150 / 2500] FPS: 9.8 (8.1)  ,  DataTime: 0.403 (0.002)  ,  ForwardTime: 0.209  ,  TotalTime: 0.614  ,  Loss/total: 0.66346  ,  Loss/giou: 0.17796  ,  Loss/l1: 0.01234  ,  Loss/location: 0.21991  ,  pro_loss: 0.12693  ,  IoU: 0.83490  ,  Loss/sim: 1.35923  ,  Loss/distill: 1.47694
[train: Epoch 17, 1200 / 2500] FPS: 9.8 (10.7)  ,  DataTime: 0.402 (0.002)  ,  ForwardTime: 0.209  ,  TotalTime: 0.613  ,  Loss/total: 0.66623  ,  Loss/giou: 0.17865  ,  Loss/l1: 0.01243  ,  Loss/location: 0.22075  ,  pro_loss: 0.12721  ,  IoU: 0.83439  ,  Loss/sim: 1.36047  ,  Loss/distill: 1.47744
[train: Epoch 17, 1250 / 2500] FPS: 9.6 (12.7)  ,  DataTime: 0.414 (0.002)  ,  ForwardTime: 0.209  ,  TotalTime: 0.625  ,  Loss/total: 0.66294  ,  Loss/giou: 0.17775  ,  Loss/l1: 0.01232  ,  Loss/location: 0.21986  ,  pro_loss: 0.12713  ,  IoU: 0.83500  ,  Loss/sim: 1.36172  ,  Loss/distill: 1.47778
[train: Epoch 17, 1300 / 2500] FPS: 9.6 (7.6)  ,  DataTime: 0.413 (0.002)  ,  ForwardTime: 0.209  ,  TotalTime: 0.624  ,  Loss/total: 0.66370  ,  Loss/giou: 0.17788  ,  Loss/l1: 0.01233  ,  Loss/location: 0.22028  ,  pro_loss: 0.12730  ,  IoU: 0.83485  ,  Loss/sim: 1.36119  ,  Loss/distill: 1.47685
[train: Epoch 17, 1350 / 2500] FPS: 9.6 (8.3)  ,  DataTime: 0.411 (0.002)  ,  ForwardTime: 0.209  ,  TotalTime: 0.622  ,  Loss/total: 0.66291  ,  Loss/giou: 0.17760  ,  Loss/l1: 0.01232  ,  Loss/location: 0.22007  ,  pro_loss: 0.12727  ,  IoU: 0.83509  ,  Loss/sim: 1.35943  ,  Loss/distill: 1.47609
[train: Epoch 17, 1400 / 2500] FPS: 9.6 (10.6)  ,  DataTime: 0.414 (0.002)  ,  ForwardTime: 0.209  ,  TotalTime: 0.625  ,  Loss/total: 0.66400  ,  Loss/giou: 0.17778  ,  Loss/l1: 0.01235  ,  Loss/location: 0.22068  ,  pro_loss: 0.12732  ,  IoU: 0.83493  ,  Loss/sim: 1.36053  ,  Loss/distill: 1.47593
[train: Epoch 17, 1450 / 2500] FPS: 9.6 (12.1)  ,  DataTime: 0.415 (0.002)  ,  ForwardTime: 0.209  ,  TotalTime: 0.626  ,  Loss/total: 0.66531  ,  Loss/giou: 0.17800  ,  Loss/l1: 0.01237  ,  Loss/location: 0.22141  ,  pro_loss: 0.12729  ,  IoU: 0.83476  ,  Loss/sim: 1.36043  ,  Loss/distill: 1.47568
[train: Epoch 17, 1500 / 2500] FPS: 9.6 (12.3)  ,  DataTime: 0.414 (0.002)  ,  ForwardTime: 0.209  ,  TotalTime: 0.625  ,  Loss/total: 0.66646  ,  Loss/giou: 0.17831  ,  Loss/l1: 0.01239  ,  Loss/location: 0.22186  ,  pro_loss: 0.12720  ,  IoU: 0.83447  ,  Loss/sim: 1.36078  ,  Loss/distill: 1.47538
[train: Epoch 17, 1550 / 2500] FPS: 9.6 (5.6)  ,  DataTime: 0.413 (0.002)  ,  ForwardTime: 0.209  ,  TotalTime: 0.624  ,  Loss/total: 0.66660  ,  Loss/giou: 0.17839  ,  Loss/l1: 0.01241  ,  Loss/location: 0.22179  ,  pro_loss: 0.12705  ,  IoU: 0.83446  ,  Loss/sim: 1.36122  ,  Loss/distill: 1.47504
[train: Epoch 17, 1600 / 2500] FPS: 9.6 (13.6)  ,  DataTime: 0.412 (0.002)  ,  ForwardTime: 0.209  ,  TotalTime: 0.623  ,  Loss/total: 0.66656  ,  Loss/giou: 0.17846  ,  Loss/l1: 0.01242  ,  Loss/location: 0.22155  ,  pro_loss: 0.12694  ,  IoU: 0.83444  ,  Loss/sim: 1.36135  ,  Loss/distill: 1.47471
[train: Epoch 17, 1650 / 2500] FPS: 9.6 (10.4)  ,  DataTime: 0.412 (0.002)  ,  ForwardTime: 0.209  ,  TotalTime: 0.623  ,  Loss/total: 0.66706  ,  Loss/giou: 0.17850  ,  Loss/l1: 0.01243  ,  Loss/location: 0.22192  ,  pro_loss: 0.12715  ,  IoU: 0.83441  ,  Loss/sim: 1.35979  ,  Loss/distill: 1.47426
[train: Epoch 17, 1700 / 2500] FPS: 9.6 (11.6)  ,  DataTime: 0.412 (0.002)  ,  ForwardTime: 0.209  ,  TotalTime: 0.623  ,  Loss/total: 0.66690  ,  Loss/giou: 0.17862  ,  Loss/l1: 0.01243  ,  Loss/location: 0.22147  ,  pro_loss: 0.12732  ,  IoU: 0.83432  ,  Loss/sim: 1.35970  ,  Loss/distill: 1.47275
[train: Epoch 17, 1750 / 2500] FPS: 9.6 (11.2)  ,  DataTime: 0.413 (0.002)  ,  ForwardTime: 0.209  ,  TotalTime: 0.624  ,  Loss/total: 0.66559  ,  Loss/giou: 0.17841  ,  Loss/l1: 0.01241  ,  Loss/location: 0.22066  ,  pro_loss: 0.12745  ,  IoU: 0.83453  ,  Loss/sim: 1.35965  ,  Loss/distill: 1.47230
[train: Epoch 17, 1800 / 2500] FPS: 9.6 (11.0)  ,  DataTime: 0.411 (0.002)  ,  ForwardTime: 0.209  ,  TotalTime: 0.622  ,  Loss/total: 0.66455  ,  Loss/giou: 0.17821  ,  Loss/l1: 0.01238  ,  Loss/location: 0.22015  ,  pro_loss: 0.12751  ,  IoU: 0.83468  ,  Loss/sim: 1.35971  ,  Loss/distill: 1.47186
[train: Epoch 17, 1850 / 2500] FPS: 9.6 (10.9)  ,  DataTime: 0.411 (0.002)  ,  ForwardTime: 0.209  ,  TotalTime: 0.622  ,  Loss/total: 0.66416  ,  Loss/giou: 0.17819  ,  Loss/l1: 0.01238  ,  Loss/location: 0.21982  ,  pro_loss: 0.12759  ,  IoU: 0.83474  ,  Loss/sim: 1.36044  ,  Loss/distill: 1.47174
[train: Epoch 17, 1900 / 2500] FPS: 9.7 (11.5)  ,  DataTime: 0.411 (0.002)  ,  ForwardTime: 0.209  ,  TotalTime: 0.622  ,  Loss/total: 0.66275  ,  Loss/giou: 0.17787  ,  Loss/l1: 0.01234  ,  Loss/location: 0.21920  ,  pro_loss: 0.12776  ,  IoU: 0.83500  ,  Loss/sim: 1.36094  ,  Loss/distill: 1.47149
[train: Epoch 17, 1950 / 2500] FPS: 9.7 (11.0)  ,  DataTime: 0.411 (0.002)  ,  ForwardTime: 0.209  ,  TotalTime: 0.622  ,  Loss/total: 0.66337  ,  Loss/giou: 0.17795  ,  Loss/l1: 0.01234  ,  Loss/location: 0.21964  ,  pro_loss: 0.12775  ,  IoU: 0.83496  ,  Loss/sim: 1.36114  ,  Loss/distill: 1.47136
[train: Epoch 17, 2000 / 2500] FPS: 9.7 (10.0)  ,  DataTime: 0.411 (0.002)  ,  ForwardTime: 0.209  ,  TotalTime: 0.622  ,  Loss/total: 0.66473  ,  Loss/giou: 0.17837  ,  Loss/l1: 0.01239  ,  Loss/location: 0.21993  ,  pro_loss: 0.12773  ,  IoU: 0.83464  ,  Loss/sim: 1.36100  ,  Loss/distill: 1.47140
[train: Epoch 17, 2050 / 2500] FPS: 9.6 (12.5)  ,  DataTime: 0.412 (0.002)  ,  ForwardTime: 0.209  ,  TotalTime: 0.623  ,  Loss/total: 0.66430  ,  Loss/giou: 0.17826  ,  Loss/l1: 0.01238  ,  Loss/location: 0.21976  ,  pro_loss: 0.12780  ,  IoU: 0.83474  ,  Loss/sim: 1.36071  ,  Loss/distill: 1.47097
[train: Epoch 17, 2100 / 2500] FPS: 9.6 (8.2)  ,  DataTime: 0.412 (0.002)  ,  ForwardTime: 0.209  ,  TotalTime: 0.623  ,  Loss/total: 0.66593  ,  Loss/giou: 0.17864  ,  Loss/l1: 0.01244  ,  Loss/location: 0.22028  ,  pro_loss: 0.12803  ,  IoU: 0.83446  ,  Loss/sim: 1.36132  ,  Loss/distill: 1.47105
[train: Epoch 17, 2150 / 2500] FPS: 9.6 (8.9)  ,  DataTime: 0.411 (0.002)  ,  ForwardTime: 0.209  ,  TotalTime: 0.622  ,  Loss/total: 0.66652  ,  Loss/giou: 0.17876  ,  Loss/l1: 0.01246  ,  Loss/location: 0.22053  ,  pro_loss: 0.12800  ,  IoU: 0.83435  ,  Loss/sim: 1.36091  ,  Loss/distill: 1.47085
[train: Epoch 17, 2200 / 2500] FPS: 9.6 (9.3)  ,  DataTime: 0.411 (0.002)  ,  ForwardTime: 0.209  ,  TotalTime: 0.622  ,  Loss/total: 0.66675  ,  Loss/giou: 0.17878  ,  Loss/l1: 0.01247  ,  Loss/location: 0.22068  ,  pro_loss: 0.12808  ,  IoU: 0.83436  ,  Loss/sim: 1.36028  ,  Loss/distill: 1.47052
[train: Epoch 17, 2250 / 2500] FPS: 9.7 (9.8)  ,  DataTime: 0.410 (0.002)  ,  ForwardTime: 0.209  ,  TotalTime: 0.621  ,  Loss/total: 0.66612  ,  Loss/giou: 0.17857  ,  Loss/l1: 0.01244  ,  Loss/location: 0.22058  ,  pro_loss: 0.12816  ,  IoU: 0.83451  ,  Loss/sim: 1.36053  ,  Loss/distill: 1.47062
[train: Epoch 17, 2300 / 2500] FPS: 9.7 (9.1)  ,  DataTime: 0.410 (0.002)  ,  ForwardTime: 0.209  ,  TotalTime: 0.621  ,  Loss/total: 0.66489  ,  Loss/giou: 0.17822  ,  Loss/l1: 0.01240  ,  Loss/location: 0.22021  ,  pro_loss: 0.12837  ,  IoU: 0.83479  ,  Loss/sim: 1.36091  ,  Loss/distill: 1.47037
[train: Epoch 17, 2350 / 2500] FPS: 9.7 (8.0)  ,  DataTime: 0.409 (0.002)  ,  ForwardTime: 0.209  ,  TotalTime: 0.620  ,  Loss/total: 0.66482  ,  Loss/giou: 0.17832  ,  Loss/l1: 0.01239  ,  Loss/location: 0.22000  ,  pro_loss: 0.12841  ,  IoU: 0.83467  ,  Loss/sim: 1.36190  ,  Loss/distill: 1.47088
[train: Epoch 17, 2400 / 2500] FPS: 9.7 (10.3)  ,  DataTime: 0.409 (0.002)  ,  ForwardTime: 0.209  ,  TotalTime: 0.620  ,  Loss/total: 0.66497  ,  Loss/giou: 0.17830  ,  Loss/l1: 0.01237  ,  Loss/location: 0.22026  ,  pro_loss: 0.12841  ,  IoU: 0.83466  ,  Loss/sim: 1.36193  ,  Loss/distill: 1.47107
[train: Epoch 17, 2450 / 2500] FPS: 9.7 (9.0)  ,  DataTime: 0.410 (0.002)  ,  ForwardTime: 0.209  ,  TotalTime: 0.621  ,  Loss/total: 0.66580  ,  Loss/giou: 0.17852  ,  Loss/l1: 0.01240  ,  Loss/location: 0.22045  ,  pro_loss: 0.12859  ,  IoU: 0.83449  ,  Loss/sim: 1.36290  ,  Loss/distill: 1.47163
[train: Epoch 17, 2500 / 2500] FPS: 9.7 (9.1)  ,  DataTime: 0.409 (0.002)  ,  ForwardTime: 0.209  ,  TotalTime: 0.620  ,  Loss/total: 0.66499  ,  Loss/giou: 0.17835  ,  Loss/l1: 0.01238  ,  Loss/location: 0.22010  ,  pro_loss: 0.12878  ,  IoU: 0.83460  ,  Loss/sim: 1.36268  ,  Loss/distill: 1.47156
[train: Epoch 18, 50 / 2500] FPS: 9.4 (9.9)  ,  DataTime: 0.427 (0.002)  ,  ForwardTime: 0.209  ,  TotalTime: 0.638  ,  Loss/total: 0.58279  ,  Loss/giou: 0.15456  ,  Loss/l1: 0.00914  ,  Loss/location: 0.19958  ,  pro_loss: 0.13917  ,  IoU: 0.85166  ,  Loss/sim: 1.33538  ,  Loss/distill: 1.45948
[train: Epoch 18, 100 / 2500] FPS: 9.5 (9.0)  ,  DataTime: 0.420 (0.002)  ,  ForwardTime: 0.209  ,  TotalTime: 0.631  ,  Loss/total: 0.64625  ,  Loss/giou: 0.17240  ,  Loss/l1: 0.01098  ,  Loss/location: 0.21861  ,  pro_loss: 0.13681  ,  IoU: 0.83827  ,  Loss/sim: 1.33787  ,  Loss/distill: 1.45160
[train: Epoch 18, 150 / 2500] FPS: 9.5 (13.4)  ,  DataTime: 0.419 (0.002)  ,  ForwardTime: 0.209  ,  TotalTime: 0.630  ,  Loss/total: 0.65363  ,  Loss/giou: 0.17508  ,  Loss/l1: 0.01141  ,  Loss/location: 0.21882  ,  pro_loss: 0.13519  ,  IoU: 0.83631  ,  Loss/sim: 1.34473  ,  Loss/distill: 1.45609
[train: Epoch 18, 200 / 2500] FPS: 9.0 (16.5)  ,  DataTime: 0.454 (0.002)  ,  ForwardTime: 0.209  ,  TotalTime: 0.666  ,  Loss/total: 0.65552  ,  Loss/giou: 0.17565  ,  Loss/l1: 0.01154  ,  Loss/location: 0.21978  ,  pro_loss: 0.13090  ,  IoU: 0.83604  ,  Loss/sim: 1.35291  ,  Loss/distill: 1.46268
[train: Epoch 18, 250 / 2500] FPS: 9.2 (8.2)  ,  DataTime: 0.440 (0.002)  ,  ForwardTime: 0.209  ,  TotalTime: 0.651  ,  Loss/total: 0.65068  ,  Loss/giou: 0.17398  ,  Loss/l1: 0.01145  ,  Loss/location: 0.21878  ,  pro_loss: 0.13078  ,  IoU: 0.83753  ,  Loss/sim: 1.34965  ,  Loss/distill: 1.46136
[train: Epoch 18, 300 / 2500] FPS: 9.3 (10.4)  ,  DataTime: 0.437 (0.002)  ,  ForwardTime: 0.209  ,  TotalTime: 0.648  ,  Loss/total: 0.66417  ,  Loss/giou: 0.17644  ,  Loss/l1: 0.01177  ,  Loss/location: 0.22579  ,  pro_loss: 0.13042  ,  IoU: 0.83561  ,  Loss/sim: 1.36193  ,  Loss/distill: 1.46856
[train: Epoch 18, 350 / 2500] FPS: 9.0 (13.5)  ,  DataTime: 0.453 (0.002)  ,  ForwardTime: 0.209  ,  TotalTime: 0.664  ,  Loss/total: 0.66798  ,  Loss/giou: 0.17779  ,  Loss/l1: 0.01202  ,  Loss/location: 0.22565  ,  pro_loss: 0.13032  ,  IoU: 0.83493  ,  Loss/sim: 1.36532  ,  Loss/distill: 1.47024
[train: Epoch 18, 400 / 2500] FPS: 9.2 (8.8)  ,  DataTime: 0.441 (0.002)  ,  ForwardTime: 0.209  ,  TotalTime: 0.652  ,  Loss/total: 0.66402  ,  Loss/giou: 0.17652  ,  Loss/l1: 0.01192  ,  Loss/location: 0.22507  ,  pro_loss: 0.12868  ,  IoU: 0.83588  ,  Loss/sim: 1.36607  ,  Loss/distill: 1.47087
[train: Epoch 18, 450 / 2500] FPS: 9.2 (7.2)  ,  DataTime: 0.438 (0.002)  ,  ForwardTime: 0.209  ,  TotalTime: 0.649  ,  Loss/total: 0.67542  ,  Loss/giou: 0.17935  ,  Loss/l1: 0.01234  ,  Loss/location: 0.22877  ,  pro_loss: 0.12849  ,  IoU: 0.83384  ,  Loss/sim: 1.36987  ,  Loss/distill: 1.47014
[train: Epoch 18, 500 / 2500] FPS: 9.3 (11.2)  ,  DataTime: 0.433 (0.002)  ,  ForwardTime: 0.209  ,  TotalTime: 0.644  ,  Loss/total: 0.67586  ,  Loss/giou: 0.17982  ,  Loss/l1: 0.01250  ,  Loss/location: 0.22756  ,  pro_loss: 0.12803  ,  IoU: 0.83373  ,  Loss/sim: 1.36808  ,  Loss/distill: 1.46999
[train: Epoch 18, 550 / 2500] FPS: 9.4 (7.2)  ,  DataTime: 0.430 (0.002)  ,  ForwardTime: 0.209  ,  TotalTime: 0.641  ,  Loss/total: 0.67740  ,  Loss/giou: 0.17999  ,  Loss/l1: 0.01249  ,  Loss/location: 0.22878  ,  pro_loss: 0.12811  ,  IoU: 0.83349  ,  Loss/sim: 1.37077  ,  Loss/distill: 1.46896
[train: Epoch 18, 600 / 2500] FPS: 9.4 (10.4)  ,  DataTime: 0.426 (0.002)  ,  ForwardTime: 0.209  ,  TotalTime: 0.637  ,  Loss/total: 0.67540  ,  Loss/giou: 0.17970  ,  Loss/l1: 0.01237  ,  Loss/location: 0.22814  ,  pro_loss: 0.12715  ,  IoU: 0.83345  ,  Loss/sim: 1.36939  ,  Loss/distill: 1.46694
[train: Epoch 18, 650 / 2500] FPS: 9.5 (8.8)  ,  DataTime: 0.424 (0.002)  ,  ForwardTime: 0.209  ,  TotalTime: 0.635  ,  Loss/total: 0.67141  ,  Loss/giou: 0.17861  ,  Loss/l1: 0.01221  ,  Loss/location: 0.22701  ,  pro_loss: 0.12784  ,  IoU: 0.83421  ,  Loss/sim: 1.36876  ,  Loss/distill: 1.46561
[train: Epoch 18, 700 / 2500] FPS: 9.5 (6.8)  ,  DataTime: 0.419 (0.002)  ,  ForwardTime: 0.209  ,  TotalTime: 0.630  ,  Loss/total: 0.67471  ,  Loss/giou: 0.17963  ,  Loss/l1: 0.01230  ,  Loss/location: 0.22775  ,  pro_loss: 0.12814  ,  IoU: 0.83335  ,  Loss/sim: 1.37170  ,  Loss/distill: 1.46613
[train: Epoch 18, 750 / 2500] FPS: 9.6 (15.1)  ,  DataTime: 0.416 (0.002)  ,  ForwardTime: 0.209  ,  TotalTime: 0.627  ,  Loss/total: 0.67601  ,  Loss/giou: 0.17995  ,  Loss/l1: 0.01235  ,  Loss/location: 0.22818  ,  pro_loss: 0.12800  ,  IoU: 0.83305  ,  Loss/sim: 1.37342  ,  Loss/distill: 1.46645
[train: Epoch 18, 800 / 2500] FPS: 9.6 (11.4)  ,  DataTime: 0.414 (0.002)  ,  ForwardTime: 0.209  ,  TotalTime: 0.625  ,  Loss/total: 0.67203  ,  Loss/giou: 0.17902  ,  Loss/l1: 0.01226  ,  Loss/location: 0.22650  ,  pro_loss: 0.12799  ,  IoU: 0.83384  ,  Loss/sim: 1.36978  ,  Loss/distill: 1.46338
[train: Epoch 18, 850 / 2500] FPS: 9.6 (10.0)  ,  DataTime: 0.413 (0.002)  ,  ForwardTime: 0.209  ,  TotalTime: 0.623  ,  Loss/total: 0.67173  ,  Loss/giou: 0.17936  ,  Loss/l1: 0.01236  ,  Loss/location: 0.22515  ,  pro_loss: 0.12758  ,  IoU: 0.83366  ,  Loss/sim: 1.36843  ,  Loss/distill: 1.46337
[train: Epoch 18, 900 / 2500] FPS: 9.7 (13.2)  ,  DataTime: 0.410 (0.002)  ,  ForwardTime: 0.209  ,  TotalTime: 0.621  ,  Loss/total: 0.67566  ,  Loss/giou: 0.18044  ,  Loss/l1: 0.01243  ,  Loss/location: 0.22659  ,  pro_loss: 0.12732  ,  IoU: 0.83276  ,  Loss/sim: 1.36779  ,  Loss/distill: 1.46361
[train: Epoch 18, 950 / 2500] FPS: 9.7 (10.8)  ,  DataTime: 0.410 (0.002)  ,  ForwardTime: 0.209  ,  TotalTime: 0.621  ,  Loss/total: 0.67470  ,  Loss/giou: 0.18027  ,  Loss/l1: 0.01244  ,  Loss/location: 0.22588  ,  pro_loss: 0.12769  ,  IoU: 0.83291  ,  Loss/sim: 1.36875  ,  Loss/distill: 1.46307
[train: Epoch 18, 1000 / 2500] FPS: 9.6 (6.6)  ,  DataTime: 0.411 (0.002)  ,  ForwardTime: 0.209  ,  TotalTime: 0.622  ,  Loss/total: 0.67616  ,  Loss/giou: 0.18048  ,  Loss/l1: 0.01248  ,  Loss/location: 0.22664  ,  pro_loss: 0.12789  ,  IoU: 0.83276  ,  Loss/sim: 1.36861  ,  Loss/distill: 1.46470
[train: Epoch 18, 1050 / 2500] FPS: 9.7 (10.6)  ,  DataTime: 0.411 (0.002)  ,  ForwardTime: 0.209  ,  TotalTime: 0.622  ,  Loss/total: 0.67365  ,  Loss/giou: 0.18005  ,  Loss/l1: 0.01240  ,  Loss/location: 0.22527  ,  pro_loss: 0.12843  ,  IoU: 0.83306  ,  Loss/sim: 1.36695  ,  Loss/distill: 1.46384
[train: Epoch 18, 1100 / 2500] FPS: 9.7 (10.9)  ,  DataTime: 0.409 (0.002)  ,  ForwardTime: 0.209  ,  TotalTime: 0.620  ,  Loss/total: 0.67352  ,  Loss/giou: 0.18000  ,  Loss/l1: 0.01240  ,  Loss/location: 0.22531  ,  pro_loss: 0.12816  ,  IoU: 0.83310  ,  Loss/sim: 1.36689  ,  Loss/distill: 1.46362
[train: Epoch 18, 1150 / 2500] FPS: 9.7 (12.6)  ,  DataTime: 0.407 (0.002)  ,  ForwardTime: 0.209  ,  TotalTime: 0.618  ,  Loss/total: 0.67236  ,  Loss/giou: 0.17982  ,  Loss/l1: 0.01240  ,  Loss/location: 0.22455  ,  pro_loss: 0.12815  ,  IoU: 0.83326  ,  Loss/sim: 1.36617  ,  Loss/distill: 1.46397
[train: Epoch 18, 1200 / 2500] FPS: 9.7 (15.1)  ,  DataTime: 0.408 (0.002)  ,  ForwardTime: 0.209  ,  TotalTime: 0.619  ,  Loss/total: 0.67086  ,  Loss/giou: 0.17932  ,  Loss/l1: 0.01234  ,  Loss/location: 0.22433  ,  pro_loss: 0.12806  ,  IoU: 0.83366  ,  Loss/sim: 1.36419  ,  Loss/distill: 1.46217
[train: Epoch 18, 1250 / 2500] FPS: 9.6 (12.0)  ,  DataTime: 0.411 (0.002)  ,  ForwardTime: 0.209  ,  TotalTime: 0.622  ,  Loss/total: 0.66883  ,  Loss/giou: 0.17876  ,  Loss/l1: 0.01229  ,  Loss/location: 0.22369  ,  pro_loss: 0.12791  ,  IoU: 0.83410  ,  Loss/sim: 1.36328  ,  Loss/distill: 1.46066
[train: Epoch 18, 1300 / 2500] FPS: 9.7 (12.0)  ,  DataTime: 0.409 (0.002)  ,  ForwardTime: 0.209  ,  TotalTime: 0.620  ,  Loss/total: 0.66903  ,  Loss/giou: 0.17891  ,  Loss/l1: 0.01233  ,  Loss/location: 0.22345  ,  pro_loss: 0.12769  ,  IoU: 0.83397  ,  Loss/sim: 1.36460  ,  Loss/distill: 1.46058
[train: Epoch 18, 1350 / 2500] FPS: 9.7 (9.7)  ,  DataTime: 0.410 (0.002)  ,  ForwardTime: 0.209  ,  TotalTime: 0.620  ,  Loss/total: 0.67059  ,  Loss/giou: 0.17952  ,  Loss/l1: 0.01240  ,  Loss/location: 0.22343  ,  pro_loss: 0.12774  ,  IoU: 0.83352  ,  Loss/sim: 1.36397  ,  Loss/distill: 1.45969
[train: Epoch 18, 1400 / 2500] FPS: 9.7 (8.8)  ,  DataTime: 0.409 (0.002)  ,  ForwardTime: 0.209  ,  TotalTime: 0.620  ,  Loss/total: 0.66992  ,  Loss/giou: 0.17941  ,  Loss/l1: 0.01238  ,  Loss/location: 0.22302  ,  pro_loss: 0.12803  ,  IoU: 0.83363  ,  Loss/sim: 1.36489  ,  Loss/distill: 1.45929
[train: Epoch 18, 1450 / 2500] FPS: 9.7 (11.8)  ,  DataTime: 0.408 (0.002)  ,  ForwardTime: 0.209  ,  TotalTime: 0.619  ,  Loss/total: 0.66845  ,  Loss/giou: 0.17909  ,  Loss/l1: 0.01236  ,  Loss/location: 0.22236  ,  pro_loss: 0.12787  ,  IoU: 0.83389  ,  Loss/sim: 1.36424  ,  Loss/distill: 1.45832
[train: Epoch 18, 1500 / 2500] FPS: 9.7 (12.9)  ,  DataTime: 0.407 (0.002)  ,  ForwardTime: 0.209  ,  TotalTime: 0.618  ,  Loss/total: 0.66686  ,  Loss/giou: 0.17868  ,  Loss/l1: 0.01230  ,  Loss/location: 0.22183  ,  pro_loss: 0.12786  ,  IoU: 0.83425  ,  Loss/sim: 1.36300  ,  Loss/distill: 1.45673
[train: Epoch 18, 1550 / 2500] FPS: 9.7 (9.2)  ,  DataTime: 0.407 (0.002)  ,  ForwardTime: 0.209  ,  TotalTime: 0.617  ,  Loss/total: 0.66624  ,  Loss/giou: 0.17860  ,  Loss/l1: 0.01228  ,  Loss/location: 0.22143  ,  pro_loss: 0.12809  ,  IoU: 0.83427  ,  Loss/sim: 1.36136  ,  Loss/distill: 1.45637
[train: Epoch 18, 1600 / 2500] FPS: 9.7 (7.0)  ,  DataTime: 0.406 (0.002)  ,  ForwardTime: 0.209  ,  TotalTime: 0.617  ,  Loss/total: 0.66455  ,  Loss/giou: 0.17828  ,  Loss/l1: 0.01227  ,  Loss/location: 0.22042  ,  pro_loss: 0.12821  ,  IoU: 0.83458  ,  Loss/sim: 1.36062  ,  Loss/distill: 1.45526
[train: Epoch 18, 1650 / 2500] FPS: 9.8 (9.2)  ,  DataTime: 0.404 (0.002)  ,  ForwardTime: 0.209  ,  TotalTime: 0.615  ,  Loss/total: 0.66401  ,  Loss/giou: 0.17824  ,  Loss/l1: 0.01226  ,  Loss/location: 0.21999  ,  pro_loss: 0.12843  ,  IoU: 0.83464  ,  Loss/sim: 1.36069  ,  Loss/distill: 1.45476
[train: Epoch 18, 1700 / 2500] FPS: 9.7 (10.6)  ,  DataTime: 0.406 (0.002)  ,  ForwardTime: 0.209  ,  TotalTime: 0.616  ,  Loss/total: 0.66366  ,  Loss/giou: 0.17825  ,  Loss/l1: 0.01226  ,  Loss/location: 0.21964  ,  pro_loss: 0.12836  ,  IoU: 0.83459  ,  Loss/sim: 1.36047  ,  Loss/distill: 1.45358
[train: Epoch 18, 1750 / 2500] FPS: 9.7 (9.5)  ,  DataTime: 0.406 (0.002)  ,  ForwardTime: 0.209  ,  TotalTime: 0.617  ,  Loss/total: 0.66396  ,  Loss/giou: 0.17837  ,  Loss/l1: 0.01224  ,  Loss/location: 0.21977  ,  pro_loss: 0.12844  ,  IoU: 0.83443  ,  Loss/sim: 1.36214  ,  Loss/distill: 1.45354
[train: Epoch 18, 1800 / 2500] FPS: 9.8 (11.2)  ,  DataTime: 0.404 (0.002)  ,  ForwardTime: 0.209  ,  TotalTime: 0.615  ,  Loss/total: 0.66360  ,  Loss/giou: 0.17835  ,  Loss/l1: 0.01223  ,  Loss/location: 0.21945  ,  pro_loss: 0.12862  ,  IoU: 0.83445  ,  Loss/sim: 1.36220  ,  Loss/distill: 1.45306
[train: Epoch 18, 1850 / 2500] FPS: 9.8 (13.7)  ,  DataTime: 0.404 (0.002)  ,  ForwardTime: 0.209  ,  TotalTime: 0.615  ,  Loss/total: 0.66393  ,  Loss/giou: 0.17862  ,  Loss/l1: 0.01225  ,  Loss/location: 0.21924  ,  pro_loss: 0.12825  ,  IoU: 0.83424  ,  Loss/sim: 1.36204  ,  Loss/distill: 1.45323
[train: Epoch 18, 1900 / 2500] FPS: 9.7 (14.7)  ,  DataTime: 0.406 (0.002)  ,  ForwardTime: 0.209  ,  TotalTime: 0.617  ,  Loss/total: 0.66293  ,  Loss/giou: 0.17838  ,  Loss/l1: 0.01223  ,  Loss/location: 0.21883  ,  pro_loss: 0.12808  ,  IoU: 0.83450  ,  Loss/sim: 1.36084  ,  Loss/distill: 1.45259
[train: Epoch 18, 1950 / 2500] FPS: 9.7 (13.7)  ,  DataTime: 0.405 (0.002)  ,  ForwardTime: 0.209  ,  TotalTime: 0.616  ,  Loss/total: 0.66463  ,  Loss/giou: 0.17883  ,  Loss/l1: 0.01232  ,  Loss/location: 0.21924  ,  pro_loss: 0.12790  ,  IoU: 0.83420  ,  Loss/sim: 1.36002  ,  Loss/distill: 1.45183
[train: Epoch 18, 2000 / 2500] FPS: 9.7 (9.0)  ,  DataTime: 0.406 (0.002)  ,  ForwardTime: 0.209  ,  TotalTime: 0.616  ,  Loss/total: 0.66387  ,  Loss/giou: 0.17871  ,  Loss/l1: 0.01230  ,  Loss/location: 0.21885  ,  pro_loss: 0.12772  ,  IoU: 0.83428  ,  Loss/sim: 1.36018  ,  Loss/distill: 1.45188
[train: Epoch 18, 2050 / 2500] FPS: 9.7 (10.4)  ,  DataTime: 0.406 (0.002)  ,  ForwardTime: 0.209  ,  TotalTime: 0.616  ,  Loss/total: 0.66334  ,  Loss/giou: 0.17851  ,  Loss/l1: 0.01228  ,  Loss/location: 0.21881  ,  pro_loss: 0.12769  ,  IoU: 0.83447  ,  Loss/sim: 1.35923  ,  Loss/distill: 1.45076
[train: Epoch 18, 2100 / 2500] FPS: 9.7 (12.0)  ,  DataTime: 0.405 (0.002)  ,  ForwardTime: 0.209  ,  TotalTime: 0.616  ,  Loss/total: 0.66399  ,  Loss/giou: 0.17865  ,  Loss/l1: 0.01231  ,  Loss/location: 0.21904  ,  pro_loss: 0.12759  ,  IoU: 0.83439  ,  Loss/sim: 1.35912  ,  Loss/distill: 1.45029
[train: Epoch 18, 2150 / 2500] FPS: 9.7 (10.2)  ,  DataTime: 0.406 (0.002)  ,  ForwardTime: 0.209  ,  TotalTime: 0.617  ,  Loss/total: 0.66282  ,  Loss/giou: 0.17833  ,  Loss/l1: 0.01228  ,  Loss/location: 0.21869  ,  pro_loss: 0.12754  ,  IoU: 0.83463  ,  Loss/sim: 1.35934  ,  Loss/distill: 1.44954
[train: Epoch 18, 2200 / 2500] FPS: 9.7 (9.0)  ,  DataTime: 0.406 (0.002)  ,  ForwardTime: 0.209  ,  TotalTime: 0.617  ,  Loss/total: 0.66257  ,  Loss/giou: 0.17820  ,  Loss/l1: 0.01226  ,  Loss/location: 0.21882  ,  pro_loss: 0.12746  ,  IoU: 0.83478  ,  Loss/sim: 1.35877  ,  Loss/distill: 1.44915
[train: Epoch 18, 2250 / 2500] FPS: 9.7 (5.1)  ,  DataTime: 0.406 (0.002)  ,  ForwardTime: 0.209  ,  TotalTime: 0.616  ,  Loss/total: 0.66204  ,  Loss/giou: 0.17804  ,  Loss/l1: 0.01224  ,  Loss/location: 0.21869  ,  pro_loss: 0.12759  ,  IoU: 0.83489  ,  Loss/sim: 1.35904  ,  Loss/distill: 1.44904
[train: Epoch 18, 2300 / 2500] FPS: 9.7 (10.5)  ,  DataTime: 0.405 (0.002)  ,  ForwardTime: 0.209  ,  TotalTime: 0.616  ,  Loss/total: 0.66220  ,  Loss/giou: 0.17798  ,  Loss/l1: 0.01222  ,  Loss/location: 0.21907  ,  pro_loss: 0.12752  ,  IoU: 0.83494  ,  Loss/sim: 1.35818  ,  Loss/distill: 1.44836
[train: Epoch 18, 2350 / 2500] FPS: 9.7 (10.9)  ,  DataTime: 0.406 (0.002)  ,  ForwardTime: 0.209  ,  TotalTime: 0.617  ,  Loss/total: 0.66175  ,  Loss/giou: 0.17783  ,  Loss/l1: 0.01220  ,  Loss/location: 0.21906  ,  pro_loss: 0.12749  ,  IoU: 0.83505  ,  Loss/sim: 1.35717  ,  Loss/distill: 1.44769
[train: Epoch 18, 2400 / 2500] FPS: 9.7 (10.7)  ,  DataTime: 0.405 (0.002)  ,  ForwardTime: 0.209  ,  TotalTime: 0.616  ,  Loss/total: 0.66230  ,  Loss/giou: 0.17794  ,  Loss/l1: 0.01220  ,  Loss/location: 0.21931  ,  pro_loss: 0.12769  ,  IoU: 0.83494  ,  Loss/sim: 1.35732  ,  Loss/distill: 1.44714
[train: Epoch 18, 2450 / 2500] FPS: 9.8 (12.8)  ,  DataTime: 0.404 (0.002)  ,  ForwardTime: 0.209  ,  TotalTime: 0.615  ,  Loss/total: 0.66174  ,  Loss/giou: 0.17779  ,  Loss/l1: 0.01220  ,  Loss/location: 0.21904  ,  pro_loss: 0.12775  ,  IoU: 0.83506  ,  Loss/sim: 1.35667  ,  Loss/distill: 1.44649
[train: Epoch 18, 2500 / 2500] FPS: 9.8 (9.0)  ,  DataTime: 0.404 (0.002)  ,  ForwardTime: 0.209  ,  TotalTime: 0.615  ,  Loss/total: 0.66157  ,  Loss/giou: 0.17784  ,  Loss/l1: 0.01219  ,  Loss/location: 0.21881  ,  pro_loss: 0.12776  ,  IoU: 0.83499  ,  Loss/sim: 1.35661  ,  Loss/distill: 1.44631
[train: Epoch 19, 50 / 2500] FPS: 9.3 (14.3)  ,  DataTime: 0.433 (0.002)  ,  ForwardTime: 0.209  ,  TotalTime: 0.643  ,  Loss/total: 0.68213  ,  Loss/giou: 0.18625  ,  Loss/l1: 0.01377  ,  Loss/location: 0.21569  ,  pro_loss: 0.12278  ,  IoU: 0.82987  ,  Loss/sim: 1.36210  ,  Loss/distill: 1.42504
[train: Epoch 19, 100 / 2500] FPS: 9.3 (10.4)  ,  DataTime: 0.435 (0.002)  ,  ForwardTime: 0.209  ,  TotalTime: 0.646  ,  Loss/total: 0.66399  ,  Loss/giou: 0.18096  ,  Loss/l1: 0.01255  ,  Loss/location: 0.21343  ,  pro_loss: 0.12661  ,  IoU: 0.83301  ,  Loss/sim: 1.34740  ,  Loss/distill: 1.42272
[train: Epoch 19, 150 / 2500] FPS: 9.6 (8.1)  ,  DataTime: 0.414 (0.002)  ,  ForwardTime: 0.209  ,  TotalTime: 0.625  ,  Loss/total: 0.66629  ,  Loss/giou: 0.17947  ,  Loss/l1: 0.01265  ,  Loss/location: 0.21820  ,  pro_loss: 0.12663  ,  IoU: 0.83422  ,  Loss/sim: 1.33955  ,  Loss/distill: 1.42061
[train: Epoch 19, 200 / 2500] FPS: 9.6 (9.4)  ,  DataTime: 0.416 (0.002)  ,  ForwardTime: 0.209  ,  TotalTime: 0.627  ,  Loss/total: 0.67430  ,  Loss/giou: 0.18264  ,  Loss/l1: 0.01283  ,  Loss/location: 0.21922  ,  pro_loss: 0.12539  ,  IoU: 0.83160  ,  Loss/sim: 1.34196  ,  Loss/distill: 1.42352
[train: Epoch 19, 250 / 2500] FPS: 9.7 (8.4)  ,  DataTime: 0.405 (0.002)  ,  ForwardTime: 0.209  ,  TotalTime: 0.616  ,  Loss/total: 0.67061  ,  Loss/giou: 0.18097  ,  Loss/l1: 0.01270  ,  Loss/location: 0.21963  ,  pro_loss: 0.12481  ,  IoU: 0.83280  ,  Loss/sim: 1.34314  ,  Loss/distill: 1.42912
[train: Epoch 19, 300 / 2500] FPS: 9.8 (7.6)  ,  DataTime: 0.404 (0.002)  ,  ForwardTime: 0.209  ,  TotalTime: 0.615  ,  Loss/total: 0.65633  ,  Loss/giou: 0.17692  ,  Loss/l1: 0.01216  ,  Loss/location: 0.21605  ,  pro_loss: 0.12531  ,  IoU: 0.83586  ,  Loss/sim: 1.34850  ,  Loss/distill: 1.43576
[train: Epoch 19, 350 / 2500] FPS: 9.9 (12.4)  ,  DataTime: 0.398 (0.002)  ,  ForwardTime: 0.209  ,  TotalTime: 0.609  ,  Loss/total: 0.65950  ,  Loss/giou: 0.17796  ,  Loss/l1: 0.01221  ,  Loss/location: 0.21702  ,  pro_loss: 0.12467  ,  IoU: 0.83521  ,  Loss/sim: 1.34693  ,  Loss/distill: 1.43651
[train: Epoch 19, 400 / 2500] FPS: 9.9 (13.3)  ,  DataTime: 0.397 (0.002)  ,  ForwardTime: 0.209  ,  TotalTime: 0.608  ,  Loss/total: 0.65767  ,  Loss/giou: 0.17704  ,  Loss/l1: 0.01215  ,  Loss/location: 0.21731  ,  pro_loss: 0.12495  ,  IoU: 0.83593  ,  Loss/sim: 1.34739  ,  Loss/distill: 1.43746
[train: Epoch 19, 450 / 2500] FPS: 9.9 (9.5)  ,  DataTime: 0.394 (0.002)  ,  ForwardTime: 0.209  ,  TotalTime: 0.605  ,  Loss/total: 0.65927  ,  Loss/giou: 0.17773  ,  Loss/l1: 0.01224  ,  Loss/location: 0.21713  ,  pro_loss: 0.12468  ,  IoU: 0.83542  ,  Loss/sim: 1.35079  ,  Loss/distill: 1.43624
[train: Epoch 19, 500 / 2500] FPS: 10.0 (11.2)  ,  DataTime: 0.391 (0.002)  ,  ForwardTime: 0.209  ,  TotalTime: 0.602  ,  Loss/total: 0.65762  ,  Loss/giou: 0.17716  ,  Loss/l1: 0.01218  ,  Loss/location: 0.21685  ,  pro_loss: 0.12510  ,  IoU: 0.83587  ,  Loss/sim: 1.35154  ,  Loss/distill: 1.43605
[train: Epoch 19, 550 / 2500] FPS: 10.0 (9.8)  ,  DataTime: 0.391 (0.002)  ,  ForwardTime: 0.209  ,  TotalTime: 0.602  ,  Loss/total: 0.65494  ,  Loss/giou: 0.17652  ,  Loss/l1: 0.01208  ,  Loss/location: 0.21582  ,  pro_loss: 0.12549  ,  IoU: 0.83643  ,  Loss/sim: 1.35587  ,  Loss/distill: 1.43710
[train: Epoch 19, 600 / 2500] FPS: 10.0 (9.3)  ,  DataTime: 0.391 (0.002)  ,  ForwardTime: 0.209  ,  TotalTime: 0.601  ,  Loss/total: 0.65448  ,  Loss/giou: 0.17628  ,  Loss/l1: 0.01205  ,  Loss/location: 0.21597  ,  pro_loss: 0.12573  ,  IoU: 0.83659  ,  Loss/sim: 1.35675  ,  Loss/distill: 1.43632
[train: Epoch 19, 650 / 2500] FPS: 10.0 (10.4)  ,  DataTime: 0.389 (0.002)  ,  ForwardTime: 0.209  ,  TotalTime: 0.600  ,  Loss/total: 0.65524  ,  Loss/giou: 0.17624  ,  Loss/l1: 0.01203  ,  Loss/location: 0.21693  ,  pro_loss: 0.12563  ,  IoU: 0.83658  ,  Loss/sim: 1.35857  ,  Loss/distill: 1.43784
[train: Epoch 19, 700 / 2500] FPS: 10.0 (14.6)  ,  DataTime: 0.389 (0.002)  ,  ForwardTime: 0.209  ,  TotalTime: 0.599  ,  Loss/total: 0.65492  ,  Loss/giou: 0.17590  ,  Loss/l1: 0.01198  ,  Loss/location: 0.21746  ,  pro_loss: 0.12602  ,  IoU: 0.83681  ,  Loss/sim: 1.35938  ,  Loss/distill: 1.43886
[train: Epoch 19, 750 / 2500] FPS: 9.9 (13.4)  ,  DataTime: 0.392 (0.002)  ,  ForwardTime: 0.209  ,  TotalTime: 0.603  ,  Loss/total: 0.65391  ,  Loss/giou: 0.17617  ,  Loss/l1: 0.01202  ,  Loss/location: 0.21561  ,  pro_loss: 0.12660  ,  IoU: 0.83672  ,  Loss/sim: 1.36255  ,  Loss/distill: 1.44190
[train: Epoch 19, 800 / 2500] FPS: 10.0 (11.3)  ,  DataTime: 0.390 (0.002)  ,  ForwardTime: 0.209  ,  TotalTime: 0.601  ,  Loss/total: 0.65111  ,  Loss/giou: 0.17536  ,  Loss/l1: 0.01191  ,  Loss/location: 0.21488  ,  pro_loss: 0.12682  ,  IoU: 0.83727  ,  Loss/sim: 1.36217  ,  Loss/distill: 1.44268
[train: Epoch 19, 850 / 2500] FPS: 10.0 (9.2)  ,  DataTime: 0.389 (0.002)  ,  ForwardTime: 0.209  ,  TotalTime: 0.600  ,  Loss/total: 0.65336  ,  Loss/giou: 0.17587  ,  Loss/l1: 0.01198  ,  Loss/location: 0.21580  ,  pro_loss: 0.12684  ,  IoU: 0.83687  ,  Loss/sim: 1.36265  ,  Loss/distill: 1.44341
[train: Epoch 19, 900 / 2500] FPS: 10.0 (8.1)  ,  DataTime: 0.391 (0.002)  ,  ForwardTime: 0.209  ,  TotalTime: 0.601  ,  Loss/total: 0.65503  ,  Loss/giou: 0.17656  ,  Loss/l1: 0.01205  ,  Loss/location: 0.21574  ,  pro_loss: 0.12680  ,  IoU: 0.83629  ,  Loss/sim: 1.36412  ,  Loss/distill: 1.44407
[train: Epoch 19, 950 / 2500] FPS: 9.9 (10.2)  ,  DataTime: 0.394 (0.002)  ,  ForwardTime: 0.209  ,  TotalTime: 0.605  ,  Loss/total: 0.65710  ,  Loss/giou: 0.17712  ,  Loss/l1: 0.01209  ,  Loss/location: 0.21650  ,  pro_loss: 0.12682  ,  IoU: 0.83572  ,  Loss/sim: 1.36417  ,  Loss/distill: 1.44373
[train: Epoch 19, 1000 / 2500] FPS: 9.9 (6.3)  ,  DataTime: 0.392 (0.002)  ,  ForwardTime: 0.209  ,  TotalTime: 0.603  ,  Loss/total: 0.65785  ,  Loss/giou: 0.17703  ,  Loss/l1: 0.01212  ,  Loss/location: 0.21731  ,  pro_loss: 0.12669  ,  IoU: 0.83581  ,  Loss/sim: 1.36455  ,  Loss/distill: 1.44284
[train: Epoch 19, 1050 / 2500] FPS: 10.0 (13.8)  ,  DataTime: 0.390 (0.002)  ,  ForwardTime: 0.209  ,  TotalTime: 0.601  ,  Loss/total: 0.65742  ,  Loss/giou: 0.17690  ,  Loss/l1: 0.01212  ,  Loss/location: 0.21718  ,  pro_loss: 0.12640  ,  IoU: 0.83593  ,  Loss/sim: 1.36461  ,  Loss/distill: 1.44330
[train: Epoch 19, 1100 / 2500] FPS: 10.0 (13.7)  ,  DataTime: 0.390 (0.002)  ,  ForwardTime: 0.209  ,  TotalTime: 0.601  ,  Loss/total: 0.65828  ,  Loss/giou: 0.17721  ,  Loss/l1: 0.01219  ,  Loss/location: 0.21710  ,  pro_loss: 0.12630  ,  IoU: 0.83574  ,  Loss/sim: 1.36260  ,  Loss/distill: 1.44292
[train: Epoch 19, 1150 / 2500] FPS: 10.0 (8.8)  ,  DataTime: 0.391 (0.002)  ,  ForwardTime: 0.210  ,  TotalTime: 0.602  ,  Loss/total: 0.66239  ,  Loss/giou: 0.17833  ,  Loss/l1: 0.01236  ,  Loss/location: 0.21812  ,  pro_loss: 0.12630  ,  IoU: 0.83505  ,  Loss/sim: 1.36276  ,  Loss/distill: 1.44207
[train: Epoch 19, 1200 / 2500] FPS: 10.0 (10.0)  ,  DataTime: 0.390 (0.002)  ,  ForwardTime: 0.210  ,  TotalTime: 0.601  ,  Loss/total: 0.66126  ,  Loss/giou: 0.17798  ,  Loss/l1: 0.01232  ,  Loss/location: 0.21785  ,  pro_loss: 0.12648  ,  IoU: 0.83533  ,  Loss/sim: 1.36248  ,  Loss/distill: 1.44120
[train: Epoch 19, 1250 / 2500] FPS: 10.0 (12.3)  ,  DataTime: 0.389 (0.002)  ,  ForwardTime: 0.210  ,  TotalTime: 0.600  ,  Loss/total: 0.66148  ,  Loss/giou: 0.17801  ,  Loss/l1: 0.01232  ,  Loss/location: 0.21805  ,  pro_loss: 0.12625  ,  IoU: 0.83533  ,  Loss/sim: 1.36369  ,  Loss/distill: 1.44096
[train: Epoch 19, 1300 / 2500] FPS: 10.0 (9.3)  ,  DataTime: 0.388 (0.002)  ,  ForwardTime: 0.210  ,  TotalTime: 0.599  ,  Loss/total: 0.66261  ,  Loss/giou: 0.17817  ,  Loss/l1: 0.01234  ,  Loss/location: 0.21881  ,  pro_loss: 0.12602  ,  IoU: 0.83516  ,  Loss/sim: 1.36253  ,  Loss/distill: 1.44029
[train: Epoch 19, 1350 / 2500] FPS: 10.0 (10.6)  ,  DataTime: 0.387 (0.002)  ,  ForwardTime: 0.209  ,  TotalTime: 0.599  ,  Loss/total: 0.66143  ,  Loss/giou: 0.17787  ,  Loss/l1: 0.01229  ,  Loss/location: 0.21845  ,  pro_loss: 0.12603  ,  IoU: 0.83539  ,  Loss/sim: 1.36174  ,  Loss/distill: 1.44014
[train: Epoch 19, 1400 / 2500] FPS: 10.0 (11.2)  ,  DataTime: 0.386 (0.002)  ,  ForwardTime: 0.209  ,  TotalTime: 0.598  ,  Loss/total: 0.66251  ,  Loss/giou: 0.17821  ,  Loss/l1: 0.01234  ,  Loss/location: 0.21863  ,  pro_loss: 0.12583  ,  IoU: 0.83514  ,  Loss/sim: 1.36163  ,  Loss/distill: 1.44062
[train: Epoch 19, 1450 / 2500] FPS: 10.0 (8.2)  ,  DataTime: 0.386 (0.002)  ,  ForwardTime: 0.209  ,  TotalTime: 0.597  ,  Loss/total: 0.66152  ,  Loss/giou: 0.17803  ,  Loss/l1: 0.01232  ,  Loss/location: 0.21815  ,  pro_loss: 0.12581  ,  IoU: 0.83527  ,  Loss/sim: 1.36123  ,  Loss/distill: 1.44097
[train: Epoch 19, 1500 / 2500] FPS: 9.9 (8.0)  ,  DataTime: 0.393 (0.002)  ,  ForwardTime: 0.209  ,  TotalTime: 0.604  ,  Loss/total: 0.66066  ,  Loss/giou: 0.17782  ,  Loss/l1: 0.01229  ,  Loss/location: 0.21788  ,  pro_loss: 0.12575  ,  IoU: 0.83537  ,  Loss/sim: 1.35958  ,  Loss/distill: 1.44028
[train: Epoch 19, 1550 / 2500] FPS: 10.0 (11.1)  ,  DataTime: 0.392 (0.002)  ,  ForwardTime: 0.209  ,  TotalTime: 0.603  ,  Loss/total: 0.66077  ,  Loss/giou: 0.17784  ,  Loss/l1: 0.01230  ,  Loss/location: 0.21788  ,  pro_loss: 0.12572  ,  IoU: 0.83540  ,  Loss/sim: 1.35970  ,  Loss/distill: 1.44022
[train: Epoch 19, 1600 / 2500] FPS: 10.0 (9.2)  ,  DataTime: 0.391 (0.002)  ,  ForwardTime: 0.209  ,  TotalTime: 0.603  ,  Loss/total: 0.66031  ,  Loss/giou: 0.17785  ,  Loss/l1: 0.01229  ,  Loss/location: 0.21743  ,  pro_loss: 0.12573  ,  IoU: 0.83536  ,  Loss/sim: 1.35927  ,  Loss/distill: 1.43909
[train: Epoch 19, 1650 / 2500] FPS: 10.0 (8.5)  ,  DataTime: 0.391 (0.002)  ,  ForwardTime: 0.209  ,  TotalTime: 0.602  ,  Loss/total: 0.66032  ,  Loss/giou: 0.17781  ,  Loss/l1: 0.01229  ,  Loss/location: 0.21749  ,  pro_loss: 0.12593  ,  IoU: 0.83542  ,  Loss/sim: 1.35878  ,  Loss/distill: 1.43883
[train: Epoch 19, 1700 / 2500] FPS: 10.0 (9.1)  ,  DataTime: 0.390 (0.002)  ,  ForwardTime: 0.209  ,  TotalTime: 0.601  ,  Loss/total: 0.66158  ,  Loss/giou: 0.17803  ,  Loss/l1: 0.01233  ,  Loss/location: 0.21817  ,  pro_loss: 0.12571  ,  IoU: 0.83532  ,  Loss/sim: 1.35900  ,  Loss/distill: 1.43867
[train: Epoch 19, 1750 / 2500] FPS: 10.0 (12.0)  ,  DataTime: 0.391 (0.002)  ,  ForwardTime: 0.209  ,  TotalTime: 0.602  ,  Loss/total: 0.66016  ,  Loss/giou: 0.17762  ,  Loss/l1: 0.01226  ,  Loss/location: 0.21789  ,  pro_loss: 0.12581  ,  IoU: 0.83558  ,  Loss/sim: 1.35885  ,  Loss/distill: 1.43846
[train: Epoch 19, 1800 / 2500] FPS: 10.0 (9.1)  ,  DataTime: 0.390 (0.002)  ,  ForwardTime: 0.209  ,  TotalTime: 0.602  ,  Loss/total: 0.66002  ,  Loss/giou: 0.17776  ,  Loss/l1: 0.01225  ,  Loss/location: 0.21753  ,  pro_loss: 0.12585  ,  IoU: 0.83541  ,  Loss/sim: 1.35979  ,  Loss/distill: 1.43887
[train: Epoch 19, 1850 / 2500] FPS: 10.0 (10.6)  ,  DataTime: 0.389 (0.002)  ,  ForwardTime: 0.209  ,  TotalTime: 0.601  ,  Loss/total: 0.65982  ,  Loss/giou: 0.17773  ,  Loss/l1: 0.01223  ,  Loss/location: 0.21748  ,  pro_loss: 0.12575  ,  IoU: 0.83538  ,  Loss/sim: 1.36094  ,  Loss/distill: 1.43895
[train: Epoch 19, 1900 / 2500] FPS: 10.0 (9.8)  ,  DataTime: 0.390 (0.002)  ,  ForwardTime: 0.209  ,  TotalTime: 0.602  ,  Loss/total: 0.65975  ,  Loss/giou: 0.17764  ,  Loss/l1: 0.01222  ,  Loss/location: 0.21762  ,  pro_loss: 0.12585  ,  IoU: 0.83547  ,  Loss/sim: 1.36071  ,  Loss/distill: 1.43868
[train: Epoch 19, 1950 / 2500] FPS: 10.0 (11.3)  ,  DataTime: 0.389 (0.002)  ,  ForwardTime: 0.209  ,  TotalTime: 0.601  ,  Loss/total: 0.65863  ,  Loss/giou: 0.17756  ,  Loss/l1: 0.01220  ,  Loss/location: 0.21672  ,  pro_loss: 0.12596  ,  IoU: 0.83554  ,  Loss/sim: 1.36086  ,  Loss/distill: 1.43876
[train: Epoch 19, 2000 / 2500] FPS: 10.0 (8.0)  ,  DataTime: 0.392 (0.002)  ,  ForwardTime: 0.209  ,  TotalTime: 0.603  ,  Loss/total: 0.65736  ,  Loss/giou: 0.17713  ,  Loss/l1: 0.01216  ,  Loss/location: 0.21653  ,  pro_loss: 0.12604  ,  IoU: 0.83589  ,  Loss/sim: 1.35901  ,  Loss/distill: 1.43779
[train: Epoch 19, 2050 / 2500] FPS: 10.0 (7.0)  ,  DataTime: 0.391 (0.002)  ,  ForwardTime: 0.209  ,  TotalTime: 0.602  ,  Loss/total: 0.65848  ,  Loss/giou: 0.17735  ,  Loss/l1: 0.01221  ,  Loss/location: 0.21698  ,  pro_loss: 0.12600  ,  IoU: 0.83575  ,  Loss/sim: 1.35862  ,  Loss/distill: 1.43749
[train: Epoch 19, 2100 / 2500] FPS: 10.0 (19.4)  ,  DataTime: 0.390 (0.002)  ,  ForwardTime: 0.209  ,  TotalTime: 0.602  ,  Loss/total: 0.65989  ,  Loss/giou: 0.17774  ,  Loss/l1: 0.01225  ,  Loss/location: 0.21745  ,  pro_loss: 0.12578  ,  IoU: 0.83545  ,  Loss/sim: 1.35872  ,  Loss/distill: 1.43739
[train: Epoch 19, 2150 / 2500] FPS: 10.0 (11.8)  ,  DataTime: 0.390 (0.002)  ,  ForwardTime: 0.209  ,  TotalTime: 0.601  ,  Loss/total: 0.65923  ,  Loss/giou: 0.17753  ,  Loss/l1: 0.01223  ,  Loss/location: 0.21726  ,  pro_loss: 0.12593  ,  IoU: 0.83564  ,  Loss/sim: 1.35854  ,  Loss/distill: 1.43730
[train: Epoch 19, 2200 / 2500] FPS: 10.0 (10.3)  ,  DataTime: 0.390 (0.002)  ,  ForwardTime: 0.209  ,  TotalTime: 0.601  ,  Loss/total: 0.66048  ,  Loss/giou: 0.17788  ,  Loss/l1: 0.01225  ,  Loss/location: 0.21773  ,  pro_loss: 0.12577  ,  IoU: 0.83532  ,  Loss/sim: 1.35901  ,  Loss/distill: 1.43720
[train: Epoch 19, 2250 / 2500] FPS: 10.0 (7.9)  ,  DataTime: 0.389 (0.002)  ,  ForwardTime: 0.209  ,  TotalTime: 0.601  ,  Loss/total: 0.66051  ,  Loss/giou: 0.17789  ,  Loss/l1: 0.01226  ,  Loss/location: 0.21769  ,  pro_loss: 0.12583  ,  IoU: 0.83534  ,  Loss/sim: 1.35885  ,  Loss/distill: 1.43701
[train: Epoch 19, 2300 / 2500] FPS: 10.0 (10.4)  ,  DataTime: 0.389 (0.002)  ,  ForwardTime: 0.209  ,  TotalTime: 0.600  ,  Loss/total: 0.66196  ,  Loss/giou: 0.17831  ,  Loss/l1: 0.01233  ,  Loss/location: 0.21798  ,  pro_loss: 0.12582  ,  IoU: 0.83508  ,  Loss/sim: 1.35931  ,  Loss/distill: 1.43715
[train: Epoch 19, 2350 / 2500] FPS: 10.0 (10.5)  ,  DataTime: 0.389 (0.002)  ,  ForwardTime: 0.209  ,  TotalTime: 0.601  ,  Loss/total: 0.66213  ,  Loss/giou: 0.17825  ,  Loss/l1: 0.01232  ,  Loss/location: 0.21831  ,  pro_loss: 0.12573  ,  IoU: 0.83510  ,  Loss/sim: 1.35891  ,  Loss/distill: 1.43661
[train: Epoch 19, 2400 / 2500] FPS: 10.0 (11.5)  ,  DataTime: 0.389 (0.002)  ,  ForwardTime: 0.209  ,  TotalTime: 0.601  ,  Loss/total: 0.66189  ,  Loss/giou: 0.17815  ,  Loss/l1: 0.01230  ,  Loss/location: 0.21837  ,  pro_loss: 0.12590  ,  IoU: 0.83514  ,  Loss/sim: 1.35772  ,  Loss/distill: 1.43628
[train: Epoch 19, 2450 / 2500] FPS: 10.0 (10.8)  ,  DataTime: 0.389 (0.002)  ,  ForwardTime: 0.209  ,  TotalTime: 0.600  ,  Loss/total: 0.66215  ,  Loss/giou: 0.17814  ,  Loss/l1: 0.01230  ,  Loss/location: 0.21862  ,  pro_loss: 0.12582  ,  IoU: 0.83515  ,  Loss/sim: 1.35737  ,  Loss/distill: 1.43576
[train: Epoch 19, 2500 / 2500] FPS: 10.0 (10.9)  ,  DataTime: 0.388 (0.002)  ,  ForwardTime: 0.209  ,  TotalTime: 0.600  ,  Loss/total: 0.66245  ,  Loss/giou: 0.17827  ,  Loss/l1: 0.01232  ,  Loss/location: 0.21856  ,  pro_loss: 0.12590  ,  IoU: 0.83504  ,  Loss/sim: 1.35693  ,  Loss/distill: 1.43548
[train: Epoch 20, 50 / 2500] FPS: 10.0 (10.4)  ,  DataTime: 0.391 (0.002)  ,  ForwardTime: 0.208  ,  TotalTime: 0.601  ,  Loss/total: 0.63324  ,  Loss/giou: 0.16742  ,  Loss/l1: 0.01127  ,  Loss/location: 0.21914  ,  pro_loss: 0.11167  ,  IoU: 0.84293  ,  Loss/sim: 1.33094  ,  Loss/distill: 1.40970
[train: Epoch 20, 100 / 2500] FPS: 10.1 (10.5)  ,  DataTime: 0.385 (0.002)  ,  ForwardTime: 0.209  ,  TotalTime: 0.596  ,  Loss/total: 0.65906  ,  Loss/giou: 0.17488  ,  Loss/l1: 0.01206  ,  Loss/location: 0.22583  ,  pro_loss: 0.11319  ,  IoU: 0.83756  ,  Loss/sim: 1.34249  ,  Loss/distill: 1.41396
[train: Epoch 20, 150 / 2500] FPS: 9.8 (10.2)  ,  DataTime: 0.401 (0.002)  ,  ForwardTime: 0.209  ,  TotalTime: 0.612  ,  Loss/total: 0.67131  ,  Loss/giou: 0.17834  ,  Loss/l1: 0.01240  ,  Loss/location: 0.22826  ,  pro_loss: 0.11898  ,  IoU: 0.83515  ,  Loss/sim: 1.33925  ,  Loss/distill: 1.41109
[train: Epoch 20, 200 / 2500] FPS: 10.0 (13.0)  ,  DataTime: 0.388 (0.002)  ,  ForwardTime: 0.209  ,  TotalTime: 0.599  ,  Loss/total: 0.65980  ,  Loss/giou: 0.17539  ,  Loss/l1: 0.01226  ,  Loss/location: 0.22272  ,  pro_loss: 0.12229  ,  IoU: 0.83779  ,  Loss/sim: 1.33711  ,  Loss/distill: 1.41411
[train: Epoch 20, 250 / 2500] FPS: 10.0 (12.3)  ,  DataTime: 0.391 (0.002)  ,  ForwardTime: 0.209  ,  TotalTime: 0.602  ,  Loss/total: 0.65889  ,  Loss/giou: 0.17615  ,  Loss/l1: 0.01235  ,  Loss/location: 0.21998  ,  pro_loss: 0.12167  ,  IoU: 0.83730  ,  Loss/sim: 1.34134  ,  Loss/distill: 1.40964
[train: Epoch 20, 300 / 2500] FPS: 10.1 (16.6)  ,  DataTime: 0.381 (0.002)  ,  ForwardTime: 0.209  ,  TotalTime: 0.592  ,  Loss/total: 0.65200  ,  Loss/giou: 0.17471  ,  Loss/l1: 0.01210  ,  Loss/location: 0.21718  ,  pro_loss: 0.12167  ,  IoU: 0.83824  ,  Loss/sim: 1.34102  ,  Loss/distill: 1.40894
[train: Epoch 20, 350 / 2500] FPS: 10.2 (10.1)  ,  DataTime: 0.379 (0.002)  ,  ForwardTime: 0.209  ,  TotalTime: 0.589  ,  Loss/total: 0.64323  ,  Loss/giou: 0.17263  ,  Loss/l1: 0.01182  ,  Loss/location: 0.21379  ,  pro_loss: 0.12270  ,  IoU: 0.83971  ,  Loss/sim: 1.33877  ,  Loss/distill: 1.40793
[train: Epoch 20, 400 / 2500] FPS: 10.2 (9.7)  ,  DataTime: 0.377 (0.002)  ,  ForwardTime: 0.209  ,  TotalTime: 0.588  ,  Loss/total: 0.64134  ,  Loss/giou: 0.17248  ,  Loss/l1: 0.01172  ,  Loss/location: 0.21268  ,  pro_loss: 0.12274  ,  IoU: 0.83967  ,  Loss/sim: 1.34458  ,  Loss/distill: 1.41305
[train: Epoch 20, 450 / 2500] FPS: 10.2 (9.1)  ,  DataTime: 0.379 (0.002)  ,  ForwardTime: 0.209  ,  TotalTime: 0.590  ,  Loss/total: 0.64168  ,  Loss/giou: 0.17238  ,  Loss/l1: 0.01172  ,  Loss/location: 0.21295  ,  pro_loss: 0.12407  ,  IoU: 0.83967  ,  Loss/sim: 1.34900  ,  Loss/distill: 1.41511
[train: Epoch 20, 500 / 2500] FPS: 10.2 (7.3)  ,  DataTime: 0.376 (0.002)  ,  ForwardTime: 0.209  ,  TotalTime: 0.587  ,  Loss/total: 0.64055  ,  Loss/giou: 0.17202  ,  Loss/l1: 0.01160  ,  Loss/location: 0.21309  ,  pro_loss: 0.12425  ,  IoU: 0.83975  ,  Loss/sim: 1.35482  ,  Loss/distill: 1.41805
[train: Epoch 20, 550 / 2500] FPS: 10.2 (17.4)  ,  DataTime: 0.378 (0.002)  ,  ForwardTime: 0.209  ,  TotalTime: 0.588  ,  Loss/total: 0.64093  ,  Loss/giou: 0.17154  ,  Loss/l1: 0.01150  ,  Loss/location: 0.21501  ,  pro_loss: 0.12401  ,  IoU: 0.83992  ,  Loss/sim: 1.35604  ,  Loss/distill: 1.41682
[train: Epoch 20, 600 / 2500] FPS: 10.2 (10.3)  ,  DataTime: 0.379 (0.002)  ,  ForwardTime: 0.209  ,  TotalTime: 0.590  ,  Loss/total: 0.64151  ,  Loss/giou: 0.17173  ,  Loss/l1: 0.01151  ,  Loss/location: 0.21521  ,  pro_loss: 0.12361  ,  IoU: 0.83968  ,  Loss/sim: 1.35426  ,  Loss/distill: 1.41473
[train: Epoch 20, 650 / 2500] FPS: 10.2 (10.1)  ,  DataTime: 0.375 (0.002)  ,  ForwardTime: 0.209  ,  TotalTime: 0.586  ,  Loss/total: 0.63864  ,  Loss/giou: 0.17137  ,  Loss/l1: 0.01150  ,  Loss/location: 0.21301  ,  pro_loss: 0.12408  ,  IoU: 0.84008  ,  Loss/sim: 1.35429  ,  Loss/distill: 1.41359
[train: Epoch 20, 700 / 2500] FPS: 10.2 (16.0)  ,  DataTime: 0.375 (0.002)  ,  ForwardTime: 0.209  ,  TotalTime: 0.585  ,  Loss/total: 0.64535  ,  Loss/giou: 0.17318  ,  Loss/l1: 0.01179  ,  Loss/location: 0.21471  ,  pro_loss: 0.12393  ,  IoU: 0.83876  ,  Loss/sim: 1.35762  ,  Loss/distill: 1.41713
[train: Epoch 20, 750 / 2500] FPS: 10.3 (17.0)  ,  DataTime: 0.372 (0.002)  ,  ForwardTime: 0.209  ,  TotalTime: 0.583  ,  Loss/total: 0.64752  ,  Loss/giou: 0.17378  ,  Loss/l1: 0.01186  ,  Loss/location: 0.21516  ,  pro_loss: 0.12465  ,  IoU: 0.83826  ,  Loss/sim: 1.35804  ,  Loss/distill: 1.41698
[train: Epoch 20, 800 / 2500] FPS: 10.3 (13.3)  ,  DataTime: 0.371 (0.002)  ,  ForwardTime: 0.209  ,  TotalTime: 0.582  ,  Loss/total: 0.64732  ,  Loss/giou: 0.17380  ,  Loss/l1: 0.01185  ,  Loss/location: 0.21486  ,  pro_loss: 0.12514  ,  IoU: 0.83820  ,  Loss/sim: 1.35790  ,  Loss/distill: 1.41754
[train: Epoch 20, 850 / 2500] FPS: 10.4 (12.0)  ,  DataTime: 0.369 (0.002)  ,  ForwardTime: 0.209  ,  TotalTime: 0.579  ,  Loss/total: 0.64735  ,  Loss/giou: 0.17412  ,  Loss/l1: 0.01188  ,  Loss/location: 0.21414  ,  pro_loss: 0.12498  ,  IoU: 0.83802  ,  Loss/sim: 1.35799  ,  Loss/distill: 1.41713
[train: Epoch 20, 900 / 2500] FPS: 10.4 (12.2)  ,  DataTime: 0.366 (0.002)  ,  ForwardTime: 0.209  ,  TotalTime: 0.577  ,  Loss/total: 0.64750  ,  Loss/giou: 0.17453  ,  Loss/l1: 0.01190  ,  Loss/location: 0.21340  ,  pro_loss: 0.12494  ,  IoU: 0.83773  ,  Loss/sim: 1.35983  ,  Loss/distill: 1.41803
[train: Epoch 20, 950 / 2500] FPS: 10.4 (11.5)  ,  DataTime: 0.367 (0.002)  ,  ForwardTime: 0.209  ,  TotalTime: 0.578  ,  Loss/total: 0.64919  ,  Loss/giou: 0.17490  ,  Loss/l1: 0.01197  ,  Loss/location: 0.21395  ,  pro_loss: 0.12519  ,  IoU: 0.83747  ,  Loss/sim: 1.35987  ,  Loss/distill: 1.41936
[train: Epoch 20, 1000 / 2500] FPS: 10.3 (11.8)  ,  DataTime: 0.370 (0.002)  ,  ForwardTime: 0.209  ,  TotalTime: 0.581  ,  Loss/total: 0.64892  ,  Loss/giou: 0.17479  ,  Loss/l1: 0.01195  ,  Loss/location: 0.21398  ,  pro_loss: 0.12519  ,  IoU: 0.83762  ,  Loss/sim: 1.35870  ,  Loss/distill: 1.41949
[train: Epoch 20, 1050 / 2500] FPS: 10.3 (9.3)  ,  DataTime: 0.369 (0.002)  ,  ForwardTime: 0.209  ,  TotalTime: 0.580  ,  Loss/total: 0.64858  ,  Loss/giou: 0.17477  ,  Loss/l1: 0.01196  ,  Loss/location: 0.21368  ,  pro_loss: 0.12509  ,  IoU: 0.83767  ,  Loss/sim: 1.35850  ,  Loss/distill: 1.42025
[train: Epoch 20, 1100 / 2500] FPS: 10.4 (8.8)  ,  DataTime: 0.368 (0.002)  ,  ForwardTime: 0.209  ,  TotalTime: 0.579  ,  Loss/total: 0.65020  ,  Loss/giou: 0.17525  ,  Loss/l1: 0.01202  ,  Loss/location: 0.21400  ,  pro_loss: 0.12530  ,  IoU: 0.83729  ,  Loss/sim: 1.35903  ,  Loss/distill: 1.41924
[train: Epoch 20, 1150 / 2500] FPS: 10.4 (8.0)  ,  DataTime: 0.369 (0.002)  ,  ForwardTime: 0.209  ,  TotalTime: 0.580  ,  Loss/total: 0.65109  ,  Loss/giou: 0.17537  ,  Loss/l1: 0.01204  ,  Loss/location: 0.21457  ,  pro_loss: 0.12521  ,  IoU: 0.83718  ,  Loss/sim: 1.35891  ,  Loss/distill: 1.41823
[train: Epoch 20, 1200 / 2500] FPS: 10.4 (12.0)  ,  DataTime: 0.368 (0.002)  ,  ForwardTime: 0.209  ,  TotalTime: 0.579  ,  Loss/total: 0.65387  ,  Loss/giou: 0.17611  ,  Loss/l1: 0.01212  ,  Loss/location: 0.21545  ,  pro_loss: 0.12539  ,  IoU: 0.83665  ,  Loss/sim: 1.35909  ,  Loss/distill: 1.41850
[train: Epoch 20, 1250 / 2500] FPS: 10.3 (7.4)  ,  DataTime: 0.370 (0.002)  ,  ForwardTime: 0.209  ,  TotalTime: 0.580  ,  Loss/total: 0.65120  ,  Loss/giou: 0.17552  ,  Loss/l1: 0.01201  ,  Loss/location: 0.21442  ,  pro_loss: 0.12560  ,  IoU: 0.83709  ,  Loss/sim: 1.35741  ,  Loss/distill: 1.41762
[train: Epoch 20, 1300 / 2500] FPS: 10.3 (10.4)  ,  DataTime: 0.369 (0.002)  ,  ForwardTime: 0.209  ,  TotalTime: 0.580  ,  Loss/total: 0.65252  ,  Loss/giou: 0.17596  ,  Loss/l1: 0.01206  ,  Loss/location: 0.21459  ,  pro_loss: 0.12588  ,  IoU: 0.83671  ,  Loss/sim: 1.35741  ,  Loss/distill: 1.41733
[train: Epoch 20, 1350 / 2500] FPS: 10.3 (11.9)  ,  DataTime: 0.370 (0.002)  ,  ForwardTime: 0.209  ,  TotalTime: 0.581  ,  Loss/total: 0.65254  ,  Loss/giou: 0.17610  ,  Loss/l1: 0.01207  ,  Loss/location: 0.21418  ,  pro_loss: 0.12610  ,  IoU: 0.83669  ,  Loss/sim: 1.35810  ,  Loss/distill: 1.41716
[train: Epoch 20, 1400 / 2500] FPS: 10.4 (10.3)  ,  DataTime: 0.369 (0.002)  ,  ForwardTime: 0.209  ,  TotalTime: 0.580  ,  Loss/total: 0.65077  ,  Loss/giou: 0.17576  ,  Loss/l1: 0.01202  ,  Loss/location: 0.21338  ,  pro_loss: 0.12607  ,  IoU: 0.83695  ,  Loss/sim: 1.35746  ,  Loss/distill: 1.41638
[train: Epoch 20, 1450 / 2500] FPS: 10.4 (10.7)  ,  DataTime: 0.369 (0.002)  ,  ForwardTime: 0.209  ,  TotalTime: 0.579  ,  Loss/total: 0.65205  ,  Loss/giou: 0.17613  ,  Loss/l1: 0.01205  ,  Loss/location: 0.21377  ,  pro_loss: 0.12615  ,  IoU: 0.83665  ,  Loss/sim: 1.35771  ,  Loss/distill: 1.41653
[train: Epoch 20, 1500 / 2500] FPS: 10.4 (7.8)  ,  DataTime: 0.368 (0.002)  ,  ForwardTime: 0.209  ,  TotalTime: 0.579  ,  Loss/total: 0.64992  ,  Loss/giou: 0.17567  ,  Loss/l1: 0.01199  ,  Loss/location: 0.21288  ,  pro_loss: 0.12597  ,  IoU: 0.83701  ,  Loss/sim: 1.35825  ,  Loss/distill: 1.41656
[train: Epoch 20, 1550 / 2500] FPS: 10.4 (12.3)  ,  DataTime: 0.368 (0.002)  ,  ForwardTime: 0.209  ,  TotalTime: 0.579  ,  Loss/total: 0.64904  ,  Loss/giou: 0.17545  ,  Loss/l1: 0.01196  ,  Loss/location: 0.21260  ,  pro_loss: 0.12595  ,  IoU: 0.83717  ,  Loss/sim: 1.35776  ,  Loss/distill: 1.41590
[train: Epoch 20, 1600 / 2500] FPS: 10.3 (13.0)  ,  DataTime: 0.369 (0.002)  ,  ForwardTime: 0.209  ,  TotalTime: 0.580  ,  Loss/total: 0.65160  ,  Loss/giou: 0.17598  ,  Loss/l1: 0.01202  ,  Loss/location: 0.21382  ,  pro_loss: 0.12582  ,  IoU: 0.83673  ,  Loss/sim: 1.35849  ,  Loss/distill: 1.41576
[train: Epoch 20, 1650 / 2500] FPS: 10.4 (11.1)  ,  DataTime: 0.369 (0.002)  ,  ForwardTime: 0.209  ,  TotalTime: 0.580  ,  Loss/total: 0.65239  ,  Loss/giou: 0.17615  ,  Loss/l1: 0.01208  ,  Loss/location: 0.21400  ,  pro_loss: 0.12571  ,  IoU: 0.83666  ,  Loss/sim: 1.35889  ,  Loss/distill: 1.41563
[train: Epoch 20, 1700 / 2500] FPS: 10.4 (8.7)  ,  DataTime: 0.369 (0.002)  ,  ForwardTime: 0.209  ,  TotalTime: 0.579  ,  Loss/total: 0.65380  ,  Loss/giou: 0.17646  ,  Loss/l1: 0.01213  ,  Loss/location: 0.21450  ,  pro_loss: 0.12577  ,  IoU: 0.83644  ,  Loss/sim: 1.35924  ,  Loss/distill: 1.41598
[train: Epoch 20, 1750 / 2500] FPS: 10.3 (9.7)  ,  DataTime: 0.370 (0.002)  ,  ForwardTime: 0.209  ,  TotalTime: 0.580  ,  Loss/total: 0.65605  ,  Loss/giou: 0.17700  ,  Loss/l1: 0.01218  ,  Loss/location: 0.21538  ,  pro_loss: 0.12597  ,  IoU: 0.83601  ,  Loss/sim: 1.35992  ,  Loss/distill: 1.41605
[train: Epoch 20, 1800 / 2500] FPS: 10.3 (13.9)  ,  DataTime: 0.370 (0.002)  ,  ForwardTime: 0.209  ,  TotalTime: 0.581  ,  Loss/total: 0.65714  ,  Loss/giou: 0.17710  ,  Loss/l1: 0.01220  ,  Loss/location: 0.21618  ,  pro_loss: 0.12599  ,  IoU: 0.83592  ,  Loss/sim: 1.35977  ,  Loss/distill: 1.41591
[train: Epoch 20, 1850 / 2500] FPS: 10.3 (16.4)  ,  DataTime: 0.371 (0.002)  ,  ForwardTime: 0.209  ,  TotalTime: 0.582  ,  Loss/total: 0.65629  ,  Loss/giou: 0.17693  ,  Loss/l1: 0.01217  ,  Loss/location: 0.21584  ,  pro_loss: 0.12598  ,  IoU: 0.83604  ,  Loss/sim: 1.35923  ,  Loss/distill: 1.41574
[train: Epoch 20, 1900 / 2500] FPS: 10.3 (10.9)  ,  DataTime: 0.371 (0.002)  ,  ForwardTime: 0.209  ,  TotalTime: 0.582  ,  Loss/total: 0.65659  ,  Loss/giou: 0.17693  ,  Loss/l1: 0.01217  ,  Loss/location: 0.21610  ,  pro_loss: 0.12609  ,  IoU: 0.83599  ,  Loss/sim: 1.35871  ,  Loss/distill: 1.41557
[train: Epoch 20, 1950 / 2500] FPS: 10.3 (18.0)  ,  DataTime: 0.371 (0.002)  ,  ForwardTime: 0.209  ,  TotalTime: 0.582  ,  Loss/total: 0.65631  ,  Loss/giou: 0.17678  ,  Loss/l1: 0.01214  ,  Loss/location: 0.21620  ,  pro_loss: 0.12632  ,  IoU: 0.83606  ,  Loss/sim: 1.35724  ,  Loss/distill: 1.41512
[train: Epoch 20, 2000 / 2500] FPS: 10.3 (14.0)  ,  DataTime: 0.372 (0.002)  ,  ForwardTime: 0.209  ,  TotalTime: 0.583  ,  Loss/total: 0.65671  ,  Loss/giou: 0.17688  ,  Loss/l1: 0.01217  ,  Loss/location: 0.21631  ,  pro_loss: 0.12616  ,  IoU: 0.83600  ,  Loss/sim: 1.35611  ,  Loss/distill: 1.41406
[train: Epoch 20, 2050 / 2500] FPS: 10.3 (10.4)  ,  DataTime: 0.373 (0.002)  ,  ForwardTime: 0.209  ,  TotalTime: 0.583  ,  Loss/total: 0.65608  ,  Loss/giou: 0.17667  ,  Loss/l1: 0.01214  ,  Loss/location: 0.21619  ,  pro_loss: 0.12629  ,  IoU: 0.83615  ,  Loss/sim: 1.35596  ,  Loss/distill: 1.41400
[train: Epoch 20, 2100 / 2500] FPS: 10.3 (13.1)  ,  DataTime: 0.372 (0.002)  ,  ForwardTime: 0.209  ,  TotalTime: 0.583  ,  Loss/total: 0.65451  ,  Loss/giou: 0.17624  ,  Loss/l1: 0.01209  ,  Loss/location: 0.21583  ,  pro_loss: 0.12607  ,  IoU: 0.83648  ,  Loss/sim: 1.35534  ,  Loss/distill: 1.41363
[train: Epoch 20, 2150 / 2500] FPS: 10.3 (9.0)  ,  DataTime: 0.373 (0.002)  ,  ForwardTime: 0.209  ,  TotalTime: 0.583  ,  Loss/total: 0.65366  ,  Loss/giou: 0.17599  ,  Loss/l1: 0.01206  ,  Loss/location: 0.21568  ,  pro_loss: 0.12578  ,  IoU: 0.83667  ,  Loss/sim: 1.35568  ,  Loss/distill: 1.41338
[train: Epoch 20, 2200 / 2500] FPS: 10.3 (12.6)  ,  DataTime: 0.372 (0.002)  ,  ForwardTime: 0.209  ,  TotalTime: 0.583  ,  Loss/total: 0.65332  ,  Loss/giou: 0.17592  ,  Loss/l1: 0.01206  ,  Loss/location: 0.21549  ,  pro_loss: 0.12576  ,  IoU: 0.83675  ,  Loss/sim: 1.35589  ,  Loss/distill: 1.41368
[train: Epoch 20, 2250 / 2500] FPS: 10.3 (10.5)  ,  DataTime: 0.372 (0.002)  ,  ForwardTime: 0.209  ,  TotalTime: 0.583  ,  Loss/total: 0.65397  ,  Loss/giou: 0.17610  ,  Loss/l1: 0.01208  ,  Loss/location: 0.21571  ,  pro_loss: 0.12560  ,  IoU: 0.83660  ,  Loss/sim: 1.35591  ,  Loss/distill: 1.41353
[train: Epoch 20, 2300 / 2500] FPS: 10.3 (9.3)  ,  DataTime: 0.372 (0.002)  ,  ForwardTime: 0.209  ,  TotalTime: 0.583  ,  Loss/total: 0.65322  ,  Loss/giou: 0.17588  ,  Loss/l1: 0.01206  ,  Loss/location: 0.21542  ,  pro_loss: 0.12577  ,  IoU: 0.83677  ,  Loss/sim: 1.35602  ,  Loss/distill: 1.41341
[train: Epoch 20, 2350 / 2500] FPS: 10.3 (8.5)  ,  DataTime: 0.374 (0.002)  ,  ForwardTime: 0.209  ,  TotalTime: 0.584  ,  Loss/total: 0.65413  ,  Loss/giou: 0.17612  ,  Loss/l1: 0.01212  ,  Loss/location: 0.21558  ,  pro_loss: 0.12584  ,  IoU: 0.83660  ,  Loss/sim: 1.35622  ,  Loss/distill: 1.41370
[train: Epoch 20, 2400 / 2500] FPS: 10.3 (11.1)  ,  DataTime: 0.373 (0.002)  ,  ForwardTime: 0.209  ,  TotalTime: 0.584  ,  Loss/total: 0.65316  ,  Loss/giou: 0.17590  ,  Loss/l1: 0.01208  ,  Loss/location: 0.21523  ,  pro_loss: 0.12579  ,  IoU: 0.83677  ,  Loss/sim: 1.35634  ,  Loss/distill: 1.41390
[train: Epoch 20, 2450 / 2500] FPS: 10.3 (7.7)  ,  DataTime: 0.373 (0.002)  ,  ForwardTime: 0.209  ,  TotalTime: 0.584  ,  Loss/total: 0.65238  ,  Loss/giou: 0.17569  ,  Loss/l1: 0.01205  ,  Loss/location: 0.21503  ,  pro_loss: 0.12580  ,  IoU: 0.83690  ,  Loss/sim: 1.35660  ,  Loss/distill: 1.41373
[train: Epoch 20, 2500 / 2500] FPS: 10.2 (11.0)  ,  DataTime: 0.375 (0.002)  ,  ForwardTime: 0.209  ,  TotalTime: 0.586  ,  Loss/total: 0.65113  ,  Loss/giou: 0.17542  ,  Loss/l1: 0.01201  ,  Loss/location: 0.21452  ,  pro_loss: 0.12577  ,  IoU: 0.83712  ,  Loss/sim: 1.35632  ,  Loss/distill: 1.41357
[val: Epoch 20, 50 / 416] FPS: 8.6 (9.8)  ,  DataTime: 0.567 (0.002)  ,  ForwardTime: 0.127  ,  TotalTime: 0.696  ,  Loss/total: 0.77177  ,  Loss/giou: 0.20321  ,  Loss/l1: 0.01576  ,  Loss/location: 0.28617  ,  pro_loss: 0.00056  ,  IoU: 0.81405  ,  Loss/sim: 0.00000  ,  Loss/distill: 1.36034
[val: Epoch 20, 100 / 416] FPS: 8.6 (9.0)  ,  DataTime: 0.573 (0.002)  ,  ForwardTime: 0.127  ,  TotalTime: 0.701  ,  Loss/total: 0.77397  ,  Loss/giou: 0.20498  ,  Loss/l1: 0.01555  ,  Loss/location: 0.28593  ,  pro_loss: 0.00028  ,  IoU: 0.81156  ,  Loss/sim: 0.00000  ,  Loss/distill: 1.37172
[val: Epoch 20, 150 / 416] FPS: 8.7 (11.7)  ,  DataTime: 0.560 (0.002)  ,  ForwardTime: 0.127  ,  TotalTime: 0.688  ,  Loss/total: 0.79200  ,  Loss/giou: 0.20798  ,  Loss/l1: 0.01631  ,  Loss/location: 0.29416  ,  pro_loss: 0.00028  ,  IoU: 0.81010  ,  Loss/sim: 0.00000  ,  Loss/distill: 1.36592
[val: Epoch 20, 200 / 416] FPS: 8.9 (8.4)  ,  DataTime: 0.547 (0.002)  ,  ForwardTime: 0.127  ,  TotalTime: 0.676  ,  Loss/total: 0.80367  ,  Loss/giou: 0.21148  ,  Loss/l1: 0.01677  ,  Loss/location: 0.29649  ,  pro_loss: 0.00042  ,  IoU: 0.80760  ,  Loss/sim: 0.00000  ,  Loss/distill: 1.36751
[val: Epoch 20, 250 / 416] FPS: 8.9 (9.4)  ,  DataTime: 0.545 (0.002)  ,  ForwardTime: 0.127  ,  TotalTime: 0.674  ,  Loss/total: 0.80021  ,  Loss/giou: 0.21076  ,  Loss/l1: 0.01637  ,  Loss/location: 0.29644  ,  pro_loss: 0.00050  ,  IoU: 0.80776  ,  Loss/sim: 0.00000  ,  Loss/distill: 1.36856
[val: Epoch 20, 300 / 416] FPS: 8.9 (12.0)  ,  DataTime: 0.543 (0.002)  ,  ForwardTime: 0.127  ,  TotalTime: 0.672  ,  Loss/total: 0.78846  ,  Loss/giou: 0.20803  ,  Loss/l1: 0.01593  ,  Loss/location: 0.29236  ,  pro_loss: 0.00056  ,  IoU: 0.80952  ,  Loss/sim: 0.00000  ,  Loss/distill: 1.36872
[val: Epoch 20, 350 / 416] FPS: 9.0 (8.9)  ,  DataTime: 0.539 (0.002)  ,  ForwardTime: 0.127  ,  TotalTime: 0.668  ,  Loss/total: 0.79726  ,  Loss/giou: 0.20998  ,  Loss/l1: 0.01612  ,  Loss/location: 0.29631  ,  pro_loss: 0.00048  ,  IoU: 0.80791  ,  Loss/sim: 0.00000  ,  Loss/distill: 1.36842
[val: Epoch 20, 400 / 416] FPS: 8.9 (11.7)  ,  DataTime: 0.544 (0.002)  ,  ForwardTime: 0.127  ,  TotalTime: 0.673  ,  Loss/total: 0.81202  ,  Loss/giou: 0.21204  ,  Loss/l1: 0.01621  ,  Loss/location: 0.30651  ,  pro_loss: 0.00052  ,  IoU: 0.80592  ,  Loss/sim: 0.00000  ,  Loss/distill: 1.37012
[val: Epoch 20, 416 / 416] FPS: 8.9 (7.2)  ,  DataTime: 0.545 (0.002)  ,  ForwardTime: 0.127  ,  TotalTime: 0.674  ,  Loss/total: 0.80991  ,  Loss/giou: 0.21128  ,  Loss/l1: 0.01609  ,  Loss/location: 0.30649  ,  pro_loss: 0.00053  ,  IoU: 0.80642  ,  Loss/sim: 0.00000  ,  Loss/distill: 1.37038
[train: Epoch 21, 50 / 2500] FPS: 10.2 (9.8)  ,  DataTime: 0.377 (0.002)  ,  ForwardTime: 0.208  ,  TotalTime: 0.587  ,  Loss/total: 0.66031  ,  Loss/giou: 0.17676  ,  Loss/l1: 0.01255  ,  Loss/location: 0.21917  ,  pro_loss: 0.12167  ,  IoU: 0.83624  ,  Loss/sim: 1.38867  ,  Loss/distill: 1.41945
[train: Epoch 21, 100 / 2500] FPS: 10.2 (12.8)  ,  DataTime: 0.379 (0.002)  ,  ForwardTime: 0.209  ,  TotalTime: 0.590  ,  Loss/total: 0.65146  ,  Loss/giou: 0.17402  ,  Loss/l1: 0.01235  ,  Loss/location: 0.21557  ,  pro_loss: 0.12778  ,  IoU: 0.83884  ,  Loss/sim: 1.37429  ,  Loss/distill: 1.42015
[train: Epoch 21, 150 / 2500] FPS: 9.8 (11.4)  ,  DataTime: 0.402 (0.002)  ,  ForwardTime: 0.209  ,  TotalTime: 0.612  ,  Loss/total: 0.65815  ,  Loss/giou: 0.17621  ,  Loss/l1: 0.01267  ,  Loss/location: 0.21628  ,  pro_loss: 0.12769  ,  IoU: 0.83745  ,  Loss/sim: 1.35792  ,  Loss/distill: 1.40970
[train: Epoch 21, 200 / 2500] FPS: 9.9 (9.7)  ,  DataTime: 0.393 (0.002)  ,  ForwardTime: 0.213  ,  TotalTime: 0.608  ,  Loss/total: 0.67137  ,  Loss/giou: 0.17945  ,  Loss/l1: 0.01295  ,  Loss/location: 0.22160  ,  pro_loss: 0.12785  ,  IoU: 0.83476  ,  Loss/sim: 1.35708  ,  Loss/distill: 1.40574
[train: Epoch 21, 250 / 2500] FPS: 9.8 (11.7)  ,  DataTime: 0.400 (0.002)  ,  ForwardTime: 0.212  ,  TotalTime: 0.614  ,  Loss/total: 0.67148  ,  Loss/giou: 0.17932  ,  Loss/l1: 0.01299  ,  Loss/location: 0.22187  ,  pro_loss: 0.12744  ,  IoU: 0.83530  ,  Loss/sim: 1.34894  ,  Loss/distill: 1.40651
[train: Epoch 21, 300 / 2500] FPS: 9.9 (11.1)  ,  DataTime: 0.393 (0.002)  ,  ForwardTime: 0.212  ,  TotalTime: 0.607  ,  Loss/total: 0.68421  ,  Loss/giou: 0.18274  ,  Loss/l1: 0.01331  ,  Loss/location: 0.22645  ,  pro_loss: 0.12593  ,  IoU: 0.83269  ,  Loss/sim: 1.34372  ,  Loss/distill: 1.40257
[train: Epoch 21, 350 / 2500] FPS: 9.9 (11.6)  ,  DataTime: 0.393 (0.002)  ,  ForwardTime: 0.211  ,  TotalTime: 0.606  ,  Loss/total: 0.68324  ,  Loss/giou: 0.18176  ,  Loss/l1: 0.01313  ,  Loss/location: 0.22830  ,  pro_loss: 0.12599  ,  IoU: 0.83331  ,  Loss/sim: 1.34002  ,  Loss/distill: 1.40094
[train: Epoch 21, 400 / 2500] FPS: 9.9 (17.0)  ,  DataTime: 0.394 (0.002)  ,  ForwardTime: 0.211  ,  TotalTime: 0.607  ,  Loss/total: 0.68355  ,  Loss/giou: 0.18263  ,  Loss/l1: 0.01330  ,  Loss/location: 0.22609  ,  pro_loss: 0.12573  ,  IoU: 0.83301  ,  Loss/sim: 1.33822  ,  Loss/distill: 1.40091
[train: Epoch 21, 450 / 2500] FPS: 9.9 (12.8)  ,  DataTime: 0.392 (0.002)  ,  ForwardTime: 0.211  ,  TotalTime: 0.605  ,  Loss/total: 0.68640  ,  Loss/giou: 0.18349  ,  Loss/l1: 0.01331  ,  Loss/location: 0.22729  ,  pro_loss: 0.12509  ,  IoU: 0.83209  ,  Loss/sim: 1.33895  ,  Loss/distill: 1.40201
[train: Epoch 21, 500 / 2500] FPS: 9.9 (12.1)  ,  DataTime: 0.394 (0.002)  ,  ForwardTime: 0.211  ,  TotalTime: 0.607  ,  Loss/total: 0.68240  ,  Loss/giou: 0.18245  ,  Loss/l1: 0.01314  ,  Loss/location: 0.22632  ,  pro_loss: 0.12467  ,  IoU: 0.83267  ,  Loss/sim: 1.33868  ,  Loss/distill: 1.40245
[train: Epoch 21, 550 / 2500] FPS: 9.9 (5.5)  ,  DataTime: 0.395 (0.002)  ,  ForwardTime: 0.210  ,  TotalTime: 0.607  ,  Loss/total: 0.67774  ,  Loss/giou: 0.18101  ,  Loss/l1: 0.01292  ,  Loss/location: 0.22555  ,  pro_loss: 0.12513  ,  IoU: 0.83357  ,  Loss/sim: 1.33733  ,  Loss/distill: 1.40140
[train: Epoch 21, 600 / 2500] FPS: 9.9 (12.8)  ,  DataTime: 0.391 (0.002)  ,  ForwardTime: 0.210  ,  TotalTime: 0.603  ,  Loss/total: 0.67672  ,  Loss/giou: 0.18075  ,  Loss/l1: 0.01288  ,  Loss/location: 0.22541  ,  pro_loss: 0.12438  ,  IoU: 0.83364  ,  Loss/sim: 1.34071  ,  Loss/distill: 1.40270
[train: Epoch 21, 650 / 2500] FPS: 9.9 (13.1)  ,  DataTime: 0.391 (0.002)  ,  ForwardTime: 0.210  ,  TotalTime: 0.603  ,  Loss/total: 0.67271  ,  Loss/giou: 0.17990  ,  Loss/l1: 0.01277  ,  Loss/location: 0.22360  ,  pro_loss: 0.12453  ,  IoU: 0.83424  ,  Loss/sim: 1.34093  ,  Loss/distill: 1.40134
[train: Epoch 21, 700 / 2500] FPS: 10.0 (10.3)  ,  DataTime: 0.390 (0.002)  ,  ForwardTime: 0.210  ,  TotalTime: 0.603  ,  Loss/total: 0.67030  ,  Loss/giou: 0.17949  ,  Loss/l1: 0.01265  ,  Loss/location: 0.22278  ,  pro_loss: 0.12359  ,  IoU: 0.83436  ,  Loss/sim: 1.33789  ,  Loss/distill: 1.39876
[train: Epoch 21, 750 / 2500] FPS: 10.0 (15.3)  ,  DataTime: 0.388 (0.002)  ,  ForwardTime: 0.210  ,  TotalTime: 0.600  ,  Loss/total: 0.67313  ,  Loss/giou: 0.18005  ,  Loss/l1: 0.01280  ,  Loss/location: 0.22385  ,  pro_loss: 0.12321  ,  IoU: 0.83396  ,  Loss/sim: 1.33985  ,  Loss/distill: 1.40043
[train: Epoch 21, 800 / 2500] FPS: 10.0 (9.3)  ,  DataTime: 0.386 (0.002)  ,  ForwardTime: 0.210  ,  TotalTime: 0.598  ,  Loss/total: 0.67433  ,  Loss/giou: 0.18034  ,  Loss/l1: 0.01284  ,  Loss/location: 0.22425  ,  pro_loss: 0.12335  ,  IoU: 0.83382  ,  Loss/sim: 1.34233  ,  Loss/distill: 1.40106
[train: Epoch 21, 850 / 2500] FPS: 10.0 (11.6)  ,  DataTime: 0.385 (0.002)  ,  ForwardTime: 0.210  ,  TotalTime: 0.597  ,  Loss/total: 0.67320  ,  Loss/giou: 0.18037  ,  Loss/l1: 0.01283  ,  Loss/location: 0.22307  ,  pro_loss: 0.12347  ,  IoU: 0.83376  ,  Loss/sim: 1.34410  ,  Loss/distill: 1.40217
[train: Epoch 21, 900 / 2500] FPS: 10.1 (6.8)  ,  DataTime: 0.384 (0.002)  ,  ForwardTime: 0.210  ,  TotalTime: 0.596  ,  Loss/total: 0.67197  ,  Loss/giou: 0.18044  ,  Loss/l1: 0.01281  ,  Loss/location: 0.22181  ,  pro_loss: 0.12338  ,  IoU: 0.83375  ,  Loss/sim: 1.34398  ,  Loss/distill: 1.40134
[train: Epoch 21, 950 / 2500] FPS: 10.1 (11.9)  ,  DataTime: 0.383 (0.002)  ,  ForwardTime: 0.210  ,  TotalTime: 0.595  ,  Loss/total: 0.67352  ,  Loss/giou: 0.18081  ,  Loss/l1: 0.01286  ,  Loss/location: 0.22236  ,  pro_loss: 0.12334  ,  IoU: 0.83353  ,  Loss/sim: 1.34276  ,  Loss/distill: 1.40114
[train: Epoch 21, 1000 / 2500] FPS: 10.1 (13.1)  ,  DataTime: 0.382 (0.002)  ,  ForwardTime: 0.210  ,  TotalTime: 0.594  ,  Loss/total: 0.67478  ,  Loss/giou: 0.18128  ,  Loss/l1: 0.01289  ,  Loss/location: 0.22255  ,  pro_loss: 0.12336  ,  IoU: 0.83313  ,  Loss/sim: 1.34217  ,  Loss/distill: 1.40037
[train: Epoch 21, 1050 / 2500] FPS: 10.1 (11.0)  ,  DataTime: 0.382 (0.002)  ,  ForwardTime: 0.210  ,  TotalTime: 0.593  ,  Loss/total: 0.67242  ,  Loss/giou: 0.18098  ,  Loss/l1: 0.01283  ,  Loss/location: 0.22106  ,  pro_loss: 0.12348  ,  IoU: 0.83328  ,  Loss/sim: 1.34178  ,  Loss/distill: 1.39972
[train: Epoch 21, 1100 / 2500] FPS: 10.1 (9.2)  ,  DataTime: 0.381 (0.002)  ,  ForwardTime: 0.210  ,  TotalTime: 0.593  ,  Loss/total: 0.67422  ,  Loss/giou: 0.18132  ,  Loss/l1: 0.01290  ,  Loss/location: 0.22177  ,  pro_loss: 0.12370  ,  IoU: 0.83300  ,  Loss/sim: 1.34393  ,  Loss/distill: 1.40131
[train: Epoch 21, 1150 / 2500] FPS: 10.1 (12.3)  ,  DataTime: 0.380 (0.002)  ,  ForwardTime: 0.210  ,  TotalTime: 0.592  ,  Loss/total: 0.67164  ,  Loss/giou: 0.18075  ,  Loss/l1: 0.01280  ,  Loss/location: 0.22081  ,  pro_loss: 0.12388  ,  IoU: 0.83345  ,  Loss/sim: 1.34401  ,  Loss/distill: 1.40067
[train: Epoch 21, 1200 / 2500] FPS: 10.1 (8.8)  ,  DataTime: 0.380 (0.002)  ,  ForwardTime: 0.209  ,  TotalTime: 0.591  ,  Loss/total: 0.66964  ,  Loss/giou: 0.18019  ,  Loss/l1: 0.01274  ,  Loss/location: 0.22018  ,  pro_loss: 0.12406  ,  IoU: 0.83387  ,  Loss/sim: 1.34448  ,  Loss/distill: 1.40037
[train: Epoch 21, 1250 / 2500] FPS: 10.2 (14.5)  ,  DataTime: 0.379 (0.002)  ,  ForwardTime: 0.209  ,  TotalTime: 0.590  ,  Loss/total: 0.66710  ,  Loss/giou: 0.17948  ,  Loss/l1: 0.01265  ,  Loss/location: 0.21958  ,  pro_loss: 0.12395  ,  IoU: 0.83443  ,  Loss/sim: 1.34274  ,  Loss/distill: 1.39884
[train: Epoch 21, 1300 / 2500] FPS: 10.2 (11.2)  ,  DataTime: 0.379 (0.002)  ,  ForwardTime: 0.209  ,  TotalTime: 0.590  ,  Loss/total: 0.66791  ,  Loss/giou: 0.17970  ,  Loss/l1: 0.01270  ,  Loss/location: 0.21970  ,  pro_loss: 0.12382  ,  IoU: 0.83432  ,  Loss/sim: 1.34295  ,  Loss/distill: 1.39835
[train: Epoch 21, 1350 / 2500] FPS: 10.1 (15.6)  ,  DataTime: 0.380 (0.002)  ,  ForwardTime: 0.209  ,  TotalTime: 0.591  ,  Loss/total: 0.66708  ,  Loss/giou: 0.17967  ,  Loss/l1: 0.01268  ,  Loss/location: 0.21903  ,  pro_loss: 0.12372  ,  IoU: 0.83431  ,  Loss/sim: 1.34179  ,  Loss/distill: 1.39734
[train: Epoch 21, 1400 / 2500] FPS: 10.2 (8.6)  ,  DataTime: 0.379 (0.002)  ,  ForwardTime: 0.209  ,  TotalTime: 0.591  ,  Loss/total: 0.66543  ,  Loss/giou: 0.17931  ,  Loss/l1: 0.01263  ,  Loss/location: 0.21831  ,  pro_loss: 0.12403  ,  IoU: 0.83452  ,  Loss/sim: 1.34235  ,  Loss/distill: 1.39710
[train: Epoch 21, 1450 / 2500] FPS: 10.2 (9.5)  ,  DataTime: 0.378 (0.002)  ,  ForwardTime: 0.209  ,  TotalTime: 0.589  ,  Loss/total: 0.66488  ,  Loss/giou: 0.17910  ,  Loss/l1: 0.01258  ,  Loss/location: 0.21842  ,  pro_loss: 0.12397  ,  IoU: 0.83461  ,  Loss/sim: 1.34427  ,  Loss/distill: 1.39815
[train: Epoch 21, 1500 / 2500] FPS: 10.2 (12.2)  ,  DataTime: 0.378 (0.002)  ,  ForwardTime: 0.209  ,  TotalTime: 0.589  ,  Loss/total: 0.66483  ,  Loss/giou: 0.17893  ,  Loss/l1: 0.01257  ,  Loss/location: 0.21877  ,  pro_loss: 0.12412  ,  IoU: 0.83474  ,  Loss/sim: 1.34429  ,  Loss/distill: 1.39798
[train: Epoch 21, 1550 / 2500] FPS: 10.2 (10.3)  ,  DataTime: 0.377 (0.002)  ,  ForwardTime: 0.209  ,  TotalTime: 0.588  ,  Loss/total: 0.66177  ,  Loss/giou: 0.17836  ,  Loss/l1: 0.01251  ,  Loss/location: 0.21713  ,  pro_loss: 0.12406  ,  IoU: 0.83520  ,  Loss/sim: 1.34428  ,  Loss/distill: 1.39856
[train: Epoch 21, 1600 / 2500] FPS: 10.2 (10.3)  ,  DataTime: 0.377 (0.002)  ,  ForwardTime: 0.209  ,  TotalTime: 0.589  ,  Loss/total: 0.65983  ,  Loss/giou: 0.17777  ,  Loss/l1: 0.01244  ,  Loss/location: 0.21674  ,  pro_loss: 0.12394  ,  IoU: 0.83571  ,  Loss/sim: 1.34479  ,  Loss/distill: 1.39780
[train: Epoch 21, 1650 / 2500] FPS: 10.2 (8.2)  ,  DataTime: 0.376 (0.002)  ,  ForwardTime: 0.209  ,  TotalTime: 0.587  ,  Loss/total: 0.65919  ,  Loss/giou: 0.17777  ,  Loss/l1: 0.01244  ,  Loss/location: 0.21613  ,  pro_loss: 0.12396  ,  IoU: 0.83572  ,  Loss/sim: 1.34475  ,  Loss/distill: 1.39792
[train: Epoch 21, 1700 / 2500] FPS: 10.2 (16.1)  ,  DataTime: 0.375 (0.002)  ,  ForwardTime: 0.209  ,  TotalTime: 0.586  ,  Loss/total: 0.65887  ,  Loss/giou: 0.17759  ,  Loss/l1: 0.01242  ,  Loss/location: 0.21624  ,  pro_loss: 0.12400  ,  IoU: 0.83585  ,  Loss/sim: 1.34606  ,  Loss/distill: 1.39796
[train: Epoch 21, 1750 / 2500] FPS: 10.2 (12.5)  ,  DataTime: 0.375 (0.002)  ,  ForwardTime: 0.209  ,  TotalTime: 0.586  ,  Loss/total: 0.66111  ,  Loss/giou: 0.17818  ,  Loss/l1: 0.01248  ,  Loss/location: 0.21702  ,  pro_loss: 0.12391  ,  IoU: 0.83541  ,  Loss/sim: 1.34727  ,  Loss/distill: 1.39833
[train: Epoch 21, 1800 / 2500] FPS: 10.2 (8.1)  ,  DataTime: 0.375 (0.002)  ,  ForwardTime: 0.209  ,  TotalTime: 0.586  ,  Loss/total: 0.66193  ,  Loss/giou: 0.17833  ,  Loss/l1: 0.01250  ,  Loss/location: 0.21740  ,  pro_loss: 0.12394  ,  IoU: 0.83531  ,  Loss/sim: 1.34804  ,  Loss/distill: 1.39859
[train: Epoch 21, 1850 / 2500] FPS: 10.2 (11.9)  ,  DataTime: 0.375 (0.002)  ,  ForwardTime: 0.209  ,  TotalTime: 0.587  ,  Loss/total: 0.66002  ,  Loss/giou: 0.17793  ,  Loss/l1: 0.01243  ,  Loss/location: 0.21663  ,  pro_loss: 0.12402  ,  IoU: 0.83557  ,  Loss/sim: 1.34870  ,  Loss/distill: 1.39935
[train: Epoch 21, 1900 / 2500] FPS: 10.2 (12.8)  ,  DataTime: 0.374 (0.002)  ,  ForwardTime: 0.209  ,  TotalTime: 0.585  ,  Loss/total: 0.66005  ,  Loss/giou: 0.17791  ,  Loss/l1: 0.01244  ,  Loss/location: 0.21664  ,  pro_loss: 0.12410  ,  IoU: 0.83568  ,  Loss/sim: 1.35011  ,  Loss/distill: 1.39981
[train: Epoch 21, 1950 / 2500] FPS: 10.3 (13.6)  ,  DataTime: 0.374 (0.002)  ,  ForwardTime: 0.209  ,  TotalTime: 0.585  ,  Loss/total: 0.65900  ,  Loss/giou: 0.17765  ,  Loss/l1: 0.01241  ,  Loss/location: 0.21622  ,  pro_loss: 0.12439  ,  IoU: 0.83587  ,  Loss/sim: 1.35081  ,  Loss/distill: 1.39975
[train: Epoch 21, 2000 / 2500] FPS: 10.3 (14.2)  ,  DataTime: 0.373 (0.002)  ,  ForwardTime: 0.209  ,  TotalTime: 0.584  ,  Loss/total: 0.65771  ,  Loss/giou: 0.17734  ,  Loss/l1: 0.01236  ,  Loss/location: 0.21582  ,  pro_loss: 0.12432  ,  IoU: 0.83606  ,  Loss/sim: 1.35113  ,  Loss/distill: 1.39969
[train: Epoch 21, 2050 / 2500] FPS: 10.3 (8.6)  ,  DataTime: 0.373 (0.002)  ,  ForwardTime: 0.209  ,  TotalTime: 0.585  ,  Loss/total: 0.65747  ,  Loss/giou: 0.17726  ,  Loss/l1: 0.01233  ,  Loss/location: 0.21591  ,  pro_loss: 0.12427  ,  IoU: 0.83607  ,  Loss/sim: 1.35165  ,  Loss/distill: 1.39976
[train: Epoch 21, 2100 / 2500] FPS: 10.3 (8.6)  ,  DataTime: 0.373 (0.002)  ,  ForwardTime: 0.209  ,  TotalTime: 0.584  ,  Loss/total: 0.65774  ,  Loss/giou: 0.17730  ,  Loss/l1: 0.01233  ,  Loss/location: 0.21605  ,  pro_loss: 0.12450  ,  IoU: 0.83603  ,  Loss/sim: 1.35177  ,  Loss/distill: 1.39965
[train: Epoch 21, 2150 / 2500] FPS: 10.3 (15.0)  ,  DataTime: 0.372 (0.002)  ,  ForwardTime: 0.209  ,  TotalTime: 0.584  ,  Loss/total: 0.65862  ,  Loss/giou: 0.17761  ,  Loss/l1: 0.01236  ,  Loss/location: 0.21613  ,  pro_loss: 0.12451  ,  IoU: 0.83581  ,  Loss/sim: 1.35217  ,  Loss/distill: 1.39925
[train: Epoch 21, 2200 / 2500] FPS: 10.3 (7.0)  ,  DataTime: 0.373 (0.002)  ,  ForwardTime: 0.209  ,  TotalTime: 0.584  ,  Loss/total: 0.65866  ,  Loss/giou: 0.17753  ,  Loss/l1: 0.01234  ,  Loss/location: 0.21645  ,  pro_loss: 0.12443  ,  IoU: 0.83583  ,  Loss/sim: 1.35255  ,  Loss/distill: 1.39899
[train: Epoch 21, 2250 / 2500] FPS: 10.3 (10.8)  ,  DataTime: 0.374 (0.002)  ,  ForwardTime: 0.209  ,  TotalTime: 0.585  ,  Loss/total: 0.65951  ,  Loss/giou: 0.17759  ,  Loss/l1: 0.01236  ,  Loss/location: 0.21713  ,  pro_loss: 0.12424  ,  IoU: 0.83578  ,  Loss/sim: 1.35295  ,  Loss/distill: 1.39929
[train: Epoch 21, 2300 / 2500] FPS: 10.3 (12.4)  ,  DataTime: 0.374 (0.002)  ,  ForwardTime: 0.209  ,  TotalTime: 0.585  ,  Loss/total: 0.65888  ,  Loss/giou: 0.17747  ,  Loss/l1: 0.01235  ,  Loss/location: 0.21676  ,  pro_loss: 0.12422  ,  IoU: 0.83591  ,  Loss/sim: 1.35294  ,  Loss/distill: 1.39885
[train: Epoch 21, 2350 / 2500] FPS: 10.3 (14.2)  ,  DataTime: 0.374 (0.002)  ,  ForwardTime: 0.209  ,  TotalTime: 0.585  ,  Loss/total: 0.65789  ,  Loss/giou: 0.17725  ,  Loss/l1: 0.01232  ,  Loss/location: 0.21641  ,  pro_loss: 0.12414  ,  IoU: 0.83608  ,  Loss/sim: 1.35372  ,  Loss/distill: 1.39906
[train: Epoch 21, 2400 / 2500] FPS: 10.3 (12.2)  ,  DataTime: 0.374 (0.002)  ,  ForwardTime: 0.209  ,  TotalTime: 0.585  ,  Loss/total: 0.65811  ,  Loss/giou: 0.17724  ,  Loss/l1: 0.01230  ,  Loss/location: 0.21672  ,  pro_loss: 0.12429  ,  IoU: 0.83605  ,  Loss/sim: 1.35386  ,  Loss/distill: 1.39882
[train: Epoch 21, 2450 / 2500] FPS: 10.3 (12.1)  ,  DataTime: 0.373 (0.002)  ,  ForwardTime: 0.209  ,  TotalTime: 0.584  ,  Loss/total: 0.65725  ,  Loss/giou: 0.17715  ,  Loss/l1: 0.01226  ,  Loss/location: 0.21623  ,  pro_loss: 0.12435  ,  IoU: 0.83608  ,  Loss/sim: 1.35333  ,  Loss/distill: 1.39842
[train: Epoch 21, 2500 / 2500] FPS: 10.3 (11.9)  ,  DataTime: 0.374 (0.002)  ,  ForwardTime: 0.209  ,  TotalTime: 0.585  ,  Loss/total: 0.65735  ,  Loss/giou: 0.17721  ,  Loss/l1: 0.01226  ,  Loss/location: 0.21619  ,  pro_loss: 0.12448  ,  IoU: 0.83600  ,  Loss/sim: 1.35239  ,  Loss/distill: 1.39770
[train: Epoch 22, 50 / 2500] FPS: 10.6 (13.5)  ,  DataTime: 0.354 (0.002)  ,  ForwardTime: 0.209  ,  TotalTime: 0.564  ,  Loss/total: 0.62227  ,  Loss/giou: 0.16955  ,  Loss/l1: 0.01070  ,  Loss/location: 0.20336  ,  pro_loss: 0.12889  ,  IoU: 0.84113  ,  Loss/sim: 1.33267  ,  Loss/distill: 1.38449
[train: Epoch 22, 100 / 2500] FPS: 10.4 (13.7)  ,  DataTime: 0.369 (0.002)  ,  ForwardTime: 0.209  ,  TotalTime: 0.580  ,  Loss/total: 0.62174  ,  Loss/giou: 0.17005  ,  Loss/l1: 0.01098  ,  Loss/location: 0.20062  ,  pro_loss: 0.12792  ,  IoU: 0.84079  ,  Loss/sim: 1.33014  ,  Loss/distill: 1.39437
[train: Epoch 22, 150 / 2500] FPS: 10.2 (10.6)  ,  DataTime: 0.377 (0.002)  ,  ForwardTime: 0.209  ,  TotalTime: 0.587  ,  Loss/total: 0.63758  ,  Loss/giou: 0.17341  ,  Loss/l1: 0.01169  ,  Loss/location: 0.20626  ,  pro_loss: 0.12750  ,  IoU: 0.83871  ,  Loss/sim: 1.34155  ,  Loss/distill: 1.39356
[train: Epoch 22, 200 / 2500] FPS: 10.2 (9.7)  ,  DataTime: 0.375 (0.002)  ,  ForwardTime: 0.209  ,  TotalTime: 0.585  ,  Loss/total: 0.63662  ,  Loss/giou: 0.17206  ,  Loss/l1: 0.01144  ,  Loss/location: 0.20920  ,  pro_loss: 0.12778  ,  IoU: 0.83957  ,  Loss/sim: 1.35185  ,  Loss/distill: 1.39191
[train: Epoch 22, 250 / 2500] FPS: 10.3 (9.9)  ,  DataTime: 0.370 (0.002)  ,  ForwardTime: 0.209  ,  TotalTime: 0.581  ,  Loss/total: 0.65561  ,  Loss/giou: 0.17635  ,  Loss/l1: 0.01223  ,  Loss/location: 0.21566  ,  pro_loss: 0.12778  ,  IoU: 0.83657  ,  Loss/sim: 1.36641  ,  Loss/distill: 1.40229
[train: Epoch 22, 300 / 2500] FPS: 10.3 (15.2)  ,  DataTime: 0.370 (0.002)  ,  ForwardTime: 0.209  ,  TotalTime: 0.581  ,  Loss/total: 0.65820  ,  Loss/giou: 0.17703  ,  Loss/l1: 0.01232  ,  Loss/location: 0.21661  ,  pro_loss: 0.12694  ,  IoU: 0.83592  ,  Loss/sim: 1.36703  ,  Loss/distill: 1.39825
[train: Epoch 22, 350 / 2500] FPS: 10.4 (7.1)  ,  DataTime: 0.364 (0.002)  ,  ForwardTime: 0.209  ,  TotalTime: 0.575  ,  Loss/total: 0.66082  ,  Loss/giou: 0.17747  ,  Loss/l1: 0.01237  ,  Loss/location: 0.21798  ,  pro_loss: 0.12754  ,  IoU: 0.83552  ,  Loss/sim: 1.37103  ,  Loss/distill: 1.40341
[train: Epoch 22, 400 / 2500] FPS: 10.5 (13.5)  ,  DataTime: 0.360 (0.002)  ,  ForwardTime: 0.209  ,  TotalTime: 0.571  ,  Loss/total: 0.65803  ,  Loss/giou: 0.17618  ,  Loss/l1: 0.01224  ,  Loss/location: 0.21826  ,  pro_loss: 0.12844  ,  IoU: 0.83661  ,  Loss/sim: 1.37005  ,  Loss/distill: 1.40154
[train: Epoch 22, 450 / 2500] FPS: 10.5 (10.0)  ,  DataTime: 0.360 (0.002)  ,  ForwardTime: 0.209  ,  TotalTime: 0.570  ,  Loss/total: 0.66131  ,  Loss/giou: 0.17752  ,  Loss/l1: 0.01238  ,  Loss/location: 0.21818  ,  pro_loss: 0.12812  ,  IoU: 0.83566  ,  Loss/sim: 1.37065  ,  Loss/distill: 1.40002
[train: Epoch 22, 500 / 2500] FPS: 10.5 (15.8)  ,  DataTime: 0.360 (0.002)  ,  ForwardTime: 0.209  ,  TotalTime: 0.570  ,  Loss/total: 0.66609  ,  Loss/giou: 0.17892  ,  Loss/l1: 0.01248  ,  Loss/location: 0.21968  ,  pro_loss: 0.12806  ,  IoU: 0.83445  ,  Loss/sim: 1.37292  ,  Loss/distill: 1.39972
[train: Epoch 22, 550 / 2500] FPS: 10.5 (11.1)  ,  DataTime: 0.361 (0.002)  ,  ForwardTime: 0.209  ,  TotalTime: 0.571  ,  Loss/total: 0.66867  ,  Loss/giou: 0.17964  ,  Loss/l1: 0.01251  ,  Loss/location: 0.22084  ,  pro_loss: 0.12717  ,  IoU: 0.83387  ,  Loss/sim: 1.37360  ,  Loss/distill: 1.39838
[train: Epoch 22, 600 / 2500] FPS: 10.5 (11.0)  ,  DataTime: 0.362 (0.002)  ,  ForwardTime: 0.209  ,  TotalTime: 0.572  ,  Loss/total: 0.67326  ,  Loss/giou: 0.18053  ,  Loss/l1: 0.01258  ,  Loss/location: 0.22337  ,  pro_loss: 0.12683  ,  IoU: 0.83308  ,  Loss/sim: 1.37391  ,  Loss/distill: 1.39710
[train: Epoch 22, 650 / 2500] FPS: 10.5 (8.2)  ,  DataTime: 0.361 (0.002)  ,  ForwardTime: 0.209  ,  TotalTime: 0.572  ,  Loss/total: 0.67207  ,  Loss/giou: 0.18010  ,  Loss/l1: 0.01252  ,  Loss/location: 0.22330  ,  pro_loss: 0.12701  ,  IoU: 0.83329  ,  Loss/sim: 1.37356  ,  Loss/distill: 1.39708
[train: Epoch 22, 700 / 2500] FPS: 10.5 (11.2)  ,  DataTime: 0.358 (0.002)  ,  ForwardTime: 0.209  ,  TotalTime: 0.569  ,  Loss/total: 0.67069  ,  Loss/giou: 0.17993  ,  Loss/l1: 0.01254  ,  Loss/location: 0.22226  ,  pro_loss: 0.12651  ,  IoU: 0.83356  ,  Loss/sim: 1.37126  ,  Loss/distill: 1.39537
[train: Epoch 22, 750 / 2500] FPS: 10.5 (14.3)  ,  DataTime: 0.361 (0.002)  ,  ForwardTime: 0.209  ,  TotalTime: 0.571  ,  Loss/total: 0.67265  ,  Loss/giou: 0.18052  ,  Loss/l1: 0.01258  ,  Loss/location: 0.22280  ,  pro_loss: 0.12678  ,  IoU: 0.83303  ,  Loss/sim: 1.37256  ,  Loss/distill: 1.39537
[train: Epoch 22, 800 / 2500] FPS: 10.4 (11.1)  ,  DataTime: 0.364 (0.002)  ,  ForwardTime: 0.209  ,  TotalTime: 0.574  ,  Loss/total: 0.67207  ,  Loss/giou: 0.18035  ,  Loss/l1: 0.01256  ,  Loss/location: 0.22266  ,  pro_loss: 0.12670  ,  IoU: 0.83315  ,  Loss/sim: 1.37339  ,  Loss/distill: 1.39493
[train: Epoch 22, 850 / 2500] FPS: 10.5 (10.9)  ,  DataTime: 0.362 (0.002)  ,  ForwardTime: 0.209  ,  TotalTime: 0.573  ,  Loss/total: 0.66947  ,  Loss/giou: 0.17999  ,  Loss/l1: 0.01253  ,  Loss/location: 0.22098  ,  pro_loss: 0.12641  ,  IoU: 0.83357  ,  Loss/sim: 1.37349  ,  Loss/distill: 1.39406
[train: Epoch 22, 900 / 2500] FPS: 10.5 (6.9)  ,  DataTime: 0.362 (0.002)  ,  ForwardTime: 0.209  ,  TotalTime: 0.573  ,  Loss/total: 0.66836  ,  Loss/giou: 0.17971  ,  Loss/l1: 0.01249  ,  Loss/location: 0.22071  ,  pro_loss: 0.12616  ,  IoU: 0.83370  ,  Loss/sim: 1.37200  ,  Loss/distill: 1.39253
[train: Epoch 22, 950 / 2500] FPS: 10.4 (10.1)  ,  DataTime: 0.364 (0.002)  ,  ForwardTime: 0.209  ,  TotalTime: 0.574  ,  Loss/total: 0.66580  ,  Loss/giou: 0.17905  ,  Loss/l1: 0.01240  ,  Loss/location: 0.21996  ,  pro_loss: 0.12599  ,  IoU: 0.83412  ,  Loss/sim: 1.37088  ,  Loss/distill: 1.39194
[train: Epoch 22, 1000 / 2500] FPS: 10.4 (7.0)  ,  DataTime: 0.366 (0.002)  ,  ForwardTime: 0.209  ,  TotalTime: 0.577  ,  Loss/total: 0.66512  ,  Loss/giou: 0.17888  ,  Loss/l1: 0.01239  ,  Loss/location: 0.21960  ,  pro_loss: 0.12643  ,  IoU: 0.83424  ,  Loss/sim: 1.36915  ,  Loss/distill: 1.39194
[train: Epoch 22, 1050 / 2500] FPS: 10.4 (6.8)  ,  DataTime: 0.366 (0.002)  ,  ForwardTime: 0.209  ,  TotalTime: 0.576  ,  Loss/total: 0.66182  ,  Loss/giou: 0.17816  ,  Loss/l1: 0.01233  ,  Loss/location: 0.21801  ,  pro_loss: 0.12648  ,  IoU: 0.83485  ,  Loss/sim: 1.36883  ,  Loss/distill: 1.39098
[train: Epoch 22, 1100 / 2500] FPS: 10.4 (9.4)  ,  DataTime: 0.365 (0.002)  ,  ForwardTime: 0.209  ,  TotalTime: 0.576  ,  Loss/total: 0.66168  ,  Loss/giou: 0.17802  ,  Loss/l1: 0.01234  ,  Loss/location: 0.21810  ,  pro_loss: 0.12643  ,  IoU: 0.83499  ,  Loss/sim: 1.36719  ,  Loss/distill: 1.38976
[train: Epoch 22, 1150 / 2500] FPS: 10.4 (11.3)  ,  DataTime: 0.365 (0.002)  ,  ForwardTime: 0.209  ,  TotalTime: 0.576  ,  Loss/total: 0.66131  ,  Loss/giou: 0.17813  ,  Loss/l1: 0.01234  ,  Loss/location: 0.21757  ,  pro_loss: 0.12617  ,  IoU: 0.83484  ,  Loss/sim: 1.36786  ,  Loss/distill: 1.38922
[train: Epoch 22, 1200 / 2500] FPS: 10.4 (13.8)  ,  DataTime: 0.365 (0.002)  ,  ForwardTime: 0.209  ,  TotalTime: 0.576  ,  Loss/total: 0.66173  ,  Loss/giou: 0.17812  ,  Loss/l1: 0.01239  ,  Loss/location: 0.21777  ,  pro_loss: 0.12612  ,  IoU: 0.83490  ,  Loss/sim: 1.36680  ,  Loss/distill: 1.38838
[train: Epoch 22, 1250 / 2500] FPS: 10.4 (13.7)  ,  DataTime: 0.365 (0.002)  ,  ForwardTime: 0.209  ,  TotalTime: 0.575  ,  Loss/total: 0.66293  ,  Loss/giou: 0.17840  ,  Loss/l1: 0.01243  ,  Loss/location: 0.21823  ,  pro_loss: 0.12611  ,  IoU: 0.83468  ,  Loss/sim: 1.36713  ,  Loss/distill: 1.38889
[train: Epoch 22, 1300 / 2500] FPS: 10.4 (12.5)  ,  DataTime: 0.364 (0.002)  ,  ForwardTime: 0.209  ,  TotalTime: 0.574  ,  Loss/total: 0.66394  ,  Loss/giou: 0.17866  ,  Loss/l1: 0.01247  ,  Loss/location: 0.21842  ,  pro_loss: 0.12639  ,  IoU: 0.83455  ,  Loss/sim: 1.36774  ,  Loss/distill: 1.38919
[train: Epoch 22, 1350 / 2500] FPS: 10.4 (10.4)  ,  DataTime: 0.364 (0.002)  ,  ForwardTime: 0.209  ,  TotalTime: 0.575  ,  Loss/total: 0.66498  ,  Loss/giou: 0.17902  ,  Loss/l1: 0.01250  ,  Loss/location: 0.21863  ,  pro_loss: 0.12621  ,  IoU: 0.83424  ,  Loss/sim: 1.36689  ,  Loss/distill: 1.38906
[train: Epoch 22, 1400 / 2500] FPS: 10.4 (14.4)  ,  DataTime: 0.365 (0.002)  ,  ForwardTime: 0.209  ,  TotalTime: 0.575  ,  Loss/total: 0.66350  ,  Loss/giou: 0.17860  ,  Loss/l1: 0.01246  ,  Loss/location: 0.21824  ,  pro_loss: 0.12606  ,  IoU: 0.83460  ,  Loss/sim: 1.36741  ,  Loss/distill: 1.38931
[train: Epoch 22, 1450 / 2500] FPS: 10.4 (11.6)  ,  DataTime: 0.364 (0.002)  ,  ForwardTime: 0.209  ,  TotalTime: 0.575  ,  Loss/total: 0.66160  ,  Loss/giou: 0.17816  ,  Loss/l1: 0.01242  ,  Loss/location: 0.21746  ,  pro_loss: 0.12575  ,  IoU: 0.83499  ,  Loss/sim: 1.36637  ,  Loss/distill: 1.38875
[train: Epoch 22, 1500 / 2500] FPS: 10.4 (12.2)  ,  DataTime: 0.364 (0.002)  ,  ForwardTime: 0.209  ,  TotalTime: 0.574  ,  Loss/total: 0.66180  ,  Loss/giou: 0.17829  ,  Loss/l1: 0.01244  ,  Loss/location: 0.21729  ,  pro_loss: 0.12583  ,  IoU: 0.83491  ,  Loss/sim: 1.36644  ,  Loss/distill: 1.38894
[train: Epoch 22, 1550 / 2500] FPS: 10.4 (8.7)  ,  DataTime: 0.364 (0.002)  ,  ForwardTime: 0.209  ,  TotalTime: 0.575  ,  Loss/total: 0.66247  ,  Loss/giou: 0.17846  ,  Loss/l1: 0.01248  ,  Loss/location: 0.21742  ,  pro_loss: 0.12586  ,  IoU: 0.83486  ,  Loss/sim: 1.36578  ,  Loss/distill: 1.38880
[train: Epoch 22, 1600 / 2500] FPS: 10.4 (7.8)  ,  DataTime: 0.364 (0.002)  ,  ForwardTime: 0.209  ,  TotalTime: 0.575  ,  Loss/total: 0.66194  ,  Loss/giou: 0.17835  ,  Loss/l1: 0.01247  ,  Loss/location: 0.21726  ,  pro_loss: 0.12540  ,  IoU: 0.83496  ,  Loss/sim: 1.36637  ,  Loss/distill: 1.38932
[train: Epoch 22, 1650 / 2500] FPS: 10.5 (13.1)  ,  DataTime: 0.363 (0.002)  ,  ForwardTime: 0.209  ,  TotalTime: 0.574  ,  Loss/total: 0.66295  ,  Loss/giou: 0.17860  ,  Loss/l1: 0.01253  ,  Loss/location: 0.21743  ,  pro_loss: 0.12551  ,  IoU: 0.83486  ,  Loss/sim: 1.36608  ,  Loss/distill: 1.38948
[train: Epoch 22, 1700 / 2500] FPS: 10.5 (17.6)  ,  DataTime: 0.362 (0.002)  ,  ForwardTime: 0.209  ,  TotalTime: 0.573  ,  Loss/total: 0.66207  ,  Loss/giou: 0.17864  ,  Loss/l1: 0.01254  ,  Loss/location: 0.21648  ,  pro_loss: 0.12535  ,  IoU: 0.83485  ,  Loss/sim: 1.36653  ,  Loss/distill: 1.38998
[train: Epoch 22, 1750 / 2500] FPS: 10.5 (9.4)  ,  DataTime: 0.361 (0.002)  ,  ForwardTime: 0.209  ,  TotalTime: 0.572  ,  Loss/total: 0.66085  ,  Loss/giou: 0.17838  ,  Loss/l1: 0.01250  ,  Loss/location: 0.21598  ,  pro_loss: 0.12522  ,  IoU: 0.83504  ,  Loss/sim: 1.36689  ,  Loss/distill: 1.38959
[train: Epoch 22, 1800 / 2500] FPS: 10.5 (9.4)  ,  DataTime: 0.361 (0.002)  ,  ForwardTime: 0.209  ,  TotalTime: 0.572  ,  Loss/total: 0.66185  ,  Loss/giou: 0.17862  ,  Loss/l1: 0.01252  ,  Loss/location: 0.21642  ,  pro_loss: 0.12528  ,  IoU: 0.83480  ,  Loss/sim: 1.36638  ,  Loss/distill: 1.38923
[train: Epoch 22, 1850 / 2500] FPS: 10.5 (11.4)  ,  DataTime: 0.361 (0.002)  ,  ForwardTime: 0.209  ,  TotalTime: 0.571  ,  Loss/total: 0.66095  ,  Loss/giou: 0.17835  ,  Loss/l1: 0.01248  ,  Loss/location: 0.21621  ,  pro_loss: 0.12549  ,  IoU: 0.83499  ,  Loss/sim: 1.36661  ,  Loss/distill: 1.38876
[train: Epoch 22, 1900 / 2500] FPS: 10.4 (10.7)  ,  DataTime: 0.365 (0.002)  ,  ForwardTime: 0.209  ,  TotalTime: 0.576  ,  Loss/total: 0.66037  ,  Loss/giou: 0.17829  ,  Loss/l1: 0.01246  ,  Loss/location: 0.21582  ,  pro_loss: 0.12545  ,  IoU: 0.83503  ,  Loss/sim: 1.36700  ,  Loss/distill: 1.38868
[train: Epoch 22, 1950 / 2500] FPS: 10.4 (9.3)  ,  DataTime: 0.365 (0.002)  ,  ForwardTime: 0.209  ,  TotalTime: 0.576  ,  Loss/total: 0.66080  ,  Loss/giou: 0.17838  ,  Loss/l1: 0.01248  ,  Loss/location: 0.21601  ,  pro_loss: 0.12542  ,  IoU: 0.83495  ,  Loss/sim: 1.36620  ,  Loss/distill: 1.38859
[train: Epoch 22, 2000 / 2500] FPS: 10.4 (9.9)  ,  DataTime: 0.365 (0.002)  ,  ForwardTime: 0.209  ,  TotalTime: 0.576  ,  Loss/total: 0.66140  ,  Loss/giou: 0.17857  ,  Loss/l1: 0.01251  ,  Loss/location: 0.21602  ,  pro_loss: 0.12558  ,  IoU: 0.83480  ,  Loss/sim: 1.36594  ,  Loss/distill: 1.38852
[train: Epoch 22, 2050 / 2500] FPS: 10.4 (10.2)  ,  DataTime: 0.365 (0.002)  ,  ForwardTime: 0.209  ,  TotalTime: 0.576  ,  Loss/total: 0.65959  ,  Loss/giou: 0.17813  ,  Loss/l1: 0.01246  ,  Loss/location: 0.21538  ,  pro_loss: 0.12556  ,  IoU: 0.83513  ,  Loss/sim: 1.36530  ,  Loss/distill: 1.38779
[train: Epoch 22, 2100 / 2500] FPS: 10.4 (10.6)  ,  DataTime: 0.365 (0.002)  ,  ForwardTime: 0.209  ,  TotalTime: 0.575  ,  Loss/total: 0.65909  ,  Loss/giou: 0.17817  ,  Loss/l1: 0.01244  ,  Loss/location: 0.21489  ,  pro_loss: 0.12567  ,  IoU: 0.83507  ,  Loss/sim: 1.36490  ,  Loss/distill: 1.38785
[train: Epoch 22, 2150 / 2500] FPS: 10.4 (10.9)  ,  DataTime: 0.364 (0.002)  ,  ForwardTime: 0.209  ,  TotalTime: 0.575  ,  Loss/total: 0.65861  ,  Loss/giou: 0.17801  ,  Loss/l1: 0.01242  ,  Loss/location: 0.21478  ,  pro_loss: 0.12562  ,  IoU: 0.83520  ,  Loss/sim: 1.36552  ,  Loss/distill: 1.38771
[train: Epoch 22, 2200 / 2500] FPS: 10.4 (9.0)  ,  DataTime: 0.364 (0.002)  ,  ForwardTime: 0.209  ,  TotalTime: 0.575  ,  Loss/total: 0.65860  ,  Loss/giou: 0.17795  ,  Loss/l1: 0.01240  ,  Loss/location: 0.21502  ,  pro_loss: 0.12558  ,  IoU: 0.83523  ,  Loss/sim: 1.36567  ,  Loss/distill: 1.38752
[train: Epoch 22, 2250 / 2500] FPS: 10.4 (12.5)  ,  DataTime: 0.364 (0.002)  ,  ForwardTime: 0.209  ,  TotalTime: 0.575  ,  Loss/total: 0.65895  ,  Loss/giou: 0.17807  ,  Loss/l1: 0.01242  ,  Loss/location: 0.21502  ,  pro_loss: 0.12560  ,  IoU: 0.83513  ,  Loss/sim: 1.36536  ,  Loss/distill: 1.38731
[train: Epoch 22, 2300 / 2500] FPS: 10.4 (15.1)  ,  DataTime: 0.365 (0.002)  ,  ForwardTime: 0.209  ,  TotalTime: 0.575  ,  Loss/total: 0.65946  ,  Loss/giou: 0.17823  ,  Loss/l1: 0.01242  ,  Loss/location: 0.21521  ,  pro_loss: 0.12566  ,  IoU: 0.83500  ,  Loss/sim: 1.36502  ,  Loss/distill: 1.38671
[train: Epoch 22, 2350 / 2500] FPS: 10.4 (13.3)  ,  DataTime: 0.365 (0.002)  ,  ForwardTime: 0.209  ,  TotalTime: 0.576  ,  Loss/total: 0.66024  ,  Loss/giou: 0.17843  ,  Loss/l1: 0.01245  ,  Loss/location: 0.21545  ,  pro_loss: 0.12565  ,  IoU: 0.83484  ,  Loss/sim: 1.36524  ,  Loss/distill: 1.38646
[train: Epoch 22, 2400 / 2500] FPS: 10.4 (8.6)  ,  DataTime: 0.365 (0.002)  ,  ForwardTime: 0.209  ,  TotalTime: 0.575  ,  Loss/total: 0.66014  ,  Loss/giou: 0.17843  ,  Loss/l1: 0.01245  ,  Loss/location: 0.21533  ,  pro_loss: 0.12564  ,  IoU: 0.83487  ,  Loss/sim: 1.36599  ,  Loss/distill: 1.38701
[train: Epoch 22, 2450 / 2500] FPS: 10.4 (11.6)  ,  DataTime: 0.364 (0.002)  ,  ForwardTime: 0.209  ,  TotalTime: 0.574  ,  Loss/total: 0.66132  ,  Loss/giou: 0.17869  ,  Loss/l1: 0.01249  ,  Loss/location: 0.21576  ,  pro_loss: 0.12574  ,  IoU: 0.83468  ,  Loss/sim: 1.36586  ,  Loss/distill: 1.38706
[train: Epoch 22, 2500 / 2500] FPS: 10.4 (11.3)  ,  DataTime: 0.364 (0.002)  ,  ForwardTime: 0.209  ,  TotalTime: 0.575  ,  Loss/total: 0.66075  ,  Loss/giou: 0.17852  ,  Loss/l1: 0.01247  ,  Loss/location: 0.21565  ,  pro_loss: 0.12569  ,  IoU: 0.83480  ,  Loss/sim: 1.36583  ,  Loss/distill: 1.38714
[train: Epoch 23, 50 / 2500] FPS: 10.9 (9.3)  ,  DataTime: 0.338 (0.002)  ,  ForwardTime: 0.209  ,  TotalTime: 0.549  ,  Loss/total: 0.61595  ,  Loss/giou: 0.16469  ,  Loss/l1: 0.01127  ,  Loss/location: 0.20458  ,  pro_loss: 0.12556  ,  IoU: 0.84582  ,  Loss/sim: 1.34057  ,  Loss/distill: 1.36067
[train: Epoch 23, 100 / 2500] FPS: 10.6 (11.3)  ,  DataTime: 0.357 (0.002)  ,  ForwardTime: 0.209  ,  TotalTime: 0.568  ,  Loss/total: 0.63256  ,  Loss/giou: 0.16798  ,  Loss/l1: 0.01185  ,  Loss/location: 0.21151  ,  pro_loss: 0.12653  ,  IoU: 0.84358  ,  Loss/sim: 1.33457  ,  Loss/distill: 1.36785
[train: Epoch 23, 150 / 2500] FPS: 10.2 (11.1)  ,  DataTime: 0.379 (0.002)  ,  ForwardTime: 0.209  ,  TotalTime: 0.589  ,  Loss/total: 0.67472  ,  Loss/giou: 0.17809  ,  Loss/l1: 0.01287  ,  Loss/location: 0.22830  ,  pro_loss: 0.12676  ,  IoU: 0.83548  ,  Loss/sim: 1.33596  ,  Loss/distill: 1.36277
[train: Epoch 23, 200 / 2500] FPS: 9.3 (5.8)  ,  DataTime: 0.434 (0.002)  ,  ForwardTime: 0.209  ,  TotalTime: 0.645  ,  Loss/total: 0.67273  ,  Loss/giou: 0.17920  ,  Loss/l1: 0.01286  ,  Loss/location: 0.22412  ,  pro_loss: 0.12688  ,  IoU: 0.83468  ,  Loss/sim: 1.34995  ,  Loss/distill: 1.37192
[train: Epoch 23, 250 / 2500] FPS: 9.5 (10.7)  ,  DataTime: 0.422 (0.002)  ,  ForwardTime: 0.209  ,  TotalTime: 0.632  ,  Loss/total: 0.66117  ,  Loss/giou: 0.17577  ,  Loss/l1: 0.01239  ,  Loss/location: 0.22172  ,  pro_loss: 0.12700  ,  IoU: 0.83717  ,  Loss/sim: 1.34409  ,  Loss/distill: 1.36797
[train: Epoch 23, 300 / 2500] FPS: 9.5 (17.8)  ,  DataTime: 0.421 (0.002)  ,  ForwardTime: 0.209  ,  TotalTime: 0.631  ,  Loss/total: 0.66006  ,  Loss/giou: 0.17500  ,  Loss/l1: 0.01245  ,  Loss/location: 0.22227  ,  pro_loss: 0.12486  ,  IoU: 0.83800  ,  Loss/sim: 1.35239  ,  Loss/distill: 1.37033
[train: Epoch 23, 350 / 2500] FPS: 9.7 (14.0)  ,  DataTime: 0.408 (0.002)  ,  ForwardTime: 0.209  ,  TotalTime: 0.619  ,  Loss/total: 0.66176  ,  Loss/giou: 0.17572  ,  Loss/l1: 0.01254  ,  Loss/location: 0.22242  ,  pro_loss: 0.12341  ,  IoU: 0.83747  ,  Loss/sim: 1.35599  ,  Loss/distill: 1.37225
[train: Epoch 23, 400 / 2500] FPS: 9.8 (12.9)  ,  DataTime: 0.399 (0.002)  ,  ForwardTime: 0.209  ,  TotalTime: 0.610  ,  Loss/total: 0.65295  ,  Loss/giou: 0.17390  ,  Loss/l1: 0.01226  ,  Loss/location: 0.21869  ,  pro_loss: 0.12299  ,  IoU: 0.83876  ,  Loss/sim: 1.35847  ,  Loss/distill: 1.37319
[train: Epoch 23, 450 / 2500] FPS: 10.0 (11.6)  ,  DataTime: 0.391 (0.002)  ,  ForwardTime: 0.209  ,  TotalTime: 0.602  ,  Loss/total: 0.65850  ,  Loss/giou: 0.17520  ,  Loss/l1: 0.01240  ,  Loss/location: 0.22081  ,  pro_loss: 0.12373  ,  IoU: 0.83798  ,  Loss/sim: 1.35508  ,  Loss/distill: 1.37140
[train: Epoch 23, 500 / 2500] FPS: 10.0 (11.7)  ,  DataTime: 0.391 (0.002)  ,  ForwardTime: 0.209  ,  TotalTime: 0.602  ,  Loss/total: 0.66220  ,  Loss/giou: 0.17614  ,  Loss/l1: 0.01257  ,  Loss/location: 0.22182  ,  pro_loss: 0.12358  ,  IoU: 0.83729  ,  Loss/sim: 1.35895  ,  Loss/distill: 1.37235
[train: Epoch 23, 550 / 2500] FPS: 10.0 (11.4)  ,  DataTime: 0.388 (0.002)  ,  ForwardTime: 0.209  ,  TotalTime: 0.599  ,  Loss/total: 0.66441  ,  Loss/giou: 0.17655  ,  Loss/l1: 0.01255  ,  Loss/location: 0.22328  ,  pro_loss: 0.12366  ,  IoU: 0.83698  ,  Loss/sim: 1.35846  ,  Loss/distill: 1.37083
[train: Epoch 23, 600 / 2500] FPS: 10.1 (9.8)  ,  DataTime: 0.384 (0.002)  ,  ForwardTime: 0.209  ,  TotalTime: 0.595  ,  Loss/total: 0.66529  ,  Loss/giou: 0.17733  ,  Loss/l1: 0.01258  ,  Loss/location: 0.22232  ,  pro_loss: 0.12435  ,  IoU: 0.83633  ,  Loss/sim: 1.36048  ,  Loss/distill: 1.37087
[train: Epoch 23, 650 / 2500] FPS: 10.1 (9.7)  ,  DataTime: 0.385 (0.002)  ,  ForwardTime: 0.209  ,  TotalTime: 0.596  ,  Loss/total: 0.66396  ,  Loss/giou: 0.17718  ,  Loss/l1: 0.01245  ,  Loss/location: 0.22192  ,  pro_loss: 0.12434  ,  IoU: 0.83625  ,  Loss/sim: 1.36073  ,  Loss/distill: 1.37089
[train: Epoch 23, 700 / 2500] FPS: 10.0 (9.0)  ,  DataTime: 0.391 (0.002)  ,  ForwardTime: 0.209  ,  TotalTime: 0.601  ,  Loss/total: 0.66403  ,  Loss/giou: 0.17761  ,  Loss/l1: 0.01248  ,  Loss/location: 0.22106  ,  pro_loss: 0.12399  ,  IoU: 0.83592  ,  Loss/sim: 1.36264  ,  Loss/distill: 1.37257
[train: Epoch 23, 750 / 2500] FPS: 10.0 (12.8)  ,  DataTime: 0.387 (0.002)  ,  ForwardTime: 0.209  ,  TotalTime: 0.598  ,  Loss/total: 0.66476  ,  Loss/giou: 0.17782  ,  Loss/l1: 0.01252  ,  Loss/location: 0.22128  ,  pro_loss: 0.12343  ,  IoU: 0.83574  ,  Loss/sim: 1.36308  ,  Loss/distill: 1.37273
[train: Epoch 23, 800 / 2500] FPS: 10.1 (15.0)  ,  DataTime: 0.385 (0.002)  ,  ForwardTime: 0.209  ,  TotalTime: 0.596  ,  Loss/total: 0.66661  ,  Loss/giou: 0.17804  ,  Loss/l1: 0.01250  ,  Loss/location: 0.22273  ,  pro_loss: 0.12372  ,  IoU: 0.83542  ,  Loss/sim: 1.36432  ,  Loss/distill: 1.37365
[train: Epoch 23, 850 / 2500] FPS: 10.1 (13.0)  ,  DataTime: 0.383 (0.002)  ,  ForwardTime: 0.209  ,  TotalTime: 0.593  ,  Loss/total: 0.66491  ,  Loss/giou: 0.17787  ,  Loss/l1: 0.01245  ,  Loss/location: 0.22154  ,  pro_loss: 0.12408  ,  IoU: 0.83553  ,  Loss/sim: 1.36816  ,  Loss/distill: 1.37493
[train: Epoch 23, 900 / 2500] FPS: 10.1 (6.5)  ,  DataTime: 0.381 (0.002)  ,  ForwardTime: 0.209  ,  TotalTime: 0.592  ,  Loss/total: 0.66254  ,  Loss/giou: 0.17720  ,  Loss/l1: 0.01240  ,  Loss/location: 0.22069  ,  pro_loss: 0.12434  ,  IoU: 0.83608  ,  Loss/sim: 1.36767  ,  Loss/distill: 1.37413
[train: Epoch 23, 950 / 2500] FPS: 10.1 (6.2)  ,  DataTime: 0.380 (0.002)  ,  ForwardTime: 0.209  ,  TotalTime: 0.591  ,  Loss/total: 0.66233  ,  Loss/giou: 0.17724  ,  Loss/l1: 0.01244  ,  Loss/location: 0.22024  ,  pro_loss: 0.12425  ,  IoU: 0.83605  ,  Loss/sim: 1.36939  ,  Loss/distill: 1.37488
[train: Epoch 23, 1000 / 2500] FPS: 10.2 (13.1)  ,  DataTime: 0.380 (0.002)  ,  ForwardTime: 0.209  ,  TotalTime: 0.591  ,  Loss/total: 0.66126  ,  Loss/giou: 0.17718  ,  Loss/l1: 0.01238  ,  Loss/location: 0.21949  ,  pro_loss: 0.12474  ,  IoU: 0.83608  ,  Loss/sim: 1.37131  ,  Loss/distill: 1.37648
[train: Epoch 23, 1050 / 2500] FPS: 10.1 (9.4)  ,  DataTime: 0.380 (0.002)  ,  ForwardTime: 0.209  ,  TotalTime: 0.591  ,  Loss/total: 0.66256  ,  Loss/giou: 0.17742  ,  Loss/l1: 0.01245  ,  Loss/location: 0.21990  ,  pro_loss: 0.12499  ,  IoU: 0.83594  ,  Loss/sim: 1.36998  ,  Loss/distill: 1.37608
[train: Epoch 23, 1100 / 2500] FPS: 10.2 (11.7)  ,  DataTime: 0.379 (0.002)  ,  ForwardTime: 0.209  ,  TotalTime: 0.590  ,  Loss/total: 0.66392  ,  Loss/giou: 0.17794  ,  Loss/l1: 0.01250  ,  Loss/location: 0.21990  ,  pro_loss: 0.12554  ,  IoU: 0.83551  ,  Loss/sim: 1.37210  ,  Loss/distill: 1.37678
[train: Epoch 23, 1150 / 2500] FPS: 10.1 (11.1)  ,  DataTime: 0.382 (0.002)  ,  ForwardTime: 0.209  ,  TotalTime: 0.593  ,  Loss/total: 0.66446  ,  Loss/giou: 0.17796  ,  Loss/l1: 0.01252  ,  Loss/location: 0.22030  ,  pro_loss: 0.12539  ,  IoU: 0.83550  ,  Loss/sim: 1.37215  ,  Loss/distill: 1.37712
[train: Epoch 23, 1200 / 2500] FPS: 10.1 (18.2)  ,  DataTime: 0.381 (0.002)  ,  ForwardTime: 0.209  ,  TotalTime: 0.592  ,  Loss/total: 0.66387  ,  Loss/giou: 0.17792  ,  Loss/l1: 0.01247  ,  Loss/location: 0.22003  ,  pro_loss: 0.12535  ,  IoU: 0.83546  ,  Loss/sim: 1.37010  ,  Loss/distill: 1.37679
[train: Epoch 23, 1250 / 2500] FPS: 10.2 (12.1)  ,  DataTime: 0.380 (0.002)  ,  ForwardTime: 0.209  ,  TotalTime: 0.591  ,  Loss/total: 0.66209  ,  Loss/giou: 0.17752  ,  Loss/l1: 0.01240  ,  Loss/location: 0.21935  ,  pro_loss: 0.12570  ,  IoU: 0.83570  ,  Loss/sim: 1.37069  ,  Loss/distill: 1.37671
[train: Epoch 23, 1300 / 2500] FPS: 10.2 (9.7)  ,  DataTime: 0.380 (0.002)  ,  ForwardTime: 0.209  ,  TotalTime: 0.590  ,  Loss/total: 0.66381  ,  Loss/giou: 0.17790  ,  Loss/l1: 0.01245  ,  Loss/location: 0.22010  ,  pro_loss: 0.12547  ,  IoU: 0.83545  ,  Loss/sim: 1.36954  ,  Loss/distill: 1.37680
[train: Epoch 23, 1350 / 2500] FPS: 10.2 (9.5)  ,  DataTime: 0.379 (0.002)  ,  ForwardTime: 0.209  ,  TotalTime: 0.590  ,  Loss/total: 0.66409  ,  Loss/giou: 0.17814  ,  Loss/l1: 0.01246  ,  Loss/location: 0.21977  ,  pro_loss: 0.12580  ,  IoU: 0.83522  ,  Loss/sim: 1.36949  ,  Loss/distill: 1.37706
[train: Epoch 23, 1400 / 2500] FPS: 10.2 (16.8)  ,  DataTime: 0.378 (0.002)  ,  ForwardTime: 0.209  ,  TotalTime: 0.589  ,  Loss/total: 0.66333  ,  Loss/giou: 0.17803  ,  Loss/l1: 0.01243  ,  Loss/location: 0.21939  ,  pro_loss: 0.12572  ,  IoU: 0.83527  ,  Loss/sim: 1.37002  ,  Loss/distill: 1.37774
[train: Epoch 23, 1450 / 2500] FPS: 10.2 (7.7)  ,  DataTime: 0.378 (0.002)  ,  ForwardTime: 0.209  ,  TotalTime: 0.589  ,  Loss/total: 0.66343  ,  Loss/giou: 0.17802  ,  Loss/l1: 0.01242  ,  Loss/location: 0.21963  ,  pro_loss: 0.12554  ,  IoU: 0.83523  ,  Loss/sim: 1.37021  ,  Loss/distill: 1.37803
[train: Epoch 23, 1500 / 2500] FPS: 10.2 (13.8)  ,  DataTime: 0.376 (0.002)  ,  ForwardTime: 0.209  ,  TotalTime: 0.587  ,  Loss/total: 0.66113  ,  Loss/giou: 0.17749  ,  Loss/l1: 0.01236  ,  Loss/location: 0.21865  ,  pro_loss: 0.12562  ,  IoU: 0.83562  ,  Loss/sim: 1.37102  ,  Loss/distill: 1.37850
[train: Epoch 23, 1550 / 2500] FPS: 10.2 (10.3)  ,  DataTime: 0.375 (0.002)  ,  ForwardTime: 0.209  ,  TotalTime: 0.586  ,  Loss/total: 0.66017  ,  Loss/giou: 0.17725  ,  Loss/l1: 0.01235  ,  Loss/location: 0.21821  ,  pro_loss: 0.12581  ,  IoU: 0.83582  ,  Loss/sim: 1.37079  ,  Loss/distill: 1.37804
[train: Epoch 23, 1600 / 2500] FPS: 10.2 (14.4)  ,  DataTime: 0.375 (0.002)  ,  ForwardTime: 0.209  ,  TotalTime: 0.586  ,  Loss/total: 0.66034  ,  Loss/giou: 0.17725  ,  Loss/l1: 0.01232  ,  Loss/location: 0.21852  ,  pro_loss: 0.12572  ,  IoU: 0.83578  ,  Loss/sim: 1.36941  ,  Loss/distill: 1.37776
[train: Epoch 23, 1650 / 2500] FPS: 10.3 (12.3)  ,  DataTime: 0.374 (0.002)  ,  ForwardTime: 0.209  ,  TotalTime: 0.585  ,  Loss/total: 0.65862  ,  Loss/giou: 0.17678  ,  Loss/l1: 0.01231  ,  Loss/location: 0.21782  ,  pro_loss: 0.12574  ,  IoU: 0.83620  ,  Loss/sim: 1.36954  ,  Loss/distill: 1.37755
[train: Epoch 23, 1700 / 2500] FPS: 10.3 (9.5)  ,  DataTime: 0.374 (0.002)  ,  ForwardTime: 0.209  ,  TotalTime: 0.585  ,  Loss/total: 0.65783  ,  Loss/giou: 0.17671  ,  Loss/l1: 0.01231  ,  Loss/location: 0.21719  ,  pro_loss: 0.12562  ,  IoU: 0.83632  ,  Loss/sim: 1.36872  ,  Loss/distill: 1.37756
[train: Epoch 23, 1750 / 2500] FPS: 10.3 (11.1)  ,  DataTime: 0.373 (0.002)  ,  ForwardTime: 0.209  ,  TotalTime: 0.584  ,  Loss/total: 0.65762  ,  Loss/giou: 0.17659  ,  Loss/l1: 0.01229  ,  Loss/location: 0.21727  ,  pro_loss: 0.12580  ,  IoU: 0.83639  ,  Loss/sim: 1.36842  ,  Loss/distill: 1.37755
[train: Epoch 23, 1800 / 2500] FPS: 10.3 (10.6)  ,  DataTime: 0.373 (0.002)  ,  ForwardTime: 0.209  ,  TotalTime: 0.583  ,  Loss/total: 0.65799  ,  Loss/giou: 0.17677  ,  Loss/l1: 0.01230  ,  Loss/location: 0.21723  ,  pro_loss: 0.12581  ,  IoU: 0.83626  ,  Loss/sim: 1.36862  ,  Loss/distill: 1.37752
[train: Epoch 23, 1850 / 2500] FPS: 10.3 (8.2)  ,  DataTime: 0.373 (0.002)  ,  ForwardTime: 0.209  ,  TotalTime: 0.583  ,  Loss/total: 0.65691  ,  Loss/giou: 0.17653  ,  Loss/l1: 0.01227  ,  Loss/location: 0.21686  ,  pro_loss: 0.12559  ,  IoU: 0.83645  ,  Loss/sim: 1.36733  ,  Loss/distill: 1.37698
[train: Epoch 23, 1900 / 2500] FPS: 10.3 (13.0)  ,  DataTime: 0.372 (0.002)  ,  ForwardTime: 0.209  ,  TotalTime: 0.583  ,  Loss/total: 0.65843  ,  Loss/giou: 0.17702  ,  Loss/l1: 0.01231  ,  Loss/location: 0.21715  ,  pro_loss: 0.12556  ,  IoU: 0.83605  ,  Loss/sim: 1.36750  ,  Loss/distill: 1.37709
[train: Epoch 23, 1950 / 2500] FPS: 10.3 (13.6)  ,  DataTime: 0.373 (0.002)  ,  ForwardTime: 0.209  ,  TotalTime: 0.584  ,  Loss/total: 0.65945  ,  Loss/giou: 0.17741  ,  Loss/l1: 0.01236  ,  Loss/location: 0.21716  ,  pro_loss: 0.12548  ,  IoU: 0.83573  ,  Loss/sim: 1.36709  ,  Loss/distill: 1.37745
[train: Epoch 23, 2000 / 2500] FPS: 10.3 (11.2)  ,  DataTime: 0.373 (0.002)  ,  ForwardTime: 0.209  ,  TotalTime: 0.584  ,  Loss/total: 0.65996  ,  Loss/giou: 0.17757  ,  Loss/l1: 0.01237  ,  Loss/location: 0.21726  ,  pro_loss: 0.12571  ,  IoU: 0.83564  ,  Loss/sim: 1.36651  ,  Loss/distill: 1.37729
[train: Epoch 23, 2050 / 2500] FPS: 10.2 (13.5)  ,  DataTime: 0.375 (0.002)  ,  ForwardTime: 0.209  ,  TotalTime: 0.586  ,  Loss/total: 0.65962  ,  Loss/giou: 0.17743  ,  Loss/l1: 0.01234  ,  Loss/location: 0.21738  ,  pro_loss: 0.12567  ,  IoU: 0.83568  ,  Loss/sim: 1.36678  ,  Loss/distill: 1.37707
[train: Epoch 23, 2100 / 2500] FPS: 10.2 (12.9)  ,  DataTime: 0.375 (0.002)  ,  ForwardTime: 0.209  ,  TotalTime: 0.586  ,  Loss/total: 0.65925  ,  Loss/giou: 0.17735  ,  Loss/l1: 0.01233  ,  Loss/location: 0.21723  ,  pro_loss: 0.12559  ,  IoU: 0.83574  ,  Loss/sim: 1.36598  ,  Loss/distill: 1.37659
[train: Epoch 23, 2150 / 2500] FPS: 10.2 (12.5)  ,  DataTime: 0.375 (0.002)  ,  ForwardTime: 0.209  ,  TotalTime: 0.585  ,  Loss/total: 0.65843  ,  Loss/giou: 0.17713  ,  Loss/l1: 0.01232  ,  Loss/location: 0.21689  ,  pro_loss: 0.12555  ,  IoU: 0.83594  ,  Loss/sim: 1.36611  ,  Loss/distill: 1.37664
[train: Epoch 23, 2200 / 2500] FPS: 10.3 (10.6)  ,  DataTime: 0.374 (0.002)  ,  ForwardTime: 0.209  ,  TotalTime: 0.585  ,  Loss/total: 0.65768  ,  Loss/giou: 0.17703  ,  Loss/l1: 0.01229  ,  Loss/location: 0.21651  ,  pro_loss: 0.12566  ,  IoU: 0.83603  ,  Loss/sim: 1.36726  ,  Loss/distill: 1.37692
[train: Epoch 23, 2250 / 2500] FPS: 10.3 (8.6)  ,  DataTime: 0.374 (0.002)  ,  ForwardTime: 0.209  ,  TotalTime: 0.584  ,  Loss/total: 0.65867  ,  Loss/giou: 0.17730  ,  Loss/l1: 0.01230  ,  Loss/location: 0.21689  ,  pro_loss: 0.12577  ,  IoU: 0.83581  ,  Loss/sim: 1.36785  ,  Loss/distill: 1.37774
[train: Epoch 23, 2300 / 2500] FPS: 10.2 (10.7)  ,  DataTime: 0.375 (0.002)  ,  ForwardTime: 0.209  ,  TotalTime: 0.585  ,  Loss/total: 0.65885  ,  Loss/giou: 0.17728  ,  Loss/l1: 0.01229  ,  Loss/location: 0.21716  ,  pro_loss: 0.12565  ,  IoU: 0.83577  ,  Loss/sim: 1.36767  ,  Loss/distill: 1.37729
[train: Epoch 23, 2350 / 2500] FPS: 10.2 (12.5)  ,  DataTime: 0.375 (0.002)  ,  ForwardTime: 0.209  ,  TotalTime: 0.586  ,  Loss/total: 0.65862  ,  Loss/giou: 0.17717  ,  Loss/l1: 0.01228  ,  Loss/location: 0.21715  ,  pro_loss: 0.12580  ,  IoU: 0.83585  ,  Loss/sim: 1.36711  ,  Loss/distill: 1.37719
[train: Epoch 23, 2400 / 2500] FPS: 10.2 (13.8)  ,  DataTime: 0.375 (0.002)  ,  ForwardTime: 0.209  ,  TotalTime: 0.585  ,  Loss/total: 0.65895  ,  Loss/giou: 0.17720  ,  Loss/l1: 0.01231  ,  Loss/location: 0.21731  ,  pro_loss: 0.12575  ,  IoU: 0.83589  ,  Loss/sim: 1.36663  ,  Loss/distill: 1.37714
[train: Epoch 23, 2450 / 2500] FPS: 10.2 (6.7)  ,  DataTime: 0.375 (0.002)  ,  ForwardTime: 0.209  ,  TotalTime: 0.586  ,  Loss/total: 0.65908  ,  Loss/giou: 0.17732  ,  Loss/l1: 0.01233  ,  Loss/location: 0.21711  ,  pro_loss: 0.12574  ,  IoU: 0.83580  ,  Loss/sim: 1.36776  ,  Loss/distill: 1.37762
[train: Epoch 23, 2500 / 2500] FPS: 10.3 (10.5)  ,  DataTime: 0.374 (0.002)  ,  ForwardTime: 0.209  ,  TotalTime: 0.585  ,  Loss/total: 0.65869  ,  Loss/giou: 0.17720  ,  Loss/l1: 0.01232  ,  Loss/location: 0.21699  ,  pro_loss: 0.12563  ,  IoU: 0.83593  ,  Loss/sim: 1.36715  ,  Loss/distill: 1.37705
[train: Epoch 24, 50 / 2500] FPS: 11.0 (8.4)  ,  DataTime: 0.337 (0.002)  ,  ForwardTime: 0.209  ,  TotalTime: 0.548  ,  Loss/total: 0.65227  ,  Loss/giou: 0.17503  ,  Loss/l1: 0.01219  ,  Loss/location: 0.21537  ,  pro_loss: 0.12667  ,  IoU: 0.83721  ,  Loss/sim: 1.39069  ,  Loss/distill: 1.39933
[train: Epoch 24, 100 / 2500] FPS: 10.7 (11.5)  ,  DataTime: 0.352 (0.002)  ,  ForwardTime: 0.209  ,  TotalTime: 0.562  ,  Loss/total: 0.66262  ,  Loss/giou: 0.17670  ,  Loss/l1: 0.01267  ,  Loss/location: 0.21981  ,  pro_loss: 0.12764  ,  IoU: 0.83681  ,  Loss/sim: 1.37446  ,  Loss/distill: 1.40137
[train: Epoch 24, 150 / 2500] FPS: 10.7 (8.6)  ,  DataTime: 0.352 (0.002)  ,  ForwardTime: 0.209  ,  TotalTime: 0.562  ,  Loss/total: 0.66047  ,  Loss/giou: 0.17690  ,  Loss/l1: 0.01234  ,  Loss/location: 0.21847  ,  pro_loss: 0.12972  ,  IoU: 0.83598  ,  Loss/sim: 1.36399  ,  Loss/distill: 1.39076
[train: Epoch 24, 200 / 2500] FPS: 10.9 (11.8)  ,  DataTime: 0.340 (0.002)  ,  ForwardTime: 0.209  ,  TotalTime: 0.551  ,  Loss/total: 0.65952  ,  Loss/giou: 0.17781  ,  Loss/l1: 0.01235  ,  Loss/location: 0.21588  ,  pro_loss: 0.12854  ,  IoU: 0.83512  ,  Loss/sim: 1.36101  ,  Loss/distill: 1.38704
[train: Epoch 24, 250 / 2500] FPS: 10.7 (8.0)  ,  DataTime: 0.351 (0.002)  ,  ForwardTime: 0.209  ,  TotalTime: 0.562  ,  Loss/total: 0.66495  ,  Loss/giou: 0.17936  ,  Loss/l1: 0.01251  ,  Loss/location: 0.21742  ,  pro_loss: 0.12861  ,  IoU: 0.83381  ,  Loss/sim: 1.37066  ,  Loss/distill: 1.38984
[train: Epoch 24, 300 / 2500] FPS: 10.8 (13.5)  ,  DataTime: 0.347 (0.002)  ,  ForwardTime: 0.209  ,  TotalTime: 0.558  ,  Loss/total: 0.66608  ,  Loss/giou: 0.17945  ,  Loss/l1: 0.01252  ,  Loss/location: 0.21864  ,  pro_loss: 0.12699  ,  IoU: 0.83385  ,  Loss/sim: 1.36459  ,  Loss/distill: 1.38550
[train: Epoch 24, 350 / 2500] FPS: 10.7 (11.2)  ,  DataTime: 0.348 (0.002)  ,  ForwardTime: 0.209  ,  TotalTime: 0.559  ,  Loss/total: 0.66844  ,  Loss/giou: 0.18008  ,  Loss/l1: 0.01249  ,  Loss/location: 0.21984  ,  pro_loss: 0.12726  ,  IoU: 0.83321  ,  Loss/sim: 1.36328  ,  Loss/distill: 1.38216
[train: Epoch 24, 400 / 2500] FPS: 10.7 (11.5)  ,  DataTime: 0.351 (0.002)  ,  ForwardTime: 0.209  ,  TotalTime: 0.561  ,  Loss/total: 0.66854  ,  Loss/giou: 0.18082  ,  Loss/l1: 0.01257  ,  Loss/location: 0.21803  ,  pro_loss: 0.12726  ,  IoU: 0.83272  ,  Loss/sim: 1.36801  ,  Loss/distill: 1.37824
[train: Epoch 24, 450 / 2500] FPS: 10.6 (9.3)  ,  DataTime: 0.354 (0.002)  ,  ForwardTime: 0.211  ,  TotalTime: 0.567  ,  Loss/total: 0.67475  ,  Loss/giou: 0.18166  ,  Loss/l1: 0.01262  ,  Loss/location: 0.22225  ,  pro_loss: 0.12765  ,  IoU: 0.83190  ,  Loss/sim: 1.37348  ,  Loss/distill: 1.38138
[train: Epoch 24, 500 / 2500] FPS: 10.5 (13.0)  ,  DataTime: 0.357 (0.002)  ,  ForwardTime: 0.211  ,  TotalTime: 0.570  ,  Loss/total: 0.67051  ,  Loss/giou: 0.18067  ,  Loss/l1: 0.01248  ,  Loss/location: 0.22075  ,  pro_loss: 0.12736  ,  IoU: 0.83264  ,  Loss/sim: 1.37273  ,  Loss/distill: 1.38221
[train: Epoch 24, 550 / 2500] FPS: 10.6 (9.0)  ,  DataTime: 0.355 (0.002)  ,  ForwardTime: 0.210  ,  TotalTime: 0.567  ,  Loss/total: 0.66776  ,  Loss/giou: 0.17978  ,  Loss/l1: 0.01239  ,  Loss/location: 0.22016  ,  pro_loss: 0.12770  ,  IoU: 0.83344  ,  Loss/sim: 1.37789  ,  Loss/distill: 1.38432
[train: Epoch 24, 600 / 2500] FPS: 10.6 (8.6)  ,  DataTime: 0.355 (0.002)  ,  ForwardTime: 0.210  ,  TotalTime: 0.567  ,  Loss/total: 0.66924  ,  Loss/giou: 0.18021  ,  Loss/l1: 0.01248  ,  Loss/location: 0.22046  ,  pro_loss: 0.12692  ,  IoU: 0.83324  ,  Loss/sim: 1.37273  ,  Loss/distill: 1.38128
[train: Epoch 24, 650 / 2500] FPS: 10.6 (11.1)  ,  DataTime: 0.353 (0.002)  ,  ForwardTime: 0.210  ,  TotalTime: 0.566  ,  Loss/total: 0.66580  ,  Loss/giou: 0.17927  ,  Loss/l1: 0.01240  ,  Loss/location: 0.21934  ,  pro_loss: 0.12697  ,  IoU: 0.83398  ,  Loss/sim: 1.37461  ,  Loss/distill: 1.38216
[train: Epoch 24, 700 / 2500] FPS: 10.6 (11.1)  ,  DataTime: 0.353 (0.002)  ,  ForwardTime: 0.210  ,  TotalTime: 0.565  ,  Loss/total: 0.66764  ,  Loss/giou: 0.17928  ,  Loss/l1: 0.01244  ,  Loss/location: 0.22081  ,  pro_loss: 0.12766  ,  IoU: 0.83403  ,  Loss/sim: 1.37792  ,  Loss/distill: 1.38391
[train: Epoch 24, 750 / 2500] FPS: 10.6 (16.2)  ,  DataTime: 0.354 (0.002)  ,  ForwardTime: 0.210  ,  TotalTime: 0.566  ,  Loss/total: 0.67440  ,  Loss/giou: 0.18083  ,  Loss/l1: 0.01261  ,  Loss/location: 0.22363  ,  pro_loss: 0.12769  ,  IoU: 0.83281  ,  Loss/sim: 1.37689  ,  Loss/distill: 1.38357
[train: Epoch 24, 800 / 2500] FPS: 10.6 (9.9)  ,  DataTime: 0.353 (0.002)  ,  ForwardTime: 0.210  ,  TotalTime: 0.565  ,  Loss/total: 0.67160  ,  Loss/giou: 0.18000  ,  Loss/l1: 0.01253  ,  Loss/location: 0.22281  ,  pro_loss: 0.12797  ,  IoU: 0.83348  ,  Loss/sim: 1.37229  ,  Loss/distill: 1.38196
[train: Epoch 24, 850 / 2500] FPS: 10.6 (7.8)  ,  DataTime: 0.354 (0.002)  ,  ForwardTime: 0.210  ,  TotalTime: 0.566  ,  Loss/total: 0.66789  ,  Loss/giou: 0.17913  ,  Loss/l1: 0.01241  ,  Loss/location: 0.22145  ,  pro_loss: 0.12779  ,  IoU: 0.83416  ,  Loss/sim: 1.37351  ,  Loss/distill: 1.38027
[train: Epoch 24, 900 / 2500] FPS: 10.6 (10.5)  ,  DataTime: 0.354 (0.002)  ,  ForwardTime: 0.210  ,  TotalTime: 0.566  ,  Loss/total: 0.66590  ,  Loss/giou: 0.17837  ,  Loss/l1: 0.01235  ,  Loss/location: 0.22128  ,  pro_loss: 0.12789  ,  IoU: 0.83487  ,  Loss/sim: 1.37162  ,  Loss/distill: 1.37883
[train: Epoch 24, 950 / 2500] FPS: 10.6 (13.3)  ,  DataTime: 0.354 (0.002)  ,  ForwardTime: 0.210  ,  TotalTime: 0.566  ,  Loss/total: 0.66356  ,  Loss/giou: 0.17805  ,  Loss/l1: 0.01230  ,  Loss/location: 0.21983  ,  pro_loss: 0.12788  ,  IoU: 0.83510  ,  Loss/sim: 1.37067  ,  Loss/distill: 1.37875
[train: Epoch 24, 1000 / 2500] FPS: 10.6 (10.3)  ,  DataTime: 0.354 (0.002)  ,  ForwardTime: 0.210  ,  TotalTime: 0.566  ,  Loss/total: 0.66056  ,  Loss/giou: 0.17719  ,  Loss/l1: 0.01217  ,  Loss/location: 0.21923  ,  pro_loss: 0.12768  ,  IoU: 0.83567  ,  Loss/sim: 1.36891  ,  Loss/distill: 1.37738
[train: Epoch 24, 1050 / 2500] FPS: 10.6 (9.2)  ,  DataTime: 0.353 (0.002)  ,  ForwardTime: 0.210  ,  TotalTime: 0.565  ,  Loss/total: 0.65897  ,  Loss/giou: 0.17681  ,  Loss/l1: 0.01214  ,  Loss/location: 0.21856  ,  pro_loss: 0.12779  ,  IoU: 0.83594  ,  Loss/sim: 1.36855  ,  Loss/distill: 1.37677
[train: Epoch 24, 1100 / 2500] FPS: 10.7 (12.9)  ,  DataTime: 0.352 (0.002)  ,  ForwardTime: 0.210  ,  TotalTime: 0.563  ,  Loss/total: 0.65878  ,  Loss/giou: 0.17698  ,  Loss/l1: 0.01217  ,  Loss/location: 0.21780  ,  pro_loss: 0.12822  ,  IoU: 0.83586  ,  Loss/sim: 1.36543  ,  Loss/distill: 1.37504
[train: Epoch 24, 1150 / 2500] FPS: 10.7 (10.6)  ,  DataTime: 0.351 (0.002)  ,  ForwardTime: 0.209  ,  TotalTime: 0.562  ,  Loss/total: 0.65649  ,  Loss/giou: 0.17640  ,  Loss/l1: 0.01213  ,  Loss/location: 0.21690  ,  pro_loss: 0.12809  ,  IoU: 0.83632  ,  Loss/sim: 1.36358  ,  Loss/distill: 1.37452
[train: Epoch 24, 1200 / 2500] FPS: 10.6 (10.1)  ,  DataTime: 0.353 (0.002)  ,  ForwardTime: 0.209  ,  TotalTime: 0.564  ,  Loss/total: 0.65511  ,  Loss/giou: 0.17607  ,  Loss/l1: 0.01206  ,  Loss/location: 0.21657  ,  pro_loss: 0.12778  ,  IoU: 0.83649  ,  Loss/sim: 1.36353  ,  Loss/distill: 1.37406
[train: Epoch 24, 1250 / 2500] FPS: 10.6 (16.8)  ,  DataTime: 0.356 (0.002)  ,  ForwardTime: 0.209  ,  TotalTime: 0.567  ,  Loss/total: 0.65308  ,  Loss/giou: 0.17550  ,  Loss/l1: 0.01199  ,  Loss/location: 0.21600  ,  pro_loss: 0.12794  ,  IoU: 0.83692  ,  Loss/sim: 1.36278  ,  Loss/distill: 1.37286
[train: Epoch 24, 1300 / 2500] FPS: 10.6 (13.5)  ,  DataTime: 0.356 (0.002)  ,  ForwardTime: 0.209  ,  TotalTime: 0.567  ,  Loss/total: 0.64981  ,  Loss/giou: 0.17459  ,  Loss/l1: 0.01188  ,  Loss/location: 0.21502  ,  pro_loss: 0.12816  ,  IoU: 0.83760  ,  Loss/sim: 1.36207  ,  Loss/distill: 1.37256
[train: Epoch 24, 1350 / 2500] FPS: 10.6 (9.9)  ,  DataTime: 0.355 (0.002)  ,  ForwardTime: 0.209  ,  TotalTime: 0.567  ,  Loss/total: 0.64892  ,  Loss/giou: 0.17424  ,  Loss/l1: 0.01182  ,  Loss/location: 0.21513  ,  pro_loss: 0.12820  ,  IoU: 0.83782  ,  Loss/sim: 1.36197  ,  Loss/distill: 1.37237
[train: Epoch 24, 1400 / 2500] FPS: 10.6 (10.3)  ,  DataTime: 0.354 (0.002)  ,  ForwardTime: 0.209  ,  TotalTime: 0.566  ,  Loss/total: 0.64895  ,  Loss/giou: 0.17415  ,  Loss/l1: 0.01182  ,  Loss/location: 0.21534  ,  pro_loss: 0.12841  ,  IoU: 0.83786  ,  Loss/sim: 1.36265  ,  Loss/distill: 1.37162
[train: Epoch 24, 1450 / 2500] FPS: 10.6 (12.0)  ,  DataTime: 0.355 (0.002)  ,  ForwardTime: 0.209  ,  TotalTime: 0.566  ,  Loss/total: 0.64835  ,  Loss/giou: 0.17397  ,  Loss/l1: 0.01179  ,  Loss/location: 0.21523  ,  pro_loss: 0.12844  ,  IoU: 0.83800  ,  Loss/sim: 1.36179  ,  Loss/distill: 1.37102
[train: Epoch 24, 1500 / 2500] FPS: 10.6 (13.9)  ,  DataTime: 0.354 (0.002)  ,  ForwardTime: 0.209  ,  TotalTime: 0.566  ,  Loss/total: 0.64761  ,  Loss/giou: 0.17379  ,  Loss/l1: 0.01177  ,  Loss/location: 0.21498  ,  pro_loss: 0.12822  ,  IoU: 0.83816  ,  Loss/sim: 1.36150  ,  Loss/distill: 1.36967
[train: Epoch 24, 1550 / 2500] FPS: 10.6 (7.4)  ,  DataTime: 0.355 (0.002)  ,  ForwardTime: 0.209  ,  TotalTime: 0.566  ,  Loss/total: 0.64773  ,  Loss/giou: 0.17389  ,  Loss/l1: 0.01178  ,  Loss/location: 0.21484  ,  pro_loss: 0.12841  ,  IoU: 0.83808  ,  Loss/sim: 1.36040  ,  Loss/distill: 1.36821
[train: Epoch 24, 1600 / 2500] FPS: 10.6 (13.1)  ,  DataTime: 0.355 (0.002)  ,  ForwardTime: 0.209  ,  TotalTime: 0.566  ,  Loss/total: 0.64874  ,  Loss/giou: 0.17420  ,  Loss/l1: 0.01186  ,  Loss/location: 0.21481  ,  pro_loss: 0.12845  ,  IoU: 0.83791  ,  Loss/sim: 1.35970  ,  Loss/distill: 1.36743
[train: Epoch 24, 1650 / 2500] FPS: 10.6 (8.5)  ,  DataTime: 0.354 (0.002)  ,  ForwardTime: 0.209  ,  TotalTime: 0.566  ,  Loss/total: 0.64994  ,  Loss/giou: 0.17450  ,  Loss/l1: 0.01192  ,  Loss/location: 0.21513  ,  pro_loss: 0.12848  ,  IoU: 0.83770  ,  Loss/sim: 1.35780  ,  Loss/distill: 1.36709
[train: Epoch 24, 1700 / 2500] FPS: 10.6 (8.7)  ,  DataTime: 0.355 (0.002)  ,  ForwardTime: 0.209  ,  TotalTime: 0.566  ,  Loss/total: 0.65080  ,  Loss/giou: 0.17460  ,  Loss/l1: 0.01192  ,  Loss/location: 0.21573  ,  pro_loss: 0.12858  ,  IoU: 0.83753  ,  Loss/sim: 1.35755  ,  Loss/distill: 1.36635
[train: Epoch 24, 1750 / 2500] FPS: 10.6 (9.7)  ,  DataTime: 0.355 (0.002)  ,  ForwardTime: 0.209  ,  TotalTime: 0.566  ,  Loss/total: 0.65132  ,  Loss/giou: 0.17481  ,  Loss/l1: 0.01195  ,  Loss/location: 0.21570  ,  pro_loss: 0.12844  ,  IoU: 0.83738  ,  Loss/sim: 1.35717  ,  Loss/distill: 1.36601
[train: Epoch 24, 1800 / 2500] FPS: 10.6 (8.0)  ,  DataTime: 0.355 (0.002)  ,  ForwardTime: 0.209  ,  TotalTime: 0.566  ,  Loss/total: 0.65189  ,  Loss/giou: 0.17499  ,  Loss/l1: 0.01197  ,  Loss/location: 0.21583  ,  pro_loss: 0.12853  ,  IoU: 0.83723  ,  Loss/sim: 1.35809  ,  Loss/distill: 1.36687
[train: Epoch 24, 1850 / 2500] FPS: 10.6 (8.7)  ,  DataTime: 0.355 (0.002)  ,  ForwardTime: 0.209  ,  TotalTime: 0.566  ,  Loss/total: 0.65160  ,  Loss/giou: 0.17507  ,  Loss/l1: 0.01196  ,  Loss/location: 0.21538  ,  pro_loss: 0.12868  ,  IoU: 0.83719  ,  Loss/sim: 1.35793  ,  Loss/distill: 1.36670
[train: Epoch 24, 1900 / 2500] FPS: 10.6 (10.2)  ,  DataTime: 0.354 (0.002)  ,  ForwardTime: 0.209  ,  TotalTime: 0.565  ,  Loss/total: 0.65211  ,  Loss/giou: 0.17503  ,  Loss/l1: 0.01196  ,  Loss/location: 0.21597  ,  pro_loss: 0.12882  ,  IoU: 0.83721  ,  Loss/sim: 1.35748  ,  Loss/distill: 1.36644
[train: Epoch 24, 1950 / 2500] FPS: 10.6 (16.3)  ,  DataTime: 0.354 (0.002)  ,  ForwardTime: 0.209  ,  TotalTime: 0.565  ,  Loss/total: 0.65002  ,  Loss/giou: 0.17454  ,  Loss/l1: 0.01189  ,  Loss/location: 0.21514  ,  pro_loss: 0.12888  ,  IoU: 0.83759  ,  Loss/sim: 1.35701  ,  Loss/distill: 1.36537
[train: Epoch 24, 2000 / 2500] FPS: 10.6 (11.2)  ,  DataTime: 0.354 (0.002)  ,  ForwardTime: 0.209  ,  TotalTime: 0.565  ,  Loss/total: 0.65151  ,  Loss/giou: 0.17488  ,  Loss/l1: 0.01193  ,  Loss/location: 0.21577  ,  pro_loss: 0.12881  ,  IoU: 0.83728  ,  Loss/sim: 1.35686  ,  Loss/distill: 1.36560
[train: Epoch 24, 2050 / 2500] FPS: 10.6 (11.7)  ,  DataTime: 0.354 (0.002)  ,  ForwardTime: 0.209  ,  TotalTime: 0.566  ,  Loss/total: 0.65070  ,  Loss/giou: 0.17471  ,  Loss/l1: 0.01190  ,  Loss/location: 0.21543  ,  pro_loss: 0.12887  ,  IoU: 0.83739  ,  Loss/sim: 1.35748  ,  Loss/distill: 1.36603
[train: Epoch 24, 2100 / 2500] FPS: 10.6 (9.2)  ,  DataTime: 0.355 (0.002)  ,  ForwardTime: 0.209  ,  TotalTime: 0.566  ,  Loss/total: 0.65087  ,  Loss/giou: 0.17473  ,  Loss/l1: 0.01190  ,  Loss/location: 0.21565  ,  pro_loss: 0.12865  ,  IoU: 0.83736  ,  Loss/sim: 1.35782  ,  Loss/distill: 1.36560
[train: Epoch 24, 2150 / 2500] FPS: 10.6 (8.9)  ,  DataTime: 0.355 (0.002)  ,  ForwardTime: 0.209  ,  TotalTime: 0.566  ,  Loss/total: 0.65108  ,  Loss/giou: 0.17483  ,  Loss/l1: 0.01191  ,  Loss/location: 0.21561  ,  pro_loss: 0.12870  ,  IoU: 0.83726  ,  Loss/sim: 1.35824  ,  Loss/distill: 1.36574
[train: Epoch 24, 2200 / 2500] FPS: 10.6 (1.4)  ,  DataTime: 0.356 (0.002)  ,  ForwardTime: 0.209  ,  TotalTime: 0.568  ,  Loss/total: 0.65128  ,  Loss/giou: 0.17484  ,  Loss/l1: 0.01190  ,  Loss/location: 0.21583  ,  pro_loss: 0.12868  ,  IoU: 0.83724  ,  Loss/sim: 1.35851  ,  Loss/distill: 1.36555
[train: Epoch 24, 2250 / 2500] FPS: 10.6 (8.9)  ,  DataTime: 0.357 (0.002)  ,  ForwardTime: 0.209  ,  TotalTime: 0.568  ,  Loss/total: 0.65091  ,  Loss/giou: 0.17476  ,  Loss/l1: 0.01188  ,  Loss/location: 0.21573  ,  pro_loss: 0.12856  ,  IoU: 0.83726  ,  Loss/sim: 1.35875  ,  Loss/distill: 1.36531
[train: Epoch 24, 2300 / 2500] FPS: 10.6 (17.5)  ,  DataTime: 0.357 (0.002)  ,  ForwardTime: 0.209  ,  TotalTime: 0.568  ,  Loss/total: 0.65025  ,  Loss/giou: 0.17471  ,  Loss/l1: 0.01186  ,  Loss/location: 0.21526  ,  pro_loss: 0.12853  ,  IoU: 0.83732  ,  Loss/sim: 1.35866  ,  Loss/distill: 1.36519
[train: Epoch 24, 2350 / 2500] FPS: 10.5 (11.6)  ,  DataTime: 0.358 (0.002)  ,  ForwardTime: 0.209  ,  TotalTime: 0.569  ,  Loss/total: 0.65064  ,  Loss/giou: 0.17476  ,  Loss/l1: 0.01188  ,  Loss/location: 0.21550  ,  pro_loss: 0.12841  ,  IoU: 0.83729  ,  Loss/sim: 1.35815  ,  Loss/distill: 1.36480
[train: Epoch 24, 2400 / 2500] FPS: 10.5 (13.9)  ,  DataTime: 0.358 (0.002)  ,  ForwardTime: 0.209  ,  TotalTime: 0.569  ,  Loss/total: 0.65135  ,  Loss/giou: 0.17494  ,  Loss/l1: 0.01191  ,  Loss/location: 0.21571  ,  pro_loss: 0.12836  ,  IoU: 0.83718  ,  Loss/sim: 1.35815  ,  Loss/distill: 1.36500
[train: Epoch 24, 2450 / 2500] FPS: 10.5 (8.4)  ,  DataTime: 0.358 (0.002)  ,  ForwardTime: 0.209  ,  TotalTime: 0.569  ,  Loss/total: 0.65199  ,  Loss/giou: 0.17511  ,  Loss/l1: 0.01195  ,  Loss/location: 0.21582  ,  pro_loss: 0.12822  ,  IoU: 0.83709  ,  Loss/sim: 1.35737  ,  Loss/distill: 1.36470
[train: Epoch 24, 2500 / 2500] FPS: 10.5 (13.4)  ,  DataTime: 0.359 (0.002)  ,  ForwardTime: 0.209  ,  TotalTime: 0.570  ,  Loss/total: 0.65144  ,  Loss/giou: 0.17507  ,  Loss/l1: 0.01195  ,  Loss/location: 0.21537  ,  pro_loss: 0.12818  ,  IoU: 0.83715  ,  Loss/sim: 1.35655  ,  Loss/distill: 1.36372
[train: Epoch 25, 50 / 2500] FPS: 11.1 (10.6)  ,  DataTime: 0.331 (0.002)  ,  ForwardTime: 0.208  ,  TotalTime: 0.542  ,  Loss/total: 0.63459  ,  Loss/giou: 0.17084  ,  Loss/l1: 0.01190  ,  Loss/location: 0.20697  ,  pro_loss: 0.12944  ,  IoU: 0.84193  ,  Loss/sim: 1.38091  ,  Loss/distill: 1.36467
[train: Epoch 25, 100 / 2500] FPS: 9.9 (9.9)  ,  DataTime: 0.394 (0.002)  ,  ForwardTime: 0.209  ,  TotalTime: 0.604  ,  Loss/total: 0.68767  ,  Loss/giou: 0.18357  ,  Loss/l1: 0.01344  ,  Loss/location: 0.22667  ,  pro_loss: 0.13056  ,  IoU: 0.83142  ,  Loss/sim: 1.35145  ,  Loss/distill: 1.36242
[train: Epoch 25, 150 / 2500] FPS: 10.0 (9.5)  ,  DataTime: 0.391 (0.002)  ,  ForwardTime: 0.208  ,  TotalTime: 0.601  ,  Loss/total: 0.68036  ,  Loss/giou: 0.18071  ,  Loss/l1: 0.01291  ,  Loss/location: 0.22803  ,  pro_loss: 0.12907  ,  IoU: 0.83311  ,  Loss/sim: 1.34767  ,  Loss/distill: 1.35271
[train: Epoch 25, 200 / 2500] FPS: 10.1 (10.6)  ,  DataTime: 0.385 (0.002)  ,  ForwardTime: 0.208  ,  TotalTime: 0.595  ,  Loss/total: 0.68179  ,  Loss/giou: 0.18179  ,  Loss/l1: 0.01319  ,  Loss/location: 0.22618  ,  pro_loss: 0.12771  ,  IoU: 0.83267  ,  Loss/sim: 1.35520  ,  Loss/distill: 1.35474
[train: Epoch 25, 250 / 2500] FPS: 10.3 (10.7)  ,  DataTime: 0.373 (0.002)  ,  ForwardTime: 0.208  ,  TotalTime: 0.584  ,  Loss/total: 0.66931  ,  Loss/giou: 0.17985  ,  Loss/l1: 0.01295  ,  Loss/location: 0.21893  ,  pro_loss: 0.12694  ,  IoU: 0.83444  ,  Loss/sim: 1.35849  ,  Loss/distill: 1.35498
[train: Epoch 25, 300 / 2500] FPS: 10.3 (9.0)  ,  DataTime: 0.372 (0.002)  ,  ForwardTime: 0.208  ,  TotalTime: 0.582  ,  Loss/total: 0.67585  ,  Loss/giou: 0.18217  ,  Loss/l1: 0.01321  ,  Loss/location: 0.21953  ,  pro_loss: 0.12690  ,  IoU: 0.83255  ,  Loss/sim: 1.35288  ,  Loss/distill: 1.35425
[train: Epoch 25, 350 / 2500] FPS: 10.3 (15.2)  ,  DataTime: 0.369 (0.002)  ,  ForwardTime: 0.208  ,  TotalTime: 0.580  ,  Loss/total: 0.67025  ,  Loss/giou: 0.18009  ,  Loss/l1: 0.01303  ,  Loss/location: 0.21882  ,  pro_loss: 0.12782  ,  IoU: 0.83407  ,  Loss/sim: 1.34474  ,  Loss/distill: 1.35015
[train: Epoch 25, 400 / 2500] FPS: 10.4 (12.0)  ,  DataTime: 0.369 (0.002)  ,  ForwardTime: 0.209  ,  TotalTime: 0.580  ,  Loss/total: 0.67180  ,  Loss/giou: 0.18058  ,  Loss/l1: 0.01294  ,  Loss/location: 0.21993  ,  pro_loss: 0.12733  ,  IoU: 0.83365  ,  Loss/sim: 1.34818  ,  Loss/distill: 1.35079
[train: Epoch 25, 450 / 2500] FPS: 10.4 (9.4)  ,  DataTime: 0.368 (0.002)  ,  ForwardTime: 0.209  ,  TotalTime: 0.578  ,  Loss/total: 0.67314  ,  Loss/giou: 0.18090  ,  Loss/l1: 0.01302  ,  Loss/location: 0.22043  ,  pro_loss: 0.12636  ,  IoU: 0.83347  ,  Loss/sim: 1.34955  ,  Loss/distill: 1.35110
[train: Epoch 25, 500 / 2500] FPS: 10.3 (11.2)  ,  DataTime: 0.372 (0.002)  ,  ForwardTime: 0.209  ,  TotalTime: 0.583  ,  Loss/total: 0.66512  ,  Loss/giou: 0.17858  ,  Loss/l1: 0.01271  ,  Loss/location: 0.21856  ,  pro_loss: 0.12664  ,  IoU: 0.83515  ,  Loss/sim: 1.35415  ,  Loss/distill: 1.35267
[train: Epoch 25, 550 / 2500] FPS: 10.4 (15.0)  ,  DataTime: 0.369 (0.002)  ,  ForwardTime: 0.209  ,  TotalTime: 0.579  ,  Loss/total: 0.65830  ,  Loss/giou: 0.17685  ,  Loss/l1: 0.01246  ,  Loss/location: 0.21638  ,  pro_loss: 0.12697  ,  IoU: 0.83647  ,  Loss/sim: 1.35171  ,  Loss/distill: 1.35221
[train: Epoch 25, 600 / 2500] FPS: 10.4 (9.9)  ,  DataTime: 0.365 (0.002)  ,  ForwardTime: 0.209  ,  TotalTime: 0.576  ,  Loss/total: 0.65565  ,  Loss/giou: 0.17635  ,  Loss/l1: 0.01237  ,  Loss/location: 0.21519  ,  pro_loss: 0.12692  ,  IoU: 0.83683  ,  Loss/sim: 1.35148  ,  Loss/distill: 1.35248
[train: Epoch 25, 650 / 2500] FPS: 10.4 (12.1)  ,  DataTime: 0.364 (0.002)  ,  ForwardTime: 0.209  ,  TotalTime: 0.574  ,  Loss/total: 0.65552  ,  Loss/giou: 0.17673  ,  Loss/l1: 0.01244  ,  Loss/location: 0.21398  ,  pro_loss: 0.12669  ,  IoU: 0.83664  ,  Loss/sim: 1.35151  ,  Loss/distill: 1.35171
[train: Epoch 25, 700 / 2500] FPS: 10.5 (12.8)  ,  DataTime: 0.363 (0.002)  ,  ForwardTime: 0.209  ,  TotalTime: 0.574  ,  Loss/total: 0.65361  ,  Loss/giou: 0.17600  ,  Loss/l1: 0.01236  ,  Loss/location: 0.21389  ,  pro_loss: 0.12691  ,  IoU: 0.83725  ,  Loss/sim: 1.35138  ,  Loss/distill: 1.35077
[train: Epoch 25, 750 / 2500] FPS: 10.5 (12.7)  ,  DataTime: 0.362 (0.002)  ,  ForwardTime: 0.209  ,  TotalTime: 0.572  ,  Loss/total: 0.65722  ,  Loss/giou: 0.17735  ,  Loss/l1: 0.01246  ,  Loss/location: 0.21420  ,  pro_loss: 0.12722  ,  IoU: 0.83623  ,  Loss/sim: 1.35375  ,  Loss/distill: 1.35141
[train: Epoch 25, 800 / 2500] FPS: 10.5 (10.0)  ,  DataTime: 0.360 (0.002)  ,  ForwardTime: 0.209  ,  TotalTime: 0.571  ,  Loss/total: 0.65777  ,  Loss/giou: 0.17734  ,  Loss/l1: 0.01244  ,  Loss/location: 0.21478  ,  pro_loss: 0.12780  ,  IoU: 0.83628  ,  Loss/sim: 1.35555  ,  Loss/distill: 1.35193
[train: Epoch 25, 850 / 2500] FPS: 10.5 (10.0)  ,  DataTime: 0.359 (0.002)  ,  ForwardTime: 0.209  ,  TotalTime: 0.570  ,  Loss/total: 0.65393  ,  Loss/giou: 0.17649  ,  Loss/l1: 0.01230  ,  Loss/location: 0.21340  ,  pro_loss: 0.12755  ,  IoU: 0.83677  ,  Loss/sim: 1.35494  ,  Loss/distill: 1.35234
[train: Epoch 25, 900 / 2500] FPS: 10.5 (12.5)  ,  DataTime: 0.359 (0.002)  ,  ForwardTime: 0.209  ,  TotalTime: 0.570  ,  Loss/total: 0.65206  ,  Loss/giou: 0.17616  ,  Loss/l1: 0.01226  ,  Loss/location: 0.21228  ,  pro_loss: 0.12801  ,  IoU: 0.83709  ,  Loss/sim: 1.35635  ,  Loss/distill: 1.35280
[train: Epoch 25, 950 / 2500] FPS: 10.5 (10.4)  ,  DataTime: 0.359 (0.002)  ,  ForwardTime: 0.209  ,  TotalTime: 0.570  ,  Loss/total: 0.65532  ,  Loss/giou: 0.17720  ,  Loss/l1: 0.01239  ,  Loss/location: 0.21289  ,  pro_loss: 0.12776  ,  IoU: 0.83633  ,  Loss/sim: 1.35433  ,  Loss/distill: 1.35152
[train: Epoch 25, 1000 / 2500] FPS: 10.5 (6.7)  ,  DataTime: 0.360 (0.002)  ,  ForwardTime: 0.209  ,  TotalTime: 0.570  ,  Loss/total: 0.65599  ,  Loss/giou: 0.17729  ,  Loss/l1: 0.01238  ,  Loss/location: 0.21335  ,  pro_loss: 0.12802  ,  IoU: 0.83621  ,  Loss/sim: 1.35044  ,  Loss/distill: 1.35051
[train: Epoch 25, 1050 / 2500] FPS: 10.5 (7.8)  ,  DataTime: 0.360 (0.002)  ,  ForwardTime: 0.209  ,  TotalTime: 0.571  ,  Loss/total: 0.65827  ,  Loss/giou: 0.17793  ,  Loss/l1: 0.01242  ,  Loss/location: 0.21415  ,  pro_loss: 0.12802  ,  IoU: 0.83569  ,  Loss/sim: 1.34877  ,  Loss/distill: 1.34924
[train: Epoch 25, 1100 / 2500] FPS: 10.5 (15.2)  ,  DataTime: 0.362 (0.002)  ,  ForwardTime: 0.209  ,  TotalTime: 0.573  ,  Loss/total: 0.65740  ,  Loss/giou: 0.17770  ,  Loss/l1: 0.01238  ,  Loss/location: 0.21392  ,  pro_loss: 0.12815  ,  IoU: 0.83576  ,  Loss/sim: 1.34867  ,  Loss/distill: 1.34905
[train: Epoch 25, 1150 / 2500] FPS: 10.5 (11.4)  ,  DataTime: 0.362 (0.002)  ,  ForwardTime: 0.209  ,  TotalTime: 0.573  ,  Loss/total: 0.65729  ,  Loss/giou: 0.17753  ,  Loss/l1: 0.01236  ,  Loss/location: 0.21430  ,  pro_loss: 0.12808  ,  IoU: 0.83585  ,  Loss/sim: 1.34541  ,  Loss/distill: 1.34713
[train: Epoch 25, 1200 / 2500] FPS: 10.4 (6.5)  ,  DataTime: 0.368 (0.002)  ,  ForwardTime: 0.209  ,  TotalTime: 0.579  ,  Loss/total: 0.65782  ,  Loss/giou: 0.17790  ,  Loss/l1: 0.01239  ,  Loss/location: 0.21392  ,  pro_loss: 0.12802  ,  IoU: 0.83551  ,  Loss/sim: 1.34328  ,  Loss/distill: 1.34613
[train: Epoch 25, 1250 / 2500] FPS: 10.4 (12.7)  ,  DataTime: 0.367 (0.002)  ,  ForwardTime: 0.209  ,  TotalTime: 0.578  ,  Loss/total: 0.65778  ,  Loss/giou: 0.17806  ,  Loss/l1: 0.01240  ,  Loss/location: 0.21353  ,  pro_loss: 0.12788  ,  IoU: 0.83537  ,  Loss/sim: 1.34222  ,  Loss/distill: 1.34590
[train: Epoch 25, 1300 / 2500] FPS: 10.3 (11.8)  ,  DataTime: 0.371 (0.002)  ,  ForwardTime: 0.209  ,  TotalTime: 0.581  ,  Loss/total: 0.66164  ,  Loss/giou: 0.17896  ,  Loss/l1: 0.01252  ,  Loss/location: 0.21491  ,  pro_loss: 0.12829  ,  IoU: 0.83468  ,  Loss/sim: 1.34141  ,  Loss/distill: 1.34558
[train: Epoch 25, 1350 / 2500] FPS: 10.3 (7.9)  ,  DataTime: 0.370 (0.002)  ,  ForwardTime: 0.209  ,  TotalTime: 0.581  ,  Loss/total: 0.66229  ,  Loss/giou: 0.17918  ,  Loss/l1: 0.01255  ,  Loss/location: 0.21494  ,  pro_loss: 0.12839  ,  IoU: 0.83449  ,  Loss/sim: 1.34324  ,  Loss/distill: 1.34735
[train: Epoch 25, 1400 / 2500] FPS: 10.3 (7.6)  ,  DataTime: 0.370 (0.002)  ,  ForwardTime: 0.209  ,  TotalTime: 0.580  ,  Loss/total: 0.66306  ,  Loss/giou: 0.17932  ,  Loss/l1: 0.01259  ,  Loss/location: 0.21527  ,  pro_loss: 0.12823  ,  IoU: 0.83447  ,  Loss/sim: 1.34366  ,  Loss/distill: 1.34825
[train: Epoch 25, 1450 / 2500] FPS: 10.3 (8.7)  ,  DataTime: 0.369 (0.002)  ,  ForwardTime: 0.209  ,  TotalTime: 0.580  ,  Loss/total: 0.66206  ,  Loss/giou: 0.17907  ,  Loss/l1: 0.01255  ,  Loss/location: 0.21497  ,  pro_loss: 0.12828  ,  IoU: 0.83462  ,  Loss/sim: 1.34446  ,  Loss/distill: 1.34886
[train: Epoch 25, 1500 / 2500] FPS: 10.4 (13.7)  ,  DataTime: 0.369 (0.002)  ,  ForwardTime: 0.209  ,  TotalTime: 0.579  ,  Loss/total: 0.66224  ,  Loss/giou: 0.17900  ,  Loss/l1: 0.01257  ,  Loss/location: 0.21520  ,  pro_loss: 0.12832  ,  IoU: 0.83469  ,  Loss/sim: 1.34381  ,  Loss/distill: 1.34823
[train: Epoch 25, 1550 / 2500] FPS: 10.4 (8.4)  ,  DataTime: 0.369 (0.002)  ,  ForwardTime: 0.209  ,  TotalTime: 0.579  ,  Loss/total: 0.66235  ,  Loss/giou: 0.17912  ,  Loss/l1: 0.01258  ,  Loss/location: 0.21502  ,  pro_loss: 0.12835  ,  IoU: 0.83468  ,  Loss/sim: 1.34278  ,  Loss/distill: 1.34746
[train: Epoch 25, 1600 / 2500] FPS: 10.4 (8.7)  ,  DataTime: 0.368 (0.002)  ,  ForwardTime: 0.209  ,  TotalTime: 0.579  ,  Loss/total: 0.66001  ,  Loss/giou: 0.17861  ,  Loss/l1: 0.01251  ,  Loss/location: 0.21402  ,  pro_loss: 0.12825  ,  IoU: 0.83505  ,  Loss/sim: 1.34206  ,  Loss/distill: 1.34614
[train: Epoch 25, 1650 / 2500] FPS: 10.4 (9.8)  ,  DataTime: 0.368 (0.002)  ,  ForwardTime: 0.209  ,  TotalTime: 0.579  ,  Loss/total: 0.65802  ,  Loss/giou: 0.17826  ,  Loss/l1: 0.01246  ,  Loss/location: 0.21298  ,  pro_loss: 0.12854  ,  IoU: 0.83526  ,  Loss/sim: 1.34087  ,  Loss/distill: 1.34548
[train: Epoch 25, 1700 / 2500] FPS: 10.4 (13.6)  ,  DataTime: 0.368 (0.002)  ,  ForwardTime: 0.209  ,  TotalTime: 0.579  ,  Loss/total: 0.65844  ,  Loss/giou: 0.17824  ,  Loss/l1: 0.01245  ,  Loss/location: 0.21344  ,  pro_loss: 0.12857  ,  IoU: 0.83527  ,  Loss/sim: 1.33936  ,  Loss/distill: 1.34447
[train: Epoch 25, 1750 / 2500] FPS: 10.4 (19.6)  ,  DataTime: 0.368 (0.002)  ,  ForwardTime: 0.209  ,  TotalTime: 0.578  ,  Loss/total: 0.65952  ,  Loss/giou: 0.17837  ,  Loss/l1: 0.01247  ,  Loss/location: 0.21418  ,  pro_loss: 0.12859  ,  IoU: 0.83517  ,  Loss/sim: 1.33963  ,  Loss/distill: 1.34464
[train: Epoch 25, 1800 / 2500] FPS: 10.4 (8.6)  ,  DataTime: 0.367 (0.002)  ,  ForwardTime: 0.209  ,  TotalTime: 0.578  ,  Loss/total: 0.65868  ,  Loss/giou: 0.17813  ,  Loss/l1: 0.01244  ,  Loss/location: 0.21395  ,  pro_loss: 0.12859  ,  IoU: 0.83536  ,  Loss/sim: 1.33967  ,  Loss/distill: 1.34419
[train: Epoch 25, 1850 / 2500] FPS: 10.4 (14.9)  ,  DataTime: 0.366 (0.002)  ,  ForwardTime: 0.209  ,  TotalTime: 0.577  ,  Loss/total: 0.65777  ,  Loss/giou: 0.17787  ,  Loss/l1: 0.01242  ,  Loss/location: 0.21372  ,  pro_loss: 0.12847  ,  IoU: 0.83560  ,  Loss/sim: 1.34028  ,  Loss/distill: 1.34442
[train: Epoch 25, 1900 / 2500] FPS: 10.4 (7.7)  ,  DataTime: 0.367 (0.002)  ,  ForwardTime: 0.209  ,  TotalTime: 0.577  ,  Loss/total: 0.65742  ,  Loss/giou: 0.17776  ,  Loss/l1: 0.01242  ,  Loss/location: 0.21355  ,  pro_loss: 0.12858  ,  IoU: 0.83569  ,  Loss/sim: 1.34005  ,  Loss/distill: 1.34410
[train: Epoch 25, 1950 / 2500] FPS: 10.4 (6.6)  ,  DataTime: 0.367 (0.002)  ,  ForwardTime: 0.209  ,  TotalTime: 0.578  ,  Loss/total: 0.65683  ,  Loss/giou: 0.17751  ,  Loss/l1: 0.01239  ,  Loss/location: 0.21361  ,  pro_loss: 0.12852  ,  IoU: 0.83587  ,  Loss/sim: 1.33999  ,  Loss/distill: 1.34418
[train: Epoch 25, 2000 / 2500] FPS: 10.4 (14.5)  ,  DataTime: 0.367 (0.002)  ,  ForwardTime: 0.209  ,  TotalTime: 0.578  ,  Loss/total: 0.65723  ,  Loss/giou: 0.17751  ,  Loss/l1: 0.01239  ,  Loss/location: 0.21402  ,  pro_loss: 0.12852  ,  IoU: 0.83586  ,  Loss/sim: 1.34112  ,  Loss/distill: 1.34431
[train: Epoch 25, 2050 / 2500] FPS: 10.4 (7.4)  ,  DataTime: 0.366 (0.002)  ,  ForwardTime: 0.209  ,  TotalTime: 0.577  ,  Loss/total: 0.65755  ,  Loss/giou: 0.17766  ,  Loss/l1: 0.01239  ,  Loss/location: 0.21408  ,  pro_loss: 0.12837  ,  IoU: 0.83571  ,  Loss/sim: 1.34259  ,  Loss/distill: 1.34528
[train: Epoch 25, 2100 / 2500] FPS: 10.4 (14.3)  ,  DataTime: 0.365 (0.002)  ,  ForwardTime: 0.209  ,  TotalTime: 0.576  ,  Loss/total: 0.65866  ,  Loss/giou: 0.17779  ,  Loss/l1: 0.01241  ,  Loss/location: 0.21480  ,  pro_loss: 0.12836  ,  IoU: 0.83565  ,  Loss/sim: 1.34058  ,  Loss/distill: 1.34458
[train: Epoch 25, 2150 / 2500] FPS: 10.4 (14.5)  ,  DataTime: 0.364 (0.002)  ,  ForwardTime: 0.209  ,  TotalTime: 0.575  ,  Loss/total: 0.65761  ,  Loss/giou: 0.17753  ,  Loss/l1: 0.01238  ,  Loss/location: 0.21445  ,  pro_loss: 0.12833  ,  IoU: 0.83586  ,  Loss/sim: 1.34014  ,  Loss/distill: 1.34450
[train: Epoch 25, 2200 / 2500] FPS: 10.4 (10.5)  ,  DataTime: 0.364 (0.002)  ,  ForwardTime: 0.209  ,  TotalTime: 0.575  ,  Loss/total: 0.65829  ,  Loss/giou: 0.17764  ,  Loss/l1: 0.01240  ,  Loss/location: 0.21481  ,  pro_loss: 0.12824  ,  IoU: 0.83577  ,  Loss/sim: 1.33983  ,  Loss/distill: 1.34466
[train: Epoch 25, 2250 / 2500] FPS: 10.4 (15.1)  ,  DataTime: 0.364 (0.002)  ,  ForwardTime: 0.209  ,  TotalTime: 0.575  ,  Loss/total: 0.65746  ,  Loss/giou: 0.17741  ,  Loss/l1: 0.01239  ,  Loss/location: 0.21453  ,  pro_loss: 0.12817  ,  IoU: 0.83595  ,  Loss/sim: 1.33961  ,  Loss/distill: 1.34387
[train: Epoch 25, 2300 / 2500] FPS: 10.4 (9.6)  ,  DataTime: 0.364 (0.002)  ,  ForwardTime: 0.209  ,  TotalTime: 0.575  ,  Loss/total: 0.65849  ,  Loss/giou: 0.17761  ,  Loss/l1: 0.01239  ,  Loss/location: 0.21512  ,  pro_loss: 0.12826  ,  IoU: 0.83575  ,  Loss/sim: 1.33944  ,  Loss/distill: 1.34399
[train: Epoch 25, 2350 / 2500] FPS: 10.4 (13.5)  ,  DataTime: 0.364 (0.002)  ,  ForwardTime: 0.209  ,  TotalTime: 0.575  ,  Loss/total: 0.65836  ,  Loss/giou: 0.17762  ,  Loss/l1: 0.01240  ,  Loss/location: 0.21493  ,  pro_loss: 0.12815  ,  IoU: 0.83575  ,  Loss/sim: 1.33933  ,  Loss/distill: 1.34358
[train: Epoch 25, 2400 / 2500] FPS: 10.4 (12.2)  ,  DataTime: 0.364 (0.002)  ,  ForwardTime: 0.209  ,  TotalTime: 0.575  ,  Loss/total: 0.65747  ,  Loss/giou: 0.17742  ,  Loss/l1: 0.01236  ,  Loss/location: 0.21466  ,  pro_loss: 0.12809  ,  IoU: 0.83586  ,  Loss/sim: 1.33953  ,  Loss/distill: 1.34359
[train: Epoch 25, 2450 / 2500] FPS: 10.4 (7.8)  ,  DataTime: 0.363 (0.002)  ,  ForwardTime: 0.209  ,  TotalTime: 0.574  ,  Loss/total: 0.65773  ,  Loss/giou: 0.17744  ,  Loss/l1: 0.01238  ,  Loss/location: 0.21485  ,  pro_loss: 0.12791  ,  IoU: 0.83583  ,  Loss/sim: 1.33893  ,  Loss/distill: 1.34341
[train: Epoch 25, 2500 / 2500] FPS: 10.4 (10.0)  ,  DataTime: 0.364 (0.002)  ,  ForwardTime: 0.209  ,  TotalTime: 0.575  ,  Loss/total: 0.65769  ,  Loss/giou: 0.17743  ,  Loss/l1: 0.01237  ,  Loss/location: 0.21484  ,  pro_loss: 0.12782  ,  IoU: 0.83582  ,  Loss/sim: 1.33879  ,  Loss/distill: 1.34313
[val: Epoch 25, 50 / 416] FPS: 8.5 (9.6)  ,  DataTime: 0.579 (0.002)  ,  ForwardTime: 0.127  ,  TotalTime: 0.708  ,  Loss/total: 0.78199  ,  Loss/giou: 0.20182  ,  Loss/l1: 0.01469  ,  Loss/location: 0.30448  ,  pro_loss: 0.00083  ,  IoU: 0.81230  ,  Loss/sim: 0.00000  ,  Loss/distill: 1.28888
[val: Epoch 25, 100 / 416] FPS: 8.7 (12.1)  ,  DataTime: 0.559 (0.002)  ,  ForwardTime: 0.127  ,  TotalTime: 0.688  ,  Loss/total: 0.76399  ,  Loss/giou: 0.20102  ,  Loss/l1: 0.01467  ,  Loss/location: 0.28820  ,  pro_loss: 0.00069  ,  IoU: 0.81320  ,  Loss/sim: 0.00000  ,  Loss/distill: 1.29074
[val: Epoch 25, 150 / 416] FPS: 8.7 (6.8)  ,  DataTime: 0.558 (0.002)  ,  ForwardTime: 0.127  ,  TotalTime: 0.687  ,  Loss/total: 0.77206  ,  Loss/giou: 0.20432  ,  Loss/l1: 0.01485  ,  Loss/location: 0.28878  ,  pro_loss: 0.00065  ,  IoU: 0.81067  ,  Loss/sim: 0.00000  ,  Loss/distill: 1.28467
[val: Epoch 25, 200 / 416] FPS: 8.7 (9.7)  ,  DataTime: 0.561 (0.002)  ,  ForwardTime: 0.127  ,  TotalTime: 0.690  ,  Loss/total: 0.76288  ,  Loss/giou: 0.20192  ,  Loss/l1: 0.01460  ,  Loss/location: 0.28559  ,  pro_loss: 0.00090  ,  IoU: 0.81315  ,  Loss/sim: 0.00000  ,  Loss/distill: 1.28096
[val: Epoch 25, 250 / 416] FPS: 8.8 (8.9)  ,  DataTime: 0.556 (0.002)  ,  ForwardTime: 0.127  ,  TotalTime: 0.684  ,  Loss/total: 0.77600  ,  Loss/giou: 0.20408  ,  Loss/l1: 0.01478  ,  Loss/location: 0.29345  ,  pro_loss: 0.00100  ,  IoU: 0.81139  ,  Loss/sim: 0.00000  ,  Loss/distill: 1.28457
[val: Epoch 25, 300 / 416] FPS: 8.7 (10.7)  ,  DataTime: 0.557 (0.002)  ,  ForwardTime: 0.127  ,  TotalTime: 0.686  ,  Loss/total: 0.77277  ,  Loss/giou: 0.20324  ,  Loss/l1: 0.01453  ,  Loss/location: 0.29314  ,  pro_loss: 0.00116  ,  IoU: 0.81157  ,  Loss/sim: 0.00000  ,  Loss/distill: 1.28430
[val: Epoch 25, 350 / 416] FPS: 8.7 (10.6)  ,  DataTime: 0.565 (0.002)  ,  ForwardTime: 0.127  ,  TotalTime: 0.693  ,  Loss/total: 0.77160  ,  Loss/giou: 0.20330  ,  Loss/l1: 0.01456  ,  Loss/location: 0.29166  ,  pro_loss: 0.00131  ,  IoU: 0.81161  ,  Loss/sim: 0.00000  ,  Loss/distill: 1.28343
[val: Epoch 25, 400 / 416] FPS: 8.7 (10.0)  ,  DataTime: 0.561 (0.002)  ,  ForwardTime: 0.127  ,  TotalTime: 0.689  ,  Loss/total: 0.77567  ,  Loss/giou: 0.20389  ,  Loss/l1: 0.01479  ,  Loss/location: 0.29346  ,  pro_loss: 0.00115  ,  IoU: 0.81159  ,  Loss/sim: 0.00000  ,  Loss/distill: 1.28462
[val: Epoch 25, 416 / 416] FPS: 8.7 (7.9)  ,  DataTime: 0.559 (0.002)  ,  ForwardTime: 0.127  ,  TotalTime: 0.688  ,  Loss/total: 0.77635  ,  Loss/giou: 0.20381  ,  Loss/l1: 0.01482  ,  Loss/location: 0.29414  ,  pro_loss: 0.00120  ,  IoU: 0.81166  ,  Loss/sim: 0.00000  ,  Loss/distill: 1.28397
[train: Epoch 26, 50 / 2500] FPS: 9.7 (9.3)  ,  DataTime: 0.406 (0.002)  ,  ForwardTime: 0.208  ,  TotalTime: 0.616  ,  Loss/total: 0.65555  ,  Loss/giou: 0.17407  ,  Loss/l1: 0.01255  ,  Loss/location: 0.21848  ,  pro_loss: 0.12833  ,  IoU: 0.83940  ,  Loss/sim: 1.33805  ,  Loss/distill: 1.33033
[train: Epoch 26, 100 / 2500] FPS: 9.8 (17.0)  ,  DataTime: 0.400 (0.002)  ,  ForwardTime: 0.208  ,  TotalTime: 0.611  ,  Loss/total: 0.65773  ,  Loss/giou: 0.17465  ,  Loss/l1: 0.01240  ,  Loss/location: 0.22073  ,  pro_loss: 0.12569  ,  IoU: 0.83890  ,  Loss/sim: 1.32065  ,  Loss/distill: 1.33341
[train: Epoch 26, 150 / 2500] FPS: 10.1 (12.1)  ,  DataTime: 0.381 (0.002)  ,  ForwardTime: 0.209  ,  TotalTime: 0.591  ,  Loss/total: 0.66045  ,  Loss/giou: 0.17617  ,  Loss/l1: 0.01250  ,  Loss/location: 0.21992  ,  pro_loss: 0.12565  ,  IoU: 0.83745  ,  Loss/sim: 1.33498  ,  Loss/distill: 1.33582
[train: Epoch 26, 200 / 2500] FPS: 10.2 (10.2)  ,  DataTime: 0.379 (0.002)  ,  ForwardTime: 0.209  ,  TotalTime: 0.589  ,  Loss/total: 0.65799  ,  Loss/giou: 0.17497  ,  Loss/l1: 0.01245  ,  Loss/location: 0.21959  ,  pro_loss: 0.12840  ,  IoU: 0.83827  ,  Loss/sim: 1.33251  ,  Loss/distill: 1.33376
[train: Epoch 26, 250 / 2500] FPS: 10.2 (11.0)  ,  DataTime: 0.377 (0.002)  ,  ForwardTime: 0.209  ,  TotalTime: 0.587  ,  Loss/total: 0.65731  ,  Loss/giou: 0.17385  ,  Loss/l1: 0.01228  ,  Loss/location: 0.22183  ,  pro_loss: 0.12922  ,  IoU: 0.83884  ,  Loss/sim: 1.33877  ,  Loss/distill: 1.33810
[train: Epoch 26, 300 / 2500] FPS: 10.3 (10.5)  ,  DataTime: 0.373 (0.002)  ,  ForwardTime: 0.209  ,  TotalTime: 0.584  ,  Loss/total: 0.64782  ,  Loss/giou: 0.17192  ,  Loss/l1: 0.01208  ,  Loss/location: 0.21716  ,  pro_loss: 0.12940  ,  IoU: 0.84037  ,  Loss/sim: 1.33748  ,  Loss/distill: 1.33857
[train: Epoch 26, 350 / 2500] FPS: 10.1 (10.8)  ,  DataTime: 0.382 (0.002)  ,  ForwardTime: 0.209  ,  TotalTime: 0.593  ,  Loss/total: 0.64702  ,  Loss/giou: 0.17254  ,  Loss/l1: 0.01200  ,  Loss/location: 0.21565  ,  pro_loss: 0.12869  ,  IoU: 0.83952  ,  Loss/sim: 1.33952  ,  Loss/distill: 1.33719
[train: Epoch 26, 400 / 2500] FPS: 10.1 (7.3)  ,  DataTime: 0.381 (0.002)  ,  ForwardTime: 0.209  ,  TotalTime: 0.592  ,  Loss/total: 0.64572  ,  Loss/giou: 0.17147  ,  Loss/l1: 0.01182  ,  Loss/location: 0.21735  ,  pro_loss: 0.12906  ,  IoU: 0.84018  ,  Loss/sim: 1.34393  ,  Loss/distill: 1.34064
[train: Epoch 26, 450 / 2500] FPS: 10.2 (15.3)  ,  DataTime: 0.378 (0.002)  ,  ForwardTime: 0.209  ,  TotalTime: 0.589  ,  Loss/total: 0.64708  ,  Loss/giou: 0.17211  ,  Loss/l1: 0.01185  ,  Loss/location: 0.21730  ,  pro_loss: 0.12883  ,  IoU: 0.83988  ,  Loss/sim: 1.33973  ,  Loss/distill: 1.33783
[train: Epoch 26, 500 / 2500] FPS: 10.0 (8.1)  ,  DataTime: 0.389 (0.002)  ,  ForwardTime: 0.209  ,  TotalTime: 0.599  ,  Loss/total: 0.64872  ,  Loss/giou: 0.17261  ,  Loss/l1: 0.01180  ,  Loss/location: 0.21821  ,  pro_loss: 0.12881  ,  IoU: 0.83945  ,  Loss/sim: 1.34023  ,  Loss/distill: 1.33784
[train: Epoch 26, 550 / 2500] FPS: 10.1 (12.7)  ,  DataTime: 0.384 (0.002)  ,  ForwardTime: 0.209  ,  TotalTime: 0.594  ,  Loss/total: 0.64935  ,  Loss/giou: 0.17296  ,  Loss/l1: 0.01190  ,  Loss/location: 0.21763  ,  pro_loss: 0.12886  ,  IoU: 0.83933  ,  Loss/sim: 1.34326  ,  Loss/distill: 1.34003
[train: Epoch 26, 600 / 2500] FPS: 10.1 (8.2)  ,  DataTime: 0.384 (0.002)  ,  ForwardTime: 0.209  ,  TotalTime: 0.595  ,  Loss/total: 0.64969  ,  Loss/giou: 0.17354  ,  Loss/l1: 0.01193  ,  Loss/location: 0.21668  ,  pro_loss: 0.12880  ,  IoU: 0.83885  ,  Loss/sim: 1.34121  ,  Loss/distill: 1.33947
[train: Epoch 26, 650 / 2500] FPS: 10.2 (13.3)  ,  DataTime: 0.380 (0.002)  ,  ForwardTime: 0.209  ,  TotalTime: 0.591  ,  Loss/total: 0.65260  ,  Loss/giou: 0.17448  ,  Loss/l1: 0.01203  ,  Loss/location: 0.21726  ,  pro_loss: 0.12848  ,  IoU: 0.83813  ,  Loss/sim: 1.34331  ,  Loss/distill: 1.34019
[train: Epoch 26, 700 / 2500] FPS: 10.1 (10.1)  ,  DataTime: 0.385 (0.002)  ,  ForwardTime: 0.209  ,  TotalTime: 0.596  ,  Loss/total: 0.65080  ,  Loss/giou: 0.17404  ,  Loss/l1: 0.01198  ,  Loss/location: 0.21662  ,  pro_loss: 0.12841  ,  IoU: 0.83843  ,  Loss/sim: 1.34434  ,  Loss/distill: 1.34062
[train: Epoch 26, 750 / 2500] FPS: 10.1 (12.9)  ,  DataTime: 0.386 (0.002)  ,  ForwardTime: 0.209  ,  TotalTime: 0.596  ,  Loss/total: 0.65293  ,  Loss/giou: 0.17427  ,  Loss/l1: 0.01204  ,  Loss/location: 0.21792  ,  pro_loss: 0.12872  ,  IoU: 0.83829  ,  Loss/sim: 1.34486  ,  Loss/distill: 1.33984
[train: Epoch 26, 800 / 2500] FPS: 10.1 (8.1)  ,  DataTime: 0.386 (0.002)  ,  ForwardTime: 0.209  ,  TotalTime: 0.596  ,  Loss/total: 0.65331  ,  Loss/giou: 0.17454  ,  Loss/l1: 0.01203  ,  Loss/location: 0.21770  ,  pro_loss: 0.12913  ,  IoU: 0.83806  ,  Loss/sim: 1.34319  ,  Loss/distill: 1.33836
[train: Epoch 26, 850 / 2500] FPS: 10.0 (8.0)  ,  DataTime: 0.387 (0.002)  ,  ForwardTime: 0.209  ,  TotalTime: 0.597  ,  Loss/total: 0.65389  ,  Loss/giou: 0.17455  ,  Loss/l1: 0.01205  ,  Loss/location: 0.21818  ,  pro_loss: 0.12926  ,  IoU: 0.83810  ,  Loss/sim: 1.34391  ,  Loss/distill: 1.33684
[train: Epoch 26, 900 / 2500] FPS: 10.0 (9.6)  ,  DataTime: 0.387 (0.002)  ,  ForwardTime: 0.209  ,  TotalTime: 0.598  ,  Loss/total: 0.65118  ,  Loss/giou: 0.17372  ,  Loss/l1: 0.01195  ,  Loss/location: 0.21759  ,  pro_loss: 0.12931  ,  IoU: 0.83872  ,  Loss/sim: 1.34322  ,  Loss/distill: 1.33642
[train: Epoch 26, 950 / 2500] FPS: 10.1 (11.3)  ,  DataTime: 0.385 (0.002)  ,  ForwardTime: 0.209  ,  TotalTime: 0.596  ,  Loss/total: 0.65048  ,  Loss/giou: 0.17368  ,  Loss/l1: 0.01197  ,  Loss/location: 0.21691  ,  pro_loss: 0.12911  ,  IoU: 0.83877  ,  Loss/sim: 1.34391  ,  Loss/distill: 1.33773
[train: Epoch 26, 1000 / 2500] FPS: 10.0 (13.4)  ,  DataTime: 0.387 (0.002)  ,  ForwardTime: 0.209  ,  TotalTime: 0.597  ,  Loss/total: 0.64820  ,  Loss/giou: 0.17324  ,  Loss/l1: 0.01189  ,  Loss/location: 0.21594  ,  pro_loss: 0.12892  ,  IoU: 0.83901  ,  Loss/sim: 1.34253  ,  Loss/distill: 1.33747
[train: Epoch 26, 1050 / 2500] FPS: 10.1 (13.3)  ,  DataTime: 0.386 (0.002)  ,  ForwardTime: 0.209  ,  TotalTime: 0.596  ,  Loss/total: 0.64758  ,  Loss/giou: 0.17341  ,  Loss/l1: 0.01196  ,  Loss/location: 0.21472  ,  pro_loss: 0.12856  ,  IoU: 0.83892  ,  Loss/sim: 1.34176  ,  Loss/distill: 1.33771
[train: Epoch 26, 1100 / 2500] FPS: 10.1 (10.6)  ,  DataTime: 0.385 (0.002)  ,  ForwardTime: 0.209  ,  TotalTime: 0.596  ,  Loss/total: 0.64719  ,  Loss/giou: 0.17352  ,  Loss/l1: 0.01196  ,  Loss/location: 0.21412  ,  pro_loss: 0.12845  ,  IoU: 0.83877  ,  Loss/sim: 1.34353  ,  Loss/distill: 1.33815
[train: Epoch 26, 1150 / 2500] FPS: 10.1 (15.3)  ,  DataTime: 0.382 (0.002)  ,  ForwardTime: 0.209  ,  TotalTime: 0.593  ,  Loss/total: 0.64888  ,  Loss/giou: 0.17404  ,  Loss/l1: 0.01204  ,  Loss/location: 0.21443  ,  pro_loss: 0.12807  ,  IoU: 0.83838  ,  Loss/sim: 1.34371  ,  Loss/distill: 1.33779
[train: Epoch 26, 1200 / 2500] FPS: 10.1 (8.3)  ,  DataTime: 0.381 (0.002)  ,  ForwardTime: 0.209  ,  TotalTime: 0.592  ,  Loss/total: 0.64943  ,  Loss/giou: 0.17413  ,  Loss/l1: 0.01208  ,  Loss/location: 0.21462  ,  pro_loss: 0.12796  ,  IoU: 0.83832  ,  Loss/sim: 1.34242  ,  Loss/distill: 1.33781
[train: Epoch 26, 1250 / 2500] FPS: 10.1 (10.3)  ,  DataTime: 0.385 (0.002)  ,  ForwardTime: 0.209  ,  TotalTime: 0.595  ,  Loss/total: 0.65166  ,  Loss/giou: 0.17458  ,  Loss/l1: 0.01215  ,  Loss/location: 0.21563  ,  pro_loss: 0.12798  ,  IoU: 0.83797  ,  Loss/sim: 1.34383  ,  Loss/distill: 1.33835
[train: Epoch 26, 1300 / 2500] FPS: 10.1 (9.5)  ,  DataTime: 0.384 (0.002)  ,  ForwardTime: 0.209  ,  TotalTime: 0.595  ,  Loss/total: 0.65060  ,  Loss/giou: 0.17447  ,  Loss/l1: 0.01213  ,  Loss/location: 0.21491  ,  pro_loss: 0.12791  ,  IoU: 0.83808  ,  Loss/sim: 1.34255  ,  Loss/distill: 1.33769
[train: Epoch 26, 1350 / 2500] FPS: 10.0 (10.0)  ,  DataTime: 0.390 (0.002)  ,  ForwardTime: 0.209  ,  TotalTime: 0.600  ,  Loss/total: 0.65127  ,  Loss/giou: 0.17485  ,  Loss/l1: 0.01215  ,  Loss/location: 0.21470  ,  pro_loss: 0.12797  ,  IoU: 0.83776  ,  Loss/sim: 1.34359  ,  Loss/distill: 1.33798
[train: Epoch 26, 1400 / 2500] FPS: 10.0 (11.8)  ,  DataTime: 0.388 (0.002)  ,  ForwardTime: 0.209  ,  TotalTime: 0.599  ,  Loss/total: 0.65202  ,  Loss/giou: 0.17504  ,  Loss/l1: 0.01215  ,  Loss/location: 0.21503  ,  pro_loss: 0.12804  ,  IoU: 0.83755  ,  Loss/sim: 1.34317  ,  Loss/distill: 1.33905
[train: Epoch 26, 1450 / 2500] FPS: 10.0 (10.4)  ,  DataTime: 0.388 (0.002)  ,  ForwardTime: 0.209  ,  TotalTime: 0.599  ,  Loss/total: 0.65204  ,  Loss/giou: 0.17484  ,  Loss/l1: 0.01213  ,  Loss/location: 0.21565  ,  pro_loss: 0.12757  ,  IoU: 0.83774  ,  Loss/sim: 1.34320  ,  Loss/distill: 1.33902
[train: Epoch 26, 1500 / 2500] FPS: 10.0 (11.7)  ,  DataTime: 0.388 (0.002)  ,  ForwardTime: 0.209  ,  TotalTime: 0.599  ,  Loss/total: 0.65026  ,  Loss/giou: 0.17430  ,  Loss/l1: 0.01207  ,  Loss/location: 0.21522  ,  pro_loss: 0.12774  ,  IoU: 0.83817  ,  Loss/sim: 1.34291  ,  Loss/distill: 1.33883
[train: Epoch 26, 1550 / 2500] FPS: 10.0 (10.0)  ,  DataTime: 0.387 (0.002)  ,  ForwardTime: 0.209  ,  TotalTime: 0.598  ,  Loss/total: 0.64808  ,  Loss/giou: 0.17358  ,  Loss/l1: 0.01199  ,  Loss/location: 0.21486  ,  pro_loss: 0.12779  ,  IoU: 0.83876  ,  Loss/sim: 1.34263  ,  Loss/distill: 1.33799
[train: Epoch 26, 1600 / 2500] FPS: 10.1 (8.2)  ,  DataTime: 0.386 (0.002)  ,  ForwardTime: 0.209  ,  TotalTime: 0.597  ,  Loss/total: 0.64702  ,  Loss/giou: 0.17317  ,  Loss/l1: 0.01195  ,  Loss/location: 0.21480  ,  pro_loss: 0.12778  ,  IoU: 0.83907  ,  Loss/sim: 1.34306  ,  Loss/distill: 1.33873
[train: Epoch 26, 1650 / 2500] FPS: 10.1 (11.3)  ,  DataTime: 0.386 (0.002)  ,  ForwardTime: 0.209  ,  TotalTime: 0.596  ,  Loss/total: 0.64622  ,  Loss/giou: 0.17301  ,  Loss/l1: 0.01191  ,  Loss/location: 0.21456  ,  pro_loss: 0.12776  ,  IoU: 0.83914  ,  Loss/sim: 1.34326  ,  Loss/distill: 1.33868
[train: Epoch 26, 1700 / 2500] FPS: 10.1 (14.6)  ,  DataTime: 0.385 (0.002)  ,  ForwardTime: 0.209  ,  TotalTime: 0.595  ,  Loss/total: 0.64530  ,  Loss/giou: 0.17275  ,  Loss/l1: 0.01188  ,  Loss/location: 0.21438  ,  pro_loss: 0.12761  ,  IoU: 0.83932  ,  Loss/sim: 1.34249  ,  Loss/distill: 1.33812
[train: Epoch 26, 1750 / 2500] FPS: 10.0 (7.0)  ,  DataTime: 0.389 (0.002)  ,  ForwardTime: 0.209  ,  TotalTime: 0.600  ,  Loss/total: 0.64578  ,  Loss/giou: 0.17292  ,  Loss/l1: 0.01187  ,  Loss/location: 0.21457  ,  pro_loss: 0.12740  ,  IoU: 0.83912  ,  Loss/sim: 1.34235  ,  Loss/distill: 1.33797
[train: Epoch 26, 1800 / 2500] FPS: 10.0 (7.6)  ,  DataTime: 0.389 (0.002)  ,  ForwardTime: 0.209  ,  TotalTime: 0.599  ,  Loss/total: 0.64675  ,  Loss/giou: 0.17312  ,  Loss/l1: 0.01189  ,  Loss/location: 0.21501  ,  pro_loss: 0.12760  ,  IoU: 0.83903  ,  Loss/sim: 1.34153  ,  Loss/distill: 1.33756
[train: Epoch 26, 1850 / 2500] FPS: 10.0 (9.8)  ,  DataTime: 0.389 (0.002)  ,  ForwardTime: 0.209  ,  TotalTime: 0.599  ,  Loss/total: 0.64674  ,  Loss/giou: 0.17318  ,  Loss/l1: 0.01188  ,  Loss/location: 0.21493  ,  pro_loss: 0.12761  ,  IoU: 0.83895  ,  Loss/sim: 1.33972  ,  Loss/distill: 1.33676
[train: Epoch 26, 1900 / 2500] FPS: 10.0 (9.1)  ,  DataTime: 0.389 (0.002)  ,  ForwardTime: 0.209  ,  TotalTime: 0.599  ,  Loss/total: 0.64553  ,  Loss/giou: 0.17288  ,  Loss/l1: 0.01184  ,  Loss/location: 0.21454  ,  pro_loss: 0.12733  ,  IoU: 0.83920  ,  Loss/sim: 1.34003  ,  Loss/distill: 1.33687
[train: Epoch 26, 1950 / 2500] FPS: 10.0 (9.9)  ,  DataTime: 0.388 (0.002)  ,  ForwardTime: 0.209  ,  TotalTime: 0.599  ,  Loss/total: 0.64724  ,  Loss/giou: 0.17330  ,  Loss/l1: 0.01189  ,  Loss/location: 0.21522  ,  pro_loss: 0.12725  ,  IoU: 0.83884  ,  Loss/sim: 1.34122  ,  Loss/distill: 1.33732
[train: Epoch 26, 2000 / 2500] FPS: 10.0 (12.6)  ,  DataTime: 0.388 (0.002)  ,  ForwardTime: 0.209  ,  TotalTime: 0.598  ,  Loss/total: 0.64609  ,  Loss/giou: 0.17291  ,  Loss/l1: 0.01184  ,  Loss/location: 0.21511  ,  pro_loss: 0.12714  ,  IoU: 0.83910  ,  Loss/sim: 1.34055  ,  Loss/distill: 1.33678
[train: Epoch 26, 2050 / 2500] FPS: 10.0 (11.9)  ,  DataTime: 0.387 (0.002)  ,  ForwardTime: 0.209  ,  TotalTime: 0.598  ,  Loss/total: 0.64533  ,  Loss/giou: 0.17279  ,  Loss/l1: 0.01182  ,  Loss/location: 0.21476  ,  pro_loss: 0.12685  ,  IoU: 0.83919  ,  Loss/sim: 1.34028  ,  Loss/distill: 1.33705
[train: Epoch 26, 2100 / 2500] FPS: 10.0 (9.4)  ,  DataTime: 0.387 (0.002)  ,  ForwardTime: 0.209  ,  TotalTime: 0.597  ,  Loss/total: 0.64462  ,  Loss/giou: 0.17271  ,  Loss/l1: 0.01180  ,  Loss/location: 0.21433  ,  pro_loss: 0.12682  ,  IoU: 0.83926  ,  Loss/sim: 1.34086  ,  Loss/distill: 1.33732
[train: Epoch 26, 2150 / 2500] FPS: 10.0 (9.2)  ,  DataTime: 0.387 (0.002)  ,  ForwardTime: 0.209  ,  TotalTime: 0.597  ,  Loss/total: 0.64468  ,  Loss/giou: 0.17269  ,  Loss/l1: 0.01178  ,  Loss/location: 0.21450  ,  pro_loss: 0.12689  ,  IoU: 0.83924  ,  Loss/sim: 1.34136  ,  Loss/distill: 1.33724
[train: Epoch 26, 2200 / 2500] FPS: 10.0 (16.1)  ,  DataTime: 0.387 (0.002)  ,  ForwardTime: 0.209  ,  TotalTime: 0.597  ,  Loss/total: 0.64393  ,  Loss/giou: 0.17243  ,  Loss/l1: 0.01173  ,  Loss/location: 0.21449  ,  pro_loss: 0.12693  ,  IoU: 0.83942  ,  Loss/sim: 1.34218  ,  Loss/distill: 1.33725
[train: Epoch 26, 2250 / 2500] FPS: 10.1 (13.8)  ,  DataTime: 0.386 (0.002)  ,  ForwardTime: 0.209  ,  TotalTime: 0.596  ,  Loss/total: 0.64407  ,  Loss/giou: 0.17234  ,  Loss/l1: 0.01172  ,  Loss/location: 0.21492  ,  pro_loss: 0.12677  ,  IoU: 0.83949  ,  Loss/sim: 1.34275  ,  Loss/distill: 1.33725
[train: Epoch 26, 2300 / 2500] FPS: 10.1 (9.1)  ,  DataTime: 0.385 (0.002)  ,  ForwardTime: 0.209  ,  TotalTime: 0.596  ,  Loss/total: 0.64389  ,  Loss/giou: 0.17238  ,  Loss/l1: 0.01170  ,  Loss/location: 0.21476  ,  pro_loss: 0.12672  ,  IoU: 0.83942  ,  Loss/sim: 1.34230  ,  Loss/distill: 1.33708
[train: Epoch 26, 2350 / 2500] FPS: 10.1 (9.4)  ,  DataTime: 0.385 (0.002)  ,  ForwardTime: 0.209  ,  TotalTime: 0.596  ,  Loss/total: 0.64343  ,  Loss/giou: 0.17220  ,  Loss/l1: 0.01168  ,  Loss/location: 0.21476  ,  pro_loss: 0.12658  ,  IoU: 0.83958  ,  Loss/sim: 1.34192  ,  Loss/distill: 1.33673
[train: Epoch 26, 2400 / 2500] FPS: 10.1 (12.1)  ,  DataTime: 0.385 (0.002)  ,  ForwardTime: 0.209  ,  TotalTime: 0.595  ,  Loss/total: 0.64295  ,  Loss/giou: 0.17220  ,  Loss/l1: 0.01168  ,  Loss/location: 0.21434  ,  pro_loss: 0.12652  ,  IoU: 0.83959  ,  Loss/sim: 1.34182  ,  Loss/distill: 1.33684
[train: Epoch 26, 2450 / 2500] FPS: 10.1 (9.0)  ,  DataTime: 0.384 (0.002)  ,  ForwardTime: 0.209  ,  TotalTime: 0.595  ,  Loss/total: 0.64311  ,  Loss/giou: 0.17230  ,  Loss/l1: 0.01168  ,  Loss/location: 0.21428  ,  pro_loss: 0.12642  ,  IoU: 0.83950  ,  Loss/sim: 1.34178  ,  Loss/distill: 1.33685
[train: Epoch 26, 2500 / 2500] FPS: 10.1 (11.0)  ,  DataTime: 0.384 (0.002)  ,  ForwardTime: 0.209  ,  TotalTime: 0.594  ,  Loss/total: 0.64372  ,  Loss/giou: 0.17246  ,  Loss/l1: 0.01171  ,  Loss/location: 0.21443  ,  pro_loss: 0.12645  ,  IoU: 0.83939  ,  Loss/sim: 1.34102  ,  Loss/distill: 1.33648
[train: Epoch 27, 50 / 2500] FPS: 10.1 (14.8)  ,  DataTime: 0.383 (0.002)  ,  ForwardTime: 0.209  ,  TotalTime: 0.594  ,  Loss/total: 0.71493  ,  Loss/giou: 0.19032  ,  Loss/l1: 0.01389  ,  Loss/location: 0.23884  ,  pro_loss: 0.12722  ,  IoU: 0.82683  ,  Loss/sim: 1.33954  ,  Loss/distill: 1.34708
[train: Epoch 27, 100 / 2500] FPS: 10.5 (13.9)  ,  DataTime: 0.359 (0.002)  ,  ForwardTime: 0.209  ,  TotalTime: 0.570  ,  Loss/total: 0.71194  ,  Loss/giou: 0.19186  ,  Loss/l1: 0.01392  ,  Loss/location: 0.23251  ,  pro_loss: 0.12778  ,  IoU: 0.82430  ,  Loss/sim: 1.33226  ,  Loss/distill: 1.33473
[train: Epoch 27, 150 / 2500] FPS: 10.5 (9.4)  ,  DataTime: 0.359 (0.002)  ,  ForwardTime: 0.209  ,  TotalTime: 0.570  ,  Loss/total: 0.68187  ,  Loss/giou: 0.18426  ,  Loss/l1: 0.01307  ,  Loss/location: 0.22221  ,  pro_loss: 0.12639  ,  IoU: 0.83070  ,  Loss/sim: 1.32704  ,  Loss/distill: 1.32913
[train: Epoch 27, 200 / 2500] FPS: 10.5 (13.9)  ,  DataTime: 0.362 (0.002)  ,  ForwardTime: 0.209  ,  TotalTime: 0.572  ,  Loss/total: 0.66584  ,  Loss/giou: 0.17995  ,  Loss/l1: 0.01257  ,  Loss/location: 0.21719  ,  pro_loss: 0.12701  ,  IoU: 0.83394  ,  Loss/sim: 1.31064  ,  Loss/distill: 1.32552
[train: Epoch 27, 250 / 2500] FPS: 10.4 (10.7)  ,  DataTime: 0.364 (0.002)  ,  ForwardTime: 0.209  ,  TotalTime: 0.574  ,  Loss/total: 0.66723  ,  Loss/giou: 0.17978  ,  Loss/l1: 0.01268  ,  Loss/location: 0.21856  ,  pro_loss: 0.12600  ,  IoU: 0.83430  ,  Loss/sim: 1.31676  ,  Loss/distill: 1.32967
[train: Epoch 27, 300 / 2500] FPS: 10.5 (13.0)  ,  DataTime: 0.361 (0.002)  ,  ForwardTime: 0.209  ,  TotalTime: 0.572  ,  Loss/total: 0.67379  ,  Loss/giou: 0.18061  ,  Loss/l1: 0.01279  ,  Loss/location: 0.22281  ,  pro_loss: 0.12648  ,  IoU: 0.83371  ,  Loss/sim: 1.31621  ,  Loss/distill: 1.32901
[train: Epoch 27, 350 / 2500] FPS: 10.5 (10.2)  ,  DataTime: 0.362 (0.002)  ,  ForwardTime: 0.209  ,  TotalTime: 0.572  ,  Loss/total: 0.66959  ,  Loss/giou: 0.17905  ,  Loss/l1: 0.01249  ,  Loss/location: 0.22331  ,  pro_loss: 0.12599  ,  IoU: 0.83462  ,  Loss/sim: 1.32058  ,  Loss/distill: 1.33096
[train: Epoch 27, 400 / 2500] FPS: 10.5 (17.8)  ,  DataTime: 0.358 (0.002)  ,  ForwardTime: 0.209  ,  TotalTime: 0.569  ,  Loss/total: 0.66398  ,  Loss/giou: 0.17776  ,  Loss/l1: 0.01227  ,  Loss/location: 0.22117  ,  pro_loss: 0.12698  ,  IoU: 0.83548  ,  Loss/sim: 1.32767  ,  Loss/distill: 1.33336
[train: Epoch 27, 450 / 2500] FPS: 10.5 (18.1)  ,  DataTime: 0.361 (0.002)  ,  ForwardTime: 0.209  ,  TotalTime: 0.572  ,  Loss/total: 0.66696  ,  Loss/giou: 0.17821  ,  Loss/l1: 0.01232  ,  Loss/location: 0.22299  ,  pro_loss: 0.12694  ,  IoU: 0.83512  ,  Loss/sim: 1.32863  ,  Loss/distill: 1.33620
[train: Epoch 27, 500 / 2500] FPS: 10.5 (12.5)  ,  DataTime: 0.361 (0.002)  ,  ForwardTime: 0.209  ,  TotalTime: 0.572  ,  Loss/total: 0.65915  ,  Loss/giou: 0.17635  ,  Loss/l1: 0.01208  ,  Loss/location: 0.22027  ,  pro_loss: 0.12628  ,  IoU: 0.83655  ,  Loss/sim: 1.33056  ,  Loss/distill: 1.33672
[train: Epoch 27, 550 / 2500] FPS: 10.5 (9.7)  ,  DataTime: 0.362 (0.002)  ,  ForwardTime: 0.209  ,  TotalTime: 0.573  ,  Loss/total: 0.65563  ,  Loss/giou: 0.17531  ,  Loss/l1: 0.01198  ,  Loss/location: 0.21949  ,  pro_loss: 0.12540  ,  IoU: 0.83736  ,  Loss/sim: 1.33381  ,  Loss/distill: 1.33667
[train: Epoch 27, 600 / 2500] FPS: 10.4 (12.5)  ,  DataTime: 0.365 (0.002)  ,  ForwardTime: 0.209  ,  TotalTime: 0.575  ,  Loss/total: 0.65793  ,  Loss/giou: 0.17590  ,  Loss/l1: 0.01209  ,  Loss/location: 0.22014  ,  pro_loss: 0.12507  ,  IoU: 0.83684  ,  Loss/sim: 1.33101  ,  Loss/distill: 1.33716
[train: Epoch 27, 650 / 2500] FPS: 10.3 (10.3)  ,  DataTime: 0.372 (0.002)  ,  ForwardTime: 0.209  ,  TotalTime: 0.583  ,  Loss/total: 0.65869  ,  Loss/giou: 0.17634  ,  Loss/l1: 0.01214  ,  Loss/location: 0.21980  ,  pro_loss: 0.12498  ,  IoU: 0.83645  ,  Loss/sim: 1.33063  ,  Loss/distill: 1.33568
[train: Epoch 27, 700 / 2500] FPS: 10.3 (13.2)  ,  DataTime: 0.372 (0.002)  ,  ForwardTime: 0.209  ,  TotalTime: 0.583  ,  Loss/total: 0.65606  ,  Loss/giou: 0.17596  ,  Loss/l1: 0.01209  ,  Loss/location: 0.21814  ,  pro_loss: 0.12494  ,  IoU: 0.83677  ,  Loss/sim: 1.32854  ,  Loss/distill: 1.33426
[train: Epoch 27, 750 / 2500] FPS: 10.3 (13.1)  ,  DataTime: 0.371 (0.002)  ,  ForwardTime: 0.209  ,  TotalTime: 0.582  ,  Loss/total: 0.65833  ,  Loss/giou: 0.17664  ,  Loss/l1: 0.01224  ,  Loss/location: 0.21835  ,  pro_loss: 0.12476  ,  IoU: 0.83648  ,  Loss/sim: 1.32906  ,  Loss/distill: 1.33385
[train: Epoch 27, 800 / 2500] FPS: 10.3 (16.6)  ,  DataTime: 0.370 (0.002)  ,  ForwardTime: 0.209  ,  TotalTime: 0.581  ,  Loss/total: 0.65888  ,  Loss/giou: 0.17688  ,  Loss/l1: 0.01228  ,  Loss/location: 0.21826  ,  pro_loss: 0.12453  ,  IoU: 0.83631  ,  Loss/sim: 1.32980  ,  Loss/distill: 1.33321
[train: Epoch 27, 850 / 2500] FPS: 10.3 (12.0)  ,  DataTime: 0.375 (0.002)  ,  ForwardTime: 0.209  ,  TotalTime: 0.585  ,  Loss/total: 0.66047  ,  Loss/giou: 0.17717  ,  Loss/l1: 0.01230  ,  Loss/location: 0.21922  ,  pro_loss: 0.12448  ,  IoU: 0.83596  ,  Loss/sim: 1.33005  ,  Loss/distill: 1.33368
[train: Epoch 27, 900 / 2500] FPS: 10.2 (4.6)  ,  DataTime: 0.375 (0.002)  ,  ForwardTime: 0.209  ,  TotalTime: 0.585  ,  Loss/total: 0.66017  ,  Loss/giou: 0.17746  ,  Loss/l1: 0.01231  ,  Loss/location: 0.21827  ,  pro_loss: 0.12455  ,  IoU: 0.83571  ,  Loss/sim: 1.32767  ,  Loss/distill: 1.33118
[train: Epoch 27, 950 / 2500] FPS: 10.2 (7.5)  ,  DataTime: 0.375 (0.002)  ,  ForwardTime: 0.209  ,  TotalTime: 0.586  ,  Loss/total: 0.65937  ,  Loss/giou: 0.17697  ,  Loss/l1: 0.01226  ,  Loss/location: 0.21870  ,  pro_loss: 0.12453  ,  IoU: 0.83611  ,  Loss/sim: 1.32537  ,  Loss/distill: 1.32966
[train: Epoch 27, 1000 / 2500] FPS: 10.3 (10.8)  ,  DataTime: 0.375 (0.002)  ,  ForwardTime: 0.209  ,  TotalTime: 0.585  ,  Loss/total: 0.65739  ,  Loss/giou: 0.17654  ,  Loss/l1: 0.01219  ,  Loss/location: 0.21792  ,  pro_loss: 0.12448  ,  IoU: 0.83642  ,  Loss/sim: 1.32509  ,  Loss/distill: 1.32981
[train: Epoch 27, 1050 / 2500] FPS: 10.3 (9.5)  ,  DataTime: 0.374 (0.002)  ,  ForwardTime: 0.209  ,  TotalTime: 0.585  ,  Loss/total: 0.65666  ,  Loss/giou: 0.17669  ,  Loss/l1: 0.01219  ,  Loss/location: 0.21701  ,  pro_loss: 0.12399  ,  IoU: 0.83628  ,  Loss/sim: 1.32381  ,  Loss/distill: 1.32914
[train: Epoch 27, 1100 / 2500] FPS: 10.3 (10.2)  ,  DataTime: 0.374 (0.002)  ,  ForwardTime: 0.209  ,  TotalTime: 0.584  ,  Loss/total: 0.65533  ,  Loss/giou: 0.17647  ,  Loss/l1: 0.01215  ,  Loss/location: 0.21632  ,  pro_loss: 0.12390  ,  IoU: 0.83643  ,  Loss/sim: 1.32483  ,  Loss/distill: 1.32899
[train: Epoch 27, 1150 / 2500] FPS: 10.3 (8.8)  ,  DataTime: 0.372 (0.002)  ,  ForwardTime: 0.209  ,  TotalTime: 0.583  ,  Loss/total: 0.65419  ,  Loss/giou: 0.17598  ,  Loss/l1: 0.01208  ,  Loss/location: 0.21647  ,  pro_loss: 0.12407  ,  IoU: 0.83677  ,  Loss/sim: 1.32355  ,  Loss/distill: 1.32754
[train: Epoch 27, 1200 / 2500] FPS: 10.3 (7.7)  ,  DataTime: 0.372 (0.002)  ,  ForwardTime: 0.209  ,  TotalTime: 0.583  ,  Loss/total: 0.65311  ,  Loss/giou: 0.17574  ,  Loss/l1: 0.01204  ,  Loss/location: 0.21611  ,  pro_loss: 0.12398  ,  IoU: 0.83687  ,  Loss/sim: 1.32384  ,  Loss/distill: 1.32739
[train: Epoch 27, 1250 / 2500] FPS: 10.3 (14.5)  ,  DataTime: 0.371 (0.002)  ,  ForwardTime: 0.209  ,  TotalTime: 0.581  ,  Loss/total: 0.65230  ,  Loss/giou: 0.17543  ,  Loss/l1: 0.01203  ,  Loss/location: 0.21599  ,  pro_loss: 0.12398  ,  IoU: 0.83711  ,  Loss/sim: 1.32312  ,  Loss/distill: 1.32786
[train: Epoch 27, 1300 / 2500] FPS: 10.3 (9.6)  ,  DataTime: 0.370 (0.002)  ,  ForwardTime: 0.209  ,  TotalTime: 0.580  ,  Loss/total: 0.64919  ,  Loss/giou: 0.17458  ,  Loss/l1: 0.01191  ,  Loss/location: 0.21512  ,  pro_loss: 0.12407  ,  IoU: 0.83772  ,  Loss/sim: 1.32112  ,  Loss/distill: 1.32689
[train: Epoch 27, 1350 / 2500] FPS: 10.4 (10.2)  ,  DataTime: 0.368 (0.002)  ,  ForwardTime: 0.209  ,  TotalTime: 0.579  ,  Loss/total: 0.64948  ,  Loss/giou: 0.17456  ,  Loss/l1: 0.01190  ,  Loss/location: 0.21545  ,  pro_loss: 0.12429  ,  IoU: 0.83771  ,  Loss/sim: 1.32010  ,  Loss/distill: 1.32616
[train: Epoch 27, 1400 / 2500] FPS: 10.4 (7.8)  ,  DataTime: 0.368 (0.002)  ,  ForwardTime: 0.209  ,  TotalTime: 0.579  ,  Loss/total: 0.64906  ,  Loss/giou: 0.17446  ,  Loss/l1: 0.01193  ,  Loss/location: 0.21512  ,  pro_loss: 0.12429  ,  IoU: 0.83780  ,  Loss/sim: 1.32000  ,  Loss/distill: 1.32585
[train: Epoch 27, 1450 / 2500] FPS: 10.4 (9.0)  ,  DataTime: 0.369 (0.002)  ,  ForwardTime: 0.209  ,  TotalTime: 0.579  ,  Loss/total: 0.64864  ,  Loss/giou: 0.17434  ,  Loss/l1: 0.01190  ,  Loss/location: 0.21509  ,  pro_loss: 0.12413  ,  IoU: 0.83793  ,  Loss/sim: 1.32028  ,  Loss/distill: 1.32561
[train: Epoch 27, 1500 / 2500] FPS: 10.3 (6.9)  ,  DataTime: 0.369 (0.002)  ,  ForwardTime: 0.209  ,  TotalTime: 0.580  ,  Loss/total: 0.64839  ,  Loss/giou: 0.17419  ,  Loss/l1: 0.01187  ,  Loss/location: 0.21533  ,  pro_loss: 0.12389  ,  IoU: 0.83804  ,  Loss/sim: 1.32015  ,  Loss/distill: 1.32492
[train: Epoch 27, 1550 / 2500] FPS: 10.4 (9.4)  ,  DataTime: 0.369 (0.002)  ,  ForwardTime: 0.209  ,  TotalTime: 0.580  ,  Loss/total: 0.65030  ,  Loss/giou: 0.17477  ,  Loss/l1: 0.01190  ,  Loss/location: 0.21593  ,  pro_loss: 0.12396  ,  IoU: 0.83753  ,  Loss/sim: 1.32000  ,  Loss/distill: 1.32432
[train: Epoch 27, 1600 / 2500] FPS: 10.4 (10.8)  ,  DataTime: 0.368 (0.002)  ,  ForwardTime: 0.209  ,  TotalTime: 0.579  ,  Loss/total: 0.65133  ,  Loss/giou: 0.17501  ,  Loss/l1: 0.01194  ,  Loss/location: 0.21629  ,  pro_loss: 0.12397  ,  IoU: 0.83737  ,  Loss/sim: 1.32172  ,  Loss/distill: 1.32458
[train: Epoch 27, 1650 / 2500] FPS: 10.4 (12.9)  ,  DataTime: 0.369 (0.002)  ,  ForwardTime: 0.209  ,  TotalTime: 0.580  ,  Loss/total: 0.65197  ,  Loss/giou: 0.17523  ,  Loss/l1: 0.01194  ,  Loss/location: 0.21649  ,  pro_loss: 0.12380  ,  IoU: 0.83715  ,  Loss/sim: 1.32218  ,  Loss/distill: 1.32515
[train: Epoch 27, 1700 / 2500] FPS: 10.4 (8.3)  ,  DataTime: 0.368 (0.002)  ,  ForwardTime: 0.209  ,  TotalTime: 0.579  ,  Loss/total: 0.65033  ,  Loss/giou: 0.17504  ,  Loss/l1: 0.01189  ,  Loss/location: 0.21544  ,  pro_loss: 0.12398  ,  IoU: 0.83733  ,  Loss/sim: 1.32268  ,  Loss/distill: 1.32540
[train: Epoch 27, 1750 / 2500] FPS: 10.4 (9.6)  ,  DataTime: 0.368 (0.002)  ,  ForwardTime: 0.209  ,  TotalTime: 0.579  ,  Loss/total: 0.64986  ,  Loss/giou: 0.17495  ,  Loss/l1: 0.01189  ,  Loss/location: 0.21524  ,  pro_loss: 0.12379  ,  IoU: 0.83735  ,  Loss/sim: 1.32209  ,  Loss/distill: 1.32506
[train: Epoch 27, 1800 / 2500] FPS: 10.4 (11.0)  ,  DataTime: 0.369 (0.002)  ,  ForwardTime: 0.209  ,  TotalTime: 0.579  ,  Loss/total: 0.64961  ,  Loss/giou: 0.17491  ,  Loss/l1: 0.01189  ,  Loss/location: 0.21512  ,  pro_loss: 0.12348  ,  IoU: 0.83739  ,  Loss/sim: 1.32165  ,  Loss/distill: 1.32485
[train: Epoch 27, 1850 / 2500] FPS: 10.4 (8.8)  ,  DataTime: 0.368 (0.002)  ,  ForwardTime: 0.209  ,  TotalTime: 0.579  ,  Loss/total: 0.65020  ,  Loss/giou: 0.17521  ,  Loss/l1: 0.01193  ,  Loss/location: 0.21490  ,  pro_loss: 0.12353  ,  IoU: 0.83725  ,  Loss/sim: 1.32184  ,  Loss/distill: 1.32532
[train: Epoch 27, 1900 / 2500] FPS: 10.4 (15.4)  ,  DataTime: 0.368 (0.002)  ,  ForwardTime: 0.209  ,  TotalTime: 0.578  ,  Loss/total: 0.65130  ,  Loss/giou: 0.17545  ,  Loss/l1: 0.01198  ,  Loss/location: 0.21537  ,  pro_loss: 0.12307  ,  IoU: 0.83708  ,  Loss/sim: 1.32115  ,  Loss/distill: 1.32556
[train: Epoch 27, 1950 / 2500] FPS: 10.4 (11.8)  ,  DataTime: 0.368 (0.002)  ,  ForwardTime: 0.209  ,  TotalTime: 0.579  ,  Loss/total: 0.65061  ,  Loss/giou: 0.17538  ,  Loss/l1: 0.01197  ,  Loss/location: 0.21488  ,  pro_loss: 0.12291  ,  IoU: 0.83716  ,  Loss/sim: 1.32172  ,  Loss/distill: 1.32536
[train: Epoch 27, 2000 / 2500] FPS: 10.4 (10.0)  ,  DataTime: 0.368 (0.002)  ,  ForwardTime: 0.209  ,  TotalTime: 0.579  ,  Loss/total: 0.64958  ,  Loss/giou: 0.17507  ,  Loss/l1: 0.01194  ,  Loss/location: 0.21458  ,  pro_loss: 0.12315  ,  IoU: 0.83738  ,  Loss/sim: 1.32098  ,  Loss/distill: 1.32511
[train: Epoch 27, 2050 / 2500] FPS: 10.4 (10.2)  ,  DataTime: 0.368 (0.002)  ,  ForwardTime: 0.209  ,  TotalTime: 0.579  ,  Loss/total: 0.65013  ,  Loss/giou: 0.17532  ,  Loss/l1: 0.01196  ,  Loss/location: 0.21455  ,  pro_loss: 0.12299  ,  IoU: 0.83720  ,  Loss/sim: 1.32101  ,  Loss/distill: 1.32510
[train: Epoch 27, 2100 / 2500] FPS: 10.4 (14.8)  ,  DataTime: 0.368 (0.002)  ,  ForwardTime: 0.209  ,  TotalTime: 0.579  ,  Loss/total: 0.64986  ,  Loss/giou: 0.17526  ,  Loss/l1: 0.01196  ,  Loss/location: 0.21443  ,  pro_loss: 0.12296  ,  IoU: 0.83724  ,  Loss/sim: 1.32119  ,  Loss/distill: 1.32472
[train: Epoch 27, 2150 / 2500] FPS: 10.4 (11.5)  ,  DataTime: 0.367 (0.002)  ,  ForwardTime: 0.209  ,  TotalTime: 0.578  ,  Loss/total: 0.64968  ,  Loss/giou: 0.17527  ,  Loss/l1: 0.01196  ,  Loss/location: 0.21419  ,  pro_loss: 0.12305  ,  IoU: 0.83721  ,  Loss/sim: 1.32152  ,  Loss/distill: 1.32459
[train: Epoch 27, 2200 / 2500] FPS: 10.4 (13.0)  ,  DataTime: 0.369 (0.002)  ,  ForwardTime: 0.209  ,  TotalTime: 0.579  ,  Loss/total: 0.65029  ,  Loss/giou: 0.17534  ,  Loss/l1: 0.01197  ,  Loss/location: 0.21462  ,  pro_loss: 0.12294  ,  IoU: 0.83715  ,  Loss/sim: 1.32273  ,  Loss/distill: 1.32498
[train: Epoch 27, 2250 / 2500] FPS: 10.3 (13.4)  ,  DataTime: 0.369 (0.002)  ,  ForwardTime: 0.209  ,  TotalTime: 0.580  ,  Loss/total: 0.65006  ,  Loss/giou: 0.17526  ,  Loss/l1: 0.01196  ,  Loss/location: 0.21461  ,  pro_loss: 0.12299  ,  IoU: 0.83721  ,  Loss/sim: 1.32368  ,  Loss/distill: 1.32534
[train: Epoch 27, 2300 / 2500] FPS: 10.3 (7.6)  ,  DataTime: 0.370 (0.002)  ,  ForwardTime: 0.209  ,  TotalTime: 0.581  ,  Loss/total: 0.65030  ,  Loss/giou: 0.17527  ,  Loss/l1: 0.01197  ,  Loss/location: 0.21476  ,  pro_loss: 0.12310  ,  IoU: 0.83723  ,  Loss/sim: 1.32341  ,  Loss/distill: 1.32462
[train: Epoch 27, 2350 / 2500] FPS: 10.3 (9.4)  ,  DataTime: 0.370 (0.002)  ,  ForwardTime: 0.209  ,  TotalTime: 0.581  ,  Loss/total: 0.65065  ,  Loss/giou: 0.17522  ,  Loss/l1: 0.01198  ,  Loss/location: 0.21514  ,  pro_loss: 0.12330  ,  IoU: 0.83728  ,  Loss/sim: 1.32289  ,  Loss/distill: 1.32455
[train: Epoch 27, 2400 / 2500] FPS: 10.3 (7.8)  ,  DataTime: 0.370 (0.002)  ,  ForwardTime: 0.209  ,  TotalTime: 0.581  ,  Loss/total: 0.65151  ,  Loss/giou: 0.17547  ,  Loss/l1: 0.01201  ,  Loss/location: 0.21533  ,  pro_loss: 0.12340  ,  IoU: 0.83709  ,  Loss/sim: 1.32250  ,  Loss/distill: 1.32445
[train: Epoch 27, 2450 / 2500] FPS: 10.3 (13.4)  ,  DataTime: 0.372 (0.002)  ,  ForwardTime: 0.209  ,  TotalTime: 0.582  ,  Loss/total: 0.65141  ,  Loss/giou: 0.17548  ,  Loss/l1: 0.01201  ,  Loss/location: 0.21519  ,  pro_loss: 0.12325  ,  IoU: 0.83712  ,  Loss/sim: 1.32301  ,  Loss/distill: 1.32439
[train: Epoch 27, 2500 / 2500] FPS: 10.3 (6.0)  ,  DataTime: 0.372 (0.002)  ,  ForwardTime: 0.209  ,  TotalTime: 0.583  ,  Loss/total: 0.65152  ,  Loss/giou: 0.17559  ,  Loss/l1: 0.01202  ,  Loss/location: 0.21505  ,  pro_loss: 0.12324  ,  IoU: 0.83699  ,  Loss/sim: 1.32409  ,  Loss/distill: 1.32433
[train: Epoch 28, 50 / 2500] FPS: 10.4 (9.8)  ,  DataTime: 0.365 (0.002)  ,  ForwardTime: 0.209  ,  TotalTime: 0.576  ,  Loss/total: 0.60942  ,  Loss/giou: 0.16476  ,  Loss/l1: 0.01081  ,  Loss/location: 0.19923  ,  pro_loss: 0.13056  ,  IoU: 0.84555  ,  Loss/sim: 1.32163  ,  Loss/distill: 1.31019
[train: Epoch 28, 100 / 2500] FPS: 10.4 (8.5)  ,  DataTime: 0.366 (0.002)  ,  ForwardTime: 0.209  ,  TotalTime: 0.576  ,  Loss/total: 0.63375  ,  Loss/giou: 0.16898  ,  Loss/l1: 0.01148  ,  Loss/location: 0.21231  ,  pro_loss: 0.12764  ,  IoU: 0.84214  ,  Loss/sim: 1.32433  ,  Loss/distill: 1.32400
[train: Epoch 28, 150 / 2500] FPS: 10.5 (6.2)  ,  DataTime: 0.360 (0.002)  ,  ForwardTime: 0.209  ,  TotalTime: 0.571  ,  Loss/total: 0.65441  ,  Loss/giou: 0.17447  ,  Loss/l1: 0.01207  ,  Loss/location: 0.21927  ,  pro_loss: 0.12667  ,  IoU: 0.83748  ,  Loss/sim: 1.33108  ,  Loss/distill: 1.32597
[train: Epoch 28, 200 / 2500] FPS: 10.4 (10.2)  ,  DataTime: 0.368 (0.002)  ,  ForwardTime: 0.209  ,  TotalTime: 0.579  ,  Loss/total: 0.64386  ,  Loss/giou: 0.17159  ,  Loss/l1: 0.01171  ,  Loss/location: 0.21605  ,  pro_loss: 0.12778  ,  IoU: 0.83993  ,  Loss/sim: 1.32733  ,  Loss/distill: 1.32281
[train: Epoch 28, 250 / 2500] FPS: 10.5 (13.2)  ,  DataTime: 0.363 (0.002)  ,  ForwardTime: 0.209  ,  TotalTime: 0.573  ,  Loss/total: 0.64942  ,  Loss/giou: 0.17323  ,  Loss/l1: 0.01185  ,  Loss/location: 0.21786  ,  pro_loss: 0.12661  ,  IoU: 0.83881  ,  Loss/sim: 1.32002  ,  Loss/distill: 1.32131
[train: Epoch 28, 300 / 2500] FPS: 10.0 (7.5)  ,  DataTime: 0.388 (0.002)  ,  ForwardTime: 0.209  ,  TotalTime: 0.598  ,  Loss/total: 0.65032  ,  Loss/giou: 0.17437  ,  Loss/l1: 0.01200  ,  Loss/location: 0.21609  ,  pro_loss: 0.12477  ,  IoU: 0.83816  ,  Loss/sim: 1.31821  ,  Loss/distill: 1.32372
[train: Epoch 28, 350 / 2500] FPS: 10.0 (8.0)  ,  DataTime: 0.387 (0.002)  ,  ForwardTime: 0.209  ,  TotalTime: 0.597  ,  Loss/total: 0.65681  ,  Loss/giou: 0.17637  ,  Loss/l1: 0.01225  ,  Loss/location: 0.21734  ,  pro_loss: 0.12472  ,  IoU: 0.83666  ,  Loss/sim: 1.31270  ,  Loss/distill: 1.32251
[train: Epoch 28, 400 / 2500] FPS: 10.0 (12.0)  ,  DataTime: 0.389 (0.002)  ,  ForwardTime: 0.209  ,  TotalTime: 0.600  ,  Loss/total: 0.66583  ,  Loss/giou: 0.17926  ,  Loss/l1: 0.01250  ,  Loss/location: 0.21949  ,  pro_loss: 0.12403  ,  IoU: 0.83427  ,  Loss/sim: 1.31354  ,  Loss/distill: 1.32053
[train: Epoch 28, 450 / 2500] FPS: 10.1 (8.2)  ,  DataTime: 0.384 (0.002)  ,  ForwardTime: 0.209  ,  TotalTime: 0.594  ,  Loss/total: 0.66158  ,  Loss/giou: 0.17821  ,  Loss/l1: 0.01236  ,  Loss/location: 0.21804  ,  pro_loss: 0.12395  ,  IoU: 0.83498  ,  Loss/sim: 1.31673  ,  Loss/distill: 1.32183
[train: Epoch 28, 500 / 2500] FPS: 10.0 (16.2)  ,  DataTime: 0.389 (0.002)  ,  ForwardTime: 0.209  ,  TotalTime: 0.600  ,  Loss/total: 0.66009  ,  Loss/giou: 0.17749  ,  Loss/l1: 0.01227  ,  Loss/location: 0.21869  ,  pro_loss: 0.12275  ,  IoU: 0.83541  ,  Loss/sim: 1.31690  ,  Loss/distill: 1.32077
[train: Epoch 28, 550 / 2500] FPS: 10.1 (10.5)  ,  DataTime: 0.385 (0.002)  ,  ForwardTime: 0.209  ,  TotalTime: 0.595  ,  Loss/total: 0.65713  ,  Loss/giou: 0.17680  ,  Loss/l1: 0.01217  ,  Loss/location: 0.21761  ,  pro_loss: 0.12263  ,  IoU: 0.83609  ,  Loss/sim: 1.32013  ,  Loss/distill: 1.32230
[train: Epoch 28, 600 / 2500] FPS: 10.0 (13.9)  ,  DataTime: 0.388 (0.002)  ,  ForwardTime: 0.209  ,  TotalTime: 0.598  ,  Loss/total: 0.65830  ,  Loss/giou: 0.17707  ,  Loss/l1: 0.01217  ,  Loss/location: 0.21838  ,  pro_loss: 0.12206  ,  IoU: 0.83578  ,  Loss/sim: 1.31990  ,  Loss/distill: 1.32297
[train: Epoch 28, 650 / 2500] FPS: 10.1 (10.8)  ,  DataTime: 0.385 (0.002)  ,  ForwardTime: 0.209  ,  TotalTime: 0.596  ,  Loss/total: 0.65479  ,  Loss/giou: 0.17574  ,  Loss/l1: 0.01212  ,  Loss/location: 0.21787  ,  pro_loss: 0.12165  ,  IoU: 0.83688  ,  Loss/sim: 1.32023  ,  Loss/distill: 1.32315
[train: Epoch 28, 700 / 2500] FPS: 10.1 (9.4)  ,  DataTime: 0.384 (0.002)  ,  ForwardTime: 0.209  ,  TotalTime: 0.595  ,  Loss/total: 0.65508  ,  Loss/giou: 0.17584  ,  Loss/l1: 0.01215  ,  Loss/location: 0.21773  ,  pro_loss: 0.12189  ,  IoU: 0.83683  ,  Loss/sim: 1.32172  ,  Loss/distill: 1.32289
[train: Epoch 28, 750 / 2500] FPS: 10.1 (9.7)  ,  DataTime: 0.383 (0.002)  ,  ForwardTime: 0.209  ,  TotalTime: 0.594  ,  Loss/total: 0.65093  ,  Loss/giou: 0.17458  ,  Loss/l1: 0.01203  ,  Loss/location: 0.21677  ,  pro_loss: 0.12169  ,  IoU: 0.83789  ,  Loss/sim: 1.31964  ,  Loss/distill: 1.32087
[train: Epoch 28, 800 / 2500] FPS: 10.1 (8.1)  ,  DataTime: 0.383 (0.002)  ,  ForwardTime: 0.209  ,  TotalTime: 0.594  ,  Loss/total: 0.65049  ,  Loss/giou: 0.17432  ,  Loss/l1: 0.01200  ,  Loss/location: 0.21698  ,  pro_loss: 0.12174  ,  IoU: 0.83813  ,  Loss/sim: 1.32050  ,  Loss/distill: 1.32063
[train: Epoch 28, 850 / 2500] FPS: 10.2 (11.8)  ,  DataTime: 0.380 (0.002)  ,  ForwardTime: 0.209  ,  TotalTime: 0.590  ,  Loss/total: 0.64885  ,  Loss/giou: 0.17423  ,  Loss/l1: 0.01198  ,  Loss/location: 0.21564  ,  pro_loss: 0.12168  ,  IoU: 0.83821  ,  Loss/sim: 1.32050  ,  Loss/distill: 1.32041
[train: Epoch 28, 900 / 2500] FPS: 10.2 (9.1)  ,  DataTime: 0.379 (0.002)  ,  ForwardTime: 0.209  ,  TotalTime: 0.590  ,  Loss/total: 0.65128  ,  Loss/giou: 0.17498  ,  Loss/l1: 0.01201  ,  Loss/location: 0.21624  ,  pro_loss: 0.12246  ,  IoU: 0.83762  ,  Loss/sim: 1.32093  ,  Loss/distill: 1.32064
[train: Epoch 28, 950 / 2500] FPS: 10.2 (9.2)  ,  DataTime: 0.377 (0.002)  ,  ForwardTime: 0.209  ,  TotalTime: 0.588  ,  Loss/total: 0.65012  ,  Loss/giou: 0.17465  ,  Loss/l1: 0.01201  ,  Loss/location: 0.21584  ,  pro_loss: 0.12206  ,  IoU: 0.83784  ,  Loss/sim: 1.32297  ,  Loss/distill: 1.32034
[train: Epoch 28, 1000 / 2500] FPS: 10.2 (12.0)  ,  DataTime: 0.376 (0.002)  ,  ForwardTime: 0.209  ,  TotalTime: 0.587  ,  Loss/total: 0.65053  ,  Loss/giou: 0.17468  ,  Loss/l1: 0.01201  ,  Loss/location: 0.21618  ,  pro_loss: 0.12206  ,  IoU: 0.83786  ,  Loss/sim: 1.32219  ,  Loss/distill: 1.31995
[train: Epoch 28, 1050 / 2500] FPS: 10.3 (12.5)  ,  DataTime: 0.374 (0.002)  ,  ForwardTime: 0.209  ,  TotalTime: 0.585  ,  Loss/total: 0.65086  ,  Loss/giou: 0.17478  ,  Loss/l1: 0.01205  ,  Loss/location: 0.21610  ,  pro_loss: 0.12205  ,  IoU: 0.83778  ,  Loss/sim: 1.32163  ,  Loss/distill: 1.31947
[train: Epoch 28, 1100 / 2500] FPS: 10.2 (12.9)  ,  DataTime: 0.375 (0.002)  ,  ForwardTime: 0.209  ,  TotalTime: 0.586  ,  Loss/total: 0.65134  ,  Loss/giou: 0.17462  ,  Loss/l1: 0.01204  ,  Loss/location: 0.21684  ,  pro_loss: 0.12253  ,  IoU: 0.83792  ,  Loss/sim: 1.31935  ,  Loss/distill: 1.31910
[train: Epoch 28, 1150 / 2500] FPS: 10.3 (12.5)  ,  DataTime: 0.374 (0.002)  ,  ForwardTime: 0.209  ,  TotalTime: 0.585  ,  Loss/total: 0.65057  ,  Loss/giou: 0.17450  ,  Loss/l1: 0.01202  ,  Loss/location: 0.21643  ,  pro_loss: 0.12246  ,  IoU: 0.83802  ,  Loss/sim: 1.31686  ,  Loss/distill: 1.31743
[train: Epoch 28, 1200 / 2500] FPS: 10.3 (11.9)  ,  DataTime: 0.374 (0.002)  ,  ForwardTime: 0.209  ,  TotalTime: 0.585  ,  Loss/total: 0.65017  ,  Loss/giou: 0.17419  ,  Loss/l1: 0.01199  ,  Loss/location: 0.21673  ,  pro_loss: 0.12289  ,  IoU: 0.83824  ,  Loss/sim: 1.31671  ,  Loss/distill: 1.31680
[train: Epoch 28, 1250 / 2500] FPS: 10.2 (9.3)  ,  DataTime: 0.375 (0.002)  ,  ForwardTime: 0.209  ,  TotalTime: 0.586  ,  Loss/total: 0.64835  ,  Loss/giou: 0.17376  ,  Loss/l1: 0.01193  ,  Loss/location: 0.21605  ,  pro_loss: 0.12291  ,  IoU: 0.83857  ,  Loss/sim: 1.31681  ,  Loss/distill: 1.31614
[train: Epoch 28, 1300 / 2500] FPS: 10.2 (8.0)  ,  DataTime: 0.376 (0.002)  ,  ForwardTime: 0.209  ,  TotalTime: 0.587  ,  Loss/total: 0.64654  ,  Loss/giou: 0.17337  ,  Loss/l1: 0.01190  ,  Loss/location: 0.21508  ,  pro_loss: 0.12336  ,  IoU: 0.83889  ,  Loss/sim: 1.31584  ,  Loss/distill: 1.31547
[train: Epoch 28, 1350 / 2500] FPS: 10.2 (7.2)  ,  DataTime: 0.376 (0.002)  ,  ForwardTime: 0.209  ,  TotalTime: 0.587  ,  Loss/total: 0.64957  ,  Loss/giou: 0.17418  ,  Loss/l1: 0.01201  ,  Loss/location: 0.21593  ,  pro_loss: 0.12365  ,  IoU: 0.83834  ,  Loss/sim: 1.31492  ,  Loss/distill: 1.31529
[train: Epoch 28, 1400 / 2500] FPS: 10.2 (16.5)  ,  DataTime: 0.376 (0.002)  ,  ForwardTime: 0.209  ,  TotalTime: 0.587  ,  Loss/total: 0.65077  ,  Loss/giou: 0.17434  ,  Loss/l1: 0.01201  ,  Loss/location: 0.21676  ,  pro_loss: 0.12367  ,  IoU: 0.83815  ,  Loss/sim: 1.31507  ,  Loss/distill: 1.31431
[train: Epoch 28, 1450 / 2500] FPS: 10.1 (8.7)  ,  DataTime: 0.382 (0.002)  ,  ForwardTime: 0.209  ,  TotalTime: 0.593  ,  Loss/total: 0.65146  ,  Loss/giou: 0.17460  ,  Loss/l1: 0.01204  ,  Loss/location: 0.21680  ,  pro_loss: 0.12362  ,  IoU: 0.83797  ,  Loss/sim: 1.31487  ,  Loss/distill: 1.31392
[train: Epoch 28, 1500 / 2500] FPS: 10.1 (9.6)  ,  DataTime: 0.382 (0.002)  ,  ForwardTime: 0.209  ,  TotalTime: 0.593  ,  Loss/total: 0.65207  ,  Loss/giou: 0.17483  ,  Loss/l1: 0.01210  ,  Loss/location: 0.21670  ,  pro_loss: 0.12350  ,  IoU: 0.83788  ,  Loss/sim: 1.31413  ,  Loss/distill: 1.31344
[train: Epoch 28, 1550 / 2500] FPS: 10.1 (15.5)  ,  DataTime: 0.382 (0.002)  ,  ForwardTime: 0.209  ,  TotalTime: 0.593  ,  Loss/total: 0.65318  ,  Loss/giou: 0.17529  ,  Loss/l1: 0.01214  ,  Loss/location: 0.21668  ,  pro_loss: 0.12358  ,  IoU: 0.83749  ,  Loss/sim: 1.31352  ,  Loss/distill: 1.31286
[train: Epoch 28, 1600 / 2500] FPS: 10.1 (12.2)  ,  DataTime: 0.382 (0.002)  ,  ForwardTime: 0.209  ,  TotalTime: 0.593  ,  Loss/total: 0.65322  ,  Loss/giou: 0.17533  ,  Loss/l1: 0.01215  ,  Loss/location: 0.21651  ,  pro_loss: 0.12376  ,  IoU: 0.83753  ,  Loss/sim: 1.31189  ,  Loss/distill: 1.31139
[train: Epoch 28, 1650 / 2500] FPS: 10.1 (12.8)  ,  DataTime: 0.381 (0.002)  ,  ForwardTime: 0.209  ,  TotalTime: 0.592  ,  Loss/total: 0.65119  ,  Loss/giou: 0.17497  ,  Loss/l1: 0.01212  ,  Loss/location: 0.21534  ,  pro_loss: 0.12381  ,  IoU: 0.83786  ,  Loss/sim: 1.31095  ,  Loss/distill: 1.31081
[train: Epoch 28, 1700 / 2500] FPS: 10.1 (2.4)  ,  DataTime: 0.383 (0.002)  ,  ForwardTime: 0.209  ,  TotalTime: 0.593  ,  Loss/total: 0.65253  ,  Loss/giou: 0.17535  ,  Loss/l1: 0.01220  ,  Loss/location: 0.21552  ,  pro_loss: 0.12379  ,  IoU: 0.83758  ,  Loss/sim: 1.31070  ,  Loss/distill: 1.31070
[train: Epoch 28, 1750 / 2500] FPS: 10.1 (9.1)  ,  DataTime: 0.383 (0.002)  ,  ForwardTime: 0.209  ,  TotalTime: 0.594  ,  Loss/total: 0.65206  ,  Loss/giou: 0.17529  ,  Loss/l1: 0.01220  ,  Loss/location: 0.21520  ,  pro_loss: 0.12377  ,  IoU: 0.83766  ,  Loss/sim: 1.31021  ,  Loss/distill: 1.30983
[train: Epoch 28, 1800 / 2500] FPS: 10.1 (14.7)  ,  DataTime: 0.383 (0.002)  ,  ForwardTime: 0.209  ,  TotalTime: 0.594  ,  Loss/total: 0.65179  ,  Loss/giou: 0.17522  ,  Loss/l1: 0.01218  ,  Loss/location: 0.21516  ,  pro_loss: 0.12390  ,  IoU: 0.83769  ,  Loss/sim: 1.30957  ,  Loss/distill: 1.30881
[train: Epoch 28, 1850 / 2500] FPS: 10.1 (12.2)  ,  DataTime: 0.384 (0.002)  ,  ForwardTime: 0.209  ,  TotalTime: 0.594  ,  Loss/total: 0.65098  ,  Loss/giou: 0.17484  ,  Loss/l1: 0.01213  ,  Loss/location: 0.21530  ,  pro_loss: 0.12408  ,  IoU: 0.83797  ,  Loss/sim: 1.31037  ,  Loss/distill: 1.30891
[train: Epoch 28, 1900 / 2500] FPS: 10.1 (9.0)  ,  DataTime: 0.384 (0.002)  ,  ForwardTime: 0.209  ,  TotalTime: 0.594  ,  Loss/total: 0.65154  ,  Loss/giou: 0.17502  ,  Loss/l1: 0.01214  ,  Loss/location: 0.21544  ,  pro_loss: 0.12412  ,  IoU: 0.83782  ,  Loss/sim: 1.31161  ,  Loss/distill: 1.30930
[train: Epoch 28, 1950 / 2500] FPS: 10.1 (7.9)  ,  DataTime: 0.385 (0.002)  ,  ForwardTime: 0.209  ,  TotalTime: 0.596  ,  Loss/total: 0.65113  ,  Loss/giou: 0.17491  ,  Loss/l1: 0.01212  ,  Loss/location: 0.21537  ,  pro_loss: 0.12407  ,  IoU: 0.83789  ,  Loss/sim: 1.31078  ,  Loss/distill: 1.30865
[train: Epoch 28, 2000 / 2500] FPS: 10.1 (14.1)  ,  DataTime: 0.384 (0.002)  ,  ForwardTime: 0.209  ,  TotalTime: 0.595  ,  Loss/total: 0.65024  ,  Loss/giou: 0.17482  ,  Loss/l1: 0.01210  ,  Loss/location: 0.21477  ,  pro_loss: 0.12415  ,  IoU: 0.83797  ,  Loss/sim: 1.31000  ,  Loss/distill: 1.30808
[train: Epoch 28, 2050 / 2500] FPS: 10.1 (6.5)  ,  DataTime: 0.385 (0.002)  ,  ForwardTime: 0.209  ,  TotalTime: 0.596  ,  Loss/total: 0.64946  ,  Loss/giou: 0.17462  ,  Loss/l1: 0.01207  ,  Loss/location: 0.21452  ,  pro_loss: 0.12404  ,  IoU: 0.83812  ,  Loss/sim: 1.31008  ,  Loss/distill: 1.30750
[train: Epoch 28, 2100 / 2500] FPS: 10.1 (12.7)  ,  DataTime: 0.385 (0.002)  ,  ForwardTime: 0.209  ,  TotalTime: 0.596  ,  Loss/total: 0.64867  ,  Loss/giou: 0.17436  ,  Loss/l1: 0.01205  ,  Loss/location: 0.21435  ,  pro_loss: 0.12407  ,  IoU: 0.83837  ,  Loss/sim: 1.30897  ,  Loss/distill: 1.30630
[train: Epoch 28, 2150 / 2500] FPS: 10.1 (10.8)  ,  DataTime: 0.386 (0.002)  ,  ForwardTime: 0.209  ,  TotalTime: 0.597  ,  Loss/total: 0.64728  ,  Loss/giou: 0.17395  ,  Loss/l1: 0.01201  ,  Loss/location: 0.21399  ,  pro_loss: 0.12419  ,  IoU: 0.83868  ,  Loss/sim: 1.30915  ,  Loss/distill: 1.30590
[train: Epoch 28, 2200 / 2500] FPS: 10.0 (8.8)  ,  DataTime: 0.386 (0.002)  ,  ForwardTime: 0.209  ,  TotalTime: 0.597  ,  Loss/total: 0.64718  ,  Loss/giou: 0.17398  ,  Loss/l1: 0.01200  ,  Loss/location: 0.21387  ,  pro_loss: 0.12410  ,  IoU: 0.83865  ,  Loss/sim: 1.30919  ,  Loss/distill: 1.30581
[train: Epoch 28, 2250 / 2500] FPS: 10.1 (17.5)  ,  DataTime: 0.386 (0.002)  ,  ForwardTime: 0.209  ,  TotalTime: 0.597  ,  Loss/total: 0.64761  ,  Loss/giou: 0.17413  ,  Loss/l1: 0.01201  ,  Loss/location: 0.21398  ,  pro_loss: 0.12408  ,  IoU: 0.83854  ,  Loss/sim: 1.30887  ,  Loss/distill: 1.30561
[train: Epoch 28, 2300 / 2500] FPS: 10.0 (8.8)  ,  DataTime: 0.387 (0.002)  ,  ForwardTime: 0.209  ,  TotalTime: 0.598  ,  Loss/total: 0.64803  ,  Loss/giou: 0.17412  ,  Loss/l1: 0.01200  ,  Loss/location: 0.21449  ,  pro_loss: 0.12397  ,  IoU: 0.83849  ,  Loss/sim: 1.30869  ,  Loss/distill: 1.30516
[train: Epoch 28, 2350 / 2500] FPS: 10.0 (8.3)  ,  DataTime: 0.386 (0.002)  ,  ForwardTime: 0.209  ,  TotalTime: 0.598  ,  Loss/total: 0.64707  ,  Loss/giou: 0.17386  ,  Loss/l1: 0.01197  ,  Loss/location: 0.21417  ,  pro_loss: 0.12393  ,  IoU: 0.83870  ,  Loss/sim: 1.30819  ,  Loss/distill: 1.30464
[train: Epoch 28, 2400 / 2500] FPS: 10.0 (8.4)  ,  DataTime: 0.388 (0.002)  ,  ForwardTime: 0.209  ,  TotalTime: 0.599  ,  Loss/total: 0.64750  ,  Loss/giou: 0.17400  ,  Loss/l1: 0.01199  ,  Loss/location: 0.21425  ,  pro_loss: 0.12382  ,  IoU: 0.83861  ,  Loss/sim: 1.30902  ,  Loss/distill: 1.30476
[train: Epoch 28, 2450 / 2500] FPS: 10.0 (9.9)  ,  DataTime: 0.388 (0.002)  ,  ForwardTime: 0.209  ,  TotalTime: 0.599  ,  Loss/total: 0.64699  ,  Loss/giou: 0.17392  ,  Loss/l1: 0.01199  ,  Loss/location: 0.21395  ,  pro_loss: 0.12375  ,  IoU: 0.83866  ,  Loss/sim: 1.30871  ,  Loss/distill: 1.30432
[train: Epoch 28, 2500 / 2500] FPS: 10.0 (8.7)  ,  DataTime: 0.387 (0.002)  ,  ForwardTime: 0.209  ,  TotalTime: 0.598  ,  Loss/total: 0.64815  ,  Loss/giou: 0.17419  ,  Loss/l1: 0.01203  ,  Loss/location: 0.21435  ,  pro_loss: 0.12375  ,  IoU: 0.83850  ,  Loss/sim: 1.30886  ,  Loss/distill: 1.30448
[train: Epoch 29, 50 / 2500] FPS: 10.3 (11.5)  ,  DataTime: 0.372 (0.002)  ,  ForwardTime: 0.208  ,  TotalTime: 0.582  ,  Loss/total: 0.62860  ,  Loss/giou: 0.16886  ,  Loss/l1: 0.01135  ,  Loss/location: 0.20786  ,  pro_loss: 0.12861  ,  IoU: 0.84296  ,  Loss/sim: 1.32567  ,  Loss/distill: 1.29937
[train: Epoch 29, 100 / 2500] FPS: 10.0 (13.8)  ,  DataTime: 0.389 (0.002)  ,  ForwardTime: 0.209  ,  TotalTime: 0.599  ,  Loss/total: 0.64683  ,  Loss/giou: 0.17100  ,  Loss/l1: 0.01169  ,  Loss/location: 0.22123  ,  pro_loss: 0.12319  ,  IoU: 0.84117  ,  Loss/sim: 1.30796  ,  Loss/distill: 1.28715
[train: Epoch 29, 150 / 2500] FPS: 10.0 (14.9)  ,  DataTime: 0.389 (0.002)  ,  ForwardTime: 0.209  ,  TotalTime: 0.600  ,  Loss/total: 0.64655  ,  Loss/giou: 0.17273  ,  Loss/l1: 0.01169  ,  Loss/location: 0.21731  ,  pro_loss: 0.12407  ,  IoU: 0.83933  ,  Loss/sim: 1.30369  ,  Loss/distill: 1.28670
[train: Epoch 29, 200 / 2500] FPS: 10.0 (12.3)  ,  DataTime: 0.391 (0.002)  ,  ForwardTime: 0.209  ,  TotalTime: 0.601  ,  Loss/total: 0.63406  ,  Loss/giou: 0.16971  ,  Loss/l1: 0.01135  ,  Loss/location: 0.21227  ,  pro_loss: 0.12542  ,  IoU: 0.84132  ,  Loss/sim: 1.29847  ,  Loss/distill: 1.27913
[train: Epoch 29, 250 / 2500] FPS: 9.8 (6.3)  ,  DataTime: 0.403 (0.002)  ,  ForwardTime: 0.209  ,  TotalTime: 0.614  ,  Loss/total: 0.63735  ,  Loss/giou: 0.17110  ,  Loss/l1: 0.01147  ,  Loss/location: 0.21241  ,  pro_loss: 0.12439  ,  IoU: 0.84073  ,  Loss/sim: 1.30266  ,  Loss/distill: 1.28594
[train: Epoch 29, 300 / 2500] FPS: 9.7 (5.8)  ,  DataTime: 0.411 (0.002)  ,  ForwardTime: 0.209  ,  TotalTime: 0.622  ,  Loss/total: 0.64965  ,  Loss/giou: 0.17399  ,  Loss/l1: 0.01174  ,  Loss/location: 0.21773  ,  pro_loss: 0.12347  ,  IoU: 0.83800  ,  Loss/sim: 1.30968  ,  Loss/distill: 1.28802
[train: Epoch 29, 350 / 2500] FPS: 9.7 (12.7)  ,  DataTime: 0.405 (0.002)  ,  ForwardTime: 0.209  ,  TotalTime: 0.616  ,  Loss/total: 0.64742  ,  Loss/giou: 0.17315  ,  Loss/l1: 0.01171  ,  Loss/location: 0.21750  ,  pro_loss: 0.12282  ,  IoU: 0.83896  ,  Loss/sim: 1.30892  ,  Loss/distill: 1.29060
[train: Epoch 29, 400 / 2500] FPS: 9.7 (6.7)  ,  DataTime: 0.408 (0.002)  ,  ForwardTime: 0.209  ,  TotalTime: 0.619  ,  Loss/total: 0.64614  ,  Loss/giou: 0.17267  ,  Loss/l1: 0.01156  ,  Loss/location: 0.21772  ,  pro_loss: 0.12382  ,  IoU: 0.83905  ,  Loss/sim: 1.31105  ,  Loss/distill: 1.29051
[train: Epoch 29, 450 / 2500] FPS: 9.7 (8.7)  ,  DataTime: 0.408 (0.002)  ,  ForwardTime: 0.209  ,  TotalTime: 0.618  ,  Loss/total: 0.64215  ,  Loss/giou: 0.17180  ,  Loss/l1: 0.01146  ,  Loss/location: 0.21594  ,  pro_loss: 0.12404  ,  IoU: 0.83986  ,  Loss/sim: 1.31217  ,  Loss/distill: 1.29162
[train: Epoch 29, 500 / 2500] FPS: 9.7 (9.3)  ,  DataTime: 0.411 (0.002)  ,  ForwardTime: 0.209  ,  TotalTime: 0.621  ,  Loss/total: 0.63843  ,  Loss/giou: 0.17081  ,  Loss/l1: 0.01136  ,  Loss/location: 0.21482  ,  pro_loss: 0.12342  ,  IoU: 0.84073  ,  Loss/sim: 1.31270  ,  Loss/distill: 1.29159
[train: Epoch 29, 550 / 2500] FPS: 9.7 (9.8)  ,  DataTime: 0.408 (0.002)  ,  ForwardTime: 0.209  ,  TotalTime: 0.619  ,  Loss/total: 0.64427  ,  Loss/giou: 0.17177  ,  Loss/l1: 0.01150  ,  Loss/location: 0.21816  ,  pro_loss: 0.12268  ,  IoU: 0.83988  ,  Loss/sim: 1.31353  ,  Loss/distill: 1.29391
[train: Epoch 29, 600 / 2500] FPS: 9.7 (7.4)  ,  DataTime: 0.407 (0.002)  ,  ForwardTime: 0.209  ,  TotalTime: 0.618  ,  Loss/total: 0.64418  ,  Loss/giou: 0.17206  ,  Loss/l1: 0.01163  ,  Loss/location: 0.21687  ,  pro_loss: 0.12250  ,  IoU: 0.83980  ,  Loss/sim: 1.31406  ,  Loss/distill: 1.29505
[train: Epoch 29, 650 / 2500] FPS: 9.7 (10.1)  ,  DataTime: 0.405 (0.002)  ,  ForwardTime: 0.209  ,  TotalTime: 0.616  ,  Loss/total: 0.64686  ,  Loss/giou: 0.17272  ,  Loss/l1: 0.01180  ,  Loss/location: 0.21745  ,  pro_loss: 0.12237  ,  IoU: 0.83935  ,  Loss/sim: 1.31222  ,  Loss/distill: 1.29499
[train: Epoch 29, 700 / 2500] FPS: 9.8 (11.7)  ,  DataTime: 0.401 (0.002)  ,  ForwardTime: 0.209  ,  TotalTime: 0.612  ,  Loss/total: 0.64529  ,  Loss/giou: 0.17223  ,  Loss/l1: 0.01174  ,  Loss/location: 0.21713  ,  pro_loss: 0.12232  ,  IoU: 0.83970  ,  Loss/sim: 1.31293  ,  Loss/distill: 1.29562
[train: Epoch 29, 750 / 2500] FPS: 9.9 (12.5)  ,  DataTime: 0.398 (0.002)  ,  ForwardTime: 0.209  ,  TotalTime: 0.609  ,  Loss/total: 0.64367  ,  Loss/giou: 0.17203  ,  Loss/l1: 0.01169  ,  Loss/location: 0.21616  ,  pro_loss: 0.12239  ,  IoU: 0.83979  ,  Loss/sim: 1.31417  ,  Loss/distill: 1.29731
[train: Epoch 29, 800 / 2500] FPS: 9.9 (9.5)  ,  DataTime: 0.396 (0.002)  ,  ForwardTime: 0.209  ,  TotalTime: 0.607  ,  Loss/total: 0.64466  ,  Loss/giou: 0.17232  ,  Loss/l1: 0.01178  ,  Loss/location: 0.21603  ,  pro_loss: 0.12281  ,  IoU: 0.83967  ,  Loss/sim: 1.31393  ,  Loss/distill: 1.29813
[train: Epoch 29, 850 / 2500] FPS: 9.9 (13.0)  ,  DataTime: 0.394 (0.002)  ,  ForwardTime: 0.209  ,  TotalTime: 0.605  ,  Loss/total: 0.64442  ,  Loss/giou: 0.17208  ,  Loss/l1: 0.01181  ,  Loss/location: 0.21612  ,  pro_loss: 0.12273  ,  IoU: 0.83987  ,  Loss/sim: 1.31547  ,  Loss/distill: 1.30031
[train: Epoch 29, 900 / 2500] FPS: 9.9 (10.4)  ,  DataTime: 0.395 (0.002)  ,  ForwardTime: 0.209  ,  TotalTime: 0.605  ,  Loss/total: 0.64529  ,  Loss/giou: 0.17243  ,  Loss/l1: 0.01185  ,  Loss/location: 0.21604  ,  pro_loss: 0.12301  ,  IoU: 0.83966  ,  Loss/sim: 1.31746  ,  Loss/distill: 1.30148
[train: Epoch 29, 950 / 2500] FPS: 9.9 (3.1)  ,  DataTime: 0.395 (0.002)  ,  ForwardTime: 0.209  ,  TotalTime: 0.605  ,  Loss/total: 0.64098  ,  Loss/giou: 0.17156  ,  Loss/l1: 0.01173  ,  Loss/location: 0.21399  ,  pro_loss: 0.12341  ,  IoU: 0.84033  ,  Loss/sim: 1.31702  ,  Loss/distill: 1.30087
[train: Epoch 29, 1000 / 2500] FPS: 9.9 (9.6)  ,  DataTime: 0.395 (0.002)  ,  ForwardTime: 0.209  ,  TotalTime: 0.606  ,  Loss/total: 0.64228  ,  Loss/giou: 0.17195  ,  Loss/l1: 0.01173  ,  Loss/location: 0.21453  ,  pro_loss: 0.12324  ,  IoU: 0.83993  ,  Loss/sim: 1.31814  ,  Loss/distill: 1.30231
[train: Epoch 29, 1050 / 2500] FPS: 9.9 (11.2)  ,  DataTime: 0.394 (0.002)  ,  ForwardTime: 0.209  ,  TotalTime: 0.604  ,  Loss/total: 0.64305  ,  Loss/giou: 0.17225  ,  Loss/l1: 0.01174  ,  Loss/location: 0.21468  ,  pro_loss: 0.12310  ,  IoU: 0.83972  ,  Loss/sim: 1.31691  ,  Loss/distill: 1.30164
[train: Epoch 29, 1100 / 2500] FPS: 9.9 (11.5)  ,  DataTime: 0.394 (0.002)  ,  ForwardTime: 0.209  ,  TotalTime: 0.604  ,  Loss/total: 0.64317  ,  Loss/giou: 0.17256  ,  Loss/l1: 0.01176  ,  Loss/location: 0.21405  ,  pro_loss: 0.12321  ,  IoU: 0.83949  ,  Loss/sim: 1.31871  ,  Loss/distill: 1.30277
[train: Epoch 29, 1150 / 2500] FPS: 9.9 (8.6)  ,  DataTime: 0.393 (0.002)  ,  ForwardTime: 0.209  ,  TotalTime: 0.603  ,  Loss/total: 0.64253  ,  Loss/giou: 0.17260  ,  Loss/l1: 0.01176  ,  Loss/location: 0.21341  ,  pro_loss: 0.12308  ,  IoU: 0.83943  ,  Loss/sim: 1.31997  ,  Loss/distill: 1.30369
[train: Epoch 29, 1200 / 2500] FPS: 9.9 (8.2)  ,  DataTime: 0.395 (0.002)  ,  ForwardTime: 0.209  ,  TotalTime: 0.606  ,  Loss/total: 0.64346  ,  Loss/giou: 0.17260  ,  Loss/l1: 0.01179  ,  Loss/location: 0.21414  ,  pro_loss: 0.12313  ,  IoU: 0.83946  ,  Loss/sim: 1.31947  ,  Loss/distill: 1.30313
[train: Epoch 29, 1250 / 2500] FPS: 9.9 (12.2)  ,  DataTime: 0.395 (0.002)  ,  ForwardTime: 0.209  ,  TotalTime: 0.606  ,  Loss/total: 0.64561  ,  Loss/giou: 0.17331  ,  Loss/l1: 0.01189  ,  Loss/location: 0.21434  ,  pro_loss: 0.12327  ,  IoU: 0.83899  ,  Loss/sim: 1.32191  ,  Loss/distill: 1.30509
[train: Epoch 29, 1300 / 2500] FPS: 9.9 (14.8)  ,  DataTime: 0.394 (0.002)  ,  ForwardTime: 0.209  ,  TotalTime: 0.605  ,  Loss/total: 0.64332  ,  Loss/giou: 0.17262  ,  Loss/l1: 0.01183  ,  Loss/location: 0.21375  ,  pro_loss: 0.12329  ,  IoU: 0.83955  ,  Loss/sim: 1.32233  ,  Loss/distill: 1.30613
[train: Epoch 29, 1350 / 2500] FPS: 9.9 (9.6)  ,  DataTime: 0.394 (0.002)  ,  ForwardTime: 0.209  ,  TotalTime: 0.604  ,  Loss/total: 0.64206  ,  Loss/giou: 0.17250  ,  Loss/l1: 0.01181  ,  Loss/location: 0.21285  ,  pro_loss: 0.12315  ,  IoU: 0.83969  ,  Loss/sim: 1.32068  ,  Loss/distill: 1.30567
[train: Epoch 29, 1400 / 2500] FPS: 9.9 (9.1)  ,  DataTime: 0.394 (0.002)  ,  ForwardTime: 0.209  ,  TotalTime: 0.605  ,  Loss/total: 0.64138  ,  Loss/giou: 0.17221  ,  Loss/l1: 0.01180  ,  Loss/location: 0.21281  ,  pro_loss: 0.12310  ,  IoU: 0.83995  ,  Loss/sim: 1.32132  ,  Loss/distill: 1.30598
[train: Epoch 29, 1450 / 2500] FPS: 9.9 (15.3)  ,  DataTime: 0.393 (0.002)  ,  ForwardTime: 0.209  ,  TotalTime: 0.604  ,  Loss/total: 0.64190  ,  Loss/giou: 0.17226  ,  Loss/l1: 0.01181  ,  Loss/location: 0.21317  ,  pro_loss: 0.12329  ,  IoU: 0.83990  ,  Loss/sim: 1.32132  ,  Loss/distill: 1.30713
[train: Epoch 29, 1500 / 2500] FPS: 10.0 (11.8)  ,  DataTime: 0.392 (0.002)  ,  ForwardTime: 0.209  ,  TotalTime: 0.603  ,  Loss/total: 0.64238  ,  Loss/giou: 0.17246  ,  Loss/l1: 0.01182  ,  Loss/location: 0.21316  ,  pro_loss: 0.12331  ,  IoU: 0.83973  ,  Loss/sim: 1.32174  ,  Loss/distill: 1.30714
[train: Epoch 29, 1550 / 2500] FPS: 10.0 (7.6)  ,  DataTime: 0.392 (0.002)  ,  ForwardTime: 0.209  ,  TotalTime: 0.602  ,  Loss/total: 0.64121  ,  Loss/giou: 0.17219  ,  Loss/l1: 0.01178  ,  Loss/location: 0.21267  ,  pro_loss: 0.12354  ,  IoU: 0.83990  ,  Loss/sim: 1.32110  ,  Loss/distill: 1.30701
[train: Epoch 29, 1600 / 2500] FPS: 10.0 (4.6)  ,  DataTime: 0.391 (0.002)  ,  ForwardTime: 0.209  ,  TotalTime: 0.602  ,  Loss/total: 0.64226  ,  Loss/giou: 0.17240  ,  Loss/l1: 0.01181  ,  Loss/location: 0.21318  ,  pro_loss: 0.12339  ,  IoU: 0.83970  ,  Loss/sim: 1.32169  ,  Loss/distill: 1.30769
[train: Epoch 29, 1650 / 2500] FPS: 9.9 (9.4)  ,  DataTime: 0.395 (0.002)  ,  ForwardTime: 0.209  ,  TotalTime: 0.606  ,  Loss/total: 0.64299  ,  Loss/giou: 0.17260  ,  Loss/l1: 0.01183  ,  Loss/location: 0.21342  ,  pro_loss: 0.12354  ,  IoU: 0.83949  ,  Loss/sim: 1.32144  ,  Loss/distill: 1.30763
[train: Epoch 29, 1700 / 2500] FPS: 9.9 (8.3)  ,  DataTime: 0.395 (0.002)  ,  ForwardTime: 0.209  ,  TotalTime: 0.605  ,  Loss/total: 0.64200  ,  Loss/giou: 0.17237  ,  Loss/l1: 0.01180  ,  Loss/location: 0.21299  ,  pro_loss: 0.12354  ,  IoU: 0.83964  ,  Loss/sim: 1.32118  ,  Loss/distill: 1.30754
[train: Epoch 29, 1750 / 2500] FPS: 9.9 (11.2)  ,  DataTime: 0.394 (0.002)  ,  ForwardTime: 0.209  ,  TotalTime: 0.605  ,  Loss/total: 0.64147  ,  Loss/giou: 0.17220  ,  Loss/l1: 0.01180  ,  Loss/location: 0.21278  ,  pro_loss: 0.12379  ,  IoU: 0.83983  ,  Loss/sim: 1.32053  ,  Loss/distill: 1.30661
[train: Epoch 29, 1800 / 2500] FPS: 9.9 (5.8)  ,  DataTime: 0.394 (0.002)  ,  ForwardTime: 0.209  ,  TotalTime: 0.604  ,  Loss/total: 0.64346  ,  Loss/giou: 0.17276  ,  Loss/l1: 0.01187  ,  Loss/location: 0.21332  ,  pro_loss: 0.12376  ,  IoU: 0.83939  ,  Loss/sim: 1.32167  ,  Loss/distill: 1.30751
[train: Epoch 29, 1850 / 2500] FPS: 9.9 (11.1)  ,  DataTime: 0.395 (0.002)  ,  ForwardTime: 0.209  ,  TotalTime: 0.606  ,  Loss/total: 0.64195  ,  Loss/giou: 0.17258  ,  Loss/l1: 0.01183  ,  Loss/location: 0.21234  ,  pro_loss: 0.12387  ,  IoU: 0.83951  ,  Loss/sim: 1.32140  ,  Loss/distill: 1.30730
[train: Epoch 29, 1900 / 2500] FPS: 9.9 (12.4)  ,  DataTime: 0.395 (0.002)  ,  ForwardTime: 0.209  ,  TotalTime: 0.606  ,  Loss/total: 0.64187  ,  Loss/giou: 0.17255  ,  Loss/l1: 0.01181  ,  Loss/location: 0.21242  ,  pro_loss: 0.12392  ,  IoU: 0.83950  ,  Loss/sim: 1.32234  ,  Loss/distill: 1.30710
[train: Epoch 29, 1950 / 2500] FPS: 9.9 (11.7)  ,  DataTime: 0.394 (0.002)  ,  ForwardTime: 0.209  ,  TotalTime: 0.605  ,  Loss/total: 0.64070  ,  Loss/giou: 0.17223  ,  Loss/l1: 0.01179  ,  Loss/location: 0.21197  ,  pro_loss: 0.12402  ,  IoU: 0.83981  ,  Loss/sim: 1.32244  ,  Loss/distill: 1.30692
[train: Epoch 29, 2000 / 2500] FPS: 9.9 (9.4)  ,  DataTime: 0.394 (0.002)  ,  ForwardTime: 0.209  ,  TotalTime: 0.604  ,  Loss/total: 0.64053  ,  Loss/giou: 0.17227  ,  Loss/l1: 0.01175  ,  Loss/location: 0.21189  ,  pro_loss: 0.12405  ,  IoU: 0.83971  ,  Loss/sim: 1.32320  ,  Loss/distill: 1.30732
[train: Epoch 29, 2050 / 2500] FPS: 9.9 (8.2)  ,  DataTime: 0.393 (0.002)  ,  ForwardTime: 0.209  ,  TotalTime: 0.603  ,  Loss/total: 0.64123  ,  Loss/giou: 0.17246  ,  Loss/l1: 0.01176  ,  Loss/location: 0.21217  ,  pro_loss: 0.12407  ,  IoU: 0.83958  ,  Loss/sim: 1.32274  ,  Loss/distill: 1.30665
[train: Epoch 29, 2100 / 2500] FPS: 10.0 (9.9)  ,  DataTime: 0.392 (0.002)  ,  ForwardTime: 0.209  ,  TotalTime: 0.603  ,  Loss/total: 0.64111  ,  Loss/giou: 0.17254  ,  Loss/l1: 0.01176  ,  Loss/location: 0.21181  ,  pro_loss: 0.12431  ,  IoU: 0.83953  ,  Loss/sim: 1.32259  ,  Loss/distill: 1.30658
[train: Epoch 29, 2150 / 2500] FPS: 9.9 (12.8)  ,  DataTime: 0.393 (0.002)  ,  ForwardTime: 0.209  ,  TotalTime: 0.603  ,  Loss/total: 0.64162  ,  Loss/giou: 0.17268  ,  Loss/l1: 0.01178  ,  Loss/location: 0.21192  ,  pro_loss: 0.12457  ,  IoU: 0.83942  ,  Loss/sim: 1.32200  ,  Loss/distill: 1.30617
[train: Epoch 29, 2200 / 2500] FPS: 9.9 (11.5)  ,  DataTime: 0.393 (0.002)  ,  ForwardTime: 0.209  ,  TotalTime: 0.603  ,  Loss/total: 0.64169  ,  Loss/giou: 0.17273  ,  Loss/l1: 0.01178  ,  Loss/location: 0.21185  ,  pro_loss: 0.12474  ,  IoU: 0.83940  ,  Loss/sim: 1.32115  ,  Loss/distill: 1.30508
[train: Epoch 29, 2250 / 2500] FPS: 9.9 (12.9)  ,  DataTime: 0.393 (0.002)  ,  ForwardTime: 0.209  ,  TotalTime: 0.603  ,  Loss/total: 0.64365  ,  Loss/giou: 0.17321  ,  Loss/l1: 0.01184  ,  Loss/location: 0.21258  ,  pro_loss: 0.12472  ,  IoU: 0.83900  ,  Loss/sim: 1.32125  ,  Loss/distill: 1.30505
[train: Epoch 29, 2300 / 2500] FPS: 9.9 (11.9)  ,  DataTime: 0.393 (0.002)  ,  ForwardTime: 0.209  ,  TotalTime: 0.603  ,  Loss/total: 0.64247  ,  Loss/giou: 0.17293  ,  Loss/l1: 0.01180  ,  Loss/location: 0.21210  ,  pro_loss: 0.12497  ,  IoU: 0.83920  ,  Loss/sim: 1.32100  ,  Loss/distill: 1.30483
[train: Epoch 29, 2350 / 2500] FPS: 10.0 (12.1)  ,  DataTime: 0.392 (0.002)  ,  ForwardTime: 0.209  ,  TotalTime: 0.602  ,  Loss/total: 0.64219  ,  Loss/giou: 0.17288  ,  Loss/l1: 0.01180  ,  Loss/location: 0.21188  ,  pro_loss: 0.12507  ,  IoU: 0.83924  ,  Loss/sim: 1.31939  ,  Loss/distill: 1.30428
[train: Epoch 29, 2400 / 2500] FPS: 10.0 (10.7)  ,  DataTime: 0.391 (0.002)  ,  ForwardTime: 0.209  ,  TotalTime: 0.602  ,  Loss/total: 0.64180  ,  Loss/giou: 0.17281  ,  Loss/l1: 0.01181  ,  Loss/location: 0.21157  ,  pro_loss: 0.12531  ,  IoU: 0.83933  ,  Loss/sim: 1.31857  ,  Loss/distill: 1.30361
[train: Epoch 29, 2450 / 2500] FPS: 10.0 (9.9)  ,  DataTime: 0.392 (0.002)  ,  ForwardTime: 0.209  ,  TotalTime: 0.602  ,  Loss/total: 0.64263  ,  Loss/giou: 0.17301  ,  Loss/l1: 0.01183  ,  Loss/location: 0.21186  ,  pro_loss: 0.12539  ,  IoU: 0.83921  ,  Loss/sim: 1.31915  ,  Loss/distill: 1.30415
[train: Epoch 29, 2500 / 2500] FPS: 10.0 (15.6)  ,  DataTime: 0.391 (0.002)  ,  ForwardTime: 0.209  ,  TotalTime: 0.602  ,  Loss/total: 0.64253  ,  Loss/giou: 0.17306  ,  Loss/l1: 0.01184  ,  Loss/location: 0.21160  ,  pro_loss: 0.12543  ,  IoU: 0.83917  ,  Loss/sim: 1.31926  ,  Loss/distill: 1.30403
[train: Epoch 30, 50 / 2500] FPS: 10.8 (11.2)  ,  DataTime: 0.343 (0.002)  ,  ForwardTime: 0.209  ,  TotalTime: 0.553  ,  Loss/total: 0.63040  ,  Loss/giou: 0.17317  ,  Loss/l1: 0.01218  ,  Loss/location: 0.19651  ,  pro_loss: 0.13056  ,  IoU: 0.84063  ,  Loss/sim: 1.32854  ,  Loss/distill: 1.29972
[train: Epoch 30, 100 / 2500] FPS: 10.8 (20.2)  ,  DataTime: 0.345 (0.002)  ,  ForwardTime: 0.209  ,  TotalTime: 0.556  ,  Loss/total: 0.65608  ,  Loss/giou: 0.17945  ,  Loss/l1: 0.01253  ,  Loss/location: 0.20951  ,  pro_loss: 0.12236  ,  IoU: 0.83462  ,  Loss/sim: 1.33661  ,  Loss/distill: 1.30331
[train: Epoch 30, 150 / 2500] FPS: 10.5 (10.2)  ,  DataTime: 0.362 (0.002)  ,  ForwardTime: 0.209  ,  TotalTime: 0.573  ,  Loss/total: 0.65087  ,  Loss/giou: 0.17670  ,  Loss/l1: 0.01214  ,  Loss/location: 0.21171  ,  pro_loss: 0.12278  ,  IoU: 0.83641  ,  Loss/sim: 1.32218  ,  Loss/distill: 1.29694
[train: Epoch 30, 200 / 2500] FPS: 10.0 (15.2)  ,  DataTime: 0.386 (0.002)  ,  ForwardTime: 0.209  ,  TotalTime: 0.597  ,  Loss/total: 0.64699  ,  Loss/giou: 0.17584  ,  Loss/l1: 0.01205  ,  Loss/location: 0.20942  ,  pro_loss: 0.12569  ,  IoU: 0.83700  ,  Loss/sim: 1.33094  ,  Loss/distill: 1.30130
[train: Epoch 30, 250 / 2500] FPS: 10.2 (11.0)  ,  DataTime: 0.377 (0.002)  ,  ForwardTime: 0.209  ,  TotalTime: 0.588  ,  Loss/total: 0.65117  ,  Loss/giou: 0.17590  ,  Loss/l1: 0.01225  ,  Loss/location: 0.21259  ,  pro_loss: 0.12489  ,  IoU: 0.83697  ,  Loss/sim: 1.32498  ,  Loss/distill: 1.30107
[train: Epoch 30, 300 / 2500] FPS: 10.3 (12.6)  ,  DataTime: 0.369 (0.002)  ,  ForwardTime: 0.209  ,  TotalTime: 0.580  ,  Loss/total: 0.65591  ,  Loss/giou: 0.17738  ,  Loss/l1: 0.01249  ,  Loss/location: 0.21324  ,  pro_loss: 0.12472  ,  IoU: 0.83587  ,  Loss/sim: 1.32476  ,  Loss/distill: 1.30015
[train: Epoch 30, 350 / 2500] FPS: 10.4 (12.6)  ,  DataTime: 0.368 (0.002)  ,  ForwardTime: 0.209  ,  TotalTime: 0.579  ,  Loss/total: 0.65307  ,  Loss/giou: 0.17638  ,  Loss/l1: 0.01247  ,  Loss/location: 0.21245  ,  pro_loss: 0.12496  ,  IoU: 0.83668  ,  Loss/sim: 1.32231  ,  Loss/distill: 1.29999
[train: Epoch 30, 400 / 2500] FPS: 10.3 (9.4)  ,  DataTime: 0.371 (0.002)  ,  ForwardTime: 0.209  ,  TotalTime: 0.581  ,  Loss/total: 0.65993  ,  Loss/giou: 0.17796  ,  Loss/l1: 0.01265  ,  Loss/location: 0.21516  ,  pro_loss: 0.12538  ,  IoU: 0.83557  ,  Loss/sim: 1.32216  ,  Loss/distill: 1.29683
[train: Epoch 30, 450 / 2500] FPS: 10.3 (8.2)  ,  DataTime: 0.374 (0.002)  ,  ForwardTime: 0.209  ,  TotalTime: 0.585  ,  Loss/total: 0.65522  ,  Loss/giou: 0.17669  ,  Loss/l1: 0.01245  ,  Loss/location: 0.21390  ,  pro_loss: 0.12583  ,  IoU: 0.83644  ,  Loss/sim: 1.31973  ,  Loss/distill: 1.29461
[train: Epoch 30, 500 / 2500] FPS: 10.3 (4.8)  ,  DataTime: 0.371 (0.002)  ,  ForwardTime: 0.209  ,  TotalTime: 0.582  ,  Loss/total: 0.65172  ,  Loss/giou: 0.17514  ,  Loss/l1: 0.01227  ,  Loss/location: 0.21447  ,  pro_loss: 0.12556  ,  IoU: 0.83764  ,  Loss/sim: 1.31789  ,  Loss/distill: 1.29364
[train: Epoch 30, 550 / 2500] FPS: 10.3 (7.2)  ,  DataTime: 0.370 (0.002)  ,  ForwardTime: 0.209  ,  TotalTime: 0.580  ,  Loss/total: 0.64764  ,  Loss/giou: 0.17469  ,  Loss/l1: 0.01219  ,  Loss/location: 0.21177  ,  pro_loss: 0.12508  ,  IoU: 0.83796  ,  Loss/sim: 1.31850  ,  Loss/distill: 1.29482
[train: Epoch 30, 600 / 2500] FPS: 10.3 (11.4)  ,  DataTime: 0.371 (0.002)  ,  ForwardTime: 0.209  ,  TotalTime: 0.582  ,  Loss/total: 0.64868  ,  Loss/giou: 0.17465  ,  Loss/l1: 0.01216  ,  Loss/location: 0.21308  ,  pro_loss: 0.12479  ,  IoU: 0.83789  ,  Loss/sim: 1.31804  ,  Loss/distill: 1.29485
[train: Epoch 30, 650 / 2500] FPS: 10.3 (12.1)  ,  DataTime: 0.370 (0.002)  ,  ForwardTime: 0.209  ,  TotalTime: 0.580  ,  Loss/total: 0.64562  ,  Loss/giou: 0.17399  ,  Loss/l1: 0.01209  ,  Loss/location: 0.21183  ,  pro_loss: 0.12432  ,  IoU: 0.83842  ,  Loss/sim: 1.31610  ,  Loss/distill: 1.29325
[train: Epoch 30, 700 / 2500] FPS: 10.3 (9.7)  ,  DataTime: 0.371 (0.002)  ,  ForwardTime: 0.209  ,  TotalTime: 0.582  ,  Loss/total: 0.64790  ,  Loss/giou: 0.17441  ,  Loss/l1: 0.01218  ,  Loss/location: 0.21272  ,  pro_loss: 0.12480  ,  IoU: 0.83809  ,  Loss/sim: 1.31842  ,  Loss/distill: 1.29384
[train: Epoch 30, 750 / 2500] FPS: 10.4 (12.4)  ,  DataTime: 0.368 (0.002)  ,  ForwardTime: 0.209  ,  TotalTime: 0.579  ,  Loss/total: 0.64836  ,  Loss/giou: 0.17450  ,  Loss/l1: 0.01214  ,  Loss/location: 0.21304  ,  pro_loss: 0.12561  ,  IoU: 0.83793  ,  Loss/sim: 1.31794  ,  Loss/distill: 1.29228
[train: Epoch 30, 800 / 2500] FPS: 10.4 (12.7)  ,  DataTime: 0.367 (0.002)  ,  ForwardTime: 0.209  ,  TotalTime: 0.578  ,  Loss/total: 0.64478  ,  Loss/giou: 0.17330  ,  Loss/l1: 0.01200  ,  Loss/location: 0.21240  ,  pro_loss: 0.12636  ,  IoU: 0.83887  ,  Loss/sim: 1.31663  ,  Loss/distill: 1.29107
[train: Epoch 30, 850 / 2500] FPS: 10.4 (11.9)  ,  DataTime: 0.366 (0.002)  ,  ForwardTime: 0.209  ,  TotalTime: 0.577  ,  Loss/total: 0.64515  ,  Loss/giou: 0.17343  ,  Loss/l1: 0.01201  ,  Loss/location: 0.21244  ,  pro_loss: 0.12642  ,  IoU: 0.83879  ,  Loss/sim: 1.31699  ,  Loss/distill: 1.28923
[train: Epoch 30, 900 / 2500] FPS: 10.4 (12.1)  ,  DataTime: 0.365 (0.002)  ,  ForwardTime: 0.209  ,  TotalTime: 0.575  ,  Loss/total: 0.64491  ,  Loss/giou: 0.17349  ,  Loss/l1: 0.01197  ,  Loss/location: 0.21231  ,  pro_loss: 0.12625  ,  IoU: 0.83873  ,  Loss/sim: 1.31568  ,  Loss/distill: 1.28819
[train: Epoch 30, 950 / 2500] FPS: 10.4 (10.1)  ,  DataTime: 0.364 (0.002)  ,  ForwardTime: 0.209  ,  TotalTime: 0.575  ,  Loss/total: 0.64353  ,  Loss/giou: 0.17302  ,  Loss/l1: 0.01193  ,  Loss/location: 0.21201  ,  pro_loss: 0.12654  ,  IoU: 0.83904  ,  Loss/sim: 1.31451  ,  Loss/distill: 1.28816
[train: Epoch 30, 1000 / 2500] FPS: 10.4 (13.3)  ,  DataTime: 0.364 (0.002)  ,  ForwardTime: 0.209  ,  TotalTime: 0.575  ,  Loss/total: 0.64274  ,  Loss/giou: 0.17275  ,  Loss/l1: 0.01185  ,  Loss/location: 0.21215  ,  pro_loss: 0.12654  ,  IoU: 0.83917  ,  Loss/sim: 1.31271  ,  Loss/distill: 1.28595
[train: Epoch 30, 1050 / 2500] FPS: 10.4 (11.3)  ,  DataTime: 0.364 (0.002)  ,  ForwardTime: 0.209  ,  TotalTime: 0.575  ,  Loss/total: 0.64384  ,  Loss/giou: 0.17301  ,  Loss/l1: 0.01183  ,  Loss/location: 0.21285  ,  pro_loss: 0.12639  ,  IoU: 0.83886  ,  Loss/sim: 1.31282  ,  Loss/distill: 1.28589
[train: Epoch 30, 1100 / 2500] FPS: 10.5 (10.7)  ,  DataTime: 0.363 (0.002)  ,  ForwardTime: 0.209  ,  TotalTime: 0.574  ,  Loss/total: 0.64418  ,  Loss/giou: 0.17321  ,  Loss/l1: 0.01188  ,  Loss/location: 0.21256  ,  pro_loss: 0.12625  ,  IoU: 0.83872  ,  Loss/sim: 1.31441  ,  Loss/distill: 1.28676
[train: Epoch 30, 1150 / 2500] FPS: 10.4 (12.0)  ,  DataTime: 0.364 (0.002)  ,  ForwardTime: 0.209  ,  TotalTime: 0.575  ,  Loss/total: 0.64451  ,  Loss/giou: 0.17345  ,  Loss/l1: 0.01192  ,  Loss/location: 0.21229  ,  pro_loss: 0.12606  ,  IoU: 0.83858  ,  Loss/sim: 1.31492  ,  Loss/distill: 1.28629
[train: Epoch 30, 1200 / 2500] FPS: 10.4 (7.1)  ,  DataTime: 0.365 (0.002)  ,  ForwardTime: 0.209  ,  TotalTime: 0.576  ,  Loss/total: 0.64273  ,  Loss/giou: 0.17280  ,  Loss/l1: 0.01185  ,  Loss/location: 0.21216  ,  pro_loss: 0.12606  ,  IoU: 0.83910  ,  Loss/sim: 1.31556  ,  Loss/distill: 1.28587
[train: Epoch 30, 1250 / 2500] FPS: 10.4 (10.8)  ,  DataTime: 0.365 (0.002)  ,  ForwardTime: 0.209  ,  TotalTime: 0.577  ,  Loss/total: 0.64524  ,  Loss/giou: 0.17332  ,  Loss/l1: 0.01193  ,  Loss/location: 0.21321  ,  pro_loss: 0.12596  ,  IoU: 0.83878  ,  Loss/sim: 1.31609  ,  Loss/distill: 1.28531
[train: Epoch 30, 1300 / 2500] FPS: 10.4 (12.3)  ,  DataTime: 0.368 (0.002)  ,  ForwardTime: 0.209  ,  TotalTime: 0.579  ,  Loss/total: 0.64825  ,  Loss/giou: 0.17401  ,  Loss/l1: 0.01202  ,  Loss/location: 0.21449  ,  pro_loss: 0.12555  ,  IoU: 0.83825  ,  Loss/sim: 1.31743  ,  Loss/distill: 1.28547
[train: Epoch 30, 1350 / 2500] FPS: 10.4 (7.3)  ,  DataTime: 0.367 (0.002)  ,  ForwardTime: 0.209  ,  TotalTime: 0.579  ,  Loss/total: 0.65006  ,  Loss/giou: 0.17461  ,  Loss/l1: 0.01210  ,  Loss/location: 0.21471  ,  pro_loss: 0.12546  ,  IoU: 0.83790  ,  Loss/sim: 1.31866  ,  Loss/distill: 1.28587
[train: Epoch 30, 1400 / 2500] FPS: 10.4 (10.2)  ,  DataTime: 0.367 (0.002)  ,  ForwardTime: 0.209  ,  TotalTime: 0.578  ,  Loss/total: 0.64976  ,  Loss/giou: 0.17442  ,  Loss/l1: 0.01210  ,  Loss/location: 0.21482  ,  pro_loss: 0.12531  ,  IoU: 0.83807  ,  Loss/sim: 1.32053  ,  Loss/distill: 1.28624
[train: Epoch 30, 1450 / 2500] FPS: 10.4 (15.8)  ,  DataTime: 0.367 (0.002)  ,  ForwardTime: 0.209  ,  TotalTime: 0.578  ,  Loss/total: 0.64908  ,  Loss/giou: 0.17421  ,  Loss/l1: 0.01208  ,  Loss/location: 0.21475  ,  pro_loss: 0.12502  ,  IoU: 0.83821  ,  Loss/sim: 1.32131  ,  Loss/distill: 1.28677
[train: Epoch 30, 1500 / 2500] FPS: 10.4 (7.0)  ,  DataTime: 0.368 (0.002)  ,  ForwardTime: 0.209  ,  TotalTime: 0.579  ,  Loss/total: 0.64712  ,  Loss/giou: 0.17364  ,  Loss/l1: 0.01200  ,  Loss/location: 0.21428  ,  pro_loss: 0.12512  ,  IoU: 0.83861  ,  Loss/sim: 1.32168  ,  Loss/distill: 1.28592
[train: Epoch 30, 1550 / 2500] FPS: 10.4 (9.2)  ,  DataTime: 0.367 (0.002)  ,  ForwardTime: 0.209  ,  TotalTime: 0.578  ,  Loss/total: 0.64786  ,  Loss/giou: 0.17379  ,  Loss/l1: 0.01202  ,  Loss/location: 0.21468  ,  pro_loss: 0.12503  ,  IoU: 0.83847  ,  Loss/sim: 1.32146  ,  Loss/distill: 1.28621
[train: Epoch 30, 1600 / 2500] FPS: 10.4 (11.5)  ,  DataTime: 0.366 (0.002)  ,  ForwardTime: 0.209  ,  TotalTime: 0.578  ,  Loss/total: 0.64964  ,  Loss/giou: 0.17431  ,  Loss/l1: 0.01210  ,  Loss/location: 0.21497  ,  pro_loss: 0.12518  ,  IoU: 0.83811  ,  Loss/sim: 1.32252  ,  Loss/distill: 1.28720
[train: Epoch 30, 1650 / 2500] FPS: 10.4 (8.4)  ,  DataTime: 0.367 (0.002)  ,  ForwardTime: 0.209  ,  TotalTime: 0.578  ,  Loss/total: 0.64818  ,  Loss/giou: 0.17395  ,  Loss/l1: 0.01206  ,  Loss/location: 0.21441  ,  pro_loss: 0.12523  ,  IoU: 0.83841  ,  Loss/sim: 1.32246  ,  Loss/distill: 1.28692
[train: Epoch 30, 1700 / 2500] FPS: 10.4 (12.1)  ,  DataTime: 0.367 (0.002)  ,  ForwardTime: 0.209  ,  TotalTime: 0.578  ,  Loss/total: 0.64638  ,  Loss/giou: 0.17341  ,  Loss/l1: 0.01199  ,  Loss/location: 0.21404  ,  pro_loss: 0.12525  ,  IoU: 0.83884  ,  Loss/sim: 1.32276  ,  Loss/distill: 1.28732
[train: Epoch 30, 1750 / 2500] FPS: 10.4 (10.6)  ,  DataTime: 0.366 (0.002)  ,  ForwardTime: 0.209  ,  TotalTime: 0.577  ,  Loss/total: 0.64735  ,  Loss/giou: 0.17378  ,  Loss/l1: 0.01203  ,  Loss/location: 0.21407  ,  pro_loss: 0.12524  ,  IoU: 0.83854  ,  Loss/sim: 1.32357  ,  Loss/distill: 1.28849
[train: Epoch 30, 1800 / 2500] FPS: 10.4 (7.7)  ,  DataTime: 0.367 (0.002)  ,  ForwardTime: 0.209  ,  TotalTime: 0.578  ,  Loss/total: 0.64814  ,  Loss/giou: 0.17384  ,  Loss/l1: 0.01204  ,  Loss/location: 0.21468  ,  pro_loss: 0.12523  ,  IoU: 0.83850  ,  Loss/sim: 1.32311  ,  Loss/distill: 1.28830
[train: Epoch 30, 1850 / 2500] FPS: 10.3 (9.4)  ,  DataTime: 0.369 (0.002)  ,  ForwardTime: 0.209  ,  TotalTime: 0.580  ,  Loss/total: 0.64817  ,  Loss/giou: 0.17392  ,  Loss/l1: 0.01206  ,  Loss/location: 0.21450  ,  pro_loss: 0.12509  ,  IoU: 0.83845  ,  Loss/sim: 1.32414  ,  Loss/distill: 1.28909
[train: Epoch 30, 1900 / 2500] FPS: 10.3 (12.6)  ,  DataTime: 0.370 (0.002)  ,  ForwardTime: 0.209  ,  TotalTime: 0.581  ,  Loss/total: 0.64856  ,  Loss/giou: 0.17403  ,  Loss/l1: 0.01208  ,  Loss/location: 0.21453  ,  pro_loss: 0.12519  ,  IoU: 0.83837  ,  Loss/sim: 1.32454  ,  Loss/distill: 1.28991
[train: Epoch 30, 1950 / 2500] FPS: 10.3 (11.8)  ,  DataTime: 0.371 (0.002)  ,  ForwardTime: 0.209  ,  TotalTime: 0.582  ,  Loss/total: 0.64944  ,  Loss/giou: 0.17436  ,  Loss/l1: 0.01209  ,  Loss/location: 0.21472  ,  pro_loss: 0.12510  ,  IoU: 0.83807  ,  Loss/sim: 1.32528  ,  Loss/distill: 1.29058
[train: Epoch 30, 2000 / 2500] FPS: 10.3 (8.2)  ,  DataTime: 0.371 (0.002)  ,  ForwardTime: 0.209  ,  TotalTime: 0.582  ,  Loss/total: 0.64913  ,  Loss/giou: 0.17429  ,  Loss/l1: 0.01207  ,  Loss/location: 0.21467  ,  pro_loss: 0.12500  ,  IoU: 0.83807  ,  Loss/sim: 1.32506  ,  Loss/distill: 1.29062
[train: Epoch 30, 2050 / 2500] FPS: 10.3 (13.1)  ,  DataTime: 0.371 (0.002)  ,  ForwardTime: 0.209  ,  TotalTime: 0.582  ,  Loss/total: 0.64939  ,  Loss/giou: 0.17420  ,  Loss/l1: 0.01205  ,  Loss/location: 0.21525  ,  pro_loss: 0.12494  ,  IoU: 0.83810  ,  Loss/sim: 1.32701  ,  Loss/distill: 1.29200
[train: Epoch 30, 2100 / 2500] FPS: 10.3 (14.6)  ,  DataTime: 0.370 (0.002)  ,  ForwardTime: 0.209  ,  TotalTime: 0.582  ,  Loss/total: 0.65032  ,  Loss/giou: 0.17437  ,  Loss/l1: 0.01206  ,  Loss/location: 0.21572  ,  pro_loss: 0.12512  ,  IoU: 0.83796  ,  Loss/sim: 1.32798  ,  Loss/distill: 1.29228
[train: Epoch 30, 2150 / 2500] FPS: 10.3 (11.6)  ,  DataTime: 0.370 (0.002)  ,  ForwardTime: 0.209  ,  TotalTime: 0.581  ,  Loss/total: 0.64953  ,  Loss/giou: 0.17411  ,  Loss/l1: 0.01202  ,  Loss/location: 0.21570  ,  pro_loss: 0.12505  ,  IoU: 0.83811  ,  Loss/sim: 1.32723  ,  Loss/distill: 1.29222
[train: Epoch 30, 2200 / 2500] FPS: 10.3 (14.4)  ,  DataTime: 0.369 (0.002)  ,  ForwardTime: 0.209  ,  TotalTime: 0.580  ,  Loss/total: 0.64925  ,  Loss/giou: 0.17403  ,  Loss/l1: 0.01200  ,  Loss/location: 0.21566  ,  pro_loss: 0.12491  ,  IoU: 0.83818  ,  Loss/sim: 1.32815  ,  Loss/distill: 1.29350
[train: Epoch 30, 2250 / 2500] FPS: 10.3 (11.5)  ,  DataTime: 0.369 (0.002)  ,  ForwardTime: 0.209  ,  TotalTime: 0.580  ,  Loss/total: 0.64982  ,  Loss/giou: 0.17411  ,  Loss/l1: 0.01202  ,  Loss/location: 0.21597  ,  pro_loss: 0.12497  ,  IoU: 0.83810  ,  Loss/sim: 1.32867  ,  Loss/distill: 1.29418
[train: Epoch 30, 2300 / 2500] FPS: 10.4 (13.8)  ,  DataTime: 0.368 (0.002)  ,  ForwardTime: 0.209  ,  TotalTime: 0.580  ,  Loss/total: 0.64866  ,  Loss/giou: 0.17385  ,  Loss/l1: 0.01200  ,  Loss/location: 0.21547  ,  pro_loss: 0.12491  ,  IoU: 0.83834  ,  Loss/sim: 1.32939  ,  Loss/distill: 1.29443
[train: Epoch 30, 2350 / 2500] FPS: 10.4 (6.2)  ,  DataTime: 0.369 (0.002)  ,  ForwardTime: 0.209  ,  TotalTime: 0.580  ,  Loss/total: 0.64872  ,  Loss/giou: 0.17388  ,  Loss/l1: 0.01200  ,  Loss/location: 0.21548  ,  pro_loss: 0.12490  ,  IoU: 0.83831  ,  Loss/sim: 1.32947  ,  Loss/distill: 1.29486
[train: Epoch 30, 2400 / 2500] FPS: 10.4 (9.0)  ,  DataTime: 0.369 (0.002)  ,  ForwardTime: 0.209  ,  TotalTime: 0.580  ,  Loss/total: 0.64881  ,  Loss/giou: 0.17395  ,  Loss/l1: 0.01200  ,  Loss/location: 0.21544  ,  pro_loss: 0.12484  ,  IoU: 0.83822  ,  Loss/sim: 1.32990  ,  Loss/distill: 1.29499
[train: Epoch 30, 2450 / 2500] FPS: 10.4 (11.2)  ,  DataTime: 0.368 (0.002)  ,  ForwardTime: 0.209  ,  TotalTime: 0.579  ,  Loss/total: 0.64905  ,  Loss/giou: 0.17410  ,  Loss/l1: 0.01200  ,  Loss/location: 0.21534  ,  pro_loss: 0.12481  ,  IoU: 0.83810  ,  Loss/sim: 1.33009  ,  Loss/distill: 1.29554
[train: Epoch 30, 2500 / 2500] FPS: 10.4 (10.4)  ,  DataTime: 0.367 (0.002)  ,  ForwardTime: 0.209  ,  TotalTime: 0.578  ,  Loss/total: 0.64945  ,  Loss/giou: 0.17415  ,  Loss/l1: 0.01202  ,  Loss/location: 0.21555  ,  pro_loss: 0.12483  ,  IoU: 0.83809  ,  Loss/sim: 1.33043  ,  Loss/distill: 1.29626
[val: Epoch 30, 50 / 416] FPS: 9.0 (10.5)  ,  DataTime: 0.534 (0.002)  ,  ForwardTime: 0.127  ,  TotalTime: 0.663  ,  Loss/total: 0.84253  ,  Loss/giou: 0.21925  ,  Loss/l1: 0.01586  ,  Loss/location: 0.32447  ,  pro_loss: 0.00000  ,  IoU: 0.79893  ,  Loss/sim: 0.00000  ,  Loss/distill: 1.26402
[val: Epoch 30, 100 / 416] FPS: 9.1 (10.3)  ,  DataTime: 0.528 (0.002)  ,  ForwardTime: 0.127  ,  TotalTime: 0.657  ,  Loss/total: 0.83566  ,  Loss/giou: 0.21511  ,  Loss/l1: 0.01619  ,  Loss/location: 0.32421  ,  pro_loss: 0.00000  ,  IoU: 0.80330  ,  Loss/sim: 0.00000  ,  Loss/distill: 1.27319
[val: Epoch 30, 150 / 416] FPS: 9.1 (9.9)  ,  DataTime: 0.529 (0.002)  ,  ForwardTime: 0.127  ,  TotalTime: 0.658  ,  Loss/total: 0.81730  ,  Loss/giou: 0.21156  ,  Loss/l1: 0.01570  ,  Loss/location: 0.31542  ,  pro_loss: 0.00009  ,  IoU: 0.80532  ,  Loss/sim: 0.00000  ,  Loss/distill: 1.26911
[val: Epoch 30, 200 / 416] FPS: 9.1 (9.9)  ,  DataTime: 0.532 (0.002)  ,  ForwardTime: 0.127  ,  TotalTime: 0.660  ,  Loss/total: 0.80054  ,  Loss/giou: 0.20908  ,  Loss/l1: 0.01540  ,  Loss/location: 0.30506  ,  pro_loss: 0.00021  ,  IoU: 0.80743  ,  Loss/sim: 0.00000  ,  Loss/distill: 1.26510
[val: Epoch 30, 250 / 416] FPS: 9.0 (11.5)  ,  DataTime: 0.535 (0.002)  ,  ForwardTime: 0.127  ,  TotalTime: 0.664  ,  Loss/total: 0.78793  ,  Loss/giou: 0.20650  ,  Loss/l1: 0.01508  ,  Loss/location: 0.29920  ,  pro_loss: 0.00022  ,  IoU: 0.80938  ,  Loss/sim: 0.00000  ,  Loss/distill: 1.26318
[val: Epoch 30, 300 / 416] FPS: 9.1 (11.3)  ,  DataTime: 0.533 (0.002)  ,  ForwardTime: 0.127  ,  TotalTime: 0.662  ,  Loss/total: 0.79119  ,  Loss/giou: 0.20650  ,  Loss/l1: 0.01521  ,  Loss/location: 0.30184  ,  pro_loss: 0.00019  ,  IoU: 0.80917  ,  Loss/sim: 0.00000  ,  Loss/distill: 1.26462
[val: Epoch 30, 350 / 416] FPS: 8.9 (7.9)  ,  DataTime: 0.546 (0.002)  ,  ForwardTime: 0.127  ,  TotalTime: 0.675  ,  Loss/total: 0.79794  ,  Loss/giou: 0.20837  ,  Loss/l1: 0.01542  ,  Loss/location: 0.30381  ,  pro_loss: 0.00020  ,  IoU: 0.80755  ,  Loss/sim: 0.00000  ,  Loss/distill: 1.26731
[val: Epoch 30, 400 / 416] FPS: 8.9 (9.6)  ,  DataTime: 0.542 (0.002)  ,  ForwardTime: 0.127  ,  TotalTime: 0.671  ,  Loss/total: 0.79183  ,  Loss/giou: 0.20750  ,  Loss/l1: 0.01529  ,  Loss/location: 0.30007  ,  pro_loss: 0.00028  ,  IoU: 0.80831  ,  Loss/sim: 0.00000  ,  Loss/distill: 1.26741
[val: Epoch 30, 416 / 416] FPS: 9.0 (10.0)  ,  DataTime: 0.541 (0.002)  ,  ForwardTime: 0.127  ,  TotalTime: 0.669  ,  Loss/total: 0.79087  ,  Loss/giou: 0.20726  ,  Loss/l1: 0.01527  ,  Loss/location: 0.29971  ,  pro_loss: 0.00027  ,  IoU: 0.80846  ,  Loss/sim: 0.00000  ,  Loss/distill: 1.26712
[train: Epoch 31, 50 / 2500] FPS: 9.9 (5.8)  ,  DataTime: 0.393 (0.002)  ,  ForwardTime: 0.208  ,  TotalTime: 0.603  ,  Loss/total: 0.62995  ,  Loss/giou: 0.16837  ,  Loss/l1: 0.01131  ,  Loss/location: 0.21238  ,  pro_loss: 0.11889  ,  IoU: 0.84264  ,  Loss/sim: 1.30887  ,  Loss/distill: 1.26759
[train: Epoch 31, 100 / 2500] FPS: 9.9 (13.1)  ,  DataTime: 0.397 (0.002)  ,  ForwardTime: 0.209  ,  TotalTime: 0.608  ,  Loss/total: 0.62651  ,  Loss/giou: 0.16636  ,  Loss/l1: 0.01137  ,  Loss/location: 0.21268  ,  pro_loss: 0.11861  ,  IoU: 0.84460  ,  Loss/sim: 1.32401  ,  Loss/distill: 1.28508
[train: Epoch 31, 150 / 2500] FPS: 10.1 (11.5)  ,  DataTime: 0.386 (0.002)  ,  ForwardTime: 0.209  ,  TotalTime: 0.597  ,  Loss/total: 0.64186  ,  Loss/giou: 0.16996  ,  Loss/l1: 0.01206  ,  Loss/location: 0.21725  ,  pro_loss: 0.11935  ,  IoU: 0.84234  ,  Loss/sim: 1.32517  ,  Loss/distill: 1.28993
[train: Epoch 31, 200 / 2500] FPS: 10.3 (12.3)  ,  DataTime: 0.373 (0.002)  ,  ForwardTime: 0.209  ,  TotalTime: 0.584  ,  Loss/total: 0.64141  ,  Loss/giou: 0.17025  ,  Loss/l1: 0.01185  ,  Loss/location: 0.21710  ,  pro_loss: 0.12007  ,  IoU: 0.84157  ,  Loss/sim: 1.33781  ,  Loss/distill: 1.29181
[train: Epoch 31, 250 / 2500] FPS: 10.3 (9.9)  ,  DataTime: 0.372 (0.002)  ,  ForwardTime: 0.209  ,  TotalTime: 0.583  ,  Loss/total: 0.65164  ,  Loss/giou: 0.17502  ,  Loss/l1: 0.01212  ,  Loss/location: 0.21636  ,  pro_loss: 0.12061  ,  IoU: 0.83764  ,  Loss/sim: 1.33024  ,  Loss/distill: 1.29460
[train: Epoch 31, 300 / 2500] FPS: 10.4 (12.2)  ,  DataTime: 0.366 (0.002)  ,  ForwardTime: 0.209  ,  TotalTime: 0.576  ,  Loss/total: 0.65350  ,  Loss/giou: 0.17557  ,  Loss/l1: 0.01221  ,  Loss/location: 0.21663  ,  pro_loss: 0.12088  ,  IoU: 0.83718  ,  Loss/sim: 1.33414  ,  Loss/distill: 1.29339
[train: Epoch 31, 350 / 2500] FPS: 10.4 (10.3)  ,  DataTime: 0.365 (0.002)  ,  ForwardTime: 0.209  ,  TotalTime: 0.575  ,  Loss/total: 0.65091  ,  Loss/giou: 0.17567  ,  Loss/l1: 0.01215  ,  Loss/location: 0.21429  ,  pro_loss: 0.12008  ,  IoU: 0.83715  ,  Loss/sim: 1.33482  ,  Loss/distill: 1.29477
[train: Epoch 31, 400 / 2500] FPS: 10.2 (9.6)  ,  DataTime: 0.378 (0.002)  ,  ForwardTime: 0.209  ,  TotalTime: 0.589  ,  Loss/total: 0.64509  ,  Loss/giou: 0.17428  ,  Loss/l1: 0.01200  ,  Loss/location: 0.21193  ,  pro_loss: 0.12024  ,  IoU: 0.83830  ,  Loss/sim: 1.33737  ,  Loss/distill: 1.29543
[train: Epoch 31, 450 / 2500] FPS: 10.3 (10.2)  ,  DataTime: 0.373 (0.002)  ,  ForwardTime: 0.209  ,  TotalTime: 0.583  ,  Loss/total: 0.65410  ,  Loss/giou: 0.17657  ,  Loss/l1: 0.01226  ,  Loss/location: 0.21519  ,  pro_loss: 0.11969  ,  IoU: 0.83661  ,  Loss/sim: 1.34037  ,  Loss/distill: 1.29710
[train: Epoch 31, 500 / 2500] FPS: 10.3 (7.1)  ,  DataTime: 0.373 (0.002)  ,  ForwardTime: 0.209  ,  TotalTime: 0.584  ,  Loss/total: 0.65339  ,  Loss/giou: 0.17605  ,  Loss/l1: 0.01226  ,  Loss/location: 0.21551  ,  pro_loss: 0.11967  ,  IoU: 0.83712  ,  Loss/sim: 1.34029  ,  Loss/distill: 1.29684
[train: Epoch 31, 550 / 2500] FPS: 10.3 (9.6)  ,  DataTime: 0.370 (0.002)  ,  ForwardTime: 0.209  ,  TotalTime: 0.581  ,  Loss/total: 0.65500  ,  Loss/giou: 0.17612  ,  Loss/l1: 0.01232  ,  Loss/location: 0.21685  ,  pro_loss: 0.11896  ,  IoU: 0.83698  ,  Loss/sim: 1.34267  ,  Loss/distill: 1.29821
[train: Epoch 31, 600 / 2500] FPS: 10.3 (10.6)  ,  DataTime: 0.371 (0.002)  ,  ForwardTime: 0.209  ,  TotalTime: 0.581  ,  Loss/total: 0.65488  ,  Loss/giou: 0.17580  ,  Loss/l1: 0.01230  ,  Loss/location: 0.21744  ,  pro_loss: 0.11891  ,  IoU: 0.83728  ,  Loss/sim: 1.34088  ,  Loss/distill: 1.29659
[train: Epoch 31, 650 / 2500] FPS: 10.3 (8.1)  ,  DataTime: 0.372 (0.002)  ,  ForwardTime: 0.209  ,  TotalTime: 0.583  ,  Loss/total: 0.65522  ,  Loss/giou: 0.17596  ,  Loss/l1: 0.01238  ,  Loss/location: 0.21719  ,  pro_loss: 0.11846  ,  IoU: 0.83722  ,  Loss/sim: 1.33927  ,  Loss/distill: 1.29664
[train: Epoch 31, 700 / 2500] FPS: 10.3 (4.7)  ,  DataTime: 0.372 (0.002)  ,  ForwardTime: 0.209  ,  TotalTime: 0.583  ,  Loss/total: 0.65580  ,  Loss/giou: 0.17631  ,  Loss/l1: 0.01234  ,  Loss/location: 0.21720  ,  pro_loss: 0.11869  ,  IoU: 0.83689  ,  Loss/sim: 1.33496  ,  Loss/distill: 1.29377
[train: Epoch 31, 750 / 2500] FPS: 10.3 (8.8)  ,  DataTime: 0.371 (0.002)  ,  ForwardTime: 0.209  ,  TotalTime: 0.582  ,  Loss/total: 0.65363  ,  Loss/giou: 0.17593  ,  Loss/l1: 0.01232  ,  Loss/location: 0.21588  ,  pro_loss: 0.11870  ,  IoU: 0.83721  ,  Loss/sim: 1.33616  ,  Loss/distill: 1.29529
[train: Epoch 31, 800 / 2500] FPS: 10.4 (7.8)  ,  DataTime: 0.369 (0.002)  ,  ForwardTime: 0.209  ,  TotalTime: 0.580  ,  Loss/total: 0.65547  ,  Loss/giou: 0.17637  ,  Loss/l1: 0.01238  ,  Loss/location: 0.21653  ,  pro_loss: 0.11877  ,  IoU: 0.83694  ,  Loss/sim: 1.33550  ,  Loss/distill: 1.29517
[train: Epoch 31, 850 / 2500] FPS: 10.4 (11.9)  ,  DataTime: 0.367 (0.002)  ,  ForwardTime: 0.209  ,  TotalTime: 0.578  ,  Loss/total: 0.65489  ,  Loss/giou: 0.17638  ,  Loss/l1: 0.01246  ,  Loss/location: 0.21551  ,  pro_loss: 0.11895  ,  IoU: 0.83713  ,  Loss/sim: 1.33569  ,  Loss/distill: 1.29486
[train: Epoch 31, 900 / 2500] FPS: 10.4 (8.9)  ,  DataTime: 0.367 (0.002)  ,  ForwardTime: 0.209  ,  TotalTime: 0.578  ,  Loss/total: 0.65327  ,  Loss/giou: 0.17612  ,  Loss/l1: 0.01241  ,  Loss/location: 0.21466  ,  pro_loss: 0.11890  ,  IoU: 0.83724  ,  Loss/sim: 1.33824  ,  Loss/distill: 1.29531
[train: Epoch 31, 950 / 2500] FPS: 10.2 (12.2)  ,  DataTime: 0.377 (0.002)  ,  ForwardTime: 0.209  ,  TotalTime: 0.588  ,  Loss/total: 0.65195  ,  Loss/giou: 0.17559  ,  Loss/l1: 0.01238  ,  Loss/location: 0.21461  ,  pro_loss: 0.11861  ,  IoU: 0.83765  ,  Loss/sim: 1.33635  ,  Loss/distill: 1.29487
[train: Epoch 31, 1000 / 2500] FPS: 10.2 (7.6)  ,  DataTime: 0.377 (0.002)  ,  ForwardTime: 0.209  ,  TotalTime: 0.588  ,  Loss/total: 0.65091  ,  Loss/giou: 0.17541  ,  Loss/l1: 0.01231  ,  Loss/location: 0.21418  ,  pro_loss: 0.11911  ,  IoU: 0.83775  ,  Loss/sim: 1.33664  ,  Loss/distill: 1.29360
[train: Epoch 31, 1050 / 2500] FPS: 10.2 (14.3)  ,  DataTime: 0.377 (0.002)  ,  ForwardTime: 0.209  ,  TotalTime: 0.588  ,  Loss/total: 0.65173  ,  Loss/giou: 0.17578  ,  Loss/l1: 0.01233  ,  Loss/location: 0.21420  ,  pro_loss: 0.11911  ,  IoU: 0.83746  ,  Loss/sim: 1.34063  ,  Loss/distill: 1.29469
[train: Epoch 31, 1100 / 2500] FPS: 10.2 (17.6)  ,  DataTime: 0.378 (0.002)  ,  ForwardTime: 0.209  ,  TotalTime: 0.589  ,  Loss/total: 0.65082  ,  Loss/giou: 0.17550  ,  Loss/l1: 0.01228  ,  Loss/location: 0.21402  ,  pro_loss: 0.11919  ,  IoU: 0.83763  ,  Loss/sim: 1.33991  ,  Loss/distill: 1.29406
[train: Epoch 31, 1150 / 2500] FPS: 10.2 (10.5)  ,  DataTime: 0.376 (0.002)  ,  ForwardTime: 0.209  ,  TotalTime: 0.587  ,  Loss/total: 0.65010  ,  Loss/giou: 0.17511  ,  Loss/l1: 0.01221  ,  Loss/location: 0.21443  ,  pro_loss: 0.11928  ,  IoU: 0.83788  ,  Loss/sim: 1.33727  ,  Loss/distill: 1.29272
[train: Epoch 31, 1200 / 2500] FPS: 10.2 (13.4)  ,  DataTime: 0.377 (0.002)  ,  ForwardTime: 0.209  ,  TotalTime: 0.588  ,  Loss/total: 0.65065  ,  Loss/giou: 0.17510  ,  Loss/l1: 0.01224  ,  Loss/location: 0.21481  ,  pro_loss: 0.11953  ,  IoU: 0.83793  ,  Loss/sim: 1.33657  ,  Loss/distill: 1.29209
[train: Epoch 31, 1250 / 2500] FPS: 10.2 (9.7)  ,  DataTime: 0.378 (0.002)  ,  ForwardTime: 0.209  ,  TotalTime: 0.588  ,  Loss/total: 0.65118  ,  Loss/giou: 0.17518  ,  Loss/l1: 0.01223  ,  Loss/location: 0.21520  ,  pro_loss: 0.11960  ,  IoU: 0.83788  ,  Loss/sim: 1.33666  ,  Loss/distill: 1.29152
[train: Epoch 31, 1300 / 2500] FPS: 10.2 (9.4)  ,  DataTime: 0.377 (0.002)  ,  ForwardTime: 0.209  ,  TotalTime: 0.588  ,  Loss/total: 0.65240  ,  Loss/giou: 0.17546  ,  Loss/l1: 0.01229  ,  Loss/location: 0.21558  ,  pro_loss: 0.11969  ,  IoU: 0.83770  ,  Loss/sim: 1.33769  ,  Loss/distill: 1.29119
[train: Epoch 31, 1350 / 2500] FPS: 10.2 (10.5)  ,  DataTime: 0.376 (0.002)  ,  ForwardTime: 0.209  ,  TotalTime: 0.587  ,  Loss/total: 0.65125  ,  Loss/giou: 0.17505  ,  Loss/l1: 0.01226  ,  Loss/location: 0.21536  ,  pro_loss: 0.11996  ,  IoU: 0.83804  ,  Loss/sim: 1.33749  ,  Loss/distill: 1.29149
[train: Epoch 31, 1400 / 2500] FPS: 10.2 (10.3)  ,  DataTime: 0.376 (0.002)  ,  ForwardTime: 0.209  ,  TotalTime: 0.587  ,  Loss/total: 0.65053  ,  Loss/giou: 0.17474  ,  Loss/l1: 0.01221  ,  Loss/location: 0.21548  ,  pro_loss: 0.12006  ,  IoU: 0.83829  ,  Loss/sim: 1.33784  ,  Loss/distill: 1.29179
[train: Epoch 31, 1450 / 2500] FPS: 10.2 (8.7)  ,  DataTime: 0.376 (0.002)  ,  ForwardTime: 0.209  ,  TotalTime: 0.587  ,  Loss/total: 0.65095  ,  Loss/giou: 0.17484  ,  Loss/l1: 0.01219  ,  Loss/location: 0.21577  ,  pro_loss: 0.12008  ,  IoU: 0.83819  ,  Loss/sim: 1.33565  ,  Loss/distill: 1.29055
[train: Epoch 31, 1500 / 2500] FPS: 10.2 (11.2)  ,  DataTime: 0.375 (0.002)  ,  ForwardTime: 0.209  ,  TotalTime: 0.586  ,  Loss/total: 0.65027  ,  Loss/giou: 0.17478  ,  Loss/l1: 0.01217  ,  Loss/location: 0.21530  ,  pro_loss: 0.12011  ,  IoU: 0.83820  ,  Loss/sim: 1.33537  ,  Loss/distill: 1.29067
[train: Epoch 31, 1550 / 2500] FPS: 10.3 (11.7)  ,  DataTime: 0.375 (0.002)  ,  ForwardTime: 0.209  ,  TotalTime: 0.585  ,  Loss/total: 0.64803  ,  Loss/giou: 0.17432  ,  Loss/l1: 0.01210  ,  Loss/location: 0.21433  ,  pro_loss: 0.12019  ,  IoU: 0.83853  ,  Loss/sim: 1.33527  ,  Loss/distill: 1.29083
[train: Epoch 31, 1600 / 2500] FPS: 10.3 (13.1)  ,  DataTime: 0.374 (0.002)  ,  ForwardTime: 0.209  ,  TotalTime: 0.585  ,  Loss/total: 0.64962  ,  Loss/giou: 0.17486  ,  Loss/l1: 0.01216  ,  Loss/location: 0.21455  ,  pro_loss: 0.12017  ,  IoU: 0.83816  ,  Loss/sim: 1.33458  ,  Loss/distill: 1.29062
[train: Epoch 31, 1650 / 2500] FPS: 10.3 (8.8)  ,  DataTime: 0.374 (0.002)  ,  ForwardTime: 0.209  ,  TotalTime: 0.585  ,  Loss/total: 0.64774  ,  Loss/giou: 0.17439  ,  Loss/l1: 0.01213  ,  Loss/location: 0.21374  ,  pro_loss: 0.12027  ,  IoU: 0.83855  ,  Loss/sim: 1.33435  ,  Loss/distill: 1.29087
[train: Epoch 31, 1700 / 2500] FPS: 10.3 (10.6)  ,  DataTime: 0.373 (0.002)  ,  ForwardTime: 0.209  ,  TotalTime: 0.584  ,  Loss/total: 0.64879  ,  Loss/giou: 0.17455  ,  Loss/l1: 0.01215  ,  Loss/location: 0.21434  ,  pro_loss: 0.12030  ,  IoU: 0.83846  ,  Loss/sim: 1.33406  ,  Loss/distill: 1.29052
[train: Epoch 31, 1750 / 2500] FPS: 10.3 (12.6)  ,  DataTime: 0.374 (0.002)  ,  ForwardTime: 0.209  ,  TotalTime: 0.585  ,  Loss/total: 0.64890  ,  Loss/giou: 0.17457  ,  Loss/l1: 0.01216  ,  Loss/location: 0.21433  ,  pro_loss: 0.12038  ,  IoU: 0.83843  ,  Loss/sim: 1.33460  ,  Loss/distill: 1.29082
[train: Epoch 31, 1800 / 2500] FPS: 10.3 (13.7)  ,  DataTime: 0.373 (0.002)  ,  ForwardTime: 0.209  ,  TotalTime: 0.584  ,  Loss/total: 0.64898  ,  Loss/giou: 0.17459  ,  Loss/l1: 0.01215  ,  Loss/location: 0.21441  ,  pro_loss: 0.12063  ,  IoU: 0.83838  ,  Loss/sim: 1.33444  ,  Loss/distill: 1.29071
[train: Epoch 31, 1850 / 2500] FPS: 10.3 (8.9)  ,  DataTime: 0.373 (0.002)  ,  ForwardTime: 0.209  ,  TotalTime: 0.584  ,  Loss/total: 0.64942  ,  Loss/giou: 0.17455  ,  Loss/l1: 0.01212  ,  Loss/location: 0.21505  ,  pro_loss: 0.12070  ,  IoU: 0.83837  ,  Loss/sim: 1.33281  ,  Loss/distill: 1.28918
[train: Epoch 31, 1900 / 2500] FPS: 10.3 (9.9)  ,  DataTime: 0.374 (0.002)  ,  ForwardTime: 0.209  ,  TotalTime: 0.584  ,  Loss/total: 0.64848  ,  Loss/giou: 0.17411  ,  Loss/l1: 0.01208  ,  Loss/location: 0.21515  ,  pro_loss: 0.12091  ,  IoU: 0.83872  ,  Loss/sim: 1.33156  ,  Loss/distill: 1.28790
[train: Epoch 31, 1950 / 2500] FPS: 10.3 (9.6)  ,  DataTime: 0.374 (0.002)  ,  ForwardTime: 0.209  ,  TotalTime: 0.584  ,  Loss/total: 0.64821  ,  Loss/giou: 0.17410  ,  Loss/l1: 0.01206  ,  Loss/location: 0.21502  ,  pro_loss: 0.12082  ,  IoU: 0.83867  ,  Loss/sim: 1.33134  ,  Loss/distill: 1.28728
[train: Epoch 31, 2000 / 2500] FPS: 10.3 (11.8)  ,  DataTime: 0.374 (0.002)  ,  ForwardTime: 0.209  ,  TotalTime: 0.584  ,  Loss/total: 0.64996  ,  Loss/giou: 0.17476  ,  Loss/l1: 0.01213  ,  Loss/location: 0.21509  ,  pro_loss: 0.12104  ,  IoU: 0.83815  ,  Loss/sim: 1.33108  ,  Loss/distill: 1.28704
[train: Epoch 31, 2050 / 2500] FPS: 10.3 (13.8)  ,  DataTime: 0.373 (0.002)  ,  ForwardTime: 0.209  ,  TotalTime: 0.584  ,  Loss/total: 0.64912  ,  Loss/giou: 0.17454  ,  Loss/l1: 0.01210  ,  Loss/location: 0.21478  ,  pro_loss: 0.12104  ,  IoU: 0.83829  ,  Loss/sim: 1.33167  ,  Loss/distill: 1.28659
[train: Epoch 31, 2100 / 2500] FPS: 10.3 (12.3)  ,  DataTime: 0.373 (0.002)  ,  ForwardTime: 0.209  ,  TotalTime: 0.584  ,  Loss/total: 0.64884  ,  Loss/giou: 0.17442  ,  Loss/l1: 0.01209  ,  Loss/location: 0.21477  ,  pro_loss: 0.12122  ,  IoU: 0.83836  ,  Loss/sim: 1.33164  ,  Loss/distill: 1.28613
[train: Epoch 31, 2150 / 2500] FPS: 10.3 (10.7)  ,  DataTime: 0.373 (0.002)  ,  ForwardTime: 0.209  ,  TotalTime: 0.583  ,  Loss/total: 0.64859  ,  Loss/giou: 0.17434  ,  Loss/l1: 0.01208  ,  Loss/location: 0.21473  ,  pro_loss: 0.12119  ,  IoU: 0.83845  ,  Loss/sim: 1.33126  ,  Loss/distill: 1.28611
[train: Epoch 31, 2200 / 2500] FPS: 10.3 (9.3)  ,  DataTime: 0.374 (0.002)  ,  ForwardTime: 0.209  ,  TotalTime: 0.584  ,  Loss/total: 0.64940  ,  Loss/giou: 0.17468  ,  Loss/l1: 0.01213  ,  Loss/location: 0.21463  ,  pro_loss: 0.12120  ,  IoU: 0.83823  ,  Loss/sim: 1.33143  ,  Loss/distill: 1.28616
[train: Epoch 31, 2250 / 2500] FPS: 10.3 (9.0)  ,  DataTime: 0.374 (0.002)  ,  ForwardTime: 0.209  ,  TotalTime: 0.584  ,  Loss/total: 0.64899  ,  Loss/giou: 0.17453  ,  Loss/l1: 0.01210  ,  Loss/location: 0.21466  ,  pro_loss: 0.12122  ,  IoU: 0.83830  ,  Loss/sim: 1.33166  ,  Loss/distill: 1.28609
[train: Epoch 31, 2300 / 2500] FPS: 10.3 (9.9)  ,  DataTime: 0.373 (0.002)  ,  ForwardTime: 0.209  ,  TotalTime: 0.584  ,  Loss/total: 0.64936  ,  Loss/giou: 0.17467  ,  Loss/l1: 0.01209  ,  Loss/location: 0.21482  ,  pro_loss: 0.12118  ,  IoU: 0.83815  ,  Loss/sim: 1.33147  ,  Loss/distill: 1.28585
[train: Epoch 31, 2350 / 2500] FPS: 10.3 (7.3)  ,  DataTime: 0.373 (0.002)  ,  ForwardTime: 0.209  ,  TotalTime: 0.584  ,  Loss/total: 0.64916  ,  Loss/giou: 0.17464  ,  Loss/l1: 0.01208  ,  Loss/location: 0.21473  ,  pro_loss: 0.12116  ,  IoU: 0.83817  ,  Loss/sim: 1.33068  ,  Loss/distill: 1.28521
[train: Epoch 31, 2400 / 2500] FPS: 10.3 (10.0)  ,  DataTime: 0.373 (0.002)  ,  ForwardTime: 0.209  ,  TotalTime: 0.583  ,  Loss/total: 0.64987  ,  Loss/giou: 0.17476  ,  Loss/l1: 0.01209  ,  Loss/location: 0.21511  ,  pro_loss: 0.12129  ,  IoU: 0.83807  ,  Loss/sim: 1.32976  ,  Loss/distill: 1.28482
[train: Epoch 31, 2450 / 2500] FPS: 10.3 (17.3)  ,  DataTime: 0.372 (0.002)  ,  ForwardTime: 0.209  ,  TotalTime: 0.583  ,  Loss/total: 0.65017  ,  Loss/giou: 0.17480  ,  Loss/l1: 0.01210  ,  Loss/location: 0.21530  ,  pro_loss: 0.12129  ,  IoU: 0.83804  ,  Loss/sim: 1.33000  ,  Loss/distill: 1.28474
[train: Epoch 31, 2500 / 2500] FPS: 10.3 (15.6)  ,  DataTime: 0.372 (0.002)  ,  ForwardTime: 0.209  ,  TotalTime: 0.583  ,  Loss/total: 0.64965  ,  Loss/giou: 0.17464  ,  Loss/l1: 0.01208  ,  Loss/location: 0.21518  ,  pro_loss: 0.12126  ,  IoU: 0.83814  ,  Loss/sim: 1.33083  ,  Loss/distill: 1.28476
[train: Epoch 32, 50 / 2500] FPS: 10.1 (9.5)  ,  DataTime: 0.385 (0.002)  ,  ForwardTime: 0.209  ,  TotalTime: 0.596  ,  Loss/total: 0.66848  ,  Loss/giou: 0.17837  ,  Loss/l1: 0.01312  ,  Loss/location: 0.22186  ,  pro_loss: 0.11889  ,  IoU: 0.83524  ,  Loss/sim: 1.29951  ,  Loss/distill: 1.26463
[train: Epoch 32, 100 / 2500] FPS: 10.0 (5.3)  ,  DataTime: 0.386 (0.002)  ,  ForwardTime: 0.209  ,  TotalTime: 0.597  ,  Loss/total: 0.63858  ,  Loss/giou: 0.17084  ,  Loss/l1: 0.01214  ,  Loss/location: 0.21094  ,  pro_loss: 0.12361  ,  IoU: 0.84106  ,  Loss/sim: 1.30131  ,  Loss/distill: 1.25995
[train: Epoch 32, 150 / 2500] FPS: 10.2 (10.3)  ,  DataTime: 0.378 (0.002)  ,  ForwardTime: 0.209  ,  TotalTime: 0.589  ,  Loss/total: 0.64202  ,  Loss/giou: 0.17033  ,  Loss/l1: 0.01156  ,  Loss/location: 0.21839  ,  pro_loss: 0.12333  ,  IoU: 0.84044  ,  Loss/sim: 1.31130  ,  Loss/distill: 1.26054
[train: Epoch 32, 200 / 2500] FPS: 10.1 (10.5)  ,  DataTime: 0.385 (0.002)  ,  ForwardTime: 0.208  ,  TotalTime: 0.596  ,  Loss/total: 0.63369  ,  Loss/giou: 0.16913  ,  Loss/l1: 0.01143  ,  Loss/location: 0.21273  ,  pro_loss: 0.12507  ,  IoU: 0.84160  ,  Loss/sim: 1.31021  ,  Loss/distill: 1.26233
[train: Epoch 32, 250 / 2500] FPS: 10.1 (6.8)  ,  DataTime: 0.384 (0.002)  ,  ForwardTime: 0.208  ,  TotalTime: 0.594  ,  Loss/total: 0.63858  ,  Loss/giou: 0.17041  ,  Loss/l1: 0.01160  ,  Loss/location: 0.21397  ,  pro_loss: 0.12639  ,  IoU: 0.84053  ,  Loss/sim: 1.31920  ,  Loss/distill: 1.26470
[train: Epoch 32, 300 / 2500] FPS: 10.2 (12.3)  ,  DataTime: 0.378 (0.002)  ,  ForwardTime: 0.208  ,  TotalTime: 0.588  ,  Loss/total: 0.63604  ,  Loss/giou: 0.17054  ,  Loss/l1: 0.01157  ,  Loss/location: 0.21148  ,  pro_loss: 0.12556  ,  IoU: 0.84045  ,  Loss/sim: 1.32352  ,  Loss/distill: 1.26561
[train: Epoch 32, 350 / 2500] FPS: 10.2 (8.5)  ,  DataTime: 0.379 (0.002)  ,  ForwardTime: 0.208  ,  TotalTime: 0.590  ,  Loss/total: 0.63906  ,  Loss/giou: 0.17118  ,  Loss/l1: 0.01166  ,  Loss/location: 0.21262  ,  pro_loss: 0.12627  ,  IoU: 0.84004  ,  Loss/sim: 1.33024  ,  Loss/distill: 1.26727
[train: Epoch 32, 400 / 2500] FPS: 10.2 (10.0)  ,  DataTime: 0.376 (0.002)  ,  ForwardTime: 0.208  ,  TotalTime: 0.587  ,  Loss/total: 0.63566  ,  Loss/giou: 0.16987  ,  Loss/l1: 0.01160  ,  Loss/location: 0.21202  ,  pro_loss: 0.12705  ,  IoU: 0.84110  ,  Loss/sim: 1.32620  ,  Loss/distill: 1.26226
[train: Epoch 32, 450 / 2500] FPS: 10.2 (15.1)  ,  DataTime: 0.376 (0.002)  ,  ForwardTime: 0.209  ,  TotalTime: 0.586  ,  Loss/total: 0.64108  ,  Loss/giou: 0.17150  ,  Loss/l1: 0.01176  ,  Loss/location: 0.21330  ,  pro_loss: 0.12725  ,  IoU: 0.84001  ,  Loss/sim: 1.32627  ,  Loss/distill: 1.26062
[train: Epoch 32, 500 / 2500] FPS: 10.3 (9.7)  ,  DataTime: 0.374 (0.002)  ,  ForwardTime: 0.208  ,  TotalTime: 0.585  ,  Loss/total: 0.64254  ,  Loss/giou: 0.17214  ,  Loss/l1: 0.01185  ,  Loss/location: 0.21307  ,  pro_loss: 0.12714  ,  IoU: 0.83960  ,  Loss/sim: 1.32991  ,  Loss/distill: 1.26078
[train: Epoch 32, 550 / 2500] FPS: 10.3 (9.3)  ,  DataTime: 0.373 (0.002)  ,  ForwardTime: 0.208  ,  TotalTime: 0.583  ,  Loss/total: 0.64319  ,  Loss/giou: 0.17273  ,  Loss/l1: 0.01189  ,  Loss/location: 0.21249  ,  pro_loss: 0.12639  ,  IoU: 0.83916  ,  Loss/sim: 1.32761  ,  Loss/distill: 1.25994
[train: Epoch 32, 600 / 2500] FPS: 10.3 (12.5)  ,  DataTime: 0.372 (0.002)  ,  ForwardTime: 0.208  ,  TotalTime: 0.583  ,  Loss/total: 0.64472  ,  Loss/giou: 0.17321  ,  Loss/l1: 0.01188  ,  Loss/location: 0.21316  ,  pro_loss: 0.12606  ,  IoU: 0.83875  ,  Loss/sim: 1.32675  ,  Loss/distill: 1.26038
[train: Epoch 32, 650 / 2500] FPS: 10.3 (12.1)  ,  DataTime: 0.373 (0.002)  ,  ForwardTime: 0.208  ,  TotalTime: 0.584  ,  Loss/total: 0.64855  ,  Loss/giou: 0.17459  ,  Loss/l1: 0.01206  ,  Loss/location: 0.21329  ,  pro_loss: 0.12620  ,  IoU: 0.83773  ,  Loss/sim: 1.33006  ,  Loss/distill: 1.26373
[train: Epoch 32, 700 / 2500] FPS: 10.3 (10.7)  ,  DataTime: 0.371 (0.002)  ,  ForwardTime: 0.209  ,  TotalTime: 0.582  ,  Loss/total: 0.65104  ,  Loss/giou: 0.17559  ,  Loss/l1: 0.01219  ,  Loss/location: 0.21322  ,  pro_loss: 0.12589  ,  IoU: 0.83706  ,  Loss/sim: 1.33030  ,  Loss/distill: 1.26604
[train: Epoch 32, 750 / 2500] FPS: 10.4 (9.1)  ,  DataTime: 0.368 (0.002)  ,  ForwardTime: 0.209  ,  TotalTime: 0.579  ,  Loss/total: 0.64983  ,  Loss/giou: 0.17555  ,  Loss/l1: 0.01217  ,  Loss/location: 0.21226  ,  pro_loss: 0.12556  ,  IoU: 0.83703  ,  Loss/sim: 1.32899  ,  Loss/distill: 1.26616
[train: Epoch 32, 800 / 2500] FPS: 10.4 (10.0)  ,  DataTime: 0.369 (0.002)  ,  ForwardTime: 0.208  ,  TotalTime: 0.580  ,  Loss/total: 0.65105  ,  Loss/giou: 0.17589  ,  Loss/l1: 0.01218  ,  Loss/location: 0.21274  ,  pro_loss: 0.12554  ,  IoU: 0.83664  ,  Loss/sim: 1.32948  ,  Loss/distill: 1.26720
[train: Epoch 32, 850 / 2500] FPS: 10.4 (10.4)  ,  DataTime: 0.367 (0.002)  ,  ForwardTime: 0.209  ,  TotalTime: 0.578  ,  Loss/total: 0.64970  ,  Loss/giou: 0.17574  ,  Loss/l1: 0.01218  ,  Loss/location: 0.21182  ,  pro_loss: 0.12498  ,  IoU: 0.83689  ,  Loss/sim: 1.32707  ,  Loss/distill: 1.26710
[train: Epoch 32, 900 / 2500] FPS: 10.4 (10.9)  ,  DataTime: 0.366 (0.002)  ,  ForwardTime: 0.209  ,  TotalTime: 0.577  ,  Loss/total: 0.64779  ,  Loss/giou: 0.17512  ,  Loss/l1: 0.01209  ,  Loss/location: 0.21156  ,  pro_loss: 0.12500  ,  IoU: 0.83730  ,  Loss/sim: 1.32750  ,  Loss/distill: 1.26788
[train: Epoch 32, 950 / 2500] FPS: 10.4 (9.8)  ,  DataTime: 0.366 (0.002)  ,  ForwardTime: 0.209  ,  TotalTime: 0.576  ,  Loss/total: 0.64867  ,  Loss/giou: 0.17531  ,  Loss/l1: 0.01213  ,  Loss/location: 0.21196  ,  pro_loss: 0.12462  ,  IoU: 0.83727  ,  Loss/sim: 1.32637  ,  Loss/distill: 1.26844
[train: Epoch 32, 1000 / 2500] FPS: 10.4 (9.2)  ,  DataTime: 0.367 (0.002)  ,  ForwardTime: 0.209  ,  TotalTime: 0.578  ,  Loss/total: 0.64962  ,  Loss/giou: 0.17572  ,  Loss/l1: 0.01220  ,  Loss/location: 0.21181  ,  pro_loss: 0.12432  ,  IoU: 0.83711  ,  Loss/sim: 1.32550  ,  Loss/distill: 1.26908
[train: Epoch 32, 1050 / 2500] FPS: 10.4 (11.9)  ,  DataTime: 0.367 (0.002)  ,  ForwardTime: 0.209  ,  TotalTime: 0.578  ,  Loss/total: 0.64993  ,  Loss/giou: 0.17587  ,  Loss/l1: 0.01222  ,  Loss/location: 0.21170  ,  pro_loss: 0.12438  ,  IoU: 0.83700  ,  Loss/sim: 1.32451  ,  Loss/distill: 1.26844
[train: Epoch 32, 1100 / 2500] FPS: 10.4 (8.1)  ,  DataTime: 0.368 (0.002)  ,  ForwardTime: 0.209  ,  TotalTime: 0.578  ,  Loss/total: 0.65164  ,  Loss/giou: 0.17625  ,  Loss/l1: 0.01225  ,  Loss/location: 0.21255  ,  pro_loss: 0.12413  ,  IoU: 0.83665  ,  Loss/sim: 1.32466  ,  Loss/distill: 1.26771
[train: Epoch 32, 1150 / 2500] FPS: 10.4 (7.8)  ,  DataTime: 0.368 (0.002)  ,  ForwardTime: 0.209  ,  TotalTime: 0.579  ,  Loss/total: 0.65080  ,  Loss/giou: 0.17600  ,  Loss/l1: 0.01223  ,  Loss/location: 0.21233  ,  pro_loss: 0.12402  ,  IoU: 0.83693  ,  Loss/sim: 1.32488  ,  Loss/distill: 1.26698
[train: Epoch 32, 1200 / 2500] FPS: 10.4 (10.7)  ,  DataTime: 0.367 (0.002)  ,  ForwardTime: 0.209  ,  TotalTime: 0.578  ,  Loss/total: 0.64838  ,  Loss/giou: 0.17527  ,  Loss/l1: 0.01215  ,  Loss/location: 0.21184  ,  pro_loss: 0.12372  ,  IoU: 0.83749  ,  Loss/sim: 1.32496  ,  Loss/distill: 1.26731
[train: Epoch 32, 1250 / 2500] FPS: 10.4 (11.2)  ,  DataTime: 0.367 (0.002)  ,  ForwardTime: 0.209  ,  TotalTime: 0.578  ,  Loss/total: 0.64970  ,  Loss/giou: 0.17548  ,  Loss/l1: 0.01216  ,  Loss/location: 0.21272  ,  pro_loss: 0.12341  ,  IoU: 0.83728  ,  Loss/sim: 1.32405  ,  Loss/distill: 1.26781
[train: Epoch 32, 1300 / 2500] FPS: 10.4 (9.0)  ,  DataTime: 0.367 (0.002)  ,  ForwardTime: 0.209  ,  TotalTime: 0.577  ,  Loss/total: 0.65059  ,  Loss/giou: 0.17586  ,  Loss/l1: 0.01217  ,  Loss/location: 0.21292  ,  pro_loss: 0.12294  ,  IoU: 0.83690  ,  Loss/sim: 1.32377  ,  Loss/distill: 1.26823
[train: Epoch 32, 1350 / 2500] FPS: 10.4 (16.8)  ,  DataTime: 0.366 (0.002)  ,  ForwardTime: 0.209  ,  TotalTime: 0.577  ,  Loss/total: 0.64938  ,  Loss/giou: 0.17563  ,  Loss/l1: 0.01216  ,  Loss/location: 0.21223  ,  pro_loss: 0.12277  ,  IoU: 0.83711  ,  Loss/sim: 1.32550  ,  Loss/distill: 1.26910
[train: Epoch 32, 1400 / 2500] FPS: 10.4 (9.5)  ,  DataTime: 0.366 (0.002)  ,  ForwardTime: 0.209  ,  TotalTime: 0.577  ,  Loss/total: 0.65037  ,  Loss/giou: 0.17572  ,  Loss/l1: 0.01220  ,  Loss/location: 0.21283  ,  pro_loss: 0.12295  ,  IoU: 0.83706  ,  Loss/sim: 1.32540  ,  Loss/distill: 1.26970
[train: Epoch 32, 1450 / 2500] FPS: 10.4 (11.8)  ,  DataTime: 0.366 (0.002)  ,  ForwardTime: 0.209  ,  TotalTime: 0.577  ,  Loss/total: 0.64985  ,  Loss/giou: 0.17552  ,  Loss/l1: 0.01219  ,  Loss/location: 0.21274  ,  pro_loss: 0.12303  ,  IoU: 0.83721  ,  Loss/sim: 1.32474  ,  Loss/distill: 1.26922
[train: Epoch 32, 1500 / 2500] FPS: 10.4 (12.2)  ,  DataTime: 0.366 (0.002)  ,  ForwardTime: 0.209  ,  TotalTime: 0.576  ,  Loss/total: 0.64936  ,  Loss/giou: 0.17538  ,  Loss/l1: 0.01216  ,  Loss/location: 0.21270  ,  pro_loss: 0.12295  ,  IoU: 0.83726  ,  Loss/sim: 1.32410  ,  Loss/distill: 1.26953
[train: Epoch 32, 1550 / 2500] FPS: 10.4 (13.2)  ,  DataTime: 0.365 (0.002)  ,  ForwardTime: 0.209  ,  TotalTime: 0.576  ,  Loss/total: 0.64962  ,  Loss/giou: 0.17528  ,  Loss/l1: 0.01216  ,  Loss/location: 0.21319  ,  pro_loss: 0.12270  ,  IoU: 0.83733  ,  Loss/sim: 1.32328  ,  Loss/distill: 1.26990
[train: Epoch 32, 1600 / 2500] FPS: 10.4 (7.4)  ,  DataTime: 0.366 (0.002)  ,  ForwardTime: 0.209  ,  TotalTime: 0.576  ,  Loss/total: 0.65090  ,  Loss/giou: 0.17579  ,  Loss/l1: 0.01222  ,  Loss/location: 0.21318  ,  pro_loss: 0.12250  ,  IoU: 0.83700  ,  Loss/sim: 1.32439  ,  Loss/distill: 1.27024
[train: Epoch 32, 1650 / 2500] FPS: 10.4 (11.3)  ,  DataTime: 0.365 (0.002)  ,  ForwardTime: 0.209  ,  TotalTime: 0.576  ,  Loss/total: 0.65083  ,  Loss/giou: 0.17579  ,  Loss/l1: 0.01225  ,  Loss/location: 0.21299  ,  pro_loss: 0.12249  ,  IoU: 0.83707  ,  Loss/sim: 1.32529  ,  Loss/distill: 1.27059
[train: Epoch 32, 1700 / 2500] FPS: 10.4 (7.1)  ,  DataTime: 0.366 (0.002)  ,  ForwardTime: 0.209  ,  TotalTime: 0.576  ,  Loss/total: 0.65052  ,  Loss/giou: 0.17569  ,  Loss/l1: 0.01222  ,  Loss/location: 0.21302  ,  pro_loss: 0.12241  ,  IoU: 0.83709  ,  Loss/sim: 1.32396  ,  Loss/distill: 1.26991
[train: Epoch 32, 1750 / 2500] FPS: 10.4 (6.7)  ,  DataTime: 0.367 (0.002)  ,  ForwardTime: 0.209  ,  TotalTime: 0.578  ,  Loss/total: 0.64996  ,  Loss/giou: 0.17559  ,  Loss/l1: 0.01220  ,  Loss/location: 0.21276  ,  pro_loss: 0.12251  ,  IoU: 0.83718  ,  Loss/sim: 1.32415  ,  Loss/distill: 1.26936
[train: Epoch 32, 1800 / 2500] FPS: 10.4 (10.9)  ,  DataTime: 0.368 (0.002)  ,  ForwardTime: 0.209  ,  TotalTime: 0.579  ,  Loss/total: 0.64863  ,  Loss/giou: 0.17523  ,  Loss/l1: 0.01215  ,  Loss/location: 0.21242  ,  pro_loss: 0.12245  ,  IoU: 0.83743  ,  Loss/sim: 1.32352  ,  Loss/distill: 1.26894
[train: Epoch 32, 1850 / 2500] FPS: 10.4 (12.8)  ,  DataTime: 0.368 (0.002)  ,  ForwardTime: 0.209  ,  TotalTime: 0.578  ,  Loss/total: 0.64796  ,  Loss/giou: 0.17514  ,  Loss/l1: 0.01214  ,  Loss/location: 0.21198  ,  pro_loss: 0.12245  ,  IoU: 0.83754  ,  Loss/sim: 1.32508  ,  Loss/distill: 1.26963
[train: Epoch 32, 1900 / 2500] FPS: 10.4 (8.0)  ,  DataTime: 0.367 (0.002)  ,  ForwardTime: 0.209  ,  TotalTime: 0.578  ,  Loss/total: 0.64807  ,  Loss/giou: 0.17515  ,  Loss/l1: 0.01211  ,  Loss/location: 0.21223  ,  pro_loss: 0.12245  ,  IoU: 0.83748  ,  Loss/sim: 1.32476  ,  Loss/distill: 1.26995
[train: Epoch 32, 1950 / 2500] FPS: 10.4 (8.6)  ,  DataTime: 0.367 (0.002)  ,  ForwardTime: 0.209  ,  TotalTime: 0.577  ,  Loss/total: 0.64862  ,  Loss/giou: 0.17517  ,  Loss/l1: 0.01212  ,  Loss/location: 0.21270  ,  pro_loss: 0.12233  ,  IoU: 0.83748  ,  Loss/sim: 1.32422  ,  Loss/distill: 1.27019
[train: Epoch 32, 2000 / 2500] FPS: 10.4 (7.3)  ,  DataTime: 0.366 (0.002)  ,  ForwardTime: 0.209  ,  TotalTime: 0.577  ,  Loss/total: 0.64709  ,  Loss/giou: 0.17477  ,  Loss/l1: 0.01207  ,  Loss/location: 0.21221  ,  pro_loss: 0.12238  ,  IoU: 0.83782  ,  Loss/sim: 1.32407  ,  Loss/distill: 1.27049
[train: Epoch 32, 2050 / 2500] FPS: 10.4 (8.3)  ,  DataTime: 0.366 (0.002)  ,  ForwardTime: 0.209  ,  TotalTime: 0.577  ,  Loss/total: 0.64665  ,  Loss/giou: 0.17473  ,  Loss/l1: 0.01206  ,  Loss/location: 0.21192  ,  pro_loss: 0.12228  ,  IoU: 0.83782  ,  Loss/sim: 1.32393  ,  Loss/distill: 1.27058
[train: Epoch 32, 2100 / 2500] FPS: 10.4 (12.7)  ,  DataTime: 0.368 (0.002)  ,  ForwardTime: 0.209  ,  TotalTime: 0.578  ,  Loss/total: 0.64580  ,  Loss/giou: 0.17457  ,  Loss/l1: 0.01203  ,  Loss/location: 0.21151  ,  pro_loss: 0.12222  ,  IoU: 0.83799  ,  Loss/sim: 1.32354  ,  Loss/distill: 1.27070
[train: Epoch 32, 2150 / 2500] FPS: 10.4 (7.1)  ,  DataTime: 0.369 (0.002)  ,  ForwardTime: 0.209  ,  TotalTime: 0.579  ,  Loss/total: 0.64545  ,  Loss/giou: 0.17448  ,  Loss/l1: 0.01203  ,  Loss/location: 0.21139  ,  pro_loss: 0.12213  ,  IoU: 0.83806  ,  Loss/sim: 1.32298  ,  Loss/distill: 1.27019
[train: Epoch 32, 2200 / 2500] FPS: 10.3 (7.1)  ,  DataTime: 0.371 (0.002)  ,  ForwardTime: 0.209  ,  TotalTime: 0.582  ,  Loss/total: 0.64478  ,  Loss/giou: 0.17424  ,  Loss/l1: 0.01200  ,  Loss/location: 0.21139  ,  pro_loss: 0.12199  ,  IoU: 0.83820  ,  Loss/sim: 1.32373  ,  Loss/distill: 1.27093
[train: Epoch 32, 2250 / 2500] FPS: 10.3 (12.2)  ,  DataTime: 0.371 (0.002)  ,  ForwardTime: 0.209  ,  TotalTime: 0.582  ,  Loss/total: 0.64387  ,  Loss/giou: 0.17407  ,  Loss/l1: 0.01197  ,  Loss/location: 0.21098  ,  pro_loss: 0.12201  ,  IoU: 0.83831  ,  Loss/sim: 1.32381  ,  Loss/distill: 1.27106
[train: Epoch 32, 2300 / 2500] FPS: 10.3 (12.5)  ,  DataTime: 0.371 (0.002)  ,  ForwardTime: 0.209  ,  TotalTime: 0.582  ,  Loss/total: 0.64395  ,  Loss/giou: 0.17410  ,  Loss/l1: 0.01197  ,  Loss/location: 0.21102  ,  pro_loss: 0.12188  ,  IoU: 0.83830  ,  Loss/sim: 1.32431  ,  Loss/distill: 1.27115
[train: Epoch 32, 2350 / 2500] FPS: 10.3 (8.6)  ,  DataTime: 0.371 (0.002)  ,  ForwardTime: 0.209  ,  TotalTime: 0.582  ,  Loss/total: 0.64432  ,  Loss/giou: 0.17420  ,  Loss/l1: 0.01198  ,  Loss/location: 0.21115  ,  pro_loss: 0.12183  ,  IoU: 0.83820  ,  Loss/sim: 1.32447  ,  Loss/distill: 1.27109
[train: Epoch 32, 2400 / 2500] FPS: 10.3 (14.5)  ,  DataTime: 0.373 (0.002)  ,  ForwardTime: 0.209  ,  TotalTime: 0.583  ,  Loss/total: 0.64371  ,  Loss/giou: 0.17401  ,  Loss/l1: 0.01195  ,  Loss/location: 0.21105  ,  pro_loss: 0.12186  ,  IoU: 0.83832  ,  Loss/sim: 1.32453  ,  Loss/distill: 1.27105
[train: Epoch 32, 2450 / 2500] FPS: 10.3 (6.5)  ,  DataTime: 0.372 (0.002)  ,  ForwardTime: 0.209  ,  TotalTime: 0.583  ,  Loss/total: 0.64291  ,  Loss/giou: 0.17389  ,  Loss/l1: 0.01192  ,  Loss/location: 0.21064  ,  pro_loss: 0.12184  ,  IoU: 0.83842  ,  Loss/sim: 1.32400  ,  Loss/distill: 1.27094
[train: Epoch 32, 2500 / 2500] FPS: 10.3 (11.8)  ,  DataTime: 0.372 (0.002)  ,  ForwardTime: 0.209  ,  TotalTime: 0.583  ,  Loss/total: 0.64200  ,  Loss/giou: 0.17361  ,  Loss/l1: 0.01188  ,  Loss/location: 0.21051  ,  pro_loss: 0.12179  ,  IoU: 0.83861  ,  Loss/sim: 1.32345  ,  Loss/distill: 1.27049
[train: Epoch 33, 50 / 2500] FPS: 10.2 (10.8)  ,  DataTime: 0.380 (0.002)  ,  ForwardTime: 0.208  ,  TotalTime: 0.591  ,  Loss/total: 0.69000  ,  Loss/giou: 0.18102  ,  Loss/l1: 0.01278  ,  Loss/location: 0.24177  ,  pro_loss: 0.10889  ,  IoU: 0.83243  ,  Loss/sim: 1.30967  ,  Loss/distill: 1.23508
[train: Epoch 33, 100 / 2500] FPS: 10.3 (6.8)  ,  DataTime: 0.369 (0.002)  ,  ForwardTime: 0.209  ,  TotalTime: 0.580  ,  Loss/total: 0.68220  ,  Loss/giou: 0.18074  ,  Loss/l1: 0.01264  ,  Loss/location: 0.23323  ,  pro_loss: 0.11875  ,  IoU: 0.83271  ,  Loss/sim: 1.32606  ,  Loss/distill: 1.25598
[train: Epoch 33, 150 / 2500] FPS: 10.5 (12.0)  ,  DataTime: 0.362 (0.002)  ,  ForwardTime: 0.209  ,  TotalTime: 0.573  ,  Loss/total: 0.65051  ,  Loss/giou: 0.17295  ,  Loss/l1: 0.01169  ,  Loss/location: 0.22146  ,  pro_loss: 0.12102  ,  IoU: 0.83874  ,  Loss/sim: 1.31651  ,  Loss/distill: 1.24996
[train: Epoch 33, 200 / 2500] FPS: 10.5 (12.4)  ,  DataTime: 0.360 (0.002)  ,  ForwardTime: 0.209  ,  TotalTime: 0.570  ,  Loss/total: 0.64084  ,  Loss/giou: 0.17167  ,  Loss/l1: 0.01165  ,  Loss/location: 0.21442  ,  pro_loss: 0.12174  ,  IoU: 0.84032  ,  Loss/sim: 1.31343  ,  Loss/distill: 1.24651
[train: Epoch 33, 250 / 2500] FPS: 10.5 (10.0)  ,  DataTime: 0.363 (0.002)  ,  ForwardTime: 0.209  ,  TotalTime: 0.574  ,  Loss/total: 0.65556  ,  Loss/giou: 0.17477  ,  Loss/l1: 0.01203  ,  Loss/location: 0.22106  ,  pro_loss: 0.12128  ,  IoU: 0.83779  ,  Loss/sim: 1.31747  ,  Loss/distill: 1.24741
[train: Epoch 33, 300 / 2500] FPS: 10.3 (10.7)  ,  DataTime: 0.369 (0.002)  ,  ForwardTime: 0.209  ,  TotalTime: 0.580  ,  Loss/total: 0.65900  ,  Loss/giou: 0.17629  ,  Loss/l1: 0.01223  ,  Loss/location: 0.22041  ,  pro_loss: 0.12176  ,  IoU: 0.83668  ,  Loss/sim: 1.31463  ,  Loss/distill: 1.24756
[train: Epoch 33, 350 / 2500] FPS: 10.4 (9.4)  ,  DataTime: 0.368 (0.002)  ,  ForwardTime: 0.209  ,  TotalTime: 0.579  ,  Loss/total: 0.65622  ,  Loss/giou: 0.17583  ,  Loss/l1: 0.01227  ,  Loss/location: 0.21822  ,  pro_loss: 0.12230  ,  IoU: 0.83703  ,  Loss/sim: 1.30997  ,  Loss/distill: 1.24750
[train: Epoch 33, 400 / 2500] FPS: 10.4 (12.4)  ,  DataTime: 0.368 (0.002)  ,  ForwardTime: 0.209  ,  TotalTime: 0.578  ,  Loss/total: 0.66035  ,  Loss/giou: 0.17653  ,  Loss/l1: 0.01237  ,  Loss/location: 0.22044  ,  pro_loss: 0.12233  ,  IoU: 0.83635  ,  Loss/sim: 1.31257  ,  Loss/distill: 1.24997
[train: Epoch 33, 450 / 2500] FPS: 10.4 (12.9)  ,  DataTime: 0.367 (0.002)  ,  ForwardTime: 0.209  ,  TotalTime: 0.578  ,  Loss/total: 0.66550  ,  Loss/giou: 0.17752  ,  Loss/l1: 0.01257  ,  Loss/location: 0.22272  ,  pro_loss: 0.12194  ,  IoU: 0.83569  ,  Loss/sim: 1.31754  ,  Loss/distill: 1.25059
[train: Epoch 33, 500 / 2500] FPS: 10.3 (16.4)  ,  DataTime: 0.371 (0.002)  ,  ForwardTime: 0.209  ,  TotalTime: 0.582  ,  Loss/total: 0.66413  ,  Loss/giou: 0.17747  ,  Loss/l1: 0.01263  ,  Loss/location: 0.22106  ,  pro_loss: 0.12219  ,  IoU: 0.83589  ,  Loss/sim: 1.31657  ,  Loss/distill: 1.24990
[train: Epoch 33, 550 / 2500] FPS: 10.3 (9.5)  ,  DataTime: 0.370 (0.002)  ,  ForwardTime: 0.209  ,  TotalTime: 0.581  ,  Loss/total: 0.66278  ,  Loss/giou: 0.17700  ,  Loss/l1: 0.01258  ,  Loss/location: 0.22108  ,  pro_loss: 0.12131  ,  IoU: 0.83620  ,  Loss/sim: 1.31818  ,  Loss/distill: 1.25123
[train: Epoch 33, 600 / 2500] FPS: 10.4 (8.3)  ,  DataTime: 0.367 (0.002)  ,  ForwardTime: 0.209  ,  TotalTime: 0.578  ,  Loss/total: 0.65709  ,  Loss/giou: 0.17552  ,  Loss/l1: 0.01238  ,  Loss/location: 0.21943  ,  pro_loss: 0.12100  ,  IoU: 0.83733  ,  Loss/sim: 1.31731  ,  Loss/distill: 1.25183
[train: Epoch 33, 650 / 2500] FPS: 10.3 (12.6)  ,  DataTime: 0.369 (0.002)  ,  ForwardTime: 0.209  ,  TotalTime: 0.580  ,  Loss/total: 0.65067  ,  Loss/giou: 0.17385  ,  Loss/l1: 0.01214  ,  Loss/location: 0.21732  ,  pro_loss: 0.12209  ,  IoU: 0.83859  ,  Loss/sim: 1.31643  ,  Loss/distill: 1.25055
[train: Epoch 33, 700 / 2500] FPS: 10.3 (12.4)  ,  DataTime: 0.369 (0.002)  ,  ForwardTime: 0.209  ,  TotalTime: 0.580  ,  Loss/total: 0.64935  ,  Loss/giou: 0.17345  ,  Loss/l1: 0.01207  ,  Loss/location: 0.21717  ,  pro_loss: 0.12190  ,  IoU: 0.83888  ,  Loss/sim: 1.31673  ,  Loss/distill: 1.25054
[train: Epoch 33, 750 / 2500] FPS: 10.3 (9.9)  ,  DataTime: 0.372 (0.002)  ,  ForwardTime: 0.209  ,  TotalTime: 0.582  ,  Loss/total: 0.65304  ,  Loss/giou: 0.17447  ,  Loss/l1: 0.01215  ,  Loss/location: 0.21848  ,  pro_loss: 0.12169  ,  IoU: 0.83809  ,  Loss/sim: 1.31753  ,  Loss/distill: 1.24934
[train: Epoch 33, 800 / 2500] FPS: 10.3 (6.1)  ,  DataTime: 0.372 (0.002)  ,  ForwardTime: 0.209  ,  TotalTime: 0.583  ,  Loss/total: 0.65407  ,  Loss/giou: 0.17430  ,  Loss/l1: 0.01212  ,  Loss/location: 0.22009  ,  pro_loss: 0.12139  ,  IoU: 0.83809  ,  Loss/sim: 1.31723  ,  Loss/distill: 1.24872
[train: Epoch 33, 850 / 2500] FPS: 10.3 (10.9)  ,  DataTime: 0.375 (0.002)  ,  ForwardTime: 0.209  ,  TotalTime: 0.585  ,  Loss/total: 0.65178  ,  Loss/giou: 0.17367  ,  Loss/l1: 0.01205  ,  Loss/location: 0.21938  ,  pro_loss: 0.12137  ,  IoU: 0.83856  ,  Loss/sim: 1.31862  ,  Loss/distill: 1.24979
[train: Epoch 33, 900 / 2500] FPS: 10.2 (15.8)  ,  DataTime: 0.377 (0.002)  ,  ForwardTime: 0.209  ,  TotalTime: 0.588  ,  Loss/total: 0.64908  ,  Loss/giou: 0.17302  ,  Loss/l1: 0.01198  ,  Loss/location: 0.21839  ,  pro_loss: 0.12110  ,  IoU: 0.83899  ,  Loss/sim: 1.31873  ,  Loss/distill: 1.25036
[train: Epoch 33, 950 / 2500] FPS: 10.2 (10.3)  ,  DataTime: 0.378 (0.002)  ,  ForwardTime: 0.209  ,  TotalTime: 0.588  ,  Loss/total: 0.64998  ,  Loss/giou: 0.17320  ,  Loss/l1: 0.01200  ,  Loss/location: 0.21880  ,  pro_loss: 0.12133  ,  IoU: 0.83880  ,  Loss/sim: 1.31894  ,  Loss/distill: 1.25021
[train: Epoch 33, 1000 / 2500] FPS: 10.2 (11.6)  ,  DataTime: 0.377 (0.002)  ,  ForwardTime: 0.209  ,  TotalTime: 0.587  ,  Loss/total: 0.64879  ,  Loss/giou: 0.17292  ,  Loss/l1: 0.01201  ,  Loss/location: 0.21807  ,  pro_loss: 0.12165  ,  IoU: 0.83909  ,  Loss/sim: 1.31982  ,  Loss/distill: 1.25010
[train: Epoch 33, 1050 / 2500] FPS: 10.2 (13.1)  ,  DataTime: 0.376 (0.002)  ,  ForwardTime: 0.209  ,  TotalTime: 0.587  ,  Loss/total: 0.64652  ,  Loss/giou: 0.17236  ,  Loss/l1: 0.01190  ,  Loss/location: 0.21747  ,  pro_loss: 0.12146  ,  IoU: 0.83955  ,  Loss/sim: 1.31819  ,  Loss/distill: 1.24860
[train: Epoch 33, 1100 / 2500] FPS: 10.2 (8.9)  ,  DataTime: 0.377 (0.002)  ,  ForwardTime: 0.209  ,  TotalTime: 0.587  ,  Loss/total: 0.64708  ,  Loss/giou: 0.17264  ,  Loss/l1: 0.01197  ,  Loss/location: 0.21722  ,  pro_loss: 0.12102  ,  IoU: 0.83954  ,  Loss/sim: 1.31688  ,  Loss/distill: 1.24737
[train: Epoch 33, 1150 / 2500] FPS: 10.2 (9.5)  ,  DataTime: 0.378 (0.002)  ,  ForwardTime: 0.209  ,  TotalTime: 0.588  ,  Loss/total: 0.64829  ,  Loss/giou: 0.17304  ,  Loss/l1: 0.01202  ,  Loss/location: 0.21741  ,  pro_loss: 0.12098  ,  IoU: 0.83927  ,  Loss/sim: 1.31824  ,  Loss/distill: 1.24796
[train: Epoch 33, 1200 / 2500] FPS: 10.2 (13.0)  ,  DataTime: 0.377 (0.002)  ,  ForwardTime: 0.209  ,  TotalTime: 0.588  ,  Loss/total: 0.64771  ,  Loss/giou: 0.17293  ,  Loss/l1: 0.01198  ,  Loss/location: 0.21728  ,  pro_loss: 0.12064  ,  IoU: 0.83933  ,  Loss/sim: 1.31813  ,  Loss/distill: 1.24764
[train: Epoch 33, 1250 / 2500] FPS: 10.1 (11.0)  ,  DataTime: 0.381 (0.002)  ,  ForwardTime: 0.209  ,  TotalTime: 0.592  ,  Loss/total: 0.64752  ,  Loss/giou: 0.17303  ,  Loss/l1: 0.01196  ,  Loss/location: 0.21696  ,  pro_loss: 0.12092  ,  IoU: 0.83921  ,  Loss/sim: 1.31780  ,  Loss/distill: 1.24764
[train: Epoch 33, 1300 / 2500] FPS: 10.1 (8.4)  ,  DataTime: 0.381 (0.002)  ,  ForwardTime: 0.209  ,  TotalTime: 0.591  ,  Loss/total: 0.64591  ,  Loss/giou: 0.17265  ,  Loss/l1: 0.01191  ,  Loss/location: 0.21632  ,  pro_loss: 0.12106  ,  IoU: 0.83944  ,  Loss/sim: 1.31633  ,  Loss/distill: 1.24629
[train: Epoch 33, 1350 / 2500] FPS: 10.1 (10.3)  ,  DataTime: 0.381 (0.002)  ,  ForwardTime: 0.209  ,  TotalTime: 0.591  ,  Loss/total: 0.64485  ,  Loss/giou: 0.17263  ,  Loss/l1: 0.01190  ,  Loss/location: 0.21533  ,  pro_loss: 0.12114  ,  IoU: 0.83955  ,  Loss/sim: 1.31575  ,  Loss/distill: 1.24594
[train: Epoch 33, 1400 / 2500] FPS: 10.2 (12.9)  ,  DataTime: 0.380 (0.002)  ,  ForwardTime: 0.209  ,  TotalTime: 0.590  ,  Loss/total: 0.64734  ,  Loss/giou: 0.17337  ,  Loss/l1: 0.01201  ,  Loss/location: 0.21582  ,  pro_loss: 0.12117  ,  IoU: 0.83901  ,  Loss/sim: 1.31507  ,  Loss/distill: 1.24735
[train: Epoch 33, 1450 / 2500] FPS: 10.2 (9.7)  ,  DataTime: 0.379 (0.002)  ,  ForwardTime: 0.209  ,  TotalTime: 0.591  ,  Loss/total: 0.64658  ,  Loss/giou: 0.17326  ,  Loss/l1: 0.01195  ,  Loss/location: 0.21557  ,  pro_loss: 0.12115  ,  IoU: 0.83903  ,  Loss/sim: 1.31561  ,  Loss/distill: 1.24788
[train: Epoch 33, 1500 / 2500] FPS: 10.2 (11.5)  ,  DataTime: 0.379 (0.002)  ,  ForwardTime: 0.209  ,  TotalTime: 0.590  ,  Loss/total: 0.64454  ,  Loss/giou: 0.17294  ,  Loss/l1: 0.01191  ,  Loss/location: 0.21437  ,  pro_loss: 0.12105  ,  IoU: 0.83930  ,  Loss/sim: 1.31540  ,  Loss/distill: 1.24752
[train: Epoch 33, 1550 / 2500] FPS: 10.2 (8.8)  ,  DataTime: 0.379 (0.002)  ,  ForwardTime: 0.209  ,  TotalTime: 0.590  ,  Loss/total: 0.64717  ,  Loss/giou: 0.17359  ,  Loss/l1: 0.01196  ,  Loss/location: 0.21547  ,  pro_loss: 0.12099  ,  IoU: 0.83878  ,  Loss/sim: 1.31571  ,  Loss/distill: 1.24868
[train: Epoch 33, 1600 / 2500] FPS: 10.2 (7.6)  ,  DataTime: 0.378 (0.002)  ,  ForwardTime: 0.209  ,  TotalTime: 0.589  ,  Loss/total: 0.64705  ,  Loss/giou: 0.17359  ,  Loss/l1: 0.01199  ,  Loss/location: 0.21523  ,  pro_loss: 0.12090  ,  IoU: 0.83881  ,  Loss/sim: 1.31641  ,  Loss/distill: 1.24920
[train: Epoch 33, 1650 / 2500] FPS: 10.2 (11.6)  ,  DataTime: 0.378 (0.002)  ,  ForwardTime: 0.209  ,  TotalTime: 0.590  ,  Loss/total: 0.64693  ,  Loss/giou: 0.17351  ,  Loss/l1: 0.01198  ,  Loss/location: 0.21532  ,  pro_loss: 0.12084  ,  IoU: 0.83885  ,  Loss/sim: 1.31608  ,  Loss/distill: 1.24998
[train: Epoch 33, 1700 / 2500] FPS: 10.2 (12.7)  ,  DataTime: 0.377 (0.002)  ,  ForwardTime: 0.209  ,  TotalTime: 0.588  ,  Loss/total: 0.64497  ,  Loss/giou: 0.17307  ,  Loss/l1: 0.01192  ,  Loss/location: 0.21458  ,  pro_loss: 0.12066  ,  IoU: 0.83918  ,  Loss/sim: 1.31636  ,  Loss/distill: 1.25051
[train: Epoch 33, 1750 / 2500] FPS: 10.2 (9.7)  ,  DataTime: 0.378 (0.002)  ,  ForwardTime: 0.209  ,  TotalTime: 0.589  ,  Loss/total: 0.64659  ,  Loss/giou: 0.17339  ,  Loss/l1: 0.01197  ,  Loss/location: 0.21529  ,  pro_loss: 0.12075  ,  IoU: 0.83896  ,  Loss/sim: 1.31647  ,  Loss/distill: 1.25004
[train: Epoch 33, 1800 / 2500] FPS: 10.2 (13.8)  ,  DataTime: 0.377 (0.002)  ,  ForwardTime: 0.209  ,  TotalTime: 0.588  ,  Loss/total: 0.64590  ,  Loss/giou: 0.17307  ,  Loss/l1: 0.01194  ,  Loss/location: 0.21537  ,  pro_loss: 0.12090  ,  IoU: 0.83922  ,  Loss/sim: 1.31660  ,  Loss/distill: 1.24953
[train: Epoch 33, 1850 / 2500] FPS: 10.2 (7.1)  ,  DataTime: 0.377 (0.002)  ,  ForwardTime: 0.209  ,  TotalTime: 0.588  ,  Loss/total: 0.64627  ,  Loss/giou: 0.17319  ,  Loss/l1: 0.01195  ,  Loss/location: 0.21540  ,  pro_loss: 0.12122  ,  IoU: 0.83915  ,  Loss/sim: 1.31655  ,  Loss/distill: 1.24930
[train: Epoch 33, 1900 / 2500] FPS: 10.2 (13.8)  ,  DataTime: 0.377 (0.002)  ,  ForwardTime: 0.209  ,  TotalTime: 0.588  ,  Loss/total: 0.64486  ,  Loss/giou: 0.17291  ,  Loss/l1: 0.01192  ,  Loss/location: 0.21467  ,  pro_loss: 0.12119  ,  IoU: 0.83935  ,  Loss/sim: 1.31670  ,  Loss/distill: 1.24924
[train: Epoch 33, 1950 / 2500] FPS: 10.2 (10.6)  ,  DataTime: 0.377 (0.002)  ,  ForwardTime: 0.209  ,  TotalTime: 0.588  ,  Loss/total: 0.64430  ,  Loss/giou: 0.17275  ,  Loss/l1: 0.01190  ,  Loss/location: 0.21452  ,  pro_loss: 0.12125  ,  IoU: 0.83948  ,  Loss/sim: 1.31587  ,  Loss/distill: 1.24876
[train: Epoch 33, 2000 / 2500] FPS: 10.2 (10.0)  ,  DataTime: 0.377 (0.002)  ,  ForwardTime: 0.209  ,  TotalTime: 0.588  ,  Loss/total: 0.64525  ,  Loss/giou: 0.17312  ,  Loss/l1: 0.01193  ,  Loss/location: 0.21460  ,  pro_loss: 0.12137  ,  IoU: 0.83919  ,  Loss/sim: 1.31579  ,  Loss/distill: 1.24900
[train: Epoch 33, 2050 / 2500] FPS: 10.2 (12.3)  ,  DataTime: 0.376 (0.002)  ,  ForwardTime: 0.209  ,  TotalTime: 0.588  ,  Loss/total: 0.64517  ,  Loss/giou: 0.17303  ,  Loss/l1: 0.01191  ,  Loss/location: 0.21477  ,  pro_loss: 0.12133  ,  IoU: 0.83924  ,  Loss/sim: 1.31618  ,  Loss/distill: 1.24894
[train: Epoch 33, 2100 / 2500] FPS: 10.2 (11.6)  ,  DataTime: 0.376 (0.002)  ,  ForwardTime: 0.209  ,  TotalTime: 0.587  ,  Loss/total: 0.64488  ,  Loss/giou: 0.17291  ,  Loss/l1: 0.01191  ,  Loss/location: 0.21469  ,  pro_loss: 0.12145  ,  IoU: 0.83938  ,  Loss/sim: 1.31508  ,  Loss/distill: 1.24840
[train: Epoch 33, 2150 / 2500] FPS: 10.2 (10.6)  ,  DataTime: 0.376 (0.002)  ,  ForwardTime: 0.209  ,  TotalTime: 0.587  ,  Loss/total: 0.64519  ,  Loss/giou: 0.17294  ,  Loss/l1: 0.01192  ,  Loss/location: 0.21489  ,  pro_loss: 0.12145  ,  IoU: 0.83935  ,  Loss/sim: 1.31483  ,  Loss/distill: 1.24835
[train: Epoch 33, 2200 / 2500] FPS: 10.2 (10.5)  ,  DataTime: 0.375 (0.002)  ,  ForwardTime: 0.209  ,  TotalTime: 0.587  ,  Loss/total: 0.64568  ,  Loss/giou: 0.17304  ,  Loss/l1: 0.01192  ,  Loss/location: 0.21522  ,  pro_loss: 0.12134  ,  IoU: 0.83925  ,  Loss/sim: 1.31412  ,  Loss/distill: 1.24798
[train: Epoch 33, 2250 / 2500] FPS: 10.2 (10.1)  ,  DataTime: 0.375 (0.002)  ,  ForwardTime: 0.209  ,  TotalTime: 0.586  ,  Loss/total: 0.64508  ,  Loss/giou: 0.17291  ,  Loss/l1: 0.01190  ,  Loss/location: 0.21495  ,  pro_loss: 0.12133  ,  IoU: 0.83935  ,  Loss/sim: 1.31467  ,  Loss/distill: 1.24800
[train: Epoch 33, 2300 / 2500] FPS: 10.2 (8.6)  ,  DataTime: 0.375 (0.002)  ,  ForwardTime: 0.209  ,  TotalTime: 0.587  ,  Loss/total: 0.64508  ,  Loss/giou: 0.17295  ,  Loss/l1: 0.01188  ,  Loss/location: 0.21500  ,  pro_loss: 0.12129  ,  IoU: 0.83928  ,  Loss/sim: 1.31522  ,  Loss/distill: 1.24815
[train: Epoch 33, 2350 / 2500] FPS: 10.2 (7.9)  ,  DataTime: 0.376 (0.002)  ,  ForwardTime: 0.209  ,  TotalTime: 0.587  ,  Loss/total: 0.64551  ,  Loss/giou: 0.17310  ,  Loss/l1: 0.01190  ,  Loss/location: 0.21506  ,  pro_loss: 0.12125  ,  IoU: 0.83915  ,  Loss/sim: 1.31520  ,  Loss/distill: 1.24785
[train: Epoch 33, 2400 / 2500] FPS: 10.2 (11.8)  ,  DataTime: 0.375 (0.002)  ,  ForwardTime: 0.209  ,  TotalTime: 0.586  ,  Loss/total: 0.64504  ,  Loss/giou: 0.17304  ,  Loss/l1: 0.01188  ,  Loss/location: 0.21480  ,  pro_loss: 0.12120  ,  IoU: 0.83918  ,  Loss/sim: 1.31506  ,  Loss/distill: 1.24747
[train: Epoch 33, 2450 / 2500] FPS: 10.2 (9.4)  ,  DataTime: 0.376 (0.002)  ,  ForwardTime: 0.209  ,  TotalTime: 0.587  ,  Loss/total: 0.64570  ,  Loss/giou: 0.17317  ,  Loss/l1: 0.01190  ,  Loss/location: 0.21512  ,  pro_loss: 0.12111  ,  IoU: 0.83905  ,  Loss/sim: 1.31515  ,  Loss/distill: 1.24714
[train: Epoch 33, 2500 / 2500] FPS: 10.2 (11.7)  ,  DataTime: 0.375 (0.002)  ,  ForwardTime: 0.209  ,  TotalTime: 0.586  ,  Loss/total: 0.64639  ,  Loss/giou: 0.17320  ,  Loss/l1: 0.01192  ,  Loss/location: 0.21562  ,  pro_loss: 0.12127  ,  IoU: 0.83908  ,  Loss/sim: 1.31457  ,  Loss/distill: 1.24661
[train: Epoch 34, 50 / 2500] FPS: 11.2 (11.9)  ,  DataTime: 0.323 (0.002)  ,  ForwardTime: 0.208  ,  TotalTime: 0.534  ,  Loss/total: 0.63861  ,  Loss/giou: 0.17086  ,  Loss/l1: 0.01159  ,  Loss/location: 0.21364  ,  pro_loss: 0.12389  ,  IoU: 0.84084  ,  Loss/sim: 1.29618  ,  Loss/distill: 1.24770
[train: Epoch 34, 100 / 2500] FPS: 11.2 (12.3)  ,  DataTime: 0.327 (0.002)  ,  ForwardTime: 0.208  ,  TotalTime: 0.538  ,  Loss/total: 0.61871  ,  Loss/giou: 0.16632  ,  Loss/l1: 0.01114  ,  Loss/location: 0.20570  ,  pro_loss: 0.12083  ,  IoU: 0.84434  ,  Loss/sim: 1.31539  ,  Loss/distill: 1.24716
[train: Epoch 34, 150 / 2500] FPS: 11.1 (13.3)  ,  DataTime: 0.331 (0.002)  ,  ForwardTime: 0.209  ,  TotalTime: 0.542  ,  Loss/total: 0.62285  ,  Loss/giou: 0.16846  ,  Loss/l1: 0.01133  ,  Loss/location: 0.20440  ,  pro_loss: 0.12194  ,  IoU: 0.84251  ,  Loss/sim: 1.31807  ,  Loss/distill: 1.24707
[train: Epoch 34, 200 / 2500] FPS: 11.0 (10.9)  ,  DataTime: 0.334 (0.002)  ,  ForwardTime: 0.209  ,  TotalTime: 0.545  ,  Loss/total: 0.63722  ,  Loss/giou: 0.17237  ,  Loss/l1: 0.01157  ,  Loss/location: 0.20942  ,  pro_loss: 0.12354  ,  IoU: 0.83900  ,  Loss/sim: 1.32380  ,  Loss/distill: 1.25067
[train: Epoch 34, 250 / 2500] FPS: 10.9 (9.8)  ,  DataTime: 0.338 (0.002)  ,  ForwardTime: 0.209  ,  TotalTime: 0.548  ,  Loss/total: 0.63615  ,  Loss/giou: 0.17245  ,  Loss/l1: 0.01142  ,  Loss/location: 0.20923  ,  pro_loss: 0.12194  ,  IoU: 0.83854  ,  Loss/sim: 1.31906  ,  Loss/distill: 1.24784
[train: Epoch 34, 300 / 2500] FPS: 10.9 (8.5)  ,  DataTime: 0.341 (0.002)  ,  ForwardTime: 0.209  ,  TotalTime: 0.552  ,  Loss/total: 0.63425  ,  Loss/giou: 0.17187  ,  Loss/l1: 0.01135  ,  Loss/location: 0.20885  ,  pro_loss: 0.12190  ,  IoU: 0.83899  ,  Loss/sim: 1.32610  ,  Loss/distill: 1.25004
[train: Epoch 34, 350 / 2500] FPS: 10.7 (11.1)  ,  DataTime: 0.349 (0.002)  ,  ForwardTime: 0.209  ,  TotalTime: 0.559  ,  Loss/total: 0.64302  ,  Loss/giou: 0.17410  ,  Loss/l1: 0.01167  ,  Loss/location: 0.21149  ,  pro_loss: 0.12242  ,  IoU: 0.83750  ,  Loss/sim: 1.32662  ,  Loss/distill: 1.24600
[train: Epoch 34, 400 / 2500] FPS: 10.6 (7.4)  ,  DataTime: 0.358 (0.002)  ,  ForwardTime: 0.209  ,  TotalTime: 0.568  ,  Loss/total: 0.64678  ,  Loss/giou: 0.17405  ,  Loss/l1: 0.01175  ,  Loss/location: 0.21494  ,  pro_loss: 0.12236  ,  IoU: 0.83758  ,  Loss/sim: 1.33085  ,  Loss/distill: 1.24700
[train: Epoch 34, 450 / 2500] FPS: 10.6 (18.5)  ,  DataTime: 0.356 (0.002)  ,  ForwardTime: 0.209  ,  TotalTime: 0.566  ,  Loss/total: 0.63746  ,  Loss/giou: 0.17162  ,  Loss/l1: 0.01144  ,  Loss/location: 0.21211  ,  pro_loss: 0.12201  ,  IoU: 0.83949  ,  Loss/sim: 1.33198  ,  Loss/distill: 1.24935
[train: Epoch 34, 500 / 2500] FPS: 10.6 (9.8)  ,  DataTime: 0.354 (0.002)  ,  ForwardTime: 0.209  ,  TotalTime: 0.564  ,  Loss/total: 0.64073  ,  Loss/giou: 0.17201  ,  Loss/l1: 0.01157  ,  Loss/location: 0.21394  ,  pro_loss: 0.12206  ,  IoU: 0.83944  ,  Loss/sim: 1.33126  ,  Loss/distill: 1.24971
[train: Epoch 34, 550 / 2500] FPS: 10.6 (13.1)  ,  DataTime: 0.358 (0.002)  ,  ForwardTime: 0.209  ,  TotalTime: 0.568  ,  Loss/total: 0.63784  ,  Loss/giou: 0.17128  ,  Loss/l1: 0.01150  ,  Loss/location: 0.21279  ,  pro_loss: 0.12225  ,  IoU: 0.84013  ,  Loss/sim: 1.32441  ,  Loss/distill: 1.24860
[train: Epoch 34, 600 / 2500] FPS: 10.5 (8.6)  ,  DataTime: 0.359 (0.002)  ,  ForwardTime: 0.209  ,  TotalTime: 0.569  ,  Loss/total: 0.64057  ,  Loss/giou: 0.17218  ,  Loss/l1: 0.01156  ,  Loss/location: 0.21345  ,  pro_loss: 0.12211  ,  IoU: 0.83938  ,  Loss/sim: 1.32553  ,  Loss/distill: 1.25072
[train: Epoch 34, 650 / 2500] FPS: 10.5 (12.4)  ,  DataTime: 0.359 (0.002)  ,  ForwardTime: 0.209  ,  TotalTime: 0.570  ,  Loss/total: 0.63711  ,  Loss/giou: 0.17101  ,  Loss/l1: 0.01145  ,  Loss/location: 0.21297  ,  pro_loss: 0.12182  ,  IoU: 0.84029  ,  Loss/sim: 1.32851  ,  Loss/distill: 1.25026
[train: Epoch 34, 700 / 2500] FPS: 10.6 (12.7)  ,  DataTime: 0.357 (0.002)  ,  ForwardTime: 0.209  ,  TotalTime: 0.568  ,  Loss/total: 0.63625  ,  Loss/giou: 0.17089  ,  Loss/l1: 0.01144  ,  Loss/location: 0.21235  ,  pro_loss: 0.12199  ,  IoU: 0.84039  ,  Loss/sim: 1.33138  ,  Loss/distill: 1.25436
[train: Epoch 34, 750 / 2500] FPS: 10.6 (10.8)  ,  DataTime: 0.356 (0.002)  ,  ForwardTime: 0.209  ,  TotalTime: 0.567  ,  Loss/total: 0.63973  ,  Loss/giou: 0.17212  ,  Loss/l1: 0.01161  ,  Loss/location: 0.21255  ,  pro_loss: 0.12178  ,  IoU: 0.83961  ,  Loss/sim: 1.32997  ,  Loss/distill: 1.25485
[train: Epoch 34, 800 / 2500] FPS: 10.6 (7.6)  ,  DataTime: 0.357 (0.002)  ,  ForwardTime: 0.209  ,  TotalTime: 0.568  ,  Loss/total: 0.63777  ,  Loss/giou: 0.17194  ,  Loss/l1: 0.01159  ,  Loss/location: 0.21110  ,  pro_loss: 0.12170  ,  IoU: 0.83987  ,  Loss/sim: 1.32936  ,  Loss/distill: 1.25482
[train: Epoch 34, 850 / 2500] FPS: 10.5 (8.0)  ,  DataTime: 0.363 (0.002)  ,  ForwardTime: 0.209  ,  TotalTime: 0.574  ,  Loss/total: 0.63927  ,  Loss/giou: 0.17222  ,  Loss/l1: 0.01163  ,  Loss/location: 0.21171  ,  pro_loss: 0.12213  ,  IoU: 0.83964  ,  Loss/sim: 1.32751  ,  Loss/distill: 1.25398
[train: Epoch 34, 900 / 2500] FPS: 10.5 (14.5)  ,  DataTime: 0.363 (0.002)  ,  ForwardTime: 0.209  ,  TotalTime: 0.574  ,  Loss/total: 0.63959  ,  Loss/giou: 0.17235  ,  Loss/l1: 0.01167  ,  Loss/location: 0.21154  ,  pro_loss: 0.12249  ,  IoU: 0.83956  ,  Loss/sim: 1.32780  ,  Loss/distill: 1.25361
[train: Epoch 34, 950 / 2500] FPS: 10.5 (7.9)  ,  DataTime: 0.363 (0.002)  ,  ForwardTime: 0.209  ,  TotalTime: 0.574  ,  Loss/total: 0.63986  ,  Loss/giou: 0.17234  ,  Loss/l1: 0.01162  ,  Loss/location: 0.21199  ,  pro_loss: 0.12277  ,  IoU: 0.83947  ,  Loss/sim: 1.32914  ,  Loss/distill: 1.25342
[train: Epoch 34, 1000 / 2500] FPS: 10.5 (11.5)  ,  DataTime: 0.362 (0.002)  ,  ForwardTime: 0.209  ,  TotalTime: 0.573  ,  Loss/total: 0.63948  ,  Loss/giou: 0.17236  ,  Loss/l1: 0.01161  ,  Loss/location: 0.21164  ,  pro_loss: 0.12279  ,  IoU: 0.83945  ,  Loss/sim: 1.32883  ,  Loss/distill: 1.25299
[train: Epoch 34, 1050 / 2500] FPS: 10.5 (7.9)  ,  DataTime: 0.363 (0.002)  ,  ForwardTime: 0.209  ,  TotalTime: 0.574  ,  Loss/total: 0.64130  ,  Loss/giou: 0.17286  ,  Loss/l1: 0.01165  ,  Loss/location: 0.21225  ,  pro_loss: 0.12297  ,  IoU: 0.83902  ,  Loss/sim: 1.32840  ,  Loss/distill: 1.25349
[train: Epoch 34, 1100 / 2500] FPS: 10.5 (10.3)  ,  DataTime: 0.363 (0.002)  ,  ForwardTime: 0.209  ,  TotalTime: 0.573  ,  Loss/total: 0.64024  ,  Loss/giou: 0.17265  ,  Loss/l1: 0.01162  ,  Loss/location: 0.21170  ,  pro_loss: 0.12320  ,  IoU: 0.83921  ,  Loss/sim: 1.32960  ,  Loss/distill: 1.25345
[train: Epoch 34, 1150 / 2500] FPS: 10.5 (13.8)  ,  DataTime: 0.362 (0.002)  ,  ForwardTime: 0.209  ,  TotalTime: 0.573  ,  Loss/total: 0.64213  ,  Loss/giou: 0.17300  ,  Loss/l1: 0.01165  ,  Loss/location: 0.21267  ,  pro_loss: 0.12334  ,  IoU: 0.83886  ,  Loss/sim: 1.32882  ,  Loss/distill: 1.25256
[train: Epoch 34, 1200 / 2500] FPS: 10.5 (9.9)  ,  DataTime: 0.361 (0.002)  ,  ForwardTime: 0.209  ,  TotalTime: 0.572  ,  Loss/total: 0.64250  ,  Loss/giou: 0.17299  ,  Loss/l1: 0.01167  ,  Loss/location: 0.21298  ,  pro_loss: 0.12325  ,  IoU: 0.83890  ,  Loss/sim: 1.32891  ,  Loss/distill: 1.25230
[train: Epoch 34, 1250 / 2500] FPS: 10.5 (11.1)  ,  DataTime: 0.362 (0.002)  ,  ForwardTime: 0.209  ,  TotalTime: 0.572  ,  Loss/total: 0.64294  ,  Loss/giou: 0.17326  ,  Loss/l1: 0.01174  ,  Loss/location: 0.21256  ,  pro_loss: 0.12325  ,  IoU: 0.83875  ,  Loss/sim: 1.32785  ,  Loss/distill: 1.25127
[train: Epoch 34, 1300 / 2500] FPS: 10.5 (7.3)  ,  DataTime: 0.363 (0.002)  ,  ForwardTime: 0.209  ,  TotalTime: 0.573  ,  Loss/total: 0.64445  ,  Loss/giou: 0.17367  ,  Loss/l1: 0.01184  ,  Loss/location: 0.21275  ,  pro_loss: 0.12325  ,  IoU: 0.83852  ,  Loss/sim: 1.32666  ,  Loss/distill: 1.25021
[train: Epoch 34, 1350 / 2500] FPS: 10.5 (7.1)  ,  DataTime: 0.363 (0.002)  ,  ForwardTime: 0.209  ,  TotalTime: 0.574  ,  Loss/total: 0.64459  ,  Loss/giou: 0.17371  ,  Loss/l1: 0.01184  ,  Loss/location: 0.21284  ,  pro_loss: 0.12306  ,  IoU: 0.83850  ,  Loss/sim: 1.32550  ,  Loss/distill: 1.25057
[train: Epoch 34, 1400 / 2500] FPS: 10.5 (9.6)  ,  DataTime: 0.363 (0.002)  ,  ForwardTime: 0.209  ,  TotalTime: 0.574  ,  Loss/total: 0.64458  ,  Loss/giou: 0.17342  ,  Loss/l1: 0.01182  ,  Loss/location: 0.21355  ,  pro_loss: 0.12295  ,  IoU: 0.83868  ,  Loss/sim: 1.32513  ,  Loss/distill: 1.25047
[train: Epoch 34, 1450 / 2500] FPS: 10.5 (8.6)  ,  DataTime: 0.363 (0.002)  ,  ForwardTime: 0.209  ,  TotalTime: 0.574  ,  Loss/total: 0.64570  ,  Loss/giou: 0.17364  ,  Loss/l1: 0.01188  ,  Loss/location: 0.21388  ,  pro_loss: 0.12300  ,  IoU: 0.83855  ,  Loss/sim: 1.32486  ,  Loss/distill: 1.25067
[train: Epoch 34, 1500 / 2500] FPS: 10.5 (11.5)  ,  DataTime: 0.363 (0.002)  ,  ForwardTime: 0.209  ,  TotalTime: 0.574  ,  Loss/total: 0.64540  ,  Loss/giou: 0.17367  ,  Loss/l1: 0.01187  ,  Loss/location: 0.21359  ,  pro_loss: 0.12307  ,  IoU: 0.83851  ,  Loss/sim: 1.32490  ,  Loss/distill: 1.25087
[train: Epoch 34, 1550 / 2500] FPS: 10.5 (10.1)  ,  DataTime: 0.363 (0.002)  ,  ForwardTime: 0.209  ,  TotalTime: 0.574  ,  Loss/total: 0.64515  ,  Loss/giou: 0.17368  ,  Loss/l1: 0.01187  ,  Loss/location: 0.21329  ,  pro_loss: 0.12322  ,  IoU: 0.83846  ,  Loss/sim: 1.32445  ,  Loss/distill: 1.25070
[train: Epoch 34, 1600 / 2500] FPS: 10.5 (8.9)  ,  DataTime: 0.363 (0.002)  ,  ForwardTime: 0.209  ,  TotalTime: 0.574  ,  Loss/total: 0.64760  ,  Loss/giou: 0.17437  ,  Loss/l1: 0.01195  ,  Loss/location: 0.21389  ,  pro_loss: 0.12350  ,  IoU: 0.83792  ,  Loss/sim: 1.32492  ,  Loss/distill: 1.25155
[train: Epoch 34, 1650 / 2500] FPS: 10.4 (12.7)  ,  DataTime: 0.364 (0.002)  ,  ForwardTime: 0.209  ,  TotalTime: 0.575  ,  Loss/total: 0.64610  ,  Loss/giou: 0.17410  ,  Loss/l1: 0.01191  ,  Loss/location: 0.21314  ,  pro_loss: 0.12350  ,  IoU: 0.83814  ,  Loss/sim: 1.32471  ,  Loss/distill: 1.25171
[train: Epoch 34, 1700 / 2500] FPS: 10.4 (10.0)  ,  DataTime: 0.364 (0.002)  ,  ForwardTime: 0.209  ,  TotalTime: 0.575  ,  Loss/total: 0.64630  ,  Loss/giou: 0.17421  ,  Loss/l1: 0.01193  ,  Loss/location: 0.21301  ,  pro_loss: 0.12345  ,  IoU: 0.83808  ,  Loss/sim: 1.32511  ,  Loss/distill: 1.25245
[train: Epoch 34, 1750 / 2500] FPS: 10.4 (12.8)  ,  DataTime: 0.364 (0.002)  ,  ForwardTime: 0.209  ,  TotalTime: 0.574  ,  Loss/total: 0.64486  ,  Loss/giou: 0.17388  ,  Loss/l1: 0.01193  ,  Loss/location: 0.21225  ,  pro_loss: 0.12348  ,  IoU: 0.83843  ,  Loss/sim: 1.32244  ,  Loss/distill: 1.25114
[train: Epoch 34, 1800 / 2500] FPS: 10.4 (9.7)  ,  DataTime: 0.366 (0.002)  ,  ForwardTime: 0.209  ,  TotalTime: 0.577  ,  Loss/total: 0.64482  ,  Loss/giou: 0.17395  ,  Loss/l1: 0.01194  ,  Loss/location: 0.21203  ,  pro_loss: 0.12346  ,  IoU: 0.83839  ,  Loss/sim: 1.32308  ,  Loss/distill: 1.25180
[train: Epoch 34, 1850 / 2500] FPS: 10.4 (11.0)  ,  DataTime: 0.367 (0.002)  ,  ForwardTime: 0.209  ,  TotalTime: 0.578  ,  Loss/total: 0.64492  ,  Loss/giou: 0.17392  ,  Loss/l1: 0.01195  ,  Loss/location: 0.21217  ,  pro_loss: 0.12330  ,  IoU: 0.83846  ,  Loss/sim: 1.32216  ,  Loss/distill: 1.25163
[train: Epoch 34, 1900 / 2500] FPS: 10.4 (13.2)  ,  DataTime: 0.367 (0.002)  ,  ForwardTime: 0.209  ,  TotalTime: 0.578  ,  Loss/total: 0.64642  ,  Loss/giou: 0.17416  ,  Loss/l1: 0.01199  ,  Loss/location: 0.21298  ,  pro_loss: 0.12333  ,  IoU: 0.83828  ,  Loss/sim: 1.32212  ,  Loss/distill: 1.25192
[train: Epoch 34, 1950 / 2500] FPS: 10.4 (8.6)  ,  DataTime: 0.366 (0.002)  ,  ForwardTime: 0.209  ,  TotalTime: 0.577  ,  Loss/total: 0.64620  ,  Loss/giou: 0.17407  ,  Loss/l1: 0.01198  ,  Loss/location: 0.21300  ,  pro_loss: 0.12330  ,  IoU: 0.83835  ,  Loss/sim: 1.32093  ,  Loss/distill: 1.25159
[train: Epoch 34, 2000 / 2500] FPS: 10.4 (10.6)  ,  DataTime: 0.367 (0.002)  ,  ForwardTime: 0.209  ,  TotalTime: 0.578  ,  Loss/total: 0.64688  ,  Loss/giou: 0.17423  ,  Loss/l1: 0.01199  ,  Loss/location: 0.21330  ,  pro_loss: 0.12323  ,  IoU: 0.83821  ,  Loss/sim: 1.32076  ,  Loss/distill: 1.25127
[train: Epoch 34, 2050 / 2500] FPS: 10.4 (13.4)  ,  DataTime: 0.367 (0.002)  ,  ForwardTime: 0.209  ,  TotalTime: 0.578  ,  Loss/total: 0.64766  ,  Loss/giou: 0.17452  ,  Loss/l1: 0.01202  ,  Loss/location: 0.21336  ,  pro_loss: 0.12320  ,  IoU: 0.83802  ,  Loss/sim: 1.32117  ,  Loss/distill: 1.25167
[train: Epoch 34, 2100 / 2500] FPS: 10.4 (9.2)  ,  DataTime: 0.367 (0.002)  ,  ForwardTime: 0.209  ,  TotalTime: 0.578  ,  Loss/total: 0.64730  ,  Loss/giou: 0.17442  ,  Loss/l1: 0.01200  ,  Loss/location: 0.21330  ,  pro_loss: 0.12318  ,  IoU: 0.83805  ,  Loss/sim: 1.32041  ,  Loss/distill: 1.25158
[train: Epoch 34, 2150 / 2500] FPS: 10.4 (11.6)  ,  DataTime: 0.366 (0.002)  ,  ForwardTime: 0.209  ,  TotalTime: 0.577  ,  Loss/total: 0.64710  ,  Loss/giou: 0.17441  ,  Loss/l1: 0.01203  ,  Loss/location: 0.21295  ,  pro_loss: 0.12320  ,  IoU: 0.83809  ,  Loss/sim: 1.32010  ,  Loss/distill: 1.25197
[train: Epoch 34, 2200 / 2500] FPS: 10.4 (4.4)  ,  DataTime: 0.367 (0.002)  ,  ForwardTime: 0.209  ,  TotalTime: 0.578  ,  Loss/total: 0.64727  ,  Loss/giou: 0.17446  ,  Loss/l1: 0.01204  ,  Loss/location: 0.21302  ,  pro_loss: 0.12302  ,  IoU: 0.83807  ,  Loss/sim: 1.32034  ,  Loss/distill: 1.25228
[train: Epoch 34, 2250 / 2500] FPS: 10.4 (7.2)  ,  DataTime: 0.368 (0.002)  ,  ForwardTime: 0.209  ,  TotalTime: 0.579  ,  Loss/total: 0.64688  ,  Loss/giou: 0.17429  ,  Loss/l1: 0.01203  ,  Loss/location: 0.21303  ,  pro_loss: 0.12308  ,  IoU: 0.83822  ,  Loss/sim: 1.32138  ,  Loss/distill: 1.25238
[train: Epoch 34, 2300 / 2500] FPS: 10.4 (17.3)  ,  DataTime: 0.368 (0.002)  ,  ForwardTime: 0.209  ,  TotalTime: 0.579  ,  Loss/total: 0.64688  ,  Loss/giou: 0.17431  ,  Loss/l1: 0.01204  ,  Loss/location: 0.21292  ,  pro_loss: 0.12312  ,  IoU: 0.83820  ,  Loss/sim: 1.32188  ,  Loss/distill: 1.25277
[train: Epoch 34, 2350 / 2500] FPS: 10.4 (12.9)  ,  DataTime: 0.368 (0.002)  ,  ForwardTime: 0.209  ,  TotalTime: 0.579  ,  Loss/total: 0.64725  ,  Loss/giou: 0.17434  ,  Loss/l1: 0.01204  ,  Loss/location: 0.21322  ,  pro_loss: 0.12314  ,  IoU: 0.83819  ,  Loss/sim: 1.32186  ,  Loss/distill: 1.25270
[train: Epoch 34, 2400 / 2500] FPS: 10.4 (10.5)  ,  DataTime: 0.368 (0.002)  ,  ForwardTime: 0.209  ,  TotalTime: 0.579  ,  Loss/total: 0.64755  ,  Loss/giou: 0.17433  ,  Loss/l1: 0.01206  ,  Loss/location: 0.21346  ,  pro_loss: 0.12319  ,  IoU: 0.83823  ,  Loss/sim: 1.32206  ,  Loss/distill: 1.25284
[train: Epoch 34, 2450 / 2500] FPS: 10.4 (13.0)  ,  DataTime: 0.368 (0.002)  ,  ForwardTime: 0.209  ,  TotalTime: 0.579  ,  Loss/total: 0.64778  ,  Loss/giou: 0.17439  ,  Loss/l1: 0.01206  ,  Loss/location: 0.21350  ,  pro_loss: 0.12327  ,  IoU: 0.83819  ,  Loss/sim: 1.32207  ,  Loss/distill: 1.25269
[train: Epoch 34, 2500 / 2500] FPS: 10.4 (14.8)  ,  DataTime: 0.368 (0.002)  ,  ForwardTime: 0.209  ,  TotalTime: 0.578  ,  Loss/total: 0.64841  ,  Loss/giou: 0.17456  ,  Loss/l1: 0.01209  ,  Loss/location: 0.21370  ,  pro_loss: 0.12316  ,  IoU: 0.83805  ,  Loss/sim: 1.32194  ,  Loss/distill: 1.25279
[train: Epoch 35, 50 / 2500] FPS: 10.1 (8.5)  ,  DataTime: 0.386 (0.002)  ,  ForwardTime: 0.209  ,  TotalTime: 0.597  ,  Loss/total: 0.61773  ,  Loss/giou: 0.16894  ,  Loss/l1: 0.01066  ,  Loss/location: 0.20300  ,  pro_loss: 0.11528  ,  IoU: 0.84206  ,  Loss/sim: 1.26927  ,  Loss/distill: 1.24323
[train: Epoch 35, 100 / 2500] FPS: 10.4 (10.7)  ,  DataTime: 0.368 (0.002)  ,  ForwardTime: 0.209  ,  TotalTime: 0.579  ,  Loss/total: 0.61564  ,  Loss/giou: 0.16785  ,  Loss/l1: 0.01059  ,  Loss/location: 0.20280  ,  pro_loss: 0.11847  ,  IoU: 0.84260  ,  Loss/sim: 1.28607  ,  Loss/distill: 1.24841
[train: Epoch 35, 150 / 2500] FPS: 10.3 (9.0)  ,  DataTime: 0.374 (0.002)  ,  ForwardTime: 0.209  ,  TotalTime: 0.585  ,  Loss/total: 0.63196  ,  Loss/giou: 0.17069  ,  Loss/l1: 0.01101  ,  Loss/location: 0.21065  ,  pro_loss: 0.12204  ,  IoU: 0.83994  ,  Loss/sim: 1.28450  ,  Loss/distill: 1.24251
[train: Epoch 35, 200 / 2500] FPS: 10.2 (9.5)  ,  DataTime: 0.379 (0.002)  ,  ForwardTime: 0.209  ,  TotalTime: 0.590  ,  Loss/total: 0.62498  ,  Loss/giou: 0.16966  ,  Loss/l1: 0.01098  ,  Loss/location: 0.20558  ,  pro_loss: 0.12333  ,  IoU: 0.84073  ,  Loss/sim: 1.28478  ,  Loss/distill: 1.24083
[train: Epoch 35, 250 / 2500] FPS: 9.8 (8.6)  ,  DataTime: 0.399 (0.002)  ,  ForwardTime: 0.209  ,  TotalTime: 0.609  ,  Loss/total: 0.61920  ,  Loss/giou: 0.16814  ,  Loss/l1: 0.01087  ,  Loss/location: 0.20357  ,  pro_loss: 0.12244  ,  IoU: 0.84198  ,  Loss/sim: 1.27658  ,  Loss/distill: 1.23987
[train: Epoch 35, 300 / 2500] FPS: 9.9 (6.2)  ,  DataTime: 0.398 (0.002)  ,  ForwardTime: 0.209  ,  TotalTime: 0.609  ,  Loss/total: 0.62631  ,  Loss/giou: 0.17010  ,  Loss/l1: 0.01121  ,  Loss/location: 0.20492  ,  pro_loss: 0.12310  ,  IoU: 0.84062  ,  Loss/sim: 1.28387  ,  Loss/distill: 1.23926
[train: Epoch 35, 350 / 2500] FPS: 10.0 (12.6)  ,  DataTime: 0.387 (0.002)  ,  ForwardTime: 0.209  ,  TotalTime: 0.598  ,  Loss/total: 0.63358  ,  Loss/giou: 0.17259  ,  Loss/l1: 0.01147  ,  Loss/location: 0.20593  ,  pro_loss: 0.12302  ,  IoU: 0.83891  ,  Loss/sim: 1.28655  ,  Loss/distill: 1.23992
[train: Epoch 35, 400 / 2500] FPS: 10.1 (13.3)  ,  DataTime: 0.383 (0.002)  ,  ForwardTime: 0.209  ,  TotalTime: 0.593  ,  Loss/total: 0.63369  ,  Loss/giou: 0.17295  ,  Loss/l1: 0.01156  ,  Loss/location: 0.20504  ,  pro_loss: 0.12212  ,  IoU: 0.83878  ,  Loss/sim: 1.29127  ,  Loss/distill: 1.24069
[train: Epoch 35, 450 / 2500] FPS: 10.1 (15.7)  ,  DataTime: 0.382 (0.002)  ,  ForwardTime: 0.209  ,  TotalTime: 0.593  ,  Loss/total: 0.63261  ,  Loss/giou: 0.17276  ,  Loss/l1: 0.01163  ,  Loss/location: 0.20404  ,  pro_loss: 0.12207  ,  IoU: 0.83914  ,  Loss/sim: 1.29162  ,  Loss/distill: 1.24072
[train: Epoch 35, 500 / 2500] FPS: 10.2 (10.9)  ,  DataTime: 0.378 (0.002)  ,  ForwardTime: 0.211  ,  TotalTime: 0.590  ,  Loss/total: 0.63331  ,  Loss/giou: 0.17323  ,  Loss/l1: 0.01165  ,  Loss/location: 0.20362  ,  pro_loss: 0.12222  ,  IoU: 0.83879  ,  Loss/sim: 1.29338  ,  Loss/distill: 1.24233
[train: Epoch 35, 550 / 2500] FPS: 10.2 (9.9)  ,  DataTime: 0.375 (0.002)  ,  ForwardTime: 0.210  ,  TotalTime: 0.587  ,  Loss/total: 0.63808  ,  Loss/giou: 0.17421  ,  Loss/l1: 0.01181  ,  Loss/location: 0.20563  ,  pro_loss: 0.12235  ,  IoU: 0.83816  ,  Loss/sim: 1.29544  ,  Loss/distill: 1.24233
[train: Epoch 35, 600 / 2500] FPS: 10.2 (8.9)  ,  DataTime: 0.377 (0.002)  ,  ForwardTime: 0.210  ,  TotalTime: 0.589  ,  Loss/total: 0.64513  ,  Loss/giou: 0.17601  ,  Loss/l1: 0.01204  ,  Loss/location: 0.20806  ,  pro_loss: 0.12164  ,  IoU: 0.83668  ,  Loss/sim: 1.29750  ,  Loss/distill: 1.24431
[train: Epoch 35, 650 / 2500] FPS: 10.2 (11.3)  ,  DataTime: 0.377 (0.002)  ,  ForwardTime: 0.210  ,  TotalTime: 0.590  ,  Loss/total: 0.64286  ,  Loss/giou: 0.17517  ,  Loss/l1: 0.01197  ,  Loss/location: 0.20783  ,  pro_loss: 0.12177  ,  IoU: 0.83726  ,  Loss/sim: 1.30230  ,  Loss/distill: 1.24698
[train: Epoch 35, 700 / 2500] FPS: 10.2 (10.4)  ,  DataTime: 0.375 (0.002)  ,  ForwardTime: 0.210  ,  TotalTime: 0.587  ,  Loss/total: 0.64572  ,  Loss/giou: 0.17567  ,  Loss/l1: 0.01211  ,  Loss/location: 0.20880  ,  pro_loss: 0.12242  ,  IoU: 0.83699  ,  Loss/sim: 1.30106  ,  Loss/distill: 1.24790
[train: Epoch 35, 750 / 2500] FPS: 10.2 (11.4)  ,  DataTime: 0.374 (0.002)  ,  ForwardTime: 0.210  ,  TotalTime: 0.586  ,  Loss/total: 0.64859  ,  Loss/giou: 0.17657  ,  Loss/l1: 0.01223  ,  Loss/location: 0.20922  ,  pro_loss: 0.12289  ,  IoU: 0.83636  ,  Loss/sim: 1.30474  ,  Loss/distill: 1.25029
[train: Epoch 35, 800 / 2500] FPS: 10.2 (11.8)  ,  DataTime: 0.374 (0.002)  ,  ForwardTime: 0.210  ,  TotalTime: 0.586  ,  Loss/total: 0.65266  ,  Loss/giou: 0.17742  ,  Loss/l1: 0.01235  ,  Loss/location: 0.21100  ,  pro_loss: 0.12269  ,  IoU: 0.83567  ,  Loss/sim: 1.30423  ,  Loss/distill: 1.25106
[train: Epoch 35, 850 / 2500] FPS: 10.3 (10.3)  ,  DataTime: 0.373 (0.002)  ,  ForwardTime: 0.210  ,  TotalTime: 0.585  ,  Loss/total: 0.64856  ,  Loss/giou: 0.17623  ,  Loss/l1: 0.01223  ,  Loss/location: 0.21001  ,  pro_loss: 0.12208  ,  IoU: 0.83658  ,  Loss/sim: 1.30246  ,  Loss/distill: 1.24962
[train: Epoch 35, 900 / 2500] FPS: 10.3 (13.0)  ,  DataTime: 0.373 (0.002)  ,  ForwardTime: 0.210  ,  TotalTime: 0.585  ,  Loss/total: 0.64802  ,  Loss/giou: 0.17590  ,  Loss/l1: 0.01217  ,  Loss/location: 0.21048  ,  pro_loss: 0.12173  ,  IoU: 0.83686  ,  Loss/sim: 1.30454  ,  Loss/distill: 1.24866
[train: Epoch 35, 950 / 2500] FPS: 10.2 (8.9)  ,  DataTime: 0.378 (0.002)  ,  ForwardTime: 0.210  ,  TotalTime: 0.590  ,  Loss/total: 0.64313  ,  Loss/giou: 0.17454  ,  Loss/l1: 0.01202  ,  Loss/location: 0.20909  ,  pro_loss: 0.12183  ,  IoU: 0.83801  ,  Loss/sim: 1.30332  ,  Loss/distill: 1.24787
[train: Epoch 35, 1000 / 2500] FPS: 10.2 (13.2)  ,  DataTime: 0.378 (0.002)  ,  ForwardTime: 0.210  ,  TotalTime: 0.590  ,  Loss/total: 0.64144  ,  Loss/giou: 0.17402  ,  Loss/l1: 0.01195  ,  Loss/location: 0.20881  ,  pro_loss: 0.12175  ,  IoU: 0.83841  ,  Loss/sim: 1.30219  ,  Loss/distill: 1.24711
[train: Epoch 35, 1050 / 2500] FPS: 10.1 (9.4)  ,  DataTime: 0.380 (0.002)  ,  ForwardTime: 0.210  ,  TotalTime: 0.592  ,  Loss/total: 0.63986  ,  Loss/giou: 0.17361  ,  Loss/l1: 0.01189  ,  Loss/location: 0.20831  ,  pro_loss: 0.12189  ,  IoU: 0.83870  ,  Loss/sim: 1.30280  ,  Loss/distill: 1.24812
[train: Epoch 35, 1100 / 2500] FPS: 10.1 (10.3)  ,  DataTime: 0.380 (0.002)  ,  ForwardTime: 0.210  ,  TotalTime: 0.592  ,  Loss/total: 0.64216  ,  Loss/giou: 0.17426  ,  Loss/l1: 0.01200  ,  Loss/location: 0.20881  ,  pro_loss: 0.12168  ,  IoU: 0.83827  ,  Loss/sim: 1.30351  ,  Loss/distill: 1.24901
[train: Epoch 35, 1150 / 2500] FPS: 10.1 (10.0)  ,  DataTime: 0.380 (0.002)  ,  ForwardTime: 0.210  ,  TotalTime: 0.591  ,  Loss/total: 0.64125  ,  Loss/giou: 0.17383  ,  Loss/l1: 0.01194  ,  Loss/location: 0.20899  ,  pro_loss: 0.12184  ,  IoU: 0.83865  ,  Loss/sim: 1.30352  ,  Loss/distill: 1.24813
[train: Epoch 35, 1200 / 2500] FPS: 10.1 (13.8)  ,  DataTime: 0.380 (0.002)  ,  ForwardTime: 0.210  ,  TotalTime: 0.591  ,  Loss/total: 0.64019  ,  Loss/giou: 0.17340  ,  Loss/l1: 0.01191  ,  Loss/location: 0.20897  ,  pro_loss: 0.12189  ,  IoU: 0.83904  ,  Loss/sim: 1.30285  ,  Loss/distill: 1.24712
[train: Epoch 35, 1250 / 2500] FPS: 10.2 (13.4)  ,  DataTime: 0.378 (0.002)  ,  ForwardTime: 0.210  ,  TotalTime: 0.590  ,  Loss/total: 0.64067  ,  Loss/giou: 0.17331  ,  Loss/l1: 0.01191  ,  Loss/location: 0.20952  ,  pro_loss: 0.12226  ,  IoU: 0.83910  ,  Loss/sim: 1.30291  ,  Loss/distill: 1.24747
[train: Epoch 35, 1300 / 2500] FPS: 10.2 (11.1)  ,  DataTime: 0.376 (0.002)  ,  ForwardTime: 0.209  ,  TotalTime: 0.588  ,  Loss/total: 0.63921  ,  Loss/giou: 0.17292  ,  Loss/l1: 0.01187  ,  Loss/location: 0.20896  ,  pro_loss: 0.12260  ,  IoU: 0.83941  ,  Loss/sim: 1.30361  ,  Loss/distill: 1.24747
[train: Epoch 35, 1350 / 2500] FPS: 10.2 (11.9)  ,  DataTime: 0.376 (0.002)  ,  ForwardTime: 0.209  ,  TotalTime: 0.587  ,  Loss/total: 0.63941  ,  Loss/giou: 0.17290  ,  Loss/l1: 0.01187  ,  Loss/location: 0.20921  ,  pro_loss: 0.12256  ,  IoU: 0.83939  ,  Loss/sim: 1.30464  ,  Loss/distill: 1.24748
[train: Epoch 35, 1400 / 2500] FPS: 10.2 (12.2)  ,  DataTime: 0.374 (0.002)  ,  ForwardTime: 0.209  ,  TotalTime: 0.586  ,  Loss/total: 0.63814  ,  Loss/giou: 0.17258  ,  Loss/l1: 0.01184  ,  Loss/location: 0.20871  ,  pro_loss: 0.12268  ,  IoU: 0.83968  ,  Loss/sim: 1.30475  ,  Loss/distill: 1.24795
[train: Epoch 35, 1450 / 2500] FPS: 10.3 (9.7)  ,  DataTime: 0.374 (0.002)  ,  ForwardTime: 0.209  ,  TotalTime: 0.585  ,  Loss/total: 0.63989  ,  Loss/giou: 0.17289  ,  Loss/l1: 0.01190  ,  Loss/location: 0.20952  ,  pro_loss: 0.12277  ,  IoU: 0.83948  ,  Loss/sim: 1.30540  ,  Loss/distill: 1.24768
[train: Epoch 35, 1500 / 2500] FPS: 10.3 (11.3)  ,  DataTime: 0.372 (0.002)  ,  ForwardTime: 0.209  ,  TotalTime: 0.584  ,  Loss/total: 0.63974  ,  Loss/giou: 0.17283  ,  Loss/l1: 0.01189  ,  Loss/location: 0.20955  ,  pro_loss: 0.12279  ,  IoU: 0.83954  ,  Loss/sim: 1.30488  ,  Loss/distill: 1.24731
[train: Epoch 35, 1550 / 2500] FPS: 10.3 (13.4)  ,  DataTime: 0.372 (0.002)  ,  ForwardTime: 0.209  ,  TotalTime: 0.583  ,  Loss/total: 0.63932  ,  Loss/giou: 0.17258  ,  Loss/l1: 0.01186  ,  Loss/location: 0.20977  ,  pro_loss: 0.12277  ,  IoU: 0.83973  ,  Loss/sim: 1.30452  ,  Loss/distill: 1.24660
[train: Epoch 35, 1600 / 2500] FPS: 10.3 (15.2)  ,  DataTime: 0.371 (0.002)  ,  ForwardTime: 0.209  ,  TotalTime: 0.583  ,  Loss/total: 0.63994  ,  Loss/giou: 0.17265  ,  Loss/l1: 0.01188  ,  Loss/location: 0.21021  ,  pro_loss: 0.12260  ,  IoU: 0.83966  ,  Loss/sim: 1.30460  ,  Loss/distill: 1.24625
[train: Epoch 35, 1650 / 2500] FPS: 10.3 (11.1)  ,  DataTime: 0.371 (0.002)  ,  ForwardTime: 0.209  ,  TotalTime: 0.582  ,  Loss/total: 0.64004  ,  Loss/giou: 0.17279  ,  Loss/l1: 0.01188  ,  Loss/location: 0.21005  ,  pro_loss: 0.12247  ,  IoU: 0.83956  ,  Loss/sim: 1.30420  ,  Loss/distill: 1.24624
[train: Epoch 35, 1700 / 2500] FPS: 10.3 (14.3)  ,  DataTime: 0.369 (0.002)  ,  ForwardTime: 0.209  ,  TotalTime: 0.581  ,  Loss/total: 0.63913  ,  Loss/giou: 0.17263  ,  Loss/l1: 0.01187  ,  Loss/location: 0.20956  ,  pro_loss: 0.12239  ,  IoU: 0.83968  ,  Loss/sim: 1.30496  ,  Loss/distill: 1.24609
[train: Epoch 35, 1750 / 2500] FPS: 10.3 (15.6)  ,  DataTime: 0.373 (0.002)  ,  ForwardTime: 0.209  ,  TotalTime: 0.584  ,  Loss/total: 0.64011  ,  Loss/giou: 0.17279  ,  Loss/l1: 0.01191  ,  Loss/location: 0.20997  ,  pro_loss: 0.12245  ,  IoU: 0.83958  ,  Loss/sim: 1.30389  ,  Loss/distill: 1.24597
[train: Epoch 35, 1800 / 2500] FPS: 10.3 (7.8)  ,  DataTime: 0.373 (0.002)  ,  ForwardTime: 0.209  ,  TotalTime: 0.585  ,  Loss/total: 0.64037  ,  Loss/giou: 0.17289  ,  Loss/l1: 0.01190  ,  Loss/location: 0.21005  ,  pro_loss: 0.12249  ,  IoU: 0.83945  ,  Loss/sim: 1.30407  ,  Loss/distill: 1.24561
[train: Epoch 35, 1850 / 2500] FPS: 10.3 (9.7)  ,  DataTime: 0.372 (0.002)  ,  ForwardTime: 0.209  ,  TotalTime: 0.584  ,  Loss/total: 0.63956  ,  Loss/giou: 0.17276  ,  Loss/l1: 0.01187  ,  Loss/location: 0.20966  ,  pro_loss: 0.12265  ,  IoU: 0.83955  ,  Loss/sim: 1.30469  ,  Loss/distill: 1.24601
[train: Epoch 35, 1900 / 2500] FPS: 10.3 (7.0)  ,  DataTime: 0.371 (0.002)  ,  ForwardTime: 0.209  ,  TotalTime: 0.582  ,  Loss/total: 0.63820  ,  Loss/giou: 0.17242  ,  Loss/l1: 0.01184  ,  Loss/location: 0.20912  ,  pro_loss: 0.12270  ,  IoU: 0.83987  ,  Loss/sim: 1.30454  ,  Loss/distill: 1.24628
[train: Epoch 35, 1950 / 2500] FPS: 10.3 (10.9)  ,  DataTime: 0.371 (0.002)  ,  ForwardTime: 0.209  ,  TotalTime: 0.583  ,  Loss/total: 0.63756  ,  Loss/giou: 0.17229  ,  Loss/l1: 0.01182  ,  Loss/location: 0.20883  ,  pro_loss: 0.12256  ,  IoU: 0.84001  ,  Loss/sim: 1.30564  ,  Loss/distill: 1.24711
[train: Epoch 35, 2000 / 2500] FPS: 10.3 (12.2)  ,  DataTime: 0.371 (0.002)  ,  ForwardTime: 0.209  ,  TotalTime: 0.582  ,  Loss/total: 0.63728  ,  Loss/giou: 0.17215  ,  Loss/l1: 0.01182  ,  Loss/location: 0.20884  ,  pro_loss: 0.12268  ,  IoU: 0.84014  ,  Loss/sim: 1.30657  ,  Loss/distill: 1.24728
[train: Epoch 35, 2050 / 2500] FPS: 10.3 (10.1)  ,  DataTime: 0.373 (0.002)  ,  ForwardTime: 0.209  ,  TotalTime: 0.585  ,  Loss/total: 0.63820  ,  Loss/giou: 0.17245  ,  Loss/l1: 0.01183  ,  Loss/location: 0.20912  ,  pro_loss: 0.12257  ,  IoU: 0.83985  ,  Loss/sim: 1.30647  ,  Loss/distill: 1.24713
[train: Epoch 35, 2100 / 2500] FPS: 10.3 (11.4)  ,  DataTime: 0.374 (0.002)  ,  ForwardTime: 0.209  ,  TotalTime: 0.585  ,  Loss/total: 0.63993  ,  Loss/giou: 0.17284  ,  Loss/l1: 0.01187  ,  Loss/location: 0.20986  ,  pro_loss: 0.12268  ,  IoU: 0.83953  ,  Loss/sim: 1.30785  ,  Loss/distill: 1.24820
[train: Epoch 35, 2150 / 2500] FPS: 10.3 (10.7)  ,  DataTime: 0.373 (0.002)  ,  ForwardTime: 0.209  ,  TotalTime: 0.585  ,  Loss/total: 0.63950  ,  Loss/giou: 0.17275  ,  Loss/l1: 0.01185  ,  Loss/location: 0.20973  ,  pro_loss: 0.12258  ,  IoU: 0.83960  ,  Loss/sim: 1.30723  ,  Loss/distill: 1.24793
[train: Epoch 35, 2200 / 2500] FPS: 10.3 (9.0)  ,  DataTime: 0.373 (0.002)  ,  ForwardTime: 0.209  ,  TotalTime: 0.584  ,  Loss/total: 0.64054  ,  Loss/giou: 0.17302  ,  Loss/l1: 0.01186  ,  Loss/location: 0.21018  ,  pro_loss: 0.12247  ,  IoU: 0.83935  ,  Loss/sim: 1.30710  ,  Loss/distill: 1.24757
[train: Epoch 35, 2250 / 2500] FPS: 10.3 (11.8)  ,  DataTime: 0.372 (0.002)  ,  ForwardTime: 0.209  ,  TotalTime: 0.583  ,  Loss/total: 0.64082  ,  Loss/giou: 0.17307  ,  Loss/l1: 0.01187  ,  Loss/location: 0.21031  ,  pro_loss: 0.12248  ,  IoU: 0.83933  ,  Loss/sim: 1.30691  ,  Loss/distill: 1.24727
[train: Epoch 35, 2300 / 2500] FPS: 10.3 (11.6)  ,  DataTime: 0.372 (0.002)  ,  ForwardTime: 0.209  ,  TotalTime: 0.583  ,  Loss/total: 0.64115  ,  Loss/giou: 0.17320  ,  Loss/l1: 0.01188  ,  Loss/location: 0.21029  ,  pro_loss: 0.12263  ,  IoU: 0.83923  ,  Loss/sim: 1.30680  ,  Loss/distill: 1.24733
[train: Epoch 35, 2350 / 2500] FPS: 10.3 (9.0)  ,  DataTime: 0.372 (0.002)  ,  ForwardTime: 0.209  ,  TotalTime: 0.583  ,  Loss/total: 0.64118  ,  Loss/giou: 0.17317  ,  Loss/l1: 0.01188  ,  Loss/location: 0.21039  ,  pro_loss: 0.12266  ,  IoU: 0.83927  ,  Loss/sim: 1.30717  ,  Loss/distill: 1.24751
[train: Epoch 35, 2400 / 2500] FPS: 10.3 (10.9)  ,  DataTime: 0.371 (0.002)  ,  ForwardTime: 0.209  ,  TotalTime: 0.583  ,  Loss/total: 0.64143  ,  Loss/giou: 0.17315  ,  Loss/l1: 0.01190  ,  Loss/location: 0.21059  ,  pro_loss: 0.12264  ,  IoU: 0.83933  ,  Loss/sim: 1.30724  ,  Loss/distill: 1.24707
[train: Epoch 35, 2450 / 2500] FPS: 10.3 (11.4)  ,  DataTime: 0.371 (0.002)  ,  ForwardTime: 0.209  ,  TotalTime: 0.582  ,  Loss/total: 0.64235  ,  Loss/giou: 0.17333  ,  Loss/l1: 0.01193  ,  Loss/location: 0.21100  ,  pro_loss: 0.12258  ,  IoU: 0.83919  ,  Loss/sim: 1.30654  ,  Loss/distill: 1.24665
[train: Epoch 35, 2500 / 2500] FPS: 10.3 (11.2)  ,  DataTime: 0.371 (0.002)  ,  ForwardTime: 0.209  ,  TotalTime: 0.582  ,  Loss/total: 0.64296  ,  Loss/giou: 0.17340  ,  Loss/l1: 0.01194  ,  Loss/location: 0.21142  ,  pro_loss: 0.12259  ,  IoU: 0.83915  ,  Loss/sim: 1.30669  ,  Loss/distill: 1.24640
[val: Epoch 35, 50 / 416] FPS: 8.7 (10.4)  ,  DataTime: 0.559 (0.002)  ,  ForwardTime: 0.127  ,  TotalTime: 0.687  ,  Loss/total: 0.79422  ,  Loss/giou: 0.20380  ,  Loss/l1: 0.01555  ,  Loss/location: 0.30855  ,  pro_loss: 0.00028  ,  IoU: 0.81220  ,  Loss/sim: 0.00000  ,  Loss/distill: 1.20779
[val: Epoch 35, 100 / 416] FPS: 8.7 (11.7)  ,  DataTime: 0.560 (0.002)  ,  ForwardTime: 0.127  ,  TotalTime: 0.688  ,  Loss/total: 0.79684  ,  Loss/giou: 0.20371  ,  Loss/l1: 0.01528  ,  Loss/location: 0.31270  ,  pro_loss: 0.00028  ,  IoU: 0.81136  ,  Loss/sim: 0.00000  ,  Loss/distill: 1.20677
[val: Epoch 35, 150 / 416] FPS: 8.7 (12.2)  ,  DataTime: 0.560 (0.002)  ,  ForwardTime: 0.127  ,  TotalTime: 0.689  ,  Loss/total: 0.79612  ,  Loss/giou: 0.20556  ,  Loss/l1: 0.01560  ,  Loss/location: 0.30666  ,  pro_loss: 0.00037  ,  IoU: 0.81066  ,  Loss/sim: 0.00000  ,  Loss/distill: 1.20176
[val: Epoch 35, 200 / 416] FPS: 8.8 (8.9)  ,  DataTime: 0.553 (0.002)  ,  ForwardTime: 0.127  ,  TotalTime: 0.682  ,  Loss/total: 0.80103  ,  Loss/giou: 0.20782  ,  Loss/l1: 0.01613  ,  Loss/location: 0.30444  ,  pro_loss: 0.00035  ,  IoU: 0.80938  ,  Loss/sim: 0.00000  ,  Loss/distill: 1.20298
[val: Epoch 35, 250 / 416] FPS: 8.9 (6.3)  ,  DataTime: 0.547 (0.002)  ,  ForwardTime: 0.127  ,  TotalTime: 0.675  ,  Loss/total: 0.78796  ,  Loss/giou: 0.20397  ,  Loss/l1: 0.01555  ,  Loss/location: 0.30189  ,  pro_loss: 0.00061  ,  IoU: 0.81215  ,  Loss/sim: 0.00000  ,  Loss/distill: 1.20128
[val: Epoch 35, 300 / 416] FPS: 9.0 (13.4)  ,  DataTime: 0.538 (0.002)  ,  ForwardTime: 0.127  ,  TotalTime: 0.666  ,  Loss/total: 0.78764  ,  Loss/giou: 0.20377  ,  Loss/l1: 0.01559  ,  Loss/location: 0.30179  ,  pro_loss: 0.00069  ,  IoU: 0.81274  ,  Loss/sim: 0.00000  ,  Loss/distill: 1.20515
[val: Epoch 35, 350 / 416] FPS: 9.0 (9.7)  ,  DataTime: 0.535 (0.002)  ,  ForwardTime: 0.127  ,  TotalTime: 0.664  ,  Loss/total: 0.79663  ,  Loss/giou: 0.20661  ,  Loss/l1: 0.01576  ,  Loss/location: 0.30423  ,  pro_loss: 0.00071  ,  IoU: 0.80995  ,  Loss/sim: 0.00000  ,  Loss/distill: 1.20465
[val: Epoch 35, 400 / 416] FPS: 9.1 (10.9)  ,  DataTime: 0.529 (0.002)  ,  ForwardTime: 0.127  ,  TotalTime: 0.658  ,  Loss/total: 0.79847  ,  Loss/giou: 0.20755  ,  Loss/l1: 0.01581  ,  Loss/location: 0.30392  ,  pro_loss: 0.00066  ,  IoU: 0.80917  ,  Loss/sim: 0.00000  ,  Loss/distill: 1.20352
[val: Epoch 35, 416 / 416] FPS: 9.1 (10.7)  ,  DataTime: 0.530 (0.002)  ,  ForwardTime: 0.127  ,  TotalTime: 0.658  ,  Loss/total: 0.79673  ,  Loss/giou: 0.20698  ,  Loss/l1: 0.01567  ,  Loss/location: 0.30405  ,  pro_loss: 0.00063  ,  IoU: 0.80944  ,  Loss/sim: 0.00000  ,  Loss/distill: 1.20214
[train: Epoch 36, 50 / 2500] FPS: 8.0 (8.3)  ,  DataTime: 0.542 (0.002)  ,  ForwardTime: 0.209  ,  TotalTime: 0.753  ,  Loss/total: 0.67696  ,  Loss/giou: 0.18066  ,  Loss/l1: 0.01254  ,  Loss/location: 0.22698  ,  pro_loss: 0.12722  ,  IoU: 0.83287  ,  Loss/sim: 1.31468  ,  Loss/distill: 1.25095
[train: Epoch 36, 100 / 2500] FPS: 8.2 (8.4)  ,  DataTime: 0.520 (0.002)  ,  ForwardTime: 0.209  ,  TotalTime: 0.731  ,  Loss/total: 0.63767  ,  Loss/giou: 0.17134  ,  Loss/l1: 0.01129  ,  Loss/location: 0.21272  ,  pro_loss: 0.12639  ,  IoU: 0.83928  ,  Loss/sim: 1.33298  ,  Loss/distill: 1.25443
[train: Epoch 36, 150 / 2500] FPS: 8.9 (9.8)  ,  DataTime: 0.464 (0.002)  ,  ForwardTime: 0.209  ,  TotalTime: 0.675  ,  Loss/total: 0.64205  ,  Loss/giou: 0.17240  ,  Loss/l1: 0.01131  ,  Loss/location: 0.21450  ,  pro_loss: 0.12833  ,  IoU: 0.83904  ,  Loss/sim: 1.33896  ,  Loss/distill: 1.26033
[train: Epoch 36, 200 / 2500] FPS: 9.2 (5.7)  ,  DataTime: 0.442 (0.002)  ,  ForwardTime: 0.209  ,  TotalTime: 0.653  ,  Loss/total: 0.63968  ,  Loss/giou: 0.17302  ,  Loss/l1: 0.01176  ,  Loss/location: 0.20911  ,  pro_loss: 0.12618  ,  IoU: 0.83954  ,  Loss/sim: 1.31839  ,  Loss/distill: 1.25383
[train: Epoch 36, 250 / 2500] FPS: 9.4 (10.3)  ,  DataTime: 0.430 (0.002)  ,  ForwardTime: 0.209  ,  TotalTime: 0.641  ,  Loss/total: 0.64130  ,  Loss/giou: 0.17158  ,  Loss/l1: 0.01159  ,  Loss/location: 0.21462  ,  pro_loss: 0.12533  ,  IoU: 0.84060  ,  Loss/sim: 1.31793  ,  Loss/distill: 1.25221
[train: Epoch 36, 300 / 2500] FPS: 9.5 (9.7)  ,  DataTime: 0.419 (0.002)  ,  ForwardTime: 0.209  ,  TotalTime: 0.629  ,  Loss/total: 0.63511  ,  Loss/giou: 0.17072  ,  Loss/l1: 0.01151  ,  Loss/location: 0.21076  ,  pro_loss: 0.12421  ,  IoU: 0.84138  ,  Loss/sim: 1.31363  ,  Loss/distill: 1.24944
[train: Epoch 36, 350 / 2500] FPS: 9.7 (9.6)  ,  DataTime: 0.406 (0.002)  ,  ForwardTime: 0.209  ,  TotalTime: 0.617  ,  Loss/total: 0.65293  ,  Loss/giou: 0.17497  ,  Loss/l1: 0.01199  ,  Loss/location: 0.21790  ,  pro_loss: 0.12317  ,  IoU: 0.83792  ,  Loss/sim: 1.31962  ,  Loss/distill: 1.25496
[train: Epoch 36, 400 / 2500] FPS: 9.8 (12.4)  ,  DataTime: 0.402 (0.002)  ,  ForwardTime: 0.209  ,  TotalTime: 0.612  ,  Loss/total: 0.65404  ,  Loss/giou: 0.17549  ,  Loss/l1: 0.01208  ,  Loss/location: 0.21761  ,  pro_loss: 0.12264  ,  IoU: 0.83749  ,  Loss/sim: 1.31762  ,  Loss/distill: 1.25446
[train: Epoch 36, 450 / 2500] FPS: 9.8 (8.2)  ,  DataTime: 0.402 (0.002)  ,  ForwardTime: 0.209  ,  TotalTime: 0.613  ,  Loss/total: 0.65480  ,  Loss/giou: 0.17537  ,  Loss/l1: 0.01211  ,  Loss/location: 0.21844  ,  pro_loss: 0.12275  ,  IoU: 0.83760  ,  Loss/sim: 1.31393  ,  Loss/distill: 1.25044
[train: Epoch 36, 500 / 2500] FPS: 9.9 (10.5)  ,  DataTime: 0.398 (0.002)  ,  ForwardTime: 0.209  ,  TotalTime: 0.609  ,  Loss/total: 0.64997  ,  Loss/giou: 0.17451  ,  Loss/l1: 0.01192  ,  Loss/location: 0.21617  ,  pro_loss: 0.12319  ,  IoU: 0.83814  ,  Loss/sim: 1.31197  ,  Loss/distill: 1.24895
[train: Epoch 36, 550 / 2500] FPS: 9.9 (14.1)  ,  DataTime: 0.396 (0.002)  ,  ForwardTime: 0.209  ,  TotalTime: 0.607  ,  Loss/total: 0.64840  ,  Loss/giou: 0.17448  ,  Loss/l1: 0.01192  ,  Loss/location: 0.21466  ,  pro_loss: 0.12331  ,  IoU: 0.83810  ,  Loss/sim: 1.31205  ,  Loss/distill: 1.24895
[train: Epoch 36, 600 / 2500] FPS: 9.9 (8.7)  ,  DataTime: 0.396 (0.002)  ,  ForwardTime: 0.209  ,  TotalTime: 0.607  ,  Loss/total: 0.64586  ,  Loss/giou: 0.17413  ,  Loss/l1: 0.01188  ,  Loss/location: 0.21300  ,  pro_loss: 0.12350  ,  IoU: 0.83836  ,  Loss/sim: 1.31077  ,  Loss/distill: 1.24802
[train: Epoch 36, 650 / 2500] FPS: 10.0 (9.8)  ,  DataTime: 0.391 (0.002)  ,  ForwardTime: 0.209  ,  TotalTime: 0.602  ,  Loss/total: 0.64258  ,  Loss/giou: 0.17359  ,  Loss/l1: 0.01183  ,  Loss/location: 0.21109  ,  pro_loss: 0.12323  ,  IoU: 0.83879  ,  Loss/sim: 1.31003  ,  Loss/distill: 1.24783
[train: Epoch 36, 700 / 2500] FPS: 10.0 (11.1)  ,  DataTime: 0.388 (0.002)  ,  ForwardTime: 0.209  ,  TotalTime: 0.599  ,  Loss/total: 0.64016  ,  Loss/giou: 0.17325  ,  Loss/l1: 0.01188  ,  Loss/location: 0.20893  ,  pro_loss: 0.12411  ,  IoU: 0.83932  ,  Loss/sim: 1.31020  ,  Loss/distill: 1.24649
[train: Epoch 36, 750 / 2500] FPS: 10.1 (13.8)  ,  DataTime: 0.386 (0.002)  ,  ForwardTime: 0.209  ,  TotalTime: 0.596  ,  Loss/total: 0.64362  ,  Loss/giou: 0.17391  ,  Loss/l1: 0.01199  ,  Loss/location: 0.21051  ,  pro_loss: 0.12409  ,  IoU: 0.83886  ,  Loss/sim: 1.30870  ,  Loss/distill: 1.24714
[train: Epoch 36, 800 / 2500] FPS: 10.1 (3.2)  ,  DataTime: 0.385 (0.002)  ,  ForwardTime: 0.209  ,  TotalTime: 0.596  ,  Loss/total: 0.64444  ,  Loss/giou: 0.17397  ,  Loss/l1: 0.01204  ,  Loss/location: 0.21095  ,  pro_loss: 0.12413  ,  IoU: 0.83890  ,  Loss/sim: 1.30733  ,  Loss/distill: 1.24625
[train: Epoch 36, 850 / 2500] FPS: 10.0 (14.5)  ,  DataTime: 0.386 (0.002)  ,  ForwardTime: 0.209  ,  TotalTime: 0.597  ,  Loss/total: 0.64371  ,  Loss/giou: 0.17374  ,  Loss/l1: 0.01201  ,  Loss/location: 0.21087  ,  pro_loss: 0.12391  ,  IoU: 0.83914  ,  Loss/sim: 1.30697  ,  Loss/distill: 1.24469
[train: Epoch 36, 900 / 2500] FPS: 10.1 (14.4)  ,  DataTime: 0.386 (0.002)  ,  ForwardTime: 0.209  ,  TotalTime: 0.597  ,  Loss/total: 0.64736  ,  Loss/giou: 0.17447  ,  Loss/l1: 0.01206  ,  Loss/location: 0.21286  ,  pro_loss: 0.12377  ,  IoU: 0.83848  ,  Loss/sim: 1.31007  ,  Loss/distill: 1.24591
[train: Epoch 36, 950 / 2500] FPS: 10.1 (9.5)  ,  DataTime: 0.384 (0.002)  ,  ForwardTime: 0.209  ,  TotalTime: 0.595  ,  Loss/total: 0.64908  ,  Loss/giou: 0.17487  ,  Loss/l1: 0.01213  ,  Loss/location: 0.21348  ,  pro_loss: 0.12357  ,  IoU: 0.83821  ,  Loss/sim: 1.31155  ,  Loss/distill: 1.24584
[train: Epoch 36, 1000 / 2500] FPS: 10.1 (13.2)  ,  DataTime: 0.382 (0.002)  ,  ForwardTime: 0.209  ,  TotalTime: 0.593  ,  Loss/total: 0.65092  ,  Loss/giou: 0.17534  ,  Loss/l1: 0.01214  ,  Loss/location: 0.21436  ,  pro_loss: 0.12347  ,  IoU: 0.83780  ,  Loss/sim: 1.31183  ,  Loss/distill: 1.24580
[train: Epoch 36, 1050 / 2500] FPS: 10.1 (15.2)  ,  DataTime: 0.381 (0.002)  ,  ForwardTime: 0.209  ,  TotalTime: 0.591  ,  Loss/total: 0.65043  ,  Loss/giou: 0.17515  ,  Loss/l1: 0.01212  ,  Loss/location: 0.21427  ,  pro_loss: 0.12372  ,  IoU: 0.83801  ,  Loss/sim: 1.31172  ,  Loss/distill: 1.24454
[train: Epoch 36, 1100 / 2500] FPS: 10.1 (2.1)  ,  DataTime: 0.382 (0.002)  ,  ForwardTime: 0.209  ,  TotalTime: 0.593  ,  Loss/total: 0.64879  ,  Loss/giou: 0.17478  ,  Loss/l1: 0.01208  ,  Loss/location: 0.21364  ,  pro_loss: 0.12344  ,  IoU: 0.83828  ,  Loss/sim: 1.31276  ,  Loss/distill: 1.24388
[train: Epoch 36, 1150 / 2500] FPS: 10.1 (8.9)  ,  DataTime: 0.380 (0.002)  ,  ForwardTime: 0.209  ,  TotalTime: 0.591  ,  Loss/total: 0.65184  ,  Loss/giou: 0.17534  ,  Loss/l1: 0.01216  ,  Loss/location: 0.21518  ,  pro_loss: 0.12327  ,  IoU: 0.83789  ,  Loss/sim: 1.31375  ,  Loss/distill: 1.24441
[train: Epoch 36, 1200 / 2500] FPS: 10.1 (10.8)  ,  DataTime: 0.381 (0.002)  ,  ForwardTime: 0.209  ,  TotalTime: 0.591  ,  Loss/total: 0.65088  ,  Loss/giou: 0.17519  ,  Loss/l1: 0.01215  ,  Loss/location: 0.21452  ,  pro_loss: 0.12345  ,  IoU: 0.83804  ,  Loss/sim: 1.31388  ,  Loss/distill: 1.24433
[train: Epoch 36, 1250 / 2500] FPS: 10.2 (7.9)  ,  DataTime: 0.380 (0.002)  ,  ForwardTime: 0.209  ,  TotalTime: 0.591  ,  Loss/total: 0.64795  ,  Loss/giou: 0.17436  ,  Loss/l1: 0.01205  ,  Loss/location: 0.21372  ,  pro_loss: 0.12372  ,  IoU: 0.83864  ,  Loss/sim: 1.31415  ,  Loss/distill: 1.24474
[train: Epoch 36, 1300 / 2500] FPS: 10.1 (14.4)  ,  DataTime: 0.381 (0.002)  ,  ForwardTime: 0.209  ,  TotalTime: 0.592  ,  Loss/total: 0.64764  ,  Loss/giou: 0.17431  ,  Loss/l1: 0.01204  ,  Loss/location: 0.21366  ,  pro_loss: 0.12339  ,  IoU: 0.83865  ,  Loss/sim: 1.31187  ,  Loss/distill: 1.24343
[train: Epoch 36, 1350 / 2500] FPS: 10.1 (9.2)  ,  DataTime: 0.382 (0.002)  ,  ForwardTime: 0.209  ,  TotalTime: 0.593  ,  Loss/total: 0.64785  ,  Loss/giou: 0.17427  ,  Loss/l1: 0.01205  ,  Loss/location: 0.21382  ,  pro_loss: 0.12371  ,  IoU: 0.83866  ,  Loss/sim: 1.31172  ,  Loss/distill: 1.24298
[train: Epoch 36, 1400 / 2500] FPS: 10.1 (15.6)  ,  DataTime: 0.381 (0.002)  ,  ForwardTime: 0.209  ,  TotalTime: 0.592  ,  Loss/total: 0.64849  ,  Loss/giou: 0.17451  ,  Loss/l1: 0.01206  ,  Loss/location: 0.21388  ,  pro_loss: 0.12391  ,  IoU: 0.83845  ,  Loss/sim: 1.31212  ,  Loss/distill: 1.24320
[train: Epoch 36, 1450 / 2500] FPS: 10.1 (10.1)  ,  DataTime: 0.382 (0.002)  ,  ForwardTime: 0.209  ,  TotalTime: 0.592  ,  Loss/total: 0.64909  ,  Loss/giou: 0.17470  ,  Loss/l1: 0.01210  ,  Loss/location: 0.21392  ,  pro_loss: 0.12375  ,  IoU: 0.83827  ,  Loss/sim: 1.31243  ,  Loss/distill: 1.24322
[train: Epoch 36, 1500 / 2500] FPS: 10.1 (8.8)  ,  DataTime: 0.381 (0.002)  ,  ForwardTime: 0.209  ,  TotalTime: 0.592  ,  Loss/total: 0.64981  ,  Loss/giou: 0.17493  ,  Loss/l1: 0.01213  ,  Loss/location: 0.21406  ,  pro_loss: 0.12371  ,  IoU: 0.83803  ,  Loss/sim: 1.31319  ,  Loss/distill: 1.24390
[train: Epoch 36, 1550 / 2500] FPS: 10.1 (12.2)  ,  DataTime: 0.381 (0.002)  ,  ForwardTime: 0.209  ,  TotalTime: 0.592  ,  Loss/total: 0.65092  ,  Loss/giou: 0.17512  ,  Loss/l1: 0.01215  ,  Loss/location: 0.21467  ,  pro_loss: 0.12375  ,  IoU: 0.83786  ,  Loss/sim: 1.31293  ,  Loss/distill: 1.24460
[train: Epoch 36, 1600 / 2500] FPS: 10.2 (11.5)  ,  DataTime: 0.380 (0.002)  ,  ForwardTime: 0.209  ,  TotalTime: 0.591  ,  Loss/total: 0.65072  ,  Loss/giou: 0.17498  ,  Loss/l1: 0.01212  ,  Loss/location: 0.21493  ,  pro_loss: 0.12355  ,  IoU: 0.83794  ,  Loss/sim: 1.31396  ,  Loss/distill: 1.24504
[train: Epoch 36, 1650 / 2500] FPS: 10.1 (10.0)  ,  DataTime: 0.381 (0.002)  ,  ForwardTime: 0.209  ,  TotalTime: 0.592  ,  Loss/total: 0.65038  ,  Loss/giou: 0.17487  ,  Loss/l1: 0.01212  ,  Loss/location: 0.21480  ,  pro_loss: 0.12356  ,  IoU: 0.83801  ,  Loss/sim: 1.31419  ,  Loss/distill: 1.24480
[train: Epoch 36, 1700 / 2500] FPS: 10.2 (13.0)  ,  DataTime: 0.380 (0.002)  ,  ForwardTime: 0.209  ,  TotalTime: 0.591  ,  Loss/total: 0.64919  ,  Loss/giou: 0.17454  ,  Loss/l1: 0.01207  ,  Loss/location: 0.21460  ,  pro_loss: 0.12333  ,  IoU: 0.83823  ,  Loss/sim: 1.31327  ,  Loss/distill: 1.24498
[train: Epoch 36, 1750 / 2500] FPS: 10.2 (13.8)  ,  DataTime: 0.379 (0.002)  ,  ForwardTime: 0.209  ,  TotalTime: 0.590  ,  Loss/total: 0.64609  ,  Loss/giou: 0.17381  ,  Loss/l1: 0.01199  ,  Loss/location: 0.21335  ,  pro_loss: 0.12336  ,  IoU: 0.83881  ,  Loss/sim: 1.31287  ,  Loss/distill: 1.24488
[train: Epoch 36, 1800 / 2500] FPS: 10.1 (12.8)  ,  DataTime: 0.383 (0.002)  ,  ForwardTime: 0.209  ,  TotalTime: 0.594  ,  Loss/total: 0.64518  ,  Loss/giou: 0.17356  ,  Loss/l1: 0.01195  ,  Loss/location: 0.21311  ,  pro_loss: 0.12348  ,  IoU: 0.83900  ,  Loss/sim: 1.31338  ,  Loss/distill: 1.24541
[train: Epoch 36, 1850 / 2500] FPS: 10.1 (9.1)  ,  DataTime: 0.381 (0.002)  ,  ForwardTime: 0.209  ,  TotalTime: 0.592  ,  Loss/total: 0.64441  ,  Loss/giou: 0.17331  ,  Loss/l1: 0.01193  ,  Loss/location: 0.21291  ,  pro_loss: 0.12360  ,  IoU: 0.83924  ,  Loss/sim: 1.31354  ,  Loss/distill: 1.24506
[train: Epoch 36, 1900 / 2500] FPS: 10.1 (11.1)  ,  DataTime: 0.381 (0.002)  ,  ForwardTime: 0.209  ,  TotalTime: 0.592  ,  Loss/total: 0.64606  ,  Loss/giou: 0.17360  ,  Loss/l1: 0.01198  ,  Loss/location: 0.21372  ,  pro_loss: 0.12366  ,  IoU: 0.83904  ,  Loss/sim: 1.31345  ,  Loss/distill: 1.24487
[train: Epoch 36, 1950 / 2500] FPS: 10.1 (13.1)  ,  DataTime: 0.383 (0.002)  ,  ForwardTime: 0.209  ,  TotalTime: 0.594  ,  Loss/total: 0.64714  ,  Loss/giou: 0.17380  ,  Loss/l1: 0.01200  ,  Loss/location: 0.21426  ,  pro_loss: 0.12380  ,  IoU: 0.83883  ,  Loss/sim: 1.31415  ,  Loss/distill: 1.24492
[train: Epoch 36, 2000 / 2500] FPS: 10.1 (12.4)  ,  DataTime: 0.383 (0.002)  ,  ForwardTime: 0.209  ,  TotalTime: 0.594  ,  Loss/total: 0.64602  ,  Loss/giou: 0.17339  ,  Loss/l1: 0.01196  ,  Loss/location: 0.21411  ,  pro_loss: 0.12404  ,  IoU: 0.83917  ,  Loss/sim: 1.31338  ,  Loss/distill: 1.24386
[train: Epoch 36, 2050 / 2500] FPS: 10.1 (14.1)  ,  DataTime: 0.382 (0.002)  ,  ForwardTime: 0.209  ,  TotalTime: 0.593  ,  Loss/total: 0.64713  ,  Loss/giou: 0.17368  ,  Loss/l1: 0.01199  ,  Loss/location: 0.21448  ,  pro_loss: 0.12421  ,  IoU: 0.83896  ,  Loss/sim: 1.31231  ,  Loss/distill: 1.24315
[train: Epoch 36, 2100 / 2500] FPS: 10.1 (9.8)  ,  DataTime: 0.383 (0.002)  ,  ForwardTime: 0.209  ,  TotalTime: 0.594  ,  Loss/total: 0.64702  ,  Loss/giou: 0.17377  ,  Loss/l1: 0.01200  ,  Loss/location: 0.21414  ,  pro_loss: 0.12421  ,  IoU: 0.83892  ,  Loss/sim: 1.31132  ,  Loss/distill: 1.24287
[train: Epoch 36, 2150 / 2500] FPS: 10.1 (11.3)  ,  DataTime: 0.383 (0.002)  ,  ForwardTime: 0.209  ,  TotalTime: 0.594  ,  Loss/total: 0.64763  ,  Loss/giou: 0.17393  ,  Loss/l1: 0.01201  ,  Loss/location: 0.21438  ,  pro_loss: 0.12420  ,  IoU: 0.83876  ,  Loss/sim: 1.31105  ,  Loss/distill: 1.24220
[train: Epoch 36, 2200 / 2500] FPS: 10.1 (11.1)  ,  DataTime: 0.383 (0.002)  ,  ForwardTime: 0.209  ,  TotalTime: 0.594  ,  Loss/total: 0.64700  ,  Loss/giou: 0.17381  ,  Loss/l1: 0.01198  ,  Loss/location: 0.21416  ,  pro_loss: 0.12406  ,  IoU: 0.83882  ,  Loss/sim: 1.31107  ,  Loss/distill: 1.24162
[train: Epoch 36, 2250 / 2500] FPS: 10.1 (9.3)  ,  DataTime: 0.382 (0.002)  ,  ForwardTime: 0.209  ,  TotalTime: 0.593  ,  Loss/total: 0.64760  ,  Loss/giou: 0.17401  ,  Loss/l1: 0.01201  ,  Loss/location: 0.21415  ,  pro_loss: 0.12425  ,  IoU: 0.83870  ,  Loss/sim: 1.31026  ,  Loss/distill: 1.24090
[train: Epoch 36, 2300 / 2500] FPS: 10.1 (9.3)  ,  DataTime: 0.383 (0.002)  ,  ForwardTime: 0.209  ,  TotalTime: 0.594  ,  Loss/total: 0.64792  ,  Loss/giou: 0.17412  ,  Loss/l1: 0.01201  ,  Loss/location: 0.21426  ,  pro_loss: 0.12428  ,  IoU: 0.83857  ,  Loss/sim: 1.31011  ,  Loss/distill: 1.24044
[train: Epoch 36, 2350 / 2500] FPS: 10.1 (11.1)  ,  DataTime: 0.383 (0.002)  ,  ForwardTime: 0.209  ,  TotalTime: 0.594  ,  Loss/total: 0.64860  ,  Loss/giou: 0.17449  ,  Loss/l1: 0.01204  ,  Loss/location: 0.21409  ,  pro_loss: 0.12418  ,  IoU: 0.83831  ,  Loss/sim: 1.31019  ,  Loss/distill: 1.24060
[train: Epoch 36, 2400 / 2500] FPS: 10.1 (13.0)  ,  DataTime: 0.383 (0.002)  ,  ForwardTime: 0.209  ,  TotalTime: 0.594  ,  Loss/total: 0.64904  ,  Loss/giou: 0.17455  ,  Loss/l1: 0.01204  ,  Loss/location: 0.21441  ,  pro_loss: 0.12405  ,  IoU: 0.83823  ,  Loss/sim: 1.31057  ,  Loss/distill: 1.24111
[train: Epoch 36, 2450 / 2500] FPS: 10.1 (9.7)  ,  DataTime: 0.383 (0.002)  ,  ForwardTime: 0.209  ,  TotalTime: 0.594  ,  Loss/total: 0.64811  ,  Loss/giou: 0.17420  ,  Loss/l1: 0.01200  ,  Loss/location: 0.21441  ,  pro_loss: 0.12390  ,  IoU: 0.83849  ,  Loss/sim: 1.31077  ,  Loss/distill: 1.24118
[train: Epoch 36, 2500 / 2500] FPS: 10.1 (8.1)  ,  DataTime: 0.383 (0.002)  ,  ForwardTime: 0.209  ,  TotalTime: 0.594  ,  Loss/total: 0.64837  ,  Loss/giou: 0.17412  ,  Loss/l1: 0.01200  ,  Loss/location: 0.21484  ,  pro_loss: 0.12398  ,  IoU: 0.83855  ,  Loss/sim: 1.31063  ,  Loss/distill: 1.24087
[train: Epoch 37, 50 / 2500] FPS: 10.5 (10.4)  ,  DataTime: 0.362 (0.002)  ,  ForwardTime: 0.209  ,  TotalTime: 0.573  ,  Loss/total: 0.58623  ,  Loss/giou: 0.16034  ,  Loss/l1: 0.01089  ,  Loss/location: 0.18553  ,  pro_loss: 0.12528  ,  IoU: 0.85011  ,  Loss/sim: 1.23790  ,  Loss/distill: 1.20480
[train: Epoch 37, 100 / 2500] FPS: 10.4 (11.1)  ,  DataTime: 0.366 (0.002)  ,  ForwardTime: 0.209  ,  TotalTime: 0.577  ,  Loss/total: 0.61495  ,  Loss/giou: 0.16764  ,  Loss/l1: 0.01128  ,  Loss/location: 0.19723  ,  pro_loss: 0.12778  ,  IoU: 0.84327  ,  Loss/sim: 1.28066  ,  Loss/distill: 1.21260
[train: Epoch 37, 150 / 2500] FPS: 10.4 (13.2)  ,  DataTime: 0.368 (0.002)  ,  ForwardTime: 0.209  ,  TotalTime: 0.579  ,  Loss/total: 0.62675  ,  Loss/giou: 0.17168  ,  Loss/l1: 0.01177  ,  Loss/location: 0.19891  ,  pro_loss: 0.12574  ,  IoU: 0.84033  ,  Loss/sim: 1.28436  ,  Loss/distill: 1.21057
[train: Epoch 37, 200 / 2500] FPS: 10.2 (11.4)  ,  DataTime: 0.375 (0.002)  ,  ForwardTime: 0.209  ,  TotalTime: 0.586  ,  Loss/total: 0.62973  ,  Loss/giou: 0.17041  ,  Loss/l1: 0.01152  ,  Loss/location: 0.20578  ,  pro_loss: 0.12507  ,  IoU: 0.84120  ,  Loss/sim: 1.29824  ,  Loss/distill: 1.21372
[train: Epoch 37, 250 / 2500] FPS: 10.3 (12.5)  ,  DataTime: 0.370 (0.002)  ,  ForwardTime: 0.209  ,  TotalTime: 0.581  ,  Loss/total: 0.62046  ,  Loss/giou: 0.16722  ,  Loss/l1: 0.01117  ,  Loss/location: 0.20471  ,  pro_loss: 0.12472  ,  IoU: 0.84381  ,  Loss/sim: 1.30285  ,  Loss/distill: 1.22134
[train: Epoch 37, 300 / 2500] FPS: 10.3 (7.2)  ,  DataTime: 0.370 (0.002)  ,  ForwardTime: 0.209  ,  TotalTime: 0.580  ,  Loss/total: 0.63592  ,  Loss/giou: 0.17128  ,  Loss/l1: 0.01153  ,  Loss/location: 0.21020  ,  pro_loss: 0.12495  ,  IoU: 0.84056  ,  Loss/sim: 1.30041  ,  Loss/distill: 1.22372
[train: Epoch 37, 350 / 2500] FPS: 10.1 (14.9)  ,  DataTime: 0.381 (0.002)  ,  ForwardTime: 0.209  ,  TotalTime: 0.592  ,  Loss/total: 0.64030  ,  Loss/giou: 0.17209  ,  Loss/l1: 0.01175  ,  Loss/location: 0.21187  ,  pro_loss: 0.12496  ,  IoU: 0.84013  ,  Loss/sim: 1.30276  ,  Loss/distill: 1.22781
[train: Epoch 37, 400 / 2500] FPS: 10.1 (9.5)  ,  DataTime: 0.383 (0.002)  ,  ForwardTime: 0.209  ,  TotalTime: 0.594  ,  Loss/total: 0.64532  ,  Loss/giou: 0.17280  ,  Loss/l1: 0.01189  ,  Loss/location: 0.21482  ,  pro_loss: 0.12479  ,  IoU: 0.83975  ,  Loss/sim: 1.30207  ,  Loss/distill: 1.23034
[train: Epoch 37, 450 / 2500] FPS: 10.1 (11.5)  ,  DataTime: 0.382 (0.002)  ,  ForwardTime: 0.209  ,  TotalTime: 0.593  ,  Loss/total: 0.63957  ,  Loss/giou: 0.17117  ,  Loss/l1: 0.01172  ,  Loss/location: 0.21309  ,  pro_loss: 0.12522  ,  IoU: 0.84102  ,  Loss/sim: 1.30236  ,  Loss/distill: 1.23015
[train: Epoch 37, 500 / 2500] FPS: 10.2 (17.2)  ,  DataTime: 0.380 (0.002)  ,  ForwardTime: 0.209  ,  TotalTime: 0.591  ,  Loss/total: 0.64183  ,  Loss/giou: 0.17169  ,  Loss/l1: 0.01180  ,  Loss/location: 0.21375  ,  pro_loss: 0.12581  ,  IoU: 0.84052  ,  Loss/sim: 1.30489  ,  Loss/distill: 1.23320
[train: Epoch 37, 550 / 2500] FPS: 10.2 (10.4)  ,  DataTime: 0.377 (0.002)  ,  ForwardTime: 0.209  ,  TotalTime: 0.588  ,  Loss/total: 0.64957  ,  Loss/giou: 0.17397  ,  Loss/l1: 0.01215  ,  Loss/location: 0.21549  ,  pro_loss: 0.12460  ,  IoU: 0.83897  ,  Loss/sim: 1.30784  ,  Loss/distill: 1.23591
[train: Epoch 37, 600 / 2500] FPS: 10.2 (11.2)  ,  DataTime: 0.376 (0.002)  ,  ForwardTime: 0.209  ,  TotalTime: 0.587  ,  Loss/total: 0.64830  ,  Loss/giou: 0.17335  ,  Loss/l1: 0.01204  ,  Loss/location: 0.21592  ,  pro_loss: 0.12488  ,  IoU: 0.83933  ,  Loss/sim: 1.30983  ,  Loss/distill: 1.23709
[train: Epoch 37, 650 / 2500] FPS: 10.2 (13.9)  ,  DataTime: 0.375 (0.002)  ,  ForwardTime: 0.209  ,  TotalTime: 0.586  ,  Loss/total: 0.64912  ,  Loss/giou: 0.17386  ,  Loss/l1: 0.01205  ,  Loss/location: 0.21563  ,  pro_loss: 0.12496  ,  IoU: 0.83885  ,  Loss/sim: 1.30765  ,  Loss/distill: 1.23628
[train: Epoch 37, 700 / 2500] FPS: 10.3 (12.4)  ,  DataTime: 0.373 (0.002)  ,  ForwardTime: 0.209  ,  TotalTime: 0.584  ,  Loss/total: 0.65157  ,  Loss/giou: 0.17496  ,  Loss/l1: 0.01214  ,  Loss/location: 0.21550  ,  pro_loss: 0.12476  ,  IoU: 0.83797  ,  Loss/sim: 1.30812  ,  Loss/distill: 1.23589
[train: Epoch 37, 750 / 2500] FPS: 10.2 (7.5)  ,  DataTime: 0.376 (0.002)  ,  ForwardTime: 0.209  ,  TotalTime: 0.587  ,  Loss/total: 0.65128  ,  Loss/giou: 0.17468  ,  Loss/l1: 0.01207  ,  Loss/location: 0.21612  ,  pro_loss: 0.12461  ,  IoU: 0.83818  ,  Loss/sim: 1.30645  ,  Loss/distill: 1.23377
[train: Epoch 37, 800 / 2500] FPS: 10.2 (10.5)  ,  DataTime: 0.379 (0.002)  ,  ForwardTime: 0.209  ,  TotalTime: 0.590  ,  Loss/total: 0.65163  ,  Loss/giou: 0.17493  ,  Loss/l1: 0.01212  ,  Loss/location: 0.21567  ,  pro_loss: 0.12490  ,  IoU: 0.83799  ,  Loss/sim: 1.30628  ,  Loss/distill: 1.23347
[train: Epoch 37, 850 / 2500] FPS: 10.1 (10.6)  ,  DataTime: 0.381 (0.002)  ,  ForwardTime: 0.209  ,  TotalTime: 0.591  ,  Loss/total: 0.64899  ,  Loss/giou: 0.17387  ,  Loss/l1: 0.01197  ,  Loss/location: 0.21589  ,  pro_loss: 0.12507  ,  IoU: 0.83868  ,  Loss/sim: 1.30729  ,  Loss/distill: 1.23388
[train: Epoch 37, 900 / 2500] FPS: 10.1 (8.0)  ,  DataTime: 0.381 (0.002)  ,  ForwardTime: 0.209  ,  TotalTime: 0.592  ,  Loss/total: 0.65336  ,  Loss/giou: 0.17488  ,  Loss/l1: 0.01214  ,  Loss/location: 0.21734  ,  pro_loss: 0.12528  ,  IoU: 0.83797  ,  Loss/sim: 1.30828  ,  Loss/distill: 1.23491
[train: Epoch 37, 950 / 2500] FPS: 10.2 (11.4)  ,  DataTime: 0.378 (0.002)  ,  ForwardTime: 0.209  ,  TotalTime: 0.589  ,  Loss/total: 0.65206  ,  Loss/giou: 0.17471  ,  Loss/l1: 0.01213  ,  Loss/location: 0.21649  ,  pro_loss: 0.12506  ,  IoU: 0.83808  ,  Loss/sim: 1.30692  ,  Loss/distill: 1.23554
[train: Epoch 37, 1000 / 2500] FPS: 10.2 (12.8)  ,  DataTime: 0.377 (0.002)  ,  ForwardTime: 0.209  ,  TotalTime: 0.588  ,  Loss/total: 0.65328  ,  Loss/giou: 0.17497  ,  Loss/l1: 0.01217  ,  Loss/location: 0.21700  ,  pro_loss: 0.12497  ,  IoU: 0.83792  ,  Loss/sim: 1.30653  ,  Loss/distill: 1.23452
[train: Epoch 37, 1050 / 2500] FPS: 10.2 (13.9)  ,  DataTime: 0.377 (0.002)  ,  ForwardTime: 0.209  ,  TotalTime: 0.588  ,  Loss/total: 0.65358  ,  Loss/giou: 0.17489  ,  Loss/l1: 0.01212  ,  Loss/location: 0.21776  ,  pro_loss: 0.12474  ,  IoU: 0.83789  ,  Loss/sim: 1.30472  ,  Loss/distill: 1.23443
[train: Epoch 37, 1100 / 2500] FPS: 10.2 (18.6)  ,  DataTime: 0.376 (0.002)  ,  ForwardTime: 0.209  ,  TotalTime: 0.587  ,  Loss/total: 0.65395  ,  Loss/giou: 0.17497  ,  Loss/l1: 0.01207  ,  Loss/location: 0.21815  ,  pro_loss: 0.12489  ,  IoU: 0.83771  ,  Loss/sim: 1.30431  ,  Loss/distill: 1.23351
[train: Epoch 37, 1150 / 2500] FPS: 10.3 (8.3)  ,  DataTime: 0.374 (0.002)  ,  ForwardTime: 0.209  ,  TotalTime: 0.585  ,  Loss/total: 0.65369  ,  Loss/giou: 0.17514  ,  Loss/l1: 0.01208  ,  Loss/location: 0.21748  ,  pro_loss: 0.12499  ,  IoU: 0.83750  ,  Loss/sim: 1.30471  ,  Loss/distill: 1.23478
[train: Epoch 37, 1200 / 2500] FPS: 10.3 (9.9)  ,  DataTime: 0.373 (0.002)  ,  ForwardTime: 0.209  ,  TotalTime: 0.584  ,  Loss/total: 0.65588  ,  Loss/giou: 0.17588  ,  Loss/l1: 0.01216  ,  Loss/location: 0.21782  ,  pro_loss: 0.12501  ,  IoU: 0.83701  ,  Loss/sim: 1.30177  ,  Loss/distill: 1.23350
[train: Epoch 37, 1250 / 2500] FPS: 10.3 (12.3)  ,  DataTime: 0.373 (0.002)  ,  ForwardTime: 0.209  ,  TotalTime: 0.584  ,  Loss/total: 0.65498  ,  Loss/giou: 0.17544  ,  Loss/l1: 0.01212  ,  Loss/location: 0.21801  ,  pro_loss: 0.12497  ,  IoU: 0.83735  ,  Loss/sim: 1.30051  ,  Loss/distill: 1.23104
[train: Epoch 37, 1300 / 2500] FPS: 10.3 (11.7)  ,  DataTime: 0.372 (0.002)  ,  ForwardTime: 0.209  ,  TotalTime: 0.583  ,  Loss/total: 0.65563  ,  Loss/giou: 0.17571  ,  Loss/l1: 0.01216  ,  Loss/location: 0.21793  ,  pro_loss: 0.12492  ,  IoU: 0.83717  ,  Loss/sim: 1.29957  ,  Loss/distill: 1.22994
[train: Epoch 37, 1350 / 2500] FPS: 10.3 (8.2)  ,  DataTime: 0.372 (0.002)  ,  ForwardTime: 0.209  ,  TotalTime: 0.582  ,  Loss/total: 0.65767  ,  Loss/giou: 0.17620  ,  Loss/l1: 0.01221  ,  Loss/location: 0.21875  ,  pro_loss: 0.12487  ,  IoU: 0.83676  ,  Loss/sim: 1.29886  ,  Loss/distill: 1.23016
[train: Epoch 37, 1400 / 2500] FPS: 10.3 (11.4)  ,  DataTime: 0.370 (0.002)  ,  ForwardTime: 0.209  ,  TotalTime: 0.581  ,  Loss/total: 0.65914  ,  Loss/giou: 0.17645  ,  Loss/l1: 0.01226  ,  Loss/location: 0.21946  ,  pro_loss: 0.12479  ,  IoU: 0.83662  ,  Loss/sim: 1.29994  ,  Loss/distill: 1.23048
[train: Epoch 37, 1450 / 2500] FPS: 10.3 (15.4)  ,  DataTime: 0.370 (0.002)  ,  ForwardTime: 0.209  ,  TotalTime: 0.580  ,  Loss/total: 0.66042  ,  Loss/giou: 0.17678  ,  Loss/l1: 0.01232  ,  Loss/location: 0.21982  ,  pro_loss: 0.12466  ,  IoU: 0.83641  ,  Loss/sim: 1.29994  ,  Loss/distill: 1.23031
[train: Epoch 37, 1500 / 2500] FPS: 10.4 (8.0)  ,  DataTime: 0.368 (0.002)  ,  ForwardTime: 0.209  ,  TotalTime: 0.579  ,  Loss/total: 0.66100  ,  Loss/giou: 0.17685  ,  Loss/l1: 0.01233  ,  Loss/location: 0.22020  ,  pro_loss: 0.12471  ,  IoU: 0.83633  ,  Loss/sim: 1.30129  ,  Loss/distill: 1.23102
[train: Epoch 37, 1550 / 2500] FPS: 10.4 (11.1)  ,  DataTime: 0.368 (0.002)  ,  ForwardTime: 0.209  ,  TotalTime: 0.579  ,  Loss/total: 0.65946  ,  Loss/giou: 0.17653  ,  Loss/l1: 0.01228  ,  Loss/location: 0.21955  ,  pro_loss: 0.12468  ,  IoU: 0.83654  ,  Loss/sim: 1.30210  ,  Loss/distill: 1.23069
[train: Epoch 37, 1600 / 2500] FPS: 10.4 (8.3)  ,  DataTime: 0.367 (0.002)  ,  ForwardTime: 0.209  ,  TotalTime: 0.578  ,  Loss/total: 0.66010  ,  Loss/giou: 0.17666  ,  Loss/l1: 0.01230  ,  Loss/location: 0.21985  ,  pro_loss: 0.12464  ,  IoU: 0.83639  ,  Loss/sim: 1.30223  ,  Loss/distill: 1.23108
[train: Epoch 37, 1650 / 2500] FPS: 10.4 (10.6)  ,  DataTime: 0.366 (0.002)  ,  ForwardTime: 0.209  ,  TotalTime: 0.577  ,  Loss/total: 0.65932  ,  Loss/giou: 0.17665  ,  Loss/l1: 0.01228  ,  Loss/location: 0.21926  ,  pro_loss: 0.12441  ,  IoU: 0.83637  ,  Loss/sim: 1.30140  ,  Loss/distill: 1.23111
[train: Epoch 37, 1700 / 2500] FPS: 10.4 (9.0)  ,  DataTime: 0.366 (0.002)  ,  ForwardTime: 0.209  ,  TotalTime: 0.576  ,  Loss/total: 0.65854  ,  Loss/giou: 0.17646  ,  Loss/l1: 0.01224  ,  Loss/location: 0.21901  ,  pro_loss: 0.12446  ,  IoU: 0.83649  ,  Loss/sim: 1.30208  ,  Loss/distill: 1.23120
[train: Epoch 37, 1750 / 2500] FPS: 10.4 (5.4)  ,  DataTime: 0.368 (0.002)  ,  ForwardTime: 0.209  ,  TotalTime: 0.579  ,  Loss/total: 0.65763  ,  Loss/giou: 0.17637  ,  Loss/l1: 0.01223  ,  Loss/location: 0.21831  ,  pro_loss: 0.12461  ,  IoU: 0.83655  ,  Loss/sim: 1.30202  ,  Loss/distill: 1.23056
[train: Epoch 37, 1800 / 2500] FPS: 10.4 (10.0)  ,  DataTime: 0.368 (0.002)  ,  ForwardTime: 0.209  ,  TotalTime: 0.578  ,  Loss/total: 0.65942  ,  Loss/giou: 0.17685  ,  Loss/l1: 0.01230  ,  Loss/location: 0.21879  ,  pro_loss: 0.12460  ,  IoU: 0.83626  ,  Loss/sim: 1.30256  ,  Loss/distill: 1.23074
[train: Epoch 37, 1850 / 2500] FPS: 10.4 (12.2)  ,  DataTime: 0.366 (0.002)  ,  ForwardTime: 0.209  ,  TotalTime: 0.577  ,  Loss/total: 0.65870  ,  Loss/giou: 0.17659  ,  Loss/l1: 0.01228  ,  Loss/location: 0.21873  ,  pro_loss: 0.12445  ,  IoU: 0.83643  ,  Loss/sim: 1.30234  ,  Loss/distill: 1.23057
[train: Epoch 37, 1900 / 2500] FPS: 10.4 (8.6)  ,  DataTime: 0.368 (0.002)  ,  ForwardTime: 0.209  ,  TotalTime: 0.578  ,  Loss/total: 0.65749  ,  Loss/giou: 0.17616  ,  Loss/l1: 0.01224  ,  Loss/location: 0.21857  ,  pro_loss: 0.12451  ,  IoU: 0.83677  ,  Loss/sim: 1.30259  ,  Loss/distill: 1.23056
[train: Epoch 37, 1950 / 2500] FPS: 10.4 (12.8)  ,  DataTime: 0.367 (0.002)  ,  ForwardTime: 0.209  ,  TotalTime: 0.578  ,  Loss/total: 0.65714  ,  Loss/giou: 0.17613  ,  Loss/l1: 0.01224  ,  Loss/location: 0.21826  ,  pro_loss: 0.12445  ,  IoU: 0.83682  ,  Loss/sim: 1.30252  ,  Loss/distill: 1.23016
[train: Epoch 37, 2000 / 2500] FPS: 10.4 (13.0)  ,  DataTime: 0.367 (0.002)  ,  ForwardTime: 0.209  ,  TotalTime: 0.577  ,  Loss/total: 0.65701  ,  Loss/giou: 0.17603  ,  Loss/l1: 0.01227  ,  Loss/location: 0.21819  ,  pro_loss: 0.12437  ,  IoU: 0.83695  ,  Loss/sim: 1.30302  ,  Loss/distill: 1.23015
[train: Epoch 37, 2050 / 2500] FPS: 10.4 (12.5)  ,  DataTime: 0.368 (0.002)  ,  ForwardTime: 0.209  ,  TotalTime: 0.579  ,  Loss/total: 0.65716  ,  Loss/giou: 0.17621  ,  Loss/l1: 0.01228  ,  Loss/location: 0.21799  ,  pro_loss: 0.12426  ,  IoU: 0.83679  ,  Loss/sim: 1.30259  ,  Loss/distill: 1.23019
[train: Epoch 37, 2100 / 2500] FPS: 10.3 (10.3)  ,  DataTime: 0.370 (0.002)  ,  ForwardTime: 0.209  ,  TotalTime: 0.581  ,  Loss/total: 0.65721  ,  Loss/giou: 0.17631  ,  Loss/l1: 0.01231  ,  Loss/location: 0.21766  ,  pro_loss: 0.12447  ,  IoU: 0.83672  ,  Loss/sim: 1.30296  ,  Loss/distill: 1.23077
[train: Epoch 37, 2150 / 2500] FPS: 10.3 (16.0)  ,  DataTime: 0.370 (0.002)  ,  ForwardTime: 0.209  ,  TotalTime: 0.581  ,  Loss/total: 0.65681  ,  Loss/giou: 0.17620  ,  Loss/l1: 0.01230  ,  Loss/location: 0.21752  ,  pro_loss: 0.12445  ,  IoU: 0.83684  ,  Loss/sim: 1.30217  ,  Loss/distill: 1.23014
[train: Epoch 37, 2200 / 2500] FPS: 10.3 (10.2)  ,  DataTime: 0.369 (0.002)  ,  ForwardTime: 0.209  ,  TotalTime: 0.580  ,  Loss/total: 0.65635  ,  Loss/giou: 0.17597  ,  Loss/l1: 0.01229  ,  Loss/location: 0.21756  ,  pro_loss: 0.12446  ,  IoU: 0.83703  ,  Loss/sim: 1.30130  ,  Loss/distill: 1.22968
[train: Epoch 37, 2250 / 2500] FPS: 10.4 (7.4)  ,  DataTime: 0.369 (0.002)  ,  ForwardTime: 0.209  ,  TotalTime: 0.579  ,  Loss/total: 0.65672  ,  Loss/giou: 0.17592  ,  Loss/l1: 0.01229  ,  Loss/location: 0.21801  ,  pro_loss: 0.12460  ,  IoU: 0.83707  ,  Loss/sim: 1.30210  ,  Loss/distill: 1.22998
[train: Epoch 37, 2300 / 2500] FPS: 10.4 (12.4)  ,  DataTime: 0.369 (0.002)  ,  ForwardTime: 0.209  ,  TotalTime: 0.579  ,  Loss/total: 0.65725  ,  Loss/giou: 0.17608  ,  Loss/l1: 0.01229  ,  Loss/location: 0.21821  ,  pro_loss: 0.12457  ,  IoU: 0.83689  ,  Loss/sim: 1.30241  ,  Loss/distill: 1.23034
[train: Epoch 37, 2350 / 2500] FPS: 10.3 (8.5)  ,  DataTime: 0.369 (0.002)  ,  ForwardTime: 0.209  ,  TotalTime: 0.580  ,  Loss/total: 0.65660  ,  Loss/giou: 0.17588  ,  Loss/l1: 0.01228  ,  Loss/location: 0.21803  ,  pro_loss: 0.12462  ,  IoU: 0.83705  ,  Loss/sim: 1.30289  ,  Loss/distill: 1.23030
[train: Epoch 37, 2400 / 2500] FPS: 10.3 (10.7)  ,  DataTime: 0.369 (0.002)  ,  ForwardTime: 0.209  ,  TotalTime: 0.580  ,  Loss/total: 0.65764  ,  Loss/giou: 0.17611  ,  Loss/l1: 0.01231  ,  Loss/location: 0.21840  ,  pro_loss: 0.12470  ,  IoU: 0.83690  ,  Loss/sim: 1.30271  ,  Loss/distill: 1.23033
[train: Epoch 37, 2450 / 2500] FPS: 10.3 (9.8)  ,  DataTime: 0.369 (0.002)  ,  ForwardTime: 0.209  ,  TotalTime: 0.580  ,  Loss/total: 0.65760  ,  Loss/giou: 0.17618  ,  Loss/l1: 0.01232  ,  Loss/location: 0.21817  ,  pro_loss: 0.12481  ,  IoU: 0.83683  ,  Loss/sim: 1.30323  ,  Loss/distill: 1.23100
[train: Epoch 37, 2500 / 2500] FPS: 10.4 (15.4)  ,  DataTime: 0.369 (0.002)  ,  ForwardTime: 0.209  ,  TotalTime: 0.580  ,  Loss/total: 0.65680  ,  Loss/giou: 0.17601  ,  Loss/l1: 0.01230  ,  Loss/location: 0.21779  ,  pro_loss: 0.12490  ,  IoU: 0.83698  ,  Loss/sim: 1.30328  ,  Loss/distill: 1.23044
[train: Epoch 38, 50 / 2500] FPS: 10.9 (15.7)  ,  DataTime: 0.341 (0.002)  ,  ForwardTime: 0.209  ,  TotalTime: 0.551  ,  Loss/total: 0.66312  ,  Loss/giou: 0.17750  ,  Loss/l1: 0.01306  ,  Loss/location: 0.21753  ,  pro_loss: 0.12389  ,  IoU: 0.83513  ,  Loss/sim: 1.30464  ,  Loss/distill: 1.22519
[train: Epoch 38, 100 / 2500] FPS: 10.8 (12.8)  ,  DataTime: 0.347 (0.002)  ,  ForwardTime: 0.209  ,  TotalTime: 0.558  ,  Loss/total: 0.65384  ,  Loss/giou: 0.17448  ,  Loss/l1: 0.01266  ,  Loss/location: 0.21573  ,  pro_loss: 0.12667  ,  IoU: 0.83830  ,  Loss/sim: 1.27787  ,  Loss/distill: 1.21600
[train: Epoch 38, 150 / 2500] FPS: 10.7 (12.5)  ,  DataTime: 0.349 (0.002)  ,  ForwardTime: 0.209  ,  TotalTime: 0.560  ,  Loss/total: 0.66059  ,  Loss/giou: 0.17551  ,  Loss/l1: 0.01255  ,  Loss/location: 0.22077  ,  pro_loss: 0.12769  ,  IoU: 0.83765  ,  Loss/sim: 1.28248  ,  Loss/distill: 1.21639
[train: Epoch 38, 200 / 2500] FPS: 10.4 (12.2)  ,  DataTime: 0.366 (0.002)  ,  ForwardTime: 0.209  ,  TotalTime: 0.577  ,  Loss/total: 0.65637  ,  Loss/giou: 0.17548  ,  Loss/l1: 0.01244  ,  Loss/location: 0.21718  ,  pro_loss: 0.12771  ,  IoU: 0.83776  ,  Loss/sim: 1.28470  ,  Loss/distill: 1.21747
[train: Epoch 38, 250 / 2500] FPS: 10.5 (9.6)  ,  DataTime: 0.363 (0.002)  ,  ForwardTime: 0.209  ,  TotalTime: 0.574  ,  Loss/total: 0.65452  ,  Loss/giou: 0.17587  ,  Loss/l1: 0.01246  ,  Loss/location: 0.21445  ,  pro_loss: 0.12755  ,  IoU: 0.83780  ,  Loss/sim: 1.28446  ,  Loss/distill: 1.21781
[train: Epoch 38, 300 / 2500] FPS: 10.5 (12.5)  ,  DataTime: 0.361 (0.002)  ,  ForwardTime: 0.209  ,  TotalTime: 0.572  ,  Loss/total: 0.63863  ,  Loss/giou: 0.17195  ,  Loss/l1: 0.01193  ,  Loss/location: 0.20927  ,  pro_loss: 0.12662  ,  IoU: 0.84084  ,  Loss/sim: 1.27844  ,  Loss/distill: 1.21177
[train: Epoch 38, 350 / 2500] FPS: 10.4 (14.6)  ,  DataTime: 0.365 (0.002)  ,  ForwardTime: 0.209  ,  TotalTime: 0.576  ,  Loss/total: 0.63575  ,  Loss/giou: 0.17140  ,  Loss/l1: 0.01186  ,  Loss/location: 0.20806  ,  pro_loss: 0.12548  ,  IoU: 0.84117  ,  Loss/sim: 1.27664  ,  Loss/distill: 1.20904
[train: Epoch 38, 400 / 2500] FPS: 10.5 (13.3)  ,  DataTime: 0.362 (0.002)  ,  ForwardTime: 0.209  ,  TotalTime: 0.573  ,  Loss/total: 0.64049  ,  Loss/giou: 0.17308  ,  Loss/l1: 0.01191  ,  Loss/location: 0.20923  ,  pro_loss: 0.12521  ,  IoU: 0.83966  ,  Loss/sim: 1.27459  ,  Loss/distill: 1.20809
[train: Epoch 38, 450 / 2500] FPS: 10.4 (6.9)  ,  DataTime: 0.366 (0.002)  ,  ForwardTime: 0.209  ,  TotalTime: 0.577  ,  Loss/total: 0.64139  ,  Loss/giou: 0.17306  ,  Loss/l1: 0.01190  ,  Loss/location: 0.21029  ,  pro_loss: 0.12497  ,  IoU: 0.83968  ,  Loss/sim: 1.27629  ,  Loss/distill: 1.20678
[train: Epoch 38, 500 / 2500] FPS: 10.4 (10.5)  ,  DataTime: 0.363 (0.002)  ,  ForwardTime: 0.209  ,  TotalTime: 0.574  ,  Loss/total: 0.64629  ,  Loss/giou: 0.17390  ,  Loss/l1: 0.01206  ,  Loss/location: 0.21275  ,  pro_loss: 0.12475  ,  IoU: 0.83903  ,  Loss/sim: 1.27592  ,  Loss/distill: 1.20709
[train: Epoch 38, 550 / 2500] FPS: 10.4 (9.5)  ,  DataTime: 0.364 (0.002)  ,  ForwardTime: 0.209  ,  TotalTime: 0.575  ,  Loss/total: 0.64924  ,  Loss/giou: 0.17444  ,  Loss/l1: 0.01217  ,  Loss/location: 0.21400  ,  pro_loss: 0.12503  ,  IoU: 0.83866  ,  Loss/sim: 1.28179  ,  Loss/distill: 1.21065
[train: Epoch 38, 600 / 2500] FPS: 10.2 (12.7)  ,  DataTime: 0.378 (0.002)  ,  ForwardTime: 0.209  ,  TotalTime: 0.589  ,  Loss/total: 0.64515  ,  Loss/giou: 0.17302  ,  Loss/l1: 0.01205  ,  Loss/location: 0.21340  ,  pro_loss: 0.12477  ,  IoU: 0.83980  ,  Loss/sim: 1.28271  ,  Loss/distill: 1.20962
[train: Epoch 38, 650 / 2500] FPS: 10.2 (15.5)  ,  DataTime: 0.378 (0.002)  ,  ForwardTime: 0.209  ,  TotalTime: 0.589  ,  Loss/total: 0.64165  ,  Loss/giou: 0.17230  ,  Loss/l1: 0.01194  ,  Loss/location: 0.21207  ,  pro_loss: 0.12387  ,  IoU: 0.84024  ,  Loss/sim: 1.28114  ,  Loss/distill: 1.20742
[train: Epoch 38, 700 / 2500] FPS: 10.2 (12.8)  ,  DataTime: 0.377 (0.002)  ,  ForwardTime: 0.210  ,  TotalTime: 0.589  ,  Loss/total: 0.64399  ,  Loss/giou: 0.17286  ,  Loss/l1: 0.01196  ,  Loss/location: 0.21323  ,  pro_loss: 0.12377  ,  IoU: 0.83962  ,  Loss/sim: 1.28357  ,  Loss/distill: 1.20837
[train: Epoch 38, 750 / 2500] FPS: 10.3 (8.2)  ,  DataTime: 0.373 (0.002)  ,  ForwardTime: 0.210  ,  TotalTime: 0.585  ,  Loss/total: 0.64150  ,  Loss/giou: 0.17235  ,  Loss/l1: 0.01184  ,  Loss/location: 0.21236  ,  pro_loss: 0.12372  ,  IoU: 0.83986  ,  Loss/sim: 1.28991  ,  Loss/distill: 1.21101
[train: Epoch 38, 800 / 2500] FPS: 10.2 (1.5)  ,  DataTime: 0.376 (0.002)  ,  ForwardTime: 0.210  ,  TotalTime: 0.587  ,  Loss/total: 0.64171  ,  Loss/giou: 0.17250  ,  Loss/l1: 0.01189  ,  Loss/location: 0.21206  ,  pro_loss: 0.12346  ,  IoU: 0.83984  ,  Loss/sim: 1.29147  ,  Loss/distill: 1.21262
[train: Epoch 38, 850 / 2500] FPS: 10.2 (10.5)  ,  DataTime: 0.375 (0.002)  ,  ForwardTime: 0.210  ,  TotalTime: 0.587  ,  Loss/total: 0.63907  ,  Loss/giou: 0.17180  ,  Loss/l1: 0.01181  ,  Loss/location: 0.21112  ,  pro_loss: 0.12399  ,  IoU: 0.84037  ,  Loss/sim: 1.29483  ,  Loss/distill: 1.21361
[train: Epoch 38, 900 / 2500] FPS: 10.2 (9.2)  ,  DataTime: 0.378 (0.002)  ,  ForwardTime: 0.210  ,  TotalTime: 0.590  ,  Loss/total: 0.64072  ,  Loss/giou: 0.17221  ,  Loss/l1: 0.01187  ,  Loss/location: 0.21156  ,  pro_loss: 0.12451  ,  IoU: 0.84005  ,  Loss/sim: 1.29612  ,  Loss/distill: 1.21552
[train: Epoch 38, 950 / 2500] FPS: 10.2 (9.6)  ,  DataTime: 0.377 (0.002)  ,  ForwardTime: 0.210  ,  TotalTime: 0.589  ,  Loss/total: 0.64315  ,  Loss/giou: 0.17280  ,  Loss/l1: 0.01199  ,  Loss/location: 0.21225  ,  pro_loss: 0.12421  ,  IoU: 0.83969  ,  Loss/sim: 1.29537  ,  Loss/distill: 1.21527
[train: Epoch 38, 1000 / 2500] FPS: 10.2 (9.8)  ,  DataTime: 0.376 (0.002)  ,  ForwardTime: 0.210  ,  TotalTime: 0.588  ,  Loss/total: 0.64147  ,  Loss/giou: 0.17231  ,  Loss/l1: 0.01187  ,  Loss/location: 0.21207  ,  pro_loss: 0.12458  ,  IoU: 0.84005  ,  Loss/sim: 1.29373  ,  Loss/distill: 1.21426
[train: Epoch 38, 1050 / 2500] FPS: 10.2 (11.7)  ,  DataTime: 0.378 (0.002)  ,  ForwardTime: 0.210  ,  TotalTime: 0.589  ,  Loss/total: 0.64066  ,  Loss/giou: 0.17257  ,  Loss/l1: 0.01188  ,  Loss/location: 0.21071  ,  pro_loss: 0.12455  ,  IoU: 0.83986  ,  Loss/sim: 1.29278  ,  Loss/distill: 1.21404
[train: Epoch 38, 1100 / 2500] FPS: 10.2 (8.7)  ,  DataTime: 0.376 (0.002)  ,  ForwardTime: 0.210  ,  TotalTime: 0.588  ,  Loss/total: 0.63813  ,  Loss/giou: 0.17181  ,  Loss/l1: 0.01180  ,  Loss/location: 0.21008  ,  pro_loss: 0.12457  ,  IoU: 0.84044  ,  Loss/sim: 1.29272  ,  Loss/distill: 1.21375
[train: Epoch 38, 1150 / 2500] FPS: 10.2 (6.8)  ,  DataTime: 0.375 (0.002)  ,  ForwardTime: 0.210  ,  TotalTime: 0.587  ,  Loss/total: 0.63794  ,  Loss/giou: 0.17186  ,  Loss/l1: 0.01180  ,  Loss/location: 0.20982  ,  pro_loss: 0.12459  ,  IoU: 0.84037  ,  Loss/sim: 1.29258  ,  Loss/distill: 1.21434
[train: Epoch 38, 1200 / 2500] FPS: 10.3 (12.7)  ,  DataTime: 0.374 (0.002)  ,  ForwardTime: 0.210  ,  TotalTime: 0.585  ,  Loss/total: 0.63654  ,  Loss/giou: 0.17166  ,  Loss/l1: 0.01176  ,  Loss/location: 0.20898  ,  pro_loss: 0.12476  ,  IoU: 0.84047  ,  Loss/sim: 1.29262  ,  Loss/distill: 1.21447
[train: Epoch 38, 1250 / 2500] FPS: 10.2 (15.2)  ,  DataTime: 0.374 (0.002)  ,  ForwardTime: 0.209  ,  TotalTime: 0.586  ,  Loss/total: 0.63801  ,  Loss/giou: 0.17203  ,  Loss/l1: 0.01182  ,  Loss/location: 0.20938  ,  pro_loss: 0.12487  ,  IoU: 0.84017  ,  Loss/sim: 1.29259  ,  Loss/distill: 1.21482
[train: Epoch 38, 1300 / 2500] FPS: 10.2 (15.6)  ,  DataTime: 0.377 (0.002)  ,  ForwardTime: 0.209  ,  TotalTime: 0.589  ,  Loss/total: 0.63761  ,  Loss/giou: 0.17178  ,  Loss/l1: 0.01176  ,  Loss/location: 0.20974  ,  pro_loss: 0.12504  ,  IoU: 0.84027  ,  Loss/sim: 1.29422  ,  Loss/distill: 1.21501
[train: Epoch 38, 1350 / 2500] FPS: 10.2 (11.9)  ,  DataTime: 0.377 (0.002)  ,  ForwardTime: 0.209  ,  TotalTime: 0.589  ,  Loss/total: 0.63621  ,  Loss/giou: 0.17147  ,  Loss/l1: 0.01172  ,  Loss/location: 0.20913  ,  pro_loss: 0.12504  ,  IoU: 0.84051  ,  Loss/sim: 1.29406  ,  Loss/distill: 1.21435
[train: Epoch 38, 1400 / 2500] FPS: 10.2 (13.7)  ,  DataTime: 0.376 (0.002)  ,  ForwardTime: 0.209  ,  TotalTime: 0.588  ,  Loss/total: 0.63645  ,  Loss/giou: 0.17162  ,  Loss/l1: 0.01173  ,  Loss/location: 0.20906  ,  pro_loss: 0.12495  ,  IoU: 0.84039  ,  Loss/sim: 1.29344  ,  Loss/distill: 1.21315
[train: Epoch 38, 1450 / 2500] FPS: 10.2 (10.2)  ,  DataTime: 0.376 (0.002)  ,  ForwardTime: 0.209  ,  TotalTime: 0.587  ,  Loss/total: 0.63598  ,  Loss/giou: 0.17138  ,  Loss/l1: 0.01172  ,  Loss/location: 0.20913  ,  pro_loss: 0.12498  ,  IoU: 0.84057  ,  Loss/sim: 1.29177  ,  Loss/distill: 1.21248
[train: Epoch 38, 1500 / 2500] FPS: 10.2 (11.7)  ,  DataTime: 0.376 (0.002)  ,  ForwardTime: 0.209  ,  TotalTime: 0.587  ,  Loss/total: 0.63656  ,  Loss/giou: 0.17162  ,  Loss/l1: 0.01173  ,  Loss/location: 0.20914  ,  pro_loss: 0.12504  ,  IoU: 0.84035  ,  Loss/sim: 1.29265  ,  Loss/distill: 1.21267
[train: Epoch 38, 1550 / 2500] FPS: 10.2 (16.7)  ,  DataTime: 0.375 (0.002)  ,  ForwardTime: 0.209  ,  TotalTime: 0.587  ,  Loss/total: 0.63649  ,  Loss/giou: 0.17167  ,  Loss/l1: 0.01170  ,  Loss/location: 0.20914  ,  pro_loss: 0.12496  ,  IoU: 0.84022  ,  Loss/sim: 1.29251  ,  Loss/distill: 1.21275
[train: Epoch 38, 1600 / 2500] FPS: 10.2 (11.0)  ,  DataTime: 0.375 (0.002)  ,  ForwardTime: 0.209  ,  TotalTime: 0.586  ,  Loss/total: 0.63793  ,  Loss/giou: 0.17218  ,  Loss/l1: 0.01176  ,  Loss/location: 0.20928  ,  pro_loss: 0.12494  ,  IoU: 0.83980  ,  Loss/sim: 1.29290  ,  Loss/distill: 1.21300
[train: Epoch 38, 1650 / 2500] FPS: 10.2 (6.9)  ,  DataTime: 0.374 (0.002)  ,  ForwardTime: 0.209  ,  TotalTime: 0.586  ,  Loss/total: 0.63957  ,  Loss/giou: 0.17250  ,  Loss/l1: 0.01182  ,  Loss/location: 0.20997  ,  pro_loss: 0.12488  ,  IoU: 0.83956  ,  Loss/sim: 1.29293  ,  Loss/distill: 1.21241
[train: Epoch 38, 1700 / 2500] FPS: 10.2 (12.2)  ,  DataTime: 0.376 (0.002)  ,  ForwardTime: 0.209  ,  TotalTime: 0.587  ,  Loss/total: 0.63913  ,  Loss/giou: 0.17236  ,  Loss/l1: 0.01180  ,  Loss/location: 0.20991  ,  pro_loss: 0.12498  ,  IoU: 0.83969  ,  Loss/sim: 1.29376  ,  Loss/distill: 1.21355
[train: Epoch 38, 1750 / 2500] FPS: 10.2 (13.1)  ,  DataTime: 0.376 (0.002)  ,  ForwardTime: 0.209  ,  TotalTime: 0.587  ,  Loss/total: 0.63783  ,  Loss/giou: 0.17210  ,  Loss/l1: 0.01180  ,  Loss/location: 0.20912  ,  pro_loss: 0.12513  ,  IoU: 0.84000  ,  Loss/sim: 1.29349  ,  Loss/distill: 1.21353
[train: Epoch 38, 1800 / 2500] FPS: 10.2 (7.5)  ,  DataTime: 0.375 (0.002)  ,  ForwardTime: 0.209  ,  TotalTime: 0.586  ,  Loss/total: 0.63717  ,  Loss/giou: 0.17188  ,  Loss/l1: 0.01176  ,  Loss/location: 0.20907  ,  pro_loss: 0.12512  ,  IoU: 0.84015  ,  Loss/sim: 1.29271  ,  Loss/distill: 1.21376
[train: Epoch 38, 1850 / 2500] FPS: 10.3 (15.7)  ,  DataTime: 0.373 (0.002)  ,  ForwardTime: 0.209  ,  TotalTime: 0.585  ,  Loss/total: 0.63701  ,  Loss/giou: 0.17190  ,  Loss/l1: 0.01175  ,  Loss/location: 0.20890  ,  pro_loss: 0.12522  ,  IoU: 0.84013  ,  Loss/sim: 1.29373  ,  Loss/distill: 1.21426
[train: Epoch 38, 1900 / 2500] FPS: 10.3 (10.8)  ,  DataTime: 0.374 (0.002)  ,  ForwardTime: 0.209  ,  TotalTime: 0.585  ,  Loss/total: 0.63861  ,  Loss/giou: 0.17223  ,  Loss/l1: 0.01177  ,  Loss/location: 0.20979  ,  pro_loss: 0.12507  ,  IoU: 0.83984  ,  Loss/sim: 1.29369  ,  Loss/distill: 1.21415
[train: Epoch 38, 1950 / 2500] FPS: 10.2 (9.5)  ,  DataTime: 0.374 (0.002)  ,  ForwardTime: 0.209  ,  TotalTime: 0.585  ,  Loss/total: 0.63842  ,  Loss/giou: 0.17224  ,  Loss/l1: 0.01177  ,  Loss/location: 0.20958  ,  pro_loss: 0.12499  ,  IoU: 0.83978  ,  Loss/sim: 1.29251  ,  Loss/distill: 1.21348
[train: Epoch 38, 2000 / 2500] FPS: 10.2 (14.4)  ,  DataTime: 0.374 (0.002)  ,  ForwardTime: 0.209  ,  TotalTime: 0.585  ,  Loss/total: 0.63842  ,  Loss/giou: 0.17228  ,  Loss/l1: 0.01178  ,  Loss/location: 0.20944  ,  pro_loss: 0.12506  ,  IoU: 0.83977  ,  Loss/sim: 1.29184  ,  Loss/distill: 1.21265
[train: Epoch 38, 2050 / 2500] FPS: 10.3 (13.3)  ,  DataTime: 0.373 (0.002)  ,  ForwardTime: 0.209  ,  TotalTime: 0.584  ,  Loss/total: 0.63802  ,  Loss/giou: 0.17210  ,  Loss/l1: 0.01175  ,  Loss/location: 0.20956  ,  pro_loss: 0.12509  ,  IoU: 0.83986  ,  Loss/sim: 1.29160  ,  Loss/distill: 1.21274
[train: Epoch 38, 2100 / 2500] FPS: 10.3 (8.4)  ,  DataTime: 0.373 (0.002)  ,  ForwardTime: 0.209  ,  TotalTime: 0.584  ,  Loss/total: 0.63810  ,  Loss/giou: 0.17210  ,  Loss/l1: 0.01174  ,  Loss/location: 0.20970  ,  pro_loss: 0.12501  ,  IoU: 0.83983  ,  Loss/sim: 1.29159  ,  Loss/distill: 1.21305
[train: Epoch 38, 2150 / 2500] FPS: 10.3 (9.2)  ,  DataTime: 0.373 (0.002)  ,  ForwardTime: 0.209  ,  TotalTime: 0.584  ,  Loss/total: 0.63912  ,  Loss/giou: 0.17228  ,  Loss/l1: 0.01176  ,  Loss/location: 0.21023  ,  pro_loss: 0.12516  ,  IoU: 0.83970  ,  Loss/sim: 1.29246  ,  Loss/distill: 1.21364
[train: Epoch 38, 2200 / 2500] FPS: 10.3 (10.5)  ,  DataTime: 0.372 (0.002)  ,  ForwardTime: 0.209  ,  TotalTime: 0.583  ,  Loss/total: 0.63887  ,  Loss/giou: 0.17222  ,  Loss/l1: 0.01177  ,  Loss/location: 0.21001  ,  pro_loss: 0.12527  ,  IoU: 0.83983  ,  Loss/sim: 1.29174  ,  Loss/distill: 1.21292
[train: Epoch 38, 2250 / 2500] FPS: 10.3 (14.0)  ,  DataTime: 0.372 (0.002)  ,  ForwardTime: 0.209  ,  TotalTime: 0.583  ,  Loss/total: 0.63858  ,  Loss/giou: 0.17225  ,  Loss/l1: 0.01176  ,  Loss/location: 0.20972  ,  pro_loss: 0.12535  ,  IoU: 0.83982  ,  Loss/sim: 1.29111  ,  Loss/distill: 1.21243
[train: Epoch 38, 2300 / 2500] FPS: 10.3 (13.6)  ,  DataTime: 0.372 (0.002)  ,  ForwardTime: 0.209  ,  TotalTime: 0.583  ,  Loss/total: 0.63862  ,  Loss/giou: 0.17223  ,  Loss/l1: 0.01176  ,  Loss/location: 0.20971  ,  pro_loss: 0.12571  ,  IoU: 0.83981  ,  Loss/sim: 1.29118  ,  Loss/distill: 1.21251
[train: Epoch 38, 2350 / 2500] FPS: 10.3 (14.3)  ,  DataTime: 0.371 (0.002)  ,  ForwardTime: 0.209  ,  TotalTime: 0.582  ,  Loss/total: 0.63863  ,  Loss/giou: 0.17228  ,  Loss/l1: 0.01176  ,  Loss/location: 0.20962  ,  pro_loss: 0.12571  ,  IoU: 0.83978  ,  Loss/sim: 1.29029  ,  Loss/distill: 1.21212
[train: Epoch 38, 2400 / 2500] FPS: 10.3 (7.9)  ,  DataTime: 0.371 (0.002)  ,  ForwardTime: 0.209  ,  TotalTime: 0.582  ,  Loss/total: 0.63856  ,  Loss/giou: 0.17231  ,  Loss/l1: 0.01178  ,  Loss/location: 0.20936  ,  pro_loss: 0.12590  ,  IoU: 0.83978  ,  Loss/sim: 1.29045  ,  Loss/distill: 1.21188
[train: Epoch 38, 2450 / 2500] FPS: 10.3 (12.6)  ,  DataTime: 0.372 (0.002)  ,  ForwardTime: 0.209  ,  TotalTime: 0.583  ,  Loss/total: 0.63884  ,  Loss/giou: 0.17245  ,  Loss/l1: 0.01180  ,  Loss/location: 0.20926  ,  pro_loss: 0.12595  ,  IoU: 0.83968  ,  Loss/sim: 1.28983  ,  Loss/distill: 1.21169
[train: Epoch 38, 2500 / 2500] FPS: 10.3 (10.7)  ,  DataTime: 0.372 (0.002)  ,  ForwardTime: 0.209  ,  TotalTime: 0.584  ,  Loss/total: 0.63774  ,  Loss/giou: 0.17217  ,  Loss/l1: 0.01177  ,  Loss/location: 0.20886  ,  pro_loss: 0.12596  ,  IoU: 0.83992  ,  Loss/sim: 1.28950  ,  Loss/distill: 1.21157
[train: Epoch 39, 50 / 2500] FPS: 10.4 (9.2)  ,  DataTime: 0.367 (0.002)  ,  ForwardTime: 0.209  ,  TotalTime: 0.578  ,  Loss/total: 0.62209  ,  Loss/giou: 0.16242  ,  Loss/l1: 0.01066  ,  Loss/location: 0.21807  ,  pro_loss: 0.12694  ,  IoU: 0.84713  ,  Loss/sim: 1.28995  ,  Loss/distill: 1.20630
[train: Epoch 39, 100 / 2500] FPS: 10.4 (9.8)  ,  DataTime: 0.368 (0.002)  ,  ForwardTime: 0.209  ,  TotalTime: 0.579  ,  Loss/total: 0.62094  ,  Loss/giou: 0.16576  ,  Loss/l1: 0.01069  ,  Loss/location: 0.20971  ,  pro_loss: 0.12875  ,  IoU: 0.84439  ,  Loss/sim: 1.28130  ,  Loss/distill: 1.19765
[train: Epoch 39, 150 / 2500] FPS: 10.5 (8.8)  ,  DataTime: 0.363 (0.002)  ,  ForwardTime: 0.209  ,  TotalTime: 0.574  ,  Loss/total: 0.63015  ,  Loss/giou: 0.16906  ,  Loss/l1: 0.01095  ,  Loss/location: 0.21117  ,  pro_loss: 0.12815  ,  IoU: 0.84163  ,  Loss/sim: 1.27664  ,  Loss/distill: 1.19399
[train: Epoch 39, 200 / 2500] FPS: 10.5 (12.4)  ,  DataTime: 0.358 (0.002)  ,  ForwardTime: 0.209  ,  TotalTime: 0.569  ,  Loss/total: 0.63480  ,  Loss/giou: 0.17041  ,  Loss/l1: 0.01129  ,  Loss/location: 0.21150  ,  pro_loss: 0.12750  ,  IoU: 0.84077  ,  Loss/sim: 1.27629  ,  Loss/distill: 1.19597
[train: Epoch 39, 250 / 2500] FPS: 10.4 (10.2)  ,  DataTime: 0.366 (0.002)  ,  ForwardTime: 0.209  ,  TotalTime: 0.577  ,  Loss/total: 0.63892  ,  Loss/giou: 0.17100  ,  Loss/l1: 0.01141  ,  Loss/location: 0.21375  ,  pro_loss: 0.12800  ,  IoU: 0.84046  ,  Loss/sim: 1.27997  ,  Loss/distill: 1.19346
[train: Epoch 39, 300 / 2500] FPS: 10.6 (13.5)  ,  DataTime: 0.357 (0.002)  ,  ForwardTime: 0.209  ,  TotalTime: 0.568  ,  Loss/total: 0.63803  ,  Loss/giou: 0.17088  ,  Loss/l1: 0.01147  ,  Loss/location: 0.21292  ,  pro_loss: 0.12750  ,  IoU: 0.84067  ,  Loss/sim: 1.27456  ,  Loss/distill: 1.19211
[train: Epoch 39, 350 / 2500] FPS: 10.6 (13.8)  ,  DataTime: 0.356 (0.002)  ,  ForwardTime: 0.209  ,  TotalTime: 0.567  ,  Loss/total: 0.64085  ,  Loss/giou: 0.17126  ,  Loss/l1: 0.01153  ,  Loss/location: 0.21459  ,  pro_loss: 0.12806  ,  IoU: 0.84036  ,  Loss/sim: 1.26962  ,  Loss/distill: 1.18749
[train: Epoch 39, 400 / 2500] FPS: 10.5 (16.7)  ,  DataTime: 0.359 (0.002)  ,  ForwardTime: 0.209  ,  TotalTime: 0.570  ,  Loss/total: 0.64382  ,  Loss/giou: 0.17233  ,  Loss/l1: 0.01157  ,  Loss/location: 0.21518  ,  pro_loss: 0.12809  ,  IoU: 0.83964  ,  Loss/sim: 1.27437  ,  Loss/distill: 1.18781
[train: Epoch 39, 450 / 2500] FPS: 10.3 (10.3)  ,  DataTime: 0.370 (0.002)  ,  ForwardTime: 0.209  ,  TotalTime: 0.581  ,  Loss/total: 0.64228  ,  Loss/giou: 0.17236  ,  Loss/l1: 0.01171  ,  Loss/location: 0.21313  ,  pro_loss: 0.12685  ,  IoU: 0.84001  ,  Loss/sim: 1.27057  ,  Loss/distill: 1.18616
[train: Epoch 39, 500 / 2500] FPS: 10.4 (14.7)  ,  DataTime: 0.367 (0.002)  ,  ForwardTime: 0.209  ,  TotalTime: 0.578  ,  Loss/total: 0.64261  ,  Loss/giou: 0.17232  ,  Loss/l1: 0.01170  ,  Loss/location: 0.21358  ,  pro_loss: 0.12703  ,  IoU: 0.84002  ,  Loss/sim: 1.27210  ,  Loss/distill: 1.18776
[train: Epoch 39, 550 / 2500] FPS: 10.4 (8.8)  ,  DataTime: 0.366 (0.002)  ,  ForwardTime: 0.209  ,  TotalTime: 0.577  ,  Loss/total: 0.64320  ,  Loss/giou: 0.17231  ,  Loss/l1: 0.01169  ,  Loss/location: 0.21417  ,  pro_loss: 0.12725  ,  IoU: 0.84002  ,  Loss/sim: 1.27533  ,  Loss/distill: 1.19176
[train: Epoch 39, 600 / 2500] FPS: 10.4 (6.6)  ,  DataTime: 0.367 (0.002)  ,  ForwardTime: 0.209  ,  TotalTime: 0.578  ,  Loss/total: 0.64747  ,  Loss/giou: 0.17346  ,  Loss/l1: 0.01189  ,  Loss/location: 0.21521  ,  pro_loss: 0.12706  ,  IoU: 0.83925  ,  Loss/sim: 1.27394  ,  Loss/distill: 1.19313
[train: Epoch 39, 650 / 2500] FPS: 10.3 (13.1)  ,  DataTime: 0.369 (0.002)  ,  ForwardTime: 0.209  ,  TotalTime: 0.580  ,  Loss/total: 0.64219  ,  Loss/giou: 0.17241  ,  Loss/l1: 0.01176  ,  Loss/location: 0.21261  ,  pro_loss: 0.12731  ,  IoU: 0.84000  ,  Loss/sim: 1.27495  ,  Loss/distill: 1.19347
[train: Epoch 39, 700 / 2500] FPS: 10.3 (11.9)  ,  DataTime: 0.370 (0.002)  ,  ForwardTime: 0.209  ,  TotalTime: 0.581  ,  Loss/total: 0.64430  ,  Loss/giou: 0.17259  ,  Loss/l1: 0.01184  ,  Loss/location: 0.21397  ,  pro_loss: 0.12736  ,  IoU: 0.83991  ,  Loss/sim: 1.27670  ,  Loss/distill: 1.19336
[train: Epoch 39, 750 / 2500] FPS: 10.4 (12.3)  ,  DataTime: 0.369 (0.002)  ,  ForwardTime: 0.209  ,  TotalTime: 0.579  ,  Loss/total: 0.64212  ,  Loss/giou: 0.17209  ,  Loss/l1: 0.01179  ,  Loss/location: 0.21304  ,  pro_loss: 0.12735  ,  IoU: 0.84027  ,  Loss/sim: 1.27914  ,  Loss/distill: 1.19361
[train: Epoch 39, 800 / 2500] FPS: 10.4 (9.9)  ,  DataTime: 0.368 (0.002)  ,  ForwardTime: 0.209  ,  TotalTime: 0.579  ,  Loss/total: 0.64387  ,  Loss/giou: 0.17228  ,  Loss/l1: 0.01182  ,  Loss/location: 0.21424  ,  pro_loss: 0.12733  ,  IoU: 0.84004  ,  Loss/sim: 1.27900  ,  Loss/distill: 1.19477
[train: Epoch 39, 850 / 2500] FPS: 10.3 (9.5)  ,  DataTime: 0.369 (0.002)  ,  ForwardTime: 0.209  ,  TotalTime: 0.580  ,  Loss/total: 0.64524  ,  Loss/giou: 0.17260  ,  Loss/l1: 0.01179  ,  Loss/location: 0.21507  ,  pro_loss: 0.12748  ,  IoU: 0.83973  ,  Loss/sim: 1.27935  ,  Loss/distill: 1.19491
[train: Epoch 39, 900 / 2500] FPS: 10.4 (12.5)  ,  DataTime: 0.368 (0.002)  ,  ForwardTime: 0.209  ,  TotalTime: 0.579  ,  Loss/total: 0.64608  ,  Loss/giou: 0.17259  ,  Loss/l1: 0.01178  ,  Loss/location: 0.21606  ,  pro_loss: 0.12716  ,  IoU: 0.83973  ,  Loss/sim: 1.27859  ,  Loss/distill: 1.19531
[train: Epoch 39, 950 / 2500] FPS: 10.4 (11.0)  ,  DataTime: 0.368 (0.002)  ,  ForwardTime: 0.209  ,  TotalTime: 0.579  ,  Loss/total: 0.64694  ,  Loss/giou: 0.17288  ,  Loss/l1: 0.01179  ,  Loss/location: 0.21621  ,  pro_loss: 0.12763  ,  IoU: 0.83947  ,  Loss/sim: 1.27906  ,  Loss/distill: 1.19691
[train: Epoch 39, 1000 / 2500] FPS: 10.4 (14.1)  ,  DataTime: 0.366 (0.002)  ,  ForwardTime: 0.209  ,  TotalTime: 0.577  ,  Loss/total: 0.64702  ,  Loss/giou: 0.17302  ,  Loss/l1: 0.01185  ,  Loss/location: 0.21575  ,  pro_loss: 0.12736  ,  IoU: 0.83936  ,  Loss/sim: 1.27907  ,  Loss/distill: 1.19825
[train: Epoch 39, 1050 / 2500] FPS: 10.4 (8.8)  ,  DataTime: 0.366 (0.002)  ,  ForwardTime: 0.209  ,  TotalTime: 0.576  ,  Loss/total: 0.64831  ,  Loss/giou: 0.17363  ,  Loss/l1: 0.01192  ,  Loss/location: 0.21550  ,  pro_loss: 0.12734  ,  IoU: 0.83899  ,  Loss/sim: 1.27898  ,  Loss/distill: 1.19937
[train: Epoch 39, 1100 / 2500] FPS: 10.4 (10.8)  ,  DataTime: 0.365 (0.002)  ,  ForwardTime: 0.209  ,  TotalTime: 0.576  ,  Loss/total: 0.64777  ,  Loss/giou: 0.17355  ,  Loss/l1: 0.01195  ,  Loss/location: 0.21493  ,  pro_loss: 0.12742  ,  IoU: 0.83911  ,  Loss/sim: 1.28070  ,  Loss/distill: 1.20081
[train: Epoch 39, 1150 / 2500] FPS: 10.4 (13.0)  ,  DataTime: 0.368 (0.002)  ,  ForwardTime: 0.209  ,  TotalTime: 0.578  ,  Loss/total: 0.64806  ,  Loss/giou: 0.17361  ,  Loss/l1: 0.01194  ,  Loss/location: 0.21510  ,  pro_loss: 0.12757  ,  IoU: 0.83903  ,  Loss/sim: 1.28162  ,  Loss/distill: 1.20181
[train: Epoch 39, 1200 / 2500] FPS: 10.3 (9.9)  ,  DataTime: 0.373 (0.002)  ,  ForwardTime: 0.209  ,  TotalTime: 0.584  ,  Loss/total: 0.65118  ,  Loss/giou: 0.17446  ,  Loss/l1: 0.01204  ,  Loss/location: 0.21597  ,  pro_loss: 0.12788  ,  IoU: 0.83837  ,  Loss/sim: 1.28342  ,  Loss/distill: 1.20362
[train: Epoch 39, 1250 / 2500] FPS: 10.3 (6.7)  ,  DataTime: 0.373 (0.002)  ,  ForwardTime: 0.209  ,  TotalTime: 0.583  ,  Loss/total: 0.65050  ,  Loss/giou: 0.17441  ,  Loss/l1: 0.01201  ,  Loss/location: 0.21561  ,  pro_loss: 0.12755  ,  IoU: 0.83836  ,  Loss/sim: 1.28233  ,  Loss/distill: 1.20401
[train: Epoch 39, 1300 / 2500] FPS: 10.3 (10.4)  ,  DataTime: 0.372 (0.002)  ,  ForwardTime: 0.209  ,  TotalTime: 0.582  ,  Loss/total: 0.64972  ,  Loss/giou: 0.17426  ,  Loss/l1: 0.01201  ,  Loss/location: 0.21518  ,  pro_loss: 0.12735  ,  IoU: 0.83852  ,  Loss/sim: 1.28147  ,  Loss/distill: 1.20413
[train: Epoch 39, 1350 / 2500] FPS: 10.3 (12.2)  ,  DataTime: 0.370 (0.002)  ,  ForwardTime: 0.209  ,  TotalTime: 0.581  ,  Loss/total: 0.64928  ,  Loss/giou: 0.17408  ,  Loss/l1: 0.01199  ,  Loss/location: 0.21522  ,  pro_loss: 0.12724  ,  IoU: 0.83869  ,  Loss/sim: 1.28142  ,  Loss/distill: 1.20452
[train: Epoch 39, 1400 / 2500] FPS: 10.3 (13.5)  ,  DataTime: 0.371 (0.002)  ,  ForwardTime: 0.209  ,  TotalTime: 0.582  ,  Loss/total: 0.64682  ,  Loss/giou: 0.17341  ,  Loss/l1: 0.01193  ,  Loss/location: 0.21436  ,  pro_loss: 0.12739  ,  IoU: 0.83930  ,  Loss/sim: 1.28175  ,  Loss/distill: 1.20465
[train: Epoch 39, 1450 / 2500] FPS: 10.3 (8.6)  ,  DataTime: 0.373 (0.002)  ,  ForwardTime: 0.209  ,  TotalTime: 0.584  ,  Loss/total: 0.64808  ,  Loss/giou: 0.17378  ,  Loss/l1: 0.01201  ,  Loss/location: 0.21451  ,  pro_loss: 0.12734  ,  IoU: 0.83908  ,  Loss/sim: 1.28238  ,  Loss/distill: 1.20551
[train: Epoch 39, 1500 / 2500] FPS: 10.3 (10.6)  ,  DataTime: 0.372 (0.002)  ,  ForwardTime: 0.209  ,  TotalTime: 0.583  ,  Loss/total: 0.64924  ,  Loss/giou: 0.17411  ,  Loss/l1: 0.01207  ,  Loss/location: 0.21472  ,  pro_loss: 0.12723  ,  IoU: 0.83885  ,  Loss/sim: 1.28417  ,  Loss/distill: 1.20633
[train: Epoch 39, 1550 / 2500] FPS: 10.3 (12.5)  ,  DataTime: 0.371 (0.002)  ,  ForwardTime: 0.209  ,  TotalTime: 0.582  ,  Loss/total: 0.65016  ,  Loss/giou: 0.17435  ,  Loss/l1: 0.01211  ,  Loss/location: 0.21497  ,  pro_loss: 0.12720  ,  IoU: 0.83864  ,  Loss/sim: 1.28459  ,  Loss/distill: 1.20669
[train: Epoch 39, 1600 / 2500] FPS: 10.3 (8.4)  ,  DataTime: 0.373 (0.002)  ,  ForwardTime: 0.209  ,  TotalTime: 0.583  ,  Loss/total: 0.64685  ,  Loss/giou: 0.17347  ,  Loss/l1: 0.01201  ,  Loss/location: 0.21392  ,  pro_loss: 0.12717  ,  IoU: 0.83930  ,  Loss/sim: 1.28514  ,  Loss/distill: 1.20712
[train: Epoch 39, 1650 / 2500] FPS: 10.3 (12.3)  ,  DataTime: 0.373 (0.002)  ,  ForwardTime: 0.209  ,  TotalTime: 0.584  ,  Loss/total: 0.64630  ,  Loss/giou: 0.17337  ,  Loss/l1: 0.01198  ,  Loss/location: 0.21380  ,  pro_loss: 0.12690  ,  IoU: 0.83930  ,  Loss/sim: 1.28639  ,  Loss/distill: 1.20737
[train: Epoch 39, 1700 / 2500] FPS: 10.3 (8.8)  ,  DataTime: 0.373 (0.002)  ,  ForwardTime: 0.209  ,  TotalTime: 0.584  ,  Loss/total: 0.64696  ,  Loss/giou: 0.17353  ,  Loss/l1: 0.01199  ,  Loss/location: 0.21404  ,  pro_loss: 0.12696  ,  IoU: 0.83918  ,  Loss/sim: 1.28756  ,  Loss/distill: 1.20793
[train: Epoch 39, 1750 / 2500] FPS: 10.3 (12.1)  ,  DataTime: 0.373 (0.002)  ,  ForwardTime: 0.209  ,  TotalTime: 0.584  ,  Loss/total: 0.64647  ,  Loss/giou: 0.17340  ,  Loss/l1: 0.01197  ,  Loss/location: 0.21396  ,  pro_loss: 0.12690  ,  IoU: 0.83926  ,  Loss/sim: 1.28851  ,  Loss/distill: 1.20815
[train: Epoch 39, 1800 / 2500] FPS: 10.3 (12.1)  ,  DataTime: 0.372 (0.002)  ,  ForwardTime: 0.209  ,  TotalTime: 0.583  ,  Loss/total: 0.64578  ,  Loss/giou: 0.17328  ,  Loss/l1: 0.01196  ,  Loss/location: 0.21355  ,  pro_loss: 0.12689  ,  IoU: 0.83937  ,  Loss/sim: 1.28862  ,  Loss/distill: 1.20807
[train: Epoch 39, 1850 / 2500] FPS: 10.3 (10.8)  ,  DataTime: 0.372 (0.002)  ,  ForwardTime: 0.209  ,  TotalTime: 0.583  ,  Loss/total: 0.64753  ,  Loss/giou: 0.17358  ,  Loss/l1: 0.01200  ,  Loss/location: 0.21448  ,  pro_loss: 0.12688  ,  IoU: 0.83915  ,  Loss/sim: 1.28887  ,  Loss/distill: 1.20833
[train: Epoch 39, 1900 / 2500] FPS: 10.3 (14.4)  ,  DataTime: 0.372 (0.002)  ,  ForwardTime: 0.209  ,  TotalTime: 0.582  ,  Loss/total: 0.64654  ,  Loss/giou: 0.17340  ,  Loss/l1: 0.01197  ,  Loss/location: 0.21404  ,  pro_loss: 0.12673  ,  IoU: 0.83924  ,  Loss/sim: 1.28958  ,  Loss/distill: 1.20871
[train: Epoch 39, 1950 / 2500] FPS: 10.3 (8.9)  ,  DataTime: 0.371 (0.002)  ,  ForwardTime: 0.209  ,  TotalTime: 0.582  ,  Loss/total: 0.64646  ,  Loss/giou: 0.17329  ,  Loss/l1: 0.01197  ,  Loss/location: 0.21413  ,  pro_loss: 0.12699  ,  IoU: 0.83933  ,  Loss/sim: 1.29101  ,  Loss/distill: 1.20976
[train: Epoch 39, 2000 / 2500] FPS: 10.3 (14.7)  ,  DataTime: 0.373 (0.002)  ,  ForwardTime: 0.209  ,  TotalTime: 0.584  ,  Loss/total: 0.64532  ,  Loss/giou: 0.17300  ,  Loss/l1: 0.01195  ,  Loss/location: 0.21367  ,  pro_loss: 0.12694  ,  IoU: 0.83957  ,  Loss/sim: 1.29115  ,  Loss/distill: 1.20947
[train: Epoch 39, 2050 / 2500] FPS: 10.3 (8.6)  ,  DataTime: 0.372 (0.002)  ,  ForwardTime: 0.209  ,  TotalTime: 0.583  ,  Loss/total: 0.64556  ,  Loss/giou: 0.17300  ,  Loss/l1: 0.01195  ,  Loss/location: 0.21392  ,  pro_loss: 0.12682  ,  IoU: 0.83953  ,  Loss/sim: 1.29061  ,  Loss/distill: 1.20956
[train: Epoch 39, 2100 / 2500] FPS: 10.3 (6.4)  ,  DataTime: 0.372 (0.002)  ,  ForwardTime: 0.209  ,  TotalTime: 0.583  ,  Loss/total: 0.64419  ,  Loss/giou: 0.17269  ,  Loss/l1: 0.01192  ,  Loss/location: 0.21333  ,  pro_loss: 0.12687  ,  IoU: 0.83978  ,  Loss/sim: 1.29088  ,  Loss/distill: 1.20925
[train: Epoch 39, 2150 / 2500] FPS: 10.3 (8.3)  ,  DataTime: 0.374 (0.002)  ,  ForwardTime: 0.209  ,  TotalTime: 0.584  ,  Loss/total: 0.64423  ,  Loss/giou: 0.17268  ,  Loss/l1: 0.01190  ,  Loss/location: 0.21351  ,  pro_loss: 0.12665  ,  IoU: 0.83973  ,  Loss/sim: 1.29093  ,  Loss/distill: 1.20874
[train: Epoch 39, 2200 / 2500] FPS: 10.3 (15.6)  ,  DataTime: 0.373 (0.002)  ,  ForwardTime: 0.209  ,  TotalTime: 0.584  ,  Loss/total: 0.64364  ,  Loss/giou: 0.17252  ,  Loss/l1: 0.01187  ,  Loss/location: 0.21345  ,  pro_loss: 0.12648  ,  IoU: 0.83985  ,  Loss/sim: 1.29123  ,  Loss/distill: 1.20902
[train: Epoch 39, 2250 / 2500] FPS: 10.3 (9.8)  ,  DataTime: 0.372 (0.002)  ,  ForwardTime: 0.209  ,  TotalTime: 0.583  ,  Loss/total: 0.64517  ,  Loss/giou: 0.17292  ,  Loss/l1: 0.01193  ,  Loss/location: 0.21394  ,  pro_loss: 0.12631  ,  IoU: 0.83956  ,  Loss/sim: 1.29158  ,  Loss/distill: 1.20901
[train: Epoch 39, 2300 / 2500] FPS: 10.3 (10.2)  ,  DataTime: 0.371 (0.002)  ,  ForwardTime: 0.209  ,  TotalTime: 0.582  ,  Loss/total: 0.64415  ,  Loss/giou: 0.17249  ,  Loss/l1: 0.01187  ,  Loss/location: 0.21401  ,  pro_loss: 0.12645  ,  IoU: 0.83987  ,  Loss/sim: 1.29128  ,  Loss/distill: 1.20929
[train: Epoch 39, 2350 / 2500] FPS: 10.3 (12.4)  ,  DataTime: 0.371 (0.002)  ,  ForwardTime: 0.209  ,  TotalTime: 0.582  ,  Loss/total: 0.64348  ,  Loss/giou: 0.17234  ,  Loss/l1: 0.01185  ,  Loss/location: 0.21373  ,  pro_loss: 0.12653  ,  IoU: 0.83998  ,  Loss/sim: 1.29205  ,  Loss/distill: 1.20983
[train: Epoch 39, 2400 / 2500] FPS: 10.3 (14.8)  ,  DataTime: 0.371 (0.002)  ,  ForwardTime: 0.209  ,  TotalTime: 0.582  ,  Loss/total: 0.64411  ,  Loss/giou: 0.17249  ,  Loss/l1: 0.01187  ,  Loss/location: 0.21399  ,  pro_loss: 0.12656  ,  IoU: 0.83984  ,  Loss/sim: 1.29230  ,  Loss/distill: 1.20991
[train: Epoch 39, 2450 / 2500] FPS: 10.3 (11.2)  ,  DataTime: 0.371 (0.002)  ,  ForwardTime: 0.209  ,  TotalTime: 0.582  ,  Loss/total: 0.64407  ,  Loss/giou: 0.17248  ,  Loss/l1: 0.01186  ,  Loss/location: 0.21400  ,  pro_loss: 0.12645  ,  IoU: 0.83983  ,  Loss/sim: 1.29255  ,  Loss/distill: 1.21002
[train: Epoch 39, 2500 / 2500] FPS: 10.3 (9.5)  ,  DataTime: 0.371 (0.002)  ,  ForwardTime: 0.209  ,  TotalTime: 0.582  ,  Loss/total: 0.64326  ,  Loss/giou: 0.17223  ,  Loss/l1: 0.01182  ,  Loss/location: 0.21390  ,  pro_loss: 0.12642  ,  IoU: 0.83999  ,  Loss/sim: 1.29306  ,  Loss/distill: 1.21029
[train: Epoch 40, 50 / 2500] FPS: 10.7 (12.0)  ,  DataTime: 0.353 (0.002)  ,  ForwardTime: 0.209  ,  TotalTime: 0.563  ,  Loss/total: 0.67915  ,  Loss/giou: 0.18271  ,  Loss/l1: 0.01287  ,  Loss/location: 0.22324  ,  pro_loss: 0.12806  ,  IoU: 0.83185  ,  Loss/sim: 1.31370  ,  Loss/distill: 1.22797
[train: Epoch 40, 100 / 2500] FPS: 10.3 (11.0)  ,  DataTime: 0.369 (0.002)  ,  ForwardTime: 0.209  ,  TotalTime: 0.580  ,  Loss/total: 0.64266  ,  Loss/giou: 0.17243  ,  Loss/l1: 0.01168  ,  Loss/location: 0.21266  ,  pro_loss: 0.13111  ,  IoU: 0.83954  ,  Loss/sim: 1.30919  ,  Loss/distill: 1.21257
[train: Epoch 40, 150 / 2500] FPS: 10.3 (10.1)  ,  DataTime: 0.370 (0.002)  ,  ForwardTime: 0.209  ,  TotalTime: 0.581  ,  Loss/total: 0.63673  ,  Loss/giou: 0.17164  ,  Loss/l1: 0.01163  ,  Loss/location: 0.20957  ,  pro_loss: 0.12620  ,  IoU: 0.84019  ,  Loss/sim: 1.30387  ,  Loss/distill: 1.21628
[train: Epoch 40, 200 / 2500] FPS: 10.4 (11.1)  ,  DataTime: 0.368 (0.002)  ,  ForwardTime: 0.209  ,  TotalTime: 0.579  ,  Loss/total: 0.64462  ,  Loss/giou: 0.17372  ,  Loss/l1: 0.01191  ,  Loss/location: 0.21194  ,  pro_loss: 0.12583  ,  IoU: 0.83873  ,  Loss/sim: 1.30778  ,  Loss/distill: 1.21872
[train: Epoch 40, 250 / 2500] FPS: 10.4 (9.8)  ,  DataTime: 0.364 (0.002)  ,  ForwardTime: 0.209  ,  TotalTime: 0.575  ,  Loss/total: 0.65990  ,  Loss/giou: 0.17705  ,  Loss/l1: 0.01249  ,  Loss/location: 0.21765  ,  pro_loss: 0.12600  ,  IoU: 0.83643  ,  Loss/sim: 1.30661  ,  Loss/distill: 1.21724
[train: Epoch 40, 300 / 2500] FPS: 10.5 (10.0)  ,  DataTime: 0.363 (0.002)  ,  ForwardTime: 0.209  ,  TotalTime: 0.574  ,  Loss/total: 0.66771  ,  Loss/giou: 0.17921  ,  Loss/l1: 0.01262  ,  Loss/location: 0.22040  ,  pro_loss: 0.12639  ,  IoU: 0.83481  ,  Loss/sim: 1.31145  ,  Loss/distill: 1.22147
[train: Epoch 40, 350 / 2500] FPS: 10.4 (15.6)  ,  DataTime: 0.369 (0.002)  ,  ForwardTime: 0.209  ,  TotalTime: 0.580  ,  Loss/total: 0.67037  ,  Loss/giou: 0.17975  ,  Loss/l1: 0.01265  ,  Loss/location: 0.22189  ,  pro_loss: 0.12611  ,  IoU: 0.83422  ,  Loss/sim: 1.31810  ,  Loss/distill: 1.22290
[train: Epoch 40, 400 / 2500] FPS: 10.4 (11.4)  ,  DataTime: 0.366 (0.002)  ,  ForwardTime: 0.209  ,  TotalTime: 0.577  ,  Loss/total: 0.66271  ,  Loss/giou: 0.17755  ,  Loss/l1: 0.01241  ,  Loss/location: 0.21979  ,  pro_loss: 0.12635  ,  IoU: 0.83599  ,  Loss/sim: 1.31915  ,  Loss/distill: 1.22256
[train: Epoch 40, 450 / 2500] FPS: 10.4 (12.2)  ,  DataTime: 0.365 (0.002)  ,  ForwardTime: 0.209  ,  TotalTime: 0.576  ,  Loss/total: 0.65562  ,  Loss/giou: 0.17587  ,  Loss/l1: 0.01226  ,  Loss/location: 0.21678  ,  pro_loss: 0.12639  ,  IoU: 0.83750  ,  Loss/sim: 1.31596  ,  Loss/distill: 1.22044
[train: Epoch 40, 500 / 2500] FPS: 10.5 (12.8)  ,  DataTime: 0.361 (0.002)  ,  ForwardTime: 0.209  ,  TotalTime: 0.572  ,  Loss/total: 0.65266  ,  Loss/giou: 0.17582  ,  Loss/l1: 0.01224  ,  Loss/location: 0.21414  ,  pro_loss: 0.12586  ,  IoU: 0.83761  ,  Loss/sim: 1.31204  ,  Loss/distill: 1.21897
[train: Epoch 40, 550 / 2500] FPS: 10.5 (10.6)  ,  DataTime: 0.363 (0.002)  ,  ForwardTime: 0.209  ,  TotalTime: 0.574  ,  Loss/total: 0.65667  ,  Loss/giou: 0.17703  ,  Loss/l1: 0.01233  ,  Loss/location: 0.21523  ,  pro_loss: 0.12608  ,  IoU: 0.83660  ,  Loss/sim: 1.30723  ,  Loss/distill: 1.21564
[train: Epoch 40, 600 / 2500] FPS: 10.5 (12.3)  ,  DataTime: 0.361 (0.002)  ,  ForwardTime: 0.209  ,  TotalTime: 0.571  ,  Loss/total: 0.65523  ,  Loss/giou: 0.17648  ,  Loss/l1: 0.01222  ,  Loss/location: 0.21534  ,  pro_loss: 0.12664  ,  IoU: 0.83686  ,  Loss/sim: 1.30623  ,  Loss/distill: 1.21621
[train: Epoch 40, 650 / 2500] FPS: 10.4 (12.0)  ,  DataTime: 0.363 (0.002)  ,  ForwardTime: 0.209  ,  TotalTime: 0.574  ,  Loss/total: 0.65313  ,  Loss/giou: 0.17628  ,  Loss/l1: 0.01224  ,  Loss/location: 0.21368  ,  pro_loss: 0.12609  ,  IoU: 0.83708  ,  Loss/sim: 1.30240  ,  Loss/distill: 1.21494
[train: Epoch 40, 700 / 2500] FPS: 10.5 (9.6)  ,  DataTime: 0.362 (0.002)  ,  ForwardTime: 0.209  ,  TotalTime: 0.572  ,  Loss/total: 0.64799  ,  Loss/giou: 0.17494  ,  Loss/l1: 0.01207  ,  Loss/location: 0.21204  ,  pro_loss: 0.12609  ,  IoU: 0.83800  ,  Loss/sim: 1.30215  ,  Loss/distill: 1.21436
[train: Epoch 40, 750 / 2500] FPS: 10.5 (11.1)  ,  DataTime: 0.363 (0.002)  ,  ForwardTime: 0.209  ,  TotalTime: 0.574  ,  Loss/total: 0.64933  ,  Loss/giou: 0.17505  ,  Loss/l1: 0.01207  ,  Loss/location: 0.21324  ,  pro_loss: 0.12572  ,  IoU: 0.83788  ,  Loss/sim: 1.30401  ,  Loss/distill: 1.21405
[train: Epoch 40, 800 / 2500] FPS: 10.4 (9.5)  ,  DataTime: 0.366 (0.002)  ,  ForwardTime: 0.209  ,  TotalTime: 0.577  ,  Loss/total: 0.65018  ,  Loss/giou: 0.17533  ,  Loss/l1: 0.01202  ,  Loss/location: 0.21379  ,  pro_loss: 0.12554  ,  IoU: 0.83750  ,  Loss/sim: 1.30487  ,  Loss/distill: 1.21391
[train: Epoch 40, 850 / 2500] FPS: 10.4 (10.2)  ,  DataTime: 0.366 (0.002)  ,  ForwardTime: 0.209  ,  TotalTime: 0.577  ,  Loss/total: 0.65136  ,  Loss/giou: 0.17542  ,  Loss/l1: 0.01206  ,  Loss/location: 0.21468  ,  pro_loss: 0.12516  ,  IoU: 0.83741  ,  Loss/sim: 1.30152  ,  Loss/distill: 1.21164
[train: Epoch 40, 900 / 2500] FPS: 10.4 (12.9)  ,  DataTime: 0.364 (0.002)  ,  ForwardTime: 0.209  ,  TotalTime: 0.575  ,  Loss/total: 0.65422  ,  Loss/giou: 0.17613  ,  Loss/l1: 0.01214  ,  Loss/location: 0.21572  ,  pro_loss: 0.12517  ,  IoU: 0.83686  ,  Loss/sim: 1.30123  ,  Loss/distill: 1.21149
[train: Epoch 40, 950 / 2500] FPS: 10.4 (14.6)  ,  DataTime: 0.367 (0.002)  ,  ForwardTime: 0.209  ,  TotalTime: 0.578  ,  Loss/total: 0.64985  ,  Loss/giou: 0.17505  ,  Loss/l1: 0.01200  ,  Loss/location: 0.21424  ,  pro_loss: 0.12498  ,  IoU: 0.83770  ,  Loss/sim: 1.30197  ,  Loss/distill: 1.21103
[train: Epoch 40, 1000 / 2500] FPS: 10.4 (8.6)  ,  DataTime: 0.366 (0.002)  ,  ForwardTime: 0.209  ,  TotalTime: 0.576  ,  Loss/total: 0.64850  ,  Loss/giou: 0.17461  ,  Loss/l1: 0.01196  ,  Loss/location: 0.21394  ,  pro_loss: 0.12512  ,  IoU: 0.83813  ,  Loss/sim: 1.30075  ,  Loss/distill: 1.21028
[train: Epoch 40, 1050 / 2500] FPS: 10.5 (10.3)  ,  DataTime: 0.363 (0.002)  ,  ForwardTime: 0.209  ,  TotalTime: 0.573  ,  Loss/total: 0.64806  ,  Loss/giou: 0.17460  ,  Loss/l1: 0.01197  ,  Loss/location: 0.21345  ,  pro_loss: 0.12533  ,  IoU: 0.83816  ,  Loss/sim: 1.30205  ,  Loss/distill: 1.21097
[train: Epoch 40, 1100 / 2500] FPS: 10.4 (14.3)  ,  DataTime: 0.364 (0.002)  ,  ForwardTime: 0.209  ,  TotalTime: 0.575  ,  Loss/total: 0.64836  ,  Loss/giou: 0.17455  ,  Loss/l1: 0.01196  ,  Loss/location: 0.21389  ,  pro_loss: 0.12524  ,  IoU: 0.83819  ,  Loss/sim: 1.30148  ,  Loss/distill: 1.21068
[train: Epoch 40, 1150 / 2500] FPS: 10.4 (9.6)  ,  DataTime: 0.365 (0.002)  ,  ForwardTime: 0.209  ,  TotalTime: 0.576  ,  Loss/total: 0.65092  ,  Loss/giou: 0.17497  ,  Loss/l1: 0.01203  ,  Loss/location: 0.21524  ,  pro_loss: 0.12540  ,  IoU: 0.83791  ,  Loss/sim: 1.29920  ,  Loss/distill: 1.21001
[train: Epoch 40, 1200 / 2500] FPS: 10.4 (13.0)  ,  DataTime: 0.365 (0.002)  ,  ForwardTime: 0.209  ,  TotalTime: 0.575  ,  Loss/total: 0.64974  ,  Loss/giou: 0.17469  ,  Loss/l1: 0.01200  ,  Loss/location: 0.21470  ,  pro_loss: 0.12562  ,  IoU: 0.83812  ,  Loss/sim: 1.30192  ,  Loss/distill: 1.21047
[train: Epoch 40, 1250 / 2500] FPS: 10.4 (10.6)  ,  DataTime: 0.365 (0.002)  ,  ForwardTime: 0.209  ,  TotalTime: 0.576  ,  Loss/total: 0.65016  ,  Loss/giou: 0.17488  ,  Loss/l1: 0.01203  ,  Loss/location: 0.21467  ,  pro_loss: 0.12548  ,  IoU: 0.83795  ,  Loss/sim: 1.30120  ,  Loss/distill: 1.21079
[train: Epoch 40, 1300 / 2500] FPS: 10.4 (7.0)  ,  DataTime: 0.368 (0.002)  ,  ForwardTime: 0.209  ,  TotalTime: 0.578  ,  Loss/total: 0.64925  ,  Loss/giou: 0.17467  ,  Loss/l1: 0.01199  ,  Loss/location: 0.21429  ,  pro_loss: 0.12581  ,  IoU: 0.83810  ,  Loss/sim: 1.30124  ,  Loss/distill: 1.20973
[train: Epoch 40, 1350 / 2500] FPS: 10.4 (8.3)  ,  DataTime: 0.368 (0.002)  ,  ForwardTime: 0.209  ,  TotalTime: 0.579  ,  Loss/total: 0.64770  ,  Loss/giou: 0.17422  ,  Loss/l1: 0.01194  ,  Loss/location: 0.21393  ,  pro_loss: 0.12570  ,  IoU: 0.83842  ,  Loss/sim: 1.30087  ,  Loss/distill: 1.20872
[train: Epoch 40, 1400 / 2500] FPS: 10.4 (11.4)  ,  DataTime: 0.368 (0.002)  ,  ForwardTime: 0.209  ,  TotalTime: 0.579  ,  Loss/total: 0.64771  ,  Loss/giou: 0.17417  ,  Loss/l1: 0.01192  ,  Loss/location: 0.21412  ,  pro_loss: 0.12566  ,  IoU: 0.83841  ,  Loss/sim: 1.30180  ,  Loss/distill: 1.20983
[train: Epoch 40, 1450 / 2500] FPS: 10.4 (10.8)  ,  DataTime: 0.368 (0.002)  ,  ForwardTime: 0.209  ,  TotalTime: 0.579  ,  Loss/total: 0.64717  ,  Loss/giou: 0.17401  ,  Loss/l1: 0.01189  ,  Loss/location: 0.21413  ,  pro_loss: 0.12532  ,  IoU: 0.83852  ,  Loss/sim: 1.30364  ,  Loss/distill: 1.21037
[train: Epoch 40, 1500 / 2500] FPS: 10.3 (13.1)  ,  DataTime: 0.369 (0.002)  ,  ForwardTime: 0.209  ,  TotalTime: 0.580  ,  Loss/total: 0.64588  ,  Loss/giou: 0.17362  ,  Loss/l1: 0.01185  ,  Loss/location: 0.21384  ,  pro_loss: 0.12511  ,  IoU: 0.83882  ,  Loss/sim: 1.30383  ,  Loss/distill: 1.21055
[train: Epoch 40, 1550 / 2500] FPS: 10.3 (9.7)  ,  DataTime: 0.372 (0.002)  ,  ForwardTime: 0.209  ,  TotalTime: 0.582  ,  Loss/total: 0.64337  ,  Loss/giou: 0.17297  ,  Loss/l1: 0.01177  ,  Loss/location: 0.21304  ,  pro_loss: 0.12521  ,  IoU: 0.83933  ,  Loss/sim: 1.30327  ,  Loss/distill: 1.21066
[train: Epoch 40, 1600 / 2500] FPS: 10.3 (13.1)  ,  DataTime: 0.371 (0.002)  ,  ForwardTime: 0.209  ,  TotalTime: 0.582  ,  Loss/total: 0.64322  ,  Loss/giou: 0.17293  ,  Loss/l1: 0.01180  ,  Loss/location: 0.21286  ,  pro_loss: 0.12503  ,  IoU: 0.83944  ,  Loss/sim: 1.30319  ,  Loss/distill: 1.20999
[train: Epoch 40, 1650 / 2500] FPS: 10.3 (14.1)  ,  DataTime: 0.370 (0.002)  ,  ForwardTime: 0.209  ,  TotalTime: 0.580  ,  Loss/total: 0.64360  ,  Loss/giou: 0.17299  ,  Loss/l1: 0.01181  ,  Loss/location: 0.21307  ,  pro_loss: 0.12492  ,  IoU: 0.83940  ,  Loss/sim: 1.30293  ,  Loss/distill: 1.20958
[train: Epoch 40, 1700 / 2500] FPS: 10.3 (11.9)  ,  DataTime: 0.369 (0.002)  ,  ForwardTime: 0.209  ,  TotalTime: 0.580  ,  Loss/total: 0.64476  ,  Loss/giou: 0.17325  ,  Loss/l1: 0.01184  ,  Loss/location: 0.21357  ,  pro_loss: 0.12486  ,  IoU: 0.83921  ,  Loss/sim: 1.30210  ,  Loss/distill: 1.20906
[train: Epoch 40, 1750 / 2500] FPS: 10.3 (12.1)  ,  DataTime: 0.369 (0.002)  ,  ForwardTime: 0.209  ,  TotalTime: 0.580  ,  Loss/total: 0.64490  ,  Loss/giou: 0.17337  ,  Loss/l1: 0.01185  ,  Loss/location: 0.21338  ,  pro_loss: 0.12508  ,  IoU: 0.83914  ,  Loss/sim: 1.30151  ,  Loss/distill: 1.20828
[train: Epoch 40, 1800 / 2500] FPS: 10.4 (15.1)  ,  DataTime: 0.369 (0.002)  ,  ForwardTime: 0.209  ,  TotalTime: 0.579  ,  Loss/total: 0.64373  ,  Loss/giou: 0.17312  ,  Loss/l1: 0.01182  ,  Loss/location: 0.21295  ,  pro_loss: 0.12476  ,  IoU: 0.83930  ,  Loss/sim: 1.30127  ,  Loss/distill: 1.20775
[train: Epoch 40, 1850 / 2500] FPS: 10.4 (8.8)  ,  DataTime: 0.368 (0.002)  ,  ForwardTime: 0.209  ,  TotalTime: 0.579  ,  Loss/total: 0.64446  ,  Loss/giou: 0.17323  ,  Loss/l1: 0.01183  ,  Loss/location: 0.21340  ,  pro_loss: 0.12480  ,  IoU: 0.83919  ,  Loss/sim: 1.30133  ,  Loss/distill: 1.20718
[train: Epoch 40, 1900 / 2500] FPS: 10.4 (15.2)  ,  DataTime: 0.367 (0.002)  ,  ForwardTime: 0.209  ,  TotalTime: 0.578  ,  Loss/total: 0.64448  ,  Loss/giou: 0.17318  ,  Loss/l1: 0.01186  ,  Loss/location: 0.21332  ,  pro_loss: 0.12500  ,  IoU: 0.83927  ,  Loss/sim: 1.30039  ,  Loss/distill: 1.20691
[train: Epoch 40, 1950 / 2500] FPS: 10.4 (7.9)  ,  DataTime: 0.367 (0.002)  ,  ForwardTime: 0.209  ,  TotalTime: 0.578  ,  Loss/total: 0.64383  ,  Loss/giou: 0.17292  ,  Loss/l1: 0.01183  ,  Loss/location: 0.21334  ,  pro_loss: 0.12509  ,  IoU: 0.83945  ,  Loss/sim: 1.29960  ,  Loss/distill: 1.20613
[train: Epoch 40, 2000 / 2500] FPS: 10.4 (11.7)  ,  DataTime: 0.367 (0.002)  ,  ForwardTime: 0.209  ,  TotalTime: 0.578  ,  Loss/total: 0.64352  ,  Loss/giou: 0.17282  ,  Loss/l1: 0.01182  ,  Loss/location: 0.21329  ,  pro_loss: 0.12487  ,  IoU: 0.83952  ,  Loss/sim: 1.29858  ,  Loss/distill: 1.20621
[train: Epoch 40, 2050 / 2500] FPS: 10.4 (9.9)  ,  DataTime: 0.367 (0.002)  ,  ForwardTime: 0.209  ,  TotalTime: 0.578  ,  Loss/total: 0.64357  ,  Loss/giou: 0.17278  ,  Loss/l1: 0.01182  ,  Loss/location: 0.21346  ,  pro_loss: 0.12467  ,  IoU: 0.83957  ,  Loss/sim: 1.29738  ,  Loss/distill: 1.20520
[train: Epoch 40, 2100 / 2500] FPS: 10.4 (9.3)  ,  DataTime: 0.368 (0.002)  ,  ForwardTime: 0.209  ,  TotalTime: 0.579  ,  Loss/total: 0.64503  ,  Loss/giou: 0.17298  ,  Loss/l1: 0.01185  ,  Loss/location: 0.21441  ,  pro_loss: 0.12463  ,  IoU: 0.83943  ,  Loss/sim: 1.29636  ,  Loss/distill: 1.20423
[train: Epoch 40, 2150 / 2500] FPS: 10.4 (6.6)  ,  DataTime: 0.367 (0.002)  ,  ForwardTime: 0.209  ,  TotalTime: 0.578  ,  Loss/total: 0.64463  ,  Loss/giou: 0.17279  ,  Loss/l1: 0.01184  ,  Loss/location: 0.21445  ,  pro_loss: 0.12455  ,  IoU: 0.83957  ,  Loss/sim: 1.29582  ,  Loss/distill: 1.20393
[train: Epoch 40, 2200 / 2500] FPS: 10.4 (18.6)  ,  DataTime: 0.368 (0.002)  ,  ForwardTime: 0.209  ,  TotalTime: 0.579  ,  Loss/total: 0.64479  ,  Loss/giou: 0.17290  ,  Loss/l1: 0.01186  ,  Loss/location: 0.21430  ,  pro_loss: 0.12456  ,  IoU: 0.83950  ,  Loss/sim: 1.29435  ,  Loss/distill: 1.20347
[train: Epoch 40, 2250 / 2500] FPS: 10.3 (8.9)  ,  DataTime: 0.369 (0.002)  ,  ForwardTime: 0.209  ,  TotalTime: 0.580  ,  Loss/total: 0.64534  ,  Loss/giou: 0.17305  ,  Loss/l1: 0.01187  ,  Loss/location: 0.21451  ,  pro_loss: 0.12454  ,  IoU: 0.83934  ,  Loss/sim: 1.29531  ,  Loss/distill: 1.20368
[train: Epoch 40, 2300 / 2500] FPS: 10.3 (11.1)  ,  DataTime: 0.371 (0.002)  ,  ForwardTime: 0.209  ,  TotalTime: 0.582  ,  Loss/total: 0.64691  ,  Loss/giou: 0.17351  ,  Loss/l1: 0.01191  ,  Loss/location: 0.21495  ,  pro_loss: 0.12446  ,  IoU: 0.83903  ,  Loss/sim: 1.29506  ,  Loss/distill: 1.20349
[train: Epoch 40, 2350 / 2500] FPS: 10.3 (9.7)  ,  DataTime: 0.370 (0.002)  ,  ForwardTime: 0.209  ,  TotalTime: 0.581  ,  Loss/total: 0.64718  ,  Loss/giou: 0.17364  ,  Loss/l1: 0.01192  ,  Loss/location: 0.21488  ,  pro_loss: 0.12458  ,  IoU: 0.83895  ,  Loss/sim: 1.29543  ,  Loss/distill: 1.20335
[train: Epoch 40, 2400 / 2500] FPS: 10.3 (12.4)  ,  DataTime: 0.370 (0.002)  ,  ForwardTime: 0.209  ,  TotalTime: 0.581  ,  Loss/total: 0.64768  ,  Loss/giou: 0.17377  ,  Loss/l1: 0.01191  ,  Loss/location: 0.21517  ,  pro_loss: 0.12455  ,  IoU: 0.83880  ,  Loss/sim: 1.29587  ,  Loss/distill: 1.20391
[train: Epoch 40, 2450 / 2500] FPS: 10.3 (9.1)  ,  DataTime: 0.370 (0.002)  ,  ForwardTime: 0.209  ,  TotalTime: 0.581  ,  Loss/total: 0.64788  ,  Loss/giou: 0.17378  ,  Loss/l1: 0.01192  ,  Loss/location: 0.21535  ,  pro_loss: 0.12442  ,  IoU: 0.83878  ,  Loss/sim: 1.29712  ,  Loss/distill: 1.20422
[train: Epoch 40, 2500 / 2500] FPS: 10.3 (16.1)  ,  DataTime: 0.369 (0.002)  ,  ForwardTime: 0.209  ,  TotalTime: 0.580  ,  Loss/total: 0.64775  ,  Loss/giou: 0.17378  ,  Loss/l1: 0.01193  ,  Loss/location: 0.21517  ,  pro_loss: 0.12433  ,  IoU: 0.83880  ,  Loss/sim: 1.29669  ,  Loss/distill: 1.20414
[val: Epoch 40, 50 / 416] FPS: 9.5 (10.1)  ,  DataTime: 0.505 (0.002)  ,  ForwardTime: 0.127  ,  TotalTime: 0.634  ,  Loss/total: 0.77115  ,  Loss/giou: 0.20651  ,  Loss/l1: 0.01479  ,  Loss/location: 0.28390  ,  pro_loss: 0.00028  ,  IoU: 0.80886  ,  Loss/sim: 0.00000  ,  Loss/distill: 1.16862
[val: Epoch 40, 100 / 416] FPS: 9.4 (12.6)  ,  DataTime: 0.507 (0.002)  ,  ForwardTime: 0.127  ,  TotalTime: 0.636  ,  Loss/total: 0.77870  ,  Loss/giou: 0.20740  ,  Loss/l1: 0.01542  ,  Loss/location: 0.28651  ,  pro_loss: 0.00028  ,  IoU: 0.80855  ,  Loss/sim: 0.00000  ,  Loss/distill: 1.15984
[val: Epoch 40, 150 / 416] FPS: 9.2 (7.6)  ,  DataTime: 0.526 (0.002)  ,  ForwardTime: 0.127  ,  TotalTime: 0.655  ,  Loss/total: 0.77521  ,  Loss/giou: 0.20701  ,  Loss/l1: 0.01531  ,  Loss/location: 0.28434  ,  pro_loss: 0.00019  ,  IoU: 0.80902  ,  Loss/sim: 0.00000  ,  Loss/distill: 1.15867
[val: Epoch 40, 200 / 416] FPS: 8.9 (10.2)  ,  DataTime: 0.544 (0.002)  ,  ForwardTime: 0.127  ,  TotalTime: 0.673  ,  Loss/total: 0.76817  ,  Loss/giou: 0.20509  ,  Loss/l1: 0.01502  ,  Loss/location: 0.28263  ,  pro_loss: 0.00014  ,  IoU: 0.81059  ,  Loss/sim: 0.00000  ,  Loss/distill: 1.15584
[val: Epoch 40, 250 / 416] FPS: 8.9 (10.2)  ,  DataTime: 0.545 (0.002)  ,  ForwardTime: 0.127  ,  TotalTime: 0.674  ,  Loss/total: 0.77205  ,  Loss/giou: 0.20623  ,  Loss/l1: 0.01526  ,  Loss/location: 0.28303  ,  pro_loss: 0.00011  ,  IoU: 0.81011  ,  Loss/sim: 0.00000  ,  Loss/distill: 1.15495
[val: Epoch 40, 300 / 416] FPS: 9.0 (11.9)  ,  DataTime: 0.541 (0.002)  ,  ForwardTime: 0.127  ,  TotalTime: 0.670  ,  Loss/total: 0.77837  ,  Loss/giou: 0.20752  ,  Loss/l1: 0.01551  ,  Loss/location: 0.28553  ,  pro_loss: 0.00009  ,  IoU: 0.80932  ,  Loss/sim: 0.00000  ,  Loss/distill: 1.15680
[val: Epoch 40, 350 / 416] FPS: 9.0 (8.2)  ,  DataTime: 0.536 (0.002)  ,  ForwardTime: 0.127  ,  TotalTime: 0.664  ,  Loss/total: 0.78821  ,  Loss/giou: 0.20863  ,  Loss/l1: 0.01562  ,  Loss/location: 0.29259  ,  pro_loss: 0.00008  ,  IoU: 0.80827  ,  Loss/sim: 0.00000  ,  Loss/distill: 1.15632
[val: Epoch 40, 400 / 416] FPS: 9.0 (8.3)  ,  DataTime: 0.538 (0.002)  ,  ForwardTime: 0.127  ,  TotalTime: 0.667  ,  Loss/total: 0.79220  ,  Loss/giou: 0.20938  ,  Loss/l1: 0.01569  ,  Loss/location: 0.29475  ,  pro_loss: 0.00007  ,  IoU: 0.80750  ,  Loss/sim: 0.00000  ,  Loss/distill: 1.15771
[val: Epoch 40, 416 / 416] FPS: 8.8 (7.9)  ,  DataTime: 0.552 (0.002)  ,  ForwardTime: 0.127  ,  TotalTime: 0.681  ,  Loss/total: 0.78696  ,  Loss/giou: 0.20806  ,  Loss/l1: 0.01550  ,  Loss/location: 0.29307  ,  pro_loss: 0.00007  ,  IoU: 0.80855  ,  Loss/sim: 0.00000  ,  Loss/distill: 1.15679
[train: Epoch 41, 50 / 2500] FPS: 10.4 (8.0)  ,  DataTime: 0.368 (0.002)  ,  ForwardTime: 0.209  ,  TotalTime: 0.579  ,  Loss/total: 0.59460  ,  Loss/giou: 0.15874  ,  Loss/l1: 0.00977  ,  Loss/location: 0.20246  ,  pro_loss: 0.12639  ,  IoU: 0.84906  ,  Loss/sim: 1.28455  ,  Loss/distill: 1.20226
[train: Epoch 41, 100 / 2500] FPS: 10.5 (12.4)  ,  DataTime: 0.363 (0.002)  ,  ForwardTime: 0.209  ,  TotalTime: 0.574  ,  Loss/total: 0.60945  ,  Loss/giou: 0.16357  ,  Loss/l1: 0.01043  ,  Loss/location: 0.20548  ,  pro_loss: 0.12097  ,  IoU: 0.84546  ,  Loss/sim: 1.29296  ,  Loss/distill: 1.20903
[train: Epoch 41, 150 / 2500] FPS: 10.4 (9.0)  ,  DataTime: 0.366 (0.002)  ,  ForwardTime: 0.209  ,  TotalTime: 0.576  ,  Loss/total: 0.61972  ,  Loss/giou: 0.16718  ,  Loss/l1: 0.01112  ,  Loss/location: 0.20534  ,  pro_loss: 0.11963  ,  IoU: 0.84316  ,  Loss/sim: 1.29125  ,  Loss/distill: 1.20003
[train: Epoch 41, 200 / 2500] FPS: 10.3 (9.2)  ,  DataTime: 0.369 (0.002)  ,  ForwardTime: 0.209  ,  TotalTime: 0.580  ,  Loss/total: 0.62871  ,  Loss/giou: 0.16953  ,  Loss/l1: 0.01134  ,  Loss/location: 0.20818  ,  pro_loss: 0.12139  ,  IoU: 0.84142  ,  Loss/sim: 1.29966  ,  Loss/distill: 1.20304
[train: Epoch 41, 250 / 2500] FPS: 10.3 (7.7)  ,  DataTime: 0.372 (0.002)  ,  ForwardTime: 0.209  ,  TotalTime: 0.582  ,  Loss/total: 0.62982  ,  Loss/giou: 0.16919  ,  Loss/l1: 0.01120  ,  Loss/location: 0.21084  ,  pro_loss: 0.12056  ,  IoU: 0.84169  ,  Loss/sim: 1.29881  ,  Loss/distill: 1.19967
[train: Epoch 41, 300 / 2500] FPS: 10.4 (10.1)  ,  DataTime: 0.367 (0.002)  ,  ForwardTime: 0.209  ,  TotalTime: 0.578  ,  Loss/total: 0.62175  ,  Loss/giou: 0.16666  ,  Loss/l1: 0.01096  ,  Loss/location: 0.20893  ,  pro_loss: 0.12106  ,  IoU: 0.84364  ,  Loss/sim: 1.30130  ,  Loss/distill: 1.20078
[train: Epoch 41, 350 / 2500] FPS: 10.3 (8.2)  ,  DataTime: 0.371 (0.002)  ,  ForwardTime: 0.209  ,  TotalTime: 0.582  ,  Loss/total: 0.63064  ,  Loss/giou: 0.16811  ,  Loss/l1: 0.01130  ,  Loss/location: 0.21308  ,  pro_loss: 0.12187  ,  IoU: 0.84270  ,  Loss/sim: 1.29493  ,  Loss/distill: 1.19897
[train: Epoch 41, 400 / 2500] FPS: 10.4 (16.3)  ,  DataTime: 0.369 (0.002)  ,  ForwardTime: 0.209  ,  TotalTime: 0.580  ,  Loss/total: 0.63574  ,  Loss/giou: 0.16878  ,  Loss/l1: 0.01148  ,  Loss/location: 0.21581  ,  pro_loss: 0.12229  ,  IoU: 0.84227  ,  Loss/sim: 1.29781  ,  Loss/distill: 1.20439
[train: Epoch 41, 450 / 2500] FPS: 10.4 (10.8)  ,  DataTime: 0.369 (0.002)  ,  ForwardTime: 0.209  ,  TotalTime: 0.580  ,  Loss/total: 0.63538  ,  Loss/giou: 0.16890  ,  Loss/l1: 0.01146  ,  Loss/location: 0.21522  ,  pro_loss: 0.12265  ,  IoU: 0.84230  ,  Loss/sim: 1.29383  ,  Loss/distill: 1.20377
[train: Epoch 41, 500 / 2500] FPS: 10.4 (14.8)  ,  DataTime: 0.364 (0.002)  ,  ForwardTime: 0.209  ,  TotalTime: 0.575  ,  Loss/total: 0.63721  ,  Loss/giou: 0.17014  ,  Loss/l1: 0.01166  ,  Loss/location: 0.21370  ,  pro_loss: 0.12203  ,  IoU: 0.84166  ,  Loss/sim: 1.29329  ,  Loss/distill: 1.20497
[train: Epoch 41, 550 / 2500] FPS: 10.5 (8.9)  ,  DataTime: 0.362 (0.002)  ,  ForwardTime: 0.209  ,  TotalTime: 0.572  ,  Loss/total: 0.64564  ,  Loss/giou: 0.17282  ,  Loss/l1: 0.01197  ,  Loss/location: 0.21520  ,  pro_loss: 0.12220  ,  IoU: 0.83966  ,  Loss/sim: 1.29386  ,  Loss/distill: 1.20550
[train: Epoch 41, 600 / 2500] FPS: 10.5 (12.5)  ,  DataTime: 0.360 (0.002)  ,  ForwardTime: 0.209  ,  TotalTime: 0.571  ,  Loss/total: 0.64053  ,  Loss/giou: 0.17097  ,  Loss/l1: 0.01183  ,  Loss/location: 0.21448  ,  pro_loss: 0.12234  ,  IoU: 0.84127  ,  Loss/sim: 1.29789  ,  Loss/distill: 1.20625
[train: Epoch 41, 650 / 2500] FPS: 10.5 (7.8)  ,  DataTime: 0.358 (0.002)  ,  ForwardTime: 0.209  ,  TotalTime: 0.569  ,  Loss/total: 0.63863  ,  Loss/giou: 0.17063  ,  Loss/l1: 0.01176  ,  Loss/location: 0.21366  ,  pro_loss: 0.12199  ,  IoU: 0.84145  ,  Loss/sim: 1.29779  ,  Loss/distill: 1.20760
[train: Epoch 41, 700 / 2500] FPS: 10.4 (8.8)  ,  DataTime: 0.363 (0.002)  ,  ForwardTime: 0.209  ,  TotalTime: 0.574  ,  Loss/total: 0.63569  ,  Loss/giou: 0.16963  ,  Loss/l1: 0.01161  ,  Loss/location: 0.21335  ,  pro_loss: 0.12246  ,  IoU: 0.84213  ,  Loss/sim: 1.29928  ,  Loss/distill: 1.20732
[train: Epoch 41, 750 / 2500] FPS: 10.5 (8.5)  ,  DataTime: 0.361 (0.002)  ,  ForwardTime: 0.209  ,  TotalTime: 0.572  ,  Loss/total: 0.63517  ,  Loss/giou: 0.16940  ,  Loss/l1: 0.01155  ,  Loss/location: 0.21361  ,  pro_loss: 0.12261  ,  IoU: 0.84231  ,  Loss/sim: 1.29995  ,  Loss/distill: 1.20679
[train: Epoch 41, 800 / 2500] FPS: 10.5 (17.1)  ,  DataTime: 0.360 (0.002)  ,  ForwardTime: 0.209  ,  TotalTime: 0.571  ,  Loss/total: 0.63443  ,  Loss/giou: 0.16928  ,  Loss/l1: 0.01148  ,  Loss/location: 0.21341  ,  pro_loss: 0.12285  ,  IoU: 0.84227  ,  Loss/sim: 1.30091  ,  Loss/distill: 1.20872
[train: Epoch 41, 850 / 2500] FPS: 10.5 (12.8)  ,  DataTime: 0.362 (0.002)  ,  ForwardTime: 0.209  ,  TotalTime: 0.573  ,  Loss/total: 0.63659  ,  Loss/giou: 0.16977  ,  Loss/l1: 0.01154  ,  Loss/location: 0.21426  ,  pro_loss: 0.12278  ,  IoU: 0.84189  ,  Loss/sim: 1.30084  ,  Loss/distill: 1.20792
[train: Epoch 41, 900 / 2500] FPS: 10.5 (7.2)  ,  DataTime: 0.363 (0.002)  ,  ForwardTime: 0.209  ,  TotalTime: 0.573  ,  Loss/total: 0.63606  ,  Loss/giou: 0.16981  ,  Loss/l1: 0.01154  ,  Loss/location: 0.21375  ,  pro_loss: 0.12261  ,  IoU: 0.84183  ,  Loss/sim: 1.29960  ,  Loss/distill: 1.20673
[train: Epoch 41, 950 / 2500] FPS: 10.4 (6.3)  ,  DataTime: 0.366 (0.002)  ,  ForwardTime: 0.209  ,  TotalTime: 0.577  ,  Loss/total: 0.63655  ,  Loss/giou: 0.17024  ,  Loss/l1: 0.01164  ,  Loss/location: 0.21290  ,  pro_loss: 0.12224  ,  IoU: 0.84158  ,  Loss/sim: 1.29976  ,  Loss/distill: 1.20709
[train: Epoch 41, 1000 / 2500] FPS: 10.4 (14.0)  ,  DataTime: 0.366 (0.002)  ,  ForwardTime: 0.209  ,  TotalTime: 0.576  ,  Loss/total: 0.63535  ,  Loss/giou: 0.16998  ,  Loss/l1: 0.01157  ,  Loss/location: 0.21255  ,  pro_loss: 0.12239  ,  IoU: 0.84173  ,  Loss/sim: 1.30176  ,  Loss/distill: 1.20847
[train: Epoch 41, 1050 / 2500] FPS: 10.4 (10.2)  ,  DataTime: 0.369 (0.002)  ,  ForwardTime: 0.209  ,  TotalTime: 0.580  ,  Loss/total: 0.63540  ,  Loss/giou: 0.17004  ,  Loss/l1: 0.01157  ,  Loss/location: 0.21247  ,  pro_loss: 0.12234  ,  IoU: 0.84173  ,  Loss/sim: 1.30169  ,  Loss/distill: 1.20813
[train: Epoch 41, 1100 / 2500] FPS: 10.4 (13.1)  ,  DataTime: 0.367 (0.002)  ,  ForwardTime: 0.209  ,  TotalTime: 0.578  ,  Loss/total: 0.63532  ,  Loss/giou: 0.16994  ,  Loss/l1: 0.01155  ,  Loss/location: 0.21269  ,  pro_loss: 0.12242  ,  IoU: 0.84175  ,  Loss/sim: 1.30220  ,  Loss/distill: 1.20830
[train: Epoch 41, 1150 / 2500] FPS: 10.4 (10.5)  ,  DataTime: 0.367 (0.002)  ,  ForwardTime: 0.209  ,  TotalTime: 0.578  ,  Loss/total: 0.63665  ,  Loss/giou: 0.17040  ,  Loss/l1: 0.01165  ,  Loss/location: 0.21262  ,  pro_loss: 0.12246  ,  IoU: 0.84143  ,  Loss/sim: 1.30140  ,  Loss/distill: 1.20814
[train: Epoch 41, 1200 / 2500] FPS: 10.4 (11.6)  ,  DataTime: 0.365 (0.002)  ,  ForwardTime: 0.209  ,  TotalTime: 0.576  ,  Loss/total: 0.63772  ,  Loss/giou: 0.17063  ,  Loss/l1: 0.01170  ,  Loss/location: 0.21300  ,  pro_loss: 0.12242  ,  IoU: 0.84134  ,  Loss/sim: 1.29943  ,  Loss/distill: 1.20713
[train: Epoch 41, 1250 / 2500] FPS: 10.4 (12.0)  ,  DataTime: 0.365 (0.002)  ,  ForwardTime: 0.209  ,  TotalTime: 0.576  ,  Loss/total: 0.63630  ,  Loss/giou: 0.17033  ,  Loss/l1: 0.01164  ,  Loss/location: 0.21248  ,  pro_loss: 0.12233  ,  IoU: 0.84156  ,  Loss/sim: 1.29922  ,  Loss/distill: 1.20739
[train: Epoch 41, 1300 / 2500] FPS: 10.4 (12.2)  ,  DataTime: 0.364 (0.002)  ,  ForwardTime: 0.209  ,  TotalTime: 0.575  ,  Loss/total: 0.63823  ,  Loss/giou: 0.17093  ,  Loss/l1: 0.01170  ,  Loss/location: 0.21286  ,  pro_loss: 0.12265  ,  IoU: 0.84109  ,  Loss/sim: 1.29816  ,  Loss/distill: 1.20797
[train: Epoch 41, 1350 / 2500] FPS: 10.4 (13.2)  ,  DataTime: 0.364 (0.002)  ,  ForwardTime: 0.209  ,  TotalTime: 0.575  ,  Loss/total: 0.63911  ,  Loss/giou: 0.17124  ,  Loss/l1: 0.01171  ,  Loss/location: 0.21306  ,  pro_loss: 0.12249  ,  IoU: 0.84082  ,  Loss/sim: 1.30001  ,  Loss/distill: 1.20888
[train: Epoch 41, 1400 / 2500] FPS: 10.4 (11.9)  ,  DataTime: 0.364 (0.002)  ,  ForwardTime: 0.209  ,  TotalTime: 0.575  ,  Loss/total: 0.64018  ,  Loss/giou: 0.17142  ,  Loss/l1: 0.01173  ,  Loss/location: 0.21368  ,  pro_loss: 0.12245  ,  IoU: 0.84064  ,  Loss/sim: 1.29948  ,  Loss/distill: 1.20839
[train: Epoch 41, 1450 / 2500] FPS: 10.4 (8.8)  ,  DataTime: 0.363 (0.002)  ,  ForwardTime: 0.209  ,  TotalTime: 0.574  ,  Loss/total: 0.63868  ,  Loss/giou: 0.17094  ,  Loss/l1: 0.01167  ,  Loss/location: 0.21348  ,  pro_loss: 0.12240  ,  IoU: 0.84101  ,  Loss/sim: 1.29944  ,  Loss/distill: 1.20827
[train: Epoch 41, 1500 / 2500] FPS: 10.4 (13.0)  ,  DataTime: 0.364 (0.002)  ,  ForwardTime: 0.209  ,  TotalTime: 0.575  ,  Loss/total: 0.63670  ,  Loss/giou: 0.17037  ,  Loss/l1: 0.01161  ,  Loss/location: 0.21297  ,  pro_loss: 0.12210  ,  IoU: 0.84144  ,  Loss/sim: 1.29854  ,  Loss/distill: 1.20828
[train: Epoch 41, 1550 / 2500] FPS: 10.5 (11.1)  ,  DataTime: 0.363 (0.002)  ,  ForwardTime: 0.209  ,  TotalTime: 0.574  ,  Loss/total: 0.63609  ,  Loss/giou: 0.17029  ,  Loss/l1: 0.01157  ,  Loss/location: 0.21266  ,  pro_loss: 0.12246  ,  IoU: 0.84145  ,  Loss/sim: 1.30027  ,  Loss/distill: 1.20862
[train: Epoch 41, 1600 / 2500] FPS: 10.5 (14.7)  ,  DataTime: 0.363 (0.002)  ,  ForwardTime: 0.209  ,  TotalTime: 0.574  ,  Loss/total: 0.63606  ,  Loss/giou: 0.17017  ,  Loss/l1: 0.01155  ,  Loss/location: 0.21298  ,  pro_loss: 0.12238  ,  IoU: 0.84149  ,  Loss/sim: 1.30101  ,  Loss/distill: 1.20891
[train: Epoch 41, 1650 / 2500] FPS: 10.5 (13.4)  ,  DataTime: 0.361 (0.002)  ,  ForwardTime: 0.209  ,  TotalTime: 0.572  ,  Loss/total: 0.63503  ,  Loss/giou: 0.16989  ,  Loss/l1: 0.01152  ,  Loss/location: 0.21267  ,  pro_loss: 0.12233  ,  IoU: 0.84167  ,  Loss/sim: 1.30044  ,  Loss/distill: 1.20872
[train: Epoch 41, 1700 / 2500] FPS: 10.5 (16.6)  ,  DataTime: 0.361 (0.002)  ,  ForwardTime: 0.209  ,  TotalTime: 0.572  ,  Loss/total: 0.63482  ,  Loss/giou: 0.16992  ,  Loss/l1: 0.01154  ,  Loss/location: 0.21233  ,  pro_loss: 0.12232  ,  IoU: 0.84170  ,  Loss/sim: 1.30047  ,  Loss/distill: 1.20839
[train: Epoch 41, 1750 / 2500] FPS: 10.5 (8.7)  ,  DataTime: 0.361 (0.002)  ,  ForwardTime: 0.209  ,  TotalTime: 0.572  ,  Loss/total: 0.63451  ,  Loss/giou: 0.16983  ,  Loss/l1: 0.01153  ,  Loss/location: 0.21221  ,  pro_loss: 0.12227  ,  IoU: 0.84180  ,  Loss/sim: 1.30049  ,  Loss/distill: 1.20886
[train: Epoch 41, 1800 / 2500] FPS: 10.5 (12.2)  ,  DataTime: 0.361 (0.002)  ,  ForwardTime: 0.209  ,  TotalTime: 0.572  ,  Loss/total: 0.63296  ,  Loss/giou: 0.16946  ,  Loss/l1: 0.01148  ,  Loss/location: 0.21173  ,  pro_loss: 0.12215  ,  IoU: 0.84206  ,  Loss/sim: 1.30094  ,  Loss/distill: 1.20925
[train: Epoch 41, 1850 / 2500] FPS: 10.5 (10.5)  ,  DataTime: 0.360 (0.002)  ,  ForwardTime: 0.209  ,  TotalTime: 0.571  ,  Loss/total: 0.63196  ,  Loss/giou: 0.16929  ,  Loss/l1: 0.01146  ,  Loss/location: 0.21118  ,  pro_loss: 0.12209  ,  IoU: 0.84220  ,  Loss/sim: 1.30216  ,  Loss/distill: 1.20952
[train: Epoch 41, 1900 / 2500] FPS: 10.5 (11.6)  ,  DataTime: 0.361 (0.002)  ,  ForwardTime: 0.209  ,  TotalTime: 0.572  ,  Loss/total: 0.63238  ,  Loss/giou: 0.16940  ,  Loss/l1: 0.01147  ,  Loss/location: 0.21130  ,  pro_loss: 0.12220  ,  IoU: 0.84210  ,  Loss/sim: 1.30116  ,  Loss/distill: 1.20941
[train: Epoch 41, 1950 / 2500] FPS: 10.5 (11.6)  ,  DataTime: 0.361 (0.002)  ,  ForwardTime: 0.209  ,  TotalTime: 0.572  ,  Loss/total: 0.63310  ,  Loss/giou: 0.16967  ,  Loss/l1: 0.01154  ,  Loss/location: 0.21108  ,  pro_loss: 0.12233  ,  IoU: 0.84197  ,  Loss/sim: 1.30126  ,  Loss/distill: 1.20988
[train: Epoch 41, 2000 / 2500] FPS: 10.5 (11.8)  ,  DataTime: 0.361 (0.002)  ,  ForwardTime: 0.209  ,  TotalTime: 0.572  ,  Loss/total: 0.63472  ,  Loss/giou: 0.17015  ,  Loss/l1: 0.01158  ,  Loss/location: 0.21153  ,  pro_loss: 0.12239  ,  IoU: 0.84157  ,  Loss/sim: 1.30251  ,  Loss/distill: 1.21033
[train: Epoch 41, 2050 / 2500] FPS: 10.5 (14.4)  ,  DataTime: 0.363 (0.002)  ,  ForwardTime: 0.209  ,  TotalTime: 0.574  ,  Loss/total: 0.63366  ,  Loss/giou: 0.16994  ,  Loss/l1: 0.01153  ,  Loss/location: 0.21118  ,  pro_loss: 0.12224  ,  IoU: 0.84168  ,  Loss/sim: 1.30202  ,  Loss/distill: 1.20950
[train: Epoch 41, 2100 / 2500] FPS: 10.4 (9.5)  ,  DataTime: 0.364 (0.002)  ,  ForwardTime: 0.209  ,  TotalTime: 0.574  ,  Loss/total: 0.63469  ,  Loss/giou: 0.17021  ,  Loss/l1: 0.01157  ,  Loss/location: 0.21147  ,  pro_loss: 0.12230  ,  IoU: 0.84150  ,  Loss/sim: 1.30151  ,  Loss/distill: 1.20880
[train: Epoch 41, 2150 / 2500] FPS: 10.5 (9.8)  ,  DataTime: 0.363 (0.002)  ,  ForwardTime: 0.209  ,  TotalTime: 0.574  ,  Loss/total: 0.63481  ,  Loss/giou: 0.17030  ,  Loss/l1: 0.01159  ,  Loss/location: 0.21128  ,  pro_loss: 0.12235  ,  IoU: 0.84145  ,  Loss/sim: 1.30232  ,  Loss/distill: 1.20900
[train: Epoch 41, 2200 / 2500] FPS: 10.4 (15.8)  ,  DataTime: 0.364 (0.002)  ,  ForwardTime: 0.209  ,  TotalTime: 0.575  ,  Loss/total: 0.63582  ,  Loss/giou: 0.17051  ,  Loss/l1: 0.01161  ,  Loss/location: 0.21178  ,  pro_loss: 0.12226  ,  IoU: 0.84130  ,  Loss/sim: 1.30291  ,  Loss/distill: 1.20911
[train: Epoch 41, 2250 / 2500] FPS: 10.4 (13.2)  ,  DataTime: 0.364 (0.002)  ,  ForwardTime: 0.209  ,  TotalTime: 0.575  ,  Loss/total: 0.63634  ,  Loss/giou: 0.17069  ,  Loss/l1: 0.01164  ,  Loss/location: 0.21180  ,  pro_loss: 0.12227  ,  IoU: 0.84120  ,  Loss/sim: 1.30377  ,  Loss/distill: 1.20949
[train: Epoch 41, 2300 / 2500] FPS: 10.4 (10.6)  ,  DataTime: 0.365 (0.002)  ,  ForwardTime: 0.209  ,  TotalTime: 0.576  ,  Loss/total: 0.63651  ,  Loss/giou: 0.17072  ,  Loss/l1: 0.01165  ,  Loss/location: 0.21182  ,  pro_loss: 0.12248  ,  IoU: 0.84115  ,  Loss/sim: 1.30391  ,  Loss/distill: 1.20929
[train: Epoch 41, 2350 / 2500] FPS: 10.4 (14.5)  ,  DataTime: 0.365 (0.002)  ,  ForwardTime: 0.209  ,  TotalTime: 0.576  ,  Loss/total: 0.63574  ,  Loss/giou: 0.17064  ,  Loss/l1: 0.01165  ,  Loss/location: 0.21124  ,  pro_loss: 0.12240  ,  IoU: 0.84123  ,  Loss/sim: 1.30340  ,  Loss/distill: 1.20911
[train: Epoch 41, 2400 / 2500] FPS: 10.4 (9.7)  ,  DataTime: 0.364 (0.002)  ,  ForwardTime: 0.209  ,  TotalTime: 0.575  ,  Loss/total: 0.63560  ,  Loss/giou: 0.17060  ,  Loss/l1: 0.01165  ,  Loss/location: 0.21118  ,  pro_loss: 0.12237  ,  IoU: 0.84126  ,  Loss/sim: 1.30251  ,  Loss/distill: 1.20869
[train: Epoch 41, 2450 / 2500] FPS: 10.4 (15.5)  ,  DataTime: 0.363 (0.002)  ,  ForwardTime: 0.209  ,  TotalTime: 0.574  ,  Loss/total: 0.63379  ,  Loss/giou: 0.17019  ,  Loss/l1: 0.01160  ,  Loss/location: 0.21044  ,  pro_loss: 0.12230  ,  IoU: 0.84162  ,  Loss/sim: 1.30193  ,  Loss/distill: 1.20854
[train: Epoch 41, 2500 / 2500] FPS: 10.5 (9.5)  ,  DataTime: 0.363 (0.002)  ,  ForwardTime: 0.209  ,  TotalTime: 0.574  ,  Loss/total: 0.63432  ,  Loss/giou: 0.17044  ,  Loss/l1: 0.01161  ,  Loss/location: 0.21045  ,  pro_loss: 0.12222  ,  IoU: 0.84140  ,  Loss/sim: 1.30233  ,  Loss/distill: 1.20877
[train: Epoch 42, 50 / 2500] FPS: 10.3 (13.9)  ,  DataTime: 0.374 (0.002)  ,  ForwardTime: 0.209  ,  TotalTime: 0.585  ,  Loss/total: 0.69281  ,  Loss/giou: 0.18673  ,  Loss/l1: 0.01401  ,  Loss/location: 0.22459  ,  pro_loss: 0.12111  ,  IoU: 0.82999  ,  Loss/sim: 1.31940  ,  Loss/distill: 1.20943
[train: Epoch 42, 100 / 2500] FPS: 10.6 (10.3)  ,  DataTime: 0.355 (0.002)  ,  ForwardTime: 0.209  ,  TotalTime: 0.566  ,  Loss/total: 0.67104  ,  Loss/giou: 0.18178  ,  Loss/l1: 0.01251  ,  Loss/location: 0.22001  ,  pro_loss: 0.12208  ,  IoU: 0.83188  ,  Loss/sim: 1.30144  ,  Loss/distill: 1.21057
[train: Epoch 42, 150 / 2500] FPS: 10.6 (10.8)  ,  DataTime: 0.356 (0.002)  ,  ForwardTime: 0.209  ,  TotalTime: 0.567  ,  Loss/total: 0.67107  ,  Loss/giou: 0.18085  ,  Loss/l1: 0.01229  ,  Loss/location: 0.22304  ,  pro_loss: 0.12195  ,  IoU: 0.83254  ,  Loss/sim: 1.30632  ,  Loss/distill: 1.21533
[train: Epoch 42, 200 / 2500] FPS: 10.5 (13.0)  ,  DataTime: 0.361 (0.002)  ,  ForwardTime: 0.209  ,  TotalTime: 0.572  ,  Loss/total: 0.65660  ,  Loss/giou: 0.17660  ,  Loss/l1: 0.01187  ,  Loss/location: 0.21893  ,  pro_loss: 0.12320  ,  IoU: 0.83594  ,  Loss/sim: 1.30486  ,  Loss/distill: 1.21681
[train: Epoch 42, 250 / 2500] FPS: 10.4 (8.4)  ,  DataTime: 0.364 (0.002)  ,  ForwardTime: 0.209  ,  TotalTime: 0.575  ,  Loss/total: 0.65219  ,  Loss/giou: 0.17520  ,  Loss/l1: 0.01192  ,  Loss/location: 0.21699  ,  pro_loss: 0.12345  ,  IoU: 0.83738  ,  Loss/sim: 1.30311  ,  Loss/distill: 1.21849
[train: Epoch 42, 300 / 2500] FPS: 10.5 (9.4)  ,  DataTime: 0.361 (0.002)  ,  ForwardTime: 0.209  ,  TotalTime: 0.572  ,  Loss/total: 0.63599  ,  Loss/giou: 0.17024  ,  Loss/l1: 0.01131  ,  Loss/location: 0.21382  ,  pro_loss: 0.12324  ,  IoU: 0.84104  ,  Loss/sim: 1.29869  ,  Loss/distill: 1.21154
[train: Epoch 42, 350 / 2500] FPS: 10.3 (9.4)  ,  DataTime: 0.369 (0.002)  ,  ForwardTime: 0.209  ,  TotalTime: 0.580  ,  Loss/total: 0.64057  ,  Loss/giou: 0.17078  ,  Loss/l1: 0.01149  ,  Loss/location: 0.21646  ,  pro_loss: 0.12310  ,  IoU: 0.84077  ,  Loss/sim: 1.30076  ,  Loss/distill: 1.20947
[train: Epoch 42, 400 / 2500] FPS: 10.0 (10.7)  ,  DataTime: 0.387 (0.002)  ,  ForwardTime: 0.209  ,  TotalTime: 0.598  ,  Loss/total: 0.63930  ,  Loss/giou: 0.17054  ,  Loss/l1: 0.01155  ,  Loss/location: 0.21520  ,  pro_loss: 0.12396  ,  IoU: 0.84112  ,  Loss/sim: 1.29599  ,  Loss/distill: 1.20858
[train: Epoch 42, 450 / 2500] FPS: 10.0 (10.4)  ,  DataTime: 0.390 (0.002)  ,  ForwardTime: 0.209  ,  TotalTime: 0.600  ,  Loss/total: 0.64135  ,  Loss/giou: 0.17141  ,  Loss/l1: 0.01156  ,  Loss/location: 0.21545  ,  pro_loss: 0.12380  ,  IoU: 0.84042  ,  Loss/sim: 1.29484  ,  Loss/distill: 1.20758
[train: Epoch 42, 500 / 2500] FPS: 10.0 (12.5)  ,  DataTime: 0.386 (0.002)  ,  ForwardTime: 0.209  ,  TotalTime: 0.597  ,  Loss/total: 0.64211  ,  Loss/giou: 0.17186  ,  Loss/l1: 0.01168  ,  Loss/location: 0.21469  ,  pro_loss: 0.12397  ,  IoU: 0.84047  ,  Loss/sim: 1.29292  ,  Loss/distill: 1.20810
[train: Epoch 42, 550 / 2500] FPS: 10.1 (9.5)  ,  DataTime: 0.382 (0.002)  ,  ForwardTime: 0.209  ,  TotalTime: 0.593  ,  Loss/total: 0.64051  ,  Loss/giou: 0.17127  ,  Loss/l1: 0.01160  ,  Loss/location: 0.21471  ,  pro_loss: 0.12369  ,  IoU: 0.84085  ,  Loss/sim: 1.29964  ,  Loss/distill: 1.21126
[train: Epoch 42, 600 / 2500] FPS: 10.1 (9.3)  ,  DataTime: 0.381 (0.002)  ,  ForwardTime: 0.209  ,  TotalTime: 0.592  ,  Loss/total: 0.63747  ,  Loss/giou: 0.17064  ,  Loss/l1: 0.01153  ,  Loss/location: 0.21342  ,  pro_loss: 0.12296  ,  IoU: 0.84123  ,  Loss/sim: 1.30119  ,  Loss/distill: 1.21200
[train: Epoch 42, 650 / 2500] FPS: 10.1 (11.0)  ,  DataTime: 0.380 (0.002)  ,  ForwardTime: 0.209  ,  TotalTime: 0.591  ,  Loss/total: 0.63813  ,  Loss/giou: 0.17097  ,  Loss/l1: 0.01156  ,  Loss/location: 0.21335  ,  pro_loss: 0.12261  ,  IoU: 0.84102  ,  Loss/sim: 1.30102  ,  Loss/distill: 1.21050
[train: Epoch 42, 700 / 2500] FPS: 10.2 (16.6)  ,  DataTime: 0.379 (0.002)  ,  ForwardTime: 0.209  ,  TotalTime: 0.589  ,  Loss/total: 0.63744  ,  Loss/giou: 0.17077  ,  Loss/l1: 0.01158  ,  Loss/location: 0.21293  ,  pro_loss: 0.12274  ,  IoU: 0.84123  ,  Loss/sim: 1.30431  ,  Loss/distill: 1.21109
[train: Epoch 42, 750 / 2500] FPS: 10.2 (12.4)  ,  DataTime: 0.375 (0.002)  ,  ForwardTime: 0.209  ,  TotalTime: 0.586  ,  Loss/total: 0.63833  ,  Loss/giou: 0.17120  ,  Loss/l1: 0.01165  ,  Loss/location: 0.21255  ,  pro_loss: 0.12300  ,  IoU: 0.84096  ,  Loss/sim: 1.30349  ,  Loss/distill: 1.21146
[train: Epoch 42, 800 / 2500] FPS: 10.3 (13.7)  ,  DataTime: 0.375 (0.002)  ,  ForwardTime: 0.209  ,  TotalTime: 0.585  ,  Loss/total: 0.64297  ,  Loss/giou: 0.17243  ,  Loss/l1: 0.01190  ,  Loss/location: 0.21351  ,  pro_loss: 0.12302  ,  IoU: 0.84001  ,  Loss/sim: 1.30548  ,  Loss/distill: 1.21271
[train: Epoch 42, 850 / 2500] FPS: 10.2 (8.6)  ,  DataTime: 0.375 (0.002)  ,  ForwardTime: 0.209  ,  TotalTime: 0.586  ,  Loss/total: 0.64364  ,  Loss/giou: 0.17254  ,  Loss/l1: 0.01187  ,  Loss/location: 0.21405  ,  pro_loss: 0.12314  ,  IoU: 0.83983  ,  Loss/sim: 1.30664  ,  Loss/distill: 1.21245
[train: Epoch 42, 900 / 2500] FPS: 10.3 (13.2)  ,  DataTime: 0.374 (0.002)  ,  ForwardTime: 0.209  ,  TotalTime: 0.585  ,  Loss/total: 0.64413  ,  Loss/giou: 0.17252  ,  Loss/l1: 0.01188  ,  Loss/location: 0.21468  ,  pro_loss: 0.12239  ,  IoU: 0.83985  ,  Loss/sim: 1.30607  ,  Loss/distill: 1.21338
[train: Epoch 42, 950 / 2500] FPS: 10.3 (14.5)  ,  DataTime: 0.374 (0.002)  ,  ForwardTime: 0.209  ,  TotalTime: 0.584  ,  Loss/total: 0.64188  ,  Loss/giou: 0.17164  ,  Loss/l1: 0.01181  ,  Loss/location: 0.21461  ,  pro_loss: 0.12225  ,  IoU: 0.84058  ,  Loss/sim: 1.30522  ,  Loss/distill: 1.21379
[train: Epoch 42, 1000 / 2500] FPS: 10.2 (12.2)  ,  DataTime: 0.379 (0.002)  ,  ForwardTime: 0.209  ,  TotalTime: 0.589  ,  Loss/total: 0.64221  ,  Loss/giou: 0.17164  ,  Loss/l1: 0.01187  ,  Loss/location: 0.21471  ,  pro_loss: 0.12188  ,  IoU: 0.84061  ,  Loss/sim: 1.30592  ,  Loss/distill: 1.21329
[train: Epoch 42, 1050 / 2500] FPS: 10.2 (11.7)  ,  DataTime: 0.378 (0.002)  ,  ForwardTime: 0.209  ,  TotalTime: 0.589  ,  Loss/total: 0.64146  ,  Loss/giou: 0.17170  ,  Loss/l1: 0.01190  ,  Loss/location: 0.21371  ,  pro_loss: 0.12184  ,  IoU: 0.84063  ,  Loss/sim: 1.30538  ,  Loss/distill: 1.21274
[train: Epoch 42, 1100 / 2500] FPS: 10.2 (8.9)  ,  DataTime: 0.376 (0.002)  ,  ForwardTime: 0.209  ,  TotalTime: 0.587  ,  Loss/total: 0.63984  ,  Loss/giou: 0.17122  ,  Loss/l1: 0.01183  ,  Loss/location: 0.21336  ,  pro_loss: 0.12205  ,  IoU: 0.84095  ,  Loss/sim: 1.30643  ,  Loss/distill: 1.21431
[train: Epoch 42, 1150 / 2500] FPS: 10.2 (12.9)  ,  DataTime: 0.377 (0.002)  ,  ForwardTime: 0.209  ,  TotalTime: 0.587  ,  Loss/total: 0.64055  ,  Loss/giou: 0.17140  ,  Loss/l1: 0.01186  ,  Loss/location: 0.21350  ,  pro_loss: 0.12221  ,  IoU: 0.84084  ,  Loss/sim: 1.30662  ,  Loss/distill: 1.21477
[train: Epoch 42, 1200 / 2500] FPS: 10.2 (10.3)  ,  DataTime: 0.380 (0.002)  ,  ForwardTime: 0.209  ,  TotalTime: 0.591  ,  Loss/total: 0.63963  ,  Loss/giou: 0.17119  ,  Loss/l1: 0.01184  ,  Loss/location: 0.21306  ,  pro_loss: 0.12237  ,  IoU: 0.84098  ,  Loss/sim: 1.30709  ,  Loss/distill: 1.21456
[train: Epoch 42, 1250 / 2500] FPS: 10.2 (10.8)  ,  DataTime: 0.379 (0.002)  ,  ForwardTime: 0.209  ,  TotalTime: 0.590  ,  Loss/total: 0.64069  ,  Loss/giou: 0.17144  ,  Loss/l1: 0.01186  ,  Loss/location: 0.21349  ,  pro_loss: 0.12257  ,  IoU: 0.84081  ,  Loss/sim: 1.30684  ,  Loss/distill: 1.21503
[train: Epoch 42, 1300 / 2500] FPS: 10.2 (10.3)  ,  DataTime: 0.378 (0.002)  ,  ForwardTime: 0.209  ,  TotalTime: 0.588  ,  Loss/total: 0.64238  ,  Loss/giou: 0.17176  ,  Loss/l1: 0.01190  ,  Loss/location: 0.21433  ,  pro_loss: 0.12269  ,  IoU: 0.84054  ,  Loss/sim: 1.30738  ,  Loss/distill: 1.21531
[train: Epoch 42, 1350 / 2500] FPS: 10.2 (8.4)  ,  DataTime: 0.376 (0.002)  ,  ForwardTime: 0.209  ,  TotalTime: 0.587  ,  Loss/total: 0.64266  ,  Loss/giou: 0.17197  ,  Loss/l1: 0.01193  ,  Loss/location: 0.21401  ,  pro_loss: 0.12277  ,  IoU: 0.84038  ,  Loss/sim: 1.30626  ,  Loss/distill: 1.21471
[train: Epoch 42, 1400 / 2500] FPS: 10.2 (11.5)  ,  DataTime: 0.378 (0.002)  ,  ForwardTime: 0.209  ,  TotalTime: 0.589  ,  Loss/total: 0.64214  ,  Loss/giou: 0.17200  ,  Loss/l1: 0.01189  ,  Loss/location: 0.21364  ,  pro_loss: 0.12268  ,  IoU: 0.84026  ,  Loss/sim: 1.30707  ,  Loss/distill: 1.21490
[train: Epoch 42, 1450 / 2500] FPS: 10.2 (11.6)  ,  DataTime: 0.379 (0.002)  ,  ForwardTime: 0.209  ,  TotalTime: 0.590  ,  Loss/total: 0.64295  ,  Loss/giou: 0.17204  ,  Loss/l1: 0.01191  ,  Loss/location: 0.21427  ,  pro_loss: 0.12284  ,  IoU: 0.84025  ,  Loss/sim: 1.30658  ,  Loss/distill: 1.21406
[train: Epoch 42, 1500 / 2500] FPS: 10.2 (11.1)  ,  DataTime: 0.379 (0.002)  ,  ForwardTime: 0.209  ,  TotalTime: 0.589  ,  Loss/total: 0.64206  ,  Loss/giou: 0.17177  ,  Loss/l1: 0.01187  ,  Loss/location: 0.21409  ,  pro_loss: 0.12279  ,  IoU: 0.84044  ,  Loss/sim: 1.30712  ,  Loss/distill: 1.21353
[train: Epoch 42, 1550 / 2500] FPS: 10.2 (15.2)  ,  DataTime: 0.379 (0.002)  ,  ForwardTime: 0.209  ,  TotalTime: 0.589  ,  Loss/total: 0.64082  ,  Loss/giou: 0.17152  ,  Loss/l1: 0.01185  ,  Loss/location: 0.21347  ,  pro_loss: 0.12288  ,  IoU: 0.84064  ,  Loss/sim: 1.30701  ,  Loss/distill: 1.21330
[train: Epoch 42, 1600 / 2500] FPS: 10.2 (13.1)  ,  DataTime: 0.378 (0.002)  ,  ForwardTime: 0.209  ,  TotalTime: 0.589  ,  Loss/total: 0.64242  ,  Loss/giou: 0.17203  ,  Loss/l1: 0.01189  ,  Loss/location: 0.21384  ,  pro_loss: 0.12287  ,  IoU: 0.84021  ,  Loss/sim: 1.30666  ,  Loss/distill: 1.21404
[train: Epoch 42, 1650 / 2500] FPS: 10.2 (9.9)  ,  DataTime: 0.377 (0.002)  ,  ForwardTime: 0.209  ,  TotalTime: 0.588  ,  Loss/total: 0.64156  ,  Loss/giou: 0.17186  ,  Loss/l1: 0.01187  ,  Loss/location: 0.21339  ,  pro_loss: 0.12294  ,  IoU: 0.84033  ,  Loss/sim: 1.30677  ,  Loss/distill: 1.21399
[train: Epoch 42, 1700 / 2500] FPS: 10.2 (9.4)  ,  DataTime: 0.377 (0.002)  ,  ForwardTime: 0.209  ,  TotalTime: 0.587  ,  Loss/total: 0.64123  ,  Loss/giou: 0.17185  ,  Loss/l1: 0.01184  ,  Loss/location: 0.21321  ,  pro_loss: 0.12302  ,  IoU: 0.84033  ,  Loss/sim: 1.30690  ,  Loss/distill: 1.21359
[train: Epoch 42, 1750 / 2500] FPS: 10.2 (5.6)  ,  DataTime: 0.379 (0.002)  ,  ForwardTime: 0.209  ,  TotalTime: 0.590  ,  Loss/total: 0.64207  ,  Loss/giou: 0.17205  ,  Loss/l1: 0.01188  ,  Loss/location: 0.21348  ,  pro_loss: 0.12302  ,  IoU: 0.84020  ,  Loss/sim: 1.30801  ,  Loss/distill: 1.21343
[train: Epoch 42, 1800 / 2500] FPS: 10.2 (12.0)  ,  DataTime: 0.379 (0.002)  ,  ForwardTime: 0.209  ,  TotalTime: 0.590  ,  Loss/total: 0.64124  ,  Loss/giou: 0.17179  ,  Loss/l1: 0.01185  ,  Loss/location: 0.21329  ,  pro_loss: 0.12293  ,  IoU: 0.84038  ,  Loss/sim: 1.30790  ,  Loss/distill: 1.21288
[train: Epoch 42, 1850 / 2500] FPS: 10.2 (7.9)  ,  DataTime: 0.380 (0.002)  ,  ForwardTime: 0.209  ,  TotalTime: 0.591  ,  Loss/total: 0.64275  ,  Loss/giou: 0.17210  ,  Loss/l1: 0.01191  ,  Loss/location: 0.21388  ,  pro_loss: 0.12303  ,  IoU: 0.84019  ,  Loss/sim: 1.30711  ,  Loss/distill: 1.21268
[train: Epoch 42, 1900 / 2500] FPS: 10.2 (10.3)  ,  DataTime: 0.380 (0.002)  ,  ForwardTime: 0.209  ,  TotalTime: 0.591  ,  Loss/total: 0.64346  ,  Loss/giou: 0.17236  ,  Loss/l1: 0.01194  ,  Loss/location: 0.21393  ,  pro_loss: 0.12308  ,  IoU: 0.83999  ,  Loss/sim: 1.30762  ,  Loss/distill: 1.21249
[train: Epoch 42, 1950 / 2500] FPS: 10.2 (5.1)  ,  DataTime: 0.380 (0.002)  ,  ForwardTime: 0.209  ,  TotalTime: 0.591  ,  Loss/total: 0.64367  ,  Loss/giou: 0.17243  ,  Loss/l1: 0.01194  ,  Loss/location: 0.21400  ,  pro_loss: 0.12293  ,  IoU: 0.83995  ,  Loss/sim: 1.30752  ,  Loss/distill: 1.21242
[train: Epoch 42, 2000 / 2500] FPS: 10.1 (9.6)  ,  DataTime: 0.380 (0.002)  ,  ForwardTime: 0.209  ,  TotalTime: 0.591  ,  Loss/total: 0.64332  ,  Loss/giou: 0.17245  ,  Loss/l1: 0.01194  ,  Loss/location: 0.21365  ,  pro_loss: 0.12288  ,  IoU: 0.83990  ,  Loss/sim: 1.30809  ,  Loss/distill: 1.21243
[train: Epoch 42, 2050 / 2500] FPS: 10.2 (9.5)  ,  DataTime: 0.379 (0.002)  ,  ForwardTime: 0.209  ,  TotalTime: 0.590  ,  Loss/total: 0.64412  ,  Loss/giou: 0.17271  ,  Loss/l1: 0.01196  ,  Loss/location: 0.21382  ,  pro_loss: 0.12278  ,  IoU: 0.83972  ,  Loss/sim: 1.30682  ,  Loss/distill: 1.21249
[train: Epoch 42, 2100 / 2500] FPS: 10.2 (9.2)  ,  DataTime: 0.378 (0.002)  ,  ForwardTime: 0.209  ,  TotalTime: 0.589  ,  Loss/total: 0.64343  ,  Loss/giou: 0.17256  ,  Loss/l1: 0.01193  ,  Loss/location: 0.21364  ,  pro_loss: 0.12267  ,  IoU: 0.83981  ,  Loss/sim: 1.30718  ,  Loss/distill: 1.21286
[train: Epoch 42, 2150 / 2500] FPS: 10.2 (9.2)  ,  DataTime: 0.377 (0.002)  ,  ForwardTime: 0.209  ,  TotalTime: 0.588  ,  Loss/total: 0.64342  ,  Loss/giou: 0.17258  ,  Loss/l1: 0.01193  ,  Loss/location: 0.21357  ,  pro_loss: 0.12270  ,  IoU: 0.83981  ,  Loss/sim: 1.30594  ,  Loss/distill: 1.21261
[train: Epoch 42, 2200 / 2500] FPS: 10.2 (11.0)  ,  DataTime: 0.377 (0.002)  ,  ForwardTime: 0.209  ,  TotalTime: 0.587  ,  Loss/total: 0.64257  ,  Loss/giou: 0.17236  ,  Loss/l1: 0.01190  ,  Loss/location: 0.21331  ,  pro_loss: 0.12274  ,  IoU: 0.83999  ,  Loss/sim: 1.30673  ,  Loss/distill: 1.21264
[train: Epoch 42, 2250 / 2500] FPS: 10.2 (8.6)  ,  DataTime: 0.378 (0.002)  ,  ForwardTime: 0.209  ,  TotalTime: 0.588  ,  Loss/total: 0.64240  ,  Loss/giou: 0.17232  ,  Loss/l1: 0.01188  ,  Loss/location: 0.21334  ,  pro_loss: 0.12255  ,  IoU: 0.83999  ,  Loss/sim: 1.30696  ,  Loss/distill: 1.21237
[train: Epoch 42, 2300 / 2500] FPS: 10.2 (13.3)  ,  DataTime: 0.378 (0.002)  ,  ForwardTime: 0.209  ,  TotalTime: 0.589  ,  Loss/total: 0.64236  ,  Loss/giou: 0.17227  ,  Loss/l1: 0.01187  ,  Loss/location: 0.21353  ,  pro_loss: 0.12228  ,  IoU: 0.84001  ,  Loss/sim: 1.30740  ,  Loss/distill: 1.21203
[train: Epoch 42, 2350 / 2500] FPS: 10.2 (9.4)  ,  DataTime: 0.377 (0.002)  ,  ForwardTime: 0.209  ,  TotalTime: 0.588  ,  Loss/total: 0.64319  ,  Loss/giou: 0.17251  ,  Loss/l1: 0.01190  ,  Loss/location: 0.21373  ,  pro_loss: 0.12236  ,  IoU: 0.83985  ,  Loss/sim: 1.30787  ,  Loss/distill: 1.21234
[train: Epoch 42, 2400 / 2500] FPS: 10.2 (14.6)  ,  DataTime: 0.377 (0.002)  ,  ForwardTime: 0.209  ,  TotalTime: 0.588  ,  Loss/total: 0.64317  ,  Loss/giou: 0.17249  ,  Loss/l1: 0.01190  ,  Loss/location: 0.21371  ,  pro_loss: 0.12233  ,  IoU: 0.83983  ,  Loss/sim: 1.30708  ,  Loss/distill: 1.21197
[train: Epoch 42, 2450 / 2500] FPS: 10.2 (9.9)  ,  DataTime: 0.378 (0.002)  ,  ForwardTime: 0.209  ,  TotalTime: 0.590  ,  Loss/total: 0.64366  ,  Loss/giou: 0.17267  ,  Loss/l1: 0.01192  ,  Loss/location: 0.21368  ,  pro_loss: 0.12255  ,  IoU: 0.83968  ,  Loss/sim: 1.30736  ,  Loss/distill: 1.21226
[train: Epoch 42, 2500 / 2500] FPS: 10.2 (13.8)  ,  DataTime: 0.378 (0.002)  ,  ForwardTime: 0.209  ,  TotalTime: 0.589  ,  Loss/total: 0.64343  ,  Loss/giou: 0.17271  ,  Loss/l1: 0.01190  ,  Loss/location: 0.21347  ,  pro_loss: 0.12254  ,  IoU: 0.83961  ,  Loss/sim: 1.30672  ,  Loss/distill: 1.21192
[train: Epoch 43, 50 / 2500] FPS: 10.4 (10.0)  ,  DataTime: 0.366 (0.002)  ,  ForwardTime: 0.209  ,  TotalTime: 0.576  ,  Loss/total: 0.68395  ,  Loss/giou: 0.18186  ,  Loss/l1: 0.01282  ,  Loss/location: 0.23102  ,  pro_loss: 0.12306  ,  IoU: 0.83377  ,  Loss/sim: 1.26627  ,  Loss/distill: 1.20533
[train: Epoch 43, 100 / 2500] FPS: 10.6 (16.8)  ,  DataTime: 0.354 (0.002)  ,  ForwardTime: 0.209  ,  TotalTime: 0.565  ,  Loss/total: 0.64385  ,  Loss/giou: 0.17365  ,  Loss/l1: 0.01233  ,  Loss/location: 0.20891  ,  pro_loss: 0.12736  ,  IoU: 0.84058  ,  Loss/sim: 1.29424  ,  Loss/distill: 1.21319
[train: Epoch 43, 150 / 2500] FPS: 10.8 (8.5)  ,  DataTime: 0.347 (0.002)  ,  ForwardTime: 0.209  ,  TotalTime: 0.558  ,  Loss/total: 0.63872  ,  Loss/giou: 0.17100  ,  Loss/l1: 0.01222  ,  Loss/location: 0.21003  ,  pro_loss: 0.12556  ,  IoU: 0.84252  ,  Loss/sim: 1.29678  ,  Loss/distill: 1.21533
[train: Epoch 43, 200 / 2500] FPS: 10.8 (10.3)  ,  DataTime: 0.345 (0.002)  ,  ForwardTime: 0.209  ,  TotalTime: 0.556  ,  Loss/total: 0.64980  ,  Loss/giou: 0.17388  ,  Loss/l1: 0.01264  ,  Loss/location: 0.21328  ,  pro_loss: 0.12528  ,  IoU: 0.84017  ,  Loss/sim: 1.29853  ,  Loss/distill: 1.21507
[train: Epoch 43, 250 / 2500] FPS: 10.6 (9.8)  ,  DataTime: 0.354 (0.002)  ,  ForwardTime: 0.209  ,  TotalTime: 0.565  ,  Loss/total: 0.64531  ,  Loss/giou: 0.17216  ,  Loss/l1: 0.01232  ,  Loss/location: 0.21396  ,  pro_loss: 0.12467  ,  IoU: 0.84094  ,  Loss/sim: 1.29239  ,  Loss/distill: 1.21282
[train: Epoch 43, 300 / 2500] FPS: 10.6 (15.7)  ,  DataTime: 0.354 (0.002)  ,  ForwardTime: 0.209  ,  TotalTime: 0.566  ,  Loss/total: 0.63426  ,  Loss/giou: 0.16917  ,  Loss/l1: 0.01183  ,  Loss/location: 0.21128  ,  pro_loss: 0.12486  ,  IoU: 0.84303  ,  Loss/sim: 1.29996  ,  Loss/distill: 1.21256
[train: Epoch 43, 350 / 2500] FPS: 10.4 (11.9)  ,  DataTime: 0.368 (0.002)  ,  ForwardTime: 0.209  ,  TotalTime: 0.579  ,  Loss/total: 0.63942  ,  Loss/giou: 0.17050  ,  Loss/l1: 0.01197  ,  Loss/location: 0.21335  ,  pro_loss: 0.12361  ,  IoU: 0.84212  ,  Loss/sim: 1.30011  ,  Loss/distill: 1.21177
[train: Epoch 43, 400 / 2500] FPS: 10.4 (13.3)  ,  DataTime: 0.365 (0.002)  ,  ForwardTime: 0.209  ,  TotalTime: 0.576  ,  Loss/total: 0.63871  ,  Loss/giou: 0.17027  ,  Loss/l1: 0.01191  ,  Loss/location: 0.21333  ,  pro_loss: 0.12393  ,  IoU: 0.84219  ,  Loss/sim: 1.29981  ,  Loss/distill: 1.21261
[train: Epoch 43, 450 / 2500] FPS: 10.4 (11.3)  ,  DataTime: 0.366 (0.002)  ,  ForwardTime: 0.209  ,  TotalTime: 0.577  ,  Loss/total: 0.63077  ,  Loss/giou: 0.16848  ,  Loss/l1: 0.01175  ,  Loss/location: 0.20977  ,  pro_loss: 0.12401  ,  IoU: 0.84364  ,  Loss/sim: 1.29797  ,  Loss/distill: 1.21028
[train: Epoch 43, 500 / 2500] FPS: 10.3 (13.3)  ,  DataTime: 0.370 (0.002)  ,  ForwardTime: 0.209  ,  TotalTime: 0.581  ,  Loss/total: 0.63606  ,  Loss/giou: 0.16970  ,  Loss/l1: 0.01191  ,  Loss/location: 0.21180  ,  pro_loss: 0.12411  ,  IoU: 0.84268  ,  Loss/sim: 1.30105  ,  Loss/distill: 1.21014
[train: Epoch 43, 550 / 2500] FPS: 10.3 (10.3)  ,  DataTime: 0.369 (0.002)  ,  ForwardTime: 0.209  ,  TotalTime: 0.580  ,  Loss/total: 0.63596  ,  Loss/giou: 0.16934  ,  Loss/l1: 0.01174  ,  Loss/location: 0.21318  ,  pro_loss: 0.12445  ,  IoU: 0.84272  ,  Loss/sim: 1.29563  ,  Loss/distill: 1.20852
[train: Epoch 43, 600 / 2500] FPS: 10.3 (10.1)  ,  DataTime: 0.369 (0.002)  ,  ForwardTime: 0.209  ,  TotalTime: 0.580  ,  Loss/total: 0.63225  ,  Loss/giou: 0.16849  ,  Loss/l1: 0.01162  ,  Loss/location: 0.21172  ,  pro_loss: 0.12461  ,  IoU: 0.84321  ,  Loss/sim: 1.29794  ,  Loss/distill: 1.20949
[train: Epoch 43, 650 / 2500] FPS: 10.4 (9.1)  ,  DataTime: 0.368 (0.002)  ,  ForwardTime: 0.209  ,  TotalTime: 0.579  ,  Loss/total: 0.63041  ,  Loss/giou: 0.16798  ,  Loss/l1: 0.01153  ,  Loss/location: 0.21141  ,  pro_loss: 0.12438  ,  IoU: 0.84359  ,  Loss/sim: 1.29983  ,  Loss/distill: 1.20944
[train: Epoch 43, 700 / 2500] FPS: 10.4 (14.2)  ,  DataTime: 0.368 (0.002)  ,  ForwardTime: 0.209  ,  TotalTime: 0.579  ,  Loss/total: 0.62834  ,  Loss/giou: 0.16763  ,  Loss/l1: 0.01150  ,  Loss/location: 0.21028  ,  pro_loss: 0.12393  ,  IoU: 0.84394  ,  Loss/sim: 1.29815  ,  Loss/distill: 1.20834
[train: Epoch 43, 750 / 2500] FPS: 10.3 (10.4)  ,  DataTime: 0.372 (0.002)  ,  ForwardTime: 0.209  ,  TotalTime: 0.583  ,  Loss/total: 0.63147  ,  Loss/giou: 0.16865  ,  Loss/l1: 0.01165  ,  Loss/location: 0.21068  ,  pro_loss: 0.12365  ,  IoU: 0.84321  ,  Loss/sim: 1.29793  ,  Loss/distill: 1.20868
[train: Epoch 43, 800 / 2500] FPS: 10.3 (5.3)  ,  DataTime: 0.374 (0.002)  ,  ForwardTime: 0.209  ,  TotalTime: 0.585  ,  Loss/total: 0.63198  ,  Loss/giou: 0.16893  ,  Loss/l1: 0.01165  ,  Loss/location: 0.21069  ,  pro_loss: 0.12351  ,  IoU: 0.84291  ,  Loss/sim: 1.29927  ,  Loss/distill: 1.20783
[train: Epoch 43, 850 / 2500] FPS: 10.3 (10.6)  ,  DataTime: 0.373 (0.002)  ,  ForwardTime: 0.209  ,  TotalTime: 0.584  ,  Loss/total: 0.63331  ,  Loss/giou: 0.16946  ,  Loss/l1: 0.01173  ,  Loss/location: 0.21059  ,  pro_loss: 0.12330  ,  IoU: 0.84260  ,  Loss/sim: 1.29994  ,  Loss/distill: 1.20822
[train: Epoch 43, 900 / 2500] FPS: 10.3 (10.3)  ,  DataTime: 0.372 (0.002)  ,  ForwardTime: 0.209  ,  TotalTime: 0.583  ,  Loss/total: 0.63249  ,  Loss/giou: 0.16960  ,  Loss/l1: 0.01167  ,  Loss/location: 0.20983  ,  pro_loss: 0.12293  ,  IoU: 0.84228  ,  Loss/sim: 1.29833  ,  Loss/distill: 1.20785
[train: Epoch 43, 950 / 2500] FPS: 10.3 (11.8)  ,  DataTime: 0.372 (0.002)  ,  ForwardTime: 0.209  ,  TotalTime: 0.583  ,  Loss/total: 0.63100  ,  Loss/giou: 0.16923  ,  Loss/l1: 0.01162  ,  Loss/location: 0.20929  ,  pro_loss: 0.12314  ,  IoU: 0.84257  ,  Loss/sim: 1.29772  ,  Loss/distill: 1.20621
[train: Epoch 43, 1000 / 2500] FPS: 10.3 (11.6)  ,  DataTime: 0.371 (0.002)  ,  ForwardTime: 0.209  ,  TotalTime: 0.582  ,  Loss/total: 0.63004  ,  Loss/giou: 0.16912  ,  Loss/l1: 0.01157  ,  Loss/location: 0.20883  ,  pro_loss: 0.12322  ,  IoU: 0.84257  ,  Loss/sim: 1.29838  ,  Loss/distill: 1.20672
[train: Epoch 43, 1050 / 2500] FPS: 10.3 (10.1)  ,  DataTime: 0.371 (0.002)  ,  ForwardTime: 0.209  ,  TotalTime: 0.582  ,  Loss/total: 0.62991  ,  Loss/giou: 0.16918  ,  Loss/l1: 0.01154  ,  Loss/location: 0.20873  ,  pro_loss: 0.12322  ,  IoU: 0.84243  ,  Loss/sim: 1.29932  ,  Loss/distill: 1.20574
[train: Epoch 43, 1100 / 2500] FPS: 10.3 (12.3)  ,  DataTime: 0.371 (0.002)  ,  ForwardTime: 0.209  ,  TotalTime: 0.582  ,  Loss/total: 0.63034  ,  Loss/giou: 0.16935  ,  Loss/l1: 0.01157  ,  Loss/location: 0.20864  ,  pro_loss: 0.12317  ,  IoU: 0.84227  ,  Loss/sim: 1.29868  ,  Loss/distill: 1.20561
[train: Epoch 43, 1150 / 2500] FPS: 10.3 (9.4)  ,  DataTime: 0.371 (0.002)  ,  ForwardTime: 0.209  ,  TotalTime: 0.582  ,  Loss/total: 0.62893  ,  Loss/giou: 0.16931  ,  Loss/l1: 0.01156  ,  Loss/location: 0.20741  ,  pro_loss: 0.12294  ,  IoU: 0.84230  ,  Loss/sim: 1.29940  ,  Loss/distill: 1.20526
[train: Epoch 43, 1200 / 2500] FPS: 10.3 (12.4)  ,  DataTime: 0.370 (0.002)  ,  ForwardTime: 0.209  ,  TotalTime: 0.581  ,  Loss/total: 0.63136  ,  Loss/giou: 0.16959  ,  Loss/l1: 0.01162  ,  Loss/location: 0.20894  ,  pro_loss: 0.12315  ,  IoU: 0.84214  ,  Loss/sim: 1.29856  ,  Loss/distill: 1.20588
[train: Epoch 43, 1250 / 2500] FPS: 10.3 (9.3)  ,  DataTime: 0.371 (0.002)  ,  ForwardTime: 0.209  ,  TotalTime: 0.582  ,  Loss/total: 0.63158  ,  Loss/giou: 0.16956  ,  Loss/l1: 0.01164  ,  Loss/location: 0.20911  ,  pro_loss: 0.12337  ,  IoU: 0.84217  ,  Loss/sim: 1.29880  ,  Loss/distill: 1.20543
[train: Epoch 43, 1300 / 2500] FPS: 10.3 (13.9)  ,  DataTime: 0.371 (0.002)  ,  ForwardTime: 0.209  ,  TotalTime: 0.582  ,  Loss/total: 0.63206  ,  Loss/giou: 0.16977  ,  Loss/l1: 0.01164  ,  Loss/location: 0.20908  ,  pro_loss: 0.12361  ,  IoU: 0.84202  ,  Loss/sim: 1.29963  ,  Loss/distill: 1.20544
[train: Epoch 43, 1350 / 2500] FPS: 10.3 (10.9)  ,  DataTime: 0.374 (0.002)  ,  ForwardTime: 0.209  ,  TotalTime: 0.585  ,  Loss/total: 0.63049  ,  Loss/giou: 0.16939  ,  Loss/l1: 0.01163  ,  Loss/location: 0.20838  ,  pro_loss: 0.12338  ,  IoU: 0.84239  ,  Loss/sim: 1.30035  ,  Loss/distill: 1.20486
[train: Epoch 43, 1400 / 2500] FPS: 10.3 (14.0)  ,  DataTime: 0.374 (0.002)  ,  ForwardTime: 0.209  ,  TotalTime: 0.585  ,  Loss/total: 0.62983  ,  Loss/giou: 0.16903  ,  Loss/l1: 0.01163  ,  Loss/location: 0.20842  ,  pro_loss: 0.12349  ,  IoU: 0.84276  ,  Loss/sim: 1.30122  ,  Loss/distill: 1.20517
[train: Epoch 43, 1450 / 2500] FPS: 10.3 (10.9)  ,  DataTime: 0.373 (0.002)  ,  ForwardTime: 0.209  ,  TotalTime: 0.584  ,  Loss/total: 0.63128  ,  Loss/giou: 0.16937  ,  Loss/l1: 0.01168  ,  Loss/location: 0.20895  ,  pro_loss: 0.12353  ,  IoU: 0.84251  ,  Loss/sim: 1.30083  ,  Loss/distill: 1.20529
[train: Epoch 43, 1500 / 2500] FPS: 10.3 (11.5)  ,  DataTime: 0.372 (0.002)  ,  ForwardTime: 0.209  ,  TotalTime: 0.583  ,  Loss/total: 0.63120  ,  Loss/giou: 0.16946  ,  Loss/l1: 0.01169  ,  Loss/location: 0.20861  ,  pro_loss: 0.12358  ,  IoU: 0.84245  ,  Loss/sim: 1.30182  ,  Loss/distill: 1.20543
[train: Epoch 43, 1550 / 2500] FPS: 10.3 (11.7)  ,  DataTime: 0.370 (0.002)  ,  ForwardTime: 0.209  ,  TotalTime: 0.581  ,  Loss/total: 0.63165  ,  Loss/giou: 0.16957  ,  Loss/l1: 0.01169  ,  Loss/location: 0.20885  ,  pro_loss: 0.12341  ,  IoU: 0.84234  ,  Loss/sim: 1.30182  ,  Loss/distill: 1.20635
[train: Epoch 43, 1600 / 2500] FPS: 10.3 (13.4)  ,  DataTime: 0.370 (0.002)  ,  ForwardTime: 0.209  ,  TotalTime: 0.581  ,  Loss/total: 0.63196  ,  Loss/giou: 0.16968  ,  Loss/l1: 0.01169  ,  Loss/location: 0.20895  ,  pro_loss: 0.12340  ,  IoU: 0.84221  ,  Loss/sim: 1.30168  ,  Loss/distill: 1.20653
[train: Epoch 43, 1650 / 2500] FPS: 10.3 (12.0)  ,  DataTime: 0.370 (0.002)  ,  ForwardTime: 0.209  ,  TotalTime: 0.581  ,  Loss/total: 0.63226  ,  Loss/giou: 0.16984  ,  Loss/l1: 0.01174  ,  Loss/location: 0.20869  ,  pro_loss: 0.12346  ,  IoU: 0.84212  ,  Loss/sim: 1.30289  ,  Loss/distill: 1.20676
[train: Epoch 43, 1700 / 2500] FPS: 10.3 (7.3)  ,  DataTime: 0.370 (0.002)  ,  ForwardTime: 0.209  ,  TotalTime: 0.581  ,  Loss/total: 0.63246  ,  Loss/giou: 0.16986  ,  Loss/l1: 0.01175  ,  Loss/location: 0.20871  ,  pro_loss: 0.12375  ,  IoU: 0.84215  ,  Loss/sim: 1.30340  ,  Loss/distill: 1.20686
[train: Epoch 43, 1750 / 2500] FPS: 10.3 (10.9)  ,  DataTime: 0.369 (0.002)  ,  ForwardTime: 0.209  ,  TotalTime: 0.580  ,  Loss/total: 0.63353  ,  Loss/giou: 0.17018  ,  Loss/l1: 0.01179  ,  Loss/location: 0.20900  ,  pro_loss: 0.12355  ,  IoU: 0.84190  ,  Loss/sim: 1.30414  ,  Loss/distill: 1.20714
[train: Epoch 43, 1800 / 2500] FPS: 10.3 (12.1)  ,  DataTime: 0.369 (0.002)  ,  ForwardTime: 0.209  ,  TotalTime: 0.580  ,  Loss/total: 0.63530  ,  Loss/giou: 0.17058  ,  Loss/l1: 0.01183  ,  Loss/location: 0.20984  ,  pro_loss: 0.12338  ,  IoU: 0.84161  ,  Loss/sim: 1.30448  ,  Loss/distill: 1.20711
[train: Epoch 43, 1850 / 2500] FPS: 10.3 (10.8)  ,  DataTime: 0.369 (0.002)  ,  ForwardTime: 0.209  ,  TotalTime: 0.580  ,  Loss/total: 0.63476  ,  Loss/giou: 0.17046  ,  Loss/l1: 0.01181  ,  Loss/location: 0.20960  ,  pro_loss: 0.12334  ,  IoU: 0.84167  ,  Loss/sim: 1.30370  ,  Loss/distill: 1.20675
[train: Epoch 43, 1900 / 2500] FPS: 10.3 (10.2)  ,  DataTime: 0.374 (0.002)  ,  ForwardTime: 0.209  ,  TotalTime: 0.585  ,  Loss/total: 0.63515  ,  Loss/giou: 0.17048  ,  Loss/l1: 0.01179  ,  Loss/location: 0.21002  ,  pro_loss: 0.12344  ,  IoU: 0.84160  ,  Loss/sim: 1.30456  ,  Loss/distill: 1.20630
[train: Epoch 43, 1950 / 2500] FPS: 10.2 (9.3)  ,  DataTime: 0.375 (0.002)  ,  ForwardTime: 0.209  ,  TotalTime: 0.586  ,  Loss/total: 0.63414  ,  Loss/giou: 0.17015  ,  Loss/l1: 0.01174  ,  Loss/location: 0.20994  ,  pro_loss: 0.12336  ,  IoU: 0.84187  ,  Loss/sim: 1.30344  ,  Loss/distill: 1.20590
[train: Epoch 43, 2000 / 2500] FPS: 10.2 (8.3)  ,  DataTime: 0.375 (0.002)  ,  ForwardTime: 0.209  ,  TotalTime: 0.586  ,  Loss/total: 0.63371  ,  Loss/giou: 0.16994  ,  Loss/l1: 0.01173  ,  Loss/location: 0.21004  ,  pro_loss: 0.12326  ,  IoU: 0.84203  ,  Loss/sim: 1.30378  ,  Loss/distill: 1.20584
[train: Epoch 43, 2050 / 2500] FPS: 10.2 (1.0)  ,  DataTime: 0.377 (0.002)  ,  ForwardTime: 0.209  ,  TotalTime: 0.588  ,  Loss/total: 0.63343  ,  Loss/giou: 0.16986  ,  Loss/l1: 0.01171  ,  Loss/location: 0.20995  ,  pro_loss: 0.12346  ,  IoU: 0.84207  ,  Loss/sim: 1.30355  ,  Loss/distill: 1.20561
[train: Epoch 43, 2100 / 2500] FPS: 10.2 (8.8)  ,  DataTime: 0.378 (0.002)  ,  ForwardTime: 0.209  ,  TotalTime: 0.589  ,  Loss/total: 0.63480  ,  Loss/giou: 0.17019  ,  Loss/l1: 0.01175  ,  Loss/location: 0.21048  ,  pro_loss: 0.12351  ,  IoU: 0.84182  ,  Loss/sim: 1.30384  ,  Loss/distill: 1.20584
[train: Epoch 43, 2150 / 2500] FPS: 10.2 (8.2)  ,  DataTime: 0.379 (0.002)  ,  ForwardTime: 0.209  ,  TotalTime: 0.590  ,  Loss/total: 0.63380  ,  Loss/giou: 0.17000  ,  Loss/l1: 0.01173  ,  Loss/location: 0.20989  ,  pro_loss: 0.12367  ,  IoU: 0.84200  ,  Loss/sim: 1.30347  ,  Loss/distill: 1.20522
[train: Epoch 43, 2200 / 2500] FPS: 10.2 (6.6)  ,  DataTime: 0.380 (0.002)  ,  ForwardTime: 0.209  ,  TotalTime: 0.591  ,  Loss/total: 0.63355  ,  Loss/giou: 0.16995  ,  Loss/l1: 0.01174  ,  Loss/location: 0.20974  ,  pro_loss: 0.12362  ,  IoU: 0.84208  ,  Loss/sim: 1.30311  ,  Loss/distill: 1.20544
[train: Epoch 43, 2250 / 2500] FPS: 10.1 (8.5)  ,  DataTime: 0.381 (0.002)  ,  ForwardTime: 0.209  ,  TotalTime: 0.592  ,  Loss/total: 0.63380  ,  Loss/giou: 0.16987  ,  Loss/l1: 0.01174  ,  Loss/location: 0.21009  ,  pro_loss: 0.12383  ,  IoU: 0.84217  ,  Loss/sim: 1.30293  ,  Loss/distill: 1.20471
[train: Epoch 43, 2300 / 2500] FPS: 10.2 (12.5)  ,  DataTime: 0.380 (0.002)  ,  ForwardTime: 0.209  ,  TotalTime: 0.591  ,  Loss/total: 0.63377  ,  Loss/giou: 0.16987  ,  Loss/l1: 0.01175  ,  Loss/location: 0.21004  ,  pro_loss: 0.12371  ,  IoU: 0.84218  ,  Loss/sim: 1.30270  ,  Loss/distill: 1.20459
[train: Epoch 43, 2350 / 2500] FPS: 10.1 (14.9)  ,  DataTime: 0.380 (0.002)  ,  ForwardTime: 0.209  ,  TotalTime: 0.591  ,  Loss/total: 0.63494  ,  Loss/giou: 0.17012  ,  Loss/l1: 0.01179  ,  Loss/location: 0.21052  ,  pro_loss: 0.12365  ,  IoU: 0.84203  ,  Loss/sim: 1.30260  ,  Loss/distill: 1.20466
[train: Epoch 43, 2400 / 2500] FPS: 10.1 (11.4)  ,  DataTime: 0.385 (0.002)  ,  ForwardTime: 0.209  ,  TotalTime: 0.596  ,  Loss/total: 0.63487  ,  Loss/giou: 0.17019  ,  Loss/l1: 0.01179  ,  Loss/location: 0.21029  ,  pro_loss: 0.12379  ,  IoU: 0.84196  ,  Loss/sim: 1.30258  ,  Loss/distill: 1.20490
[train: Epoch 43, 2450 / 2500] FPS: 10.1 (9.8)  ,  DataTime: 0.385 (0.002)  ,  ForwardTime: 0.209  ,  TotalTime: 0.596  ,  Loss/total: 0.63481  ,  Loss/giou: 0.17022  ,  Loss/l1: 0.01179  ,  Loss/location: 0.21013  ,  pro_loss: 0.12391  ,  IoU: 0.84195  ,  Loss/sim: 1.30240  ,  Loss/distill: 1.20473
[train: Epoch 43, 2500 / 2500] FPS: 10.1 (10.0)  ,  DataTime: 0.384 (0.002)  ,  ForwardTime: 0.209  ,  TotalTime: 0.595  ,  Loss/total: 0.63544  ,  Loss/giou: 0.17034  ,  Loss/l1: 0.01181  ,  Loss/location: 0.21040  ,  pro_loss: 0.12390  ,  IoU: 0.84188  ,  Loss/sim: 1.30210  ,  Loss/distill: 1.20423
[train: Epoch 44, 50 / 2500] FPS: 9.9 (8.2)  ,  DataTime: 0.394 (0.002)  ,  ForwardTime: 0.209  ,  TotalTime: 0.605  ,  Loss/total: 0.59818  ,  Loss/giou: 0.16003  ,  Loss/l1: 0.01102  ,  Loss/location: 0.19701  ,  pro_loss: 0.12750  ,  IoU: 0.85208  ,  Loss/sim: 1.29588  ,  Loss/distill: 1.18758
[train: Epoch 44, 100 / 2500] FPS: 10.0 (8.7)  ,  DataTime: 0.390 (0.002)  ,  ForwardTime: 0.209  ,  TotalTime: 0.601  ,  Loss/total: 0.64140  ,  Loss/giou: 0.17453  ,  Loss/l1: 0.01256  ,  Loss/location: 0.20475  ,  pro_loss: 0.12139  ,  IoU: 0.84017  ,  Loss/sim: 1.30749  ,  Loss/distill: 1.20550
[train: Epoch 44, 150 / 2500] FPS: 9.9 (11.2)  ,  DataTime: 0.394 (0.002)  ,  ForwardTime: 0.209  ,  TotalTime: 0.605  ,  Loss/total: 0.64099  ,  Loss/giou: 0.17265  ,  Loss/l1: 0.01214  ,  Loss/location: 0.20999  ,  pro_loss: 0.12250  ,  IoU: 0.84101  ,  Loss/sim: 1.30474  ,  Loss/distill: 1.20150
[train: Epoch 44, 200 / 2500] FPS: 10.1 (11.2)  ,  DataTime: 0.382 (0.002)  ,  ForwardTime: 0.209  ,  TotalTime: 0.593  ,  Loss/total: 0.62928  ,  Loss/giou: 0.17008  ,  Loss/l1: 0.01175  ,  Loss/location: 0.20507  ,  pro_loss: 0.12403  ,  IoU: 0.84271  ,  Loss/sim: 1.29669  ,  Loss/distill: 1.19738
[train: Epoch 44, 250 / 2500] FPS: 10.3 (13.6)  ,  DataTime: 0.372 (0.002)  ,  ForwardTime: 0.209  ,  TotalTime: 0.583  ,  Loss/total: 0.61823  ,  Loss/giou: 0.16691  ,  Loss/l1: 0.01154  ,  Loss/location: 0.20141  ,  pro_loss: 0.12400  ,  IoU: 0.84527  ,  Loss/sim: 1.29780  ,  Loss/distill: 1.19777
[train: Epoch 44, 300 / 2500] FPS: 10.3 (7.3)  ,  DataTime: 0.373 (0.002)  ,  ForwardTime: 0.209  ,  TotalTime: 0.584  ,  Loss/total: 0.62900  ,  Loss/giou: 0.17000  ,  Loss/l1: 0.01190  ,  Loss/location: 0.20420  ,  pro_loss: 0.12389  ,  IoU: 0.84281  ,  Loss/sim: 1.29883  ,  Loss/distill: 1.19767
[train: Epoch 44, 350 / 2500] FPS: 10.3 (12.1)  ,  DataTime: 0.371 (0.002)  ,  ForwardTime: 0.209  ,  TotalTime: 0.582  ,  Loss/total: 0.62584  ,  Loss/giou: 0.16928  ,  Loss/l1: 0.01188  ,  Loss/location: 0.20281  ,  pro_loss: 0.12302  ,  IoU: 0.84348  ,  Loss/sim: 1.29714  ,  Loss/distill: 1.19657
[train: Epoch 44, 400 / 2500] FPS: 10.4 (11.4)  ,  DataTime: 0.368 (0.002)  ,  ForwardTime: 0.209  ,  TotalTime: 0.579  ,  Loss/total: 0.62590  ,  Loss/giou: 0.16879  ,  Loss/l1: 0.01180  ,  Loss/location: 0.20400  ,  pro_loss: 0.12420  ,  IoU: 0.84366  ,  Loss/sim: 1.29576  ,  Loss/distill: 1.19873
[train: Epoch 44, 450 / 2500] FPS: 10.4 (9.7)  ,  DataTime: 0.367 (0.002)  ,  ForwardTime: 0.209  ,  TotalTime: 0.578  ,  Loss/total: 0.63408  ,  Loss/giou: 0.17086  ,  Loss/l1: 0.01201  ,  Loss/location: 0.20698  ,  pro_loss: 0.12404  ,  IoU: 0.84211  ,  Loss/sim: 1.29191  ,  Loss/distill: 1.19784
[train: Epoch 44, 500 / 2500] FPS: 10.4 (9.8)  ,  DataTime: 0.366 (0.002)  ,  ForwardTime: 0.209  ,  TotalTime: 0.577  ,  Loss/total: 0.63882  ,  Loss/giou: 0.17220  ,  Loss/l1: 0.01220  ,  Loss/location: 0.20813  ,  pro_loss: 0.12386  ,  IoU: 0.84093  ,  Loss/sim: 1.29345  ,  Loss/distill: 1.19819
[train: Epoch 44, 550 / 2500] FPS: 10.4 (11.0)  ,  DataTime: 0.365 (0.002)  ,  ForwardTime: 0.209  ,  TotalTime: 0.576  ,  Loss/total: 0.64087  ,  Loss/giou: 0.17286  ,  Loss/l1: 0.01221  ,  Loss/location: 0.20887  ,  pro_loss: 0.12371  ,  IoU: 0.84034  ,  Loss/sim: 1.29166  ,  Loss/distill: 1.19832
[train: Epoch 44, 600 / 2500] FPS: 10.4 (10.8)  ,  DataTime: 0.369 (0.002)  ,  ForwardTime: 0.209  ,  TotalTime: 0.579  ,  Loss/total: 0.64664  ,  Loss/giou: 0.17407  ,  Loss/l1: 0.01235  ,  Loss/location: 0.21140  ,  pro_loss: 0.12431  ,  IoU: 0.83946  ,  Loss/sim: 1.29323  ,  Loss/distill: 1.19857
[train: Epoch 44, 650 / 2500] FPS: 10.2 (11.0)  ,  DataTime: 0.376 (0.002)  ,  ForwardTime: 0.209  ,  TotalTime: 0.587  ,  Loss/total: 0.65041  ,  Loss/giou: 0.17452  ,  Loss/l1: 0.01237  ,  Loss/location: 0.21431  ,  pro_loss: 0.12347  ,  IoU: 0.83894  ,  Loss/sim: 1.29315  ,  Loss/distill: 1.19923
[train: Epoch 44, 700 / 2500] FPS: 10.2 (10.1)  ,  DataTime: 0.377 (0.002)  ,  ForwardTime: 0.209  ,  TotalTime: 0.588  ,  Loss/total: 0.64823  ,  Loss/giou: 0.17390  ,  Loss/l1: 0.01228  ,  Loss/location: 0.21384  ,  pro_loss: 0.12354  ,  IoU: 0.83940  ,  Loss/sim: 1.29161  ,  Loss/distill: 1.19705
[train: Epoch 44, 750 / 2500] FPS: 10.2 (11.6)  ,  DataTime: 0.375 (0.002)  ,  ForwardTime: 0.209  ,  TotalTime: 0.586  ,  Loss/total: 0.64532  ,  Loss/giou: 0.17350  ,  Loss/l1: 0.01221  ,  Loss/location: 0.21206  ,  pro_loss: 0.12360  ,  IoU: 0.83970  ,  Loss/sim: 1.29299  ,  Loss/distill: 1.19789
[train: Epoch 44, 800 / 2500] FPS: 10.2 (7.0)  ,  DataTime: 0.375 (0.002)  ,  ForwardTime: 0.209  ,  TotalTime: 0.586  ,  Loss/total: 0.64599  ,  Loss/giou: 0.17388  ,  Loss/l1: 0.01218  ,  Loss/location: 0.21202  ,  pro_loss: 0.12398  ,  IoU: 0.83926  ,  Loss/sim: 1.29437  ,  Loss/distill: 1.19804
[train: Epoch 44, 850 / 2500] FPS: 10.2 (10.5)  ,  DataTime: 0.376 (0.002)  ,  ForwardTime: 0.209  ,  TotalTime: 0.586  ,  Loss/total: 0.64563  ,  Loss/giou: 0.17392  ,  Loss/l1: 0.01216  ,  Loss/location: 0.21166  ,  pro_loss: 0.12401  ,  IoU: 0.83916  ,  Loss/sim: 1.29487  ,  Loss/distill: 1.19812
[train: Epoch 44, 900 / 2500] FPS: 10.2 (10.3)  ,  DataTime: 0.379 (0.002)  ,  ForwardTime: 0.209  ,  TotalTime: 0.590  ,  Loss/total: 0.64521  ,  Loss/giou: 0.17367  ,  Loss/l1: 0.01210  ,  Loss/location: 0.21205  ,  pro_loss: 0.12409  ,  IoU: 0.83925  ,  Loss/sim: 1.29410  ,  Loss/distill: 1.19705
[train: Epoch 44, 950 / 2500] FPS: 10.2 (10.8)  ,  DataTime: 0.379 (0.002)  ,  ForwardTime: 0.209  ,  TotalTime: 0.590  ,  Loss/total: 0.64697  ,  Loss/giou: 0.17406  ,  Loss/l1: 0.01219  ,  Loss/location: 0.21251  ,  pro_loss: 0.12430  ,  IoU: 0.83896  ,  Loss/sim: 1.29485  ,  Loss/distill: 1.19669
[train: Epoch 44, 1000 / 2500] FPS: 10.2 (11.1)  ,  DataTime: 0.379 (0.002)  ,  ForwardTime: 0.209  ,  TotalTime: 0.590  ,  Loss/total: 0.64596  ,  Loss/giou: 0.17386  ,  Loss/l1: 0.01215  ,  Loss/location: 0.21213  ,  pro_loss: 0.12446  ,  IoU: 0.83907  ,  Loss/sim: 1.29526  ,  Loss/distill: 1.19647
[train: Epoch 44, 1050 / 2500] FPS: 10.2 (13.5)  ,  DataTime: 0.379 (0.002)  ,  ForwardTime: 0.209  ,  TotalTime: 0.590  ,  Loss/total: 0.64351  ,  Loss/giou: 0.17340  ,  Loss/l1: 0.01207  ,  Loss/location: 0.21097  ,  pro_loss: 0.12445  ,  IoU: 0.83943  ,  Loss/sim: 1.29394  ,  Loss/distill: 1.19640
[train: Epoch 44, 1100 / 2500] FPS: 10.2 (11.4)  ,  DataTime: 0.380 (0.002)  ,  ForwardTime: 0.209  ,  TotalTime: 0.591  ,  Loss/total: 0.64353  ,  Loss/giou: 0.17323  ,  Loss/l1: 0.01208  ,  Loss/location: 0.21125  ,  pro_loss: 0.12465  ,  IoU: 0.83964  ,  Loss/sim: 1.29363  ,  Loss/distill: 1.19635
[train: Epoch 44, 1150 / 2500] FPS: 10.2 (11.3)  ,  DataTime: 0.378 (0.002)  ,  ForwardTime: 0.209  ,  TotalTime: 0.589  ,  Loss/total: 0.64434  ,  Loss/giou: 0.17317  ,  Loss/l1: 0.01212  ,  Loss/location: 0.21191  ,  pro_loss: 0.12493  ,  IoU: 0.83978  ,  Loss/sim: 1.29284  ,  Loss/distill: 1.19655
[train: Epoch 44, 1200 / 2500] FPS: 10.2 (11.7)  ,  DataTime: 0.377 (0.002)  ,  ForwardTime: 0.209  ,  TotalTime: 0.588  ,  Loss/total: 0.64267  ,  Loss/giou: 0.17260  ,  Loss/l1: 0.01204  ,  Loss/location: 0.21177  ,  pro_loss: 0.12496  ,  IoU: 0.84016  ,  Loss/sim: 1.29256  ,  Loss/distill: 1.19659
[train: Epoch 44, 1250 / 2500] FPS: 10.2 (7.5)  ,  DataTime: 0.376 (0.002)  ,  ForwardTime: 0.209  ,  TotalTime: 0.587  ,  Loss/total: 0.64230  ,  Loss/giou: 0.17259  ,  Loss/l1: 0.01205  ,  Loss/location: 0.21144  ,  pro_loss: 0.12476  ,  IoU: 0.84018  ,  Loss/sim: 1.29431  ,  Loss/distill: 1.19689
[train: Epoch 44, 1300 / 2500] FPS: 10.2 (7.5)  ,  DataTime: 0.377 (0.002)  ,  ForwardTime: 0.209  ,  TotalTime: 0.588  ,  Loss/total: 0.64295  ,  Loss/giou: 0.17265  ,  Loss/l1: 0.01207  ,  Loss/location: 0.21187  ,  pro_loss: 0.12469  ,  IoU: 0.84012  ,  Loss/sim: 1.29489  ,  Loss/distill: 1.19693
[train: Epoch 44, 1350 / 2500] FPS: 10.2 (10.0)  ,  DataTime: 0.375 (0.002)  ,  ForwardTime: 0.209  ,  TotalTime: 0.586  ,  Loss/total: 0.64133  ,  Loss/giou: 0.17229  ,  Loss/l1: 0.01201  ,  Loss/location: 0.21131  ,  pro_loss: 0.12451  ,  IoU: 0.84035  ,  Loss/sim: 1.29414  ,  Loss/distill: 1.19697
[train: Epoch 44, 1400 / 2500] FPS: 10.2 (14.3)  ,  DataTime: 0.375 (0.002)  ,  ForwardTime: 0.209  ,  TotalTime: 0.586  ,  Loss/total: 0.64063  ,  Loss/giou: 0.17218  ,  Loss/l1: 0.01195  ,  Loss/location: 0.21110  ,  pro_loss: 0.12460  ,  IoU: 0.84037  ,  Loss/sim: 1.29492  ,  Loss/distill: 1.19660
[train: Epoch 44, 1450 / 2500] FPS: 10.3 (11.8)  ,  DataTime: 0.374 (0.002)  ,  ForwardTime: 0.209  ,  TotalTime: 0.585  ,  Loss/total: 0.64073  ,  Loss/giou: 0.17230  ,  Loss/l1: 0.01193  ,  Loss/location: 0.21104  ,  pro_loss: 0.12456  ,  IoU: 0.84029  ,  Loss/sim: 1.29422  ,  Loss/distill: 1.19641
[train: Epoch 44, 1500 / 2500] FPS: 10.2 (12.6)  ,  DataTime: 0.374 (0.002)  ,  ForwardTime: 0.210  ,  TotalTime: 0.586  ,  Loss/total: 0.63934  ,  Loss/giou: 0.17189  ,  Loss/l1: 0.01189  ,  Loss/location: 0.21070  ,  pro_loss: 0.12453  ,  IoU: 0.84062  ,  Loss/sim: 1.29495  ,  Loss/distill: 1.19739
[train: Epoch 44, 1550 / 2500] FPS: 10.3 (12.6)  ,  DataTime: 0.373 (0.002)  ,  ForwardTime: 0.209  ,  TotalTime: 0.584  ,  Loss/total: 0.63929  ,  Loss/giou: 0.17186  ,  Loss/l1: 0.01190  ,  Loss/location: 0.21068  ,  pro_loss: 0.12450  ,  IoU: 0.84061  ,  Loss/sim: 1.29522  ,  Loss/distill: 1.19777
[train: Epoch 44, 1600 / 2500] FPS: 10.3 (10.6)  ,  DataTime: 0.374 (0.002)  ,  ForwardTime: 0.209  ,  TotalTime: 0.585  ,  Loss/total: 0.63938  ,  Loss/giou: 0.17177  ,  Loss/l1: 0.01191  ,  Loss/location: 0.21091  ,  pro_loss: 0.12445  ,  IoU: 0.84072  ,  Loss/sim: 1.29476  ,  Loss/distill: 1.19756
[train: Epoch 44, 1650 / 2500] FPS: 10.3 (8.8)  ,  DataTime: 0.374 (0.002)  ,  ForwardTime: 0.209  ,  TotalTime: 0.585  ,  Loss/total: 0.63910  ,  Loss/giou: 0.17181  ,  Loss/l1: 0.01190  ,  Loss/location: 0.21063  ,  pro_loss: 0.12420  ,  IoU: 0.84069  ,  Loss/sim: 1.29622  ,  Loss/distill: 1.19829
[train: Epoch 44, 1700 / 2500] FPS: 10.3 (9.4)  ,  DataTime: 0.373 (0.002)  ,  ForwardTime: 0.209  ,  TotalTime: 0.584  ,  Loss/total: 0.64015  ,  Loss/giou: 0.17215  ,  Loss/l1: 0.01193  ,  Loss/location: 0.21083  ,  pro_loss: 0.12432  ,  IoU: 0.84043  ,  Loss/sim: 1.29623  ,  Loss/distill: 1.19910
[train: Epoch 44, 1750 / 2500] FPS: 10.2 (13.3)  ,  DataTime: 0.377 (0.002)  ,  ForwardTime: 0.209  ,  TotalTime: 0.589  ,  Loss/total: 0.64035  ,  Loss/giou: 0.17218  ,  Loss/l1: 0.01195  ,  Loss/location: 0.21087  ,  pro_loss: 0.12429  ,  IoU: 0.84040  ,  Loss/sim: 1.29662  ,  Loss/distill: 1.19933
[train: Epoch 44, 1800 / 2500] FPS: 10.2 (12.2)  ,  DataTime: 0.377 (0.002)  ,  ForwardTime: 0.209  ,  TotalTime: 0.589  ,  Loss/total: 0.63982  ,  Loss/giou: 0.17212  ,  Loss/l1: 0.01194  ,  Loss/location: 0.21057  ,  pro_loss: 0.12408  ,  IoU: 0.84041  ,  Loss/sim: 1.29645  ,  Loss/distill: 1.19938
[train: Epoch 44, 1850 / 2500] FPS: 10.2 (11.7)  ,  DataTime: 0.378 (0.002)  ,  ForwardTime: 0.209  ,  TotalTime: 0.589  ,  Loss/total: 0.64024  ,  Loss/giou: 0.17215  ,  Loss/l1: 0.01194  ,  Loss/location: 0.21088  ,  pro_loss: 0.12419  ,  IoU: 0.84038  ,  Loss/sim: 1.29692  ,  Loss/distill: 1.19995
[train: Epoch 44, 1900 / 2500] FPS: 10.2 (10.8)  ,  DataTime: 0.379 (0.002)  ,  ForwardTime: 0.209  ,  TotalTime: 0.590  ,  Loss/total: 0.64013  ,  Loss/giou: 0.17215  ,  Loss/l1: 0.01193  ,  Loss/location: 0.21082  ,  pro_loss: 0.12434  ,  IoU: 0.84033  ,  Loss/sim: 1.29647  ,  Loss/distill: 1.20008
[train: Epoch 44, 1950 / 2500] FPS: 10.2 (11.8)  ,  DataTime: 0.379 (0.002)  ,  ForwardTime: 0.209  ,  TotalTime: 0.591  ,  Loss/total: 0.63985  ,  Loss/giou: 0.17220  ,  Loss/l1: 0.01192  ,  Loss/location: 0.21048  ,  pro_loss: 0.12436  ,  IoU: 0.84028  ,  Loss/sim: 1.29448  ,  Loss/distill: 1.20004
[train: Epoch 44, 2000 / 2500] FPS: 10.1 (14.2)  ,  DataTime: 0.381 (0.002)  ,  ForwardTime: 0.209  ,  TotalTime: 0.592  ,  Loss/total: 0.64034  ,  Loss/giou: 0.17217  ,  Loss/l1: 0.01191  ,  Loss/location: 0.21108  ,  pro_loss: 0.12424  ,  IoU: 0.84028  ,  Loss/sim: 1.29418  ,  Loss/distill: 1.19959
[train: Epoch 44, 2050 / 2500] FPS: 10.1 (10.5)  ,  DataTime: 0.381 (0.002)  ,  ForwardTime: 0.209  ,  TotalTime: 0.592  ,  Loss/total: 0.64090  ,  Loss/giou: 0.17215  ,  Loss/l1: 0.01193  ,  Loss/location: 0.21158  ,  pro_loss: 0.12436  ,  IoU: 0.84028  ,  Loss/sim: 1.29479  ,  Loss/distill: 1.19955
[train: Epoch 44, 2100 / 2500] FPS: 10.1 (9.2)  ,  DataTime: 0.381 (0.002)  ,  ForwardTime: 0.209  ,  TotalTime: 0.592  ,  Loss/total: 0.63997  ,  Loss/giou: 0.17178  ,  Loss/l1: 0.01188  ,  Loss/location: 0.21160  ,  pro_loss: 0.12441  ,  IoU: 0.84055  ,  Loss/sim: 1.29459  ,  Loss/distill: 1.19968
[train: Epoch 44, 2150 / 2500] FPS: 10.1 (14.2)  ,  DataTime: 0.381 (0.002)  ,  ForwardTime: 0.209  ,  TotalTime: 0.592  ,  Loss/total: 0.63982  ,  Loss/giou: 0.17171  ,  Loss/l1: 0.01188  ,  Loss/location: 0.21163  ,  pro_loss: 0.12447  ,  IoU: 0.84060  ,  Loss/sim: 1.29401  ,  Loss/distill: 1.19988
[train: Epoch 44, 2200 / 2500] FPS: 10.1 (13.3)  ,  DataTime: 0.381 (0.002)  ,  ForwardTime: 0.209  ,  TotalTime: 0.593  ,  Loss/total: 0.64027  ,  Loss/giou: 0.17187  ,  Loss/l1: 0.01190  ,  Loss/location: 0.21163  ,  pro_loss: 0.12447  ,  IoU: 0.84047  ,  Loss/sim: 1.29457  ,  Loss/distill: 1.19994
[train: Epoch 44, 2250 / 2500] FPS: 10.1 (12.5)  ,  DataTime: 0.381 (0.002)  ,  ForwardTime: 0.209  ,  TotalTime: 0.593  ,  Loss/total: 0.63937  ,  Loss/giou: 0.17164  ,  Loss/l1: 0.01186  ,  Loss/location: 0.21141  ,  pro_loss: 0.12432  ,  IoU: 0.84063  ,  Loss/sim: 1.29434  ,  Loss/distill: 1.19996
[train: Epoch 44, 2300 / 2500] FPS: 10.1 (10.0)  ,  DataTime: 0.381 (0.002)  ,  ForwardTime: 0.209  ,  TotalTime: 0.592  ,  Loss/total: 0.63886  ,  Loss/giou: 0.17146  ,  Loss/l1: 0.01185  ,  Loss/location: 0.21137  ,  pro_loss: 0.12417  ,  IoU: 0.84076  ,  Loss/sim: 1.29447  ,  Loss/distill: 1.19996
[train: Epoch 44, 2350 / 2500] FPS: 10.1 (9.8)  ,  DataTime: 0.381 (0.002)  ,  ForwardTime: 0.209  ,  TotalTime: 0.592  ,  Loss/total: 0.63925  ,  Loss/giou: 0.17151  ,  Loss/l1: 0.01185  ,  Loss/location: 0.21163  ,  pro_loss: 0.12425  ,  IoU: 0.84073  ,  Loss/sim: 1.29396  ,  Loss/distill: 1.19956
[train: Epoch 44, 2400 / 2500] FPS: 10.1 (11.7)  ,  DataTime: 0.380 (0.002)  ,  ForwardTime: 0.209  ,  TotalTime: 0.591  ,  Loss/total: 0.63887  ,  Loss/giou: 0.17153  ,  Loss/l1: 0.01184  ,  Loss/location: 0.21123  ,  pro_loss: 0.12439  ,  IoU: 0.84073  ,  Loss/sim: 1.29360  ,  Loss/distill: 1.19939
[train: Epoch 44, 2450 / 2500] FPS: 10.1 (8.2)  ,  DataTime: 0.380 (0.002)  ,  ForwardTime: 0.209  ,  TotalTime: 0.592  ,  Loss/total: 0.63931  ,  Loss/giou: 0.17167  ,  Loss/l1: 0.01187  ,  Loss/location: 0.21127  ,  pro_loss: 0.12432  ,  IoU: 0.84062  ,  Loss/sim: 1.29330  ,  Loss/distill: 1.19940
[train: Epoch 44, 2500 / 2500] FPS: 10.1 (12.8)  ,  DataTime: 0.382 (0.002)  ,  ForwardTime: 0.209  ,  TotalTime: 0.593  ,  Loss/total: 0.63831  ,  Loss/giou: 0.17150  ,  Loss/l1: 0.01183  ,  Loss/location: 0.21076  ,  pro_loss: 0.12435  ,  IoU: 0.84072  ,  Loss/sim: 1.29392  ,  Loss/distill: 1.19960
[train: Epoch 45, 50 / 2500] FPS: 10.6 (12.8)  ,  DataTime: 0.356 (0.002)  ,  ForwardTime: 0.209  ,  TotalTime: 0.567  ,  Loss/total: 0.65350  ,  Loss/giou: 0.17627  ,  Loss/l1: 0.01250  ,  Loss/location: 0.21306  ,  pro_loss: 0.12444  ,  IoU: 0.83852  ,  Loss/sim: 1.33600  ,  Loss/distill: 1.20906
[train: Epoch 45, 100 / 2500] FPS: 10.1 (9.5)  ,  DataTime: 0.384 (0.002)  ,  ForwardTime: 0.209  ,  TotalTime: 0.596  ,  Loss/total: 0.65971  ,  Loss/giou: 0.17567  ,  Loss/l1: 0.01280  ,  Loss/location: 0.21920  ,  pro_loss: 0.12333  ,  IoU: 0.83849  ,  Loss/sim: 1.33043  ,  Loss/distill: 1.20618
[train: Epoch 45, 150 / 2500] FPS: 10.1 (12.4)  ,  DataTime: 0.380 (0.002)  ,  ForwardTime: 0.209  ,  TotalTime: 0.591  ,  Loss/total: 0.65022  ,  Loss/giou: 0.17393  ,  Loss/l1: 0.01229  ,  Loss/location: 0.21637  ,  pro_loss: 0.12019  ,  IoU: 0.83936  ,  Loss/sim: 1.31983  ,  Loss/distill: 1.20138
[train: Epoch 45, 200 / 2500] FPS: 10.3 (9.6)  ,  DataTime: 0.374 (0.002)  ,  ForwardTime: 0.209  ,  TotalTime: 0.585  ,  Loss/total: 0.64979  ,  Loss/giou: 0.17361  ,  Loss/l1: 0.01233  ,  Loss/location: 0.21618  ,  pro_loss: 0.12125  ,  IoU: 0.83946  ,  Loss/sim: 1.31786  ,  Loss/distill: 1.20399
[train: Epoch 45, 250 / 2500] FPS: 10.2 (11.8)  ,  DataTime: 0.376 (0.002)  ,  ForwardTime: 0.209  ,  TotalTime: 0.587  ,  Loss/total: 0.65199  ,  Loss/giou: 0.17387  ,  Loss/l1: 0.01250  ,  Loss/location: 0.21676  ,  pro_loss: 0.12244  ,  IoU: 0.83954  ,  Loss/sim: 1.32011  ,  Loss/distill: 1.20424
[train: Epoch 45, 300 / 2500] FPS: 10.2 (11.5)  ,  DataTime: 0.376 (0.002)  ,  ForwardTime: 0.209  ,  TotalTime: 0.587  ,  Loss/total: 0.64409  ,  Loss/giou: 0.17175  ,  Loss/l1: 0.01208  ,  Loss/location: 0.21522  ,  pro_loss: 0.12231  ,  IoU: 0.84104  ,  Loss/sim: 1.31197  ,  Loss/distill: 1.19983
[train: Epoch 45, 350 / 2500] FPS: 10.2 (11.4)  ,  DataTime: 0.376 (0.002)  ,  ForwardTime: 0.209  ,  TotalTime: 0.587  ,  Loss/total: 0.63834  ,  Loss/giou: 0.16995  ,  Loss/l1: 0.01180  ,  Loss/location: 0.21430  ,  pro_loss: 0.12302  ,  IoU: 0.84248  ,  Loss/sim: 1.30813  ,  Loss/distill: 1.19600
[train: Epoch 45, 400 / 2500] FPS: 10.2 (14.2)  ,  DataTime: 0.377 (0.002)  ,  ForwardTime: 0.209  ,  TotalTime: 0.588  ,  Loss/total: 0.64178  ,  Loss/giou: 0.17068  ,  Loss/l1: 0.01190  ,  Loss/location: 0.21590  ,  pro_loss: 0.12250  ,  IoU: 0.84193  ,  Loss/sim: 1.30404  ,  Loss/distill: 1.19166
[train: Epoch 45, 450 / 2500] FPS: 10.2 (11.7)  ,  DataTime: 0.377 (0.002)  ,  ForwardTime: 0.209  ,  TotalTime: 0.588  ,  Loss/total: 0.64683  ,  Loss/giou: 0.17176  ,  Loss/l1: 0.01206  ,  Loss/location: 0.21797  ,  pro_loss: 0.12275  ,  IoU: 0.84100  ,  Loss/sim: 1.30093  ,  Loss/distill: 1.19525
[train: Epoch 45, 500 / 2500] FPS: 10.2 (10.7)  ,  DataTime: 0.379 (0.002)  ,  ForwardTime: 0.209  ,  TotalTime: 0.590  ,  Loss/total: 0.64422  ,  Loss/giou: 0.17092  ,  Loss/l1: 0.01197  ,  Loss/location: 0.21754  ,  pro_loss: 0.12250  ,  IoU: 0.84149  ,  Loss/sim: 1.30324  ,  Loss/distill: 1.19729
[train: Epoch 45, 550 / 2500] FPS: 10.2 (10.2)  ,  DataTime: 0.379 (0.002)  ,  ForwardTime: 0.209  ,  TotalTime: 0.590  ,  Loss/total: 0.64210  ,  Loss/giou: 0.17035  ,  Loss/l1: 0.01189  ,  Loss/location: 0.21685  ,  pro_loss: 0.12293  ,  IoU: 0.84184  ,  Loss/sim: 1.30283  ,  Loss/distill: 1.19495
[train: Epoch 45, 600 / 2500] FPS: 10.2 (10.8)  ,  DataTime: 0.378 (0.002)  ,  ForwardTime: 0.209  ,  TotalTime: 0.589  ,  Loss/total: 0.63673  ,  Loss/giou: 0.16903  ,  Loss/l1: 0.01175  ,  Loss/location: 0.21487  ,  pro_loss: 0.12266  ,  IoU: 0.84294  ,  Loss/sim: 1.30118  ,  Loss/distill: 1.19631
[train: Epoch 45, 650 / 2500] FPS: 10.2 (12.9)  ,  DataTime: 0.378 (0.002)  ,  ForwardTime: 0.209  ,  TotalTime: 0.589  ,  Loss/total: 0.63661  ,  Loss/giou: 0.16905  ,  Loss/l1: 0.01174  ,  Loss/location: 0.21478  ,  pro_loss: 0.12274  ,  IoU: 0.84292  ,  Loss/sim: 1.29793  ,  Loss/distill: 1.19477
[train: Epoch 45, 700 / 2500] FPS: 10.2 (9.0)  ,  DataTime: 0.375 (0.002)  ,  ForwardTime: 0.209  ,  TotalTime: 0.586  ,  Loss/total: 0.63171  ,  Loss/giou: 0.16785  ,  Loss/l1: 0.01163  ,  Loss/location: 0.21268  ,  pro_loss: 0.12349  ,  IoU: 0.84398  ,  Loss/sim: 1.29876  ,  Loss/distill: 1.19371
[train: Epoch 45, 750 / 2500] FPS: 10.2 (12.8)  ,  DataTime: 0.375 (0.002)  ,  ForwardTime: 0.209  ,  TotalTime: 0.587  ,  Loss/total: 0.63995  ,  Loss/giou: 0.16981  ,  Loss/l1: 0.01192  ,  Loss/location: 0.21550  ,  pro_loss: 0.12370  ,  IoU: 0.84245  ,  Loss/sim: 1.29988  ,  Loss/distill: 1.19422
[train: Epoch 45, 800 / 2500] FPS: 10.2 (8.9)  ,  DataTime: 0.376 (0.002)  ,  ForwardTime: 0.209  ,  TotalTime: 0.587  ,  Loss/total: 0.63881  ,  Loss/giou: 0.16970  ,  Loss/l1: 0.01191  ,  Loss/location: 0.21457  ,  pro_loss: 0.12384  ,  IoU: 0.84257  ,  Loss/sim: 1.30115  ,  Loss/distill: 1.19395
[train: Epoch 45, 850 / 2500] FPS: 10.2 (10.9)  ,  DataTime: 0.375 (0.002)  ,  ForwardTime: 0.209  ,  TotalTime: 0.586  ,  Loss/total: 0.63836  ,  Loss/giou: 0.16980  ,  Loss/l1: 0.01190  ,  Loss/location: 0.21395  ,  pro_loss: 0.12410  ,  IoU: 0.84249  ,  Loss/sim: 1.30166  ,  Loss/distill: 1.19407
[train: Epoch 45, 900 / 2500] FPS: 10.2 (14.8)  ,  DataTime: 0.375 (0.002)  ,  ForwardTime: 0.209  ,  TotalTime: 0.586  ,  Loss/total: 0.64032  ,  Loss/giou: 0.17056  ,  Loss/l1: 0.01191  ,  Loss/location: 0.21437  ,  pro_loss: 0.12386  ,  IoU: 0.84170  ,  Loss/sim: 1.30156  ,  Loss/distill: 1.19413
[train: Epoch 45, 950 / 2500] FPS: 10.2 (11.6)  ,  DataTime: 0.375 (0.002)  ,  ForwardTime: 0.209  ,  TotalTime: 0.586  ,  Loss/total: 0.64038  ,  Loss/giou: 0.17089  ,  Loss/l1: 0.01189  ,  Loss/location: 0.21392  ,  pro_loss: 0.12357  ,  IoU: 0.84139  ,  Loss/sim: 1.30143  ,  Loss/distill: 1.19472
[train: Epoch 45, 1000 / 2500] FPS: 10.3 (10.8)  ,  DataTime: 0.374 (0.002)  ,  ForwardTime: 0.209  ,  TotalTime: 0.585  ,  Loss/total: 0.64194  ,  Loss/giou: 0.17158  ,  Loss/l1: 0.01196  ,  Loss/location: 0.21379  ,  pro_loss: 0.12344  ,  IoU: 0.84084  ,  Loss/sim: 1.30257  ,  Loss/distill: 1.19683
[train: Epoch 45, 1050 / 2500] FPS: 10.2 (8.9)  ,  DataTime: 0.378 (0.002)  ,  ForwardTime: 0.209  ,  TotalTime: 0.589  ,  Loss/total: 0.64172  ,  Loss/giou: 0.17172  ,  Loss/l1: 0.01197  ,  Loss/location: 0.21320  ,  pro_loss: 0.12362  ,  IoU: 0.84080  ,  Loss/sim: 1.30207  ,  Loss/distill: 1.19652
[train: Epoch 45, 1100 / 2500] FPS: 10.2 (12.6)  ,  DataTime: 0.378 (0.002)  ,  ForwardTime: 0.209  ,  TotalTime: 0.589  ,  Loss/total: 0.63917  ,  Loss/giou: 0.17099  ,  Loss/l1: 0.01187  ,  Loss/location: 0.21259  ,  pro_loss: 0.12372  ,  IoU: 0.84133  ,  Loss/sim: 1.30185  ,  Loss/distill: 1.19612
[train: Epoch 45, 1150 / 2500] FPS: 10.2 (9.4)  ,  DataTime: 0.379 (0.002)  ,  ForwardTime: 0.209  ,  TotalTime: 0.590  ,  Loss/total: 0.64121  ,  Loss/giou: 0.17155  ,  Loss/l1: 0.01191  ,  Loss/location: 0.21328  ,  pro_loss: 0.12382  ,  IoU: 0.84084  ,  Loss/sim: 1.30094  ,  Loss/distill: 1.19572
[train: Epoch 45, 1200 / 2500] FPS: 10.2 (9.8)  ,  DataTime: 0.377 (0.002)  ,  ForwardTime: 0.209  ,  TotalTime: 0.588  ,  Loss/total: 0.63934  ,  Loss/giou: 0.17113  ,  Loss/l1: 0.01189  ,  Loss/location: 0.21234  ,  pro_loss: 0.12404  ,  IoU: 0.84123  ,  Loss/sim: 1.30010  ,  Loss/distill: 1.19550
[train: Epoch 45, 1250 / 2500] FPS: 10.2 (8.1)  ,  DataTime: 0.376 (0.002)  ,  ForwardTime: 0.209  ,  TotalTime: 0.587  ,  Loss/total: 0.63733  ,  Loss/giou: 0.17064  ,  Loss/l1: 0.01184  ,  Loss/location: 0.21153  ,  pro_loss: 0.12403  ,  IoU: 0.84162  ,  Loss/sim: 1.30135  ,  Loss/distill: 1.19596
[train: Epoch 45, 1300 / 2500] FPS: 10.2 (11.6)  ,  DataTime: 0.376 (0.002)  ,  ForwardTime: 0.209  ,  TotalTime: 0.587  ,  Loss/total: 0.63873  ,  Loss/giou: 0.17095  ,  Loss/l1: 0.01186  ,  Loss/location: 0.21220  ,  pro_loss: 0.12402  ,  IoU: 0.84135  ,  Loss/sim: 1.30170  ,  Loss/distill: 1.19608
[train: Epoch 45, 1350 / 2500] FPS: 10.2 (10.9)  ,  DataTime: 0.377 (0.002)  ,  ForwardTime: 0.209  ,  TotalTime: 0.588  ,  Loss/total: 0.63832  ,  Loss/giou: 0.17094  ,  Loss/l1: 0.01185  ,  Loss/location: 0.21190  ,  pro_loss: 0.12391  ,  IoU: 0.84138  ,  Loss/sim: 1.30087  ,  Loss/distill: 1.19542
[train: Epoch 45, 1400 / 2500] FPS: 10.2 (9.5)  ,  DataTime: 0.377 (0.002)  ,  ForwardTime: 0.209  ,  TotalTime: 0.588  ,  Loss/total: 0.63792  ,  Loss/giou: 0.17080  ,  Loss/l1: 0.01183  ,  Loss/location: 0.21193  ,  pro_loss: 0.12378  ,  IoU: 0.84151  ,  Loss/sim: 1.30006  ,  Loss/distill: 1.19568
[train: Epoch 45, 1450 / 2500] FPS: 10.2 (13.5)  ,  DataTime: 0.378 (0.002)  ,  ForwardTime: 0.209  ,  TotalTime: 0.589  ,  Loss/total: 0.63601  ,  Loss/giou: 0.17035  ,  Loss/l1: 0.01176  ,  Loss/location: 0.21124  ,  pro_loss: 0.12371  ,  IoU: 0.84182  ,  Loss/sim: 1.30064  ,  Loss/distill: 1.19559
[train: Epoch 45, 1500 / 2500] FPS: 10.2 (13.3)  ,  DataTime: 0.378 (0.002)  ,  ForwardTime: 0.209  ,  TotalTime: 0.588  ,  Loss/total: 0.63602  ,  Loss/giou: 0.17035  ,  Loss/l1: 0.01179  ,  Loss/location: 0.21106  ,  pro_loss: 0.12394  ,  IoU: 0.84185  ,  Loss/sim: 1.30061  ,  Loss/distill: 1.19556
[train: Epoch 45, 1550 / 2500] FPS: 10.2 (11.8)  ,  DataTime: 0.377 (0.002)  ,  ForwardTime: 0.209  ,  TotalTime: 0.588  ,  Loss/total: 0.63503  ,  Loss/giou: 0.17030  ,  Loss/l1: 0.01180  ,  Loss/location: 0.21011  ,  pro_loss: 0.12395  ,  IoU: 0.84192  ,  Loss/sim: 1.30061  ,  Loss/distill: 1.19495
[train: Epoch 45, 1600 / 2500] FPS: 10.2 (12.3)  ,  DataTime: 0.378 (0.002)  ,  ForwardTime: 0.209  ,  TotalTime: 0.589  ,  Loss/total: 0.63464  ,  Loss/giou: 0.17021  ,  Loss/l1: 0.01178  ,  Loss/location: 0.21001  ,  pro_loss: 0.12411  ,  IoU: 0.84197  ,  Loss/sim: 1.30061  ,  Loss/distill: 1.19504
[train: Epoch 45, 1650 / 2500] FPS: 10.2 (9.0)  ,  DataTime: 0.377 (0.002)  ,  ForwardTime: 0.209  ,  TotalTime: 0.588  ,  Loss/total: 0.63381  ,  Loss/giou: 0.17007  ,  Loss/l1: 0.01175  ,  Loss/location: 0.20957  ,  pro_loss: 0.12409  ,  IoU: 0.84209  ,  Loss/sim: 1.30121  ,  Loss/distill: 1.19619
[train: Epoch 45, 1700 / 2500] FPS: 10.2 (7.6)  ,  DataTime: 0.377 (0.002)  ,  ForwardTime: 0.209  ,  TotalTime: 0.588  ,  Loss/total: 0.63371  ,  Loss/giou: 0.17014  ,  Loss/l1: 0.01176  ,  Loss/location: 0.20927  ,  pro_loss: 0.12430  ,  IoU: 0.84202  ,  Loss/sim: 1.30205  ,  Loss/distill: 1.19652
[train: Epoch 45, 1750 / 2500] FPS: 10.2 (11.2)  ,  DataTime: 0.376 (0.002)  ,  ForwardTime: 0.209  ,  TotalTime: 0.587  ,  Loss/total: 0.63524  ,  Loss/giou: 0.17061  ,  Loss/l1: 0.01181  ,  Loss/location: 0.20964  ,  pro_loss: 0.12421  ,  IoU: 0.84165  ,  Loss/sim: 1.30235  ,  Loss/distill: 1.19699
[train: Epoch 45, 1800 / 2500] FPS: 10.2 (8.1)  ,  DataTime: 0.376 (0.002)  ,  ForwardTime: 0.209  ,  TotalTime: 0.587  ,  Loss/total: 0.63583  ,  Loss/giou: 0.17083  ,  Loss/l1: 0.01182  ,  Loss/location: 0.20976  ,  pro_loss: 0.12407  ,  IoU: 0.84145  ,  Loss/sim: 1.30297  ,  Loss/distill: 1.19751
[train: Epoch 45, 1850 / 2500] FPS: 10.2 (9.4)  ,  DataTime: 0.376 (0.002)  ,  ForwardTime: 0.209  ,  TotalTime: 0.587  ,  Loss/total: 0.63757  ,  Loss/giou: 0.17129  ,  Loss/l1: 0.01188  ,  Loss/location: 0.21026  ,  pro_loss: 0.12411  ,  IoU: 0.84108  ,  Loss/sim: 1.30269  ,  Loss/distill: 1.19791
[train: Epoch 45, 1900 / 2500] FPS: 10.2 (11.8)  ,  DataTime: 0.376 (0.002)  ,  ForwardTime: 0.209  ,  TotalTime: 0.587  ,  Loss/total: 0.63765  ,  Loss/giou: 0.17133  ,  Loss/l1: 0.01190  ,  Loss/location: 0.21021  ,  pro_loss: 0.12395  ,  IoU: 0.84109  ,  Loss/sim: 1.30310  ,  Loss/distill: 1.19765
[train: Epoch 45, 1950 / 2500] FPS: 10.2 (11.7)  ,  DataTime: 0.375 (0.002)  ,  ForwardTime: 0.209  ,  TotalTime: 0.586  ,  Loss/total: 0.63905  ,  Loss/giou: 0.17178  ,  Loss/l1: 0.01193  ,  Loss/location: 0.21058  ,  pro_loss: 0.12370  ,  IoU: 0.84075  ,  Loss/sim: 1.30271  ,  Loss/distill: 1.19739
[train: Epoch 45, 2000 / 2500] FPS: 10.3 (11.9)  ,  DataTime: 0.374 (0.002)  ,  ForwardTime: 0.209  ,  TotalTime: 0.585  ,  Loss/total: 0.63917  ,  Loss/giou: 0.17184  ,  Loss/l1: 0.01194  ,  Loss/location: 0.21053  ,  pro_loss: 0.12383  ,  IoU: 0.84073  ,  Loss/sim: 1.30218  ,  Loss/distill: 1.19761
[train: Epoch 45, 2050 / 2500] FPS: 10.2 (11.7)  ,  DataTime: 0.375 (0.002)  ,  ForwardTime: 0.209  ,  TotalTime: 0.586  ,  Loss/total: 0.63957  ,  Loss/giou: 0.17202  ,  Loss/l1: 0.01197  ,  Loss/location: 0.21042  ,  pro_loss: 0.12377  ,  IoU: 0.84064  ,  Loss/sim: 1.30133  ,  Loss/distill: 1.19770
[train: Epoch 45, 2100 / 2500] FPS: 10.2 (12.5)  ,  DataTime: 0.375 (0.002)  ,  ForwardTime: 0.209  ,  TotalTime: 0.585  ,  Loss/total: 0.63965  ,  Loss/giou: 0.17207  ,  Loss/l1: 0.01197  ,  Loss/location: 0.21035  ,  pro_loss: 0.12397  ,  IoU: 0.84059  ,  Loss/sim: 1.30113  ,  Loss/distill: 1.19771
[train: Epoch 45, 2150 / 2500] FPS: 10.2 (8.3)  ,  DataTime: 0.375 (0.002)  ,  ForwardTime: 0.209  ,  TotalTime: 0.586  ,  Loss/total: 0.64062  ,  Loss/giou: 0.17245  ,  Loss/l1: 0.01202  ,  Loss/location: 0.21036  ,  pro_loss: 0.12380  ,  IoU: 0.84035  ,  Loss/sim: 1.30006  ,  Loss/distill: 1.19738
[train: Epoch 45, 2200 / 2500] FPS: 10.2 (12.6)  ,  DataTime: 0.375 (0.002)  ,  ForwardTime: 0.209  ,  TotalTime: 0.586  ,  Loss/total: 0.64112  ,  Loss/giou: 0.17262  ,  Loss/l1: 0.01203  ,  Loss/location: 0.21050  ,  pro_loss: 0.12374  ,  IoU: 0.84020  ,  Loss/sim: 1.29981  ,  Loss/distill: 1.19711
[train: Epoch 45, 2250 / 2500] FPS: 10.3 (9.3)  ,  DataTime: 0.374 (0.002)  ,  ForwardTime: 0.209  ,  TotalTime: 0.585  ,  Loss/total: 0.64075  ,  Loss/giou: 0.17252  ,  Loss/l1: 0.01202  ,  Loss/location: 0.21037  ,  pro_loss: 0.12370  ,  IoU: 0.84029  ,  Loss/sim: 1.29918  ,  Loss/distill: 1.19685
[train: Epoch 45, 2300 / 2500] FPS: 10.3 (7.4)  ,  DataTime: 0.374 (0.002)  ,  ForwardTime: 0.209  ,  TotalTime: 0.585  ,  Loss/total: 0.64143  ,  Loss/giou: 0.17275  ,  Loss/l1: 0.01206  ,  Loss/location: 0.21045  ,  pro_loss: 0.12342  ,  IoU: 0.84011  ,  Loss/sim: 1.29909  ,  Loss/distill: 1.19706
[train: Epoch 45, 2350 / 2500] FPS: 10.3 (10.1)  ,  DataTime: 0.374 (0.002)  ,  ForwardTime: 0.209  ,  TotalTime: 0.585  ,  Loss/total: 0.64154  ,  Loss/giou: 0.17269  ,  Loss/l1: 0.01207  ,  Loss/location: 0.21062  ,  pro_loss: 0.12334  ,  IoU: 0.84018  ,  Loss/sim: 1.29879  ,  Loss/distill: 1.19691
[train: Epoch 45, 2400 / 2500] FPS: 10.2 (9.1)  ,  DataTime: 0.375 (0.002)  ,  ForwardTime: 0.209  ,  TotalTime: 0.586  ,  Loss/total: 0.64153  ,  Loss/giou: 0.17262  ,  Loss/l1: 0.01207  ,  Loss/location: 0.21076  ,  pro_loss: 0.12343  ,  IoU: 0.84027  ,  Loss/sim: 1.29844  ,  Loss/distill: 1.19681
[train: Epoch 45, 2450 / 2500] FPS: 10.3 (8.7)  ,  DataTime: 0.374 (0.002)  ,  ForwardTime: 0.209  ,  TotalTime: 0.585  ,  Loss/total: 0.64169  ,  Loss/giou: 0.17269  ,  Loss/l1: 0.01208  ,  Loss/location: 0.21074  ,  pro_loss: 0.12346  ,  IoU: 0.84025  ,  Loss/sim: 1.29886  ,  Loss/distill: 1.19713
[train: Epoch 45, 2500 / 2500] FPS: 10.3 (10.9)  ,  DataTime: 0.374 (0.002)  ,  ForwardTime: 0.209  ,  TotalTime: 0.585  ,  Loss/total: 0.64081  ,  Loss/giou: 0.17249  ,  Loss/l1: 0.01204  ,  Loss/location: 0.21046  ,  pro_loss: 0.12336  ,  IoU: 0.84040  ,  Loss/sim: 1.29879  ,  Loss/distill: 1.19710
[val: Epoch 45, 50 / 416] FPS: 8.4 (8.7)  ,  DataTime: 0.589 (0.002)  ,  ForwardTime: 0.127  ,  TotalTime: 0.717  ,  Loss/total: 0.81992  ,  Loss/giou: 0.21403  ,  Loss/l1: 0.01571  ,  Loss/location: 0.31307  ,  pro_loss: 0.00000  ,  IoU: 0.80399  ,  Loss/sim: 0.00000  ,  Loss/distill: 1.15753
[val: Epoch 45, 100 / 416] FPS: 8.0 (8.7)  ,  DataTime: 0.623 (0.002)  ,  ForwardTime: 0.127  ,  TotalTime: 0.752  ,  Loss/total: 0.77832  ,  Loss/giou: 0.20071  ,  Loss/l1: 0.01463  ,  Loss/location: 0.30342  ,  pro_loss: 0.00042  ,  IoU: 0.81397  ,  Loss/sim: 0.00000  ,  Loss/distill: 1.15323
[val: Epoch 45, 150 / 416] FPS: 8.4 (9.5)  ,  DataTime: 0.586 (0.002)  ,  ForwardTime: 0.127  ,  TotalTime: 0.715  ,  Loss/total: 0.77500  ,  Loss/giou: 0.20192  ,  Loss/l1: 0.01459  ,  Loss/location: 0.29789  ,  pro_loss: 0.00046  ,  IoU: 0.81300  ,  Loss/sim: 0.00000  ,  Loss/distill: 1.15371
[val: Epoch 45, 200 / 416] FPS: 8.6 (7.2)  ,  DataTime: 0.572 (0.002)  ,  ForwardTime: 0.127  ,  TotalTime: 0.700  ,  Loss/total: 0.78234  ,  Loss/giou: 0.20421  ,  Loss/l1: 0.01485  ,  Loss/location: 0.29935  ,  pro_loss: 0.00042  ,  IoU: 0.81080  ,  Loss/sim: 0.00000  ,  Loss/distill: 1.14820
[val: Epoch 45, 250 / 416] FPS: 8.7 (7.5)  ,  DataTime: 0.560 (0.002)  ,  ForwardTime: 0.127  ,  TotalTime: 0.689  ,  Loss/total: 0.77981  ,  Loss/giou: 0.20293  ,  Loss/l1: 0.01483  ,  Loss/location: 0.29951  ,  pro_loss: 0.00039  ,  IoU: 0.81217  ,  Loss/sim: 0.00000  ,  Loss/distill: 1.14759
[val: Epoch 45, 300 / 416] FPS: 8.7 (8.9)  ,  DataTime: 0.558 (0.002)  ,  ForwardTime: 0.127  ,  TotalTime: 0.687  ,  Loss/total: 0.77982  ,  Loss/giou: 0.20329  ,  Loss/l1: 0.01488  ,  Loss/location: 0.29852  ,  pro_loss: 0.00037  ,  IoU: 0.81191  ,  Loss/sim: 0.00000  ,  Loss/distill: 1.14905
[val: Epoch 45, 350 / 416] FPS: 8.9 (8.6)  ,  DataTime: 0.549 (0.002)  ,  ForwardTime: 0.127  ,  TotalTime: 0.677  ,  Loss/total: 0.77425  ,  Loss/giou: 0.20178  ,  Loss/l1: 0.01466  ,  Loss/location: 0.29709  ,  pro_loss: 0.00036  ,  IoU: 0.81295  ,  Loss/sim: 0.00000  ,  Loss/distill: 1.14822
[val: Epoch 45, 400 / 416] FPS: 8.9 (9.5)  ,  DataTime: 0.543 (0.002)  ,  ForwardTime: 0.127  ,  TotalTime: 0.672  ,  Loss/total: 0.78048  ,  Loss/giou: 0.20269  ,  Loss/l1: 0.01473  ,  Loss/location: 0.30113  ,  pro_loss: 0.00035  ,  IoU: 0.81194  ,  Loss/sim: 0.00000  ,  Loss/distill: 1.14864
[val: Epoch 45, 416 / 416] FPS: 8.9 (9.5)  ,  DataTime: 0.547 (0.002)  ,  ForwardTime: 0.127  ,  TotalTime: 0.676  ,  Loss/total: 0.77883  ,  Loss/giou: 0.20243  ,  Loss/l1: 0.01467  ,  Loss/location: 0.30031  ,  pro_loss: 0.00033  ,  IoU: 0.81203  ,  Loss/sim: 0.00000  ,  Loss/distill: 1.14802
[train: Epoch 46, 50 / 2500] FPS: 8.7 (10.3)  ,  DataTime: 0.482 (0.002)  ,  ForwardTime: 0.209  ,  TotalTime: 0.693  ,  Loss/total: 0.61300  ,  Loss/giou: 0.16827  ,  Loss/l1: 0.01121  ,  Loss/location: 0.19425  ,  pro_loss: 0.12833  ,  IoU: 0.84256  ,  Loss/sim: 1.27674  ,  Loss/distill: 1.18737
[train: Epoch 46, 100 / 2500] FPS: 9.8 (11.9)  ,  DataTime: 0.402 (0.002)  ,  ForwardTime: 0.209  ,  TotalTime: 0.613  ,  Loss/total: 0.58645  ,  Loss/giou: 0.16027  ,  Loss/l1: 0.01044  ,  Loss/location: 0.18926  ,  pro_loss: 0.11972  ,  IoU: 0.84904  ,  Loss/sim: 1.26592  ,  Loss/distill: 1.18539
[train: Epoch 46, 150 / 2500] FPS: 9.9 (14.4)  ,  DataTime: 0.394 (0.002)  ,  ForwardTime: 0.209  ,  TotalTime: 0.605  ,  Loss/total: 0.59630  ,  Loss/giou: 0.16217  ,  Loss/l1: 0.01031  ,  Loss/location: 0.19564  ,  pro_loss: 0.12148  ,  IoU: 0.84724  ,  Loss/sim: 1.26675  ,  Loss/distill: 1.19372
[train: Epoch 46, 200 / 2500] FPS: 9.9 (13.9)  ,  DataTime: 0.398 (0.002)  ,  ForwardTime: 0.209  ,  TotalTime: 0.608  ,  Loss/total: 0.60231  ,  Loss/giou: 0.16426  ,  Loss/l1: 0.01055  ,  Loss/location: 0.19694  ,  pro_loss: 0.11813  ,  IoU: 0.84584  ,  Loss/sim: 1.26903  ,  Loss/distill: 1.19026
[train: Epoch 46, 250 / 2500] FPS: 9.9 (8.7)  ,  DataTime: 0.396 (0.002)  ,  ForwardTime: 0.209  ,  TotalTime: 0.606  ,  Loss/total: 0.60765  ,  Loss/giou: 0.16511  ,  Loss/l1: 0.01071  ,  Loss/location: 0.19965  ,  pro_loss: 0.11872  ,  IoU: 0.84537  ,  Loss/sim: 1.27865  ,  Loss/distill: 1.19571
[train: Epoch 46, 300 / 2500] FPS: 10.0 (11.4)  ,  DataTime: 0.389 (0.002)  ,  ForwardTime: 0.209  ,  TotalTime: 0.600  ,  Loss/total: 0.61114  ,  Loss/giou: 0.16556  ,  Loss/l1: 0.01086  ,  Loss/location: 0.20145  ,  pro_loss: 0.11880  ,  IoU: 0.84483  ,  Loss/sim: 1.28109  ,  Loss/distill: 1.19626
[train: Epoch 46, 350 / 2500] FPS: 10.1 (8.0)  ,  DataTime: 0.386 (0.002)  ,  ForwardTime: 0.209  ,  TotalTime: 0.597  ,  Loss/total: 0.60768  ,  Loss/giou: 0.16535  ,  Loss/l1: 0.01080  ,  Loss/location: 0.19856  ,  pro_loss: 0.11948  ,  IoU: 0.84512  ,  Loss/sim: 1.28112  ,  Loss/distill: 1.19562
[train: Epoch 46, 400 / 2500] FPS: 10.1 (11.8)  ,  DataTime: 0.381 (0.002)  ,  ForwardTime: 0.209  ,  TotalTime: 0.591  ,  Loss/total: 0.61768  ,  Loss/giou: 0.16728  ,  Loss/l1: 0.01114  ,  Loss/location: 0.20313  ,  pro_loss: 0.11899  ,  IoU: 0.84381  ,  Loss/sim: 1.27799  ,  Loss/distill: 1.19604
[train: Epoch 46, 450 / 2500] FPS: 10.1 (9.1)  ,  DataTime: 0.381 (0.002)  ,  ForwardTime: 0.209  ,  TotalTime: 0.592  ,  Loss/total: 0.61991  ,  Loss/giou: 0.16841  ,  Loss/l1: 0.01129  ,  Loss/location: 0.20232  ,  pro_loss: 0.11907  ,  IoU: 0.84297  ,  Loss/sim: 1.27667  ,  Loss/distill: 1.19538
[train: Epoch 46, 500 / 2500] FPS: 10.2 (12.8)  ,  DataTime: 0.380 (0.002)  ,  ForwardTime: 0.209  ,  TotalTime: 0.591  ,  Loss/total: 0.61765  ,  Loss/giou: 0.16775  ,  Loss/l1: 0.01122  ,  Loss/location: 0.20154  ,  pro_loss: 0.12017  ,  IoU: 0.84346  ,  Loss/sim: 1.28129  ,  Loss/distill: 1.19528
[train: Epoch 46, 550 / 2500] FPS: 10.2 (8.6)  ,  DataTime: 0.377 (0.002)  ,  ForwardTime: 0.209  ,  TotalTime: 0.588  ,  Loss/total: 0.62057  ,  Loss/giou: 0.16822  ,  Loss/l1: 0.01133  ,  Loss/location: 0.20295  ,  pro_loss: 0.12023  ,  IoU: 0.84326  ,  Loss/sim: 1.28256  ,  Loss/distill: 1.19646
[train: Epoch 46, 600 / 2500] FPS: 10.3 (12.9)  ,  DataTime: 0.374 (0.002)  ,  ForwardTime: 0.209  ,  TotalTime: 0.585  ,  Loss/total: 0.62032  ,  Loss/giou: 0.16838  ,  Loss/l1: 0.01129  ,  Loss/location: 0.20257  ,  pro_loss: 0.12025  ,  IoU: 0.84313  ,  Loss/sim: 1.28283  ,  Loss/distill: 1.19605
[train: Epoch 46, 650 / 2500] FPS: 10.3 (14.1)  ,  DataTime: 0.373 (0.002)  ,  ForwardTime: 0.209  ,  TotalTime: 0.584  ,  Loss/total: 0.61930  ,  Loss/giou: 0.16802  ,  Loss/l1: 0.01121  ,  Loss/location: 0.20257  ,  pro_loss: 0.12083  ,  IoU: 0.84326  ,  Loss/sim: 1.28030  ,  Loss/distill: 1.19434
[train: Epoch 46, 700 / 2500] FPS: 10.2 (13.0)  ,  DataTime: 0.375 (0.002)  ,  ForwardTime: 0.209  ,  TotalTime: 0.586  ,  Loss/total: 0.61873  ,  Loss/giou: 0.16773  ,  Loss/l1: 0.01122  ,  Loss/location: 0.20239  ,  pro_loss: 0.12131  ,  IoU: 0.84369  ,  Loss/sim: 1.28122  ,  Loss/distill: 1.19233
[train: Epoch 46, 750 / 2500] FPS: 10.3 (9.8)  ,  DataTime: 0.372 (0.002)  ,  ForwardTime: 0.209  ,  TotalTime: 0.583  ,  Loss/total: 0.61803  ,  Loss/giou: 0.16777  ,  Loss/l1: 0.01122  ,  Loss/location: 0.20163  ,  pro_loss: 0.12126  ,  IoU: 0.84362  ,  Loss/sim: 1.28350  ,  Loss/distill: 1.19328
[train: Epoch 46, 800 / 2500] FPS: 10.3 (8.0)  ,  DataTime: 0.371 (0.002)  ,  ForwardTime: 0.209  ,  TotalTime: 0.582  ,  Loss/total: 0.62095  ,  Loss/giou: 0.16842  ,  Loss/l1: 0.01134  ,  Loss/location: 0.20260  ,  pro_loss: 0.12165  ,  IoU: 0.84319  ,  Loss/sim: 1.28467  ,  Loss/distill: 1.19396
[train: Epoch 46, 850 / 2500] FPS: 10.3 (6.9)  ,  DataTime: 0.370 (0.002)  ,  ForwardTime: 0.209  ,  TotalTime: 0.580  ,  Loss/total: 0.62311  ,  Loss/giou: 0.16891  ,  Loss/l1: 0.01140  ,  Loss/location: 0.20336  ,  pro_loss: 0.12221  ,  IoU: 0.84282  ,  Loss/sim: 1.28703  ,  Loss/distill: 1.19506
[train: Epoch 46, 900 / 2500] FPS: 10.3 (9.2)  ,  DataTime: 0.373 (0.002)  ,  ForwardTime: 0.209  ,  TotalTime: 0.584  ,  Loss/total: 0.62723  ,  Loss/giou: 0.17004  ,  Loss/l1: 0.01155  ,  Loss/location: 0.20443  ,  pro_loss: 0.12239  ,  IoU: 0.84206  ,  Loss/sim: 1.28761  ,  Loss/distill: 1.19549
[train: Epoch 46, 950 / 2500] FPS: 10.1 (9.6)  ,  DataTime: 0.381 (0.002)  ,  ForwardTime: 0.209  ,  TotalTime: 0.592  ,  Loss/total: 0.62560  ,  Loss/giou: 0.16980  ,  Loss/l1: 0.01148  ,  Loss/location: 0.20367  ,  pro_loss: 0.12205  ,  IoU: 0.84220  ,  Loss/sim: 1.28978  ,  Loss/distill: 1.19585
[train: Epoch 46, 1000 / 2500] FPS: 10.2 (10.3)  ,  DataTime: 0.379 (0.002)  ,  ForwardTime: 0.209  ,  TotalTime: 0.590  ,  Loss/total: 0.62603  ,  Loss/giou: 0.16978  ,  Loss/l1: 0.01149  ,  Loss/location: 0.20408  ,  pro_loss: 0.12204  ,  IoU: 0.84222  ,  Loss/sim: 1.29125  ,  Loss/distill: 1.19595
[train: Epoch 46, 1050 / 2500] FPS: 10.2 (11.9)  ,  DataTime: 0.379 (0.002)  ,  ForwardTime: 0.209  ,  TotalTime: 0.590  ,  Loss/total: 0.62707  ,  Loss/giou: 0.17012  ,  Loss/l1: 0.01152  ,  Loss/location: 0.20431  ,  pro_loss: 0.12212  ,  IoU: 0.84199  ,  Loss/sim: 1.29059  ,  Loss/distill: 1.19536
[train: Epoch 46, 1100 / 2500] FPS: 10.2 (12.5)  ,  DataTime: 0.379 (0.002)  ,  ForwardTime: 0.209  ,  TotalTime: 0.590  ,  Loss/total: 0.62701  ,  Loss/giou: 0.17012  ,  Loss/l1: 0.01153  ,  Loss/location: 0.20419  ,  pro_loss: 0.12230  ,  IoU: 0.84197  ,  Loss/sim: 1.29235  ,  Loss/distill: 1.19696
[train: Epoch 46, 1150 / 2500] FPS: 10.2 (9.4)  ,  DataTime: 0.378 (0.002)  ,  ForwardTime: 0.209  ,  TotalTime: 0.589  ,  Loss/total: 0.62404  ,  Loss/giou: 0.16947  ,  Loss/l1: 0.01147  ,  Loss/location: 0.20283  ,  pro_loss: 0.12215  ,  IoU: 0.84248  ,  Loss/sim: 1.29254  ,  Loss/distill: 1.19687
[train: Epoch 46, 1200 / 2500] FPS: 10.2 (10.3)  ,  DataTime: 0.378 (0.002)  ,  ForwardTime: 0.209  ,  TotalTime: 0.588  ,  Loss/total: 0.62444  ,  Loss/giou: 0.16943  ,  Loss/l1: 0.01148  ,  Loss/location: 0.20324  ,  pro_loss: 0.12216  ,  IoU: 0.84255  ,  Loss/sim: 1.29355  ,  Loss/distill: 1.19721
[train: Epoch 46, 1250 / 2500] FPS: 10.2 (9.4)  ,  DataTime: 0.378 (0.002)  ,  ForwardTime: 0.209  ,  TotalTime: 0.588  ,  Loss/total: 0.62316  ,  Loss/giou: 0.16914  ,  Loss/l1: 0.01144  ,  Loss/location: 0.20278  ,  pro_loss: 0.12203  ,  IoU: 0.84272  ,  Loss/sim: 1.29368  ,  Loss/distill: 1.19747
[train: Epoch 46, 1300 / 2500] FPS: 10.2 (16.0)  ,  DataTime: 0.377 (0.002)  ,  ForwardTime: 0.209  ,  TotalTime: 0.588  ,  Loss/total: 0.62266  ,  Loss/giou: 0.16912  ,  Loss/l1: 0.01141  ,  Loss/location: 0.20239  ,  pro_loss: 0.12229  ,  IoU: 0.84271  ,  Loss/sim: 1.29382  ,  Loss/distill: 1.19724
[train: Epoch 46, 1350 / 2500] FPS: 10.2 (11.5)  ,  DataTime: 0.377 (0.002)  ,  ForwardTime: 0.209  ,  TotalTime: 0.588  ,  Loss/total: 0.62339  ,  Loss/giou: 0.16908  ,  Loss/l1: 0.01144  ,  Loss/location: 0.20313  ,  pro_loss: 0.12212  ,  IoU: 0.84277  ,  Loss/sim: 1.29346  ,  Loss/distill: 1.19766
[train: Epoch 46, 1400 / 2500] FPS: 10.2 (10.1)  ,  DataTime: 0.376 (0.002)  ,  ForwardTime: 0.209  ,  TotalTime: 0.587  ,  Loss/total: 0.62450  ,  Loss/giou: 0.16932  ,  Loss/l1: 0.01144  ,  Loss/location: 0.20373  ,  pro_loss: 0.12209  ,  IoU: 0.84257  ,  Loss/sim: 1.29350  ,  Loss/distill: 1.19785
[train: Epoch 46, 1450 / 2500] FPS: 10.2 (9.1)  ,  DataTime: 0.377 (0.002)  ,  ForwardTime: 0.209  ,  TotalTime: 0.588  ,  Loss/total: 0.62264  ,  Loss/giou: 0.16877  ,  Loss/l1: 0.01135  ,  Loss/location: 0.20341  ,  pro_loss: 0.12221  ,  IoU: 0.84293  ,  Loss/sim: 1.29394  ,  Loss/distill: 1.19733
[train: Epoch 46, 1500 / 2500] FPS: 10.2 (12.4)  ,  DataTime: 0.376 (0.002)  ,  ForwardTime: 0.209  ,  TotalTime: 0.587  ,  Loss/total: 0.62204  ,  Loss/giou: 0.16845  ,  Loss/l1: 0.01135  ,  Loss/location: 0.20340  ,  pro_loss: 0.12247  ,  IoU: 0.84321  ,  Loss/sim: 1.29438  ,  Loss/distill: 1.19700
[train: Epoch 46, 1550 / 2500] FPS: 10.2 (11.7)  ,  DataTime: 0.376 (0.002)  ,  ForwardTime: 0.209  ,  TotalTime: 0.586  ,  Loss/total: 0.62224  ,  Loss/giou: 0.16855  ,  Loss/l1: 0.01136  ,  Loss/location: 0.20329  ,  pro_loss: 0.12273  ,  IoU: 0.84317  ,  Loss/sim: 1.29310  ,  Loss/distill: 1.19652
[train: Epoch 46, 1600 / 2500] FPS: 10.2 (10.6)  ,  DataTime: 0.375 (0.002)  ,  ForwardTime: 0.209  ,  TotalTime: 0.586  ,  Loss/total: 0.62258  ,  Loss/giou: 0.16852  ,  Loss/l1: 0.01133  ,  Loss/location: 0.20385  ,  pro_loss: 0.12267  ,  IoU: 0.84310  ,  Loss/sim: 1.29315  ,  Loss/distill: 1.19613
[train: Epoch 46, 1650 / 2500] FPS: 10.2 (14.9)  ,  DataTime: 0.375 (0.002)  ,  ForwardTime: 0.209  ,  TotalTime: 0.586  ,  Loss/total: 0.62452  ,  Loss/giou: 0.16893  ,  Loss/l1: 0.01139  ,  Loss/location: 0.20464  ,  pro_loss: 0.12284  ,  IoU: 0.84282  ,  Loss/sim: 1.29214  ,  Loss/distill: 1.19608
[train: Epoch 46, 1700 / 2500] FPS: 10.3 (14.7)  ,  DataTime: 0.374 (0.002)  ,  ForwardTime: 0.209  ,  TotalTime: 0.585  ,  Loss/total: 0.62460  ,  Loss/giou: 0.16911  ,  Loss/l1: 0.01141  ,  Loss/location: 0.20425  ,  pro_loss: 0.12283  ,  IoU: 0.84267  ,  Loss/sim: 1.29180  ,  Loss/distill: 1.19587
[train: Epoch 46, 1750 / 2500] FPS: 10.3 (10.6)  ,  DataTime: 0.374 (0.002)  ,  ForwardTime: 0.209  ,  TotalTime: 0.585  ,  Loss/total: 0.62497  ,  Loss/giou: 0.16918  ,  Loss/l1: 0.01141  ,  Loss/location: 0.20445  ,  pro_loss: 0.12291  ,  IoU: 0.84262  ,  Loss/sim: 1.29203  ,  Loss/distill: 1.19584
[train: Epoch 46, 1800 / 2500] FPS: 10.2 (9.9)  ,  DataTime: 0.375 (0.002)  ,  ForwardTime: 0.209  ,  TotalTime: 0.586  ,  Loss/total: 0.62504  ,  Loss/giou: 0.16928  ,  Loss/l1: 0.01141  ,  Loss/location: 0.20438  ,  pro_loss: 0.12289  ,  IoU: 0.84251  ,  Loss/sim: 1.29224  ,  Loss/distill: 1.19521
[train: Epoch 46, 1850 / 2500] FPS: 10.3 (15.6)  ,  DataTime: 0.373 (0.002)  ,  ForwardTime: 0.209  ,  TotalTime: 0.584  ,  Loss/total: 0.62470  ,  Loss/giou: 0.16917  ,  Loss/l1: 0.01139  ,  Loss/location: 0.20432  ,  pro_loss: 0.12294  ,  IoU: 0.84260  ,  Loss/sim: 1.29252  ,  Loss/distill: 1.19544
[train: Epoch 46, 1900 / 2500] FPS: 10.3 (9.7)  ,  DataTime: 0.373 (0.002)  ,  ForwardTime: 0.209  ,  TotalTime: 0.584  ,  Loss/total: 0.62438  ,  Loss/giou: 0.16906  ,  Loss/l1: 0.01137  ,  Loss/location: 0.20425  ,  pro_loss: 0.12322  ,  IoU: 0.84267  ,  Loss/sim: 1.29302  ,  Loss/distill: 1.19549
[train: Epoch 46, 1950 / 2500] FPS: 10.3 (7.4)  ,  DataTime: 0.373 (0.002)  ,  ForwardTime: 0.209  ,  TotalTime: 0.583  ,  Loss/total: 0.62381  ,  Loss/giou: 0.16884  ,  Loss/l1: 0.01135  ,  Loss/location: 0.20420  ,  pro_loss: 0.12328  ,  IoU: 0.84283  ,  Loss/sim: 1.29302  ,  Loss/distill: 1.19558
[train: Epoch 46, 2000 / 2500] FPS: 10.3 (13.9)  ,  DataTime: 0.371 (0.002)  ,  ForwardTime: 0.209  ,  TotalTime: 0.582  ,  Loss/total: 0.62417  ,  Loss/giou: 0.16882  ,  Loss/l1: 0.01137  ,  Loss/location: 0.20449  ,  pro_loss: 0.12342  ,  IoU: 0.84289  ,  Loss/sim: 1.29271  ,  Loss/distill: 1.19562
[train: Epoch 46, 2050 / 2500] FPS: 10.3 (10.7)  ,  DataTime: 0.370 (0.002)  ,  ForwardTime: 0.209  ,  TotalTime: 0.581  ,  Loss/total: 0.62499  ,  Loss/giou: 0.16907  ,  Loss/l1: 0.01139  ,  Loss/location: 0.20470  ,  pro_loss: 0.12344  ,  IoU: 0.84266  ,  Loss/sim: 1.29280  ,  Loss/distill: 1.19637
[train: Epoch 46, 2100 / 2500] FPS: 10.3 (13.9)  ,  DataTime: 0.370 (0.002)  ,  ForwardTime: 0.209  ,  TotalTime: 0.581  ,  Loss/total: 0.62553  ,  Loss/giou: 0.16922  ,  Loss/l1: 0.01140  ,  Loss/location: 0.20489  ,  pro_loss: 0.12350  ,  IoU: 0.84255  ,  Loss/sim: 1.29244  ,  Loss/distill: 1.19643
[train: Epoch 46, 2150 / 2500] FPS: 10.3 (10.5)  ,  DataTime: 0.371 (0.002)  ,  ForwardTime: 0.209  ,  TotalTime: 0.582  ,  Loss/total: 0.62570  ,  Loss/giou: 0.16918  ,  Loss/l1: 0.01139  ,  Loss/location: 0.20517  ,  pro_loss: 0.12353  ,  IoU: 0.84253  ,  Loss/sim: 1.29302  ,  Loss/distill: 1.19674
[train: Epoch 46, 2200 / 2500] FPS: 10.3 (8.6)  ,  DataTime: 0.371 (0.002)  ,  ForwardTime: 0.209  ,  TotalTime: 0.582  ,  Loss/total: 0.62596  ,  Loss/giou: 0.16928  ,  Loss/l1: 0.01143  ,  Loss/location: 0.20502  ,  pro_loss: 0.12361  ,  IoU: 0.84251  ,  Loss/sim: 1.29309  ,  Loss/distill: 1.19711
[train: Epoch 46, 2250 / 2500] FPS: 10.3 (7.0)  ,  DataTime: 0.371 (0.002)  ,  ForwardTime: 0.209  ,  TotalTime: 0.582  ,  Loss/total: 0.62596  ,  Loss/giou: 0.16918  ,  Loss/l1: 0.01142  ,  Loss/location: 0.20523  ,  pro_loss: 0.12378  ,  IoU: 0.84258  ,  Loss/sim: 1.29291  ,  Loss/distill: 1.19718
[train: Epoch 46, 2300 / 2500] FPS: 10.3 (13.1)  ,  DataTime: 0.371 (0.002)  ,  ForwardTime: 0.209  ,  TotalTime: 0.582  ,  Loss/total: 0.62637  ,  Loss/giou: 0.16929  ,  Loss/l1: 0.01144  ,  Loss/location: 0.20533  ,  pro_loss: 0.12382  ,  IoU: 0.84250  ,  Loss/sim: 1.29253  ,  Loss/distill: 1.19703
[train: Epoch 46, 2350 / 2500] FPS: 10.3 (14.2)  ,  DataTime: 0.371 (0.002)  ,  ForwardTime: 0.209  ,  TotalTime: 0.582  ,  Loss/total: 0.62645  ,  Loss/giou: 0.16924  ,  Loss/l1: 0.01143  ,  Loss/location: 0.20557  ,  pro_loss: 0.12374  ,  IoU: 0.84251  ,  Loss/sim: 1.29210  ,  Loss/distill: 1.19643
[train: Epoch 46, 2400 / 2500] FPS: 10.3 (15.4)  ,  DataTime: 0.371 (0.002)  ,  ForwardTime: 0.209  ,  TotalTime: 0.582  ,  Loss/total: 0.62788  ,  Loss/giou: 0.16951  ,  Loss/l1: 0.01147  ,  Loss/location: 0.20624  ,  pro_loss: 0.12384  ,  IoU: 0.84229  ,  Loss/sim: 1.29251  ,  Loss/distill: 1.19721
[train: Epoch 46, 2450 / 2500] FPS: 10.3 (12.7)  ,  DataTime: 0.371 (0.002)  ,  ForwardTime: 0.209  ,  TotalTime: 0.581  ,  Loss/total: 0.62946  ,  Loss/giou: 0.17004  ,  Loss/l1: 0.01153  ,  Loss/location: 0.20644  ,  pro_loss: 0.12400  ,  IoU: 0.84190  ,  Loss/sim: 1.29266  ,  Loss/distill: 1.19725
[train: Epoch 46, 2500 / 2500] FPS: 10.3 (9.9)  ,  DataTime: 0.371 (0.002)  ,  ForwardTime: 0.209  ,  TotalTime: 0.581  ,  Loss/total: 0.62908  ,  Loss/giou: 0.16984  ,  Loss/l1: 0.01150  ,  Loss/location: 0.20657  ,  pro_loss: 0.12407  ,  IoU: 0.84208  ,  Loss/sim: 1.29220  ,  Loss/distill: 1.19701
[train: Epoch 47, 50 / 2500] FPS: 9.7 (8.8)  ,  DataTime: 0.406 (0.002)  ,  ForwardTime: 0.209  ,  TotalTime: 0.617  ,  Loss/total: 0.66242  ,  Loss/giou: 0.17680  ,  Loss/l1: 0.01352  ,  Loss/location: 0.21719  ,  pro_loss: 0.11750  ,  IoU: 0.83806  ,  Loss/sim: 1.28534  ,  Loss/distill: 1.20171
[train: Epoch 47, 100 / 2500] FPS: 9.8 (13.2)  ,  DataTime: 0.399 (0.002)  ,  ForwardTime: 0.209  ,  TotalTime: 0.610  ,  Loss/total: 0.63605  ,  Loss/giou: 0.17181  ,  Loss/l1: 0.01216  ,  Loss/location: 0.20630  ,  pro_loss: 0.12403  ,  IoU: 0.84087  ,  Loss/sim: 1.28571  ,  Loss/distill: 1.19585
[train: Epoch 47, 150 / 2500] FPS: 10.2 (11.6)  ,  DataTime: 0.378 (0.002)  ,  ForwardTime: 0.209  ,  TotalTime: 0.589  ,  Loss/total: 0.64469  ,  Loss/giou: 0.17423  ,  Loss/l1: 0.01225  ,  Loss/location: 0.20925  ,  pro_loss: 0.12630  ,  IoU: 0.83946  ,  Loss/sim: 1.29662  ,  Loss/distill: 1.19180
[train: Epoch 47, 200 / 2500] FPS: 10.1 (9.5)  ,  DataTime: 0.384 (0.002)  ,  ForwardTime: 0.209  ,  TotalTime: 0.595  ,  Loss/total: 0.65297  ,  Loss/giou: 0.17551  ,  Loss/l1: 0.01244  ,  Loss/location: 0.21414  ,  pro_loss: 0.12549  ,  IoU: 0.83863  ,  Loss/sim: 1.29753  ,  Loss/distill: 1.19254
[train: Epoch 47, 250 / 2500] FPS: 10.3 (15.1)  ,  DataTime: 0.374 (0.002)  ,  ForwardTime: 0.209  ,  TotalTime: 0.585  ,  Loss/total: 0.66186  ,  Loss/giou: 0.17748  ,  Loss/l1: 0.01283  ,  Loss/location: 0.21738  ,  pro_loss: 0.12422  ,  IoU: 0.83741  ,  Loss/sim: 1.29107  ,  Loss/distill: 1.20054
[train: Epoch 47, 300 / 2500] FPS: 10.3 (9.5)  ,  DataTime: 0.372 (0.002)  ,  ForwardTime: 0.209  ,  TotalTime: 0.583  ,  Loss/total: 0.66609  ,  Loss/giou: 0.17734  ,  Loss/l1: 0.01277  ,  Loss/location: 0.22249  ,  pro_loss: 0.12292  ,  IoU: 0.83716  ,  Loss/sim: 1.28924  ,  Loss/distill: 1.19853
[train: Epoch 47, 350 / 2500] FPS: 10.4 (12.5)  ,  DataTime: 0.366 (0.002)  ,  ForwardTime: 0.209  ,  TotalTime: 0.577  ,  Loss/total: 0.65622  ,  Loss/giou: 0.17508  ,  Loss/l1: 0.01251  ,  Loss/location: 0.21841  ,  pro_loss: 0.12310  ,  IoU: 0.83889  ,  Loss/sim: 1.29278  ,  Loss/distill: 1.20001
[train: Epoch 47, 400 / 2500] FPS: 10.4 (10.2)  ,  DataTime: 0.367 (0.002)  ,  ForwardTime: 0.209  ,  TotalTime: 0.578  ,  Loss/total: 0.65397  ,  Loss/giou: 0.17451  ,  Loss/l1: 0.01240  ,  Loss/location: 0.21768  ,  pro_loss: 0.12378  ,  IoU: 0.83909  ,  Loss/sim: 1.29930  ,  Loss/distill: 1.20169
[train: Epoch 47, 450 / 2500] FPS: 10.4 (10.8)  ,  DataTime: 0.368 (0.002)  ,  ForwardTime: 0.209  ,  TotalTime: 0.579  ,  Loss/total: 0.64909  ,  Loss/giou: 0.17332  ,  Loss/l1: 0.01217  ,  Loss/location: 0.21635  ,  pro_loss: 0.12370  ,  IoU: 0.83986  ,  Loss/sim: 1.29624  ,  Loss/distill: 1.19826
[train: Epoch 47, 500 / 2500] FPS: 10.3 (8.1)  ,  DataTime: 0.369 (0.002)  ,  ForwardTime: 0.209  ,  TotalTime: 0.580  ,  Loss/total: 0.64720  ,  Loss/giou: 0.17286  ,  Loss/l1: 0.01207  ,  Loss/location: 0.21580  ,  pro_loss: 0.12414  ,  IoU: 0.84016  ,  Loss/sim: 1.29685  ,  Loss/distill: 1.19725
[train: Epoch 47, 550 / 2500] FPS: 10.4 (14.0)  ,  DataTime: 0.368 (0.002)  ,  ForwardTime: 0.209  ,  TotalTime: 0.579  ,  Loss/total: 0.63653  ,  Loss/giou: 0.17040  ,  Loss/l1: 0.01179  ,  Loss/location: 0.21148  ,  pro_loss: 0.12412  ,  IoU: 0.84208  ,  Loss/sim: 1.29687  ,  Loss/distill: 1.19752
[train: Epoch 47, 600 / 2500] FPS: 10.4 (13.3)  ,  DataTime: 0.367 (0.002)  ,  ForwardTime: 0.209  ,  TotalTime: 0.578  ,  Loss/total: 0.63685  ,  Loss/giou: 0.17073  ,  Loss/l1: 0.01183  ,  Loss/location: 0.21090  ,  pro_loss: 0.12419  ,  IoU: 0.84182  ,  Loss/sim: 1.30182  ,  Loss/distill: 1.19892
[train: Epoch 47, 650 / 2500] FPS: 10.4 (12.8)  ,  DataTime: 0.367 (0.002)  ,  ForwardTime: 0.209  ,  TotalTime: 0.578  ,  Loss/total: 0.63984  ,  Loss/giou: 0.17158  ,  Loss/l1: 0.01189  ,  Loss/location: 0.21195  ,  pro_loss: 0.12400  ,  IoU: 0.84109  ,  Loss/sim: 1.30254  ,  Loss/distill: 1.19845
[train: Epoch 47, 700 / 2500] FPS: 10.4 (13.6)  ,  DataTime: 0.365 (0.002)  ,  ForwardTime: 0.209  ,  TotalTime: 0.576  ,  Loss/total: 0.64140  ,  Loss/giou: 0.17208  ,  Loss/l1: 0.01200  ,  Loss/location: 0.21203  ,  pro_loss: 0.12363  ,  IoU: 0.84072  ,  Loss/sim: 1.30023  ,  Loss/distill: 1.19852
[train: Epoch 47, 750 / 2500] FPS: 10.5 (10.9)  ,  DataTime: 0.362 (0.002)  ,  ForwardTime: 0.209  ,  TotalTime: 0.573  ,  Loss/total: 0.64046  ,  Loss/giou: 0.17185  ,  Loss/l1: 0.01197  ,  Loss/location: 0.21176  ,  pro_loss: 0.12320  ,  IoU: 0.84085  ,  Loss/sim: 1.29926  ,  Loss/distill: 1.19946
[train: Epoch 47, 800 / 2500] FPS: 10.5 (10.3)  ,  DataTime: 0.362 (0.002)  ,  ForwardTime: 0.209  ,  TotalTime: 0.573  ,  Loss/total: 0.64132  ,  Loss/giou: 0.17227  ,  Loss/l1: 0.01205  ,  Loss/location: 0.21142  ,  pro_loss: 0.12316  ,  IoU: 0.84062  ,  Loss/sim: 1.29982  ,  Loss/distill: 1.19977
[train: Epoch 47, 850 / 2500] FPS: 10.5 (8.9)  ,  DataTime: 0.362 (0.002)  ,  ForwardTime: 0.209  ,  TotalTime: 0.573  ,  Loss/total: 0.64354  ,  Loss/giou: 0.17294  ,  Loss/l1: 0.01208  ,  Loss/location: 0.21213  ,  pro_loss: 0.12310  ,  IoU: 0.84000  ,  Loss/sim: 1.29949  ,  Loss/distill: 1.20012
[train: Epoch 47, 900 / 2500] FPS: 10.4 (14.1)  ,  DataTime: 0.362 (0.002)  ,  ForwardTime: 0.210  ,  TotalTime: 0.575  ,  Loss/total: 0.64297  ,  Loss/giou: 0.17279  ,  Loss/l1: 0.01204  ,  Loss/location: 0.21202  ,  pro_loss: 0.12319  ,  IoU: 0.84008  ,  Loss/sim: 1.29911  ,  Loss/distill: 1.19897
[train: Epoch 47, 950 / 2500] FPS: 10.4 (11.3)  ,  DataTime: 0.364 (0.002)  ,  ForwardTime: 0.210  ,  TotalTime: 0.576  ,  Loss/total: 0.64078  ,  Loss/giou: 0.17240  ,  Loss/l1: 0.01203  ,  Loss/location: 0.21075  ,  pro_loss: 0.12282  ,  IoU: 0.84044  ,  Loss/sim: 1.29884  ,  Loss/distill: 1.19946
[train: Epoch 47, 1000 / 2500] FPS: 10.4 (15.7)  ,  DataTime: 0.365 (0.002)  ,  ForwardTime: 0.210  ,  TotalTime: 0.577  ,  Loss/total: 0.64099  ,  Loss/giou: 0.17233  ,  Loss/l1: 0.01199  ,  Loss/location: 0.21138  ,  pro_loss: 0.12239  ,  IoU: 0.84034  ,  Loss/sim: 1.30054  ,  Loss/distill: 1.20057
[train: Epoch 47, 1050 / 2500] FPS: 10.4 (11.8)  ,  DataTime: 0.365 (0.002)  ,  ForwardTime: 0.210  ,  TotalTime: 0.576  ,  Loss/total: 0.64100  ,  Loss/giou: 0.17204  ,  Loss/l1: 0.01197  ,  Loss/location: 0.21199  ,  pro_loss: 0.12279  ,  IoU: 0.84060  ,  Loss/sim: 1.29957  ,  Loss/distill: 1.19984
[train: Epoch 47, 1100 / 2500] FPS: 10.4 (13.0)  ,  DataTime: 0.365 (0.002)  ,  ForwardTime: 0.210  ,  TotalTime: 0.577  ,  Loss/total: 0.64343  ,  Loss/giou: 0.17247  ,  Loss/l1: 0.01200  ,  Loss/location: 0.21343  ,  pro_loss: 0.12266  ,  IoU: 0.84020  ,  Loss/sim: 1.29939  ,  Loss/distill: 1.20073
[train: Epoch 47, 1150 / 2500] FPS: 10.4 (4.5)  ,  DataTime: 0.365 (0.002)  ,  ForwardTime: 0.210  ,  TotalTime: 0.577  ,  Loss/total: 0.64145  ,  Loss/giou: 0.17209  ,  Loss/l1: 0.01197  ,  Loss/location: 0.21236  ,  pro_loss: 0.12277  ,  IoU: 0.84051  ,  Loss/sim: 1.29984  ,  Loss/distill: 1.20145
[train: Epoch 47, 1200 / 2500] FPS: 10.4 (14.7)  ,  DataTime: 0.364 (0.002)  ,  ForwardTime: 0.210  ,  TotalTime: 0.576  ,  Loss/total: 0.64190  ,  Loss/giou: 0.17243  ,  Loss/l1: 0.01197  ,  Loss/location: 0.21219  ,  pro_loss: 0.12250  ,  IoU: 0.84019  ,  Loss/sim: 1.29923  ,  Loss/distill: 1.20063
[train: Epoch 47, 1250 / 2500] FPS: 10.4 (10.0)  ,  DataTime: 0.364 (0.002)  ,  ForwardTime: 0.210  ,  TotalTime: 0.576  ,  Loss/total: 0.64102  ,  Loss/giou: 0.17241  ,  Loss/l1: 0.01198  ,  Loss/location: 0.21126  ,  pro_loss: 0.12262  ,  IoU: 0.84026  ,  Loss/sim: 1.29898  ,  Loss/distill: 1.19976
[train: Epoch 47, 1300 / 2500] FPS: 10.4 (10.5)  ,  DataTime: 0.365 (0.002)  ,  ForwardTime: 0.210  ,  TotalTime: 0.576  ,  Loss/total: 0.64103  ,  Loss/giou: 0.17254  ,  Loss/l1: 0.01195  ,  Loss/location: 0.21115  ,  pro_loss: 0.12270  ,  IoU: 0.84014  ,  Loss/sim: 1.29709  ,  Loss/distill: 1.19810
[train: Epoch 47, 1350 / 2500] FPS: 10.4 (11.6)  ,  DataTime: 0.363 (0.002)  ,  ForwardTime: 0.210  ,  TotalTime: 0.575  ,  Loss/total: 0.64090  ,  Loss/giou: 0.17246  ,  Loss/l1: 0.01195  ,  Loss/location: 0.21130  ,  pro_loss: 0.12225  ,  IoU: 0.84023  ,  Loss/sim: 1.29674  ,  Loss/distill: 1.19836
[train: Epoch 47, 1400 / 2500] FPS: 10.4 (8.7)  ,  DataTime: 0.363 (0.002)  ,  ForwardTime: 0.210  ,  TotalTime: 0.574  ,  Loss/total: 0.63978  ,  Loss/giou: 0.17230  ,  Loss/l1: 0.01192  ,  Loss/location: 0.21064  ,  pro_loss: 0.12210  ,  IoU: 0.84038  ,  Loss/sim: 1.29714  ,  Loss/distill: 1.19845
[train: Epoch 47, 1450 / 2500] FPS: 10.5 (15.0)  ,  DataTime: 0.362 (0.002)  ,  ForwardTime: 0.210  ,  TotalTime: 0.573  ,  Loss/total: 0.64110  ,  Loss/giou: 0.17261  ,  Loss/l1: 0.01200  ,  Loss/location: 0.21092  ,  pro_loss: 0.12232  ,  IoU: 0.84016  ,  Loss/sim: 1.29713  ,  Loss/distill: 1.19911
[train: Epoch 47, 1500 / 2500] FPS: 10.5 (13.2)  ,  DataTime: 0.362 (0.002)  ,  ForwardTime: 0.209  ,  TotalTime: 0.573  ,  Loss/total: 0.64148  ,  Loss/giou: 0.17273  ,  Loss/l1: 0.01200  ,  Loss/location: 0.21110  ,  pro_loss: 0.12219  ,  IoU: 0.84003  ,  Loss/sim: 1.29707  ,  Loss/distill: 1.19890
[train: Epoch 47, 1550 / 2500] FPS: 10.5 (13.1)  ,  DataTime: 0.362 (0.002)  ,  ForwardTime: 0.209  ,  TotalTime: 0.573  ,  Loss/total: 0.64153  ,  Loss/giou: 0.17262  ,  Loss/l1: 0.01200  ,  Loss/location: 0.21135  ,  pro_loss: 0.12228  ,  IoU: 0.84013  ,  Loss/sim: 1.29624  ,  Loss/distill: 1.19912
[train: Epoch 47, 1600 / 2500] FPS: 10.5 (16.1)  ,  DataTime: 0.362 (0.002)  ,  ForwardTime: 0.209  ,  TotalTime: 0.574  ,  Loss/total: 0.64220  ,  Loss/giou: 0.17283  ,  Loss/l1: 0.01201  ,  Loss/location: 0.21155  ,  pro_loss: 0.12220  ,  IoU: 0.83996  ,  Loss/sim: 1.29612  ,  Loss/distill: 1.19969
[train: Epoch 47, 1650 / 2500] FPS: 10.5 (8.9)  ,  DataTime: 0.362 (0.002)  ,  ForwardTime: 0.209  ,  TotalTime: 0.573  ,  Loss/total: 0.64008  ,  Loss/giou: 0.17226  ,  Loss/l1: 0.01193  ,  Loss/location: 0.21091  ,  pro_loss: 0.12244  ,  IoU: 0.84034  ,  Loss/sim: 1.29659  ,  Loss/distill: 1.19961
[train: Epoch 47, 1700 / 2500] FPS: 10.5 (10.0)  ,  DataTime: 0.362 (0.002)  ,  ForwardTime: 0.209  ,  TotalTime: 0.574  ,  Loss/total: 0.63961  ,  Loss/giou: 0.17215  ,  Loss/l1: 0.01191  ,  Loss/location: 0.21075  ,  pro_loss: 0.12260  ,  IoU: 0.84043  ,  Loss/sim: 1.29636  ,  Loss/distill: 1.19957
[train: Epoch 47, 1750 / 2500] FPS: 10.5 (11.9)  ,  DataTime: 0.362 (0.002)  ,  ForwardTime: 0.209  ,  TotalTime: 0.574  ,  Loss/total: 0.63816  ,  Loss/giou: 0.17170  ,  Loss/l1: 0.01184  ,  Loss/location: 0.21048  ,  pro_loss: 0.12291  ,  IoU: 0.84078  ,  Loss/sim: 1.29597  ,  Loss/distill: 1.19976
[train: Epoch 47, 1800 / 2500] FPS: 10.5 (12.1)  ,  DataTime: 0.362 (0.002)  ,  ForwardTime: 0.209  ,  TotalTime: 0.573  ,  Loss/total: 0.63609  ,  Loss/giou: 0.17120  ,  Loss/l1: 0.01179  ,  Loss/location: 0.20965  ,  pro_loss: 0.12296  ,  IoU: 0.84120  ,  Loss/sim: 1.29559  ,  Loss/distill: 1.19976
[train: Epoch 47, 1850 / 2500] FPS: 10.4 (12.3)  ,  DataTime: 0.363 (0.002)  ,  ForwardTime: 0.209  ,  TotalTime: 0.574  ,  Loss/total: 0.63641  ,  Loss/giou: 0.17135  ,  Loss/l1: 0.01180  ,  Loss/location: 0.20962  ,  pro_loss: 0.12290  ,  IoU: 0.84108  ,  Loss/sim: 1.29666  ,  Loss/distill: 1.20011
[train: Epoch 47, 1900 / 2500] FPS: 10.5 (8.9)  ,  DataTime: 0.362 (0.002)  ,  ForwardTime: 0.209  ,  TotalTime: 0.574  ,  Loss/total: 0.63540  ,  Loss/giou: 0.17111  ,  Loss/l1: 0.01176  ,  Loss/location: 0.20931  ,  pro_loss: 0.12289  ,  IoU: 0.84124  ,  Loss/sim: 1.29662  ,  Loss/distill: 1.20031
[train: Epoch 47, 1950 / 2500] FPS: 10.5 (9.8)  ,  DataTime: 0.363 (0.002)  ,  ForwardTime: 0.209  ,  TotalTime: 0.574  ,  Loss/total: 0.63476  ,  Loss/giou: 0.17102  ,  Loss/l1: 0.01175  ,  Loss/location: 0.20889  ,  pro_loss: 0.12293  ,  IoU: 0.84128  ,  Loss/sim: 1.29667  ,  Loss/distill: 1.20020
[train: Epoch 47, 2000 / 2500] FPS: 10.5 (7.3)  ,  DataTime: 0.362 (0.002)  ,  ForwardTime: 0.209  ,  TotalTime: 0.573  ,  Loss/total: 0.63668  ,  Loss/giou: 0.17146  ,  Loss/l1: 0.01180  ,  Loss/location: 0.20966  ,  pro_loss: 0.12291  ,  IoU: 0.84091  ,  Loss/sim: 1.29596  ,  Loss/distill: 1.19978
[train: Epoch 47, 2050 / 2500] FPS: 10.5 (14.0)  ,  DataTime: 0.361 (0.002)  ,  ForwardTime: 0.209  ,  TotalTime: 0.573  ,  Loss/total: 0.63581  ,  Loss/giou: 0.17126  ,  Loss/l1: 0.01179  ,  Loss/location: 0.20924  ,  pro_loss: 0.12308  ,  IoU: 0.84106  ,  Loss/sim: 1.29556  ,  Loss/distill: 1.19941
[train: Epoch 47, 2100 / 2500] FPS: 10.5 (13.1)  ,  DataTime: 0.361 (0.002)  ,  ForwardTime: 0.209  ,  TotalTime: 0.573  ,  Loss/total: 0.63585  ,  Loss/giou: 0.17125  ,  Loss/l1: 0.01178  ,  Loss/location: 0.20928  ,  pro_loss: 0.12324  ,  IoU: 0.84105  ,  Loss/sim: 1.29575  ,  Loss/distill: 1.19943
[train: Epoch 47, 2150 / 2500] FPS: 10.5 (13.8)  ,  DataTime: 0.361 (0.002)  ,  ForwardTime: 0.209  ,  TotalTime: 0.573  ,  Loss/total: 0.63630  ,  Loss/giou: 0.17127  ,  Loss/l1: 0.01181  ,  Loss/location: 0.20956  ,  pro_loss: 0.12327  ,  IoU: 0.84110  ,  Loss/sim: 1.29634  ,  Loss/distill: 1.19958
[train: Epoch 47, 2200 / 2500] FPS: 10.5 (10.8)  ,  DataTime: 0.360 (0.002)  ,  ForwardTime: 0.209  ,  TotalTime: 0.572  ,  Loss/total: 0.63518  ,  Loss/giou: 0.17104  ,  Loss/l1: 0.01177  ,  Loss/location: 0.20910  ,  pro_loss: 0.12321  ,  IoU: 0.84127  ,  Loss/sim: 1.29641  ,  Loss/distill: 1.19935
[train: Epoch 47, 2250 / 2500] FPS: 10.5 (11.3)  ,  DataTime: 0.362 (0.002)  ,  ForwardTime: 0.209  ,  TotalTime: 0.573  ,  Loss/total: 0.63525  ,  Loss/giou: 0.17099  ,  Loss/l1: 0.01176  ,  Loss/location: 0.20933  ,  pro_loss: 0.12318  ,  IoU: 0.84130  ,  Loss/sim: 1.29642  ,  Loss/distill: 1.19960
[train: Epoch 47, 2300 / 2500] FPS: 10.5 (14.6)  ,  DataTime: 0.362 (0.002)  ,  ForwardTime: 0.209  ,  TotalTime: 0.573  ,  Loss/total: 0.63464  ,  Loss/giou: 0.17091  ,  Loss/l1: 0.01174  ,  Loss/location: 0.20899  ,  pro_loss: 0.12310  ,  IoU: 0.84135  ,  Loss/sim: 1.29583  ,  Loss/distill: 1.19899
[train: Epoch 47, 2350 / 2500] FPS: 10.5 (14.4)  ,  DataTime: 0.363 (0.002)  ,  ForwardTime: 0.209  ,  TotalTime: 0.574  ,  Loss/total: 0.63459  ,  Loss/giou: 0.17086  ,  Loss/l1: 0.01175  ,  Loss/location: 0.20901  ,  pro_loss: 0.12305  ,  IoU: 0.84139  ,  Loss/sim: 1.29542  ,  Loss/distill: 1.19881
[train: Epoch 47, 2400 / 2500] FPS: 10.5 (11.8)  ,  DataTime: 0.363 (0.002)  ,  ForwardTime: 0.209  ,  TotalTime: 0.574  ,  Loss/total: 0.63502  ,  Loss/giou: 0.17102  ,  Loss/l1: 0.01175  ,  Loss/location: 0.20911  ,  pro_loss: 0.12321  ,  IoU: 0.84125  ,  Loss/sim: 1.29573  ,  Loss/distill: 1.19913
[train: Epoch 47, 2450 / 2500] FPS: 10.5 (11.8)  ,  DataTime: 0.363 (0.002)  ,  ForwardTime: 0.209  ,  TotalTime: 0.574  ,  Loss/total: 0.63410  ,  Loss/giou: 0.17081  ,  Loss/l1: 0.01173  ,  Loss/location: 0.20870  ,  pro_loss: 0.12322  ,  IoU: 0.84142  ,  Loss/sim: 1.29594  ,  Loss/distill: 1.19958
[train: Epoch 47, 2500 / 2500] FPS: 10.4 (8.4)  ,  DataTime: 0.363 (0.002)  ,  ForwardTime: 0.209  ,  TotalTime: 0.574  ,  Loss/total: 0.63437  ,  Loss/giou: 0.17091  ,  Loss/l1: 0.01176  ,  Loss/location: 0.20858  ,  pro_loss: 0.12339  ,  IoU: 0.84140  ,  Loss/sim: 1.29568  ,  Loss/distill: 1.19960
[train: Epoch 48, 50 / 2500] FPS: 10.0 (8.7)  ,  DataTime: 0.388 (0.002)  ,  ForwardTime: 0.208  ,  TotalTime: 0.599  ,  Loss/total: 0.70168  ,  Loss/giou: 0.18427  ,  Loss/l1: 0.01370  ,  Loss/location: 0.23783  ,  pro_loss: 0.13167  ,  IoU: 0.83061  ,  Loss/sim: 1.27994  ,  Loss/distill: 1.18813
[train: Epoch 48, 100 / 2500] FPS: 10.2 (13.7)  ,  DataTime: 0.379 (0.002)  ,  ForwardTime: 0.209  ,  TotalTime: 0.590  ,  Loss/total: 0.71221  ,  Loss/giou: 0.18808  ,  Loss/l1: 0.01361  ,  Loss/location: 0.24135  ,  pro_loss: 0.13069  ,  IoU: 0.82706  ,  Loss/sim: 1.28561  ,  Loss/distill: 1.19191
[train: Epoch 48, 150 / 2500] FPS: 10.3 (11.1)  ,  DataTime: 0.375 (0.002)  ,  ForwardTime: 0.209  ,  TotalTime: 0.585  ,  Loss/total: 0.67867  ,  Loss/giou: 0.18117  ,  Loss/l1: 0.01300  ,  Loss/location: 0.22520  ,  pro_loss: 0.12824  ,  IoU: 0.83321  ,  Loss/sim: 1.29504  ,  Loss/distill: 1.19724
[train: Epoch 48, 200 / 2500] FPS: 10.4 (10.0)  ,  DataTime: 0.366 (0.002)  ,  ForwardTime: 0.209  ,  TotalTime: 0.576  ,  Loss/total: 0.67276  ,  Loss/giou: 0.17963  ,  Loss/l1: 0.01267  ,  Loss/location: 0.22442  ,  pro_loss: 0.12625  ,  IoU: 0.83422  ,  Loss/sim: 1.29057  ,  Loss/distill: 1.19830
[train: Epoch 48, 250 / 2500] FPS: 10.5 (11.9)  ,  DataTime: 0.361 (0.002)  ,  ForwardTime: 0.209  ,  TotalTime: 0.572  ,  Loss/total: 0.67659  ,  Loss/giou: 0.17977  ,  Loss/l1: 0.01281  ,  Loss/location: 0.22734  ,  pro_loss: 0.12572  ,  IoU: 0.83457  ,  Loss/sim: 1.29264  ,  Loss/distill: 1.19619
[train: Epoch 48, 300 / 2500] FPS: 10.5 (10.4)  ,  DataTime: 0.359 (0.002)  ,  ForwardTime: 0.209  ,  TotalTime: 0.570  ,  Loss/total: 0.67410  ,  Loss/giou: 0.17848  ,  Loss/l1: 0.01259  ,  Loss/location: 0.22854  ,  pro_loss: 0.12583  ,  IoU: 0.83530  ,  Loss/sim: 1.28337  ,  Loss/distill: 1.19166
[train: Epoch 48, 350 / 2500] FPS: 10.7 (14.1)  ,  DataTime: 0.352 (0.002)  ,  ForwardTime: 0.209  ,  TotalTime: 0.562  ,  Loss/total: 0.65991  ,  Loss/giou: 0.17589  ,  Loss/l1: 0.01234  ,  Loss/location: 0.22073  ,  pro_loss: 0.12599  ,  IoU: 0.83754  ,  Loss/sim: 1.28394  ,  Loss/distill: 1.18764
[train: Epoch 48, 400 / 2500] FPS: 10.5 (12.2)  ,  DataTime: 0.361 (0.002)  ,  ForwardTime: 0.209  ,  TotalTime: 0.572  ,  Loss/total: 0.65885  ,  Loss/giou: 0.17544  ,  Loss/l1: 0.01239  ,  Loss/location: 0.22025  ,  pro_loss: 0.12632  ,  IoU: 0.83812  ,  Loss/sim: 1.27978  ,  Loss/distill: 1.18383
[train: Epoch 48, 450 / 2500] FPS: 10.5 (9.7)  ,  DataTime: 0.361 (0.002)  ,  ForwardTime: 0.209  ,  TotalTime: 0.571  ,  Loss/total: 0.65517  ,  Loss/giou: 0.17468  ,  Loss/l1: 0.01233  ,  Loss/location: 0.21849  ,  pro_loss: 0.12580  ,  IoU: 0.83862  ,  Loss/sim: 1.28422  ,  Loss/distill: 1.18597
[train: Epoch 48, 500 / 2500] FPS: 10.4 (8.9)  ,  DataTime: 0.364 (0.002)  ,  ForwardTime: 0.209  ,  TotalTime: 0.575  ,  Loss/total: 0.65226  ,  Loss/giou: 0.17361  ,  Loss/l1: 0.01217  ,  Loss/location: 0.21871  ,  pro_loss: 0.12489  ,  IoU: 0.83941  ,  Loss/sim: 1.28238  ,  Loss/distill: 1.18318
[train: Epoch 48, 550 / 2500] FPS: 10.5 (13.8)  ,  DataTime: 0.360 (0.002)  ,  ForwardTime: 0.209  ,  TotalTime: 0.571  ,  Loss/total: 0.65591  ,  Loss/giou: 0.17487  ,  Loss/l1: 0.01230  ,  Loss/location: 0.21935  ,  pro_loss: 0.12407  ,  IoU: 0.83845  ,  Loss/sim: 1.28382  ,  Loss/distill: 1.18644
[train: Epoch 48, 600 / 2500] FPS: 10.5 (8.0)  ,  DataTime: 0.361 (0.002)  ,  ForwardTime: 0.209  ,  TotalTime: 0.572  ,  Loss/total: 0.65443  ,  Loss/giou: 0.17414  ,  Loss/l1: 0.01224  ,  Loss/location: 0.21970  ,  pro_loss: 0.12373  ,  IoU: 0.83909  ,  Loss/sim: 1.28036  ,  Loss/distill: 1.18454
[train: Epoch 48, 650 / 2500] FPS: 10.5 (13.9)  ,  DataTime: 0.362 (0.002)  ,  ForwardTime: 0.209  ,  TotalTime: 0.573  ,  Loss/total: 0.65016  ,  Loss/giou: 0.17347  ,  Loss/l1: 0.01211  ,  Loss/location: 0.21756  ,  pro_loss: 0.12316  ,  IoU: 0.83956  ,  Loss/sim: 1.28177  ,  Loss/distill: 1.18527
[train: Epoch 48, 700 / 2500] FPS: 10.5 (6.2)  ,  DataTime: 0.363 (0.002)  ,  ForwardTime: 0.209  ,  TotalTime: 0.573  ,  Loss/total: 0.64941  ,  Loss/giou: 0.17357  ,  Loss/l1: 0.01207  ,  Loss/location: 0.21673  ,  pro_loss: 0.12341  ,  IoU: 0.83942  ,  Loss/sim: 1.28318  ,  Loss/distill: 1.18564
[train: Epoch 48, 750 / 2500] FPS: 10.5 (11.6)  ,  DataTime: 0.362 (0.002)  ,  ForwardTime: 0.209  ,  TotalTime: 0.573  ,  Loss/total: 0.64600  ,  Loss/giou: 0.17286  ,  Loss/l1: 0.01194  ,  Loss/location: 0.21539  ,  pro_loss: 0.12354  ,  IoU: 0.83977  ,  Loss/sim: 1.28239  ,  Loss/distill: 1.18618
[train: Epoch 48, 800 / 2500] FPS: 10.5 (8.6)  ,  DataTime: 0.363 (0.002)  ,  ForwardTime: 0.209  ,  TotalTime: 0.574  ,  Loss/total: 0.64946  ,  Loss/giou: 0.17378  ,  Loss/l1: 0.01212  ,  Loss/location: 0.21617  ,  pro_loss: 0.12309  ,  IoU: 0.83920  ,  Loss/sim: 1.28040  ,  Loss/distill: 1.18699
[train: Epoch 48, 850 / 2500] FPS: 10.4 (11.3)  ,  DataTime: 0.364 (0.002)  ,  ForwardTime: 0.209  ,  TotalTime: 0.575  ,  Loss/total: 0.64855  ,  Loss/giou: 0.17371  ,  Loss/l1: 0.01211  ,  Loss/location: 0.21555  ,  pro_loss: 0.12275  ,  IoU: 0.83925  ,  Loss/sim: 1.28199  ,  Loss/distill: 1.18775
[train: Epoch 48, 900 / 2500] FPS: 10.4 (13.0)  ,  DataTime: 0.366 (0.002)  ,  ForwardTime: 0.209  ,  TotalTime: 0.576  ,  Loss/total: 0.64786  ,  Loss/giou: 0.17356  ,  Loss/l1: 0.01208  ,  Loss/location: 0.21531  ,  pro_loss: 0.12264  ,  IoU: 0.83933  ,  Loss/sim: 1.28128  ,  Loss/distill: 1.18791
[train: Epoch 48, 950 / 2500] FPS: 10.3 (13.6)  ,  DataTime: 0.372 (0.002)  ,  ForwardTime: 0.209  ,  TotalTime: 0.582  ,  Loss/total: 0.64876  ,  Loss/giou: 0.17378  ,  Loss/l1: 0.01211  ,  Loss/location: 0.21560  ,  pro_loss: 0.12282  ,  IoU: 0.83919  ,  Loss/sim: 1.28135  ,  Loss/distill: 1.18862
[train: Epoch 48, 1000 / 2500] FPS: 10.3 (9.8)  ,  DataTime: 0.370 (0.002)  ,  ForwardTime: 0.209  ,  TotalTime: 0.581  ,  Loss/total: 0.64654  ,  Loss/giou: 0.17332  ,  Loss/l1: 0.01205  ,  Loss/location: 0.21456  ,  pro_loss: 0.12293  ,  IoU: 0.83955  ,  Loss/sim: 1.28118  ,  Loss/distill: 1.18899
[train: Epoch 48, 1050 / 2500] FPS: 10.4 (8.0)  ,  DataTime: 0.367 (0.002)  ,  ForwardTime: 0.209  ,  TotalTime: 0.577  ,  Loss/total: 0.64495  ,  Loss/giou: 0.17302  ,  Loss/l1: 0.01202  ,  Loss/location: 0.21374  ,  pro_loss: 0.12294  ,  IoU: 0.83982  ,  Loss/sim: 1.28166  ,  Loss/distill: 1.18921
[train: Epoch 48, 1100 / 2500] FPS: 10.4 (14.8)  ,  DataTime: 0.365 (0.002)  ,  ForwardTime: 0.209  ,  TotalTime: 0.576  ,  Loss/total: 0.64545  ,  Loss/giou: 0.17281  ,  Loss/l1: 0.01199  ,  Loss/location: 0.21468  ,  pro_loss: 0.12343  ,  IoU: 0.83998  ,  Loss/sim: 1.28004  ,  Loss/distill: 1.18891
[train: Epoch 48, 1150 / 2500] FPS: 10.4 (14.5)  ,  DataTime: 0.364 (0.002)  ,  ForwardTime: 0.209  ,  TotalTime: 0.575  ,  Loss/total: 0.64289  ,  Loss/giou: 0.17212  ,  Loss/l1: 0.01192  ,  Loss/location: 0.21380  ,  pro_loss: 0.12372  ,  IoU: 0.84057  ,  Loss/sim: 1.28155  ,  Loss/distill: 1.18983
[train: Epoch 48, 1200 / 2500] FPS: 10.4 (12.3)  ,  DataTime: 0.365 (0.002)  ,  ForwardTime: 0.209  ,  TotalTime: 0.576  ,  Loss/total: 0.64161  ,  Loss/giou: 0.17171  ,  Loss/l1: 0.01187  ,  Loss/location: 0.21367  ,  pro_loss: 0.12346  ,  IoU: 0.84084  ,  Loss/sim: 1.28278  ,  Loss/distill: 1.18972
[train: Epoch 48, 1250 / 2500] FPS: 10.4 (9.1)  ,  DataTime: 0.365 (0.002)  ,  ForwardTime: 0.209  ,  TotalTime: 0.576  ,  Loss/total: 0.64170  ,  Loss/giou: 0.17183  ,  Loss/l1: 0.01188  ,  Loss/location: 0.21342  ,  pro_loss: 0.12368  ,  IoU: 0.84079  ,  Loss/sim: 1.28164  ,  Loss/distill: 1.18860
[train: Epoch 48, 1300 / 2500] FPS: 10.3 (10.3)  ,  DataTime: 0.374 (0.002)  ,  ForwardTime: 0.209  ,  TotalTime: 0.585  ,  Loss/total: 0.64259  ,  Loss/giou: 0.17204  ,  Loss/l1: 0.01189  ,  Loss/location: 0.21389  ,  pro_loss: 0.12350  ,  IoU: 0.84061  ,  Loss/sim: 1.28112  ,  Loss/distill: 1.18862
[train: Epoch 48, 1350 / 2500] FPS: 10.3 (12.1)  ,  DataTime: 0.372 (0.002)  ,  ForwardTime: 0.209  ,  TotalTime: 0.583  ,  Loss/total: 0.64304  ,  Loss/giou: 0.17203  ,  Loss/l1: 0.01190  ,  Loss/location: 0.21431  ,  pro_loss: 0.12340  ,  IoU: 0.84059  ,  Loss/sim: 1.28110  ,  Loss/distill: 1.18882
[train: Epoch 48, 1400 / 2500] FPS: 10.3 (13.2)  ,  DataTime: 0.372 (0.002)  ,  ForwardTime: 0.209  ,  TotalTime: 0.583  ,  Loss/total: 0.64261  ,  Loss/giou: 0.17208  ,  Loss/l1: 0.01190  ,  Loss/location: 0.21382  ,  pro_loss: 0.12324  ,  IoU: 0.84062  ,  Loss/sim: 1.28215  ,  Loss/distill: 1.18896
[train: Epoch 48, 1450 / 2500] FPS: 10.3 (13.4)  ,  DataTime: 0.372 (0.002)  ,  ForwardTime: 0.209  ,  TotalTime: 0.583  ,  Loss/total: 0.64195  ,  Loss/giou: 0.17199  ,  Loss/l1: 0.01187  ,  Loss/location: 0.21345  ,  pro_loss: 0.12328  ,  IoU: 0.84063  ,  Loss/sim: 1.28231  ,  Loss/distill: 1.18921
[train: Epoch 48, 1500 / 2500] FPS: 10.3 (13.2)  ,  DataTime: 0.371 (0.002)  ,  ForwardTime: 0.209  ,  TotalTime: 0.582  ,  Loss/total: 0.64394  ,  Loss/giou: 0.17249  ,  Loss/l1: 0.01194  ,  Loss/location: 0.21413  ,  pro_loss: 0.12326  ,  IoU: 0.84020  ,  Loss/sim: 1.28200  ,  Loss/distill: 1.18985
[train: Epoch 48, 1550 / 2500] FPS: 10.3 (10.9)  ,  DataTime: 0.373 (0.002)  ,  ForwardTime: 0.209  ,  TotalTime: 0.584  ,  Loss/total: 0.64129  ,  Loss/giou: 0.17189  ,  Loss/l1: 0.01186  ,  Loss/location: 0.21308  ,  pro_loss: 0.12304  ,  IoU: 0.84064  ,  Loss/sim: 1.28099  ,  Loss/distill: 1.18879
[train: Epoch 48, 1600 / 2500] FPS: 10.3 (12.6)  ,  DataTime: 0.373 (0.002)  ,  ForwardTime: 0.209  ,  TotalTime: 0.584  ,  Loss/total: 0.64072  ,  Loss/giou: 0.17206  ,  Loss/l1: 0.01186  ,  Loss/location: 0.21223  ,  pro_loss: 0.12295  ,  IoU: 0.84047  ,  Loss/sim: 1.28108  ,  Loss/distill: 1.18885
[train: Epoch 48, 1650 / 2500] FPS: 10.3 (6.2)  ,  DataTime: 0.374 (0.002)  ,  ForwardTime: 0.209  ,  TotalTime: 0.585  ,  Loss/total: 0.64016  ,  Loss/giou: 0.17198  ,  Loss/l1: 0.01187  ,  Loss/location: 0.21174  ,  pro_loss: 0.12289  ,  IoU: 0.84060  ,  Loss/sim: 1.28007  ,  Loss/distill: 1.18879
[train: Epoch 48, 1700 / 2500] FPS: 10.3 (12.0)  ,  DataTime: 0.373 (0.002)  ,  ForwardTime: 0.209  ,  TotalTime: 0.584  ,  Loss/total: 0.63744  ,  Loss/giou: 0.17129  ,  Loss/l1: 0.01180  ,  Loss/location: 0.21073  ,  pro_loss: 0.12312  ,  IoU: 0.84116  ,  Loss/sim: 1.27998  ,  Loss/distill: 1.18868
[train: Epoch 48, 1750 / 2500] FPS: 10.2 (11.9)  ,  DataTime: 0.375 (0.002)  ,  ForwardTime: 0.209  ,  TotalTime: 0.586  ,  Loss/total: 0.63602  ,  Loss/giou: 0.17092  ,  Loss/l1: 0.01175  ,  Loss/location: 0.21030  ,  pro_loss: 0.12309  ,  IoU: 0.84144  ,  Loss/sim: 1.27980  ,  Loss/distill: 1.18821
[train: Epoch 48, 1800 / 2500] FPS: 10.2 (11.1)  ,  DataTime: 0.376 (0.002)  ,  ForwardTime: 0.209  ,  TotalTime: 0.587  ,  Loss/total: 0.63716  ,  Loss/giou: 0.17119  ,  Loss/l1: 0.01179  ,  Loss/location: 0.21074  ,  pro_loss: 0.12306  ,  IoU: 0.84119  ,  Loss/sim: 1.28028  ,  Loss/distill: 1.18913
[train: Epoch 48, 1850 / 2500] FPS: 10.2 (10.2)  ,  DataTime: 0.376 (0.002)  ,  ForwardTime: 0.209  ,  TotalTime: 0.587  ,  Loss/total: 0.63666  ,  Loss/giou: 0.17091  ,  Loss/l1: 0.01177  ,  Loss/location: 0.21083  ,  pro_loss: 0.12330  ,  IoU: 0.84141  ,  Loss/sim: 1.27948  ,  Loss/distill: 1.18909
[train: Epoch 48, 1900 / 2500] FPS: 10.2 (13.4)  ,  DataTime: 0.375 (0.002)  ,  ForwardTime: 0.209  ,  TotalTime: 0.586  ,  Loss/total: 0.63666  ,  Loss/giou: 0.17086  ,  Loss/l1: 0.01175  ,  Loss/location: 0.21099  ,  pro_loss: 0.12344  ,  IoU: 0.84142  ,  Loss/sim: 1.27996  ,  Loss/distill: 1.18887
[train: Epoch 48, 1950 / 2500] FPS: 10.3 (11.0)  ,  DataTime: 0.374 (0.002)  ,  ForwardTime: 0.209  ,  TotalTime: 0.585  ,  Loss/total: 0.63634  ,  Loss/giou: 0.17068  ,  Loss/l1: 0.01173  ,  Loss/location: 0.21115  ,  pro_loss: 0.12333  ,  IoU: 0.84152  ,  Loss/sim: 1.27957  ,  Loss/distill: 1.18804
[train: Epoch 48, 2000 / 2500] FPS: 10.3 (13.0)  ,  DataTime: 0.375 (0.002)  ,  ForwardTime: 0.209  ,  TotalTime: 0.585  ,  Loss/total: 0.63616  ,  Loss/giou: 0.17064  ,  Loss/l1: 0.01176  ,  Loss/location: 0.21090  ,  pro_loss: 0.12338  ,  IoU: 0.84161  ,  Loss/sim: 1.27922  ,  Loss/distill: 1.18814
[train: Epoch 48, 2050 / 2500] FPS: 10.2 (11.1)  ,  DataTime: 0.375 (0.002)  ,  ForwardTime: 0.209  ,  TotalTime: 0.585  ,  Loss/total: 0.63626  ,  Loss/giou: 0.17050  ,  Loss/l1: 0.01172  ,  Loss/location: 0.21146  ,  pro_loss: 0.12348  ,  IoU: 0.84167  ,  Loss/sim: 1.27967  ,  Loss/distill: 1.18798
[train: Epoch 48, 2100 / 2500] FPS: 10.3 (9.6)  ,  DataTime: 0.374 (0.002)  ,  ForwardTime: 0.209  ,  TotalTime: 0.585  ,  Loss/total: 0.63584  ,  Loss/giou: 0.17045  ,  Loss/l1: 0.01173  ,  Loss/location: 0.21108  ,  pro_loss: 0.12359  ,  IoU: 0.84176  ,  Loss/sim: 1.27986  ,  Loss/distill: 1.18786
[train: Epoch 48, 2150 / 2500] FPS: 10.3 (8.8)  ,  DataTime: 0.374 (0.002)  ,  ForwardTime: 0.209  ,  TotalTime: 0.585  ,  Loss/total: 0.63447  ,  Loss/giou: 0.17007  ,  Loss/l1: 0.01168  ,  Loss/location: 0.21068  ,  pro_loss: 0.12361  ,  IoU: 0.84207  ,  Loss/sim: 1.27927  ,  Loss/distill: 1.18765
[train: Epoch 48, 2200 / 2500] FPS: 10.3 (8.2)  ,  DataTime: 0.374 (0.002)  ,  ForwardTime: 0.209  ,  TotalTime: 0.585  ,  Loss/total: 0.63514  ,  Loss/giou: 0.17033  ,  Loss/l1: 0.01171  ,  Loss/location: 0.21078  ,  pro_loss: 0.12339  ,  IoU: 0.84181  ,  Loss/sim: 1.27935  ,  Loss/distill: 1.18757
[train: Epoch 48, 2250 / 2500] FPS: 10.3 (10.7)  ,  DataTime: 0.374 (0.002)  ,  ForwardTime: 0.209  ,  TotalTime: 0.585  ,  Loss/total: 0.63574  ,  Loss/giou: 0.17051  ,  Loss/l1: 0.01173  ,  Loss/location: 0.21096  ,  pro_loss: 0.12312  ,  IoU: 0.84171  ,  Loss/sim: 1.27882  ,  Loss/distill: 1.18748
[train: Epoch 48, 2300 / 2500] FPS: 10.2 (5.1)  ,  DataTime: 0.375 (0.002)  ,  ForwardTime: 0.209  ,  TotalTime: 0.585  ,  Loss/total: 0.63491  ,  Loss/giou: 0.17027  ,  Loss/l1: 0.01172  ,  Loss/location: 0.21065  ,  pro_loss: 0.12310  ,  IoU: 0.84189  ,  Loss/sim: 1.27877  ,  Loss/distill: 1.18751
[train: Epoch 48, 2350 / 2500] FPS: 10.3 (9.1)  ,  DataTime: 0.374 (0.002)  ,  ForwardTime: 0.209  ,  TotalTime: 0.585  ,  Loss/total: 0.63422  ,  Loss/giou: 0.17007  ,  Loss/l1: 0.01168  ,  Loss/location: 0.21049  ,  pro_loss: 0.12337  ,  IoU: 0.84206  ,  Loss/sim: 1.27901  ,  Loss/distill: 1.18766
[train: Epoch 48, 2400 / 2500] FPS: 10.3 (8.5)  ,  DataTime: 0.373 (0.002)  ,  ForwardTime: 0.209  ,  TotalTime: 0.584  ,  Loss/total: 0.63435  ,  Loss/giou: 0.17008  ,  Loss/l1: 0.01168  ,  Loss/location: 0.21061  ,  pro_loss: 0.12348  ,  IoU: 0.84201  ,  Loss/sim: 1.27861  ,  Loss/distill: 1.18743
[train: Epoch 48, 2450 / 2500] FPS: 10.3 (10.1)  ,  DataTime: 0.373 (0.002)  ,  ForwardTime: 0.209  ,  TotalTime: 0.584  ,  Loss/total: 0.63422  ,  Loss/giou: 0.17008  ,  Loss/l1: 0.01166  ,  Loss/location: 0.21061  ,  pro_loss: 0.12334  ,  IoU: 0.84197  ,  Loss/sim: 1.27908  ,  Loss/distill: 1.18809
[train: Epoch 48, 2500 / 2500] FPS: 10.3 (14.2)  ,  DataTime: 0.373 (0.002)  ,  ForwardTime: 0.209  ,  TotalTime: 0.584  ,  Loss/total: 0.63340  ,  Loss/giou: 0.16981  ,  Loss/l1: 0.01163  ,  Loss/location: 0.21044  ,  pro_loss: 0.12354  ,  IoU: 0.84214  ,  Loss/sim: 1.27869  ,  Loss/distill: 1.18803
[train: Epoch 49, 50 / 2500] FPS: 10.7 (18.7)  ,  DataTime: 0.349 (0.002)  ,  ForwardTime: 0.209  ,  TotalTime: 0.560  ,  Loss/total: 0.61249  ,  Loss/giou: 0.16516  ,  Loss/l1: 0.01067  ,  Loss/location: 0.20431  ,  pro_loss: 0.12000  ,  IoU: 0.84624  ,  Loss/sim: 1.26745  ,  Loss/distill: 1.18811
[train: Epoch 49, 100 / 2500] FPS: 10.8 (11.6)  ,  DataTime: 0.346 (0.002)  ,  ForwardTime: 0.209  ,  TotalTime: 0.557  ,  Loss/total: 0.61796  ,  Loss/giou: 0.16784  ,  Loss/l1: 0.01090  ,  Loss/location: 0.20324  ,  pro_loss: 0.12014  ,  IoU: 0.84286  ,  Loss/sim: 1.26912  ,  Loss/distill: 1.19420
[train: Epoch 49, 150 / 2500] FPS: 10.5 (8.8)  ,  DataTime: 0.359 (0.002)  ,  ForwardTime: 0.209  ,  TotalTime: 0.570  ,  Loss/total: 0.62897  ,  Loss/giou: 0.17130  ,  Loss/l1: 0.01129  ,  Loss/location: 0.20544  ,  pro_loss: 0.11991  ,  IoU: 0.84010  ,  Loss/sim: 1.27206  ,  Loss/distill: 1.19200
[train: Epoch 49, 200 / 2500] FPS: 10.7 (11.3)  ,  DataTime: 0.352 (0.002)  ,  ForwardTime: 0.209  ,  TotalTime: 0.563  ,  Loss/total: 0.63041  ,  Loss/giou: 0.17034  ,  Loss/l1: 0.01107  ,  Loss/location: 0.20951  ,  pro_loss: 0.12174  ,  IoU: 0.84033  ,  Loss/sim: 1.28038  ,  Loss/distill: 1.19669
[train: Epoch 49, 250 / 2500] FPS: 10.5 (11.3)  ,  DataTime: 0.359 (0.002)  ,  ForwardTime: 0.209  ,  TotalTime: 0.570  ,  Loss/total: 0.63166  ,  Loss/giou: 0.17062  ,  Loss/l1: 0.01117  ,  Loss/location: 0.20941  ,  pro_loss: 0.12333  ,  IoU: 0.84016  ,  Loss/sim: 1.27961  ,  Loss/distill: 1.19271
[train: Epoch 49, 300 / 2500] FPS: 10.6 (8.6)  ,  DataTime: 0.357 (0.002)  ,  ForwardTime: 0.209  ,  TotalTime: 0.567  ,  Loss/total: 0.63088  ,  Loss/giou: 0.17063  ,  Loss/l1: 0.01146  ,  Loss/location: 0.20710  ,  pro_loss: 0.12375  ,  IoU: 0.84080  ,  Loss/sim: 1.28048  ,  Loss/distill: 1.19227
[train: Epoch 49, 350 / 2500] FPS: 10.6 (12.6)  ,  DataTime: 0.355 (0.002)  ,  ForwardTime: 0.209  ,  TotalTime: 0.566  ,  Loss/total: 0.63639  ,  Loss/giou: 0.17174  ,  Loss/l1: 0.01181  ,  Loss/location: 0.20842  ,  pro_loss: 0.12468  ,  IoU: 0.84034  ,  Loss/sim: 1.28120  ,  Loss/distill: 1.19045
[train: Epoch 49, 400 / 2500] FPS: 10.6 (10.7)  ,  DataTime: 0.355 (0.002)  ,  ForwardTime: 0.209  ,  TotalTime: 0.566  ,  Loss/total: 0.63526  ,  Loss/giou: 0.17111  ,  Loss/l1: 0.01179  ,  Loss/location: 0.20859  ,  pro_loss: 0.12507  ,  IoU: 0.84089  ,  Loss/sim: 1.28438  ,  Loss/distill: 1.18898
[train: Epoch 49, 450 / 2500] FPS: 10.6 (9.8)  ,  DataTime: 0.353 (0.002)  ,  ForwardTime: 0.209  ,  TotalTime: 0.564  ,  Loss/total: 0.63394  ,  Loss/giou: 0.17046  ,  Loss/l1: 0.01178  ,  Loss/location: 0.20867  ,  pro_loss: 0.12472  ,  IoU: 0.84147  ,  Loss/sim: 1.28582  ,  Loss/distill: 1.18898
[train: Epoch 49, 500 / 2500] FPS: 10.6 (9.4)  ,  DataTime: 0.354 (0.002)  ,  ForwardTime: 0.209  ,  TotalTime: 0.565  ,  Loss/total: 0.63316  ,  Loss/giou: 0.17026  ,  Loss/l1: 0.01180  ,  Loss/location: 0.20819  ,  pro_loss: 0.12492  ,  IoU: 0.84168  ,  Loss/sim: 1.28840  ,  Loss/distill: 1.19241
[train: Epoch 49, 550 / 2500] FPS: 10.6 (7.5)  ,  DataTime: 0.354 (0.002)  ,  ForwardTime: 0.209  ,  TotalTime: 0.565  ,  Loss/total: 0.62988  ,  Loss/giou: 0.16970  ,  Loss/l1: 0.01166  ,  Loss/location: 0.20677  ,  pro_loss: 0.12465  ,  IoU: 0.84210  ,  Loss/sim: 1.28771  ,  Loss/distill: 1.19340
[train: Epoch 49, 600 / 2500] FPS: 10.6 (11.0)  ,  DataTime: 0.356 (0.002)  ,  ForwardTime: 0.209  ,  TotalTime: 0.566  ,  Loss/total: 0.63276  ,  Loss/giou: 0.17022  ,  Loss/l1: 0.01170  ,  Loss/location: 0.20840  ,  pro_loss: 0.12447  ,  IoU: 0.84169  ,  Loss/sim: 1.28879  ,  Loss/distill: 1.19316
[train: Epoch 49, 650 / 2500] FPS: 10.5 (8.8)  ,  DataTime: 0.359 (0.002)  ,  ForwardTime: 0.209  ,  TotalTime: 0.570  ,  Loss/total: 0.64186  ,  Loss/giou: 0.17260  ,  Loss/l1: 0.01207  ,  Loss/location: 0.21087  ,  pro_loss: 0.12472  ,  IoU: 0.83987  ,  Loss/sim: 1.28834  ,  Loss/distill: 1.19415
[train: Epoch 49, 700 / 2500] FPS: 10.4 (9.3)  ,  DataTime: 0.364 (0.002)  ,  ForwardTime: 0.209  ,  TotalTime: 0.575  ,  Loss/total: 0.64352  ,  Loss/giou: 0.17315  ,  Loss/l1: 0.01208  ,  Loss/location: 0.21144  ,  pro_loss: 0.12427  ,  IoU: 0.83932  ,  Loss/sim: 1.29212  ,  Loss/distill: 1.19590
[train: Epoch 49, 750 / 2500] FPS: 10.4 (5.3)  ,  DataTime: 0.367 (0.002)  ,  ForwardTime: 0.209  ,  TotalTime: 0.578  ,  Loss/total: 0.64372  ,  Loss/giou: 0.17345  ,  Loss/l1: 0.01210  ,  Loss/location: 0.21094  ,  pro_loss: 0.12439  ,  IoU: 0.83922  ,  Loss/sim: 1.29176  ,  Loss/distill: 1.19606
[train: Epoch 49, 800 / 2500] FPS: 10.2 (11.5)  ,  DataTime: 0.379 (0.002)  ,  ForwardTime: 0.209  ,  TotalTime: 0.590  ,  Loss/total: 0.64190  ,  Loss/giou: 0.17296  ,  Loss/l1: 0.01210  ,  Loss/location: 0.21015  ,  pro_loss: 0.12427  ,  IoU: 0.83970  ,  Loss/sim: 1.29011  ,  Loss/distill: 1.19492
[train: Epoch 49, 850 / 2500] FPS: 10.2 (9.2)  ,  DataTime: 0.379 (0.002)  ,  ForwardTime: 0.209  ,  TotalTime: 0.590  ,  Loss/total: 0.64422  ,  Loss/giou: 0.17364  ,  Loss/l1: 0.01219  ,  Loss/location: 0.21075  ,  pro_loss: 0.12368  ,  IoU: 0.83928  ,  Loss/sim: 1.28851  ,  Loss/distill: 1.19422
[train: Epoch 49, 900 / 2500] FPS: 10.2 (10.2)  ,  DataTime: 0.378 (0.002)  ,  ForwardTime: 0.209  ,  TotalTime: 0.589  ,  Loss/total: 0.64324  ,  Loss/giou: 0.17318  ,  Loss/l1: 0.01210  ,  Loss/location: 0.21112  ,  pro_loss: 0.12372  ,  IoU: 0.83957  ,  Loss/sim: 1.28927  ,  Loss/distill: 1.19504
[train: Epoch 49, 950 / 2500] FPS: 10.2 (9.8)  ,  DataTime: 0.376 (0.002)  ,  ForwardTime: 0.209  ,  TotalTime: 0.587  ,  Loss/total: 0.64417  ,  Loss/giou: 0.17314  ,  Loss/l1: 0.01211  ,  Loss/location: 0.21205  ,  pro_loss: 0.12392  ,  IoU: 0.83958  ,  Loss/sim: 1.28778  ,  Loss/distill: 1.19525
[train: Epoch 49, 1000 / 2500] FPS: 10.3 (10.0)  ,  DataTime: 0.374 (0.002)  ,  ForwardTime: 0.209  ,  TotalTime: 0.585  ,  Loss/total: 0.64334  ,  Loss/giou: 0.17308  ,  Loss/l1: 0.01209  ,  Loss/location: 0.21146  ,  pro_loss: 0.12375  ,  IoU: 0.83963  ,  Loss/sim: 1.28954  ,  Loss/distill: 1.19618
[train: Epoch 49, 1050 / 2500] FPS: 10.3 (10.2)  ,  DataTime: 0.373 (0.002)  ,  ForwardTime: 0.209  ,  TotalTime: 0.584  ,  Loss/total: 0.64167  ,  Loss/giou: 0.17279  ,  Loss/l1: 0.01206  ,  Loss/location: 0.21052  ,  pro_loss: 0.12380  ,  IoU: 0.83996  ,  Loss/sim: 1.28895  ,  Loss/distill: 1.19679
[train: Epoch 49, 1100 / 2500] FPS: 10.3 (11.0)  ,  DataTime: 0.372 (0.002)  ,  ForwardTime: 0.209  ,  TotalTime: 0.583  ,  Loss/total: 0.64099  ,  Loss/giou: 0.17260  ,  Loss/l1: 0.01204  ,  Loss/location: 0.21034  ,  pro_loss: 0.12372  ,  IoU: 0.84006  ,  Loss/sim: 1.29147  ,  Loss/distill: 1.19744
[train: Epoch 49, 1150 / 2500] FPS: 10.3 (9.0)  ,  DataTime: 0.373 (0.002)  ,  ForwardTime: 0.209  ,  TotalTime: 0.584  ,  Loss/total: 0.64010  ,  Loss/giou: 0.17241  ,  Loss/l1: 0.01199  ,  Loss/location: 0.21000  ,  pro_loss: 0.12412  ,  IoU: 0.84017  ,  Loss/sim: 1.29484  ,  Loss/distill: 1.19949
[train: Epoch 49, 1200 / 2500] FPS: 10.3 (13.6)  ,  DataTime: 0.371 (0.002)  ,  ForwardTime: 0.209  ,  TotalTime: 0.582  ,  Loss/total: 0.63687  ,  Loss/giou: 0.17144  ,  Loss/l1: 0.01189  ,  Loss/location: 0.20916  ,  pro_loss: 0.12449  ,  IoU: 0.84091  ,  Loss/sim: 1.29460  ,  Loss/distill: 1.19968
[train: Epoch 49, 1250 / 2500] FPS: 10.3 (11.6)  ,  DataTime: 0.371 (0.002)  ,  ForwardTime: 0.209  ,  TotalTime: 0.582  ,  Loss/total: 0.63799  ,  Loss/giou: 0.17169  ,  Loss/l1: 0.01192  ,  Loss/location: 0.20962  ,  pro_loss: 0.12433  ,  IoU: 0.84073  ,  Loss/sim: 1.29482  ,  Loss/distill: 1.20039
[train: Epoch 49, 1300 / 2500] FPS: 10.3 (11.7)  ,  DataTime: 0.370 (0.002)  ,  ForwardTime: 0.209  ,  TotalTime: 0.581  ,  Loss/total: 0.63840  ,  Loss/giou: 0.17172  ,  Loss/l1: 0.01194  ,  Loss/location: 0.20995  ,  pro_loss: 0.12405  ,  IoU: 0.84069  ,  Loss/sim: 1.29447  ,  Loss/distill: 1.20057
[train: Epoch 49, 1350 / 2500] FPS: 10.3 (14.5)  ,  DataTime: 0.371 (0.002)  ,  ForwardTime: 0.209  ,  TotalTime: 0.582  ,  Loss/total: 0.63859  ,  Loss/giou: 0.17187  ,  Loss/l1: 0.01196  ,  Loss/location: 0.20967  ,  pro_loss: 0.12432  ,  IoU: 0.84060  ,  Loss/sim: 1.29425  ,  Loss/distill: 1.20111
[train: Epoch 49, 1400 / 2500] FPS: 10.3 (10.9)  ,  DataTime: 0.370 (0.002)  ,  ForwardTime: 0.209  ,  TotalTime: 0.581  ,  Loss/total: 0.63813  ,  Loss/giou: 0.17186  ,  Loss/l1: 0.01198  ,  Loss/location: 0.20915  ,  pro_loss: 0.12420  ,  IoU: 0.84066  ,  Loss/sim: 1.29284  ,  Loss/distill: 1.20038
[train: Epoch 49, 1450 / 2500] FPS: 10.4 (11.6)  ,  DataTime: 0.369 (0.002)  ,  ForwardTime: 0.209  ,  TotalTime: 0.580  ,  Loss/total: 0.63728  ,  Loss/giou: 0.17150  ,  Loss/l1: 0.01192  ,  Loss/location: 0.20934  ,  pro_loss: 0.12417  ,  IoU: 0.84089  ,  Loss/sim: 1.29127  ,  Loss/distill: 1.19989
[train: Epoch 49, 1500 / 2500] FPS: 10.4 (9.7)  ,  DataTime: 0.368 (0.002)  ,  ForwardTime: 0.209  ,  TotalTime: 0.579  ,  Loss/total: 0.63691  ,  Loss/giou: 0.17129  ,  Loss/l1: 0.01188  ,  Loss/location: 0.20954  ,  pro_loss: 0.12439  ,  IoU: 0.84104  ,  Loss/sim: 1.29140  ,  Loss/distill: 1.19996
[train: Epoch 49, 1550 / 2500] FPS: 10.4 (11.3)  ,  DataTime: 0.367 (0.002)  ,  ForwardTime: 0.209  ,  TotalTime: 0.578  ,  Loss/total: 0.63607  ,  Loss/giou: 0.17118  ,  Loss/l1: 0.01188  ,  Loss/location: 0.20891  ,  pro_loss: 0.12445  ,  IoU: 0.84115  ,  Loss/sim: 1.29136  ,  Loss/distill: 1.19980
[train: Epoch 49, 1600 / 2500] FPS: 10.4 (7.0)  ,  DataTime: 0.366 (0.002)  ,  ForwardTime: 0.209  ,  TotalTime: 0.577  ,  Loss/total: 0.63478  ,  Loss/giou: 0.17086  ,  Loss/l1: 0.01185  ,  Loss/location: 0.20836  ,  pro_loss: 0.12467  ,  IoU: 0.84144  ,  Loss/sim: 1.29094  ,  Loss/distill: 1.19926
[train: Epoch 49, 1650 / 2500] FPS: 10.4 (9.5)  ,  DataTime: 0.365 (0.002)  ,  ForwardTime: 0.209  ,  TotalTime: 0.576  ,  Loss/total: 0.63256  ,  Loss/giou: 0.17027  ,  Loss/l1: 0.01178  ,  Loss/location: 0.20776  ,  pro_loss: 0.12436  ,  IoU: 0.84184  ,  Loss/sim: 1.29055  ,  Loss/distill: 1.19857
[train: Epoch 49, 1700 / 2500] FPS: 10.4 (13.4)  ,  DataTime: 0.364 (0.002)  ,  ForwardTime: 0.209  ,  TotalTime: 0.575  ,  Loss/total: 0.63426  ,  Loss/giou: 0.17079  ,  Loss/l1: 0.01183  ,  Loss/location: 0.20820  ,  pro_loss: 0.12419  ,  IoU: 0.84144  ,  Loss/sim: 1.29098  ,  Loss/distill: 1.19900
[train: Epoch 49, 1750 / 2500] FPS: 10.4 (6.8)  ,  DataTime: 0.365 (0.002)  ,  ForwardTime: 0.209  ,  TotalTime: 0.576  ,  Loss/total: 0.63371  ,  Loss/giou: 0.17071  ,  Loss/l1: 0.01179  ,  Loss/location: 0.20799  ,  pro_loss: 0.12418  ,  IoU: 0.84142  ,  Loss/sim: 1.29060  ,  Loss/distill: 1.19864
[train: Epoch 49, 1800 / 2500] FPS: 10.4 (12.7)  ,  DataTime: 0.365 (0.002)  ,  ForwardTime: 0.209  ,  TotalTime: 0.576  ,  Loss/total: 0.63439  ,  Loss/giou: 0.17079  ,  Loss/l1: 0.01182  ,  Loss/location: 0.20836  ,  pro_loss: 0.12436  ,  IoU: 0.84141  ,  Loss/sim: 1.29092  ,  Loss/distill: 1.19838
[train: Epoch 49, 1850 / 2500] FPS: 10.4 (6.6)  ,  DataTime: 0.365 (0.002)  ,  ForwardTime: 0.209  ,  TotalTime: 0.577  ,  Loss/total: 0.63583  ,  Loss/giou: 0.17116  ,  Loss/l1: 0.01185  ,  Loss/location: 0.20890  ,  pro_loss: 0.12438  ,  IoU: 0.84113  ,  Loss/sim: 1.29108  ,  Loss/distill: 1.19864
[train: Epoch 49, 1900 / 2500] FPS: 10.4 (10.6)  ,  DataTime: 0.365 (0.002)  ,  ForwardTime: 0.209  ,  TotalTime: 0.576  ,  Loss/total: 0.63543  ,  Loss/giou: 0.17107  ,  Loss/l1: 0.01184  ,  Loss/location: 0.20874  ,  pro_loss: 0.12432  ,  IoU: 0.84117  ,  Loss/sim: 1.29154  ,  Loss/distill: 1.19848
[train: Epoch 49, 1950 / 2500] FPS: 10.4 (15.4)  ,  DataTime: 0.364 (0.002)  ,  ForwardTime: 0.209  ,  TotalTime: 0.576  ,  Loss/total: 0.63595  ,  Loss/giou: 0.17109  ,  Loss/l1: 0.01184  ,  Loss/location: 0.20924  ,  pro_loss: 0.12422  ,  IoU: 0.84114  ,  Loss/sim: 1.29133  ,  Loss/distill: 1.19877
[train: Epoch 49, 2000 / 2500] FPS: 10.4 (16.2)  ,  DataTime: 0.364 (0.002)  ,  ForwardTime: 0.209  ,  TotalTime: 0.575  ,  Loss/total: 0.63529  ,  Loss/giou: 0.17095  ,  Loss/l1: 0.01181  ,  Loss/location: 0.20896  ,  pro_loss: 0.12434  ,  IoU: 0.84123  ,  Loss/sim: 1.29145  ,  Loss/distill: 1.19873
[train: Epoch 49, 2050 / 2500] FPS: 10.4 (15.2)  ,  DataTime: 0.364 (0.002)  ,  ForwardTime: 0.209  ,  TotalTime: 0.575  ,  Loss/total: 0.63513  ,  Loss/giou: 0.17084  ,  Loss/l1: 0.01179  ,  Loss/location: 0.20913  ,  pro_loss: 0.12423  ,  IoU: 0.84132  ,  Loss/sim: 1.29114  ,  Loss/distill: 1.19873
[train: Epoch 49, 2100 / 2500] FPS: 10.4 (9.4)  ,  DataTime: 0.363 (0.002)  ,  ForwardTime: 0.209  ,  TotalTime: 0.575  ,  Loss/total: 0.63672  ,  Loss/giou: 0.17119  ,  Loss/l1: 0.01182  ,  Loss/location: 0.20987  ,  pro_loss: 0.12430  ,  IoU: 0.84100  ,  Loss/sim: 1.29186  ,  Loss/distill: 1.19883
[train: Epoch 49, 2150 / 2500] FPS: 10.5 (11.0)  ,  DataTime: 0.363 (0.002)  ,  ForwardTime: 0.209  ,  TotalTime: 0.574  ,  Loss/total: 0.63696  ,  Loss/giou: 0.17116  ,  Loss/l1: 0.01182  ,  Loss/location: 0.21018  ,  pro_loss: 0.12425  ,  IoU: 0.84105  ,  Loss/sim: 1.29202  ,  Loss/distill: 1.19944
[train: Epoch 49, 2200 / 2500] FPS: 10.4 (8.9)  ,  DataTime: 0.364 (0.002)  ,  ForwardTime: 0.209  ,  TotalTime: 0.575  ,  Loss/total: 0.63744  ,  Loss/giou: 0.17114  ,  Loss/l1: 0.01181  ,  Loss/location: 0.21072  ,  pro_loss: 0.12438  ,  IoU: 0.84106  ,  Loss/sim: 1.29236  ,  Loss/distill: 1.19965
[train: Epoch 49, 2250 / 2500] FPS: 10.4 (3.6)  ,  DataTime: 0.364 (0.002)  ,  ForwardTime: 0.209  ,  TotalTime: 0.575  ,  Loss/total: 0.63818  ,  Loss/giou: 0.17134  ,  Loss/l1: 0.01186  ,  Loss/location: 0.21081  ,  pro_loss: 0.12453  ,  IoU: 0.84096  ,  Loss/sim: 1.29305  ,  Loss/distill: 1.20011
[train: Epoch 49, 2300 / 2500] FPS: 10.4 (12.4)  ,  DataTime: 0.365 (0.002)  ,  ForwardTime: 0.209  ,  TotalTime: 0.576  ,  Loss/total: 0.63946  ,  Loss/giou: 0.17174  ,  Loss/l1: 0.01192  ,  Loss/location: 0.21102  ,  pro_loss: 0.12440  ,  IoU: 0.84064  ,  Loss/sim: 1.29338  ,  Loss/distill: 1.20048
[train: Epoch 49, 2350 / 2500] FPS: 10.4 (10.0)  ,  DataTime: 0.365 (0.002)  ,  ForwardTime: 0.209  ,  TotalTime: 0.576  ,  Loss/total: 0.63960  ,  Loss/giou: 0.17172  ,  Loss/l1: 0.01191  ,  Loss/location: 0.21125  ,  pro_loss: 0.12434  ,  IoU: 0.84064  ,  Loss/sim: 1.29453  ,  Loss/distill: 1.20089
[train: Epoch 49, 2400 / 2500] FPS: 10.4 (10.6)  ,  DataTime: 0.364 (0.002)  ,  ForwardTime: 0.209  ,  TotalTime: 0.576  ,  Loss/total: 0.63997  ,  Loss/giou: 0.17179  ,  Loss/l1: 0.01190  ,  Loss/location: 0.21158  ,  pro_loss: 0.12420  ,  IoU: 0.84055  ,  Loss/sim: 1.29449  ,  Loss/distill: 1.20040
[train: Epoch 49, 2450 / 2500] FPS: 10.4 (9.0)  ,  DataTime: 0.365 (0.002)  ,  ForwardTime: 0.209  ,  TotalTime: 0.576  ,  Loss/total: 0.64126  ,  Loss/giou: 0.17219  ,  Loss/l1: 0.01195  ,  Loss/location: 0.21183  ,  pro_loss: 0.12407  ,  IoU: 0.84028  ,  Loss/sim: 1.29432  ,  Loss/distill: 1.20058
[train: Epoch 49, 2500 / 2500] FPS: 10.4 (10.9)  ,  DataTime: 0.368 (0.002)  ,  ForwardTime: 0.209  ,  TotalTime: 0.579  ,  Loss/total: 0.64102  ,  Loss/giou: 0.17220  ,  Loss/l1: 0.01195  ,  Loss/location: 0.21160  ,  pro_loss: 0.12397  ,  IoU: 0.84027  ,  Loss/sim: 1.29459  ,  Loss/distill: 1.20055
[train: Epoch 50, 50 / 2500] FPS: 9.7 (11.9)  ,  DataTime: 0.406 (0.002)  ,  ForwardTime: 0.209  ,  TotalTime: 0.617  ,  Loss/total: 0.57982  ,  Loss/giou: 0.15937  ,  Loss/l1: 0.01103  ,  Loss/location: 0.17995  ,  pro_loss: 0.12750  ,  IoU: 0.85174  ,  Loss/sim: 1.26404  ,  Loss/distill: 1.17392
[train: Epoch 50, 100 / 2500] FPS: 9.6 (8.5)  ,  DataTime: 0.413 (0.002)  ,  ForwardTime: 0.209  ,  TotalTime: 0.624  ,  Loss/total: 0.61264  ,  Loss/giou: 0.16625  ,  Loss/l1: 0.01125  ,  Loss/location: 0.19816  ,  pro_loss: 0.12625  ,  IoU: 0.84505  ,  Loss/sim: 1.27154  ,  Loss/distill: 1.18425
[train: Epoch 50, 150 / 2500] FPS: 9.8 (10.4)  ,  DataTime: 0.400 (0.002)  ,  ForwardTime: 0.209  ,  TotalTime: 0.610  ,  Loss/total: 0.62588  ,  Loss/giou: 0.17040  ,  Loss/l1: 0.01153  ,  Loss/location: 0.20226  ,  pro_loss: 0.12352  ,  IoU: 0.84135  ,  Loss/sim: 1.27072  ,  Loss/distill: 1.18681
[train: Epoch 50, 200 / 2500] FPS: 10.0 (8.2)  ,  DataTime: 0.392 (0.002)  ,  ForwardTime: 0.209  ,  TotalTime: 0.603  ,  Loss/total: 0.62740  ,  Loss/giou: 0.17116  ,  Loss/l1: 0.01155  ,  Loss/location: 0.20240  ,  pro_loss: 0.12229  ,  IoU: 0.84086  ,  Loss/sim: 1.27251  ,  Loss/distill: 1.19119
[train: Epoch 50, 250 / 2500] FPS: 10.1 (10.9)  ,  DataTime: 0.386 (0.002)  ,  ForwardTime: 0.209  ,  TotalTime: 0.597  ,  Loss/total: 0.63266  ,  Loss/giou: 0.17173  ,  Loss/l1: 0.01168  ,  Loss/location: 0.20577  ,  pro_loss: 0.12278  ,  IoU: 0.84048  ,  Loss/sim: 1.27409  ,  Loss/distill: 1.18954
[train: Epoch 50, 300 / 2500] FPS: 10.1 (11.7)  ,  DataTime: 0.384 (0.002)  ,  ForwardTime: 0.209  ,  TotalTime: 0.595  ,  Loss/total: 0.62334  ,  Loss/giou: 0.16899  ,  Loss/l1: 0.01139  ,  Loss/location: 0.20326  ,  pro_loss: 0.12319  ,  IoU: 0.84256  ,  Loss/sim: 1.27576  ,  Loss/distill: 1.19127
[train: Epoch 50, 350 / 2500] FPS: 10.1 (11.5)  ,  DataTime: 0.381 (0.002)  ,  ForwardTime: 0.209  ,  TotalTime: 0.592  ,  Loss/total: 0.62512  ,  Loss/giou: 0.16870  ,  Loss/l1: 0.01141  ,  Loss/location: 0.20576  ,  pro_loss: 0.12218  ,  IoU: 0.84263  ,  Loss/sim: 1.27762  ,  Loss/distill: 1.19378
[train: Epoch 50, 400 / 2500] FPS: 10.2 (6.2)  ,  DataTime: 0.377 (0.002)  ,  ForwardTime: 0.209  ,  TotalTime: 0.587  ,  Loss/total: 0.62178  ,  Loss/giou: 0.16763  ,  Loss/l1: 0.01134  ,  Loss/location: 0.20487  ,  pro_loss: 0.12219  ,  IoU: 0.84359  ,  Loss/sim: 1.27862  ,  Loss/distill: 1.19386
[train: Epoch 50, 450 / 2500] FPS: 10.2 (11.9)  ,  DataTime: 0.377 (0.002)  ,  ForwardTime: 0.209  ,  TotalTime: 0.588  ,  Loss/total: 0.62379  ,  Loss/giou: 0.16821  ,  Loss/l1: 0.01138  ,  Loss/location: 0.20551  ,  pro_loss: 0.12228  ,  IoU: 0.84313  ,  Loss/sim: 1.28136  ,  Loss/distill: 1.19349
[train: Epoch 50, 500 / 2500] FPS: 10.2 (10.6)  ,  DataTime: 0.377 (0.002)  ,  ForwardTime: 0.209  ,  TotalTime: 0.587  ,  Loss/total: 0.62519  ,  Loss/giou: 0.16898  ,  Loss/l1: 0.01149  ,  Loss/location: 0.20484  ,  pro_loss: 0.12225  ,  IoU: 0.84261  ,  Loss/sim: 1.28626  ,  Loss/distill: 1.19594
[train: Epoch 50, 550 / 2500] FPS: 10.2 (12.3)  ,  DataTime: 0.375 (0.002)  ,  ForwardTime: 0.209  ,  TotalTime: 0.586  ,  Loss/total: 0.63295  ,  Loss/giou: 0.17119  ,  Loss/l1: 0.01179  ,  Loss/location: 0.20660  ,  pro_loss: 0.12258  ,  IoU: 0.84113  ,  Loss/sim: 1.28735  ,  Loss/distill: 1.19683
[train: Epoch 50, 600 / 2500] FPS: 10.2 (10.4)  ,  DataTime: 0.376 (0.002)  ,  ForwardTime: 0.209  ,  TotalTime: 0.587  ,  Loss/total: 0.62805  ,  Loss/giou: 0.16993  ,  Loss/l1: 0.01165  ,  Loss/location: 0.20498  ,  pro_loss: 0.12234  ,  IoU: 0.84213  ,  Loss/sim: 1.28656  ,  Loss/distill: 1.19540
[train: Epoch 50, 650 / 2500] FPS: 10.3 (8.6)  ,  DataTime: 0.374 (0.002)  ,  ForwardTime: 0.209  ,  TotalTime: 0.585  ,  Loss/total: 0.63450  ,  Loss/giou: 0.17198  ,  Loss/l1: 0.01185  ,  Loss/location: 0.20637  ,  pro_loss: 0.12222  ,  IoU: 0.84062  ,  Loss/sim: 1.28758  ,  Loss/distill: 1.19691
[train: Epoch 50, 700 / 2500] FPS: 10.2 (8.5)  ,  DataTime: 0.377 (0.002)  ,  ForwardTime: 0.209  ,  TotalTime: 0.587  ,  Loss/total: 0.63318  ,  Loss/giou: 0.17169  ,  Loss/l1: 0.01185  ,  Loss/location: 0.20559  ,  pro_loss: 0.12230  ,  IoU: 0.84087  ,  Loss/sim: 1.28899  ,  Loss/distill: 1.19820
[train: Epoch 50, 750 / 2500] FPS: 10.2 (12.3)  ,  DataTime: 0.378 (0.002)  ,  ForwardTime: 0.209  ,  TotalTime: 0.589  ,  Loss/total: 0.63639  ,  Loss/giou: 0.17277  ,  Loss/l1: 0.01197  ,  Loss/location: 0.20599  ,  pro_loss: 0.12256  ,  IoU: 0.84004  ,  Loss/sim: 1.29120  ,  Loss/distill: 1.19963
[train: Epoch 50, 800 / 2500] FPS: 10.2 (13.9)  ,  DataTime: 0.376 (0.002)  ,  ForwardTime: 0.209  ,  TotalTime: 0.587  ,  Loss/total: 0.63814  ,  Loss/giou: 0.17312  ,  Loss/l1: 0.01203  ,  Loss/location: 0.20667  ,  pro_loss: 0.12278  ,  IoU: 0.83977  ,  Loss/sim: 1.29273  ,  Loss/distill: 1.19940
[train: Epoch 50, 850 / 2500] FPS: 10.2 (9.5)  ,  DataTime: 0.376 (0.002)  ,  ForwardTime: 0.209  ,  TotalTime: 0.587  ,  Loss/total: 0.63908  ,  Loss/giou: 0.17328  ,  Loss/l1: 0.01203  ,  Loss/location: 0.20730  ,  pro_loss: 0.12284  ,  IoU: 0.83958  ,  Loss/sim: 1.29349  ,  Loss/distill: 1.19880
[train: Epoch 50, 900 / 2500] FPS: 10.2 (10.9)  ,  DataTime: 0.378 (0.002)  ,  ForwardTime: 0.209  ,  TotalTime: 0.589  ,  Loss/total: 0.64019  ,  Loss/giou: 0.17338  ,  Loss/l1: 0.01206  ,  Loss/location: 0.20808  ,  pro_loss: 0.12276  ,  IoU: 0.83950  ,  Loss/sim: 1.29497  ,  Loss/distill: 1.19915
[train: Epoch 50, 950 / 2500] FPS: 10.2 (10.7)  ,  DataTime: 0.378 (0.002)  ,  ForwardTime: 0.209  ,  TotalTime: 0.589  ,  Loss/total: 0.63966  ,  Loss/giou: 0.17281  ,  Loss/l1: 0.01198  ,  Loss/location: 0.20908  ,  pro_loss: 0.12282  ,  IoU: 0.83991  ,  Loss/sim: 1.29388  ,  Loss/distill: 1.19751
[train: Epoch 50, 1000 / 2500] FPS: 10.2 (11.7)  ,  DataTime: 0.376 (0.002)  ,  ForwardTime: 0.209  ,  TotalTime: 0.587  ,  Loss/total: 0.63991  ,  Loss/giou: 0.17311  ,  Loss/l1: 0.01199  ,  Loss/location: 0.20869  ,  pro_loss: 0.12274  ,  IoU: 0.83973  ,  Loss/sim: 1.29423  ,  Loss/distill: 1.19796
[train: Epoch 50, 1050 / 2500] FPS: 10.2 (13.8)  ,  DataTime: 0.377 (0.002)  ,  ForwardTime: 0.209  ,  TotalTime: 0.588  ,  Loss/total: 0.64057  ,  Loss/giou: 0.17329  ,  Loss/l1: 0.01202  ,  Loss/location: 0.20881  ,  pro_loss: 0.12286  ,  IoU: 0.83968  ,  Loss/sim: 1.29551  ,  Loss/distill: 1.19730
[train: Epoch 50, 1100 / 2500] FPS: 10.2 (8.1)  ,  DataTime: 0.377 (0.002)  ,  ForwardTime: 0.209  ,  TotalTime: 0.587  ,  Loss/total: 0.64027  ,  Loss/giou: 0.17307  ,  Loss/l1: 0.01200  ,  Loss/location: 0.20898  ,  pro_loss: 0.12322  ,  IoU: 0.83981  ,  Loss/sim: 1.29453  ,  Loss/distill: 1.19768
[train: Epoch 50, 1150 / 2500] FPS: 10.2 (11.8)  ,  DataTime: 0.375 (0.002)  ,  ForwardTime: 0.209  ,  TotalTime: 0.586  ,  Loss/total: 0.64307  ,  Loss/giou: 0.17377  ,  Loss/l1: 0.01209  ,  Loss/location: 0.20994  ,  pro_loss: 0.12319  ,  IoU: 0.83932  ,  Loss/sim: 1.29468  ,  Loss/distill: 1.19806
[train: Epoch 50, 1200 / 2500] FPS: 10.3 (7.4)  ,  DataTime: 0.374 (0.002)  ,  ForwardTime: 0.209  ,  TotalTime: 0.584  ,  Loss/total: 0.64416  ,  Loss/giou: 0.17402  ,  Loss/l1: 0.01213  ,  Loss/location: 0.21038  ,  pro_loss: 0.12294  ,  IoU: 0.83909  ,  Loss/sim: 1.29649  ,  Loss/distill: 1.19844
[train: Epoch 50, 1250 / 2500] FPS: 10.2 (13.6)  ,  DataTime: 0.376 (0.002)  ,  ForwardTime: 0.209  ,  TotalTime: 0.587  ,  Loss/total: 0.64590  ,  Loss/giou: 0.17442  ,  Loss/l1: 0.01214  ,  Loss/location: 0.21123  ,  pro_loss: 0.12307  ,  IoU: 0.83874  ,  Loss/sim: 1.29711  ,  Loss/distill: 1.19819
[train: Epoch 50, 1300 / 2500] FPS: 10.3 (13.0)  ,  DataTime: 0.375 (0.002)  ,  ForwardTime: 0.209  ,  TotalTime: 0.585  ,  Loss/total: 0.64499  ,  Loss/giou: 0.17430  ,  Loss/l1: 0.01214  ,  Loss/location: 0.21060  ,  pro_loss: 0.12285  ,  IoU: 0.83883  ,  Loss/sim: 1.29687  ,  Loss/distill: 1.19812
[train: Epoch 50, 1350 / 2500] FPS: 10.2 (7.0)  ,  DataTime: 0.375 (0.002)  ,  ForwardTime: 0.209  ,  TotalTime: 0.586  ,  Loss/total: 0.64457  ,  Loss/giou: 0.17416  ,  Loss/l1: 0.01214  ,  Loss/location: 0.21047  ,  pro_loss: 0.12293  ,  IoU: 0.83898  ,  Loss/sim: 1.29664  ,  Loss/distill: 1.19803
[train: Epoch 50, 1400 / 2500] FPS: 10.1 (0.6)  ,  DataTime: 0.381 (0.002)  ,  ForwardTime: 0.209  ,  TotalTime: 0.592  ,  Loss/total: 0.64443  ,  Loss/giou: 0.17396  ,  Loss/l1: 0.01211  ,  Loss/location: 0.21092  ,  pro_loss: 0.12284  ,  IoU: 0.83908  ,  Loss/sim: 1.29642  ,  Loss/distill: 1.19792
[train: Epoch 50, 1450 / 2500] FPS: 10.2 (9.3)  ,  DataTime: 0.380 (0.002)  ,  ForwardTime: 0.209  ,  TotalTime: 0.590  ,  Loss/total: 0.64453  ,  Loss/giou: 0.17394  ,  Loss/l1: 0.01210  ,  Loss/location: 0.21106  ,  pro_loss: 0.12284  ,  IoU: 0.83918  ,  Loss/sim: 1.29593  ,  Loss/distill: 1.19685
[train: Epoch 50, 1500 / 2500] FPS: 10.1 (12.8)  ,  DataTime: 0.385 (0.002)  ,  ForwardTime: 0.209  ,  TotalTime: 0.596  ,  Loss/total: 0.64134  ,  Loss/giou: 0.17305  ,  Loss/l1: 0.01201  ,  Loss/location: 0.21006  ,  pro_loss: 0.12308  ,  IoU: 0.83985  ,  Loss/sim: 1.29455  ,  Loss/distill: 1.19594
[train: Epoch 50, 1550 / 2500] FPS: 10.1 (9.4)  ,  DataTime: 0.385 (0.002)  ,  ForwardTime: 0.209  ,  TotalTime: 0.596  ,  Loss/total: 0.64133  ,  Loss/giou: 0.17296  ,  Loss/l1: 0.01200  ,  Loss/location: 0.21026  ,  pro_loss: 0.12326  ,  IoU: 0.83988  ,  Loss/sim: 1.29526  ,  Loss/distill: 1.19592
[train: Epoch 50, 1600 / 2500] FPS: 10.1 (10.0)  ,  DataTime: 0.386 (0.002)  ,  ForwardTime: 0.209  ,  TotalTime: 0.596  ,  Loss/total: 0.64140  ,  Loss/giou: 0.17277  ,  Loss/l1: 0.01199  ,  Loss/location: 0.21077  ,  pro_loss: 0.12324  ,  IoU: 0.84004  ,  Loss/sim: 1.29589  ,  Loss/distill: 1.19663
[train: Epoch 50, 1650 / 2500] FPS: 10.1 (11.0)  ,  DataTime: 0.385 (0.002)  ,  ForwardTime: 0.209  ,  TotalTime: 0.596  ,  Loss/total: 0.64068  ,  Loss/giou: 0.17262  ,  Loss/l1: 0.01197  ,  Loss/location: 0.21043  ,  pro_loss: 0.12320  ,  IoU: 0.84018  ,  Loss/sim: 1.29524  ,  Loss/distill: 1.19640
[train: Epoch 50, 1700 / 2500] FPS: 10.1 (17.5)  ,  DataTime: 0.385 (0.002)  ,  ForwardTime: 0.209  ,  TotalTime: 0.595  ,  Loss/total: 0.63923  ,  Loss/giou: 0.17228  ,  Loss/l1: 0.01193  ,  Loss/location: 0.20991  ,  pro_loss: 0.12312  ,  IoU: 0.84046  ,  Loss/sim: 1.29486  ,  Loss/distill: 1.19652
[train: Epoch 50, 1750 / 2500] FPS: 10.1 (10.6)  ,  DataTime: 0.384 (0.002)  ,  ForwardTime: 0.209  ,  TotalTime: 0.595  ,  Loss/total: 0.63873  ,  Loss/giou: 0.17215  ,  Loss/l1: 0.01193  ,  Loss/location: 0.20969  ,  pro_loss: 0.12286  ,  IoU: 0.84060  ,  Loss/sim: 1.29543  ,  Loss/distill: 1.19684
[train: Epoch 50, 1800 / 2500] FPS: 10.1 (8.8)  ,  DataTime: 0.383 (0.002)  ,  ForwardTime: 0.209  ,  TotalTime: 0.594  ,  Loss/total: 0.63935  ,  Loss/giou: 0.17231  ,  Loss/l1: 0.01195  ,  Loss/location: 0.20993  ,  pro_loss: 0.12281  ,  IoU: 0.84051  ,  Loss/sim: 1.29573  ,  Loss/distill: 1.19746
[train: Epoch 50, 1850 / 2500] FPS: 10.1 (11.4)  ,  DataTime: 0.383 (0.002)  ,  ForwardTime: 0.209  ,  TotalTime: 0.593  ,  Loss/total: 0.63932  ,  Loss/giou: 0.17244  ,  Loss/l1: 0.01195  ,  Loss/location: 0.20966  ,  pro_loss: 0.12261  ,  IoU: 0.84038  ,  Loss/sim: 1.29599  ,  Loss/distill: 1.19694
[train: Epoch 50, 1900 / 2500] FPS: 10.1 (3.1)  ,  DataTime: 0.384 (0.002)  ,  ForwardTime: 0.209  ,  TotalTime: 0.594  ,  Loss/total: 0.63977  ,  Loss/giou: 0.17248  ,  Loss/l1: 0.01197  ,  Loss/location: 0.20997  ,  pro_loss: 0.12243  ,  IoU: 0.84038  ,  Loss/sim: 1.29486  ,  Loss/distill: 1.19677
[train: Epoch 50, 1950 / 2500] FPS: 10.1 (11.7)  ,  DataTime: 0.385 (0.002)  ,  ForwardTime: 0.209  ,  TotalTime: 0.596  ,  Loss/total: 0.63970  ,  Loss/giou: 0.17242  ,  Loss/l1: 0.01198  ,  Loss/location: 0.20994  ,  pro_loss: 0.12258  ,  IoU: 0.84043  ,  Loss/sim: 1.29409  ,  Loss/distill: 1.19579
[train: Epoch 50, 2000 / 2500] FPS: 10.1 (9.3)  ,  DataTime: 0.385 (0.002)  ,  ForwardTime: 0.209  ,  TotalTime: 0.596  ,  Loss/total: 0.63925  ,  Loss/giou: 0.17227  ,  Loss/l1: 0.01196  ,  Loss/location: 0.20987  ,  pro_loss: 0.12256  ,  IoU: 0.84053  ,  Loss/sim: 1.29520  ,  Loss/distill: 1.19607
[train: Epoch 50, 2050 / 2500] FPS: 10.1 (10.5)  ,  DataTime: 0.385 (0.002)  ,  ForwardTime: 0.209  ,  TotalTime: 0.596  ,  Loss/total: 0.64054  ,  Loss/giou: 0.17261  ,  Loss/l1: 0.01202  ,  Loss/location: 0.21020  ,  pro_loss: 0.12264  ,  IoU: 0.84031  ,  Loss/sim: 1.29493  ,  Loss/distill: 1.19573
[train: Epoch 50, 2100 / 2500] FPS: 10.1 (7.5)  ,  DataTime: 0.385 (0.002)  ,  ForwardTime: 0.209  ,  TotalTime: 0.595  ,  Loss/total: 0.64201  ,  Loss/giou: 0.17307  ,  Loss/l1: 0.01207  ,  Loss/location: 0.21050  ,  pro_loss: 0.12254  ,  IoU: 0.84000  ,  Loss/sim: 1.29466  ,  Loss/distill: 1.19567
[train: Epoch 50, 2150 / 2500] FPS: 10.1 (11.5)  ,  DataTime: 0.384 (0.002)  ,  ForwardTime: 0.209  ,  TotalTime: 0.594  ,  Loss/total: 0.64221  ,  Loss/giou: 0.17323  ,  Loss/l1: 0.01209  ,  Loss/location: 0.21028  ,  pro_loss: 0.12247  ,  IoU: 0.83989  ,  Loss/sim: 1.29475  ,  Loss/distill: 1.19580
[train: Epoch 50, 2200 / 2500] FPS: 10.1 (11.5)  ,  DataTime: 0.383 (0.002)  ,  ForwardTime: 0.209  ,  TotalTime: 0.594  ,  Loss/total: 0.64097  ,  Loss/giou: 0.17294  ,  Loss/l1: 0.01207  ,  Loss/location: 0.20975  ,  pro_loss: 0.12251  ,  IoU: 0.84012  ,  Loss/sim: 1.29472  ,  Loss/distill: 1.19532
[train: Epoch 50, 2250 / 2500] FPS: 10.1 (9.6)  ,  DataTime: 0.382 (0.002)  ,  ForwardTime: 0.209  ,  TotalTime: 0.593  ,  Loss/total: 0.64017  ,  Loss/giou: 0.17279  ,  Loss/l1: 0.01204  ,  Loss/location: 0.20939  ,  pro_loss: 0.12254  ,  IoU: 0.84022  ,  Loss/sim: 1.29369  ,  Loss/distill: 1.19477
[train: Epoch 50, 2300 / 2500] FPS: 10.1 (11.5)  ,  DataTime: 0.381 (0.002)  ,  ForwardTime: 0.209  ,  TotalTime: 0.592  ,  Loss/total: 0.63943  ,  Loss/giou: 0.17261  ,  Loss/l1: 0.01199  ,  Loss/location: 0.20925  ,  pro_loss: 0.12249  ,  IoU: 0.84032  ,  Loss/sim: 1.29439  ,  Loss/distill: 1.19476
[train: Epoch 50, 2350 / 2500] FPS: 10.1 (7.4)  ,  DataTime: 0.381 (0.002)  ,  ForwardTime: 0.209  ,  TotalTime: 0.592  ,  Loss/total: 0.64092  ,  Loss/giou: 0.17299  ,  Loss/l1: 0.01209  ,  Loss/location: 0.20952  ,  pro_loss: 0.12246  ,  IoU: 0.84009  ,  Loss/sim: 1.29479  ,  Loss/distill: 1.19516
[train: Epoch 50, 2400 / 2500] FPS: 10.1 (6.5)  ,  DataTime: 0.381 (0.002)  ,  ForwardTime: 0.209  ,  TotalTime: 0.592  ,  Loss/total: 0.64213  ,  Loss/giou: 0.17309  ,  Loss/l1: 0.01211  ,  Loss/location: 0.21038  ,  pro_loss: 0.12249  ,  IoU: 0.84000  ,  Loss/sim: 1.29408  ,  Loss/distill: 1.19465
[train: Epoch 50, 2450 / 2500] FPS: 10.2 (8.7)  ,  DataTime: 0.380 (0.002)  ,  ForwardTime: 0.209  ,  TotalTime: 0.591  ,  Loss/total: 0.64122  ,  Loss/giou: 0.17293  ,  Loss/l1: 0.01208  ,  Loss/location: 0.20998  ,  pro_loss: 0.12252  ,  IoU: 0.84010  ,  Loss/sim: 1.29453  ,  Loss/distill: 1.19488
[train: Epoch 50, 2500 / 2500] FPS: 10.2 (7.1)  ,  DataTime: 0.380 (0.002)  ,  ForwardTime: 0.209  ,  TotalTime: 0.591  ,  Loss/total: 0.64214  ,  Loss/giou: 0.17320  ,  Loss/l1: 0.01210  ,  Loss/location: 0.21025  ,  pro_loss: 0.12253  ,  IoU: 0.83989  ,  Loss/sim: 1.29589  ,  Loss/distill: 1.19541
[val: Epoch 50, 50 / 416] FPS: 8.8 (7.0)  ,  DataTime: 0.556 (0.002)  ,  ForwardTime: 0.127  ,  TotalTime: 0.685  ,  Loss/total: 0.77564  ,  Loss/giou: 0.20555  ,  Loss/l1: 0.01426  ,  Loss/location: 0.29301  ,  pro_loss: 0.00000  ,  IoU: 0.80820  ,  Loss/sim: 0.00000  ,  Loss/distill: 1.16566
[val: Epoch 50, 100 / 416] FPS: 8.5 (7.9)  ,  DataTime: 0.577 (0.002)  ,  ForwardTime: 0.127  ,  TotalTime: 0.706  ,  Loss/total: 0.76550  ,  Loss/giou: 0.20188  ,  Loss/l1: 0.01376  ,  Loss/location: 0.29270  ,  pro_loss: 0.00000  ,  IoU: 0.81090  ,  Loss/sim: 0.00000  ,  Loss/distill: 1.15419
[val: Epoch 50, 150 / 416] FPS: 8.2 (10.2)  ,  DataTime: 0.599 (0.002)  ,  ForwardTime: 0.127  ,  TotalTime: 0.728  ,  Loss/total: 0.78077  ,  Loss/giou: 0.20772  ,  Loss/l1: 0.01491  ,  Loss/location: 0.29056  ,  pro_loss: 0.00000  ,  IoU: 0.80752  ,  Loss/sim: 0.00000  ,  Loss/distill: 1.15314
[val: Epoch 50, 200 / 416] FPS: 8.3 (9.0)  ,  DataTime: 0.595 (0.002)  ,  ForwardTime: 0.127  ,  TotalTime: 0.724  ,  Loss/total: 0.76274  ,  Loss/giou: 0.20173  ,  Loss/l1: 0.01468  ,  Loss/location: 0.28564  ,  pro_loss: 0.00007  ,  IoU: 0.81294  ,  Loss/sim: 0.00000  ,  Loss/distill: 1.14792
[val: Epoch 50, 250 / 416] FPS: 8.4 (11.6)  ,  DataTime: 0.586 (0.002)  ,  ForwardTime: 0.127  ,  TotalTime: 0.714  ,  Loss/total: 0.75875  ,  Loss/giou: 0.20015  ,  Loss/l1: 0.01449  ,  Loss/location: 0.28575  ,  pro_loss: 0.00011  ,  IoU: 0.81401  ,  Loss/sim: 0.00000  ,  Loss/distill: 1.14730
[val: Epoch 50, 300 / 416] FPS: 8.4 (11.8)  ,  DataTime: 0.584 (0.002)  ,  ForwardTime: 0.127  ,  TotalTime: 0.713  ,  Loss/total: 0.76135  ,  Loss/giou: 0.20121  ,  Loss/l1: 0.01453  ,  Loss/location: 0.28599  ,  pro_loss: 0.00014  ,  IoU: 0.81292  ,  Loss/sim: 0.00000  ,  Loss/distill: 1.14723
[val: Epoch 50, 350 / 416] FPS: 8.3 (10.0)  ,  DataTime: 0.592 (0.002)  ,  ForwardTime: 0.127  ,  TotalTime: 0.721  ,  Loss/total: 0.76060  ,  Loss/giou: 0.20063  ,  Loss/l1: 0.01443  ,  Loss/location: 0.28692  ,  pro_loss: 0.00012  ,  IoU: 0.81351  ,  Loss/sim: 0.00000  ,  Loss/distill: 1.14628
[val: Epoch 50, 400 / 416] FPS: 8.5 (9.4)  ,  DataTime: 0.581 (0.002)  ,  ForwardTime: 0.127  ,  TotalTime: 0.710  ,  Loss/total: 0.76507  ,  Loss/giou: 0.20075  ,  Loss/l1: 0.01446  ,  Loss/location: 0.29104  ,  pro_loss: 0.00014  ,  IoU: 0.81339  ,  Loss/sim: 0.00000  ,  Loss/distill: 1.14689
[val: Epoch 50, 416 / 416] FPS: 8.3 (5.8)  ,  DataTime: 0.592 (0.002)  ,  ForwardTime: 0.127  ,  TotalTime: 0.721  ,  Loss/total: 0.76683  ,  Loss/giou: 0.20112  ,  Loss/l1: 0.01458  ,  Loss/location: 0.29143  ,  pro_loss: 0.00013  ,  IoU: 0.81323  ,  Loss/sim: 0.00000  ,  Loss/distill: 1.14630
