[train: Epoch 1, 50 / 625] FPS: 9.5 (510.7)  ,  DataTime: 1.784 (0.004)  ,  ForwardTime: 1.574  ,  TotalTime: 3.362  ,  Loss/total: 1.46501  ,  Loss/giou: 0.32461  ,  Loss/l1: 0.02983  ,  Loss/location: 0.64228  ,  pro_loss: 0.12188  ,  IoU: 0.71288
[train: Epoch 1, 100 / 625] FPS: 13.2 (507.6)  ,  DataTime: 1.614 (0.004)  ,  ForwardTime: 0.815  ,  TotalTime: 2.433  ,  Loss/total: 1.34519  ,  Loss/giou: 0.30350  ,  Loss/l1: 0.02741  ,  Loss/location: 0.57501  ,  pro_loss: 0.13073  ,  IoU: 0.73210
[train: Epoch 1, 150 / 625] FPS: 14.5 (5.5)  ,  DataTime: 1.646 (0.004)  ,  ForwardTime: 0.562  ,  TotalTime: 2.212  ,  Loss/total: 1.29513  ,  Loss/giou: 0.29673  ,  Loss/l1: 0.02708  ,  Loss/location: 0.53927  ,  pro_loss: 0.13493  ,  IoU: 0.73888
[train: Epoch 1, 200 / 625] FPS: 15.6 (482.5)  ,  DataTime: 1.606 (0.004)  ,  ForwardTime: 0.435  ,  TotalTime: 2.046  ,  Loss/total: 1.25630  ,  Loss/giou: 0.29172  ,  Loss/l1: 0.02663  ,  Loss/location: 0.51250  ,  pro_loss: 0.13594  ,  IoU: 0.74367
[train: Epoch 1, 250 / 625] FPS: 16.6 (69.1)  ,  DataTime: 1.559 (0.004)  ,  ForwardTime: 0.360  ,  TotalTime: 1.923  ,  Loss/total: 1.23451  ,  Loss/giou: 0.28959  ,  Loss/l1: 0.02671  ,  Loss/location: 0.49384  ,  pro_loss: 0.13967  ,  IoU: 0.74613
[train: Epoch 1, 300 / 625] FPS: 16.7 (4.5)  ,  DataTime: 1.605 (0.004)  ,  ForwardTime: 0.309  ,  TotalTime: 1.918  ,  Loss/total: 1.20492  ,  Loss/giou: 0.28606  ,  Loss/l1: 0.02648  ,  Loss/location: 0.47177  ,  pro_loss: 0.14320  ,  IoU: 0.74923
[train: Epoch 1, 350 / 625] FPS: 17.2 (508.8)  ,  DataTime: 1.585 (0.004)  ,  ForwardTime: 0.273  ,  TotalTime: 1.862  ,  Loss/total: 1.18697  ,  Loss/giou: 0.28297  ,  Loss/l1: 0.02619  ,  Loss/location: 0.46095  ,  pro_loss: 0.14548  ,  IoU: 0.75194
[train: Epoch 1, 400 / 625] FPS: 17.3 (7.4)  ,  DataTime: 1.604 (0.004)  ,  ForwardTime: 0.246  ,  TotalTime: 1.854  ,  Loss/total: 1.16493  ,  Loss/giou: 0.28002  ,  Loss/l1: 0.02582  ,  Loss/location: 0.44647  ,  pro_loss: 0.14667  ,  IoU: 0.75433
[train: Epoch 1, 450 / 625] FPS: 18.2 (504.1)  ,  DataTime: 1.529 (0.004)  ,  ForwardTime: 0.225  ,  TotalTime: 1.758  ,  Loss/total: 1.14917  ,  Loss/giou: 0.27760  ,  Loss/l1: 0.02554  ,  Loss/location: 0.43670  ,  pro_loss: 0.14797  ,  IoU: 0.75619
[train: Epoch 1, 500 / 625] FPS: 19.4 (509.5)  ,  DataTime: 1.437 (0.004)  ,  ForwardTime: 0.208  ,  TotalTime: 1.649  ,  Loss/total: 1.13492  ,  Loss/giou: 0.27535  ,  Loss/l1: 0.02524  ,  Loss/location: 0.42824  ,  pro_loss: 0.14873  ,  IoU: 0.75786
[train: Epoch 1, 550 / 625] FPS: 20.6 (518.0)  ,  DataTime: 1.354 (0.004)  ,  ForwardTime: 0.194  ,  TotalTime: 1.553  ,  Loss/total: 1.12342  ,  Loss/giou: 0.27439  ,  Loss/l1: 0.02515  ,  Loss/location: 0.41902  ,  pro_loss: 0.14928  ,  IoU: 0.75875
[train: Epoch 1, 600 / 625] FPS: 21.7 (502.5)  ,  DataTime: 1.288 (0.004)  ,  ForwardTime: 0.182  ,  TotalTime: 1.475  ,  Loss/total: 1.11129  ,  Loss/giou: 0.27263  ,  Loss/l1: 0.02498  ,  Loss/location: 0.41118  ,  pro_loss: 0.14959  ,  IoU: 0.76018
[train: Epoch 1, 625 / 625] FPS: 22.3 (523.3)  ,  DataTime: 1.256 (0.004)  ,  ForwardTime: 0.177  ,  TotalTime: 1.438  ,  Loss/total: 1.10788  ,  Loss/giou: 0.27239  ,  Loss/l1: 0.02498  ,  Loss/location: 0.40820  ,  pro_loss: 0.14999  ,  IoU: 0.76038
[train: Epoch 2, 50 / 625] FPS: 51.0 (509.6)  ,  DataTime: 0.568 (0.004)  ,  ForwardTime: 0.056  ,  TotalTime: 0.628  ,  Loss/total: 0.95673  ,  Loss/giou: 0.24472  ,  Loss/l1: 0.02122  ,  Loss/location: 0.33020  ,  pro_loss: 0.15500  ,  IoU: 0.78287
[train: Epoch 2, 100 / 625] FPS: 52.8 (518.0)  ,  DataTime: 0.546 (0.005)  ,  ForwardTime: 0.056  ,  TotalTime: 0.607  ,  Loss/total: 0.98800  ,  Loss/giou: 0.25551  ,  Loss/l1: 0.02372  ,  Loss/location: 0.32811  ,  pro_loss: 0.15146  ,  IoU: 0.77552
[train: Epoch 2, 150 / 625] FPS: 53.7 (145.9)  ,  DataTime: 0.536 (0.005)  ,  ForwardTime: 0.056  ,  TotalTime: 0.596  ,  Loss/total: 0.97847  ,  Loss/giou: 0.25196  ,  Loss/l1: 0.02304  ,  Loss/location: 0.32842  ,  pro_loss: 0.15472  ,  IoU: 0.77781
[train: Epoch 2, 200 / 625] FPS: 53.9 (490.3)  ,  DataTime: 0.533 (0.005)  ,  ForwardTime: 0.056  ,  TotalTime: 0.593  ,  Loss/total: 0.98123  ,  Loss/giou: 0.25190  ,  Loss/l1: 0.02300  ,  Loss/location: 0.33175  ,  pro_loss: 0.15339  ,  IoU: 0.77728
[train: Epoch 2, 250 / 625] FPS: 53.7 (506.2)  ,  DataTime: 0.535 (0.005)  ,  ForwardTime: 0.056  ,  TotalTime: 0.596  ,  Loss/total: 0.98413  ,  Loss/giou: 0.25271  ,  Loss/l1: 0.02312  ,  Loss/location: 0.33252  ,  pro_loss: 0.15300  ,  IoU: 0.77699
[train: Epoch 2, 300 / 625] FPS: 54.6 (507.5)  ,  DataTime: 0.526 (0.005)  ,  ForwardTime: 0.056  ,  TotalTime: 0.586  ,  Loss/total: 0.98636  ,  Loss/giou: 0.25303  ,  Loss/l1: 0.02340  ,  Loss/location: 0.33287  ,  pro_loss: 0.15212  ,  IoU: 0.77703
[train: Epoch 2, 350 / 625] FPS: 41.1 (502.0)  ,  DataTime: 0.718 (0.005)  ,  ForwardTime: 0.056  ,  TotalTime: 0.778  ,  Loss/total: 0.98231  ,  Loss/giou: 0.25185  ,  Loss/l1: 0.02323  ,  Loss/location: 0.33193  ,  pro_loss: 0.15280  ,  IoU: 0.77783
[train: Epoch 2, 400 / 625] FPS: 42.6 (517.0)  ,  DataTime: 0.691 (0.005)  ,  ForwardTime: 0.056  ,  TotalTime: 0.751  ,  Loss/total: 0.98326  ,  Loss/giou: 0.25219  ,  Loss/l1: 0.02324  ,  Loss/location: 0.33231  ,  pro_loss: 0.15193  ,  IoU: 0.77741
[train: Epoch 2, 450 / 625] FPS: 43.6 (505.8)  ,  DataTime: 0.673 (0.005)  ,  ForwardTime: 0.056  ,  TotalTime: 0.734  ,  Loss/total: 0.97313  ,  Loss/giou: 0.24975  ,  Loss/l1: 0.02285  ,  Loss/location: 0.32905  ,  pro_loss: 0.15176  ,  IoU: 0.77912
[train: Epoch 2, 500 / 625] FPS: 44.7 (507.3)  ,  DataTime: 0.655 (0.005)  ,  ForwardTime: 0.056  ,  TotalTime: 0.716  ,  Loss/total: 0.97709  ,  Loss/giou: 0.25047  ,  Loss/l1: 0.02305  ,  Loss/location: 0.33063  ,  pro_loss: 0.15117  ,  IoU: 0.77866
[train: Epoch 2, 550 / 625] FPS: 45.5 (508.7)  ,  DataTime: 0.643 (0.005)  ,  ForwardTime: 0.056  ,  TotalTime: 0.703  ,  Loss/total: 0.97285  ,  Loss/giou: 0.24967  ,  Loss/l1: 0.02294  ,  Loss/location: 0.32871  ,  pro_loss: 0.15064  ,  IoU: 0.77936
[train: Epoch 2, 600 / 625] FPS: 46.4 (78.5)  ,  DataTime: 0.629 (0.005)  ,  ForwardTime: 0.056  ,  TotalTime: 0.689  ,  Loss/total: 0.97028  ,  Loss/giou: 0.24932  ,  Loss/l1: 0.02288  ,  Loss/location: 0.32731  ,  pro_loss: 0.14950  ,  IoU: 0.77967
[train: Epoch 2, 625 / 625] FPS: 46.9 (114.6)  ,  DataTime: 0.622 (0.005)  ,  ForwardTime: 0.056  ,  TotalTime: 0.683  ,  Loss/total: 0.96831  ,  Loss/giou: 0.24901  ,  Loss/l1: 0.02281  ,  Loss/location: 0.32632  ,  pro_loss: 0.14952  ,  IoU: 0.77989
[train: Epoch 3, 50 / 625] FPS: 55.9 (21.1)  ,  DataTime: 0.512 (0.004)  ,  ForwardTime: 0.056  ,  TotalTime: 0.572  ,  Loss/total: 0.93919  ,  Loss/giou: 0.24080  ,  Loss/l1: 0.02306  ,  Loss/location: 0.31262  ,  pro_loss: 0.14833  ,  IoU: 0.78726
[train: Epoch 3, 100 / 625] FPS: 59.0 (500.6)  ,  DataTime: 0.483 (0.004)  ,  ForwardTime: 0.055  ,  TotalTime: 0.543  ,  Loss/total: 0.92885  ,  Loss/giou: 0.23806  ,  Loss/l1: 0.02199  ,  Loss/location: 0.31375  ,  pro_loss: 0.14500  ,  IoU: 0.78827
[train: Epoch 3, 150 / 625] FPS: 58.7 (497.2)  ,  DataTime: 0.485 (0.004)  ,  ForwardTime: 0.056  ,  TotalTime: 0.545  ,  Loss/total: 0.93331  ,  Loss/giou: 0.23922  ,  Loss/l1: 0.02160  ,  Loss/location: 0.31817  ,  pro_loss: 0.14347  ,  IoU: 0.78694
[train: Epoch 3, 200 / 625] FPS: 58.6 (506.7)  ,  DataTime: 0.486 (0.004)  ,  ForwardTime: 0.056  ,  TotalTime: 0.546  ,  Loss/total: 0.92903  ,  Loss/giou: 0.23907  ,  Loss/l1: 0.02144  ,  Loss/location: 0.31477  ,  pro_loss: 0.14448  ,  IoU: 0.78672
[train: Epoch 3, 250 / 625] FPS: 58.7 (190.1)  ,  DataTime: 0.485 (0.004)  ,  ForwardTime: 0.056  ,  TotalTime: 0.545  ,  Loss/total: 0.91700  ,  Loss/giou: 0.23633  ,  Loss/l1: 0.02084  ,  Loss/location: 0.31107  ,  pro_loss: 0.14542  ,  IoU: 0.78840
[train: Epoch 3, 300 / 625] FPS: 58.5 (21.4)  ,  DataTime: 0.487 (0.004)  ,  ForwardTime: 0.056  ,  TotalTime: 0.547  ,  Loss/total: 0.91483  ,  Loss/giou: 0.23633  ,  Loss/l1: 0.02081  ,  Loss/location: 0.30923  ,  pro_loss: 0.14434  ,  IoU: 0.78864
[train: Epoch 3, 350 / 625] FPS: 58.7 (510.6)  ,  DataTime: 0.485 (0.004)  ,  ForwardTime: 0.056  ,  TotalTime: 0.545  ,  Loss/total: 0.91449  ,  Loss/giou: 0.23621  ,  Loss/l1: 0.02081  ,  Loss/location: 0.30896  ,  pro_loss: 0.14515  ,  IoU: 0.78879
[train: Epoch 3, 400 / 625] FPS: 58.3 (14.4)  ,  DataTime: 0.488 (0.004)  ,  ForwardTime: 0.056  ,  TotalTime: 0.548  ,  Loss/total: 0.92042  ,  Loss/giou: 0.23774  ,  Loss/l1: 0.02109  ,  Loss/location: 0.31050  ,  pro_loss: 0.14490  ,  IoU: 0.78756
[train: Epoch 3, 450 / 625] FPS: 59.2 (504.2)  ,  DataTime: 0.481 (0.004)  ,  ForwardTime: 0.056  ,  TotalTime: 0.541  ,  Loss/total: 0.92651  ,  Loss/giou: 0.23904  ,  Loss/l1: 0.02141  ,  Loss/location: 0.31256  ,  pro_loss: 0.14419  ,  IoU: 0.78667
[train: Epoch 3, 500 / 625] FPS: 59.2 (17.7)  ,  DataTime: 0.480 (0.004)  ,  ForwardTime: 0.056  ,  TotalTime: 0.540  ,  Loss/total: 0.93022  ,  Loss/giou: 0.23969  ,  Loss/l1: 0.02160  ,  Loss/location: 0.31388  ,  pro_loss: 0.14477  ,  IoU: 0.78644
[train: Epoch 3, 550 / 625] FPS: 59.7 (28.3)  ,  DataTime: 0.476 (0.004)  ,  ForwardTime: 0.056  ,  TotalTime: 0.536  ,  Loss/total: 0.92858  ,  Loss/giou: 0.23940  ,  Loss/l1: 0.02162  ,  Loss/location: 0.31269  ,  pro_loss: 0.14487  ,  IoU: 0.78661
[train: Epoch 3, 600 / 625] FPS: 59.9 (504.5)  ,  DataTime: 0.474 (0.004)  ,  ForwardTime: 0.055  ,  TotalTime: 0.534  ,  Loss/total: 0.93029  ,  Loss/giou: 0.23974  ,  Loss/l1: 0.02167  ,  Loss/location: 0.31356  ,  pro_loss: 0.14462  ,  IoU: 0.78636
[train: Epoch 3, 625 / 625] FPS: 60.1 (523.4)  ,  DataTime: 0.473 (0.004)  ,  ForwardTime: 0.056  ,  TotalTime: 0.533  ,  Loss/total: 0.93090  ,  Loss/giou: 0.23985  ,  Loss/l1: 0.02180  ,  Loss/location: 0.31341  ,  pro_loss: 0.14398  ,  IoU: 0.78653
[train: Epoch 4, 50 / 625] FPS: 59.1 (513.9)  ,  DataTime: 0.481 (0.005)  ,  ForwardTime: 0.056  ,  TotalTime: 0.542  ,  Loss/total: 0.89836  ,  Loss/giou: 0.23498  ,  Loss/l1: 0.02099  ,  Loss/location: 0.29518  ,  pro_loss: 0.14125  ,  IoU: 0.78951
[train: Epoch 4, 100 / 625] FPS: 60.2 (513.5)  ,  DataTime: 0.471 (0.005)  ,  ForwardTime: 0.056  ,  TotalTime: 0.532  ,  Loss/total: 0.87828  ,  Loss/giou: 0.22819  ,  Loss/l1: 0.02014  ,  Loss/location: 0.29242  ,  pro_loss: 0.14375  ,  IoU: 0.79532
[train: Epoch 4, 150 / 625] FPS: 60.9 (519.6)  ,  DataTime: 0.466 (0.005)  ,  ForwardTime: 0.055  ,  TotalTime: 0.526  ,  Loss/total: 0.90023  ,  Loss/giou: 0.23403  ,  Loss/l1: 0.02117  ,  Loss/location: 0.29771  ,  pro_loss: 0.14299  ,  IoU: 0.79179
[train: Epoch 4, 200 / 625] FPS: 61.0 (22.0)  ,  DataTime: 0.464 (0.005)  ,  ForwardTime: 0.056  ,  TotalTime: 0.524  ,  Loss/total: 0.89237  ,  Loss/giou: 0.23224  ,  Loss/l1: 0.02069  ,  Loss/location: 0.29598  ,  pro_loss: 0.14230  ,  IoU: 0.79259
[train: Epoch 4, 250 / 625] FPS: 61.3 (507.7)  ,  DataTime: 0.462 (0.005)  ,  ForwardTime: 0.056  ,  TotalTime: 0.522  ,  Loss/total: 0.90243  ,  Loss/giou: 0.23384  ,  Loss/l1: 0.02112  ,  Loss/location: 0.30069  ,  pro_loss: 0.14238  ,  IoU: 0.79154
[train: Epoch 4, 300 / 625] FPS: 61.9 (102.3)  ,  DataTime: 0.457 (0.005)  ,  ForwardTime: 0.056  ,  TotalTime: 0.517  ,  Loss/total: 0.90793  ,  Loss/giou: 0.23419  ,  Loss/l1: 0.02134  ,  Loss/location: 0.30433  ,  pro_loss: 0.14264  ,  IoU: 0.79153
[train: Epoch 4, 350 / 625] FPS: 62.0 (59.7)  ,  DataTime: 0.456 (0.005)  ,  ForwardTime: 0.056  ,  TotalTime: 0.516  ,  Loss/total: 0.90704  ,  Loss/giou: 0.23431  ,  Loss/l1: 0.02123  ,  Loss/location: 0.30377  ,  pro_loss: 0.14236  ,  IoU: 0.79114
[train: Epoch 4, 400 / 625] FPS: 62.8 (503.2)  ,  DataTime: 0.450 (0.005)  ,  ForwardTime: 0.056  ,  TotalTime: 0.510  ,  Loss/total: 0.90654  ,  Loss/giou: 0.23434  ,  Loss/l1: 0.02106  ,  Loss/location: 0.30421  ,  pro_loss: 0.14172  ,  IoU: 0.79082
[train: Epoch 4, 450 / 625] FPS: 62.5 (26.9)  ,  DataTime: 0.452 (0.005)  ,  ForwardTime: 0.056  ,  TotalTime: 0.512  ,  Loss/total: 0.90677  ,  Loss/giou: 0.23486  ,  Loss/l1: 0.02109  ,  Loss/location: 0.30344  ,  pro_loss: 0.14077  ,  IoU: 0.79045
[train: Epoch 4, 500 / 625] FPS: 62.8 (510.0)  ,  DataTime: 0.449 (0.005)  ,  ForwardTime: 0.056  ,  TotalTime: 0.510  ,  Loss/total: 0.91081  ,  Loss/giou: 0.23543  ,  Loss/l1: 0.02129  ,  Loss/location: 0.30555  ,  pro_loss: 0.13977  ,  IoU: 0.79017
[train: Epoch 4, 550 / 625] FPS: 62.9 (19.5)  ,  DataTime: 0.449 (0.005)  ,  ForwardTime: 0.056  ,  TotalTime: 0.509  ,  Loss/total: 0.90663  ,  Loss/giou: 0.23465  ,  Loss/l1: 0.02114  ,  Loss/location: 0.30374  ,  pro_loss: 0.13953  ,  IoU: 0.79075
[train: Epoch 4, 600 / 625] FPS: 63.2 (69.5)  ,  DataTime: 0.446 (0.005)  ,  ForwardTime: 0.055  ,  TotalTime: 0.506  ,  Loss/total: 0.90970  ,  Loss/giou: 0.23524  ,  Loss/l1: 0.02136  ,  Loss/location: 0.30453  ,  pro_loss: 0.13927  ,  IoU: 0.79035
[train: Epoch 4, 625 / 625] FPS: 63.3 (521.8)  ,  DataTime: 0.445 (0.005)  ,  ForwardTime: 0.055  ,  TotalTime: 0.505  ,  Loss/total: 0.90951  ,  Loss/giou: 0.23521  ,  Loss/l1: 0.02133  ,  Loss/location: 0.30464  ,  pro_loss: 0.13895  ,  IoU: 0.79036
[train: Epoch 5, 50 / 625] FPS: 59.6 (502.8)  ,  DataTime: 0.477 (0.005)  ,  ForwardTime: 0.055  ,  TotalTime: 0.537  ,  Loss/total: 0.89422  ,  Loss/giou: 0.23368  ,  Loss/l1: 0.01984  ,  Loss/location: 0.30147  ,  pro_loss: 0.13104  ,  IoU: 0.78916
[train: Epoch 5, 100 / 625] FPS: 63.9 (490.9)  ,  DataTime: 0.440 (0.005)  ,  ForwardTime: 0.055  ,  TotalTime: 0.500  ,  Loss/total: 0.88856  ,  Loss/giou: 0.23113  ,  Loss/l1: 0.01966  ,  Loss/location: 0.30161  ,  pro_loss: 0.13208  ,  IoU: 0.79128
[train: Epoch 5, 150 / 625] FPS: 64.2 (38.5)  ,  DataTime: 0.439 (0.005)  ,  ForwardTime: 0.055  ,  TotalTime: 0.499  ,  Loss/total: 0.90752  ,  Loss/giou: 0.23465  ,  Loss/l1: 0.02064  ,  Loss/location: 0.30843  ,  pro_loss: 0.13312  ,  IoU: 0.78952
[train: Epoch 5, 200 / 625] FPS: 64.3 (515.7)  ,  DataTime: 0.438 (0.005)  ,  ForwardTime: 0.055  ,  TotalTime: 0.498  ,  Loss/total: 0.90026  ,  Loss/giou: 0.23307  ,  Loss/l1: 0.02062  ,  Loss/location: 0.30434  ,  pro_loss: 0.13339  ,  IoU: 0.79090
[train: Epoch 5, 250 / 625] FPS: 64.2 (19.0)  ,  DataTime: 0.438 (0.005)  ,  ForwardTime: 0.055  ,  TotalTime: 0.498  ,  Loss/total: 0.89596  ,  Loss/giou: 0.23116  ,  Loss/l1: 0.02042  ,  Loss/location: 0.30484  ,  pro_loss: 0.13354  ,  IoU: 0.79229
[train: Epoch 5, 300 / 625] FPS: 64.7 (514.0)  ,  DataTime: 0.434 (0.005)  ,  ForwardTime: 0.055  ,  TotalTime: 0.494  ,  Loss/total: 0.89806  ,  Loss/giou: 0.23117  ,  Loss/l1: 0.02078  ,  Loss/location: 0.30495  ,  pro_loss: 0.13444  ,  IoU: 0.79269
[train: Epoch 5, 350 / 625] FPS: 65.0 (321.8)  ,  DataTime: 0.432 (0.005)  ,  ForwardTime: 0.055  ,  TotalTime: 0.492  ,  Loss/total: 0.89828  ,  Loss/giou: 0.23126  ,  Loss/l1: 0.02062  ,  Loss/location: 0.30580  ,  pro_loss: 0.13420  ,  IoU: 0.79222
[train: Epoch 5, 400 / 625] FPS: 65.0 (15.2)  ,  DataTime: 0.433 (0.005)  ,  ForwardTime: 0.055  ,  TotalTime: 0.492  ,  Loss/total: 0.89973  ,  Loss/giou: 0.23140  ,  Loss/l1: 0.02066  ,  Loss/location: 0.30692  ,  pro_loss: 0.13362  ,  IoU: 0.79197
[train: Epoch 5, 450 / 625] FPS: 65.6 (497.8)  ,  DataTime: 0.428 (0.005)  ,  ForwardTime: 0.055  ,  TotalTime: 0.488  ,  Loss/total: 0.89556  ,  Loss/giou: 0.23002  ,  Loss/l1: 0.02048  ,  Loss/location: 0.30628  ,  pro_loss: 0.13419  ,  IoU: 0.79301
[train: Epoch 5, 500 / 625] FPS: 65.6 (521.7)  ,  DataTime: 0.428 (0.005)  ,  ForwardTime: 0.055  ,  TotalTime: 0.488  ,  Loss/total: 0.89137  ,  Loss/giou: 0.22892  ,  Loss/l1: 0.02039  ,  Loss/location: 0.30471  ,  pro_loss: 0.13440  ,  IoU: 0.79403
[train: Epoch 5, 550 / 625] FPS: 65.5 (36.5)  ,  DataTime: 0.429 (0.005)  ,  ForwardTime: 0.055  ,  TotalTime: 0.489  ,  Loss/total: 0.89304  ,  Loss/giou: 0.22901  ,  Loss/l1: 0.02057  ,  Loss/location: 0.30528  ,  pro_loss: 0.13445  ,  IoU: 0.79424
[train: Epoch 5, 600 / 625] FPS: 65.1 (508.2)  ,  DataTime: 0.431 (0.005)  ,  ForwardTime: 0.055  ,  TotalTime: 0.491  ,  Loss/total: 0.89404  ,  Loss/giou: 0.22925  ,  Loss/l1: 0.02067  ,  Loss/location: 0.30539  ,  pro_loss: 0.13401  ,  IoU: 0.79415
[train: Epoch 5, 625 / 625] FPS: 65.5 (508.1)  ,  DataTime: 0.429 (0.005)  ,  ForwardTime: 0.055  ,  TotalTime: 0.488  ,  Loss/total: 0.89673  ,  Loss/giou: 0.22995  ,  Loss/l1: 0.02078  ,  Loss/location: 0.30613  ,  pro_loss: 0.13397  ,  IoU: 0.79361
[val: Epoch 5, 50 / 156] FPS: 40.8 (1028.5)  ,  DataTime: 0.756 (0.005)  ,  ForwardTime: 0.024  ,  TotalTime: 0.784  ,  Loss/total: 2.19609  ,  Loss/giou: 0.49409  ,  Loss/l1: 0.07492  ,  Loss/location: 0.82782  ,  pro_loss: 0.02750  ,  IoU: 0.59214
[val: Epoch 5, 100 / 156] FPS: 44.3 (1008.3)  ,  DataTime: 0.694 (0.004)  ,  ForwardTime: 0.024  ,  TotalTime: 0.723  ,  Loss/total: 2.17563  ,  Loss/giou: 0.48888  ,  Loss/l1: 0.07356  ,  Loss/location: 0.82424  ,  pro_loss: 0.02917  ,  IoU: 0.59361
[val: Epoch 5, 150 / 156] FPS: 44.8 (1046.1)  ,  DataTime: 0.686 (0.005)  ,  ForwardTime: 0.024  ,  TotalTime: 0.714  ,  Loss/total: 2.10192  ,  Loss/giou: 0.47429  ,  Loss/l1: 0.07044  ,  Loss/location: 0.79511  ,  pro_loss: 0.03021  ,  IoU: 0.60268
[val: Epoch 5, 156 / 156] FPS: 45.6 (1052.6)  ,  DataTime: 0.674 (0.005)  ,  ForwardTime: 0.024  ,  TotalTime: 0.702  ,  Loss/total: 2.10728  ,  Loss/giou: 0.47528  ,  Loss/l1: 0.07071  ,  Loss/location: 0.79722  ,  pro_loss: 0.02985  ,  IoU: 0.60218
[train: Epoch 6, 50 / 625] FPS: 62.2 (56.5)  ,  DataTime: 0.455 (0.004)  ,  ForwardTime: 0.056  ,  TotalTime: 0.515  ,  Loss/total: 0.97382  ,  Loss/giou: 0.24997  ,  Loss/l1: 0.02295  ,  Loss/location: 0.33140  ,  pro_loss: 0.13875  ,  IoU: 0.77750
[train: Epoch 6, 100 / 625] FPS: 64.3 (31.9)  ,  DataTime: 0.438 (0.004)  ,  ForwardTime: 0.055  ,  TotalTime: 0.497  ,  Loss/total: 0.94125  ,  Loss/giou: 0.24331  ,  Loss/l1: 0.02226  ,  Loss/location: 0.31644  ,  pro_loss: 0.13448  ,  IoU: 0.78259
[train: Epoch 6, 150 / 625] FPS: 62.1 (13.9)  ,  DataTime: 0.455 (0.004)  ,  ForwardTime: 0.055  ,  TotalTime: 0.515  ,  Loss/total: 0.93455  ,  Loss/giou: 0.24004  ,  Loss/l1: 0.02195  ,  Loss/location: 0.31777  ,  pro_loss: 0.13472  ,  IoU: 0.78563
[train: Epoch 6, 200 / 625] FPS: 63.6 (140.2)  ,  DataTime: 0.443 (0.005)  ,  ForwardTime: 0.056  ,  TotalTime: 0.503  ,  Loss/total: 0.91491  ,  Loss/giou: 0.23442  ,  Loss/l1: 0.02117  ,  Loss/location: 0.31299  ,  pro_loss: 0.13615  ,  IoU: 0.79025
[train: Epoch 6, 250 / 625] FPS: 64.2 (62.7)  ,  DataTime: 0.439 (0.005)  ,  ForwardTime: 0.055  ,  TotalTime: 0.499  ,  Loss/total: 0.90815  ,  Loss/giou: 0.23308  ,  Loss/l1: 0.02099  ,  Loss/location: 0.31007  ,  pro_loss: 0.13479  ,  IoU: 0.79147
[train: Epoch 6, 300 / 625] FPS: 63.6 (25.0)  ,  DataTime: 0.443 (0.005)  ,  ForwardTime: 0.055  ,  TotalTime: 0.503  ,  Loss/total: 0.90288  ,  Loss/giou: 0.23192  ,  Loss/l1: 0.02083  ,  Loss/location: 0.30813  ,  pro_loss: 0.13372  ,  IoU: 0.79220
[train: Epoch 6, 350 / 625] FPS: 63.9 (96.5)  ,  DataTime: 0.441 (0.005)  ,  ForwardTime: 0.055  ,  TotalTime: 0.501  ,  Loss/total: 0.89407  ,  Loss/giou: 0.22989  ,  Loss/l1: 0.02060  ,  Loss/location: 0.30441  ,  pro_loss: 0.13449  ,  IoU: 0.79368
[train: Epoch 6, 400 / 625] FPS: 63.7 (518.5)  ,  DataTime: 0.442 (0.005)  ,  ForwardTime: 0.055  ,  TotalTime: 0.502  ,  Loss/total: 0.88464  ,  Loss/giou: 0.22767  ,  Loss/l1: 0.02026  ,  Loss/location: 0.30112  ,  pro_loss: 0.13427  ,  IoU: 0.79499
[train: Epoch 6, 450 / 625] FPS: 63.6 (19.1)  ,  DataTime: 0.443 (0.005)  ,  ForwardTime: 0.055  ,  TotalTime: 0.503  ,  Loss/total: 0.88126  ,  Loss/giou: 0.22712  ,  Loss/l1: 0.02005  ,  Loss/location: 0.29993  ,  pro_loss: 0.13417  ,  IoU: 0.79534
[train: Epoch 6, 500 / 625] FPS: 61.5 (9.6)  ,  DataTime: 0.460 (0.005)  ,  ForwardTime: 0.055  ,  TotalTime: 0.520  ,  Loss/total: 0.88430  ,  Loss/giou: 0.22798  ,  Loss/l1: 0.02014  ,  Loss/location: 0.30077  ,  pro_loss: 0.13435  ,  IoU: 0.79466
[train: Epoch 6, 550 / 625] FPS: 61.7 (516.9)  ,  DataTime: 0.458 (0.005)  ,  ForwardTime: 0.055  ,  TotalTime: 0.518  ,  Loss/total: 0.88058  ,  Loss/giou: 0.22712  ,  Loss/l1: 0.02001  ,  Loss/location: 0.29960  ,  pro_loss: 0.13350  ,  IoU: 0.79546
[train: Epoch 6, 600 / 625] FPS: 62.0 (15.9)  ,  DataTime: 0.456 (0.005)  ,  ForwardTime: 0.056  ,  TotalTime: 0.516  ,  Loss/total: 0.88192  ,  Loss/giou: 0.22752  ,  Loss/l1: 0.02005  ,  Loss/location: 0.29980  ,  pro_loss: 0.13406  ,  IoU: 0.79516
[train: Epoch 6, 625 / 625] FPS: 62.3 (527.1)  ,  DataTime: 0.454 (0.005)  ,  ForwardTime: 0.056  ,  TotalTime: 0.514  ,  Loss/total: 0.88169  ,  Loss/giou: 0.22743  ,  Loss/l1: 0.02004  ,  Loss/location: 0.29984  ,  pro_loss: 0.13392  ,  IoU: 0.79523
[train: Epoch 7, 50 / 625] FPS: 58.4 (503.6)  ,  DataTime: 0.488 (0.005)  ,  ForwardTime: 0.056  ,  TotalTime: 0.548  ,  Loss/total: 0.90566  ,  Loss/giou: 0.23199  ,  Loss/l1: 0.02052  ,  Loss/location: 0.31210  ,  pro_loss: 0.13479  ,  IoU: 0.79198
[train: Epoch 7, 100 / 625] FPS: 58.9 (17.0)  ,  DataTime: 0.483 (0.004)  ,  ForwardTime: 0.055  ,  TotalTime: 0.543  ,  Loss/total: 0.89164  ,  Loss/giou: 0.23033  ,  Loss/l1: 0.02051  ,  Loss/location: 0.30137  ,  pro_loss: 0.13510  ,  IoU: 0.79398
[train: Epoch 7, 150 / 625] FPS: 61.4 (500.2)  ,  DataTime: 0.461 (0.004)  ,  ForwardTime: 0.055  ,  TotalTime: 0.521  ,  Loss/total: 0.89428  ,  Loss/giou: 0.23035  ,  Loss/l1: 0.02076  ,  Loss/location: 0.30308  ,  pro_loss: 0.13361  ,  IoU: 0.79372
[train: Epoch 7, 200 / 625] FPS: 62.1 (23.1)  ,  DataTime: 0.455 (0.004)  ,  ForwardTime: 0.055  ,  TotalTime: 0.515  ,  Loss/total: 0.89352  ,  Loss/giou: 0.22954  ,  Loss/l1: 0.02098  ,  Loss/location: 0.30302  ,  pro_loss: 0.13266  ,  IoU: 0.79413
[train: Epoch 7, 250 / 625] FPS: 62.7 (516.0)  ,  DataTime: 0.450 (0.005)  ,  ForwardTime: 0.055  ,  TotalTime: 0.510  ,  Loss/total: 0.88664  ,  Loss/giou: 0.22751  ,  Loss/l1: 0.02081  ,  Loss/location: 0.30113  ,  pro_loss: 0.13217  ,  IoU: 0.79565
[train: Epoch 7, 300 / 625] FPS: 62.5 (19.3)  ,  DataTime: 0.452 (0.005)  ,  ForwardTime: 0.055  ,  TotalTime: 0.512  ,  Loss/total: 0.88319  ,  Loss/giou: 0.22686  ,  Loss/l1: 0.02059  ,  Loss/location: 0.30004  ,  pro_loss: 0.13229  ,  IoU: 0.79590
[train: Epoch 7, 350 / 625] FPS: 63.2 (498.1)  ,  DataTime: 0.446 (0.005)  ,  ForwardTime: 0.055  ,  TotalTime: 0.506  ,  Loss/total: 0.87878  ,  Loss/giou: 0.22605  ,  Loss/l1: 0.02038  ,  Loss/location: 0.29842  ,  pro_loss: 0.13176  ,  IoU: 0.79657
[train: Epoch 7, 400 / 625] FPS: 63.3 (501.4)  ,  DataTime: 0.446 (0.005)  ,  ForwardTime: 0.055  ,  TotalTime: 0.506  ,  Loss/total: 0.87410  ,  Loss/giou: 0.22465  ,  Loss/l1: 0.02002  ,  Loss/location: 0.29833  ,  pro_loss: 0.13180  ,  IoU: 0.79745
[train: Epoch 7, 450 / 625] FPS: 63.7 (506.0)  ,  DataTime: 0.442 (0.005)  ,  ForwardTime: 0.055  ,  TotalTime: 0.502  ,  Loss/total: 0.87028  ,  Loss/giou: 0.22413  ,  Loss/l1: 0.01995  ,  Loss/location: 0.29588  ,  pro_loss: 0.13181  ,  IoU: 0.79809
[train: Epoch 7, 500 / 625] FPS: 63.4 (36.0)  ,  DataTime: 0.444 (0.005)  ,  ForwardTime: 0.056  ,  TotalTime: 0.504  ,  Loss/total: 0.87150  ,  Loss/giou: 0.22448  ,  Loss/l1: 0.02008  ,  Loss/location: 0.29571  ,  pro_loss: 0.13223  ,  IoU: 0.79803
[train: Epoch 7, 550 / 625] FPS: 63.8 (492.7)  ,  DataTime: 0.441 (0.005)  ,  ForwardTime: 0.056  ,  TotalTime: 0.501  ,  Loss/total: 0.86928  ,  Loss/giou: 0.22394  ,  Loss/l1: 0.01990  ,  Loss/location: 0.29541  ,  pro_loss: 0.13260  ,  IoU: 0.79818
[train: Epoch 7, 600 / 625] FPS: 63.6 (506.3)  ,  DataTime: 0.443 (0.005)  ,  ForwardTime: 0.056  ,  TotalTime: 0.503  ,  Loss/total: 0.86781  ,  Loss/giou: 0.22348  ,  Loss/l1: 0.01993  ,  Loss/location: 0.29467  ,  pro_loss: 0.13266  ,  IoU: 0.79861
[train: Epoch 7, 625 / 625] FPS: 63.7 (515.5)  ,  DataTime: 0.442 (0.005)  ,  ForwardTime: 0.056  ,  TotalTime: 0.502  ,  Loss/total: 0.86832  ,  Loss/giou: 0.22365  ,  Loss/l1: 0.01998  ,  Loss/location: 0.29455  ,  pro_loss: 0.13268  ,  IoU: 0.79853
[train: Epoch 8, 50 / 625] FPS: 59.2 (519.6)  ,  DataTime: 0.480 (0.005)  ,  ForwardTime: 0.056  ,  TotalTime: 0.541  ,  Loss/total: 0.86694  ,  Loss/giou: 0.22344  ,  Loss/l1: 0.01914  ,  Loss/location: 0.29670  ,  pro_loss: 0.13833  ,  IoU: 0.79767
[train: Epoch 8, 100 / 625] FPS: 63.0 (512.3)  ,  DataTime: 0.448 (0.005)  ,  ForwardTime: 0.055  ,  TotalTime: 0.508  ,  Loss/total: 0.87047  ,  Loss/giou: 0.22420  ,  Loss/l1: 0.01979  ,  Loss/location: 0.29609  ,  pro_loss: 0.13510  ,  IoU: 0.79844
[train: Epoch 8, 150 / 625] FPS: 61.1 (501.6)  ,  DataTime: 0.464 (0.005)  ,  ForwardTime: 0.056  ,  TotalTime: 0.524  ,  Loss/total: 0.87461  ,  Loss/giou: 0.22343  ,  Loss/l1: 0.01968  ,  Loss/location: 0.30244  ,  pro_loss: 0.13465  ,  IoU: 0.79885
[train: Epoch 8, 200 / 625] FPS: 62.2 (487.2)  ,  DataTime: 0.454 (0.005)  ,  ForwardTime: 0.055  ,  TotalTime: 0.514  ,  Loss/total: 0.87714  ,  Loss/giou: 0.22377  ,  Loss/l1: 0.01990  ,  Loss/location: 0.30319  ,  pro_loss: 0.13453  ,  IoU: 0.79839
[train: Epoch 8, 250 / 625] FPS: 62.6 (496.5)  ,  DataTime: 0.451 (0.005)  ,  ForwardTime: 0.055  ,  TotalTime: 0.511  ,  Loss/total: 0.88621  ,  Loss/giou: 0.22666  ,  Loss/l1: 0.02056  ,  Loss/location: 0.30329  ,  pro_loss: 0.13396  ,  IoU: 0.79658
[train: Epoch 8, 300 / 625] FPS: 63.5 (518.7)  ,  DataTime: 0.444 (0.005)  ,  ForwardTime: 0.055  ,  TotalTime: 0.504  ,  Loss/total: 0.88123  ,  Loss/giou: 0.22561  ,  Loss/l1: 0.02038  ,  Loss/location: 0.30127  ,  pro_loss: 0.13406  ,  IoU: 0.79737
[train: Epoch 8, 350 / 625] FPS: 63.4 (517.0)  ,  DataTime: 0.445 (0.005)  ,  ForwardTime: 0.055  ,  TotalTime: 0.505  ,  Loss/total: 0.87764  ,  Loss/giou: 0.22474  ,  Loss/l1: 0.02034  ,  Loss/location: 0.29960  ,  pro_loss: 0.13414  ,  IoU: 0.79814
[train: Epoch 8, 400 / 625] FPS: 63.6 (495.4)  ,  DataTime: 0.443 (0.005)  ,  ForwardTime: 0.055  ,  TotalTime: 0.503  ,  Loss/total: 0.87749  ,  Loss/giou: 0.22499  ,  Loss/l1: 0.02035  ,  Loss/location: 0.29897  ,  pro_loss: 0.13388  ,  IoU: 0.79786
[train: Epoch 8, 450 / 625] FPS: 63.5 (72.9)  ,  DataTime: 0.444 (0.005)  ,  ForwardTime: 0.055  ,  TotalTime: 0.504  ,  Loss/total: 0.88163  ,  Loss/giou: 0.22560  ,  Loss/l1: 0.02049  ,  Loss/location: 0.30129  ,  pro_loss: 0.13345  ,  IoU: 0.79731
[train: Epoch 8, 500 / 625] FPS: 63.7 (502.8)  ,  DataTime: 0.443 (0.005)  ,  ForwardTime: 0.056  ,  TotalTime: 0.503  ,  Loss/total: 0.87757  ,  Loss/giou: 0.22439  ,  Loss/l1: 0.02024  ,  Loss/location: 0.30094  ,  pro_loss: 0.13317  ,  IoU: 0.79808
[train: Epoch 8, 550 / 625] FPS: 63.2 (503.4)  ,  DataTime: 0.446 (0.005)  ,  ForwardTime: 0.056  ,  TotalTime: 0.506  ,  Loss/total: 0.87635  ,  Loss/giou: 0.22425  ,  Loss/l1: 0.02020  ,  Loss/location: 0.30016  ,  pro_loss: 0.13352  ,  IoU: 0.79814
[train: Epoch 8, 600 / 625] FPS: 63.3 (512.6)  ,  DataTime: 0.445 (0.005)  ,  ForwardTime: 0.056  ,  TotalTime: 0.505  ,  Loss/total: 0.87576  ,  Loss/giou: 0.22432  ,  Loss/l1: 0.02013  ,  Loss/location: 0.29979  ,  pro_loss: 0.13326  ,  IoU: 0.79798
[train: Epoch 8, 625 / 625] FPS: 63.4 (48.3)  ,  DataTime: 0.444 (0.005)  ,  ForwardTime: 0.056  ,  TotalTime: 0.504  ,  Loss/total: 0.87793  ,  Loss/giou: 0.22502  ,  Loss/l1: 0.02030  ,  Loss/location: 0.29980  ,  pro_loss: 0.13293  ,  IoU: 0.79748
[train: Epoch 9, 50 / 625] FPS: 62.2 (49.2)  ,  DataTime: 0.454 (0.005)  ,  ForwardTime: 0.056  ,  TotalTime: 0.515  ,  Loss/total: 0.95555  ,  Loss/giou: 0.23891  ,  Loss/l1: 0.02358  ,  Loss/location: 0.33285  ,  pro_loss: 0.13500  ,  IoU: 0.78693
[train: Epoch 9, 100 / 625] FPS: 63.6 (499.8)  ,  DataTime: 0.443 (0.005)  ,  ForwardTime: 0.056  ,  TotalTime: 0.503  ,  Loss/total: 0.89913  ,  Loss/giou: 0.22785  ,  Loss/l1: 0.02129  ,  Loss/location: 0.31055  ,  pro_loss: 0.13219  ,  IoU: 0.79539
[train: Epoch 9, 150 / 625] FPS: 64.7 (48.0)  ,  DataTime: 0.434 (0.005)  ,  ForwardTime: 0.056  ,  TotalTime: 0.494  ,  Loss/total: 0.88365  ,  Loss/giou: 0.22592  ,  Loss/l1: 0.02038  ,  Loss/location: 0.30306  ,  pro_loss: 0.13417  ,  IoU: 0.79610
[train: Epoch 9, 200 / 625] FPS: 64.8 (492.9)  ,  DataTime: 0.434 (0.005)  ,  ForwardTime: 0.055  ,  TotalTime: 0.494  ,  Loss/total: 0.89867  ,  Loss/giou: 0.22918  ,  Loss/l1: 0.02094  ,  Loss/location: 0.30892  ,  pro_loss: 0.13339  ,  IoU: 0.79407
[train: Epoch 9, 250 / 625] FPS: 64.2 (18.6)  ,  DataTime: 0.438 (0.005)  ,  ForwardTime: 0.055  ,  TotalTime: 0.499  ,  Loss/total: 0.89648  ,  Loss/giou: 0.22902  ,  Loss/l1: 0.02099  ,  Loss/location: 0.30659  ,  pro_loss: 0.13442  ,  IoU: 0.79403
[train: Epoch 9, 300 / 625] FPS: 64.7 (506.0)  ,  DataTime: 0.435 (0.005)  ,  ForwardTime: 0.055  ,  TotalTime: 0.495  ,  Loss/total: 0.90130  ,  Loss/giou: 0.23035  ,  Loss/l1: 0.02140  ,  Loss/location: 0.30674  ,  pro_loss: 0.13444  ,  IoU: 0.79356
[train: Epoch 9, 350 / 625] FPS: 65.0 (495.9)  ,  DataTime: 0.432 (0.005)  ,  ForwardTime: 0.055  ,  TotalTime: 0.493  ,  Loss/total: 0.88928  ,  Loss/giou: 0.22729  ,  Loss/l1: 0.02103  ,  Loss/location: 0.30247  ,  pro_loss: 0.13536  ,  IoU: 0.79560
[train: Epoch 9, 400 / 625] FPS: 63.7 (18.2)  ,  DataTime: 0.442 (0.005)  ,  ForwardTime: 0.055  ,  TotalTime: 0.502  ,  Loss/total: 0.89366  ,  Loss/giou: 0.22845  ,  Loss/l1: 0.02127  ,  Loss/location: 0.30337  ,  pro_loss: 0.13526  ,  IoU: 0.79486
[train: Epoch 9, 450 / 625] FPS: 63.8 (490.2)  ,  DataTime: 0.441 (0.005)  ,  ForwardTime: 0.055  ,  TotalTime: 0.501  ,  Loss/total: 0.88518  ,  Loss/giou: 0.22660  ,  Loss/l1: 0.02099  ,  Loss/location: 0.29999  ,  pro_loss: 0.13537  ,  IoU: 0.79628
[train: Epoch 9, 500 / 625] FPS: 63.8 (20.3)  ,  DataTime: 0.441 (0.005)  ,  ForwardTime: 0.055  ,  TotalTime: 0.501  ,  Loss/total: 0.88308  ,  Loss/giou: 0.22613  ,  Loss/l1: 0.02096  ,  Loss/location: 0.29893  ,  pro_loss: 0.13542  ,  IoU: 0.79670
[train: Epoch 9, 550 / 625] FPS: 64.3 (511.3)  ,  DataTime: 0.438 (0.005)  ,  ForwardTime: 0.055  ,  TotalTime: 0.498  ,  Loss/total: 0.87991  ,  Loss/giou: 0.22545  ,  Loss/l1: 0.02076  ,  Loss/location: 0.29827  ,  pro_loss: 0.13477  ,  IoU: 0.79712
[train: Epoch 9, 600 / 625] FPS: 64.3 (44.9)  ,  DataTime: 0.437 (0.005)  ,  ForwardTime: 0.055  ,  TotalTime: 0.497  ,  Loss/total: 0.87735  ,  Loss/giou: 0.22502  ,  Loss/l1: 0.02065  ,  Loss/location: 0.29710  ,  pro_loss: 0.13476  ,  IoU: 0.79741
[train: Epoch 9, 625 / 625] FPS: 64.6 (522.0)  ,  DataTime: 0.436 (0.005)  ,  ForwardTime: 0.055  ,  TotalTime: 0.496  ,  Loss/total: 0.87633  ,  Loss/giou: 0.22490  ,  Loss/l1: 0.02062  ,  Loss/location: 0.29648  ,  pro_loss: 0.13492  ,  IoU: 0.79759
[train: Epoch 10, 50 / 625] FPS: 61.1 (502.2)  ,  DataTime: 0.464 (0.005)  ,  ForwardTime: 0.055  ,  TotalTime: 0.523  ,  Loss/total: 0.89363  ,  Loss/giou: 0.22976  ,  Loss/l1: 0.02229  ,  Loss/location: 0.29466  ,  pro_loss: 0.14000  ,  IoU: 0.79541
[train: Epoch 10, 100 / 625] FPS: 63.5 (39.1)  ,  DataTime: 0.444 (0.005)  ,  ForwardTime: 0.055  ,  TotalTime: 0.504  ,  Loss/total: 0.88870  ,  Loss/giou: 0.22865  ,  Loss/l1: 0.02165  ,  Loss/location: 0.29609  ,  pro_loss: 0.13521  ,  IoU: 0.79578
[train: Epoch 10, 150 / 625] FPS: 63.4 (20.6)  ,  DataTime: 0.445 (0.005)  ,  ForwardTime: 0.055  ,  TotalTime: 0.505  ,  Loss/total: 0.87218  ,  Loss/giou: 0.22363  ,  Loss/l1: 0.02097  ,  Loss/location: 0.29335  ,  pro_loss: 0.13354  ,  IoU: 0.79909
[train: Epoch 10, 200 / 625] FPS: 64.2 (516.3)  ,  DataTime: 0.439 (0.005)  ,  ForwardTime: 0.055  ,  TotalTime: 0.498  ,  Loss/total: 0.87019  ,  Loss/giou: 0.22265  ,  Loss/l1: 0.02078  ,  Loss/location: 0.29438  ,  pro_loss: 0.13297  ,  IoU: 0.79985
[train: Epoch 10, 250 / 625] FPS: 63.0 (13.7)  ,  DataTime: 0.448 (0.005)  ,  ForwardTime: 0.055  ,  TotalTime: 0.508  ,  Loss/total: 0.87060  ,  Loss/giou: 0.22240  ,  Loss/l1: 0.02062  ,  Loss/location: 0.29579  ,  pro_loss: 0.13463  ,  IoU: 0.80017
[train: Epoch 10, 300 / 625] FPS: 64.0 (506.5)  ,  DataTime: 0.440 (0.005)  ,  ForwardTime: 0.055  ,  TotalTime: 0.500  ,  Loss/total: 0.87168  ,  Loss/giou: 0.22295  ,  Loss/l1: 0.02073  ,  Loss/location: 0.29518  ,  pro_loss: 0.13476  ,  IoU: 0.79977
[train: Epoch 10, 350 / 625] FPS: 64.2 (21.1)  ,  DataTime: 0.439 (0.005)  ,  ForwardTime: 0.055  ,  TotalTime: 0.499  ,  Loss/total: 0.87928  ,  Loss/giou: 0.22482  ,  Loss/l1: 0.02109  ,  Loss/location: 0.29719  ,  pro_loss: 0.13503  ,  IoU: 0.79852
[train: Epoch 10, 400 / 625] FPS: 64.4 (39.2)  ,  DataTime: 0.437 (0.005)  ,  ForwardTime: 0.055  ,  TotalTime: 0.497  ,  Loss/total: 0.88031  ,  Loss/giou: 0.22540  ,  Loss/l1: 0.02104  ,  Loss/location: 0.29738  ,  pro_loss: 0.13461  ,  IoU: 0.79784
[train: Epoch 10, 450 / 625] FPS: 64.8 (513.1)  ,  DataTime: 0.434 (0.005)  ,  ForwardTime: 0.055  ,  TotalTime: 0.494  ,  Loss/total: 0.87262  ,  Loss/giou: 0.22384  ,  Loss/l1: 0.02076  ,  Loss/location: 0.29441  ,  pro_loss: 0.13361  ,  IoU: 0.79888
[train: Epoch 10, 500 / 625] FPS: 64.8 (20.7)  ,  DataTime: 0.434 (0.005)  ,  ForwardTime: 0.055  ,  TotalTime: 0.494  ,  Loss/total: 0.87715  ,  Loss/giou: 0.22485  ,  Loss/l1: 0.02084  ,  Loss/location: 0.29652  ,  pro_loss: 0.13363  ,  IoU: 0.79804
[train: Epoch 10, 550 / 625] FPS: 65.4 (512.6)  ,  DataTime: 0.429 (0.005)  ,  ForwardTime: 0.055  ,  TotalTime: 0.489  ,  Loss/total: 0.87667  ,  Loss/giou: 0.22465  ,  Loss/l1: 0.02085  ,  Loss/location: 0.29662  ,  pro_loss: 0.13237  ,  IoU: 0.79822
[train: Epoch 10, 600 / 625] FPS: 65.4 (489.8)  ,  DataTime: 0.429 (0.005)  ,  ForwardTime: 0.055  ,  TotalTime: 0.489  ,  Loss/total: 0.87669  ,  Loss/giou: 0.22427  ,  Loss/l1: 0.02083  ,  Loss/location: 0.29757  ,  pro_loss: 0.13227  ,  IoU: 0.79842
[train: Epoch 10, 625 / 625] FPS: 65.3 (32.0)  ,  DataTime: 0.430 (0.005)  ,  ForwardTime: 0.055  ,  TotalTime: 0.490  ,  Loss/total: 0.87513  ,  Loss/giou: 0.22397  ,  Loss/l1: 0.02075  ,  Loss/location: 0.29695  ,  pro_loss: 0.13240  ,  IoU: 0.79861
[val: Epoch 10, 50 / 156] FPS: 39.7 (12.8)  ,  DataTime: 0.777 (0.004)  ,  ForwardTime: 0.024  ,  TotalTime: 0.805  ,  Loss/total: 2.04446  ,  Loss/giou: 0.45596  ,  Loss/l1: 0.07276  ,  Loss/location: 0.76599  ,  pro_loss: 0.01375  ,  IoU: 0.61030
[val: Epoch 10, 100 / 156] FPS: 43.9 (1045.5)  ,  DataTime: 0.701 (0.004)  ,  ForwardTime: 0.024  ,  TotalTime: 0.729  ,  Loss/total: 2.07191  ,  Loss/giou: 0.45683  ,  Loss/l1: 0.07453  ,  Loss/location: 0.78305  ,  pro_loss: 0.01271  ,  IoU: 0.60718
[val: Epoch 10, 150 / 156] FPS: 45.3 (21.9)  ,  DataTime: 0.678 (0.004)  ,  ForwardTime: 0.024  ,  TotalTime: 0.706  ,  Loss/total: 2.10494  ,  Loss/giou: 0.46648  ,  Loss/l1: 0.07592  ,  Loss/location: 0.78993  ,  pro_loss: 0.01215  ,  IoU: 0.59913
[val: Epoch 10, 156 / 156] FPS: 46.5 (1032.5)  ,  DataTime: 0.660 (0.004)  ,  ForwardTime: 0.024  ,  TotalTime: 0.688  ,  Loss/total: 2.09972  ,  Loss/giou: 0.46550  ,  Loss/l1: 0.07565  ,  Loss/location: 0.78803  ,  pro_loss: 0.01215  ,  IoU: 0.59953
[train: Epoch 11, 50 / 625] FPS: 62.0 (518.4)  ,  DataTime: 0.457 (0.005)  ,  ForwardTime: 0.055  ,  TotalTime: 0.516  ,  Loss/total: 0.84264  ,  Loss/giou: 0.21281  ,  Loss/l1: 0.01816  ,  Loss/location: 0.29744  ,  pro_loss: 0.14396  ,  IoU: 0.80551
[train: Epoch 11, 100 / 625] FPS: 63.4 (19.8)  ,  DataTime: 0.445 (0.005)  ,  ForwardTime: 0.055  ,  TotalTime: 0.504  ,  Loss/total: 0.83026  ,  Loss/giou: 0.21146  ,  Loss/l1: 0.01789  ,  Loss/location: 0.28998  ,  pro_loss: 0.13969  ,  IoU: 0.80656
[train: Epoch 11, 150 / 625] FPS: 64.1 (501.8)  ,  DataTime: 0.440 (0.005)  ,  ForwardTime: 0.055  ,  TotalTime: 0.499  ,  Loss/total: 0.85805  ,  Loss/giou: 0.21862  ,  Loss/l1: 0.01944  ,  Loss/location: 0.29571  ,  pro_loss: 0.13958  ,  IoU: 0.80196
[train: Epoch 11, 200 / 625] FPS: 63.7 (41.1)  ,  DataTime: 0.442 (0.005)  ,  ForwardTime: 0.055  ,  TotalTime: 0.502  ,  Loss/total: 0.85894  ,  Loss/giou: 0.21948  ,  Loss/l1: 0.01978  ,  Loss/location: 0.29356  ,  pro_loss: 0.13761  ,  IoU: 0.80159
[train: Epoch 11, 250 / 625] FPS: 63.5 (517.1)  ,  DataTime: 0.444 (0.005)  ,  ForwardTime: 0.055  ,  TotalTime: 0.504  ,  Loss/total: 0.85783  ,  Loss/giou: 0.21983  ,  Loss/l1: 0.01984  ,  Loss/location: 0.29165  ,  pro_loss: 0.13663  ,  IoU: 0.80152
[train: Epoch 11, 300 / 625] FPS: 64.2 (36.9)  ,  DataTime: 0.438 (0.005)  ,  ForwardTime: 0.055  ,  TotalTime: 0.498  ,  Loss/total: 0.85396  ,  Loss/giou: 0.21921  ,  Loss/l1: 0.01970  ,  Loss/location: 0.28977  ,  pro_loss: 0.13632  ,  IoU: 0.80195
[train: Epoch 11, 350 / 625] FPS: 63.9 (496.2)  ,  DataTime: 0.441 (0.005)  ,  ForwardTime: 0.055  ,  TotalTime: 0.501  ,  Loss/total: 0.84791  ,  Loss/giou: 0.21813  ,  Loss/l1: 0.01945  ,  Loss/location: 0.28718  ,  pro_loss: 0.13613  ,  IoU: 0.80278
[train: Epoch 11, 400 / 625] FPS: 64.0 (16.1)  ,  DataTime: 0.440 (0.005)  ,  ForwardTime: 0.055  ,  TotalTime: 0.500  ,  Loss/total: 0.85659  ,  Loss/giou: 0.21989  ,  Loss/l1: 0.01983  ,  Loss/location: 0.29047  ,  pro_loss: 0.13591  ,  IoU: 0.80158
[train: Epoch 11, 450 / 625] FPS: 64.3 (507.2)  ,  DataTime: 0.438 (0.005)  ,  ForwardTime: 0.055  ,  TotalTime: 0.498  ,  Loss/total: 0.86298  ,  Loss/giou: 0.22149  ,  Loss/l1: 0.02011  ,  Loss/location: 0.29232  ,  pro_loss: 0.13563  ,  IoU: 0.80047
[train: Epoch 11, 500 / 625] FPS: 64.3 (19.1)  ,  DataTime: 0.438 (0.005)  ,  ForwardTime: 0.055  ,  TotalTime: 0.498  ,  Loss/total: 0.86729  ,  Loss/giou: 0.22261  ,  Loss/l1: 0.02033  ,  Loss/location: 0.29341  ,  pro_loss: 0.13502  ,  IoU: 0.79981
[train: Epoch 11, 550 / 625] FPS: 64.4 (499.4)  ,  DataTime: 0.437 (0.005)  ,  ForwardTime: 0.055  ,  TotalTime: 0.497  ,  Loss/total: 0.86935  ,  Loss/giou: 0.22282  ,  Loss/l1: 0.02041  ,  Loss/location: 0.29465  ,  pro_loss: 0.13502  ,  IoU: 0.79986
[train: Epoch 11, 600 / 625] FPS: 64.5 (43.1)  ,  DataTime: 0.436 (0.005)  ,  ForwardTime: 0.055  ,  TotalTime: 0.496  ,  Loss/total: 0.86868  ,  Loss/giou: 0.22282  ,  Loss/l1: 0.02032  ,  Loss/location: 0.29440  ,  pro_loss: 0.13509  ,  IoU: 0.79989
[train: Epoch 11, 625 / 625] FPS: 64.7 (506.5)  ,  DataTime: 0.435 (0.005)  ,  ForwardTime: 0.055  ,  TotalTime: 0.495  ,  Loss/total: 0.86745  ,  Loss/giou: 0.22261  ,  Loss/l1: 0.02024  ,  Loss/location: 0.29400  ,  pro_loss: 0.13517  ,  IoU: 0.80003
[train: Epoch 12, 50 / 625] FPS: 59.0 (516.1)  ,  DataTime: 0.483 (0.005)  ,  ForwardTime: 0.055  ,  TotalTime: 0.543  ,  Loss/total: 0.85475  ,  Loss/giou: 0.22383  ,  Loss/l1: 0.01884  ,  Loss/location: 0.28614  ,  pro_loss: 0.13374  ,  IoU: 0.79877
[train: Epoch 12, 100 / 625] FPS: 61.7 (511.0)  ,  DataTime: 0.459 (0.005)  ,  ForwardTime: 0.055  ,  TotalTime: 0.519  ,  Loss/total: 0.87192  ,  Loss/giou: 0.22382  ,  Loss/l1: 0.01974  ,  Loss/location: 0.29858  ,  pro_loss: 0.13510  ,  IoU: 0.79893
[train: Epoch 12, 150 / 625] FPS: 62.5 (504.6)  ,  DataTime: 0.452 (0.005)  ,  ForwardTime: 0.055  ,  TotalTime: 0.512  ,  Loss/total: 0.85999  ,  Loss/giou: 0.22198  ,  Loss/l1: 0.01955  ,  Loss/location: 0.29115  ,  pro_loss: 0.13569  ,  IoU: 0.79951
[train: Epoch 12, 200 / 625] FPS: 63.3 (503.4)  ,  DataTime: 0.445 (0.005)  ,  ForwardTime: 0.055  ,  TotalTime: 0.505  ,  Loss/total: 0.86556  ,  Loss/giou: 0.22322  ,  Loss/l1: 0.01976  ,  Loss/location: 0.29312  ,  pro_loss: 0.13594  ,  IoU: 0.79868
[train: Epoch 12, 250 / 625] FPS: 63.2 (502.1)  ,  DataTime: 0.446 (0.005)  ,  ForwardTime: 0.055  ,  TotalTime: 0.506  ,  Loss/total: 0.86173  ,  Loss/giou: 0.22205  ,  Loss/l1: 0.01986  ,  Loss/location: 0.29107  ,  pro_loss: 0.13633  ,  IoU: 0.79972
[train: Epoch 12, 300 / 625] FPS: 63.8 (490.5)  ,  DataTime: 0.442 (0.005)  ,  ForwardTime: 0.055  ,  TotalTime: 0.502  ,  Loss/total: 0.86705  ,  Loss/giou: 0.22344  ,  Loss/l1: 0.02024  ,  Loss/location: 0.29185  ,  pro_loss: 0.13549  ,  IoU: 0.79882
[train: Epoch 12, 350 / 625] FPS: 63.6 (512.6)  ,  DataTime: 0.443 (0.005)  ,  ForwardTime: 0.055  ,  TotalTime: 0.503  ,  Loss/total: 0.85846  ,  Loss/giou: 0.22145  ,  Loss/l1: 0.01982  ,  Loss/location: 0.28967  ,  pro_loss: 0.13405  ,  IoU: 0.80032
[train: Epoch 12, 400 / 625] FPS: 63.8 (505.1)  ,  DataTime: 0.442 (0.005)  ,  ForwardTime: 0.055  ,  TotalTime: 0.502  ,  Loss/total: 0.85382  ,  Loss/giou: 0.22035  ,  Loss/l1: 0.01959  ,  Loss/location: 0.28852  ,  pro_loss: 0.13336  ,  IoU: 0.80092
[train: Epoch 12, 450 / 625] FPS: 63.5 (518.8)  ,  DataTime: 0.444 (0.005)  ,  ForwardTime: 0.055  ,  TotalTime: 0.504  ,  Loss/total: 0.85191  ,  Loss/giou: 0.21968  ,  Loss/l1: 0.01947  ,  Loss/location: 0.28856  ,  pro_loss: 0.13317  ,  IoU: 0.80123
[train: Epoch 12, 500 / 625] FPS: 63.8 (511.1)  ,  DataTime: 0.441 (0.005)  ,  ForwardTime: 0.055  ,  TotalTime: 0.502  ,  Loss/total: 0.85368  ,  Loss/giou: 0.22004  ,  Loss/l1: 0.01945  ,  Loss/location: 0.28966  ,  pro_loss: 0.13346  ,  IoU: 0.80084
[train: Epoch 12, 550 / 625] FPS: 63.7 (506.9)  ,  DataTime: 0.442 (0.005)  ,  ForwardTime: 0.055  ,  TotalTime: 0.502  ,  Loss/total: 0.85680  ,  Loss/giou: 0.22057  ,  Loss/l1: 0.01965  ,  Loss/location: 0.29086  ,  pro_loss: 0.13276  ,  IoU: 0.80072
[train: Epoch 12, 600 / 625] FPS: 63.6 (516.9)  ,  DataTime: 0.443 (0.005)  ,  ForwardTime: 0.055  ,  TotalTime: 0.503  ,  Loss/total: 0.85747  ,  Loss/giou: 0.22020  ,  Loss/l1: 0.01966  ,  Loss/location: 0.29232  ,  pro_loss: 0.13229  ,  IoU: 0.80103
[train: Epoch 12, 625 / 625] FPS: 63.7 (479.0)  ,  DataTime: 0.442 (0.005)  ,  ForwardTime: 0.055  ,  TotalTime: 0.502  ,  Loss/total: 0.85763  ,  Loss/giou: 0.22022  ,  Loss/l1: 0.01967  ,  Loss/location: 0.29242  ,  pro_loss: 0.13213  ,  IoU: 0.80102
[train: Epoch 13, 50 / 625] FPS: 60.5 (503.3)  ,  DataTime: 0.469 (0.005)  ,  ForwardTime: 0.055  ,  TotalTime: 0.529  ,  Loss/total: 0.85466  ,  Loss/giou: 0.21950  ,  Loss/l1: 0.01884  ,  Loss/location: 0.29350  ,  pro_loss: 0.13979  ,  IoU: 0.80027
[train: Epoch 13, 100 / 625] FPS: 63.5 (508.0)  ,  DataTime: 0.444 (0.005)  ,  ForwardTime: 0.055  ,  TotalTime: 0.504  ,  Loss/total: 0.81984  ,  Loss/giou: 0.21192  ,  Loss/l1: 0.01790  ,  Loss/location: 0.28001  ,  pro_loss: 0.13240  ,  IoU: 0.80678
[train: Epoch 13, 150 / 625] FPS: 63.5 (517.5)  ,  DataTime: 0.444 (0.005)  ,  ForwardTime: 0.055  ,  TotalTime: 0.504  ,  Loss/total: 0.84068  ,  Loss/giou: 0.21592  ,  Loss/l1: 0.01892  ,  Loss/location: 0.28798  ,  pro_loss: 0.13125  ,  IoU: 0.80394
[train: Epoch 13, 200 / 625] FPS: 64.3 (491.8)  ,  DataTime: 0.437 (0.005)  ,  ForwardTime: 0.056  ,  TotalTime: 0.497  ,  Loss/total: 0.83540  ,  Loss/giou: 0.21600  ,  Loss/l1: 0.01889  ,  Loss/location: 0.28287  ,  pro_loss: 0.13026  ,  IoU: 0.80423
[train: Epoch 13, 250 / 625] FPS: 64.2 (519.5)  ,  DataTime: 0.438 (0.005)  ,  ForwardTime: 0.055  ,  TotalTime: 0.498  ,  Loss/total: 0.83544  ,  Loss/giou: 0.21588  ,  Loss/l1: 0.01899  ,  Loss/location: 0.28250  ,  pro_loss: 0.13117  ,  IoU: 0.80442
[train: Epoch 13, 300 / 625] FPS: 64.5 (505.9)  ,  DataTime: 0.436 (0.005)  ,  ForwardTime: 0.055  ,  TotalTime: 0.496  ,  Loss/total: 0.84119  ,  Loss/giou: 0.21710  ,  Loss/l1: 0.01913  ,  Loss/location: 0.28514  ,  pro_loss: 0.13090  ,  IoU: 0.80361
[train: Epoch 13, 350 / 625] FPS: 64.7 (72.3)  ,  DataTime: 0.435 (0.005)  ,  ForwardTime: 0.055  ,  TotalTime: 0.495  ,  Loss/total: 0.84447  ,  Loss/giou: 0.21753  ,  Loss/l1: 0.01945  ,  Loss/location: 0.28616  ,  pro_loss: 0.13006  ,  IoU: 0.80318
[train: Epoch 13, 400 / 625] FPS: 64.0 (16.7)  ,  DataTime: 0.440 (0.005)  ,  ForwardTime: 0.055  ,  TotalTime: 0.500  ,  Loss/total: 0.84766  ,  Loss/giou: 0.21843  ,  Loss/l1: 0.01968  ,  Loss/location: 0.28650  ,  pro_loss: 0.12940  ,  IoU: 0.80275
[train: Epoch 13, 450 / 625] FPS: 64.6 (514.1)  ,  DataTime: 0.435 (0.005)  ,  ForwardTime: 0.055  ,  TotalTime: 0.495  ,  Loss/total: 0.84565  ,  Loss/giou: 0.21789  ,  Loss/l1: 0.01952  ,  Loss/location: 0.28625  ,  pro_loss: 0.13009  ,  IoU: 0.80302
[train: Epoch 13, 500 / 625] FPS: 64.3 (509.1)  ,  DataTime: 0.438 (0.005)  ,  ForwardTime: 0.055  ,  TotalTime: 0.498  ,  Loss/total: 0.84590  ,  Loss/giou: 0.21751  ,  Loss/l1: 0.01936  ,  Loss/location: 0.28791  ,  pro_loss: 0.13085  ,  IoU: 0.80327
[train: Epoch 13, 550 / 625] FPS: 64.0 (17.6)  ,  DataTime: 0.440 (0.005)  ,  ForwardTime: 0.055  ,  TotalTime: 0.500  ,  Loss/total: 0.84769  ,  Loss/giou: 0.21801  ,  Loss/l1: 0.01943  ,  Loss/location: 0.28838  ,  pro_loss: 0.13064  ,  IoU: 0.80302
[train: Epoch 13, 600 / 625] FPS: 64.1 (507.5)  ,  DataTime: 0.439 (0.005)  ,  ForwardTime: 0.055  ,  TotalTime: 0.499  ,  Loss/total: 0.84774  ,  Loss/giou: 0.21820  ,  Loss/l1: 0.01943  ,  Loss/location: 0.28798  ,  pro_loss: 0.13109  ,  IoU: 0.80291
[train: Epoch 13, 625 / 625] FPS: 64.2 (530.9)  ,  DataTime: 0.438 (0.005)  ,  ForwardTime: 0.055  ,  TotalTime: 0.498  ,  Loss/total: 0.84835  ,  Loss/giou: 0.21840  ,  Loss/l1: 0.01950  ,  Loss/location: 0.28787  ,  pro_loss: 0.13078  ,  IoU: 0.80284
[train: Epoch 14, 50 / 625] FPS: 60.9 (503.0)  ,  DataTime: 0.466 (0.004)  ,  ForwardTime: 0.055  ,  TotalTime: 0.526  ,  Loss/total: 0.84243  ,  Loss/giou: 0.21835  ,  Loss/l1: 0.01923  ,  Loss/location: 0.28418  ,  pro_loss: 0.12708  ,  IoU: 0.80248
[train: Epoch 14, 100 / 625] FPS: 63.9 (122.5)  ,  DataTime: 0.441 (0.004)  ,  ForwardTime: 0.055  ,  TotalTime: 0.501  ,  Loss/total: 0.85760  ,  Loss/giou: 0.22200  ,  Loss/l1: 0.02008  ,  Loss/location: 0.28688  ,  pro_loss: 0.13146  ,  IoU: 0.79989
[train: Epoch 14, 150 / 625] FPS: 63.5 (506.0)  ,  DataTime: 0.444 (0.004)  ,  ForwardTime: 0.055  ,  TotalTime: 0.504  ,  Loss/total: 0.86174  ,  Loss/giou: 0.22273  ,  Loss/l1: 0.02024  ,  Loss/location: 0.28824  ,  pro_loss: 0.13410  ,  IoU: 0.79931
[train: Epoch 14, 200 / 625] FPS: 65.1 (103.4)  ,  DataTime: 0.431 (0.005)  ,  ForwardTime: 0.055  ,  TotalTime: 0.491  ,  Loss/total: 0.85484  ,  Loss/giou: 0.22018  ,  Loss/l1: 0.01990  ,  Loss/location: 0.28825  ,  pro_loss: 0.13359  ,  IoU: 0.80159
[train: Epoch 14, 250 / 625] FPS: 65.0 (515.3)  ,  DataTime: 0.432 (0.005)  ,  ForwardTime: 0.055  ,  TotalTime: 0.492  ,  Loss/total: 0.85376  ,  Loss/giou: 0.21996  ,  Loss/l1: 0.01975  ,  Loss/location: 0.28832  ,  pro_loss: 0.13392  ,  IoU: 0.80160
[train: Epoch 14, 300 / 625] FPS: 64.6 (24.0)  ,  DataTime: 0.435 (0.005)  ,  ForwardTime: 0.055  ,  TotalTime: 0.495  ,  Loss/total: 0.85467  ,  Loss/giou: 0.22069  ,  Loss/l1: 0.01964  ,  Loss/location: 0.28847  ,  pro_loss: 0.13312  ,  IoU: 0.80069
[train: Epoch 14, 350 / 625] FPS: 64.9 (41.8)  ,  DataTime: 0.433 (0.005)  ,  ForwardTime: 0.055  ,  TotalTime: 0.493  ,  Loss/total: 0.85334  ,  Loss/giou: 0.22048  ,  Loss/l1: 0.01963  ,  Loss/location: 0.28780  ,  pro_loss: 0.13220  ,  IoU: 0.80093
[train: Epoch 14, 400 / 625] FPS: 64.8 (16.0)  ,  DataTime: 0.434 (0.005)  ,  ForwardTime: 0.055  ,  TotalTime: 0.494  ,  Loss/total: 0.85225  ,  Loss/giou: 0.22046  ,  Loss/l1: 0.01967  ,  Loss/location: 0.28654  ,  pro_loss: 0.13208  ,  IoU: 0.80108
[train: Epoch 14, 450 / 625] FPS: 64.9 (511.0)  ,  DataTime: 0.433 (0.005)  ,  ForwardTime: 0.055  ,  TotalTime: 0.493  ,  Loss/total: 0.84933  ,  Loss/giou: 0.22006  ,  Loss/l1: 0.01963  ,  Loss/location: 0.28452  ,  pro_loss: 0.13271  ,  IoU: 0.80154
[train: Epoch 14, 500 / 625] FPS: 65.2 (34.4)  ,  DataTime: 0.431 (0.005)  ,  ForwardTime: 0.055  ,  TotalTime: 0.491  ,  Loss/total: 0.85348  ,  Loss/giou: 0.22153  ,  Loss/l1: 0.01992  ,  Loss/location: 0.28424  ,  pro_loss: 0.13292  ,  IoU: 0.80059
[train: Epoch 14, 550 / 625] FPS: 65.3 (70.7)  ,  DataTime: 0.430 (0.005)  ,  ForwardTime: 0.055  ,  TotalTime: 0.490  ,  Loss/total: 0.85166  ,  Loss/giou: 0.22086  ,  Loss/l1: 0.01997  ,  Loss/location: 0.28355  ,  pro_loss: 0.13265  ,  IoU: 0.80127
[train: Epoch 14, 600 / 625] FPS: 64.8 (503.7)  ,  DataTime: 0.434 (0.005)  ,  ForwardTime: 0.055  ,  TotalTime: 0.494  ,  Loss/total: 0.85355  ,  Loss/giou: 0.22131  ,  Loss/l1: 0.02001  ,  Loss/location: 0.28442  ,  pro_loss: 0.13234  ,  IoU: 0.80078
[train: Epoch 14, 625 / 625] FPS: 65.0 (524.9)  ,  DataTime: 0.432 (0.005)  ,  ForwardTime: 0.055  ,  TotalTime: 0.492  ,  Loss/total: 0.85245  ,  Loss/giou: 0.22111  ,  Loss/l1: 0.01991  ,  Loss/location: 0.28419  ,  pro_loss: 0.13235  ,  IoU: 0.80092
[train: Epoch 15, 50 / 625] FPS: 61.2 (521.8)  ,  DataTime: 0.463 (0.005)  ,  ForwardTime: 0.056  ,  TotalTime: 0.523  ,  Loss/total: 0.85193  ,  Loss/giou: 0.22217  ,  Loss/l1: 0.01973  ,  Loss/location: 0.28508  ,  pro_loss: 0.11938  ,  IoU: 0.80129
[train: Epoch 15, 100 / 625] FPS: 63.7 (124.6)  ,  DataTime: 0.442 (0.005)  ,  ForwardTime: 0.056  ,  TotalTime: 0.503  ,  Loss/total: 0.84698  ,  Loss/giou: 0.21905  ,  Loss/l1: 0.01939  ,  Loss/location: 0.28656  ,  pro_loss: 0.12688  ,  IoU: 0.80341
[train: Epoch 15, 150 / 625] FPS: 61.3 (498.1)  ,  DataTime: 0.461 (0.005)  ,  ForwardTime: 0.056  ,  TotalTime: 0.522  ,  Loss/total: 0.85158  ,  Loss/giou: 0.22027  ,  Loss/l1: 0.01923  ,  Loss/location: 0.28897  ,  pro_loss: 0.12965  ,  IoU: 0.80197
[train: Epoch 15, 200 / 625] FPS: 54.9 (18.6)  ,  DataTime: 0.523 (0.005)  ,  ForwardTime: 0.056  ,  TotalTime: 0.583  ,  Loss/total: 0.85479  ,  Loss/giou: 0.22093  ,  Loss/l1: 0.01938  ,  Loss/location: 0.28979  ,  pro_loss: 0.13120  ,  IoU: 0.80138
[train: Epoch 15, 250 / 625] FPS: 56.8 (510.5)  ,  DataTime: 0.503 (0.005)  ,  ForwardTime: 0.056  ,  TotalTime: 0.563  ,  Loss/total: 0.85149  ,  Loss/giou: 0.22102  ,  Loss/l1: 0.01930  ,  Loss/location: 0.28669  ,  pro_loss: 0.13121  ,  IoU: 0.80134
[train: Epoch 15, 300 / 625] FPS: 57.9 (515.0)  ,  DataTime: 0.493 (0.005)  ,  ForwardTime: 0.056  ,  TotalTime: 0.553  ,  Loss/total: 0.84280  ,  Loss/giou: 0.21900  ,  Loss/l1: 0.01912  ,  Loss/location: 0.28272  ,  pro_loss: 0.13233  ,  IoU: 0.80264
[train: Epoch 15, 350 / 625] FPS: 58.5 (499.9)  ,  DataTime: 0.487 (0.005)  ,  ForwardTime: 0.056  ,  TotalTime: 0.547  ,  Loss/total: 0.85046  ,  Loss/giou: 0.22062  ,  Loss/l1: 0.01955  ,  Loss/location: 0.28504  ,  pro_loss: 0.13218  ,  IoU: 0.80153
[train: Epoch 15, 400 / 625] FPS: 58.9 (510.1)  ,  DataTime: 0.483 (0.005)  ,  ForwardTime: 0.056  ,  TotalTime: 0.543  ,  Loss/total: 0.85217  ,  Loss/giou: 0.22077  ,  Loss/l1: 0.01960  ,  Loss/location: 0.28621  ,  pro_loss: 0.13214  ,  IoU: 0.80136
[train: Epoch 15, 450 / 625] FPS: 59.4 (502.9)  ,  DataTime: 0.478 (0.005)  ,  ForwardTime: 0.055  ,  TotalTime: 0.539  ,  Loss/total: 0.85011  ,  Loss/giou: 0.22005  ,  Loss/l1: 0.01949  ,  Loss/location: 0.28611  ,  pro_loss: 0.13225  ,  IoU: 0.80178
[train: Epoch 15, 500 / 625] FPS: 59.9 (498.5)  ,  DataTime: 0.474 (0.005)  ,  ForwardTime: 0.055  ,  TotalTime: 0.534  ,  Loss/total: 0.85090  ,  Loss/giou: 0.22036  ,  Loss/l1: 0.01950  ,  Loss/location: 0.28614  ,  pro_loss: 0.13271  ,  IoU: 0.80142
[train: Epoch 15, 550 / 625] FPS: 60.2 (367.1)  ,  DataTime: 0.471 (0.005)  ,  ForwardTime: 0.055  ,  TotalTime: 0.532  ,  Loss/total: 0.85013  ,  Loss/giou: 0.22005  ,  Loss/l1: 0.01944  ,  Loss/location: 0.28632  ,  pro_loss: 0.13250  ,  IoU: 0.80145
[train: Epoch 15, 600 / 625] FPS: 60.6 (508.8)  ,  DataTime: 0.468 (0.005)  ,  ForwardTime: 0.055  ,  TotalTime: 0.528  ,  Loss/total: 0.85025  ,  Loss/giou: 0.22016  ,  Loss/l1: 0.01947  ,  Loss/location: 0.28618  ,  pro_loss: 0.13203  ,  IoU: 0.80149
[train: Epoch 15, 625 / 625] FPS: 60.9 (59.2)  ,  DataTime: 0.466 (0.005)  ,  ForwardTime: 0.055  ,  TotalTime: 0.526  ,  Loss/total: 0.85019  ,  Loss/giou: 0.22018  ,  Loss/l1: 0.01950  ,  Loss/location: 0.28593  ,  pro_loss: 0.13212  ,  IoU: 0.80153
[val: Epoch 15, 50 / 156] FPS: 40.6 (172.0)  ,  DataTime: 0.759 (0.005)  ,  ForwardTime: 0.024  ,  TotalTime: 0.787  ,  Loss/total: 1.92211  ,  Loss/giou: 0.43407  ,  Loss/l1: 0.06556  ,  Loss/location: 0.72485  ,  pro_loss: 0.00667  ,  IoU: 0.62265
[val: Epoch 15, 100 / 156] FPS: 42.9 (21.9)  ,  DataTime: 0.718 (0.004)  ,  ForwardTime: 0.024  ,  TotalTime: 0.747  ,  Loss/total: 1.95847  ,  Loss/giou: 0.43868  ,  Loss/l1: 0.06691  ,  Loss/location: 0.74528  ,  pro_loss: 0.00635  ,  IoU: 0.62000
[val: Epoch 15, 150 / 156] FPS: 44.3 (14.8)  ,  DataTime: 0.694 (0.004)  ,  ForwardTime: 0.024  ,  TotalTime: 0.722  ,  Loss/total: 1.99171  ,  Loss/giou: 0.44604  ,  Loss/l1: 0.06855  ,  Loss/location: 0.75551  ,  pro_loss: 0.00681  ,  IoU: 0.61451
[val: Epoch 15, 156 / 156] FPS: 44.9 (121.4)  ,  DataTime: 0.684 (0.004)  ,  ForwardTime: 0.024  ,  TotalTime: 0.712  ,  Loss/total: 2.00297  ,  Loss/giou: 0.44826  ,  Loss/l1: 0.06911  ,  Loss/location: 0.75954  ,  pro_loss: 0.00668  ,  IoU: 0.61301
[train: Epoch 16, 50 / 625] FPS: 58.7 (491.5)  ,  DataTime: 0.485 (0.005)  ,  ForwardTime: 0.055  ,  TotalTime: 0.545  ,  Loss/total: 0.86330  ,  Loss/giou: 0.22174  ,  Loss/l1: 0.02014  ,  Loss/location: 0.29385  ,  pro_loss: 0.12646  ,  IoU: 0.80036
[train: Epoch 16, 100 / 625] FPS: 59.7 (506.0)  ,  DataTime: 0.476 (0.005)  ,  ForwardTime: 0.056  ,  TotalTime: 0.536  ,  Loss/total: 0.85278  ,  Loss/giou: 0.21855  ,  Loss/l1: 0.01951  ,  Loss/location: 0.29201  ,  pro_loss: 0.13042  ,  IoU: 0.80353
[train: Epoch 16, 150 / 625] FPS: 59.9 (63.8)  ,  DataTime: 0.474 (0.005)  ,  ForwardTime: 0.055  ,  TotalTime: 0.534  ,  Loss/total: 0.84724  ,  Loss/giou: 0.21749  ,  Loss/l1: 0.01910  ,  Loss/location: 0.29054  ,  pro_loss: 0.13104  ,  IoU: 0.80331
[train: Epoch 16, 200 / 625] FPS: 60.9 (489.7)  ,  DataTime: 0.465 (0.005)  ,  ForwardTime: 0.055  ,  TotalTime: 0.526  ,  Loss/total: 0.84277  ,  Loss/giou: 0.21669  ,  Loss/l1: 0.01888  ,  Loss/location: 0.28894  ,  pro_loss: 0.13010  ,  IoU: 0.80381
[train: Epoch 16, 250 / 625] FPS: 60.5 (507.4)  ,  DataTime: 0.469 (0.005)  ,  ForwardTime: 0.056  ,  TotalTime: 0.529  ,  Loss/total: 0.85232  ,  Loss/giou: 0.21926  ,  Loss/l1: 0.01934  ,  Loss/location: 0.29111  ,  pro_loss: 0.13004  ,  IoU: 0.80157
[train: Epoch 16, 300 / 625] FPS: 60.7 (511.9)  ,  DataTime: 0.467 (0.005)  ,  ForwardTime: 0.056  ,  TotalTime: 0.528  ,  Loss/total: 0.84831  ,  Loss/giou: 0.21803  ,  Loss/l1: 0.01908  ,  Loss/location: 0.29067  ,  pro_loss: 0.13080  ,  IoU: 0.80232
[train: Epoch 16, 350 / 625] FPS: 60.2 (16.8)  ,  DataTime: 0.471 (0.005)  ,  ForwardTime: 0.056  ,  TotalTime: 0.532  ,  Loss/total: 0.85419  ,  Loss/giou: 0.21916  ,  Loss/l1: 0.01936  ,  Loss/location: 0.29277  ,  pro_loss: 0.13158  ,  IoU: 0.80169
[train: Epoch 16, 400 / 625] FPS: 60.6 (485.1)  ,  DataTime: 0.467 (0.005)  ,  ForwardTime: 0.055  ,  TotalTime: 0.528  ,  Loss/total: 0.85095  ,  Loss/giou: 0.21861  ,  Loss/l1: 0.01924  ,  Loss/location: 0.29149  ,  pro_loss: 0.13026  ,  IoU: 0.80195
[train: Epoch 16, 450 / 625] FPS: 60.6 (14.0)  ,  DataTime: 0.468 (0.005)  ,  ForwardTime: 0.056  ,  TotalTime: 0.528  ,  Loss/total: 0.85179  ,  Loss/giou: 0.21901  ,  Loss/l1: 0.01926  ,  Loss/location: 0.29142  ,  pro_loss: 0.13030  ,  IoU: 0.80173
[train: Epoch 16, 500 / 625] FPS: 60.8 (496.6)  ,  DataTime: 0.466 (0.005)  ,  ForwardTime: 0.056  ,  TotalTime: 0.526  ,  Loss/total: 0.84660  ,  Loss/giou: 0.21786  ,  Loss/l1: 0.01912  ,  Loss/location: 0.28919  ,  pro_loss: 0.13037  ,  IoU: 0.80266
[train: Epoch 16, 550 / 625] FPS: 60.4 (14.6)  ,  DataTime: 0.469 (0.005)  ,  ForwardTime: 0.056  ,  TotalTime: 0.530  ,  Loss/total: 0.85183  ,  Loss/giou: 0.21944  ,  Loss/l1: 0.01942  ,  Loss/location: 0.28977  ,  pro_loss: 0.13036  ,  IoU: 0.80158
[train: Epoch 16, 600 / 625] FPS: 60.3 (492.5)  ,  DataTime: 0.471 (0.005)  ,  ForwardTime: 0.056  ,  TotalTime: 0.531  ,  Loss/total: 0.85663  ,  Loss/giou: 0.22053  ,  Loss/l1: 0.01972  ,  Loss/location: 0.29090  ,  pro_loss: 0.13040  ,  IoU: 0.80089
[train: Epoch 16, 625 / 625] FPS: 60.3 (504.2)  ,  DataTime: 0.470 (0.005)  ,  ForwardTime: 0.056  ,  TotalTime: 0.530  ,  Loss/total: 0.85748  ,  Loss/giou: 0.22067  ,  Loss/l1: 0.01977  ,  Loss/location: 0.29127  ,  pro_loss: 0.13023  ,  IoU: 0.80084
[train: Epoch 17, 50 / 625] FPS: 55.5 (20.7)  ,  DataTime: 0.516 (0.005)  ,  ForwardTime: 0.056  ,  TotalTime: 0.576  ,  Loss/total: 0.83897  ,  Loss/giou: 0.21842  ,  Loss/l1: 0.01895  ,  Loss/location: 0.28301  ,  pro_loss: 0.12188  ,  IoU: 0.80164
[train: Epoch 17, 100 / 625] FPS: 60.3 (522.2)  ,  DataTime: 0.471 (0.005)  ,  ForwardTime: 0.055  ,  TotalTime: 0.531  ,  Loss/total: 0.86034  ,  Loss/giou: 0.22167  ,  Loss/l1: 0.01995  ,  Loss/location: 0.29176  ,  pro_loss: 0.12740  ,  IoU: 0.79970
[train: Epoch 17, 150 / 625] FPS: 59.6 (18.6)  ,  DataTime: 0.477 (0.004)  ,  ForwardTime: 0.055  ,  TotalTime: 0.537  ,  Loss/total: 0.84741  ,  Loss/giou: 0.21783  ,  Loss/l1: 0.01958  ,  Loss/location: 0.28843  ,  pro_loss: 0.12715  ,  IoU: 0.80277
[train: Epoch 17, 200 / 625] FPS: 60.7 (497.3)  ,  DataTime: 0.467 (0.005)  ,  ForwardTime: 0.056  ,  TotalTime: 0.527  ,  Loss/total: 0.84411  ,  Loss/giou: 0.21710  ,  Loss/l1: 0.01943  ,  Loss/location: 0.28688  ,  pro_loss: 0.12953  ,  IoU: 0.80333
[train: Epoch 17, 250 / 625] FPS: 60.3 (13.6)  ,  DataTime: 0.471 (0.005)  ,  ForwardTime: 0.056  ,  TotalTime: 0.531  ,  Loss/total: 0.84513  ,  Loss/giou: 0.21810  ,  Loss/l1: 0.01937  ,  Loss/location: 0.28616  ,  pro_loss: 0.12963  ,  IoU: 0.80228
[train: Epoch 17, 300 / 625] FPS: 61.2 (494.2)  ,  DataTime: 0.463 (0.005)  ,  ForwardTime: 0.056  ,  TotalTime: 0.523  ,  Loss/total: 0.83403  ,  Loss/giou: 0.21544  ,  Loss/l1: 0.01895  ,  Loss/location: 0.28264  ,  pro_loss: 0.12865  ,  IoU: 0.80421
[train: Epoch 17, 350 / 625] FPS: 61.1 (21.8)  ,  DataTime: 0.464 (0.005)  ,  ForwardTime: 0.056  ,  TotalTime: 0.524  ,  Loss/total: 0.82840  ,  Loss/giou: 0.21437  ,  Loss/l1: 0.01867  ,  Loss/location: 0.28063  ,  pro_loss: 0.12827  ,  IoU: 0.80502
[train: Epoch 17, 400 / 625] FPS: 60.9 (503.4)  ,  DataTime: 0.466 (0.005)  ,  ForwardTime: 0.056  ,  TotalTime: 0.526  ,  Loss/total: 0.83345  ,  Loss/giou: 0.21587  ,  Loss/l1: 0.01884  ,  Loss/location: 0.28197  ,  pro_loss: 0.12773  ,  IoU: 0.80390
[train: Epoch 17, 450 / 625] FPS: 60.5 (501.6)  ,  DataTime: 0.469 (0.005)  ,  ForwardTime: 0.056  ,  TotalTime: 0.529  ,  Loss/total: 0.83401  ,  Loss/giou: 0.21553  ,  Loss/l1: 0.01880  ,  Loss/location: 0.28352  ,  pro_loss: 0.12708  ,  IoU: 0.80426
[train: Epoch 17, 500 / 625] FPS: 60.4 (511.0)  ,  DataTime: 0.470 (0.005)  ,  ForwardTime: 0.056  ,  TotalTime: 0.530  ,  Loss/total: 0.83744  ,  Loss/giou: 0.21632  ,  Loss/l1: 0.01898  ,  Loss/location: 0.28455  ,  pro_loss: 0.12671  ,  IoU: 0.80388
[train: Epoch 17, 550 / 625] FPS: 60.7 (517.5)  ,  DataTime: 0.467 (0.005)  ,  ForwardTime: 0.056  ,  TotalTime: 0.527  ,  Loss/total: 0.83669  ,  Loss/giou: 0.21614  ,  Loss/l1: 0.01899  ,  Loss/location: 0.28407  ,  pro_loss: 0.12695  ,  IoU: 0.80407
[train: Epoch 17, 600 / 625] FPS: 60.8 (509.6)  ,  DataTime: 0.466 (0.005)  ,  ForwardTime: 0.056  ,  TotalTime: 0.526  ,  Loss/total: 0.83567  ,  Loss/giou: 0.21607  ,  Loss/l1: 0.01896  ,  Loss/location: 0.28340  ,  pro_loss: 0.12670  ,  IoU: 0.80416
[train: Epoch 17, 625 / 625] FPS: 60.9 (53.9)  ,  DataTime: 0.465 (0.005)  ,  ForwardTime: 0.056  ,  TotalTime: 0.526  ,  Loss/total: 0.83663  ,  Loss/giou: 0.21609  ,  Loss/l1: 0.01902  ,  Loss/location: 0.28402  ,  pro_loss: 0.12652  ,  IoU: 0.80415
[train: Epoch 18, 50 / 625] FPS: 58.2 (502.9)  ,  DataTime: 0.490 (0.004)  ,  ForwardTime: 0.056  ,  TotalTime: 0.550  ,  Loss/total: 0.81522  ,  Loss/giou: 0.21521  ,  Loss/l1: 0.01824  ,  Loss/location: 0.26875  ,  pro_loss: 0.12417  ,  IoU: 0.80565
[train: Epoch 18, 100 / 625] FPS: 59.9 (503.3)  ,  DataTime: 0.474 (0.004)  ,  ForwardTime: 0.056  ,  TotalTime: 0.534  ,  Loss/total: 0.81920  ,  Loss/giou: 0.21539  ,  Loss/l1: 0.01865  ,  Loss/location: 0.26984  ,  pro_loss: 0.12677  ,  IoU: 0.80640
[train: Epoch 18, 150 / 625] FPS: 61.5 (500.8)  ,  DataTime: 0.460 (0.004)  ,  ForwardTime: 0.056  ,  TotalTime: 0.520  ,  Loss/total: 0.82378  ,  Loss/giou: 0.21569  ,  Loss/l1: 0.01847  ,  Loss/location: 0.27500  ,  pro_loss: 0.12528  ,  IoU: 0.80520
[train: Epoch 18, 200 / 625] FPS: 61.9 (502.2)  ,  DataTime: 0.457 (0.005)  ,  ForwardTime: 0.056  ,  TotalTime: 0.517  ,  Loss/total: 0.82208  ,  Loss/giou: 0.21417  ,  Loss/l1: 0.01816  ,  Loss/location: 0.27831  ,  pro_loss: 0.12307  ,  IoU: 0.80526
[train: Epoch 18, 250 / 625] FPS: 62.2 (502.0)  ,  DataTime: 0.454 (0.005)  ,  ForwardTime: 0.055  ,  TotalTime: 0.514  ,  Loss/total: 0.82125  ,  Loss/giou: 0.21418  ,  Loss/l1: 0.01834  ,  Loss/location: 0.27611  ,  pro_loss: 0.12529  ,  IoU: 0.80564
[train: Epoch 18, 300 / 625] FPS: 61.5 (21.1)  ,  DataTime: 0.460 (0.005)  ,  ForwardTime: 0.055  ,  TotalTime: 0.520  ,  Loss/total: 0.81887  ,  Loss/giou: 0.21336  ,  Loss/l1: 0.01834  ,  Loss/location: 0.27537  ,  pro_loss: 0.12538  ,  IoU: 0.80636
[train: Epoch 18, 350 / 625] FPS: 61.2 (503.6)  ,  DataTime: 0.462 (0.005)  ,  ForwardTime: 0.055  ,  TotalTime: 0.522  ,  Loss/total: 0.81855  ,  Loss/giou: 0.21331  ,  Loss/l1: 0.01846  ,  Loss/location: 0.27471  ,  pro_loss: 0.12455  ,  IoU: 0.80636
[train: Epoch 18, 400 / 625] FPS: 61.1 (11.9)  ,  DataTime: 0.464 (0.005)  ,  ForwardTime: 0.055  ,  TotalTime: 0.524  ,  Loss/total: 0.82041  ,  Loss/giou: 0.21336  ,  Loss/l1: 0.01851  ,  Loss/location: 0.27621  ,  pro_loss: 0.12466  ,  IoU: 0.80635
[train: Epoch 18, 450 / 625] FPS: 61.3 (504.2)  ,  DataTime: 0.462 (0.005)  ,  ForwardTime: 0.055  ,  TotalTime: 0.522  ,  Loss/total: 0.81578  ,  Loss/giou: 0.21237  ,  Loss/l1: 0.01839  ,  Loss/location: 0.27389  ,  pro_loss: 0.12592  ,  IoU: 0.80715
[train: Epoch 18, 500 / 625] FPS: 61.2 (15.5)  ,  DataTime: 0.463 (0.005)  ,  ForwardTime: 0.055  ,  TotalTime: 0.523  ,  Loss/total: 0.81714  ,  Loss/giou: 0.21261  ,  Loss/l1: 0.01838  ,  Loss/location: 0.27481  ,  pro_loss: 0.12598  ,  IoU: 0.80704
[train: Epoch 18, 550 / 625] FPS: 61.4 (504.5)  ,  DataTime: 0.461 (0.005)  ,  ForwardTime: 0.055  ,  TotalTime: 0.521  ,  Loss/total: 0.82425  ,  Loss/giou: 0.21385  ,  Loss/l1: 0.01864  ,  Loss/location: 0.27814  ,  pro_loss: 0.12606  ,  IoU: 0.80625
[train: Epoch 18, 600 / 625] FPS: 61.9 (507.8)  ,  DataTime: 0.457 (0.005)  ,  ForwardTime: 0.055  ,  TotalTime: 0.517  ,  Loss/total: 0.82907  ,  Loss/giou: 0.21478  ,  Loss/l1: 0.01883  ,  Loss/location: 0.28013  ,  pro_loss: 0.12623  ,  IoU: 0.80574
[train: Epoch 18, 625 / 625] FPS: 61.9 (62.6)  ,  DataTime: 0.457 (0.005)  ,  ForwardTime: 0.055  ,  TotalTime: 0.517  ,  Loss/total: 0.82947  ,  Loss/giou: 0.21489  ,  Loss/l1: 0.01879  ,  Loss/location: 0.28038  ,  pro_loss: 0.12677  ,  IoU: 0.80560
[train: Epoch 19, 50 / 625] FPS: 61.7 (137.6)  ,  DataTime: 0.458 (0.005)  ,  ForwardTime: 0.055  ,  TotalTime: 0.518  ,  Loss/total: 0.81093  ,  Loss/giou: 0.21390  ,  Loss/l1: 0.01858  ,  Loss/location: 0.26445  ,  pro_loss: 0.12896  ,  IoU: 0.80686
[train: Epoch 19, 100 / 625] FPS: 62.7 (491.9)  ,  DataTime: 0.450 (0.005)  ,  ForwardTime: 0.055  ,  TotalTime: 0.510  ,  Loss/total: 0.82898  ,  Loss/giou: 0.21867  ,  Loss/l1: 0.01965  ,  Loss/location: 0.26687  ,  pro_loss: 0.13260  ,  IoU: 0.80425
[train: Epoch 19, 150 / 625] FPS: 63.8 (52.3)  ,  DataTime: 0.441 (0.005)  ,  ForwardTime: 0.055  ,  TotalTime: 0.501  ,  Loss/total: 0.83685  ,  Loss/giou: 0.21927  ,  Loss/l1: 0.01982  ,  Loss/location: 0.27227  ,  pro_loss: 0.13479  ,  IoU: 0.80377
[train: Epoch 19, 200 / 625] FPS: 63.6 (41.3)  ,  DataTime: 0.443 (0.005)  ,  ForwardTime: 0.055  ,  TotalTime: 0.503  ,  Loss/total: 0.83730  ,  Loss/giou: 0.21795  ,  Loss/l1: 0.01963  ,  Loss/location: 0.27626  ,  pro_loss: 0.13495  ,  IoU: 0.80432
[train: Epoch 19, 250 / 625] FPS: 63.7 (514.3)  ,  DataTime: 0.443 (0.005)  ,  ForwardTime: 0.055  ,  TotalTime: 0.503  ,  Loss/total: 0.83605  ,  Loss/giou: 0.21778  ,  Loss/l1: 0.01935  ,  Loss/location: 0.27701  ,  pro_loss: 0.13363  ,  IoU: 0.80420
[train: Epoch 19, 300 / 625] FPS: 63.5 (19.7)  ,  DataTime: 0.443 (0.005)  ,  ForwardTime: 0.055  ,  TotalTime: 0.504  ,  Loss/total: 0.84938  ,  Loss/giou: 0.21984  ,  Loss/l1: 0.01975  ,  Loss/location: 0.28418  ,  pro_loss: 0.13389  ,  IoU: 0.80244
[train: Epoch 19, 350 / 625] FPS: 63.9 (505.0)  ,  DataTime: 0.441 (0.005)  ,  ForwardTime: 0.055  ,  TotalTime: 0.501  ,  Loss/total: 0.84273  ,  Loss/giou: 0.21813  ,  Loss/l1: 0.01944  ,  Loss/location: 0.28250  ,  pro_loss: 0.13393  ,  IoU: 0.80349
[train: Epoch 19, 400 / 625] FPS: 63.6 (490.0)  ,  DataTime: 0.443 (0.005)  ,  ForwardTime: 0.055  ,  TotalTime: 0.503  ,  Loss/total: 0.84205  ,  Loss/giou: 0.21780  ,  Loss/l1: 0.01946  ,  Loss/location: 0.28259  ,  pro_loss: 0.13287  ,  IoU: 0.80386
[train: Epoch 19, 450 / 625] FPS: 63.3 (15.4)  ,  DataTime: 0.446 (0.005)  ,  ForwardTime: 0.055  ,  TotalTime: 0.506  ,  Loss/total: 0.84043  ,  Loss/giou: 0.21777  ,  Loss/l1: 0.01937  ,  Loss/location: 0.28147  ,  pro_loss: 0.13287  ,  IoU: 0.80384
[train: Epoch 19, 500 / 625] FPS: 63.8 (508.1)  ,  DataTime: 0.442 (0.005)  ,  ForwardTime: 0.055  ,  TotalTime: 0.502  ,  Loss/total: 0.83750  ,  Loss/giou: 0.21684  ,  Loss/l1: 0.01912  ,  Loss/location: 0.28161  ,  pro_loss: 0.13300  ,  IoU: 0.80440
[train: Epoch 19, 550 / 625] FPS: 63.4 (14.9)  ,  DataTime: 0.444 (0.005)  ,  ForwardTime: 0.055  ,  TotalTime: 0.505  ,  Loss/total: 0.83703  ,  Loss/giou: 0.21619  ,  Loss/l1: 0.01904  ,  Loss/location: 0.28284  ,  pro_loss: 0.13313  ,  IoU: 0.80470
[train: Epoch 19, 600 / 625] FPS: 63.8 (514.5)  ,  DataTime: 0.442 (0.005)  ,  ForwardTime: 0.055  ,  TotalTime: 0.502  ,  Loss/total: 0.83715  ,  Loss/giou: 0.21638  ,  Loss/l1: 0.01910  ,  Loss/location: 0.28241  ,  pro_loss: 0.13222  ,  IoU: 0.80448
[train: Epoch 19, 625 / 625] FPS: 64.1 (521.0)  ,  DataTime: 0.440 (0.005)  ,  ForwardTime: 0.055  ,  TotalTime: 0.500  ,  Loss/total: 0.83298  ,  Loss/giou: 0.21559  ,  Loss/l1: 0.01893  ,  Loss/location: 0.28063  ,  pro_loss: 0.13252  ,  IoU: 0.80506
[train: Epoch 20, 50 / 625] FPS: 58.5 (19.7)  ,  DataTime: 0.487 (0.005)  ,  ForwardTime: 0.056  ,  TotalTime: 0.547  ,  Loss/total: 0.82790  ,  Loss/giou: 0.21276  ,  Loss/l1: 0.01844  ,  Loss/location: 0.28255  ,  pro_loss: 0.13813  ,  IoU: 0.80594
[train: Epoch 20, 100 / 625] FPS: 62.7 (521.0)  ,  DataTime: 0.450 (0.004)  ,  ForwardTime: 0.055  ,  TotalTime: 0.510  ,  Loss/total: 0.84723  ,  Loss/giou: 0.21827  ,  Loss/l1: 0.01949  ,  Loss/location: 0.28672  ,  pro_loss: 0.13260  ,  IoU: 0.80270
[train: Epoch 20, 150 / 625] FPS: 61.5 (20.3)  ,  DataTime: 0.461 (0.005)  ,  ForwardTime: 0.055  ,  TotalTime: 0.521  ,  Loss/total: 0.83974  ,  Loss/giou: 0.21591  ,  Loss/l1: 0.01930  ,  Loss/location: 0.28525  ,  pro_loss: 0.13090  ,  IoU: 0.80437
[train: Epoch 20, 200 / 625] FPS: 62.5 (72.0)  ,  DataTime: 0.452 (0.005)  ,  ForwardTime: 0.055  ,  TotalTime: 0.512  ,  Loss/total: 0.85340  ,  Loss/giou: 0.21786  ,  Loss/l1: 0.01972  ,  Loss/location: 0.29307  ,  pro_loss: 0.13005  ,  IoU: 0.80323
[train: Epoch 20, 250 / 625] FPS: 62.6 (60.8)  ,  DataTime: 0.451 (0.005)  ,  ForwardTime: 0.055  ,  TotalTime: 0.511  ,  Loss/total: 0.84410  ,  Loss/giou: 0.21567  ,  Loss/l1: 0.01941  ,  Loss/location: 0.28983  ,  pro_loss: 0.12946  ,  IoU: 0.80486
[train: Epoch 20, 300 / 625] FPS: 63.1 (34.4)  ,  DataTime: 0.447 (0.005)  ,  ForwardTime: 0.055  ,  TotalTime: 0.507  ,  Loss/total: 0.83799  ,  Loss/giou: 0.21490  ,  Loss/l1: 0.01931  ,  Loss/location: 0.28572  ,  pro_loss: 0.12948  ,  IoU: 0.80540
[train: Epoch 20, 350 / 625] FPS: 63.7 (514.3)  ,  DataTime: 0.443 (0.005)  ,  ForwardTime: 0.055  ,  TotalTime: 0.503  ,  Loss/total: 0.83391  ,  Loss/giou: 0.21426  ,  Loss/l1: 0.01910  ,  Loss/location: 0.28418  ,  pro_loss: 0.12863  ,  IoU: 0.80589
[train: Epoch 20, 400 / 625] FPS: 63.5 (48.6)  ,  DataTime: 0.444 (0.005)  ,  ForwardTime: 0.055  ,  TotalTime: 0.504  ,  Loss/total: 0.82711  ,  Loss/giou: 0.21271  ,  Loss/l1: 0.01875  ,  Loss/location: 0.28221  ,  pro_loss: 0.12867  ,  IoU: 0.80705
[train: Epoch 20, 450 / 625] FPS: 62.9 (493.0)  ,  DataTime: 0.449 (0.005)  ,  ForwardTime: 0.055  ,  TotalTime: 0.509  ,  Loss/total: 0.82726  ,  Loss/giou: 0.21316  ,  Loss/l1: 0.01868  ,  Loss/location: 0.28177  ,  pro_loss: 0.12875  ,  IoU: 0.80671
[train: Epoch 20, 500 / 625] FPS: 63.2 (510.9)  ,  DataTime: 0.447 (0.005)  ,  ForwardTime: 0.055  ,  TotalTime: 0.507  ,  Loss/total: 0.82932  ,  Loss/giou: 0.21379  ,  Loss/l1: 0.01875  ,  Loss/location: 0.28236  ,  pro_loss: 0.12825  ,  IoU: 0.80627
[train: Epoch 20, 550 / 625] FPS: 63.0 (508.9)  ,  DataTime: 0.448 (0.005)  ,  ForwardTime: 0.055  ,  TotalTime: 0.508  ,  Loss/total: 0.82420  ,  Loss/giou: 0.21273  ,  Loss/l1: 0.01855  ,  Loss/location: 0.28041  ,  pro_loss: 0.12797  ,  IoU: 0.80691
[train: Epoch 20, 600 / 625] FPS: 63.0 (520.0)  ,  DataTime: 0.448 (0.005)  ,  ForwardTime: 0.055  ,  TotalTime: 0.508  ,  Loss/total: 0.82894  ,  Loss/giou: 0.21371  ,  Loss/l1: 0.01874  ,  Loss/location: 0.28223  ,  pro_loss: 0.12788  ,  IoU: 0.80633
[train: Epoch 20, 625 / 625] FPS: 63.2 (42.8)  ,  DataTime: 0.447 (0.005)  ,  ForwardTime: 0.055  ,  TotalTime: 0.507  ,  Loss/total: 0.83083  ,  Loss/giou: 0.21418  ,  Loss/l1: 0.01886  ,  Loss/location: 0.28253  ,  pro_loss: 0.12827  ,  IoU: 0.80600
[val: Epoch 20, 50 / 156] FPS: 39.5 (1040.4)  ,  DataTime: 0.781 (0.004)  ,  ForwardTime: 0.024  ,  TotalTime: 0.810  ,  Loss/total: 2.01573  ,  Loss/giou: 0.44670  ,  Loss/l1: 0.07087  ,  Loss/location: 0.76728  ,  pro_loss: 0.00354  ,  IoU: 0.60905
[val: Epoch 20, 100 / 156] FPS: 42.8 (1027.2)  ,  DataTime: 0.720 (0.004)  ,  ForwardTime: 0.024  ,  TotalTime: 0.748  ,  Loss/total: 1.98108  ,  Loss/giou: 0.44048  ,  Loss/l1: 0.06956  ,  Loss/location: 0.75140  ,  pro_loss: 0.00458  ,  IoU: 0.61433
[val: Epoch 20, 150 / 156] FPS: 43.7 (55.1)  ,  DataTime: 0.703 (0.004)  ,  ForwardTime: 0.024  ,  TotalTime: 0.732  ,  Loss/total: 2.00825  ,  Loss/giou: 0.44714  ,  Loss/l1: 0.07086  ,  Loss/location: 0.75873  ,  pro_loss: 0.00465  ,  IoU: 0.60896
[val: Epoch 20, 156 / 156] FPS: 44.6 (1049.1)  ,  DataTime: 0.690 (0.004)  ,  ForwardTime: 0.024  ,  TotalTime: 0.718  ,  Loss/total: 2.01342  ,  Loss/giou: 0.44815  ,  Loss/l1: 0.07100  ,  Loss/location: 0.76116  ,  pro_loss: 0.00467  ,  IoU: 0.60816
[train: Epoch 21, 50 / 625] FPS: 60.6 (504.4)  ,  DataTime: 0.468 (0.005)  ,  ForwardTime: 0.055  ,  TotalTime: 0.528  ,  Loss/total: 0.85126  ,  Loss/giou: 0.21771  ,  Loss/l1: 0.01997  ,  Loss/location: 0.28984  ,  pro_loss: 0.13063  ,  IoU: 0.80406
[train: Epoch 21, 100 / 625] FPS: 61.6 (509.2)  ,  DataTime: 0.459 (0.005)  ,  ForwardTime: 0.055  ,  TotalTime: 0.520  ,  Loss/total: 0.83189  ,  Loss/giou: 0.21433  ,  Loss/l1: 0.01937  ,  Loss/location: 0.27996  ,  pro_loss: 0.13198  ,  IoU: 0.80652
[train: Epoch 21, 150 / 625] FPS: 61.4 (503.5)  ,  DataTime: 0.461 (0.005)  ,  ForwardTime: 0.055  ,  TotalTime: 0.521  ,  Loss/total: 0.82793  ,  Loss/giou: 0.21264  ,  Loss/l1: 0.01911  ,  Loss/location: 0.28128  ,  pro_loss: 0.12903  ,  IoU: 0.80780
[train: Epoch 21, 200 / 625] FPS: 62.6 (513.4)  ,  DataTime: 0.451 (0.005)  ,  ForwardTime: 0.055  ,  TotalTime: 0.511  ,  Loss/total: 0.82797  ,  Loss/giou: 0.21342  ,  Loss/l1: 0.01910  ,  Loss/location: 0.27974  ,  pro_loss: 0.12948  ,  IoU: 0.80731
[train: Epoch 21, 250 / 625] FPS: 61.7 (495.6)  ,  DataTime: 0.459 (0.005)  ,  ForwardTime: 0.055  ,  TotalTime: 0.519  ,  Loss/total: 0.82641  ,  Loss/giou: 0.21308  ,  Loss/l1: 0.01903  ,  Loss/location: 0.27934  ,  pro_loss: 0.12879  ,  IoU: 0.80731
[train: Epoch 21, 300 / 625] FPS: 62.0 (518.0)  ,  DataTime: 0.456 (0.005)  ,  ForwardTime: 0.055  ,  TotalTime: 0.516  ,  Loss/total: 0.82327  ,  Loss/giou: 0.21191  ,  Loss/l1: 0.01877  ,  Loss/location: 0.27994  ,  pro_loss: 0.12833  ,  IoU: 0.80784
[train: Epoch 21, 350 / 625] FPS: 61.4 (495.3)  ,  DataTime: 0.461 (0.005)  ,  ForwardTime: 0.055  ,  TotalTime: 0.521  ,  Loss/total: 0.82139  ,  Loss/giou: 0.21192  ,  Loss/l1: 0.01883  ,  Loss/location: 0.27780  ,  pro_loss: 0.12795  ,  IoU: 0.80802
[train: Epoch 21, 400 / 625] FPS: 62.0 (513.7)  ,  DataTime: 0.456 (0.005)  ,  ForwardTime: 0.055  ,  TotalTime: 0.516  ,  Loss/total: 0.82308  ,  Loss/giou: 0.21296  ,  Loss/l1: 0.01892  ,  Loss/location: 0.27702  ,  pro_loss: 0.12776  ,  IoU: 0.80729
[train: Epoch 21, 450 / 625] FPS: 62.1 (503.4)  ,  DataTime: 0.455 (0.005)  ,  ForwardTime: 0.055  ,  TotalTime: 0.515  ,  Loss/total: 0.81950  ,  Loss/giou: 0.21205  ,  Loss/l1: 0.01878  ,  Loss/location: 0.27576  ,  pro_loss: 0.12870  ,  IoU: 0.80784
[train: Epoch 21, 500 / 625] FPS: 62.5 (223.8)  ,  DataTime: 0.452 (0.005)  ,  ForwardTime: 0.055  ,  TotalTime: 0.512  ,  Loss/total: 0.82850  ,  Loss/giou: 0.21401  ,  Loss/l1: 0.01920  ,  Loss/location: 0.27873  ,  pro_loss: 0.12879  ,  IoU: 0.80662
[train: Epoch 21, 550 / 625] FPS: 62.4 (16.9)  ,  DataTime: 0.453 (0.005)  ,  ForwardTime: 0.055  ,  TotalTime: 0.513  ,  Loss/total: 0.82800  ,  Loss/giou: 0.21423  ,  Loss/l1: 0.01913  ,  Loss/location: 0.27806  ,  pro_loss: 0.12920  ,  IoU: 0.80631
[train: Epoch 21, 600 / 625] FPS: 62.6 (501.1)  ,  DataTime: 0.451 (0.005)  ,  ForwardTime: 0.055  ,  TotalTime: 0.511  ,  Loss/total: 0.82957  ,  Loss/giou: 0.21450  ,  Loss/l1: 0.01911  ,  Loss/location: 0.27914  ,  pro_loss: 0.12934  ,  IoU: 0.80606
[train: Epoch 21, 625 / 625] FPS: 62.7 (524.0)  ,  DataTime: 0.451 (0.005)  ,  ForwardTime: 0.055  ,  TotalTime: 0.511  ,  Loss/total: 0.82969  ,  Loss/giou: 0.21440  ,  Loss/l1: 0.01909  ,  Loss/location: 0.27955  ,  pro_loss: 0.12955  ,  IoU: 0.80606
[train: Epoch 22, 50 / 625] FPS: 58.4 (500.8)  ,  DataTime: 0.488 (0.004)  ,  ForwardTime: 0.055  ,  TotalTime: 0.548  ,  Loss/total: 0.82139  ,  Loss/giou: 0.21390  ,  Loss/l1: 0.01897  ,  Loss/location: 0.27348  ,  pro_loss: 0.12625  ,  IoU: 0.80659
[train: Epoch 22, 100 / 625] FPS: 60.8 (504.9)  ,  DataTime: 0.466 (0.005)  ,  ForwardTime: 0.055  ,  TotalTime: 0.526  ,  Loss/total: 0.80314  ,  Loss/giou: 0.20963  ,  Loss/l1: 0.01833  ,  Loss/location: 0.26734  ,  pro_loss: 0.12448  ,  IoU: 0.81002
[train: Epoch 22, 150 / 625] FPS: 61.9 (493.2)  ,  DataTime: 0.457 (0.005)  ,  ForwardTime: 0.055  ,  TotalTime: 0.517  ,  Loss/total: 0.81158  ,  Loss/giou: 0.21082  ,  Loss/l1: 0.01844  ,  Loss/location: 0.27292  ,  pro_loss: 0.12424  ,  IoU: 0.80822
[train: Epoch 22, 200 / 625] FPS: 61.8 (47.4)  ,  DataTime: 0.458 (0.005)  ,  ForwardTime: 0.055  ,  TotalTime: 0.518  ,  Loss/total: 0.79922  ,  Loss/giou: 0.20838  ,  Loss/l1: 0.01802  ,  Loss/location: 0.26767  ,  pro_loss: 0.12333  ,  IoU: 0.81013
[train: Epoch 22, 250 / 625] FPS: 62.3 (498.0)  ,  DataTime: 0.454 (0.005)  ,  ForwardTime: 0.055  ,  TotalTime: 0.514  ,  Loss/total: 0.79851  ,  Loss/giou: 0.20777  ,  Loss/l1: 0.01804  ,  Loss/location: 0.26806  ,  pro_loss: 0.12350  ,  IoU: 0.81053
[train: Epoch 22, 300 / 625] FPS: 62.8 (151.7)  ,  DataTime: 0.450 (0.005)  ,  ForwardTime: 0.055  ,  TotalTime: 0.510  ,  Loss/total: 0.80252  ,  Loss/giou: 0.20840  ,  Loss/l1: 0.01817  ,  Loss/location: 0.26996  ,  pro_loss: 0.12451  ,  IoU: 0.81021
[train: Epoch 22, 350 / 625] FPS: 63.1 (495.4)  ,  DataTime: 0.447 (0.005)  ,  ForwardTime: 0.055  ,  TotalTime: 0.507  ,  Loss/total: 0.80788  ,  Loss/giou: 0.21007  ,  Loss/l1: 0.01837  ,  Loss/location: 0.27097  ,  pro_loss: 0.12446  ,  IoU: 0.80913
[train: Epoch 22, 400 / 625] FPS: 62.8 (20.4)  ,  DataTime: 0.449 (0.005)  ,  ForwardTime: 0.055  ,  TotalTime: 0.509  ,  Loss/total: 0.80960  ,  Loss/giou: 0.21039  ,  Loss/l1: 0.01843  ,  Loss/location: 0.27186  ,  pro_loss: 0.12414  ,  IoU: 0.80884
[train: Epoch 22, 450 / 625] FPS: 63.2 (492.6)  ,  DataTime: 0.446 (0.005)  ,  ForwardTime: 0.055  ,  TotalTime: 0.506  ,  Loss/total: 0.81725  ,  Loss/giou: 0.21213  ,  Loss/l1: 0.01876  ,  Loss/location: 0.27425  ,  pro_loss: 0.12456  ,  IoU: 0.80749
[train: Epoch 22, 500 / 625] FPS: 63.2 (78.0)  ,  DataTime: 0.446 (0.005)  ,  ForwardTime: 0.055  ,  TotalTime: 0.506  ,  Loss/total: 0.81857  ,  Loss/giou: 0.21251  ,  Loss/l1: 0.01887  ,  Loss/location: 0.27425  ,  pro_loss: 0.12469  ,  IoU: 0.80739
[train: Epoch 22, 550 / 625] FPS: 63.4 (518.0)  ,  DataTime: 0.445 (0.005)  ,  ForwardTime: 0.055  ,  TotalTime: 0.505  ,  Loss/total: 0.82179  ,  Loss/giou: 0.21311  ,  Loss/l1: 0.01891  ,  Loss/location: 0.27601  ,  pro_loss: 0.12502  ,  IoU: 0.80689
[train: Epoch 22, 600 / 625] FPS: 62.9 (16.4)  ,  DataTime: 0.449 (0.005)  ,  ForwardTime: 0.055  ,  TotalTime: 0.509  ,  Loss/total: 0.82394  ,  Loss/giou: 0.21347  ,  Loss/l1: 0.01897  ,  Loss/location: 0.27709  ,  pro_loss: 0.12526  ,  IoU: 0.80664
[train: Epoch 22, 625 / 625] FPS: 63.2 (517.2)  ,  DataTime: 0.446 (0.005)  ,  ForwardTime: 0.055  ,  TotalTime: 0.506  ,  Loss/total: 0.82434  ,  Loss/giou: 0.21322  ,  Loss/l1: 0.01896  ,  Loss/location: 0.27803  ,  pro_loss: 0.12533  ,  IoU: 0.80684
[train: Epoch 23, 50 / 625] FPS: 58.1 (499.0)  ,  DataTime: 0.491 (0.005)  ,  ForwardTime: 0.055  ,  TotalTime: 0.551  ,  Loss/total: 0.83013  ,  Loss/giou: 0.21418  ,  Loss/l1: 0.01932  ,  Loss/location: 0.27880  ,  pro_loss: 0.13188  ,  IoU: 0.80589
[train: Epoch 23, 100 / 625] FPS: 62.1 (518.3)  ,  DataTime: 0.455 (0.005)  ,  ForwardTime: 0.055  ,  TotalTime: 0.515  ,  Loss/total: 0.82235  ,  Loss/giou: 0.21288  ,  Loss/l1: 0.01919  ,  Loss/location: 0.27451  ,  pro_loss: 0.13063  ,  IoU: 0.80759
[train: Epoch 23, 150 / 625] FPS: 62.1 (48.3)  ,  DataTime: 0.455 (0.005)  ,  ForwardTime: 0.055  ,  TotalTime: 0.515  ,  Loss/total: 0.82689  ,  Loss/giou: 0.21378  ,  Loss/l1: 0.01937  ,  Loss/location: 0.27718  ,  pro_loss: 0.12646  ,  IoU: 0.80694
[train: Epoch 23, 200 / 625] FPS: 63.7 (513.3)  ,  DataTime: 0.443 (0.005)  ,  ForwardTime: 0.055  ,  TotalTime: 0.502  ,  Loss/total: 0.83892  ,  Loss/giou: 0.21742  ,  Loss/l1: 0.01983  ,  Loss/location: 0.27952  ,  pro_loss: 0.12698  ,  IoU: 0.80379
[train: Epoch 23, 250 / 625] FPS: 62.8 (26.0)  ,  DataTime: 0.450 (0.005)  ,  ForwardTime: 0.055  ,  TotalTime: 0.510  ,  Loss/total: 0.83727  ,  Loss/giou: 0.21729  ,  Loss/l1: 0.01976  ,  Loss/location: 0.27842  ,  pro_loss: 0.12746  ,  IoU: 0.80375
[train: Epoch 23, 300 / 625] FPS: 63.5 (509.1)  ,  DataTime: 0.444 (0.005)  ,  ForwardTime: 0.055  ,  TotalTime: 0.504  ,  Loss/total: 0.83835  ,  Loss/giou: 0.21738  ,  Loss/l1: 0.01967  ,  Loss/location: 0.27978  ,  pro_loss: 0.12722  ,  IoU: 0.80361
[train: Epoch 23, 350 / 625] FPS: 63.4 (504.2)  ,  DataTime: 0.445 (0.005)  ,  ForwardTime: 0.055  ,  TotalTime: 0.505  ,  Loss/total: 0.84319  ,  Loss/giou: 0.21807  ,  Loss/l1: 0.01992  ,  Loss/location: 0.28195  ,  pro_loss: 0.12759  ,  IoU: 0.80345
[train: Epoch 23, 400 / 625] FPS: 63.3 (503.2)  ,  DataTime: 0.445 (0.005)  ,  ForwardTime: 0.055  ,  TotalTime: 0.505  ,  Loss/total: 0.84828  ,  Loss/giou: 0.21900  ,  Loss/l1: 0.02015  ,  Loss/location: 0.28402  ,  pro_loss: 0.12766  ,  IoU: 0.80283
[train: Epoch 23, 450 / 625] FPS: 63.3 (499.4)  ,  DataTime: 0.446 (0.005)  ,  ForwardTime: 0.055  ,  TotalTime: 0.506  ,  Loss/total: 0.84230  ,  Loss/giou: 0.21761  ,  Loss/l1: 0.01989  ,  Loss/location: 0.28203  ,  pro_loss: 0.12808  ,  IoU: 0.80384
[train: Epoch 23, 500 / 625] FPS: 63.0 (100.0)  ,  DataTime: 0.448 (0.005)  ,  ForwardTime: 0.055  ,  TotalTime: 0.508  ,  Loss/total: 0.83903  ,  Loss/giou: 0.21688  ,  Loss/l1: 0.01981  ,  Loss/location: 0.28049  ,  pro_loss: 0.12867  ,  IoU: 0.80445
[train: Epoch 23, 550 / 625] FPS: 63.0 (504.0)  ,  DataTime: 0.448 (0.005)  ,  ForwardTime: 0.055  ,  TotalTime: 0.508  ,  Loss/total: 0.83352  ,  Loss/giou: 0.21562  ,  Loss/l1: 0.01956  ,  Loss/location: 0.27873  ,  pro_loss: 0.12864  ,  IoU: 0.80535
[train: Epoch 23, 600 / 625] FPS: 63.1 (512.3)  ,  DataTime: 0.447 (0.005)  ,  ForwardTime: 0.055  ,  TotalTime: 0.507  ,  Loss/total: 0.83353  ,  Loss/giou: 0.21544  ,  Loss/l1: 0.01949  ,  Loss/location: 0.27947  ,  pro_loss: 0.12854  ,  IoU: 0.80543
[train: Epoch 23, 625 / 625] FPS: 63.2 (108.2)  ,  DataTime: 0.446 (0.005)  ,  ForwardTime: 0.055  ,  TotalTime: 0.506  ,  Loss/total: 0.83271  ,  Loss/giou: 0.21545  ,  Loss/l1: 0.01948  ,  Loss/location: 0.27872  ,  pro_loss: 0.12857  ,  IoU: 0.80548
[train: Epoch 24, 50 / 625] FPS: 58.5 (51.2)  ,  DataTime: 0.487 (0.005)  ,  ForwardTime: 0.055  ,  TotalTime: 0.547  ,  Loss/total: 0.79919  ,  Loss/giou: 0.20761  ,  Loss/l1: 0.01821  ,  Loss/location: 0.26558  ,  pro_loss: 0.13667  ,  IoU: 0.80968
[train: Epoch 24, 100 / 625] FPS: 60.7 (512.9)  ,  DataTime: 0.467 (0.005)  ,  ForwardTime: 0.055  ,  TotalTime: 0.527  ,  Loss/total: 0.78609  ,  Loss/giou: 0.20466  ,  Loss/l1: 0.01786  ,  Loss/location: 0.26087  ,  pro_loss: 0.13292  ,  IoU: 0.81237
[train: Epoch 24, 150 / 625] FPS: 61.6 (254.1)  ,  DataTime: 0.460 (0.005)  ,  ForwardTime: 0.055  ,  TotalTime: 0.520  ,  Loss/total: 0.79269  ,  Loss/giou: 0.20493  ,  Loss/l1: 0.01793  ,  Loss/location: 0.26655  ,  pro_loss: 0.13320  ,  IoU: 0.81228
[train: Epoch 24, 200 / 625] FPS: 62.6 (43.3)  ,  DataTime: 0.452 (0.005)  ,  ForwardTime: 0.055  ,  TotalTime: 0.512  ,  Loss/total: 0.79361  ,  Loss/giou: 0.20566  ,  Loss/l1: 0.01809  ,  Loss/location: 0.26526  ,  pro_loss: 0.13297  ,  IoU: 0.81224
[train: Epoch 24, 250 / 625] FPS: 62.7 (214.4)  ,  DataTime: 0.451 (0.005)  ,  ForwardTime: 0.055  ,  TotalTime: 0.511  ,  Loss/total: 0.79793  ,  Loss/giou: 0.20640  ,  Loss/l1: 0.01818  ,  Loss/location: 0.26808  ,  pro_loss: 0.13080  ,  IoU: 0.81149
[train: Epoch 24, 300 / 625] FPS: 61.6 (502.1)  ,  DataTime: 0.459 (0.005)  ,  ForwardTime: 0.055  ,  TotalTime: 0.519  ,  Loss/total: 0.79996  ,  Loss/giou: 0.20721  ,  Loss/l1: 0.01835  ,  Loss/location: 0.26773  ,  pro_loss: 0.13032  ,  IoU: 0.81101
[train: Epoch 24, 350 / 625] FPS: 62.4 (509.9)  ,  DataTime: 0.452 (0.005)  ,  ForwardTime: 0.055  ,  TotalTime: 0.512  ,  Loss/total: 0.81257  ,  Loss/giou: 0.20983  ,  Loss/l1: 0.01879  ,  Loss/location: 0.27305  ,  pro_loss: 0.12965  ,  IoU: 0.80910
[train: Epoch 24, 400 / 625] FPS: 62.1 (28.6)  ,  DataTime: 0.455 (0.005)  ,  ForwardTime: 0.055  ,  TotalTime: 0.515  ,  Loss/total: 0.81624  ,  Loss/giou: 0.21089  ,  Loss/l1: 0.01887  ,  Loss/location: 0.27409  ,  pro_loss: 0.13014  ,  IoU: 0.80838
[train: Epoch 24, 450 / 625] FPS: 62.5 (514.0)  ,  DataTime: 0.452 (0.005)  ,  ForwardTime: 0.055  ,  TotalTime: 0.512  ,  Loss/total: 0.82101  ,  Loss/giou: 0.21179  ,  Loss/l1: 0.01901  ,  Loss/location: 0.27621  ,  pro_loss: 0.13084  ,  IoU: 0.80774
[train: Epoch 24, 500 / 625] FPS: 62.4 (19.8)  ,  DataTime: 0.453 (0.005)  ,  ForwardTime: 0.055  ,  TotalTime: 0.513  ,  Loss/total: 0.82046  ,  Loss/giou: 0.21151  ,  Loss/l1: 0.01892  ,  Loss/location: 0.27661  ,  pro_loss: 0.13117  ,  IoU: 0.80794
[train: Epoch 24, 550 / 625] FPS: 63.0 (502.1)  ,  DataTime: 0.448 (0.005)  ,  ForwardTime: 0.055  ,  TotalTime: 0.508  ,  Loss/total: 0.82158  ,  Loss/giou: 0.21189  ,  Loss/l1: 0.01893  ,  Loss/location: 0.27678  ,  pro_loss: 0.13190  ,  IoU: 0.80768
[train: Epoch 24, 600 / 625] FPS: 62.7 (18.3)  ,  DataTime: 0.450 (0.005)  ,  ForwardTime: 0.055  ,  TotalTime: 0.510  ,  Loss/total: 0.82116  ,  Loss/giou: 0.21178  ,  Loss/l1: 0.01888  ,  Loss/location: 0.27676  ,  pro_loss: 0.13214  ,  IoU: 0.80772
[train: Epoch 24, 625 / 625] FPS: 63.1 (523.9)  ,  DataTime: 0.447 (0.005)  ,  ForwardTime: 0.055  ,  TotalTime: 0.507  ,  Loss/total: 0.82059  ,  Loss/giou: 0.21151  ,  Loss/l1: 0.01882  ,  Loss/location: 0.27707  ,  pro_loss: 0.13199  ,  IoU: 0.80785
[train: Epoch 25, 50 / 625] FPS: 57.5 (518.5)  ,  DataTime: 0.497 (0.004)  ,  ForwardTime: 0.056  ,  TotalTime: 0.557  ,  Loss/total: 0.78630  ,  Loss/giou: 0.20466  ,  Loss/l1: 0.01665  ,  Loss/location: 0.26791  ,  pro_loss: 0.12896  ,  IoU: 0.81298
[train: Epoch 25, 100 / 625] FPS: 59.9 (16.0)  ,  DataTime: 0.474 (0.004)  ,  ForwardTime: 0.055  ,  TotalTime: 0.534  ,  Loss/total: 0.80274  ,  Loss/giou: 0.20773  ,  Loss/l1: 0.01776  ,  Loss/location: 0.27190  ,  pro_loss: 0.13281  ,  IoU: 0.81133
[train: Epoch 25, 150 / 625] FPS: 62.1 (508.3)  ,  DataTime: 0.455 (0.004)  ,  ForwardTime: 0.055  ,  TotalTime: 0.515  ,  Loss/total: 0.83952  ,  Loss/giou: 0.21599  ,  Loss/l1: 0.01935  ,  Loss/location: 0.28486  ,  pro_loss: 0.12965  ,  IoU: 0.80471
[train: Epoch 25, 200 / 625] FPS: 62.6 (522.2)  ,  DataTime: 0.451 (0.005)  ,  ForwardTime: 0.055  ,  TotalTime: 0.511  ,  Loss/total: 0.84320  ,  Loss/giou: 0.21707  ,  Loss/l1: 0.01951  ,  Loss/location: 0.28528  ,  pro_loss: 0.13109  ,  IoU: 0.80401
[train: Epoch 25, 250 / 625] FPS: 61.4 (12.4)  ,  DataTime: 0.461 (0.005)  ,  ForwardTime: 0.055  ,  TotalTime: 0.521  ,  Loss/total: 0.84063  ,  Loss/giou: 0.21580  ,  Loss/l1: 0.01944  ,  Loss/location: 0.28547  ,  pro_loss: 0.13167  ,  IoU: 0.80519
[train: Epoch 25, 300 / 625] FPS: 62.0 (499.0)  ,  DataTime: 0.456 (0.005)  ,  ForwardTime: 0.055  ,  TotalTime: 0.516  ,  Loss/total: 0.83560  ,  Loss/giou: 0.21521  ,  Loss/l1: 0.01925  ,  Loss/location: 0.28234  ,  pro_loss: 0.13302  ,  IoU: 0.80578
[train: Epoch 25, 350 / 625] FPS: 62.5 (44.4)  ,  DataTime: 0.452 (0.005)  ,  ForwardTime: 0.055  ,  TotalTime: 0.512  ,  Loss/total: 0.83810  ,  Loss/giou: 0.21535  ,  Loss/l1: 0.01911  ,  Loss/location: 0.28536  ,  pro_loss: 0.13253  ,  IoU: 0.80551
[train: Epoch 25, 400 / 625] FPS: 62.7 (489.4)  ,  DataTime: 0.450 (0.005)  ,  ForwardTime: 0.055  ,  TotalTime: 0.510  ,  Loss/total: 0.82829  ,  Loss/giou: 0.21328  ,  Loss/l1: 0.01871  ,  Loss/location: 0.28178  ,  pro_loss: 0.13203  ,  IoU: 0.80703
[train: Epoch 25, 450 / 625] FPS: 63.0 (503.1)  ,  DataTime: 0.448 (0.005)  ,  ForwardTime: 0.055  ,  TotalTime: 0.508  ,  Loss/total: 0.83476  ,  Loss/giou: 0.21489  ,  Loss/l1: 0.01909  ,  Loss/location: 0.28309  ,  pro_loss: 0.13225  ,  IoU: 0.80609
[train: Epoch 25, 500 / 625] FPS: 62.8 (508.6)  ,  DataTime: 0.449 (0.005)  ,  ForwardTime: 0.055  ,  TotalTime: 0.509  ,  Loss/total: 0.83406  ,  Loss/giou: 0.21494  ,  Loss/l1: 0.01902  ,  Loss/location: 0.28267  ,  pro_loss: 0.13210  ,  IoU: 0.80588
[train: Epoch 25, 550 / 625] FPS: 63.0 (116.0)  ,  DataTime: 0.448 (0.005)  ,  ForwardTime: 0.055  ,  TotalTime: 0.508  ,  Loss/total: 0.83150  ,  Loss/giou: 0.21445  ,  Loss/l1: 0.01899  ,  Loss/location: 0.28129  ,  pro_loss: 0.13184  ,  IoU: 0.80637
[train: Epoch 25, 600 / 625] FPS: 62.6 (510.2)  ,  DataTime: 0.451 (0.005)  ,  ForwardTime: 0.055  ,  TotalTime: 0.511  ,  Loss/total: 0.83358  ,  Loss/giou: 0.21502  ,  Loss/l1: 0.01913  ,  Loss/location: 0.28148  ,  pro_loss: 0.13201  ,  IoU: 0.80600
[train: Epoch 25, 625 / 625] FPS: 63.0 (524.3)  ,  DataTime: 0.448 (0.005)  ,  ForwardTime: 0.055  ,  TotalTime: 0.508  ,  Loss/total: 0.83356  ,  Loss/giou: 0.21520  ,  Loss/l1: 0.01910  ,  Loss/location: 0.28127  ,  pro_loss: 0.13192  ,  IoU: 0.80575
[val: Epoch 25, 50 / 156] FPS: 41.2 (1036.8)  ,  DataTime: 0.749 (0.004)  ,  ForwardTime: 0.024  ,  TotalTime: 0.777  ,  Loss/total: 1.98525  ,  Loss/giou: 0.44199  ,  Loss/l1: 0.06837  ,  Loss/location: 0.75797  ,  pro_loss: 0.00729  ,  IoU: 0.61463
[val: Epoch 25, 100 / 156] FPS: 42.9 (1032.0)  ,  DataTime: 0.717 (0.004)  ,  ForwardTime: 0.024  ,  TotalTime: 0.745  ,  Loss/total: 1.98662  ,  Loss/giou: 0.44155  ,  Loss/l1: 0.06884  ,  Loss/location: 0.75790  ,  pro_loss: 0.00698  ,  IoU: 0.61488
[val: Epoch 25, 150 / 156] FPS: 44.0 (1015.7)  ,  DataTime: 0.699 (0.004)  ,  ForwardTime: 0.024  ,  TotalTime: 0.728  ,  Loss/total: 1.99262  ,  Loss/giou: 0.44547  ,  Loss/l1: 0.06915  ,  Loss/location: 0.75441  ,  pro_loss: 0.00764  ,  IoU: 0.61315
[val: Epoch 25, 156 / 156] FPS: 44.5 (1043.9)  ,  DataTime: 0.691 (0.004)  ,  ForwardTime: 0.024  ,  TotalTime: 0.720  ,  Loss/total: 1.99014  ,  Loss/giou: 0.44492  ,  Loss/l1: 0.06903  ,  Loss/location: 0.75362  ,  pro_loss: 0.00768  ,  IoU: 0.61349
[train: Epoch 26, 50 / 625] FPS: 61.9 (514.0)  ,  DataTime: 0.456 (0.005)  ,  ForwardTime: 0.056  ,  TotalTime: 0.517  ,  Loss/total: 0.82820  ,  Loss/giou: 0.21564  ,  Loss/l1: 0.01984  ,  Loss/location: 0.27073  ,  pro_loss: 0.13501  ,  IoU: 0.80614
[train: Epoch 26, 100 / 625] FPS: 62.5 (46.6)  ,  DataTime: 0.452 (0.005)  ,  ForwardTime: 0.056  ,  TotalTime: 0.512  ,  Loss/total: 0.80381  ,  Loss/giou: 0.20927  ,  Loss/l1: 0.01885  ,  Loss/location: 0.26414  ,  pro_loss: 0.13438  ,  IoU: 0.81116
[train: Epoch 26, 150 / 625] FPS: 61.2 (19.3)  ,  DataTime: 0.463 (0.005)  ,  ForwardTime: 0.056  ,  TotalTime: 0.523  ,  Loss/total: 0.81680  ,  Loss/giou: 0.21249  ,  Loss/l1: 0.01916  ,  Loss/location: 0.26925  ,  pro_loss: 0.13375  ,  IoU: 0.80805
[train: Epoch 26, 200 / 625] FPS: 61.4 (95.4)  ,  DataTime: 0.461 (0.005)  ,  ForwardTime: 0.056  ,  TotalTime: 0.521  ,  Loss/total: 0.82300  ,  Loss/giou: 0.21295  ,  Loss/l1: 0.01902  ,  Loss/location: 0.27539  ,  pro_loss: 0.13302  ,  IoU: 0.80736
[train: Epoch 26, 250 / 625] FPS: 61.0 (494.5)  ,  DataTime: 0.464 (0.005)  ,  ForwardTime: 0.056  ,  TotalTime: 0.525  ,  Loss/total: 0.81644  ,  Loss/giou: 0.21216  ,  Loss/l1: 0.01865  ,  Loss/location: 0.27259  ,  pro_loss: 0.13138  ,  IoU: 0.80802
[train: Epoch 26, 300 / 625] FPS: 61.2 (521.4)  ,  DataTime: 0.463 (0.005)  ,  ForwardTime: 0.056  ,  TotalTime: 0.523  ,  Loss/total: 0.81277  ,  Loss/giou: 0.21090  ,  Loss/l1: 0.01850  ,  Loss/location: 0.27222  ,  pro_loss: 0.13125  ,  IoU: 0.80878
[train: Epoch 26, 350 / 625] FPS: 61.5 (507.2)  ,  DataTime: 0.460 (0.005)  ,  ForwardTime: 0.056  ,  TotalTime: 0.521  ,  Loss/total: 0.81869  ,  Loss/giou: 0.21204  ,  Loss/l1: 0.01872  ,  Loss/location: 0.27473  ,  pro_loss: 0.13122  ,  IoU: 0.80788
[train: Epoch 26, 400 / 625] FPS: 61.9 (516.3)  ,  DataTime: 0.457 (0.005)  ,  ForwardTime: 0.056  ,  TotalTime: 0.517  ,  Loss/total: 0.82131  ,  Loss/giou: 0.21213  ,  Loss/l1: 0.01873  ,  Loss/location: 0.27709  ,  pro_loss: 0.13149  ,  IoU: 0.80775
[train: Epoch 26, 450 / 625] FPS: 62.1 (497.3)  ,  DataTime: 0.455 (0.005)  ,  ForwardTime: 0.055  ,  TotalTime: 0.515  ,  Loss/total: 0.82023  ,  Loss/giou: 0.21198  ,  Loss/l1: 0.01874  ,  Loss/location: 0.27635  ,  pro_loss: 0.13104  ,  IoU: 0.80784
[train: Epoch 26, 500 / 625] FPS: 62.4 (490.0)  ,  DataTime: 0.452 (0.005)  ,  ForwardTime: 0.055  ,  TotalTime: 0.513  ,  Loss/total: 0.82273  ,  Loss/giou: 0.21242  ,  Loss/l1: 0.01888  ,  Loss/location: 0.27740  ,  pro_loss: 0.13040  ,  IoU: 0.80749
[train: Epoch 26, 550 / 625] FPS: 62.2 (503.5)  ,  DataTime: 0.454 (0.005)  ,  ForwardTime: 0.055  ,  TotalTime: 0.514  ,  Loss/total: 0.82208  ,  Loss/giou: 0.21228  ,  Loss/l1: 0.01884  ,  Loss/location: 0.27721  ,  pro_loss: 0.13049  ,  IoU: 0.80762
[train: Epoch 26, 600 / 625] FPS: 62.2 (509.3)  ,  DataTime: 0.454 (0.005)  ,  ForwardTime: 0.055  ,  TotalTime: 0.515  ,  Loss/total: 0.82165  ,  Loss/giou: 0.21199  ,  Loss/l1: 0.01883  ,  Loss/location: 0.27738  ,  pro_loss: 0.13071  ,  IoU: 0.80785
[train: Epoch 26, 625 / 625] FPS: 62.4 (38.6)  ,  DataTime: 0.453 (0.005)  ,  ForwardTime: 0.055  ,  TotalTime: 0.513  ,  Loss/total: 0.82025  ,  Loss/giou: 0.21154  ,  Loss/l1: 0.01875  ,  Loss/location: 0.27724  ,  pro_loss: 0.13102  ,  IoU: 0.80815
[train: Epoch 27, 50 / 625] FPS: 56.8 (506.7)  ,  DataTime: 0.504 (0.005)  ,  ForwardTime: 0.056  ,  TotalTime: 0.564  ,  Loss/total: 0.86360  ,  Loss/giou: 0.22084  ,  Loss/l1: 0.01989  ,  Loss/location: 0.29600  ,  pro_loss: 0.13229  ,  IoU: 0.80039
[train: Epoch 27, 100 / 625] FPS: 61.0 (519.8)  ,  DataTime: 0.464 (0.005)  ,  ForwardTime: 0.055  ,  TotalTime: 0.524  ,  Loss/total: 0.84864  ,  Loss/giou: 0.21706  ,  Loss/l1: 0.01920  ,  Loss/location: 0.29191  ,  pro_loss: 0.13292  ,  IoU: 0.80301
[train: Epoch 27, 150 / 625] FPS: 60.5 (497.6)  ,  DataTime: 0.469 (0.004)  ,  ForwardTime: 0.055  ,  TotalTime: 0.529  ,  Loss/total: 0.86070  ,  Loss/giou: 0.22022  ,  Loss/l1: 0.01976  ,  Loss/location: 0.29544  ,  pro_loss: 0.13014  ,  IoU: 0.80110
[train: Epoch 27, 200 / 625] FPS: 61.7 (498.9)  ,  DataTime: 0.459 (0.005)  ,  ForwardTime: 0.055  ,  TotalTime: 0.519  ,  Loss/total: 0.84015  ,  Loss/giou: 0.21635  ,  Loss/l1: 0.01912  ,  Loss/location: 0.28579  ,  pro_loss: 0.13036  ,  IoU: 0.80433
[train: Epoch 27, 250 / 625] FPS: 61.5 (494.0)  ,  DataTime: 0.460 (0.005)  ,  ForwardTime: 0.055  ,  TotalTime: 0.520  ,  Loss/total: 0.83611  ,  Loss/giou: 0.21565  ,  Loss/l1: 0.01912  ,  Loss/location: 0.28324  ,  pro_loss: 0.12975  ,  IoU: 0.80497
[train: Epoch 27, 300 / 625] FPS: 60.8 (17.2)  ,  DataTime: 0.466 (0.005)  ,  ForwardTime: 0.056  ,  TotalTime: 0.526  ,  Loss/total: 0.83950  ,  Loss/giou: 0.21573  ,  Loss/l1: 0.01926  ,  Loss/location: 0.28582  ,  pro_loss: 0.12951  ,  IoU: 0.80489
[train: Epoch 27, 350 / 625] FPS: 61.0 (492.5)  ,  DataTime: 0.464 (0.005)  ,  ForwardTime: 0.056  ,  TotalTime: 0.525  ,  Loss/total: 0.83621  ,  Loss/giou: 0.21495  ,  Loss/l1: 0.01920  ,  Loss/location: 0.28441  ,  pro_loss: 0.12958  ,  IoU: 0.80540
[train: Epoch 27, 400 / 625] FPS: 60.6 (14.5)  ,  DataTime: 0.468 (0.005)  ,  ForwardTime: 0.055  ,  TotalTime: 0.528  ,  Loss/total: 0.83621  ,  Loss/giou: 0.21462  ,  Loss/l1: 0.01915  ,  Loss/location: 0.28543  ,  pro_loss: 0.12891  ,  IoU: 0.80561
[train: Epoch 27, 450 / 625] FPS: 61.1 (506.3)  ,  DataTime: 0.464 (0.005)  ,  ForwardTime: 0.055  ,  TotalTime: 0.524  ,  Loss/total: 0.83788  ,  Loss/giou: 0.21512  ,  Loss/l1: 0.01925  ,  Loss/location: 0.28578  ,  pro_loss: 0.12801  ,  IoU: 0.80534
[train: Epoch 27, 500 / 625] FPS: 60.9 (15.7)  ,  DataTime: 0.465 (0.005)  ,  ForwardTime: 0.055  ,  TotalTime: 0.525  ,  Loss/total: 0.83497  ,  Loss/giou: 0.21450  ,  Loss/l1: 0.01926  ,  Loss/location: 0.28405  ,  pro_loss: 0.12796  ,  IoU: 0.80596
[train: Epoch 27, 550 / 625] FPS: 61.2 (497.5)  ,  DataTime: 0.462 (0.005)  ,  ForwardTime: 0.055  ,  TotalTime: 0.523  ,  Loss/total: 0.83070  ,  Loss/giou: 0.21304  ,  Loss/l1: 0.01906  ,  Loss/location: 0.28366  ,  pro_loss: 0.12833  ,  IoU: 0.80695
[train: Epoch 27, 600 / 625] FPS: 61.1 (508.4)  ,  DataTime: 0.463 (0.005)  ,  ForwardTime: 0.055  ,  TotalTime: 0.523  ,  Loss/total: 0.83033  ,  Loss/giou: 0.21294  ,  Loss/l1: 0.01901  ,  Loss/location: 0.28371  ,  pro_loss: 0.12849  ,  IoU: 0.80701
[train: Epoch 27, 625 / 625] FPS: 61.4 (55.1)  ,  DataTime: 0.461 (0.005)  ,  ForwardTime: 0.055  ,  TotalTime: 0.521  ,  Loss/total: 0.83040  ,  Loss/giou: 0.21285  ,  Loss/l1: 0.01900  ,  Loss/location: 0.28403  ,  pro_loss: 0.12822  ,  IoU: 0.80707
[train: Epoch 28, 50 / 625] FPS: 57.8 (499.3)  ,  DataTime: 0.494 (0.004)  ,  ForwardTime: 0.055  ,  TotalTime: 0.554  ,  Loss/total: 0.78094  ,  Loss/giou: 0.20220  ,  Loss/l1: 0.01729  ,  Loss/location: 0.26485  ,  pro_loss: 0.12625  ,  IoU: 0.81459
[train: Epoch 28, 100 / 625] FPS: 60.9 (520.8)  ,  DataTime: 0.465 (0.004)  ,  ForwardTime: 0.055  ,  TotalTime: 0.525  ,  Loss/total: 0.82258  ,  Loss/giou: 0.20930  ,  Loss/l1: 0.01888  ,  Loss/location: 0.28395  ,  pro_loss: 0.12812  ,  IoU: 0.80984
[train: Epoch 28, 150 / 625] FPS: 61.7 (143.0)  ,  DataTime: 0.459 (0.005)  ,  ForwardTime: 0.056  ,  TotalTime: 0.519  ,  Loss/total: 0.81687  ,  Loss/giou: 0.20892  ,  Loss/l1: 0.01852  ,  Loss/location: 0.28051  ,  pro_loss: 0.12972  ,  IoU: 0.81019
[train: Epoch 28, 200 / 625] FPS: 62.0 (522.0)  ,  DataTime: 0.456 (0.005)  ,  ForwardTime: 0.055  ,  TotalTime: 0.516  ,  Loss/total: 0.81101  ,  Loss/giou: 0.20757  ,  Loss/l1: 0.01824  ,  Loss/location: 0.27870  ,  pro_loss: 0.12974  ,  IoU: 0.81102
[train: Epoch 28, 250 / 625] FPS: 61.8 (501.0)  ,  DataTime: 0.458 (0.005)  ,  ForwardTime: 0.055  ,  TotalTime: 0.518  ,  Loss/total: 0.81080  ,  Loss/giou: 0.20805  ,  Loss/l1: 0.01833  ,  Loss/location: 0.27726  ,  pro_loss: 0.12887  ,  IoU: 0.81079
[train: Epoch 28, 300 / 625] FPS: 61.6 (520.1)  ,  DataTime: 0.460 (0.005)  ,  ForwardTime: 0.055  ,  TotalTime: 0.520  ,  Loss/total: 0.81080  ,  Loss/giou: 0.20779  ,  Loss/l1: 0.01824  ,  Loss/location: 0.27791  ,  pro_loss: 0.13052  ,  IoU: 0.81086
[train: Epoch 28, 350 / 625] FPS: 62.3 (519.5)  ,  DataTime: 0.454 (0.005)  ,  ForwardTime: 0.055  ,  TotalTime: 0.514  ,  Loss/total: 0.80884  ,  Loss/giou: 0.20783  ,  Loss/l1: 0.01811  ,  Loss/location: 0.27660  ,  pro_loss: 0.13021  ,  IoU: 0.81064
[train: Epoch 28, 400 / 625] FPS: 61.6 (509.4)  ,  DataTime: 0.459 (0.005)  ,  ForwardTime: 0.055  ,  TotalTime: 0.519  ,  Loss/total: 0.81261  ,  Loss/giou: 0.20842  ,  Loss/l1: 0.01827  ,  Loss/location: 0.27833  ,  pro_loss: 0.13060  ,  IoU: 0.81014
[train: Epoch 28, 450 / 625] FPS: 62.1 (504.1)  ,  DataTime: 0.455 (0.005)  ,  ForwardTime: 0.055  ,  TotalTime: 0.515  ,  Loss/total: 0.81231  ,  Loss/giou: 0.20867  ,  Loss/l1: 0.01822  ,  Loss/location: 0.27799  ,  pro_loss: 0.12942  ,  IoU: 0.80986
[train: Epoch 28, 500 / 625] FPS: 62.0 (505.8)  ,  DataTime: 0.456 (0.005)  ,  ForwardTime: 0.055  ,  TotalTime: 0.516  ,  Loss/total: 0.81503  ,  Loss/giou: 0.20969  ,  Loss/l1: 0.01833  ,  Loss/location: 0.27807  ,  pro_loss: 0.12975  ,  IoU: 0.80914
[train: Epoch 28, 550 / 625] FPS: 62.1 (18.3)  ,  DataTime: 0.456 (0.005)  ,  ForwardTime: 0.055  ,  TotalTime: 0.516  ,  Loss/total: 0.81273  ,  Loss/giou: 0.20933  ,  Loss/l1: 0.01829  ,  Loss/location: 0.27676  ,  pro_loss: 0.12945  ,  IoU: 0.80948
[train: Epoch 28, 600 / 625] FPS: 62.3 (512.6)  ,  DataTime: 0.453 (0.005)  ,  ForwardTime: 0.055  ,  TotalTime: 0.513  ,  Loss/total: 0.81185  ,  Loss/giou: 0.20916  ,  Loss/l1: 0.01823  ,  Loss/location: 0.27638  ,  pro_loss: 0.13014  ,  IoU: 0.80963
[train: Epoch 28, 625 / 625] FPS: 62.4 (59.7)  ,  DataTime: 0.453 (0.005)  ,  ForwardTime: 0.055  ,  TotalTime: 0.513  ,  Loss/total: 0.81469  ,  Loss/giou: 0.20976  ,  Loss/l1: 0.01833  ,  Loss/location: 0.27752  ,  pro_loss: 0.13002  ,  IoU: 0.80915
[train: Epoch 29, 50 / 625] FPS: 58.9 (504.4)  ,  DataTime: 0.483 (0.005)  ,  ForwardTime: 0.055  ,  TotalTime: 0.543  ,  Loss/total: 0.80106  ,  Loss/giou: 0.20423  ,  Loss/l1: 0.01721  ,  Loss/location: 0.27997  ,  pro_loss: 0.13292  ,  IoU: 0.81159
[train: Epoch 29, 100 / 625] FPS: 60.7 (19.7)  ,  DataTime: 0.467 (0.005)  ,  ForwardTime: 0.055  ,  TotalTime: 0.527  ,  Loss/total: 0.84051  ,  Loss/giou: 0.21599  ,  Loss/l1: 0.01940  ,  Loss/location: 0.28572  ,  pro_loss: 0.12896  ,  IoU: 0.80408
[train: Epoch 29, 150 / 625] FPS: 63.1 (60.6)  ,  DataTime: 0.447 (0.005)  ,  ForwardTime: 0.055  ,  TotalTime: 0.507  ,  Loss/total: 0.83625  ,  Loss/giou: 0.21442  ,  Loss/l1: 0.01909  ,  Loss/location: 0.28646  ,  pro_loss: 0.12750  ,  IoU: 0.80534
[train: Epoch 29, 200 / 625] FPS: 62.8 (32.3)  ,  DataTime: 0.450 (0.005)  ,  ForwardTime: 0.055  ,  TotalTime: 0.509  ,  Loss/total: 0.83432  ,  Loss/giou: 0.21519  ,  Loss/l1: 0.01926  ,  Loss/location: 0.28204  ,  pro_loss: 0.12792  ,  IoU: 0.80500
[train: Epoch 29, 250 / 625] FPS: 62.9 (25.2)  ,  DataTime: 0.449 (0.005)  ,  ForwardTime: 0.055  ,  TotalTime: 0.509  ,  Loss/total: 0.82279  ,  Loss/giou: 0.21299  ,  Loss/l1: 0.01887  ,  Loss/location: 0.27722  ,  pro_loss: 0.12613  ,  IoU: 0.80725
[train: Epoch 29, 300 / 625] FPS: 63.3 (60.4)  ,  DataTime: 0.446 (0.005)  ,  ForwardTime: 0.055  ,  TotalTime: 0.506  ,  Loss/total: 0.81986  ,  Loss/giou: 0.21267  ,  Loss/l1: 0.01882  ,  Loss/location: 0.27493  ,  pro_loss: 0.12747  ,  IoU: 0.80715
[train: Epoch 29, 350 / 625] FPS: 63.5 (519.4)  ,  DataTime: 0.444 (0.005)  ,  ForwardTime: 0.055  ,  TotalTime: 0.504  ,  Loss/total: 0.82782  ,  Loss/giou: 0.21458  ,  Loss/l1: 0.01904  ,  Loss/location: 0.27767  ,  pro_loss: 0.12887  ,  IoU: 0.80573
[train: Epoch 29, 400 / 625] FPS: 63.8 (118.9)  ,  DataTime: 0.442 (0.005)  ,  ForwardTime: 0.055  ,  TotalTime: 0.502  ,  Loss/total: 0.82362  ,  Loss/giou: 0.21391  ,  Loss/l1: 0.01884  ,  Loss/location: 0.27569  ,  pro_loss: 0.12966  ,  IoU: 0.80626
[train: Epoch 29, 450 / 625] FPS: 63.6 (492.8)  ,  DataTime: 0.443 (0.005)  ,  ForwardTime: 0.055  ,  TotalTime: 0.503  ,  Loss/total: 0.82383  ,  Loss/giou: 0.21326  ,  Loss/l1: 0.01875  ,  Loss/location: 0.27760  ,  pro_loss: 0.12981  ,  IoU: 0.80684
[train: Epoch 29, 500 / 625] FPS: 63.6 (503.3)  ,  DataTime: 0.443 (0.005)  ,  ForwardTime: 0.055  ,  TotalTime: 0.503  ,  Loss/total: 0.81697  ,  Loss/giou: 0.21196  ,  Loss/l1: 0.01850  ,  Loss/location: 0.27457  ,  pro_loss: 0.12996  ,  IoU: 0.80787
[train: Epoch 29, 550 / 625] FPS: 63.6 (470.2)  ,  DataTime: 0.443 (0.005)  ,  ForwardTime: 0.055  ,  TotalTime: 0.503  ,  Loss/total: 0.82146  ,  Loss/giou: 0.21285  ,  Loss/l1: 0.01866  ,  Loss/location: 0.27667  ,  pro_loss: 0.12915  ,  IoU: 0.80729
[train: Epoch 29, 600 / 625] FPS: 63.3 (499.5)  ,  DataTime: 0.445 (0.005)  ,  ForwardTime: 0.055  ,  TotalTime: 0.505  ,  Loss/total: 0.82157  ,  Loss/giou: 0.21273  ,  Loss/l1: 0.01867  ,  Loss/location: 0.27695  ,  pro_loss: 0.12905  ,  IoU: 0.80733
[train: Epoch 29, 625 / 625] FPS: 63.5 (526.9)  ,  DataTime: 0.444 (0.005)  ,  ForwardTime: 0.055  ,  TotalTime: 0.504  ,  Loss/total: 0.82002  ,  Loss/giou: 0.21231  ,  Loss/l1: 0.01859  ,  Loss/location: 0.27665  ,  pro_loss: 0.12910  ,  IoU: 0.80767
[train: Epoch 30, 50 / 625] FPS: 64.0 (515.5)  ,  DataTime: 0.440 (0.005)  ,  ForwardTime: 0.055  ,  TotalTime: 0.500  ,  Loss/total: 0.86030  ,  Loss/giou: 0.22439  ,  Loss/l1: 0.02078  ,  Loss/location: 0.28230  ,  pro_loss: 0.12646  ,  IoU: 0.79935
[train: Epoch 30, 100 / 625] FPS: 63.6 (152.4)  ,  DataTime: 0.443 (0.005)  ,  ForwardTime: 0.056  ,  TotalTime: 0.503  ,  Loss/total: 0.81559  ,  Loss/giou: 0.21358  ,  Loss/l1: 0.01906  ,  Loss/location: 0.26820  ,  pro_loss: 0.12469  ,  IoU: 0.80697
[train: Epoch 30, 150 / 625] FPS: 64.1 (498.5)  ,  DataTime: 0.439 (0.005)  ,  ForwardTime: 0.056  ,  TotalTime: 0.499  ,  Loss/total: 0.82004  ,  Loss/giou: 0.21332  ,  Loss/l1: 0.01875  ,  Loss/location: 0.27457  ,  pro_loss: 0.12542  ,  IoU: 0.80702
[train: Epoch 30, 200 / 625] FPS: 64.5 (31.3)  ,  DataTime: 0.436 (0.005)  ,  ForwardTime: 0.055  ,  TotalTime: 0.496  ,  Loss/total: 0.81032  ,  Loss/giou: 0.21069  ,  Loss/l1: 0.01826  ,  Loss/location: 0.27232  ,  pro_loss: 0.12672  ,  IoU: 0.80907
[train: Epoch 30, 250 / 625] FPS: 64.1 (509.2)  ,  DataTime: 0.439 (0.005)  ,  ForwardTime: 0.055  ,  TotalTime: 0.499  ,  Loss/total: 0.80845  ,  Loss/giou: 0.21035  ,  Loss/l1: 0.01826  ,  Loss/location: 0.27084  ,  pro_loss: 0.12808  ,  IoU: 0.80951
[train: Epoch 30, 300 / 625] FPS: 64.4 (43.5)  ,  DataTime: 0.437 (0.005)  ,  ForwardTime: 0.055  ,  TotalTime: 0.497  ,  Loss/total: 0.81509  ,  Loss/giou: 0.21204  ,  Loss/l1: 0.01847  ,  Loss/location: 0.27290  ,  pro_loss: 0.12889  ,  IoU: 0.80815
[train: Epoch 30, 350 / 625] FPS: 64.5 (502.9)  ,  DataTime: 0.436 (0.005)  ,  ForwardTime: 0.055  ,  TotalTime: 0.496  ,  Loss/total: 0.81744  ,  Loss/giou: 0.21274  ,  Loss/l1: 0.01881  ,  Loss/location: 0.27200  ,  pro_loss: 0.12943  ,  IoU: 0.80794
[train: Epoch 30, 400 / 625] FPS: 64.2 (49.7)  ,  DataTime: 0.438 (0.005)  ,  ForwardTime: 0.055  ,  TotalTime: 0.498  ,  Loss/total: 0.81652  ,  Loss/giou: 0.21234  ,  Loss/l1: 0.01883  ,  Loss/location: 0.27204  ,  pro_loss: 0.12823  ,  IoU: 0.80818
[train: Epoch 30, 450 / 625] FPS: 64.1 (31.0)  ,  DataTime: 0.439 (0.005)  ,  ForwardTime: 0.055  ,  TotalTime: 0.499  ,  Loss/total: 0.81848  ,  Loss/giou: 0.21243  ,  Loss/l1: 0.01876  ,  Loss/location: 0.27404  ,  pro_loss: 0.12884  ,  IoU: 0.80812
[train: Epoch 30, 500 / 625] FPS: 63.3 (18.3)  ,  DataTime: 0.445 (0.005)  ,  ForwardTime: 0.055  ,  TotalTime: 0.505  ,  Loss/total: 0.82132  ,  Loss/giou: 0.21281  ,  Loss/l1: 0.01878  ,  Loss/location: 0.27615  ,  pro_loss: 0.12831  ,  IoU: 0.80768
[train: Epoch 30, 550 / 625] FPS: 63.6 (499.4)  ,  DataTime: 0.443 (0.005)  ,  ForwardTime: 0.055  ,  TotalTime: 0.503  ,  Loss/total: 0.82160  ,  Loss/giou: 0.21253  ,  Loss/l1: 0.01879  ,  Loss/location: 0.27705  ,  pro_loss: 0.12767  ,  IoU: 0.80780
[train: Epoch 30, 600 / 625] FPS: 63.5 (16.1)  ,  DataTime: 0.444 (0.005)  ,  ForwardTime: 0.055  ,  TotalTime: 0.504  ,  Loss/total: 0.82012  ,  Loss/giou: 0.21265  ,  Loss/l1: 0.01874  ,  Loss/location: 0.27568  ,  pro_loss: 0.12727  ,  IoU: 0.80772
[train: Epoch 30, 625 / 625] FPS: 63.7 (189.0)  ,  DataTime: 0.442 (0.005)  ,  ForwardTime: 0.055  ,  TotalTime: 0.502  ,  Loss/total: 0.81953  ,  Loss/giou: 0.21258  ,  Loss/l1: 0.01875  ,  Loss/location: 0.27514  ,  pro_loss: 0.12732  ,  IoU: 0.80777
[val: Epoch 30, 50 / 156] FPS: 39.1 (1039.7)  ,  DataTime: 0.790 (0.004)  ,  ForwardTime: 0.024  ,  TotalTime: 0.818  ,  Loss/total: 1.97905  ,  Loss/giou: 0.44413  ,  Loss/l1: 0.06437  ,  Loss/location: 0.76833  ,  pro_loss: 0.00313  ,  IoU: 0.61406
[val: Epoch 30, 100 / 156] FPS: 41.9 (1030.6)  ,  DataTime: 0.736 (0.004)  ,  ForwardTime: 0.024  ,  TotalTime: 0.764  ,  Loss/total: 1.99307  ,  Loss/giou: 0.44612  ,  Loss/l1: 0.06619  ,  Loss/location: 0.76924  ,  pro_loss: 0.00313  ,  IoU: 0.61195
[val: Epoch 30, 150 / 156] FPS: 43.7 (62.2)  ,  DataTime: 0.704 (0.004)  ,  ForwardTime: 0.024  ,  TotalTime: 0.732  ,  Loss/total: 1.97496  ,  Loss/giou: 0.44187  ,  Loss/l1: 0.06559  ,  Loss/location: 0.76273  ,  pro_loss: 0.00278  ,  IoU: 0.61599
[val: Epoch 30, 156 / 156] FPS: 44.1 (1036.8)  ,  DataTime: 0.698 (0.004)  ,  ForwardTime: 0.024  ,  TotalTime: 0.726  ,  Loss/total: 1.98223  ,  Loss/giou: 0.44302  ,  Loss/l1: 0.06587  ,  Loss/location: 0.76630  ,  pro_loss: 0.00267  ,  IoU: 0.61492
[train: Epoch 31, 50 / 625] FPS: 61.4 (498.8)  ,  DataTime: 0.461 (0.005)  ,  ForwardTime: 0.055  ,  TotalTime: 0.521  ,  Loss/total: 0.78702  ,  Loss/giou: 0.20754  ,  Loss/l1: 0.01773  ,  Loss/location: 0.25795  ,  pro_loss: 0.12667  ,  IoU: 0.80985
[train: Epoch 31, 100 / 625] FPS: 61.5 (18.7)  ,  DataTime: 0.460 (0.005)  ,  ForwardTime: 0.055  ,  TotalTime: 0.520  ,  Loss/total: 0.79008  ,  Loss/giou: 0.20643  ,  Loss/l1: 0.01722  ,  Loss/location: 0.26564  ,  pro_loss: 0.12740  ,  IoU: 0.81072
[train: Epoch 31, 150 / 625] FPS: 61.0 (520.3)  ,  DataTime: 0.464 (0.005)  ,  ForwardTime: 0.055  ,  TotalTime: 0.524  ,  Loss/total: 0.79182  ,  Loss/giou: 0.20732  ,  Loss/l1: 0.01723  ,  Loss/location: 0.26502  ,  pro_loss: 0.13007  ,  IoU: 0.81042
[train: Epoch 31, 200 / 625] FPS: 61.1 (20.6)  ,  DataTime: 0.463 (0.005)  ,  ForwardTime: 0.055  ,  TotalTime: 0.523  ,  Loss/total: 0.80821  ,  Loss/giou: 0.21078  ,  Loss/l1: 0.01791  ,  Loss/location: 0.27128  ,  pro_loss: 0.12901  ,  IoU: 0.80791
[train: Epoch 31, 250 / 625] FPS: 61.9 (508.5)  ,  DataTime: 0.457 (0.005)  ,  ForwardTime: 0.055  ,  TotalTime: 0.517  ,  Loss/total: 0.80893  ,  Loss/giou: 0.21037  ,  Loss/l1: 0.01775  ,  Loss/location: 0.27364  ,  pro_loss: 0.12908  ,  IoU: 0.80810
[train: Epoch 31, 300 / 625] FPS: 61.1 (15.2)  ,  DataTime: 0.464 (0.005)  ,  ForwardTime: 0.055  ,  TotalTime: 0.524  ,  Loss/total: 0.80559  ,  Loss/giou: 0.20967  ,  Loss/l1: 0.01766  ,  Loss/location: 0.27222  ,  pro_loss: 0.12851  ,  IoU: 0.80882
[train: Epoch 31, 350 / 625] FPS: 61.6 (517.8)  ,  DataTime: 0.460 (0.005)  ,  ForwardTime: 0.055  ,  TotalTime: 0.520  ,  Loss/total: 0.80147  ,  Loss/giou: 0.20816  ,  Loss/l1: 0.01740  ,  Loss/location: 0.27250  ,  pro_loss: 0.12833  ,  IoU: 0.80989
[train: Epoch 31, 400 / 625] FPS: 61.7 (17.5)  ,  DataTime: 0.459 (0.005)  ,  ForwardTime: 0.055  ,  TotalTime: 0.519  ,  Loss/total: 0.79872  ,  Loss/giou: 0.20762  ,  Loss/l1: 0.01738  ,  Loss/location: 0.27105  ,  pro_loss: 0.12768  ,  IoU: 0.81034
[train: Epoch 31, 450 / 625] FPS: 62.1 (495.2)  ,  DataTime: 0.456 (0.005)  ,  ForwardTime: 0.055  ,  TotalTime: 0.516  ,  Loss/total: 0.80046  ,  Loss/giou: 0.20814  ,  Loss/l1: 0.01743  ,  Loss/location: 0.27137  ,  pro_loss: 0.12822  ,  IoU: 0.80999
[train: Epoch 31, 500 / 625] FPS: 62.4 (515.7)  ,  DataTime: 0.453 (0.005)  ,  ForwardTime: 0.055  ,  TotalTime: 0.513  ,  Loss/total: 0.80359  ,  Loss/giou: 0.20856  ,  Loss/l1: 0.01755  ,  Loss/location: 0.27288  ,  pro_loss: 0.12906  ,  IoU: 0.80964
[train: Epoch 31, 550 / 625] FPS: 62.2 (497.6)  ,  DataTime: 0.454 (0.005)  ,  ForwardTime: 0.055  ,  TotalTime: 0.514  ,  Loss/total: 0.80508  ,  Loss/giou: 0.20882  ,  Loss/l1: 0.01763  ,  Loss/location: 0.27340  ,  pro_loss: 0.12949  ,  IoU: 0.80968
[train: Epoch 31, 600 / 625] FPS: 62.5 (78.2)  ,  DataTime: 0.452 (0.005)  ,  ForwardTime: 0.055  ,  TotalTime: 0.512  ,  Loss/total: 0.80584  ,  Loss/giou: 0.20872  ,  Loss/l1: 0.01772  ,  Loss/location: 0.27393  ,  pro_loss: 0.12951  ,  IoU: 0.80981
[train: Epoch 31, 625 / 625] FPS: 62.5 (142.8)  ,  DataTime: 0.452 (0.005)  ,  ForwardTime: 0.055  ,  TotalTime: 0.512  ,  Loss/total: 0.80958  ,  Loss/giou: 0.20926  ,  Loss/l1: 0.01789  ,  Loss/location: 0.27571  ,  pro_loss: 0.12955  ,  IoU: 0.80954
[train: Epoch 32, 50 / 625] FPS: 58.6 (512.8)  ,  DataTime: 0.486 (0.005)  ,  ForwardTime: 0.056  ,  TotalTime: 0.546  ,  Loss/total: 0.81458  ,  Loss/giou: 0.21100  ,  Loss/l1: 0.01826  ,  Loss/location: 0.27560  ,  pro_loss: 0.12832  ,  IoU: 0.80955
[train: Epoch 32, 100 / 625] FPS: 58.9 (501.3)  ,  DataTime: 0.483 (0.005)  ,  ForwardTime: 0.056  ,  TotalTime: 0.543  ,  Loss/total: 0.82642  ,  Loss/giou: 0.21339  ,  Loss/l1: 0.01844  ,  Loss/location: 0.28213  ,  pro_loss: 0.12656  ,  IoU: 0.80679
[train: Epoch 32, 150 / 625] FPS: 60.0 (24.1)  ,  DataTime: 0.473 (0.005)  ,  ForwardTime: 0.055  ,  TotalTime: 0.533  ,  Loss/total: 0.80258  ,  Loss/giou: 0.20805  ,  Loss/l1: 0.01775  ,  Loss/location: 0.27218  ,  pro_loss: 0.12770  ,  IoU: 0.81080
[train: Epoch 32, 200 / 625] FPS: 60.5 (500.4)  ,  DataTime: 0.469 (0.005)  ,  ForwardTime: 0.055  ,  TotalTime: 0.529  ,  Loss/total: 0.81044  ,  Loss/giou: 0.20959  ,  Loss/l1: 0.01809  ,  Loss/location: 0.27558  ,  pro_loss: 0.12624  ,  IoU: 0.80977
[train: Epoch 32, 250 / 625] FPS: 60.7 (513.1)  ,  DataTime: 0.467 (0.005)  ,  ForwardTime: 0.055  ,  TotalTime: 0.528  ,  Loss/total: 0.81169  ,  Loss/giou: 0.20989  ,  Loss/l1: 0.01834  ,  Loss/location: 0.27480  ,  pro_loss: 0.12699  ,  IoU: 0.80976
[train: Epoch 32, 300 / 625] FPS: 60.9 (17.0)  ,  DataTime: 0.465 (0.005)  ,  ForwardTime: 0.055  ,  TotalTime: 0.525  ,  Loss/total: 0.80539  ,  Loss/giou: 0.20846  ,  Loss/l1: 0.01824  ,  Loss/location: 0.27174  ,  pro_loss: 0.12763  ,  IoU: 0.81116
[train: Epoch 32, 350 / 625] FPS: 61.1 (501.5)  ,  DataTime: 0.463 (0.005)  ,  ForwardTime: 0.055  ,  TotalTime: 0.524  ,  Loss/total: 0.80383  ,  Loss/giou: 0.20793  ,  Loss/l1: 0.01808  ,  Loss/location: 0.27203  ,  pro_loss: 0.12755  ,  IoU: 0.81153
[train: Epoch 32, 400 / 625] FPS: 61.4 (515.0)  ,  DataTime: 0.461 (0.005)  ,  ForwardTime: 0.055  ,  TotalTime: 0.521  ,  Loss/total: 0.80000  ,  Loss/giou: 0.20704  ,  Loss/l1: 0.01794  ,  Loss/location: 0.27068  ,  pro_loss: 0.12765  ,  IoU: 0.81213
[train: Epoch 32, 450 / 625] FPS: 61.2 (519.5)  ,  DataTime: 0.463 (0.005)  ,  ForwardTime: 0.055  ,  TotalTime: 0.523  ,  Loss/total: 0.80210  ,  Loss/giou: 0.20745  ,  Loss/l1: 0.01798  ,  Loss/location: 0.27182  ,  pro_loss: 0.12738  ,  IoU: 0.81171
[train: Epoch 32, 500 / 625] FPS: 61.7 (512.6)  ,  DataTime: 0.458 (0.005)  ,  ForwardTime: 0.055  ,  TotalTime: 0.519  ,  Loss/total: 0.80707  ,  Loss/giou: 0.20809  ,  Loss/l1: 0.01812  ,  Loss/location: 0.27488  ,  pro_loss: 0.12716  ,  IoU: 0.81125
[train: Epoch 32, 550 / 625] FPS: 61.6 (505.7)  ,  DataTime: 0.460 (0.005)  ,  ForwardTime: 0.055  ,  TotalTime: 0.520  ,  Loss/total: 0.80465  ,  Loss/giou: 0.20778  ,  Loss/l1: 0.01801  ,  Loss/location: 0.27358  ,  pro_loss: 0.12740  ,  IoU: 0.81152
[train: Epoch 32, 600 / 625] FPS: 62.0 (508.0)  ,  DataTime: 0.456 (0.005)  ,  ForwardTime: 0.055  ,  TotalTime: 0.516  ,  Loss/total: 0.80368  ,  Loss/giou: 0.20768  ,  Loss/l1: 0.01798  ,  Loss/location: 0.27300  ,  pro_loss: 0.12708  ,  IoU: 0.81151
[train: Epoch 32, 625 / 625] FPS: 62.1 (60.4)  ,  DataTime: 0.456 (0.005)  ,  ForwardTime: 0.055  ,  TotalTime: 0.515  ,  Loss/total: 0.80365  ,  Loss/giou: 0.20752  ,  Loss/l1: 0.01798  ,  Loss/location: 0.27329  ,  pro_loss: 0.12721  ,  IoU: 0.81167
[train: Epoch 33, 50 / 625] FPS: 57.2 (16.5)  ,  DataTime: 0.499 (0.005)  ,  ForwardTime: 0.056  ,  TotalTime: 0.559  ,  Loss/total: 0.78679  ,  Loss/giou: 0.20709  ,  Loss/l1: 0.01692  ,  Loss/location: 0.26279  ,  pro_loss: 0.12625  ,  IoU: 0.81060
[train: Epoch 33, 100 / 625] FPS: 60.7 (513.1)  ,  DataTime: 0.466 (0.005)  ,  ForwardTime: 0.056  ,  TotalTime: 0.527  ,  Loss/total: 0.76416  ,  Loss/giou: 0.20138  ,  Loss/l1: 0.01628  ,  Loss/location: 0.25475  ,  pro_loss: 0.12625  ,  IoU: 0.81633
[train: Epoch 33, 150 / 625] FPS: 61.1 (27.0)  ,  DataTime: 0.464 (0.005)  ,  ForwardTime: 0.056  ,  TotalTime: 0.524  ,  Loss/total: 0.77131  ,  Loss/giou: 0.20256  ,  Loss/l1: 0.01672  ,  Loss/location: 0.25697  ,  pro_loss: 0.12813  ,  IoU: 0.81572
[train: Epoch 33, 200 / 625] FPS: 61.3 (495.5)  ,  DataTime: 0.462 (0.005)  ,  ForwardTime: 0.056  ,  TotalTime: 0.522  ,  Loss/total: 0.76704  ,  Loss/giou: 0.20030  ,  Loss/l1: 0.01638  ,  Loss/location: 0.25901  ,  pro_loss: 0.12760  ,  IoU: 0.81720
[train: Epoch 33, 250 / 625] FPS: 60.9 (21.5)  ,  DataTime: 0.465 (0.005)  ,  ForwardTime: 0.056  ,  TotalTime: 0.525  ,  Loss/total: 0.76797  ,  Loss/giou: 0.20059  ,  Loss/l1: 0.01647  ,  Loss/location: 0.25897  ,  pro_loss: 0.12733  ,  IoU: 0.81670
[train: Epoch 33, 300 / 625] FPS: 61.2 (18.0)  ,  DataTime: 0.463 (0.005)  ,  ForwardTime: 0.056  ,  TotalTime: 0.523  ,  Loss/total: 0.77503  ,  Loss/giou: 0.20248  ,  Loss/l1: 0.01689  ,  Loss/location: 0.25988  ,  pro_loss: 0.12865  ,  IoU: 0.81533
[train: Epoch 33, 350 / 625] FPS: 61.6 (498.2)  ,  DataTime: 0.459 (0.005)  ,  ForwardTime: 0.056  ,  TotalTime: 0.519  ,  Loss/total: 0.78612  ,  Loss/giou: 0.20438  ,  Loss/l1: 0.01728  ,  Loss/location: 0.26519  ,  pro_loss: 0.12878  ,  IoU: 0.81379
[train: Epoch 33, 400 / 625] FPS: 61.8 (17.5)  ,  DataTime: 0.458 (0.005)  ,  ForwardTime: 0.055  ,  TotalTime: 0.518  ,  Loss/total: 0.79524  ,  Loss/giou: 0.20596  ,  Loss/l1: 0.01761  ,  Loss/location: 0.26943  ,  pro_loss: 0.12909  ,  IoU: 0.81264
[train: Epoch 33, 450 / 625] FPS: 61.7 (521.8)  ,  DataTime: 0.459 (0.005)  ,  ForwardTime: 0.055  ,  TotalTime: 0.519  ,  Loss/total: 0.79324  ,  Loss/giou: 0.20519  ,  Loss/l1: 0.01751  ,  Loss/location: 0.26947  ,  pro_loss: 0.12914  ,  IoU: 0.81309
[train: Epoch 33, 500 / 625] FPS: 61.9 (518.8)  ,  DataTime: 0.456 (0.005)  ,  ForwardTime: 0.055  ,  TotalTime: 0.517  ,  Loss/total: 0.79918  ,  Loss/giou: 0.20676  ,  Loss/l1: 0.01773  ,  Loss/location: 0.27121  ,  pro_loss: 0.12915  ,  IoU: 0.81198
[train: Epoch 33, 550 / 625] FPS: 61.8 (503.7)  ,  DataTime: 0.457 (0.005)  ,  ForwardTime: 0.055  ,  TotalTime: 0.518  ,  Loss/total: 0.80302  ,  Loss/giou: 0.20759  ,  Loss/l1: 0.01783  ,  Loss/location: 0.27297  ,  pro_loss: 0.12858  ,  IoU: 0.81134
[train: Epoch 33, 600 / 625] FPS: 62.2 (126.4)  ,  DataTime: 0.455 (0.005)  ,  ForwardTime: 0.055  ,  TotalTime: 0.515  ,  Loss/total: 0.80231  ,  Loss/giou: 0.20748  ,  Loss/l1: 0.01787  ,  Loss/location: 0.27228  ,  pro_loss: 0.12852  ,  IoU: 0.81146
[train: Epoch 33, 625 / 625] FPS: 62.3 (54.4)  ,  DataTime: 0.454 (0.005)  ,  ForwardTime: 0.055  ,  TotalTime: 0.514  ,  Loss/total: 0.80127  ,  Loss/giou: 0.20710  ,  Loss/l1: 0.01780  ,  Loss/location: 0.27242  ,  pro_loss: 0.12815  ,  IoU: 0.81164
[train: Epoch 34, 50 / 625] FPS: 57.7 (509.5)  ,  DataTime: 0.495 (0.005)  ,  ForwardTime: 0.055  ,  TotalTime: 0.555  ,  Loss/total: 0.83799  ,  Loss/giou: 0.21339  ,  Loss/l1: 0.01945  ,  Loss/location: 0.28892  ,  pro_loss: 0.12521  ,  IoU: 0.80789
[train: Epoch 34, 100 / 625] FPS: 62.5 (503.5)  ,  DataTime: 0.452 (0.005)  ,  ForwardTime: 0.055  ,  TotalTime: 0.512  ,  Loss/total: 0.82017  ,  Loss/giou: 0.21093  ,  Loss/l1: 0.01872  ,  Loss/location: 0.27983  ,  pro_loss: 0.12438  ,  IoU: 0.80967
[train: Epoch 34, 150 / 625] FPS: 62.7 (502.8)  ,  DataTime: 0.450 (0.005)  ,  ForwardTime: 0.055  ,  TotalTime: 0.510  ,  Loss/total: 0.82171  ,  Loss/giou: 0.21311  ,  Loss/l1: 0.01879  ,  Loss/location: 0.27593  ,  pro_loss: 0.12819  ,  IoU: 0.80759
[train: Epoch 34, 200 / 625] FPS: 63.5 (521.7)  ,  DataTime: 0.444 (0.005)  ,  ForwardTime: 0.055  ,  TotalTime: 0.504  ,  Loss/total: 0.82067  ,  Loss/giou: 0.21181  ,  Loss/l1: 0.01843  ,  Loss/location: 0.27888  ,  pro_loss: 0.13005  ,  IoU: 0.80828
[train: Epoch 34, 250 / 625] FPS: 64.2 (468.2)  ,  DataTime: 0.439 (0.004)  ,  ForwardTime: 0.055  ,  TotalTime: 0.498  ,  Loss/total: 0.81111  ,  Loss/giou: 0.21039  ,  Loss/l1: 0.01820  ,  Loss/location: 0.27325  ,  pro_loss: 0.13042  ,  IoU: 0.80933
[train: Epoch 34, 300 / 625] FPS: 63.9 (77.4)  ,  DataTime: 0.440 (0.005)  ,  ForwardTime: 0.055  ,  TotalTime: 0.500  ,  Loss/total: 0.81375  ,  Loss/giou: 0.21035  ,  Loss/l1: 0.01825  ,  Loss/location: 0.27537  ,  pro_loss: 0.13212  ,  IoU: 0.80944
[train: Epoch 34, 350 / 625] FPS: 63.9 (514.3)  ,  DataTime: 0.441 (0.005)  ,  ForwardTime: 0.055  ,  TotalTime: 0.501  ,  Loss/total: 0.81222  ,  Loss/giou: 0.21030  ,  Loss/l1: 0.01818  ,  Loss/location: 0.27436  ,  pro_loss: 0.13173  ,  IoU: 0.80940
[train: Epoch 34, 400 / 625] FPS: 63.7 (27.2)  ,  DataTime: 0.442 (0.005)  ,  ForwardTime: 0.055  ,  TotalTime: 0.502  ,  Loss/total: 0.81049  ,  Loss/giou: 0.21014  ,  Loss/l1: 0.01822  ,  Loss/location: 0.27273  ,  pro_loss: 0.13187  ,  IoU: 0.80960
[train: Epoch 34, 450 / 625] FPS: 64.1 (517.0)  ,  DataTime: 0.440 (0.005)  ,  ForwardTime: 0.055  ,  TotalTime: 0.499  ,  Loss/total: 0.81246  ,  Loss/giou: 0.21029  ,  Loss/l1: 0.01837  ,  Loss/location: 0.27384  ,  pro_loss: 0.13088  ,  IoU: 0.80943
[train: Epoch 34, 500 / 625] FPS: 64.0 (25.7)  ,  DataTime: 0.440 (0.005)  ,  ForwardTime: 0.055  ,  TotalTime: 0.500  ,  Loss/total: 0.80731  ,  Loss/giou: 0.20909  ,  Loss/l1: 0.01821  ,  Loss/location: 0.27184  ,  pro_loss: 0.13129  ,  IoU: 0.81044
[train: Epoch 34, 550 / 625] FPS: 64.0 (516.0)  ,  DataTime: 0.440 (0.005)  ,  ForwardTime: 0.055  ,  TotalTime: 0.500  ,  Loss/total: 0.80344  ,  Loss/giou: 0.20821  ,  Loss/l1: 0.01810  ,  Loss/location: 0.27023  ,  pro_loss: 0.13153  ,  IoU: 0.81115
[train: Epoch 34, 600 / 625] FPS: 63.8 (508.9)  ,  DataTime: 0.441 (0.005)  ,  ForwardTime: 0.055  ,  TotalTime: 0.501  ,  Loss/total: 0.80613  ,  Loss/giou: 0.20874  ,  Loss/l1: 0.01820  ,  Loss/location: 0.27125  ,  pro_loss: 0.13214  ,  IoU: 0.81072
[train: Epoch 34, 625 / 625] FPS: 64.0 (512.1)  ,  DataTime: 0.440 (0.005)  ,  ForwardTime: 0.055  ,  TotalTime: 0.500  ,  Loss/total: 0.80704  ,  Loss/giou: 0.20912  ,  Loss/l1: 0.01819  ,  Loss/location: 0.27143  ,  pro_loss: 0.13200  ,  IoU: 0.81032
[train: Epoch 35, 50 / 625] FPS: 58.9 (17.5)  ,  DataTime: 0.483 (0.005)  ,  ForwardTime: 0.055  ,  TotalTime: 0.543  ,  Loss/total: 0.78627  ,  Loss/giou: 0.20188  ,  Loss/l1: 0.01663  ,  Loss/location: 0.27239  ,  pro_loss: 0.13479  ,  IoU: 0.81452
[train: Epoch 35, 100 / 625] FPS: 63.9 (506.6)  ,  DataTime: 0.441 (0.005)  ,  ForwardTime: 0.055  ,  TotalTime: 0.501  ,  Loss/total: 0.79110  ,  Loss/giou: 0.20511  ,  Loss/l1: 0.01707  ,  Loss/location: 0.26903  ,  pro_loss: 0.13260  ,  IoU: 0.81222
[train: Epoch 35, 150 / 625] FPS: 63.0 (21.7)  ,  DataTime: 0.448 (0.005)  ,  ForwardTime: 0.055  ,  TotalTime: 0.508  ,  Loss/total: 0.79602  ,  Loss/giou: 0.20630  ,  Loss/l1: 0.01731  ,  Loss/location: 0.27071  ,  pro_loss: 0.13090  ,  IoU: 0.81155
[train: Epoch 35, 200 / 625] FPS: 63.1 (500.8)  ,  DataTime: 0.447 (0.005)  ,  ForwardTime: 0.055  ,  TotalTime: 0.507  ,  Loss/total: 0.80291  ,  Loss/giou: 0.20859  ,  Loss/l1: 0.01810  ,  Loss/location: 0.26910  ,  pro_loss: 0.13062  ,  IoU: 0.81034
[train: Epoch 35, 250 / 625] FPS: 62.3 (35.8)  ,  DataTime: 0.454 (0.005)  ,  ForwardTime: 0.055  ,  TotalTime: 0.514  ,  Loss/total: 0.80407  ,  Loss/giou: 0.20837  ,  Loss/l1: 0.01818  ,  Loss/location: 0.27060  ,  pro_loss: 0.12908  ,  IoU: 0.81046
[train: Epoch 35, 300 / 625] FPS: 62.1 (17.2)  ,  DataTime: 0.455 (0.005)  ,  ForwardTime: 0.055  ,  TotalTime: 0.516  ,  Loss/total: 0.80723  ,  Loss/giou: 0.20950  ,  Loss/l1: 0.01817  ,  Loss/location: 0.27150  ,  pro_loss: 0.12931  ,  IoU: 0.80944
[train: Epoch 35, 350 / 625] FPS: 62.7 (515.6)  ,  DataTime: 0.450 (0.005)  ,  ForwardTime: 0.055  ,  TotalTime: 0.511  ,  Loss/total: 0.80578  ,  Loss/giou: 0.20895  ,  Loss/l1: 0.01816  ,  Loss/location: 0.27119  ,  pro_loss: 0.12935  ,  IoU: 0.80992
[train: Epoch 35, 400 / 625] FPS: 62.2 (30.8)  ,  DataTime: 0.454 (0.005)  ,  ForwardTime: 0.055  ,  TotalTime: 0.515  ,  Loss/total: 0.80814  ,  Loss/giou: 0.20933  ,  Loss/l1: 0.01841  ,  Loss/location: 0.27149  ,  pro_loss: 0.12961  ,  IoU: 0.80970
[train: Epoch 35, 450 / 625] FPS: 62.7 (521.5)  ,  DataTime: 0.450 (0.005)  ,  ForwardTime: 0.055  ,  TotalTime: 0.510  ,  Loss/total: 0.80607  ,  Loss/giou: 0.20885  ,  Loss/l1: 0.01825  ,  Loss/location: 0.27140  ,  pro_loss: 0.12857  ,  IoU: 0.81006
[train: Epoch 35, 500 / 625] FPS: 62.8 (158.5)  ,  DataTime: 0.449 (0.005)  ,  ForwardTime: 0.055  ,  TotalTime: 0.510  ,  Loss/total: 0.81464  ,  Loss/giou: 0.21063  ,  Loss/l1: 0.01868  ,  Loss/location: 0.27431  ,  pro_loss: 0.12825  ,  IoU: 0.80866
[train: Epoch 35, 550 / 625] FPS: 62.8 (66.3)  ,  DataTime: 0.449 (0.005)  ,  ForwardTime: 0.055  ,  TotalTime: 0.509  ,  Loss/total: 0.81308  ,  Loss/giou: 0.21043  ,  Loss/l1: 0.01855  ,  Loss/location: 0.27384  ,  pro_loss: 0.12817  ,  IoU: 0.80886
[train: Epoch 35, 600 / 625] FPS: 62.8 (30.4)  ,  DataTime: 0.449 (0.005)  ,  ForwardTime: 0.055  ,  TotalTime: 0.509  ,  Loss/total: 0.81124  ,  Loss/giou: 0.20984  ,  Loss/l1: 0.01847  ,  Loss/location: 0.27359  ,  pro_loss: 0.12797  ,  IoU: 0.80931
[train: Epoch 35, 625 / 625] FPS: 63.2 (510.0)  ,  DataTime: 0.447 (0.005)  ,  ForwardTime: 0.055  ,  TotalTime: 0.507  ,  Loss/total: 0.81219  ,  Loss/giou: 0.20991  ,  Loss/l1: 0.01850  ,  Loss/location: 0.27422  ,  pro_loss: 0.12822  ,  IoU: 0.80924
[val: Epoch 35, 50 / 156] FPS: 41.5 (997.4)  ,  DataTime: 0.744 (0.004)  ,  ForwardTime: 0.024  ,  TotalTime: 0.772  ,  Loss/total: 1.91832  ,  Loss/giou: 0.42902  ,  Loss/l1: 0.06813  ,  Loss/location: 0.71874  ,  pro_loss: 0.00438  ,  IoU: 0.62266
[val: Epoch 35, 100 / 156] FPS: 41.7 (1019.5)  ,  DataTime: 0.739 (0.004)  ,  ForwardTime: 0.024  ,  TotalTime: 0.767  ,  Loss/total: 1.89404  ,  Loss/giou: 0.42353  ,  Loss/l1: 0.06671  ,  Loss/location: 0.71276  ,  pro_loss: 0.00344  ,  IoU: 0.62389
[val: Epoch 35, 150 / 156] FPS: 43.4 (1030.5)  ,  DataTime: 0.710 (0.004)  ,  ForwardTime: 0.024  ,  TotalTime: 0.738  ,  Loss/total: 1.89407  ,  Loss/giou: 0.42367  ,  Loss/l1: 0.06645  ,  Loss/location: 0.71371  ,  pro_loss: 0.00396  ,  IoU: 0.62321
[val: Epoch 35, 156 / 156] FPS: 43.9 (994.9)  ,  DataTime: 0.700 (0.004)  ,  ForwardTime: 0.024  ,  TotalTime: 0.728  ,  Loss/total: 1.89473  ,  Loss/giou: 0.42333  ,  Loss/l1: 0.06648  ,  Loss/location: 0.71492  ,  pro_loss: 0.00381  ,  IoU: 0.62339
[train: Epoch 36, 50 / 625] FPS: 58.9 (506.4)  ,  DataTime: 0.482 (0.005)  ,  ForwardTime: 0.056  ,  TotalTime: 0.543  ,  Loss/total: 0.78371  ,  Loss/giou: 0.20582  ,  Loss/l1: 0.01758  ,  Loss/location: 0.25909  ,  pro_loss: 0.12548  ,  IoU: 0.81155
[train: Epoch 36, 100 / 625] FPS: 61.6 (493.7)  ,  DataTime: 0.459 (0.005)  ,  ForwardTime: 0.056  ,  TotalTime: 0.519  ,  Loss/total: 0.79233  ,  Loss/giou: 0.20598  ,  Loss/l1: 0.01798  ,  Loss/location: 0.26559  ,  pro_loss: 0.12441  ,  IoU: 0.81193
[train: Epoch 36, 150 / 625] FPS: 60.5 (27.2)  ,  DataTime: 0.469 (0.005)  ,  ForwardTime: 0.056  ,  TotalTime: 0.529  ,  Loss/total: 0.79669  ,  Loss/giou: 0.20708  ,  Loss/l1: 0.01794  ,  Loss/location: 0.26827  ,  pro_loss: 0.12280  ,  IoU: 0.81123
[train: Epoch 36, 200 / 625] FPS: 60.7 (503.5)  ,  DataTime: 0.467 (0.005)  ,  ForwardTime: 0.056  ,  TotalTime: 0.527  ,  Loss/total: 0.79280  ,  Loss/giou: 0.20625  ,  Loss/l1: 0.01781  ,  Loss/location: 0.26629  ,  pro_loss: 0.12470  ,  IoU: 0.81184
[train: Epoch 36, 250 / 625] FPS: 60.5 (20.9)  ,  DataTime: 0.468 (0.005)  ,  ForwardTime: 0.056  ,  TotalTime: 0.529  ,  Loss/total: 0.78907  ,  Loss/giou: 0.20551  ,  Loss/l1: 0.01777  ,  Loss/location: 0.26435  ,  pro_loss: 0.12430  ,  IoU: 0.81245
[train: Epoch 36, 300 / 625] FPS: 60.7 (483.4)  ,  DataTime: 0.466 (0.005)  ,  ForwardTime: 0.056  ,  TotalTime: 0.527  ,  Loss/total: 0.79578  ,  Loss/giou: 0.20617  ,  Loss/l1: 0.01797  ,  Loss/location: 0.26853  ,  pro_loss: 0.12536  ,  IoU: 0.81217
[train: Epoch 36, 350 / 625] FPS: 60.5 (59.8)  ,  DataTime: 0.469 (0.005)  ,  ForwardTime: 0.055  ,  TotalTime: 0.529  ,  Loss/total: 0.79397  ,  Loss/giou: 0.20573  ,  Loss/l1: 0.01786  ,  Loss/location: 0.26816  ,  pro_loss: 0.12531  ,  IoU: 0.81243
[train: Epoch 36, 400 / 625] FPS: 60.6 (491.9)  ,  DataTime: 0.468 (0.005)  ,  ForwardTime: 0.055  ,  TotalTime: 0.528  ,  Loss/total: 0.79541  ,  Loss/giou: 0.20597  ,  Loss/l1: 0.01781  ,  Loss/location: 0.26944  ,  pro_loss: 0.12496  ,  IoU: 0.81216
[train: Epoch 36, 450 / 625] FPS: 60.7 (22.9)  ,  DataTime: 0.467 (0.005)  ,  ForwardTime: 0.055  ,  TotalTime: 0.527  ,  Loss/total: 0.79625  ,  Loss/giou: 0.20624  ,  Loss/l1: 0.01787  ,  Loss/location: 0.26946  ,  pro_loss: 0.12475  ,  IoU: 0.81197
[train: Epoch 36, 500 / 625] FPS: 60.7 (25.0)  ,  DataTime: 0.467 (0.005)  ,  ForwardTime: 0.055  ,  TotalTime: 0.527  ,  Loss/total: 0.79683  ,  Loss/giou: 0.20618  ,  Loss/l1: 0.01783  ,  Loss/location: 0.27023  ,  pro_loss: 0.12549  ,  IoU: 0.81213
[train: Epoch 36, 550 / 625] FPS: 60.8 (76.8)  ,  DataTime: 0.466 (0.005)  ,  ForwardTime: 0.055  ,  TotalTime: 0.526  ,  Loss/total: 0.79377  ,  Loss/giou: 0.20592  ,  Loss/l1: 0.01783  ,  Loss/location: 0.26782  ,  pro_loss: 0.12472  ,  IoU: 0.81233
[train: Epoch 36, 600 / 625] FPS: 61.0 (486.3)  ,  DataTime: 0.465 (0.005)  ,  ForwardTime: 0.055  ,  TotalTime: 0.525  ,  Loss/total: 0.79205  ,  Loss/giou: 0.20540  ,  Loss/l1: 0.01775  ,  Loss/location: 0.26747  ,  pro_loss: 0.12523  ,  IoU: 0.81271
[train: Epoch 36, 625 / 625] FPS: 61.0 (509.2)  ,  DataTime: 0.465 (0.005)  ,  ForwardTime: 0.055  ,  TotalTime: 0.525  ,  Loss/total: 0.79383  ,  Loss/giou: 0.20575  ,  Loss/l1: 0.01787  ,  Loss/location: 0.26793  ,  pro_loss: 0.12530  ,  IoU: 0.81252
[train: Epoch 37, 50 / 625] FPS: 55.7 (499.8)  ,  DataTime: 0.514 (0.005)  ,  ForwardTime: 0.056  ,  TotalTime: 0.574  ,  Loss/total: 0.82796  ,  Loss/giou: 0.20947  ,  Loss/l1: 0.01885  ,  Loss/location: 0.28900  ,  pro_loss: 0.12875  ,  IoU: 0.80702
[train: Epoch 37, 100 / 625] FPS: 59.6 (516.4)  ,  DataTime: 0.476 (0.005)  ,  ForwardTime: 0.056  ,  TotalTime: 0.537  ,  Loss/total: 0.83997  ,  Loss/giou: 0.21446  ,  Loss/l1: 0.01993  ,  Loss/location: 0.28601  ,  pro_loss: 0.12698  ,  IoU: 0.80525
[train: Epoch 37, 150 / 625] FPS: 59.5 (499.1)  ,  DataTime: 0.478 (0.005)  ,  ForwardTime: 0.055  ,  TotalTime: 0.538  ,  Loss/total: 0.81746  ,  Loss/giou: 0.20994  ,  Loss/l1: 0.01908  ,  Loss/location: 0.27660  ,  pro_loss: 0.12785  ,  IoU: 0.80890
[train: Epoch 37, 200 / 625] FPS: 58.3 (19.6)  ,  DataTime: 0.489 (0.005)  ,  ForwardTime: 0.056  ,  TotalTime: 0.549  ,  Loss/total: 0.80880  ,  Loss/giou: 0.20802  ,  Loss/l1: 0.01853  ,  Loss/location: 0.27451  ,  pro_loss: 0.12807  ,  IoU: 0.81052
[train: Epoch 37, 250 / 625] FPS: 59.0 (28.5)  ,  DataTime: 0.482 (0.005)  ,  ForwardTime: 0.055  ,  TotalTime: 0.542  ,  Loss/total: 0.80038  ,  Loss/giou: 0.20588  ,  Loss/l1: 0.01794  ,  Loss/location: 0.27336  ,  pro_loss: 0.12775  ,  IoU: 0.81243
[train: Epoch 37, 300 / 625] FPS: 59.6 (38.7)  ,  DataTime: 0.477 (0.005)  ,  ForwardTime: 0.055  ,  TotalTime: 0.537  ,  Loss/total: 0.78880  ,  Loss/giou: 0.20269  ,  Loss/l1: 0.01740  ,  Loss/location: 0.27066  ,  pro_loss: 0.12877  ,  IoU: 0.81467
[train: Epoch 37, 350 / 625] FPS: 59.9 (82.7)  ,  DataTime: 0.475 (0.005)  ,  ForwardTime: 0.055  ,  TotalTime: 0.535  ,  Loss/total: 0.79021  ,  Loss/giou: 0.20342  ,  Loss/l1: 0.01749  ,  Loss/location: 0.27036  ,  pro_loss: 0.12794  ,  IoU: 0.81410
[train: Epoch 37, 400 / 625] FPS: 60.3 (31.9)  ,  DataTime: 0.471 (0.005)  ,  ForwardTime: 0.055  ,  TotalTime: 0.531  ,  Loss/total: 0.79704  ,  Loss/giou: 0.20514  ,  Loss/l1: 0.01785  ,  Loss/location: 0.27192  ,  pro_loss: 0.12806  ,  IoU: 0.81278
[train: Epoch 37, 450 / 625] FPS: 60.5 (502.1)  ,  DataTime: 0.469 (0.005)  ,  ForwardTime: 0.055  ,  TotalTime: 0.528  ,  Loss/total: 0.78734  ,  Loss/giou: 0.20296  ,  Loss/l1: 0.01747  ,  Loss/location: 0.26845  ,  pro_loss: 0.12814  ,  IoU: 0.81441
[train: Epoch 37, 500 / 625] FPS: 60.6 (23.0)  ,  DataTime: 0.468 (0.005)  ,  ForwardTime: 0.055  ,  TotalTime: 0.528  ,  Loss/total: 0.78690  ,  Loss/giou: 0.20298  ,  Loss/l1: 0.01745  ,  Loss/location: 0.26803  ,  pro_loss: 0.12837  ,  IoU: 0.81449
[train: Epoch 37, 550 / 625] FPS: 60.9 (506.0)  ,  DataTime: 0.466 (0.005)  ,  ForwardTime: 0.055  ,  TotalTime: 0.525  ,  Loss/total: 0.78993  ,  Loss/giou: 0.20381  ,  Loss/l1: 0.01753  ,  Loss/location: 0.26903  ,  pro_loss: 0.12806  ,  IoU: 0.81384
[train: Epoch 37, 600 / 625] FPS: 61.2 (499.1)  ,  DataTime: 0.463 (0.005)  ,  ForwardTime: 0.055  ,  TotalTime: 0.523  ,  Loss/total: 0.78927  ,  Loss/giou: 0.20374  ,  Loss/l1: 0.01750  ,  Loss/location: 0.26872  ,  pro_loss: 0.12796  ,  IoU: 0.81390
[train: Epoch 37, 625 / 625] FPS: 61.2 (133.0)  ,  DataTime: 0.463 (0.005)  ,  ForwardTime: 0.055  ,  TotalTime: 0.523  ,  Loss/total: 0.78826  ,  Loss/giou: 0.20366  ,  Loss/l1: 0.01741  ,  Loss/location: 0.26828  ,  pro_loss: 0.12813  ,  IoU: 0.81392
[train: Epoch 38, 50 / 625] FPS: 59.2 (39.4)  ,  DataTime: 0.481 (0.005)  ,  ForwardTime: 0.056  ,  TotalTime: 0.541  ,  Loss/total: 0.79889  ,  Loss/giou: 0.20698  ,  Loss/l1: 0.01771  ,  Loss/location: 0.27094  ,  pro_loss: 0.12729  ,  IoU: 0.81092
[train: Epoch 38, 100 / 625] FPS: 61.5 (502.6)  ,  DataTime: 0.460 (0.004)  ,  ForwardTime: 0.056  ,  TotalTime: 0.520  ,  Loss/total: 0.80534  ,  Loss/giou: 0.20915  ,  Loss/l1: 0.01805  ,  Loss/location: 0.27107  ,  pro_loss: 0.12875  ,  IoU: 0.80910
[train: Epoch 38, 150 / 625] FPS: 61.3 (20.4)  ,  DataTime: 0.462 (0.004)  ,  ForwardTime: 0.055  ,  TotalTime: 0.522  ,  Loss/total: 0.81268  ,  Loss/giou: 0.21096  ,  Loss/l1: 0.01838  ,  Loss/location: 0.27288  ,  pro_loss: 0.12993  ,  IoU: 0.80796
[train: Epoch 38, 200 / 625] FPS: 60.9 (495.7)  ,  DataTime: 0.466 (0.005)  ,  ForwardTime: 0.055  ,  TotalTime: 0.526  ,  Loss/total: 0.80587  ,  Loss/giou: 0.20893  ,  Loss/l1: 0.01836  ,  Loss/location: 0.27017  ,  pro_loss: 0.13031  ,  IoU: 0.80950
[train: Epoch 38, 250 / 625] FPS: 61.4 (78.6)  ,  DataTime: 0.462 (0.005)  ,  ForwardTime: 0.055  ,  TotalTime: 0.522  ,  Loss/total: 0.81094  ,  Loss/giou: 0.21022  ,  Loss/l1: 0.01866  ,  Loss/location: 0.27126  ,  pro_loss: 0.12975  ,  IoU: 0.80872
[train: Epoch 38, 300 / 625] FPS: 61.7 (486.2)  ,  DataTime: 0.459 (0.005)  ,  ForwardTime: 0.055  ,  TotalTime: 0.519  ,  Loss/total: 0.80725  ,  Loss/giou: 0.20871  ,  Loss/l1: 0.01840  ,  Loss/location: 0.27202  ,  pro_loss: 0.12903  ,  IoU: 0.81002
[train: Epoch 38, 350 / 625] FPS: 61.1 (186.9)  ,  DataTime: 0.463 (0.005)  ,  ForwardTime: 0.055  ,  TotalTime: 0.523  ,  Loss/total: 0.80440  ,  Loss/giou: 0.20780  ,  Loss/l1: 0.01815  ,  Loss/location: 0.27219  ,  pro_loss: 0.12938  ,  IoU: 0.81064
[train: Epoch 38, 400 / 625] FPS: 61.3 (496.6)  ,  DataTime: 0.462 (0.005)  ,  ForwardTime: 0.055  ,  TotalTime: 0.522  ,  Loss/total: 0.80396  ,  Loss/giou: 0.20728  ,  Loss/l1: 0.01810  ,  Loss/location: 0.27309  ,  pro_loss: 0.12909  ,  IoU: 0.81096
[train: Epoch 38, 450 / 625] FPS: 59.1 (7.4)  ,  DataTime: 0.482 (0.005)  ,  ForwardTime: 0.055  ,  TotalTime: 0.542  ,  Loss/total: 0.80609  ,  Loss/giou: 0.20757  ,  Loss/l1: 0.01818  ,  Loss/location: 0.27428  ,  pro_loss: 0.12887  ,  IoU: 0.81095
[train: Epoch 38, 500 / 625] FPS: 58.2 (505.1)  ,  DataTime: 0.490 (0.005)  ,  ForwardTime: 0.055  ,  TotalTime: 0.550  ,  Loss/total: 0.80543  ,  Loss/giou: 0.20779  ,  Loss/l1: 0.01820  ,  Loss/location: 0.27321  ,  pro_loss: 0.12829  ,  IoU: 0.81085
[train: Epoch 38, 550 / 625] FPS: 49.3 (502.3)  ,  DataTime: 0.588 (0.005)  ,  ForwardTime: 0.055  ,  TotalTime: 0.648  ,  Loss/total: 0.80395  ,  Loss/giou: 0.20744  ,  Loss/l1: 0.01818  ,  Loss/location: 0.27251  ,  pro_loss: 0.12828  ,  IoU: 0.81122
[train: Epoch 38, 600 / 625] FPS: 45.4 (72.0)  ,  DataTime: 0.645 (0.005)  ,  ForwardTime: 0.056  ,  TotalTime: 0.705  ,  Loss/total: 0.80442  ,  Loss/giou: 0.20745  ,  Loss/l1: 0.01821  ,  Loss/location: 0.27288  ,  pro_loss: 0.12802  ,  IoU: 0.81116
[train: Epoch 38, 625 / 625] FPS: 43.9 (527.9)  ,  DataTime: 0.669 (0.005)  ,  ForwardTime: 0.056  ,  TotalTime: 0.729  ,  Loss/total: 0.80508  ,  Loss/giou: 0.20746  ,  Loss/l1: 0.01826  ,  Loss/location: 0.27329  ,  pro_loss: 0.12792  ,  IoU: 0.81115
[train: Epoch 39, 50 / 625] FPS: 22.4 (502.7)  ,  DataTime: 1.368 (0.005)  ,  ForwardTime: 0.056  ,  TotalTime: 1.428  ,  Loss/total: 0.84213  ,  Loss/giou: 0.21533  ,  Loss/l1: 0.01947  ,  Loss/location: 0.28888  ,  pro_loss: 0.12625  ,  IoU: 0.80657
[train: Epoch 39, 100 / 625] FPS: 22.9 (507.4)  ,  DataTime: 1.339 (0.005)  ,  ForwardTime: 0.056  ,  TotalTime: 1.400  ,  Loss/total: 0.81418  ,  Loss/giou: 0.21060  ,  Loss/l1: 0.01860  ,  Loss/location: 0.27442  ,  pro_loss: 0.12771  ,  IoU: 0.81026
[train: Epoch 39, 150 / 625] FPS: 22.8 (495.1)  ,  DataTime: 1.345 (0.004)  ,  ForwardTime: 0.056  ,  TotalTime: 1.406  ,  Loss/total: 0.80992  ,  Loss/giou: 0.21108  ,  Loss/l1: 0.01859  ,  Loss/location: 0.26916  ,  pro_loss: 0.12813  ,  IoU: 0.80965
[train: Epoch 39, 200 / 625] FPS: 22.4 (513.5)  ,  DataTime: 1.370 (0.004)  ,  ForwardTime: 0.056  ,  TotalTime: 1.430  ,  Loss/total: 0.80609  ,  Loss/giou: 0.20955  ,  Loss/l1: 0.01841  ,  Loss/location: 0.26914  ,  pro_loss: 0.12885  ,  IoU: 0.81005
[train: Epoch 39, 250 / 625] FPS: 22.5 (100.0)  ,  DataTime: 1.360 (0.004)  ,  ForwardTime: 0.056  ,  TotalTime: 1.420  ,  Loss/total: 0.80170  ,  Loss/giou: 0.20754  ,  Loss/l1: 0.01805  ,  Loss/location: 0.27094  ,  pro_loss: 0.12713  ,  IoU: 0.81085
[train: Epoch 39, 300 / 625] FPS: 21.9 (504.5)  ,  DataTime: 1.400 (0.004)  ,  ForwardTime: 0.056  ,  TotalTime: 1.460  ,  Loss/total: 0.80108  ,  Loss/giou: 0.20748  ,  Loss/l1: 0.01805  ,  Loss/location: 0.27055  ,  pro_loss: 0.12660  ,  IoU: 0.81103
[train: Epoch 39, 350 / 625] FPS: 21.7 (524.5)  ,  DataTime: 1.414 (0.004)  ,  ForwardTime: 0.056  ,  TotalTime: 1.475  ,  Loss/total: 0.80156  ,  Loss/giou: 0.20794  ,  Loss/l1: 0.01816  ,  Loss/location: 0.26954  ,  pro_loss: 0.12682  ,  IoU: 0.81081
[train: Epoch 39, 400 / 625] FPS: 21.6 (500.2)  ,  DataTime: 1.419 (0.004)  ,  ForwardTime: 0.056  ,  TotalTime: 1.479  ,  Loss/total: 0.79598  ,  Loss/giou: 0.20690  ,  Loss/l1: 0.01795  ,  Loss/location: 0.26686  ,  pro_loss: 0.12774  ,  IoU: 0.81140
[train: Epoch 39, 450 / 625] FPS: 21.6 (504.9)  ,  DataTime: 1.423 (0.004)  ,  ForwardTime: 0.056  ,  TotalTime: 1.483  ,  Loss/total: 0.79763  ,  Loss/giou: 0.20722  ,  Loss/l1: 0.01798  ,  Loss/location: 0.26781  ,  pro_loss: 0.12734  ,  IoU: 0.81137
[train: Epoch 39, 500 / 625] FPS: 21.7 (124.8)  ,  DataTime: 1.416 (0.004)  ,  ForwardTime: 0.056  ,  TotalTime: 1.476  ,  Loss/total: 0.80072  ,  Loss/giou: 0.20786  ,  Loss/l1: 0.01806  ,  Loss/location: 0.26921  ,  pro_loss: 0.12746  ,  IoU: 0.81084
[train: Epoch 39, 550 / 625] FPS: 21.5 (5.6)  ,  DataTime: 1.429 (0.004)  ,  ForwardTime: 0.056  ,  TotalTime: 1.490  ,  Loss/total: 0.79855  ,  Loss/giou: 0.20727  ,  Loss/l1: 0.01804  ,  Loss/location: 0.26825  ,  pro_loss: 0.12771  ,  IoU: 0.81133
[train: Epoch 39, 600 / 625] FPS: 21.4 (508.9)  ,  DataTime: 1.438 (0.004)  ,  ForwardTime: 0.056  ,  TotalTime: 1.498  ,  Loss/total: 0.79892  ,  Loss/giou: 0.20728  ,  Loss/l1: 0.01801  ,  Loss/location: 0.26884  ,  pro_loss: 0.12747  ,  IoU: 0.81122
[train: Epoch 39, 625 / 625] FPS: 21.4 (507.8)  ,  DataTime: 1.434 (0.004)  ,  ForwardTime: 0.056  ,  TotalTime: 1.495  ,  Loss/total: 0.79926  ,  Loss/giou: 0.20736  ,  Loss/l1: 0.01802  ,  Loss/location: 0.26898  ,  pro_loss: 0.12733  ,  IoU: 0.81118
[train: Epoch 40, 50 / 625] FPS: 20.7 (507.3)  ,  DataTime: 1.484 (0.004)  ,  ForwardTime: 0.056  ,  TotalTime: 1.544  ,  Loss/total: 0.82963  ,  Loss/giou: 0.21303  ,  Loss/l1: 0.01873  ,  Loss/location: 0.28375  ,  pro_loss: 0.13083  ,  IoU: 0.80448
[train: Epoch 40, 100 / 625] FPS: 21.1 (501.4)  ,  DataTime: 1.455 (0.005)  ,  ForwardTime: 0.056  ,  TotalTime: 1.516  ,  Loss/total: 0.85508  ,  Loss/giou: 0.21879  ,  Loss/l1: 0.01983  ,  Loss/location: 0.29273  ,  pro_loss: 0.12813  ,  IoU: 0.80201
[train: Epoch 40, 150 / 625] FPS: 21.2 (513.3)  ,  DataTime: 1.451 (0.005)  ,  ForwardTime: 0.056  ,  TotalTime: 1.512  ,  Loss/total: 0.82295  ,  Loss/giou: 0.21203  ,  Loss/l1: 0.01866  ,  Loss/location: 0.27989  ,  pro_loss: 0.12847  ,  IoU: 0.80694
[train: Epoch 40, 200 / 625] FPS: 20.8 (449.2)  ,  DataTime: 1.481 (0.004)  ,  ForwardTime: 0.056  ,  TotalTime: 1.542  ,  Loss/total: 0.80892  ,  Loss/giou: 0.20934  ,  Loss/l1: 0.01827  ,  Loss/location: 0.27333  ,  pro_loss: 0.12792  ,  IoU: 0.80930
[train: Epoch 40, 250 / 625] FPS: 20.5 (32.1)  ,  DataTime: 1.498 (0.005)  ,  ForwardTime: 0.056  ,  TotalTime: 1.558  ,  Loss/total: 0.81839  ,  Loss/giou: 0.21151  ,  Loss/l1: 0.01873  ,  Loss/location: 0.27625  ,  pro_loss: 0.12750  ,  IoU: 0.80771
[train: Epoch 40, 300 / 625] FPS: 20.9 (492.0)  ,  DataTime: 1.473 (0.005)  ,  ForwardTime: 0.056  ,  TotalTime: 1.533  ,  Loss/total: 0.81495  ,  Loss/giou: 0.21064  ,  Loss/l1: 0.01871  ,  Loss/location: 0.27464  ,  pro_loss: 0.12750  ,  IoU: 0.80827
[train: Epoch 40, 350 / 625] FPS: 21.1 (503.8)  ,  DataTime: 1.454 (0.005)  ,  ForwardTime: 0.056  ,  TotalTime: 1.515  ,  Loss/total: 0.80922  ,  Loss/giou: 0.20889  ,  Loss/l1: 0.01837  ,  Loss/location: 0.27392  ,  pro_loss: 0.12842  ,  IoU: 0.80942
[train: Epoch 40, 400 / 625] FPS: 21.1 (520.0)  ,  DataTime: 1.453 (0.005)  ,  ForwardTime: 0.056  ,  TotalTime: 1.514  ,  Loss/total: 0.80792  ,  Loss/giou: 0.20844  ,  Loss/l1: 0.01824  ,  Loss/location: 0.27421  ,  pro_loss: 0.12813  ,  IoU: 0.80965
[train: Epoch 40, 450 / 625] FPS: 20.8 (15.7)  ,  DataTime: 1.476 (0.005)  ,  ForwardTime: 0.056  ,  TotalTime: 1.537  ,  Loss/total: 0.80824  ,  Loss/giou: 0.20842  ,  Loss/l1: 0.01812  ,  Loss/location: 0.27527  ,  pro_loss: 0.12780  ,  IoU: 0.80960
[train: Epoch 40, 500 / 625] FPS: 20.8 (507.1)  ,  DataTime: 1.480 (0.005)  ,  ForwardTime: 0.056  ,  TotalTime: 1.540  ,  Loss/total: 0.80253  ,  Loss/giou: 0.20709  ,  Loss/l1: 0.01793  ,  Loss/location: 0.27317  ,  pro_loss: 0.12771  ,  IoU: 0.81064
[train: Epoch 40, 550 / 625] FPS: 20.9 (508.6)  ,  DataTime: 1.472 (0.005)  ,  ForwardTime: 0.056  ,  TotalTime: 1.532  ,  Loss/total: 0.80207  ,  Loss/giou: 0.20699  ,  Loss/l1: 0.01788  ,  Loss/location: 0.27329  ,  pro_loss: 0.12712  ,  IoU: 0.81074
[train: Epoch 40, 600 / 625] FPS: 20.9 (5.6)  ,  DataTime: 1.472 (0.005)  ,  ForwardTime: 0.056  ,  TotalTime: 1.533  ,  Loss/total: 0.80411  ,  Loss/giou: 0.20753  ,  Loss/l1: 0.01788  ,  Loss/location: 0.27422  ,  pro_loss: 0.12727  ,  IoU: 0.81040
[train: Epoch 40, 625 / 625] FPS: 20.8 (512.5)  ,  DataTime: 1.476 (0.004)  ,  ForwardTime: 0.056  ,  TotalTime: 1.537  ,  Loss/total: 0.80203  ,  Loss/giou: 0.20717  ,  Loss/l1: 0.01779  ,  Loss/location: 0.27330  ,  pro_loss: 0.12718  ,  IoU: 0.81064
[val: Epoch 40, 50 / 156] FPS: 18.1 (1043.8)  ,  DataTime: 1.742 (0.004)  ,  ForwardTime: 0.024  ,  TotalTime: 1.770  ,  Loss/total: 2.01276  ,  Loss/giou: 0.45147  ,  Loss/l1: 0.06992  ,  Loss/location: 0.75991  ,  pro_loss: 0.00167  ,  IoU: 0.60529
[val: Epoch 40, 100 / 156] FPS: 18.3 (1001.9)  ,  DataTime: 1.718 (0.005)  ,  ForwardTime: 0.024  ,  TotalTime: 1.746  ,  Loss/total: 1.97166  ,  Loss/giou: 0.43998  ,  Loss/l1: 0.06826  ,  Loss/location: 0.74986  ,  pro_loss: 0.00281  ,  IoU: 0.61431
[val: Epoch 40, 150 / 156] FPS: 18.7 (1037.2)  ,  DataTime: 1.681 (0.005)  ,  ForwardTime: 0.024  ,  TotalTime: 1.709  ,  Loss/total: 1.95404  ,  Loss/giou: 0.43671  ,  Loss/l1: 0.06750  ,  Loss/location: 0.74262  ,  pro_loss: 0.00250  ,  IoU: 0.61703
[val: Epoch 40, 156 / 156] FPS: 18.6 (9.7)  ,  DataTime: 1.694 (0.005)  ,  ForwardTime: 0.024  ,  TotalTime: 1.722  ,  Loss/total: 1.95468  ,  Loss/giou: 0.43667  ,  Loss/l1: 0.06755  ,  Loss/location: 0.74311  ,  pro_loss: 0.00254  ,  IoU: 0.61688
[train: Epoch 41, 50 / 625] FPS: 19.8 (505.7)  ,  DataTime: 1.558 (0.005)  ,  ForwardTime: 0.056  ,  TotalTime: 1.619  ,  Loss/total: 0.79856  ,  Loss/giou: 0.20628  ,  Loss/l1: 0.01762  ,  Loss/location: 0.27247  ,  pro_loss: 0.12708  ,  IoU: 0.81069
[train: Epoch 41, 100 / 625] FPS: 19.9 (4.1)  ,  DataTime: 1.550 (0.005)  ,  ForwardTime: 0.056  ,  TotalTime: 1.610  ,  Loss/total: 0.80047  ,  Loss/giou: 0.20585  ,  Loss/l1: 0.01734  ,  Loss/location: 0.27673  ,  pro_loss: 0.12667  ,  IoU: 0.81102
[train: Epoch 41, 150 / 625] FPS: 19.9 (512.8)  ,  DataTime: 1.548 (0.005)  ,  ForwardTime: 0.056  ,  TotalTime: 1.608  ,  Loss/total: 0.80127  ,  Loss/giou: 0.20802  ,  Loss/l1: 0.01764  ,  Loss/location: 0.27158  ,  pro_loss: 0.12722  ,  IoU: 0.80923
[train: Epoch 41, 200 / 625] FPS: 20.2 (7.6)  ,  DataTime: 1.525 (0.005)  ,  ForwardTime: 0.056  ,  TotalTime: 1.585  ,  Loss/total: 0.79224  ,  Loss/giou: 0.20682  ,  Loss/l1: 0.01731  ,  Loss/location: 0.26653  ,  pro_loss: 0.12755  ,  IoU: 0.81045
[train: Epoch 41, 250 / 625] FPS: 20.3 (8.1)  ,  DataTime: 1.515 (0.005)  ,  ForwardTime: 0.056  ,  TotalTime: 1.576  ,  Loss/total: 0.79538  ,  Loss/giou: 0.20729  ,  Loss/l1: 0.01739  ,  Loss/location: 0.26846  ,  pro_loss: 0.12700  ,  IoU: 0.80995
[train: Epoch 41, 300 / 625] FPS: 20.4 (8.3)  ,  DataTime: 1.506 (0.005)  ,  ForwardTime: 0.056  ,  TotalTime: 1.566  ,  Loss/total: 0.79487  ,  Loss/giou: 0.20704  ,  Loss/l1: 0.01744  ,  Loss/location: 0.26820  ,  pro_loss: 0.12701  ,  IoU: 0.81035
[train: Epoch 41, 350 / 625] FPS: 20.4 (501.7)  ,  DataTime: 1.506 (0.005)  ,  ForwardTime: 0.056  ,  TotalTime: 1.567  ,  Loss/total: 0.80031  ,  Loss/giou: 0.20802  ,  Loss/l1: 0.01762  ,  Loss/location: 0.27072  ,  pro_loss: 0.12708  ,  IoU: 0.80981
[train: Epoch 41, 400 / 625] FPS: 20.6 (5.5)  ,  DataTime: 1.494 (0.004)  ,  ForwardTime: 0.056  ,  TotalTime: 1.555  ,  Loss/total: 0.79778  ,  Loss/giou: 0.20760  ,  Loss/l1: 0.01761  ,  Loss/location: 0.26943  ,  pro_loss: 0.12555  ,  IoU: 0.81013
[train: Epoch 41, 450 / 625] FPS: 20.7 (503.8)  ,  DataTime: 1.484 (0.004)  ,  ForwardTime: 0.056  ,  TotalTime: 1.544  ,  Loss/total: 0.79791  ,  Loss/giou: 0.20743  ,  Loss/l1: 0.01757  ,  Loss/location: 0.27010  ,  pro_loss: 0.12556  ,  IoU: 0.81029
[train: Epoch 41, 500 / 625] FPS: 20.5 (507.0)  ,  DataTime: 1.499 (0.004)  ,  ForwardTime: 0.056  ,  TotalTime: 1.560  ,  Loss/total: 0.79533  ,  Loss/giou: 0.20656  ,  Loss/l1: 0.01749  ,  Loss/location: 0.26970  ,  pro_loss: 0.12533  ,  IoU: 0.81097
[train: Epoch 41, 550 / 625] FPS: 20.2 (516.9)  ,  DataTime: 1.521 (0.004)  ,  ForwardTime: 0.056  ,  TotalTime: 1.582  ,  Loss/total: 0.79480  ,  Loss/giou: 0.20664  ,  Loss/l1: 0.01749  ,  Loss/location: 0.26914  ,  pro_loss: 0.12453  ,  IoU: 0.81090
[train: Epoch 41, 600 / 625] FPS: 20.2 (510.5)  ,  DataTime: 1.522 (0.004)  ,  ForwardTime: 0.056  ,  TotalTime: 1.582  ,  Loss/total: 0.79166  ,  Loss/giou: 0.20590  ,  Loss/l1: 0.01736  ,  Loss/location: 0.26821  ,  pro_loss: 0.12415  ,  IoU: 0.81153
[train: Epoch 41, 625 / 625] FPS: 20.2 (508.3)  ,  DataTime: 1.521 (0.004)  ,  ForwardTime: 0.056  ,  TotalTime: 1.581  ,  Loss/total: 0.79334  ,  Loss/giou: 0.20601  ,  Loss/l1: 0.01741  ,  Loss/location: 0.26948  ,  pro_loss: 0.12382  ,  IoU: 0.81156
[train: Epoch 42, 50 / 625] FPS: 19.5 (6.0)  ,  DataTime: 1.581 (0.005)  ,  ForwardTime: 0.056  ,  TotalTime: 1.641  ,  Loss/total: 0.76140  ,  Loss/giou: 0.19905  ,  Loss/l1: 0.01656  ,  Loss/location: 0.25580  ,  pro_loss: 0.12354  ,  IoU: 0.81687
[train: Epoch 42, 100 / 625] FPS: 20.5 (509.6)  ,  DataTime: 1.498 (0.004)  ,  ForwardTime: 0.056  ,  TotalTime: 1.559  ,  Loss/total: 0.77137  ,  Loss/giou: 0.19962  ,  Loss/l1: 0.01681  ,  Loss/location: 0.26272  ,  pro_loss: 0.12667  ,  IoU: 0.81613
[train: Epoch 42, 150 / 625] FPS: 21.4 (507.5)  ,  DataTime: 1.436 (0.004)  ,  ForwardTime: 0.056  ,  TotalTime: 1.496  ,  Loss/total: 0.76713  ,  Loss/giou: 0.19937  ,  Loss/l1: 0.01678  ,  Loss/location: 0.25928  ,  pro_loss: 0.12590  ,  IoU: 0.81638
[train: Epoch 42, 200 / 625] FPS: 21.2 (17.6)  ,  DataTime: 1.452 (0.004)  ,  ForwardTime: 0.056  ,  TotalTime: 1.513  ,  Loss/total: 0.77042  ,  Loss/giou: 0.19919  ,  Loss/l1: 0.01669  ,  Loss/location: 0.26344  ,  pro_loss: 0.12578  ,  IoU: 0.81658
[train: Epoch 42, 250 / 625] FPS: 20.9 (7.5)  ,  DataTime: 1.472 (0.004)  ,  ForwardTime: 0.056  ,  TotalTime: 1.532  ,  Loss/total: 0.77702  ,  Loss/giou: 0.20019  ,  Loss/l1: 0.01679  ,  Loss/location: 0.26754  ,  pro_loss: 0.12567  ,  IoU: 0.81589
[train: Epoch 42, 300 / 625] FPS: 21.2 (7.8)  ,  DataTime: 1.452 (0.004)  ,  ForwardTime: 0.056  ,  TotalTime: 1.513  ,  Loss/total: 0.78290  ,  Loss/giou: 0.20158  ,  Loss/l1: 0.01715  ,  Loss/location: 0.26903  ,  pro_loss: 0.12483  ,  IoU: 0.81500
[train: Epoch 42, 350 / 625] FPS: 21.4 (493.5)  ,  DataTime: 1.437 (0.004)  ,  ForwardTime: 0.056  ,  TotalTime: 1.498  ,  Loss/total: 0.77953  ,  Loss/giou: 0.20130  ,  Loss/l1: 0.01714  ,  Loss/location: 0.26621  ,  pro_loss: 0.12509  ,  IoU: 0.81553
[train: Epoch 42, 400 / 625] FPS: 21.4 (492.6)  ,  DataTime: 1.434 (0.004)  ,  ForwardTime: 0.056  ,  TotalTime: 1.495  ,  Loss/total: 0.78174  ,  Loss/giou: 0.20187  ,  Loss/l1: 0.01726  ,  Loss/location: 0.26681  ,  pro_loss: 0.12453  ,  IoU: 0.81514
[train: Epoch 42, 450 / 625] FPS: 21.4 (517.9)  ,  DataTime: 1.432 (0.004)  ,  ForwardTime: 0.056  ,  TotalTime: 1.493  ,  Loss/total: 0.78653  ,  Loss/giou: 0.20300  ,  Loss/l1: 0.01745  ,  Loss/location: 0.26820  ,  pro_loss: 0.12544  ,  IoU: 0.81434
[train: Epoch 42, 500 / 625] FPS: 21.4 (511.7)  ,  DataTime: 1.435 (0.004)  ,  ForwardTime: 0.056  ,  TotalTime: 1.495  ,  Loss/total: 0.79127  ,  Loss/giou: 0.20440  ,  Loss/l1: 0.01754  ,  Loss/location: 0.26962  ,  pro_loss: 0.12569  ,  IoU: 0.81338
[train: Epoch 42, 550 / 625] FPS: 21.2 (5.7)  ,  DataTime: 1.448 (0.004)  ,  ForwardTime: 0.056  ,  TotalTime: 1.509  ,  Loss/total: 0.78975  ,  Loss/giou: 0.20437  ,  Loss/l1: 0.01755  ,  Loss/location: 0.26810  ,  pro_loss: 0.12578  ,  IoU: 0.81357
[train: Epoch 42, 600 / 625] FPS: 21.0 (515.5)  ,  DataTime: 1.461 (0.004)  ,  ForwardTime: 0.056  ,  TotalTime: 1.522  ,  Loss/total: 0.78317  ,  Loss/giou: 0.20296  ,  Loss/l1: 0.01722  ,  Loss/location: 0.26602  ,  pro_loss: 0.12573  ,  IoU: 0.81443
[train: Epoch 42, 625 / 625] FPS: 21.0 (511.8)  ,  DataTime: 1.464 (0.004)  ,  ForwardTime: 0.056  ,  TotalTime: 1.525  ,  Loss/total: 0.78277  ,  Loss/giou: 0.20276  ,  Loss/l1: 0.01717  ,  Loss/location: 0.26625  ,  pro_loss: 0.12568  ,  IoU: 0.81452
[train: Epoch 43, 50 / 625] FPS: 19.4 (9.5)  ,  DataTime: 1.587 (0.005)  ,  ForwardTime: 0.056  ,  TotalTime: 1.648  ,  Loss/total: 0.80707  ,  Loss/giou: 0.20833  ,  Loss/l1: 0.01882  ,  Loss/location: 0.27184  ,  pro_loss: 0.12250  ,  IoU: 0.81081
[train: Epoch 43, 100 / 625] FPS: 20.6 (499.6)  ,  DataTime: 1.493 (0.005)  ,  ForwardTime: 0.056  ,  TotalTime: 1.553  ,  Loss/total: 0.81431  ,  Loss/giou: 0.21012  ,  Loss/l1: 0.01885  ,  Loss/location: 0.27467  ,  pro_loss: 0.12573  ,  IoU: 0.80865
[train: Epoch 43, 150 / 625] FPS: 20.7 (505.3)  ,  DataTime: 1.487 (0.005)  ,  ForwardTime: 0.056  ,  TotalTime: 1.547  ,  Loss/total: 0.79465  ,  Loss/giou: 0.20536  ,  Loss/l1: 0.01787  ,  Loss/location: 0.26939  ,  pro_loss: 0.12604  ,  IoU: 0.81257
[train: Epoch 43, 200 / 625] FPS: 20.7 (14.8)  ,  DataTime: 1.485 (0.005)  ,  ForwardTime: 0.056  ,  TotalTime: 1.545  ,  Loss/total: 0.80314  ,  Loss/giou: 0.20714  ,  Loss/l1: 0.01827  ,  Loss/location: 0.27236  ,  pro_loss: 0.12573  ,  IoU: 0.81115
[train: Epoch 43, 250 / 625] FPS: 20.6 (499.0)  ,  DataTime: 1.490 (0.005)  ,  ForwardTime: 0.056  ,  TotalTime: 1.551  ,  Loss/total: 0.80014  ,  Loss/giou: 0.20594  ,  Loss/l1: 0.01822  ,  Loss/location: 0.27218  ,  pro_loss: 0.12496  ,  IoU: 0.81191
[train: Epoch 43, 300 / 625] FPS: 20.7 (508.6)  ,  DataTime: 1.485 (0.005)  ,  ForwardTime: 0.056  ,  TotalTime: 1.546  ,  Loss/total: 0.79925  ,  Loss/giou: 0.20519  ,  Loss/l1: 0.01810  ,  Loss/location: 0.27332  ,  pro_loss: 0.12535  ,  IoU: 0.81214
[train: Epoch 43, 350 / 625] FPS: 20.7 (6.1)  ,  DataTime: 1.485 (0.005)  ,  ForwardTime: 0.056  ,  TotalTime: 1.546  ,  Loss/total: 0.79958  ,  Loss/giou: 0.20541  ,  Loss/l1: 0.01823  ,  Loss/location: 0.27248  ,  pro_loss: 0.12568  ,  IoU: 0.81198
[train: Epoch 43, 400 / 625] FPS: 21.0 (498.5)  ,  DataTime: 1.461 (0.005)  ,  ForwardTime: 0.056  ,  TotalTime: 1.521  ,  Loss/total: 0.79558  ,  Loss/giou: 0.20484  ,  Loss/l1: 0.01802  ,  Loss/location: 0.27082  ,  pro_loss: 0.12505  ,  IoU: 0.81264
[train: Epoch 43, 450 / 625] FPS: 21.1 (519.7)  ,  DataTime: 1.460 (0.005)  ,  ForwardTime: 0.056  ,  TotalTime: 1.520  ,  Loss/total: 0.79492  ,  Loss/giou: 0.20521  ,  Loss/l1: 0.01802  ,  Loss/location: 0.26933  ,  pro_loss: 0.12537  ,  IoU: 0.81255
[train: Epoch 43, 500 / 625] FPS: 20.8 (503.4)  ,  DataTime: 1.475 (0.005)  ,  ForwardTime: 0.056  ,  TotalTime: 1.535  ,  Loss/total: 0.79205  ,  Loss/giou: 0.20496  ,  Loss/l1: 0.01789  ,  Loss/location: 0.26770  ,  pro_loss: 0.12490  ,  IoU: 0.81281
[train: Epoch 43, 550 / 625] FPS: 21.0 (503.9)  ,  DataTime: 1.464 (0.005)  ,  ForwardTime: 0.056  ,  TotalTime: 1.525  ,  Loss/total: 0.79002  ,  Loss/giou: 0.20475  ,  Loss/l1: 0.01777  ,  Loss/location: 0.26672  ,  pro_loss: 0.12475  ,  IoU: 0.81286
[train: Epoch 43, 600 / 625] FPS: 20.9 (507.6)  ,  DataTime: 1.471 (0.005)  ,  ForwardTime: 0.056  ,  TotalTime: 1.531  ,  Loss/total: 0.79097  ,  Loss/giou: 0.20517  ,  Loss/l1: 0.01773  ,  Loss/location: 0.26698  ,  pro_loss: 0.12502  ,  IoU: 0.81262
[train: Epoch 43, 625 / 625] FPS: 21.0 (511.4)  ,  DataTime: 1.464 (0.005)  ,  ForwardTime: 0.056  ,  TotalTime: 1.525  ,  Loss/total: 0.79264  ,  Loss/giou: 0.20556  ,  Loss/l1: 0.01778  ,  Loss/location: 0.26757  ,  pro_loss: 0.12510  ,  IoU: 0.81229
[train: Epoch 44, 50 / 625] FPS: 18.6 (507.5)  ,  DataTime: 1.659 (0.005)  ,  ForwardTime: 0.056  ,  TotalTime: 1.719  ,  Loss/total: 0.77959  ,  Loss/giou: 0.20070  ,  Loss/l1: 0.01686  ,  Loss/location: 0.26805  ,  pro_loss: 0.12917  ,  IoU: 0.81612
[train: Epoch 44, 100 / 625] FPS: 20.2 (490.8)  ,  DataTime: 1.522 (0.005)  ,  ForwardTime: 0.056  ,  TotalTime: 1.583  ,  Loss/total: 0.77121  ,  Loss/giou: 0.19912  ,  Loss/l1: 0.01645  ,  Loss/location: 0.26557  ,  pro_loss: 0.12573  ,  IoU: 0.81624
[train: Epoch 44, 150 / 625] FPS: 19.7 (6.0)  ,  DataTime: 1.565 (0.005)  ,  ForwardTime: 0.056  ,  TotalTime: 1.625  ,  Loss/total: 0.78626  ,  Loss/giou: 0.20377  ,  Loss/l1: 0.01726  ,  Loss/location: 0.26733  ,  pro_loss: 0.12549  ,  IoU: 0.81371
[train: Epoch 44, 200 / 625] FPS: 19.5 (501.1)  ,  DataTime: 1.584 (0.005)  ,  ForwardTime: 0.056  ,  TotalTime: 1.645  ,  Loss/total: 0.77978  ,  Loss/giou: 0.20210  ,  Loss/l1: 0.01701  ,  Loss/location: 0.26513  ,  pro_loss: 0.12714  ,  IoU: 0.81481
[train: Epoch 44, 250 / 625] FPS: 19.5 (5.8)  ,  DataTime: 1.581 (0.005)  ,  ForwardTime: 0.056  ,  TotalTime: 1.641  ,  Loss/total: 0.77866  ,  Loss/giou: 0.20184  ,  Loss/l1: 0.01709  ,  Loss/location: 0.26422  ,  pro_loss: 0.12650  ,  IoU: 0.81511
[train: Epoch 44, 300 / 625] FPS: 19.5 (497.5)  ,  DataTime: 1.578 (0.004)  ,  ForwardTime: 0.056  ,  TotalTime: 1.638  ,  Loss/total: 0.77893  ,  Loss/giou: 0.20206  ,  Loss/l1: 0.01705  ,  Loss/location: 0.26405  ,  pro_loss: 0.12740  ,  IoU: 0.81486
[train: Epoch 44, 350 / 625] FPS: 19.4 (5.5)  ,  DataTime: 1.591 (0.004)  ,  ForwardTime: 0.056  ,  TotalTime: 1.652  ,  Loss/total: 0.78156  ,  Loss/giou: 0.20245  ,  Loss/l1: 0.01712  ,  Loss/location: 0.26557  ,  pro_loss: 0.12732  ,  IoU: 0.81470
[train: Epoch 44, 400 / 625] FPS: 19.6 (503.4)  ,  DataTime: 1.570 (0.004)  ,  ForwardTime: 0.056  ,  TotalTime: 1.630  ,  Loss/total: 0.77995  ,  Loss/giou: 0.20184  ,  Loss/l1: 0.01713  ,  Loss/location: 0.26526  ,  pro_loss: 0.12674  ,  IoU: 0.81538
[train: Epoch 44, 450 / 625] FPS: 19.7 (515.3)  ,  DataTime: 1.560 (0.004)  ,  ForwardTime: 0.056  ,  TotalTime: 1.621  ,  Loss/total: 0.78466  ,  Loss/giou: 0.20282  ,  Loss/l1: 0.01732  ,  Loss/location: 0.26710  ,  pro_loss: 0.12650  ,  IoU: 0.81463
[train: Epoch 44, 500 / 625] FPS: 19.6 (4.4)  ,  DataTime: 1.576 (0.004)  ,  ForwardTime: 0.056  ,  TotalTime: 1.636  ,  Loss/total: 0.78535  ,  Loss/giou: 0.20313  ,  Loss/l1: 0.01736  ,  Loss/location: 0.26700  ,  pro_loss: 0.12658  ,  IoU: 0.81441
[train: Epoch 44, 550 / 625] FPS: 19.8 (57.8)  ,  DataTime: 1.553 (0.004)  ,  ForwardTime: 0.056  ,  TotalTime: 1.614  ,  Loss/total: 0.78317  ,  Loss/giou: 0.20262  ,  Loss/l1: 0.01727  ,  Loss/location: 0.26615  ,  pro_loss: 0.12703  ,  IoU: 0.81473
[train: Epoch 44, 600 / 625] FPS: 20.0 (22.4)  ,  DataTime: 1.536 (0.004)  ,  ForwardTime: 0.056  ,  TotalTime: 1.597  ,  Loss/total: 0.78464  ,  Loss/giou: 0.20258  ,  Loss/l1: 0.01723  ,  Loss/location: 0.26793  ,  pro_loss: 0.12686  ,  IoU: 0.81462
[train: Epoch 44, 625 / 625] FPS: 20.1 (508.0)  ,  DataTime: 1.531 (0.004)  ,  ForwardTime: 0.056  ,  TotalTime: 1.591  ,  Loss/total: 0.78715  ,  Loss/giou: 0.20291  ,  Loss/l1: 0.01733  ,  Loss/location: 0.26925  ,  pro_loss: 0.12718  ,  IoU: 0.81440
[train: Epoch 45, 50 / 625] FPS: 21.1 (41.1)  ,  DataTime: 1.454 (0.005)  ,  ForwardTime: 0.056  ,  TotalTime: 1.515  ,  Loss/total: 0.81705  ,  Loss/giou: 0.21280  ,  Loss/l1: 0.01879  ,  Loss/location: 0.27197  ,  pro_loss: 0.12771  ,  IoU: 0.80757
[train: Epoch 45, 100 / 625] FPS: 21.5 (511.6)  ,  DataTime: 1.425 (0.005)  ,  ForwardTime: 0.056  ,  TotalTime: 1.485  ,  Loss/total: 0.82019  ,  Loss/giou: 0.21192  ,  Loss/l1: 0.01881  ,  Loss/location: 0.27720  ,  pro_loss: 0.12552  ,  IoU: 0.80833
[train: Epoch 45, 150 / 625] FPS: 21.3 (22.1)  ,  DataTime: 1.442 (0.005)  ,  ForwardTime: 0.056  ,  TotalTime: 1.503  ,  Loss/total: 0.79820  ,  Loss/giou: 0.20573  ,  Loss/l1: 0.01782  ,  Loss/location: 0.27222  ,  pro_loss: 0.12708  ,  IoU: 0.81265
[train: Epoch 45, 200 / 625] FPS: 20.9 (4.6)  ,  DataTime: 1.471 (0.005)  ,  ForwardTime: 0.056  ,  TotalTime: 1.532  ,  Loss/total: 0.78855  ,  Loss/giou: 0.20329  ,  Loss/l1: 0.01734  ,  Loss/location: 0.26985  ,  pro_loss: 0.12724  ,  IoU: 0.81415
[train: Epoch 45, 250 / 625] FPS: 21.1 (503.0)  ,  DataTime: 1.459 (0.005)  ,  ForwardTime: 0.056  ,  TotalTime: 1.519  ,  Loss/total: 0.78597  ,  Loss/giou: 0.20256  ,  Loss/l1: 0.01737  ,  Loss/location: 0.26880  ,  pro_loss: 0.12592  ,  IoU: 0.81494
[train: Epoch 45, 300 / 625] FPS: 21.5 (66.3)  ,  DataTime: 1.429 (0.005)  ,  ForwardTime: 0.056  ,  TotalTime: 1.489  ,  Loss/total: 0.79909  ,  Loss/giou: 0.20521  ,  Loss/l1: 0.01806  ,  Loss/location: 0.27310  ,  pro_loss: 0.12635  ,  IoU: 0.81313
[train: Epoch 45, 350 / 625] FPS: 21.5 (519.8)  ,  DataTime: 1.430 (0.005)  ,  ForwardTime: 0.056  ,  TotalTime: 1.490  ,  Loss/total: 0.80168  ,  Loss/giou: 0.20568  ,  Loss/l1: 0.01818  ,  Loss/location: 0.27422  ,  pro_loss: 0.12607  ,  IoU: 0.81288
[train: Epoch 45, 400 / 625] FPS: 21.4 (502.2)  ,  DataTime: 1.432 (0.004)  ,  ForwardTime: 0.056  ,  TotalTime: 1.492  ,  Loss/total: 0.80156  ,  Loss/giou: 0.20569  ,  Loss/l1: 0.01803  ,  Loss/location: 0.27477  ,  pro_loss: 0.12620  ,  IoU: 0.81279
[train: Epoch 45, 450 / 625] FPS: 21.4 (520.0)  ,  DataTime: 1.436 (0.004)  ,  ForwardTime: 0.056  ,  TotalTime: 1.496  ,  Loss/total: 0.79983  ,  Loss/giou: 0.20552  ,  Loss/l1: 0.01796  ,  Loss/location: 0.27363  ,  pro_loss: 0.12681  ,  IoU: 0.81294
[train: Epoch 45, 500 / 625] FPS: 21.5 (68.5)  ,  DataTime: 1.427 (0.004)  ,  ForwardTime: 0.056  ,  TotalTime: 1.487  ,  Loss/total: 0.79827  ,  Loss/giou: 0.20532  ,  Loss/l1: 0.01798  ,  Loss/location: 0.27246  ,  pro_loss: 0.12642  ,  IoU: 0.81309
[train: Epoch 45, 550 / 625] FPS: 21.4 (511.6)  ,  DataTime: 1.433 (0.004)  ,  ForwardTime: 0.056  ,  TotalTime: 1.493  ,  Loss/total: 0.79940  ,  Loss/giou: 0.20598  ,  Loss/l1: 0.01806  ,  Loss/location: 0.27188  ,  pro_loss: 0.12625  ,  IoU: 0.81266
[train: Epoch 45, 600 / 625] FPS: 21.2 (508.8)  ,  DataTime: 1.447 (0.004)  ,  ForwardTime: 0.056  ,  TotalTime: 1.507  ,  Loss/total: 0.79786  ,  Loss/giou: 0.20593  ,  Loss/l1: 0.01803  ,  Loss/location: 0.27046  ,  pro_loss: 0.12691  ,  IoU: 0.81273
[train: Epoch 45, 625 / 625] FPS: 21.3 (503.6)  ,  DataTime: 1.444 (0.004)  ,  ForwardTime: 0.056  ,  TotalTime: 1.505  ,  Loss/total: 0.79790  ,  Loss/giou: 0.20609  ,  Loss/l1: 0.01803  ,  Loss/location: 0.27022  ,  pro_loss: 0.12678  ,  IoU: 0.81262
[val: Epoch 45, 50 / 156] FPS: 16.2 (10.6)  ,  DataTime: 1.950 (0.004)  ,  ForwardTime: 0.024  ,  TotalTime: 1.978  ,  Loss/total: 2.00274  ,  Loss/giou: 0.44459  ,  Loss/l1: 0.06880  ,  Loss/location: 0.76899  ,  pro_loss: 0.00292  ,  IoU: 0.60853
[val: Epoch 45, 100 / 156] FPS: 17.6 (115.8)  ,  DataTime: 1.791 (0.005)  ,  ForwardTime: 0.024  ,  TotalTime: 1.819  ,  Loss/total: 1.99925  ,  Loss/giou: 0.44009  ,  Loss/l1: 0.06813  ,  Loss/location: 0.77778  ,  pro_loss: 0.00302  ,  IoU: 0.61184
[val: Epoch 45, 150 / 156] FPS: 18.1 (5.1)  ,  DataTime: 1.739 (0.005)  ,  ForwardTime: 0.024  ,  TotalTime: 1.768  ,  Loss/total: 1.95122  ,  Loss/giou: 0.43245  ,  Loss/l1: 0.06640  ,  Loss/location: 0.75372  ,  pro_loss: 0.00313  ,  IoU: 0.61913
[val: Epoch 45, 156 / 156] FPS: 18.4 (61.3)  ,  DataTime: 1.715 (0.005)  ,  ForwardTime: 0.024  ,  TotalTime: 1.743  ,  Loss/total: 1.94569  ,  Loss/giou: 0.43163  ,  Loss/l1: 0.06617  ,  Loss/location: 0.75093  ,  pro_loss: 0.00321  ,  IoU: 0.61983
[train: Epoch 46, 50 / 625] FPS: 17.7 (518.6)  ,  DataTime: 1.746 (0.004)  ,  ForwardTime: 0.056  ,  TotalTime: 1.806  ,  Loss/total: 0.79311  ,  Loss/giou: 0.20790  ,  Loss/l1: 0.01783  ,  Loss/location: 0.26198  ,  pro_loss: 0.13083  ,  IoU: 0.81057
[train: Epoch 46, 100 / 625] FPS: 18.9 (502.3)  ,  DataTime: 1.629 (0.004)  ,  ForwardTime: 0.056  ,  TotalTime: 1.689  ,  Loss/total: 0.79926  ,  Loss/giou: 0.20749  ,  Loss/l1: 0.01780  ,  Loss/location: 0.26979  ,  pro_loss: 0.12760  ,  IoU: 0.81005
[train: Epoch 46, 150 / 625] FPS: 19.3 (506.9)  ,  DataTime: 1.602 (0.004)  ,  ForwardTime: 0.056  ,  TotalTime: 1.662  ,  Loss/total: 0.79560  ,  Loss/giou: 0.20624  ,  Loss/l1: 0.01777  ,  Loss/location: 0.26838  ,  pro_loss: 0.12938  ,  IoU: 0.81127
[train: Epoch 46, 200 / 625] FPS: 19.2 (505.7)  ,  DataTime: 1.608 (0.004)  ,  ForwardTime: 0.056  ,  TotalTime: 1.668  ,  Loss/total: 0.79317  ,  Loss/giou: 0.20492  ,  Loss/l1: 0.01762  ,  Loss/location: 0.26952  ,  pro_loss: 0.12870  ,  IoU: 0.81259
[train: Epoch 46, 250 / 625] FPS: 19.3 (508.4)  ,  DataTime: 1.599 (0.004)  ,  ForwardTime: 0.056  ,  TotalTime: 1.659  ,  Loss/total: 0.78850  ,  Loss/giou: 0.20348  ,  Loss/l1: 0.01729  ,  Loss/location: 0.26930  ,  pro_loss: 0.12892  ,  IoU: 0.81382
[train: Epoch 46, 300 / 625] FPS: 19.0 (500.6)  ,  DataTime: 1.623 (0.004)  ,  ForwardTime: 0.056  ,  TotalTime: 1.683  ,  Loss/total: 0.79344  ,  Loss/giou: 0.20524  ,  Loss/l1: 0.01749  ,  Loss/location: 0.26989  ,  pro_loss: 0.12823  ,  IoU: 0.81265
[train: Epoch 46, 350 / 625] FPS: 19.4 (512.6)  ,  DataTime: 1.590 (0.004)  ,  ForwardTime: 0.056  ,  TotalTime: 1.650  ,  Loss/total: 0.79424  ,  Loss/giou: 0.20566  ,  Loss/l1: 0.01762  ,  Loss/location: 0.26940  ,  pro_loss: 0.12714  ,  IoU: 0.81254
[train: Epoch 46, 400 / 625] FPS: 19.3 (10.7)  ,  DataTime: 1.596 (0.004)  ,  ForwardTime: 0.056  ,  TotalTime: 1.656  ,  Loss/total: 0.79430  ,  Loss/giou: 0.20527  ,  Loss/l1: 0.01758  ,  Loss/location: 0.27049  ,  pro_loss: 0.12680  ,  IoU: 0.81262
[train: Epoch 46, 450 / 625] FPS: 19.7 (503.0)  ,  DataTime: 1.567 (0.004)  ,  ForwardTime: 0.056  ,  TotalTime: 1.627  ,  Loss/total: 0.79851  ,  Loss/giou: 0.20631  ,  Loss/l1: 0.01778  ,  Loss/location: 0.27158  ,  pro_loss: 0.12711  ,  IoU: 0.81182
[train: Epoch 46, 500 / 625] FPS: 20.0 (513.8)  ,  DataTime: 1.539 (0.005)  ,  ForwardTime: 0.056  ,  TotalTime: 1.599  ,  Loss/total: 0.79617  ,  Loss/giou: 0.20643  ,  Loss/l1: 0.01774  ,  Loss/location: 0.26918  ,  pro_loss: 0.12717  ,  IoU: 0.81184
[train: Epoch 46, 550 / 625] FPS: 20.0 (509.9)  ,  DataTime: 1.538 (0.005)  ,  ForwardTime: 0.056  ,  TotalTime: 1.598  ,  Loss/total: 0.79616  ,  Loss/giou: 0.20604  ,  Loss/l1: 0.01764  ,  Loss/location: 0.27031  ,  pro_loss: 0.12771  ,  IoU: 0.81210
[train: Epoch 46, 600 / 625] FPS: 20.2 (506.6)  ,  DataTime: 1.526 (0.005)  ,  ForwardTime: 0.056  ,  TotalTime: 1.587  ,  Loss/total: 0.79727  ,  Loss/giou: 0.20647  ,  Loss/l1: 0.01775  ,  Loss/location: 0.27002  ,  pro_loss: 0.12786  ,  IoU: 0.81193
[train: Epoch 46, 625 / 625] FPS: 19.9 (504.0)  ,  DataTime: 1.549 (0.005)  ,  ForwardTime: 0.056  ,  TotalTime: 1.609  ,  Loss/total: 0.79543  ,  Loss/giou: 0.20591  ,  Loss/l1: 0.01769  ,  Loss/location: 0.26960  ,  pro_loss: 0.12793  ,  IoU: 0.81231
[train: Epoch 47, 50 / 625] FPS: 19.2 (517.4)  ,  DataTime: 1.603 (0.004)  ,  ForwardTime: 0.056  ,  TotalTime: 1.663  ,  Loss/total: 0.82982  ,  Loss/giou: 0.21183  ,  Loss/l1: 0.01973  ,  Loss/location: 0.28223  ,  pro_loss: 0.12646  ,  IoU: 0.80801
[train: Epoch 47, 100 / 625] FPS: 19.2 (500.9)  ,  DataTime: 1.610 (0.005)  ,  ForwardTime: 0.056  ,  TotalTime: 1.671  ,  Loss/total: 0.83427  ,  Loss/giou: 0.21470  ,  Loss/l1: 0.02015  ,  Loss/location: 0.27843  ,  pro_loss: 0.12854  ,  IoU: 0.80654
[train: Epoch 47, 150 / 625] FPS: 19.8 (520.1)  ,  DataTime: 1.553 (0.005)  ,  ForwardTime: 0.056  ,  TotalTime: 1.613  ,  Loss/total: 0.82059  ,  Loss/giou: 0.21045  ,  Loss/l1: 0.01917  ,  Loss/location: 0.27835  ,  pro_loss: 0.12736  ,  IoU: 0.80962
[train: Epoch 47, 200 / 625] FPS: 19.9 (507.4)  ,  DataTime: 1.545 (0.004)  ,  ForwardTime: 0.056  ,  TotalTime: 1.606  ,  Loss/total: 0.80739  ,  Loss/giou: 0.20736  ,  Loss/l1: 0.01855  ,  Loss/location: 0.27456  ,  pro_loss: 0.12672  ,  IoU: 0.81172
[train: Epoch 47, 250 / 625] FPS: 20.3 (519.4)  ,  DataTime: 1.513 (0.004)  ,  ForwardTime: 0.056  ,  TotalTime: 1.573  ,  Loss/total: 0.81050  ,  Loss/giou: 0.20804  ,  Loss/l1: 0.01851  ,  Loss/location: 0.27664  ,  pro_loss: 0.12613  ,  IoU: 0.81089
[train: Epoch 47, 300 / 625] FPS: 20.4 (499.8)  ,  DataTime: 1.506 (0.004)  ,  ForwardTime: 0.056  ,  TotalTime: 1.566  ,  Loss/total: 0.80513  ,  Loss/giou: 0.20668  ,  Loss/l1: 0.01817  ,  Loss/location: 0.27573  ,  pro_loss: 0.12601  ,  IoU: 0.81181
[train: Epoch 47, 350 / 625] FPS: 20.4 (496.4)  ,  DataTime: 1.511 (0.004)  ,  ForwardTime: 0.056  ,  TotalTime: 1.571  ,  Loss/total: 0.81025  ,  Loss/giou: 0.20809  ,  Loss/l1: 0.01833  ,  Loss/location: 0.27724  ,  pro_loss: 0.12598  ,  IoU: 0.81055
[train: Epoch 47, 400 / 625] FPS: 20.6 (507.5)  ,  DataTime: 1.494 (0.005)  ,  ForwardTime: 0.056  ,  TotalTime: 1.554  ,  Loss/total: 0.80650  ,  Loss/giou: 0.20748  ,  Loss/l1: 0.01821  ,  Loss/location: 0.27514  ,  pro_loss: 0.12667  ,  IoU: 0.81101
[train: Epoch 47, 450 / 625] FPS: 20.5 (6.8)  ,  DataTime: 1.503 (0.004)  ,  ForwardTime: 0.056  ,  TotalTime: 1.563  ,  Loss/total: 0.79960  ,  Loss/giou: 0.20593  ,  Loss/l1: 0.01792  ,  Loss/location: 0.27288  ,  pro_loss: 0.12627  ,  IoU: 0.81222
[train: Epoch 47, 500 / 625] FPS: 20.7 (501.7)  ,  DataTime: 1.488 (0.004)  ,  ForwardTime: 0.056  ,  TotalTime: 1.548  ,  Loss/total: 0.79718  ,  Loss/giou: 0.20538  ,  Loss/l1: 0.01789  ,  Loss/location: 0.27162  ,  pro_loss: 0.12679  ,  IoU: 0.81269
[train: Epoch 47, 550 / 625] FPS: 20.6 (4.2)  ,  DataTime: 1.492 (0.004)  ,  ForwardTime: 0.056  ,  TotalTime: 1.553  ,  Loss/total: 0.79355  ,  Loss/giou: 0.20458  ,  Loss/l1: 0.01785  ,  Loss/location: 0.26976  ,  pro_loss: 0.12680  ,  IoU: 0.81350
[train: Epoch 47, 600 / 625] FPS: 20.9 (516.1)  ,  DataTime: 1.474 (0.004)  ,  ForwardTime: 0.056  ,  TotalTime: 1.535  ,  Loss/total: 0.78991  ,  Loss/giou: 0.20404  ,  Loss/l1: 0.01775  ,  Loss/location: 0.26784  ,  pro_loss: 0.12618  ,  IoU: 0.81390
[train: Epoch 47, 625 / 625] FPS: 20.9 (513.5)  ,  DataTime: 1.469 (0.004)  ,  ForwardTime: 0.056  ,  TotalTime: 1.529  ,  Loss/total: 0.79129  ,  Loss/giou: 0.20424  ,  Loss/l1: 0.01773  ,  Loss/location: 0.26884  ,  pro_loss: 0.12665  ,  IoU: 0.81369
[train: Epoch 48, 50 / 625] FPS: 20.6 (14.6)  ,  DataTime: 1.490 (0.004)  ,  ForwardTime: 0.056  ,  TotalTime: 1.551  ,  Loss/total: 0.80161  ,  Loss/giou: 0.20544  ,  Loss/l1: 0.01881  ,  Loss/location: 0.27206  ,  pro_loss: 0.12313  ,  IoU: 0.81211
[train: Epoch 48, 100 / 625] FPS: 21.1 (510.2)  ,  DataTime: 1.459 (0.004)  ,  ForwardTime: 0.056  ,  TotalTime: 1.520  ,  Loss/total: 0.78826  ,  Loss/giou: 0.20246  ,  Loss/l1: 0.01809  ,  Loss/location: 0.26773  ,  pro_loss: 0.12583  ,  IoU: 0.81476
[train: Epoch 48, 150 / 625] FPS: 21.0 (471.5)  ,  DataTime: 1.462 (0.005)  ,  ForwardTime: 0.056  ,  TotalTime: 1.523  ,  Loss/total: 0.77904  ,  Loss/giou: 0.20022  ,  Loss/l1: 0.01753  ,  Loss/location: 0.26552  ,  pro_loss: 0.12722  ,  IoU: 0.81679
[train: Epoch 48, 200 / 625] FPS: 21.1 (23.8)  ,  DataTime: 1.458 (0.004)  ,  ForwardTime: 0.056  ,  TotalTime: 1.519  ,  Loss/total: 0.77763  ,  Loss/giou: 0.19984  ,  Loss/l1: 0.01737  ,  Loss/location: 0.26538  ,  pro_loss: 0.12854  ,  IoU: 0.81692
[train: Epoch 48, 250 / 625] FPS: 21.1 (4.7)  ,  DataTime: 1.458 (0.004)  ,  ForwardTime: 0.056  ,  TotalTime: 1.518  ,  Loss/total: 0.77859  ,  Loss/giou: 0.20059  ,  Loss/l1: 0.01751  ,  Loss/location: 0.26434  ,  pro_loss: 0.12750  ,  IoU: 0.81636
[train: Epoch 48, 300 / 625] FPS: 21.2 (502.3)  ,  DataTime: 1.448 (0.004)  ,  ForwardTime: 0.056  ,  TotalTime: 1.509  ,  Loss/total: 0.78271  ,  Loss/giou: 0.20104  ,  Loss/l1: 0.01763  ,  Loss/location: 0.26676  ,  pro_loss: 0.12847  ,  IoU: 0.81605
[train: Epoch 48, 350 / 625] FPS: 21.0 (4.4)  ,  DataTime: 1.465 (0.005)  ,  ForwardTime: 0.056  ,  TotalTime: 1.526  ,  Loss/total: 0.79435  ,  Loss/giou: 0.20362  ,  Loss/l1: 0.01823  ,  Loss/location: 0.27037  ,  pro_loss: 0.12789  ,  IoU: 0.81432
[train: Epoch 48, 400 / 625] FPS: 21.1 (505.9)  ,  DataTime: 1.458 (0.004)  ,  ForwardTime: 0.056  ,  TotalTime: 1.518  ,  Loss/total: 0.79462  ,  Loss/giou: 0.20422  ,  Loss/l1: 0.01835  ,  Loss/location: 0.26904  ,  pro_loss: 0.12698  ,  IoU: 0.81397
[train: Epoch 48, 450 / 625] FPS: 21.1 (502.6)  ,  DataTime: 1.456 (0.004)  ,  ForwardTime: 0.056  ,  TotalTime: 1.517  ,  Loss/total: 0.79340  ,  Loss/giou: 0.20380  ,  Loss/l1: 0.01822  ,  Loss/location: 0.26928  ,  pro_loss: 0.12718  ,  IoU: 0.81420
[train: Epoch 48, 500 / 625] FPS: 21.2 (34.1)  ,  DataTime: 1.450 (0.004)  ,  ForwardTime: 0.056  ,  TotalTime: 1.510  ,  Loss/total: 0.79200  ,  Loss/giou: 0.20377  ,  Loss/l1: 0.01810  ,  Loss/location: 0.26860  ,  pro_loss: 0.12692  ,  IoU: 0.81418
[train: Epoch 48, 550 / 625] FPS: 21.0 (509.3)  ,  DataTime: 1.461 (0.004)  ,  ForwardTime: 0.056  ,  TotalTime: 1.521  ,  Loss/total: 0.79274  ,  Loss/giou: 0.20401  ,  Loss/l1: 0.01803  ,  Loss/location: 0.26927  ,  pro_loss: 0.12646  ,  IoU: 0.81384
[train: Epoch 48, 600 / 625] FPS: 21.1 (506.6)  ,  DataTime: 1.457 (0.004)  ,  ForwardTime: 0.056  ,  TotalTime: 1.518  ,  Loss/total: 0.79337  ,  Loss/giou: 0.20435  ,  Loss/l1: 0.01804  ,  Loss/location: 0.26926  ,  pro_loss: 0.12594  ,  IoU: 0.81351
[train: Epoch 48, 625 / 625] FPS: 21.1 (513.0)  ,  DataTime: 1.459 (0.004)  ,  ForwardTime: 0.056  ,  TotalTime: 1.520  ,  Loss/total: 0.79205  ,  Loss/giou: 0.20426  ,  Loss/l1: 0.01799  ,  Loss/location: 0.26837  ,  pro_loss: 0.12607  ,  IoU: 0.81352
[train: Epoch 49, 50 / 625] FPS: 17.6 (505.3)  ,  DataTime: 1.756 (0.005)  ,  ForwardTime: 0.056  ,  TotalTime: 1.817  ,  Loss/total: 0.76821  ,  Loss/giou: 0.19671  ,  Loss/l1: 0.01651  ,  Loss/location: 0.26630  ,  pro_loss: 0.12979  ,  IoU: 0.81921
[train: Epoch 49, 100 / 625] FPS: 19.3 (515.0)  ,  DataTime: 1.594 (0.005)  ,  ForwardTime: 0.056  ,  TotalTime: 1.655  ,  Loss/total: 0.79191  ,  Loss/giou: 0.20220  ,  Loss/l1: 0.01777  ,  Loss/location: 0.27163  ,  pro_loss: 0.13500  ,  IoU: 0.81495
[train: Epoch 49, 150 / 625] FPS: 19.7 (30.5)  ,  DataTime: 1.561 (0.004)  ,  ForwardTime: 0.056  ,  TotalTime: 1.622  ,  Loss/total: 0.77699  ,  Loss/giou: 0.19900  ,  Loss/l1: 0.01739  ,  Loss/location: 0.26528  ,  pro_loss: 0.13368  ,  IoU: 0.81776
[train: Epoch 49, 200 / 625] FPS: 19.4 (6.5)  ,  DataTime: 1.586 (0.004)  ,  ForwardTime: 0.056  ,  TotalTime: 1.647  ,  Loss/total: 0.77675  ,  Loss/giou: 0.20021  ,  Loss/l1: 0.01712  ,  Loss/location: 0.26444  ,  pro_loss: 0.13146  ,  IoU: 0.81660
[train: Epoch 49, 250 / 625] FPS: 20.0 (510.7)  ,  DataTime: 1.542 (0.004)  ,  ForwardTime: 0.056  ,  TotalTime: 1.602  ,  Loss/total: 0.77287  ,  Loss/giou: 0.20069  ,  Loss/l1: 0.01708  ,  Loss/location: 0.25989  ,  pro_loss: 0.13100  ,  IoU: 0.81662
[train: Epoch 49, 300 / 625] FPS: 19.7 (510.9)  ,  DataTime: 1.560 (0.004)  ,  ForwardTime: 0.056  ,  TotalTime: 1.621  ,  Loss/total: 0.77095  ,  Loss/giou: 0.20032  ,  Loss/l1: 0.01706  ,  Loss/location: 0.25894  ,  pro_loss: 0.13049  ,  IoU: 0.81711
[train: Epoch 49, 350 / 625] FPS: 19.7 (515.8)  ,  DataTime: 1.566 (0.004)  ,  ForwardTime: 0.056  ,  TotalTime: 1.626  ,  Loss/total: 0.76483  ,  Loss/giou: 0.19916  ,  Loss/l1: 0.01690  ,  Loss/location: 0.25628  ,  pro_loss: 0.12857  ,  IoU: 0.81794
[train: Epoch 49, 400 / 625] FPS: 19.8 (508.4)  ,  DataTime: 1.556 (0.004)  ,  ForwardTime: 0.056  ,  TotalTime: 1.616  ,  Loss/total: 0.76125  ,  Loss/giou: 0.19808  ,  Loss/l1: 0.01676  ,  Loss/location: 0.25559  ,  pro_loss: 0.12852  ,  IoU: 0.81875
[train: Epoch 49, 450 / 625] FPS: 19.8 (8.7)  ,  DataTime: 1.560 (0.004)  ,  ForwardTime: 0.056  ,  TotalTime: 1.620  ,  Loss/total: 0.76154  ,  Loss/giou: 0.19836  ,  Loss/l1: 0.01675  ,  Loss/location: 0.25536  ,  pro_loss: 0.12843  ,  IoU: 0.81848
[train: Epoch 49, 500 / 625] FPS: 19.9 (11.9)  ,  DataTime: 1.545 (0.004)  ,  ForwardTime: 0.056  ,  TotalTime: 1.605  ,  Loss/total: 0.76731  ,  Loss/giou: 0.19974  ,  Loss/l1: 0.01699  ,  Loss/location: 0.25737  ,  pro_loss: 0.12773  ,  IoU: 0.81736
[train: Epoch 49, 550 / 625] FPS: 19.6 (501.4)  ,  DataTime: 1.571 (0.004)  ,  ForwardTime: 0.056  ,  TotalTime: 1.632  ,  Loss/total: 0.76939  ,  Loss/giou: 0.20049  ,  Loss/l1: 0.01712  ,  Loss/location: 0.25717  ,  pro_loss: 0.12807  ,  IoU: 0.81689
[train: Epoch 49, 600 / 625] FPS: 19.8 (509.3)  ,  DataTime: 1.558 (0.004)  ,  ForwardTime: 0.056  ,  TotalTime: 1.618  ,  Loss/total: 0.76853  ,  Loss/giou: 0.20038  ,  Loss/l1: 0.01709  ,  Loss/location: 0.25671  ,  pro_loss: 0.12802  ,  IoU: 0.81697
[train: Epoch 49, 625 / 625] FPS: 19.9 (513.8)  ,  DataTime: 1.547 (0.004)  ,  ForwardTime: 0.056  ,  TotalTime: 1.608  ,  Loss/total: 0.76991  ,  Loss/giou: 0.20058  ,  Loss/l1: 0.01719  ,  Loss/location: 0.25715  ,  pro_loss: 0.12815  ,  IoU: 0.81686
[train: Epoch 50, 50 / 625] FPS: 18.0 (3.6)  ,  DataTime: 1.720 (0.004)  ,  ForwardTime: 0.056  ,  TotalTime: 1.780  ,  Loss/total: 0.76554  ,  Loss/giou: 0.19738  ,  Loss/l1: 0.01598  ,  Loss/location: 0.26489  ,  pro_loss: 0.13000  ,  IoU: 0.81801
[train: Epoch 50, 100 / 625] FPS: 19.8 (17.3)  ,  DataTime: 1.557 (0.004)  ,  ForwardTime: 0.056  ,  TotalTime: 1.617  ,  Loss/total: 0.76867  ,  Loss/giou: 0.19952  ,  Loss/l1: 0.01680  ,  Loss/location: 0.25960  ,  pro_loss: 0.13021  ,  IoU: 0.81682
[train: Epoch 50, 150 / 625] FPS: 20.3 (495.9)  ,  DataTime: 1.514 (0.004)  ,  ForwardTime: 0.056  ,  TotalTime: 1.574  ,  Loss/total: 0.77782  ,  Loss/giou: 0.20139  ,  Loss/l1: 0.01685  ,  Loss/location: 0.26538  ,  pro_loss: 0.12701  ,  IoU: 0.81473
[train: Epoch 50, 200 / 625] FPS: 20.2 (4.6)  ,  DataTime: 1.524 (0.004)  ,  ForwardTime: 0.056  ,  TotalTime: 1.584  ,  Loss/total: 0.78472  ,  Loss/giou: 0.20433  ,  Loss/l1: 0.01735  ,  Loss/location: 0.26373  ,  pro_loss: 0.12797  ,  IoU: 0.81361
[train: Epoch 50, 250 / 625] FPS: 19.9 (502.9)  ,  DataTime: 1.545 (0.004)  ,  ForwardTime: 0.056  ,  TotalTime: 1.605  ,  Loss/total: 0.79040  ,  Loss/giou: 0.20529  ,  Loss/l1: 0.01767  ,  Loss/location: 0.26589  ,  pro_loss: 0.12779  ,  IoU: 0.81327
[train: Epoch 50, 300 / 625] FPS: 19.9 (506.5)  ,  DataTime: 1.545 (0.004)  ,  ForwardTime: 0.056  ,  TotalTime: 1.606  ,  Loss/total: 0.78679  ,  Loss/giou: 0.20412  ,  Loss/l1: 0.01752  ,  Loss/location: 0.26552  ,  pro_loss: 0.12722  ,  IoU: 0.81390
[train: Epoch 50, 350 / 625] FPS: 19.9 (385.3)  ,  DataTime: 1.552 (0.004)  ,  ForwardTime: 0.056  ,  TotalTime: 1.612  ,  Loss/total: 0.78704  ,  Loss/giou: 0.20422  ,  Loss/l1: 0.01759  ,  Loss/location: 0.26530  ,  pro_loss: 0.12664  ,  IoU: 0.81386
[train: Epoch 50, 400 / 625] FPS: 19.8 (516.0)  ,  DataTime: 1.558 (0.004)  ,  ForwardTime: 0.056  ,  TotalTime: 1.618  ,  Loss/total: 0.78123  ,  Loss/giou: 0.20277  ,  Loss/l1: 0.01738  ,  Loss/location: 0.26341  ,  pro_loss: 0.12685  ,  IoU: 0.81494
[train: Epoch 50, 450 / 625] FPS: 19.9 (13.4)  ,  DataTime: 1.548 (0.004)  ,  ForwardTime: 0.056  ,  TotalTime: 1.608  ,  Loss/total: 0.77902  ,  Loss/giou: 0.20240  ,  Loss/l1: 0.01724  ,  Loss/location: 0.26265  ,  pro_loss: 0.12674  ,  IoU: 0.81511
[train: Epoch 50, 500 / 625] FPS: 20.2 (503.6)  ,  DataTime: 1.521 (0.004)  ,  ForwardTime: 0.056  ,  TotalTime: 1.581  ,  Loss/total: 0.78415  ,  Loss/giou: 0.20356  ,  Loss/l1: 0.01744  ,  Loss/location: 0.26445  ,  pro_loss: 0.12681  ,  IoU: 0.81425
[train: Epoch 50, 550 / 625] FPS: 20.3 (494.5)  ,  DataTime: 1.513 (0.004)  ,  ForwardTime: 0.056  ,  TotalTime: 1.573  ,  Loss/total: 0.78826  ,  Loss/giou: 0.20431  ,  Loss/l1: 0.01766  ,  Loss/location: 0.26587  ,  pro_loss: 0.12725  ,  IoU: 0.81361
[train: Epoch 50, 600 / 625] FPS: 20.5 (35.7)  ,  DataTime: 1.501 (0.004)  ,  ForwardTime: 0.056  ,  TotalTime: 1.561  ,  Loss/total: 0.79288  ,  Loss/giou: 0.20503  ,  Loss/l1: 0.01779  ,  Loss/location: 0.26844  ,  pro_loss: 0.12720  ,  IoU: 0.81312
[train: Epoch 50, 625 / 625] FPS: 20.6 (506.6)  ,  DataTime: 1.495 (0.004)  ,  ForwardTime: 0.056  ,  TotalTime: 1.555  ,  Loss/total: 0.79308  ,  Loss/giou: 0.20527  ,  Loss/l1: 0.01781  ,  Loss/location: 0.26799  ,  pro_loss: 0.12732  ,  IoU: 0.81298
[val: Epoch 50, 50 / 156] FPS: 17.4 (5.0)  ,  DataTime: 1.807 (0.004)  ,  ForwardTime: 0.024  ,  TotalTime: 1.836  ,  Loss/total: 2.00189  ,  Loss/giou: 0.44544  ,  Loss/l1: 0.07127  ,  Loss/location: 0.75379  ,  pro_loss: 0.00438  ,  IoU: 0.61395
[val: Epoch 50, 100 / 156] FPS: 18.0 (1005.2)  ,  DataTime: 1.750 (0.004)  ,  ForwardTime: 0.024  ,  TotalTime: 1.778  ,  Loss/total: 2.02099  ,  Loss/giou: 0.44760  ,  Loss/l1: 0.07106  ,  Loss/location: 0.76967  ,  pro_loss: 0.00417  ,  IoU: 0.60986
[val: Epoch 50, 150 / 156] FPS: 18.6 (1014.6)  ,  DataTime: 1.693 (0.004)  ,  ForwardTime: 0.024  ,  TotalTime: 1.721  ,  Loss/total: 2.02697  ,  Loss/giou: 0.44798  ,  Loss/l1: 0.07091  ,  Loss/location: 0.77572  ,  pro_loss: 0.00361  ,  IoU: 0.61030
[val: Epoch 50, 156 / 156] FPS: 18.8 (9.4)  ,  DataTime: 1.675 (0.004)  ,  ForwardTime: 0.024  ,  TotalTime: 1.703  ,  Loss/total: 2.02433  ,  Loss/giou: 0.44769  ,  Loss/l1: 0.07087  ,  Loss/location: 0.77386  ,  pro_loss: 0.00354  ,  IoU: 0.61038
